dataset,replicate,seed,method,active_residual_units,residual_clip_saturation_rate,residual_norm_share,round,saturated_residual_units
femnist,0,100,stable-local-fallback,403,1.0,1.0,1,403
femnist,0,100,stable-local-fallback,404,1.0,1.0,2,404
femnist,0,100,stable-local-fallback,422,1.0,1.0,3,422
femnist,0,100,stable-local-fallback,407,1.0,1.0,4,407
femnist,0,100,stable-local-fallback,408,1.0,1.0,5,408
femnist,0,100,stable-local-fallback,401,1.0,1.0,6,401
femnist,0,100,stable-local-fallback,414,1.0,1.0,7,414
femnist,0,100,stable-local-fallback,397,1.0,1.0,8,397
femnist,0,100,stable-local-fallback,403,1.0,1.0,9,403
femnist,0,100,stable-local-fallback,413,1.0,1.0,10,413
femnist,0,100,stable-local-fallback,404,1.0,1.0,11,404
femnist,0,100,stable-local-fallback,416,1.0,1.0,12,416
femnist,0,100,stable-local-fallback,412,1.0,1.0,13,412
femnist,0,100,stable-local-fallback,395,1.0,1.0,14,395
femnist,0,100,stable-local-fallback,401,1.0,1.0,15,401
femnist,0,100,stable-local-fallback,396,1.0,1.0,16,396
femnist,0,100,stable-local-fallback,420,1.0,1.0,17,420
femnist,0,100,stable-local-fallback,414,1.0,1.0,18,414
femnist,0,100,stable-local-fallback,410,1.0,1.0,19,410
femnist,0,100,stable-local-fallback,413,1.0,1.0,20,413
femnist,0,100,stable-local-fallback,408,1.0,1.0,21,408
femnist,0,100,stable-local-fallback,398,1.0,1.0,22,398
femnist,0,100,stable-local-fallback,406,1.0,1.0,23,406
femnist,0,100,stable-local-fallback,410,1.0,1.0,24,410
femnist,0,100,stable-local-fallback,402,1.0,1.0,25,402
femnist,0,100,stable-local-fallback,406,1.0,1.0,26,406
femnist,0,100,stable-local-fallback,408,1.0,1.0,27,408
femnist,0,100,stable-local-fallback,409,1.0,1.0,28,409
femnist,0,100,stable-local-fallback,418,1.0,1.0,29,418
femnist,0,100,stable-local-fallback,408,1.0,1.0,30,408
femnist,0,100,stable-local-fallback,418,1.0,1.0,31,418
femnist,0,100,stable-local-fallback,412,1.0,1.0,32,412
femnist,0,100,stable-local-fallback,411,1.0,1.0,33,411
femnist,0,100,stable-local-fallback,408,1.0,1.0,34,408
femnist,0,100,stable-local-fallback,410,1.0,1.0,35,410
femnist,0,100,stable-local-fallback,409,1.0,1.0,36,409
femnist,0,100,stable-local-fallback,408,1.0,1.0,37,408
femnist,0,100,stable-local-fallback,421,1.0,1.0,38,421
femnist,0,100,stable-local-fallback,412,1.0,1.0,39,412
femnist,0,100,stable-local-fallback,418,1.0,1.0,40,418
femnist,0,100,stable-local-fallback,423,1.0,1.0,41,423
femnist,0,100,stable-local-fallback,419,1.0,1.0,42,419
femnist,0,100,stable-local-fallback,393,1.0,1.0,43,393
femnist,0,100,stable-local-fallback,415,1.0,1.0,44,415
femnist,0,100,stable-local-fallback,410,1.0,1.0,45,410
femnist,0,100,stable-local-fallback,419,1.0,1.0,46,419
femnist,0,100,stable-local-fallback,415,1.0,1.0,47,415
femnist,0,100,stable-local-fallback,407,1.0,1.0,48,407
femnist,0,100,stable-local-fallback,432,1.0,1.0,49,432
femnist,0,100,stable-local-fallback,419,1.0,1.0,50,419
femnist,0,100,unitscope-lambda-sweep,301,1.0,0.03966007238420408,1,301
femnist,0,100,unitscope-lambda-sweep,312,1.0,0.04102897066725681,2,312
femnist,0,100,unitscope-lambda-sweep,332,1.0,0.037769873900726676,3,332
femnist,0,100,unitscope-lambda-sweep,313,1.0,0.04395092291646031,4,313
femnist,0,100,unitscope-lambda-sweep,322,1.0,0.03710487009723612,5,322
femnist,0,100,unitscope-lambda-sweep,320,1.0,0.040190680720586236,6,320
femnist,0,100,unitscope-lambda-sweep,332,1.0,0.039225632898586354,7,332
femnist,0,100,unitscope-lambda-sweep,318,1.0,0.03957382053403821,8,318
femnist,0,100,unitscope-lambda-sweep,322,1.0,0.05112380401479171,9,322
femnist,0,100,unitscope-lambda-sweep,324,1.0,0.04235378461042668,10,324
femnist,0,100,unitscope-lambda-sweep,319,1.0,0.04290780388847977,11,319
femnist,0,100,unitscope-lambda-sweep,336,1.0,0.043304702335172945,12,336
femnist,0,100,unitscope-lambda-sweep,312,1.0,0.04540642287699771,13,312
femnist,0,100,unitscope-lambda-sweep,310,1.0,0.032370201711576396,14,310
femnist,0,100,unitscope-lambda-sweep,302,1.0,0.04517784484696685,15,302
femnist,0,100,unitscope-lambda-sweep,308,1.0,0.025345180116508718,16,308
femnist,0,100,unitscope-lambda-sweep,322,1.0,0.05199684348945254,17,322
femnist,0,100,unitscope-lambda-sweep,327,1.0,0.046936931703057454,18,327
femnist,0,100,unitscope-lambda-sweep,320,1.0,0.04253320090198334,19,320
femnist,0,100,unitscope-lambda-sweep,322,1.0,0.03063347341340852,20,322
femnist,0,100,unitscope-lambda-sweep,318,1.0,0.034105509537138166,21,318
femnist,0,100,unitscope-lambda-sweep,300,1.0,0.03523608385602615,22,300
femnist,0,100,unitscope-lambda-sweep,312,1.0,0.05549709263561685,23,312
femnist,0,100,unitscope-lambda-sweep,322,1.0,0.03836185809803891,24,322
femnist,0,100,unitscope-lambda-sweep,330,1.0,0.04138508425555638,25,330
femnist,0,100,unitscope-lambda-sweep,337,1.0,0.040927729366753735,26,337
femnist,0,100,unitscope-lambda-sweep,315,1.0,0.0363382803980322,27,315
femnist,0,100,unitscope-lambda-sweep,323,1.0,0.046642757760748416,28,323
femnist,0,100,unitscope-lambda-sweep,318,1.0,0.03958333213321924,29,318
femnist,0,100,unitscope-lambda-sweep,309,1.0,0.03745524304410874,30,309
femnist,0,100,unitscope-lambda-sweep,323,1.0,0.04470084270477301,31,323
femnist,0,100,unitscope-lambda-sweep,330,1.0,0.03173599286293918,32,330
femnist,0,100,unitscope-lambda-sweep,311,1.0,0.03342240695596693,33,311
femnist,0,100,unitscope-lambda-sweep,327,1.0,0.03828949503236475,34,327
femnist,0,100,unitscope-lambda-sweep,328,1.0,0.06356228471632748,35,328
femnist,0,100,unitscope-lambda-sweep,306,1.0,0.042283021958797885,36,306
femnist,0,100,unitscope-lambda-sweep,326,1.0,0.04075263072755617,37,326
femnist,0,100,unitscope-lambda-sweep,335,1.0,0.04832582733979463,38,335
femnist,0,100,unitscope-lambda-sweep,320,1.0,0.037039502257667195,39,320
femnist,0,100,unitscope-lambda-sweep,323,1.0,0.036994629631102165,40,323
femnist,0,100,unitscope-lambda-sweep,329,1.0,0.05501784623747243,41,329
femnist,0,100,unitscope-lambda-sweep,324,1.0,0.04202424419645649,42,324
femnist,0,100,unitscope-lambda-sweep,300,1.0,0.04315324263825233,43,300
femnist,0,100,unitscope-lambda-sweep,320,1.0,0.031230714913582296,44,320
femnist,0,100,unitscope-lambda-sweep,334,1.0,0.047599581596844236,45,334
femnist,0,100,unitscope-lambda-sweep,328,1.0,0.042135755840226635,46,328
femnist,0,100,unitscope-lambda-sweep,321,1.0,0.04101017356399385,47,321
femnist,0,100,unitscope-lambda-sweep,327,1.0,0.048240567426237696,48,327
femnist,0,100,unitscope-lambda-sweep,326,1.0,0.05330618602083958,49,326
femnist,0,100,unitscope-lambda-sweep,327,1.0,0.041295459043780056,50,327
femnist,0,100,naive-recalibrated-2c,301,1.0,0.2709678252371264,1,301
femnist,0,100,naive-recalibrated-2c,312,1.0,0.267863626566615,2,312
femnist,0,100,naive-recalibrated-2c,332,1.0,0.3050527010925866,3,332
femnist,0,100,naive-recalibrated-2c,313,1.0,0.29686358198789065,4,313
femnist,0,100,naive-recalibrated-2c,322,1.0,0.30702623476292273,5,322
femnist,0,100,naive-recalibrated-2c,320,1.0,0.27480194203456254,6,320
femnist,0,100,naive-recalibrated-2c,332,1.0,0.28887417648144403,7,332
femnist,0,100,naive-recalibrated-2c,318,1.0,0.26645241187115876,8,318
femnist,0,100,naive-recalibrated-2c,322,1.0,0.3267161961610765,9,322
femnist,0,100,naive-recalibrated-2c,324,1.0,0.2418282806096907,10,324
femnist,0,100,naive-recalibrated-2c,319,1.0,0.288578021292065,11,319
femnist,0,100,naive-recalibrated-2c,336,1.0,0.40101242719337826,12,336
femnist,0,100,naive-recalibrated-2c,312,1.0,0.32541678349882724,13,312
femnist,0,100,naive-recalibrated-2c,310,1.0,0.2797361640097774,14,310
femnist,0,100,naive-recalibrated-2c,302,1.0,0.28676691524706127,15,302
femnist,0,100,naive-recalibrated-2c,308,1.0,0.23140575498055332,16,308
femnist,0,100,naive-recalibrated-2c,322,1.0,0.31828300072819415,17,322
femnist,0,100,naive-recalibrated-2c,327,1.0,0.34178514013122535,18,327
femnist,0,100,naive-recalibrated-2c,320,1.0,0.2805610210706452,19,320
femnist,0,100,naive-recalibrated-2c,322,1.0,0.2691629326729498,20,322
femnist,0,100,naive-recalibrated-2c,318,1.0,0.29915669658585226,21,318
femnist,0,100,naive-recalibrated-2c,300,1.0,0.26477100017604144,22,300
femnist,0,100,naive-recalibrated-2c,312,1.0,0.32270705827448204,23,312
femnist,0,100,naive-recalibrated-2c,322,1.0,0.30925028567031393,24,322
femnist,0,100,naive-recalibrated-2c,330,1.0,0.3403117078238129,25,330
femnist,0,100,naive-recalibrated-2c,337,1.0,0.3572024178002291,26,337
femnist,0,100,naive-recalibrated-2c,315,1.0,0.2945567364506247,27,315
femnist,0,100,naive-recalibrated-2c,323,1.0,0.3277009971508734,28,323
femnist,0,100,naive-recalibrated-2c,318,1.0,0.2789825943037385,29,318
femnist,0,100,naive-recalibrated-2c,309,1.0,0.2898427148893587,30,309
femnist,0,100,naive-recalibrated-2c,323,1.0,0.30236321338818267,31,323
femnist,0,100,naive-recalibrated-2c,330,1.0,0.30172345291939157,32,330
femnist,0,100,naive-recalibrated-2c,311,1.0,0.2593519973090076,33,311
femnist,0,100,naive-recalibrated-2c,327,1.0,0.3001559601942624,34,327
femnist,0,100,naive-recalibrated-2c,328,1.0,0.37269420943326387,35,328
femnist,0,100,naive-recalibrated-2c,306,1.0,0.23833433167196763,36,306
femnist,0,100,naive-recalibrated-2c,326,1.0,0.3516306210148857,37,326
femnist,0,100,naive-recalibrated-2c,335,1.0,0.2764343439483269,38,335
femnist,0,100,naive-recalibrated-2c,320,1.0,0.31933599263016504,39,320
femnist,0,100,naive-recalibrated-2c,323,1.0,0.2833427087988254,40,323
femnist,0,100,naive-recalibrated-2c,329,1.0,0.3152077926049202,41,329
femnist,0,100,naive-recalibrated-2c,324,1.0,0.33748863211579794,42,324
femnist,0,100,naive-recalibrated-2c,300,1.0,0.28885388587762345,43,300
femnist,0,100,naive-recalibrated-2c,320,1.0,0.279952357576812,44,320
femnist,0,100,naive-recalibrated-2c,334,1.0,0.3147490860494016,45,334
femnist,0,100,naive-recalibrated-2c,328,1.0,0.36081952401526973,46,328
femnist,0,100,naive-recalibrated-2c,321,1.0,0.29452495195741996,47,321
femnist,0,100,naive-recalibrated-2c,327,1.0,0.328048245571239,48,327
femnist,0,100,naive-recalibrated-2c,326,1.0,0.3179718525884388,49,326
femnist,0,100,naive-recalibrated-2c,327,1.0,0.33179172193041157,50,327
femnist,0,100,handle-only-drop-residual,0,,0.0,1,0
femnist,0,100,handle-only-drop-residual,0,,0.0,2,0
femnist,0,100,handle-only-drop-residual,0,,0.0,3,0
femnist,0,100,handle-only-drop-residual,0,,0.0,4,0
femnist,0,100,handle-only-drop-residual,0,,0.0,5,0
femnist,0,100,handle-only-drop-residual,0,,0.0,6,0
femnist,0,100,handle-only-drop-residual,0,,0.0,7,0
femnist,0,100,handle-only-drop-residual,0,,0.0,8,0
femnist,0,100,handle-only-drop-residual,0,,0.0,9,0
femnist,0,100,handle-only-drop-residual,0,,0.0,10,0
femnist,0,100,handle-only-drop-residual,0,,0.0,11,0
femnist,0,100,handle-only-drop-residual,0,,0.0,12,0
femnist,0,100,handle-only-drop-residual,0,,0.0,13,0
femnist,0,100,handle-only-drop-residual,0,,0.0,14,0
femnist,0,100,handle-only-drop-residual,0,,0.0,15,0
femnist,0,100,handle-only-drop-residual,0,,0.0,16,0
femnist,0,100,handle-only-drop-residual,0,,0.0,17,0
femnist,0,100,handle-only-drop-residual,0,,0.0,18,0
femnist,0,100,handle-only-drop-residual,0,,0.0,19,0
femnist,0,100,handle-only-drop-residual,0,,0.0,20,0
femnist,0,100,handle-only-drop-residual,0,,0.0,21,0
femnist,0,100,handle-only-drop-residual,0,,0.0,22,0
femnist,0,100,handle-only-drop-residual,0,,0.0,23,0
femnist,0,100,handle-only-drop-residual,0,,0.0,24,0
femnist,0,100,handle-only-drop-residual,0,,0.0,25,0
femnist,0,100,handle-only-drop-residual,0,,0.0,26,0
femnist,0,100,handle-only-drop-residual,0,,0.0,27,0
femnist,0,100,handle-only-drop-residual,0,,0.0,28,0
femnist,0,100,handle-only-drop-residual,0,,0.0,29,0
femnist,0,100,handle-only-drop-residual,0,,0.0,30,0
femnist,0,100,handle-only-drop-residual,0,,0.0,31,0
femnist,0,100,handle-only-drop-residual,0,,0.0,32,0
femnist,0,100,handle-only-drop-residual,0,,0.0,33,0
femnist,0,100,handle-only-drop-residual,0,,0.0,34,0
femnist,0,100,handle-only-drop-residual,0,,0.0,35,0
femnist,0,100,handle-only-drop-residual,0,,0.0,36,0
femnist,0,100,handle-only-drop-residual,0,,0.0,37,0
femnist,0,100,handle-only-drop-residual,0,,0.0,38,0
femnist,0,100,handle-only-drop-residual,0,,0.0,39,0
femnist,0,100,handle-only-drop-residual,0,,0.0,40,0
femnist,0,100,handle-only-drop-residual,0,,0.0,41,0
femnist,0,100,handle-only-drop-residual,0,,0.0,42,0
femnist,0,100,handle-only-drop-residual,0,,0.0,43,0
femnist,0,100,handle-only-drop-residual,0,,0.0,44,0
femnist,0,100,handle-only-drop-residual,0,,0.0,45,0
femnist,0,100,handle-only-drop-residual,0,,0.0,46,0
femnist,0,100,handle-only-drop-residual,0,,0.0,47,0
femnist,0,100,handle-only-drop-residual,0,,0.0,48,0
femnist,0,100,handle-only-drop-residual,0,,0.0,49,0
femnist,0,100,handle-only-drop-residual,0,,0.0,50,0
femnist,1,101,handle-only-drop-residual,0,,0.0,1,0
femnist,1,101,handle-only-drop-residual,0,,0.0,2,0
femnist,1,101,handle-only-drop-residual,0,,0.0,3,0
femnist,1,101,handle-only-drop-residual,0,,0.0,4,0
femnist,1,101,handle-only-drop-residual,0,,0.0,5,0
femnist,1,101,handle-only-drop-residual,0,,0.0,6,0
femnist,1,101,handle-only-drop-residual,0,,0.0,7,0
femnist,1,101,handle-only-drop-residual,0,,0.0,8,0
femnist,1,101,handle-only-drop-residual,0,,0.0,9,0
femnist,1,101,handle-only-drop-residual,0,,0.0,10,0
femnist,1,101,handle-only-drop-residual,0,,0.0,11,0
femnist,1,101,handle-only-drop-residual,0,,0.0,12,0
femnist,1,101,handle-only-drop-residual,0,,0.0,13,0
femnist,1,101,handle-only-drop-residual,0,,0.0,14,0
femnist,1,101,handle-only-drop-residual,0,,0.0,15,0
femnist,1,101,handle-only-drop-residual,0,,0.0,16,0
femnist,1,101,handle-only-drop-residual,0,,0.0,17,0
femnist,1,101,handle-only-drop-residual,0,,0.0,18,0
femnist,1,101,handle-only-drop-residual,0,,0.0,19,0
femnist,1,101,handle-only-drop-residual,0,,0.0,20,0
femnist,1,101,handle-only-drop-residual,0,,0.0,21,0
femnist,1,101,handle-only-drop-residual,0,,0.0,22,0
femnist,1,101,handle-only-drop-residual,0,,0.0,23,0
femnist,1,101,handle-only-drop-residual,0,,0.0,24,0
femnist,1,101,handle-only-drop-residual,0,,0.0,25,0
femnist,1,101,handle-only-drop-residual,0,,0.0,26,0
femnist,1,101,handle-only-drop-residual,0,,0.0,27,0
femnist,1,101,handle-only-drop-residual,0,,0.0,28,0
femnist,1,101,handle-only-drop-residual,0,,0.0,29,0
femnist,1,101,handle-only-drop-residual,0,,0.0,30,0
femnist,1,101,handle-only-drop-residual,0,,0.0,31,0
femnist,1,101,handle-only-drop-residual,0,,0.0,32,0
femnist,1,101,handle-only-drop-residual,0,,0.0,33,0
femnist,1,101,handle-only-drop-residual,0,,0.0,34,0
femnist,1,101,handle-only-drop-residual,0,,0.0,35,0
femnist,1,101,handle-only-drop-residual,0,,0.0,36,0
femnist,1,101,handle-only-drop-residual,0,,0.0,37,0
femnist,1,101,handle-only-drop-residual,0,,0.0,38,0
femnist,1,101,handle-only-drop-residual,0,,0.0,39,0
femnist,1,101,handle-only-drop-residual,0,,0.0,40,0
femnist,1,101,handle-only-drop-residual,0,,0.0,41,0
femnist,1,101,handle-only-drop-residual,0,,0.0,42,0
femnist,1,101,handle-only-drop-residual,0,,0.0,43,0
femnist,1,101,handle-only-drop-residual,0,,0.0,44,0
femnist,1,101,handle-only-drop-residual,0,,0.0,45,0
femnist,1,101,handle-only-drop-residual,0,,0.0,46,0
femnist,1,101,handle-only-drop-residual,0,,0.0,47,0
femnist,1,101,handle-only-drop-residual,0,,0.0,48,0
femnist,1,101,handle-only-drop-residual,0,,0.0,49,0
femnist,1,101,handle-only-drop-residual,0,,0.0,50,0
femnist,1,101,naive-recalibrated-2c,326,1.0,0.2719846982092595,1,326
femnist,1,101,naive-recalibrated-2c,335,1.0,0.37849347997886956,2,335
femnist,1,101,naive-recalibrated-2c,331,1.0,0.2981224460128096,3,331
femnist,1,101,naive-recalibrated-2c,321,1.0,0.31405805191287695,4,321
femnist,1,101,naive-recalibrated-2c,326,1.0,0.31222801931872224,5,326
femnist,1,101,naive-recalibrated-2c,331,1.0,0.23778983353840077,6,331
femnist,1,101,naive-recalibrated-2c,326,1.0,0.31369491274212924,7,326
femnist,1,101,naive-recalibrated-2c,309,1.0,0.24134084682879772,8,309
femnist,1,101,naive-recalibrated-2c,322,1.0,0.23020758997990912,9,322
femnist,1,101,naive-recalibrated-2c,320,1.0,0.299504352132018,10,320
femnist,1,101,naive-recalibrated-2c,332,1.0,0.3125001754593354,11,332
femnist,1,101,naive-recalibrated-2c,329,1.0,0.2920046296949532,12,329
femnist,1,101,naive-recalibrated-2c,315,1.0,0.2485236691092045,13,315
femnist,1,101,naive-recalibrated-2c,323,1.0,0.25130776578159475,14,323
femnist,1,101,naive-recalibrated-2c,307,1.0,0.3407108864971505,15,307
femnist,1,101,naive-recalibrated-2c,304,1.0,0.315326859556282,16,304
femnist,1,101,naive-recalibrated-2c,312,1.0,0.364794737726272,17,312
femnist,1,101,naive-recalibrated-2c,323,1.0,0.3394942284100442,18,323
femnist,1,101,naive-recalibrated-2c,318,1.0,0.3039737373483075,19,318
femnist,1,101,naive-recalibrated-2c,293,1.0,0.3151597123984564,20,293
femnist,1,101,naive-recalibrated-2c,307,1.0,0.27925335109400473,21,307
femnist,1,101,naive-recalibrated-2c,304,1.0,0.32732155926017603,22,304
femnist,1,101,naive-recalibrated-2c,322,1.0,0.3600460686472551,23,322
femnist,1,101,naive-recalibrated-2c,316,1.0,0.30483116244301434,24,316
femnist,1,101,naive-recalibrated-2c,332,1.0,0.29407604891195915,25,332
femnist,1,101,naive-recalibrated-2c,319,1.0,0.27375445516426355,26,319
femnist,1,101,naive-recalibrated-2c,320,1.0,0.301240463827782,27,320
femnist,1,101,naive-recalibrated-2c,313,1.0,0.3346828214087914,28,313
femnist,1,101,naive-recalibrated-2c,317,1.0,0.31168497721068655,29,317
femnist,1,101,naive-recalibrated-2c,313,1.0,0.36098089845227305,30,313
femnist,1,101,naive-recalibrated-2c,312,1.0,0.31706763079520967,31,312
femnist,1,101,naive-recalibrated-2c,335,1.0,0.3510142817115305,32,335
femnist,1,101,naive-recalibrated-2c,326,1.0,0.3427253509818061,33,326
femnist,1,101,naive-recalibrated-2c,334,1.0,0.3635666461347178,34,334
femnist,1,101,naive-recalibrated-2c,309,1.0,0.29652998535578645,35,309
femnist,1,101,naive-recalibrated-2c,320,1.0,0.3423435365108351,36,320
femnist,1,101,naive-recalibrated-2c,313,1.0,0.34999824226026166,37,313
femnist,1,101,naive-recalibrated-2c,330,1.0,0.4722305420433062,38,330
femnist,1,101,naive-recalibrated-2c,318,1.0,0.24493235370511082,39,318
femnist,1,101,naive-recalibrated-2c,312,1.0,0.28925361434247693,40,312
femnist,1,101,naive-recalibrated-2c,327,1.0,0.290853050470742,41,327
femnist,1,101,naive-recalibrated-2c,313,1.0,0.29940956198478585,42,313
femnist,1,101,naive-recalibrated-2c,322,1.0,0.3403358352823505,43,322
femnist,1,101,naive-recalibrated-2c,308,1.0,0.3943482645610704,44,308
femnist,1,101,naive-recalibrated-2c,321,1.0,0.39516521597432774,45,321
femnist,1,101,naive-recalibrated-2c,315,1.0,0.3133867274014325,46,315
femnist,1,101,naive-recalibrated-2c,332,1.0,0.34188179177681804,47,332
femnist,1,101,naive-recalibrated-2c,333,1.0,0.4069353359710604,48,333
femnist,1,101,naive-recalibrated-2c,333,1.0,0.3509921867185121,49,333
femnist,1,101,naive-recalibrated-2c,329,1.0,0.34378442996545017,50,329
femnist,1,101,unitscope-lambda-sweep,326,1.0,0.03985636927978904,1,326
femnist,1,101,unitscope-lambda-sweep,335,1.0,0.05453917512526397,2,335
femnist,1,101,unitscope-lambda-sweep,331,1.0,0.045715817110613996,3,331
femnist,1,101,unitscope-lambda-sweep,321,1.0,0.035280509656469186,4,321
femnist,1,101,unitscope-lambda-sweep,326,1.0,0.04429506098138489,5,326
femnist,1,101,unitscope-lambda-sweep,331,1.0,0.02434677439778553,6,331
femnist,1,101,unitscope-lambda-sweep,326,1.0,0.04300824915882343,7,326
femnist,1,101,unitscope-lambda-sweep,309,1.0,0.03599344962979581,8,309
femnist,1,101,unitscope-lambda-sweep,322,1.0,0.02759607357100955,9,322
femnist,1,101,unitscope-lambda-sweep,320,1.0,0.04558279898401085,10,320
femnist,1,101,unitscope-lambda-sweep,332,1.0,0.056994639931802586,11,332
femnist,1,101,unitscope-lambda-sweep,329,1.0,0.03106912556586877,12,329
femnist,1,101,unitscope-lambda-sweep,315,1.0,0.03546391236780649,13,315
femnist,1,101,unitscope-lambda-sweep,323,1.0,0.033593614106515436,14,323
femnist,1,101,unitscope-lambda-sweep,307,1.0,0.03412211431093502,15,307
femnist,1,101,unitscope-lambda-sweep,304,1.0,0.043696162311955535,16,304
femnist,1,101,unitscope-lambda-sweep,312,1.0,0.05348385606541821,17,312
femnist,1,101,unitscope-lambda-sweep,323,1.0,0.05051290213247347,18,323
femnist,1,101,unitscope-lambda-sweep,318,1.0,0.03700844895696781,19,318
femnist,1,101,unitscope-lambda-sweep,293,1.0,0.03193813912538723,20,293
femnist,1,101,unitscope-lambda-sweep,307,1.0,0.037893405734850366,21,307
femnist,1,101,unitscope-lambda-sweep,304,1.0,0.04706764050139503,22,304
femnist,1,101,unitscope-lambda-sweep,322,1.0,0.055219684897939166,23,322
femnist,1,101,unitscope-lambda-sweep,316,1.0,0.03615377962749202,24,316
femnist,1,101,unitscope-lambda-sweep,332,1.0,0.04238111006400475,25,332
femnist,1,101,unitscope-lambda-sweep,319,1.0,0.043178855062532516,26,319
femnist,1,101,unitscope-lambda-sweep,320,1.0,0.03331999983640567,27,320
femnist,1,101,unitscope-lambda-sweep,313,1.0,0.041005549820851535,28,313
femnist,1,101,unitscope-lambda-sweep,317,1.0,0.04027078973380347,29,317
femnist,1,101,unitscope-lambda-sweep,313,1.0,0.06295624360970789,30,313
femnist,1,101,unitscope-lambda-sweep,312,1.0,0.04501246309130442,31,312
femnist,1,101,unitscope-lambda-sweep,335,1.0,0.05633239067994673,32,335
femnist,1,101,unitscope-lambda-sweep,326,1.0,0.050235526604740316,33,326
femnist,1,101,unitscope-lambda-sweep,334,1.0,0.053580700802806615,34,334
femnist,1,101,unitscope-lambda-sweep,309,1.0,0.04473549139826962,35,309
femnist,1,101,unitscope-lambda-sweep,320,1.0,0.06099526403415119,36,320
femnist,1,101,unitscope-lambda-sweep,313,1.0,0.052543361943874274,37,313
femnist,1,101,unitscope-lambda-sweep,330,1.0,0.04926676544176738,38,330
femnist,1,101,unitscope-lambda-sweep,318,1.0,0.05934348186474845,39,318
femnist,1,101,unitscope-lambda-sweep,312,1.0,0.04164662414375763,40,312
femnist,1,101,unitscope-lambda-sweep,327,1.0,0.039111875965975464,41,327
femnist,1,101,unitscope-lambda-sweep,313,1.0,0.034382340788877065,42,313
femnist,1,101,unitscope-lambda-sweep,322,1.0,0.04120279770443469,43,322
femnist,1,101,unitscope-lambda-sweep,308,1.0,0.040338098223493164,44,308
femnist,1,101,unitscope-lambda-sweep,321,1.0,0.08751697828057388,45,321
femnist,1,101,unitscope-lambda-sweep,315,1.0,0.044994958074033885,46,315
femnist,1,101,unitscope-lambda-sweep,332,1.0,0.0672263532664276,47,332
femnist,1,101,unitscope-lambda-sweep,333,1.0,0.06769021355228731,48,333
femnist,1,101,unitscope-lambda-sweep,333,1.0,0.04875345369048866,49,333
femnist,1,101,unitscope-lambda-sweep,329,1.0,0.04853109548934641,50,329
femnist,1,101,stable-local-fallback,410,1.0,1.0,1,410
femnist,1,101,stable-local-fallback,407,1.0,1.0,2,407
femnist,1,101,stable-local-fallback,416,1.0,1.0,3,416
femnist,1,101,stable-local-fallback,412,1.0,1.0,4,412
femnist,1,101,stable-local-fallback,420,1.0,1.0,5,420
femnist,1,101,stable-local-fallback,420,1.0,1.0,6,420
femnist,1,101,stable-local-fallback,417,1.0,1.0,7,417
femnist,1,101,stable-local-fallback,407,1.0,1.0,8,407
femnist,1,101,stable-local-fallback,415,1.0,1.0,9,415
femnist,1,101,stable-local-fallback,413,1.0,1.0,10,413
femnist,1,101,stable-local-fallback,418,1.0,1.0,11,418
femnist,1,101,stable-local-fallback,417,1.0,1.0,12,417
femnist,1,101,stable-local-fallback,410,1.0,1.0,13,410
femnist,1,101,stable-local-fallback,410,1.0,1.0,14,410
femnist,1,101,stable-local-fallback,402,1.0,1.0,15,402
femnist,1,101,stable-local-fallback,399,1.0,1.0,16,399
femnist,1,101,stable-local-fallback,401,1.0,1.0,17,401
femnist,1,101,stable-local-fallback,412,1.0,1.0,18,412
femnist,1,101,stable-local-fallback,411,1.0,1.0,19,411
femnist,1,101,stable-local-fallback,401,1.0,1.0,20,401
femnist,1,101,stable-local-fallback,411,1.0,1.0,21,411
femnist,1,101,stable-local-fallback,407,1.0,1.0,22,407
femnist,1,101,stable-local-fallback,404,1.0,1.0,23,404
femnist,1,101,stable-local-fallback,406,1.0,1.0,24,406
femnist,1,101,stable-local-fallback,414,1.0,1.0,25,414
femnist,1,101,stable-local-fallback,422,1.0,1.0,26,422
femnist,1,101,stable-local-fallback,414,1.0,1.0,27,414
femnist,1,101,stable-local-fallback,396,1.0,1.0,28,396
femnist,1,101,stable-local-fallback,417,1.0,1.0,29,417
femnist,1,101,stable-local-fallback,402,1.0,1.0,30,402
femnist,1,101,stable-local-fallback,418,1.0,1.0,31,418
femnist,1,101,stable-local-fallback,418,1.0,1.0,32,418
femnist,1,101,stable-local-fallback,411,1.0,1.0,33,411
femnist,1,101,stable-local-fallback,423,1.0,1.0,34,423
femnist,1,101,stable-local-fallback,406,1.0,1.0,35,406
femnist,1,101,stable-local-fallback,418,1.0,1.0,36,418
femnist,1,101,stable-local-fallback,408,1.0,1.0,37,408
femnist,1,101,stable-local-fallback,406,1.0,1.0,38,406
femnist,1,101,stable-local-fallback,412,1.0,1.0,39,412
femnist,1,101,stable-local-fallback,415,1.0,1.0,40,415
femnist,1,101,stable-local-fallback,417,1.0,1.0,41,417
femnist,1,101,stable-local-fallback,423,1.0,1.0,42,423
femnist,1,101,stable-local-fallback,417,1.0,1.0,43,417
femnist,1,101,stable-local-fallback,402,1.0,1.0,44,402
femnist,1,101,stable-local-fallback,419,1.0,1.0,45,419
femnist,1,101,stable-local-fallback,415,1.0,1.0,46,415
femnist,1,101,stable-local-fallback,409,1.0,1.0,47,409
femnist,1,101,stable-local-fallback,421,1.0,1.0,48,421
femnist,1,101,stable-local-fallback,419,1.0,1.0,49,419
femnist,1,101,stable-local-fallback,410,1.0,1.0,50,410
femnist,2,102,naive-recalibrated-2c,337,1.0,0.28801969293217794,1,337
femnist,2,102,naive-recalibrated-2c,322,1.0,0.2418132469073131,2,322
femnist,2,102,naive-recalibrated-2c,324,1.0,0.2941308519323317,3,324
femnist,2,102,naive-recalibrated-2c,325,1.0,0.3879142325899986,4,325
femnist,2,102,naive-recalibrated-2c,327,1.0,0.2857681938679552,5,327
femnist,2,102,naive-recalibrated-2c,314,1.0,0.28118017157232933,6,314
femnist,2,102,naive-recalibrated-2c,314,1.0,0.2659626459766529,7,314
femnist,2,102,naive-recalibrated-2c,327,1.0,0.28237035254919934,8,327
femnist,2,102,naive-recalibrated-2c,311,1.0,0.30350151255954777,9,311
femnist,2,102,naive-recalibrated-2c,330,1.0,0.26842838021371035,10,330
femnist,2,102,naive-recalibrated-2c,315,1.0,0.3314363927807416,11,315
femnist,2,102,naive-recalibrated-2c,314,1.0,0.37830994943240853,12,314
femnist,2,102,naive-recalibrated-2c,308,1.0,0.25337855232943085,13,308
femnist,2,102,naive-recalibrated-2c,321,1.0,0.3197163257512045,14,321
femnist,2,102,naive-recalibrated-2c,316,1.0,0.34607283110622195,15,316
femnist,2,102,naive-recalibrated-2c,316,1.0,0.2869489467944429,16,316
femnist,2,102,naive-recalibrated-2c,329,1.0,0.30152008902196664,17,329
femnist,2,102,naive-recalibrated-2c,325,1.0,0.3374853190028075,18,325
femnist,2,102,naive-recalibrated-2c,309,1.0,0.32123309858618315,19,309
femnist,2,102,naive-recalibrated-2c,333,1.0,0.34295176345747524,20,333
femnist,2,102,naive-recalibrated-2c,319,1.0,0.3713413285007182,21,319
femnist,2,102,naive-recalibrated-2c,317,1.0,0.3026115086784892,22,317
femnist,2,102,naive-recalibrated-2c,342,1.0,0.3272871214169421,23,342
femnist,2,102,naive-recalibrated-2c,330,1.0,0.3025054140311624,24,330
femnist,2,102,naive-recalibrated-2c,323,1.0,0.30361292373789056,25,323
femnist,2,102,naive-recalibrated-2c,315,1.0,0.28613967686172426,26,315
femnist,2,102,naive-recalibrated-2c,320,1.0,0.3535772281328304,27,320
femnist,2,102,naive-recalibrated-2c,309,1.0,0.315361597681162,28,309
femnist,2,102,naive-recalibrated-2c,320,1.0,0.36079374326538577,29,320
femnist,2,102,naive-recalibrated-2c,316,1.0,0.3275091319574628,30,316
femnist,2,102,naive-recalibrated-2c,303,1.0,0.2815649853074974,31,303
femnist,2,102,naive-recalibrated-2c,328,1.0,0.336826701090388,32,328
femnist,2,102,naive-recalibrated-2c,308,1.0,0.2733588341327243,33,308
femnist,2,102,naive-recalibrated-2c,298,1.0,0.3425078198822724,34,298
femnist,2,102,naive-recalibrated-2c,321,1.0,0.3340717408494506,35,321
femnist,2,102,naive-recalibrated-2c,318,1.0,0.31776579265490096,36,318
femnist,2,102,naive-recalibrated-2c,330,0.996969696969697,0.3434382156452813,37,329
femnist,2,102,naive-recalibrated-2c,319,1.0,0.27898141922184266,38,319
femnist,2,102,naive-recalibrated-2c,314,1.0,0.33779577450229104,39,314
femnist,2,102,naive-recalibrated-2c,307,1.0,0.3177903007352337,40,307
femnist,2,102,naive-recalibrated-2c,318,0.9968553459119497,0.37063376022157823,41,317
femnist,2,102,naive-recalibrated-2c,296,1.0,0.28860140540432827,42,296
femnist,2,102,naive-recalibrated-2c,300,1.0,0.27446759782006375,43,300
femnist,2,102,naive-recalibrated-2c,328,1.0,0.37205860406669583,44,328
femnist,2,102,naive-recalibrated-2c,331,1.0,0.3632874890517891,45,331
femnist,2,102,naive-recalibrated-2c,331,0.9969788519637462,0.416834123120766,46,330
femnist,2,102,naive-recalibrated-2c,304,1.0,0.33054614610636196,47,304
femnist,2,102,naive-recalibrated-2c,326,1.0,0.3332842741017405,48,326
femnist,2,102,naive-recalibrated-2c,318,0.9968553459119497,0.31655648810579223,49,317
femnist,2,102,naive-recalibrated-2c,318,0.9842767295597484,0.3410046000361128,50,313
femnist,2,102,unitscope-lambda-sweep,337,1.0,0.043014703869535965,1,337
femnist,2,102,unitscope-lambda-sweep,322,1.0,0.031073784798639342,2,322
femnist,2,102,unitscope-lambda-sweep,324,1.0,0.04140839304379127,3,324
femnist,2,102,unitscope-lambda-sweep,325,1.0,0.061560654138592026,4,325
femnist,2,102,unitscope-lambda-sweep,327,1.0,0.04797964331309878,5,327
femnist,2,102,unitscope-lambda-sweep,314,1.0,0.03699432649560059,6,314
femnist,2,102,unitscope-lambda-sweep,314,1.0,0.03819097228785195,7,314
femnist,2,102,unitscope-lambda-sweep,327,1.0,0.038833229160288356,8,327
femnist,2,102,unitscope-lambda-sweep,311,1.0,0.04359183939188049,9,311
femnist,2,102,unitscope-lambda-sweep,330,1.0,0.038037976380847195,10,330
femnist,2,102,unitscope-lambda-sweep,315,1.0,0.049757439543492626,11,315
femnist,2,102,unitscope-lambda-sweep,314,1.0,0.04510161789264505,12,314
femnist,2,102,unitscope-lambda-sweep,308,1.0,0.032727493213804415,13,308
femnist,2,102,unitscope-lambda-sweep,321,1.0,0.04535310737150272,14,321
femnist,2,102,unitscope-lambda-sweep,316,1.0,0.04360280751236131,15,316
femnist,2,102,unitscope-lambda-sweep,316,1.0,0.03907235931398152,16,316
femnist,2,102,unitscope-lambda-sweep,329,1.0,0.032337865037281914,17,329
femnist,2,102,unitscope-lambda-sweep,325,1.0,0.05613495856937799,18,325
femnist,2,102,unitscope-lambda-sweep,309,1.0,0.04864416638901025,19,309
femnist,2,102,unitscope-lambda-sweep,333,1.0,0.04912304839525721,20,333
femnist,2,102,unitscope-lambda-sweep,319,1.0,0.039396336436223936,21,319
femnist,2,102,unitscope-lambda-sweep,317,1.0,0.03590224801382767,22,317
femnist,2,102,unitscope-lambda-sweep,342,1.0,0.04293808981956125,23,342
femnist,2,102,unitscope-lambda-sweep,330,1.0,0.03738328969164865,24,330
femnist,2,102,unitscope-lambda-sweep,323,1.0,0.04649074108043182,25,323
femnist,2,102,unitscope-lambda-sweep,315,1.0,0.03693176111385388,26,315
femnist,2,102,unitscope-lambda-sweep,320,1.0,0.037697606861012346,27,320
femnist,2,102,unitscope-lambda-sweep,309,1.0,0.05259481672741427,28,309
femnist,2,102,unitscope-lambda-sweep,320,1.0,0.03912792209025851,29,320
femnist,2,102,unitscope-lambda-sweep,316,1.0,0.03939968530792928,30,316
femnist,2,102,unitscope-lambda-sweep,303,1.0,0.047618798815244744,31,303
femnist,2,102,unitscope-lambda-sweep,328,1.0,0.05132779512787831,32,328
femnist,2,102,unitscope-lambda-sweep,308,1.0,0.032437415364009355,33,308
femnist,2,102,unitscope-lambda-sweep,298,1.0,0.045043885950328634,34,298
femnist,2,102,unitscope-lambda-sweep,321,1.0,0.03290335570906244,35,321
femnist,2,102,unitscope-lambda-sweep,318,1.0,0.03912440566621828,36,318
femnist,2,102,unitscope-lambda-sweep,330,1.0,0.05180898083847782,37,330
femnist,2,102,unitscope-lambda-sweep,319,1.0,0.02876981007094749,38,319
femnist,2,102,unitscope-lambda-sweep,314,1.0,0.05781389523893381,39,314
femnist,2,102,unitscope-lambda-sweep,307,1.0,0.04926879299113886,40,307
femnist,2,102,unitscope-lambda-sweep,318,1.0,0.057632662730688546,41,318
femnist,2,102,unitscope-lambda-sweep,296,1.0,0.040860573574125626,42,296
femnist,2,102,unitscope-lambda-sweep,300,1.0,0.04082523811667446,43,300
femnist,2,102,unitscope-lambda-sweep,328,1.0,0.06428386262612575,44,328
femnist,2,102,unitscope-lambda-sweep,331,1.0,0.049497473937419906,45,331
femnist,2,102,unitscope-lambda-sweep,331,1.0,0.059741459965626895,46,331
femnist,2,102,unitscope-lambda-sweep,304,1.0,0.050479189535280404,47,304
femnist,2,102,unitscope-lambda-sweep,326,1.0,0.04334608584839723,48,326
femnist,2,102,unitscope-lambda-sweep,318,1.0,0.05613646528298999,49,318
femnist,2,102,unitscope-lambda-sweep,318,1.0,0.047125429593480095,50,318
femnist,2,102,stable-local-fallback,416,1.0,1.0,1,416
femnist,2,102,stable-local-fallback,419,1.0,1.0,2,419
femnist,2,102,stable-local-fallback,410,1.0,1.0,3,410
femnist,2,102,stable-local-fallback,401,1.0,1.0,4,401
femnist,2,102,stable-local-fallback,415,1.0,1.0,5,415
femnist,2,102,stable-local-fallback,394,1.0,1.0,6,394
femnist,2,102,stable-local-fallback,399,1.0,1.0,7,399
femnist,2,102,stable-local-fallback,422,1.0,1.0,8,422
femnist,2,102,stable-local-fallback,406,1.0,1.0,9,406
femnist,2,102,stable-local-fallback,414,1.0,1.0,10,414
femnist,2,102,stable-local-fallback,395,1.0,1.0,11,395
femnist,2,102,stable-local-fallback,396,1.0,1.0,12,396
femnist,2,102,stable-local-fallback,408,1.0,1.0,13,408
femnist,2,102,stable-local-fallback,417,1.0,1.0,14,417
femnist,2,102,stable-local-fallback,411,1.0,1.0,15,411
femnist,2,102,stable-local-fallback,414,1.0,1.0,16,414
femnist,2,102,stable-local-fallback,419,1.0,1.0,17,419
femnist,2,102,stable-local-fallback,409,1.0,1.0,18,409
femnist,2,102,stable-local-fallback,417,1.0,1.0,19,417
femnist,2,102,stable-local-fallback,421,1.0,1.0,20,421
femnist,2,102,stable-local-fallback,411,1.0,1.0,21,411
femnist,2,102,stable-local-fallback,414,1.0,1.0,22,414
femnist,2,102,stable-local-fallback,421,1.0,1.0,23,421
femnist,2,102,stable-local-fallback,414,1.0,1.0,24,414
femnist,2,102,stable-local-fallback,420,1.0,1.0,25,420
femnist,2,102,stable-local-fallback,419,1.0,1.0,26,419
femnist,2,102,stable-local-fallback,409,1.0,1.0,27,409
femnist,2,102,stable-local-fallback,399,1.0,1.0,28,399
femnist,2,102,stable-local-fallback,412,1.0,1.0,29,412
femnist,2,102,stable-local-fallback,413,1.0,1.0,30,413
femnist,2,102,stable-local-fallback,413,1.0,1.0,31,413
femnist,2,102,stable-local-fallback,417,1.0,1.0,32,417
femnist,2,102,stable-local-fallback,409,1.0,1.0,33,409
femnist,2,102,stable-local-fallback,409,1.0,1.0,34,409
femnist,2,102,stable-local-fallback,413,1.0,1.0,35,413
femnist,2,102,stable-local-fallback,406,1.0,1.0,36,406
femnist,2,102,stable-local-fallback,428,1.0,1.0,37,428
femnist,2,102,stable-local-fallback,426,1.0,1.0,38,426
femnist,2,102,stable-local-fallback,415,1.0,1.0,39,415
femnist,2,102,stable-local-fallback,409,1.0,1.0,40,409
femnist,2,102,stable-local-fallback,406,1.0,1.0,41,406
femnist,2,102,stable-local-fallback,391,1.0,1.0,42,391
femnist,2,102,stable-local-fallback,405,1.0,1.0,43,405
femnist,2,102,stable-local-fallback,402,1.0,1.0,44,402
femnist,2,102,stable-local-fallback,414,1.0,1.0,45,414
femnist,2,102,stable-local-fallback,402,1.0,1.0,46,402
femnist,2,102,stable-local-fallback,400,1.0,1.0,47,400
femnist,2,102,stable-local-fallback,405,1.0,1.0,48,405
femnist,2,102,stable-local-fallback,413,1.0,1.0,49,413
femnist,2,102,stable-local-fallback,400,1.0,1.0,50,400
femnist,2,102,handle-only-drop-residual,0,,0.0,1,0
femnist,2,102,handle-only-drop-residual,0,,0.0,2,0
femnist,2,102,handle-only-drop-residual,0,,0.0,3,0
femnist,2,102,handle-only-drop-residual,0,,0.0,4,0
femnist,2,102,handle-only-drop-residual,0,,0.0,5,0
femnist,2,102,handle-only-drop-residual,0,,0.0,6,0
femnist,2,102,handle-only-drop-residual,0,,0.0,7,0
femnist,2,102,handle-only-drop-residual,0,,0.0,8,0
femnist,2,102,handle-only-drop-residual,0,,0.0,9,0
femnist,2,102,handle-only-drop-residual,0,,0.0,10,0
femnist,2,102,handle-only-drop-residual,0,,0.0,11,0
femnist,2,102,handle-only-drop-residual,0,,0.0,12,0
femnist,2,102,handle-only-drop-residual,0,,0.0,13,0
femnist,2,102,handle-only-drop-residual,0,,0.0,14,0
femnist,2,102,handle-only-drop-residual,0,,0.0,15,0
femnist,2,102,handle-only-drop-residual,0,,0.0,16,0
femnist,2,102,handle-only-drop-residual,0,,0.0,17,0
femnist,2,102,handle-only-drop-residual,0,,0.0,18,0
femnist,2,102,handle-only-drop-residual,0,,0.0,19,0
femnist,2,102,handle-only-drop-residual,0,,0.0,20,0
femnist,2,102,handle-only-drop-residual,0,,0.0,21,0
femnist,2,102,handle-only-drop-residual,0,,0.0,22,0
femnist,2,102,handle-only-drop-residual,0,,0.0,23,0
femnist,2,102,handle-only-drop-residual,0,,0.0,24,0
femnist,2,102,handle-only-drop-residual,0,,0.0,25,0
femnist,2,102,handle-only-drop-residual,0,,0.0,26,0
femnist,2,102,handle-only-drop-residual,0,,0.0,27,0
femnist,2,102,handle-only-drop-residual,0,,0.0,28,0
femnist,2,102,handle-only-drop-residual,0,,0.0,29,0
femnist,2,102,handle-only-drop-residual,0,,0.0,30,0
femnist,2,102,handle-only-drop-residual,0,,0.0,31,0
femnist,2,102,handle-only-drop-residual,0,,0.0,32,0
femnist,2,102,handle-only-drop-residual,0,,0.0,33,0
femnist,2,102,handle-only-drop-residual,0,,0.0,34,0
femnist,2,102,handle-only-drop-residual,0,,0.0,35,0
femnist,2,102,handle-only-drop-residual,0,,0.0,36,0
femnist,2,102,handle-only-drop-residual,0,,0.0,37,0
femnist,2,102,handle-only-drop-residual,0,,0.0,38,0
femnist,2,102,handle-only-drop-residual,0,,0.0,39,0
femnist,2,102,handle-only-drop-residual,0,,0.0,40,0
femnist,2,102,handle-only-drop-residual,0,,0.0,41,0
femnist,2,102,handle-only-drop-residual,0,,0.0,42,0
femnist,2,102,handle-only-drop-residual,0,,0.0,43,0
femnist,2,102,handle-only-drop-residual,0,,0.0,44,0
femnist,2,102,handle-only-drop-residual,0,,0.0,45,0
femnist,2,102,handle-only-drop-residual,0,,0.0,46,0
femnist,2,102,handle-only-drop-residual,0,,0.0,47,0
femnist,2,102,handle-only-drop-residual,0,,0.0,48,0
femnist,2,102,handle-only-drop-residual,0,,0.0,49,0
femnist,2,102,handle-only-drop-residual,0,,0.0,50,0
femnist,3,103,stable-local-fallback,409,1.0,1.0,1,409
femnist,3,103,stable-local-fallback,405,1.0,1.0,2,405
femnist,3,103,stable-local-fallback,408,1.0,1.0,3,408
femnist,3,103,stable-local-fallback,418,1.0,1.0,4,418
femnist,3,103,stable-local-fallback,417,1.0,1.0,5,417
femnist,3,103,stable-local-fallback,412,1.0,1.0,6,412
femnist,3,103,stable-local-fallback,398,1.0,1.0,7,398
femnist,3,103,stable-local-fallback,412,1.0,1.0,8,412
femnist,3,103,stable-local-fallback,409,1.0,1.0,9,409
femnist,3,103,stable-local-fallback,423,1.0,1.0,10,423
femnist,3,103,stable-local-fallback,408,1.0,1.0,11,408
femnist,3,103,stable-local-fallback,398,1.0,1.0,12,398
femnist,3,103,stable-local-fallback,406,1.0,1.0,13,406
femnist,3,103,stable-local-fallback,397,1.0,1.0,14,397
femnist,3,103,stable-local-fallback,410,1.0,1.0,15,410
femnist,3,103,stable-local-fallback,410,1.0,1.0,16,410
femnist,3,103,stable-local-fallback,400,1.0,1.0,17,400
femnist,3,103,stable-local-fallback,422,1.0,1.0,18,422
femnist,3,103,stable-local-fallback,412,1.0,1.0,19,412
femnist,3,103,stable-local-fallback,404,1.0,1.0,20,404
femnist,3,103,stable-local-fallback,409,1.0,1.0,21,409
femnist,3,103,stable-local-fallback,404,1.0,1.0,22,404
femnist,3,103,stable-local-fallback,414,1.0,1.0,23,414
femnist,3,103,stable-local-fallback,387,1.0,1.0,24,387
femnist,3,103,stable-local-fallback,408,1.0,1.0,25,408
femnist,3,103,stable-local-fallback,402,1.0,1.0,26,402
femnist,3,103,stable-local-fallback,404,1.0,1.0,27,404
femnist,3,103,stable-local-fallback,412,1.0,1.0,28,412
femnist,3,103,stable-local-fallback,403,1.0,1.0,29,403
femnist,3,103,stable-local-fallback,408,1.0,1.0,30,408
femnist,3,103,stable-local-fallback,416,1.0,1.0,31,416
femnist,3,103,stable-local-fallback,418,1.0,1.0,32,418
femnist,3,103,stable-local-fallback,412,1.0,1.0,33,412
femnist,3,103,stable-local-fallback,407,1.0,1.0,34,407
femnist,3,103,stable-local-fallback,404,1.0,1.0,35,404
femnist,3,103,stable-local-fallback,408,1.0,1.0,36,408
femnist,3,103,stable-local-fallback,401,1.0,1.0,37,401
femnist,3,103,stable-local-fallback,414,1.0,1.0,38,414
femnist,3,103,stable-local-fallback,403,1.0,1.0,39,403
femnist,3,103,stable-local-fallback,420,1.0,1.0,40,420
femnist,3,103,stable-local-fallback,407,1.0,1.0,41,407
femnist,3,103,stable-local-fallback,408,1.0,1.0,42,408
femnist,3,103,stable-local-fallback,427,1.0,1.0,43,427
femnist,3,103,stable-local-fallback,408,1.0,1.0,44,408
femnist,3,103,stable-local-fallback,420,1.0,1.0,45,420
femnist,3,103,stable-local-fallback,402,1.0,1.0,46,402
femnist,3,103,stable-local-fallback,402,1.0,1.0,47,402
femnist,3,103,stable-local-fallback,412,1.0,1.0,48,412
femnist,3,103,stable-local-fallback,416,1.0,1.0,49,416
femnist,3,103,stable-local-fallback,411,1.0,1.0,50,411
femnist,3,103,unitscope-lambda-sweep,309,1.0,0.020774400944291574,1,309
femnist,3,103,unitscope-lambda-sweep,318,1.0,0.05261378420932108,2,318
femnist,3,103,unitscope-lambda-sweep,323,1.0,0.04590289200748462,3,323
femnist,3,103,unitscope-lambda-sweep,316,1.0,0.03397779629197064,4,316
femnist,3,103,unitscope-lambda-sweep,329,1.0,0.0748727464625718,5,329
femnist,3,103,unitscope-lambda-sweep,313,1.0,0.022522363904870717,6,313
femnist,3,103,unitscope-lambda-sweep,315,1.0,0.03797258733842108,7,315
femnist,3,103,unitscope-lambda-sweep,320,1.0,0.03568642232168366,8,320
femnist,3,103,unitscope-lambda-sweep,316,1.0,0.021688744409954185,9,316
femnist,3,103,unitscope-lambda-sweep,319,1.0,0.037685994084002895,10,319
femnist,3,103,unitscope-lambda-sweep,322,1.0,0.035191785569788664,11,322
femnist,3,103,unitscope-lambda-sweep,317,1.0,0.04920860924543707,12,317
femnist,3,103,unitscope-lambda-sweep,319,1.0,0.03975637537569694,13,319
femnist,3,103,unitscope-lambda-sweep,308,1.0,0.05773458609782388,14,308
femnist,3,103,unitscope-lambda-sweep,331,1.0,0.06194920650645648,15,331
femnist,3,103,unitscope-lambda-sweep,320,1.0,0.03946224452926986,16,320
femnist,3,103,unitscope-lambda-sweep,330,1.0,0.03520974643772446,17,330
femnist,3,103,unitscope-lambda-sweep,323,1.0,0.0385216163800878,18,323
femnist,3,103,unitscope-lambda-sweep,314,1.0,0.02728962256795453,19,314
femnist,3,103,unitscope-lambda-sweep,336,1.0,0.060672249328929576,20,336
femnist,3,103,unitscope-lambda-sweep,303,1.0,0.0361990443459643,21,303
femnist,3,103,unitscope-lambda-sweep,323,1.0,0.041160687582174435,22,323
femnist,3,103,unitscope-lambda-sweep,321,1.0,0.05404369403736289,23,321
femnist,3,103,unitscope-lambda-sweep,302,1.0,0.0368077938126788,24,302
femnist,3,103,unitscope-lambda-sweep,338,1.0,0.06320828566162465,25,338
femnist,3,103,unitscope-lambda-sweep,312,1.0,0.06037258815178179,26,312
femnist,3,103,unitscope-lambda-sweep,316,1.0,0.054543447271328004,27,316
femnist,3,103,unitscope-lambda-sweep,327,1.0,0.038383179591378894,28,327
femnist,3,103,unitscope-lambda-sweep,318,1.0,0.039798426596631964,29,318
femnist,3,103,unitscope-lambda-sweep,319,1.0,0.03883372217327818,30,319
femnist,3,103,unitscope-lambda-sweep,320,1.0,0.044658499517380774,31,320
femnist,3,103,unitscope-lambda-sweep,338,1.0,0.05041752861955969,32,338
femnist,3,103,unitscope-lambda-sweep,329,1.0,0.030138347052608424,33,329
femnist,3,103,unitscope-lambda-sweep,330,1.0,0.033795568749823944,34,330
femnist,3,103,unitscope-lambda-sweep,308,1.0,0.03163339525379218,35,308
femnist,3,103,unitscope-lambda-sweep,330,1.0,0.05537257508281313,36,330
femnist,3,103,unitscope-lambda-sweep,308,1.0,0.054228073884171724,37,308
femnist,3,103,unitscope-lambda-sweep,323,1.0,0.052125393873404924,38,323
femnist,3,103,unitscope-lambda-sweep,316,1.0,0.041020899087804326,39,316
femnist,3,103,unitscope-lambda-sweep,317,1.0,0.051275211485817186,40,317
femnist,3,103,unitscope-lambda-sweep,314,1.0,0.03757865391060864,41,314
femnist,3,103,unitscope-lambda-sweep,309,1.0,0.045532061484080316,42,309
femnist,3,103,unitscope-lambda-sweep,345,1.0,0.050193843521586776,43,345
femnist,3,103,unitscope-lambda-sweep,298,1.0,0.039656732125593466,44,298
femnist,3,103,unitscope-lambda-sweep,316,1.0,0.04765130804590025,45,316
femnist,3,103,unitscope-lambda-sweep,312,1.0,0.04965371528968276,46,312
femnist,3,103,unitscope-lambda-sweep,319,1.0,0.04596993345974591,47,319
femnist,3,103,unitscope-lambda-sweep,302,1.0,0.03819357371535745,48,302
femnist,3,103,unitscope-lambda-sweep,320,1.0,0.04882193204216993,49,320
femnist,3,103,unitscope-lambda-sweep,312,1.0,0.036605352245815605,50,312
femnist,3,103,handle-only-drop-residual,0,,0.0,1,0
femnist,3,103,handle-only-drop-residual,0,,0.0,2,0
femnist,3,103,handle-only-drop-residual,0,,0.0,3,0
femnist,3,103,handle-only-drop-residual,0,,0.0,4,0
femnist,3,103,handle-only-drop-residual,0,,0.0,5,0
femnist,3,103,handle-only-drop-residual,0,,0.0,6,0
femnist,3,103,handle-only-drop-residual,0,,0.0,7,0
femnist,3,103,handle-only-drop-residual,0,,0.0,8,0
femnist,3,103,handle-only-drop-residual,0,,0.0,9,0
femnist,3,103,handle-only-drop-residual,0,,0.0,10,0
femnist,3,103,handle-only-drop-residual,0,,0.0,11,0
femnist,3,103,handle-only-drop-residual,0,,0.0,12,0
femnist,3,103,handle-only-drop-residual,0,,0.0,13,0
femnist,3,103,handle-only-drop-residual,0,,0.0,14,0
femnist,3,103,handle-only-drop-residual,0,,0.0,15,0
femnist,3,103,handle-only-drop-residual,0,,0.0,16,0
femnist,3,103,handle-only-drop-residual,0,,0.0,17,0
femnist,3,103,handle-only-drop-residual,0,,0.0,18,0
femnist,3,103,handle-only-drop-residual,0,,0.0,19,0
femnist,3,103,handle-only-drop-residual,0,,0.0,20,0
femnist,3,103,handle-only-drop-residual,0,,0.0,21,0
femnist,3,103,handle-only-drop-residual,0,,0.0,22,0
femnist,3,103,handle-only-drop-residual,0,,0.0,23,0
femnist,3,103,handle-only-drop-residual,0,,0.0,24,0
femnist,3,103,handle-only-drop-residual,0,,0.0,25,0
femnist,3,103,handle-only-drop-residual,0,,0.0,26,0
femnist,3,103,handle-only-drop-residual,0,,0.0,27,0
femnist,3,103,handle-only-drop-residual,0,,0.0,28,0
femnist,3,103,handle-only-drop-residual,0,,0.0,29,0
femnist,3,103,handle-only-drop-residual,0,,0.0,30,0
femnist,3,103,handle-only-drop-residual,0,,0.0,31,0
femnist,3,103,handle-only-drop-residual,0,,0.0,32,0
femnist,3,103,handle-only-drop-residual,0,,0.0,33,0
femnist,3,103,handle-only-drop-residual,0,,0.0,34,0
femnist,3,103,handle-only-drop-residual,0,,0.0,35,0
femnist,3,103,handle-only-drop-residual,0,,0.0,36,0
femnist,3,103,handle-only-drop-residual,0,,0.0,37,0
femnist,3,103,handle-only-drop-residual,0,,0.0,38,0
femnist,3,103,handle-only-drop-residual,0,,0.0,39,0
femnist,3,103,handle-only-drop-residual,0,,0.0,40,0
femnist,3,103,handle-only-drop-residual,0,,0.0,41,0
femnist,3,103,handle-only-drop-residual,0,,0.0,42,0
femnist,3,103,handle-only-drop-residual,0,,0.0,43,0
femnist,3,103,handle-only-drop-residual,0,,0.0,44,0
femnist,3,103,handle-only-drop-residual,0,,0.0,45,0
femnist,3,103,handle-only-drop-residual,0,,0.0,46,0
femnist,3,103,handle-only-drop-residual,0,,0.0,47,0
femnist,3,103,handle-only-drop-residual,0,,0.0,48,0
femnist,3,103,handle-only-drop-residual,0,,0.0,49,0
femnist,3,103,handle-only-drop-residual,0,,0.0,50,0
femnist,3,103,naive-recalibrated-2c,309,1.0,0.16032445730175862,1,309
femnist,3,103,naive-recalibrated-2c,318,1.0,0.32676710290202965,2,318
femnist,3,103,naive-recalibrated-2c,323,1.0,0.3580587487012966,3,323
femnist,3,103,naive-recalibrated-2c,316,1.0,0.24035303115394238,4,316
femnist,3,103,naive-recalibrated-2c,329,1.0,0.37026943695033243,5,329
femnist,3,103,naive-recalibrated-2c,313,1.0,0.21738661040593013,6,313
femnist,3,103,naive-recalibrated-2c,315,1.0,0.42148262405730935,7,315
femnist,3,103,naive-recalibrated-2c,320,1.0,0.2976314686160614,8,320
femnist,3,103,naive-recalibrated-2c,316,1.0,0.1852921543597676,9,316
femnist,3,103,naive-recalibrated-2c,319,1.0,0.2772382682159268,10,319
femnist,3,103,naive-recalibrated-2c,322,1.0,0.30474056337285826,11,322
femnist,3,103,naive-recalibrated-2c,317,1.0,0.3767607435634737,12,317
femnist,3,103,naive-recalibrated-2c,319,1.0,0.35632283018171995,13,319
femnist,3,103,naive-recalibrated-2c,308,1.0,0.3650758217315025,14,308
femnist,3,103,naive-recalibrated-2c,331,1.0,0.36342524631535555,15,331
femnist,3,103,naive-recalibrated-2c,320,1.0,0.3045673842263628,16,320
femnist,3,103,naive-recalibrated-2c,330,1.0,0.32432910494688433,17,330
femnist,3,103,naive-recalibrated-2c,323,1.0,0.3096550650631124,18,323
femnist,3,103,naive-recalibrated-2c,314,1.0,0.29992039831054007,19,314
femnist,3,103,naive-recalibrated-2c,336,1.0,0.3723284534400103,20,336
femnist,3,103,naive-recalibrated-2c,303,1.0,0.27257082030198077,21,303
femnist,3,103,naive-recalibrated-2c,323,1.0,0.2944574837427302,22,323
femnist,3,103,naive-recalibrated-2c,321,1.0,0.359070694060971,23,321
femnist,3,103,naive-recalibrated-2c,302,1.0,0.3093299959593622,24,302
femnist,3,103,naive-recalibrated-2c,338,1.0,0.3886393544883996,25,338
femnist,3,103,naive-recalibrated-2c,312,1.0,0.3418458315059981,26,312
femnist,3,103,naive-recalibrated-2c,316,1.0,0.33050762273967743,27,316
femnist,3,103,naive-recalibrated-2c,327,1.0,0.3235569184307816,28,327
femnist,3,103,naive-recalibrated-2c,318,1.0,0.3049882696156099,29,318
femnist,3,103,naive-recalibrated-2c,319,1.0,0.33559315707731685,30,319
femnist,3,103,naive-recalibrated-2c,320,1.0,0.2793478655601643,31,320
femnist,3,103,naive-recalibrated-2c,338,1.0,0.3279570268221097,32,338
femnist,3,103,naive-recalibrated-2c,329,1.0,0.2981602669525997,33,329
femnist,3,103,naive-recalibrated-2c,330,1.0,0.26264603205545717,34,330
femnist,3,103,naive-recalibrated-2c,308,1.0,0.26702274859326314,35,308
femnist,3,103,naive-recalibrated-2c,330,1.0,0.3557869699384852,36,330
femnist,3,103,naive-recalibrated-2c,308,1.0,0.3349472907406266,37,308
femnist,3,103,naive-recalibrated-2c,323,1.0,0.3402184184538269,38,323
femnist,3,103,naive-recalibrated-2c,316,1.0,0.2998421929100928,39,316
femnist,3,103,naive-recalibrated-2c,317,1.0,0.3375739687407827,40,317
femnist,3,103,naive-recalibrated-2c,314,1.0,0.28649905854285057,41,314
femnist,3,103,naive-recalibrated-2c,309,1.0,0.32332186514115996,42,309
femnist,3,103,naive-recalibrated-2c,345,1.0,0.36273385261887076,43,345
femnist,3,103,naive-recalibrated-2c,298,1.0,0.2801987834924626,44,298
femnist,3,103,naive-recalibrated-2c,316,1.0,0.30521028340543105,45,316
femnist,3,103,naive-recalibrated-2c,312,1.0,0.318112191275216,46,312
femnist,3,103,naive-recalibrated-2c,319,1.0,0.31742233683083126,47,319
femnist,3,103,naive-recalibrated-2c,302,1.0,0.3154307823943673,48,302
femnist,3,103,naive-recalibrated-2c,320,1.0,0.31700660719219653,49,320
femnist,3,103,naive-recalibrated-2c,312,1.0,0.33869879828424554,50,312
femnist,4,104,unitscope-lambda-sweep,320,1.0,0.035846684758105055,1,320
femnist,4,104,unitscope-lambda-sweep,306,1.0,0.028907490125452587,2,306
femnist,4,104,unitscope-lambda-sweep,326,1.0,0.046042836184013794,3,326
femnist,4,104,unitscope-lambda-sweep,329,1.0,0.03056011327625749,4,329
femnist,4,104,unitscope-lambda-sweep,329,1.0,0.042971132893532396,5,329
femnist,4,104,unitscope-lambda-sweep,315,1.0,0.04681502478284652,6,315
femnist,4,104,unitscope-lambda-sweep,323,1.0,0.04128027015567419,7,323
femnist,4,104,unitscope-lambda-sweep,320,1.0,0.03780582198467054,8,320
femnist,4,104,unitscope-lambda-sweep,318,1.0,0.05480003416789313,9,318
femnist,4,104,unitscope-lambda-sweep,309,1.0,0.03385441138872387,10,309
femnist,4,104,unitscope-lambda-sweep,323,1.0,0.04920695152157076,11,323
femnist,4,104,unitscope-lambda-sweep,322,1.0,0.04667554961000681,12,322
femnist,4,104,unitscope-lambda-sweep,317,1.0,0.031773450815712236,13,317
femnist,4,104,unitscope-lambda-sweep,321,1.0,0.04908321313762644,14,321
femnist,4,104,unitscope-lambda-sweep,322,1.0,0.05012219641231693,15,322
femnist,4,104,unitscope-lambda-sweep,311,1.0,0.05661651551720488,16,311
femnist,4,104,unitscope-lambda-sweep,321,1.0,0.03398251224551631,17,321
femnist,4,104,unitscope-lambda-sweep,335,1.0,0.03318113921943179,18,335
femnist,4,104,unitscope-lambda-sweep,331,1.0,0.04160720663645732,19,331
femnist,4,104,unitscope-lambda-sweep,310,1.0,0.0450859696801494,20,310
femnist,4,104,unitscope-lambda-sweep,329,1.0,0.03316041348072289,21,329
femnist,4,104,unitscope-lambda-sweep,328,1.0,0.043402504579195214,22,328
femnist,4,104,unitscope-lambda-sweep,343,1.0,0.04950917095759384,23,343
femnist,4,104,unitscope-lambda-sweep,338,1.0,0.048015183129681616,24,338
femnist,4,104,unitscope-lambda-sweep,342,1.0,0.048588110459317296,25,342
femnist,4,104,unitscope-lambda-sweep,317,1.0,0.04470362968150139,26,317
femnist,4,104,unitscope-lambda-sweep,312,1.0,0.02461204701076461,27,312
femnist,4,104,unitscope-lambda-sweep,319,1.0,0.04697302548310746,28,319
femnist,4,104,unitscope-lambda-sweep,331,1.0,0.04287932460714917,29,331
femnist,4,104,unitscope-lambda-sweep,311,1.0,0.03953159838428632,30,311
femnist,4,104,unitscope-lambda-sweep,336,1.0,0.045152252354718495,31,336
femnist,4,104,unitscope-lambda-sweep,310,1.0,0.036909428614233394,32,310
femnist,4,104,unitscope-lambda-sweep,316,1.0,0.03505158729567749,33,316
femnist,4,104,unitscope-lambda-sweep,312,1.0,0.03897606903639277,34,312
femnist,4,104,unitscope-lambda-sweep,315,1.0,0.039267750894942076,35,315
femnist,4,104,unitscope-lambda-sweep,308,1.0,0.05162016273267245,36,308
femnist,4,104,unitscope-lambda-sweep,323,1.0,0.03640719553619247,37,323
femnist,4,104,unitscope-lambda-sweep,317,1.0,0.032801138273395626,38,317
femnist,4,104,unitscope-lambda-sweep,322,1.0,0.046238950884267285,39,322
femnist,4,104,unitscope-lambda-sweep,317,1.0,0.04849544002166952,40,317
femnist,4,104,unitscope-lambda-sweep,303,1.0,0.039538191387065484,41,303
femnist,4,104,unitscope-lambda-sweep,311,1.0,0.047622819046451104,42,311
femnist,4,104,unitscope-lambda-sweep,325,1.0,0.057980513476954126,43,325
femnist,4,104,unitscope-lambda-sweep,311,1.0,0.047544424457078655,44,311
femnist,4,104,unitscope-lambda-sweep,318,1.0,0.049648997927660206,45,318
femnist,4,104,unitscope-lambda-sweep,321,1.0,0.05573717630388866,46,321
femnist,4,104,unitscope-lambda-sweep,312,1.0,0.043619601698323754,47,312
femnist,4,104,unitscope-lambda-sweep,332,1.0,0.050798937925529274,48,332
femnist,4,104,unitscope-lambda-sweep,315,1.0,0.04034011820373192,49,315
femnist,4,104,unitscope-lambda-sweep,330,1.0,0.05230853968867795,50,330
femnist,4,104,naive-recalibrated-2c,320,1.0,0.2507202209862408,1,320
femnist,4,104,naive-recalibrated-2c,306,1.0,0.2262079565329434,2,306
femnist,4,104,naive-recalibrated-2c,326,1.0,0.3008087173263109,3,326
femnist,4,104,naive-recalibrated-2c,329,1.0,0.24742683303361956,4,329
femnist,4,104,naive-recalibrated-2c,329,1.0,0.30555953919920165,5,329
femnist,4,104,naive-recalibrated-2c,315,1.0,0.3631233754749099,6,315
femnist,4,104,naive-recalibrated-2c,323,1.0,0.26235352937384865,7,323
femnist,4,104,naive-recalibrated-2c,320,1.0,0.28922772632431076,8,320
femnist,4,104,naive-recalibrated-2c,318,1.0,0.3893600727143253,9,318
femnist,4,104,naive-recalibrated-2c,309,1.0,0.23029210959995652,10,309
femnist,4,104,naive-recalibrated-2c,323,1.0,0.24438072471869957,11,323
femnist,4,104,naive-recalibrated-2c,322,1.0,0.3211401029986012,12,322
femnist,4,104,naive-recalibrated-2c,317,1.0,0.24644488785162788,13,317
femnist,4,104,naive-recalibrated-2c,321,1.0,0.3492291667406032,14,321
femnist,4,104,naive-recalibrated-2c,322,1.0,0.29170635767934033,15,322
femnist,4,104,naive-recalibrated-2c,311,1.0,0.35730850328709324,16,311
femnist,4,104,naive-recalibrated-2c,321,1.0,0.28322492842204405,17,321
femnist,4,104,naive-recalibrated-2c,335,1.0,0.2881092532762238,18,335
femnist,4,104,naive-recalibrated-2c,331,1.0,0.2682054863895415,19,331
femnist,4,104,naive-recalibrated-2c,310,1.0,0.36417881631863475,20,310
femnist,4,104,naive-recalibrated-2c,329,1.0,0.31337161944191755,21,329
femnist,4,104,naive-recalibrated-2c,328,1.0,0.3560426489870087,22,328
femnist,4,104,naive-recalibrated-2c,343,1.0,0.3370611928279743,23,343
femnist,4,104,naive-recalibrated-2c,338,1.0,0.3754572505437361,24,338
femnist,4,104,naive-recalibrated-2c,342,1.0,0.33354333397695457,25,342
femnist,4,104,naive-recalibrated-2c,317,1.0,0.35682892671929944,26,317
femnist,4,104,naive-recalibrated-2c,312,1.0,0.3055586955581846,27,312
femnist,4,104,naive-recalibrated-2c,319,1.0,0.3402225809264765,28,319
femnist,4,104,naive-recalibrated-2c,331,1.0,0.3050941578653464,29,331
femnist,4,104,naive-recalibrated-2c,311,1.0,0.26371908069029065,30,311
femnist,4,104,naive-recalibrated-2c,336,1.0,0.3021424621900143,31,336
femnist,4,104,naive-recalibrated-2c,310,1.0,0.30826381486995635,32,310
femnist,4,104,naive-recalibrated-2c,316,1.0,0.34331559626701935,33,316
femnist,4,104,naive-recalibrated-2c,312,1.0,0.2972120565138454,34,312
femnist,4,104,naive-recalibrated-2c,315,1.0,0.3667991925471268,35,315
femnist,4,104,naive-recalibrated-2c,308,1.0,0.36085214419695555,36,308
femnist,4,104,naive-recalibrated-2c,323,1.0,0.28158521296251654,37,323
femnist,4,104,naive-recalibrated-2c,317,1.0,0.28257730310816653,38,317
femnist,4,104,naive-recalibrated-2c,322,1.0,0.31226467734968055,39,322
femnist,4,104,naive-recalibrated-2c,317,1.0,0.3435728621268528,40,317
femnist,4,104,naive-recalibrated-2c,303,1.0,0.2955559966200755,41,303
femnist,4,104,naive-recalibrated-2c,311,1.0,0.3293140887347435,42,311
femnist,4,104,naive-recalibrated-2c,325,0.9938461538461538,0.3114064363672762,43,323
femnist,4,104,naive-recalibrated-2c,311,1.0,0.3033466162811205,44,311
femnist,4,104,naive-recalibrated-2c,318,1.0,0.3159847306071956,45,318
femnist,4,104,naive-recalibrated-2c,321,1.0,0.3476562900503131,46,321
femnist,4,104,naive-recalibrated-2c,312,0.9967948717948718,0.3241588753675004,47,311
femnist,4,104,naive-recalibrated-2c,332,0.9969879518072289,0.33110285347142093,48,331
femnist,4,104,naive-recalibrated-2c,315,0.9936507936507937,0.3267889477668215,49,313
femnist,4,104,naive-recalibrated-2c,330,0.9939393939393939,0.3536275500233831,50,328
femnist,4,104,handle-only-drop-residual,0,,0.0,1,0
femnist,4,104,handle-only-drop-residual,0,,0.0,2,0
femnist,4,104,handle-only-drop-residual,0,,0.0,3,0
femnist,4,104,handle-only-drop-residual,0,,0.0,4,0
femnist,4,104,handle-only-drop-residual,0,,0.0,5,0
femnist,4,104,handle-only-drop-residual,0,,0.0,6,0
femnist,4,104,handle-only-drop-residual,0,,0.0,7,0
femnist,4,104,handle-only-drop-residual,0,,0.0,8,0
femnist,4,104,handle-only-drop-residual,0,,0.0,9,0
femnist,4,104,handle-only-drop-residual,0,,0.0,10,0
femnist,4,104,handle-only-drop-residual,0,,0.0,11,0
femnist,4,104,handle-only-drop-residual,0,,0.0,12,0
femnist,4,104,handle-only-drop-residual,0,,0.0,13,0
femnist,4,104,handle-only-drop-residual,0,,0.0,14,0
femnist,4,104,handle-only-drop-residual,0,,0.0,15,0
femnist,4,104,handle-only-drop-residual,0,,0.0,16,0
femnist,4,104,handle-only-drop-residual,0,,0.0,17,0
femnist,4,104,handle-only-drop-residual,0,,0.0,18,0
femnist,4,104,handle-only-drop-residual,0,,0.0,19,0
femnist,4,104,handle-only-drop-residual,0,,0.0,20,0
femnist,4,104,handle-only-drop-residual,0,,0.0,21,0
femnist,4,104,handle-only-drop-residual,0,,0.0,22,0
femnist,4,104,handle-only-drop-residual,0,,0.0,23,0
femnist,4,104,handle-only-drop-residual,0,,0.0,24,0
femnist,4,104,handle-only-drop-residual,0,,0.0,25,0
femnist,4,104,handle-only-drop-residual,0,,0.0,26,0
femnist,4,104,handle-only-drop-residual,0,,0.0,27,0
femnist,4,104,handle-only-drop-residual,0,,0.0,28,0
femnist,4,104,handle-only-drop-residual,0,,0.0,29,0
femnist,4,104,handle-only-drop-residual,0,,0.0,30,0
femnist,4,104,handle-only-drop-residual,0,,0.0,31,0
femnist,4,104,handle-only-drop-residual,0,,0.0,32,0
femnist,4,104,handle-only-drop-residual,0,,0.0,33,0
femnist,4,104,handle-only-drop-residual,0,,0.0,34,0
femnist,4,104,handle-only-drop-residual,0,,0.0,35,0
femnist,4,104,handle-only-drop-residual,0,,0.0,36,0
femnist,4,104,handle-only-drop-residual,0,,0.0,37,0
femnist,4,104,handle-only-drop-residual,0,,0.0,38,0
femnist,4,104,handle-only-drop-residual,0,,0.0,39,0
femnist,4,104,handle-only-drop-residual,0,,0.0,40,0
femnist,4,104,handle-only-drop-residual,0,,0.0,41,0
femnist,4,104,handle-only-drop-residual,0,,0.0,42,0
femnist,4,104,handle-only-drop-residual,0,,0.0,43,0
femnist,4,104,handle-only-drop-residual,0,,0.0,44,0
femnist,4,104,handle-only-drop-residual,0,,0.0,45,0
femnist,4,104,handle-only-drop-residual,0,,0.0,46,0
femnist,4,104,handle-only-drop-residual,0,,0.0,47,0
femnist,4,104,handle-only-drop-residual,0,,0.0,48,0
femnist,4,104,handle-only-drop-residual,0,,0.0,49,0
femnist,4,104,handle-only-drop-residual,0,,0.0,50,0
femnist,4,104,stable-local-fallback,411,1.0,1.0,1,411
femnist,4,104,stable-local-fallback,421,1.0,1.0,2,421
femnist,4,104,stable-local-fallback,415,1.0,1.0,3,415
femnist,4,104,stable-local-fallback,423,1.0,1.0,4,423
femnist,4,104,stable-local-fallback,415,1.0,1.0,5,415
femnist,4,104,stable-local-fallback,399,1.0,1.0,6,399
femnist,4,104,stable-local-fallback,420,1.0,1.0,7,420
femnist,4,104,stable-local-fallback,415,1.0,1.0,8,415
femnist,4,104,stable-local-fallback,408,1.0,1.0,9,408
femnist,4,104,stable-local-fallback,407,1.0,1.0,10,407
femnist,4,104,stable-local-fallback,421,1.0,1.0,11,421
femnist,4,104,stable-local-fallback,410,1.0,1.0,12,410
femnist,4,104,stable-local-fallback,420,1.0,1.0,13,420
femnist,4,104,stable-local-fallback,408,1.0,1.0,14,408
femnist,4,104,stable-local-fallback,423,1.0,1.0,15,423
femnist,4,104,stable-local-fallback,394,1.0,1.0,16,394
femnist,4,104,stable-local-fallback,409,1.0,1.0,17,409
femnist,4,104,stable-local-fallback,429,1.0,1.0,18,429
femnist,4,104,stable-local-fallback,417,1.0,1.0,19,417
femnist,4,104,stable-local-fallback,411,1.0,1.0,20,411
femnist,4,104,stable-local-fallback,407,1.0,1.0,21,407
femnist,4,104,stable-local-fallback,414,1.0,1.0,22,414
femnist,4,104,stable-local-fallback,423,1.0,1.0,23,423
femnist,4,104,stable-local-fallback,424,1.0,1.0,24,424
femnist,4,104,stable-local-fallback,419,1.0,1.0,25,419
femnist,4,104,stable-local-fallback,407,1.0,1.0,26,407
femnist,4,104,stable-local-fallback,400,1.0,1.0,27,400
femnist,4,104,stable-local-fallback,412,1.0,1.0,28,412
femnist,4,104,stable-local-fallback,421,1.0,1.0,29,421
femnist,4,104,stable-local-fallback,404,1.0,1.0,30,404
femnist,4,104,stable-local-fallback,428,1.0,1.0,31,428
femnist,4,104,stable-local-fallback,404,1.0,1.0,32,404
femnist,4,104,stable-local-fallback,414,1.0,1.0,33,414
femnist,4,104,stable-local-fallback,412,1.0,1.0,34,412
femnist,4,104,stable-local-fallback,411,1.0,1.0,35,411
femnist,4,104,stable-local-fallback,399,1.0,1.0,36,399
femnist,4,104,stable-local-fallback,423,1.0,1.0,37,423
femnist,4,104,stable-local-fallback,415,1.0,1.0,38,415
femnist,4,104,stable-local-fallback,415,1.0,1.0,39,415
femnist,4,104,stable-local-fallback,418,1.0,1.0,40,418
femnist,4,104,stable-local-fallback,395,1.0,1.0,41,395
femnist,4,104,stable-local-fallback,405,1.0,1.0,42,405
femnist,4,104,stable-local-fallback,415,1.0,1.0,43,415
femnist,4,104,stable-local-fallback,404,1.0,1.0,44,404
femnist,4,104,stable-local-fallback,417,1.0,1.0,45,417
femnist,4,104,stable-local-fallback,406,1.0,1.0,46,406
femnist,4,104,stable-local-fallback,407,1.0,1.0,47,407
femnist,4,104,stable-local-fallback,421,1.0,1.0,48,421
femnist,4,104,stable-local-fallback,403,1.0,1.0,49,403
femnist,4,104,stable-local-fallback,413,1.0,1.0,50,413
femnist,5,105,handle-only-drop-residual,0,,0.0,1,0
femnist,5,105,handle-only-drop-residual,0,,0.0,2,0
femnist,5,105,handle-only-drop-residual,0,,0.0,3,0
femnist,5,105,handle-only-drop-residual,0,,0.0,4,0
femnist,5,105,handle-only-drop-residual,0,,0.0,5,0
femnist,5,105,handle-only-drop-residual,0,,0.0,6,0
femnist,5,105,handle-only-drop-residual,0,,0.0,7,0
femnist,5,105,handle-only-drop-residual,0,,0.0,8,0
femnist,5,105,handle-only-drop-residual,0,,0.0,9,0
femnist,5,105,handle-only-drop-residual,0,,0.0,10,0
femnist,5,105,handle-only-drop-residual,0,,0.0,11,0
femnist,5,105,handle-only-drop-residual,0,,0.0,12,0
femnist,5,105,handle-only-drop-residual,0,,0.0,13,0
femnist,5,105,handle-only-drop-residual,0,,0.0,14,0
femnist,5,105,handle-only-drop-residual,0,,0.0,15,0
femnist,5,105,handle-only-drop-residual,0,,0.0,16,0
femnist,5,105,handle-only-drop-residual,0,,0.0,17,0
femnist,5,105,handle-only-drop-residual,0,,0.0,18,0
femnist,5,105,handle-only-drop-residual,0,,0.0,19,0
femnist,5,105,handle-only-drop-residual,0,,0.0,20,0
femnist,5,105,handle-only-drop-residual,0,,0.0,21,0
femnist,5,105,handle-only-drop-residual,0,,0.0,22,0
femnist,5,105,handle-only-drop-residual,0,,0.0,23,0
femnist,5,105,handle-only-drop-residual,0,,0.0,24,0
femnist,5,105,handle-only-drop-residual,0,,0.0,25,0
femnist,5,105,handle-only-drop-residual,0,,0.0,26,0
femnist,5,105,handle-only-drop-residual,0,,0.0,27,0
femnist,5,105,handle-only-drop-residual,0,,0.0,28,0
femnist,5,105,handle-only-drop-residual,0,,0.0,29,0
femnist,5,105,handle-only-drop-residual,0,,0.0,30,0
femnist,5,105,handle-only-drop-residual,0,,0.0,31,0
femnist,5,105,handle-only-drop-residual,0,,0.0,32,0
femnist,5,105,handle-only-drop-residual,0,,0.0,33,0
femnist,5,105,handle-only-drop-residual,0,,0.0,34,0
femnist,5,105,handle-only-drop-residual,0,,0.0,35,0
femnist,5,105,handle-only-drop-residual,0,,0.0,36,0
femnist,5,105,handle-only-drop-residual,0,,0.0,37,0
femnist,5,105,handle-only-drop-residual,0,,0.0,38,0
femnist,5,105,handle-only-drop-residual,0,,0.0,39,0
femnist,5,105,handle-only-drop-residual,0,,0.0,40,0
femnist,5,105,handle-only-drop-residual,0,,0.0,41,0
femnist,5,105,handle-only-drop-residual,0,,0.0,42,0
femnist,5,105,handle-only-drop-residual,0,,0.0,43,0
femnist,5,105,handle-only-drop-residual,0,,0.0,44,0
femnist,5,105,handle-only-drop-residual,0,,0.0,45,0
femnist,5,105,handle-only-drop-residual,0,,0.0,46,0
femnist,5,105,handle-only-drop-residual,0,,0.0,47,0
femnist,5,105,handle-only-drop-residual,0,,0.0,48,0
femnist,5,105,handle-only-drop-residual,0,,0.0,49,0
femnist,5,105,handle-only-drop-residual,0,,0.0,50,0
femnist,5,105,unitscope-lambda-sweep,321,1.0,0.032698025268948994,1,321
femnist,5,105,unitscope-lambda-sweep,309,1.0,0.0551592998039869,2,309
femnist,5,105,unitscope-lambda-sweep,311,1.0,0.03386731733525586,3,311
femnist,5,105,unitscope-lambda-sweep,327,1.0,0.033348605606145824,4,327
femnist,5,105,unitscope-lambda-sweep,318,1.0,0.0406996639402312,5,318
femnist,5,105,unitscope-lambda-sweep,308,1.0,0.03199020475217479,6,308
femnist,5,105,unitscope-lambda-sweep,316,1.0,0.037460336116518014,7,316
femnist,5,105,unitscope-lambda-sweep,318,1.0,0.03737589519632401,8,318
femnist,5,105,unitscope-lambda-sweep,312,1.0,0.05155893613164422,9,312
femnist,5,105,unitscope-lambda-sweep,334,1.0,0.04891271215471353,10,334
femnist,5,105,unitscope-lambda-sweep,315,1.0,0.05244781536720682,11,315
femnist,5,105,unitscope-lambda-sweep,331,1.0,0.04545215200487141,12,331
femnist,5,105,unitscope-lambda-sweep,322,1.0,0.03080596520874914,13,322
femnist,5,105,unitscope-lambda-sweep,308,1.0,0.05009367836426842,14,308
femnist,5,105,unitscope-lambda-sweep,320,1.0,0.0333095711086371,15,320
femnist,5,105,unitscope-lambda-sweep,327,1.0,0.041532579187366234,16,327
femnist,5,105,unitscope-lambda-sweep,321,1.0,0.040425387820895844,17,321
femnist,5,105,unitscope-lambda-sweep,319,1.0,0.0418973790757307,18,319
femnist,5,105,unitscope-lambda-sweep,324,1.0,0.038915783259695295,19,324
femnist,5,105,unitscope-lambda-sweep,314,1.0,0.03400021140325506,20,314
femnist,5,105,unitscope-lambda-sweep,311,1.0,0.03507819135687938,21,311
femnist,5,105,unitscope-lambda-sweep,313,1.0,0.034296803547553295,22,313
femnist,5,105,unitscope-lambda-sweep,315,1.0,0.03441992571823329,23,315
femnist,5,105,unitscope-lambda-sweep,324,1.0,0.037074537891888346,24,324
femnist,5,105,unitscope-lambda-sweep,336,1.0,0.04424950880915944,25,336
femnist,5,105,unitscope-lambda-sweep,322,1.0,0.03567155913301285,26,322
femnist,5,105,unitscope-lambda-sweep,328,1.0,0.061386528977226434,27,328
femnist,5,105,unitscope-lambda-sweep,328,1.0,0.04391249214555947,28,328
femnist,5,105,unitscope-lambda-sweep,308,1.0,0.03577304080002946,29,308
femnist,5,105,unitscope-lambda-sweep,329,1.0,0.053766526732110326,30,329
femnist,5,105,unitscope-lambda-sweep,315,1.0,0.04614373501868036,31,315
femnist,5,105,unitscope-lambda-sweep,305,1.0,0.034672752767183325,32,305
femnist,5,105,unitscope-lambda-sweep,323,1.0,0.05309767632680947,33,323
femnist,5,105,unitscope-lambda-sweep,313,1.0,0.030974272499091658,34,313
femnist,5,105,unitscope-lambda-sweep,311,1.0,0.042497165788605074,35,311
femnist,5,105,unitscope-lambda-sweep,298,1.0,0.035989996886676076,36,298
femnist,5,105,unitscope-lambda-sweep,331,1.0,0.04986965620360099,37,331
femnist,5,105,unitscope-lambda-sweep,312,1.0,0.049441529368893955,38,312
femnist,5,105,unitscope-lambda-sweep,311,1.0,0.03712901663712992,39,311
femnist,5,105,unitscope-lambda-sweep,313,1.0,0.03784993893737035,40,313
femnist,5,105,unitscope-lambda-sweep,325,1.0,0.0378002163980681,41,325
femnist,5,105,unitscope-lambda-sweep,333,1.0,0.03919610121136604,42,333
femnist,5,105,unitscope-lambda-sweep,312,1.0,0.03877466775651871,43,312
femnist,5,105,unitscope-lambda-sweep,318,1.0,0.044624341043518985,44,318
femnist,5,105,unitscope-lambda-sweep,312,1.0,0.04401703166392962,45,312
femnist,5,105,unitscope-lambda-sweep,318,1.0,0.051175035014945684,46,318
femnist,5,105,unitscope-lambda-sweep,325,1.0,0.04246236595371786,47,325
femnist,5,105,unitscope-lambda-sweep,307,1.0,0.02592569602889367,48,307
femnist,5,105,unitscope-lambda-sweep,318,1.0,0.04403097771765337,49,318
femnist,5,105,unitscope-lambda-sweep,321,1.0,0.0512276944416317,50,321
femnist,5,105,naive-recalibrated-2c,321,1.0,0.23326402811211555,1,321
femnist,5,105,naive-recalibrated-2c,309,1.0,0.329028646282219,2,309
femnist,5,105,naive-recalibrated-2c,311,1.0,0.2350540403619544,3,311
femnist,5,105,naive-recalibrated-2c,327,1.0,0.24796599370474645,4,327
femnist,5,105,naive-recalibrated-2c,318,1.0,0.2742455591493149,5,318
femnist,5,105,naive-recalibrated-2c,308,1.0,0.24681436021247483,6,308
femnist,5,105,naive-recalibrated-2c,316,1.0,0.2245215659953135,7,316
femnist,5,105,naive-recalibrated-2c,318,1.0,0.2875374322785567,8,318
femnist,5,105,naive-recalibrated-2c,312,1.0,0.3230031181442036,9,312
femnist,5,105,naive-recalibrated-2c,334,1.0,0.26843473536637763,10,334
femnist,5,105,naive-recalibrated-2c,315,1.0,0.3274334999292171,11,315
femnist,5,105,naive-recalibrated-2c,331,1.0,0.3226453341466906,12,331
femnist,5,105,naive-recalibrated-2c,322,1.0,0.2584626155887877,13,322
femnist,5,105,naive-recalibrated-2c,308,1.0,0.30738925446076537,14,308
femnist,5,105,naive-recalibrated-2c,320,1.0,0.2814348309038711,15,320
femnist,5,105,naive-recalibrated-2c,327,1.0,0.30799998778127685,16,327
femnist,5,105,naive-recalibrated-2c,321,1.0,0.2845345062032599,17,321
femnist,5,105,naive-recalibrated-2c,319,1.0,0.3074504620523003,18,319
femnist,5,105,naive-recalibrated-2c,324,1.0,0.35809158609498604,19,324
femnist,5,105,naive-recalibrated-2c,314,1.0,0.2953362841243802,20,314
femnist,5,105,naive-recalibrated-2c,311,1.0,0.2747842034419176,21,311
femnist,5,105,naive-recalibrated-2c,313,1.0,0.3591401883412009,22,313
femnist,5,105,naive-recalibrated-2c,315,1.0,0.25901516795896745,23,315
femnist,5,105,naive-recalibrated-2c,324,1.0,0.2846774665483543,24,324
femnist,5,105,naive-recalibrated-2c,336,1.0,0.31600258010659155,25,336
femnist,5,105,naive-recalibrated-2c,322,1.0,0.3027468832621634,26,322
femnist,5,105,naive-recalibrated-2c,328,1.0,0.3581526350601421,27,328
femnist,5,105,naive-recalibrated-2c,328,1.0,0.312693198642473,28,328
femnist,5,105,naive-recalibrated-2c,308,1.0,0.24244183139112999,29,308
femnist,5,105,naive-recalibrated-2c,329,1.0,0.312032174778281,30,329
femnist,5,105,naive-recalibrated-2c,315,1.0,0.32093386908185656,31,315
femnist,5,105,naive-recalibrated-2c,305,1.0,0.26731390679915307,32,305
femnist,5,105,naive-recalibrated-2c,323,1.0,0.35236918169004555,33,323
femnist,5,105,naive-recalibrated-2c,313,1.0,0.29470392201643975,34,313
femnist,5,105,naive-recalibrated-2c,311,1.0,0.3015753403163709,35,311
femnist,5,105,naive-recalibrated-2c,298,1.0,0.28621117941702884,36,298
femnist,5,105,naive-recalibrated-2c,331,1.0,0.3349356899303857,37,331
femnist,5,105,naive-recalibrated-2c,312,1.0,0.31034436295628526,38,312
femnist,5,105,naive-recalibrated-2c,311,1.0,0.29279111688555476,39,311
femnist,5,105,naive-recalibrated-2c,313,1.0,0.24840776044659454,40,313
femnist,5,105,naive-recalibrated-2c,325,1.0,0.3473610164427936,41,325
femnist,5,105,naive-recalibrated-2c,333,1.0,0.32129846768702514,42,333
femnist,5,105,naive-recalibrated-2c,312,1.0,0.33143546317975275,43,312
femnist,5,105,naive-recalibrated-2c,318,1.0,0.3347084501310917,44,318
femnist,5,105,naive-recalibrated-2c,312,0.9967948717948718,0.3216262507913431,45,311
femnist,5,105,naive-recalibrated-2c,318,1.0,0.3202743405804404,46,318
femnist,5,105,naive-recalibrated-2c,325,1.0,0.3449584824050836,47,325
femnist,5,105,naive-recalibrated-2c,307,1.0,0.26250753917755343,48,307
femnist,5,105,naive-recalibrated-2c,318,1.0,0.33287402919055703,49,318
femnist,5,105,naive-recalibrated-2c,321,1.0,0.3134614959412881,50,321
femnist,5,105,stable-local-fallback,408,1.0,1.0,1,408
femnist,5,105,stable-local-fallback,409,1.0,1.0,2,409
femnist,5,105,stable-local-fallback,405,1.0,1.0,3,405
femnist,5,105,stable-local-fallback,423,1.0,1.0,4,423
femnist,5,105,stable-local-fallback,406,1.0,1.0,5,406
femnist,5,105,stable-local-fallback,409,1.0,1.0,6,409
femnist,5,105,stable-local-fallback,407,1.0,1.0,7,407
femnist,5,105,stable-local-fallback,408,1.0,1.0,8,408
femnist,5,105,stable-local-fallback,394,1.0,1.0,9,394
femnist,5,105,stable-local-fallback,414,1.0,1.0,10,414
femnist,5,105,stable-local-fallback,410,1.0,1.0,11,410
femnist,5,105,stable-local-fallback,423,1.0,1.0,12,423
femnist,5,105,stable-local-fallback,421,1.0,1.0,13,421
femnist,5,105,stable-local-fallback,417,1.0,1.0,14,417
femnist,5,105,stable-local-fallback,395,1.0,1.0,15,395
femnist,5,105,stable-local-fallback,408,1.0,1.0,16,408
femnist,5,105,stable-local-fallback,411,1.0,1.0,17,411
femnist,5,105,stable-local-fallback,409,1.0,1.0,18,409
femnist,5,105,stable-local-fallback,425,1.0,1.0,19,425
femnist,5,105,stable-local-fallback,407,1.0,1.0,20,407
femnist,5,105,stable-local-fallback,406,1.0,1.0,21,406
femnist,5,105,stable-local-fallback,411,1.0,1.0,22,411
femnist,5,105,stable-local-fallback,417,1.0,1.0,23,417
femnist,5,105,stable-local-fallback,414,1.0,1.0,24,414
femnist,5,105,stable-local-fallback,409,1.0,1.0,25,409
femnist,5,105,stable-local-fallback,412,1.0,1.0,26,412
femnist,5,105,stable-local-fallback,418,1.0,1.0,27,418
femnist,5,105,stable-local-fallback,409,1.0,1.0,28,409
femnist,5,105,stable-local-fallback,414,1.0,1.0,29,414
femnist,5,105,stable-local-fallback,429,1.0,1.0,30,429
femnist,5,105,stable-local-fallback,403,1.0,1.0,31,403
femnist,5,105,stable-local-fallback,405,1.0,1.0,32,405
femnist,5,105,stable-local-fallback,419,1.0,1.0,33,419
femnist,5,105,stable-local-fallback,403,1.0,1.0,34,403
femnist,5,105,stable-local-fallback,394,1.0,1.0,35,394
femnist,5,105,stable-local-fallback,397,1.0,1.0,36,397
femnist,5,105,stable-local-fallback,421,1.0,1.0,37,421
femnist,5,105,stable-local-fallback,407,1.0,1.0,38,407
femnist,5,105,stable-local-fallback,406,1.0,1.0,39,406
femnist,5,105,stable-local-fallback,413,1.0,1.0,40,413
femnist,5,105,stable-local-fallback,408,1.0,1.0,41,408
femnist,5,105,stable-local-fallback,425,1.0,1.0,42,425
femnist,5,105,stable-local-fallback,416,1.0,1.0,43,416
femnist,5,105,stable-local-fallback,412,1.0,1.0,44,412
femnist,5,105,stable-local-fallback,404,1.0,1.0,45,404
femnist,5,105,stable-local-fallback,416,1.0,1.0,46,416
femnist,5,105,stable-local-fallback,409,1.0,1.0,47,409
femnist,5,105,stable-local-fallback,398,1.0,1.0,48,398
femnist,5,105,stable-local-fallback,410,1.0,1.0,49,410
femnist,5,105,stable-local-fallback,412,1.0,1.0,50,412
femnist,6,106,unitscope-lambda-sweep,311,1.0,0.03969422116834715,1,311
femnist,6,106,unitscope-lambda-sweep,325,1.0,0.040007068070404786,2,325
femnist,6,106,unitscope-lambda-sweep,327,1.0,0.06610198589273525,3,327
femnist,6,106,unitscope-lambda-sweep,319,1.0,0.044261769049462954,4,319
femnist,6,106,unitscope-lambda-sweep,314,1.0,0.02839687903958469,5,314
femnist,6,106,unitscope-lambda-sweep,330,1.0,0.029515206550772166,6,330
femnist,6,106,unitscope-lambda-sweep,321,1.0,0.05005611931761919,7,321
femnist,6,106,unitscope-lambda-sweep,320,1.0,0.03913262993763178,8,320
femnist,6,106,unitscope-lambda-sweep,324,1.0,0.048318513864719005,9,324
femnist,6,106,unitscope-lambda-sweep,320,1.0,0.036037956621794986,10,320
femnist,6,106,unitscope-lambda-sweep,319,1.0,0.03994999568765188,11,319
femnist,6,106,unitscope-lambda-sweep,314,1.0,0.03964643013702063,12,314
femnist,6,106,unitscope-lambda-sweep,301,1.0,0.038890948479655116,13,301
femnist,6,106,unitscope-lambda-sweep,326,1.0,0.05127238653468009,14,326
femnist,6,106,unitscope-lambda-sweep,306,1.0,0.03025076155279279,15,306
femnist,6,106,unitscope-lambda-sweep,313,1.0,0.043932330993293606,16,313
femnist,6,106,unitscope-lambda-sweep,321,1.0,0.037552730547888366,17,321
femnist,6,106,unitscope-lambda-sweep,323,1.0,0.036524564238392544,18,323
femnist,6,106,unitscope-lambda-sweep,319,1.0,0.03529976999644508,19,319
femnist,6,106,unitscope-lambda-sweep,329,1.0,0.039353342718551766,20,329
femnist,6,106,unitscope-lambda-sweep,330,1.0,0.03498095368522698,21,330
femnist,6,106,unitscope-lambda-sweep,341,1.0,0.06663831445997269,22,341
femnist,6,106,unitscope-lambda-sweep,313,1.0,0.02149042986913024,23,313
femnist,6,106,unitscope-lambda-sweep,317,1.0,0.05259670716052343,24,317
femnist,6,106,unitscope-lambda-sweep,305,1.0,0.0449345686419737,25,305
femnist,6,106,unitscope-lambda-sweep,327,1.0,0.0740961806576755,26,327
femnist,6,106,unitscope-lambda-sweep,321,1.0,0.04431660447779691,27,321
femnist,6,106,unitscope-lambda-sweep,307,1.0,0.05714888362511129,28,307
femnist,6,106,unitscope-lambda-sweep,324,1.0,0.03360277819839885,29,324
femnist,6,106,unitscope-lambda-sweep,308,1.0,0.034630607238943664,30,308
femnist,6,106,unitscope-lambda-sweep,320,1.0,0.04366804134099973,31,320
femnist,6,106,unitscope-lambda-sweep,328,1.0,0.04849255523789773,32,328
femnist,6,106,unitscope-lambda-sweep,331,1.0,0.04612115917810925,33,331
femnist,6,106,unitscope-lambda-sweep,323,1.0,0.037907801977216056,34,323
femnist,6,106,unitscope-lambda-sweep,319,1.0,0.03735540853527088,35,319
femnist,6,106,unitscope-lambda-sweep,305,1.0,0.04784936858883843,36,305
femnist,6,106,unitscope-lambda-sweep,313,1.0,0.04540730743482529,37,313
femnist,6,106,unitscope-lambda-sweep,317,1.0,0.04467490880322947,38,317
femnist,6,106,unitscope-lambda-sweep,315,1.0,0.04958932019913378,39,315
femnist,6,106,unitscope-lambda-sweep,312,1.0,0.03391751637844295,40,312
femnist,6,106,unitscope-lambda-sweep,320,1.0,0.03790893538523457,41,320
femnist,6,106,unitscope-lambda-sweep,330,1.0,0.04590990733297983,42,330
femnist,6,106,unitscope-lambda-sweep,320,1.0,0.056089931946857935,43,320
femnist,6,106,unitscope-lambda-sweep,318,1.0,0.046249106977471116,44,318
femnist,6,106,unitscope-lambda-sweep,319,1.0,0.040234035477104496,45,319
femnist,6,106,unitscope-lambda-sweep,309,1.0,0.035121495928216846,46,309
femnist,6,106,unitscope-lambda-sweep,325,1.0,0.045003876772680265,47,325
femnist,6,106,unitscope-lambda-sweep,307,1.0,0.038535981268846546,48,307
femnist,6,106,unitscope-lambda-sweep,320,1.0,0.03750412685794011,49,320
femnist,6,106,unitscope-lambda-sweep,324,1.0,0.03781581273559377,50,324
femnist,6,106,naive-recalibrated-2c,311,1.0,0.27114488721182356,1,311
femnist,6,106,naive-recalibrated-2c,325,1.0,0.2922648159457077,2,325
femnist,6,106,naive-recalibrated-2c,327,1.0,0.40669049557098697,3,327
femnist,6,106,naive-recalibrated-2c,319,1.0,0.31317414309132297,4,319
femnist,6,106,naive-recalibrated-2c,314,1.0,0.23649197325291219,5,314
femnist,6,106,naive-recalibrated-2c,330,1.0,0.2496211559438046,6,330
femnist,6,106,naive-recalibrated-2c,321,1.0,0.3590771924890068,7,321
femnist,6,106,naive-recalibrated-2c,320,1.0,0.28984263411234457,8,320
femnist,6,106,naive-recalibrated-2c,324,1.0,0.3674205359718873,9,324
femnist,6,106,naive-recalibrated-2c,320,1.0,0.2948894566120741,10,320
femnist,6,106,naive-recalibrated-2c,319,1.0,0.2963654342850648,11,319
femnist,6,106,naive-recalibrated-2c,314,1.0,0.28229815924803237,12,314
femnist,6,106,naive-recalibrated-2c,301,1.0,0.29199428002206845,13,301
femnist,6,106,naive-recalibrated-2c,326,1.0,0.32424062571152606,14,326
femnist,6,106,naive-recalibrated-2c,306,1.0,0.2620333905837429,15,306
femnist,6,106,naive-recalibrated-2c,313,1.0,0.374512708560736,16,313
femnist,6,106,naive-recalibrated-2c,321,1.0,0.3198663676562515,17,321
femnist,6,106,naive-recalibrated-2c,323,1.0,0.36353643080994724,18,323
femnist,6,106,naive-recalibrated-2c,319,1.0,0.3158793252148685,19,319
femnist,6,106,naive-recalibrated-2c,329,1.0,0.32341365992123744,20,329
femnist,6,106,naive-recalibrated-2c,330,1.0,0.31192665286644344,21,330
femnist,6,106,naive-recalibrated-2c,341,1.0,0.34642917846640553,22,341
femnist,6,106,naive-recalibrated-2c,313,1.0,0.29014080425912403,23,313
femnist,6,106,naive-recalibrated-2c,317,1.0,0.34972651631086543,24,317
femnist,6,106,naive-recalibrated-2c,305,1.0,0.30512709316970194,25,305
femnist,6,106,naive-recalibrated-2c,327,1.0,0.38029857923146815,26,327
femnist,6,106,naive-recalibrated-2c,321,1.0,0.35094903767550667,27,321
femnist,6,106,naive-recalibrated-2c,307,1.0,0.3212959867831959,28,307
femnist,6,106,naive-recalibrated-2c,324,1.0,0.2639381403715246,29,324
femnist,6,106,naive-recalibrated-2c,308,1.0,0.31315417338790796,30,308
femnist,6,106,naive-recalibrated-2c,320,1.0,0.331832294788151,31,320
femnist,6,106,naive-recalibrated-2c,328,1.0,0.39369634332766457,32,328
femnist,6,106,naive-recalibrated-2c,331,1.0,0.32385608204126975,33,331
femnist,6,106,naive-recalibrated-2c,323,1.0,0.32235300972884817,34,323
femnist,6,106,naive-recalibrated-2c,319,1.0,0.2977024508790723,35,319
femnist,6,106,naive-recalibrated-2c,305,1.0,0.34996876566681123,36,305
femnist,6,106,naive-recalibrated-2c,313,1.0,0.294982046181798,37,313
femnist,6,106,naive-recalibrated-2c,317,1.0,0.3369809784868031,38,317
femnist,6,106,naive-recalibrated-2c,315,1.0,0.3261940010773537,39,315
femnist,6,106,naive-recalibrated-2c,312,1.0,0.2831566314498068,40,312
femnist,6,106,naive-recalibrated-2c,320,1.0,0.27220982597445265,41,320
femnist,6,106,naive-recalibrated-2c,330,0.996969696969697,0.3309343788834875,42,329
femnist,6,106,naive-recalibrated-2c,320,1.0,0.3412077662893069,43,320
femnist,6,106,naive-recalibrated-2c,318,1.0,0.328049663913672,44,318
femnist,6,106,naive-recalibrated-2c,319,1.0,0.29894041841492597,45,319
femnist,6,106,naive-recalibrated-2c,309,1.0,0.3371448252381244,46,309
femnist,6,106,naive-recalibrated-2c,325,1.0,0.31945130221212925,47,325
femnist,6,106,naive-recalibrated-2c,307,0.996742671009772,0.317556762883209,48,306
femnist,6,106,naive-recalibrated-2c,320,0.99375,0.32011503928425245,49,318
femnist,6,106,naive-recalibrated-2c,324,1.0,0.3311106788535218,50,324
femnist,6,106,stable-local-fallback,412,1.0,1.0,1,412
femnist,6,106,stable-local-fallback,419,1.0,1.0,2,419
femnist,6,106,stable-local-fallback,412,1.0,1.0,3,412
femnist,6,106,stable-local-fallback,418,1.0,1.0,4,418
femnist,6,106,stable-local-fallback,410,1.0,1.0,5,410
femnist,6,106,stable-local-fallback,408,1.0,1.0,6,408
femnist,6,106,stable-local-fallback,409,1.0,1.0,7,409
femnist,6,106,stable-local-fallback,402,1.0,1.0,8,402
femnist,6,106,stable-local-fallback,406,1.0,1.0,9,406
femnist,6,106,stable-local-fallback,406,1.0,1.0,10,406
femnist,6,106,stable-local-fallback,410,1.0,1.0,11,410
femnist,6,106,stable-local-fallback,394,1.0,1.0,12,394
femnist,6,106,stable-local-fallback,409,1.0,1.0,13,409
femnist,6,106,stable-local-fallback,414,1.0,1.0,14,414
femnist,6,106,stable-local-fallback,411,1.0,1.0,15,411
femnist,6,106,stable-local-fallback,416,1.0,1.0,16,416
femnist,6,106,stable-local-fallback,422,1.0,1.0,17,422
femnist,6,106,stable-local-fallback,412,1.0,1.0,18,412
femnist,6,106,stable-local-fallback,414,1.0,1.0,19,414
femnist,6,106,stable-local-fallback,410,1.0,1.0,20,410
femnist,6,106,stable-local-fallback,413,1.0,1.0,21,413
femnist,6,106,stable-local-fallback,408,1.0,1.0,22,408
femnist,6,106,stable-local-fallback,412,1.0,1.0,23,412
femnist,6,106,stable-local-fallback,404,1.0,1.0,24,404
femnist,6,106,stable-local-fallback,392,1.0,1.0,25,392
femnist,6,106,stable-local-fallback,408,1.0,1.0,26,408
femnist,6,106,stable-local-fallback,414,1.0,1.0,27,414
femnist,6,106,stable-local-fallback,400,1.0,1.0,28,400
femnist,6,106,stable-local-fallback,415,1.0,1.0,29,415
femnist,6,106,stable-local-fallback,405,1.0,1.0,30,405
femnist,6,106,stable-local-fallback,406,1.0,1.0,31,406
femnist,6,106,stable-local-fallback,412,1.0,1.0,32,412
femnist,6,106,stable-local-fallback,425,1.0,1.0,33,425
femnist,6,106,stable-local-fallback,400,1.0,1.0,34,400
femnist,6,106,stable-local-fallback,417,1.0,1.0,35,417
femnist,6,106,stable-local-fallback,403,1.0,1.0,36,403
femnist,6,106,stable-local-fallback,406,1.0,1.0,37,406
femnist,6,106,stable-local-fallback,406,1.0,1.0,38,406
femnist,6,106,stable-local-fallback,398,1.0,1.0,39,398
femnist,6,106,stable-local-fallback,401,1.0,1.0,40,401
femnist,6,106,stable-local-fallback,412,1.0,1.0,41,412
femnist,6,106,stable-local-fallback,406,1.0,1.0,42,406
femnist,6,106,stable-local-fallback,410,1.0,1.0,43,410
femnist,6,106,stable-local-fallback,407,1.0,1.0,44,407
femnist,6,106,stable-local-fallback,411,1.0,1.0,45,411
femnist,6,106,stable-local-fallback,405,1.0,1.0,46,405
femnist,6,106,stable-local-fallback,416,1.0,1.0,47,416
femnist,6,106,stable-local-fallback,407,1.0,1.0,48,407
femnist,6,106,stable-local-fallback,405,1.0,1.0,49,405
femnist,6,106,stable-local-fallback,430,1.0,1.0,50,430
femnist,6,106,handle-only-drop-residual,0,,0.0,1,0
femnist,6,106,handle-only-drop-residual,0,,0.0,2,0
femnist,6,106,handle-only-drop-residual,0,,0.0,3,0
femnist,6,106,handle-only-drop-residual,0,,0.0,4,0
femnist,6,106,handle-only-drop-residual,0,,0.0,5,0
femnist,6,106,handle-only-drop-residual,0,,0.0,6,0
femnist,6,106,handle-only-drop-residual,0,,0.0,7,0
femnist,6,106,handle-only-drop-residual,0,,0.0,8,0
femnist,6,106,handle-only-drop-residual,0,,0.0,9,0
femnist,6,106,handle-only-drop-residual,0,,0.0,10,0
femnist,6,106,handle-only-drop-residual,0,,0.0,11,0
femnist,6,106,handle-only-drop-residual,0,,0.0,12,0
femnist,6,106,handle-only-drop-residual,0,,0.0,13,0
femnist,6,106,handle-only-drop-residual,0,,0.0,14,0
femnist,6,106,handle-only-drop-residual,0,,0.0,15,0
femnist,6,106,handle-only-drop-residual,0,,0.0,16,0
femnist,6,106,handle-only-drop-residual,0,,0.0,17,0
femnist,6,106,handle-only-drop-residual,0,,0.0,18,0
femnist,6,106,handle-only-drop-residual,0,,0.0,19,0
femnist,6,106,handle-only-drop-residual,0,,0.0,20,0
femnist,6,106,handle-only-drop-residual,0,,0.0,21,0
femnist,6,106,handle-only-drop-residual,0,,0.0,22,0
femnist,6,106,handle-only-drop-residual,0,,0.0,23,0
femnist,6,106,handle-only-drop-residual,0,,0.0,24,0
femnist,6,106,handle-only-drop-residual,0,,0.0,25,0
femnist,6,106,handle-only-drop-residual,0,,0.0,26,0
femnist,6,106,handle-only-drop-residual,0,,0.0,27,0
femnist,6,106,handle-only-drop-residual,0,,0.0,28,0
femnist,6,106,handle-only-drop-residual,0,,0.0,29,0
femnist,6,106,handle-only-drop-residual,0,,0.0,30,0
femnist,6,106,handle-only-drop-residual,0,,0.0,31,0
femnist,6,106,handle-only-drop-residual,0,,0.0,32,0
femnist,6,106,handle-only-drop-residual,0,,0.0,33,0
femnist,6,106,handle-only-drop-residual,0,,0.0,34,0
femnist,6,106,handle-only-drop-residual,0,,0.0,35,0
femnist,6,106,handle-only-drop-residual,0,,0.0,36,0
femnist,6,106,handle-only-drop-residual,0,,0.0,37,0
femnist,6,106,handle-only-drop-residual,0,,0.0,38,0
femnist,6,106,handle-only-drop-residual,0,,0.0,39,0
femnist,6,106,handle-only-drop-residual,0,,0.0,40,0
femnist,6,106,handle-only-drop-residual,0,,0.0,41,0
femnist,6,106,handle-only-drop-residual,0,,0.0,42,0
femnist,6,106,handle-only-drop-residual,0,,0.0,43,0
femnist,6,106,handle-only-drop-residual,0,,0.0,44,0
femnist,6,106,handle-only-drop-residual,0,,0.0,45,0
femnist,6,106,handle-only-drop-residual,0,,0.0,46,0
femnist,6,106,handle-only-drop-residual,0,,0.0,47,0
femnist,6,106,handle-only-drop-residual,0,,0.0,48,0
femnist,6,106,handle-only-drop-residual,0,,0.0,49,0
femnist,6,106,handle-only-drop-residual,0,,0.0,50,0
femnist,7,107,stable-local-fallback,415,1.0,1.0,1,415
femnist,7,107,stable-local-fallback,404,1.0,1.0,2,404
femnist,7,107,stable-local-fallback,418,1.0,1.0,3,418
femnist,7,107,stable-local-fallback,417,1.0,1.0,4,417
femnist,7,107,stable-local-fallback,414,1.0,1.0,5,414
femnist,7,107,stable-local-fallback,403,1.0,1.0,6,403
femnist,7,107,stable-local-fallback,405,1.0,1.0,7,405
femnist,7,107,stable-local-fallback,413,1.0,1.0,8,413
femnist,7,107,stable-local-fallback,418,1.0,1.0,9,418
femnist,7,107,stable-local-fallback,415,1.0,1.0,10,415
femnist,7,107,stable-local-fallback,415,1.0,1.0,11,415
femnist,7,107,stable-local-fallback,405,1.0,1.0,12,405
femnist,7,107,stable-local-fallback,422,1.0,1.0,13,422
femnist,7,107,stable-local-fallback,408,1.0,1.0,14,408
femnist,7,107,stable-local-fallback,409,1.0,1.0,15,409
femnist,7,107,stable-local-fallback,400,1.0,1.0,16,400
femnist,7,107,stable-local-fallback,415,1.0,1.0,17,415
femnist,7,107,stable-local-fallback,408,1.0,1.0,18,408
femnist,7,107,stable-local-fallback,415,1.0,1.0,19,415
femnist,7,107,stable-local-fallback,411,1.0,1.0,20,411
femnist,7,107,stable-local-fallback,419,1.0,1.0,21,419
femnist,7,107,stable-local-fallback,410,1.0,1.0,22,410
femnist,7,107,stable-local-fallback,414,1.0,1.0,23,414
femnist,7,107,stable-local-fallback,411,1.0,1.0,24,411
femnist,7,107,stable-local-fallback,414,1.0,1.0,25,414
femnist,7,107,stable-local-fallback,418,1.0,1.0,26,418
femnist,7,107,stable-local-fallback,404,1.0,1.0,27,404
femnist,7,107,stable-local-fallback,416,1.0,1.0,28,416
femnist,7,107,stable-local-fallback,408,1.0,1.0,29,408
femnist,7,107,stable-local-fallback,386,1.0,1.0,30,386
femnist,7,107,stable-local-fallback,400,1.0,1.0,31,400
femnist,7,107,stable-local-fallback,410,1.0,1.0,32,410
femnist,7,107,stable-local-fallback,402,1.0,1.0,33,402
femnist,7,107,stable-local-fallback,407,1.0,1.0,34,407
femnist,7,107,stable-local-fallback,410,1.0,1.0,35,410
femnist,7,107,stable-local-fallback,406,1.0,1.0,36,406
femnist,7,107,stable-local-fallback,419,1.0,1.0,37,419
femnist,7,107,stable-local-fallback,399,1.0,1.0,38,399
femnist,7,107,stable-local-fallback,417,1.0,1.0,39,417
femnist,7,107,stable-local-fallback,398,1.0,1.0,40,398
femnist,7,107,stable-local-fallback,420,1.0,1.0,41,420
femnist,7,107,stable-local-fallback,410,1.0,1.0,42,410
femnist,7,107,stable-local-fallback,406,1.0,1.0,43,406
femnist,7,107,stable-local-fallback,418,1.0,1.0,44,418
femnist,7,107,stable-local-fallback,407,1.0,1.0,45,407
femnist,7,107,stable-local-fallback,414,1.0,1.0,46,414
femnist,7,107,stable-local-fallback,413,1.0,1.0,47,413
femnist,7,107,stable-local-fallback,413,1.0,1.0,48,413
femnist,7,107,stable-local-fallback,407,1.0,1.0,49,407
femnist,7,107,stable-local-fallback,414,1.0,1.0,50,414
femnist,7,107,handle-only-drop-residual,0,,0.0,1,0
femnist,7,107,handle-only-drop-residual,0,,0.0,2,0
femnist,7,107,handle-only-drop-residual,0,,0.0,3,0
femnist,7,107,handle-only-drop-residual,0,,0.0,4,0
femnist,7,107,handle-only-drop-residual,0,,0.0,5,0
femnist,7,107,handle-only-drop-residual,0,,0.0,6,0
femnist,7,107,handle-only-drop-residual,0,,0.0,7,0
femnist,7,107,handle-only-drop-residual,0,,0.0,8,0
femnist,7,107,handle-only-drop-residual,0,,0.0,9,0
femnist,7,107,handle-only-drop-residual,0,,0.0,10,0
femnist,7,107,handle-only-drop-residual,0,,0.0,11,0
femnist,7,107,handle-only-drop-residual,0,,0.0,12,0
femnist,7,107,handle-only-drop-residual,0,,0.0,13,0
femnist,7,107,handle-only-drop-residual,0,,0.0,14,0
femnist,7,107,handle-only-drop-residual,0,,0.0,15,0
femnist,7,107,handle-only-drop-residual,0,,0.0,16,0
femnist,7,107,handle-only-drop-residual,0,,0.0,17,0
femnist,7,107,handle-only-drop-residual,0,,0.0,18,0
femnist,7,107,handle-only-drop-residual,0,,0.0,19,0
femnist,7,107,handle-only-drop-residual,0,,0.0,20,0
femnist,7,107,handle-only-drop-residual,0,,0.0,21,0
femnist,7,107,handle-only-drop-residual,0,,0.0,22,0
femnist,7,107,handle-only-drop-residual,0,,0.0,23,0
femnist,7,107,handle-only-drop-residual,0,,0.0,24,0
femnist,7,107,handle-only-drop-residual,0,,0.0,25,0
femnist,7,107,handle-only-drop-residual,0,,0.0,26,0
femnist,7,107,handle-only-drop-residual,0,,0.0,27,0
femnist,7,107,handle-only-drop-residual,0,,0.0,28,0
femnist,7,107,handle-only-drop-residual,0,,0.0,29,0
femnist,7,107,handle-only-drop-residual,0,,0.0,30,0
femnist,7,107,handle-only-drop-residual,0,,0.0,31,0
femnist,7,107,handle-only-drop-residual,0,,0.0,32,0
femnist,7,107,handle-only-drop-residual,0,,0.0,33,0
femnist,7,107,handle-only-drop-residual,0,,0.0,34,0
femnist,7,107,handle-only-drop-residual,0,,0.0,35,0
femnist,7,107,handle-only-drop-residual,0,,0.0,36,0
femnist,7,107,handle-only-drop-residual,0,,0.0,37,0
femnist,7,107,handle-only-drop-residual,0,,0.0,38,0
femnist,7,107,handle-only-drop-residual,0,,0.0,39,0
femnist,7,107,handle-only-drop-residual,0,,0.0,40,0
femnist,7,107,handle-only-drop-residual,0,,0.0,41,0
femnist,7,107,handle-only-drop-residual,0,,0.0,42,0
femnist,7,107,handle-only-drop-residual,0,,0.0,43,0
femnist,7,107,handle-only-drop-residual,0,,0.0,44,0
femnist,7,107,handle-only-drop-residual,0,,0.0,45,0
femnist,7,107,handle-only-drop-residual,0,,0.0,46,0
femnist,7,107,handle-only-drop-residual,0,,0.0,47,0
femnist,7,107,handle-only-drop-residual,0,,0.0,48,0
femnist,7,107,handle-only-drop-residual,0,,0.0,49,0
femnist,7,107,handle-only-drop-residual,0,,0.0,50,0
femnist,7,107,naive-recalibrated-2c,318,1.0,0.3472914570391854,1,318
femnist,7,107,naive-recalibrated-2c,328,1.0,0.2500474692172654,2,328
femnist,7,107,naive-recalibrated-2c,339,1.0,0.43107177727365514,3,339
femnist,7,107,naive-recalibrated-2c,318,1.0,0.22919760648517695,4,318
femnist,7,107,naive-recalibrated-2c,316,1.0,0.18186777723481037,5,316
femnist,7,107,naive-recalibrated-2c,314,1.0,0.30256078926321556,6,314
femnist,7,107,naive-recalibrated-2c,325,1.0,0.33461229035712803,7,325
femnist,7,107,naive-recalibrated-2c,310,1.0,0.2721944549159121,8,310
femnist,7,107,naive-recalibrated-2c,337,1.0,0.30890874200541174,9,337
femnist,7,107,naive-recalibrated-2c,321,1.0,0.23141512915353477,10,321
femnist,7,107,naive-recalibrated-2c,335,1.0,0.3224177734414054,11,335
femnist,7,107,naive-recalibrated-2c,312,1.0,0.236709889843678,12,312
femnist,7,107,naive-recalibrated-2c,337,1.0,0.26731507909611435,13,337
femnist,7,107,naive-recalibrated-2c,331,1.0,0.3600699458249403,14,331
femnist,7,107,naive-recalibrated-2c,331,1.0,0.3048014155066172,15,331
femnist,7,107,naive-recalibrated-2c,313,1.0,0.26841846202572733,16,313
femnist,7,107,naive-recalibrated-2c,319,1.0,0.2624362677288993,17,319
femnist,7,107,naive-recalibrated-2c,326,1.0,0.3782902567851707,18,326
femnist,7,107,naive-recalibrated-2c,324,1.0,0.3060268928106587,19,324
femnist,7,107,naive-recalibrated-2c,324,1.0,0.38845317834543874,20,324
femnist,7,107,naive-recalibrated-2c,320,1.0,0.3081342723881368,21,320
femnist,7,107,naive-recalibrated-2c,325,1.0,0.2998787013830639,22,325
femnist,7,107,naive-recalibrated-2c,324,1.0,0.3039487358791647,23,324
femnist,7,107,naive-recalibrated-2c,305,1.0,0.26615791975504877,24,305
femnist,7,107,naive-recalibrated-2c,325,1.0,0.3819700836924294,25,325
femnist,7,107,naive-recalibrated-2c,321,1.0,0.31677765312734685,26,321
femnist,7,107,naive-recalibrated-2c,317,1.0,0.39078748153430276,27,317
femnist,7,107,naive-recalibrated-2c,326,1.0,0.30978603563410034,28,326
femnist,7,107,naive-recalibrated-2c,322,1.0,0.3492608011428954,29,322
femnist,7,107,naive-recalibrated-2c,302,1.0,0.36602611081257186,30,302
femnist,7,107,naive-recalibrated-2c,308,1.0,0.2778017272913698,31,308
femnist,7,107,naive-recalibrated-2c,318,1.0,0.35147938124407657,32,318
femnist,7,107,naive-recalibrated-2c,326,1.0,0.37104795279224434,33,326
femnist,7,107,naive-recalibrated-2c,303,1.0,0.26345649193578474,34,303
femnist,7,107,naive-recalibrated-2c,335,1.0,0.3627522105171091,35,335
femnist,7,107,naive-recalibrated-2c,329,1.0,0.3833779758003102,36,329
femnist,7,107,naive-recalibrated-2c,324,1.0,0.3661538388596932,37,324
femnist,7,107,naive-recalibrated-2c,324,1.0,0.32581830159428826,38,324
femnist,7,107,naive-recalibrated-2c,318,1.0,0.2793906521558894,39,318
femnist,7,107,naive-recalibrated-2c,308,1.0,0.2985025989529196,40,308
femnist,7,107,naive-recalibrated-2c,329,1.0,0.33107600773090684,41,329
femnist,7,107,naive-recalibrated-2c,320,1.0,0.3280004549287399,42,320
femnist,7,107,naive-recalibrated-2c,306,1.0,0.3184341392881711,43,306
femnist,7,107,naive-recalibrated-2c,340,1.0,0.33881051569345033,44,340
femnist,7,107,naive-recalibrated-2c,335,1.0,0.36771477353664955,45,335
femnist,7,107,naive-recalibrated-2c,319,1.0,0.28763471012054387,46,319
femnist,7,107,naive-recalibrated-2c,315,1.0,0.3154912740601251,47,315
femnist,7,107,naive-recalibrated-2c,334,0.9940119760479041,0.3497143369846911,48,332
femnist,7,107,naive-recalibrated-2c,312,1.0,0.328666580433335,49,312
femnist,7,107,naive-recalibrated-2c,330,1.0,0.3842524335770926,50,330
femnist,7,107,unitscope-lambda-sweep,318,1.0,0.05581966170831762,1,318
femnist,7,107,unitscope-lambda-sweep,328,1.0,0.034763573014912744,2,328
femnist,7,107,unitscope-lambda-sweep,339,1.0,0.05619997984695042,3,339
femnist,7,107,unitscope-lambda-sweep,318,1.0,0.02861746559527288,4,318
femnist,7,107,unitscope-lambda-sweep,316,1.0,0.025055540973856344,5,316
femnist,7,107,unitscope-lambda-sweep,314,1.0,0.02645959033631682,6,314
femnist,7,107,unitscope-lambda-sweep,325,1.0,0.03909381996335632,7,325
femnist,7,107,unitscope-lambda-sweep,310,1.0,0.032155386527465676,8,310
femnist,7,107,unitscope-lambda-sweep,337,1.0,0.03705133664291994,9,337
femnist,7,107,unitscope-lambda-sweep,321,1.0,0.031035768713601496,10,321
femnist,7,107,unitscope-lambda-sweep,335,1.0,0.037156269990982475,11,335
femnist,7,107,unitscope-lambda-sweep,312,1.0,0.034548473699100274,12,312
femnist,7,107,unitscope-lambda-sweep,337,1.0,0.027874620343848945,13,337
femnist,7,107,unitscope-lambda-sweep,331,1.0,0.04479232354805023,14,331
femnist,7,107,unitscope-lambda-sweep,331,1.0,0.038812807034116305,15,331
femnist,7,107,unitscope-lambda-sweep,313,1.0,0.02669962104112534,16,313
femnist,7,107,unitscope-lambda-sweep,319,1.0,0.030468011766711416,17,319
femnist,7,107,unitscope-lambda-sweep,326,1.0,0.07257732696556038,18,326
femnist,7,107,unitscope-lambda-sweep,324,1.0,0.041231398637726284,19,324
femnist,7,107,unitscope-lambda-sweep,324,1.0,0.05458522261896753,20,324
femnist,7,107,unitscope-lambda-sweep,320,1.0,0.05082430728302371,21,320
femnist,7,107,unitscope-lambda-sweep,325,1.0,0.03597732787892466,22,325
femnist,7,107,unitscope-lambda-sweep,324,1.0,0.0357618859630634,23,324
femnist,7,107,unitscope-lambda-sweep,305,1.0,0.031792153617910976,24,305
femnist,7,107,unitscope-lambda-sweep,325,1.0,0.04637664646484829,25,325
femnist,7,107,unitscope-lambda-sweep,321,1.0,0.05506390998080369,26,321
femnist,7,107,unitscope-lambda-sweep,317,1.0,0.05710236003647546,27,317
femnist,7,107,unitscope-lambda-sweep,326,1.0,0.039908825538953405,28,326
femnist,7,107,unitscope-lambda-sweep,322,1.0,0.05779236778511561,29,322
femnist,7,107,unitscope-lambda-sweep,302,1.0,0.05593827640846457,30,302
femnist,7,107,unitscope-lambda-sweep,308,1.0,0.03839920300454969,31,308
femnist,7,107,unitscope-lambda-sweep,318,1.0,0.05485560323405104,32,318
femnist,7,107,unitscope-lambda-sweep,326,1.0,0.04801556983235646,33,326
femnist,7,107,unitscope-lambda-sweep,303,1.0,0.03161757177949826,34,303
femnist,7,107,unitscope-lambda-sweep,335,1.0,0.06317852951259806,35,335
femnist,7,107,unitscope-lambda-sweep,329,1.0,0.08224607753284438,36,329
femnist,7,107,unitscope-lambda-sweep,324,1.0,0.05154768190040716,37,324
femnist,7,107,unitscope-lambda-sweep,324,1.0,0.04537798561271583,38,324
femnist,7,107,unitscope-lambda-sweep,318,1.0,0.03219287218014182,39,318
femnist,7,107,unitscope-lambda-sweep,308,1.0,0.033939253472483694,40,308
femnist,7,107,unitscope-lambda-sweep,329,1.0,0.04498504513687038,41,329
femnist,7,107,unitscope-lambda-sweep,320,1.0,0.048784027506749775,42,320
femnist,7,107,unitscope-lambda-sweep,306,1.0,0.05256858947590382,43,306
femnist,7,107,unitscope-lambda-sweep,340,1.0,0.04787926142505923,44,340
femnist,7,107,unitscope-lambda-sweep,335,1.0,0.06760207154235714,45,335
femnist,7,107,unitscope-lambda-sweep,319,1.0,0.03652759190457331,46,319
femnist,7,107,unitscope-lambda-sweep,315,1.0,0.0409825628675568,47,315
femnist,7,107,unitscope-lambda-sweep,334,1.0,0.06245924677905946,48,334
femnist,7,107,unitscope-lambda-sweep,312,1.0,0.06263337905285803,49,312
femnist,7,107,unitscope-lambda-sweep,330,1.0,0.06108989578499052,50,330
femnist,8,108,unitscope-lambda-sweep,327,1.0,0.051218140321922026,1,327
femnist,8,108,unitscope-lambda-sweep,310,1.0,0.05768932474520601,2,310
femnist,8,108,unitscope-lambda-sweep,325,1.0,0.03331832287888637,3,325
femnist,8,108,unitscope-lambda-sweep,321,1.0,0.043905370306650954,4,321
femnist,8,108,unitscope-lambda-sweep,321,1.0,0.03119993336853748,5,321
femnist,8,108,unitscope-lambda-sweep,322,1.0,0.033616532033512024,6,322
femnist,8,108,unitscope-lambda-sweep,321,1.0,0.051022263171779395,7,321
femnist,8,108,unitscope-lambda-sweep,316,1.0,0.04683043842526757,8,316
femnist,8,108,unitscope-lambda-sweep,321,1.0,0.04116592248508451,9,321
femnist,8,108,unitscope-lambda-sweep,339,1.0,0.04024301702068104,10,339
femnist,8,108,unitscope-lambda-sweep,310,1.0,0.036787843940098944,11,310
femnist,8,108,unitscope-lambda-sweep,325,1.0,0.04155708339843944,12,325
femnist,8,108,unitscope-lambda-sweep,321,1.0,0.05446203981938775,13,321
femnist,8,108,unitscope-lambda-sweep,302,1.0,0.036750964116177856,14,302
femnist,8,108,unitscope-lambda-sweep,332,1.0,0.05747267794715663,15,332
femnist,8,108,unitscope-lambda-sweep,312,1.0,0.05535408551609702,16,312
femnist,8,108,unitscope-lambda-sweep,321,1.0,0.053213623890243936,17,321
femnist,8,108,unitscope-lambda-sweep,310,1.0,0.035986833620984274,18,310
femnist,8,108,unitscope-lambda-sweep,322,1.0,0.0327325816687199,19,322
femnist,8,108,unitscope-lambda-sweep,308,1.0,0.0365470386878413,20,308
femnist,8,108,unitscope-lambda-sweep,329,1.0,0.04993378628308965,21,329
femnist,8,108,unitscope-lambda-sweep,321,1.0,0.036854063884024534,22,321
femnist,8,108,unitscope-lambda-sweep,333,1.0,0.036227178116748915,23,333
femnist,8,108,unitscope-lambda-sweep,319,1.0,0.039633372094158216,24,319
femnist,8,108,unitscope-lambda-sweep,336,1.0,0.03946770596005194,25,336
femnist,8,108,unitscope-lambda-sweep,327,1.0,0.0423087639451794,26,327
femnist,8,108,unitscope-lambda-sweep,305,1.0,0.02712951114100123,27,305
femnist,8,108,unitscope-lambda-sweep,324,1.0,0.028409552039042912,28,324
femnist,8,108,unitscope-lambda-sweep,322,1.0,0.05345508806338419,29,322
femnist,8,108,unitscope-lambda-sweep,307,1.0,0.039955488810138065,30,307
femnist,8,108,unitscope-lambda-sweep,316,1.0,0.03898117492879499,31,316
femnist,8,108,unitscope-lambda-sweep,321,1.0,0.049816972678537665,32,321
femnist,8,108,unitscope-lambda-sweep,317,1.0,0.03949685946201578,33,317
femnist,8,108,unitscope-lambda-sweep,317,1.0,0.03654046958078616,34,317
femnist,8,108,unitscope-lambda-sweep,316,1.0,0.03832770494104914,35,316
femnist,8,108,unitscope-lambda-sweep,308,1.0,0.049263912320984066,36,308
femnist,8,108,unitscope-lambda-sweep,315,1.0,0.03907196078020723,37,315
femnist,8,108,unitscope-lambda-sweep,307,1.0,0.03744826035100264,38,307
femnist,8,108,unitscope-lambda-sweep,311,1.0,0.04087517689898879,39,311
femnist,8,108,unitscope-lambda-sweep,330,1.0,0.04435892139804729,40,330
femnist,8,108,unitscope-lambda-sweep,331,1.0,0.04089534872343815,41,331
femnist,8,108,unitscope-lambda-sweep,329,1.0,0.040390867479552374,42,329
femnist,8,108,unitscope-lambda-sweep,310,1.0,0.046137789801240114,43,310
femnist,8,108,unitscope-lambda-sweep,315,1.0,0.04510893640272079,44,315
femnist,8,108,unitscope-lambda-sweep,320,1.0,0.039106937985263185,45,320
femnist,8,108,unitscope-lambda-sweep,324,1.0,0.057834925175783605,46,324
femnist,8,108,unitscope-lambda-sweep,320,1.0,0.04219526962396378,47,320
femnist,8,108,unitscope-lambda-sweep,328,1.0,0.06111593102114982,48,328
femnist,8,108,unitscope-lambda-sweep,311,1.0,0.053201480997799554,49,311
femnist,8,108,unitscope-lambda-sweep,323,1.0,0.06362712777395449,50,323
femnist,8,108,naive-recalibrated-2c,327,1.0,0.3269833846806124,1,327
femnist,8,108,naive-recalibrated-2c,310,1.0,0.3583231879365893,2,310
femnist,8,108,naive-recalibrated-2c,325,1.0,0.32825142164428067,3,325
femnist,8,108,naive-recalibrated-2c,321,1.0,0.32215666038378166,4,321
femnist,8,108,naive-recalibrated-2c,321,1.0,0.2769661990400897,5,321
femnist,8,108,naive-recalibrated-2c,322,1.0,0.2441636337440506,6,322
femnist,8,108,naive-recalibrated-2c,321,1.0,0.3543270387347742,7,321
femnist,8,108,naive-recalibrated-2c,316,1.0,0.3606619863735444,8,316
femnist,8,108,naive-recalibrated-2c,321,1.0,0.2761389031728642,9,321
femnist,8,108,naive-recalibrated-2c,339,1.0,0.3111117541194119,10,339
femnist,8,108,naive-recalibrated-2c,310,1.0,0.29690012896293544,11,310
femnist,8,108,naive-recalibrated-2c,325,1.0,0.2458809540857109,12,325
femnist,8,108,naive-recalibrated-2c,321,1.0,0.3193659399620845,13,321
femnist,8,108,naive-recalibrated-2c,302,1.0,0.2675560329237823,14,302
femnist,8,108,naive-recalibrated-2c,332,1.0,0.31925405487457587,15,332
femnist,8,108,naive-recalibrated-2c,312,1.0,0.32247857873800423,16,312
femnist,8,108,naive-recalibrated-2c,321,1.0,0.35057503619108893,17,321
femnist,8,108,naive-recalibrated-2c,310,1.0,0.26785534824051327,18,310
femnist,8,108,naive-recalibrated-2c,322,1.0,0.3133463508770055,19,322
femnist,8,108,naive-recalibrated-2c,308,1.0,0.29237459061502097,20,308
femnist,8,108,naive-recalibrated-2c,329,1.0,0.3098214301556597,21,329
femnist,8,108,naive-recalibrated-2c,321,1.0,0.3557748265096583,22,321
femnist,8,108,naive-recalibrated-2c,333,1.0,0.298236312552628,23,333
femnist,8,108,naive-recalibrated-2c,319,1.0,0.32623548887186504,24,319
femnist,8,108,naive-recalibrated-2c,336,1.0,0.4350029807474183,25,336
femnist,8,108,naive-recalibrated-2c,327,1.0,0.35395409622484314,26,327
femnist,8,108,naive-recalibrated-2c,305,1.0,0.256339154911317,27,305
femnist,8,108,naive-recalibrated-2c,324,1.0,0.3152602911351188,28,324
femnist,8,108,naive-recalibrated-2c,322,1.0,0.3528109965258895,29,322
femnist,8,108,naive-recalibrated-2c,307,1.0,0.31403111270710743,30,307
femnist,8,108,naive-recalibrated-2c,316,1.0,0.3222508818615333,31,316
femnist,8,108,naive-recalibrated-2c,321,1.0,0.31035201466258333,32,321
femnist,8,108,naive-recalibrated-2c,317,1.0,0.30219600146212644,33,317
femnist,8,108,naive-recalibrated-2c,317,1.0,0.31385680149595524,34,317
femnist,8,108,naive-recalibrated-2c,316,1.0,0.3110610024125273,35,316
femnist,8,108,naive-recalibrated-2c,308,1.0,0.31499663967267155,36,308
femnist,8,108,naive-recalibrated-2c,315,1.0,0.31642827213798796,37,315
femnist,8,108,naive-recalibrated-2c,307,1.0,0.34756722986822103,38,307
femnist,8,108,naive-recalibrated-2c,311,1.0,0.31450229360558546,39,311
femnist,8,108,naive-recalibrated-2c,330,1.0,0.3112412335258424,40,330
femnist,8,108,naive-recalibrated-2c,331,1.0,0.32049072822082664,41,331
femnist,8,108,naive-recalibrated-2c,329,0.9696048632218845,0.30965268009809216,42,319
femnist,8,108,naive-recalibrated-2c,310,1.0,0.31110527113471403,43,310
femnist,8,108,naive-recalibrated-2c,315,1.0,0.3326595352537463,44,315
femnist,8,108,naive-recalibrated-2c,320,1.0,0.2783611140515101,45,320
femnist,8,108,naive-recalibrated-2c,324,1.0,0.3444297755984167,46,324
femnist,8,108,naive-recalibrated-2c,320,1.0,0.3222867574389136,47,320
femnist,8,108,naive-recalibrated-2c,328,1.0,0.3780560187616057,48,328
femnist,8,108,naive-recalibrated-2c,311,1.0,0.3355579270021805,49,311
femnist,8,108,naive-recalibrated-2c,323,1.0,0.3535472222105892,50,323
femnist,8,108,handle-only-drop-residual,0,,0.0,1,0
femnist,8,108,handle-only-drop-residual,0,,0.0,2,0
femnist,8,108,handle-only-drop-residual,0,,0.0,3,0
femnist,8,108,handle-only-drop-residual,0,,0.0,4,0
femnist,8,108,handle-only-drop-residual,0,,0.0,5,0
femnist,8,108,handle-only-drop-residual,0,,0.0,6,0
femnist,8,108,handle-only-drop-residual,0,,0.0,7,0
femnist,8,108,handle-only-drop-residual,0,,0.0,8,0
femnist,8,108,handle-only-drop-residual,0,,0.0,9,0
femnist,8,108,handle-only-drop-residual,0,,0.0,10,0
femnist,8,108,handle-only-drop-residual,0,,0.0,11,0
femnist,8,108,handle-only-drop-residual,0,,0.0,12,0
femnist,8,108,handle-only-drop-residual,0,,0.0,13,0
femnist,8,108,handle-only-drop-residual,0,,0.0,14,0
femnist,8,108,handle-only-drop-residual,0,,0.0,15,0
femnist,8,108,handle-only-drop-residual,0,,0.0,16,0
femnist,8,108,handle-only-drop-residual,0,,0.0,17,0
femnist,8,108,handle-only-drop-residual,0,,0.0,18,0
femnist,8,108,handle-only-drop-residual,0,,0.0,19,0
femnist,8,108,handle-only-drop-residual,0,,0.0,20,0
femnist,8,108,handle-only-drop-residual,0,,0.0,21,0
femnist,8,108,handle-only-drop-residual,0,,0.0,22,0
femnist,8,108,handle-only-drop-residual,0,,0.0,23,0
femnist,8,108,handle-only-drop-residual,0,,0.0,24,0
femnist,8,108,handle-only-drop-residual,0,,0.0,25,0
femnist,8,108,handle-only-drop-residual,0,,0.0,26,0
femnist,8,108,handle-only-drop-residual,0,,0.0,27,0
femnist,8,108,handle-only-drop-residual,0,,0.0,28,0
femnist,8,108,handle-only-drop-residual,0,,0.0,29,0
femnist,8,108,handle-only-drop-residual,0,,0.0,30,0
femnist,8,108,handle-only-drop-residual,0,,0.0,31,0
femnist,8,108,handle-only-drop-residual,0,,0.0,32,0
femnist,8,108,handle-only-drop-residual,0,,0.0,33,0
femnist,8,108,handle-only-drop-residual,0,,0.0,34,0
femnist,8,108,handle-only-drop-residual,0,,0.0,35,0
femnist,8,108,handle-only-drop-residual,0,,0.0,36,0
femnist,8,108,handle-only-drop-residual,0,,0.0,37,0
femnist,8,108,handle-only-drop-residual,0,,0.0,38,0
femnist,8,108,handle-only-drop-residual,0,,0.0,39,0
femnist,8,108,handle-only-drop-residual,0,,0.0,40,0
femnist,8,108,handle-only-drop-residual,0,,0.0,41,0
femnist,8,108,handle-only-drop-residual,0,,0.0,42,0
femnist,8,108,handle-only-drop-residual,0,,0.0,43,0
femnist,8,108,handle-only-drop-residual,0,,0.0,44,0
femnist,8,108,handle-only-drop-residual,0,,0.0,45,0
femnist,8,108,handle-only-drop-residual,0,,0.0,46,0
femnist,8,108,handle-only-drop-residual,0,,0.0,47,0
femnist,8,108,handle-only-drop-residual,0,,0.0,48,0
femnist,8,108,handle-only-drop-residual,0,,0.0,49,0
femnist,8,108,handle-only-drop-residual,0,,0.0,50,0
femnist,8,108,stable-local-fallback,399,1.0,1.0,1,399
femnist,8,108,stable-local-fallback,398,1.0,1.0,2,398
femnist,8,108,stable-local-fallback,416,1.0,1.0,3,416
femnist,8,108,stable-local-fallback,408,1.0,1.0,4,408
femnist,8,108,stable-local-fallback,411,1.0,1.0,5,411
femnist,8,108,stable-local-fallback,405,1.0,1.0,6,405
femnist,8,108,stable-local-fallback,415,1.0,1.0,7,415
femnist,8,108,stable-local-fallback,403,1.0,1.0,8,403
femnist,8,108,stable-local-fallback,409,1.0,1.0,9,409
femnist,8,108,stable-local-fallback,417,1.0,1.0,10,417
femnist,8,108,stable-local-fallback,404,1.0,1.0,11,404
femnist,8,108,stable-local-fallback,401,1.0,1.0,12,401
femnist,8,108,stable-local-fallback,412,1.0,1.0,13,412
femnist,8,108,stable-local-fallback,410,1.0,1.0,14,410
femnist,8,108,stable-local-fallback,419,1.0,1.0,15,419
femnist,8,108,stable-local-fallback,413,1.0,1.0,16,413
femnist,8,108,stable-local-fallback,412,1.0,1.0,17,412
femnist,8,108,stable-local-fallback,400,1.0,1.0,18,400
femnist,8,108,stable-local-fallback,401,1.0,1.0,19,401
femnist,8,108,stable-local-fallback,403,1.0,1.0,20,403
femnist,8,108,stable-local-fallback,409,1.0,1.0,21,409
femnist,8,108,stable-local-fallback,422,1.0,1.0,22,422
femnist,8,108,stable-local-fallback,418,1.0,1.0,23,418
femnist,8,108,stable-local-fallback,408,1.0,1.0,24,408
femnist,8,108,stable-local-fallback,419,1.0,1.0,25,419
femnist,8,108,stable-local-fallback,394,1.0,1.0,26,394
femnist,8,108,stable-local-fallback,405,1.0,1.0,27,405
femnist,8,108,stable-local-fallback,416,1.0,1.0,28,416
femnist,8,108,stable-local-fallback,403,1.0,1.0,29,403
femnist,8,108,stable-local-fallback,394,1.0,1.0,30,394
femnist,8,108,stable-local-fallback,401,1.0,1.0,31,401
femnist,8,108,stable-local-fallback,413,1.0,1.0,32,413
femnist,8,108,stable-local-fallback,414,1.0,1.0,33,414
femnist,8,108,stable-local-fallback,418,1.0,1.0,34,418
femnist,8,108,stable-local-fallback,408,1.0,1.0,35,408
femnist,8,108,stable-local-fallback,404,1.0,1.0,36,404
femnist,8,108,stable-local-fallback,406,1.0,1.0,37,406
femnist,8,108,stable-local-fallback,401,1.0,1.0,38,401
femnist,8,108,stable-local-fallback,398,1.0,1.0,39,398
femnist,8,108,stable-local-fallback,416,1.0,1.0,40,416
femnist,8,108,stable-local-fallback,414,1.0,1.0,41,414
femnist,8,108,stable-local-fallback,412,1.0,1.0,42,412
femnist,8,108,stable-local-fallback,407,1.0,1.0,43,407
femnist,8,108,stable-local-fallback,407,1.0,1.0,44,407
femnist,8,108,stable-local-fallback,415,1.0,1.0,45,415
femnist,8,108,stable-local-fallback,406,1.0,1.0,46,406
femnist,8,108,stable-local-fallback,407,1.0,1.0,47,407
femnist,8,108,stable-local-fallback,405,1.0,1.0,48,405
femnist,8,108,stable-local-fallback,413,1.0,1.0,49,413
femnist,8,108,stable-local-fallback,407,1.0,1.0,50,407
femnist,9,109,naive-recalibrated-2c,332,1.0,0.2529323087105195,1,332
femnist,9,109,naive-recalibrated-2c,312,1.0,0.2836453109529499,2,312
femnist,9,109,naive-recalibrated-2c,323,1.0,0.3140445055449764,3,323
femnist,9,109,naive-recalibrated-2c,317,1.0,0.2555876673094604,4,317
femnist,9,109,naive-recalibrated-2c,334,1.0,0.3556987238441007,5,334
femnist,9,109,naive-recalibrated-2c,306,1.0,0.24198495845961068,6,306
femnist,9,109,naive-recalibrated-2c,322,1.0,0.2949257935756995,7,322
femnist,9,109,naive-recalibrated-2c,326,1.0,0.3204264351425635,8,326
femnist,9,109,naive-recalibrated-2c,329,1.0,0.21169954969008883,9,329
femnist,9,109,naive-recalibrated-2c,311,1.0,0.26192215558157445,10,311
femnist,9,109,naive-recalibrated-2c,317,1.0,0.30676025368218574,11,317
femnist,9,109,naive-recalibrated-2c,327,1.0,0.2653777278213153,12,327
femnist,9,109,naive-recalibrated-2c,328,1.0,0.33858393366531137,13,328
femnist,9,109,naive-recalibrated-2c,317,1.0,0.2883708768081587,14,317
femnist,9,109,naive-recalibrated-2c,320,1.0,0.3300376442036134,15,320
femnist,9,109,naive-recalibrated-2c,334,1.0,0.3156595756694305,16,334
femnist,9,109,naive-recalibrated-2c,311,1.0,0.26147363371424676,17,311
femnist,9,109,naive-recalibrated-2c,300,1.0,0.2981704668246141,18,300
femnist,9,109,naive-recalibrated-2c,307,1.0,0.2923309461258862,19,307
femnist,9,109,naive-recalibrated-2c,323,1.0,0.3206400601010096,20,323
femnist,9,109,naive-recalibrated-2c,307,1.0,0.30371578467037247,21,307
femnist,9,109,naive-recalibrated-2c,302,1.0,0.28919962344282507,22,302
femnist,9,109,naive-recalibrated-2c,313,1.0,0.2645728371927331,23,313
femnist,9,109,naive-recalibrated-2c,323,1.0,0.28878639417449725,24,323
femnist,9,109,naive-recalibrated-2c,337,1.0,0.33196688392719226,25,337
femnist,9,109,naive-recalibrated-2c,321,1.0,0.3344469461809727,26,321
femnist,9,109,naive-recalibrated-2c,321,1.0,0.3138576829040616,27,321
femnist,9,109,naive-recalibrated-2c,318,1.0,0.2985261435192835,28,318
femnist,9,109,naive-recalibrated-2c,321,1.0,0.3252113818978363,29,321
femnist,9,109,naive-recalibrated-2c,307,1.0,0.3233615181733378,30,307
femnist,9,109,naive-recalibrated-2c,307,1.0,0.2625369229074589,31,307
femnist,9,109,naive-recalibrated-2c,326,1.0,0.3226703267880632,32,326
femnist,9,109,naive-recalibrated-2c,331,1.0,0.3590406073462853,33,331
femnist,9,109,naive-recalibrated-2c,320,1.0,0.35678075873993886,34,320
femnist,9,109,naive-recalibrated-2c,317,1.0,0.23109552042578346,35,317
femnist,9,109,naive-recalibrated-2c,313,1.0,0.3466423404174012,36,313
femnist,9,109,naive-recalibrated-2c,307,1.0,0.3205903068964948,37,307
femnist,9,109,naive-recalibrated-2c,320,1.0,0.2980724260089824,38,320
femnist,9,109,naive-recalibrated-2c,311,1.0,0.35549427355547725,39,311
femnist,9,109,naive-recalibrated-2c,334,1.0,0.390336991412949,40,334
femnist,9,109,naive-recalibrated-2c,329,1.0,0.3813649519939651,41,329
femnist,9,109,naive-recalibrated-2c,303,1.0,0.316153743532487,42,303
femnist,9,109,naive-recalibrated-2c,306,1.0,0.3162677200237969,43,306
femnist,9,109,naive-recalibrated-2c,311,1.0,0.28190048717223504,44,311
femnist,9,109,naive-recalibrated-2c,327,1.0,0.34296300147838876,45,327
femnist,9,109,naive-recalibrated-2c,332,1.0,0.3974921312979206,46,332
femnist,9,109,naive-recalibrated-2c,314,1.0,0.3014499329685217,47,314
femnist,9,109,naive-recalibrated-2c,332,1.0,0.36499925614741036,48,332
femnist,9,109,naive-recalibrated-2c,318,1.0,0.3167621285814995,49,318
femnist,9,109,naive-recalibrated-2c,326,1.0,0.31147493511476537,50,326
femnist,9,109,handle-only-drop-residual,0,,0.0,1,0
femnist,9,109,handle-only-drop-residual,0,,0.0,2,0
femnist,9,109,handle-only-drop-residual,0,,0.0,3,0
femnist,9,109,handle-only-drop-residual,0,,0.0,4,0
femnist,9,109,handle-only-drop-residual,0,,0.0,5,0
femnist,9,109,handle-only-drop-residual,0,,0.0,6,0
femnist,9,109,handle-only-drop-residual,0,,0.0,7,0
femnist,9,109,handle-only-drop-residual,0,,0.0,8,0
femnist,9,109,handle-only-drop-residual,0,,0.0,9,0
femnist,9,109,handle-only-drop-residual,0,,0.0,10,0
femnist,9,109,handle-only-drop-residual,0,,0.0,11,0
femnist,9,109,handle-only-drop-residual,0,,0.0,12,0
femnist,9,109,handle-only-drop-residual,0,,0.0,13,0
femnist,9,109,handle-only-drop-residual,0,,0.0,14,0
femnist,9,109,handle-only-drop-residual,0,,0.0,15,0
femnist,9,109,handle-only-drop-residual,0,,0.0,16,0
femnist,9,109,handle-only-drop-residual,0,,0.0,17,0
femnist,9,109,handle-only-drop-residual,0,,0.0,18,0
femnist,9,109,handle-only-drop-residual,0,,0.0,19,0
femnist,9,109,handle-only-drop-residual,0,,0.0,20,0
femnist,9,109,handle-only-drop-residual,0,,0.0,21,0
femnist,9,109,handle-only-drop-residual,0,,0.0,22,0
femnist,9,109,handle-only-drop-residual,0,,0.0,23,0
femnist,9,109,handle-only-drop-residual,0,,0.0,24,0
femnist,9,109,handle-only-drop-residual,0,,0.0,25,0
femnist,9,109,handle-only-drop-residual,0,,0.0,26,0
femnist,9,109,handle-only-drop-residual,0,,0.0,27,0
femnist,9,109,handle-only-drop-residual,0,,0.0,28,0
femnist,9,109,handle-only-drop-residual,0,,0.0,29,0
femnist,9,109,handle-only-drop-residual,0,,0.0,30,0
femnist,9,109,handle-only-drop-residual,0,,0.0,31,0
femnist,9,109,handle-only-drop-residual,0,,0.0,32,0
femnist,9,109,handle-only-drop-residual,0,,0.0,33,0
femnist,9,109,handle-only-drop-residual,0,,0.0,34,0
femnist,9,109,handle-only-drop-residual,0,,0.0,35,0
femnist,9,109,handle-only-drop-residual,0,,0.0,36,0
femnist,9,109,handle-only-drop-residual,0,,0.0,37,0
femnist,9,109,handle-only-drop-residual,0,,0.0,38,0
femnist,9,109,handle-only-drop-residual,0,,0.0,39,0
femnist,9,109,handle-only-drop-residual,0,,0.0,40,0
femnist,9,109,handle-only-drop-residual,0,,0.0,41,0
femnist,9,109,handle-only-drop-residual,0,,0.0,42,0
femnist,9,109,handle-only-drop-residual,0,,0.0,43,0
femnist,9,109,handle-only-drop-residual,0,,0.0,44,0
femnist,9,109,handle-only-drop-residual,0,,0.0,45,0
femnist,9,109,handle-only-drop-residual,0,,0.0,46,0
femnist,9,109,handle-only-drop-residual,0,,0.0,47,0
femnist,9,109,handle-only-drop-residual,0,,0.0,48,0
femnist,9,109,handle-only-drop-residual,0,,0.0,49,0
femnist,9,109,handle-only-drop-residual,0,,0.0,50,0
femnist,9,109,stable-local-fallback,409,1.0,1.0,1,409
femnist,9,109,stable-local-fallback,410,1.0,1.0,2,410
femnist,9,109,stable-local-fallback,415,1.0,1.0,3,415
femnist,9,109,stable-local-fallback,407,1.0,1.0,4,407
femnist,9,109,stable-local-fallback,423,1.0,1.0,5,423
femnist,9,109,stable-local-fallback,418,1.0,1.0,6,418
femnist,9,109,stable-local-fallback,414,1.0,1.0,7,414
femnist,9,109,stable-local-fallback,409,1.0,1.0,8,409
femnist,9,109,stable-local-fallback,424,1.0,1.0,9,424
femnist,9,109,stable-local-fallback,418,1.0,1.0,10,418
femnist,9,109,stable-local-fallback,403,1.0,1.0,11,403
femnist,9,109,stable-local-fallback,414,1.0,1.0,12,414
femnist,9,109,stable-local-fallback,418,1.0,1.0,13,418
femnist,9,109,stable-local-fallback,411,1.0,1.0,14,411
femnist,9,109,stable-local-fallback,399,1.0,1.0,15,399
femnist,9,109,stable-local-fallback,416,1.0,1.0,16,416
femnist,9,109,stable-local-fallback,414,1.0,1.0,17,414
femnist,9,109,stable-local-fallback,414,1.0,1.0,18,414
femnist,9,109,stable-local-fallback,412,1.0,1.0,19,412
femnist,9,109,stable-local-fallback,413,1.0,1.0,20,413
femnist,9,109,stable-local-fallback,402,1.0,1.0,21,402
femnist,9,109,stable-local-fallback,392,1.0,1.0,22,392
femnist,9,109,stable-local-fallback,404,1.0,1.0,23,404
femnist,9,109,stable-local-fallback,412,1.0,1.0,24,412
femnist,9,109,stable-local-fallback,417,1.0,1.0,25,417
femnist,9,109,stable-local-fallback,406,1.0,1.0,26,406
femnist,9,109,stable-local-fallback,415,1.0,1.0,27,415
femnist,9,109,stable-local-fallback,416,1.0,1.0,28,416
femnist,9,109,stable-local-fallback,418,1.0,1.0,29,418
femnist,9,109,stable-local-fallback,393,1.0,1.0,30,393
femnist,9,109,stable-local-fallback,409,1.0,1.0,31,409
femnist,9,109,stable-local-fallback,404,1.0,1.0,32,404
femnist,9,109,stable-local-fallback,415,1.0,1.0,33,415
femnist,9,109,stable-local-fallback,411,1.0,1.0,34,411
femnist,9,109,stable-local-fallback,402,1.0,1.0,35,402
femnist,9,109,stable-local-fallback,405,1.0,1.0,36,405
femnist,9,109,stable-local-fallback,380,1.0,1.0,37,380
femnist,9,109,stable-local-fallback,402,1.0,1.0,38,402
femnist,9,109,stable-local-fallback,406,1.0,1.0,39,406
femnist,9,109,stable-local-fallback,415,1.0,1.0,40,415
femnist,9,109,stable-local-fallback,402,1.0,1.0,41,402
femnist,9,109,stable-local-fallback,406,1.0,1.0,42,406
femnist,9,109,stable-local-fallback,398,1.0,1.0,43,398
femnist,9,109,stable-local-fallback,405,1.0,1.0,44,405
femnist,9,109,stable-local-fallback,414,1.0,1.0,45,414
femnist,9,109,stable-local-fallback,414,1.0,1.0,46,414
femnist,9,109,stable-local-fallback,404,1.0,1.0,47,404
femnist,9,109,stable-local-fallback,410,1.0,1.0,48,410
femnist,9,109,stable-local-fallback,419,1.0,1.0,49,419
femnist,9,109,stable-local-fallback,414,1.0,1.0,50,414
femnist,9,109,unitscope-lambda-sweep,332,1.0,0.03625468831843515,1,332
femnist,9,109,unitscope-lambda-sweep,312,1.0,0.04303783044638776,2,312
femnist,9,109,unitscope-lambda-sweep,323,1.0,0.052254891326763454,3,323
femnist,9,109,unitscope-lambda-sweep,317,1.0,0.030278618838681184,4,317
femnist,9,109,unitscope-lambda-sweep,334,1.0,0.06106363531204698,5,334
femnist,9,109,unitscope-lambda-sweep,306,1.0,0.03129410976787454,6,306
femnist,9,109,unitscope-lambda-sweep,322,1.0,0.038347142828592404,7,322
femnist,9,109,unitscope-lambda-sweep,326,1.0,0.04468796728260802,8,326
femnist,9,109,unitscope-lambda-sweep,329,1.0,0.03179968315379117,9,329
femnist,9,109,unitscope-lambda-sweep,311,1.0,0.034565318307303666,10,311
femnist,9,109,unitscope-lambda-sweep,317,1.0,0.03737024769838376,11,317
femnist,9,109,unitscope-lambda-sweep,327,1.0,0.034593262023117036,12,327
femnist,9,109,unitscope-lambda-sweep,328,1.0,0.059121574625445865,13,328
femnist,9,109,unitscope-lambda-sweep,317,1.0,0.0309972493612278,14,317
femnist,9,109,unitscope-lambda-sweep,320,1.0,0.05043353323050181,15,320
femnist,9,109,unitscope-lambda-sweep,334,1.0,0.03810366911198029,16,334
femnist,9,109,unitscope-lambda-sweep,311,1.0,0.026967371510993977,17,311
femnist,9,109,unitscope-lambda-sweep,300,1.0,0.040748130474659174,18,300
femnist,9,109,unitscope-lambda-sweep,307,1.0,0.041909322280101906,19,307
femnist,9,109,unitscope-lambda-sweep,323,1.0,0.03873957263763552,20,323
femnist,9,109,unitscope-lambda-sweep,307,1.0,0.04186894178963481,21,307
femnist,9,109,unitscope-lambda-sweep,302,1.0,0.04116383322000164,22,302
femnist,9,109,unitscope-lambda-sweep,313,1.0,0.0335317097805804,23,313
femnist,9,109,unitscope-lambda-sweep,323,1.0,0.04499151497615331,24,323
femnist,9,109,unitscope-lambda-sweep,337,1.0,0.04057691134421066,25,337
femnist,9,109,unitscope-lambda-sweep,321,1.0,0.044268340213521364,26,321
femnist,9,109,unitscope-lambda-sweep,321,1.0,0.046982429185148875,27,321
femnist,9,109,unitscope-lambda-sweep,318,1.0,0.04465178043203224,28,318
femnist,9,109,unitscope-lambda-sweep,321,1.0,0.04313806758394889,29,321
femnist,9,109,unitscope-lambda-sweep,307,1.0,0.05451875947787224,30,307
femnist,9,109,unitscope-lambda-sweep,307,1.0,0.02980207959244692,31,307
femnist,9,109,unitscope-lambda-sweep,326,1.0,0.03705825969679005,32,326
femnist,9,109,unitscope-lambda-sweep,331,1.0,0.044450799988969794,33,331
femnist,9,109,unitscope-lambda-sweep,320,1.0,0.04362292586401982,34,320
femnist,9,109,unitscope-lambda-sweep,317,1.0,0.042534994531872976,35,317
femnist,9,109,unitscope-lambda-sweep,313,1.0,0.040929414663398334,36,313
femnist,9,109,unitscope-lambda-sweep,307,1.0,0.03974632393103057,37,307
femnist,9,109,unitscope-lambda-sweep,320,1.0,0.04114596194920261,38,320
femnist,9,109,unitscope-lambda-sweep,311,1.0,0.040465423824875085,39,311
femnist,9,109,unitscope-lambda-sweep,334,1.0,0.05615425338184989,40,334
femnist,9,109,unitscope-lambda-sweep,329,1.0,0.050191459646139476,41,329
femnist,9,109,unitscope-lambda-sweep,303,1.0,0.04775538197217376,42,303
femnist,9,109,unitscope-lambda-sweep,306,1.0,0.051493151508489,43,306
femnist,9,109,unitscope-lambda-sweep,311,1.0,0.04352307978041696,44,311
femnist,9,109,unitscope-lambda-sweep,327,1.0,0.05112993690093198,45,327
femnist,9,109,unitscope-lambda-sweep,332,1.0,0.06812168356235931,46,332
femnist,9,109,unitscope-lambda-sweep,314,1.0,0.041106898378479764,47,314
femnist,9,109,unitscope-lambda-sweep,332,1.0,0.04774588263174973,48,332
femnist,9,109,unitscope-lambda-sweep,318,1.0,0.04413178484022611,49,318
femnist,9,109,unitscope-lambda-sweep,326,1.0,0.044371273609434214,50,326
femnist,10,110,naive-recalibrated-2c,312,1.0,0.2534088063565898,1,312
femnist,10,110,naive-recalibrated-2c,319,1.0,0.32088853524421607,2,319
femnist,10,110,naive-recalibrated-2c,321,1.0,0.20458939307868748,3,321
femnist,10,110,naive-recalibrated-2c,310,1.0,0.3012936606047821,4,310
femnist,10,110,naive-recalibrated-2c,327,1.0,0.2606252195803432,5,327
femnist,10,110,naive-recalibrated-2c,317,1.0,0.2589564617084987,6,317
femnist,10,110,naive-recalibrated-2c,313,1.0,0.302254604342949,7,313
femnist,10,110,naive-recalibrated-2c,330,1.0,0.2328188905679284,8,330
femnist,10,110,naive-recalibrated-2c,313,1.0,0.300084632166237,9,313
femnist,10,110,naive-recalibrated-2c,300,1.0,0.24843380690739963,10,300
femnist,10,110,naive-recalibrated-2c,314,1.0,0.28874118056853937,11,314
femnist,10,110,naive-recalibrated-2c,329,1.0,0.256730202350436,12,329
femnist,10,110,naive-recalibrated-2c,316,1.0,0.3774376673150029,13,316
femnist,10,110,naive-recalibrated-2c,333,1.0,0.36815551034956745,14,333
femnist,10,110,naive-recalibrated-2c,316,1.0,0.300802413223989,15,316
femnist,10,110,naive-recalibrated-2c,299,1.0,0.2792641049284284,16,299
femnist,10,110,naive-recalibrated-2c,319,1.0,0.3923268115763902,17,319
femnist,10,110,naive-recalibrated-2c,330,1.0,0.3376174341148958,18,330
femnist,10,110,naive-recalibrated-2c,322,1.0,0.22597400897300607,19,322
femnist,10,110,naive-recalibrated-2c,316,1.0,0.32419555833587965,20,316
femnist,10,110,naive-recalibrated-2c,288,1.0,0.29603683260132113,21,288
femnist,10,110,naive-recalibrated-2c,320,1.0,0.3043771812914848,22,320
femnist,10,110,naive-recalibrated-2c,318,1.0,0.3971658254034148,23,318
femnist,10,110,naive-recalibrated-2c,315,1.0,0.2414202706831877,24,315
femnist,10,110,naive-recalibrated-2c,326,1.0,0.30339555156611886,25,326
femnist,10,110,naive-recalibrated-2c,323,1.0,0.33220322229910054,26,323
femnist,10,110,naive-recalibrated-2c,325,1.0,0.3578869721668786,27,325
femnist,10,110,naive-recalibrated-2c,310,1.0,0.28013200002821836,28,310
femnist,10,110,naive-recalibrated-2c,312,1.0,0.31807810625325156,29,312
femnist,10,110,naive-recalibrated-2c,328,1.0,0.3580270394103544,30,328
femnist,10,110,naive-recalibrated-2c,312,1.0,0.2790941480722514,31,312
femnist,10,110,naive-recalibrated-2c,305,1.0,0.29343133056222487,32,305
femnist,10,110,naive-recalibrated-2c,309,1.0,0.2914448693803914,33,309
femnist,10,110,naive-recalibrated-2c,322,1.0,0.3455468884494847,34,322
femnist,10,110,naive-recalibrated-2c,324,1.0,0.36080092918820517,35,324
femnist,10,110,naive-recalibrated-2c,312,1.0,0.30307712309538204,36,312
femnist,10,110,naive-recalibrated-2c,311,1.0,0.27861928171801115,37,311
femnist,10,110,naive-recalibrated-2c,342,1.0,0.345409072931722,38,342
femnist,10,110,naive-recalibrated-2c,323,1.0,0.2773090544932777,39,323
femnist,10,110,naive-recalibrated-2c,332,1.0,0.35360761195315815,40,332
femnist,10,110,naive-recalibrated-2c,311,1.0,0.31572532095385136,41,311
femnist,10,110,naive-recalibrated-2c,315,1.0,0.31531632312654184,42,315
femnist,10,110,naive-recalibrated-2c,321,1.0,0.3237953581238063,43,321
femnist,10,110,naive-recalibrated-2c,334,1.0,0.31943945635613163,44,334
femnist,10,110,naive-recalibrated-2c,324,1.0,0.2815134021015503,45,324
femnist,10,110,naive-recalibrated-2c,329,1.0,0.3235153662391636,46,329
femnist,10,110,naive-recalibrated-2c,341,1.0,0.384510812505521,47,341
femnist,10,110,naive-recalibrated-2c,320,1.0,0.29203910934826127,48,320
femnist,10,110,naive-recalibrated-2c,321,1.0,0.32074929682364456,49,321
femnist,10,110,naive-recalibrated-2c,303,1.0,0.3034251147833124,50,303
femnist,10,110,stable-local-fallback,415,1.0,1.0,1,415
femnist,10,110,stable-local-fallback,420,1.0,1.0,2,420
femnist,10,110,stable-local-fallback,411,1.0,1.0,3,411
femnist,10,110,stable-local-fallback,398,1.0,1.0,4,398
femnist,10,110,stable-local-fallback,420,1.0,1.0,5,420
femnist,10,110,stable-local-fallback,411,1.0,1.0,6,411
femnist,10,110,stable-local-fallback,403,1.0,1.0,7,403
femnist,10,110,stable-local-fallback,411,1.0,1.0,8,411
femnist,10,110,stable-local-fallback,413,1.0,1.0,9,413
femnist,10,110,stable-local-fallback,389,1.0,1.0,10,389
femnist,10,110,stable-local-fallback,402,1.0,1.0,11,402
femnist,10,110,stable-local-fallback,428,1.0,1.0,12,428
femnist,10,110,stable-local-fallback,406,1.0,1.0,13,406
femnist,10,110,stable-local-fallback,409,1.0,1.0,14,409
femnist,10,110,stable-local-fallback,425,1.0,1.0,15,425
femnist,10,110,stable-local-fallback,401,1.0,1.0,16,401
femnist,10,110,stable-local-fallback,418,1.0,1.0,17,418
femnist,10,110,stable-local-fallback,418,1.0,1.0,18,418
femnist,10,110,stable-local-fallback,408,1.0,1.0,19,408
femnist,10,110,stable-local-fallback,412,1.0,1.0,20,412
femnist,10,110,stable-local-fallback,410,1.0,1.0,21,410
femnist,10,110,stable-local-fallback,404,1.0,1.0,22,404
femnist,10,110,stable-local-fallback,410,1.0,1.0,23,410
femnist,10,110,stable-local-fallback,413,1.0,1.0,24,413
femnist,10,110,stable-local-fallback,419,1.0,1.0,25,419
femnist,10,110,stable-local-fallback,408,1.0,1.0,26,408
femnist,10,110,stable-local-fallback,430,1.0,1.0,27,430
femnist,10,110,stable-local-fallback,409,1.0,1.0,28,409
femnist,10,110,stable-local-fallback,405,1.0,1.0,29,405
femnist,10,110,stable-local-fallback,422,1.0,1.0,30,422
femnist,10,110,stable-local-fallback,415,1.0,1.0,31,415
femnist,10,110,stable-local-fallback,414,1.0,1.0,32,414
femnist,10,110,stable-local-fallback,408,1.0,1.0,33,408
femnist,10,110,stable-local-fallback,404,1.0,1.0,34,404
femnist,10,110,stable-local-fallback,423,1.0,1.0,35,423
femnist,10,110,stable-local-fallback,416,1.0,1.0,36,416
femnist,10,110,stable-local-fallback,403,1.0,1.0,37,403
femnist,10,110,stable-local-fallback,425,1.0,1.0,38,425
femnist,10,110,stable-local-fallback,422,1.0,1.0,39,422
femnist,10,110,stable-local-fallback,422,1.0,1.0,40,422
femnist,10,110,stable-local-fallback,408,1.0,1.0,41,408
femnist,10,110,stable-local-fallback,402,1.0,1.0,42,402
femnist,10,110,stable-local-fallback,416,1.0,1.0,43,416
femnist,10,110,stable-local-fallback,422,1.0,1.0,44,422
femnist,10,110,stable-local-fallback,417,1.0,1.0,45,417
femnist,10,110,stable-local-fallback,413,1.0,1.0,46,413
femnist,10,110,stable-local-fallback,418,1.0,1.0,47,418
femnist,10,110,stable-local-fallback,418,1.0,1.0,48,418
femnist,10,110,stable-local-fallback,412,1.0,1.0,49,412
femnist,10,110,stable-local-fallback,406,1.0,1.0,50,406
femnist,10,110,handle-only-drop-residual,0,,0.0,1,0
femnist,10,110,handle-only-drop-residual,0,,0.0,2,0
femnist,10,110,handle-only-drop-residual,0,,0.0,3,0
femnist,10,110,handle-only-drop-residual,0,,0.0,4,0
femnist,10,110,handle-only-drop-residual,0,,0.0,5,0
femnist,10,110,handle-only-drop-residual,0,,0.0,6,0
femnist,10,110,handle-only-drop-residual,0,,0.0,7,0
femnist,10,110,handle-only-drop-residual,0,,0.0,8,0
femnist,10,110,handle-only-drop-residual,0,,0.0,9,0
femnist,10,110,handle-only-drop-residual,0,,0.0,10,0
femnist,10,110,handle-only-drop-residual,0,,0.0,11,0
femnist,10,110,handle-only-drop-residual,0,,0.0,12,0
femnist,10,110,handle-only-drop-residual,0,,0.0,13,0
femnist,10,110,handle-only-drop-residual,0,,0.0,14,0
femnist,10,110,handle-only-drop-residual,0,,0.0,15,0
femnist,10,110,handle-only-drop-residual,0,,0.0,16,0
femnist,10,110,handle-only-drop-residual,0,,0.0,17,0
femnist,10,110,handle-only-drop-residual,0,,0.0,18,0
femnist,10,110,handle-only-drop-residual,0,,0.0,19,0
femnist,10,110,handle-only-drop-residual,0,,0.0,20,0
femnist,10,110,handle-only-drop-residual,0,,0.0,21,0
femnist,10,110,handle-only-drop-residual,0,,0.0,22,0
femnist,10,110,handle-only-drop-residual,0,,0.0,23,0
femnist,10,110,handle-only-drop-residual,0,,0.0,24,0
femnist,10,110,handle-only-drop-residual,0,,0.0,25,0
femnist,10,110,handle-only-drop-residual,0,,0.0,26,0
femnist,10,110,handle-only-drop-residual,0,,0.0,27,0
femnist,10,110,handle-only-drop-residual,0,,0.0,28,0
femnist,10,110,handle-only-drop-residual,0,,0.0,29,0
femnist,10,110,handle-only-drop-residual,0,,0.0,30,0
femnist,10,110,handle-only-drop-residual,0,,0.0,31,0
femnist,10,110,handle-only-drop-residual,0,,0.0,32,0
femnist,10,110,handle-only-drop-residual,0,,0.0,33,0
femnist,10,110,handle-only-drop-residual,0,,0.0,34,0
femnist,10,110,handle-only-drop-residual,0,,0.0,35,0
femnist,10,110,handle-only-drop-residual,0,,0.0,36,0
femnist,10,110,handle-only-drop-residual,0,,0.0,37,0
femnist,10,110,handle-only-drop-residual,0,,0.0,38,0
femnist,10,110,handle-only-drop-residual,0,,0.0,39,0
femnist,10,110,handle-only-drop-residual,0,,0.0,40,0
femnist,10,110,handle-only-drop-residual,0,,0.0,41,0
femnist,10,110,handle-only-drop-residual,0,,0.0,42,0
femnist,10,110,handle-only-drop-residual,0,,0.0,43,0
femnist,10,110,handle-only-drop-residual,0,,0.0,44,0
femnist,10,110,handle-only-drop-residual,0,,0.0,45,0
femnist,10,110,handle-only-drop-residual,0,,0.0,46,0
femnist,10,110,handle-only-drop-residual,0,,0.0,47,0
femnist,10,110,handle-only-drop-residual,0,,0.0,48,0
femnist,10,110,handle-only-drop-residual,0,,0.0,49,0
femnist,10,110,handle-only-drop-residual,0,,0.0,50,0
femnist,10,110,unitscope-lambda-sweep,312,1.0,0.036342845830701166,1,312
femnist,10,110,unitscope-lambda-sweep,319,1.0,0.05188155909913085,2,319
femnist,10,110,unitscope-lambda-sweep,321,1.0,0.030505228633286637,3,321
femnist,10,110,unitscope-lambda-sweep,310,1.0,0.034213078255774354,4,310
femnist,10,110,unitscope-lambda-sweep,327,1.0,0.039239214595598794,5,327
femnist,10,110,unitscope-lambda-sweep,317,1.0,0.036186416896724236,6,317
femnist,10,110,unitscope-lambda-sweep,313,1.0,0.04584117407742994,7,313
femnist,10,110,unitscope-lambda-sweep,330,1.0,0.030136318352495937,8,330
femnist,10,110,unitscope-lambda-sweep,313,1.0,0.039853842512141795,9,313
femnist,10,110,unitscope-lambda-sweep,300,1.0,0.033770928830188555,10,300
femnist,10,110,unitscope-lambda-sweep,314,1.0,0.0415324528576897,11,314
femnist,10,110,unitscope-lambda-sweep,329,1.0,0.031684436193079306,12,329
femnist,10,110,unitscope-lambda-sweep,316,1.0,0.046643856897479484,13,316
femnist,10,110,unitscope-lambda-sweep,333,1.0,0.050777772647620165,14,333
femnist,10,110,unitscope-lambda-sweep,316,1.0,0.04889999181184931,15,316
femnist,10,110,unitscope-lambda-sweep,299,1.0,0.03230877630326242,16,299
femnist,10,110,unitscope-lambda-sweep,319,1.0,0.04571101415889691,17,319
femnist,10,110,unitscope-lambda-sweep,330,1.0,0.04108764256068992,18,330
femnist,10,110,unitscope-lambda-sweep,322,1.0,0.03989668970288113,19,322
femnist,10,110,unitscope-lambda-sweep,316,1.0,0.03868457268286852,20,316
femnist,10,110,unitscope-lambda-sweep,288,1.0,0.046258647211796775,21,288
femnist,10,110,unitscope-lambda-sweep,320,1.0,0.0350597102641675,22,320
femnist,10,110,unitscope-lambda-sweep,318,1.0,0.04104456521963807,23,318
femnist,10,110,unitscope-lambda-sweep,315,1.0,0.035139358775139275,24,315
femnist,10,110,unitscope-lambda-sweep,326,1.0,0.03577164524101289,25,326
femnist,10,110,unitscope-lambda-sweep,323,1.0,0.03677743125755586,26,323
femnist,10,110,unitscope-lambda-sweep,325,1.0,0.05580816354744324,27,325
femnist,10,110,unitscope-lambda-sweep,310,1.0,0.027653969844795883,28,310
femnist,10,110,unitscope-lambda-sweep,312,1.0,0.03776106227037532,29,312
femnist,10,110,unitscope-lambda-sweep,328,1.0,0.044929153759571114,30,328
femnist,10,110,unitscope-lambda-sweep,312,1.0,0.043808986064691476,31,312
femnist,10,110,unitscope-lambda-sweep,305,1.0,0.040674123571141675,32,305
femnist,10,110,unitscope-lambda-sweep,309,1.0,0.034234752168554476,33,309
femnist,10,110,unitscope-lambda-sweep,322,1.0,0.04095120867442165,34,322
femnist,10,110,unitscope-lambda-sweep,324,1.0,0.03985874685804273,35,324
femnist,10,110,unitscope-lambda-sweep,312,1.0,0.040716863470509436,36,312
femnist,10,110,unitscope-lambda-sweep,311,1.0,0.042877991464677356,37,311
femnist,10,110,unitscope-lambda-sweep,342,1.0,0.03979103664265114,38,342
femnist,10,110,unitscope-lambda-sweep,323,1.0,0.03523643717566178,39,323
femnist,10,110,unitscope-lambda-sweep,332,1.0,0.04827458902928774,40,332
femnist,10,110,unitscope-lambda-sweep,311,1.0,0.04416592067982496,41,311
femnist,10,110,unitscope-lambda-sweep,315,1.0,0.04272789311504276,42,315
femnist,10,110,unitscope-lambda-sweep,321,1.0,0.05279218207449083,43,321
femnist,10,110,unitscope-lambda-sweep,334,1.0,0.041319448470613036,44,334
femnist,10,110,unitscope-lambda-sweep,324,1.0,0.032542366463318935,45,324
femnist,10,110,unitscope-lambda-sweep,329,1.0,0.04652524421336006,46,329
femnist,10,110,unitscope-lambda-sweep,341,1.0,0.03754472408323016,47,341
femnist,10,110,unitscope-lambda-sweep,320,1.0,0.04102434036474771,48,320
femnist,10,110,unitscope-lambda-sweep,321,1.0,0.0463290921555787,49,321
femnist,10,110,unitscope-lambda-sweep,303,1.0,0.0410915952077468,50,303
femnist,11,111,naive-recalibrated-2c,323,1.0,0.30838451380300586,1,323
femnist,11,111,naive-recalibrated-2c,321,1.0,0.2650220993272224,2,321
femnist,11,111,naive-recalibrated-2c,337,1.0,0.2507602478929233,3,337
femnist,11,111,naive-recalibrated-2c,323,1.0,0.30230622008574654,4,323
femnist,11,111,naive-recalibrated-2c,324,1.0,0.28243969728941676,5,324
femnist,11,111,naive-recalibrated-2c,338,1.0,0.3468807762986778,6,338
femnist,11,111,naive-recalibrated-2c,328,1.0,0.37256540402061533,7,328
femnist,11,111,naive-recalibrated-2c,316,1.0,0.27487340412185124,8,316
femnist,11,111,naive-recalibrated-2c,341,1.0,0.2936019460333977,9,341
femnist,11,111,naive-recalibrated-2c,310,1.0,0.22608600440807275,10,310
femnist,11,111,naive-recalibrated-2c,331,1.0,0.3326812967927164,11,331
femnist,11,111,naive-recalibrated-2c,330,1.0,0.3402623695924297,12,330
femnist,11,111,naive-recalibrated-2c,327,1.0,0.3506669352167344,13,327
femnist,11,111,naive-recalibrated-2c,311,1.0,0.258144142319215,14,311
femnist,11,111,naive-recalibrated-2c,326,1.0,0.33617558444768075,15,326
femnist,11,111,naive-recalibrated-2c,310,1.0,0.3114627459511869,16,310
femnist,11,111,naive-recalibrated-2c,309,1.0,0.30457950066433,17,309
femnist,11,111,naive-recalibrated-2c,314,1.0,0.30392551647142885,18,314
femnist,11,111,naive-recalibrated-2c,334,1.0,0.4008013130529571,19,334
femnist,11,111,naive-recalibrated-2c,319,1.0,0.29907555784406076,20,319
femnist,11,111,naive-recalibrated-2c,305,1.0,0.30337862816599337,21,305
femnist,11,111,naive-recalibrated-2c,313,1.0,0.3058073205897672,22,313
femnist,11,111,naive-recalibrated-2c,317,1.0,0.2868448226505592,23,317
femnist,11,111,naive-recalibrated-2c,328,1.0,0.33383348513564015,24,328
femnist,11,111,naive-recalibrated-2c,294,1.0,0.2920313563464984,25,294
femnist,11,111,naive-recalibrated-2c,304,1.0,0.29363704659289586,26,304
femnist,11,111,naive-recalibrated-2c,315,1.0,0.27776834323771976,27,315
femnist,11,111,naive-recalibrated-2c,317,1.0,0.314634412777411,28,317
femnist,11,111,naive-recalibrated-2c,329,1.0,0.3400699192550686,29,329
femnist,11,111,naive-recalibrated-2c,330,1.0,0.3712150729759172,30,330
femnist,11,111,naive-recalibrated-2c,336,1.0,0.3100951177401594,31,336
femnist,11,111,naive-recalibrated-2c,322,1.0,0.30327943634215654,32,322
femnist,11,111,naive-recalibrated-2c,331,1.0,0.3187607909291439,33,331
femnist,11,111,naive-recalibrated-2c,335,1.0,0.3236294331063278,34,335
femnist,11,111,naive-recalibrated-2c,307,1.0,0.250932444865187,35,307
femnist,11,111,naive-recalibrated-2c,324,1.0,0.33751361028842697,36,324
femnist,11,111,naive-recalibrated-2c,308,1.0,0.27849091604072485,37,308
femnist,11,111,naive-recalibrated-2c,341,1.0,0.3426565769905291,38,341
femnist,11,111,naive-recalibrated-2c,312,1.0,0.32830755522271876,39,312
femnist,11,111,naive-recalibrated-2c,339,1.0,0.3355551079334722,40,339
femnist,11,111,naive-recalibrated-2c,323,1.0,0.4076423287949369,41,323
femnist,11,111,naive-recalibrated-2c,304,1.0,0.26718063890696675,42,304
femnist,11,111,naive-recalibrated-2c,311,1.0,0.30682603298888483,43,311
femnist,11,111,naive-recalibrated-2c,328,1.0,0.3612563782618157,44,328
femnist,11,111,naive-recalibrated-2c,323,1.0,0.3128493823919689,45,323
femnist,11,111,naive-recalibrated-2c,317,1.0,0.29864285105711474,46,317
femnist,11,111,naive-recalibrated-2c,336,1.0,0.3634156637142317,47,336
femnist,11,111,naive-recalibrated-2c,326,1.0,0.32439770075701907,48,326
femnist,11,111,naive-recalibrated-2c,321,1.0,0.3119185240880401,49,321
femnist,11,111,naive-recalibrated-2c,333,1.0,0.3236320377477429,50,333
femnist,11,111,unitscope-lambda-sweep,323,1.0,0.04720467060151514,1,323
femnist,11,111,unitscope-lambda-sweep,321,1.0,0.037421528870977556,2,321
femnist,11,111,unitscope-lambda-sweep,337,1.0,0.03449975404730157,3,337
femnist,11,111,unitscope-lambda-sweep,323,1.0,0.038821617133744137,4,323
femnist,11,111,unitscope-lambda-sweep,324,1.0,0.038826396342424276,5,324
femnist,11,111,unitscope-lambda-sweep,338,1.0,0.04948272273640545,6,338
femnist,11,111,unitscope-lambda-sweep,328,1.0,0.0719035550577377,7,328
femnist,11,111,unitscope-lambda-sweep,316,1.0,0.03600917099885577,8,316
femnist,11,111,unitscope-lambda-sweep,341,1.0,0.035890245257341497,9,341
femnist,11,111,unitscope-lambda-sweep,310,1.0,0.02778696047046753,10,310
femnist,11,111,unitscope-lambda-sweep,331,1.0,0.0442470496754352,11,331
femnist,11,111,unitscope-lambda-sweep,330,1.0,0.037822828201077185,12,330
femnist,11,111,unitscope-lambda-sweep,327,1.0,0.05610188697698701,13,327
femnist,11,111,unitscope-lambda-sweep,311,1.0,0.03575271693566618,14,311
femnist,11,111,unitscope-lambda-sweep,326,1.0,0.04720619586866448,15,326
femnist,11,111,unitscope-lambda-sweep,310,1.0,0.04900224710699561,16,310
femnist,11,111,unitscope-lambda-sweep,309,1.0,0.04488442157673048,17,309
femnist,11,111,unitscope-lambda-sweep,314,1.0,0.03848336339078176,18,314
femnist,11,111,unitscope-lambda-sweep,334,1.0,0.047929066394264315,19,334
femnist,11,111,unitscope-lambda-sweep,319,1.0,0.03369041799449745,20,319
femnist,11,111,unitscope-lambda-sweep,305,1.0,0.04405018777241251,21,305
femnist,11,111,unitscope-lambda-sweep,313,1.0,0.043680275207779666,22,313
femnist,11,111,unitscope-lambda-sweep,317,1.0,0.034338828793715775,23,317
femnist,11,111,unitscope-lambda-sweep,328,1.0,0.050879024720725516,24,328
femnist,11,111,unitscope-lambda-sweep,294,1.0,0.043054749483723155,25,294
femnist,11,111,unitscope-lambda-sweep,304,1.0,0.039165703962072675,26,304
femnist,11,111,unitscope-lambda-sweep,315,1.0,0.040920074199887524,27,315
femnist,11,111,unitscope-lambda-sweep,317,1.0,0.049310590261320605,28,317
femnist,11,111,unitscope-lambda-sweep,329,1.0,0.04869063801678104,29,329
femnist,11,111,unitscope-lambda-sweep,330,1.0,0.05519883425666985,30,330
femnist,11,111,unitscope-lambda-sweep,336,1.0,0.048451329301168605,31,336
femnist,11,111,unitscope-lambda-sweep,322,1.0,0.0431795546092383,32,322
femnist,11,111,unitscope-lambda-sweep,331,1.0,0.03881349971746707,33,331
femnist,11,111,unitscope-lambda-sweep,335,1.0,0.03604487913656423,34,335
femnist,11,111,unitscope-lambda-sweep,307,1.0,0.03761900295512442,35,307
femnist,11,111,unitscope-lambda-sweep,324,1.0,0.044865330607578455,36,324
femnist,11,111,unitscope-lambda-sweep,308,1.0,0.043328200144508736,37,308
femnist,11,111,unitscope-lambda-sweep,341,1.0,0.05460486306799304,38,341
femnist,11,111,unitscope-lambda-sweep,312,1.0,0.0507266881436423,39,312
femnist,11,111,unitscope-lambda-sweep,339,1.0,0.04256955965019027,40,339
femnist,11,111,unitscope-lambda-sweep,323,1.0,0.059803083235020545,41,323
femnist,11,111,unitscope-lambda-sweep,304,1.0,0.03397032448643293,42,304
femnist,11,111,unitscope-lambda-sweep,311,1.0,0.03864158719318627,43,311
femnist,11,111,unitscope-lambda-sweep,328,1.0,0.04291844292955166,44,328
femnist,11,111,unitscope-lambda-sweep,323,1.0,0.04956623969199639,45,323
femnist,11,111,unitscope-lambda-sweep,317,1.0,0.04266126636022742,46,317
femnist,11,111,unitscope-lambda-sweep,336,1.0,0.047888074548608085,47,336
femnist,11,111,unitscope-lambda-sweep,326,1.0,0.04120284099860474,48,326
femnist,11,111,unitscope-lambda-sweep,321,1.0,0.0514625102753227,49,321
femnist,11,111,unitscope-lambda-sweep,333,1.0,0.05438449341646159,50,333
femnist,11,111,handle-only-drop-residual,0,,0.0,1,0
femnist,11,111,handle-only-drop-residual,0,,0.0,2,0
femnist,11,111,handle-only-drop-residual,0,,0.0,3,0
femnist,11,111,handle-only-drop-residual,0,,0.0,4,0
femnist,11,111,handle-only-drop-residual,0,,0.0,5,0
femnist,11,111,handle-only-drop-residual,0,,0.0,6,0
femnist,11,111,handle-only-drop-residual,0,,0.0,7,0
femnist,11,111,handle-only-drop-residual,0,,0.0,8,0
femnist,11,111,handle-only-drop-residual,0,,0.0,9,0
femnist,11,111,handle-only-drop-residual,0,,0.0,10,0
femnist,11,111,handle-only-drop-residual,0,,0.0,11,0
femnist,11,111,handle-only-drop-residual,0,,0.0,12,0
femnist,11,111,handle-only-drop-residual,0,,0.0,13,0
femnist,11,111,handle-only-drop-residual,0,,0.0,14,0
femnist,11,111,handle-only-drop-residual,0,,0.0,15,0
femnist,11,111,handle-only-drop-residual,0,,0.0,16,0
femnist,11,111,handle-only-drop-residual,0,,0.0,17,0
femnist,11,111,handle-only-drop-residual,0,,0.0,18,0
femnist,11,111,handle-only-drop-residual,0,,0.0,19,0
femnist,11,111,handle-only-drop-residual,0,,0.0,20,0
femnist,11,111,handle-only-drop-residual,0,,0.0,21,0
femnist,11,111,handle-only-drop-residual,0,,0.0,22,0
femnist,11,111,handle-only-drop-residual,0,,0.0,23,0
femnist,11,111,handle-only-drop-residual,0,,0.0,24,0
femnist,11,111,handle-only-drop-residual,0,,0.0,25,0
femnist,11,111,handle-only-drop-residual,0,,0.0,26,0
femnist,11,111,handle-only-drop-residual,0,,0.0,27,0
femnist,11,111,handle-only-drop-residual,0,,0.0,28,0
femnist,11,111,handle-only-drop-residual,0,,0.0,29,0
femnist,11,111,handle-only-drop-residual,0,,0.0,30,0
femnist,11,111,handle-only-drop-residual,0,,0.0,31,0
femnist,11,111,handle-only-drop-residual,0,,0.0,32,0
femnist,11,111,handle-only-drop-residual,0,,0.0,33,0
femnist,11,111,handle-only-drop-residual,0,,0.0,34,0
femnist,11,111,handle-only-drop-residual,0,,0.0,35,0
femnist,11,111,handle-only-drop-residual,0,,0.0,36,0
femnist,11,111,handle-only-drop-residual,0,,0.0,37,0
femnist,11,111,handle-only-drop-residual,0,,0.0,38,0
femnist,11,111,handle-only-drop-residual,0,,0.0,39,0
femnist,11,111,handle-only-drop-residual,0,,0.0,40,0
femnist,11,111,handle-only-drop-residual,0,,0.0,41,0
femnist,11,111,handle-only-drop-residual,0,,0.0,42,0
femnist,11,111,handle-only-drop-residual,0,,0.0,43,0
femnist,11,111,handle-only-drop-residual,0,,0.0,44,0
femnist,11,111,handle-only-drop-residual,0,,0.0,45,0
femnist,11,111,handle-only-drop-residual,0,,0.0,46,0
femnist,11,111,handle-only-drop-residual,0,,0.0,47,0
femnist,11,111,handle-only-drop-residual,0,,0.0,48,0
femnist,11,111,handle-only-drop-residual,0,,0.0,49,0
femnist,11,111,handle-only-drop-residual,0,,0.0,50,0
femnist,11,111,stable-local-fallback,415,1.0,1.0,1,415
femnist,11,111,stable-local-fallback,413,1.0,1.0,2,413
femnist,11,111,stable-local-fallback,419,1.0,1.0,3,419
femnist,11,111,stable-local-fallback,401,1.0,1.0,4,401
femnist,11,111,stable-local-fallback,420,1.0,1.0,5,420
femnist,11,111,stable-local-fallback,414,1.0,1.0,6,414
femnist,11,111,stable-local-fallback,406,1.0,1.0,7,406
femnist,11,111,stable-local-fallback,403,1.0,1.0,8,403
femnist,11,111,stable-local-fallback,420,1.0,1.0,9,420
femnist,11,111,stable-local-fallback,405,1.0,1.0,10,405
femnist,11,111,stable-local-fallback,412,1.0,1.0,11,412
femnist,11,111,stable-local-fallback,419,1.0,1.0,12,419
femnist,11,111,stable-local-fallback,417,1.0,1.0,13,417
femnist,11,111,stable-local-fallback,408,1.0,1.0,14,408
femnist,11,111,stable-local-fallback,427,1.0,1.0,15,427
femnist,11,111,stable-local-fallback,405,1.0,1.0,16,405
femnist,11,111,stable-local-fallback,410,1.0,1.0,17,410
femnist,11,111,stable-local-fallback,408,1.0,1.0,18,408
femnist,11,111,stable-local-fallback,401,1.0,1.0,19,401
femnist,11,111,stable-local-fallback,409,1.0,1.0,20,409
femnist,11,111,stable-local-fallback,403,1.0,1.0,21,403
femnist,11,111,stable-local-fallback,401,1.0,1.0,22,401
femnist,11,111,stable-local-fallback,410,1.0,1.0,23,410
femnist,11,111,stable-local-fallback,406,1.0,1.0,24,406
femnist,11,111,stable-local-fallback,399,1.0,1.0,25,399
femnist,11,111,stable-local-fallback,396,1.0,1.0,26,396
femnist,11,111,stable-local-fallback,403,1.0,1.0,27,403
femnist,11,111,stable-local-fallback,412,1.0,1.0,28,412
femnist,11,111,stable-local-fallback,407,1.0,1.0,29,407
femnist,11,111,stable-local-fallback,411,1.0,1.0,30,411
femnist,11,111,stable-local-fallback,431,1.0,1.0,31,431
femnist,11,111,stable-local-fallback,411,1.0,1.0,32,411
femnist,11,111,stable-local-fallback,419,1.0,1.0,33,419
femnist,11,111,stable-local-fallback,407,1.0,1.0,34,407
femnist,11,111,stable-local-fallback,413,1.0,1.0,35,413
femnist,11,111,stable-local-fallback,415,1.0,1.0,36,415
femnist,11,111,stable-local-fallback,412,1.0,1.0,37,412
femnist,11,111,stable-local-fallback,421,1.0,1.0,38,421
femnist,11,111,stable-local-fallback,410,1.0,1.0,39,410
femnist,11,111,stable-local-fallback,416,1.0,1.0,40,416
femnist,11,111,stable-local-fallback,409,1.0,1.0,41,409
femnist,11,111,stable-local-fallback,403,1.0,1.0,42,403
femnist,11,111,stable-local-fallback,408,1.0,1.0,43,408
femnist,11,111,stable-local-fallback,411,1.0,1.0,44,411
femnist,11,111,stable-local-fallback,420,1.0,1.0,45,420
femnist,11,111,stable-local-fallback,426,1.0,1.0,46,426
femnist,11,111,stable-local-fallback,416,1.0,1.0,47,416
femnist,11,111,stable-local-fallback,403,1.0,1.0,48,403
femnist,11,111,stable-local-fallback,404,1.0,1.0,49,404
femnist,11,111,stable-local-fallback,420,1.0,1.0,50,420
femnist,12,112,naive-recalibrated-2c,312,1.0,0.21153554284911044,1,312
femnist,12,112,naive-recalibrated-2c,326,1.0,0.3989289228985019,2,326
femnist,12,112,naive-recalibrated-2c,326,1.0,0.18322202361555331,3,326
femnist,12,112,naive-recalibrated-2c,305,1.0,0.29974876368040065,4,305
femnist,12,112,naive-recalibrated-2c,310,1.0,0.34550381475530323,5,310
femnist,12,112,naive-recalibrated-2c,302,1.0,0.2581734028558047,6,302
femnist,12,112,naive-recalibrated-2c,307,1.0,0.2408800935534038,7,307
femnist,12,112,naive-recalibrated-2c,332,1.0,0.3819516751305073,8,332
femnist,12,112,naive-recalibrated-2c,323,1.0,0.3222637701353338,9,323
femnist,12,112,naive-recalibrated-2c,306,1.0,0.3011259837612457,10,306
femnist,12,112,naive-recalibrated-2c,312,1.0,0.32819517734204684,11,312
femnist,12,112,naive-recalibrated-2c,309,1.0,0.2343277995147916,12,309
femnist,12,112,naive-recalibrated-2c,324,1.0,0.4179104146514563,13,324
femnist,12,112,naive-recalibrated-2c,333,1.0,0.28417002842163297,14,333
femnist,12,112,naive-recalibrated-2c,317,1.0,0.4029776422068347,15,317
femnist,12,112,naive-recalibrated-2c,293,1.0,0.25221423532879916,16,293
femnist,12,112,naive-recalibrated-2c,322,1.0,0.2528800864039354,17,322
femnist,12,112,naive-recalibrated-2c,316,1.0,0.31882202532827897,18,316
femnist,12,112,naive-recalibrated-2c,316,1.0,0.3427645509302512,19,316
femnist,12,112,naive-recalibrated-2c,304,1.0,0.3090500285607989,20,304
femnist,12,112,naive-recalibrated-2c,315,1.0,0.3045062139538894,21,315
femnist,12,112,naive-recalibrated-2c,306,1.0,0.32705936615095316,22,306
femnist,12,112,naive-recalibrated-2c,320,1.0,0.32888754533242787,23,320
femnist,12,112,naive-recalibrated-2c,327,1.0,0.4071911270038486,24,327
femnist,12,112,naive-recalibrated-2c,300,1.0,0.3333083157429324,25,300
femnist,12,112,naive-recalibrated-2c,312,1.0,0.3031791689626129,26,312
femnist,12,112,naive-recalibrated-2c,308,1.0,0.31882129588362196,27,308
femnist,12,112,naive-recalibrated-2c,311,1.0,0.2933640268821267,28,311
femnist,12,112,naive-recalibrated-2c,323,1.0,0.32166458267789466,29,323
femnist,12,112,naive-recalibrated-2c,306,1.0,0.297657760618188,30,306
femnist,12,112,naive-recalibrated-2c,325,1.0,0.30727624737013265,31,325
femnist,12,112,naive-recalibrated-2c,312,1.0,0.3078424527554293,32,312
femnist,12,112,naive-recalibrated-2c,313,1.0,0.3292647732967364,33,313
femnist,12,112,naive-recalibrated-2c,316,1.0,0.30981979086630773,34,316
femnist,12,112,naive-recalibrated-2c,320,1.0,0.3380175065898806,35,320
femnist,12,112,naive-recalibrated-2c,311,1.0,0.3105334752059575,36,311
femnist,12,112,naive-recalibrated-2c,325,1.0,0.3475730201243884,37,325
femnist,12,112,naive-recalibrated-2c,323,1.0,0.3094259870489766,38,323
femnist,12,112,naive-recalibrated-2c,314,1.0,0.2937661665179038,39,314
femnist,12,112,naive-recalibrated-2c,337,1.0,0.34164696018734364,40,337
femnist,12,112,naive-recalibrated-2c,320,1.0,0.3241301697524403,41,320
femnist,12,112,naive-recalibrated-2c,312,1.0,0.34751835553482374,42,312
femnist,12,112,naive-recalibrated-2c,332,1.0,0.39007245887117814,43,332
femnist,12,112,naive-recalibrated-2c,326,1.0,0.3262648466550886,44,326
femnist,12,112,naive-recalibrated-2c,313,1.0,0.2674419983375724,45,313
femnist,12,112,naive-recalibrated-2c,331,1.0,0.35702587910028827,46,331
femnist,12,112,naive-recalibrated-2c,300,1.0,0.26503608683240687,47,300
femnist,12,112,naive-recalibrated-2c,330,1.0,0.3499938117346076,48,330
femnist,12,112,naive-recalibrated-2c,314,1.0,0.3286926567569189,49,314
femnist,12,112,naive-recalibrated-2c,314,1.0,0.3843082755473981,50,314
femnist,12,112,stable-local-fallback,417,1.0,1.0,1,417
femnist,12,112,stable-local-fallback,420,1.0,1.0,2,420
femnist,12,112,stable-local-fallback,421,1.0,1.0,3,421
femnist,12,112,stable-local-fallback,397,1.0,1.0,4,397
femnist,12,112,stable-local-fallback,399,1.0,1.0,5,399
femnist,12,112,stable-local-fallback,399,1.0,1.0,6,399
femnist,12,112,stable-local-fallback,405,1.0,1.0,7,405
femnist,12,112,stable-local-fallback,424,1.0,1.0,8,424
femnist,12,112,stable-local-fallback,409,1.0,1.0,9,409
femnist,12,112,stable-local-fallback,405,1.0,1.0,10,405
femnist,12,112,stable-local-fallback,405,1.0,1.0,11,405
femnist,12,112,stable-local-fallback,409,1.0,1.0,12,409
femnist,12,112,stable-local-fallback,403,1.0,1.0,13,403
femnist,12,112,stable-local-fallback,405,1.0,1.0,14,405
femnist,12,112,stable-local-fallback,400,1.0,1.0,15,400
femnist,12,112,stable-local-fallback,391,1.0,1.0,16,391
femnist,12,112,stable-local-fallback,397,1.0,1.0,17,397
femnist,12,112,stable-local-fallback,414,1.0,1.0,18,414
femnist,12,112,stable-local-fallback,422,1.0,1.0,19,422
femnist,12,112,stable-local-fallback,401,1.0,1.0,20,401
femnist,12,112,stable-local-fallback,412,1.0,1.0,21,412
femnist,12,112,stable-local-fallback,398,1.0,1.0,22,398
femnist,12,112,stable-local-fallback,415,1.0,1.0,23,415
femnist,12,112,stable-local-fallback,404,1.0,1.0,24,404
femnist,12,112,stable-local-fallback,402,1.0,1.0,25,402
femnist,12,112,stable-local-fallback,414,1.0,1.0,26,414
femnist,12,112,stable-local-fallback,406,1.0,1.0,27,406
femnist,12,112,stable-local-fallback,400,1.0,1.0,28,400
femnist,12,112,stable-local-fallback,423,1.0,1.0,29,423
femnist,12,112,stable-local-fallback,397,1.0,1.0,30,397
femnist,12,112,stable-local-fallback,407,1.0,1.0,31,407
femnist,12,112,stable-local-fallback,403,1.0,1.0,32,403
femnist,12,112,stable-local-fallback,406,1.0,1.0,33,406
femnist,12,112,stable-local-fallback,409,1.0,1.0,34,409
femnist,12,112,stable-local-fallback,403,1.0,1.0,35,403
femnist,12,112,stable-local-fallback,411,1.0,1.0,36,411
femnist,12,112,stable-local-fallback,412,1.0,1.0,37,412
femnist,12,112,stable-local-fallback,402,1.0,1.0,38,402
femnist,12,112,stable-local-fallback,405,1.0,1.0,39,405
femnist,12,112,stable-local-fallback,429,1.0,1.0,40,429
femnist,12,112,stable-local-fallback,408,1.0,1.0,41,408
femnist,12,112,stable-local-fallback,414,1.0,1.0,42,414
femnist,12,112,stable-local-fallback,410,1.0,1.0,43,410
femnist,12,112,stable-local-fallback,413,1.0,1.0,44,413
femnist,12,112,stable-local-fallback,406,1.0,1.0,45,406
femnist,12,112,stable-local-fallback,418,1.0,1.0,46,418
femnist,12,112,stable-local-fallback,412,1.0,1.0,47,412
femnist,12,112,stable-local-fallback,416,1.0,1.0,48,416
femnist,12,112,stable-local-fallback,398,1.0,1.0,49,398
femnist,12,112,stable-local-fallback,402,1.0,1.0,50,402
femnist,12,112,unitscope-lambda-sweep,312,1.0,0.028946881836006126,1,312
femnist,12,112,unitscope-lambda-sweep,326,1.0,0.052458893467246,2,326
femnist,12,112,unitscope-lambda-sweep,326,1.0,0.024233600231010496,3,326
femnist,12,112,unitscope-lambda-sweep,305,1.0,0.035116496931429514,4,305
femnist,12,112,unitscope-lambda-sweep,310,1.0,0.06189953681872817,5,310
femnist,12,112,unitscope-lambda-sweep,302,1.0,0.03011744799947112,6,302
femnist,12,112,unitscope-lambda-sweep,307,1.0,0.03427505202609718,7,307
femnist,12,112,unitscope-lambda-sweep,332,1.0,0.04705092079027524,8,332
femnist,12,112,unitscope-lambda-sweep,323,1.0,0.053916713151877155,9,323
femnist,12,112,unitscope-lambda-sweep,306,1.0,0.044710686734998915,10,306
femnist,12,112,unitscope-lambda-sweep,312,1.0,0.04307145097174345,11,312
femnist,12,112,unitscope-lambda-sweep,309,1.0,0.028209209785275614,12,309
femnist,12,112,unitscope-lambda-sweep,324,1.0,0.04755162509513016,13,324
femnist,12,112,unitscope-lambda-sweep,333,1.0,0.045624441121170846,14,333
femnist,12,112,unitscope-lambda-sweep,317,1.0,0.0540239124804064,15,317
femnist,12,112,unitscope-lambda-sweep,293,1.0,0.03937250750425483,16,293
femnist,12,112,unitscope-lambda-sweep,322,1.0,0.029185406035177292,17,322
femnist,12,112,unitscope-lambda-sweep,316,1.0,0.02998042481623421,18,316
femnist,12,112,unitscope-lambda-sweep,316,1.0,0.030093894426035817,19,316
femnist,12,112,unitscope-lambda-sweep,304,1.0,0.03305383811078563,20,304
femnist,12,112,unitscope-lambda-sweep,315,1.0,0.04151564587438403,21,315
femnist,12,112,unitscope-lambda-sweep,306,1.0,0.03974272912111775,22,306
femnist,12,112,unitscope-lambda-sweep,320,1.0,0.04105946747584879,23,320
femnist,12,112,unitscope-lambda-sweep,327,1.0,0.07262056235726945,24,327
femnist,12,112,unitscope-lambda-sweep,300,1.0,0.03078982817643949,25,300
femnist,12,112,unitscope-lambda-sweep,312,1.0,0.02938001626056016,26,312
femnist,12,112,unitscope-lambda-sweep,308,1.0,0.029512020045772053,27,308
femnist,12,112,unitscope-lambda-sweep,311,1.0,0.03241658685435752,28,311
femnist,12,112,unitscope-lambda-sweep,323,1.0,0.03836538426749272,29,323
femnist,12,112,unitscope-lambda-sweep,306,1.0,0.028028859407140262,30,306
femnist,12,112,unitscope-lambda-sweep,325,1.0,0.03612021489587679,31,325
femnist,12,112,unitscope-lambda-sweep,312,1.0,0.0482617968530492,32,312
femnist,12,112,unitscope-lambda-sweep,313,1.0,0.03754218299465977,33,313
femnist,12,112,unitscope-lambda-sweep,316,1.0,0.03333840825887164,34,316
femnist,12,112,unitscope-lambda-sweep,320,1.0,0.04425233435788953,35,320
femnist,12,112,unitscope-lambda-sweep,311,1.0,0.04379240538252093,36,311
femnist,12,112,unitscope-lambda-sweep,325,1.0,0.05223435126733276,37,325
femnist,12,112,unitscope-lambda-sweep,323,1.0,0.039252370766165355,38,323
femnist,12,112,unitscope-lambda-sweep,314,1.0,0.029321410848015143,39,314
femnist,12,112,unitscope-lambda-sweep,337,1.0,0.03715069907692876,40,337
femnist,12,112,unitscope-lambda-sweep,320,1.0,0.036252919271865316,41,320
femnist,12,112,unitscope-lambda-sweep,312,1.0,0.046037637156877455,42,312
femnist,12,112,unitscope-lambda-sweep,332,1.0,0.05146105462795699,43,332
femnist,12,112,unitscope-lambda-sweep,326,1.0,0.029662184842068014,44,326
femnist,12,112,unitscope-lambda-sweep,313,1.0,0.03737098546137919,45,313
femnist,12,112,unitscope-lambda-sweep,331,1.0,0.04895944768690653,46,331
femnist,12,112,unitscope-lambda-sweep,300,1.0,0.039700603547971156,47,300
femnist,12,112,unitscope-lambda-sweep,330,1.0,0.049554369139987675,48,330
femnist,12,112,unitscope-lambda-sweep,314,1.0,0.042459874521839934,49,314
femnist,12,112,unitscope-lambda-sweep,314,1.0,0.05790880267455781,50,314
femnist,12,112,handle-only-drop-residual,0,,0.0,1,0
femnist,12,112,handle-only-drop-residual,0,,0.0,2,0
femnist,12,112,handle-only-drop-residual,0,,0.0,3,0
femnist,12,112,handle-only-drop-residual,0,,0.0,4,0
femnist,12,112,handle-only-drop-residual,0,,0.0,5,0
femnist,12,112,handle-only-drop-residual,0,,0.0,6,0
femnist,12,112,handle-only-drop-residual,0,,0.0,7,0
femnist,12,112,handle-only-drop-residual,0,,0.0,8,0
femnist,12,112,handle-only-drop-residual,0,,0.0,9,0
femnist,12,112,handle-only-drop-residual,0,,0.0,10,0
femnist,12,112,handle-only-drop-residual,0,,0.0,11,0
femnist,12,112,handle-only-drop-residual,0,,0.0,12,0
femnist,12,112,handle-only-drop-residual,0,,0.0,13,0
femnist,12,112,handle-only-drop-residual,0,,0.0,14,0
femnist,12,112,handle-only-drop-residual,0,,0.0,15,0
femnist,12,112,handle-only-drop-residual,0,,0.0,16,0
femnist,12,112,handle-only-drop-residual,0,,0.0,17,0
femnist,12,112,handle-only-drop-residual,0,,0.0,18,0
femnist,12,112,handle-only-drop-residual,0,,0.0,19,0
femnist,12,112,handle-only-drop-residual,0,,0.0,20,0
femnist,12,112,handle-only-drop-residual,0,,0.0,21,0
femnist,12,112,handle-only-drop-residual,0,,0.0,22,0
femnist,12,112,handle-only-drop-residual,0,,0.0,23,0
femnist,12,112,handle-only-drop-residual,0,,0.0,24,0
femnist,12,112,handle-only-drop-residual,0,,0.0,25,0
femnist,12,112,handle-only-drop-residual,0,,0.0,26,0
femnist,12,112,handle-only-drop-residual,0,,0.0,27,0
femnist,12,112,handle-only-drop-residual,0,,0.0,28,0
femnist,12,112,handle-only-drop-residual,0,,0.0,29,0
femnist,12,112,handle-only-drop-residual,0,,0.0,30,0
femnist,12,112,handle-only-drop-residual,0,,0.0,31,0
femnist,12,112,handle-only-drop-residual,0,,0.0,32,0
femnist,12,112,handle-only-drop-residual,0,,0.0,33,0
femnist,12,112,handle-only-drop-residual,0,,0.0,34,0
femnist,12,112,handle-only-drop-residual,0,,0.0,35,0
femnist,12,112,handle-only-drop-residual,0,,0.0,36,0
femnist,12,112,handle-only-drop-residual,0,,0.0,37,0
femnist,12,112,handle-only-drop-residual,0,,0.0,38,0
femnist,12,112,handle-only-drop-residual,0,,0.0,39,0
femnist,12,112,handle-only-drop-residual,0,,0.0,40,0
femnist,12,112,handle-only-drop-residual,0,,0.0,41,0
femnist,12,112,handle-only-drop-residual,0,,0.0,42,0
femnist,12,112,handle-only-drop-residual,0,,0.0,43,0
femnist,12,112,handle-only-drop-residual,0,,0.0,44,0
femnist,12,112,handle-only-drop-residual,0,,0.0,45,0
femnist,12,112,handle-only-drop-residual,0,,0.0,46,0
femnist,12,112,handle-only-drop-residual,0,,0.0,47,0
femnist,12,112,handle-only-drop-residual,0,,0.0,48,0
femnist,12,112,handle-only-drop-residual,0,,0.0,49,0
femnist,12,112,handle-only-drop-residual,0,,0.0,50,0
femnist,13,113,handle-only-drop-residual,0,,0.0,1,0
femnist,13,113,handle-only-drop-residual,0,,0.0,2,0
femnist,13,113,handle-only-drop-residual,0,,0.0,3,0
femnist,13,113,handle-only-drop-residual,0,,0.0,4,0
femnist,13,113,handle-only-drop-residual,0,,0.0,5,0
femnist,13,113,handle-only-drop-residual,0,,0.0,6,0
femnist,13,113,handle-only-drop-residual,0,,0.0,7,0
femnist,13,113,handle-only-drop-residual,0,,0.0,8,0
femnist,13,113,handle-only-drop-residual,0,,0.0,9,0
femnist,13,113,handle-only-drop-residual,0,,0.0,10,0
femnist,13,113,handle-only-drop-residual,0,,0.0,11,0
femnist,13,113,handle-only-drop-residual,0,,0.0,12,0
femnist,13,113,handle-only-drop-residual,0,,0.0,13,0
femnist,13,113,handle-only-drop-residual,0,,0.0,14,0
femnist,13,113,handle-only-drop-residual,0,,0.0,15,0
femnist,13,113,handle-only-drop-residual,0,,0.0,16,0
femnist,13,113,handle-only-drop-residual,0,,0.0,17,0
femnist,13,113,handle-only-drop-residual,0,,0.0,18,0
femnist,13,113,handle-only-drop-residual,0,,0.0,19,0
femnist,13,113,handle-only-drop-residual,0,,0.0,20,0
femnist,13,113,handle-only-drop-residual,0,,0.0,21,0
femnist,13,113,handle-only-drop-residual,0,,0.0,22,0
femnist,13,113,handle-only-drop-residual,0,,0.0,23,0
femnist,13,113,handle-only-drop-residual,0,,0.0,24,0
femnist,13,113,handle-only-drop-residual,0,,0.0,25,0
femnist,13,113,handle-only-drop-residual,0,,0.0,26,0
femnist,13,113,handle-only-drop-residual,0,,0.0,27,0
femnist,13,113,handle-only-drop-residual,0,,0.0,28,0
femnist,13,113,handle-only-drop-residual,0,,0.0,29,0
femnist,13,113,handle-only-drop-residual,0,,0.0,30,0
femnist,13,113,handle-only-drop-residual,0,,0.0,31,0
femnist,13,113,handle-only-drop-residual,0,,0.0,32,0
femnist,13,113,handle-only-drop-residual,0,,0.0,33,0
femnist,13,113,handle-only-drop-residual,0,,0.0,34,0
femnist,13,113,handle-only-drop-residual,0,,0.0,35,0
femnist,13,113,handle-only-drop-residual,0,,0.0,36,0
femnist,13,113,handle-only-drop-residual,0,,0.0,37,0
femnist,13,113,handle-only-drop-residual,0,,0.0,38,0
femnist,13,113,handle-only-drop-residual,0,,0.0,39,0
femnist,13,113,handle-only-drop-residual,0,,0.0,40,0
femnist,13,113,handle-only-drop-residual,0,,0.0,41,0
femnist,13,113,handle-only-drop-residual,0,,0.0,42,0
femnist,13,113,handle-only-drop-residual,0,,0.0,43,0
femnist,13,113,handle-only-drop-residual,0,,0.0,44,0
femnist,13,113,handle-only-drop-residual,0,,0.0,45,0
femnist,13,113,handle-only-drop-residual,0,,0.0,46,0
femnist,13,113,handle-only-drop-residual,0,,0.0,47,0
femnist,13,113,handle-only-drop-residual,0,,0.0,48,0
femnist,13,113,handle-only-drop-residual,0,,0.0,49,0
femnist,13,113,handle-only-drop-residual,0,,0.0,50,0
femnist,13,113,unitscope-lambda-sweep,315,1.0,0.04181662789394797,1,315
femnist,13,113,unitscope-lambda-sweep,324,1.0,0.0367216152104945,2,324
femnist,13,113,unitscope-lambda-sweep,319,1.0,0.05082259298662445,3,319
femnist,13,113,unitscope-lambda-sweep,323,1.0,0.03364843253856805,4,323
femnist,13,113,unitscope-lambda-sweep,311,1.0,0.06059529188470963,5,311
femnist,13,113,unitscope-lambda-sweep,344,1.0,0.042864758777640795,6,344
femnist,13,113,unitscope-lambda-sweep,328,1.0,0.04161241977319629,7,328
femnist,13,113,unitscope-lambda-sweep,318,1.0,0.036728830632632145,8,318
femnist,13,113,unitscope-lambda-sweep,317,1.0,0.03408538888607319,9,317
femnist,13,113,unitscope-lambda-sweep,328,1.0,0.043040551663951404,10,328
femnist,13,113,unitscope-lambda-sweep,315,1.0,0.04684549120458623,11,315
femnist,13,113,unitscope-lambda-sweep,323,1.0,0.032892486600007625,12,323
femnist,13,113,unitscope-lambda-sweep,307,1.0,0.03708863666229735,13,307
femnist,13,113,unitscope-lambda-sweep,313,1.0,0.04421356266584333,14,313
femnist,13,113,unitscope-lambda-sweep,327,1.0,0.04502588589138535,15,327
femnist,13,113,unitscope-lambda-sweep,327,1.0,0.058420165603530666,16,327
femnist,13,113,unitscope-lambda-sweep,327,1.0,0.03948662012107728,17,327
femnist,13,113,unitscope-lambda-sweep,307,1.0,0.047800083944214214,18,307
femnist,13,113,unitscope-lambda-sweep,335,1.0,0.0435732007295537,19,335
femnist,13,113,unitscope-lambda-sweep,342,1.0,0.057634870986576894,20,342
femnist,13,113,unitscope-lambda-sweep,323,1.0,0.05417942037157445,21,323
femnist,13,113,unitscope-lambda-sweep,319,1.0,0.02682505469309346,22,319
femnist,13,113,unitscope-lambda-sweep,313,1.0,0.05926698823753907,23,313
femnist,13,113,unitscope-lambda-sweep,331,1.0,0.0597165672076581,24,331
femnist,13,113,unitscope-lambda-sweep,327,1.0,0.028042718036479262,25,327
femnist,13,113,unitscope-lambda-sweep,319,1.0,0.027052010956682193,26,319
femnist,13,113,unitscope-lambda-sweep,323,1.0,0.05415155302023544,27,323
femnist,13,113,unitscope-lambda-sweep,311,1.0,0.0484853862321307,28,311
femnist,13,113,unitscope-lambda-sweep,324,1.0,0.04203136812749515,29,324
femnist,13,113,unitscope-lambda-sweep,323,1.0,0.05323715519572964,30,323
femnist,13,113,unitscope-lambda-sweep,320,1.0,0.04756520693593961,31,320
femnist,13,113,unitscope-lambda-sweep,321,1.0,0.034516285860658295,32,321
femnist,13,113,unitscope-lambda-sweep,325,1.0,0.03490018002038625,33,325
femnist,13,113,unitscope-lambda-sweep,318,1.0,0.04465870243428033,34,318
femnist,13,113,unitscope-lambda-sweep,310,1.0,0.04423794585390684,35,310
femnist,13,113,unitscope-lambda-sweep,301,1.0,0.03897156689693921,36,301
femnist,13,113,unitscope-lambda-sweep,338,1.0,0.03723897368022136,37,338
femnist,13,113,unitscope-lambda-sweep,335,1.0,0.03890313293662289,38,335
femnist,13,113,unitscope-lambda-sweep,317,1.0,0.031386490564094566,39,317
femnist,13,113,unitscope-lambda-sweep,306,1.0,0.03280569298856077,40,306
femnist,13,113,unitscope-lambda-sweep,323,1.0,0.051446588206906264,41,323
femnist,13,113,unitscope-lambda-sweep,333,1.0,0.059209801657325,42,333
femnist,13,113,unitscope-lambda-sweep,332,1.0,0.05406017087946323,43,332
femnist,13,113,unitscope-lambda-sweep,319,1.0,0.05454422325054184,44,319
femnist,13,113,unitscope-lambda-sweep,312,1.0,0.04102492878506815,45,312
femnist,13,113,unitscope-lambda-sweep,326,1.0,0.0601299040494969,46,326
femnist,13,113,unitscope-lambda-sweep,315,1.0,0.05541983637403518,47,315
femnist,13,113,unitscope-lambda-sweep,312,1.0,0.04513247933636261,48,312
femnist,13,113,unitscope-lambda-sweep,331,1.0,0.058102987110893976,49,331
femnist,13,113,unitscope-lambda-sweep,323,1.0,0.0494573441610528,50,323
femnist,13,113,naive-recalibrated-2c,315,1.0,0.28200847681065483,1,315
femnist,13,113,naive-recalibrated-2c,324,1.0,0.26321605612754234,2,324
femnist,13,113,naive-recalibrated-2c,319,1.0,0.3147397683641496,3,319
femnist,13,113,naive-recalibrated-2c,323,1.0,0.28188046283628804,4,323
femnist,13,113,naive-recalibrated-2c,311,1.0,0.37939659859390973,5,311
femnist,13,113,naive-recalibrated-2c,344,1.0,0.2683698892932237,6,344
femnist,13,113,naive-recalibrated-2c,328,1.0,0.3436116494555293,7,328
femnist,13,113,naive-recalibrated-2c,318,1.0,0.26133569356908326,8,318
femnist,13,113,naive-recalibrated-2c,317,1.0,0.2636763265749226,9,317
femnist,13,113,naive-recalibrated-2c,328,1.0,0.3143694353491086,10,328
femnist,13,113,naive-recalibrated-2c,315,1.0,0.35853713618585026,11,315
femnist,13,113,naive-recalibrated-2c,323,1.0,0.24767364967932184,12,323
femnist,13,113,naive-recalibrated-2c,307,1.0,0.29248573878878414,13,307
femnist,13,113,naive-recalibrated-2c,313,1.0,0.2650440788022034,14,313
femnist,13,113,naive-recalibrated-2c,327,1.0,0.32966484466650503,15,327
femnist,13,113,naive-recalibrated-2c,327,1.0,0.3809659822511868,16,327
femnist,13,113,naive-recalibrated-2c,327,1.0,0.2821369907839698,17,327
femnist,13,113,naive-recalibrated-2c,307,1.0,0.3366663775702919,18,307
femnist,13,113,naive-recalibrated-2c,335,1.0,0.34646183047249834,19,335
femnist,13,113,naive-recalibrated-2c,342,1.0,0.4171420217735473,20,342
femnist,13,113,naive-recalibrated-2c,323,1.0,0.31613361905283105,21,323
femnist,13,113,naive-recalibrated-2c,319,1.0,0.2785152362597872,22,319
femnist,13,113,naive-recalibrated-2c,313,1.0,0.3722304066586153,23,313
femnist,13,113,naive-recalibrated-2c,331,1.0,0.2855286829316582,24,331
femnist,13,113,naive-recalibrated-2c,327,1.0,0.323668157714303,25,327
femnist,13,113,naive-recalibrated-2c,319,1.0,0.31262693492185195,26,319
femnist,13,113,naive-recalibrated-2c,323,1.0,0.4188819980866698,27,323
femnist,13,113,naive-recalibrated-2c,311,1.0,0.32036031086336353,28,311
femnist,13,113,naive-recalibrated-2c,324,1.0,0.3184947562271043,29,324
femnist,13,113,naive-recalibrated-2c,323,1.0,0.3631732892728395,30,323
femnist,13,113,naive-recalibrated-2c,320,1.0,0.28800564435055936,31,320
femnist,13,113,naive-recalibrated-2c,321,1.0,0.31341277747316487,32,321
femnist,13,113,naive-recalibrated-2c,325,1.0,0.3256136611130168,33,325
femnist,13,113,naive-recalibrated-2c,318,1.0,0.3247848554351222,34,318
femnist,13,113,naive-recalibrated-2c,310,1.0,0.31720573448407297,35,310
femnist,13,113,naive-recalibrated-2c,301,1.0,0.2620892551845358,36,301
femnist,13,113,naive-recalibrated-2c,338,1.0,0.30221954937605355,37,338
femnist,13,113,naive-recalibrated-2c,335,1.0,0.3209508273247927,38,335
femnist,13,113,naive-recalibrated-2c,317,1.0,0.23931030669572062,39,317
femnist,13,113,naive-recalibrated-2c,306,1.0,0.26983712125175513,40,306
femnist,13,113,naive-recalibrated-2c,323,1.0,0.33683545918546726,41,323
femnist,13,113,naive-recalibrated-2c,333,1.0,0.3578026686560714,42,333
femnist,13,113,naive-recalibrated-2c,332,1.0,0.35000180172093864,43,332
femnist,13,113,naive-recalibrated-2c,319,1.0,0.3556989277748739,44,319
femnist,13,113,naive-recalibrated-2c,312,1.0,0.29019548011642227,45,312
femnist,13,113,naive-recalibrated-2c,326,1.0,0.37689208576985844,46,326
femnist,13,113,naive-recalibrated-2c,315,1.0,0.33607580514936125,47,315
femnist,13,113,naive-recalibrated-2c,312,1.0,0.26029415351882795,48,312
femnist,13,113,naive-recalibrated-2c,331,1.0,0.33104939764951635,49,331
femnist,13,113,naive-recalibrated-2c,323,1.0,0.313386912159659,50,323
femnist,13,113,stable-local-fallback,403,1.0,1.0,1,403
femnist,13,113,stable-local-fallback,414,1.0,1.0,2,414
femnist,13,113,stable-local-fallback,402,1.0,1.0,3,402
femnist,13,113,stable-local-fallback,405,1.0,1.0,4,405
femnist,13,113,stable-local-fallback,397,1.0,1.0,5,397
femnist,13,113,stable-local-fallback,416,1.0,1.0,6,416
femnist,13,113,stable-local-fallback,412,1.0,1.0,7,412
femnist,13,113,stable-local-fallback,411,1.0,1.0,8,411
femnist,13,113,stable-local-fallback,423,1.0,1.0,9,423
femnist,13,113,stable-local-fallback,403,1.0,1.0,10,403
femnist,13,113,stable-local-fallback,396,1.0,1.0,11,396
femnist,13,113,stable-local-fallback,413,1.0,1.0,12,413
femnist,13,113,stable-local-fallback,405,1.0,1.0,13,405
femnist,13,113,stable-local-fallback,414,1.0,1.0,14,414
femnist,13,113,stable-local-fallback,418,1.0,1.0,15,418
femnist,13,113,stable-local-fallback,410,1.0,1.0,16,410
femnist,13,113,stable-local-fallback,415,1.0,1.0,17,415
femnist,13,113,stable-local-fallback,401,1.0,1.0,18,401
femnist,13,113,stable-local-fallback,419,1.0,1.0,19,419
femnist,13,113,stable-local-fallback,417,1.0,1.0,20,417
femnist,13,113,stable-local-fallback,406,1.0,1.0,21,406
femnist,13,113,stable-local-fallback,410,1.0,1.0,22,410
femnist,13,113,stable-local-fallback,392,1.0,1.0,23,392
femnist,13,113,stable-local-fallback,404,1.0,1.0,24,404
femnist,13,113,stable-local-fallback,415,1.0,1.0,25,415
femnist,13,113,stable-local-fallback,415,1.0,1.0,26,415
femnist,13,113,stable-local-fallback,401,1.0,1.0,27,401
femnist,13,113,stable-local-fallback,397,1.0,1.0,28,397
femnist,13,113,stable-local-fallback,414,1.0,1.0,29,414
femnist,13,113,stable-local-fallback,404,1.0,1.0,30,404
femnist,13,113,stable-local-fallback,405,1.0,1.0,31,405
femnist,13,113,stable-local-fallback,424,1.0,1.0,32,424
femnist,13,113,stable-local-fallback,409,1.0,1.0,33,409
femnist,13,113,stable-local-fallback,412,1.0,1.0,34,412
femnist,13,113,stable-local-fallback,402,1.0,1.0,35,402
femnist,13,113,stable-local-fallback,412,1.0,1.0,36,412
femnist,13,113,stable-local-fallback,422,1.0,1.0,37,422
femnist,13,113,stable-local-fallback,414,1.0,1.0,38,414
femnist,13,113,stable-local-fallback,418,1.0,1.0,39,418
femnist,13,113,stable-local-fallback,398,1.0,1.0,40,398
femnist,13,113,stable-local-fallback,414,1.0,1.0,41,414
femnist,13,113,stable-local-fallback,413,1.0,1.0,42,413
femnist,13,113,stable-local-fallback,420,1.0,1.0,43,420
femnist,13,113,stable-local-fallback,420,1.0,1.0,44,420
femnist,13,113,stable-local-fallback,415,1.0,1.0,45,415
femnist,13,113,stable-local-fallback,423,1.0,1.0,46,423
femnist,13,113,stable-local-fallback,414,1.0,1.0,47,414
femnist,13,113,stable-local-fallback,410,1.0,1.0,48,410
femnist,13,113,stable-local-fallback,418,1.0,1.0,49,418
femnist,13,113,stable-local-fallback,401,1.0,1.0,50,401
femnist,14,114,stable-local-fallback,409,1.0,1.0,1,409
femnist,14,114,stable-local-fallback,414,1.0,1.0,2,414
femnist,14,114,stable-local-fallback,410,1.0,1.0,3,410
femnist,14,114,stable-local-fallback,420,1.0,1.0,4,420
femnist,14,114,stable-local-fallback,410,1.0,1.0,5,410
femnist,14,114,stable-local-fallback,408,1.0,1.0,6,408
femnist,14,114,stable-local-fallback,415,1.0,1.0,7,415
femnist,14,114,stable-local-fallback,413,1.0,1.0,8,413
femnist,14,114,stable-local-fallback,401,1.0,1.0,9,401
femnist,14,114,stable-local-fallback,410,1.0,1.0,10,410
femnist,14,114,stable-local-fallback,418,1.0,1.0,11,418
femnist,14,114,stable-local-fallback,413,1.0,1.0,12,413
femnist,14,114,stable-local-fallback,414,1.0,1.0,13,414
femnist,14,114,stable-local-fallback,416,1.0,1.0,14,416
femnist,14,114,stable-local-fallback,419,1.0,1.0,15,419
femnist,14,114,stable-local-fallback,408,1.0,1.0,16,408
femnist,14,114,stable-local-fallback,410,1.0,1.0,17,410
femnist,14,114,stable-local-fallback,407,1.0,1.0,18,407
femnist,14,114,stable-local-fallback,409,1.0,1.0,19,409
femnist,14,114,stable-local-fallback,416,1.0,1.0,20,416
femnist,14,114,stable-local-fallback,405,1.0,1.0,21,405
femnist,14,114,stable-local-fallback,416,1.0,1.0,22,416
femnist,14,114,stable-local-fallback,403,1.0,1.0,23,403
femnist,14,114,stable-local-fallback,396,1.0,1.0,24,396
femnist,14,114,stable-local-fallback,419,1.0,1.0,25,419
femnist,14,114,stable-local-fallback,420,1.0,1.0,26,420
femnist,14,114,stable-local-fallback,412,1.0,1.0,27,412
femnist,14,114,stable-local-fallback,412,1.0,1.0,28,412
femnist,14,114,stable-local-fallback,420,1.0,1.0,29,420
femnist,14,114,stable-local-fallback,421,1.0,1.0,30,421
femnist,14,114,stable-local-fallback,398,1.0,1.0,31,398
femnist,14,114,stable-local-fallback,420,1.0,1.0,32,420
femnist,14,114,stable-local-fallback,413,1.0,1.0,33,413
femnist,14,114,stable-local-fallback,412,1.0,1.0,34,412
femnist,14,114,stable-local-fallback,412,1.0,1.0,35,412
femnist,14,114,stable-local-fallback,424,1.0,1.0,36,424
femnist,14,114,stable-local-fallback,423,1.0,1.0,37,423
femnist,14,114,stable-local-fallback,404,1.0,1.0,38,404
femnist,14,114,stable-local-fallback,397,1.0,1.0,39,397
femnist,14,114,stable-local-fallback,411,1.0,1.0,40,411
femnist,14,114,stable-local-fallback,415,1.0,1.0,41,415
femnist,14,114,stable-local-fallback,424,1.0,1.0,42,424
femnist,14,114,stable-local-fallback,425,1.0,1.0,43,425
femnist,14,114,stable-local-fallback,417,1.0,1.0,44,417
femnist,14,114,stable-local-fallback,413,1.0,1.0,45,413
femnist,14,114,stable-local-fallback,413,1.0,1.0,46,413
femnist,14,114,stable-local-fallback,414,1.0,1.0,47,414
femnist,14,114,stable-local-fallback,412,1.0,1.0,48,412
femnist,14,114,stable-local-fallback,404,1.0,1.0,49,404
femnist,14,114,stable-local-fallback,408,1.0,1.0,50,408
femnist,14,114,unitscope-lambda-sweep,304,1.0,0.031957156512496844,1,304
femnist,14,114,unitscope-lambda-sweep,317,1.0,0.0318055929135461,2,317
femnist,14,114,unitscope-lambda-sweep,307,1.0,0.03327654631846309,3,307
femnist,14,114,unitscope-lambda-sweep,317,1.0,0.0413046512029555,4,317
femnist,14,114,unitscope-lambda-sweep,331,1.0,0.053187489895473186,5,331
femnist,14,114,unitscope-lambda-sweep,329,1.0,0.04468302171497751,6,329
femnist,14,114,unitscope-lambda-sweep,336,1.0,0.05475808452591978,7,336
femnist,14,114,unitscope-lambda-sweep,311,1.0,0.05390409352777758,8,311
femnist,14,114,unitscope-lambda-sweep,309,1.0,0.044340131000196535,9,309
femnist,14,114,unitscope-lambda-sweep,323,1.0,0.03608797443429107,10,323
femnist,14,114,unitscope-lambda-sweep,328,1.0,0.04752943601076552,11,328
femnist,14,114,unitscope-lambda-sweep,314,1.0,0.0338959841844138,12,314
femnist,14,114,unitscope-lambda-sweep,320,1.0,0.03148376088643417,13,320
femnist,14,114,unitscope-lambda-sweep,316,1.0,0.03873347166849271,14,316
femnist,14,114,unitscope-lambda-sweep,322,1.0,0.035388821927108384,15,322
femnist,14,114,unitscope-lambda-sweep,330,1.0,0.03490178382202456,16,330
femnist,14,114,unitscope-lambda-sweep,323,1.0,0.04816241261055211,17,323
femnist,14,114,unitscope-lambda-sweep,307,1.0,0.025325537567444895,18,307
femnist,14,114,unitscope-lambda-sweep,322,1.0,0.046397515328166834,19,322
femnist,14,114,unitscope-lambda-sweep,319,1.0,0.03742630096321451,20,319
femnist,14,114,unitscope-lambda-sweep,312,1.0,0.0334838491899384,21,312
femnist,14,114,unitscope-lambda-sweep,319,1.0,0.054380122236681296,22,319
femnist,14,114,unitscope-lambda-sweep,311,1.0,0.04205900453978152,23,311
femnist,14,114,unitscope-lambda-sweep,309,1.0,0.05609291062129081,24,309
femnist,14,114,unitscope-lambda-sweep,320,1.0,0.05265557084077358,25,320
femnist,14,114,unitscope-lambda-sweep,321,1.0,0.05507118744785235,26,321
femnist,14,114,unitscope-lambda-sweep,314,1.0,0.04596460105060857,27,314
femnist,14,114,unitscope-lambda-sweep,321,1.0,0.04522501416603418,28,321
femnist,14,114,unitscope-lambda-sweep,340,1.0,0.04107214467192949,29,340
femnist,14,114,unitscope-lambda-sweep,320,1.0,0.04528054361663722,30,320
femnist,14,114,unitscope-lambda-sweep,309,1.0,0.03756614401330226,31,309
femnist,14,114,unitscope-lambda-sweep,303,1.0,0.022314004003364377,32,303
femnist,14,114,unitscope-lambda-sweep,322,1.0,0.04519701202114767,33,322
femnist,14,114,unitscope-lambda-sweep,318,1.0,0.05639740876884784,34,318
femnist,14,114,unitscope-lambda-sweep,324,1.0,0.048252541041157004,35,324
femnist,14,114,unitscope-lambda-sweep,323,1.0,0.033688998761386174,36,323
femnist,14,114,unitscope-lambda-sweep,322,1.0,0.030760821729837955,37,322
femnist,14,114,unitscope-lambda-sweep,324,1.0,0.028816576381462507,38,324
femnist,14,114,unitscope-lambda-sweep,312,1.0,0.031133162181490738,39,312
femnist,14,114,unitscope-lambda-sweep,327,1.0,0.05303896422884101,40,327
femnist,14,114,unitscope-lambda-sweep,318,1.0,0.04169958865278607,41,318
femnist,14,114,unitscope-lambda-sweep,331,1.0,0.03761407413321404,42,331
femnist,14,114,unitscope-lambda-sweep,335,1.0,0.048121790561960365,43,335
femnist,14,114,unitscope-lambda-sweep,313,1.0,0.04117950610254067,44,313
femnist,14,114,unitscope-lambda-sweep,320,1.0,0.02430945967442174,45,320
femnist,14,114,unitscope-lambda-sweep,309,1.0,0.048219942570300954,46,309
femnist,14,114,unitscope-lambda-sweep,335,1.0,0.09009275227515348,47,335
femnist,14,114,unitscope-lambda-sweep,329,1.0,0.08677139307939837,48,329
femnist,14,114,unitscope-lambda-sweep,319,1.0,0.04253475812544019,49,319
femnist,14,114,unitscope-lambda-sweep,324,1.0,0.043296506425507586,50,324
femnist,14,114,handle-only-drop-residual,0,,0.0,1,0
femnist,14,114,handle-only-drop-residual,0,,0.0,2,0
femnist,14,114,handle-only-drop-residual,0,,0.0,3,0
femnist,14,114,handle-only-drop-residual,0,,0.0,4,0
femnist,14,114,handle-only-drop-residual,0,,0.0,5,0
femnist,14,114,handle-only-drop-residual,0,,0.0,6,0
femnist,14,114,handle-only-drop-residual,0,,0.0,7,0
femnist,14,114,handle-only-drop-residual,0,,0.0,8,0
femnist,14,114,handle-only-drop-residual,0,,0.0,9,0
femnist,14,114,handle-only-drop-residual,0,,0.0,10,0
femnist,14,114,handle-only-drop-residual,0,,0.0,11,0
femnist,14,114,handle-only-drop-residual,0,,0.0,12,0
femnist,14,114,handle-only-drop-residual,0,,0.0,13,0
femnist,14,114,handle-only-drop-residual,0,,0.0,14,0
femnist,14,114,handle-only-drop-residual,0,,0.0,15,0
femnist,14,114,handle-only-drop-residual,0,,0.0,16,0
femnist,14,114,handle-only-drop-residual,0,,0.0,17,0
femnist,14,114,handle-only-drop-residual,0,,0.0,18,0
femnist,14,114,handle-only-drop-residual,0,,0.0,19,0
femnist,14,114,handle-only-drop-residual,0,,0.0,20,0
femnist,14,114,handle-only-drop-residual,0,,0.0,21,0
femnist,14,114,handle-only-drop-residual,0,,0.0,22,0
femnist,14,114,handle-only-drop-residual,0,,0.0,23,0
femnist,14,114,handle-only-drop-residual,0,,0.0,24,0
femnist,14,114,handle-only-drop-residual,0,,0.0,25,0
femnist,14,114,handle-only-drop-residual,0,,0.0,26,0
femnist,14,114,handle-only-drop-residual,0,,0.0,27,0
femnist,14,114,handle-only-drop-residual,0,,0.0,28,0
femnist,14,114,handle-only-drop-residual,0,,0.0,29,0
femnist,14,114,handle-only-drop-residual,0,,0.0,30,0
femnist,14,114,handle-only-drop-residual,0,,0.0,31,0
femnist,14,114,handle-only-drop-residual,0,,0.0,32,0
femnist,14,114,handle-only-drop-residual,0,,0.0,33,0
femnist,14,114,handle-only-drop-residual,0,,0.0,34,0
femnist,14,114,handle-only-drop-residual,0,,0.0,35,0
femnist,14,114,handle-only-drop-residual,0,,0.0,36,0
femnist,14,114,handle-only-drop-residual,0,,0.0,37,0
femnist,14,114,handle-only-drop-residual,0,,0.0,38,0
femnist,14,114,handle-only-drop-residual,0,,0.0,39,0
femnist,14,114,handle-only-drop-residual,0,,0.0,40,0
femnist,14,114,handle-only-drop-residual,0,,0.0,41,0
femnist,14,114,handle-only-drop-residual,0,,0.0,42,0
femnist,14,114,handle-only-drop-residual,0,,0.0,43,0
femnist,14,114,handle-only-drop-residual,0,,0.0,44,0
femnist,14,114,handle-only-drop-residual,0,,0.0,45,0
femnist,14,114,handle-only-drop-residual,0,,0.0,46,0
femnist,14,114,handle-only-drop-residual,0,,0.0,47,0
femnist,14,114,handle-only-drop-residual,0,,0.0,48,0
femnist,14,114,handle-only-drop-residual,0,,0.0,49,0
femnist,14,114,handle-only-drop-residual,0,,0.0,50,0
femnist,14,114,naive-recalibrated-2c,304,1.0,0.2290548956025185,1,304
femnist,14,114,naive-recalibrated-2c,317,1.0,0.23222612928027783,2,317
femnist,14,114,naive-recalibrated-2c,307,1.0,0.25280830439801827,3,307
femnist,14,114,naive-recalibrated-2c,317,1.0,0.30269045984277554,4,317
femnist,14,114,naive-recalibrated-2c,331,1.0,0.35864710648583414,5,331
femnist,14,114,naive-recalibrated-2c,329,1.0,0.30329169548578333,6,329
femnist,14,114,naive-recalibrated-2c,336,1.0,0.32007033887523945,7,336
femnist,14,114,naive-recalibrated-2c,311,1.0,0.3310563823167792,8,311
femnist,14,114,naive-recalibrated-2c,309,1.0,0.3130539987660914,9,309
femnist,14,114,naive-recalibrated-2c,323,1.0,0.33144679967617413,10,323
femnist,14,114,naive-recalibrated-2c,328,1.0,0.3122338894885736,11,328
femnist,14,114,naive-recalibrated-2c,314,1.0,0.26386909103609246,12,314
femnist,14,114,naive-recalibrated-2c,320,1.0,0.27957664191698484,13,320
femnist,14,114,naive-recalibrated-2c,316,1.0,0.32428131513352615,14,316
femnist,14,114,naive-recalibrated-2c,322,1.0,0.2774302998643865,15,322
femnist,14,114,naive-recalibrated-2c,330,1.0,0.3520441704574832,16,330
femnist,14,114,naive-recalibrated-2c,323,1.0,0.3298838860684126,17,323
femnist,14,114,naive-recalibrated-2c,307,1.0,0.2492162105846916,18,307
femnist,14,114,naive-recalibrated-2c,322,1.0,0.33497012211350397,19,322
femnist,14,114,naive-recalibrated-2c,319,1.0,0.3115030925118377,20,319
femnist,14,114,naive-recalibrated-2c,312,1.0,0.3022655234109089,21,312
femnist,14,114,naive-recalibrated-2c,319,1.0,0.37581858123171685,22,319
femnist,14,114,naive-recalibrated-2c,311,1.0,0.32740025860450783,23,311
femnist,14,114,naive-recalibrated-2c,309,1.0,0.3508168291659516,24,309
femnist,14,114,naive-recalibrated-2c,320,1.0,0.27806123763273466,25,320
femnist,14,114,naive-recalibrated-2c,321,1.0,0.32342931859093754,26,321
femnist,14,114,naive-recalibrated-2c,314,1.0,0.32278915748423664,27,314
femnist,14,114,naive-recalibrated-2c,321,1.0,0.27876731683526534,28,321
femnist,14,114,naive-recalibrated-2c,340,1.0,0.35837141644682646,29,340
femnist,14,114,naive-recalibrated-2c,320,1.0,0.30388997938721896,30,320
femnist,14,114,naive-recalibrated-2c,309,1.0,0.2993819380458937,31,309
femnist,14,114,naive-recalibrated-2c,303,1.0,0.26005518517388615,32,303
femnist,14,114,naive-recalibrated-2c,322,1.0,0.3112388009948825,33,322
femnist,14,114,naive-recalibrated-2c,318,1.0,0.3215227570254005,34,318
femnist,14,114,naive-recalibrated-2c,324,1.0,0.32770080166614457,35,324
femnist,14,114,naive-recalibrated-2c,323,1.0,0.31646049422405126,36,323
femnist,14,114,naive-recalibrated-2c,322,1.0,0.28649213320778427,37,322
femnist,14,114,naive-recalibrated-2c,324,1.0,0.28003316957550745,38,324
femnist,14,114,naive-recalibrated-2c,312,1.0,0.2780341156870012,39,312
femnist,14,114,naive-recalibrated-2c,327,1.0,0.3509360601909448,40,327
femnist,14,114,naive-recalibrated-2c,318,1.0,0.3213791763623462,41,318
femnist,14,114,naive-recalibrated-2c,331,0.9969788519637462,0.32694928097651194,42,330
femnist,14,114,naive-recalibrated-2c,335,0.9970149253731343,0.33511352547679374,43,334
femnist,14,114,naive-recalibrated-2c,313,1.0,0.3057868781027135,44,313
femnist,14,114,naive-recalibrated-2c,320,1.0,0.2757752026454525,45,320
femnist,14,114,naive-recalibrated-2c,309,1.0,0.3213910049937764,46,309
femnist,14,114,naive-recalibrated-2c,335,1.0,0.400927705560031,47,335
femnist,14,114,naive-recalibrated-2c,329,1.0,0.27138596347628346,48,329
femnist,14,114,naive-recalibrated-2c,319,1.0,0.25325749794497826,49,319
femnist,14,114,naive-recalibrated-2c,324,1.0,0.2878780019075401,50,324
femnist,15,115,unitscope-lambda-sweep,323,1.0,0.03531154482106722,1,323
femnist,15,115,unitscope-lambda-sweep,323,1.0,0.031237168996252753,2,323
femnist,15,115,unitscope-lambda-sweep,338,1.0,0.050594863205557554,3,338
femnist,15,115,unitscope-lambda-sweep,334,1.0,0.03764945938385553,4,334
femnist,15,115,unitscope-lambda-sweep,313,1.0,0.03526671075103832,5,313
femnist,15,115,unitscope-lambda-sweep,329,1.0,0.052123273673643736,6,329
femnist,15,115,unitscope-lambda-sweep,307,1.0,0.03428525151528462,7,307
femnist,15,115,unitscope-lambda-sweep,311,1.0,0.05331872371262103,8,311
femnist,15,115,unitscope-lambda-sweep,309,1.0,0.03328936174285708,9,309
femnist,15,115,unitscope-lambda-sweep,333,1.0,0.061139898139492395,10,333
femnist,15,115,unitscope-lambda-sweep,318,1.0,0.05249020000772755,11,318
femnist,15,115,unitscope-lambda-sweep,319,1.0,0.054446730638429065,12,319
femnist,15,115,unitscope-lambda-sweep,326,1.0,0.03966481872588996,13,326
femnist,15,115,unitscope-lambda-sweep,313,1.0,0.04350382752844473,14,313
femnist,15,115,unitscope-lambda-sweep,309,1.0,0.021496882701547516,15,309
femnist,15,115,unitscope-lambda-sweep,310,1.0,0.028036306634494666,16,310
femnist,15,115,unitscope-lambda-sweep,333,1.0,0.05120415467420935,17,333
femnist,15,115,unitscope-lambda-sweep,311,1.0,0.03605073532570114,18,311
femnist,15,115,unitscope-lambda-sweep,321,1.0,0.03221034608561178,19,321
femnist,15,115,unitscope-lambda-sweep,317,1.0,0.04167024865886243,20,317
femnist,15,115,unitscope-lambda-sweep,338,1.0,0.05292533539510344,21,338
femnist,15,115,unitscope-lambda-sweep,314,1.0,0.047368862252802436,22,314
femnist,15,115,unitscope-lambda-sweep,303,1.0,0.04958272730465982,23,303
femnist,15,115,unitscope-lambda-sweep,308,1.0,0.029566056675466263,24,308
femnist,15,115,unitscope-lambda-sweep,315,1.0,0.04808995603711735,25,315
femnist,15,115,unitscope-lambda-sweep,309,1.0,0.040573456119485256,26,309
femnist,15,115,unitscope-lambda-sweep,321,1.0,0.03675340536945557,27,321
femnist,15,115,unitscope-lambda-sweep,342,1.0,0.0591898745712704,28,342
femnist,15,115,unitscope-lambda-sweep,324,1.0,0.05158162246397865,29,324
femnist,15,115,unitscope-lambda-sweep,311,1.0,0.03994437744605305,30,311
femnist,15,115,unitscope-lambda-sweep,332,1.0,0.05683962707302138,31,332
femnist,15,115,unitscope-lambda-sweep,319,1.0,0.03595413173912762,32,319
femnist,15,115,unitscope-lambda-sweep,309,1.0,0.042298260525250445,33,309
femnist,15,115,unitscope-lambda-sweep,306,1.0,0.03935704859911629,34,306
femnist,15,115,unitscope-lambda-sweep,304,1.0,0.05672732838719383,35,304
femnist,15,115,unitscope-lambda-sweep,316,1.0,0.0475864224036349,36,316
femnist,15,115,unitscope-lambda-sweep,323,1.0,0.04107932452482352,37,323
femnist,15,115,unitscope-lambda-sweep,305,1.0,0.03650646261535873,38,305
femnist,15,115,unitscope-lambda-sweep,321,1.0,0.07549391182508258,39,321
femnist,15,115,unitscope-lambda-sweep,318,1.0,0.04769475825820904,40,318
femnist,15,115,unitscope-lambda-sweep,311,1.0,0.05036943819448558,41,311
femnist,15,115,unitscope-lambda-sweep,311,1.0,0.05363529953579872,42,311
femnist,15,115,unitscope-lambda-sweep,318,1.0,0.044219920101501144,43,318
femnist,15,115,unitscope-lambda-sweep,303,1.0,0.039479396909168976,44,303
femnist,15,115,unitscope-lambda-sweep,308,1.0,0.028944969004445792,45,308
femnist,15,115,unitscope-lambda-sweep,303,1.0,0.03842728990575986,46,303
femnist,15,115,unitscope-lambda-sweep,303,1.0,0.030866914570236218,47,303
femnist,15,115,unitscope-lambda-sweep,317,1.0,0.04102525070891127,48,317
femnist,15,115,unitscope-lambda-sweep,310,1.0,0.04365322221071316,49,310
femnist,15,115,unitscope-lambda-sweep,317,1.0,0.05421820297262745,50,317
femnist,15,115,stable-local-fallback,410,1.0,1.0,1,410
femnist,15,115,stable-local-fallback,419,1.0,1.0,2,419
femnist,15,115,stable-local-fallback,411,1.0,1.0,3,411
femnist,15,115,stable-local-fallback,413,1.0,1.0,4,413
femnist,15,115,stable-local-fallback,401,1.0,1.0,5,401
femnist,15,115,stable-local-fallback,422,1.0,1.0,6,422
femnist,15,115,stable-local-fallback,417,1.0,1.0,7,417
femnist,15,115,stable-local-fallback,406,1.0,1.0,8,406
femnist,15,115,stable-local-fallback,423,1.0,1.0,9,423
femnist,15,115,stable-local-fallback,414,1.0,1.0,10,414
femnist,15,115,stable-local-fallback,411,1.0,1.0,11,411
femnist,15,115,stable-local-fallback,414,1.0,1.0,12,414
femnist,15,115,stable-local-fallback,415,1.0,1.0,13,415
femnist,15,115,stable-local-fallback,399,1.0,1.0,14,399
femnist,15,115,stable-local-fallback,410,1.0,1.0,15,410
femnist,15,115,stable-local-fallback,410,1.0,1.0,16,410
femnist,15,115,stable-local-fallback,418,1.0,1.0,17,418
femnist,15,115,stable-local-fallback,407,1.0,1.0,18,407
femnist,15,115,stable-local-fallback,417,1.0,1.0,19,417
femnist,15,115,stable-local-fallback,415,1.0,1.0,20,415
femnist,15,115,stable-local-fallback,418,1.0,1.0,21,418
femnist,15,115,stable-local-fallback,402,1.0,1.0,22,402
femnist,15,115,stable-local-fallback,401,1.0,1.0,23,401
femnist,15,115,stable-local-fallback,408,1.0,1.0,24,408
femnist,15,115,stable-local-fallback,407,1.0,1.0,25,407
femnist,15,115,stable-local-fallback,401,1.0,1.0,26,401
femnist,15,115,stable-local-fallback,406,1.0,1.0,27,406
femnist,15,115,stable-local-fallback,412,1.0,1.0,28,412
femnist,15,115,stable-local-fallback,416,1.0,1.0,29,416
femnist,15,115,stable-local-fallback,417,1.0,1.0,30,417
femnist,15,115,stable-local-fallback,421,1.0,1.0,31,421
femnist,15,115,stable-local-fallback,411,1.0,1.0,32,411
femnist,15,115,stable-local-fallback,406,1.0,1.0,33,406
femnist,15,115,stable-local-fallback,410,1.0,1.0,34,410
femnist,15,115,stable-local-fallback,406,1.0,1.0,35,406
femnist,15,115,stable-local-fallback,410,1.0,1.0,36,410
femnist,15,115,stable-local-fallback,415,1.0,1.0,37,415
femnist,15,115,stable-local-fallback,396,1.0,1.0,38,396
femnist,15,115,stable-local-fallback,404,1.0,1.0,39,404
femnist,15,115,stable-local-fallback,417,1.0,1.0,40,417
femnist,15,115,stable-local-fallback,399,1.0,1.0,41,399
femnist,15,115,stable-local-fallback,400,1.0,1.0,42,400
femnist,15,115,stable-local-fallback,415,1.0,1.0,43,415
femnist,15,115,stable-local-fallback,404,1.0,1.0,44,404
femnist,15,115,stable-local-fallback,410,1.0,1.0,45,410
femnist,15,115,stable-local-fallback,400,1.0,1.0,46,400
femnist,15,115,stable-local-fallback,406,1.0,1.0,47,406
femnist,15,115,stable-local-fallback,403,1.0,1.0,48,403
femnist,15,115,stable-local-fallback,409,1.0,1.0,49,409
femnist,15,115,stable-local-fallback,406,1.0,1.0,50,406
femnist,15,115,naive-recalibrated-2c,323,1.0,0.2478018093476704,1,323
femnist,15,115,naive-recalibrated-2c,323,1.0,0.20953530311564011,2,323
femnist,15,115,naive-recalibrated-2c,338,1.0,0.359038418964052,3,338
femnist,15,115,naive-recalibrated-2c,334,1.0,0.38242753476219354,4,334
femnist,15,115,naive-recalibrated-2c,313,1.0,0.30794116314157777,5,313
femnist,15,115,naive-recalibrated-2c,329,1.0,0.3886625594662477,6,329
femnist,15,115,naive-recalibrated-2c,307,1.0,0.2733741940268432,7,307
femnist,15,115,naive-recalibrated-2c,311,1.0,0.38869000151198363,8,311
femnist,15,115,naive-recalibrated-2c,309,1.0,0.27134508555734865,9,309
femnist,15,115,naive-recalibrated-2c,333,1.0,0.363742461031066,10,333
femnist,15,115,naive-recalibrated-2c,318,1.0,0.36710124890126694,11,318
femnist,15,115,naive-recalibrated-2c,319,1.0,0.36808529962170977,12,319
femnist,15,115,naive-recalibrated-2c,326,1.0,0.30377988156151564,13,326
femnist,15,115,naive-recalibrated-2c,313,1.0,0.3432587667032811,14,313
femnist,15,115,naive-recalibrated-2c,309,1.0,0.26587169764555835,15,309
femnist,15,115,naive-recalibrated-2c,310,1.0,0.23708793532972267,16,310
femnist,15,115,naive-recalibrated-2c,333,1.0,0.33847144210158303,17,333
femnist,15,115,naive-recalibrated-2c,311,1.0,0.28436486430451957,18,311
femnist,15,115,naive-recalibrated-2c,321,1.0,0.3144891106148298,19,321
femnist,15,115,naive-recalibrated-2c,317,1.0,0.32503229911102943,20,317
femnist,15,115,naive-recalibrated-2c,338,1.0,0.35493874939694653,21,338
femnist,15,115,naive-recalibrated-2c,314,1.0,0.31143399047711473,22,314
femnist,15,115,naive-recalibrated-2c,303,1.0,0.34651262560390117,23,303
femnist,15,115,naive-recalibrated-2c,308,1.0,0.28330042153593715,24,308
femnist,15,115,naive-recalibrated-2c,315,1.0,0.3380399728144707,25,315
femnist,15,115,naive-recalibrated-2c,309,1.0,0.2722174069032616,26,309
femnist,15,115,naive-recalibrated-2c,321,1.0,0.3052088309782771,27,321
femnist,15,115,naive-recalibrated-2c,342,1.0,0.47236265505058717,28,342
femnist,15,115,naive-recalibrated-2c,324,1.0,0.40714045439857205,29,324
femnist,15,115,naive-recalibrated-2c,311,1.0,0.28071934127871845,30,311
femnist,15,115,naive-recalibrated-2c,332,1.0,0.4011683782532901,31,332
femnist,15,115,naive-recalibrated-2c,319,1.0,0.29391909737523425,32,319
femnist,15,115,naive-recalibrated-2c,309,1.0,0.33636003799945363,33,309
femnist,15,115,naive-recalibrated-2c,306,1.0,0.2716236334619533,34,306
femnist,15,115,naive-recalibrated-2c,304,1.0,0.3392890859376639,35,304
femnist,15,115,naive-recalibrated-2c,316,1.0,0.316723475484752,36,316
femnist,15,115,naive-recalibrated-2c,323,1.0,0.32095850481845617,37,323
femnist,15,115,naive-recalibrated-2c,305,1.0,0.3277628675069474,38,305
femnist,15,115,naive-recalibrated-2c,321,1.0,0.36927096673814186,39,321
femnist,15,115,naive-recalibrated-2c,318,1.0,0.3332753668006506,40,318
femnist,15,115,naive-recalibrated-2c,311,1.0,0.36204528303748695,41,311
femnist,15,115,naive-recalibrated-2c,311,1.0,0.3284662699270575,42,311
femnist,15,115,naive-recalibrated-2c,318,1.0,0.31970103483222545,43,318
femnist,15,115,naive-recalibrated-2c,303,1.0,0.3006425720018533,44,303
femnist,15,115,naive-recalibrated-2c,308,1.0,0.26173072037066414,45,308
femnist,15,115,naive-recalibrated-2c,303,1.0,0.32154891647732403,46,303
femnist,15,115,naive-recalibrated-2c,303,1.0,0.2881945303705689,47,303
femnist,15,115,naive-recalibrated-2c,317,1.0,0.3007100262300394,48,317
femnist,15,115,naive-recalibrated-2c,310,1.0,0.28016920557594055,49,310
femnist,15,115,naive-recalibrated-2c,317,1.0,0.2969524851558751,50,317
femnist,15,115,handle-only-drop-residual,0,,0.0,1,0
femnist,15,115,handle-only-drop-residual,0,,0.0,2,0
femnist,15,115,handle-only-drop-residual,0,,0.0,3,0
femnist,15,115,handle-only-drop-residual,0,,0.0,4,0
femnist,15,115,handle-only-drop-residual,0,,0.0,5,0
femnist,15,115,handle-only-drop-residual,0,,0.0,6,0
femnist,15,115,handle-only-drop-residual,0,,0.0,7,0
femnist,15,115,handle-only-drop-residual,0,,0.0,8,0
femnist,15,115,handle-only-drop-residual,0,,0.0,9,0
femnist,15,115,handle-only-drop-residual,0,,0.0,10,0
femnist,15,115,handle-only-drop-residual,0,,0.0,11,0
femnist,15,115,handle-only-drop-residual,0,,0.0,12,0
femnist,15,115,handle-only-drop-residual,0,,0.0,13,0
femnist,15,115,handle-only-drop-residual,0,,0.0,14,0
femnist,15,115,handle-only-drop-residual,0,,0.0,15,0
femnist,15,115,handle-only-drop-residual,0,,0.0,16,0
femnist,15,115,handle-only-drop-residual,0,,0.0,17,0
femnist,15,115,handle-only-drop-residual,0,,0.0,18,0
femnist,15,115,handle-only-drop-residual,0,,0.0,19,0
femnist,15,115,handle-only-drop-residual,0,,0.0,20,0
femnist,15,115,handle-only-drop-residual,0,,0.0,21,0
femnist,15,115,handle-only-drop-residual,0,,0.0,22,0
femnist,15,115,handle-only-drop-residual,0,,0.0,23,0
femnist,15,115,handle-only-drop-residual,0,,0.0,24,0
femnist,15,115,handle-only-drop-residual,0,,0.0,25,0
femnist,15,115,handle-only-drop-residual,0,,0.0,26,0
femnist,15,115,handle-only-drop-residual,0,,0.0,27,0
femnist,15,115,handle-only-drop-residual,0,,0.0,28,0
femnist,15,115,handle-only-drop-residual,0,,0.0,29,0
femnist,15,115,handle-only-drop-residual,0,,0.0,30,0
femnist,15,115,handle-only-drop-residual,0,,0.0,31,0
femnist,15,115,handle-only-drop-residual,0,,0.0,32,0
femnist,15,115,handle-only-drop-residual,0,,0.0,33,0
femnist,15,115,handle-only-drop-residual,0,,0.0,34,0
femnist,15,115,handle-only-drop-residual,0,,0.0,35,0
femnist,15,115,handle-only-drop-residual,0,,0.0,36,0
femnist,15,115,handle-only-drop-residual,0,,0.0,37,0
femnist,15,115,handle-only-drop-residual,0,,0.0,38,0
femnist,15,115,handle-only-drop-residual,0,,0.0,39,0
femnist,15,115,handle-only-drop-residual,0,,0.0,40,0
femnist,15,115,handle-only-drop-residual,0,,0.0,41,0
femnist,15,115,handle-only-drop-residual,0,,0.0,42,0
femnist,15,115,handle-only-drop-residual,0,,0.0,43,0
femnist,15,115,handle-only-drop-residual,0,,0.0,44,0
femnist,15,115,handle-only-drop-residual,0,,0.0,45,0
femnist,15,115,handle-only-drop-residual,0,,0.0,46,0
femnist,15,115,handle-only-drop-residual,0,,0.0,47,0
femnist,15,115,handle-only-drop-residual,0,,0.0,48,0
femnist,15,115,handle-only-drop-residual,0,,0.0,49,0
femnist,15,115,handle-only-drop-residual,0,,0.0,50,0
femnist,16,116,naive-recalibrated-2c,306,1.0,0.2707627530675204,1,306
femnist,16,116,naive-recalibrated-2c,328,1.0,0.3340447746609066,2,328
femnist,16,116,naive-recalibrated-2c,323,1.0,0.2556329068818193,3,323
femnist,16,116,naive-recalibrated-2c,314,1.0,0.3273413857519649,4,314
femnist,16,116,naive-recalibrated-2c,323,1.0,0.2433664108460037,5,323
femnist,16,116,naive-recalibrated-2c,312,1.0,0.25387388354259044,6,312
femnist,16,116,naive-recalibrated-2c,330,1.0,0.35916366357810575,7,330
femnist,16,116,naive-recalibrated-2c,321,1.0,0.37025747283730315,8,321
femnist,16,116,naive-recalibrated-2c,305,1.0,0.31550284757801356,9,305
femnist,16,116,naive-recalibrated-2c,315,1.0,0.25962887453360006,10,315
femnist,16,116,naive-recalibrated-2c,319,1.0,0.30954685546431904,11,319
femnist,16,116,naive-recalibrated-2c,326,1.0,0.36265136767403133,12,326
femnist,16,116,naive-recalibrated-2c,324,1.0,0.2909167559881836,13,324
femnist,16,116,naive-recalibrated-2c,312,1.0,0.2650365792139778,14,312
femnist,16,116,naive-recalibrated-2c,319,1.0,0.3504320463390971,15,319
femnist,16,116,naive-recalibrated-2c,319,1.0,0.3160108453938099,16,319
femnist,16,116,naive-recalibrated-2c,324,1.0,0.348240111122502,17,324
femnist,16,116,naive-recalibrated-2c,312,1.0,0.26384674479154013,18,312
femnist,16,116,naive-recalibrated-2c,331,1.0,0.41677205043988014,19,331
femnist,16,116,naive-recalibrated-2c,328,1.0,0.37903613146544074,20,328
femnist,16,116,naive-recalibrated-2c,323,1.0,0.37823957418409965,21,323
femnist,16,116,naive-recalibrated-2c,309,1.0,0.26376861605753005,22,309
femnist,16,116,naive-recalibrated-2c,312,1.0,0.29175857469819727,23,312
femnist,16,116,naive-recalibrated-2c,305,1.0,0.319502045345868,24,305
femnist,16,116,naive-recalibrated-2c,331,1.0,0.32161538950374313,25,331
femnist,16,116,naive-recalibrated-2c,317,1.0,0.30112511833805206,26,317
femnist,16,116,naive-recalibrated-2c,315,1.0,0.33944724858610886,27,315
femnist,16,116,naive-recalibrated-2c,316,1.0,0.32227242799857675,28,316
femnist,16,116,naive-recalibrated-2c,316,1.0,0.34241011192131227,29,316
femnist,16,116,naive-recalibrated-2c,329,1.0,0.30945816434799867,30,329
femnist,16,116,naive-recalibrated-2c,323,1.0,0.39312393984734983,31,323
femnist,16,116,naive-recalibrated-2c,328,1.0,0.34123921537481633,32,328
femnist,16,116,naive-recalibrated-2c,321,1.0,0.3000968292912725,33,321
femnist,16,116,naive-recalibrated-2c,322,1.0,0.3331576784600652,34,322
femnist,16,116,naive-recalibrated-2c,317,1.0,0.33738259994254277,35,317
femnist,16,116,naive-recalibrated-2c,295,1.0,0.32123131137717775,36,295
femnist,16,116,naive-recalibrated-2c,322,1.0,0.3093496076011779,37,322
femnist,16,116,naive-recalibrated-2c,314,1.0,0.3129964599900762,38,314
femnist,16,116,naive-recalibrated-2c,328,1.0,0.3693890699571348,39,328
femnist,16,116,naive-recalibrated-2c,312,1.0,0.3103217552160983,40,312
femnist,16,116,naive-recalibrated-2c,312,1.0,0.32010022559216955,41,312
femnist,16,116,naive-recalibrated-2c,349,1.0,0.3429085874952592,42,349
femnist,16,116,naive-recalibrated-2c,309,1.0,0.2846138407517574,43,309
femnist,16,116,naive-recalibrated-2c,332,1.0,0.3876651111254225,44,332
femnist,16,116,naive-recalibrated-2c,318,1.0,0.2960838943442729,45,318
femnist,16,116,naive-recalibrated-2c,318,1.0,0.34254270995103264,46,318
femnist,16,116,naive-recalibrated-2c,316,1.0,0.3055022696889643,47,316
femnist,16,116,naive-recalibrated-2c,321,1.0,0.3163631002694515,48,321
femnist,16,116,naive-recalibrated-2c,302,1.0,0.2962856604393482,49,302
femnist,16,116,naive-recalibrated-2c,310,1.0,0.2999444636129244,50,310
femnist,16,116,handle-only-drop-residual,0,,0.0,1,0
femnist,16,116,handle-only-drop-residual,0,,0.0,2,0
femnist,16,116,handle-only-drop-residual,0,,0.0,3,0
femnist,16,116,handle-only-drop-residual,0,,0.0,4,0
femnist,16,116,handle-only-drop-residual,0,,0.0,5,0
femnist,16,116,handle-only-drop-residual,0,,0.0,6,0
femnist,16,116,handle-only-drop-residual,0,,0.0,7,0
femnist,16,116,handle-only-drop-residual,0,,0.0,8,0
femnist,16,116,handle-only-drop-residual,0,,0.0,9,0
femnist,16,116,handle-only-drop-residual,0,,0.0,10,0
femnist,16,116,handle-only-drop-residual,0,,0.0,11,0
femnist,16,116,handle-only-drop-residual,0,,0.0,12,0
femnist,16,116,handle-only-drop-residual,0,,0.0,13,0
femnist,16,116,handle-only-drop-residual,0,,0.0,14,0
femnist,16,116,handle-only-drop-residual,0,,0.0,15,0
femnist,16,116,handle-only-drop-residual,0,,0.0,16,0
femnist,16,116,handle-only-drop-residual,0,,0.0,17,0
femnist,16,116,handle-only-drop-residual,0,,0.0,18,0
femnist,16,116,handle-only-drop-residual,0,,0.0,19,0
femnist,16,116,handle-only-drop-residual,0,,0.0,20,0
femnist,16,116,handle-only-drop-residual,0,,0.0,21,0
femnist,16,116,handle-only-drop-residual,0,,0.0,22,0
femnist,16,116,handle-only-drop-residual,0,,0.0,23,0
femnist,16,116,handle-only-drop-residual,0,,0.0,24,0
femnist,16,116,handle-only-drop-residual,0,,0.0,25,0
femnist,16,116,handle-only-drop-residual,0,,0.0,26,0
femnist,16,116,handle-only-drop-residual,0,,0.0,27,0
femnist,16,116,handle-only-drop-residual,0,,0.0,28,0
femnist,16,116,handle-only-drop-residual,0,,0.0,29,0
femnist,16,116,handle-only-drop-residual,0,,0.0,30,0
femnist,16,116,handle-only-drop-residual,0,,0.0,31,0
femnist,16,116,handle-only-drop-residual,0,,0.0,32,0
femnist,16,116,handle-only-drop-residual,0,,0.0,33,0
femnist,16,116,handle-only-drop-residual,0,,0.0,34,0
femnist,16,116,handle-only-drop-residual,0,,0.0,35,0
femnist,16,116,handle-only-drop-residual,0,,0.0,36,0
femnist,16,116,handle-only-drop-residual,0,,0.0,37,0
femnist,16,116,handle-only-drop-residual,0,,0.0,38,0
femnist,16,116,handle-only-drop-residual,0,,0.0,39,0
femnist,16,116,handle-only-drop-residual,0,,0.0,40,0
femnist,16,116,handle-only-drop-residual,0,,0.0,41,0
femnist,16,116,handle-only-drop-residual,0,,0.0,42,0
femnist,16,116,handle-only-drop-residual,0,,0.0,43,0
femnist,16,116,handle-only-drop-residual,0,,0.0,44,0
femnist,16,116,handle-only-drop-residual,0,,0.0,45,0
femnist,16,116,handle-only-drop-residual,0,,0.0,46,0
femnist,16,116,handle-only-drop-residual,0,,0.0,47,0
femnist,16,116,handle-only-drop-residual,0,,0.0,48,0
femnist,16,116,handle-only-drop-residual,0,,0.0,49,0
femnist,16,116,handle-only-drop-residual,0,,0.0,50,0
femnist,16,116,unitscope-lambda-sweep,306,1.0,0.039620544497278164,1,306
femnist,16,116,unitscope-lambda-sweep,328,1.0,0.05130018440809077,2,328
femnist,16,116,unitscope-lambda-sweep,323,1.0,0.03377017479703844,3,323
femnist,16,116,unitscope-lambda-sweep,314,1.0,0.04916896591345351,4,314
femnist,16,116,unitscope-lambda-sweep,323,1.0,0.03707438083426126,5,323
femnist,16,116,unitscope-lambda-sweep,312,1.0,0.028509002846463065,6,312
femnist,16,116,unitscope-lambda-sweep,330,1.0,0.04105861458888543,7,330
femnist,16,116,unitscope-lambda-sweep,321,1.0,0.05888117678982735,8,321
femnist,16,116,unitscope-lambda-sweep,305,1.0,0.057891398668348956,9,305
femnist,16,116,unitscope-lambda-sweep,315,1.0,0.03570010990468804,10,315
femnist,16,116,unitscope-lambda-sweep,319,1.0,0.04621989228496412,11,319
femnist,16,116,unitscope-lambda-sweep,326,1.0,0.05588883666669897,12,326
femnist,16,116,unitscope-lambda-sweep,324,1.0,0.03451275223562795,13,324
femnist,16,116,unitscope-lambda-sweep,312,1.0,0.03622212737793557,14,312
femnist,16,116,unitscope-lambda-sweep,319,1.0,0.05397510042368218,15,319
femnist,16,116,unitscope-lambda-sweep,319,1.0,0.050777989050778474,16,319
femnist,16,116,unitscope-lambda-sweep,324,1.0,0.050780571011522065,17,324
femnist,16,116,unitscope-lambda-sweep,312,1.0,0.042661909786243665,18,312
femnist,16,116,unitscope-lambda-sweep,331,1.0,0.040530639385114205,19,331
femnist,16,116,unitscope-lambda-sweep,328,1.0,0.05315544759233662,20,328
femnist,16,116,unitscope-lambda-sweep,323,1.0,0.056222964312872874,21,323
femnist,16,116,unitscope-lambda-sweep,309,1.0,0.05193776650471696,22,309
femnist,16,116,unitscope-lambda-sweep,312,1.0,0.0393658564539252,23,312
femnist,16,116,unitscope-lambda-sweep,305,1.0,0.037216964761109084,24,305
femnist,16,116,unitscope-lambda-sweep,331,1.0,0.04592307763359522,25,331
femnist,16,116,unitscope-lambda-sweep,317,1.0,0.040504920320311784,26,317
femnist,16,116,unitscope-lambda-sweep,315,1.0,0.03588345330713406,27,315
femnist,16,116,unitscope-lambda-sweep,316,1.0,0.05031418950921087,28,316
femnist,16,116,unitscope-lambda-sweep,316,1.0,0.0770441955550862,29,316
femnist,16,116,unitscope-lambda-sweep,329,1.0,0.05009708072279353,30,329
femnist,16,116,unitscope-lambda-sweep,323,1.0,0.03638770849227911,31,323
femnist,16,116,unitscope-lambda-sweep,328,1.0,0.052980043798915966,32,328
femnist,16,116,unitscope-lambda-sweep,321,1.0,0.049503456363096866,33,321
femnist,16,116,unitscope-lambda-sweep,322,1.0,0.045776508397631345,34,322
femnist,16,116,unitscope-lambda-sweep,317,1.0,0.06270352947244948,35,317
femnist,16,116,unitscope-lambda-sweep,295,1.0,0.05000235759389873,36,295
femnist,16,116,unitscope-lambda-sweep,322,1.0,0.036968780568982895,37,322
femnist,16,116,unitscope-lambda-sweep,314,1.0,0.04111815833046399,38,314
femnist,16,116,unitscope-lambda-sweep,328,1.0,0.05288506352757388,39,328
femnist,16,116,unitscope-lambda-sweep,312,1.0,0.03377496330365765,40,312
femnist,16,116,unitscope-lambda-sweep,312,1.0,0.055207405520507416,41,312
femnist,16,116,unitscope-lambda-sweep,349,1.0,0.04610120244902722,42,349
femnist,16,116,unitscope-lambda-sweep,309,1.0,0.04573291960351994,43,309
femnist,16,116,unitscope-lambda-sweep,332,1.0,0.05059816552614103,44,332
femnist,16,116,unitscope-lambda-sweep,318,1.0,0.03813706996635539,45,318
femnist,16,116,unitscope-lambda-sweep,318,1.0,0.051177163986638664,46,318
femnist,16,116,unitscope-lambda-sweep,316,1.0,0.04181826453264438,47,316
femnist,16,116,unitscope-lambda-sweep,321,1.0,0.04955357952370792,48,321
femnist,16,116,unitscope-lambda-sweep,302,1.0,0.040005239203319304,49,302
femnist,16,116,unitscope-lambda-sweep,310,1.0,0.03459373258326512,50,310
femnist,16,116,stable-local-fallback,399,1.0,1.0,1,399
femnist,16,116,stable-local-fallback,421,1.0,1.0,2,421
femnist,16,116,stable-local-fallback,412,1.0,1.0,3,412
femnist,16,116,stable-local-fallback,406,1.0,1.0,4,406
femnist,16,116,stable-local-fallback,414,1.0,1.0,5,414
femnist,16,116,stable-local-fallback,399,1.0,1.0,6,399
femnist,16,116,stable-local-fallback,415,1.0,1.0,7,415
femnist,16,116,stable-local-fallback,416,1.0,1.0,8,416
femnist,16,116,stable-local-fallback,404,1.0,1.0,9,404
femnist,16,116,stable-local-fallback,401,1.0,1.0,10,401
femnist,16,116,stable-local-fallback,413,1.0,1.0,11,413
femnist,16,116,stable-local-fallback,424,1.0,1.0,12,424
femnist,16,116,stable-local-fallback,413,1.0,1.0,13,413
femnist,16,116,stable-local-fallback,396,1.0,1.0,14,396
femnist,16,116,stable-local-fallback,405,1.0,1.0,15,405
femnist,16,116,stable-local-fallback,416,1.0,1.0,16,416
femnist,16,116,stable-local-fallback,405,1.0,1.0,17,405
femnist,16,116,stable-local-fallback,412,1.0,1.0,18,412
femnist,16,116,stable-local-fallback,425,1.0,1.0,19,425
femnist,16,116,stable-local-fallback,407,1.0,1.0,20,407
femnist,16,116,stable-local-fallback,403,1.0,1.0,21,403
femnist,16,116,stable-local-fallback,403,1.0,1.0,22,403
femnist,16,116,stable-local-fallback,419,1.0,1.0,23,419
femnist,16,116,stable-local-fallback,407,1.0,1.0,24,407
femnist,16,116,stable-local-fallback,423,1.0,1.0,25,423
femnist,16,116,stable-local-fallback,410,1.0,1.0,26,410
femnist,16,116,stable-local-fallback,390,1.0,1.0,27,390
femnist,16,116,stable-local-fallback,410,1.0,1.0,28,410
femnist,16,116,stable-local-fallback,397,1.0,1.0,29,397
femnist,16,116,stable-local-fallback,420,1.0,1.0,30,420
femnist,16,116,stable-local-fallback,413,1.0,1.0,31,413
femnist,16,116,stable-local-fallback,415,1.0,1.0,32,415
femnist,16,116,stable-local-fallback,409,1.0,1.0,33,409
femnist,16,116,stable-local-fallback,406,1.0,1.0,34,406
femnist,16,116,stable-local-fallback,403,1.0,1.0,35,403
femnist,16,116,stable-local-fallback,406,1.0,1.0,36,406
femnist,16,116,stable-local-fallback,412,1.0,1.0,37,412
femnist,16,116,stable-local-fallback,415,1.0,1.0,38,415
femnist,16,116,stable-local-fallback,410,1.0,1.0,39,410
femnist,16,116,stable-local-fallback,410,1.0,1.0,40,410
femnist,16,116,stable-local-fallback,405,1.0,1.0,41,405
femnist,16,116,stable-local-fallback,427,1.0,1.0,42,427
femnist,16,116,stable-local-fallback,407,1.0,1.0,43,407
femnist,16,116,stable-local-fallback,401,1.0,1.0,44,401
femnist,16,116,stable-local-fallback,414,1.0,1.0,45,414
femnist,16,116,stable-local-fallback,409,1.0,1.0,46,409
femnist,16,116,stable-local-fallback,419,1.0,1.0,47,419
femnist,16,116,stable-local-fallback,409,1.0,1.0,48,409
femnist,16,116,stable-local-fallback,401,1.0,1.0,49,401
femnist,16,116,stable-local-fallback,402,1.0,1.0,50,402
femnist,17,117,naive-recalibrated-2c,309,1.0,0.20690720091529782,1,309
femnist,17,117,naive-recalibrated-2c,319,1.0,0.20706339437961907,2,319
femnist,17,117,naive-recalibrated-2c,308,1.0,0.17560957435270663,3,308
femnist,17,117,naive-recalibrated-2c,332,1.0,0.3109113570835893,4,332
femnist,17,117,naive-recalibrated-2c,326,1.0,0.26630223092364486,5,326
femnist,17,117,naive-recalibrated-2c,330,1.0,0.23001691832012325,6,330
femnist,17,117,naive-recalibrated-2c,323,1.0,0.32193493994114203,7,323
femnist,17,117,naive-recalibrated-2c,324,1.0,0.3142867740360065,8,324
femnist,17,117,naive-recalibrated-2c,321,1.0,0.3743784913900305,9,321
femnist,17,117,naive-recalibrated-2c,342,1.0,0.39579707365783867,10,342
femnist,17,117,naive-recalibrated-2c,307,1.0,0.31623909518304993,11,307
femnist,17,117,naive-recalibrated-2c,312,1.0,0.33514522714805184,12,312
femnist,17,117,naive-recalibrated-2c,319,1.0,0.3415114105316596,13,319
femnist,17,117,naive-recalibrated-2c,314,1.0,0.2695116167318627,14,314
femnist,17,117,naive-recalibrated-2c,303,1.0,0.28263602989202863,15,303
femnist,17,117,naive-recalibrated-2c,322,1.0,0.3120552534604948,16,322
femnist,17,117,naive-recalibrated-2c,312,1.0,0.3089108140339075,17,312
femnist,17,117,naive-recalibrated-2c,330,1.0,0.29152524295393867,18,330
femnist,17,117,naive-recalibrated-2c,321,1.0,0.3181766146147443,19,321
femnist,17,117,naive-recalibrated-2c,319,1.0,0.30461564720887846,20,319
femnist,17,117,naive-recalibrated-2c,319,1.0,0.29185950545612555,21,319
femnist,17,117,naive-recalibrated-2c,333,1.0,0.3169246181185375,22,333
femnist,17,117,naive-recalibrated-2c,315,1.0,0.3381551232816409,23,315
femnist,17,117,naive-recalibrated-2c,324,1.0,0.2994681513790788,24,324
femnist,17,117,naive-recalibrated-2c,317,1.0,0.2911133623566308,25,317
femnist,17,117,naive-recalibrated-2c,310,1.0,0.3036863475580118,26,310
femnist,17,117,naive-recalibrated-2c,314,1.0,0.3404679432363487,27,314
femnist,17,117,naive-recalibrated-2c,327,1.0,0.37739536848892324,28,327
femnist,17,117,naive-recalibrated-2c,328,1.0,0.33916928183649403,29,328
femnist,17,117,naive-recalibrated-2c,314,1.0,0.2766760417604434,30,314
femnist,17,117,naive-recalibrated-2c,321,1.0,0.2986576968397789,31,321
femnist,17,117,naive-recalibrated-2c,324,1.0,0.3274246009632175,32,324
femnist,17,117,naive-recalibrated-2c,323,1.0,0.3129242773385666,33,323
femnist,17,117,naive-recalibrated-2c,335,1.0,0.30477955345856556,34,335
femnist,17,117,naive-recalibrated-2c,320,1.0,0.2929524223389696,35,320
femnist,17,117,naive-recalibrated-2c,328,1.0,0.35427217144825257,36,328
femnist,17,117,naive-recalibrated-2c,315,1.0,0.35021857139250767,37,315
femnist,17,117,naive-recalibrated-2c,325,1.0,0.37359847886250935,38,325
femnist,17,117,naive-recalibrated-2c,311,1.0,0.28131335104570415,39,311
femnist,17,117,naive-recalibrated-2c,308,1.0,0.30442777366491164,40,308
femnist,17,117,naive-recalibrated-2c,314,1.0,0.3420457659650353,41,314
femnist,17,117,naive-recalibrated-2c,335,1.0,0.33418401193600883,42,335
femnist,17,117,naive-recalibrated-2c,321,0.9968847352024922,0.34477478028929426,43,320
femnist,17,117,naive-recalibrated-2c,322,1.0,0.34906303793291515,44,322
femnist,17,117,naive-recalibrated-2c,337,1.0,0.34933476641799965,45,337
femnist,17,117,naive-recalibrated-2c,324,0.9969135802469136,0.3417054901357879,46,323
femnist,17,117,naive-recalibrated-2c,320,1.0,0.33404218093582744,47,320
femnist,17,117,naive-recalibrated-2c,331,1.0,0.32574048586664134,48,331
femnist,17,117,naive-recalibrated-2c,324,1.0,0.34587079339505544,49,324
femnist,17,117,naive-recalibrated-2c,312,1.0,0.30908618405942556,50,312
femnist,17,117,unitscope-lambda-sweep,309,1.0,0.02817079386337236,1,309
femnist,17,117,unitscope-lambda-sweep,319,1.0,0.029144408450950798,2,319
femnist,17,117,unitscope-lambda-sweep,308,1.0,0.029186292343508145,3,308
femnist,17,117,unitscope-lambda-sweep,332,1.0,0.047713727435462774,4,332
femnist,17,117,unitscope-lambda-sweep,326,1.0,0.0325396002333182,5,326
femnist,17,117,unitscope-lambda-sweep,330,1.0,0.031197320528055246,6,330
femnist,17,117,unitscope-lambda-sweep,323,1.0,0.036226301173501285,7,323
femnist,17,117,unitscope-lambda-sweep,324,1.0,0.0478431596718813,8,324
femnist,17,117,unitscope-lambda-sweep,321,1.0,0.0757201274139579,9,321
femnist,17,117,unitscope-lambda-sweep,342,1.0,0.05327675438091566,10,342
femnist,17,117,unitscope-lambda-sweep,307,1.0,0.04867653084650364,11,307
femnist,17,117,unitscope-lambda-sweep,312,1.0,0.045605342655509376,12,312
femnist,17,117,unitscope-lambda-sweep,319,1.0,0.05675669810173794,13,319
femnist,17,117,unitscope-lambda-sweep,314,1.0,0.0350842450161676,14,314
femnist,17,117,unitscope-lambda-sweep,303,1.0,0.03859489434383654,15,303
femnist,17,117,unitscope-lambda-sweep,322,1.0,0.03528067844605047,16,322
femnist,17,117,unitscope-lambda-sweep,312,1.0,0.04092196324557843,17,312
femnist,17,117,unitscope-lambda-sweep,330,1.0,0.03897447934331486,18,330
femnist,17,117,unitscope-lambda-sweep,321,1.0,0.05421199413387432,19,321
femnist,17,117,unitscope-lambda-sweep,319,1.0,0.0459441443480058,20,319
femnist,17,117,unitscope-lambda-sweep,319,1.0,0.04541895897276814,21,319
femnist,17,117,unitscope-lambda-sweep,333,1.0,0.03954245609385642,22,333
femnist,17,117,unitscope-lambda-sweep,315,1.0,0.05107831877613517,23,315
femnist,17,117,unitscope-lambda-sweep,324,1.0,0.03698896447171592,24,324
femnist,17,117,unitscope-lambda-sweep,317,1.0,0.03338862284461111,25,317
femnist,17,117,unitscope-lambda-sweep,310,1.0,0.04255612910679103,26,310
femnist,17,117,unitscope-lambda-sweep,314,1.0,0.04750919958683014,27,314
femnist,17,117,unitscope-lambda-sweep,327,1.0,0.05247200828549232,28,327
femnist,17,117,unitscope-lambda-sweep,328,1.0,0.04677756824970816,29,328
femnist,17,117,unitscope-lambda-sweep,314,1.0,0.03354100763719283,30,314
femnist,17,117,unitscope-lambda-sweep,321,1.0,0.039356162412592446,31,321
femnist,17,117,unitscope-lambda-sweep,324,1.0,0.04644776466909308,32,324
femnist,17,117,unitscope-lambda-sweep,323,1.0,0.051797113243582237,33,323
femnist,17,117,unitscope-lambda-sweep,335,1.0,0.043047926556654896,34,335
femnist,17,117,unitscope-lambda-sweep,320,1.0,0.040254984964684666,35,320
femnist,17,117,unitscope-lambda-sweep,328,1.0,0.04935980919210976,36,328
femnist,17,117,unitscope-lambda-sweep,315,1.0,0.054238175979285076,37,315
femnist,17,117,unitscope-lambda-sweep,325,1.0,0.0600730081725619,38,325
femnist,17,117,unitscope-lambda-sweep,311,1.0,0.04841254285518428,39,311
femnist,17,117,unitscope-lambda-sweep,308,1.0,0.039905904833619624,40,308
femnist,17,117,unitscope-lambda-sweep,314,1.0,0.043921675074388426,41,314
femnist,17,117,unitscope-lambda-sweep,335,1.0,0.04654979700031776,42,335
femnist,17,117,unitscope-lambda-sweep,321,1.0,0.04644422391891454,43,321
femnist,17,117,unitscope-lambda-sweep,322,1.0,0.05847272337947538,44,322
femnist,17,117,unitscope-lambda-sweep,337,1.0,0.06088640656325811,45,337
femnist,17,117,unitscope-lambda-sweep,324,1.0,0.04715936831661345,46,324
femnist,17,117,unitscope-lambda-sweep,320,1.0,0.04237453403665014,47,320
femnist,17,117,unitscope-lambda-sweep,331,1.0,0.06062120069657824,48,331
femnist,17,117,unitscope-lambda-sweep,324,1.0,0.04123037268397846,49,324
femnist,17,117,unitscope-lambda-sweep,312,1.0,0.03888587202468424,50,312
femnist,17,117,stable-local-fallback,411,1.0,1.0,1,411
femnist,17,117,stable-local-fallback,412,1.0,1.0,2,412
femnist,17,117,stable-local-fallback,403,1.0,1.0,3,403
femnist,17,117,stable-local-fallback,412,1.0,1.0,4,412
femnist,17,117,stable-local-fallback,414,1.0,1.0,5,414
femnist,17,117,stable-local-fallback,411,1.0,1.0,6,411
femnist,17,117,stable-local-fallback,399,1.0,1.0,7,399
femnist,17,117,stable-local-fallback,412,1.0,1.0,8,412
femnist,17,117,stable-local-fallback,408,1.0,1.0,9,408
femnist,17,117,stable-local-fallback,420,1.0,1.0,10,420
femnist,17,117,stable-local-fallback,394,1.0,1.0,11,394
femnist,17,117,stable-local-fallback,407,1.0,1.0,12,407
femnist,17,117,stable-local-fallback,402,1.0,1.0,13,402
femnist,17,117,stable-local-fallback,411,1.0,1.0,14,411
femnist,17,117,stable-local-fallback,411,1.0,1.0,15,411
femnist,17,117,stable-local-fallback,405,1.0,1.0,16,405
femnist,17,117,stable-local-fallback,412,1.0,1.0,17,412
femnist,17,117,stable-local-fallback,399,1.0,1.0,18,399
femnist,17,117,stable-local-fallback,417,1.0,1.0,19,417
femnist,17,117,stable-local-fallback,416,1.0,1.0,20,416
femnist,17,117,stable-local-fallback,401,1.0,1.0,21,401
femnist,17,117,stable-local-fallback,408,1.0,1.0,22,408
femnist,17,117,stable-local-fallback,410,1.0,1.0,23,410
femnist,17,117,stable-local-fallback,410,1.0,1.0,24,410
femnist,17,117,stable-local-fallback,399,1.0,1.0,25,399
femnist,17,117,stable-local-fallback,393,1.0,1.0,26,393
femnist,17,117,stable-local-fallback,400,1.0,1.0,27,400
femnist,17,117,stable-local-fallback,406,1.0,1.0,28,406
femnist,17,117,stable-local-fallback,413,1.0,1.0,29,413
femnist,17,117,stable-local-fallback,408,1.0,1.0,30,408
femnist,17,117,stable-local-fallback,398,1.0,1.0,31,398
femnist,17,117,stable-local-fallback,419,1.0,1.0,32,419
femnist,17,117,stable-local-fallback,421,1.0,1.0,33,421
femnist,17,117,stable-local-fallback,423,1.0,1.0,34,423
femnist,17,117,stable-local-fallback,404,1.0,1.0,35,404
femnist,17,117,stable-local-fallback,422,1.0,1.0,36,422
femnist,17,117,stable-local-fallback,407,1.0,1.0,37,407
femnist,17,117,stable-local-fallback,415,1.0,1.0,38,415
femnist,17,117,stable-local-fallback,409,1.0,1.0,39,409
femnist,17,117,stable-local-fallback,406,1.0,1.0,40,406
femnist,17,117,stable-local-fallback,400,1.0,1.0,41,400
femnist,17,117,stable-local-fallback,404,1.0,1.0,42,404
femnist,17,117,stable-local-fallback,416,1.0,1.0,43,416
femnist,17,117,stable-local-fallback,413,1.0,1.0,44,413
femnist,17,117,stable-local-fallback,417,1.0,1.0,45,417
femnist,17,117,stable-local-fallback,401,1.0,1.0,46,401
femnist,17,117,stable-local-fallback,410,1.0,1.0,47,410
femnist,17,117,stable-local-fallback,415,1.0,1.0,48,415
femnist,17,117,stable-local-fallback,412,1.0,1.0,49,412
femnist,17,117,stable-local-fallback,408,1.0,1.0,50,408
femnist,17,117,handle-only-drop-residual,0,,0.0,1,0
femnist,17,117,handle-only-drop-residual,0,,0.0,2,0
femnist,17,117,handle-only-drop-residual,0,,0.0,3,0
femnist,17,117,handle-only-drop-residual,0,,0.0,4,0
femnist,17,117,handle-only-drop-residual,0,,0.0,5,0
femnist,17,117,handle-only-drop-residual,0,,0.0,6,0
femnist,17,117,handle-only-drop-residual,0,,0.0,7,0
femnist,17,117,handle-only-drop-residual,0,,0.0,8,0
femnist,17,117,handle-only-drop-residual,0,,0.0,9,0
femnist,17,117,handle-only-drop-residual,0,,0.0,10,0
femnist,17,117,handle-only-drop-residual,0,,0.0,11,0
femnist,17,117,handle-only-drop-residual,0,,0.0,12,0
femnist,17,117,handle-only-drop-residual,0,,0.0,13,0
femnist,17,117,handle-only-drop-residual,0,,0.0,14,0
femnist,17,117,handle-only-drop-residual,0,,0.0,15,0
femnist,17,117,handle-only-drop-residual,0,,0.0,16,0
femnist,17,117,handle-only-drop-residual,0,,0.0,17,0
femnist,17,117,handle-only-drop-residual,0,,0.0,18,0
femnist,17,117,handle-only-drop-residual,0,,0.0,19,0
femnist,17,117,handle-only-drop-residual,0,,0.0,20,0
femnist,17,117,handle-only-drop-residual,0,,0.0,21,0
femnist,17,117,handle-only-drop-residual,0,,0.0,22,0
femnist,17,117,handle-only-drop-residual,0,,0.0,23,0
femnist,17,117,handle-only-drop-residual,0,,0.0,24,0
femnist,17,117,handle-only-drop-residual,0,,0.0,25,0
femnist,17,117,handle-only-drop-residual,0,,0.0,26,0
femnist,17,117,handle-only-drop-residual,0,,0.0,27,0
femnist,17,117,handle-only-drop-residual,0,,0.0,28,0
femnist,17,117,handle-only-drop-residual,0,,0.0,29,0
femnist,17,117,handle-only-drop-residual,0,,0.0,30,0
femnist,17,117,handle-only-drop-residual,0,,0.0,31,0
femnist,17,117,handle-only-drop-residual,0,,0.0,32,0
femnist,17,117,handle-only-drop-residual,0,,0.0,33,0
femnist,17,117,handle-only-drop-residual,0,,0.0,34,0
femnist,17,117,handle-only-drop-residual,0,,0.0,35,0
femnist,17,117,handle-only-drop-residual,0,,0.0,36,0
femnist,17,117,handle-only-drop-residual,0,,0.0,37,0
femnist,17,117,handle-only-drop-residual,0,,0.0,38,0
femnist,17,117,handle-only-drop-residual,0,,0.0,39,0
femnist,17,117,handle-only-drop-residual,0,,0.0,40,0
femnist,17,117,handle-only-drop-residual,0,,0.0,41,0
femnist,17,117,handle-only-drop-residual,0,,0.0,42,0
femnist,17,117,handle-only-drop-residual,0,,0.0,43,0
femnist,17,117,handle-only-drop-residual,0,,0.0,44,0
femnist,17,117,handle-only-drop-residual,0,,0.0,45,0
femnist,17,117,handle-only-drop-residual,0,,0.0,46,0
femnist,17,117,handle-only-drop-residual,0,,0.0,47,0
femnist,17,117,handle-only-drop-residual,0,,0.0,48,0
femnist,17,117,handle-only-drop-residual,0,,0.0,49,0
femnist,17,117,handle-only-drop-residual,0,,0.0,50,0
femnist,18,118,naive-recalibrated-2c,298,1.0,0.2310016907457471,1,298
femnist,18,118,naive-recalibrated-2c,334,1.0,0.2692674063369268,2,334
femnist,18,118,naive-recalibrated-2c,312,1.0,0.2680822638338115,3,312
femnist,18,118,naive-recalibrated-2c,324,1.0,0.25872317648184523,4,324
femnist,18,118,naive-recalibrated-2c,347,1.0,0.2616908649988202,5,347
femnist,18,118,naive-recalibrated-2c,305,1.0,0.2711786414337087,6,305
femnist,18,118,naive-recalibrated-2c,317,1.0,0.3135913117570455,7,317
femnist,18,118,naive-recalibrated-2c,319,1.0,0.3691188816616264,8,319
femnist,18,118,naive-recalibrated-2c,342,1.0,0.3401176698145612,9,342
femnist,18,118,naive-recalibrated-2c,311,1.0,0.20217522998406454,10,311
femnist,18,118,naive-recalibrated-2c,325,1.0,0.2709226283354697,11,325
femnist,18,118,naive-recalibrated-2c,302,1.0,0.2241271888904001,12,302
femnist,18,118,naive-recalibrated-2c,331,1.0,0.35951637600309844,13,331
femnist,18,118,naive-recalibrated-2c,318,1.0,0.2744317683726907,14,318
femnist,18,118,naive-recalibrated-2c,328,1.0,0.36625961469997975,15,328
femnist,18,118,naive-recalibrated-2c,327,1.0,0.31614822761213146,16,327
femnist,18,118,naive-recalibrated-2c,306,1.0,0.316027025139514,17,306
femnist,18,118,naive-recalibrated-2c,315,1.0,0.3227086879914454,18,315
femnist,18,118,naive-recalibrated-2c,316,1.0,0.27121695840197324,19,316
femnist,18,118,naive-recalibrated-2c,315,1.0,0.31458480434571723,20,315
femnist,18,118,naive-recalibrated-2c,334,1.0,0.29459468757945056,21,334
femnist,18,118,naive-recalibrated-2c,309,1.0,0.3105644347323112,22,309
femnist,18,118,naive-recalibrated-2c,308,1.0,0.37305033927706505,23,308
femnist,18,118,naive-recalibrated-2c,328,1.0,0.28535295740525823,24,328
femnist,18,118,naive-recalibrated-2c,342,1.0,0.40903463399277296,25,342
femnist,18,118,naive-recalibrated-2c,317,1.0,0.36561801423486145,26,317
femnist,18,118,naive-recalibrated-2c,299,1.0,0.2828389727184355,27,299
femnist,18,118,naive-recalibrated-2c,341,1.0,0.3472633897389332,28,341
femnist,18,118,naive-recalibrated-2c,302,1.0,0.31869060167375957,29,302
femnist,18,118,naive-recalibrated-2c,312,1.0,0.28347305277418555,30,312
femnist,18,118,naive-recalibrated-2c,333,1.0,0.3623183880032132,31,333
femnist,18,118,naive-recalibrated-2c,323,1.0,0.34797373145266025,32,323
femnist,18,118,naive-recalibrated-2c,303,1.0,0.28997518167010483,33,303
femnist,18,118,naive-recalibrated-2c,343,1.0,0.4092742133862775,34,343
femnist,18,118,naive-recalibrated-2c,308,1.0,0.3103396309863109,35,308
femnist,18,118,naive-recalibrated-2c,310,1.0,0.3344325827755344,36,310
femnist,18,118,naive-recalibrated-2c,317,1.0,0.3343302657279235,37,317
femnist,18,118,naive-recalibrated-2c,326,1.0,0.28246731132961833,38,326
femnist,18,118,naive-recalibrated-2c,319,1.0,0.34794027407438516,39,319
femnist,18,118,naive-recalibrated-2c,310,1.0,0.29874464765499986,40,310
femnist,18,118,naive-recalibrated-2c,314,1.0,0.3084374012316068,41,314
femnist,18,118,naive-recalibrated-2c,314,1.0,0.32587225182044227,42,314
femnist,18,118,naive-recalibrated-2c,320,1.0,0.3493106184676923,43,320
femnist,18,118,naive-recalibrated-2c,323,1.0,0.328694578439218,44,323
femnist,18,118,naive-recalibrated-2c,335,1.0,0.39056502641260543,45,335
femnist,18,118,naive-recalibrated-2c,309,0.9967637540453075,0.29596325591486944,46,308
femnist,18,118,naive-recalibrated-2c,326,1.0,0.31486728062652186,47,326
femnist,18,118,naive-recalibrated-2c,313,1.0,0.29277638921048127,48,313
femnist,18,118,naive-recalibrated-2c,316,1.0,0.31168308233443853,49,316
femnist,18,118,naive-recalibrated-2c,328,1.0,0.33115220576183096,50,328
femnist,18,118,stable-local-fallback,390,1.0,1.0,1,390
femnist,18,118,stable-local-fallback,422,1.0,1.0,2,422
femnist,18,118,stable-local-fallback,413,1.0,1.0,3,413
femnist,18,118,stable-local-fallback,423,1.0,1.0,4,423
femnist,18,118,stable-local-fallback,432,1.0,1.0,5,432
femnist,18,118,stable-local-fallback,409,1.0,1.0,6,409
femnist,18,118,stable-local-fallback,407,1.0,1.0,7,407
femnist,18,118,stable-local-fallback,418,1.0,1.0,8,418
femnist,18,118,stable-local-fallback,430,1.0,1.0,9,430
femnist,18,118,stable-local-fallback,402,1.0,1.0,10,402
femnist,18,118,stable-local-fallback,420,1.0,1.0,11,420
femnist,18,118,stable-local-fallback,412,1.0,1.0,12,412
femnist,18,118,stable-local-fallback,411,1.0,1.0,13,411
femnist,18,118,stable-local-fallback,414,1.0,1.0,14,414
femnist,18,118,stable-local-fallback,416,1.0,1.0,15,416
femnist,18,118,stable-local-fallback,413,1.0,1.0,16,413
femnist,18,118,stable-local-fallback,405,1.0,1.0,17,405
femnist,18,118,stable-local-fallback,404,1.0,1.0,18,404
femnist,18,118,stable-local-fallback,412,1.0,1.0,19,412
femnist,18,118,stable-local-fallback,399,1.0,1.0,20,399
femnist,18,118,stable-local-fallback,412,1.0,1.0,21,412
femnist,18,118,stable-local-fallback,409,1.0,1.0,22,409
femnist,18,118,stable-local-fallback,408,1.0,1.0,23,408
femnist,18,118,stable-local-fallback,412,1.0,1.0,24,412
femnist,18,118,stable-local-fallback,422,1.0,1.0,25,422
femnist,18,118,stable-local-fallback,415,1.0,1.0,26,415
femnist,18,118,stable-local-fallback,400,1.0,1.0,27,400
femnist,18,118,stable-local-fallback,418,1.0,1.0,28,418
femnist,18,118,stable-local-fallback,407,1.0,1.0,29,407
femnist,18,118,stable-local-fallback,403,1.0,1.0,30,403
femnist,18,118,stable-local-fallback,421,1.0,1.0,31,421
femnist,18,118,stable-local-fallback,422,1.0,1.0,32,422
femnist,18,118,stable-local-fallback,410,1.0,1.0,33,410
femnist,18,118,stable-local-fallback,418,1.0,1.0,34,418
femnist,18,118,stable-local-fallback,414,1.0,1.0,35,414
femnist,18,118,stable-local-fallback,396,1.0,1.0,36,396
femnist,18,118,stable-local-fallback,408,1.0,1.0,37,408
femnist,18,118,stable-local-fallback,417,1.0,1.0,38,417
femnist,18,118,stable-local-fallback,400,1.0,1.0,39,400
femnist,18,118,stable-local-fallback,399,1.0,1.0,40,399
femnist,18,118,stable-local-fallback,414,1.0,1.0,41,414
femnist,18,118,stable-local-fallback,409,1.0,1.0,42,409
femnist,18,118,stable-local-fallback,409,1.0,1.0,43,409
femnist,18,118,stable-local-fallback,427,1.0,1.0,44,427
femnist,18,118,stable-local-fallback,413,1.0,1.0,45,413
femnist,18,118,stable-local-fallback,395,1.0,1.0,46,395
femnist,18,118,stable-local-fallback,417,1.0,1.0,47,417
femnist,18,118,stable-local-fallback,411,1.0,1.0,48,411
femnist,18,118,stable-local-fallback,411,1.0,1.0,49,411
femnist,18,118,stable-local-fallback,418,1.0,1.0,50,418
femnist,18,118,unitscope-lambda-sweep,298,1.0,0.03229895551575999,1,298
femnist,18,118,unitscope-lambda-sweep,334,1.0,0.029548841459236384,2,334
femnist,18,118,unitscope-lambda-sweep,312,1.0,0.028184461615527595,3,312
femnist,18,118,unitscope-lambda-sweep,324,1.0,0.0396504001401482,4,324
femnist,18,118,unitscope-lambda-sweep,347,1.0,0.027208337978985486,5,347
femnist,18,118,unitscope-lambda-sweep,305,1.0,0.02766558966614784,6,305
femnist,18,118,unitscope-lambda-sweep,317,1.0,0.040517474208670266,7,317
femnist,18,118,unitscope-lambda-sweep,319,1.0,0.0561942866906206,8,319
femnist,18,118,unitscope-lambda-sweep,342,1.0,0.04575407906121036,9,342
femnist,18,118,unitscope-lambda-sweep,311,1.0,0.02368302983258764,10,311
femnist,18,118,unitscope-lambda-sweep,325,1.0,0.03582362786474401,11,325
femnist,18,118,unitscope-lambda-sweep,302,1.0,0.029441732660127482,12,302
femnist,18,118,unitscope-lambda-sweep,331,1.0,0.032656650433650465,13,331
femnist,18,118,unitscope-lambda-sweep,318,1.0,0.03348429619111524,14,318
femnist,18,118,unitscope-lambda-sweep,328,1.0,0.05486508876908252,15,328
femnist,18,118,unitscope-lambda-sweep,327,1.0,0.028384102952405572,16,327
femnist,18,118,unitscope-lambda-sweep,306,1.0,0.03245779460052284,17,306
femnist,18,118,unitscope-lambda-sweep,315,1.0,0.04821500221853375,18,315
femnist,18,118,unitscope-lambda-sweep,316,1.0,0.0319651784452697,19,316
femnist,18,118,unitscope-lambda-sweep,315,1.0,0.06389390294932924,20,315
femnist,18,118,unitscope-lambda-sweep,334,1.0,0.03817702118567179,21,334
femnist,18,118,unitscope-lambda-sweep,309,1.0,0.028003944784144776,22,309
femnist,18,118,unitscope-lambda-sweep,308,1.0,0.046470865325163715,23,308
femnist,18,118,unitscope-lambda-sweep,328,1.0,0.029121097735238587,24,328
femnist,18,118,unitscope-lambda-sweep,342,1.0,0.03341860491716324,25,342
femnist,18,118,unitscope-lambda-sweep,317,1.0,0.0396730186422225,26,317
femnist,18,118,unitscope-lambda-sweep,299,1.0,0.0313215343722088,27,299
femnist,18,118,unitscope-lambda-sweep,341,1.0,0.03179128888713657,28,341
femnist,18,118,unitscope-lambda-sweep,302,1.0,0.04118401809806119,29,302
femnist,18,118,unitscope-lambda-sweep,312,1.0,0.027196235042825694,30,312
femnist,18,118,unitscope-lambda-sweep,333,1.0,0.03787700084718349,31,333
femnist,18,118,unitscope-lambda-sweep,323,1.0,0.035169347131695755,32,323
femnist,18,118,unitscope-lambda-sweep,303,1.0,0.03341142709713885,33,303
femnist,18,118,unitscope-lambda-sweep,343,1.0,0.04843725296214874,34,343
femnist,18,118,unitscope-lambda-sweep,308,1.0,0.03730666446348967,35,308
femnist,18,118,unitscope-lambda-sweep,310,1.0,0.023568787417543233,36,310
femnist,18,118,unitscope-lambda-sweep,317,1.0,0.055779753355060704,37,317
femnist,18,118,unitscope-lambda-sweep,326,1.0,0.03463251397466756,38,326
femnist,18,118,unitscope-lambda-sweep,319,1.0,0.0676836362680083,39,319
femnist,18,118,unitscope-lambda-sweep,310,1.0,0.03562365550524247,40,310
femnist,18,118,unitscope-lambda-sweep,314,1.0,0.034637014364464036,41,314
femnist,18,118,unitscope-lambda-sweep,314,1.0,0.05854491187024198,42,314
femnist,18,118,unitscope-lambda-sweep,320,1.0,0.050770139662818986,43,320
femnist,18,118,unitscope-lambda-sweep,323,1.0,0.046103960847231236,44,323
femnist,18,118,unitscope-lambda-sweep,335,1.0,0.04010734777722205,45,335
femnist,18,118,unitscope-lambda-sweep,309,1.0,0.04004250668367576,46,309
femnist,18,118,unitscope-lambda-sweep,326,1.0,0.03973937444095363,47,326
femnist,18,118,unitscope-lambda-sweep,313,1.0,0.039820467032354444,48,313
femnist,18,118,unitscope-lambda-sweep,316,1.0,0.04249832713681579,49,316
femnist,18,118,unitscope-lambda-sweep,328,1.0,0.04795913460788514,50,328
femnist,18,118,handle-only-drop-residual,0,,0.0,1,0
femnist,18,118,handle-only-drop-residual,0,,0.0,2,0
femnist,18,118,handle-only-drop-residual,0,,0.0,3,0
femnist,18,118,handle-only-drop-residual,0,,0.0,4,0
femnist,18,118,handle-only-drop-residual,0,,0.0,5,0
femnist,18,118,handle-only-drop-residual,0,,0.0,6,0
femnist,18,118,handle-only-drop-residual,0,,0.0,7,0
femnist,18,118,handle-only-drop-residual,0,,0.0,8,0
femnist,18,118,handle-only-drop-residual,0,,0.0,9,0
femnist,18,118,handle-only-drop-residual,0,,0.0,10,0
femnist,18,118,handle-only-drop-residual,0,,0.0,11,0
femnist,18,118,handle-only-drop-residual,0,,0.0,12,0
femnist,18,118,handle-only-drop-residual,0,,0.0,13,0
femnist,18,118,handle-only-drop-residual,0,,0.0,14,0
femnist,18,118,handle-only-drop-residual,0,,0.0,15,0
femnist,18,118,handle-only-drop-residual,0,,0.0,16,0
femnist,18,118,handle-only-drop-residual,0,,0.0,17,0
femnist,18,118,handle-only-drop-residual,0,,0.0,18,0
femnist,18,118,handle-only-drop-residual,0,,0.0,19,0
femnist,18,118,handle-only-drop-residual,0,,0.0,20,0
femnist,18,118,handle-only-drop-residual,0,,0.0,21,0
femnist,18,118,handle-only-drop-residual,0,,0.0,22,0
femnist,18,118,handle-only-drop-residual,0,,0.0,23,0
femnist,18,118,handle-only-drop-residual,0,,0.0,24,0
femnist,18,118,handle-only-drop-residual,0,,0.0,25,0
femnist,18,118,handle-only-drop-residual,0,,0.0,26,0
femnist,18,118,handle-only-drop-residual,0,,0.0,27,0
femnist,18,118,handle-only-drop-residual,0,,0.0,28,0
femnist,18,118,handle-only-drop-residual,0,,0.0,29,0
femnist,18,118,handle-only-drop-residual,0,,0.0,30,0
femnist,18,118,handle-only-drop-residual,0,,0.0,31,0
femnist,18,118,handle-only-drop-residual,0,,0.0,32,0
femnist,18,118,handle-only-drop-residual,0,,0.0,33,0
femnist,18,118,handle-only-drop-residual,0,,0.0,34,0
femnist,18,118,handle-only-drop-residual,0,,0.0,35,0
femnist,18,118,handle-only-drop-residual,0,,0.0,36,0
femnist,18,118,handle-only-drop-residual,0,,0.0,37,0
femnist,18,118,handle-only-drop-residual,0,,0.0,38,0
femnist,18,118,handle-only-drop-residual,0,,0.0,39,0
femnist,18,118,handle-only-drop-residual,0,,0.0,40,0
femnist,18,118,handle-only-drop-residual,0,,0.0,41,0
femnist,18,118,handle-only-drop-residual,0,,0.0,42,0
femnist,18,118,handle-only-drop-residual,0,,0.0,43,0
femnist,18,118,handle-only-drop-residual,0,,0.0,44,0
femnist,18,118,handle-only-drop-residual,0,,0.0,45,0
femnist,18,118,handle-only-drop-residual,0,,0.0,46,0
femnist,18,118,handle-only-drop-residual,0,,0.0,47,0
femnist,18,118,handle-only-drop-residual,0,,0.0,48,0
femnist,18,118,handle-only-drop-residual,0,,0.0,49,0
femnist,18,118,handle-only-drop-residual,0,,0.0,50,0
femnist,19,119,handle-only-drop-residual,0,,0.0,1,0
femnist,19,119,handle-only-drop-residual,0,,0.0,2,0
femnist,19,119,handle-only-drop-residual,0,,0.0,3,0
femnist,19,119,handle-only-drop-residual,0,,0.0,4,0
femnist,19,119,handle-only-drop-residual,0,,0.0,5,0
femnist,19,119,handle-only-drop-residual,0,,0.0,6,0
femnist,19,119,handle-only-drop-residual,0,,0.0,7,0
femnist,19,119,handle-only-drop-residual,0,,0.0,8,0
femnist,19,119,handle-only-drop-residual,0,,0.0,9,0
femnist,19,119,handle-only-drop-residual,0,,0.0,10,0
femnist,19,119,handle-only-drop-residual,0,,0.0,11,0
femnist,19,119,handle-only-drop-residual,0,,0.0,12,0
femnist,19,119,handle-only-drop-residual,0,,0.0,13,0
femnist,19,119,handle-only-drop-residual,0,,0.0,14,0
femnist,19,119,handle-only-drop-residual,0,,0.0,15,0
femnist,19,119,handle-only-drop-residual,0,,0.0,16,0
femnist,19,119,handle-only-drop-residual,0,,0.0,17,0
femnist,19,119,handle-only-drop-residual,0,,0.0,18,0
femnist,19,119,handle-only-drop-residual,0,,0.0,19,0
femnist,19,119,handle-only-drop-residual,0,,0.0,20,0
femnist,19,119,handle-only-drop-residual,0,,0.0,21,0
femnist,19,119,handle-only-drop-residual,0,,0.0,22,0
femnist,19,119,handle-only-drop-residual,0,,0.0,23,0
femnist,19,119,handle-only-drop-residual,0,,0.0,24,0
femnist,19,119,handle-only-drop-residual,0,,0.0,25,0
femnist,19,119,handle-only-drop-residual,0,,0.0,26,0
femnist,19,119,handle-only-drop-residual,0,,0.0,27,0
femnist,19,119,handle-only-drop-residual,0,,0.0,28,0
femnist,19,119,handle-only-drop-residual,0,,0.0,29,0
femnist,19,119,handle-only-drop-residual,0,,0.0,30,0
femnist,19,119,handle-only-drop-residual,0,,0.0,31,0
femnist,19,119,handle-only-drop-residual,0,,0.0,32,0
femnist,19,119,handle-only-drop-residual,0,,0.0,33,0
femnist,19,119,handle-only-drop-residual,0,,0.0,34,0
femnist,19,119,handle-only-drop-residual,0,,0.0,35,0
femnist,19,119,handle-only-drop-residual,0,,0.0,36,0
femnist,19,119,handle-only-drop-residual,0,,0.0,37,0
femnist,19,119,handle-only-drop-residual,0,,0.0,38,0
femnist,19,119,handle-only-drop-residual,0,,0.0,39,0
femnist,19,119,handle-only-drop-residual,0,,0.0,40,0
femnist,19,119,handle-only-drop-residual,0,,0.0,41,0
femnist,19,119,handle-only-drop-residual,0,,0.0,42,0
femnist,19,119,handle-only-drop-residual,0,,0.0,43,0
femnist,19,119,handle-only-drop-residual,0,,0.0,44,0
femnist,19,119,handle-only-drop-residual,0,,0.0,45,0
femnist,19,119,handle-only-drop-residual,0,,0.0,46,0
femnist,19,119,handle-only-drop-residual,0,,0.0,47,0
femnist,19,119,handle-only-drop-residual,0,,0.0,48,0
femnist,19,119,handle-only-drop-residual,0,,0.0,49,0
femnist,19,119,handle-only-drop-residual,0,,0.0,50,0
femnist,19,119,unitscope-lambda-sweep,308,1.0,0.03455315232752538,1,308
femnist,19,119,unitscope-lambda-sweep,325,1.0,0.02408137801273629,2,325
femnist,19,119,unitscope-lambda-sweep,318,1.0,0.03155575998917339,3,318
femnist,19,119,unitscope-lambda-sweep,331,1.0,0.03497609882264684,4,331
femnist,19,119,unitscope-lambda-sweep,317,1.0,0.027231612168854294,5,317
femnist,19,119,unitscope-lambda-sweep,324,1.0,0.03151684027958952,6,324
femnist,19,119,unitscope-lambda-sweep,318,1.0,0.04227124408472092,7,318
femnist,19,119,unitscope-lambda-sweep,316,1.0,0.04002484310502261,8,316
femnist,19,119,unitscope-lambda-sweep,317,1.0,0.05766162709010887,9,317
femnist,19,119,unitscope-lambda-sweep,312,1.0,0.038720070144674185,10,312
femnist,19,119,unitscope-lambda-sweep,305,1.0,0.04443082555995568,11,305
femnist,19,119,unitscope-lambda-sweep,319,1.0,0.049719842730330706,12,319
femnist,19,119,unitscope-lambda-sweep,318,1.0,0.06729991166843576,13,318
femnist,19,119,unitscope-lambda-sweep,321,1.0,0.033337317120691705,14,321
femnist,19,119,unitscope-lambda-sweep,333,1.0,0.027335277899302995,15,333
femnist,19,119,unitscope-lambda-sweep,332,1.0,0.042174225434028975,16,332
femnist,19,119,unitscope-lambda-sweep,308,1.0,0.04544693231127635,17,308
femnist,19,119,unitscope-lambda-sweep,323,1.0,0.048070214091691064,18,323
femnist,19,119,unitscope-lambda-sweep,339,1.0,0.058975182560885644,19,339
femnist,19,119,unitscope-lambda-sweep,326,1.0,0.045653739125715985,20,326
femnist,19,119,unitscope-lambda-sweep,315,1.0,0.02590142611145041,21,315
femnist,19,119,unitscope-lambda-sweep,322,1.0,0.03673803049433793,22,322
femnist,19,119,unitscope-lambda-sweep,328,1.0,0.04372325199026099,23,328
femnist,19,119,unitscope-lambda-sweep,325,1.0,0.028163392524720655,24,325
femnist,19,119,unitscope-lambda-sweep,334,1.0,0.048665744295742386,25,334
femnist,19,119,unitscope-lambda-sweep,322,1.0,0.043860368554487814,26,322
femnist,19,119,unitscope-lambda-sweep,328,1.0,0.035787114756646074,27,328
femnist,19,119,unitscope-lambda-sweep,323,1.0,0.05040585615798569,28,323
femnist,19,119,unitscope-lambda-sweep,322,1.0,0.044671547526123304,29,322
femnist,19,119,unitscope-lambda-sweep,313,1.0,0.04201990647319822,30,313
femnist,19,119,unitscope-lambda-sweep,306,1.0,0.023983359214014795,31,306
femnist,19,119,unitscope-lambda-sweep,336,1.0,0.05740439723463315,32,336
femnist,19,119,unitscope-lambda-sweep,321,1.0,0.04892503943033152,33,321
femnist,19,119,unitscope-lambda-sweep,320,1.0,0.034721188195464554,34,320
femnist,19,119,unitscope-lambda-sweep,321,1.0,0.04462127183690498,35,321
femnist,19,119,unitscope-lambda-sweep,317,1.0,0.04363284238955589,36,317
femnist,19,119,unitscope-lambda-sweep,321,1.0,0.04128551126316645,37,321
femnist,19,119,unitscope-lambda-sweep,318,1.0,0.046667400686248146,38,318
femnist,19,119,unitscope-lambda-sweep,322,1.0,0.026574229150354987,39,322
femnist,19,119,unitscope-lambda-sweep,318,1.0,0.046052305448133414,40,318
femnist,19,119,unitscope-lambda-sweep,315,1.0,0.04920012939689423,41,315
femnist,19,119,unitscope-lambda-sweep,316,1.0,0.0404634656598152,42,316
femnist,19,119,unitscope-lambda-sweep,315,1.0,0.03959825377982593,43,315
femnist,19,119,unitscope-lambda-sweep,330,1.0,0.06149642318437858,44,330
femnist,19,119,unitscope-lambda-sweep,330,1.0,0.04592498482075439,45,330
femnist,19,119,unitscope-lambda-sweep,321,1.0,0.03984358790484536,46,321
femnist,19,119,unitscope-lambda-sweep,309,1.0,0.05348723101664386,47,309
femnist,19,119,unitscope-lambda-sweep,329,1.0,0.041606843205013365,48,329
femnist,19,119,unitscope-lambda-sweep,332,1.0,0.04290673031335832,49,332
femnist,19,119,unitscope-lambda-sweep,334,1.0,0.04572254219607925,50,334
femnist,19,119,stable-local-fallback,410,1.0,1.0,1,410
femnist,19,119,stable-local-fallback,402,1.0,1.0,2,402
femnist,19,119,stable-local-fallback,415,1.0,1.0,3,415
femnist,19,119,stable-local-fallback,407,1.0,1.0,4,407
femnist,19,119,stable-local-fallback,407,1.0,1.0,5,407
femnist,19,119,stable-local-fallback,415,1.0,1.0,6,415
femnist,19,119,stable-local-fallback,418,1.0,1.0,7,418
femnist,19,119,stable-local-fallback,415,1.0,1.0,8,415
femnist,19,119,stable-local-fallback,407,1.0,1.0,9,407
femnist,19,119,stable-local-fallback,406,1.0,1.0,10,406
femnist,19,119,stable-local-fallback,399,1.0,1.0,11,399
femnist,19,119,stable-local-fallback,411,1.0,1.0,12,411
femnist,19,119,stable-local-fallback,411,1.0,1.0,13,411
femnist,19,119,stable-local-fallback,416,1.0,1.0,14,416
femnist,19,119,stable-local-fallback,425,1.0,1.0,15,425
femnist,19,119,stable-local-fallback,406,1.0,1.0,16,406
femnist,19,119,stable-local-fallback,400,1.0,1.0,17,400
femnist,19,119,stable-local-fallback,406,1.0,1.0,18,406
femnist,19,119,stable-local-fallback,423,1.0,1.0,19,423
femnist,19,119,stable-local-fallback,427,1.0,1.0,20,427
femnist,19,119,stable-local-fallback,409,1.0,1.0,21,409
femnist,19,119,stable-local-fallback,412,1.0,1.0,22,412
femnist,19,119,stable-local-fallback,410,1.0,1.0,23,410
femnist,19,119,stable-local-fallback,412,1.0,1.0,24,412
femnist,19,119,stable-local-fallback,422,1.0,1.0,25,422
femnist,19,119,stable-local-fallback,419,1.0,1.0,26,419
femnist,19,119,stable-local-fallback,418,1.0,1.0,27,418
femnist,19,119,stable-local-fallback,399,1.0,1.0,28,399
femnist,19,119,stable-local-fallback,418,1.0,1.0,29,418
femnist,19,119,stable-local-fallback,413,1.0,1.0,30,413
femnist,19,119,stable-local-fallback,402,1.0,1.0,31,402
femnist,19,119,stable-local-fallback,423,1.0,1.0,32,423
femnist,19,119,stable-local-fallback,414,1.0,1.0,33,414
femnist,19,119,stable-local-fallback,408,1.0,1.0,34,408
femnist,19,119,stable-local-fallback,393,1.0,1.0,35,393
femnist,19,119,stable-local-fallback,408,1.0,1.0,36,408
femnist,19,119,stable-local-fallback,405,1.0,1.0,37,405
femnist,19,119,stable-local-fallback,405,1.0,1.0,38,405
femnist,19,119,stable-local-fallback,419,1.0,1.0,39,419
femnist,19,119,stable-local-fallback,411,1.0,1.0,40,411
femnist,19,119,stable-local-fallback,412,1.0,1.0,41,412
femnist,19,119,stable-local-fallback,406,1.0,1.0,42,406
femnist,19,119,stable-local-fallback,413,1.0,1.0,43,413
femnist,19,119,stable-local-fallback,406,1.0,1.0,44,406
femnist,19,119,stable-local-fallback,413,1.0,1.0,45,413
femnist,19,119,stable-local-fallback,416,1.0,1.0,46,416
femnist,19,119,stable-local-fallback,389,1.0,1.0,47,389
femnist,19,119,stable-local-fallback,412,1.0,1.0,48,412
femnist,19,119,stable-local-fallback,414,1.0,1.0,49,414
femnist,19,119,stable-local-fallback,412,1.0,1.0,50,412
femnist,19,119,naive-recalibrated-2c,308,1.0,0.2436322704781037,1,308
femnist,19,119,naive-recalibrated-2c,325,1.0,0.2139114876784125,2,325
femnist,19,119,naive-recalibrated-2c,318,1.0,0.24931285653877805,3,318
femnist,19,119,naive-recalibrated-2c,331,1.0,0.3271925606538279,4,331
femnist,19,119,naive-recalibrated-2c,317,1.0,0.2687503456333083,5,317
femnist,19,119,naive-recalibrated-2c,324,1.0,0.2766591771514113,6,324
femnist,19,119,naive-recalibrated-2c,318,1.0,0.25495166774211825,7,318
femnist,19,119,naive-recalibrated-2c,316,1.0,0.3040186735860314,8,316
femnist,19,119,naive-recalibrated-2c,317,1.0,0.45248945581133376,9,317
femnist,19,119,naive-recalibrated-2c,312,1.0,0.3140806559284587,10,312
femnist,19,119,naive-recalibrated-2c,305,1.0,0.30592620660928244,11,305
femnist,19,119,naive-recalibrated-2c,319,1.0,0.33914198425122144,12,319
femnist,19,119,naive-recalibrated-2c,318,1.0,0.34335569418597783,13,318
femnist,19,119,naive-recalibrated-2c,321,1.0,0.33049485233793513,14,321
femnist,19,119,naive-recalibrated-2c,333,1.0,0.2926546575660084,15,333
femnist,19,119,naive-recalibrated-2c,332,1.0,0.33616305783888384,16,332
femnist,19,119,naive-recalibrated-2c,308,1.0,0.2793462559093157,17,308
femnist,19,119,naive-recalibrated-2c,323,1.0,0.2660870963485833,18,323
femnist,19,119,naive-recalibrated-2c,339,1.0,0.33523814596546225,19,339
femnist,19,119,naive-recalibrated-2c,326,1.0,0.2701525265963751,20,326
femnist,19,119,naive-recalibrated-2c,315,1.0,0.23745988728246625,21,315
femnist,19,119,naive-recalibrated-2c,322,1.0,0.32441744153975205,22,322
femnist,19,119,naive-recalibrated-2c,328,1.0,0.3744760293727637,23,328
femnist,19,119,naive-recalibrated-2c,325,1.0,0.24845149650561849,24,325
femnist,19,119,naive-recalibrated-2c,334,1.0,0.3890956580806572,25,334
femnist,19,119,naive-recalibrated-2c,322,1.0,0.31244359703941793,26,322
femnist,19,119,naive-recalibrated-2c,328,1.0,0.29857667006234884,27,328
femnist,19,119,naive-recalibrated-2c,323,1.0,0.3208150007256752,28,323
femnist,19,119,naive-recalibrated-2c,322,1.0,0.28244602890582954,29,322
femnist,19,119,naive-recalibrated-2c,313,1.0,0.3085640142501866,30,313
femnist,19,119,naive-recalibrated-2c,306,1.0,0.2532049269085695,31,306
femnist,19,119,naive-recalibrated-2c,336,1.0,0.3126209769977063,32,336
femnist,19,119,naive-recalibrated-2c,321,1.0,0.34366341917700144,33,321
femnist,19,119,naive-recalibrated-2c,320,1.0,0.3360943181657665,34,320
femnist,19,119,naive-recalibrated-2c,321,1.0,0.31763841190219844,35,321
femnist,19,119,naive-recalibrated-2c,317,1.0,0.36621832596887344,36,317
femnist,19,119,naive-recalibrated-2c,321,1.0,0.3584252439608494,37,321
femnist,19,119,naive-recalibrated-2c,318,1.0,0.3117288482927872,38,318
femnist,19,119,naive-recalibrated-2c,322,1.0,0.2837399784257019,39,322
femnist,19,119,naive-recalibrated-2c,318,1.0,0.3405493178487301,40,318
femnist,19,119,naive-recalibrated-2c,315,1.0,0.3069319398484144,41,315
femnist,19,119,naive-recalibrated-2c,316,1.0,0.2979434686324209,42,316
femnist,19,119,naive-recalibrated-2c,315,1.0,0.2947993723856639,43,315
femnist,19,119,naive-recalibrated-2c,330,1.0,0.40922141013422464,44,330
femnist,19,119,naive-recalibrated-2c,330,1.0,0.34565846979075954,45,330
femnist,19,119,naive-recalibrated-2c,321,1.0,0.35312910902518463,46,321
femnist,19,119,naive-recalibrated-2c,309,1.0,0.3298122491705077,47,309
femnist,19,119,naive-recalibrated-2c,329,1.0,0.41344409504661483,48,329
femnist,19,119,naive-recalibrated-2c,332,1.0,0.3467310669585816,49,332
femnist,19,119,naive-recalibrated-2c,334,0.9970059880239521,0.32395302912845164,50,333
synthea,0,100,unitscope-lambda-sweep,285,1.0,0.02569919298750703,1,285
synthea,0,100,unitscope-lambda-sweep,298,1.0,0.029815933694785232,2,298
synthea,0,100,unitscope-lambda-sweep,287,1.0,0.02384550140975003,3,287
synthea,0,100,unitscope-lambda-sweep,264,1.0,0.026278424635674185,4,264
synthea,0,100,unitscope-lambda-sweep,261,1.0,0.030714282548959068,5,261
synthea,0,100,unitscope-lambda-sweep,282,1.0,0.04009974098024068,6,282
synthea,0,100,unitscope-lambda-sweep,271,1.0,0.04189255895548527,7,271
synthea,0,100,unitscope-lambda-sweep,293,1.0,0.14637113245423503,8,293
synthea,0,100,unitscope-lambda-sweep,285,1.0,0.07536965971008303,9,285
synthea,0,100,unitscope-lambda-sweep,285,1.0,0.25125667100693994,10,285
synthea,0,100,unitscope-lambda-sweep,252,1.0,0.09009415942201865,11,252
synthea,0,100,unitscope-lambda-sweep,295,1.0,0.221842367884995,12,295
synthea,0,100,unitscope-lambda-sweep,286,1.0,0.17116974424104864,13,286
synthea,0,100,unitscope-lambda-sweep,273,1.0,0.14750030519652424,14,273
synthea,0,100,unitscope-lambda-sweep,272,1.0,0.09505957946372819,15,272
synthea,0,100,unitscope-lambda-sweep,290,1.0,0.1628360600934364,16,290
synthea,0,100,unitscope-lambda-sweep,284,1.0,0.22760396412978984,17,284
synthea,0,100,unitscope-lambda-sweep,248,1.0,0.1771189265967812,18,248
synthea,0,100,unitscope-lambda-sweep,279,1.0,0.20824013590972087,19,279
synthea,0,100,unitscope-lambda-sweep,268,1.0,0.19120895242109787,20,268
synthea,0,100,unitscope-lambda-sweep,270,1.0,0.1501124021451794,21,270
synthea,0,100,unitscope-lambda-sweep,271,1.0,0.1015138272612643,22,271
synthea,0,100,unitscope-lambda-sweep,286,1.0,0.268777324273591,23,286
synthea,0,100,unitscope-lambda-sweep,262,1.0,0.23388275714254067,24,262
synthea,0,100,unitscope-lambda-sweep,272,1.0,0.28336549229202024,25,272
synthea,0,100,unitscope-lambda-sweep,271,1.0,0.306259504117857,26,271
synthea,0,100,unitscope-lambda-sweep,264,1.0,0.2116960697360451,27,264
synthea,0,100,unitscope-lambda-sweep,283,1.0,0.3489240898587557,28,283
synthea,0,100,unitscope-lambda-sweep,257,1.0,0.24195460749404035,29,257
synthea,0,100,unitscope-lambda-sweep,266,1.0,0.26956369994174173,30,266
synthea,0,100,unitscope-lambda-sweep,268,1.0,0.21168915323139584,31,268
synthea,0,100,unitscope-lambda-sweep,277,1.0,0.21989076653165407,32,277
synthea,0,100,unitscope-lambda-sweep,294,1.0,0.15184468133610526,33,294
synthea,0,100,unitscope-lambda-sweep,287,1.0,0.37854520938160235,34,287
synthea,0,100,unitscope-lambda-sweep,284,1.0,0.3002025801149212,35,284
synthea,0,100,unitscope-lambda-sweep,271,1.0,0.12363054768887645,36,271
synthea,0,100,unitscope-lambda-sweep,274,1.0,0.19304165058006095,37,274
synthea,0,100,unitscope-lambda-sweep,293,1.0,0.2855150598871184,38,293
synthea,0,100,unitscope-lambda-sweep,252,1.0,0.2529030008762854,39,252
synthea,0,100,unitscope-lambda-sweep,270,1.0,0.11535295025383895,40,270
synthea,0,100,unitscope-lambda-sweep,275,1.0,0.20793191863655233,41,275
synthea,0,100,unitscope-lambda-sweep,276,1.0,0.19095233361221908,42,276
synthea,0,100,unitscope-lambda-sweep,280,1.0,0.2564951091961491,43,280
synthea,0,100,unitscope-lambda-sweep,279,1.0,0.2914437153282019,44,279
synthea,0,100,unitscope-lambda-sweep,276,1.0,0.1689611947548073,45,276
synthea,0,100,unitscope-lambda-sweep,259,1.0,0.18419793347222588,46,259
synthea,0,100,unitscope-lambda-sweep,290,1.0,0.23120879279833637,47,290
synthea,0,100,unitscope-lambda-sweep,277,1.0,0.2596708426785756,48,277
synthea,0,100,unitscope-lambda-sweep,291,1.0,0.2513286459671026,49,291
synthea,0,100,unitscope-lambda-sweep,300,1.0,0.2501924167707083,50,300
synthea,0,100,naive-recalibrated-2c,285,1.0,0.19032746651547142,1,285
synthea,0,100,naive-recalibrated-2c,298,1.0,0.2166363327215947,2,298
synthea,0,100,naive-recalibrated-2c,287,1.0,0.21373028356936405,3,287
synthea,0,100,naive-recalibrated-2c,264,1.0,0.25428820889113635,4,264
synthea,0,100,naive-recalibrated-2c,261,1.0,0.3476378759515742,5,261
synthea,0,100,naive-recalibrated-2c,282,1.0,0.3839569607022594,6,282
synthea,0,100,naive-recalibrated-2c,271,1.0,0.4656660579146939,7,271
synthea,0,100,naive-recalibrated-2c,293,1.0,0.741766694315098,8,293
synthea,0,100,naive-recalibrated-2c,285,1.0,0.6593074129967839,9,285
synthea,0,100,naive-recalibrated-2c,285,1.0,0.5426587562970124,10,285
synthea,0,100,naive-recalibrated-2c,252,0.9801587301587301,0.5923952243031197,11,247
synthea,0,100,naive-recalibrated-2c,295,1.0,0.5979628204603532,12,295
synthea,0,100,naive-recalibrated-2c,286,0.993006993006993,0.6162526708859187,13,284
synthea,0,100,naive-recalibrated-2c,273,0.9963369963369964,0.6823584995778804,14,272
synthea,0,100,naive-recalibrated-2c,272,0.9963235294117647,0.7233400645112348,15,271
synthea,0,100,naive-recalibrated-2c,290,1.0,0.7940087959573244,16,290
synthea,0,100,naive-recalibrated-2c,284,0.9894366197183099,0.5494631993405871,17,281
synthea,0,100,naive-recalibrated-2c,248,1.0,0.434362797702353,18,248
synthea,0,100,naive-recalibrated-2c,279,1.0,0.715147051239537,19,279
synthea,0,100,naive-recalibrated-2c,268,0.9888059701492538,0.6668637575643512,20,265
synthea,0,100,naive-recalibrated-2c,270,0.8629629629629629,0.42771234664346713,21,233
synthea,0,100,naive-recalibrated-2c,271,0.9446494464944649,0.7724084123961577,22,256
synthea,0,100,naive-recalibrated-2c,286,0.7587412587412588,0.6236064243249402,23,217
synthea,0,100,naive-recalibrated-2c,262,0.8129770992366412,0.5814897420479915,24,213
synthea,0,100,naive-recalibrated-2c,272,0.8051470588235294,0.5062353221366332,25,219
synthea,0,100,naive-recalibrated-2c,271,0.5350553505535055,0.5227365039784138,26,145
synthea,0,100,naive-recalibrated-2c,264,0.5946969696969697,0.5351554933877317,27,157
synthea,0,100,naive-recalibrated-2c,283,0.7667844522968198,0.5238102317466704,28,217
synthea,0,100,naive-recalibrated-2c,257,0.7898832684824902,0.4891676593784116,29,203
synthea,0,100,naive-recalibrated-2c,266,0.6015037593984962,0.5519379817000749,30,160
synthea,0,100,naive-recalibrated-2c,268,0.4141791044776119,0.3429495965283604,31,111
synthea,0,100,naive-recalibrated-2c,277,0.4223826714801444,0.39303208426707087,32,117
synthea,0,100,naive-recalibrated-2c,294,0.38095238095238093,0.42007597616681175,33,112
synthea,0,100,naive-recalibrated-2c,287,0.4878048780487805,0.5133765306750354,34,140
synthea,0,100,naive-recalibrated-2c,284,0.35563380281690143,0.4169369437163779,35,101
synthea,0,100,naive-recalibrated-2c,271,0.36900369003690037,0.24962496767135586,36,100
synthea,0,100,naive-recalibrated-2c,274,0.6423357664233577,0.4469814016791697,37,176
synthea,0,100,naive-recalibrated-2c,293,0.6757679180887372,0.5860569190898356,38,198
synthea,0,100,naive-recalibrated-2c,252,0.5714285714285714,0.5161620914285617,39,144
synthea,0,100,naive-recalibrated-2c,270,0.48518518518518516,0.32940716279656773,40,131
synthea,0,100,naive-recalibrated-2c,275,0.5818181818181818,0.45145766517722097,41,160
synthea,0,100,naive-recalibrated-2c,276,0.7789855072463768,0.6032214897789501,42,215
synthea,0,100,naive-recalibrated-2c,280,0.7214285714285714,0.4749407613044235,43,202
synthea,0,100,naive-recalibrated-2c,279,0.6129032258064516,0.6242913185100314,44,171
synthea,0,100,naive-recalibrated-2c,276,0.7028985507246377,0.37267932081013466,45,194
synthea,0,100,naive-recalibrated-2c,259,0.749034749034749,0.46492325870289786,46,194
synthea,0,100,naive-recalibrated-2c,290,0.8758620689655172,0.7195115588477647,47,254
synthea,0,100,naive-recalibrated-2c,277,0.9819494584837545,0.6495655476932976,48,272
synthea,0,100,naive-recalibrated-2c,291,0.8934707903780069,0.7209089509805342,49,260
synthea,0,100,naive-recalibrated-2c,300,0.61,0.5395415438014505,50,183
synthea,0,100,stable-local-fallback,461,1.0,1.0,1,461
synthea,0,100,stable-local-fallback,469,1.0,1.0,2,469
synthea,0,100,stable-local-fallback,459,1.0,1.0,3,459
synthea,0,100,stable-local-fallback,447,1.0,1.0,4,447
synthea,0,100,stable-local-fallback,455,1.0,1.0,5,455
synthea,0,100,stable-local-fallback,457,1.0,1.0,6,457
synthea,0,100,stable-local-fallback,444,1.0,1.0,7,444
synthea,0,100,stable-local-fallback,472,1.0,1.0,8,472
synthea,0,100,stable-local-fallback,448,1.0,1.0,9,448
synthea,0,100,stable-local-fallback,473,1.0,1.0,10,473
synthea,0,100,stable-local-fallback,452,1.0,1.0,11,452
synthea,0,100,stable-local-fallback,459,1.0,1.0,12,459
synthea,0,100,stable-local-fallback,461,1.0,1.0,13,461
synthea,0,100,stable-local-fallback,445,1.0,1.0,14,445
synthea,0,100,stable-local-fallback,464,1.0,1.0,15,464
synthea,0,100,stable-local-fallback,455,1.0,1.0,16,455
synthea,0,100,stable-local-fallback,462,1.0,1.0,17,462
synthea,0,100,stable-local-fallback,449,1.0,1.0,18,449
synthea,0,100,stable-local-fallback,462,1.0,1.0,19,462
synthea,0,100,stable-local-fallback,454,0.9955947136563876,1.0,20,452
synthea,0,100,stable-local-fallback,453,0.8830022075055187,1.0,21,400
synthea,0,100,stable-local-fallback,457,0.7330415754923414,1.0,22,335
synthea,0,100,stable-local-fallback,467,0.48822269807280516,1.0,23,228
synthea,0,100,stable-local-fallback,467,0.4004282655246253,1.0,24,187
synthea,0,100,stable-local-fallback,451,0.31263858093126384,1.0,25,141
synthea,0,100,stable-local-fallback,452,0.26327433628318586,1.0,26,119
synthea,0,100,stable-local-fallback,448,0.2767857142857143,1.0,27,124
synthea,0,100,stable-local-fallback,454,0.2907488986784141,1.0,28,132
synthea,0,100,stable-local-fallback,464,0.27370689655172414,1.0,29,127
synthea,0,100,stable-local-fallback,445,0.251685393258427,1.0,30,112
synthea,0,100,stable-local-fallback,470,0.23404255319148937,1.0,31,110
synthea,0,100,stable-local-fallback,459,0.25272331154684097,1.0,32,116
synthea,0,100,stable-local-fallback,465,0.23870967741935484,1.0,33,111
synthea,0,100,stable-local-fallback,444,0.2545045045045045,1.0,34,113
synthea,0,100,stable-local-fallback,452,0.2323008849557522,1.0,35,105
synthea,0,100,stable-local-fallback,447,0.27740492170022374,1.0,36,124
synthea,0,100,stable-local-fallback,445,0.24719101123595505,1.0,37,110
synthea,0,100,stable-local-fallback,469,0.24307036247334754,1.0,38,114
synthea,0,100,stable-local-fallback,440,0.24772727272727274,1.0,39,109
synthea,0,100,stable-local-fallback,463,0.27213822894168466,1.0,40,126
synthea,0,100,stable-local-fallback,460,0.26304347826086955,1.0,41,121
synthea,0,100,stable-local-fallback,448,0.2611607142857143,1.0,42,117
synthea,0,100,stable-local-fallback,454,0.2687224669603524,1.0,43,122
synthea,0,100,stable-local-fallback,457,0.21663019693654267,1.0,44,99
synthea,0,100,stable-local-fallback,452,0.27876106194690264,1.0,45,126
synthea,0,100,stable-local-fallback,458,0.24890829694323144,1.0,46,114
synthea,0,100,stable-local-fallback,463,0.24622030237580994,1.0,47,114
synthea,0,100,stable-local-fallback,444,0.24774774774774774,1.0,48,110
synthea,0,100,stable-local-fallback,464,0.23922413793103448,1.0,49,111
synthea,0,100,stable-local-fallback,450,0.2311111111111111,1.0,50,104
synthea,0,100,handle-only-drop-residual,0,,0.0,1,0
synthea,0,100,handle-only-drop-residual,0,,0.0,2,0
synthea,0,100,handle-only-drop-residual,0,,0.0,3,0
synthea,0,100,handle-only-drop-residual,0,,0.0,4,0
synthea,0,100,handle-only-drop-residual,0,,0.0,5,0
synthea,0,100,handle-only-drop-residual,0,,0.0,6,0
synthea,0,100,handle-only-drop-residual,0,,0.0,7,0
synthea,0,100,handle-only-drop-residual,0,,0.0,8,0
synthea,0,100,handle-only-drop-residual,0,,0.0,9,0
synthea,0,100,handle-only-drop-residual,0,,0.0,10,0
synthea,0,100,handle-only-drop-residual,0,,0.0,11,0
synthea,0,100,handle-only-drop-residual,0,,0.0,12,0
synthea,0,100,handle-only-drop-residual,0,,0.0,13,0
synthea,0,100,handle-only-drop-residual,0,,0.0,14,0
synthea,0,100,handle-only-drop-residual,0,,0.0,15,0
synthea,0,100,handle-only-drop-residual,0,,0.0,16,0
synthea,0,100,handle-only-drop-residual,0,,0.0,17,0
synthea,0,100,handle-only-drop-residual,0,,0.0,18,0
synthea,0,100,handle-only-drop-residual,0,,0.0,19,0
synthea,0,100,handle-only-drop-residual,0,,0.0,20,0
synthea,0,100,handle-only-drop-residual,0,,0.0,21,0
synthea,0,100,handle-only-drop-residual,0,,0.0,22,0
synthea,0,100,handle-only-drop-residual,0,,0.0,23,0
synthea,0,100,handle-only-drop-residual,0,,0.0,24,0
synthea,0,100,handle-only-drop-residual,0,,0.0,25,0
synthea,0,100,handle-only-drop-residual,0,,0.0,26,0
synthea,0,100,handle-only-drop-residual,0,,0.0,27,0
synthea,0,100,handle-only-drop-residual,0,,0.0,28,0
synthea,0,100,handle-only-drop-residual,0,,0.0,29,0
synthea,0,100,handle-only-drop-residual,0,,0.0,30,0
synthea,0,100,handle-only-drop-residual,0,,0.0,31,0
synthea,0,100,handle-only-drop-residual,0,,0.0,32,0
synthea,0,100,handle-only-drop-residual,0,,0.0,33,0
synthea,0,100,handle-only-drop-residual,0,,0.0,34,0
synthea,0,100,handle-only-drop-residual,0,,0.0,35,0
synthea,0,100,handle-only-drop-residual,0,,0.0,36,0
synthea,0,100,handle-only-drop-residual,0,,0.0,37,0
synthea,0,100,handle-only-drop-residual,0,,0.0,38,0
synthea,0,100,handle-only-drop-residual,0,,0.0,39,0
synthea,0,100,handle-only-drop-residual,0,,0.0,40,0
synthea,0,100,handle-only-drop-residual,0,,0.0,41,0
synthea,0,100,handle-only-drop-residual,0,,0.0,42,0
synthea,0,100,handle-only-drop-residual,0,,0.0,43,0
synthea,0,100,handle-only-drop-residual,0,,0.0,44,0
synthea,0,100,handle-only-drop-residual,0,,0.0,45,0
synthea,0,100,handle-only-drop-residual,0,,0.0,46,0
synthea,0,100,handle-only-drop-residual,0,,0.0,47,0
synthea,0,100,handle-only-drop-residual,0,,0.0,48,0
synthea,0,100,handle-only-drop-residual,0,,0.0,49,0
synthea,0,100,handle-only-drop-residual,0,,0.0,50,0
synthea,1,101,naive-recalibrated-2c,285,1.0,0.21502683930448185,1,285
synthea,1,101,naive-recalibrated-2c,295,1.0,0.19641030374046423,2,295
synthea,1,101,naive-recalibrated-2c,280,1.0,0.22986810686104095,3,280
synthea,1,101,naive-recalibrated-2c,286,1.0,0.283854948721939,4,286
synthea,1,101,naive-recalibrated-2c,305,1.0,0.4873495554135853,5,305
synthea,1,101,naive-recalibrated-2c,279,1.0,0.38548893703128617,6,279
synthea,1,101,naive-recalibrated-2c,271,1.0,0.3687943621693975,7,271
synthea,1,101,naive-recalibrated-2c,280,1.0,0.6274595706264603,8,280
synthea,1,101,naive-recalibrated-2c,286,1.0,0.7025344330459664,9,286
synthea,1,101,naive-recalibrated-2c,263,1.0,0.5978834006453755,10,263
synthea,1,101,naive-recalibrated-2c,276,1.0,0.6397845689505863,11,276
synthea,1,101,naive-recalibrated-2c,266,1.0,0.6260467914211719,12,266
synthea,1,101,naive-recalibrated-2c,266,1.0,0.7639471783819556,13,266
synthea,1,101,naive-recalibrated-2c,281,0.8647686832740213,0.6269032538919168,14,243
synthea,1,101,naive-recalibrated-2c,297,0.98989898989899,0.690072718109292,15,294
synthea,1,101,naive-recalibrated-2c,275,0.9418181818181818,0.6686363347378612,16,259
synthea,1,101,naive-recalibrated-2c,287,0.7003484320557491,0.6998955019401996,17,201
synthea,1,101,naive-recalibrated-2c,296,0.6722972972972973,0.6198441756217415,18,199
synthea,1,101,naive-recalibrated-2c,291,0.8281786941580757,0.6373684472935868,19,241
synthea,1,101,naive-recalibrated-2c,286,0.46503496503496505,0.6985009439093847,20,133
synthea,1,101,naive-recalibrated-2c,283,0.4664310954063604,0.5477933483601176,21,132
synthea,1,101,naive-recalibrated-2c,294,0.40476190476190477,0.49069788298231176,22,119
synthea,1,101,naive-recalibrated-2c,278,0.539568345323741,0.7082085067142575,23,150
synthea,1,101,naive-recalibrated-2c,260,0.4076923076923077,0.5818332781160025,24,106
synthea,1,101,naive-recalibrated-2c,288,0.5520833333333334,0.5328742847675296,25,159
synthea,1,101,naive-recalibrated-2c,277,0.6750902527075813,0.6929299262968068,26,187
synthea,1,101,naive-recalibrated-2c,284,0.6725352112676056,0.6684501762831321,27,191
synthea,1,101,naive-recalibrated-2c,269,0.5390334572490706,0.41017523347632806,28,145
synthea,1,101,naive-recalibrated-2c,303,0.5412541254125413,0.5767319420738123,29,164
synthea,1,101,naive-recalibrated-2c,277,0.30324909747292417,0.36022713986047217,30,84
synthea,1,101,naive-recalibrated-2c,272,0.3161764705882353,0.25953131751445674,31,86
synthea,1,101,naive-recalibrated-2c,279,0.25806451612903225,0.1832410193338158,32,72
synthea,1,101,naive-recalibrated-2c,269,0.30855018587360594,0.19798510912930115,33,83
synthea,1,101,naive-recalibrated-2c,278,0.4316546762589928,0.31168115950521535,34,120
synthea,1,101,naive-recalibrated-2c,288,0.4722222222222222,0.41192842160755033,35,136
synthea,1,101,naive-recalibrated-2c,281,0.6441281138790036,0.6776040538565069,36,181
synthea,1,101,naive-recalibrated-2c,284,0.528169014084507,0.5602017764087429,37,150
synthea,1,101,naive-recalibrated-2c,272,0.47794117647058826,0.4983696099628869,38,130
synthea,1,101,naive-recalibrated-2c,272,0.4375,0.38281163718748945,39,119
synthea,1,101,naive-recalibrated-2c,290,0.49310344827586206,0.5089191563544755,40,143
synthea,1,101,naive-recalibrated-2c,259,0.444015444015444,0.3769355622601364,41,115
synthea,1,101,naive-recalibrated-2c,280,0.5107142857142857,0.4257087090409366,42,143
synthea,1,101,naive-recalibrated-2c,271,0.5018450184501845,0.335837961085373,43,136
synthea,1,101,naive-recalibrated-2c,266,0.5150375939849624,0.5793720304820288,44,137
synthea,1,101,naive-recalibrated-2c,277,0.5595667870036101,0.4412785516068752,45,155
synthea,1,101,naive-recalibrated-2c,289,0.629757785467128,0.5006850394563953,46,182
synthea,1,101,naive-recalibrated-2c,287,0.8292682926829268,0.5486920596958285,47,238
synthea,1,101,naive-recalibrated-2c,290,0.6827586206896552,0.7170197841624562,48,198
synthea,1,101,naive-recalibrated-2c,271,0.5719557195571956,0.5100875321724118,49,155
synthea,1,101,naive-recalibrated-2c,276,0.4963768115942029,0.3672336974301739,50,137
synthea,1,101,unitscope-lambda-sweep,285,1.0,0.02953752270194808,1,285
synthea,1,101,unitscope-lambda-sweep,295,1.0,0.025977922421079665,2,295
synthea,1,101,unitscope-lambda-sweep,280,1.0,0.023027242441135753,3,280
synthea,1,101,unitscope-lambda-sweep,286,1.0,0.029026905383487064,4,286
synthea,1,101,unitscope-lambda-sweep,305,1.0,0.0631765559303116,5,305
synthea,1,101,unitscope-lambda-sweep,279,1.0,0.0452131518049442,6,279
synthea,1,101,unitscope-lambda-sweep,271,1.0,0.04130500266964605,7,271
synthea,1,101,unitscope-lambda-sweep,280,1.0,0.087974467068954,8,280
synthea,1,101,unitscope-lambda-sweep,286,1.0,0.0900605518282444,9,286
synthea,1,101,unitscope-lambda-sweep,263,1.0,0.2324913971793351,10,263
synthea,1,101,unitscope-lambda-sweep,276,1.0,0.07759302372406028,11,276
synthea,1,101,unitscope-lambda-sweep,266,1.0,0.26277702653274504,12,266
synthea,1,101,unitscope-lambda-sweep,266,1.0,0.1402553881256089,13,266
synthea,1,101,unitscope-lambda-sweep,281,1.0,0.2294779262167201,14,281
synthea,1,101,unitscope-lambda-sweep,297,1.0,0.23393581622039245,15,297
synthea,1,101,unitscope-lambda-sweep,275,1.0,0.25912909585228516,16,275
synthea,1,101,unitscope-lambda-sweep,287,1.0,0.2714606445300968,17,287
synthea,1,101,unitscope-lambda-sweep,296,1.0,0.298907766830265,18,296
synthea,1,101,unitscope-lambda-sweep,291,1.0,0.25279259568974555,19,291
synthea,1,101,unitscope-lambda-sweep,286,1.0,0.11497344154983816,20,286
synthea,1,101,unitscope-lambda-sweep,283,1.0,0.3167436276305127,21,283
synthea,1,101,unitscope-lambda-sweep,294,1.0,0.2785466200373192,22,294
synthea,1,101,unitscope-lambda-sweep,278,1.0,0.152207360006932,23,278
synthea,1,101,unitscope-lambda-sweep,260,1.0,0.21980068200624195,24,260
synthea,1,101,unitscope-lambda-sweep,288,1.0,0.2573691153202934,25,288
synthea,1,101,unitscope-lambda-sweep,277,1.0,0.18604348401192447,26,277
synthea,1,101,unitscope-lambda-sweep,284,1.0,0.22225430230823467,27,284
synthea,1,101,unitscope-lambda-sweep,269,1.0,0.24658008880844953,28,269
synthea,1,101,unitscope-lambda-sweep,303,1.0,0.28573557087111323,29,303
synthea,1,101,unitscope-lambda-sweep,277,1.0,0.30271184340384566,30,277
synthea,1,101,unitscope-lambda-sweep,272,1.0,0.3058647761147833,31,272
synthea,1,101,unitscope-lambda-sweep,279,1.0,0.13101239898503464,32,279
synthea,1,101,unitscope-lambda-sweep,269,1.0,0.14445425504211312,33,269
synthea,1,101,unitscope-lambda-sweep,278,1.0,0.20794938828334472,34,278
synthea,1,101,unitscope-lambda-sweep,288,1.0,0.20327193504937338,35,288
synthea,1,101,unitscope-lambda-sweep,281,1.0,0.3568562695408895,36,281
synthea,1,101,unitscope-lambda-sweep,284,1.0,0.3432849462488605,37,284
synthea,1,101,unitscope-lambda-sweep,272,1.0,0.2964114031479116,38,272
synthea,1,101,unitscope-lambda-sweep,272,1.0,0.2306222171445262,39,272
synthea,1,101,unitscope-lambda-sweep,290,1.0,0.2555051257660901,40,290
synthea,1,101,unitscope-lambda-sweep,259,1.0,0.24726197202511319,41,259
synthea,1,101,unitscope-lambda-sweep,280,1.0,0.262566362100879,42,280
synthea,1,101,unitscope-lambda-sweep,271,1.0,0.11118057077820392,43,271
synthea,1,101,unitscope-lambda-sweep,266,1.0,0.30121150124668367,44,266
synthea,1,101,unitscope-lambda-sweep,277,1.0,0.26040028003683685,45,277
synthea,1,101,unitscope-lambda-sweep,289,1.0,0.16629834824339207,46,289
synthea,1,101,unitscope-lambda-sweep,287,1.0,0.10614359505619739,47,287
synthea,1,101,unitscope-lambda-sweep,290,1.0,0.1647221483625333,48,290
synthea,1,101,unitscope-lambda-sweep,271,1.0,0.31914644675642273,49,271
synthea,1,101,unitscope-lambda-sweep,276,1.0,0.1539974089516871,50,276
synthea,1,101,stable-local-fallback,456,1.0,1.0,1,456
synthea,1,101,stable-local-fallback,469,1.0,1.0,2,469
synthea,1,101,stable-local-fallback,472,1.0,1.0,3,472
synthea,1,101,stable-local-fallback,470,1.0,1.0,4,470
synthea,1,101,stable-local-fallback,461,1.0,1.0,5,461
synthea,1,101,stable-local-fallback,457,1.0,1.0,6,457
synthea,1,101,stable-local-fallback,450,1.0,1.0,7,450
synthea,1,101,stable-local-fallback,452,1.0,1.0,8,452
synthea,1,101,stable-local-fallback,460,1.0,1.0,9,460
synthea,1,101,stable-local-fallback,449,1.0,1.0,10,449
synthea,1,101,stable-local-fallback,458,1.0,1.0,11,458
synthea,1,101,stable-local-fallback,440,1.0,1.0,12,440
synthea,1,101,stable-local-fallback,464,1.0,1.0,13,464
synthea,1,101,stable-local-fallback,463,1.0,1.0,14,463
synthea,1,101,stable-local-fallback,463,1.0,1.0,15,463
synthea,1,101,stable-local-fallback,454,1.0,1.0,16,454
synthea,1,101,stable-local-fallback,466,1.0,1.0,17,466
synthea,1,101,stable-local-fallback,448,1.0,1.0,18,448
synthea,1,101,stable-local-fallback,465,0.9741935483870968,1.0,19,453
synthea,1,101,stable-local-fallback,470,0.6638297872340425,1.0,20,312
synthea,1,101,stable-local-fallback,458,0.36899563318777295,1.0,21,169
synthea,1,101,stable-local-fallback,465,0.3419354838709677,1.0,22,159
synthea,1,101,stable-local-fallback,461,0.3383947939262473,1.0,23,156
synthea,1,101,stable-local-fallback,461,0.3232104121475054,1.0,24,149
synthea,1,101,stable-local-fallback,469,0.32196162046908317,1.0,25,151
synthea,1,101,stable-local-fallback,457,0.3304157549234136,1.0,26,151
synthea,1,101,stable-local-fallback,441,0.32653061224489793,1.0,27,144
synthea,1,101,stable-local-fallback,461,0.3188720173535792,1.0,28,147
synthea,1,101,stable-local-fallback,463,0.2915766738660907,1.0,29,135
synthea,1,101,stable-local-fallback,466,0.2553648068669528,1.0,30,119
synthea,1,101,stable-local-fallback,452,0.252212389380531,1.0,31,114
synthea,1,101,stable-local-fallback,457,0.24070021881838075,1.0,32,110
synthea,1,101,stable-local-fallback,448,0.27232142857142855,1.0,33,122
synthea,1,101,stable-local-fallback,464,0.25862068965517243,1.0,34,120
synthea,1,101,stable-local-fallback,466,0.24678111587982832,1.0,35,115
synthea,1,101,stable-local-fallback,454,0.2709251101321586,1.0,36,123
synthea,1,101,stable-local-fallback,451,0.2660753880266075,1.0,37,120
synthea,1,101,stable-local-fallback,463,0.265658747300216,1.0,38,123
synthea,1,101,stable-local-fallback,470,0.2765957446808511,1.0,39,130
synthea,1,101,stable-local-fallback,468,0.29914529914529914,1.0,40,140
synthea,1,101,stable-local-fallback,442,0.2895927601809955,1.0,41,128
synthea,1,101,stable-local-fallback,464,0.30387931034482757,1.0,42,141
synthea,1,101,stable-local-fallback,458,0.32096069868995636,1.0,43,147
synthea,1,101,stable-local-fallback,455,0.2549450549450549,1.0,44,116
synthea,1,101,stable-local-fallback,450,0.29333333333333333,1.0,45,132
synthea,1,101,stable-local-fallback,458,0.3231441048034934,1.0,46,148
synthea,1,101,stable-local-fallback,469,0.26439232409381663,1.0,47,124
synthea,1,101,stable-local-fallback,461,0.25813449023861174,1.0,48,119
synthea,1,101,stable-local-fallback,450,0.3,1.0,49,135
synthea,1,101,stable-local-fallback,451,0.30598669623059865,1.0,50,138
synthea,1,101,handle-only-drop-residual,0,,0.0,1,0
synthea,1,101,handle-only-drop-residual,0,,0.0,2,0
synthea,1,101,handle-only-drop-residual,0,,0.0,3,0
synthea,1,101,handle-only-drop-residual,0,,0.0,4,0
synthea,1,101,handle-only-drop-residual,0,,0.0,5,0
synthea,1,101,handle-only-drop-residual,0,,0.0,6,0
synthea,1,101,handle-only-drop-residual,0,,0.0,7,0
synthea,1,101,handle-only-drop-residual,0,,0.0,8,0
synthea,1,101,handle-only-drop-residual,0,,0.0,9,0
synthea,1,101,handle-only-drop-residual,0,,0.0,10,0
synthea,1,101,handle-only-drop-residual,0,,0.0,11,0
synthea,1,101,handle-only-drop-residual,0,,0.0,12,0
synthea,1,101,handle-only-drop-residual,0,,0.0,13,0
synthea,1,101,handle-only-drop-residual,0,,0.0,14,0
synthea,1,101,handle-only-drop-residual,0,,0.0,15,0
synthea,1,101,handle-only-drop-residual,0,,0.0,16,0
synthea,1,101,handle-only-drop-residual,0,,0.0,17,0
synthea,1,101,handle-only-drop-residual,0,,0.0,18,0
synthea,1,101,handle-only-drop-residual,0,,0.0,19,0
synthea,1,101,handle-only-drop-residual,0,,0.0,20,0
synthea,1,101,handle-only-drop-residual,0,,0.0,21,0
synthea,1,101,handle-only-drop-residual,0,,0.0,22,0
synthea,1,101,handle-only-drop-residual,0,,0.0,23,0
synthea,1,101,handle-only-drop-residual,0,,0.0,24,0
synthea,1,101,handle-only-drop-residual,0,,0.0,25,0
synthea,1,101,handle-only-drop-residual,0,,0.0,26,0
synthea,1,101,handle-only-drop-residual,0,,0.0,27,0
synthea,1,101,handle-only-drop-residual,0,,0.0,28,0
synthea,1,101,handle-only-drop-residual,0,,0.0,29,0
synthea,1,101,handle-only-drop-residual,0,,0.0,30,0
synthea,1,101,handle-only-drop-residual,0,,0.0,31,0
synthea,1,101,handle-only-drop-residual,0,,0.0,32,0
synthea,1,101,handle-only-drop-residual,0,,0.0,33,0
synthea,1,101,handle-only-drop-residual,0,,0.0,34,0
synthea,1,101,handle-only-drop-residual,0,,0.0,35,0
synthea,1,101,handle-only-drop-residual,0,,0.0,36,0
synthea,1,101,handle-only-drop-residual,0,,0.0,37,0
synthea,1,101,handle-only-drop-residual,0,,0.0,38,0
synthea,1,101,handle-only-drop-residual,0,,0.0,39,0
synthea,1,101,handle-only-drop-residual,0,,0.0,40,0
synthea,1,101,handle-only-drop-residual,0,,0.0,41,0
synthea,1,101,handle-only-drop-residual,0,,0.0,42,0
synthea,1,101,handle-only-drop-residual,0,,0.0,43,0
synthea,1,101,handle-only-drop-residual,0,,0.0,44,0
synthea,1,101,handle-only-drop-residual,0,,0.0,45,0
synthea,1,101,handle-only-drop-residual,0,,0.0,46,0
synthea,1,101,handle-only-drop-residual,0,,0.0,47,0
synthea,1,101,handle-only-drop-residual,0,,0.0,48,0
synthea,1,101,handle-only-drop-residual,0,,0.0,49,0
synthea,1,101,handle-only-drop-residual,0,,0.0,50,0
synthea,2,102,unitscope-lambda-sweep,266,1.0,0.015914426834884116,1,266
synthea,2,102,unitscope-lambda-sweep,281,1.0,0.02434894920144615,2,281
synthea,2,102,unitscope-lambda-sweep,302,1.0,0.0314777040941011,3,302
synthea,2,102,unitscope-lambda-sweep,261,1.0,0.028061792224158878,4,261
synthea,2,102,unitscope-lambda-sweep,295,1.0,0.04130980583498361,5,295
synthea,2,102,unitscope-lambda-sweep,286,1.0,0.07068249688657308,6,286
synthea,2,102,unitscope-lambda-sweep,293,1.0,0.0752678433592009,7,293
synthea,2,102,unitscope-lambda-sweep,273,1.0,0.041859180739782,8,273
synthea,2,102,unitscope-lambda-sweep,292,1.0,0.10869491394523793,9,292
synthea,2,102,unitscope-lambda-sweep,283,1.0,0.1415705738055056,10,283
synthea,2,102,unitscope-lambda-sweep,271,1.0,0.06559114739545563,11,271
synthea,2,102,unitscope-lambda-sweep,288,1.0,0.11890724434701153,12,288
synthea,2,102,unitscope-lambda-sweep,277,1.0,0.16786072084402384,13,277
synthea,2,102,unitscope-lambda-sweep,275,1.0,0.16792379799850174,14,275
synthea,2,102,unitscope-lambda-sweep,287,1.0,0.2942415838437949,15,287
synthea,2,102,unitscope-lambda-sweep,270,1.0,0.14580396876746893,16,270
synthea,2,102,unitscope-lambda-sweep,255,1.0,0.157656544929721,17,255
synthea,2,102,unitscope-lambda-sweep,271,1.0,0.21316736788149832,18,271
synthea,2,102,unitscope-lambda-sweep,269,1.0,0.14461200957930004,19,269
synthea,2,102,unitscope-lambda-sweep,294,1.0,0.21375088434591258,20,294
synthea,2,102,unitscope-lambda-sweep,273,1.0,0.22746575269177283,21,273
synthea,2,102,unitscope-lambda-sweep,288,1.0,0.28523138373059204,22,288
synthea,2,102,unitscope-lambda-sweep,286,1.0,0.25326688067405456,23,286
synthea,2,102,unitscope-lambda-sweep,282,1.0,0.23638831809974523,24,282
synthea,2,102,unitscope-lambda-sweep,291,1.0,0.36649736058996546,25,291
synthea,2,102,unitscope-lambda-sweep,299,1.0,0.18200562609936288,26,299
synthea,2,102,unitscope-lambda-sweep,284,1.0,0.18326396599382183,27,284
synthea,2,102,unitscope-lambda-sweep,272,1.0,0.1400758996178694,28,272
synthea,2,102,unitscope-lambda-sweep,280,1.0,0.2442272149549575,29,280
synthea,2,102,unitscope-lambda-sweep,274,1.0,0.22863141425282288,30,274
synthea,2,102,unitscope-lambda-sweep,295,1.0,0.1217846976085189,31,295
synthea,2,102,unitscope-lambda-sweep,277,1.0,0.08456250643494538,32,277
synthea,2,102,unitscope-lambda-sweep,273,1.0,0.2275453188492079,33,273
synthea,2,102,unitscope-lambda-sweep,293,1.0,0.3017813183249298,34,293
synthea,2,102,unitscope-lambda-sweep,272,1.0,0.2789316831015492,35,272
synthea,2,102,unitscope-lambda-sweep,285,1.0,0.24434357011064806,36,285
synthea,2,102,unitscope-lambda-sweep,291,1.0,0.24478543706865336,37,291
synthea,2,102,unitscope-lambda-sweep,281,1.0,0.15648774887806577,38,281
synthea,2,102,unitscope-lambda-sweep,275,1.0,0.2824030239627256,39,275
synthea,2,102,unitscope-lambda-sweep,269,1.0,0.2080827561917967,40,269
synthea,2,102,unitscope-lambda-sweep,300,1.0,0.3122920247631177,41,300
synthea,2,102,unitscope-lambda-sweep,287,1.0,0.20936319898849398,42,287
synthea,2,102,unitscope-lambda-sweep,270,1.0,0.11703019315902348,43,270
synthea,2,102,unitscope-lambda-sweep,286,1.0,0.2016159156710685,44,286
synthea,2,102,unitscope-lambda-sweep,296,1.0,0.26909629253435263,45,296
synthea,2,102,unitscope-lambda-sweep,277,1.0,0.1281088388779165,46,277
synthea,2,102,unitscope-lambda-sweep,282,1.0,0.2353013504236662,47,282
synthea,2,102,unitscope-lambda-sweep,272,1.0,0.195683198972912,48,272
synthea,2,102,unitscope-lambda-sweep,282,1.0,0.3007501229502536,49,282
synthea,2,102,unitscope-lambda-sweep,277,1.0,0.226011698263433,50,277
synthea,2,102,stable-local-fallback,460,1.0,1.0,1,460
synthea,2,102,stable-local-fallback,456,1.0,1.0,2,456
synthea,2,102,stable-local-fallback,469,1.0,1.0,3,469
synthea,2,102,stable-local-fallback,452,1.0,1.0,4,452
synthea,2,102,stable-local-fallback,459,1.0,1.0,5,459
synthea,2,102,stable-local-fallback,453,1.0,1.0,6,453
synthea,2,102,stable-local-fallback,449,1.0,1.0,7,449
synthea,2,102,stable-local-fallback,455,1.0,1.0,8,455
synthea,2,102,stable-local-fallback,457,1.0,1.0,9,457
synthea,2,102,stable-local-fallback,455,1.0,1.0,10,455
synthea,2,102,stable-local-fallback,468,1.0,1.0,11,468
synthea,2,102,stable-local-fallback,456,1.0,1.0,12,456
synthea,2,102,stable-local-fallback,469,1.0,1.0,13,469
synthea,2,102,stable-local-fallback,470,1.0,1.0,14,470
synthea,2,102,stable-local-fallback,464,1.0,1.0,15,464
synthea,2,102,stable-local-fallback,451,1.0,1.0,16,451
synthea,2,102,stable-local-fallback,465,1.0,1.0,17,465
synthea,2,102,stable-local-fallback,459,1.0,1.0,18,459
synthea,2,102,stable-local-fallback,462,1.0,1.0,19,462
synthea,2,102,stable-local-fallback,474,1.0,1.0,20,474
synthea,2,102,stable-local-fallback,474,0.8164556962025317,1.0,21,387
synthea,2,102,stable-local-fallback,452,0.8163716814159292,1.0,22,369
synthea,2,102,stable-local-fallback,473,0.7505285412262156,1.0,23,355
synthea,2,102,stable-local-fallback,453,0.6821192052980133,1.0,24,309
synthea,2,102,stable-local-fallback,466,0.4613733905579399,1.0,25,215
synthea,2,102,stable-local-fallback,468,0.4722222222222222,1.0,26,221
synthea,2,102,stable-local-fallback,466,0.4313304721030043,1.0,27,201
synthea,2,102,stable-local-fallback,456,0.3399122807017544,1.0,28,155
synthea,2,102,stable-local-fallback,462,0.3398268398268398,1.0,29,157
synthea,2,102,stable-local-fallback,468,0.37606837606837606,1.0,30,176
synthea,2,102,stable-local-fallback,460,0.3130434782608696,1.0,31,144
synthea,2,102,stable-local-fallback,467,0.3297644539614561,1.0,32,154
synthea,2,102,stable-local-fallback,459,0.28104575163398693,1.0,33,129
synthea,2,102,stable-local-fallback,472,0.3072033898305085,1.0,34,145
synthea,2,102,stable-local-fallback,452,0.3075221238938053,1.0,35,139
synthea,2,102,stable-local-fallback,460,0.3391304347826087,1.0,36,156
synthea,2,102,stable-local-fallback,461,0.2993492407809111,1.0,37,138
synthea,2,102,stable-local-fallback,461,0.2754880694143167,1.0,38,127
synthea,2,102,stable-local-fallback,450,0.28444444444444444,1.0,39,128
synthea,2,102,stable-local-fallback,456,0.26535087719298245,1.0,40,121
synthea,2,102,stable-local-fallback,463,0.27213822894168466,1.0,41,126
synthea,2,102,stable-local-fallback,467,0.29336188436830835,1.0,42,137
synthea,2,102,stable-local-fallback,458,0.32532751091703055,1.0,43,149
synthea,2,102,stable-local-fallback,473,0.3044397463002114,1.0,44,144
synthea,2,102,stable-local-fallback,460,0.30217391304347824,1.0,45,139
synthea,2,102,stable-local-fallback,461,0.29718004338394793,1.0,46,137
synthea,2,102,stable-local-fallback,470,0.3021276595744681,1.0,47,142
synthea,2,102,stable-local-fallback,456,0.28289473684210525,1.0,48,129
synthea,2,102,stable-local-fallback,451,0.29490022172949004,1.0,49,133
synthea,2,102,stable-local-fallback,450,0.2777777777777778,1.0,50,125
synthea,2,102,handle-only-drop-residual,0,,0.0,1,0
synthea,2,102,handle-only-drop-residual,0,,0.0,2,0
synthea,2,102,handle-only-drop-residual,0,,0.0,3,0
synthea,2,102,handle-only-drop-residual,0,,0.0,4,0
synthea,2,102,handle-only-drop-residual,0,,0.0,5,0
synthea,2,102,handle-only-drop-residual,0,,0.0,6,0
synthea,2,102,handle-only-drop-residual,0,,0.0,7,0
synthea,2,102,handle-only-drop-residual,0,,0.0,8,0
synthea,2,102,handle-only-drop-residual,0,,0.0,9,0
synthea,2,102,handle-only-drop-residual,0,,0.0,10,0
synthea,2,102,handle-only-drop-residual,0,,0.0,11,0
synthea,2,102,handle-only-drop-residual,0,,0.0,12,0
synthea,2,102,handle-only-drop-residual,0,,0.0,13,0
synthea,2,102,handle-only-drop-residual,0,,0.0,14,0
synthea,2,102,handle-only-drop-residual,0,,0.0,15,0
synthea,2,102,handle-only-drop-residual,0,,0.0,16,0
synthea,2,102,handle-only-drop-residual,0,,0.0,17,0
synthea,2,102,handle-only-drop-residual,0,,0.0,18,0
synthea,2,102,handle-only-drop-residual,0,,0.0,19,0
synthea,2,102,handle-only-drop-residual,0,,0.0,20,0
synthea,2,102,handle-only-drop-residual,0,,0.0,21,0
synthea,2,102,handle-only-drop-residual,0,,0.0,22,0
synthea,2,102,handle-only-drop-residual,0,,0.0,23,0
synthea,2,102,handle-only-drop-residual,0,,0.0,24,0
synthea,2,102,handle-only-drop-residual,0,,0.0,25,0
synthea,2,102,handle-only-drop-residual,0,,0.0,26,0
synthea,2,102,handle-only-drop-residual,0,,0.0,27,0
synthea,2,102,handle-only-drop-residual,0,,0.0,28,0
synthea,2,102,handle-only-drop-residual,0,,0.0,29,0
synthea,2,102,handle-only-drop-residual,0,,0.0,30,0
synthea,2,102,handle-only-drop-residual,0,,0.0,31,0
synthea,2,102,handle-only-drop-residual,0,,0.0,32,0
synthea,2,102,handle-only-drop-residual,0,,0.0,33,0
synthea,2,102,handle-only-drop-residual,0,,0.0,34,0
synthea,2,102,handle-only-drop-residual,0,,0.0,35,0
synthea,2,102,handle-only-drop-residual,0,,0.0,36,0
synthea,2,102,handle-only-drop-residual,0,,0.0,37,0
synthea,2,102,handle-only-drop-residual,0,,0.0,38,0
synthea,2,102,handle-only-drop-residual,0,,0.0,39,0
synthea,2,102,handle-only-drop-residual,0,,0.0,40,0
synthea,2,102,handle-only-drop-residual,0,,0.0,41,0
synthea,2,102,handle-only-drop-residual,0,,0.0,42,0
synthea,2,102,handle-only-drop-residual,0,,0.0,43,0
synthea,2,102,handle-only-drop-residual,0,,0.0,44,0
synthea,2,102,handle-only-drop-residual,0,,0.0,45,0
synthea,2,102,handle-only-drop-residual,0,,0.0,46,0
synthea,2,102,handle-only-drop-residual,0,,0.0,47,0
synthea,2,102,handle-only-drop-residual,0,,0.0,48,0
synthea,2,102,handle-only-drop-residual,0,,0.0,49,0
synthea,2,102,handle-only-drop-residual,0,,0.0,50,0
synthea,2,102,naive-recalibrated-2c,266,1.0,0.12705392245348668,1,266
synthea,2,102,naive-recalibrated-2c,281,1.0,0.18866216748987114,2,281
synthea,2,102,naive-recalibrated-2c,302,1.0,0.2532538708622398,3,302
synthea,2,102,naive-recalibrated-2c,261,1.0,0.25279168377277095,4,261
synthea,2,102,naive-recalibrated-2c,295,1.0,0.3425711706070149,5,295
synthea,2,102,naive-recalibrated-2c,286,1.0,0.5438188654732785,6,286
synthea,2,102,naive-recalibrated-2c,293,1.0,0.5355165744789638,7,293
synthea,2,102,naive-recalibrated-2c,273,1.0,0.3741244881525981,8,273
synthea,2,102,naive-recalibrated-2c,292,1.0,0.7268994739590943,9,292
synthea,2,102,naive-recalibrated-2c,283,1.0,0.7202169068586027,10,283
synthea,2,102,naive-recalibrated-2c,271,1.0,0.6355076080704851,11,271
synthea,2,102,naive-recalibrated-2c,288,1.0,0.7895630004829345,12,288
synthea,2,102,naive-recalibrated-2c,277,1.0,0.6680269673951502,13,277
synthea,2,102,naive-recalibrated-2c,275,1.0,0.5219464835911293,14,275
synthea,2,102,naive-recalibrated-2c,287,0.7839721254355401,0.5553890682411321,15,225
synthea,2,102,naive-recalibrated-2c,270,0.8296296296296296,0.8105328224191882,16,224
synthea,2,102,naive-recalibrated-2c,255,0.8235294117647058,0.6183049745393776,17,210
synthea,2,102,naive-recalibrated-2c,271,0.8745387453874539,0.5180043483135048,18,237
synthea,2,102,naive-recalibrated-2c,269,0.9516728624535316,0.8038231618675302,19,256
synthea,2,102,naive-recalibrated-2c,294,0.8707482993197279,0.7359660370138468,20,256
synthea,2,102,naive-recalibrated-2c,273,0.8498168498168498,0.6603709024112988,21,232
synthea,2,102,naive-recalibrated-2c,288,0.96875,0.5894406277163795,22,279
synthea,2,102,naive-recalibrated-2c,286,0.8146853146853147,0.5636348850743704,23,233
synthea,2,102,naive-recalibrated-2c,282,0.9326241134751773,0.5329949332293049,24,263
synthea,2,102,naive-recalibrated-2c,291,0.9484536082474226,0.6318102778612276,25,276
synthea,2,102,naive-recalibrated-2c,299,0.9966555183946488,0.7379549314111357,26,298
synthea,2,102,naive-recalibrated-2c,284,0.9929577464788732,0.7336017368175066,27,282
synthea,2,102,naive-recalibrated-2c,272,0.9044117647058824,0.7658142235735628,28,246
synthea,2,102,naive-recalibrated-2c,280,0.9535714285714286,0.6570081099028503,29,267
synthea,2,102,naive-recalibrated-2c,274,0.9014598540145985,0.522880971478519,30,247
synthea,2,102,naive-recalibrated-2c,295,0.9864406779661017,0.6816122252114328,31,291
synthea,2,102,naive-recalibrated-2c,277,0.9061371841155235,0.616039997531971,32,251
synthea,2,102,naive-recalibrated-2c,273,0.8351648351648352,0.6697964003494843,33,228
synthea,2,102,naive-recalibrated-2c,293,0.89419795221843,0.7985963424991694,34,262
synthea,2,102,naive-recalibrated-2c,272,0.8566176470588235,0.6296171000909757,35,233
synthea,2,102,naive-recalibrated-2c,285,0.8842105263157894,0.5694257722460357,36,252
synthea,2,102,naive-recalibrated-2c,291,0.7903780068728522,0.5683763521571148,37,230
synthea,2,102,naive-recalibrated-2c,281,0.7864768683274022,0.7201062964333476,38,221
synthea,2,102,naive-recalibrated-2c,275,0.7127272727272728,0.5575299707127933,39,196
synthea,2,102,naive-recalibrated-2c,269,0.724907063197026,0.6252312540671292,40,195
synthea,2,102,naive-recalibrated-2c,300,0.7533333333333333,0.597719939868047,41,226
synthea,2,102,naive-recalibrated-2c,287,0.7456445993031359,0.6396038808783063,42,214
synthea,2,102,naive-recalibrated-2c,270,0.737037037037037,0.6223755972100611,43,199
synthea,2,102,naive-recalibrated-2c,286,0.6853146853146853,0.4428492715854315,44,196
synthea,2,102,naive-recalibrated-2c,296,0.7668918918918919,0.5505944083183381,45,227
synthea,2,102,naive-recalibrated-2c,277,0.7328519855595668,0.3314798246129997,46,203
synthea,2,102,naive-recalibrated-2c,282,0.7446808510638298,0.40909382781372433,47,210
synthea,2,102,naive-recalibrated-2c,272,0.6360294117647058,0.3630387975237215,48,173
synthea,2,102,naive-recalibrated-2c,282,0.7163120567375887,0.49929965416623284,49,202
synthea,2,102,naive-recalibrated-2c,277,0.6895306859205776,0.48986600694858895,50,191
synthea,3,103,naive-recalibrated-2c,267,1.0,0.1674393484810743,1,267
synthea,3,103,naive-recalibrated-2c,277,1.0,0.21103288832190664,2,277
synthea,3,103,naive-recalibrated-2c,282,1.0,0.314820767348641,3,282
synthea,3,103,naive-recalibrated-2c,282,1.0,0.4976967321351696,4,282
synthea,3,103,naive-recalibrated-2c,304,1.0,0.4721672752767517,5,304
synthea,3,103,naive-recalibrated-2c,284,1.0,0.545220694103431,6,284
synthea,3,103,naive-recalibrated-2c,291,1.0,0.5828902773485904,7,291
synthea,3,103,naive-recalibrated-2c,262,1.0,0.6225217071128538,8,262
synthea,3,103,naive-recalibrated-2c,281,1.0,0.7118620355662547,9,281
synthea,3,103,naive-recalibrated-2c,279,1.0,0.7523519190225088,10,279
synthea,3,103,naive-recalibrated-2c,273,1.0,0.6216315459295696,11,273
synthea,3,103,naive-recalibrated-2c,279,1.0,0.5144463000920372,12,279
synthea,3,103,naive-recalibrated-2c,289,1.0,0.7803934784038487,13,289
synthea,3,103,naive-recalibrated-2c,268,0.9850746268656716,0.586626352532329,14,264
synthea,3,103,naive-recalibrated-2c,281,1.0,0.6229687483931569,15,281
synthea,3,103,naive-recalibrated-2c,261,0.9885057471264368,0.8024811537169905,16,258
synthea,3,103,naive-recalibrated-2c,289,0.8685121107266436,0.6319039574580285,17,251
synthea,3,103,naive-recalibrated-2c,247,0.9959514170040485,0.561930902190487,18,246
synthea,3,103,naive-recalibrated-2c,270,0.9629629629629629,0.6580674147850444,19,260
synthea,3,103,naive-recalibrated-2c,272,0.9742647058823529,0.5544566545342066,20,265
synthea,3,103,naive-recalibrated-2c,263,0.7718631178707225,0.6261147149889832,21,203
synthea,3,103,naive-recalibrated-2c,243,0.7407407407407407,0.5723756422323888,22,180
synthea,3,103,naive-recalibrated-2c,275,0.6072727272727273,0.6017003482421331,23,167
synthea,3,103,naive-recalibrated-2c,260,0.7692307692307693,0.48359010154257315,24,200
synthea,3,103,naive-recalibrated-2c,283,0.5441696113074205,0.5282024323332802,25,154
synthea,3,103,naive-recalibrated-2c,286,0.5034965034965035,0.3092600895336882,26,144
synthea,3,103,naive-recalibrated-2c,252,0.6111111111111112,0.6176757539992123,27,154
synthea,3,103,naive-recalibrated-2c,277,0.9314079422382672,0.6596478060242766,28,258
synthea,3,103,naive-recalibrated-2c,266,0.7894736842105263,0.5934125134625461,29,210
synthea,3,103,naive-recalibrated-2c,273,0.8461538461538461,0.6743345466195129,30,231
synthea,3,103,naive-recalibrated-2c,286,0.6643356643356644,0.523403692508207,31,190
synthea,3,103,naive-recalibrated-2c,259,0.7027027027027027,0.5524569114507665,32,182
synthea,3,103,naive-recalibrated-2c,278,0.6618705035971223,0.4904851086773113,33,184
synthea,3,103,naive-recalibrated-2c,251,0.5737051792828686,0.5662463362397488,34,144
synthea,3,103,naive-recalibrated-2c,281,0.6298932384341637,0.49364761155147807,35,177
synthea,3,103,naive-recalibrated-2c,292,0.6746575342465754,0.6353347813641743,36,197
synthea,3,103,naive-recalibrated-2c,286,0.6573426573426573,0.43492986737135314,37,188
synthea,3,103,naive-recalibrated-2c,298,0.785234899328859,0.4718527951234405,38,234
synthea,3,103,naive-recalibrated-2c,283,0.7173144876325088,0.7372805113090106,39,203
synthea,3,103,naive-recalibrated-2c,279,0.6236559139784946,0.5931063051733472,40,174
synthea,3,103,naive-recalibrated-2c,270,0.5592592592592592,0.41964894091347016,41,151
synthea,3,103,naive-recalibrated-2c,276,0.572463768115942,0.5665823869438614,42,158
synthea,3,103,naive-recalibrated-2c,284,0.5985915492957746,0.4919436264167654,43,170
synthea,3,103,naive-recalibrated-2c,277,0.7472924187725631,0.4706935582363878,44,207
synthea,3,103,naive-recalibrated-2c,279,0.7706093189964157,0.4465845519592389,45,215
synthea,3,103,naive-recalibrated-2c,270,0.6703703703703704,0.6325273396145864,46,181
synthea,3,103,naive-recalibrated-2c,276,0.717391304347826,0.4011646729714318,47,198
synthea,3,103,naive-recalibrated-2c,283,0.6607773851590106,0.5588564503192238,48,187
synthea,3,103,naive-recalibrated-2c,285,0.6631578947368421,0.444800558836329,49,189
synthea,3,103,naive-recalibrated-2c,268,0.8917910447761194,0.6848230872805814,50,239
synthea,3,103,stable-local-fallback,461,1.0,1.0,1,461
synthea,3,103,stable-local-fallback,460,1.0,1.0,2,460
synthea,3,103,stable-local-fallback,463,1.0,1.0,3,463
synthea,3,103,stable-local-fallback,459,1.0,1.0,4,459
synthea,3,103,stable-local-fallback,459,1.0,1.0,5,459
synthea,3,103,stable-local-fallback,460,1.0,1.0,6,460
synthea,3,103,stable-local-fallback,460,1.0,1.0,7,460
synthea,3,103,stable-local-fallback,441,1.0,1.0,8,441
synthea,3,103,stable-local-fallback,465,1.0,1.0,9,465
synthea,3,103,stable-local-fallback,460,1.0,1.0,10,460
synthea,3,103,stable-local-fallback,466,1.0,1.0,11,466
synthea,3,103,stable-local-fallback,471,1.0,1.0,12,471
synthea,3,103,stable-local-fallback,458,1.0,1.0,13,458
synthea,3,103,stable-local-fallback,457,1.0,1.0,14,457
synthea,3,103,stable-local-fallback,454,1.0,1.0,15,454
synthea,3,103,stable-local-fallback,456,1.0,1.0,16,456
synthea,3,103,stable-local-fallback,471,0.9660297239915074,1.0,17,455
synthea,3,103,stable-local-fallback,442,0.832579185520362,1.0,18,368
synthea,3,103,stable-local-fallback,461,0.544468546637744,1.0,19,251
synthea,3,103,stable-local-fallback,468,0.4252136752136752,1.0,20,199
synthea,3,103,stable-local-fallback,456,0.32456140350877194,1.0,21,148
synthea,3,103,stable-local-fallback,451,0.31042128603104213,1.0,22,140
synthea,3,103,stable-local-fallback,457,0.2844638949671772,1.0,23,130
synthea,3,103,stable-local-fallback,454,0.31497797356828194,1.0,24,143
synthea,3,103,stable-local-fallback,455,0.2681318681318681,1.0,25,122
synthea,3,103,stable-local-fallback,466,0.30042918454935624,1.0,26,140
synthea,3,103,stable-local-fallback,458,0.26200873362445415,1.0,27,120
synthea,3,103,stable-local-fallback,466,0.259656652360515,1.0,28,121
synthea,3,103,stable-local-fallback,454,0.2665198237885463,1.0,29,121
synthea,3,103,stable-local-fallback,444,0.2747747747747748,1.0,30,122
synthea,3,103,stable-local-fallback,460,0.26521739130434785,1.0,31,122
synthea,3,103,stable-local-fallback,458,0.2554585152838428,1.0,32,117
synthea,3,103,stable-local-fallback,457,0.26695842450765866,1.0,33,122
synthea,3,103,stable-local-fallback,458,0.21615720524017468,1.0,34,99
synthea,3,103,stable-local-fallback,454,0.2709251101321586,1.0,35,123
synthea,3,103,stable-local-fallback,466,0.2703862660944206,1.0,36,126
synthea,3,103,stable-local-fallback,460,0.2891304347826087,1.0,37,133
synthea,3,103,stable-local-fallback,450,0.28888888888888886,1.0,38,130
synthea,3,103,stable-local-fallback,463,0.24838012958963282,1.0,39,115
synthea,3,103,stable-local-fallback,454,0.2511013215859031,1.0,40,114
synthea,3,103,stable-local-fallback,464,0.2952586206896552,1.0,41,137
synthea,3,103,stable-local-fallback,460,0.23478260869565218,1.0,42,108
synthea,3,103,stable-local-fallback,457,0.24945295404814005,1.0,43,114
synthea,3,103,stable-local-fallback,463,0.27213822894168466,1.0,44,126
synthea,3,103,stable-local-fallback,461,0.2928416485900217,1.0,45,135
synthea,3,103,stable-local-fallback,458,0.2445414847161572,1.0,46,112
synthea,3,103,stable-local-fallback,463,0.2937365010799136,1.0,47,136
synthea,3,103,stable-local-fallback,461,0.2646420824295011,1.0,48,122
synthea,3,103,stable-local-fallback,462,0.2857142857142857,1.0,49,132
synthea,3,103,stable-local-fallback,451,0.2926829268292683,1.0,50,132
synthea,3,103,unitscope-lambda-sweep,267,1.0,0.021857042122900093,1,267
synthea,3,103,unitscope-lambda-sweep,277,1.0,0.02277700947649098,2,277
synthea,3,103,unitscope-lambda-sweep,282,1.0,0.0357400733408431,3,282
synthea,3,103,unitscope-lambda-sweep,282,1.0,0.06121949023986024,4,282
synthea,3,103,unitscope-lambda-sweep,304,1.0,0.06074986055352427,5,304
synthea,3,103,unitscope-lambda-sweep,284,1.0,0.06823803759652687,6,284
synthea,3,103,unitscope-lambda-sweep,291,1.0,0.08077816544327887,7,291
synthea,3,103,unitscope-lambda-sweep,262,1.0,0.1365562752440979,8,262
synthea,3,103,unitscope-lambda-sweep,281,1.0,0.08604134860959065,9,281
synthea,3,103,unitscope-lambda-sweep,279,1.0,0.20318138897015814,10,279
synthea,3,103,unitscope-lambda-sweep,273,1.0,0.16234179362309148,11,273
synthea,3,103,unitscope-lambda-sweep,279,1.0,0.2071092201010941,12,279
synthea,3,103,unitscope-lambda-sweep,289,1.0,0.11510001054954179,13,289
synthea,3,103,unitscope-lambda-sweep,268,1.0,0.2555888957335612,14,268
synthea,3,103,unitscope-lambda-sweep,281,1.0,0.294443100161326,15,281
synthea,3,103,unitscope-lambda-sweep,261,1.0,0.09756191588961827,16,261
synthea,3,103,unitscope-lambda-sweep,289,1.0,0.1908876111945213,17,289
synthea,3,103,unitscope-lambda-sweep,247,1.0,0.2068139112157161,18,247
synthea,3,103,unitscope-lambda-sweep,270,1.0,0.1825106384463867,19,270
synthea,3,103,unitscope-lambda-sweep,272,1.0,0.2109403343166779,20,272
synthea,3,103,unitscope-lambda-sweep,263,1.0,0.16275991484249766,21,263
synthea,3,103,unitscope-lambda-sweep,243,1.0,0.1508972883988425,22,243
synthea,3,103,unitscope-lambda-sweep,275,1.0,0.18824245589288827,23,275
synthea,3,103,unitscope-lambda-sweep,260,1.0,0.21817228609819345,24,260
synthea,3,103,unitscope-lambda-sweep,283,1.0,0.2712579134183326,25,283
synthea,3,103,unitscope-lambda-sweep,286,1.0,0.09054908189712686,26,286
synthea,3,103,unitscope-lambda-sweep,252,1.0,0.24558904414625368,27,252
synthea,3,103,unitscope-lambda-sweep,277,1.0,0.22841837023590014,28,277
synthea,3,103,unitscope-lambda-sweep,266,1.0,0.29609309605888384,29,266
synthea,3,103,unitscope-lambda-sweep,273,1.0,0.2373846004639167,30,273
synthea,3,103,unitscope-lambda-sweep,286,1.0,0.24879953501459742,31,286
synthea,3,103,unitscope-lambda-sweep,259,1.0,0.2742681988858772,32,259
synthea,3,103,unitscope-lambda-sweep,278,1.0,0.3374544833973611,33,278
synthea,3,103,unitscope-lambda-sweep,251,1.0,0.20864844194947155,34,251
synthea,3,103,unitscope-lambda-sweep,281,1.0,0.26444961602617767,35,281
synthea,3,103,unitscope-lambda-sweep,292,1.0,0.20089010466355925,36,292
synthea,3,103,unitscope-lambda-sweep,286,1.0,0.14782291784017118,37,286
synthea,3,103,unitscope-lambda-sweep,298,1.0,0.18876883904036912,38,298
synthea,3,103,unitscope-lambda-sweep,283,1.0,0.16846390671935202,39,283
synthea,3,103,unitscope-lambda-sweep,279,1.0,0.2617064519500121,40,279
synthea,3,103,unitscope-lambda-sweep,270,1.0,0.2625452955064848,41,270
synthea,3,103,unitscope-lambda-sweep,276,1.0,0.30464339436900406,42,276
synthea,3,103,unitscope-lambda-sweep,284,1.0,0.29970331797403305,43,284
synthea,3,103,unitscope-lambda-sweep,277,1.0,0.25252859563755253,44,277
synthea,3,103,unitscope-lambda-sweep,279,1.0,0.1569383924774396,45,279
synthea,3,103,unitscope-lambda-sweep,270,1.0,0.15783642267291143,46,270
synthea,3,103,unitscope-lambda-sweep,276,1.0,0.15995341669961713,47,276
synthea,3,103,unitscope-lambda-sweep,283,1.0,0.25839567927689194,48,283
synthea,3,103,unitscope-lambda-sweep,285,1.0,0.20938218248803028,49,285
synthea,3,103,unitscope-lambda-sweep,268,1.0,0.27860695994279855,50,268
synthea,3,103,handle-only-drop-residual,0,,0.0,1,0
synthea,3,103,handle-only-drop-residual,0,,0.0,2,0
synthea,3,103,handle-only-drop-residual,0,,0.0,3,0
synthea,3,103,handle-only-drop-residual,0,,0.0,4,0
synthea,3,103,handle-only-drop-residual,0,,0.0,5,0
synthea,3,103,handle-only-drop-residual,0,,0.0,6,0
synthea,3,103,handle-only-drop-residual,0,,0.0,7,0
synthea,3,103,handle-only-drop-residual,0,,0.0,8,0
synthea,3,103,handle-only-drop-residual,0,,0.0,9,0
synthea,3,103,handle-only-drop-residual,0,,0.0,10,0
synthea,3,103,handle-only-drop-residual,0,,0.0,11,0
synthea,3,103,handle-only-drop-residual,0,,0.0,12,0
synthea,3,103,handle-only-drop-residual,0,,0.0,13,0
synthea,3,103,handle-only-drop-residual,0,,0.0,14,0
synthea,3,103,handle-only-drop-residual,0,,0.0,15,0
synthea,3,103,handle-only-drop-residual,0,,0.0,16,0
synthea,3,103,handle-only-drop-residual,0,,0.0,17,0
synthea,3,103,handle-only-drop-residual,0,,0.0,18,0
synthea,3,103,handle-only-drop-residual,0,,0.0,19,0
synthea,3,103,handle-only-drop-residual,0,,0.0,20,0
synthea,3,103,handle-only-drop-residual,0,,0.0,21,0
synthea,3,103,handle-only-drop-residual,0,,0.0,22,0
synthea,3,103,handle-only-drop-residual,0,,0.0,23,0
synthea,3,103,handle-only-drop-residual,0,,0.0,24,0
synthea,3,103,handle-only-drop-residual,0,,0.0,25,0
synthea,3,103,handle-only-drop-residual,0,,0.0,26,0
synthea,3,103,handle-only-drop-residual,0,,0.0,27,0
synthea,3,103,handle-only-drop-residual,0,,0.0,28,0
synthea,3,103,handle-only-drop-residual,0,,0.0,29,0
synthea,3,103,handle-only-drop-residual,0,,0.0,30,0
synthea,3,103,handle-only-drop-residual,0,,0.0,31,0
synthea,3,103,handle-only-drop-residual,0,,0.0,32,0
synthea,3,103,handle-only-drop-residual,0,,0.0,33,0
synthea,3,103,handle-only-drop-residual,0,,0.0,34,0
synthea,3,103,handle-only-drop-residual,0,,0.0,35,0
synthea,3,103,handle-only-drop-residual,0,,0.0,36,0
synthea,3,103,handle-only-drop-residual,0,,0.0,37,0
synthea,3,103,handle-only-drop-residual,0,,0.0,38,0
synthea,3,103,handle-only-drop-residual,0,,0.0,39,0
synthea,3,103,handle-only-drop-residual,0,,0.0,40,0
synthea,3,103,handle-only-drop-residual,0,,0.0,41,0
synthea,3,103,handle-only-drop-residual,0,,0.0,42,0
synthea,3,103,handle-only-drop-residual,0,,0.0,43,0
synthea,3,103,handle-only-drop-residual,0,,0.0,44,0
synthea,3,103,handle-only-drop-residual,0,,0.0,45,0
synthea,3,103,handle-only-drop-residual,0,,0.0,46,0
synthea,3,103,handle-only-drop-residual,0,,0.0,47,0
synthea,3,103,handle-only-drop-residual,0,,0.0,48,0
synthea,3,103,handle-only-drop-residual,0,,0.0,49,0
synthea,3,103,handle-only-drop-residual,0,,0.0,50,0
synthea,4,104,naive-recalibrated-2c,283,1.0,0.23150499069790745,1,283
synthea,4,104,naive-recalibrated-2c,284,1.0,0.20910482877197528,2,284
synthea,4,104,naive-recalibrated-2c,285,1.0,0.2638876642588209,3,285
synthea,4,104,naive-recalibrated-2c,286,1.0,0.2702396365035608,4,286
synthea,4,104,naive-recalibrated-2c,275,1.0,0.25812412436877924,5,275
synthea,4,104,naive-recalibrated-2c,284,1.0,0.29582018982740754,6,284
synthea,4,104,naive-recalibrated-2c,259,1.0,0.5275034928291001,7,259
synthea,4,104,naive-recalibrated-2c,282,1.0,0.5560050799178204,8,282
synthea,4,104,naive-recalibrated-2c,288,1.0,0.4990315449787063,9,288
synthea,4,104,naive-recalibrated-2c,290,1.0,0.8236505564832514,10,290
synthea,4,104,naive-recalibrated-2c,293,1.0,0.47672304264516985,11,293
synthea,4,104,naive-recalibrated-2c,287,1.0,0.6866404813751656,12,287
synthea,4,104,naive-recalibrated-2c,272,1.0,0.6293938588523008,13,272
synthea,4,104,naive-recalibrated-2c,295,1.0,0.5972952913022876,14,295
synthea,4,104,naive-recalibrated-2c,287,1.0,0.6003326149775429,15,287
synthea,4,104,naive-recalibrated-2c,283,1.0,0.701092568417501,16,283
synthea,4,104,naive-recalibrated-2c,282,1.0,0.5288885380392203,17,282
synthea,4,104,naive-recalibrated-2c,289,1.0,0.655190565872534,18,289
synthea,4,104,naive-recalibrated-2c,277,1.0,0.6647255646594438,19,277
synthea,4,104,naive-recalibrated-2c,289,1.0,0.7120261773265512,20,289
synthea,4,104,naive-recalibrated-2c,252,1.0,0.6055647938580934,21,252
synthea,4,104,naive-recalibrated-2c,283,1.0,0.7103961235658677,22,283
synthea,4,104,naive-recalibrated-2c,277,0.8231046931407943,0.4392855198491931,23,228
synthea,4,104,naive-recalibrated-2c,279,0.36917562724014336,0.4571603405729504,24,103
synthea,4,104,naive-recalibrated-2c,294,0.5850340136054422,0.7369219493507368,25,172
synthea,4,104,naive-recalibrated-2c,265,0.6377358490566037,0.4982856879987096,26,169
synthea,4,104,naive-recalibrated-2c,285,0.7157894736842105,0.49960903778380095,27,204
synthea,4,104,naive-recalibrated-2c,281,0.7473309608540926,0.5898567529689459,28,210
synthea,4,104,naive-recalibrated-2c,285,0.5894736842105263,0.612138646447039,29,168
synthea,4,104,naive-recalibrated-2c,297,0.531986531986532,0.6478464665423068,30,158
synthea,4,104,naive-recalibrated-2c,283,0.6148409893992933,0.4352231595777976,31,174
synthea,4,104,naive-recalibrated-2c,273,0.7326007326007326,0.6418307400658811,32,200
synthea,4,104,naive-recalibrated-2c,273,0.4725274725274725,0.4823604970615707,33,129
synthea,4,104,naive-recalibrated-2c,281,0.45907473309608543,0.40392096452742926,34,129
synthea,4,104,naive-recalibrated-2c,286,0.5594405594405595,0.5601343027446021,35,160
synthea,4,104,naive-recalibrated-2c,267,0.4756554307116105,0.5268734670202451,36,127
synthea,4,104,naive-recalibrated-2c,262,0.7595419847328244,0.4389346602645068,37,199
synthea,4,104,naive-recalibrated-2c,290,0.7103448275862069,0.5936516887499796,38,206
synthea,4,104,naive-recalibrated-2c,281,0.7153024911032029,0.4658157641382027,39,201
synthea,4,104,naive-recalibrated-2c,290,0.8413793103448276,0.6402355609307641,40,244
synthea,4,104,naive-recalibrated-2c,279,0.6272401433691757,0.6795422349454476,41,175
synthea,4,104,naive-recalibrated-2c,272,0.5110294117647058,0.42406960905411506,42,139
synthea,4,104,naive-recalibrated-2c,279,0.5053763440860215,0.4206902310663852,43,141
synthea,4,104,naive-recalibrated-2c,290,0.9241379310344827,0.6274562973756113,44,268
synthea,4,104,naive-recalibrated-2c,280,0.7178571428571429,0.611854931741566,45,201
synthea,4,104,naive-recalibrated-2c,283,0.6501766784452296,0.5187323275937356,46,184
synthea,4,104,naive-recalibrated-2c,291,0.697594501718213,0.5343001496251943,47,203
synthea,4,104,naive-recalibrated-2c,279,0.6738351254480287,0.4949115013384859,48,188
synthea,4,104,naive-recalibrated-2c,271,0.6236162361623616,0.5224295975697474,49,169
synthea,4,104,naive-recalibrated-2c,287,0.8432055749128919,0.6421597384358129,50,242
synthea,4,104,stable-local-fallback,457,1.0,1.0,1,457
synthea,4,104,stable-local-fallback,452,1.0,1.0,2,452
synthea,4,104,stable-local-fallback,461,1.0,1.0,3,461
synthea,4,104,stable-local-fallback,464,1.0,1.0,4,464
synthea,4,104,stable-local-fallback,461,1.0,1.0,5,461
synthea,4,104,stable-local-fallback,460,1.0,1.0,6,460
synthea,4,104,stable-local-fallback,461,1.0,1.0,7,461
synthea,4,104,stable-local-fallback,468,1.0,1.0,8,468
synthea,4,104,stable-local-fallback,464,1.0,1.0,9,464
synthea,4,104,stable-local-fallback,455,1.0,1.0,10,455
synthea,4,104,stable-local-fallback,459,1.0,1.0,11,459
synthea,4,104,stable-local-fallback,474,1.0,1.0,12,474
synthea,4,104,stable-local-fallback,465,1.0,1.0,13,465
synthea,4,104,stable-local-fallback,462,1.0,1.0,14,462
synthea,4,104,stable-local-fallback,465,1.0,1.0,15,465
synthea,4,104,stable-local-fallback,464,1.0,1.0,16,464
synthea,4,104,stable-local-fallback,462,1.0,1.0,17,462
synthea,4,104,stable-local-fallback,457,1.0,1.0,18,457
synthea,4,104,stable-local-fallback,458,1.0,1.0,19,458
synthea,4,104,stable-local-fallback,461,1.0,1.0,20,461
synthea,4,104,stable-local-fallback,465,1.0,1.0,21,465
synthea,4,104,stable-local-fallback,468,1.0,1.0,22,468
synthea,4,104,stable-local-fallback,463,0.6760259179265659,1.0,23,313
synthea,4,104,stable-local-fallback,459,0.3899782135076253,1.0,24,179
synthea,4,104,stable-local-fallback,465,0.36129032258064514,1.0,25,168
synthea,4,104,stable-local-fallback,462,0.3116883116883117,1.0,26,144
synthea,4,104,stable-local-fallback,466,0.3626609442060086,1.0,27,169
synthea,4,104,stable-local-fallback,469,0.35607675906183367,1.0,28,167
synthea,4,104,stable-local-fallback,457,0.31291028446389496,1.0,29,143
synthea,4,104,stable-local-fallback,452,0.28761061946902655,1.0,30,130
synthea,4,104,stable-local-fallback,458,0.34497816593886466,1.0,31,158
synthea,4,104,stable-local-fallback,457,0.28665207877461707,1.0,32,131
synthea,4,104,stable-local-fallback,453,0.2869757174392936,1.0,33,130
synthea,4,104,stable-local-fallback,456,0.2675438596491228,1.0,34,122
synthea,4,104,stable-local-fallback,453,0.24282560706401765,1.0,35,110
synthea,4,104,stable-local-fallback,453,0.25165562913907286,1.0,36,114
synthea,4,104,stable-local-fallback,451,0.3259423503325942,1.0,37,147
synthea,4,104,stable-local-fallback,465,0.2838709677419355,1.0,38,132
synthea,4,104,stable-local-fallback,459,0.289760348583878,1.0,39,133
synthea,4,104,stable-local-fallback,460,0.2717391304347826,1.0,40,125
synthea,4,104,stable-local-fallback,474,0.23628691983122363,1.0,41,112
synthea,4,104,stable-local-fallback,464,0.25862068965517243,1.0,42,120
synthea,4,104,stable-local-fallback,462,0.2510822510822511,1.0,43,116
synthea,4,104,stable-local-fallback,459,0.2766884531590414,1.0,44,127
synthea,4,104,stable-local-fallback,469,0.2622601279317697,1.0,45,123
synthea,4,104,stable-local-fallback,463,0.3002159827213823,1.0,46,139
synthea,4,104,stable-local-fallback,470,0.3021276595744681,1.0,47,142
synthea,4,104,stable-local-fallback,457,0.27571115973741794,1.0,48,126
synthea,4,104,stable-local-fallback,451,0.25942350332594233,1.0,49,117
synthea,4,104,stable-local-fallback,463,0.26997840172786175,1.0,50,125
synthea,4,104,handle-only-drop-residual,0,,0.0,1,0
synthea,4,104,handle-only-drop-residual,0,,0.0,2,0
synthea,4,104,handle-only-drop-residual,0,,0.0,3,0
synthea,4,104,handle-only-drop-residual,0,,0.0,4,0
synthea,4,104,handle-only-drop-residual,0,,0.0,5,0
synthea,4,104,handle-only-drop-residual,0,,0.0,6,0
synthea,4,104,handle-only-drop-residual,0,,0.0,7,0
synthea,4,104,handle-only-drop-residual,0,,0.0,8,0
synthea,4,104,handle-only-drop-residual,0,,0.0,9,0
synthea,4,104,handle-only-drop-residual,0,,0.0,10,0
synthea,4,104,handle-only-drop-residual,0,,0.0,11,0
synthea,4,104,handle-only-drop-residual,0,,0.0,12,0
synthea,4,104,handle-only-drop-residual,0,,0.0,13,0
synthea,4,104,handle-only-drop-residual,0,,0.0,14,0
synthea,4,104,handle-only-drop-residual,0,,0.0,15,0
synthea,4,104,handle-only-drop-residual,0,,0.0,16,0
synthea,4,104,handle-only-drop-residual,0,,0.0,17,0
synthea,4,104,handle-only-drop-residual,0,,0.0,18,0
synthea,4,104,handle-only-drop-residual,0,,0.0,19,0
synthea,4,104,handle-only-drop-residual,0,,0.0,20,0
synthea,4,104,handle-only-drop-residual,0,,0.0,21,0
synthea,4,104,handle-only-drop-residual,0,,0.0,22,0
synthea,4,104,handle-only-drop-residual,0,,0.0,23,0
synthea,4,104,handle-only-drop-residual,0,,0.0,24,0
synthea,4,104,handle-only-drop-residual,0,,0.0,25,0
synthea,4,104,handle-only-drop-residual,0,,0.0,26,0
synthea,4,104,handle-only-drop-residual,0,,0.0,27,0
synthea,4,104,handle-only-drop-residual,0,,0.0,28,0
synthea,4,104,handle-only-drop-residual,0,,0.0,29,0
synthea,4,104,handle-only-drop-residual,0,,0.0,30,0
synthea,4,104,handle-only-drop-residual,0,,0.0,31,0
synthea,4,104,handle-only-drop-residual,0,,0.0,32,0
synthea,4,104,handle-only-drop-residual,0,,0.0,33,0
synthea,4,104,handle-only-drop-residual,0,,0.0,34,0
synthea,4,104,handle-only-drop-residual,0,,0.0,35,0
synthea,4,104,handle-only-drop-residual,0,,0.0,36,0
synthea,4,104,handle-only-drop-residual,0,,0.0,37,0
synthea,4,104,handle-only-drop-residual,0,,0.0,38,0
synthea,4,104,handle-only-drop-residual,0,,0.0,39,0
synthea,4,104,handle-only-drop-residual,0,,0.0,40,0
synthea,4,104,handle-only-drop-residual,0,,0.0,41,0
synthea,4,104,handle-only-drop-residual,0,,0.0,42,0
synthea,4,104,handle-only-drop-residual,0,,0.0,43,0
synthea,4,104,handle-only-drop-residual,0,,0.0,44,0
synthea,4,104,handle-only-drop-residual,0,,0.0,45,0
synthea,4,104,handle-only-drop-residual,0,,0.0,46,0
synthea,4,104,handle-only-drop-residual,0,,0.0,47,0
synthea,4,104,handle-only-drop-residual,0,,0.0,48,0
synthea,4,104,handle-only-drop-residual,0,,0.0,49,0
synthea,4,104,handle-only-drop-residual,0,,0.0,50,0
synthea,4,104,unitscope-lambda-sweep,283,1.0,0.03235172255581904,1,283
synthea,4,104,unitscope-lambda-sweep,284,1.0,0.027295956359099642,2,284
synthea,4,104,unitscope-lambda-sweep,285,1.0,0.03204015273220476,3,285
synthea,4,104,unitscope-lambda-sweep,286,1.0,0.034269927879341425,4,286
synthea,4,104,unitscope-lambda-sweep,275,1.0,0.030236914816615758,5,275
synthea,4,104,unitscope-lambda-sweep,284,1.0,0.03637952399728007,6,284
synthea,4,104,unitscope-lambda-sweep,259,1.0,0.06188685401442229,7,259
synthea,4,104,unitscope-lambda-sweep,282,1.0,0.06935973052916979,8,282
synthea,4,104,unitscope-lambda-sweep,288,1.0,0.05716143785075559,9,288
synthea,4,104,unitscope-lambda-sweep,290,1.0,0.12547483898697454,10,290
synthea,4,104,unitscope-lambda-sweep,293,1.0,0.15707756796836334,11,293
synthea,4,104,unitscope-lambda-sweep,287,1.0,0.09427036265720465,12,287
synthea,4,104,unitscope-lambda-sweep,272,1.0,0.16446652092304204,13,272
synthea,4,104,unitscope-lambda-sweep,295,1.0,0.0985102832113955,14,295
synthea,4,104,unitscope-lambda-sweep,287,1.0,0.10779285882597632,15,287
synthea,4,104,unitscope-lambda-sweep,283,1.0,0.1297619437893058,16,283
synthea,4,104,unitscope-lambda-sweep,282,1.0,0.07268373270718666,17,282
synthea,4,104,unitscope-lambda-sweep,289,1.0,0.16844299472625326,18,289
synthea,4,104,unitscope-lambda-sweep,277,1.0,0.09302503354876814,19,277
synthea,4,104,unitscope-lambda-sweep,289,1.0,0.20644193545985584,20,289
synthea,4,104,unitscope-lambda-sweep,252,1.0,0.21284048823785148,21,252
synthea,4,104,unitscope-lambda-sweep,283,1.0,0.15918251306857883,22,283
synthea,4,104,unitscope-lambda-sweep,277,1.0,0.15391422766656337,23,277
synthea,4,104,unitscope-lambda-sweep,279,1.0,0.2148697260506419,24,279
synthea,4,104,unitscope-lambda-sweep,294,1.0,0.149639297474009,25,294
synthea,4,104,unitscope-lambda-sweep,265,1.0,0.33383751325810507,26,265
synthea,4,104,unitscope-lambda-sweep,285,1.0,0.20051081361089843,27,285
synthea,4,104,unitscope-lambda-sweep,281,1.0,0.2842956435817478,28,281
synthea,4,104,unitscope-lambda-sweep,285,1.0,0.19191689573381748,29,285
synthea,4,104,unitscope-lambda-sweep,297,1.0,0.30933899769476586,30,297
synthea,4,104,unitscope-lambda-sweep,283,1.0,0.1961826582474434,31,283
synthea,4,104,unitscope-lambda-sweep,273,1.0,0.1650988378357682,32,273
synthea,4,104,unitscope-lambda-sweep,273,1.0,0.22669690641370066,33,273
synthea,4,104,unitscope-lambda-sweep,281,1.0,0.1607889423900464,34,281
synthea,4,104,unitscope-lambda-sweep,286,1.0,0.2827970963293343,35,286
synthea,4,104,unitscope-lambda-sweep,267,1.0,0.27867137793180374,36,267
synthea,4,104,unitscope-lambda-sweep,262,1.0,0.1548186779399404,37,262
synthea,4,104,unitscope-lambda-sweep,290,1.0,0.29340837035131295,38,290
synthea,4,104,unitscope-lambda-sweep,281,1.0,0.16267576874748044,39,281
synthea,4,104,unitscope-lambda-sweep,290,1.0,0.2708395835773676,40,290
synthea,4,104,unitscope-lambda-sweep,279,1.0,0.2167427276191897,41,279
synthea,4,104,unitscope-lambda-sweep,272,1.0,0.28049505139883624,42,272
synthea,4,104,unitscope-lambda-sweep,279,1.0,0.1950234731117252,43,279
synthea,4,104,unitscope-lambda-sweep,290,1.0,0.2633064776411804,44,290
synthea,4,104,unitscope-lambda-sweep,280,1.0,0.21714378077750426,45,280
synthea,4,104,unitscope-lambda-sweep,283,1.0,0.22948885785047968,46,283
synthea,4,104,unitscope-lambda-sweep,291,1.0,0.25675227723490157,47,291
synthea,4,104,unitscope-lambda-sweep,279,1.0,0.18738072875704415,48,279
synthea,4,104,unitscope-lambda-sweep,271,1.0,0.2189932862503446,49,271
synthea,4,104,unitscope-lambda-sweep,287,1.0,0.32753561350827237,50,287
synthea,5,105,handle-only-drop-residual,0,,0.0,1,0
synthea,5,105,handle-only-drop-residual,0,,0.0,2,0
synthea,5,105,handle-only-drop-residual,0,,0.0,3,0
synthea,5,105,handle-only-drop-residual,0,,0.0,4,0
synthea,5,105,handle-only-drop-residual,0,,0.0,5,0
synthea,5,105,handle-only-drop-residual,0,,0.0,6,0
synthea,5,105,handle-only-drop-residual,0,,0.0,7,0
synthea,5,105,handle-only-drop-residual,0,,0.0,8,0
synthea,5,105,handle-only-drop-residual,0,,0.0,9,0
synthea,5,105,handle-only-drop-residual,0,,0.0,10,0
synthea,5,105,handle-only-drop-residual,0,,0.0,11,0
synthea,5,105,handle-only-drop-residual,0,,0.0,12,0
synthea,5,105,handle-only-drop-residual,0,,0.0,13,0
synthea,5,105,handle-only-drop-residual,0,,0.0,14,0
synthea,5,105,handle-only-drop-residual,0,,0.0,15,0
synthea,5,105,handle-only-drop-residual,0,,0.0,16,0
synthea,5,105,handle-only-drop-residual,0,,0.0,17,0
synthea,5,105,handle-only-drop-residual,0,,0.0,18,0
synthea,5,105,handle-only-drop-residual,0,,0.0,19,0
synthea,5,105,handle-only-drop-residual,0,,0.0,20,0
synthea,5,105,handle-only-drop-residual,0,,0.0,21,0
synthea,5,105,handle-only-drop-residual,0,,0.0,22,0
synthea,5,105,handle-only-drop-residual,0,,0.0,23,0
synthea,5,105,handle-only-drop-residual,0,,0.0,24,0
synthea,5,105,handle-only-drop-residual,0,,0.0,25,0
synthea,5,105,handle-only-drop-residual,0,,0.0,26,0
synthea,5,105,handle-only-drop-residual,0,,0.0,27,0
synthea,5,105,handle-only-drop-residual,0,,0.0,28,0
synthea,5,105,handle-only-drop-residual,0,,0.0,29,0
synthea,5,105,handle-only-drop-residual,0,,0.0,30,0
synthea,5,105,handle-only-drop-residual,0,,0.0,31,0
synthea,5,105,handle-only-drop-residual,0,,0.0,32,0
synthea,5,105,handle-only-drop-residual,0,,0.0,33,0
synthea,5,105,handle-only-drop-residual,0,,0.0,34,0
synthea,5,105,handle-only-drop-residual,0,,0.0,35,0
synthea,5,105,handle-only-drop-residual,0,,0.0,36,0
synthea,5,105,handle-only-drop-residual,0,,0.0,37,0
synthea,5,105,handle-only-drop-residual,0,,0.0,38,0
synthea,5,105,handle-only-drop-residual,0,,0.0,39,0
synthea,5,105,handle-only-drop-residual,0,,0.0,40,0
synthea,5,105,handle-only-drop-residual,0,,0.0,41,0
synthea,5,105,handle-only-drop-residual,0,,0.0,42,0
synthea,5,105,handle-only-drop-residual,0,,0.0,43,0
synthea,5,105,handle-only-drop-residual,0,,0.0,44,0
synthea,5,105,handle-only-drop-residual,0,,0.0,45,0
synthea,5,105,handle-only-drop-residual,0,,0.0,46,0
synthea,5,105,handle-only-drop-residual,0,,0.0,47,0
synthea,5,105,handle-only-drop-residual,0,,0.0,48,0
synthea,5,105,handle-only-drop-residual,0,,0.0,49,0
synthea,5,105,handle-only-drop-residual,0,,0.0,50,0
synthea,5,105,unitscope-lambda-sweep,294,1.0,0.02527362342585418,1,294
synthea,5,105,unitscope-lambda-sweep,277,1.0,0.021439964735662294,2,277
synthea,5,105,unitscope-lambda-sweep,279,1.0,0.020599029783087842,3,279
synthea,5,105,unitscope-lambda-sweep,283,1.0,0.0279886983499099,4,283
synthea,5,105,unitscope-lambda-sweep,268,1.0,0.03668503810852853,5,268
synthea,5,105,unitscope-lambda-sweep,276,1.0,0.04597641392942692,6,276
synthea,5,105,unitscope-lambda-sweep,273,1.0,0.12606778283198536,7,273
synthea,5,105,unitscope-lambda-sweep,274,1.0,0.08162493069386408,8,274
synthea,5,105,unitscope-lambda-sweep,261,1.0,0.10756507000091643,9,261
synthea,5,105,unitscope-lambda-sweep,267,1.0,0.10547632435355815,10,267
synthea,5,105,unitscope-lambda-sweep,262,1.0,0.11624931098925154,11,262
synthea,5,105,unitscope-lambda-sweep,279,1.0,0.21898355271758763,12,279
synthea,5,105,unitscope-lambda-sweep,283,1.0,0.22209774295948356,13,283
synthea,5,105,unitscope-lambda-sweep,298,1.0,0.16984909616352425,14,298
synthea,5,105,unitscope-lambda-sweep,277,1.0,0.17442098360948521,15,277
synthea,5,105,unitscope-lambda-sweep,287,1.0,0.25189108141159444,16,287
synthea,5,105,unitscope-lambda-sweep,281,1.0,0.31071449288571656,17,281
synthea,5,105,unitscope-lambda-sweep,278,1.0,0.29018206083880427,18,278
synthea,5,105,unitscope-lambda-sweep,278,1.0,0.25572583404088606,19,278
synthea,5,105,unitscope-lambda-sweep,286,1.0,0.2894232570417205,20,286
synthea,5,105,unitscope-lambda-sweep,278,1.0,0.3122021271306822,21,278
synthea,5,105,unitscope-lambda-sweep,282,1.0,0.1837746165496391,22,282
synthea,5,105,unitscope-lambda-sweep,262,1.0,0.10915476842524127,23,262
synthea,5,105,unitscope-lambda-sweep,291,1.0,0.3693518971068107,24,291
synthea,5,105,unitscope-lambda-sweep,289,1.0,0.20943221600176495,25,289
synthea,5,105,unitscope-lambda-sweep,267,1.0,0.1498018594617194,26,267
synthea,5,105,unitscope-lambda-sweep,295,1.0,0.21326684847867405,27,295
synthea,5,105,unitscope-lambda-sweep,302,1.0,0.206160612792108,28,302
synthea,5,105,unitscope-lambda-sweep,283,1.0,0.13361770815142385,29,283
synthea,5,105,unitscope-lambda-sweep,274,1.0,0.2913345201390911,30,274
synthea,5,105,unitscope-lambda-sweep,285,1.0,0.2324714288883613,31,285
synthea,5,105,unitscope-lambda-sweep,275,1.0,0.16291700245069654,32,275
synthea,5,105,unitscope-lambda-sweep,284,1.0,0.13830326841216947,33,284
synthea,5,105,unitscope-lambda-sweep,269,1.0,0.12922352796588252,34,269
synthea,5,105,unitscope-lambda-sweep,266,1.0,0.16885856081235495,35,266
synthea,5,105,unitscope-lambda-sweep,286,1.0,0.3063229728921203,36,286
synthea,5,105,unitscope-lambda-sweep,266,1.0,0.3043085191482314,37,266
synthea,5,105,unitscope-lambda-sweep,289,1.0,0.3106481954337603,38,289
synthea,5,105,unitscope-lambda-sweep,275,1.0,0.17649533047762228,39,275
synthea,5,105,unitscope-lambda-sweep,257,1.0,0.18032367629506338,40,257
synthea,5,105,unitscope-lambda-sweep,299,1.0,0.32272324604719743,41,299
synthea,5,105,unitscope-lambda-sweep,266,1.0,0.1395590605022254,42,266
synthea,5,105,unitscope-lambda-sweep,273,1.0,0.3516538995237079,43,273
synthea,5,105,unitscope-lambda-sweep,290,1.0,0.3028261046375206,44,290
synthea,5,105,unitscope-lambda-sweep,282,1.0,0.15238420500248737,45,282
synthea,5,105,unitscope-lambda-sweep,270,1.0,0.17284641354235566,46,270
synthea,5,105,unitscope-lambda-sweep,275,1.0,0.2642863378028878,47,275
synthea,5,105,unitscope-lambda-sweep,274,1.0,0.16283884261404521,48,274
synthea,5,105,unitscope-lambda-sweep,272,1.0,0.28082123037098733,49,272
synthea,5,105,unitscope-lambda-sweep,271,1.0,0.23643382564861956,50,271
synthea,5,105,naive-recalibrated-2c,294,1.0,0.1892070101073021,1,294
synthea,5,105,naive-recalibrated-2c,277,1.0,0.16865479648301246,2,277
synthea,5,105,naive-recalibrated-2c,279,1.0,0.20040862128450004,3,279
synthea,5,105,naive-recalibrated-2c,283,1.0,0.2590138344448175,4,283
synthea,5,105,naive-recalibrated-2c,268,1.0,0.3250614293491483,5,268
synthea,5,105,naive-recalibrated-2c,276,1.0,0.41714313761879546,6,276
synthea,5,105,naive-recalibrated-2c,273,1.0,0.7636220607292028,7,273
synthea,5,105,naive-recalibrated-2c,274,1.0,0.6896290618879445,8,274
synthea,5,105,naive-recalibrated-2c,261,1.0,0.7539522154717859,9,261
synthea,5,105,naive-recalibrated-2c,267,1.0,0.7030584181933776,10,267
synthea,5,105,naive-recalibrated-2c,262,1.0,0.7900921573127115,11,262
synthea,5,105,naive-recalibrated-2c,279,0.9032258064516129,0.4859884827960527,12,252
synthea,5,105,naive-recalibrated-2c,283,0.9681978798586572,0.48129826646968893,13,274
synthea,5,105,naive-recalibrated-2c,298,0.9395973154362416,0.8190389250996514,14,280
synthea,5,105,naive-recalibrated-2c,277,0.7545126353790613,0.6790664222216027,15,209
synthea,5,105,naive-recalibrated-2c,287,0.7526132404181185,0.5696300325420386,16,216
synthea,5,105,naive-recalibrated-2c,281,0.7402135231316725,0.48200767167440195,17,208
synthea,5,105,naive-recalibrated-2c,278,0.7266187050359713,0.5348026025466973,18,202
synthea,5,105,naive-recalibrated-2c,278,0.7086330935251799,0.46822623036493055,19,197
synthea,5,105,naive-recalibrated-2c,286,0.6923076923076923,0.5183876609755567,20,198
synthea,5,105,naive-recalibrated-2c,278,0.5503597122302158,0.4691607135862924,21,153
synthea,5,105,naive-recalibrated-2c,282,0.4432624113475177,0.3216833222690213,22,125
synthea,5,105,naive-recalibrated-2c,262,0.4732824427480916,0.2582574222276091,23,124
synthea,5,105,naive-recalibrated-2c,291,0.5395189003436426,0.45768669506486354,24,157
synthea,5,105,naive-recalibrated-2c,289,0.5986159169550173,0.5028215578190622,25,173
synthea,5,105,naive-recalibrated-2c,267,0.6891385767790262,0.369742544077252,26,184
synthea,5,105,naive-recalibrated-2c,295,0.7457627118644068,0.7036412510021155,27,220
synthea,5,105,naive-recalibrated-2c,302,0.6986754966887417,0.4829087443399074,28,211
synthea,5,105,naive-recalibrated-2c,283,0.6749116607773852,0.42623700298749234,29,191
synthea,5,105,naive-recalibrated-2c,274,0.8978102189781022,0.5199410228015955,30,246
synthea,5,105,naive-recalibrated-2c,285,0.5087719298245614,0.6174991721597037,31,145
synthea,5,105,naive-recalibrated-2c,275,0.7054545454545454,0.7097076121417503,32,194
synthea,5,105,naive-recalibrated-2c,284,0.5070422535211268,0.3404707551972323,33,144
synthea,5,105,naive-recalibrated-2c,269,0.6059479553903345,0.5918548500229257,34,163
synthea,5,105,naive-recalibrated-2c,266,0.6052631578947368,0.38836863744167066,35,161
synthea,5,105,naive-recalibrated-2c,286,0.5699300699300699,0.4302966049050384,36,163
synthea,5,105,naive-recalibrated-2c,266,0.5676691729323309,0.44459017278488877,37,151
synthea,5,105,naive-recalibrated-2c,289,0.6020761245674741,0.40987404400261007,38,174
synthea,5,105,naive-recalibrated-2c,275,0.5963636363636363,0.6750595986395007,39,164
synthea,5,105,naive-recalibrated-2c,257,0.5836575875486382,0.3869303306443304,40,150
synthea,5,105,naive-recalibrated-2c,299,0.6321070234113713,0.4856486682313415,41,189
synthea,5,105,naive-recalibrated-2c,266,0.6842105263157895,0.48483097938659847,42,182
synthea,5,105,naive-recalibrated-2c,273,0.6446886446886447,0.4575287734161863,43,176
synthea,5,105,naive-recalibrated-2c,290,0.496551724137931,0.478485627456172,44,144
synthea,5,105,naive-recalibrated-2c,282,0.5177304964539007,0.2937223741107119,45,146
synthea,5,105,naive-recalibrated-2c,270,0.6074074074074074,0.3532558062487213,46,164
synthea,5,105,naive-recalibrated-2c,275,0.7127272727272728,0.532356716483445,47,196
synthea,5,105,naive-recalibrated-2c,274,0.6934306569343066,0.43107747464296836,48,190
synthea,5,105,naive-recalibrated-2c,272,0.7205882352941176,0.5526771776544973,49,196
synthea,5,105,naive-recalibrated-2c,271,0.7195571955719557,0.49910598834180125,50,195
synthea,5,105,stable-local-fallback,466,1.0,1.0,1,466
synthea,5,105,stable-local-fallback,466,1.0,1.0,2,466
synthea,5,105,stable-local-fallback,466,1.0,1.0,3,466
synthea,5,105,stable-local-fallback,459,1.0,1.0,4,459
synthea,5,105,stable-local-fallback,442,1.0,1.0,5,442
synthea,5,105,stable-local-fallback,455,1.0,1.0,6,455
synthea,5,105,stable-local-fallback,453,1.0,1.0,7,453
synthea,5,105,stable-local-fallback,451,1.0,1.0,8,451
synthea,5,105,stable-local-fallback,455,1.0,1.0,9,455
synthea,5,105,stable-local-fallback,447,1.0,1.0,10,447
synthea,5,105,stable-local-fallback,449,1.0,1.0,11,449
synthea,5,105,stable-local-fallback,455,1.0,1.0,12,455
synthea,5,105,stable-local-fallback,456,1.0,1.0,13,456
synthea,5,105,stable-local-fallback,458,1.0,1.0,14,458
synthea,5,105,stable-local-fallback,455,1.0,1.0,15,455
synthea,5,105,stable-local-fallback,458,1.0,1.0,16,458
synthea,5,105,stable-local-fallback,460,0.9869565217391304,1.0,17,454
synthea,5,105,stable-local-fallback,465,0.9225806451612903,1.0,18,429
synthea,5,105,stable-local-fallback,459,0.7625272331154684,1.0,19,350
synthea,5,105,stable-local-fallback,462,0.6168831168831169,1.0,20,285
synthea,5,105,stable-local-fallback,462,0.41125541125541126,1.0,21,190
synthea,5,105,stable-local-fallback,461,0.3665943600867679,1.0,22,169
synthea,5,105,stable-local-fallback,463,0.31101511879049676,1.0,23,144
synthea,5,105,stable-local-fallback,456,0.2807017543859649,1.0,24,128
synthea,5,105,stable-local-fallback,455,0.2967032967032967,1.0,25,135
synthea,5,105,stable-local-fallback,461,0.31453362255965295,1.0,26,145
synthea,5,105,stable-local-fallback,457,0.26258205689277897,1.0,27,120
synthea,5,105,stable-local-fallback,457,0.2844638949671772,1.0,28,130
synthea,5,105,stable-local-fallback,457,0.2975929978118162,1.0,29,136
synthea,5,105,stable-local-fallback,462,0.26406926406926406,1.0,30,122
synthea,5,105,stable-local-fallback,449,0.25389755011135856,1.0,31,114
synthea,5,105,stable-local-fallback,441,0.2585034013605442,1.0,32,114
synthea,5,105,stable-local-fallback,461,0.29067245119305857,1.0,33,134
synthea,5,105,stable-local-fallback,450,0.2688888888888889,1.0,34,121
synthea,5,105,stable-local-fallback,465,0.26881720430107525,1.0,35,125
synthea,5,105,stable-local-fallback,465,0.26881720430107525,1.0,36,125
synthea,5,105,stable-local-fallback,443,0.24830699774266365,1.0,37,110
synthea,5,105,stable-local-fallback,469,0.2579957356076759,1.0,38,121
synthea,5,105,stable-local-fallback,456,0.24342105263157895,1.0,39,111
synthea,5,105,stable-local-fallback,453,0.26490066225165565,1.0,40,120
synthea,5,105,stable-local-fallback,457,0.2647702407002188,1.0,41,121
synthea,5,105,stable-local-fallback,455,0.26153846153846155,1.0,42,119
synthea,5,105,stable-local-fallback,439,0.2733485193621868,1.0,43,120
synthea,5,105,stable-local-fallback,461,0.2299349240780911,1.0,44,106
synthea,5,105,stable-local-fallback,456,0.28289473684210525,1.0,45,129
synthea,5,105,stable-local-fallback,435,0.2850574712643678,1.0,46,124
synthea,5,105,stable-local-fallback,457,0.26258205689277897,1.0,47,120
synthea,5,105,stable-local-fallback,446,0.28699551569506726,1.0,48,128
synthea,5,105,stable-local-fallback,441,0.25396825396825395,1.0,49,112
synthea,5,105,stable-local-fallback,450,0.2733333333333333,1.0,50,123
synthea,6,106,handle-only-drop-residual,0,,0.0,1,0
synthea,6,106,handle-only-drop-residual,0,,0.0,2,0
synthea,6,106,handle-only-drop-residual,0,,0.0,3,0
synthea,6,106,handle-only-drop-residual,0,,0.0,4,0
synthea,6,106,handle-only-drop-residual,0,,0.0,5,0
synthea,6,106,handle-only-drop-residual,0,,0.0,6,0
synthea,6,106,handle-only-drop-residual,0,,0.0,7,0
synthea,6,106,handle-only-drop-residual,0,,0.0,8,0
synthea,6,106,handle-only-drop-residual,0,,0.0,9,0
synthea,6,106,handle-only-drop-residual,0,,0.0,10,0
synthea,6,106,handle-only-drop-residual,0,,0.0,11,0
synthea,6,106,handle-only-drop-residual,0,,0.0,12,0
synthea,6,106,handle-only-drop-residual,0,,0.0,13,0
synthea,6,106,handle-only-drop-residual,0,,0.0,14,0
synthea,6,106,handle-only-drop-residual,0,,0.0,15,0
synthea,6,106,handle-only-drop-residual,0,,0.0,16,0
synthea,6,106,handle-only-drop-residual,0,,0.0,17,0
synthea,6,106,handle-only-drop-residual,0,,0.0,18,0
synthea,6,106,handle-only-drop-residual,0,,0.0,19,0
synthea,6,106,handle-only-drop-residual,0,,0.0,20,0
synthea,6,106,handle-only-drop-residual,0,,0.0,21,0
synthea,6,106,handle-only-drop-residual,0,,0.0,22,0
synthea,6,106,handle-only-drop-residual,0,,0.0,23,0
synthea,6,106,handle-only-drop-residual,0,,0.0,24,0
synthea,6,106,handle-only-drop-residual,0,,0.0,25,0
synthea,6,106,handle-only-drop-residual,0,,0.0,26,0
synthea,6,106,handle-only-drop-residual,0,,0.0,27,0
synthea,6,106,handle-only-drop-residual,0,,0.0,28,0
synthea,6,106,handle-only-drop-residual,0,,0.0,29,0
synthea,6,106,handle-only-drop-residual,0,,0.0,30,0
synthea,6,106,handle-only-drop-residual,0,,0.0,31,0
synthea,6,106,handle-only-drop-residual,0,,0.0,32,0
synthea,6,106,handle-only-drop-residual,0,,0.0,33,0
synthea,6,106,handle-only-drop-residual,0,,0.0,34,0
synthea,6,106,handle-only-drop-residual,0,,0.0,35,0
synthea,6,106,handle-only-drop-residual,0,,0.0,36,0
synthea,6,106,handle-only-drop-residual,0,,0.0,37,0
synthea,6,106,handle-only-drop-residual,0,,0.0,38,0
synthea,6,106,handle-only-drop-residual,0,,0.0,39,0
synthea,6,106,handle-only-drop-residual,0,,0.0,40,0
synthea,6,106,handle-only-drop-residual,0,,0.0,41,0
synthea,6,106,handle-only-drop-residual,0,,0.0,42,0
synthea,6,106,handle-only-drop-residual,0,,0.0,43,0
synthea,6,106,handle-only-drop-residual,0,,0.0,44,0
synthea,6,106,handle-only-drop-residual,0,,0.0,45,0
synthea,6,106,handle-only-drop-residual,0,,0.0,46,0
synthea,6,106,handle-only-drop-residual,0,,0.0,47,0
synthea,6,106,handle-only-drop-residual,0,,0.0,48,0
synthea,6,106,handle-only-drop-residual,0,,0.0,49,0
synthea,6,106,handle-only-drop-residual,0,,0.0,50,0
synthea,6,106,stable-local-fallback,446,1.0,1.0,1,446
synthea,6,106,stable-local-fallback,448,1.0,1.0,2,448
synthea,6,106,stable-local-fallback,467,1.0,1.0,3,467
synthea,6,106,stable-local-fallback,452,1.0,1.0,4,452
synthea,6,106,stable-local-fallback,452,1.0,1.0,5,452
synthea,6,106,stable-local-fallback,460,1.0,1.0,6,460
synthea,6,106,stable-local-fallback,468,1.0,1.0,7,468
synthea,6,106,stable-local-fallback,470,1.0,1.0,8,470
synthea,6,106,stable-local-fallback,458,1.0,1.0,9,458
synthea,6,106,stable-local-fallback,457,1.0,1.0,10,457
synthea,6,106,stable-local-fallback,466,1.0,1.0,11,466
synthea,6,106,stable-local-fallback,454,1.0,1.0,12,454
synthea,6,106,stable-local-fallback,451,1.0,1.0,13,451
synthea,6,106,stable-local-fallback,463,1.0,1.0,14,463
synthea,6,106,stable-local-fallback,456,1.0,1.0,15,456
synthea,6,106,stable-local-fallback,458,0.9301310043668122,1.0,16,426
synthea,6,106,stable-local-fallback,456,0.868421052631579,1.0,17,396
synthea,6,106,stable-local-fallback,459,0.8671023965141612,1.0,18,398
synthea,6,106,stable-local-fallback,459,0.7581699346405228,1.0,19,348
synthea,6,106,stable-local-fallback,460,0.6978260869565217,1.0,20,321
synthea,6,106,stable-local-fallback,461,0.5553145336225597,1.0,21,256
synthea,6,106,stable-local-fallback,469,0.5778251599147122,1.0,22,271
synthea,6,106,stable-local-fallback,462,0.5692640692640693,1.0,23,263
synthea,6,106,stable-local-fallback,462,0.5,1.0,24,231
synthea,6,106,stable-local-fallback,457,0.3851203501094092,1.0,25,176
synthea,6,106,stable-local-fallback,464,0.31896551724137934,1.0,26,148
synthea,6,106,stable-local-fallback,472,0.2733050847457627,1.0,27,129
synthea,6,106,stable-local-fallback,467,0.28051391862955033,1.0,28,131
synthea,6,106,stable-local-fallback,466,0.24678111587982832,1.0,29,115
synthea,6,106,stable-local-fallback,462,0.2727272727272727,1.0,30,126
synthea,6,106,stable-local-fallback,462,0.2532467532467532,1.0,31,117
synthea,6,106,stable-local-fallback,456,0.29605263157894735,1.0,32,135
synthea,6,106,stable-local-fallback,464,0.27586206896551724,1.0,33,128
synthea,6,106,stable-local-fallback,473,0.30655391120507397,1.0,34,145
synthea,6,106,stable-local-fallback,453,0.2803532008830022,1.0,35,127
synthea,6,106,stable-local-fallback,461,0.27765726681127983,1.0,36,128
synthea,6,106,stable-local-fallback,463,0.2526997840172786,1.0,37,117
synthea,6,106,stable-local-fallback,478,0.24686192468619247,1.0,38,118
synthea,6,106,stable-local-fallback,458,0.2816593886462882,1.0,39,129
synthea,6,106,stable-local-fallback,435,0.2689655172413793,1.0,40,117
synthea,6,106,stable-local-fallback,454,0.2599118942731278,1.0,41,118
synthea,6,106,stable-local-fallback,443,0.26636568848758463,1.0,42,118
synthea,6,106,stable-local-fallback,459,0.2549019607843137,1.0,43,117
synthea,6,106,stable-local-fallback,462,0.22943722943722944,1.0,44,106
synthea,6,106,stable-local-fallback,464,0.23275862068965517,1.0,45,108
synthea,6,106,stable-local-fallback,460,0.23695652173913043,1.0,46,109
synthea,6,106,stable-local-fallback,449,0.24721603563474387,1.0,47,111
synthea,6,106,stable-local-fallback,443,0.26636568848758463,1.0,48,118
synthea,6,106,stable-local-fallback,464,0.25,1.0,49,116
synthea,6,106,stable-local-fallback,461,0.26898047722342733,1.0,50,124
synthea,6,106,naive-recalibrated-2c,261,1.0,0.18037441262222373,1,261
synthea,6,106,naive-recalibrated-2c,274,1.0,0.19378467799814247,2,274
synthea,6,106,naive-recalibrated-2c,289,1.0,0.2184532174218333,3,289
synthea,6,106,naive-recalibrated-2c,261,1.0,0.23359705738111286,4,261
synthea,6,106,naive-recalibrated-2c,273,1.0,0.26168492014818145,5,273
synthea,6,106,naive-recalibrated-2c,275,1.0,0.42337235959274444,6,275
synthea,6,106,naive-recalibrated-2c,296,1.0,0.4307862478351997,7,296
synthea,6,106,naive-recalibrated-2c,271,1.0,0.40179984989683876,8,271
synthea,6,106,naive-recalibrated-2c,281,0.9145907473309609,0.8085695277867208,9,257
synthea,6,106,naive-recalibrated-2c,285,0.8982456140350877,0.7909881547937646,10,256
synthea,6,106,naive-recalibrated-2c,291,0.8797250859106529,0.7603263371036878,11,256
synthea,6,106,naive-recalibrated-2c,289,0.8408304498269896,0.47846549408923583,12,243
synthea,6,106,naive-recalibrated-2c,275,0.8472727272727273,0.5347991676696668,13,233
synthea,6,106,naive-recalibrated-2c,273,0.6923076923076923,0.5240123109677602,14,189
synthea,6,106,naive-recalibrated-2c,275,0.7090909090909091,0.46203298001066306,15,195
synthea,6,106,naive-recalibrated-2c,282,0.7446808510638298,0.6946491382599119,16,210
synthea,6,106,naive-recalibrated-2c,276,0.6485507246376812,0.409624697835187,17,179
synthea,6,106,naive-recalibrated-2c,279,0.7813620071684588,0.7901204337080878,18,218
synthea,6,106,naive-recalibrated-2c,267,0.6404494382022472,0.4072226028099082,19,171
synthea,6,106,naive-recalibrated-2c,273,0.706959706959707,0.5010489117551244,20,193
synthea,6,106,naive-recalibrated-2c,294,0.6020408163265306,0.5162238746427188,21,177
synthea,6,106,naive-recalibrated-2c,276,0.605072463768116,0.471771105144935,22,167
synthea,6,106,naive-recalibrated-2c,284,0.7746478873239436,0.5479864992862931,23,220
synthea,6,106,naive-recalibrated-2c,277,0.7292418772563177,0.4868526166317283,24,202
synthea,6,106,naive-recalibrated-2c,273,0.684981684981685,0.4412714371068442,25,187
synthea,6,106,naive-recalibrated-2c,275,0.6872727272727273,0.4505676600199775,26,189
synthea,6,106,naive-recalibrated-2c,269,0.6840148698884758,0.47082945440504204,27,184
synthea,6,106,naive-recalibrated-2c,289,0.3737024221453287,0.3095400216178489,28,108
synthea,6,106,naive-recalibrated-2c,273,0.46153846153846156,0.4131696681252059,29,126
synthea,6,106,naive-recalibrated-2c,293,0.45733788395904434,0.2817215577532887,30,134
synthea,6,106,naive-recalibrated-2c,281,0.4092526690391459,0.27955668373505926,31,115
synthea,6,106,naive-recalibrated-2c,267,0.6067415730337079,0.35988308815532066,32,162
synthea,6,106,naive-recalibrated-2c,283,0.8763250883392226,0.620025708081429,33,248
synthea,6,106,naive-recalibrated-2c,277,0.9314079422382672,0.6605212104931141,34,258
synthea,6,106,naive-recalibrated-2c,278,0.9568345323741008,0.6534195446707216,35,266
synthea,6,106,naive-recalibrated-2c,296,0.8817567567567568,0.7233646148529977,36,261
synthea,6,106,naive-recalibrated-2c,264,0.7765151515151515,0.713133310184065,37,205
synthea,6,106,naive-recalibrated-2c,282,0.7375886524822695,0.7646461449041559,38,208
synthea,6,106,naive-recalibrated-2c,271,0.7453874538745388,0.6605960022348303,39,202
synthea,6,106,naive-recalibrated-2c,279,0.7598566308243727,0.5738094780932851,40,212
synthea,6,106,naive-recalibrated-2c,272,0.6948529411764706,0.492702535761651,41,189
synthea,6,106,naive-recalibrated-2c,256,0.5390625,0.41735994887818095,42,138
synthea,6,106,naive-recalibrated-2c,282,0.41134751773049644,0.41693939242215855,43,116
synthea,6,106,naive-recalibrated-2c,272,0.3786764705882353,0.45171752674327514,44,103
synthea,6,106,naive-recalibrated-2c,266,0.3609022556390977,0.3826277829960353,45,96
synthea,6,106,naive-recalibrated-2c,252,0.3531746031746032,0.30959220675117205,46,89
synthea,6,106,naive-recalibrated-2c,289,0.356401384083045,0.44406520956507256,47,103
synthea,6,106,naive-recalibrated-2c,271,0.45018450184501846,0.4341140421792909,48,122
synthea,6,106,naive-recalibrated-2c,279,0.9713261648745519,0.6794859166963624,49,271
synthea,6,106,naive-recalibrated-2c,286,0.7727272727272727,0.5726638340402157,50,221
synthea,6,106,unitscope-lambda-sweep,261,1.0,0.0239284635770412,1,261
synthea,6,106,unitscope-lambda-sweep,274,1.0,0.025652032634143968,2,274
synthea,6,106,unitscope-lambda-sweep,289,1.0,0.025351794475192885,3,289
synthea,6,106,unitscope-lambda-sweep,261,1.0,0.025307988662169562,4,261
synthea,6,106,unitscope-lambda-sweep,273,1.0,0.02779755381025398,5,273
synthea,6,106,unitscope-lambda-sweep,275,1.0,0.05299260211858357,6,275
synthea,6,106,unitscope-lambda-sweep,296,1.0,0.0579091903980684,7,296
synthea,6,106,unitscope-lambda-sweep,271,1.0,0.05222140668232908,8,271
synthea,6,106,unitscope-lambda-sweep,281,1.0,0.14842379193341382,9,281
synthea,6,106,unitscope-lambda-sweep,285,1.0,0.10889170619634005,10,285
synthea,6,106,unitscope-lambda-sweep,291,1.0,0.10697414508997852,11,291
synthea,6,106,unitscope-lambda-sweep,289,1.0,0.24524863811538156,12,289
synthea,6,106,unitscope-lambda-sweep,275,1.0,0.2544231021970164,13,275
synthea,6,106,unitscope-lambda-sweep,273,1.0,0.19664699533189997,14,273
synthea,6,106,unitscope-lambda-sweep,275,1.0,0.2205416760009938,15,275
synthea,6,106,unitscope-lambda-sweep,282,1.0,0.10800954181116229,16,282
synthea,6,106,unitscope-lambda-sweep,276,1.0,0.2739189067394205,17,276
synthea,6,106,unitscope-lambda-sweep,279,1.0,0.1256913737721465,18,279
synthea,6,106,unitscope-lambda-sweep,267,1.0,0.19319607265658587,19,267
synthea,6,106,unitscope-lambda-sweep,273,1.0,0.23863308857106924,20,273
synthea,6,106,unitscope-lambda-sweep,294,1.0,0.26154877168394036,21,294
synthea,6,106,unitscope-lambda-sweep,276,1.0,0.2061111067521046,22,276
synthea,6,106,unitscope-lambda-sweep,284,1.0,0.20482538032645675,23,284
synthea,6,106,unitscope-lambda-sweep,277,1.0,0.2113813439938941,24,277
synthea,6,106,unitscope-lambda-sweep,273,1.0,0.2106785766271514,25,273
synthea,6,106,unitscope-lambda-sweep,275,1.0,0.22776675685169412,26,275
synthea,6,106,unitscope-lambda-sweep,269,1.0,0.273167860522932,27,269
synthea,6,106,unitscope-lambda-sweep,289,1.0,0.2061601132365497,28,289
synthea,6,106,unitscope-lambda-sweep,273,1.0,0.22966798973071753,29,273
synthea,6,106,unitscope-lambda-sweep,293,1.0,0.1256141689002523,30,293
synthea,6,106,unitscope-lambda-sweep,281,1.0,0.1423053821328647,31,281
synthea,6,106,unitscope-lambda-sweep,267,1.0,0.16059312987093902,32,267
synthea,6,106,unitscope-lambda-sweep,283,1.0,0.24534560429910357,33,283
synthea,6,106,unitscope-lambda-sweep,277,1.0,0.19212365061207662,34,277
synthea,6,106,unitscope-lambda-sweep,278,1.0,0.2100276777423429,35,278
synthea,6,106,unitscope-lambda-sweep,296,1.0,0.16891634210328754,36,296
synthea,6,106,unitscope-lambda-sweep,264,1.0,0.25840154354405365,37,264
synthea,6,106,unitscope-lambda-sweep,282,1.0,0.2161196875019308,38,282
synthea,6,106,unitscope-lambda-sweep,271,1.0,0.1481209277244077,39,271
synthea,6,106,unitscope-lambda-sweep,279,1.0,0.4192676275796274,40,279
synthea,6,106,unitscope-lambda-sweep,272,1.0,0.37125767961294925,41,272
synthea,6,106,unitscope-lambda-sweep,256,1.0,0.2335834365272141,42,256
synthea,6,106,unitscope-lambda-sweep,282,1.0,0.2597658401710271,43,282
synthea,6,106,unitscope-lambda-sweep,272,1.0,0.28460822613023035,44,272
synthea,6,106,unitscope-lambda-sweep,266,1.0,0.3077061060458772,45,266
synthea,6,106,unitscope-lambda-sweep,252,1.0,0.21717996755974942,46,252
synthea,6,106,unitscope-lambda-sweep,289,1.0,0.33792814407328137,47,289
synthea,6,106,unitscope-lambda-sweep,271,1.0,0.20868458554813088,48,271
synthea,6,106,unitscope-lambda-sweep,279,1.0,0.3128472809380284,49,279
synthea,6,106,unitscope-lambda-sweep,286,1.0,0.22225639088267432,50,286
synthea,7,107,naive-recalibrated-2c,266,1.0,0.14097902566363626,1,266
synthea,7,107,naive-recalibrated-2c,268,1.0,0.17057455825821083,2,268
synthea,7,107,naive-recalibrated-2c,272,1.0,0.2242083599813489,3,272
synthea,7,107,naive-recalibrated-2c,286,1.0,0.26538929125291216,4,286
synthea,7,107,naive-recalibrated-2c,270,1.0,0.30483660913551347,5,270
synthea,7,107,naive-recalibrated-2c,278,1.0,0.42223472554597347,6,278
synthea,7,107,naive-recalibrated-2c,298,1.0,0.44221502461675277,7,298
synthea,7,107,naive-recalibrated-2c,275,1.0,0.7891883741658696,8,275
synthea,7,107,naive-recalibrated-2c,282,1.0,0.6714305546542375,9,282
synthea,7,107,naive-recalibrated-2c,278,1.0,0.8227630077961945,10,278
synthea,7,107,naive-recalibrated-2c,274,1.0,0.8564329700334522,11,274
synthea,7,107,naive-recalibrated-2c,288,1.0,0.8139492915897447,12,288
synthea,7,107,naive-recalibrated-2c,293,1.0,0.6818279492704578,13,293
synthea,7,107,naive-recalibrated-2c,287,0.9860627177700348,0.8224021220464978,14,283
synthea,7,107,naive-recalibrated-2c,284,0.7112676056338029,0.6763047159911815,15,202
synthea,7,107,naive-recalibrated-2c,272,0.6654411764705882,0.7773475480627394,16,181
synthea,7,107,naive-recalibrated-2c,264,0.48484848484848486,0.3700037422733909,17,128
synthea,7,107,naive-recalibrated-2c,290,0.8379310344827586,0.6803314749233267,18,243
synthea,7,107,naive-recalibrated-2c,275,0.8036363636363636,0.5803041474387803,19,221
synthea,7,107,naive-recalibrated-2c,277,0.6967509025270758,0.5759633410201012,20,193
synthea,7,107,naive-recalibrated-2c,271,0.5239852398523985,0.4351653136359879,21,142
synthea,7,107,naive-recalibrated-2c,280,0.6464285714285715,0.6405472925699455,22,181
synthea,7,107,naive-recalibrated-2c,292,0.5273972602739726,0.43129907651366417,23,154
synthea,7,107,naive-recalibrated-2c,285,0.5614035087719298,0.5533001721606371,24,160
synthea,7,107,naive-recalibrated-2c,287,0.47038327526132406,0.37107972144245327,25,135
synthea,7,107,naive-recalibrated-2c,304,0.46710526315789475,0.3559241907023919,26,142
synthea,7,107,naive-recalibrated-2c,298,0.5838926174496645,0.42295191873025284,27,174
synthea,7,107,naive-recalibrated-2c,282,0.6879432624113475,0.5395107665223834,28,194
synthea,7,107,naive-recalibrated-2c,291,0.6219931271477663,0.47509636195507776,29,181
synthea,7,107,naive-recalibrated-2c,282,0.5567375886524822,0.37675228531191074,30,157
synthea,7,107,naive-recalibrated-2c,270,0.6,0.5686922181982652,31,162
synthea,7,107,naive-recalibrated-2c,279,0.5591397849462365,0.5197417346831059,32,156
synthea,7,107,naive-recalibrated-2c,268,0.458955223880597,0.4487249365784068,33,123
synthea,7,107,naive-recalibrated-2c,301,0.4983388704318937,0.36544995729416674,34,150
synthea,7,107,naive-recalibrated-2c,297,0.46464646464646464,0.5258787037325264,35,138
synthea,7,107,naive-recalibrated-2c,259,0.5212355212355212,0.31980493528058757,36,135
synthea,7,107,naive-recalibrated-2c,282,0.40425531914893614,0.460193892513235,37,114
synthea,7,107,naive-recalibrated-2c,288,0.4409722222222222,0.350504761869008,38,127
synthea,7,107,naive-recalibrated-2c,290,0.5655172413793104,0.3774914193080173,39,164
synthea,7,107,naive-recalibrated-2c,281,0.5587188612099644,0.46507345138298645,40,157
synthea,7,107,naive-recalibrated-2c,282,0.6028368794326241,0.4276198341538953,41,170
synthea,7,107,naive-recalibrated-2c,282,0.549645390070922,0.46379235742734787,42,155
synthea,7,107,naive-recalibrated-2c,266,0.6578947368421053,0.7212655522370248,43,175
synthea,7,107,naive-recalibrated-2c,273,0.6043956043956044,0.4618647937715017,44,165
synthea,7,107,naive-recalibrated-2c,294,0.5816326530612245,0.5826319148625443,45,171
synthea,7,107,naive-recalibrated-2c,292,0.6438356164383562,0.49199238232946374,46,188
synthea,7,107,naive-recalibrated-2c,272,0.7132352941176471,0.5749951110686737,47,194
synthea,7,107,naive-recalibrated-2c,296,0.5641891891891891,0.7536489797079394,48,167
synthea,7,107,naive-recalibrated-2c,270,0.6037037037037037,0.5009400919036474,49,163
synthea,7,107,naive-recalibrated-2c,278,0.4748201438848921,0.3807168228093099,50,132
synthea,7,107,stable-local-fallback,457,1.0,1.0,1,457
synthea,7,107,stable-local-fallback,456,1.0,1.0,2,456
synthea,7,107,stable-local-fallback,470,1.0,1.0,3,470
synthea,7,107,stable-local-fallback,460,1.0,1.0,4,460
synthea,7,107,stable-local-fallback,453,1.0,1.0,5,453
synthea,7,107,stable-local-fallback,456,1.0,1.0,6,456
synthea,7,107,stable-local-fallback,475,1.0,1.0,7,475
synthea,7,107,stable-local-fallback,469,1.0,1.0,8,469
synthea,7,107,stable-local-fallback,464,1.0,1.0,9,464
synthea,7,107,stable-local-fallback,458,1.0,1.0,10,458
synthea,7,107,stable-local-fallback,459,1.0,1.0,11,459
synthea,7,107,stable-local-fallback,465,1.0,1.0,12,465
synthea,7,107,stable-local-fallback,455,1.0,1.0,13,455
synthea,7,107,stable-local-fallback,468,1.0,1.0,14,468
synthea,7,107,stable-local-fallback,467,1.0,1.0,15,467
synthea,7,107,stable-local-fallback,455,1.0,1.0,16,455
synthea,7,107,stable-local-fallback,475,1.0,1.0,17,475
synthea,7,107,stable-local-fallback,462,1.0,1.0,18,462
synthea,7,107,stable-local-fallback,457,0.9934354485776805,1.0,19,454
synthea,7,107,stable-local-fallback,463,0.9416846652267818,1.0,20,436
synthea,7,107,stable-local-fallback,464,0.5926724137931034,1.0,21,275
synthea,7,107,stable-local-fallback,458,0.47161572052401746,1.0,22,216
synthea,7,107,stable-local-fallback,477,0.38784067085953877,1.0,23,185
synthea,7,107,stable-local-fallback,470,0.35319148936170214,1.0,24,166
synthea,7,107,stable-local-fallback,466,0.2832618025751073,1.0,25,132
synthea,7,107,stable-local-fallback,472,0.2733050847457627,1.0,26,129
synthea,7,107,stable-local-fallback,468,0.29273504273504275,1.0,27,137
synthea,7,107,stable-local-fallback,454,0.29295154185022027,1.0,28,133
synthea,7,107,stable-local-fallback,456,0.2807017543859649,1.0,29,128
synthea,7,107,stable-local-fallback,463,0.28077753779697623,1.0,30,130
synthea,7,107,stable-local-fallback,452,0.252212389380531,1.0,31,114
synthea,7,107,stable-local-fallback,460,0.25869565217391305,1.0,32,119
synthea,7,107,stable-local-fallback,458,0.25327510917030566,1.0,33,116
synthea,7,107,stable-local-fallback,471,0.2484076433121019,1.0,34,117
synthea,7,107,stable-local-fallback,462,0.22943722943722944,1.0,35,106
synthea,7,107,stable-local-fallback,449,0.26280623608017817,1.0,36,118
synthea,7,107,stable-local-fallback,464,0.20474137931034483,1.0,37,95
synthea,7,107,stable-local-fallback,471,0.23354564755838642,1.0,38,110
synthea,7,107,stable-local-fallback,472,0.2648305084745763,1.0,39,125
synthea,7,107,stable-local-fallback,468,0.24145299145299146,1.0,40,113
synthea,7,107,stable-local-fallback,461,0.2559652928416486,1.0,41,118
synthea,7,107,stable-local-fallback,459,0.23093681917211328,1.0,42,106
synthea,7,107,stable-local-fallback,446,0.2623318385650224,1.0,43,117
synthea,7,107,stable-local-fallback,470,0.2680851063829787,1.0,44,126
synthea,7,107,stable-local-fallback,473,0.23678646934460887,1.0,45,112
synthea,7,107,stable-local-fallback,469,0.255863539445629,1.0,46,120
synthea,7,107,stable-local-fallback,453,0.24724061810154527,1.0,47,112
synthea,7,107,stable-local-fallback,461,0.2386117136659436,1.0,48,110
synthea,7,107,stable-local-fallback,467,0.26552462526766596,1.0,49,124
synthea,7,107,stable-local-fallback,461,0.24295010845986983,1.0,50,112
synthea,7,107,handle-only-drop-residual,0,,0.0,1,0
synthea,7,107,handle-only-drop-residual,0,,0.0,2,0
synthea,7,107,handle-only-drop-residual,0,,0.0,3,0
synthea,7,107,handle-only-drop-residual,0,,0.0,4,0
synthea,7,107,handle-only-drop-residual,0,,0.0,5,0
synthea,7,107,handle-only-drop-residual,0,,0.0,6,0
synthea,7,107,handle-only-drop-residual,0,,0.0,7,0
synthea,7,107,handle-only-drop-residual,0,,0.0,8,0
synthea,7,107,handle-only-drop-residual,0,,0.0,9,0
synthea,7,107,handle-only-drop-residual,0,,0.0,10,0
synthea,7,107,handle-only-drop-residual,0,,0.0,11,0
synthea,7,107,handle-only-drop-residual,0,,0.0,12,0
synthea,7,107,handle-only-drop-residual,0,,0.0,13,0
synthea,7,107,handle-only-drop-residual,0,,0.0,14,0
synthea,7,107,handle-only-drop-residual,0,,0.0,15,0
synthea,7,107,handle-only-drop-residual,0,,0.0,16,0
synthea,7,107,handle-only-drop-residual,0,,0.0,17,0
synthea,7,107,handle-only-drop-residual,0,,0.0,18,0
synthea,7,107,handle-only-drop-residual,0,,0.0,19,0
synthea,7,107,handle-only-drop-residual,0,,0.0,20,0
synthea,7,107,handle-only-drop-residual,0,,0.0,21,0
synthea,7,107,handle-only-drop-residual,0,,0.0,22,0
synthea,7,107,handle-only-drop-residual,0,,0.0,23,0
synthea,7,107,handle-only-drop-residual,0,,0.0,24,0
synthea,7,107,handle-only-drop-residual,0,,0.0,25,0
synthea,7,107,handle-only-drop-residual,0,,0.0,26,0
synthea,7,107,handle-only-drop-residual,0,,0.0,27,0
synthea,7,107,handle-only-drop-residual,0,,0.0,28,0
synthea,7,107,handle-only-drop-residual,0,,0.0,29,0
synthea,7,107,handle-only-drop-residual,0,,0.0,30,0
synthea,7,107,handle-only-drop-residual,0,,0.0,31,0
synthea,7,107,handle-only-drop-residual,0,,0.0,32,0
synthea,7,107,handle-only-drop-residual,0,,0.0,33,0
synthea,7,107,handle-only-drop-residual,0,,0.0,34,0
synthea,7,107,handle-only-drop-residual,0,,0.0,35,0
synthea,7,107,handle-only-drop-residual,0,,0.0,36,0
synthea,7,107,handle-only-drop-residual,0,,0.0,37,0
synthea,7,107,handle-only-drop-residual,0,,0.0,38,0
synthea,7,107,handle-only-drop-residual,0,,0.0,39,0
synthea,7,107,handle-only-drop-residual,0,,0.0,40,0
synthea,7,107,handle-only-drop-residual,0,,0.0,41,0
synthea,7,107,handle-only-drop-residual,0,,0.0,42,0
synthea,7,107,handle-only-drop-residual,0,,0.0,43,0
synthea,7,107,handle-only-drop-residual,0,,0.0,44,0
synthea,7,107,handle-only-drop-residual,0,,0.0,45,0
synthea,7,107,handle-only-drop-residual,0,,0.0,46,0
synthea,7,107,handle-only-drop-residual,0,,0.0,47,0
synthea,7,107,handle-only-drop-residual,0,,0.0,48,0
synthea,7,107,handle-only-drop-residual,0,,0.0,49,0
synthea,7,107,handle-only-drop-residual,0,,0.0,50,0
synthea,7,107,unitscope-lambda-sweep,266,1.0,0.017908542405629224,1,266
synthea,7,107,unitscope-lambda-sweep,268,1.0,0.021971793122698223,2,268
synthea,7,107,unitscope-lambda-sweep,272,1.0,0.02597588818719744,3,272
synthea,7,107,unitscope-lambda-sweep,286,1.0,0.029232977325504037,4,286
synthea,7,107,unitscope-lambda-sweep,270,1.0,0.035567158990443735,5,270
synthea,7,107,unitscope-lambda-sweep,278,1.0,0.050283890297620815,6,278
synthea,7,107,unitscope-lambda-sweep,298,1.0,0.05477787907439492,7,298
synthea,7,107,unitscope-lambda-sweep,275,1.0,0.0947071269515955,8,275
synthea,7,107,unitscope-lambda-sweep,282,1.0,0.07308780677466947,9,282
synthea,7,107,unitscope-lambda-sweep,278,1.0,0.11842253006286355,10,278
synthea,7,107,unitscope-lambda-sweep,274,1.0,0.12587088866110235,11,274
synthea,7,107,unitscope-lambda-sweep,288,1.0,0.132879386294093,12,288
synthea,7,107,unitscope-lambda-sweep,293,1.0,0.23019431908393279,13,293
synthea,7,107,unitscope-lambda-sweep,287,1.0,0.13667772109399143,14,287
synthea,7,107,unitscope-lambda-sweep,284,1.0,0.1733642035810508,15,284
synthea,7,107,unitscope-lambda-sweep,272,1.0,0.076344561921154,16,272
synthea,7,107,unitscope-lambda-sweep,264,1.0,0.1649144077822667,17,264
synthea,7,107,unitscope-lambda-sweep,290,1.0,0.15439213460250373,18,290
synthea,7,107,unitscope-lambda-sweep,275,1.0,0.32589712962297246,19,275
synthea,7,107,unitscope-lambda-sweep,277,1.0,0.32020436837060395,20,277
synthea,7,107,unitscope-lambda-sweep,271,1.0,0.29925203274728707,21,271
synthea,7,107,unitscope-lambda-sweep,280,1.0,0.2677987794911103,22,280
synthea,7,107,unitscope-lambda-sweep,292,1.0,0.23128920544011217,23,292
synthea,7,107,unitscope-lambda-sweep,285,1.0,0.2989851638654288,24,285
synthea,7,107,unitscope-lambda-sweep,287,1.0,0.2600929468636146,25,287
synthea,7,107,unitscope-lambda-sweep,304,1.0,0.15932236338445546,26,304
synthea,7,107,unitscope-lambda-sweep,298,1.0,0.1941707181247345,27,298
synthea,7,107,unitscope-lambda-sweep,282,1.0,0.22392462752461748,28,282
synthea,7,107,unitscope-lambda-sweep,291,1.0,0.2302183938098595,29,291
synthea,7,107,unitscope-lambda-sweep,282,1.0,0.16637660599650164,30,282
synthea,7,107,unitscope-lambda-sweep,270,1.0,0.256468139309663,31,270
synthea,7,107,unitscope-lambda-sweep,279,1.0,0.3248483651675984,32,279
synthea,7,107,unitscope-lambda-sweep,268,1.0,0.28278228592219923,33,268
synthea,7,107,unitscope-lambda-sweep,301,1.0,0.2063880929364517,34,301
synthea,7,107,unitscope-lambda-sweep,297,1.0,0.31137670370728504,35,297
synthea,7,107,unitscope-lambda-sweep,259,1.0,0.2224901028007817,36,259
synthea,7,107,unitscope-lambda-sweep,282,1.0,0.3577962723907653,37,282
synthea,7,107,unitscope-lambda-sweep,288,1.0,0.46794497236936783,38,288
synthea,7,107,unitscope-lambda-sweep,290,1.0,0.16884829485652877,39,290
synthea,7,107,unitscope-lambda-sweep,281,1.0,0.2889976548222389,40,281
synthea,7,107,unitscope-lambda-sweep,282,1.0,0.2917211879890706,41,282
synthea,7,107,unitscope-lambda-sweep,282,1.0,0.28106793304967725,42,282
synthea,7,107,unitscope-lambda-sweep,266,1.0,0.15460058686030562,43,266
synthea,7,107,unitscope-lambda-sweep,273,1.0,0.16950614494351313,44,273
synthea,7,107,unitscope-lambda-sweep,294,1.0,0.30320023344509606,45,294
synthea,7,107,unitscope-lambda-sweep,292,1.0,0.24072625177064613,46,292
synthea,7,107,unitscope-lambda-sweep,272,1.0,0.34085953638962746,47,272
synthea,7,107,unitscope-lambda-sweep,296,1.0,0.1461765457002864,48,296
synthea,7,107,unitscope-lambda-sweep,270,1.0,0.26542367000313905,49,270
synthea,7,107,unitscope-lambda-sweep,278,1.0,0.1561728722070927,50,278
synthea,8,108,stable-local-fallback,453,1.0,1.0,1,453
synthea,8,108,stable-local-fallback,456,1.0,1.0,2,456
synthea,8,108,stable-local-fallback,452,1.0,1.0,3,452
synthea,8,108,stable-local-fallback,462,1.0,1.0,4,462
synthea,8,108,stable-local-fallback,463,1.0,1.0,5,463
synthea,8,108,stable-local-fallback,458,1.0,1.0,6,458
synthea,8,108,stable-local-fallback,449,1.0,1.0,7,449
synthea,8,108,stable-local-fallback,453,1.0,1.0,8,453
synthea,8,108,stable-local-fallback,458,1.0,1.0,9,458
synthea,8,108,stable-local-fallback,454,1.0,1.0,10,454
synthea,8,108,stable-local-fallback,461,1.0,1.0,11,461
synthea,8,108,stable-local-fallback,442,1.0,1.0,12,442
synthea,8,108,stable-local-fallback,462,1.0,1.0,13,462
synthea,8,108,stable-local-fallback,459,1.0,1.0,14,459
synthea,8,108,stable-local-fallback,460,0.8956521739130435,1.0,15,412
synthea,8,108,stable-local-fallback,468,0.75,1.0,16,351
synthea,8,108,stable-local-fallback,462,0.6536796536796536,1.0,17,302
synthea,8,108,stable-local-fallback,460,0.5217391304347826,1.0,18,240
synthea,8,108,stable-local-fallback,459,0.4400871459694989,1.0,19,202
synthea,8,108,stable-local-fallback,457,0.40919037199124725,1.0,20,187
synthea,8,108,stable-local-fallback,472,0.3707627118644068,1.0,21,175
synthea,8,108,stable-local-fallback,453,0.26269315673289184,1.0,22,119
synthea,8,108,stable-local-fallback,457,0.2647702407002188,1.0,23,121
synthea,8,108,stable-local-fallback,452,0.2610619469026549,1.0,24,118
synthea,8,108,stable-local-fallback,463,0.27645788336933047,1.0,25,128
synthea,8,108,stable-local-fallback,462,0.27705627705627706,1.0,26,128
synthea,8,108,stable-local-fallback,455,0.26373626373626374,1.0,27,120
synthea,8,108,stable-local-fallback,455,0.2703296703296703,1.0,28,123
synthea,8,108,stable-local-fallback,458,0.26200873362445415,1.0,29,120
synthea,8,108,stable-local-fallback,454,0.2356828193832599,1.0,30,107
synthea,8,108,stable-local-fallback,453,0.22958057395143489,1.0,31,104
synthea,8,108,stable-local-fallback,463,0.24838012958963282,1.0,32,115
synthea,8,108,stable-local-fallback,458,0.26200873362445415,1.0,33,120
synthea,8,108,stable-local-fallback,456,0.24780701754385964,1.0,34,113
synthea,8,108,stable-local-fallback,470,0.28085106382978725,1.0,35,132
synthea,8,108,stable-local-fallback,450,0.24666666666666667,1.0,36,111
synthea,8,108,stable-local-fallback,444,0.26576576576576577,1.0,37,118
synthea,8,108,stable-local-fallback,467,0.2462526766595289,1.0,38,115
synthea,8,108,stable-local-fallback,455,0.24835164835164836,1.0,39,113
synthea,8,108,stable-local-fallback,467,0.25910064239828695,1.0,40,121
synthea,8,108,stable-local-fallback,466,0.24248927038626608,1.0,41,113
synthea,8,108,stable-local-fallback,456,0.2324561403508772,1.0,42,106
synthea,8,108,stable-local-fallback,451,0.24168514412416853,1.0,43,109
synthea,8,108,stable-local-fallback,457,0.26914660831509846,1.0,44,123
synthea,8,108,stable-local-fallback,449,0.22048997772828507,1.0,45,99
synthea,8,108,stable-local-fallback,456,0.23684210526315788,1.0,46,108
synthea,8,108,stable-local-fallback,464,0.23060344827586207,1.0,47,107
synthea,8,108,stable-local-fallback,458,0.23580786026200873,1.0,48,108
synthea,8,108,stable-local-fallback,458,0.25109170305676853,1.0,49,115
synthea,8,108,stable-local-fallback,442,0.2330316742081448,1.0,50,103
synthea,8,108,unitscope-lambda-sweep,281,1.0,0.028233075306777673,1,281
synthea,8,108,unitscope-lambda-sweep,262,1.0,0.02406744657125339,2,262
synthea,8,108,unitscope-lambda-sweep,268,1.0,0.021762000615548376,3,268
synthea,8,108,unitscope-lambda-sweep,278,1.0,0.037842105744513785,4,278
synthea,8,108,unitscope-lambda-sweep,277,1.0,0.04763687425500482,5,277
synthea,8,108,unitscope-lambda-sweep,276,1.0,0.09490658729027328,6,276
synthea,8,108,unitscope-lambda-sweep,287,1.0,0.09013610033011224,7,287
synthea,8,108,unitscope-lambda-sweep,266,1.0,0.08225693014460096,8,266
synthea,8,108,unitscope-lambda-sweep,286,1.0,0.12333751742869754,9,286
synthea,8,108,unitscope-lambda-sweep,281,1.0,0.15929427089241427,10,281
synthea,8,108,unitscope-lambda-sweep,268,1.0,0.24531676702995073,11,268
synthea,8,108,unitscope-lambda-sweep,279,1.0,0.21324142067804508,12,279
synthea,8,108,unitscope-lambda-sweep,271,1.0,0.21300315420990035,13,271
synthea,8,108,unitscope-lambda-sweep,284,1.0,0.13376002600561088,14,284
synthea,8,108,unitscope-lambda-sweep,289,1.0,0.2950894330636159,15,289
synthea,8,108,unitscope-lambda-sweep,286,1.0,0.20290690996996108,16,286
synthea,8,108,unitscope-lambda-sweep,272,1.0,0.11231879881191661,17,272
synthea,8,108,unitscope-lambda-sweep,278,1.0,0.42066770901528605,18,278
synthea,8,108,unitscope-lambda-sweep,275,1.0,0.3944779717915022,19,275
synthea,8,108,unitscope-lambda-sweep,272,1.0,0.25395263475624624,20,272
synthea,8,108,unitscope-lambda-sweep,271,1.0,0.19323825186956403,21,271
synthea,8,108,unitscope-lambda-sweep,273,1.0,0.16108318327767823,22,273
synthea,8,108,unitscope-lambda-sweep,273,1.0,0.2974524090326969,23,273
synthea,8,108,unitscope-lambda-sweep,273,1.0,0.3138912822832421,24,273
synthea,8,108,unitscope-lambda-sweep,287,1.0,0.1485432326687805,25,287
synthea,8,108,unitscope-lambda-sweep,253,1.0,0.19988776818986412,26,253
synthea,8,108,unitscope-lambda-sweep,285,1.0,0.26164320633376875,27,285
synthea,8,108,unitscope-lambda-sweep,270,1.0,0.19637251454305502,28,270
synthea,8,108,unitscope-lambda-sweep,276,1.0,0.2835592865697224,29,276
synthea,8,108,unitscope-lambda-sweep,271,1.0,0.1456640455037197,30,271
synthea,8,108,unitscope-lambda-sweep,274,1.0,0.32788165086001114,31,274
synthea,8,108,unitscope-lambda-sweep,288,1.0,0.24886526079068394,32,288
synthea,8,108,unitscope-lambda-sweep,261,1.0,0.13153709131576652,33,261
synthea,8,108,unitscope-lambda-sweep,271,1.0,0.3655284988644738,34,271
synthea,8,108,unitscope-lambda-sweep,282,1.0,0.19740309145192678,35,282
synthea,8,108,unitscope-lambda-sweep,276,1.0,0.2037988073211653,36,276
synthea,8,108,unitscope-lambda-sweep,256,1.0,0.17766892231147197,37,256
synthea,8,108,unitscope-lambda-sweep,289,1.0,0.4059435545196337,38,289
synthea,8,108,unitscope-lambda-sweep,279,1.0,0.37119599895818994,39,279
synthea,8,108,unitscope-lambda-sweep,290,1.0,0.26443042029382485,40,290
synthea,8,108,unitscope-lambda-sweep,272,1.0,0.20376311420271312,41,272
synthea,8,108,unitscope-lambda-sweep,275,1.0,0.2489741136168731,42,275
synthea,8,108,unitscope-lambda-sweep,287,1.0,0.24432236691171502,43,287
synthea,8,108,unitscope-lambda-sweep,288,1.0,0.21735373790052823,44,288
synthea,8,108,unitscope-lambda-sweep,304,1.0,0.4509983831191102,45,304
synthea,8,108,unitscope-lambda-sweep,280,1.0,0.35286043664718647,46,280
synthea,8,108,unitscope-lambda-sweep,268,1.0,0.23651882518023704,47,268
synthea,8,108,unitscope-lambda-sweep,257,1.0,0.2273728047217122,48,257
synthea,8,108,unitscope-lambda-sweep,278,1.0,0.24392034817343985,49,278
synthea,8,108,unitscope-lambda-sweep,291,1.0,0.35213933442961837,50,291
synthea,8,108,naive-recalibrated-2c,281,1.0,0.20728029461340244,1,281
synthea,8,108,naive-recalibrated-2c,262,1.0,0.18162929708704376,2,262
synthea,8,108,naive-recalibrated-2c,268,1.0,0.20828901924825324,3,268
synthea,8,108,naive-recalibrated-2c,278,1.0,0.36555800080654666,4,278
synthea,8,108,naive-recalibrated-2c,277,1.0,0.5119069437051144,5,277
synthea,8,108,naive-recalibrated-2c,276,1.0,0.6991720755209531,6,276
synthea,8,108,naive-recalibrated-2c,287,0.9547038327526133,0.7934786017855904,7,274
synthea,8,108,naive-recalibrated-2c,266,0.9586466165413534,0.8059372358221404,8,255
synthea,8,108,naive-recalibrated-2c,286,0.9370629370629371,0.800352296067363,9,268
synthea,8,108,naive-recalibrated-2c,281,0.9252669039145908,0.7300518981439265,10,260
synthea,8,108,naive-recalibrated-2c,268,0.7947761194029851,0.5249099367425387,11,213
synthea,8,108,naive-recalibrated-2c,279,0.8315412186379928,0.6632486944989363,12,232
synthea,8,108,naive-recalibrated-2c,271,0.8265682656826568,0.440548709214332,13,224
synthea,8,108,naive-recalibrated-2c,284,0.7922535211267606,0.7510221483640378,14,225
synthea,8,108,naive-recalibrated-2c,289,0.615916955017301,0.5212594804836808,15,178
synthea,8,108,naive-recalibrated-2c,286,0.534965034965035,0.6696815549717204,16,153
synthea,8,108,naive-recalibrated-2c,272,0.5919117647058824,0.28592317944285367,17,161
synthea,8,108,naive-recalibrated-2c,278,0.539568345323741,0.5381335015949622,18,150
synthea,8,108,naive-recalibrated-2c,275,0.5818181818181818,0.4992618480947591,19,160
synthea,8,108,naive-recalibrated-2c,272,0.5882352941176471,0.45690131632137565,20,160
synthea,8,108,naive-recalibrated-2c,271,0.8154981549815498,0.6295415713631972,21,221
synthea,8,108,naive-recalibrated-2c,273,0.6007326007326007,0.703533672553104,22,164
synthea,8,108,naive-recalibrated-2c,273,0.6043956043956044,0.43379966218464494,23,165
synthea,8,108,naive-recalibrated-2c,273,0.6007326007326007,0.4783382422298363,24,164
synthea,8,108,naive-recalibrated-2c,287,0.5923344947735192,0.33341566024855235,25,170
synthea,8,108,naive-recalibrated-2c,253,0.4268774703557312,0.21959802221035707,26,108
synthea,8,108,naive-recalibrated-2c,285,0.5614035087719298,0.47900543934690853,27,160
synthea,8,108,naive-recalibrated-2c,270,0.48148148148148145,0.3326899752558308,28,130
synthea,8,108,naive-recalibrated-2c,276,0.5289855072463768,0.41302028448975187,29,146
synthea,8,108,naive-recalibrated-2c,271,0.4612546125461255,0.37188996666069096,30,125
synthea,8,108,naive-recalibrated-2c,274,0.5437956204379562,0.5994246296833675,31,149
synthea,8,108,naive-recalibrated-2c,288,0.4861111111111111,0.5947169139679732,32,140
synthea,8,108,naive-recalibrated-2c,261,0.4789272030651341,0.2864142100652494,33,125
synthea,8,108,naive-recalibrated-2c,271,0.4907749077490775,0.4591821041340284,34,133
synthea,8,108,naive-recalibrated-2c,282,0.6134751773049646,0.43989244707993297,35,173
synthea,8,108,naive-recalibrated-2c,276,0.8079710144927537,0.75456725743531,36,223
synthea,8,108,naive-recalibrated-2c,256,0.84375,0.4782592807652635,37,216
synthea,8,108,naive-recalibrated-2c,289,0.6955017301038062,0.5940679532120116,38,201
synthea,8,108,naive-recalibrated-2c,279,0.7706093189964157,0.5875438073979005,39,215
synthea,8,108,naive-recalibrated-2c,290,0.7448275862068966,0.5711040047751296,40,216
synthea,8,108,naive-recalibrated-2c,272,0.6875,0.4409909044026808,41,187
synthea,8,108,naive-recalibrated-2c,275,0.6981818181818182,0.7097606050832863,42,192
synthea,8,108,naive-recalibrated-2c,287,0.5574912891986062,0.435614289442885,43,160
synthea,8,108,naive-recalibrated-2c,288,0.4756944444444444,0.32584356600650977,44,137
synthea,8,108,naive-recalibrated-2c,304,0.5921052631578947,0.5758761651113149,45,180
synthea,8,108,naive-recalibrated-2c,280,0.5857142857142857,0.49799256209345716,46,164
synthea,8,108,naive-recalibrated-2c,268,0.585820895522388,0.5116381359647488,47,157
synthea,8,108,naive-recalibrated-2c,257,0.6536964980544747,0.5515274431101457,48,168
synthea,8,108,naive-recalibrated-2c,278,0.6115107913669064,0.5642635525888924,49,170
synthea,8,108,naive-recalibrated-2c,291,0.5567010309278351,0.5328605737867765,50,162
synthea,8,108,handle-only-drop-residual,0,,0.0,1,0
synthea,8,108,handle-only-drop-residual,0,,0.0,2,0
synthea,8,108,handle-only-drop-residual,0,,0.0,3,0
synthea,8,108,handle-only-drop-residual,0,,0.0,4,0
synthea,8,108,handle-only-drop-residual,0,,0.0,5,0
synthea,8,108,handle-only-drop-residual,0,,0.0,6,0
synthea,8,108,handle-only-drop-residual,0,,0.0,7,0
synthea,8,108,handle-only-drop-residual,0,,0.0,8,0
synthea,8,108,handle-only-drop-residual,0,,0.0,9,0
synthea,8,108,handle-only-drop-residual,0,,0.0,10,0
synthea,8,108,handle-only-drop-residual,0,,0.0,11,0
synthea,8,108,handle-only-drop-residual,0,,0.0,12,0
synthea,8,108,handle-only-drop-residual,0,,0.0,13,0
synthea,8,108,handle-only-drop-residual,0,,0.0,14,0
synthea,8,108,handle-only-drop-residual,0,,0.0,15,0
synthea,8,108,handle-only-drop-residual,0,,0.0,16,0
synthea,8,108,handle-only-drop-residual,0,,0.0,17,0
synthea,8,108,handle-only-drop-residual,0,,0.0,18,0
synthea,8,108,handle-only-drop-residual,0,,0.0,19,0
synthea,8,108,handle-only-drop-residual,0,,0.0,20,0
synthea,8,108,handle-only-drop-residual,0,,0.0,21,0
synthea,8,108,handle-only-drop-residual,0,,0.0,22,0
synthea,8,108,handle-only-drop-residual,0,,0.0,23,0
synthea,8,108,handle-only-drop-residual,0,,0.0,24,0
synthea,8,108,handle-only-drop-residual,0,,0.0,25,0
synthea,8,108,handle-only-drop-residual,0,,0.0,26,0
synthea,8,108,handle-only-drop-residual,0,,0.0,27,0
synthea,8,108,handle-only-drop-residual,0,,0.0,28,0
synthea,8,108,handle-only-drop-residual,0,,0.0,29,0
synthea,8,108,handle-only-drop-residual,0,,0.0,30,0
synthea,8,108,handle-only-drop-residual,0,,0.0,31,0
synthea,8,108,handle-only-drop-residual,0,,0.0,32,0
synthea,8,108,handle-only-drop-residual,0,,0.0,33,0
synthea,8,108,handle-only-drop-residual,0,,0.0,34,0
synthea,8,108,handle-only-drop-residual,0,,0.0,35,0
synthea,8,108,handle-only-drop-residual,0,,0.0,36,0
synthea,8,108,handle-only-drop-residual,0,,0.0,37,0
synthea,8,108,handle-only-drop-residual,0,,0.0,38,0
synthea,8,108,handle-only-drop-residual,0,,0.0,39,0
synthea,8,108,handle-only-drop-residual,0,,0.0,40,0
synthea,8,108,handle-only-drop-residual,0,,0.0,41,0
synthea,8,108,handle-only-drop-residual,0,,0.0,42,0
synthea,8,108,handle-only-drop-residual,0,,0.0,43,0
synthea,8,108,handle-only-drop-residual,0,,0.0,44,0
synthea,8,108,handle-only-drop-residual,0,,0.0,45,0
synthea,8,108,handle-only-drop-residual,0,,0.0,46,0
synthea,8,108,handle-only-drop-residual,0,,0.0,47,0
synthea,8,108,handle-only-drop-residual,0,,0.0,48,0
synthea,8,108,handle-only-drop-residual,0,,0.0,49,0
synthea,8,108,handle-only-drop-residual,0,,0.0,50,0
synthea,9,109,handle-only-drop-residual,0,,0.0,1,0
synthea,9,109,handle-only-drop-residual,0,,0.0,2,0
synthea,9,109,handle-only-drop-residual,0,,0.0,3,0
synthea,9,109,handle-only-drop-residual,0,,0.0,4,0
synthea,9,109,handle-only-drop-residual,0,,0.0,5,0
synthea,9,109,handle-only-drop-residual,0,,0.0,6,0
synthea,9,109,handle-only-drop-residual,0,,0.0,7,0
synthea,9,109,handle-only-drop-residual,0,,0.0,8,0
synthea,9,109,handle-only-drop-residual,0,,0.0,9,0
synthea,9,109,handle-only-drop-residual,0,,0.0,10,0
synthea,9,109,handle-only-drop-residual,0,,0.0,11,0
synthea,9,109,handle-only-drop-residual,0,,0.0,12,0
synthea,9,109,handle-only-drop-residual,0,,0.0,13,0
synthea,9,109,handle-only-drop-residual,0,,0.0,14,0
synthea,9,109,handle-only-drop-residual,0,,0.0,15,0
synthea,9,109,handle-only-drop-residual,0,,0.0,16,0
synthea,9,109,handle-only-drop-residual,0,,0.0,17,0
synthea,9,109,handle-only-drop-residual,0,,0.0,18,0
synthea,9,109,handle-only-drop-residual,0,,0.0,19,0
synthea,9,109,handle-only-drop-residual,0,,0.0,20,0
synthea,9,109,handle-only-drop-residual,0,,0.0,21,0
synthea,9,109,handle-only-drop-residual,0,,0.0,22,0
synthea,9,109,handle-only-drop-residual,0,,0.0,23,0
synthea,9,109,handle-only-drop-residual,0,,0.0,24,0
synthea,9,109,handle-only-drop-residual,0,,0.0,25,0
synthea,9,109,handle-only-drop-residual,0,,0.0,26,0
synthea,9,109,handle-only-drop-residual,0,,0.0,27,0
synthea,9,109,handle-only-drop-residual,0,,0.0,28,0
synthea,9,109,handle-only-drop-residual,0,,0.0,29,0
synthea,9,109,handle-only-drop-residual,0,,0.0,30,0
synthea,9,109,handle-only-drop-residual,0,,0.0,31,0
synthea,9,109,handle-only-drop-residual,0,,0.0,32,0
synthea,9,109,handle-only-drop-residual,0,,0.0,33,0
synthea,9,109,handle-only-drop-residual,0,,0.0,34,0
synthea,9,109,handle-only-drop-residual,0,,0.0,35,0
synthea,9,109,handle-only-drop-residual,0,,0.0,36,0
synthea,9,109,handle-only-drop-residual,0,,0.0,37,0
synthea,9,109,handle-only-drop-residual,0,,0.0,38,0
synthea,9,109,handle-only-drop-residual,0,,0.0,39,0
synthea,9,109,handle-only-drop-residual,0,,0.0,40,0
synthea,9,109,handle-only-drop-residual,0,,0.0,41,0
synthea,9,109,handle-only-drop-residual,0,,0.0,42,0
synthea,9,109,handle-only-drop-residual,0,,0.0,43,0
synthea,9,109,handle-only-drop-residual,0,,0.0,44,0
synthea,9,109,handle-only-drop-residual,0,,0.0,45,0
synthea,9,109,handle-only-drop-residual,0,,0.0,46,0
synthea,9,109,handle-only-drop-residual,0,,0.0,47,0
synthea,9,109,handle-only-drop-residual,0,,0.0,48,0
synthea,9,109,handle-only-drop-residual,0,,0.0,49,0
synthea,9,109,handle-only-drop-residual,0,,0.0,50,0
synthea,9,109,unitscope-lambda-sweep,269,1.0,0.024809472952490735,1,269
synthea,9,109,unitscope-lambda-sweep,271,1.0,0.02846346547863251,2,271
synthea,9,109,unitscope-lambda-sweep,281,1.0,0.039020565328346433,3,281
synthea,9,109,unitscope-lambda-sweep,276,1.0,0.0404796289420206,4,276
synthea,9,109,unitscope-lambda-sweep,267,1.0,0.04508071636067339,5,267
synthea,9,109,unitscope-lambda-sweep,267,1.0,0.07938360545413074,6,267
synthea,9,109,unitscope-lambda-sweep,299,1.0,0.09303541700196444,7,299
synthea,9,109,unitscope-lambda-sweep,289,1.0,0.07662005017591995,8,289
synthea,9,109,unitscope-lambda-sweep,285,1.0,0.1374021253656083,9,285
synthea,9,109,unitscope-lambda-sweep,292,1.0,0.09843538511189057,10,292
synthea,9,109,unitscope-lambda-sweep,282,1.0,0.10728666966724718,11,282
synthea,9,109,unitscope-lambda-sweep,268,1.0,0.07726531852424073,12,268
synthea,9,109,unitscope-lambda-sweep,291,1.0,0.18103188663278302,13,291
synthea,9,109,unitscope-lambda-sweep,278,1.0,0.1817504606749337,14,278
synthea,9,109,unitscope-lambda-sweep,263,1.0,0.1646244716275662,15,263
synthea,9,109,unitscope-lambda-sweep,268,1.0,0.13499020470936823,16,268
synthea,9,109,unitscope-lambda-sweep,291,1.0,0.15612830475114886,17,291
synthea,9,109,unitscope-lambda-sweep,274,1.0,0.1943155919351718,18,274
synthea,9,109,unitscope-lambda-sweep,289,1.0,0.3237578588312196,19,289
synthea,9,109,unitscope-lambda-sweep,297,1.0,0.3377743265361768,20,297
synthea,9,109,unitscope-lambda-sweep,294,1.0,0.28750157673089954,21,294
synthea,9,109,unitscope-lambda-sweep,279,1.0,0.20302782452219156,22,279
synthea,9,109,unitscope-lambda-sweep,265,1.0,0.2137127058029906,23,265
synthea,9,109,unitscope-lambda-sweep,289,1.0,0.34768734617403363,24,289
synthea,9,109,unitscope-lambda-sweep,257,1.0,0.26942904352476504,25,257
synthea,9,109,unitscope-lambda-sweep,267,1.0,0.2729131207109469,26,267
synthea,9,109,unitscope-lambda-sweep,276,1.0,0.333149972342186,27,276
synthea,9,109,unitscope-lambda-sweep,282,1.0,0.27977291360656,28,282
synthea,9,109,unitscope-lambda-sweep,295,1.0,0.17725969003055927,29,295
synthea,9,109,unitscope-lambda-sweep,281,1.0,0.2652642108032657,30,281
synthea,9,109,unitscope-lambda-sweep,271,1.0,0.20989929182140019,31,271
synthea,9,109,unitscope-lambda-sweep,276,1.0,0.27090141826559594,32,276
synthea,9,109,unitscope-lambda-sweep,256,1.0,0.2916811058942308,33,256
synthea,9,109,unitscope-lambda-sweep,297,1.0,0.25077575730282925,34,297
synthea,9,109,unitscope-lambda-sweep,276,1.0,0.22677520077834726,35,276
synthea,9,109,unitscope-lambda-sweep,273,1.0,0.23700064289913506,36,273
synthea,9,109,unitscope-lambda-sweep,271,1.0,0.2798194278134752,37,271
synthea,9,109,unitscope-lambda-sweep,280,1.0,0.11126875030046612,38,280
synthea,9,109,unitscope-lambda-sweep,275,1.0,0.12117712027681893,39,275
synthea,9,109,unitscope-lambda-sweep,275,1.0,0.19271302017908074,40,275
synthea,9,109,unitscope-lambda-sweep,280,1.0,0.17032475667956284,41,280
synthea,9,109,unitscope-lambda-sweep,281,1.0,0.22115989180287843,42,281
synthea,9,109,unitscope-lambda-sweep,290,1.0,0.2293549894599014,43,290
synthea,9,109,unitscope-lambda-sweep,287,1.0,0.19154212223201963,44,287
synthea,9,109,unitscope-lambda-sweep,279,1.0,0.21104594449148995,45,279
synthea,9,109,unitscope-lambda-sweep,268,1.0,0.25691859043905935,46,268
synthea,9,109,unitscope-lambda-sweep,279,1.0,0.3538239251023191,47,279
synthea,9,109,unitscope-lambda-sweep,267,1.0,0.24089213105385052,48,267
synthea,9,109,unitscope-lambda-sweep,277,1.0,0.15281334889748838,49,277
synthea,9,109,unitscope-lambda-sweep,290,1.0,0.27395525847348756,50,290
synthea,9,109,stable-local-fallback,462,1.0,1.0,1,462
synthea,9,109,stable-local-fallback,448,1.0,1.0,2,448
synthea,9,109,stable-local-fallback,455,1.0,1.0,3,455
synthea,9,109,stable-local-fallback,458,1.0,1.0,4,458
synthea,9,109,stable-local-fallback,460,1.0,1.0,5,460
synthea,9,109,stable-local-fallback,448,1.0,1.0,6,448
synthea,9,109,stable-local-fallback,448,1.0,1.0,7,448
synthea,9,109,stable-local-fallback,476,1.0,1.0,8,476
synthea,9,109,stable-local-fallback,458,1.0,1.0,9,458
synthea,9,109,stable-local-fallback,460,1.0,1.0,10,460
synthea,9,109,stable-local-fallback,459,1.0,1.0,11,459
synthea,9,109,stable-local-fallback,465,1.0,1.0,12,465
synthea,9,109,stable-local-fallback,460,1.0,1.0,13,460
synthea,9,109,stable-local-fallback,458,1.0,1.0,14,458
synthea,9,109,stable-local-fallback,459,1.0,1.0,15,459
synthea,9,109,stable-local-fallback,465,1.0,1.0,16,465
synthea,9,109,stable-local-fallback,462,1.0,1.0,17,462
synthea,9,109,stable-local-fallback,459,0.9215686274509803,1.0,18,423
synthea,9,109,stable-local-fallback,466,0.4742489270386266,1.0,19,221
synthea,9,109,stable-local-fallback,458,0.42358078602620086,1.0,20,194
synthea,9,109,stable-local-fallback,468,0.3611111111111111,1.0,21,169
synthea,9,109,stable-local-fallback,455,0.34945054945054943,1.0,22,159
synthea,9,109,stable-local-fallback,452,0.35176991150442477,1.0,23,159
synthea,9,109,stable-local-fallback,462,0.34415584415584416,1.0,24,159
synthea,9,109,stable-local-fallback,456,0.31140350877192985,1.0,25,142
synthea,9,109,stable-local-fallback,457,0.24726477024070023,1.0,26,113
synthea,9,109,stable-local-fallback,454,0.2709251101321586,1.0,27,123
synthea,9,109,stable-local-fallback,460,0.27608695652173915,1.0,28,127
synthea,9,109,stable-local-fallback,468,0.29914529914529914,1.0,29,140
synthea,9,109,stable-local-fallback,444,0.2725225225225225,1.0,30,121
synthea,9,109,stable-local-fallback,465,0.2838709677419355,1.0,31,132
synthea,9,109,stable-local-fallback,457,0.24507658643326038,1.0,32,112
synthea,9,109,stable-local-fallback,457,0.2713347921225383,1.0,33,124
synthea,9,109,stable-local-fallback,472,0.2733050847457627,1.0,34,129
synthea,9,109,stable-local-fallback,470,0.28085106382978725,1.0,35,132
synthea,9,109,stable-local-fallback,455,0.29010989010989013,1.0,36,132
synthea,9,109,stable-local-fallback,454,0.28634361233480177,1.0,37,130
synthea,9,109,stable-local-fallback,461,0.27765726681127983,1.0,38,128
synthea,9,109,stable-local-fallback,448,0.2857142857142857,1.0,39,128
synthea,9,109,stable-local-fallback,463,0.28293736501079914,1.0,40,131
synthea,9,109,stable-local-fallback,446,0.28475336322869954,1.0,41,127
synthea,9,109,stable-local-fallback,445,0.26741573033707866,1.0,42,119
synthea,9,109,stable-local-fallback,454,0.24008810572687225,1.0,43,109
synthea,9,109,stable-local-fallback,460,0.2608695652173913,1.0,44,120
synthea,9,109,stable-local-fallback,464,0.25646551724137934,1.0,45,119
synthea,9,109,stable-local-fallback,462,0.26406926406926406,1.0,46,122
synthea,9,109,stable-local-fallback,456,0.2982456140350877,1.0,47,136
synthea,9,109,stable-local-fallback,461,0.24945770065075923,1.0,48,115
synthea,9,109,stable-local-fallback,450,0.25333333333333335,1.0,49,114
synthea,9,109,stable-local-fallback,451,0.2549889135254989,1.0,50,115
synthea,9,109,naive-recalibrated-2c,269,1.0,0.18630766494562465,1,269
synthea,9,109,naive-recalibrated-2c,271,1.0,0.23742389258422983,2,271
synthea,9,109,naive-recalibrated-2c,281,1.0,0.34016657365540803,3,281
synthea,9,109,naive-recalibrated-2c,276,1.0,0.3721698719309567,4,276
synthea,9,109,naive-recalibrated-2c,267,1.0,0.4242445190623061,5,267
synthea,9,109,naive-recalibrated-2c,267,1.0,0.6744671310608782,6,267
synthea,9,109,naive-recalibrated-2c,299,1.0,0.7061911221834852,7,299
synthea,9,109,naive-recalibrated-2c,289,1.0,0.6234143507598386,8,289
synthea,9,109,naive-recalibrated-2c,285,1.0,0.7364564938475585,9,285
synthea,9,109,naive-recalibrated-2c,292,1.0,0.7886592296587555,10,292
synthea,9,109,naive-recalibrated-2c,282,1.0,0.821040185609954,11,282
synthea,9,109,naive-recalibrated-2c,268,1.0,0.7471705827890329,12,268
synthea,9,109,naive-recalibrated-2c,291,1.0,0.7371180547549235,13,291
synthea,9,109,naive-recalibrated-2c,278,0.935251798561151,0.7219983937634445,14,260
synthea,9,109,naive-recalibrated-2c,263,0.8859315589353612,0.6178749862364651,15,233
synthea,9,109,naive-recalibrated-2c,268,0.9365671641791045,0.7903557005890537,16,251
synthea,9,109,naive-recalibrated-2c,291,0.7835051546391752,0.44630625947218083,17,228
synthea,9,109,naive-recalibrated-2c,274,0.948905109489051,0.7017549130377472,18,260
synthea,9,109,naive-recalibrated-2c,289,0.6678200692041523,0.6628616996519058,19,193
synthea,9,109,naive-recalibrated-2c,297,0.7643097643097643,0.5900835908755897,20,227
synthea,9,109,naive-recalibrated-2c,294,0.7244897959183674,0.5842700871593532,21,213
synthea,9,109,naive-recalibrated-2c,279,0.7562724014336918,0.5787706458401601,22,211
synthea,9,109,naive-recalibrated-2c,265,0.6943396226415094,0.4270495162902482,23,184
synthea,9,109,naive-recalibrated-2c,289,0.6955017301038062,0.5656396703011936,24,201
synthea,9,109,naive-recalibrated-2c,257,0.7120622568093385,0.4189054370700296,25,183
synthea,9,109,naive-recalibrated-2c,267,0.6928838951310862,0.5444497515185316,26,185
synthea,9,109,naive-recalibrated-2c,276,0.7608695652173914,0.608945179868308,27,210
synthea,9,109,naive-recalibrated-2c,282,0.7021276595744681,0.48959787034180824,28,198
synthea,9,109,naive-recalibrated-2c,295,0.7728813559322034,0.42970538425034094,29,228
synthea,9,109,naive-recalibrated-2c,281,0.5907473309608541,0.47735273171119563,30,166
synthea,9,109,naive-recalibrated-2c,271,0.6236162361623616,0.41011503608963445,31,169
synthea,9,109,naive-recalibrated-2c,276,0.5579710144927537,0.5037129968028373,32,154
synthea,9,109,naive-recalibrated-2c,256,0.67578125,0.40828914373252484,33,173
synthea,9,109,naive-recalibrated-2c,297,0.7845117845117845,0.6101881862752171,34,233
synthea,9,109,naive-recalibrated-2c,276,0.7898550724637681,0.5760548032082627,35,218
synthea,9,109,naive-recalibrated-2c,273,0.9633699633699634,0.6747419252655531,36,263
synthea,9,109,naive-recalibrated-2c,271,0.955719557195572,0.5520628317574788,37,259
synthea,9,109,naive-recalibrated-2c,280,0.9892857142857143,0.7247640290180372,38,277
synthea,9,109,naive-recalibrated-2c,275,0.9490909090909091,0.7661790524639738,39,261
synthea,9,109,naive-recalibrated-2c,275,0.7454545454545455,0.5318069310888791,40,205
synthea,9,109,naive-recalibrated-2c,280,0.6785714285714286,0.4426733258474147,41,190
synthea,9,109,naive-recalibrated-2c,281,0.5373665480427047,0.585110612856845,42,151
synthea,9,109,naive-recalibrated-2c,290,0.5103448275862069,0.6618001344875575,43,148
synthea,9,109,naive-recalibrated-2c,287,0.49477351916376305,0.40260331311875486,44,142
synthea,9,109,naive-recalibrated-2c,279,0.46953405017921146,0.403370091577485,45,131
synthea,9,109,naive-recalibrated-2c,268,0.582089552238806,0.47947322464344333,46,156
synthea,9,109,naive-recalibrated-2c,279,0.6559139784946236,0.5559317671344713,47,183
synthea,9,109,naive-recalibrated-2c,267,0.5842696629213483,0.4879098953874174,48,156
synthea,9,109,naive-recalibrated-2c,277,0.5812274368231047,0.6564270748589135,49,161
synthea,9,109,naive-recalibrated-2c,290,0.5793103448275863,0.4789254158990962,50,168
synthea,10,110,unitscope-lambda-sweep,271,1.0,0.025769274127145022,1,271
synthea,10,110,unitscope-lambda-sweep,274,1.0,0.0274174742719676,2,274
synthea,10,110,unitscope-lambda-sweep,287,1.0,0.029884150116919857,3,287
synthea,10,110,unitscope-lambda-sweep,276,1.0,0.02698387648770332,4,276
synthea,10,110,unitscope-lambda-sweep,270,1.0,0.045521900652546465,5,270
synthea,10,110,unitscope-lambda-sweep,282,1.0,0.07463327610885448,6,282
synthea,10,110,unitscope-lambda-sweep,290,1.0,0.07842761834253285,7,290
synthea,10,110,unitscope-lambda-sweep,279,1.0,0.0750338011588901,8,279
synthea,10,110,unitscope-lambda-sweep,286,1.0,0.075303776181189,9,286
synthea,10,110,unitscope-lambda-sweep,293,1.0,0.13201467398135625,10,293
synthea,10,110,unitscope-lambda-sweep,267,1.0,0.07034827399780738,11,267
synthea,10,110,unitscope-lambda-sweep,291,1.0,0.15311076273568677,12,291
synthea,10,110,unitscope-lambda-sweep,271,1.0,0.18644942079194074,13,271
synthea,10,110,unitscope-lambda-sweep,256,1.0,0.18206738056949837,14,256
synthea,10,110,unitscope-lambda-sweep,295,1.0,0.15865436627959598,15,295
synthea,10,110,unitscope-lambda-sweep,281,1.0,0.1509056982559471,16,281
synthea,10,110,unitscope-lambda-sweep,283,1.0,0.24556762302034843,17,283
synthea,10,110,unitscope-lambda-sweep,278,1.0,0.24097686233756166,18,278
synthea,10,110,unitscope-lambda-sweep,275,1.0,0.2444713000677948,19,275
synthea,10,110,unitscope-lambda-sweep,267,1.0,0.22765443327318957,20,267
synthea,10,110,unitscope-lambda-sweep,286,1.0,0.2400217774991283,21,286
synthea,10,110,unitscope-lambda-sweep,280,1.0,0.18548392041536546,22,280
synthea,10,110,unitscope-lambda-sweep,292,1.0,0.27165664401632866,23,292
synthea,10,110,unitscope-lambda-sweep,272,1.0,0.17319388666012384,24,272
synthea,10,110,unitscope-lambda-sweep,275,1.0,0.195935277356506,25,275
synthea,10,110,unitscope-lambda-sweep,256,1.0,0.17317371777096988,26,256
synthea,10,110,unitscope-lambda-sweep,276,1.0,0.11455256902044657,27,276
synthea,10,110,unitscope-lambda-sweep,292,1.0,0.19298963457687845,28,292
synthea,10,110,unitscope-lambda-sweep,290,1.0,0.12736578708547416,29,290
synthea,10,110,unitscope-lambda-sweep,288,1.0,0.15351310375908706,30,288
synthea,10,110,unitscope-lambda-sweep,283,1.0,0.21196279108824925,31,283
synthea,10,110,unitscope-lambda-sweep,285,1.0,0.309045406470357,32,285
synthea,10,110,unitscope-lambda-sweep,292,1.0,0.2527972173854011,33,292
synthea,10,110,unitscope-lambda-sweep,277,1.0,0.21980199496383634,34,277
synthea,10,110,unitscope-lambda-sweep,297,1.0,0.20897679534225105,35,297
synthea,10,110,unitscope-lambda-sweep,258,1.0,0.2661735710629291,36,258
synthea,10,110,unitscope-lambda-sweep,292,1.0,0.3581332546335882,37,292
synthea,10,110,unitscope-lambda-sweep,283,1.0,0.35555741333673635,38,283
synthea,10,110,unitscope-lambda-sweep,277,1.0,0.2840614525368316,39,277
synthea,10,110,unitscope-lambda-sweep,269,1.0,0.14913294072817196,40,269
synthea,10,110,unitscope-lambda-sweep,276,1.0,0.19291586889994394,41,276
synthea,10,110,unitscope-lambda-sweep,271,1.0,0.16884579577027664,42,271
synthea,10,110,unitscope-lambda-sweep,275,1.0,0.3900055999472288,43,275
synthea,10,110,unitscope-lambda-sweep,288,1.0,0.17811485714374076,44,288
synthea,10,110,unitscope-lambda-sweep,277,1.0,0.2564319420114906,45,277
synthea,10,110,unitscope-lambda-sweep,276,1.0,0.1555771132755113,46,276
synthea,10,110,unitscope-lambda-sweep,267,1.0,0.286745497195608,47,267
synthea,10,110,unitscope-lambda-sweep,288,1.0,0.25789846695616975,48,288
synthea,10,110,unitscope-lambda-sweep,269,1.0,0.17537591978382283,49,269
synthea,10,110,unitscope-lambda-sweep,285,1.0,0.1881449632671024,50,285
synthea,10,110,stable-local-fallback,465,1.0,1.0,1,465
synthea,10,110,stable-local-fallback,468,1.0,1.0,2,468
synthea,10,110,stable-local-fallback,458,1.0,1.0,3,458
synthea,10,110,stable-local-fallback,474,1.0,1.0,4,474
synthea,10,110,stable-local-fallback,461,1.0,1.0,5,461
synthea,10,110,stable-local-fallback,458,1.0,1.0,6,458
synthea,10,110,stable-local-fallback,465,1.0,1.0,7,465
synthea,10,110,stable-local-fallback,448,1.0,1.0,8,448
synthea,10,110,stable-local-fallback,472,1.0,1.0,9,472
synthea,10,110,stable-local-fallback,475,1.0,1.0,10,475
synthea,10,110,stable-local-fallback,468,1.0,1.0,11,468
synthea,10,110,stable-local-fallback,469,1.0,1.0,12,469
synthea,10,110,stable-local-fallback,462,1.0,1.0,13,462
synthea,10,110,stable-local-fallback,459,1.0,1.0,14,459
synthea,10,110,stable-local-fallback,469,1.0,1.0,15,469
synthea,10,110,stable-local-fallback,448,1.0,1.0,16,448
synthea,10,110,stable-local-fallback,473,0.9112050739957717,1.0,17,431
synthea,10,110,stable-local-fallback,471,0.8067940552016986,1.0,18,380
synthea,10,110,stable-local-fallback,464,0.8081896551724138,1.0,19,375
synthea,10,110,stable-local-fallback,450,0.6133333333333333,1.0,20,276
synthea,10,110,stable-local-fallback,462,0.5324675324675324,1.0,21,246
synthea,10,110,stable-local-fallback,463,0.42116630669546434,1.0,22,195
synthea,10,110,stable-local-fallback,477,0.35639412997903563,1.0,23,170
synthea,10,110,stable-local-fallback,465,0.4021505376344086,1.0,24,187
synthea,10,110,stable-local-fallback,465,0.34838709677419355,1.0,25,162
synthea,10,110,stable-local-fallback,460,0.30217391304347824,1.0,26,139
synthea,10,110,stable-local-fallback,478,0.29707112970711297,1.0,27,142
synthea,10,110,stable-local-fallback,465,0.3032258064516129,1.0,28,141
synthea,10,110,stable-local-fallback,478,0.25523012552301255,1.0,29,122
synthea,10,110,stable-local-fallback,464,0.3017241379310345,1.0,30,140
synthea,10,110,stable-local-fallback,468,0.3055555555555556,1.0,31,143
synthea,10,110,stable-local-fallback,465,0.2752688172043011,1.0,32,128
synthea,10,110,stable-local-fallback,460,0.28043478260869564,1.0,33,129
synthea,10,110,stable-local-fallback,472,0.2521186440677966,1.0,34,119
synthea,10,110,stable-local-fallback,461,0.2559652928416486,1.0,35,118
synthea,10,110,stable-local-fallback,460,0.28043478260869564,1.0,36,129
synthea,10,110,stable-local-fallback,463,0.27213822894168466,1.0,37,126
synthea,10,110,stable-local-fallback,471,0.28874734607218683,1.0,38,136
synthea,10,110,stable-local-fallback,466,0.26180257510729615,1.0,39,122
synthea,10,110,stable-local-fallback,458,0.24890829694323144,1.0,40,114
synthea,10,110,stable-local-fallback,459,0.28540305010893247,1.0,41,131
synthea,10,110,stable-local-fallback,472,0.2838983050847458,1.0,42,134
synthea,10,110,stable-local-fallback,466,0.2575107296137339,1.0,43,120
synthea,10,110,stable-local-fallback,453,0.26490066225165565,1.0,44,120
synthea,10,110,stable-local-fallback,463,0.22894168466522677,1.0,45,106
synthea,10,110,stable-local-fallback,461,0.2472885032537961,1.0,46,114
synthea,10,110,stable-local-fallback,461,0.25379609544468545,1.0,47,117
synthea,10,110,stable-local-fallback,464,0.2478448275862069,1.0,48,115
synthea,10,110,stable-local-fallback,465,0.25806451612903225,1.0,49,120
synthea,10,110,stable-local-fallback,462,0.29004329004329005,1.0,50,134
synthea,10,110,naive-recalibrated-2c,271,1.0,0.19131905960733941,1,271
synthea,10,110,naive-recalibrated-2c,274,1.0,0.2178411104592902,2,274
synthea,10,110,naive-recalibrated-2c,287,1.0,0.2625647982089155,3,287
synthea,10,110,naive-recalibrated-2c,276,1.0,0.2759674229077009,4,276
synthea,10,110,naive-recalibrated-2c,270,1.0,0.4444563217702457,5,270
synthea,10,110,naive-recalibrated-2c,282,1.0,0.6110508527458562,6,282
synthea,10,110,naive-recalibrated-2c,290,1.0,0.6987566948508228,7,290
synthea,10,110,naive-recalibrated-2c,279,1.0,0.678503033543527,8,279
synthea,10,110,naive-recalibrated-2c,286,1.0,0.6316535309127259,9,286
synthea,10,110,naive-recalibrated-2c,293,1.0,0.759301026280732,10,293
synthea,10,110,naive-recalibrated-2c,267,1.0,0.5869120688366376,11,267
synthea,10,110,naive-recalibrated-2c,291,0.9003436426116839,0.6898862942956421,12,262
synthea,10,110,naive-recalibrated-2c,271,0.7453874538745388,0.4952097825922003,13,202
synthea,10,110,naive-recalibrated-2c,256,0.93359375,0.6879291242178824,14,239
synthea,10,110,naive-recalibrated-2c,295,0.8101694915254237,0.6922470114241862,15,239
synthea,10,110,naive-recalibrated-2c,281,0.7366548042704626,0.5735698083284397,16,207
synthea,10,110,naive-recalibrated-2c,283,0.6890459363957597,0.48730334546048887,17,195
synthea,10,110,naive-recalibrated-2c,278,0.7302158273381295,0.5550852050970687,18,203
synthea,10,110,naive-recalibrated-2c,275,0.7236363636363636,0.48795884923047633,19,199
synthea,10,110,naive-recalibrated-2c,267,0.700374531835206,0.6073869003274626,20,187
synthea,10,110,naive-recalibrated-2c,286,0.6118881118881119,0.5715801493098172,21,175
synthea,10,110,naive-recalibrated-2c,280,0.5464285714285714,0.37683738961598495,22,153
synthea,10,110,naive-recalibrated-2c,292,0.4315068493150685,0.4363641487983902,23,126
synthea,10,110,naive-recalibrated-2c,272,0.7095588235294118,0.5015070338241363,24,193
synthea,10,110,naive-recalibrated-2c,275,0.6763636363636364,0.41766913532995287,25,186
synthea,10,110,naive-recalibrated-2c,256,0.78125,0.6241880768447535,26,200
synthea,10,110,naive-recalibrated-2c,276,0.9130434782608695,0.43474803497058984,27,252
synthea,10,110,naive-recalibrated-2c,292,0.9178082191780822,0.5552793975383935,28,268
synthea,10,110,naive-recalibrated-2c,290,0.896551724137931,0.7829668096228352,29,260
synthea,10,110,naive-recalibrated-2c,288,0.9027777777777778,0.7715839157679522,30,260
synthea,10,110,naive-recalibrated-2c,283,0.8197879858657244,0.4922402431361672,31,232
synthea,10,110,naive-recalibrated-2c,285,0.8315789473684211,0.5570522163319126,32,237
synthea,10,110,naive-recalibrated-2c,292,0.8972602739726028,0.7584418527258308,33,262
synthea,10,110,naive-recalibrated-2c,277,0.8880866425992779,0.7426831899976588,34,246
synthea,10,110,naive-recalibrated-2c,297,0.7811447811447811,0.7594154765005088,35,232
synthea,10,110,naive-recalibrated-2c,258,0.7751937984496124,0.5116251152422219,36,200
synthea,10,110,naive-recalibrated-2c,292,0.702054794520548,0.5530051858861466,37,205
synthea,10,110,naive-recalibrated-2c,283,0.8409893992932862,0.5966582336799201,38,238
synthea,10,110,naive-recalibrated-2c,277,0.8231046931407943,0.5904571290572175,39,228
synthea,10,110,naive-recalibrated-2c,269,0.8847583643122676,0.8099592373055957,40,238
synthea,10,110,naive-recalibrated-2c,276,0.9311594202898551,0.7850174058132775,41,257
synthea,10,110,naive-recalibrated-2c,271,0.8339483394833949,0.6162203463468129,42,226
synthea,10,110,naive-recalibrated-2c,275,0.76,0.6007456201709366,43,209
synthea,10,110,naive-recalibrated-2c,288,0.6597222222222222,0.44665118882695964,44,190
synthea,10,110,naive-recalibrated-2c,277,0.6606498194945848,0.5609856887606495,45,183
synthea,10,110,naive-recalibrated-2c,276,0.7681159420289855,0.7711738864739486,46,212
synthea,10,110,naive-recalibrated-2c,267,0.704119850187266,0.5265966344578558,47,188
synthea,10,110,naive-recalibrated-2c,288,0.6597222222222222,0.5583288120719352,48,190
synthea,10,110,naive-recalibrated-2c,269,0.8252788104089219,0.5562682219731009,49,222
synthea,10,110,naive-recalibrated-2c,285,0.7789473684210526,0.4607761103649832,50,222
synthea,10,110,handle-only-drop-residual,0,,0.0,1,0
synthea,10,110,handle-only-drop-residual,0,,0.0,2,0
synthea,10,110,handle-only-drop-residual,0,,0.0,3,0
synthea,10,110,handle-only-drop-residual,0,,0.0,4,0
synthea,10,110,handle-only-drop-residual,0,,0.0,5,0
synthea,10,110,handle-only-drop-residual,0,,0.0,6,0
synthea,10,110,handle-only-drop-residual,0,,0.0,7,0
synthea,10,110,handle-only-drop-residual,0,,0.0,8,0
synthea,10,110,handle-only-drop-residual,0,,0.0,9,0
synthea,10,110,handle-only-drop-residual,0,,0.0,10,0
synthea,10,110,handle-only-drop-residual,0,,0.0,11,0
synthea,10,110,handle-only-drop-residual,0,,0.0,12,0
synthea,10,110,handle-only-drop-residual,0,,0.0,13,0
synthea,10,110,handle-only-drop-residual,0,,0.0,14,0
synthea,10,110,handle-only-drop-residual,0,,0.0,15,0
synthea,10,110,handle-only-drop-residual,0,,0.0,16,0
synthea,10,110,handle-only-drop-residual,0,,0.0,17,0
synthea,10,110,handle-only-drop-residual,0,,0.0,18,0
synthea,10,110,handle-only-drop-residual,0,,0.0,19,0
synthea,10,110,handle-only-drop-residual,0,,0.0,20,0
synthea,10,110,handle-only-drop-residual,0,,0.0,21,0
synthea,10,110,handle-only-drop-residual,0,,0.0,22,0
synthea,10,110,handle-only-drop-residual,0,,0.0,23,0
synthea,10,110,handle-only-drop-residual,0,,0.0,24,0
synthea,10,110,handle-only-drop-residual,0,,0.0,25,0
synthea,10,110,handle-only-drop-residual,0,,0.0,26,0
synthea,10,110,handle-only-drop-residual,0,,0.0,27,0
synthea,10,110,handle-only-drop-residual,0,,0.0,28,0
synthea,10,110,handle-only-drop-residual,0,,0.0,29,0
synthea,10,110,handle-only-drop-residual,0,,0.0,30,0
synthea,10,110,handle-only-drop-residual,0,,0.0,31,0
synthea,10,110,handle-only-drop-residual,0,,0.0,32,0
synthea,10,110,handle-only-drop-residual,0,,0.0,33,0
synthea,10,110,handle-only-drop-residual,0,,0.0,34,0
synthea,10,110,handle-only-drop-residual,0,,0.0,35,0
synthea,10,110,handle-only-drop-residual,0,,0.0,36,0
synthea,10,110,handle-only-drop-residual,0,,0.0,37,0
synthea,10,110,handle-only-drop-residual,0,,0.0,38,0
synthea,10,110,handle-only-drop-residual,0,,0.0,39,0
synthea,10,110,handle-only-drop-residual,0,,0.0,40,0
synthea,10,110,handle-only-drop-residual,0,,0.0,41,0
synthea,10,110,handle-only-drop-residual,0,,0.0,42,0
synthea,10,110,handle-only-drop-residual,0,,0.0,43,0
synthea,10,110,handle-only-drop-residual,0,,0.0,44,0
synthea,10,110,handle-only-drop-residual,0,,0.0,45,0
synthea,10,110,handle-only-drop-residual,0,,0.0,46,0
synthea,10,110,handle-only-drop-residual,0,,0.0,47,0
synthea,10,110,handle-only-drop-residual,0,,0.0,48,0
synthea,10,110,handle-only-drop-residual,0,,0.0,49,0
synthea,10,110,handle-only-drop-residual,0,,0.0,50,0
synthea,11,111,unitscope-lambda-sweep,274,1.0,0.023166920833188685,1,274
synthea,11,111,unitscope-lambda-sweep,274,1.0,0.02065841124144117,2,274
synthea,11,111,unitscope-lambda-sweep,274,1.0,0.026122000423961737,3,274
synthea,11,111,unitscope-lambda-sweep,252,1.0,0.03588725130918324,4,252
synthea,11,111,unitscope-lambda-sweep,269,1.0,0.04436576556571988,5,269
synthea,11,111,unitscope-lambda-sweep,264,1.0,0.054132117383431384,6,264
synthea,11,111,unitscope-lambda-sweep,271,1.0,0.07686161498710968,7,271
synthea,11,111,unitscope-lambda-sweep,274,1.0,0.057839518391296064,8,274
synthea,11,111,unitscope-lambda-sweep,260,1.0,0.09647625855088698,9,260
synthea,11,111,unitscope-lambda-sweep,287,1.0,0.16017100162429132,10,287
synthea,11,111,unitscope-lambda-sweep,268,1.0,0.15337674923007757,11,268
synthea,11,111,unitscope-lambda-sweep,283,1.0,0.13450922162500373,12,283
synthea,11,111,unitscope-lambda-sweep,281,1.0,0.20119191382707016,13,281
synthea,11,111,unitscope-lambda-sweep,289,1.0,0.4081734917875363,14,289
synthea,11,111,unitscope-lambda-sweep,278,1.0,0.20601102949595437,15,278
synthea,11,111,unitscope-lambda-sweep,261,1.0,0.1953914803423467,16,261
synthea,11,111,unitscope-lambda-sweep,272,1.0,0.21260881448820718,17,272
synthea,11,111,unitscope-lambda-sweep,279,1.0,0.19164438499613057,18,279
synthea,11,111,unitscope-lambda-sweep,282,1.0,0.28492042940441936,19,282
synthea,11,111,unitscope-lambda-sweep,271,1.0,0.2690264420533009,20,271
synthea,11,111,unitscope-lambda-sweep,282,1.0,0.2259319542925901,21,282
synthea,11,111,unitscope-lambda-sweep,290,1.0,0.35341651755215997,22,290
synthea,11,111,unitscope-lambda-sweep,285,1.0,0.16908006585625254,23,285
synthea,11,111,unitscope-lambda-sweep,280,1.0,0.14599755692388922,24,280
synthea,11,111,unitscope-lambda-sweep,286,1.0,0.17529118902005503,25,286
synthea,11,111,unitscope-lambda-sweep,268,1.0,0.29434673042888654,26,268
synthea,11,111,unitscope-lambda-sweep,286,1.0,0.3640880912803221,27,286
synthea,11,111,unitscope-lambda-sweep,258,1.0,0.26936172331469055,28,258
synthea,11,111,unitscope-lambda-sweep,273,1.0,0.2909715400604584,29,273
synthea,11,111,unitscope-lambda-sweep,286,1.0,0.1803157214860785,30,286
synthea,11,111,unitscope-lambda-sweep,302,1.0,0.38676657590113434,31,302
synthea,11,111,unitscope-lambda-sweep,280,1.0,0.12983047858161423,32,280
synthea,11,111,unitscope-lambda-sweep,269,1.0,0.1758162596858795,33,269
synthea,11,111,unitscope-lambda-sweep,273,1.0,0.20803497939169316,34,273
synthea,11,111,unitscope-lambda-sweep,275,1.0,0.1232048114472551,35,275
synthea,11,111,unitscope-lambda-sweep,275,1.0,0.24070603146828198,36,275
synthea,11,111,unitscope-lambda-sweep,264,1.0,0.2277349633189081,37,264
synthea,11,111,unitscope-lambda-sweep,288,1.0,0.2509039851491896,38,288
synthea,11,111,unitscope-lambda-sweep,269,1.0,0.22716392338635102,39,269
synthea,11,111,unitscope-lambda-sweep,256,1.0,0.23521335546815272,40,256
synthea,11,111,unitscope-lambda-sweep,263,1.0,0.16520858236245722,41,263
synthea,11,111,unitscope-lambda-sweep,290,1.0,0.2248746059028676,42,290
synthea,11,111,unitscope-lambda-sweep,295,1.0,0.32543722720144885,43,295
synthea,11,111,unitscope-lambda-sweep,285,1.0,0.34973068944673824,44,285
synthea,11,111,unitscope-lambda-sweep,265,1.0,0.2865811199134917,45,265
synthea,11,111,unitscope-lambda-sweep,278,1.0,0.25870387786168797,46,278
synthea,11,111,unitscope-lambda-sweep,284,1.0,0.19194166869328608,47,284
synthea,11,111,unitscope-lambda-sweep,276,1.0,0.3026233224193522,48,276
synthea,11,111,unitscope-lambda-sweep,276,1.0,0.2598358235816208,49,276
synthea,11,111,unitscope-lambda-sweep,280,1.0,0.31312225004137245,50,280
synthea,11,111,naive-recalibrated-2c,274,1.0,0.17618741573433605,1,274
synthea,11,111,naive-recalibrated-2c,274,1.0,0.174801078883991,2,274
synthea,11,111,naive-recalibrated-2c,274,1.0,0.24250473250302337,3,274
synthea,11,111,naive-recalibrated-2c,252,1.0,0.3236710357557446,4,252
synthea,11,111,naive-recalibrated-2c,269,1.0,0.41017074460555386,5,269
synthea,11,111,naive-recalibrated-2c,264,1.0,0.5054177399506177,6,264
synthea,11,111,naive-recalibrated-2c,271,1.0,0.5992972787073358,7,271
synthea,11,111,naive-recalibrated-2c,274,1.0,0.4865081796685697,8,274
synthea,11,111,naive-recalibrated-2c,260,1.0,0.7096159761692241,9,260
synthea,11,111,naive-recalibrated-2c,287,1.0,0.8089821126546727,10,287
synthea,11,111,naive-recalibrated-2c,268,1.0,0.7587924860071084,11,268
synthea,11,111,naive-recalibrated-2c,283,1.0,0.799318170723508,12,283
synthea,11,111,naive-recalibrated-2c,281,0.9928825622775801,0.7766464387168419,13,279
synthea,11,111,naive-recalibrated-2c,289,0.9965397923875432,0.6326151557550356,14,288
synthea,11,111,naive-recalibrated-2c,278,0.9784172661870504,0.748836966198698,15,272
synthea,11,111,naive-recalibrated-2c,261,0.9923371647509579,0.6910655655628236,16,259
synthea,11,111,naive-recalibrated-2c,272,0.9816176470588235,0.6690921781675816,17,267
synthea,11,111,naive-recalibrated-2c,279,0.9068100358422939,0.764785904879395,18,253
synthea,11,111,naive-recalibrated-2c,282,0.5531914893617021,0.592087823547185,19,156
synthea,11,111,naive-recalibrated-2c,271,0.7601476014760148,0.5774869732975346,20,206
synthea,11,111,naive-recalibrated-2c,282,0.7943262411347518,0.5738252481534182,21,224
synthea,11,111,naive-recalibrated-2c,290,0.5689655172413793,0.6358591118010463,22,165
synthea,11,111,naive-recalibrated-2c,285,0.5964912280701754,0.4414312990277782,23,170
synthea,11,111,naive-recalibrated-2c,280,0.6142857142857143,0.3662081518260345,24,172
synthea,11,111,naive-recalibrated-2c,286,0.5524475524475524,0.39755745579740887,25,158
synthea,11,111,naive-recalibrated-2c,268,0.5597014925373134,0.5315209664917678,26,150
synthea,11,111,naive-recalibrated-2c,286,0.5559440559440559,0.517692811866693,27,159
synthea,11,111,naive-recalibrated-2c,258,0.5658914728682171,0.41248631495220406,28,146
synthea,11,111,naive-recalibrated-2c,273,0.8278388278388278,0.6458520698372667,29,226
synthea,11,111,naive-recalibrated-2c,286,0.6643356643356644,0.7349379719736427,30,190
synthea,11,111,naive-recalibrated-2c,302,0.5993377483443708,0.5378897737187825,31,181
synthea,11,111,naive-recalibrated-2c,280,0.4642857142857143,0.335956490252609,32,130
synthea,11,111,naive-recalibrated-2c,269,0.7509293680297398,0.3996586006362757,33,202
synthea,11,111,naive-recalibrated-2c,273,0.673992673992674,0.3998579393071894,34,184
synthea,11,111,naive-recalibrated-2c,275,0.7381818181818182,0.7344337640149096,35,203
synthea,11,111,naive-recalibrated-2c,275,0.8472727272727273,0.6295408944117873,36,233
synthea,11,111,naive-recalibrated-2c,264,0.696969696969697,0.5714498582253205,37,184
synthea,11,111,naive-recalibrated-2c,288,0.7465277777777778,0.55748949132231,38,215
synthea,11,111,naive-recalibrated-2c,269,0.7360594795539034,0.5268286533968621,39,198
synthea,11,111,naive-recalibrated-2c,256,0.78515625,0.5569722287300501,40,201
synthea,11,111,naive-recalibrated-2c,263,0.5133079847908745,0.390493546705305,41,135
synthea,11,111,naive-recalibrated-2c,290,0.6241379310344828,0.44459446417876375,42,181
synthea,11,111,naive-recalibrated-2c,295,0.6440677966101694,0.5636698453751369,43,190
synthea,11,111,naive-recalibrated-2c,285,0.712280701754386,0.5248542073633812,44,203
synthea,11,111,naive-recalibrated-2c,265,0.5169811320754717,0.3602295595420988,45,137
synthea,11,111,naive-recalibrated-2c,278,0.460431654676259,0.33738300379810887,46,128
synthea,11,111,naive-recalibrated-2c,284,0.5598591549295775,0.383268480614576,47,159
synthea,11,111,naive-recalibrated-2c,276,0.572463768115942,0.5041861958625151,48,158
synthea,11,111,naive-recalibrated-2c,276,0.5579710144927537,0.4986503859269363,49,154
synthea,11,111,naive-recalibrated-2c,280,0.3464285714285714,0.47425969458019623,50,97
synthea,11,111,handle-only-drop-residual,0,,0.0,1,0
synthea,11,111,handle-only-drop-residual,0,,0.0,2,0
synthea,11,111,handle-only-drop-residual,0,,0.0,3,0
synthea,11,111,handle-only-drop-residual,0,,0.0,4,0
synthea,11,111,handle-only-drop-residual,0,,0.0,5,0
synthea,11,111,handle-only-drop-residual,0,,0.0,6,0
synthea,11,111,handle-only-drop-residual,0,,0.0,7,0
synthea,11,111,handle-only-drop-residual,0,,0.0,8,0
synthea,11,111,handle-only-drop-residual,0,,0.0,9,0
synthea,11,111,handle-only-drop-residual,0,,0.0,10,0
synthea,11,111,handle-only-drop-residual,0,,0.0,11,0
synthea,11,111,handle-only-drop-residual,0,,0.0,12,0
synthea,11,111,handle-only-drop-residual,0,,0.0,13,0
synthea,11,111,handle-only-drop-residual,0,,0.0,14,0
synthea,11,111,handle-only-drop-residual,0,,0.0,15,0
synthea,11,111,handle-only-drop-residual,0,,0.0,16,0
synthea,11,111,handle-only-drop-residual,0,,0.0,17,0
synthea,11,111,handle-only-drop-residual,0,,0.0,18,0
synthea,11,111,handle-only-drop-residual,0,,0.0,19,0
synthea,11,111,handle-only-drop-residual,0,,0.0,20,0
synthea,11,111,handle-only-drop-residual,0,,0.0,21,0
synthea,11,111,handle-only-drop-residual,0,,0.0,22,0
synthea,11,111,handle-only-drop-residual,0,,0.0,23,0
synthea,11,111,handle-only-drop-residual,0,,0.0,24,0
synthea,11,111,handle-only-drop-residual,0,,0.0,25,0
synthea,11,111,handle-only-drop-residual,0,,0.0,26,0
synthea,11,111,handle-only-drop-residual,0,,0.0,27,0
synthea,11,111,handle-only-drop-residual,0,,0.0,28,0
synthea,11,111,handle-only-drop-residual,0,,0.0,29,0
synthea,11,111,handle-only-drop-residual,0,,0.0,30,0
synthea,11,111,handle-only-drop-residual,0,,0.0,31,0
synthea,11,111,handle-only-drop-residual,0,,0.0,32,0
synthea,11,111,handle-only-drop-residual,0,,0.0,33,0
synthea,11,111,handle-only-drop-residual,0,,0.0,34,0
synthea,11,111,handle-only-drop-residual,0,,0.0,35,0
synthea,11,111,handle-only-drop-residual,0,,0.0,36,0
synthea,11,111,handle-only-drop-residual,0,,0.0,37,0
synthea,11,111,handle-only-drop-residual,0,,0.0,38,0
synthea,11,111,handle-only-drop-residual,0,,0.0,39,0
synthea,11,111,handle-only-drop-residual,0,,0.0,40,0
synthea,11,111,handle-only-drop-residual,0,,0.0,41,0
synthea,11,111,handle-only-drop-residual,0,,0.0,42,0
synthea,11,111,handle-only-drop-residual,0,,0.0,43,0
synthea,11,111,handle-only-drop-residual,0,,0.0,44,0
synthea,11,111,handle-only-drop-residual,0,,0.0,45,0
synthea,11,111,handle-only-drop-residual,0,,0.0,46,0
synthea,11,111,handle-only-drop-residual,0,,0.0,47,0
synthea,11,111,handle-only-drop-residual,0,,0.0,48,0
synthea,11,111,handle-only-drop-residual,0,,0.0,49,0
synthea,11,111,handle-only-drop-residual,0,,0.0,50,0
synthea,11,111,stable-local-fallback,461,1.0,1.0,1,461
synthea,11,111,stable-local-fallback,454,1.0,1.0,2,454
synthea,11,111,stable-local-fallback,447,1.0,1.0,3,447
synthea,11,111,stable-local-fallback,449,1.0,1.0,4,449
synthea,11,111,stable-local-fallback,447,1.0,1.0,5,447
synthea,11,111,stable-local-fallback,458,1.0,1.0,6,458
synthea,11,111,stable-local-fallback,455,1.0,1.0,7,455
synthea,11,111,stable-local-fallback,460,1.0,1.0,8,460
synthea,11,111,stable-local-fallback,442,1.0,1.0,9,442
synthea,11,111,stable-local-fallback,439,1.0,1.0,10,439
synthea,11,111,stable-local-fallback,457,1.0,1.0,11,457
synthea,11,111,stable-local-fallback,454,1.0,1.0,12,454
synthea,11,111,stable-local-fallback,453,1.0,1.0,13,453
synthea,11,111,stable-local-fallback,457,1.0,1.0,14,457
synthea,11,111,stable-local-fallback,472,1.0,1.0,15,472
synthea,11,111,stable-local-fallback,441,1.0,1.0,16,441
synthea,11,111,stable-local-fallback,456,1.0,1.0,17,456
synthea,11,111,stable-local-fallback,458,0.8995633187772926,1.0,18,412
synthea,11,111,stable-local-fallback,456,0.743421052631579,1.0,19,339
synthea,11,111,stable-local-fallback,461,0.4229934924078091,1.0,20,195
synthea,11,111,stable-local-fallback,462,0.3658008658008658,1.0,21,169
synthea,11,111,stable-local-fallback,463,0.2613390928725702,1.0,22,121
synthea,11,111,stable-local-fallback,449,0.3184855233853007,1.0,23,143
synthea,11,111,stable-local-fallback,451,0.3370288248337029,1.0,24,152
synthea,11,111,stable-local-fallback,460,0.2891304347826087,1.0,25,133
synthea,11,111,stable-local-fallback,459,0.2636165577342048,1.0,26,121
synthea,11,111,stable-local-fallback,447,0.2684563758389262,1.0,27,120
synthea,11,111,stable-local-fallback,440,0.2727272727272727,1.0,28,120
synthea,11,111,stable-local-fallback,460,0.23043478260869565,1.0,29,106
synthea,11,111,stable-local-fallback,452,0.22787610619469026,1.0,30,103
synthea,11,111,stable-local-fallback,464,0.25,1.0,31,116
synthea,11,111,stable-local-fallback,464,0.26939655172413796,1.0,32,125
synthea,11,111,stable-local-fallback,459,0.28104575163398693,1.0,33,129
synthea,11,111,stable-local-fallback,457,0.2844638949671772,1.0,34,130
synthea,11,111,stable-local-fallback,453,0.23620309050772628,1.0,35,107
synthea,11,111,stable-local-fallback,453,0.2671081677704194,1.0,36,121
synthea,11,111,stable-local-fallback,467,0.2462526766595289,1.0,37,115
synthea,11,111,stable-local-fallback,466,0.2575107296137339,1.0,38,120
synthea,11,111,stable-local-fallback,466,0.2532188841201717,1.0,39,118
synthea,11,111,stable-local-fallback,459,0.24836601307189543,1.0,40,114
synthea,11,111,stable-local-fallback,458,0.2576419213973799,1.0,41,118
synthea,11,111,stable-local-fallback,455,0.27912087912087913,1.0,42,127
synthea,11,111,stable-local-fallback,458,0.2445414847161572,1.0,43,112
synthea,11,111,stable-local-fallback,449,0.24498886414253898,1.0,44,110
synthea,11,111,stable-local-fallback,444,0.24774774774774774,1.0,45,110
synthea,11,111,stable-local-fallback,458,0.2336244541484716,1.0,46,107
synthea,11,111,stable-local-fallback,456,0.24780701754385964,1.0,47,113
synthea,11,111,stable-local-fallback,454,0.2290748898678414,1.0,48,104
synthea,11,111,stable-local-fallback,456,0.24342105263157895,1.0,49,111
synthea,11,111,stable-local-fallback,449,0.22717149220489977,1.0,50,102
synthea,12,112,naive-recalibrated-2c,259,1.0,0.19058012059680854,1,259
synthea,12,112,naive-recalibrated-2c,282,1.0,0.20229087903023116,2,282
synthea,12,112,naive-recalibrated-2c,286,1.0,0.23975561477818744,3,286
synthea,12,112,naive-recalibrated-2c,283,1.0,0.2855598856730734,4,283
synthea,12,112,naive-recalibrated-2c,268,1.0,0.3188239451478973,5,268
synthea,12,112,naive-recalibrated-2c,258,1.0,0.29763492799328073,6,258
synthea,12,112,naive-recalibrated-2c,273,1.0,0.48390103564211556,7,273
synthea,12,112,naive-recalibrated-2c,263,1.0,0.7080400809791476,8,263
synthea,12,112,naive-recalibrated-2c,269,1.0,0.7489306999307416,9,269
synthea,12,112,naive-recalibrated-2c,266,1.0,0.7207178760369949,10,266
synthea,12,112,naive-recalibrated-2c,273,1.0,0.6955977524287235,11,273
synthea,12,112,naive-recalibrated-2c,265,1.0,0.7411207335793639,12,265
synthea,12,112,naive-recalibrated-2c,284,1.0,0.8214097982178632,13,284
synthea,12,112,naive-recalibrated-2c,273,0.9926739926739927,0.5366008621345604,14,271
synthea,12,112,naive-recalibrated-2c,284,0.9929577464788732,0.777287164792539,15,282
synthea,12,112,naive-recalibrated-2c,279,0.9283154121863799,0.45728087921258886,16,259
synthea,12,112,naive-recalibrated-2c,261,0.8850574712643678,0.5284654079628079,17,231
synthea,12,112,naive-recalibrated-2c,278,0.8992805755395683,0.6165269109220757,18,250
synthea,12,112,naive-recalibrated-2c,270,0.8185185185185185,0.5511294095154359,19,221
synthea,12,112,naive-recalibrated-2c,261,0.7509578544061303,0.5307693248819628,20,196
synthea,12,112,naive-recalibrated-2c,265,0.7358490566037735,0.4261345470799236,21,195
synthea,12,112,naive-recalibrated-2c,254,0.7559055118110236,0.47344666524002116,22,192
synthea,12,112,naive-recalibrated-2c,275,0.7745454545454545,0.4851975316674267,23,213
synthea,12,112,naive-recalibrated-2c,264,0.946969696969697,0.8149460888385935,24,250
synthea,12,112,naive-recalibrated-2c,279,0.8924731182795699,0.7580040930631554,25,249
synthea,12,112,naive-recalibrated-2c,262,0.7404580152671756,0.6602497480092642,26,194
synthea,12,112,naive-recalibrated-2c,303,0.8316831683168316,0.783742852472903,27,252
synthea,12,112,naive-recalibrated-2c,263,0.7718631178707225,0.5956115076581718,28,203
synthea,12,112,naive-recalibrated-2c,263,0.6159695817490495,0.4005422134678799,29,162
synthea,12,112,naive-recalibrated-2c,258,0.6589147286821705,0.4095977507541848,30,170
synthea,12,112,naive-recalibrated-2c,272,0.5220588235294118,0.4054398312438025,31,142
synthea,12,112,naive-recalibrated-2c,288,0.5868055555555556,0.6855234221006861,32,169
synthea,12,112,naive-recalibrated-2c,264,0.6325757575757576,0.4816338949699302,33,167
synthea,12,112,naive-recalibrated-2c,274,0.7116788321167883,0.4369647935890224,34,195
synthea,12,112,naive-recalibrated-2c,278,0.7913669064748201,0.6877666772001654,35,220
synthea,12,112,naive-recalibrated-2c,248,0.9233870967741935,0.5963054009623133,36,229
synthea,12,112,naive-recalibrated-2c,276,0.9057971014492754,0.7459172057264103,37,250
synthea,12,112,naive-recalibrated-2c,274,0.9379562043795621,0.5261905952380553,38,257
synthea,12,112,naive-recalibrated-2c,275,0.9854545454545455,0.7760719134392706,39,271
synthea,12,112,naive-recalibrated-2c,277,1.0,0.6079991728822435,40,277
synthea,12,112,naive-recalibrated-2c,250,1.0,0.7828184740070444,41,250
synthea,12,112,naive-recalibrated-2c,285,0.9263157894736842,0.6775063421699369,42,264
synthea,12,112,naive-recalibrated-2c,266,0.9210526315789473,0.7921164402738773,43,245
synthea,12,112,naive-recalibrated-2c,285,0.8035087719298246,0.6402295996575059,44,229
synthea,12,112,naive-recalibrated-2c,274,0.8978102189781022,0.6616805795254023,45,246
synthea,12,112,naive-recalibrated-2c,256,0.953125,0.6067198039074375,46,244
synthea,12,112,naive-recalibrated-2c,276,0.8659420289855072,0.7342118805037674,47,239
synthea,12,112,naive-recalibrated-2c,280,0.7178571428571429,0.5129828100267931,48,201
synthea,12,112,naive-recalibrated-2c,258,0.7248062015503876,0.5797509102390613,49,187
synthea,12,112,naive-recalibrated-2c,277,0.740072202166065,0.685039121813003,50,205
synthea,12,112,unitscope-lambda-sweep,259,1.0,0.02580657181611042,1,259
synthea,12,112,unitscope-lambda-sweep,282,1.0,0.02736796650442697,2,282
synthea,12,112,unitscope-lambda-sweep,286,1.0,0.029262937160871614,3,286
synthea,12,112,unitscope-lambda-sweep,283,1.0,0.028628905665352488,4,283
synthea,12,112,unitscope-lambda-sweep,268,1.0,0.0304023313195976,5,268
synthea,12,112,unitscope-lambda-sweep,258,1.0,0.028702269420134464,6,258
synthea,12,112,unitscope-lambda-sweep,273,1.0,0.048499425460802666,7,273
synthea,12,112,unitscope-lambda-sweep,263,1.0,0.07780025396373572,8,263
synthea,12,112,unitscope-lambda-sweep,269,1.0,0.11248017384277051,9,269
synthea,12,112,unitscope-lambda-sweep,266,1.0,0.07526527530980924,10,266
synthea,12,112,unitscope-lambda-sweep,273,1.0,0.10493412680574013,11,273
synthea,12,112,unitscope-lambda-sweep,265,1.0,0.18964465142782858,12,265
synthea,12,112,unitscope-lambda-sweep,284,1.0,0.1418645414240469,13,284
synthea,12,112,unitscope-lambda-sweep,273,1.0,0.2660419166683035,14,273
synthea,12,112,unitscope-lambda-sweep,284,1.0,0.10720332096047934,15,284
synthea,12,112,unitscope-lambda-sweep,279,1.0,0.18800178086734864,16,279
synthea,12,112,unitscope-lambda-sweep,261,1.0,0.1849666351586886,17,261
synthea,12,112,unitscope-lambda-sweep,278,1.0,0.3346896926175647,18,278
synthea,12,112,unitscope-lambda-sweep,270,1.0,0.3352931484920738,19,270
synthea,12,112,unitscope-lambda-sweep,261,1.0,0.2598376402018627,20,261
synthea,12,112,unitscope-lambda-sweep,265,1.0,0.262769376821637,21,265
synthea,12,112,unitscope-lambda-sweep,254,1.0,0.22921626569667478,22,254
synthea,12,112,unitscope-lambda-sweep,275,1.0,0.22749315769957446,23,275
synthea,12,112,unitscope-lambda-sweep,264,1.0,0.1684218866442682,24,264
synthea,12,112,unitscope-lambda-sweep,279,1.0,0.15299233776640817,25,279
synthea,12,112,unitscope-lambda-sweep,262,1.0,0.2274725148226248,26,262
synthea,12,112,unitscope-lambda-sweep,303,1.0,0.19180523977373617,27,303
synthea,12,112,unitscope-lambda-sweep,263,1.0,0.32023130711877595,28,263
synthea,12,112,unitscope-lambda-sweep,263,1.0,0.19674797771088579,29,263
synthea,12,112,unitscope-lambda-sweep,258,1.0,0.15279976634572373,30,258
synthea,12,112,unitscope-lambda-sweep,272,1.0,0.2043935199635223,31,272
synthea,12,112,unitscope-lambda-sweep,288,1.0,0.19426318791133154,32,288
synthea,12,112,unitscope-lambda-sweep,264,1.0,0.32046524865753806,33,264
synthea,12,112,unitscope-lambda-sweep,274,1.0,0.14844391925816958,34,274
synthea,12,112,unitscope-lambda-sweep,278,1.0,0.2882226982353561,35,278
synthea,12,112,unitscope-lambda-sweep,248,1.0,0.328482374269879,36,248
synthea,12,112,unitscope-lambda-sweep,276,1.0,0.22763629048141515,37,276
synthea,12,112,unitscope-lambda-sweep,274,1.0,0.2350261495170859,38,274
synthea,12,112,unitscope-lambda-sweep,275,1.0,0.15529207550318525,39,275
synthea,12,112,unitscope-lambda-sweep,277,1.0,0.2815918099986175,40,277
synthea,12,112,unitscope-lambda-sweep,250,1.0,0.1458048923433533,41,250
synthea,12,112,unitscope-lambda-sweep,285,1.0,0.20132242026468053,42,285
synthea,12,112,unitscope-lambda-sweep,266,1.0,0.17458874081180104,43,266
synthea,12,112,unitscope-lambda-sweep,285,1.0,0.18702193852255522,44,285
synthea,12,112,unitscope-lambda-sweep,274,1.0,0.292607505437405,45,274
synthea,12,112,unitscope-lambda-sweep,256,1.0,0.17327760356178262,46,256
synthea,12,112,unitscope-lambda-sweep,276,1.0,0.19450601670934894,47,276
synthea,12,112,unitscope-lambda-sweep,280,1.0,0.27435827630983717,48,280
synthea,12,112,unitscope-lambda-sweep,258,1.0,0.1670128918621894,49,258
synthea,12,112,unitscope-lambda-sweep,277,1.0,0.3132641030439086,50,277
synthea,12,112,handle-only-drop-residual,0,,0.0,1,0
synthea,12,112,handle-only-drop-residual,0,,0.0,2,0
synthea,12,112,handle-only-drop-residual,0,,0.0,3,0
synthea,12,112,handle-only-drop-residual,0,,0.0,4,0
synthea,12,112,handle-only-drop-residual,0,,0.0,5,0
synthea,12,112,handle-only-drop-residual,0,,0.0,6,0
synthea,12,112,handle-only-drop-residual,0,,0.0,7,0
synthea,12,112,handle-only-drop-residual,0,,0.0,8,0
synthea,12,112,handle-only-drop-residual,0,,0.0,9,0
synthea,12,112,handle-only-drop-residual,0,,0.0,10,0
synthea,12,112,handle-only-drop-residual,0,,0.0,11,0
synthea,12,112,handle-only-drop-residual,0,,0.0,12,0
synthea,12,112,handle-only-drop-residual,0,,0.0,13,0
synthea,12,112,handle-only-drop-residual,0,,0.0,14,0
synthea,12,112,handle-only-drop-residual,0,,0.0,15,0
synthea,12,112,handle-only-drop-residual,0,,0.0,16,0
synthea,12,112,handle-only-drop-residual,0,,0.0,17,0
synthea,12,112,handle-only-drop-residual,0,,0.0,18,0
synthea,12,112,handle-only-drop-residual,0,,0.0,19,0
synthea,12,112,handle-only-drop-residual,0,,0.0,20,0
synthea,12,112,handle-only-drop-residual,0,,0.0,21,0
synthea,12,112,handle-only-drop-residual,0,,0.0,22,0
synthea,12,112,handle-only-drop-residual,0,,0.0,23,0
synthea,12,112,handle-only-drop-residual,0,,0.0,24,0
synthea,12,112,handle-only-drop-residual,0,,0.0,25,0
synthea,12,112,handle-only-drop-residual,0,,0.0,26,0
synthea,12,112,handle-only-drop-residual,0,,0.0,27,0
synthea,12,112,handle-only-drop-residual,0,,0.0,28,0
synthea,12,112,handle-only-drop-residual,0,,0.0,29,0
synthea,12,112,handle-only-drop-residual,0,,0.0,30,0
synthea,12,112,handle-only-drop-residual,0,,0.0,31,0
synthea,12,112,handle-only-drop-residual,0,,0.0,32,0
synthea,12,112,handle-only-drop-residual,0,,0.0,33,0
synthea,12,112,handle-only-drop-residual,0,,0.0,34,0
synthea,12,112,handle-only-drop-residual,0,,0.0,35,0
synthea,12,112,handle-only-drop-residual,0,,0.0,36,0
synthea,12,112,handle-only-drop-residual,0,,0.0,37,0
synthea,12,112,handle-only-drop-residual,0,,0.0,38,0
synthea,12,112,handle-only-drop-residual,0,,0.0,39,0
synthea,12,112,handle-only-drop-residual,0,,0.0,40,0
synthea,12,112,handle-only-drop-residual,0,,0.0,41,0
synthea,12,112,handle-only-drop-residual,0,,0.0,42,0
synthea,12,112,handle-only-drop-residual,0,,0.0,43,0
synthea,12,112,handle-only-drop-residual,0,,0.0,44,0
synthea,12,112,handle-only-drop-residual,0,,0.0,45,0
synthea,12,112,handle-only-drop-residual,0,,0.0,46,0
synthea,12,112,handle-only-drop-residual,0,,0.0,47,0
synthea,12,112,handle-only-drop-residual,0,,0.0,48,0
synthea,12,112,handle-only-drop-residual,0,,0.0,49,0
synthea,12,112,handle-only-drop-residual,0,,0.0,50,0
synthea,12,112,stable-local-fallback,452,1.0,1.0,1,452
synthea,12,112,stable-local-fallback,451,1.0,1.0,2,451
synthea,12,112,stable-local-fallback,449,1.0,1.0,3,449
synthea,12,112,stable-local-fallback,441,1.0,1.0,4,441
synthea,12,112,stable-local-fallback,453,1.0,1.0,5,453
synthea,12,112,stable-local-fallback,454,1.0,1.0,6,454
synthea,12,112,stable-local-fallback,444,1.0,1.0,7,444
synthea,12,112,stable-local-fallback,448,1.0,1.0,8,448
synthea,12,112,stable-local-fallback,443,1.0,1.0,9,443
synthea,12,112,stable-local-fallback,460,1.0,1.0,10,460
synthea,12,112,stable-local-fallback,449,1.0,1.0,11,449
synthea,12,112,stable-local-fallback,450,1.0,1.0,12,450
synthea,12,112,stable-local-fallback,457,1.0,1.0,13,457
synthea,12,112,stable-local-fallback,449,1.0,1.0,14,449
synthea,12,112,stable-local-fallback,459,1.0,1.0,15,459
synthea,12,112,stable-local-fallback,457,1.0,1.0,16,457
synthea,12,112,stable-local-fallback,443,1.0,1.0,17,443
synthea,12,112,stable-local-fallback,453,1.0,1.0,18,453
synthea,12,112,stable-local-fallback,451,1.0,1.0,19,451
synthea,12,112,stable-local-fallback,436,0.944954128440367,1.0,20,412
synthea,12,112,stable-local-fallback,450,0.8177777777777778,1.0,21,368
synthea,12,112,stable-local-fallback,451,0.6696230598669624,1.0,22,302
synthea,12,112,stable-local-fallback,452,0.5221238938053098,1.0,23,236
synthea,12,112,stable-local-fallback,455,0.4593406593406593,1.0,24,209
synthea,12,112,stable-local-fallback,463,0.38444924406047515,1.0,25,178
synthea,12,112,stable-local-fallback,444,0.3333333333333333,1.0,26,148
synthea,12,112,stable-local-fallback,464,0.2952586206896552,1.0,27,137
synthea,12,112,stable-local-fallback,433,0.2956120092378753,1.0,28,128
synthea,12,112,stable-local-fallback,454,0.30176211453744495,1.0,29,137
synthea,12,112,stable-local-fallback,444,0.2972972972972973,1.0,30,132
synthea,12,112,stable-local-fallback,449,0.2828507795100223,1.0,31,127
synthea,12,112,stable-local-fallback,454,0.2599118942731278,1.0,32,118
synthea,12,112,stable-local-fallback,436,0.2889908256880734,1.0,33,126
synthea,12,112,stable-local-fallback,434,0.3087557603686636,1.0,34,134
synthea,12,112,stable-local-fallback,443,0.27539503386004516,1.0,35,122
synthea,12,112,stable-local-fallback,445,0.30337078651685395,1.0,36,135
synthea,12,112,stable-local-fallback,453,0.2560706401766004,1.0,37,116
synthea,12,112,stable-local-fallback,447,0.28187919463087246,1.0,38,126
synthea,12,112,stable-local-fallback,451,0.2727272727272727,1.0,39,123
synthea,12,112,stable-local-fallback,459,0.27233115468409586,1.0,40,125
synthea,12,112,stable-local-fallback,442,0.29638009049773756,1.0,41,131
synthea,12,112,stable-local-fallback,458,0.26419213973799127,1.0,42,121
synthea,12,112,stable-local-fallback,445,0.27415730337078653,1.0,43,122
synthea,12,112,stable-local-fallback,454,0.28854625550660795,1.0,44,131
synthea,12,112,stable-local-fallback,444,0.28378378378378377,1.0,45,126
synthea,12,112,stable-local-fallback,448,0.32142857142857145,1.0,46,144
synthea,12,112,stable-local-fallback,435,0.2574712643678161,1.0,47,112
synthea,12,112,stable-local-fallback,440,0.2772727272727273,1.0,48,122
synthea,12,112,stable-local-fallback,435,0.2896551724137931,1.0,49,126
synthea,12,112,stable-local-fallback,447,0.24161073825503357,1.0,50,108
synthea,13,113,stable-local-fallback,459,1.0,1.0,1,459
synthea,13,113,stable-local-fallback,463,1.0,1.0,2,463
synthea,13,113,stable-local-fallback,459,1.0,1.0,3,459
synthea,13,113,stable-local-fallback,446,1.0,1.0,4,446
synthea,13,113,stable-local-fallback,459,1.0,1.0,5,459
synthea,13,113,stable-local-fallback,445,1.0,1.0,6,445
synthea,13,113,stable-local-fallback,453,1.0,1.0,7,453
synthea,13,113,stable-local-fallback,451,1.0,1.0,8,451
synthea,13,113,stable-local-fallback,455,1.0,1.0,9,455
synthea,13,113,stable-local-fallback,463,1.0,1.0,10,463
synthea,13,113,stable-local-fallback,450,1.0,1.0,11,450
synthea,13,113,stable-local-fallback,443,1.0,1.0,12,443
synthea,13,113,stable-local-fallback,454,1.0,1.0,13,454
synthea,13,113,stable-local-fallback,451,1.0,1.0,14,451
synthea,13,113,stable-local-fallback,462,1.0,1.0,15,462
synthea,13,113,stable-local-fallback,458,0.9781659388646288,1.0,16,448
synthea,13,113,stable-local-fallback,452,0.8849557522123894,1.0,17,400
synthea,13,113,stable-local-fallback,465,0.567741935483871,1.0,18,264
synthea,13,113,stable-local-fallback,449,0.3897550111358575,1.0,19,175
synthea,13,113,stable-local-fallback,456,0.3442982456140351,1.0,20,157
synthea,13,113,stable-local-fallback,457,0.29321663019693656,1.0,21,134
synthea,13,113,stable-local-fallback,461,0.30585683297180044,1.0,22,141
synthea,13,113,stable-local-fallback,457,0.3085339168490153,1.0,23,141
synthea,13,113,stable-local-fallback,457,0.28227571115973743,1.0,24,129
synthea,13,113,stable-local-fallback,460,0.2565217391304348,1.0,25,118
synthea,13,113,stable-local-fallback,463,0.24622030237580994,1.0,26,114
synthea,13,113,stable-local-fallback,464,0.2607758620689655,1.0,27,121
synthea,13,113,stable-local-fallback,464,0.2672413793103448,1.0,28,124
synthea,13,113,stable-local-fallback,447,0.28635346756152125,1.0,29,128
synthea,13,113,stable-local-fallback,451,0.2682926829268293,1.0,30,121
synthea,13,113,stable-local-fallback,459,0.2549019607843137,1.0,31,117
synthea,13,113,stable-local-fallback,456,0.23684210526315788,1.0,32,108
synthea,13,113,stable-local-fallback,449,0.2739420935412027,1.0,33,123
synthea,13,113,stable-local-fallback,451,0.29933481152993346,1.0,34,135
synthea,13,113,stable-local-fallback,456,0.26973684210526316,1.0,35,123
synthea,13,113,stable-local-fallback,454,0.23348017621145375,1.0,36,106
synthea,13,113,stable-local-fallback,464,0.2543103448275862,1.0,37,118
synthea,13,113,stable-local-fallback,452,0.27654867256637167,1.0,38,125
synthea,13,113,stable-local-fallback,458,0.29694323144104806,1.0,39,136
synthea,13,113,stable-local-fallback,445,0.2606741573033708,1.0,40,116
synthea,13,113,stable-local-fallback,451,0.24611973392461198,1.0,41,111
synthea,13,113,stable-local-fallback,452,0.24557522123893805,1.0,42,111
synthea,13,113,stable-local-fallback,467,0.24411134903640258,1.0,43,114
synthea,13,113,stable-local-fallback,446,0.25112107623318386,1.0,44,112
synthea,13,113,stable-local-fallback,458,0.27074235807860264,1.0,45,124
synthea,13,113,stable-local-fallback,455,0.2571428571428571,1.0,46,117
synthea,13,113,stable-local-fallback,466,0.24892703862660945,1.0,47,116
synthea,13,113,stable-local-fallback,452,0.24778761061946902,1.0,48,112
synthea,13,113,stable-local-fallback,462,0.24675324675324675,1.0,49,114
synthea,13,113,stable-local-fallback,442,0.2692307692307692,1.0,50,119
synthea,13,113,unitscope-lambda-sweep,269,1.0,0.019259944572341252,1,269
synthea,13,113,unitscope-lambda-sweep,260,1.0,0.018090606185795968,2,260
synthea,13,113,unitscope-lambda-sweep,262,1.0,0.032104458595617946,3,262
synthea,13,113,unitscope-lambda-sweep,264,1.0,0.0670821064040522,4,264
synthea,13,113,unitscope-lambda-sweep,269,1.0,0.06626368386777741,5,269
synthea,13,113,unitscope-lambda-sweep,272,1.0,0.06391991773431857,6,272
synthea,13,113,unitscope-lambda-sweep,259,1.0,0.05970877011384803,7,259
synthea,13,113,unitscope-lambda-sweep,267,1.0,0.06605447483658533,8,267
synthea,13,113,unitscope-lambda-sweep,275,1.0,0.15596665004337748,9,275
synthea,13,113,unitscope-lambda-sweep,275,1.0,0.2602109560172597,10,275
synthea,13,113,unitscope-lambda-sweep,268,1.0,0.14661644731403242,11,268
synthea,13,113,unitscope-lambda-sweep,275,1.0,0.21306302824284215,12,275
synthea,13,113,unitscope-lambda-sweep,281,1.0,0.14226066101922524,13,281
synthea,13,113,unitscope-lambda-sweep,287,1.0,0.28589557246515745,14,287
synthea,13,113,unitscope-lambda-sweep,270,1.0,0.23702805628000398,15,270
synthea,13,113,unitscope-lambda-sweep,289,1.0,0.28422147337252696,16,289
synthea,13,113,unitscope-lambda-sweep,278,1.0,0.11613264993454454,17,278
synthea,13,113,unitscope-lambda-sweep,295,1.0,0.2399566381779258,18,295
synthea,13,113,unitscope-lambda-sweep,273,1.0,0.2778880892607803,19,273
synthea,13,113,unitscope-lambda-sweep,266,1.0,0.10085536768773035,20,266
synthea,13,113,unitscope-lambda-sweep,283,1.0,0.3330181146681353,21,283
synthea,13,113,unitscope-lambda-sweep,283,1.0,0.25474198175978,22,283
synthea,13,113,unitscope-lambda-sweep,285,1.0,0.22315601221308057,23,285
synthea,13,113,unitscope-lambda-sweep,283,1.0,0.2692650821412548,24,283
synthea,13,113,unitscope-lambda-sweep,283,1.0,0.3209818388585456,25,283
synthea,13,113,unitscope-lambda-sweep,255,1.0,0.2627285545540056,26,255
synthea,13,113,unitscope-lambda-sweep,279,1.0,0.3453878514719776,27,279
synthea,13,113,unitscope-lambda-sweep,277,1.0,0.33640610768180745,28,277
synthea,13,113,unitscope-lambda-sweep,260,1.0,0.2168644134256798,29,260
synthea,13,113,unitscope-lambda-sweep,268,1.0,0.22175473621075403,30,268
synthea,13,113,unitscope-lambda-sweep,254,1.0,0.13900262029818788,31,254
synthea,13,113,unitscope-lambda-sweep,270,1.0,0.26263768971795104,32,270
synthea,13,113,unitscope-lambda-sweep,274,1.0,0.17589489202356698,33,274
synthea,13,113,unitscope-lambda-sweep,263,1.0,0.09776221405782201,34,263
synthea,13,113,unitscope-lambda-sweep,267,1.0,0.18288332265715831,35,267
synthea,13,113,unitscope-lambda-sweep,271,1.0,0.24485146145945522,36,271
synthea,13,113,unitscope-lambda-sweep,266,1.0,0.31679943294449175,37,266
synthea,13,113,unitscope-lambda-sweep,257,1.0,0.15471778016677368,38,257
synthea,13,113,unitscope-lambda-sweep,280,1.0,0.14595377056281697,39,280
synthea,13,113,unitscope-lambda-sweep,254,1.0,0.29507913246460876,40,254
synthea,13,113,unitscope-lambda-sweep,274,1.0,0.31732224762491434,41,274
synthea,13,113,unitscope-lambda-sweep,282,1.0,0.2880578540474505,42,282
synthea,13,113,unitscope-lambda-sweep,278,1.0,0.2941236851561578,43,278
synthea,13,113,unitscope-lambda-sweep,291,1.0,0.3191428347155127,44,291
synthea,13,113,unitscope-lambda-sweep,283,1.0,0.1367216129132263,45,283
synthea,13,113,unitscope-lambda-sweep,287,1.0,0.23176269533461705,46,287
synthea,13,113,unitscope-lambda-sweep,294,1.0,0.2748079825316981,47,294
synthea,13,113,unitscope-lambda-sweep,279,1.0,0.1594059413783104,48,279
synthea,13,113,unitscope-lambda-sweep,286,1.0,0.281105167789739,49,286
synthea,13,113,unitscope-lambda-sweep,285,1.0,0.19049357820156573,50,285
synthea,13,113,handle-only-drop-residual,0,,0.0,1,0
synthea,13,113,handle-only-drop-residual,0,,0.0,2,0
synthea,13,113,handle-only-drop-residual,0,,0.0,3,0
synthea,13,113,handle-only-drop-residual,0,,0.0,4,0
synthea,13,113,handle-only-drop-residual,0,,0.0,5,0
synthea,13,113,handle-only-drop-residual,0,,0.0,6,0
synthea,13,113,handle-only-drop-residual,0,,0.0,7,0
synthea,13,113,handle-only-drop-residual,0,,0.0,8,0
synthea,13,113,handle-only-drop-residual,0,,0.0,9,0
synthea,13,113,handle-only-drop-residual,0,,0.0,10,0
synthea,13,113,handle-only-drop-residual,0,,0.0,11,0
synthea,13,113,handle-only-drop-residual,0,,0.0,12,0
synthea,13,113,handle-only-drop-residual,0,,0.0,13,0
synthea,13,113,handle-only-drop-residual,0,,0.0,14,0
synthea,13,113,handle-only-drop-residual,0,,0.0,15,0
synthea,13,113,handle-only-drop-residual,0,,0.0,16,0
synthea,13,113,handle-only-drop-residual,0,,0.0,17,0
synthea,13,113,handle-only-drop-residual,0,,0.0,18,0
synthea,13,113,handle-only-drop-residual,0,,0.0,19,0
synthea,13,113,handle-only-drop-residual,0,,0.0,20,0
synthea,13,113,handle-only-drop-residual,0,,0.0,21,0
synthea,13,113,handle-only-drop-residual,0,,0.0,22,0
synthea,13,113,handle-only-drop-residual,0,,0.0,23,0
synthea,13,113,handle-only-drop-residual,0,,0.0,24,0
synthea,13,113,handle-only-drop-residual,0,,0.0,25,0
synthea,13,113,handle-only-drop-residual,0,,0.0,26,0
synthea,13,113,handle-only-drop-residual,0,,0.0,27,0
synthea,13,113,handle-only-drop-residual,0,,0.0,28,0
synthea,13,113,handle-only-drop-residual,0,,0.0,29,0
synthea,13,113,handle-only-drop-residual,0,,0.0,30,0
synthea,13,113,handle-only-drop-residual,0,,0.0,31,0
synthea,13,113,handle-only-drop-residual,0,,0.0,32,0
synthea,13,113,handle-only-drop-residual,0,,0.0,33,0
synthea,13,113,handle-only-drop-residual,0,,0.0,34,0
synthea,13,113,handle-only-drop-residual,0,,0.0,35,0
synthea,13,113,handle-only-drop-residual,0,,0.0,36,0
synthea,13,113,handle-only-drop-residual,0,,0.0,37,0
synthea,13,113,handle-only-drop-residual,0,,0.0,38,0
synthea,13,113,handle-only-drop-residual,0,,0.0,39,0
synthea,13,113,handle-only-drop-residual,0,,0.0,40,0
synthea,13,113,handle-only-drop-residual,0,,0.0,41,0
synthea,13,113,handle-only-drop-residual,0,,0.0,42,0
synthea,13,113,handle-only-drop-residual,0,,0.0,43,0
synthea,13,113,handle-only-drop-residual,0,,0.0,44,0
synthea,13,113,handle-only-drop-residual,0,,0.0,45,0
synthea,13,113,handle-only-drop-residual,0,,0.0,46,0
synthea,13,113,handle-only-drop-residual,0,,0.0,47,0
synthea,13,113,handle-only-drop-residual,0,,0.0,48,0
synthea,13,113,handle-only-drop-residual,0,,0.0,49,0
synthea,13,113,handle-only-drop-residual,0,,0.0,50,0
synthea,13,113,naive-recalibrated-2c,269,1.0,0.151215412610655,1,269
synthea,13,113,naive-recalibrated-2c,260,1.0,0.16678470318707897,2,260
synthea,13,113,naive-recalibrated-2c,262,1.0,0.31055113409315976,3,262
synthea,13,113,naive-recalibrated-2c,264,1.0,0.5769302440819967,4,264
synthea,13,113,naive-recalibrated-2c,269,1.0,0.6086131531294199,5,269
synthea,13,113,naive-recalibrated-2c,272,1.0,0.5666497073171792,6,272
synthea,13,113,naive-recalibrated-2c,259,1.0,0.5847744103057708,7,259
synthea,13,113,naive-recalibrated-2c,267,1.0,0.6151724112102631,8,267
synthea,13,113,naive-recalibrated-2c,275,0.9818181818181818,0.675174156368911,9,270
synthea,13,113,naive-recalibrated-2c,275,1.0,0.5274321585209322,10,275
synthea,13,113,naive-recalibrated-2c,268,1.0,0.6923184840982571,11,268
synthea,13,113,naive-recalibrated-2c,275,0.9127272727272727,0.6171536770260477,12,251
synthea,13,113,naive-recalibrated-2c,281,0.9323843416370107,0.7944681453212488,13,262
synthea,13,113,naive-recalibrated-2c,287,0.8710801393728222,0.5333451943609897,14,250
synthea,13,113,naive-recalibrated-2c,270,0.9851851851851852,0.4490429755205178,15,266
synthea,13,113,naive-recalibrated-2c,289,0.9480968858131488,0.5889385197386743,16,274
synthea,13,113,naive-recalibrated-2c,278,0.9712230215827338,0.8177881289583573,17,270
synthea,13,113,naive-recalibrated-2c,295,0.7694915254237288,0.5164934434318637,18,227
synthea,13,113,naive-recalibrated-2c,273,0.706959706959707,0.4891614855715447,19,193
synthea,13,113,naive-recalibrated-2c,266,0.8082706766917294,0.8088942726519968,20,215
synthea,13,113,naive-recalibrated-2c,283,0.4381625441696113,0.519160375634642,21,124
synthea,13,113,naive-recalibrated-2c,283,0.6749116607773852,0.5446858848797546,22,191
synthea,13,113,naive-recalibrated-2c,285,0.7157894736842105,0.47187836848280595,23,204
synthea,13,113,naive-recalibrated-2c,283,0.5936395759717314,0.474265792231955,24,168
synthea,13,113,naive-recalibrated-2c,283,0.7667844522968198,0.6166595715771154,25,217
synthea,13,113,naive-recalibrated-2c,255,0.611764705882353,0.5501236843458044,26,156
synthea,13,113,naive-recalibrated-2c,279,0.8960573476702509,0.5647705690894727,27,250
synthea,13,113,naive-recalibrated-2c,277,0.8411552346570397,0.5003549441930195,28,233
synthea,13,113,naive-recalibrated-2c,260,0.8346153846153846,0.44939470692074723,29,217
synthea,13,113,naive-recalibrated-2c,268,1.0,0.5072361785414842,30,268
synthea,13,113,naive-recalibrated-2c,254,0.8346456692913385,0.5209812782845454,31,212
synthea,13,113,naive-recalibrated-2c,270,0.7185185185185186,0.577215515987499,32,194
synthea,13,113,naive-recalibrated-2c,274,0.6386861313868614,0.41822590825402606,33,175
synthea,13,113,naive-recalibrated-2c,263,0.6958174904942965,0.29867639177111127,34,183
synthea,13,113,naive-recalibrated-2c,267,0.8352059925093633,0.4536551104905721,35,223
synthea,13,113,naive-recalibrated-2c,271,0.8007380073800738,0.6048322826159191,36,217
synthea,13,113,naive-recalibrated-2c,266,0.5150375939849624,0.4581509821548268,37,137
synthea,13,113,naive-recalibrated-2c,257,0.6498054474708171,0.4069260796983107,38,167
synthea,13,113,naive-recalibrated-2c,280,0.5535714285714286,0.38184022698859776,39,155
synthea,13,113,naive-recalibrated-2c,254,0.8622047244094488,0.5553515706338931,40,219
synthea,13,113,naive-recalibrated-2c,274,0.48175182481751827,0.431622497668162,41,132
synthea,13,113,naive-recalibrated-2c,282,0.4929078014184397,0.4507697764079157,42,139
synthea,13,113,naive-recalibrated-2c,278,0.45323741007194246,0.3956391650184528,43,126
synthea,13,113,naive-recalibrated-2c,291,0.5189003436426117,0.4737367434016655,44,151
synthea,13,113,naive-recalibrated-2c,283,0.43109540636042404,0.26279173313119114,45,122
synthea,13,113,naive-recalibrated-2c,287,0.578397212543554,0.4322308085296723,46,166
synthea,13,113,naive-recalibrated-2c,294,0.6258503401360545,0.5524179482620505,47,184
synthea,13,113,naive-recalibrated-2c,279,0.6379928315412187,0.3953366850213595,48,178
synthea,13,113,naive-recalibrated-2c,286,0.7307692307692307,0.5445013846752054,49,209
synthea,13,113,naive-recalibrated-2c,285,0.656140350877193,0.42232832677801424,50,187
synthea,14,114,stable-local-fallback,467,1.0,1.0,1,467
synthea,14,114,stable-local-fallback,458,1.0,1.0,2,458
synthea,14,114,stable-local-fallback,460,1.0,1.0,3,460
synthea,14,114,stable-local-fallback,455,1.0,1.0,4,455
synthea,14,114,stable-local-fallback,450,1.0,1.0,5,450
synthea,14,114,stable-local-fallback,458,1.0,1.0,6,458
synthea,14,114,stable-local-fallback,461,1.0,1.0,7,461
synthea,14,114,stable-local-fallback,458,1.0,1.0,8,458
synthea,14,114,stable-local-fallback,446,1.0,1.0,9,446
synthea,14,114,stable-local-fallback,451,1.0,1.0,10,451
synthea,14,114,stable-local-fallback,446,1.0,1.0,11,446
synthea,14,114,stable-local-fallback,447,1.0,1.0,12,447
synthea,14,114,stable-local-fallback,467,1.0,1.0,13,467
synthea,14,114,stable-local-fallback,457,1.0,1.0,14,457
synthea,14,114,stable-local-fallback,441,1.0,1.0,15,441
synthea,14,114,stable-local-fallback,445,1.0,1.0,16,445
synthea,14,114,stable-local-fallback,453,1.0,1.0,17,453
synthea,14,114,stable-local-fallback,454,1.0,1.0,18,454
synthea,14,114,stable-local-fallback,448,1.0,1.0,19,448
synthea,14,114,stable-local-fallback,438,1.0,1.0,20,438
synthea,14,114,stable-local-fallback,452,1.0,1.0,21,452
synthea,14,114,stable-local-fallback,460,0.9934782608695653,1.0,22,457
synthea,14,114,stable-local-fallback,449,0.8017817371937639,1.0,23,360
synthea,14,114,stable-local-fallback,460,0.6630434782608695,1.0,24,305
synthea,14,114,stable-local-fallback,456,0.5175438596491229,1.0,25,236
synthea,14,114,stable-local-fallback,446,0.5358744394618834,1.0,26,239
synthea,14,114,stable-local-fallback,450,0.5311111111111111,1.0,27,239
synthea,14,114,stable-local-fallback,447,0.5525727069351231,1.0,28,247
synthea,14,114,stable-local-fallback,447,0.4809843400447427,1.0,29,215
synthea,14,114,stable-local-fallback,443,0.3182844243792325,1.0,30,141
synthea,14,114,stable-local-fallback,449,0.24276169265033407,1.0,31,109
synthea,14,114,stable-local-fallback,461,0.24078091106290672,1.0,32,111
synthea,14,114,stable-local-fallback,441,0.29024943310657597,1.0,33,128
synthea,14,114,stable-local-fallback,458,0.2576419213973799,1.0,34,118
synthea,14,114,stable-local-fallback,455,0.2703296703296703,1.0,35,123
synthea,14,114,stable-local-fallback,451,0.2793791574279379,1.0,36,126
synthea,14,114,stable-local-fallback,435,0.26436781609195403,1.0,37,115
synthea,14,114,stable-local-fallback,445,0.27191011235955054,1.0,38,121
synthea,14,114,stable-local-fallback,449,0.32293986636971045,1.0,39,145
synthea,14,114,stable-local-fallback,446,0.2533632286995516,1.0,40,113
synthea,14,114,stable-local-fallback,449,0.289532293986637,1.0,41,130
synthea,14,114,stable-local-fallback,452,0.2809734513274336,1.0,42,127
synthea,14,114,stable-local-fallback,457,0.24726477024070023,1.0,43,113
synthea,14,114,stable-local-fallback,457,0.2778993435448578,1.0,44,127
synthea,14,114,stable-local-fallback,450,0.26222222222222225,1.0,45,118
synthea,14,114,stable-local-fallback,444,0.2725225225225225,1.0,46,121
synthea,14,114,stable-local-fallback,451,0.29711751662971175,1.0,47,134
synthea,14,114,stable-local-fallback,454,0.31718061674008813,1.0,48,144
synthea,14,114,stable-local-fallback,468,0.28205128205128205,1.0,49,132
synthea,14,114,stable-local-fallback,439,0.2847380410022779,1.0,50,125
synthea,14,114,naive-recalibrated-2c,300,1.0,0.196704635949706,1,300
synthea,14,114,naive-recalibrated-2c,269,1.0,0.23013114026936154,2,269
synthea,14,114,naive-recalibrated-2c,266,1.0,0.2131415709112409,3,266
synthea,14,114,naive-recalibrated-2c,293,1.0,0.2752864367870532,4,293
synthea,14,114,naive-recalibrated-2c,262,1.0,0.33529760392500185,5,262
synthea,14,114,naive-recalibrated-2c,279,1.0,0.4271431244760124,6,279
synthea,14,114,naive-recalibrated-2c,278,1.0,0.426677125479483,7,278
synthea,14,114,naive-recalibrated-2c,292,1.0,0.5984253787118524,8,292
synthea,14,114,naive-recalibrated-2c,284,1.0,0.6488515438946997,9,284
synthea,14,114,naive-recalibrated-2c,289,1.0,0.5032848652351498,10,289
synthea,14,114,naive-recalibrated-2c,269,1.0,0.7022891601909745,11,269
synthea,14,114,naive-recalibrated-2c,261,1.0,0.6585731258730693,12,261
synthea,14,114,naive-recalibrated-2c,271,1.0,0.6759238445647482,13,271
synthea,14,114,naive-recalibrated-2c,274,1.0,0.5175523261284399,14,274
synthea,14,114,naive-recalibrated-2c,263,1.0,0.5852741048973357,15,263
synthea,14,114,naive-recalibrated-2c,256,1.0,0.7725076664825563,16,256
synthea,14,114,naive-recalibrated-2c,256,1.0,0.7395195177730476,17,256
synthea,14,114,naive-recalibrated-2c,280,0.9142857142857143,0.6174640277756169,18,256
synthea,14,114,naive-recalibrated-2c,278,0.8525179856115108,0.6148853991494326,19,237
synthea,14,114,naive-recalibrated-2c,275,0.8654545454545455,0.6506756274494212,20,238
synthea,14,114,naive-recalibrated-2c,272,0.6617647058823529,0.45692620737722184,21,180
synthea,14,114,naive-recalibrated-2c,280,0.7428571428571429,0.5599660218372535,22,208
synthea,14,114,naive-recalibrated-2c,282,0.7907801418439716,0.4507309555985335,23,223
synthea,14,114,naive-recalibrated-2c,269,0.7546468401486989,0.4432219244653062,24,203
synthea,14,114,naive-recalibrated-2c,260,0.7346153846153847,0.518851482017389,25,191
synthea,14,114,naive-recalibrated-2c,249,0.8554216867469879,0.47879228221167275,26,213
synthea,14,114,naive-recalibrated-2c,281,0.8505338078291815,0.7588466271028848,27,239
synthea,14,114,naive-recalibrated-2c,274,0.8905109489051095,0.6464760889001393,28,244
synthea,14,114,naive-recalibrated-2c,260,0.8846153846153846,0.5091468823101793,29,230
synthea,14,114,naive-recalibrated-2c,272,0.8455882352941176,0.5512454779843747,30,230
synthea,14,114,naive-recalibrated-2c,291,0.8178694158075601,0.769974473178885,31,238
synthea,14,114,naive-recalibrated-2c,265,0.8113207547169812,0.8005913918489123,32,215
synthea,14,114,naive-recalibrated-2c,245,0.710204081632653,0.45805608332062075,33,174
synthea,14,114,naive-recalibrated-2c,297,0.7643097643097643,0.6675530958310225,34,227
synthea,14,114,naive-recalibrated-2c,286,0.7342657342657343,0.6634011261893099,35,210
synthea,14,114,naive-recalibrated-2c,267,0.6704119850187266,0.43951807106684815,36,179
synthea,14,114,naive-recalibrated-2c,259,0.6718146718146718,0.7032850543250538,37,174
synthea,14,114,naive-recalibrated-2c,277,0.7906137184115524,0.6008357533245419,38,219
synthea,14,114,naive-recalibrated-2c,277,0.7725631768953068,0.4291052919394842,39,214
synthea,14,114,naive-recalibrated-2c,286,0.8391608391608392,0.7475253709276783,40,240
synthea,14,114,naive-recalibrated-2c,277,0.8664259927797834,0.6624752248833482,41,240
synthea,14,114,naive-recalibrated-2c,273,0.8021978021978022,0.5830766806298014,42,219
synthea,14,114,naive-recalibrated-2c,271,0.8892988929889298,0.7284216944057063,43,241
synthea,14,114,naive-recalibrated-2c,278,0.8273381294964028,0.5555308905952268,44,230
synthea,14,114,naive-recalibrated-2c,269,0.7806691449814126,0.6081163710602802,45,210
synthea,14,114,naive-recalibrated-2c,264,0.8257575757575758,0.6643682235826585,46,218
synthea,14,114,naive-recalibrated-2c,270,0.9481481481481482,0.7048402583950247,47,256
synthea,14,114,naive-recalibrated-2c,278,0.8848920863309353,0.5190592096897649,48,246
synthea,14,114,naive-recalibrated-2c,296,0.8682432432432432,0.7766750462627411,49,257
synthea,14,114,naive-recalibrated-2c,256,0.8671875,0.6422655092438598,50,222
synthea,14,114,handle-only-drop-residual,0,,0.0,1,0
synthea,14,114,handle-only-drop-residual,0,,0.0,2,0
synthea,14,114,handle-only-drop-residual,0,,0.0,3,0
synthea,14,114,handle-only-drop-residual,0,,0.0,4,0
synthea,14,114,handle-only-drop-residual,0,,0.0,5,0
synthea,14,114,handle-only-drop-residual,0,,0.0,6,0
synthea,14,114,handle-only-drop-residual,0,,0.0,7,0
synthea,14,114,handle-only-drop-residual,0,,0.0,8,0
synthea,14,114,handle-only-drop-residual,0,,0.0,9,0
synthea,14,114,handle-only-drop-residual,0,,0.0,10,0
synthea,14,114,handle-only-drop-residual,0,,0.0,11,0
synthea,14,114,handle-only-drop-residual,0,,0.0,12,0
synthea,14,114,handle-only-drop-residual,0,,0.0,13,0
synthea,14,114,handle-only-drop-residual,0,,0.0,14,0
synthea,14,114,handle-only-drop-residual,0,,0.0,15,0
synthea,14,114,handle-only-drop-residual,0,,0.0,16,0
synthea,14,114,handle-only-drop-residual,0,,0.0,17,0
synthea,14,114,handle-only-drop-residual,0,,0.0,18,0
synthea,14,114,handle-only-drop-residual,0,,0.0,19,0
synthea,14,114,handle-only-drop-residual,0,,0.0,20,0
synthea,14,114,handle-only-drop-residual,0,,0.0,21,0
synthea,14,114,handle-only-drop-residual,0,,0.0,22,0
synthea,14,114,handle-only-drop-residual,0,,0.0,23,0
synthea,14,114,handle-only-drop-residual,0,,0.0,24,0
synthea,14,114,handle-only-drop-residual,0,,0.0,25,0
synthea,14,114,handle-only-drop-residual,0,,0.0,26,0
synthea,14,114,handle-only-drop-residual,0,,0.0,27,0
synthea,14,114,handle-only-drop-residual,0,,0.0,28,0
synthea,14,114,handle-only-drop-residual,0,,0.0,29,0
synthea,14,114,handle-only-drop-residual,0,,0.0,30,0
synthea,14,114,handle-only-drop-residual,0,,0.0,31,0
synthea,14,114,handle-only-drop-residual,0,,0.0,32,0
synthea,14,114,handle-only-drop-residual,0,,0.0,33,0
synthea,14,114,handle-only-drop-residual,0,,0.0,34,0
synthea,14,114,handle-only-drop-residual,0,,0.0,35,0
synthea,14,114,handle-only-drop-residual,0,,0.0,36,0
synthea,14,114,handle-only-drop-residual,0,,0.0,37,0
synthea,14,114,handle-only-drop-residual,0,,0.0,38,0
synthea,14,114,handle-only-drop-residual,0,,0.0,39,0
synthea,14,114,handle-only-drop-residual,0,,0.0,40,0
synthea,14,114,handle-only-drop-residual,0,,0.0,41,0
synthea,14,114,handle-only-drop-residual,0,,0.0,42,0
synthea,14,114,handle-only-drop-residual,0,,0.0,43,0
synthea,14,114,handle-only-drop-residual,0,,0.0,44,0
synthea,14,114,handle-only-drop-residual,0,,0.0,45,0
synthea,14,114,handle-only-drop-residual,0,,0.0,46,0
synthea,14,114,handle-only-drop-residual,0,,0.0,47,0
synthea,14,114,handle-only-drop-residual,0,,0.0,48,0
synthea,14,114,handle-only-drop-residual,0,,0.0,49,0
synthea,14,114,handle-only-drop-residual,0,,0.0,50,0
synthea,14,114,unitscope-lambda-sweep,300,1.0,0.026676340263623415,1,300
synthea,14,114,unitscope-lambda-sweep,269,1.0,0.027217592574527612,2,269
synthea,14,114,unitscope-lambda-sweep,266,1.0,0.023627553802957307,3,266
synthea,14,114,unitscope-lambda-sweep,293,1.0,0.03226908926978841,4,293
synthea,14,114,unitscope-lambda-sweep,262,1.0,0.03855906384844964,5,262
synthea,14,114,unitscope-lambda-sweep,279,1.0,0.05579452273579031,6,279
synthea,14,114,unitscope-lambda-sweep,278,1.0,0.05309172877197983,7,278
synthea,14,114,unitscope-lambda-sweep,292,1.0,0.07971943451119454,8,292
synthea,14,114,unitscope-lambda-sweep,284,1.0,0.096679258727767,9,284
synthea,14,114,unitscope-lambda-sweep,289,1.0,0.06345362679916246,10,289
synthea,14,114,unitscope-lambda-sweep,269,1.0,0.10306143731259576,11,269
synthea,14,114,unitscope-lambda-sweep,261,1.0,0.0760008878302234,12,261
synthea,14,114,unitscope-lambda-sweep,271,1.0,0.15648869690257117,13,271
synthea,14,114,unitscope-lambda-sweep,274,1.0,0.2697411545602253,14,274
synthea,14,114,unitscope-lambda-sweep,263,1.0,0.0648911707385157,15,263
synthea,14,114,unitscope-lambda-sweep,256,1.0,0.14752011376898794,16,256
synthea,14,114,unitscope-lambda-sweep,256,1.0,0.08501874445271722,17,256
synthea,14,114,unitscope-lambda-sweep,280,1.0,0.22183195814753895,18,280
synthea,14,114,unitscope-lambda-sweep,278,1.0,0.19079300124568802,19,278
synthea,14,114,unitscope-lambda-sweep,275,1.0,0.2532948028637971,20,275
synthea,14,114,unitscope-lambda-sweep,272,1.0,0.2327316621918167,21,272
synthea,14,114,unitscope-lambda-sweep,280,1.0,0.19480155459523402,22,280
synthea,14,114,unitscope-lambda-sweep,282,1.0,0.17080689982873418,23,282
synthea,14,114,unitscope-lambda-sweep,269,1.0,0.25449856395268855,24,269
synthea,14,114,unitscope-lambda-sweep,260,1.0,0.21560206681096822,25,260
synthea,14,114,unitscope-lambda-sweep,249,1.0,0.2609428674250163,26,249
synthea,14,114,unitscope-lambda-sweep,281,1.0,0.15807106650382735,27,281
synthea,14,114,unitscope-lambda-sweep,274,1.0,0.22843457024676597,28,274
synthea,14,114,unitscope-lambda-sweep,260,1.0,0.22446405343539816,29,260
synthea,14,114,unitscope-lambda-sweep,272,1.0,0.3915637031839622,30,272
synthea,14,114,unitscope-lambda-sweep,291,1.0,0.2795667081347385,31,291
synthea,14,114,unitscope-lambda-sweep,265,1.0,0.1355518739451086,32,265
synthea,14,114,unitscope-lambda-sweep,245,1.0,0.2428954300930036,33,245
synthea,14,114,unitscope-lambda-sweep,297,1.0,0.3952274464276838,34,297
synthea,14,114,unitscope-lambda-sweep,286,1.0,0.20790119575031213,35,286
synthea,14,114,unitscope-lambda-sweep,267,1.0,0.2339264177903839,36,267
synthea,14,114,unitscope-lambda-sweep,259,1.0,0.1365627627572303,37,259
synthea,14,114,unitscope-lambda-sweep,277,1.0,0.27772459364501,38,277
synthea,14,114,unitscope-lambda-sweep,277,1.0,0.18547290162703306,39,277
synthea,14,114,unitscope-lambda-sweep,286,1.0,0.21344454389844378,40,286
synthea,14,114,unitscope-lambda-sweep,277,1.0,0.16513046228815745,41,277
synthea,14,114,unitscope-lambda-sweep,273,1.0,0.23238934537741904,42,273
synthea,14,114,unitscope-lambda-sweep,271,1.0,0.13968708441558944,43,271
synthea,14,114,unitscope-lambda-sweep,278,1.0,0.21241773716609727,44,278
synthea,14,114,unitscope-lambda-sweep,269,1.0,0.20112420566703068,45,269
synthea,14,114,unitscope-lambda-sweep,264,1.0,0.23797489646320824,46,264
synthea,14,114,unitscope-lambda-sweep,270,1.0,0.1899168842277147,47,270
synthea,14,114,unitscope-lambda-sweep,278,1.0,0.17685397539202138,48,278
synthea,14,114,unitscope-lambda-sweep,296,1.0,0.14779238897336122,49,296
synthea,14,114,unitscope-lambda-sweep,256,1.0,0.25534010580853694,50,256
synthea,15,115,unitscope-lambda-sweep,299,1.0,0.03455798286393648,1,299
synthea,15,115,unitscope-lambda-sweep,301,1.0,0.025816360419493898,2,301
synthea,15,115,unitscope-lambda-sweep,266,1.0,0.02385574449926358,3,266
synthea,15,115,unitscope-lambda-sweep,278,1.0,0.027462971157788542,4,278
synthea,15,115,unitscope-lambda-sweep,270,1.0,0.030029667587499823,5,270
synthea,15,115,unitscope-lambda-sweep,267,1.0,0.0547865587885864,6,267
synthea,15,115,unitscope-lambda-sweep,282,1.0,0.07458355766869923,7,282
synthea,15,115,unitscope-lambda-sweep,271,1.0,0.06300161820618917,8,271
synthea,15,115,unitscope-lambda-sweep,280,1.0,0.1276407947209547,9,280
synthea,15,115,unitscope-lambda-sweep,274,1.0,0.10842357421591499,10,274
synthea,15,115,unitscope-lambda-sweep,272,1.0,0.1586959374799471,11,272
synthea,15,115,unitscope-lambda-sweep,267,1.0,0.10366136099550348,12,267
synthea,15,115,unitscope-lambda-sweep,259,1.0,0.13610398635612458,13,259
synthea,15,115,unitscope-lambda-sweep,278,1.0,0.32242381454641444,14,278
synthea,15,115,unitscope-lambda-sweep,264,1.0,0.14612028867196153,15,264
synthea,15,115,unitscope-lambda-sweep,283,1.0,0.1688648314960456,16,283
synthea,15,115,unitscope-lambda-sweep,296,1.0,0.1828897940907524,17,296
synthea,15,115,unitscope-lambda-sweep,282,1.0,0.16978509132412223,18,282
synthea,15,115,unitscope-lambda-sweep,270,1.0,0.3206096367330233,19,270
synthea,15,115,unitscope-lambda-sweep,272,1.0,0.20305828440429793,20,272
synthea,15,115,unitscope-lambda-sweep,288,1.0,0.23786610224636898,21,288
synthea,15,115,unitscope-lambda-sweep,290,1.0,0.13942374847643998,22,290
synthea,15,115,unitscope-lambda-sweep,276,1.0,0.1918820917935699,23,276
synthea,15,115,unitscope-lambda-sweep,285,1.0,0.11551916672271587,24,285
synthea,15,115,unitscope-lambda-sweep,281,1.0,0.266251189680166,25,281
synthea,15,115,unitscope-lambda-sweep,289,1.0,0.20521010893247468,26,289
synthea,15,115,unitscope-lambda-sweep,294,1.0,0.18656186073295827,27,294
synthea,15,115,unitscope-lambda-sweep,278,1.0,0.15921991668901894,28,278
synthea,15,115,unitscope-lambda-sweep,283,1.0,0.20675802717633981,29,283
synthea,15,115,unitscope-lambda-sweep,277,1.0,0.2099960458841873,30,277
synthea,15,115,unitscope-lambda-sweep,289,1.0,0.31417962977779984,31,289
synthea,15,115,unitscope-lambda-sweep,287,1.0,0.3048533507694196,32,287
synthea,15,115,unitscope-lambda-sweep,300,1.0,0.343035721984981,33,300
synthea,15,115,unitscope-lambda-sweep,275,1.0,0.28085769584931125,34,275
synthea,15,115,unitscope-lambda-sweep,259,1.0,0.3721726907695524,35,259
synthea,15,115,unitscope-lambda-sweep,261,1.0,0.1266867754524833,36,261
synthea,15,115,unitscope-lambda-sweep,285,1.0,0.18798497903596845,37,285
synthea,15,115,unitscope-lambda-sweep,278,1.0,0.379014666206125,38,278
synthea,15,115,unitscope-lambda-sweep,280,1.0,0.19267151895044185,39,280
synthea,15,115,unitscope-lambda-sweep,283,1.0,0.30440596966787115,40,283
synthea,15,115,unitscope-lambda-sweep,284,1.0,0.19871755156410367,41,284
synthea,15,115,unitscope-lambda-sweep,276,1.0,0.31497246419778685,42,276
synthea,15,115,unitscope-lambda-sweep,278,1.0,0.1154090755234269,43,278
synthea,15,115,unitscope-lambda-sweep,285,1.0,0.11210485548809626,44,285
synthea,15,115,unitscope-lambda-sweep,300,1.0,0.16034989945433392,45,300
synthea,15,115,unitscope-lambda-sweep,289,1.0,0.1763398978182715,46,289
synthea,15,115,unitscope-lambda-sweep,274,1.0,0.1820934689945574,47,274
synthea,15,115,unitscope-lambda-sweep,280,1.0,0.2867082567680337,48,280
synthea,15,115,unitscope-lambda-sweep,272,1.0,0.2672712294294413,49,272
synthea,15,115,unitscope-lambda-sweep,291,1.0,0.1707972507829174,50,291
synthea,15,115,naive-recalibrated-2c,299,1.0,0.24365893710403844,1,299
synthea,15,115,naive-recalibrated-2c,301,1.0,0.19705507654545884,2,301
synthea,15,115,naive-recalibrated-2c,266,1.0,0.20075827458371964,3,266
synthea,15,115,naive-recalibrated-2c,278,1.0,0.2454499585215318,4,278
synthea,15,115,naive-recalibrated-2c,270,1.0,0.26750501520282344,5,270
synthea,15,115,naive-recalibrated-2c,267,1.0,0.47459814218054025,6,267
synthea,15,115,naive-recalibrated-2c,282,1.0,0.6195675264472364,7,282
synthea,15,115,naive-recalibrated-2c,271,1.0,0.5835037285790401,8,271
synthea,15,115,naive-recalibrated-2c,280,1.0,0.7115663146529477,9,280
synthea,15,115,naive-recalibrated-2c,274,1.0,0.7395194803672296,10,274
synthea,15,115,naive-recalibrated-2c,272,1.0,0.7299340313951351,11,272
synthea,15,115,naive-recalibrated-2c,267,1.0,0.7296166635150272,12,267
synthea,15,115,naive-recalibrated-2c,259,1.0,0.7089813571943702,13,259
synthea,15,115,naive-recalibrated-2c,278,0.9568345323741008,0.6215336673386023,14,266
synthea,15,115,naive-recalibrated-2c,264,0.9962121212121212,0.7304897366066002,15,263
synthea,15,115,naive-recalibrated-2c,283,0.9293286219081273,0.7889641760525298,16,263
synthea,15,115,naive-recalibrated-2c,296,0.8986486486486487,0.8037439342145892,17,266
synthea,15,115,naive-recalibrated-2c,282,0.7872340425531915,0.6767382173365035,18,222
synthea,15,115,naive-recalibrated-2c,270,0.6555555555555556,0.493711567554032,19,177
synthea,15,115,naive-recalibrated-2c,272,0.6654411764705882,0.6579491667020447,20,181
synthea,15,115,naive-recalibrated-2c,288,0.6770833333333334,0.6060602593442965,21,195
synthea,15,115,naive-recalibrated-2c,290,0.9275862068965517,0.45199958360987014,22,269
synthea,15,115,naive-recalibrated-2c,276,0.9384057971014492,0.6706063420956562,23,259
synthea,15,115,naive-recalibrated-2c,285,0.9719298245614035,0.8169185852275181,24,277
synthea,15,115,naive-recalibrated-2c,281,0.8291814946619217,0.5959690703768868,25,233
synthea,15,115,naive-recalibrated-2c,289,0.8546712802768166,0.49852221901997695,26,247
synthea,15,115,naive-recalibrated-2c,294,0.4523809523809524,0.44539662109836364,27,133
synthea,15,115,naive-recalibrated-2c,278,0.7302158273381295,0.6856214909703161,28,203
synthea,15,115,naive-recalibrated-2c,283,0.6325088339222615,0.4403339605130907,29,179
synthea,15,115,naive-recalibrated-2c,277,0.927797833935018,0.7427384515542721,30,257
synthea,15,115,naive-recalibrated-2c,289,0.8823529411764706,0.7514527580732622,31,255
synthea,15,115,naive-recalibrated-2c,287,0.759581881533101,0.6404698638741282,32,218
synthea,15,115,naive-recalibrated-2c,300,0.66,0.5914587747963943,33,198
synthea,15,115,naive-recalibrated-2c,275,0.7127272727272728,0.5379168104160758,34,196
synthea,15,115,naive-recalibrated-2c,259,0.3861003861003861,0.40103124623229996,35,100
synthea,15,115,naive-recalibrated-2c,261,0.4904214559386973,0.3371035663340152,36,128
synthea,15,115,naive-recalibrated-2c,285,0.4421052631578947,0.38644302308391326,37,126
synthea,15,115,naive-recalibrated-2c,278,0.5035971223021583,0.4790890571270791,38,140
synthea,15,115,naive-recalibrated-2c,280,0.4714285714285714,0.41260480794773724,39,132
synthea,15,115,naive-recalibrated-2c,283,0.558303886925795,0.5369530260495333,40,158
synthea,15,115,naive-recalibrated-2c,284,0.4964788732394366,0.5860303350216551,41,141
synthea,15,115,naive-recalibrated-2c,276,0.2753623188405797,0.47721855291817405,42,76
synthea,15,115,naive-recalibrated-2c,278,0.35251798561151076,0.157415667522379,43,98
synthea,15,115,naive-recalibrated-2c,285,0.3157894736842105,0.2378653662824064,44,90
synthea,15,115,naive-recalibrated-2c,300,0.38666666666666666,0.26607589819399147,45,116
synthea,15,115,naive-recalibrated-2c,289,0.5743944636678201,0.3527915208945731,46,166
synthea,15,115,naive-recalibrated-2c,274,0.4744525547445255,0.31993458795632235,47,130
synthea,15,115,naive-recalibrated-2c,280,0.4928571428571429,0.33541881869905965,48,138
synthea,15,115,naive-recalibrated-2c,272,0.6948529411764706,0.6213681189981003,49,189
synthea,15,115,naive-recalibrated-2c,291,0.711340206185567,0.7598581158171206,50,207
synthea,15,115,handle-only-drop-residual,0,,0.0,1,0
synthea,15,115,handle-only-drop-residual,0,,0.0,2,0
synthea,15,115,handle-only-drop-residual,0,,0.0,3,0
synthea,15,115,handle-only-drop-residual,0,,0.0,4,0
synthea,15,115,handle-only-drop-residual,0,,0.0,5,0
synthea,15,115,handle-only-drop-residual,0,,0.0,6,0
synthea,15,115,handle-only-drop-residual,0,,0.0,7,0
synthea,15,115,handle-only-drop-residual,0,,0.0,8,0
synthea,15,115,handle-only-drop-residual,0,,0.0,9,0
synthea,15,115,handle-only-drop-residual,0,,0.0,10,0
synthea,15,115,handle-only-drop-residual,0,,0.0,11,0
synthea,15,115,handle-only-drop-residual,0,,0.0,12,0
synthea,15,115,handle-only-drop-residual,0,,0.0,13,0
synthea,15,115,handle-only-drop-residual,0,,0.0,14,0
synthea,15,115,handle-only-drop-residual,0,,0.0,15,0
synthea,15,115,handle-only-drop-residual,0,,0.0,16,0
synthea,15,115,handle-only-drop-residual,0,,0.0,17,0
synthea,15,115,handle-only-drop-residual,0,,0.0,18,0
synthea,15,115,handle-only-drop-residual,0,,0.0,19,0
synthea,15,115,handle-only-drop-residual,0,,0.0,20,0
synthea,15,115,handle-only-drop-residual,0,,0.0,21,0
synthea,15,115,handle-only-drop-residual,0,,0.0,22,0
synthea,15,115,handle-only-drop-residual,0,,0.0,23,0
synthea,15,115,handle-only-drop-residual,0,,0.0,24,0
synthea,15,115,handle-only-drop-residual,0,,0.0,25,0
synthea,15,115,handle-only-drop-residual,0,,0.0,26,0
synthea,15,115,handle-only-drop-residual,0,,0.0,27,0
synthea,15,115,handle-only-drop-residual,0,,0.0,28,0
synthea,15,115,handle-only-drop-residual,0,,0.0,29,0
synthea,15,115,handle-only-drop-residual,0,,0.0,30,0
synthea,15,115,handle-only-drop-residual,0,,0.0,31,0
synthea,15,115,handle-only-drop-residual,0,,0.0,32,0
synthea,15,115,handle-only-drop-residual,0,,0.0,33,0
synthea,15,115,handle-only-drop-residual,0,,0.0,34,0
synthea,15,115,handle-only-drop-residual,0,,0.0,35,0
synthea,15,115,handle-only-drop-residual,0,,0.0,36,0
synthea,15,115,handle-only-drop-residual,0,,0.0,37,0
synthea,15,115,handle-only-drop-residual,0,,0.0,38,0
synthea,15,115,handle-only-drop-residual,0,,0.0,39,0
synthea,15,115,handle-only-drop-residual,0,,0.0,40,0
synthea,15,115,handle-only-drop-residual,0,,0.0,41,0
synthea,15,115,handle-only-drop-residual,0,,0.0,42,0
synthea,15,115,handle-only-drop-residual,0,,0.0,43,0
synthea,15,115,handle-only-drop-residual,0,,0.0,44,0
synthea,15,115,handle-only-drop-residual,0,,0.0,45,0
synthea,15,115,handle-only-drop-residual,0,,0.0,46,0
synthea,15,115,handle-only-drop-residual,0,,0.0,47,0
synthea,15,115,handle-only-drop-residual,0,,0.0,48,0
synthea,15,115,handle-only-drop-residual,0,,0.0,49,0
synthea,15,115,handle-only-drop-residual,0,,0.0,50,0
synthea,15,115,stable-local-fallback,458,1.0,1.0,1,458
synthea,15,115,stable-local-fallback,446,1.0,1.0,2,446
synthea,15,115,stable-local-fallback,453,1.0,1.0,3,453
synthea,15,115,stable-local-fallback,454,1.0,1.0,4,454
synthea,15,115,stable-local-fallback,451,1.0,1.0,5,451
synthea,15,115,stable-local-fallback,447,1.0,1.0,6,447
synthea,15,115,stable-local-fallback,457,1.0,1.0,7,457
synthea,15,115,stable-local-fallback,439,1.0,1.0,8,439
synthea,15,115,stable-local-fallback,451,1.0,1.0,9,451
synthea,15,115,stable-local-fallback,441,1.0,1.0,10,441
synthea,15,115,stable-local-fallback,450,1.0,1.0,11,450
synthea,15,115,stable-local-fallback,442,1.0,1.0,12,442
synthea,15,115,stable-local-fallback,444,1.0,1.0,13,444
synthea,15,115,stable-local-fallback,448,1.0,1.0,14,448
synthea,15,115,stable-local-fallback,456,1.0,1.0,15,456
synthea,15,115,stable-local-fallback,458,1.0,1.0,16,458
synthea,15,115,stable-local-fallback,454,1.0,1.0,17,454
synthea,15,115,stable-local-fallback,456,1.0,1.0,18,456
synthea,15,115,stable-local-fallback,436,0.9243119266055045,1.0,19,403
synthea,15,115,stable-local-fallback,449,0.7728285077951003,1.0,20,347
synthea,15,115,stable-local-fallback,461,0.6420824295010846,1.0,21,296
synthea,15,115,stable-local-fallback,456,0.618421052631579,1.0,22,282
synthea,15,115,stable-local-fallback,453,0.543046357615894,1.0,23,246
synthea,15,115,stable-local-fallback,460,0.41956521739130437,1.0,24,193
synthea,15,115,stable-local-fallback,455,0.3230769230769231,1.0,25,147
synthea,15,115,stable-local-fallback,455,0.36043956043956044,1.0,26,164
synthea,15,115,stable-local-fallback,464,0.3017241379310345,1.0,27,140
synthea,15,115,stable-local-fallback,447,0.30201342281879195,1.0,28,135
synthea,15,115,stable-local-fallback,464,0.30603448275862066,1.0,29,142
synthea,15,115,stable-local-fallback,454,0.27312775330396477,1.0,30,124
synthea,15,115,stable-local-fallback,452,0.26548672566371684,1.0,31,120
synthea,15,115,stable-local-fallback,444,0.28378378378378377,1.0,32,126
synthea,15,115,stable-local-fallback,453,0.24503311258278146,1.0,33,111
synthea,15,115,stable-local-fallback,465,0.2645161290322581,1.0,34,123
synthea,15,115,stable-local-fallback,445,0.26741573033707866,1.0,35,119
synthea,15,115,stable-local-fallback,447,0.29082774049217003,1.0,36,130
synthea,15,115,stable-local-fallback,440,0.2909090909090909,1.0,37,128
synthea,15,115,stable-local-fallback,458,0.259825327510917,1.0,38,119
synthea,15,115,stable-local-fallback,458,0.26200873362445415,1.0,39,120
synthea,15,115,stable-local-fallback,459,0.26143790849673204,1.0,40,120
synthea,15,115,stable-local-fallback,461,0.2386117136659436,1.0,41,110
synthea,15,115,stable-local-fallback,454,0.2092511013215859,1.0,42,95
synthea,15,115,stable-local-fallback,452,0.2676991150442478,1.0,43,121
synthea,15,115,stable-local-fallback,447,0.26174496644295303,1.0,44,117
synthea,15,115,stable-local-fallback,438,0.2853881278538813,1.0,45,125
synthea,15,115,stable-local-fallback,465,0.26666666666666666,1.0,46,124
synthea,15,115,stable-local-fallback,444,0.2972972972972973,1.0,47,132
synthea,15,115,stable-local-fallback,453,0.2847682119205298,1.0,48,129
synthea,15,115,stable-local-fallback,449,0.2583518930957684,1.0,49,116
synthea,15,115,stable-local-fallback,458,0.25109170305676853,1.0,50,115
synthea,16,116,naive-recalibrated-2c,264,1.0,0.18892491623321755,1,264
synthea,16,116,naive-recalibrated-2c,266,1.0,0.12778336571639834,2,266
synthea,16,116,naive-recalibrated-2c,273,1.0,0.25806647961928814,3,273
synthea,16,116,naive-recalibrated-2c,279,1.0,0.2915859785996926,4,279
synthea,16,116,naive-recalibrated-2c,285,1.0,0.3775282573206135,5,285
synthea,16,116,naive-recalibrated-2c,277,1.0,0.447340530214385,6,277
synthea,16,116,naive-recalibrated-2c,272,1.0,0.49787101867091804,7,272
synthea,16,116,naive-recalibrated-2c,278,1.0,0.552127100071094,8,278
synthea,16,116,naive-recalibrated-2c,289,1.0,0.7714847619859138,9,289
synthea,16,116,naive-recalibrated-2c,295,1.0,0.7598553720990533,10,295
synthea,16,116,naive-recalibrated-2c,287,0.9825783972125436,0.7873268947417822,11,282
synthea,16,116,naive-recalibrated-2c,283,0.9434628975265018,0.7975957433153349,12,267
synthea,16,116,naive-recalibrated-2c,272,0.9117647058823529,0.6497888324423742,13,248
synthea,16,116,naive-recalibrated-2c,276,0.894927536231884,0.6401456399496676,14,247
synthea,16,116,naive-recalibrated-2c,271,0.974169741697417,0.683158193713369,15,264
synthea,16,116,naive-recalibrated-2c,267,0.9026217228464419,0.6395952216912839,16,241
synthea,16,116,naive-recalibrated-2c,279,0.9498207885304659,0.6480026187444352,17,265
synthea,16,116,naive-recalibrated-2c,272,0.8933823529411765,0.5352993836195931,18,243
synthea,16,116,naive-recalibrated-2c,275,0.8618181818181818,0.6666596209154333,19,237
synthea,16,116,naive-recalibrated-2c,271,0.8745387453874539,0.5942743575197915,20,237
synthea,16,116,naive-recalibrated-2c,283,0.8127208480565371,0.6858286214704913,21,230
synthea,16,116,naive-recalibrated-2c,289,0.8512110726643599,0.5608373282684831,22,246
synthea,16,116,naive-recalibrated-2c,279,0.8602150537634409,0.5452134794465496,23,240
synthea,16,116,naive-recalibrated-2c,265,0.7094339622641509,0.461547641384918,24,188
synthea,16,116,naive-recalibrated-2c,281,0.7651245551601423,0.5364049915944487,25,215
synthea,16,116,naive-recalibrated-2c,277,0.7075812274368231,0.5759997314043476,26,196
synthea,16,116,naive-recalibrated-2c,271,0.915129151291513,0.5100161020692607,27,248
synthea,16,116,naive-recalibrated-2c,290,0.8724137931034482,0.7865678602624295,28,253
synthea,16,116,naive-recalibrated-2c,283,0.8021201413427562,0.5603045274498107,29,227
synthea,16,116,naive-recalibrated-2c,286,0.7797202797202797,0.6407510976460354,30,223
synthea,16,116,naive-recalibrated-2c,289,0.6470588235294118,0.5505040612769467,31,187
synthea,16,116,naive-recalibrated-2c,263,0.8479087452471483,0.5379459637864791,32,223
synthea,16,116,naive-recalibrated-2c,280,0.7392857142857143,0.3961838508290039,33,207
synthea,16,116,naive-recalibrated-2c,277,0.9133574007220217,0.7551590320559163,34,253
synthea,16,116,naive-recalibrated-2c,265,0.879245283018868,0.5100682669808685,35,233
synthea,16,116,naive-recalibrated-2c,280,0.7571428571428571,0.4273099105656409,36,212
synthea,16,116,naive-recalibrated-2c,272,0.7573529411764706,0.5069664416514923,37,206
synthea,16,116,naive-recalibrated-2c,268,0.9738805970149254,0.640368446054933,38,261
synthea,16,116,naive-recalibrated-2c,282,0.900709219858156,0.4472722171824744,39,254
synthea,16,116,naive-recalibrated-2c,275,0.7018181818181818,0.7342649533460366,40,193
synthea,16,116,naive-recalibrated-2c,256,0.765625,0.3473748297683114,41,196
synthea,16,116,naive-recalibrated-2c,266,0.7744360902255639,0.5092544963792766,42,206
synthea,16,116,naive-recalibrated-2c,283,0.657243816254417,0.38566354924502044,43,186
synthea,16,116,naive-recalibrated-2c,268,0.8768656716417911,0.6277100373930077,44,235
synthea,16,116,naive-recalibrated-2c,283,0.7667844522968198,0.6523217627934939,45,217
synthea,16,116,naive-recalibrated-2c,276,0.7898550724637681,0.7353964935896246,46,218
synthea,16,116,naive-recalibrated-2c,290,0.9655172413793104,0.6800277996223881,47,280
synthea,16,116,naive-recalibrated-2c,256,0.87890625,0.7813085023299409,48,225
synthea,16,116,naive-recalibrated-2c,267,0.7490636704119851,0.5100930774109118,49,200
synthea,16,116,naive-recalibrated-2c,278,0.7553956834532374,0.4992135145065804,50,210
synthea,16,116,handle-only-drop-residual,0,,0.0,1,0
synthea,16,116,handle-only-drop-residual,0,,0.0,2,0
synthea,16,116,handle-only-drop-residual,0,,0.0,3,0
synthea,16,116,handle-only-drop-residual,0,,0.0,4,0
synthea,16,116,handle-only-drop-residual,0,,0.0,5,0
synthea,16,116,handle-only-drop-residual,0,,0.0,6,0
synthea,16,116,handle-only-drop-residual,0,,0.0,7,0
synthea,16,116,handle-only-drop-residual,0,,0.0,8,0
synthea,16,116,handle-only-drop-residual,0,,0.0,9,0
synthea,16,116,handle-only-drop-residual,0,,0.0,10,0
synthea,16,116,handle-only-drop-residual,0,,0.0,11,0
synthea,16,116,handle-only-drop-residual,0,,0.0,12,0
synthea,16,116,handle-only-drop-residual,0,,0.0,13,0
synthea,16,116,handle-only-drop-residual,0,,0.0,14,0
synthea,16,116,handle-only-drop-residual,0,,0.0,15,0
synthea,16,116,handle-only-drop-residual,0,,0.0,16,0
synthea,16,116,handle-only-drop-residual,0,,0.0,17,0
synthea,16,116,handle-only-drop-residual,0,,0.0,18,0
synthea,16,116,handle-only-drop-residual,0,,0.0,19,0
synthea,16,116,handle-only-drop-residual,0,,0.0,20,0
synthea,16,116,handle-only-drop-residual,0,,0.0,21,0
synthea,16,116,handle-only-drop-residual,0,,0.0,22,0
synthea,16,116,handle-only-drop-residual,0,,0.0,23,0
synthea,16,116,handle-only-drop-residual,0,,0.0,24,0
synthea,16,116,handle-only-drop-residual,0,,0.0,25,0
synthea,16,116,handle-only-drop-residual,0,,0.0,26,0
synthea,16,116,handle-only-drop-residual,0,,0.0,27,0
synthea,16,116,handle-only-drop-residual,0,,0.0,28,0
synthea,16,116,handle-only-drop-residual,0,,0.0,29,0
synthea,16,116,handle-only-drop-residual,0,,0.0,30,0
synthea,16,116,handle-only-drop-residual,0,,0.0,31,0
synthea,16,116,handle-only-drop-residual,0,,0.0,32,0
synthea,16,116,handle-only-drop-residual,0,,0.0,33,0
synthea,16,116,handle-only-drop-residual,0,,0.0,34,0
synthea,16,116,handle-only-drop-residual,0,,0.0,35,0
synthea,16,116,handle-only-drop-residual,0,,0.0,36,0
synthea,16,116,handle-only-drop-residual,0,,0.0,37,0
synthea,16,116,handle-only-drop-residual,0,,0.0,38,0
synthea,16,116,handle-only-drop-residual,0,,0.0,39,0
synthea,16,116,handle-only-drop-residual,0,,0.0,40,0
synthea,16,116,handle-only-drop-residual,0,,0.0,41,0
synthea,16,116,handle-only-drop-residual,0,,0.0,42,0
synthea,16,116,handle-only-drop-residual,0,,0.0,43,0
synthea,16,116,handle-only-drop-residual,0,,0.0,44,0
synthea,16,116,handle-only-drop-residual,0,,0.0,45,0
synthea,16,116,handle-only-drop-residual,0,,0.0,46,0
synthea,16,116,handle-only-drop-residual,0,,0.0,47,0
synthea,16,116,handle-only-drop-residual,0,,0.0,48,0
synthea,16,116,handle-only-drop-residual,0,,0.0,49,0
synthea,16,116,handle-only-drop-residual,0,,0.0,50,0
synthea,16,116,stable-local-fallback,449,1.0,1.0,1,449
synthea,16,116,stable-local-fallback,452,1.0,1.0,2,452
synthea,16,116,stable-local-fallback,458,1.0,1.0,3,458
synthea,16,116,stable-local-fallback,463,1.0,1.0,4,463
synthea,16,116,stable-local-fallback,462,1.0,1.0,5,462
synthea,16,116,stable-local-fallback,455,1.0,1.0,6,455
synthea,16,116,stable-local-fallback,461,1.0,1.0,7,461
synthea,16,116,stable-local-fallback,444,1.0,1.0,8,444
synthea,16,116,stable-local-fallback,469,1.0,1.0,9,469
synthea,16,116,stable-local-fallback,465,1.0,1.0,10,465
synthea,16,116,stable-local-fallback,463,1.0,1.0,11,463
synthea,16,116,stable-local-fallback,454,1.0,1.0,12,454
synthea,16,116,stable-local-fallback,440,1.0,1.0,13,440
synthea,16,116,stable-local-fallback,455,1.0,1.0,14,455
synthea,16,116,stable-local-fallback,452,1.0,1.0,15,452
synthea,16,116,stable-local-fallback,463,1.0,1.0,16,463
synthea,16,116,stable-local-fallback,467,1.0,1.0,17,467
synthea,16,116,stable-local-fallback,458,0.9563318777292577,1.0,18,438
synthea,16,116,stable-local-fallback,460,0.7869565217391304,1.0,19,362
synthea,16,116,stable-local-fallback,462,0.7034632034632035,1.0,20,325
synthea,16,116,stable-local-fallback,460,0.4934782608695652,1.0,21,227
synthea,16,116,stable-local-fallback,455,0.44175824175824174,1.0,22,201
synthea,16,116,stable-local-fallback,456,0.34210526315789475,1.0,23,156
synthea,16,116,stable-local-fallback,461,0.2928416485900217,1.0,24,135
synthea,16,116,stable-local-fallback,454,0.3303964757709251,1.0,25,150
synthea,16,116,stable-local-fallback,447,0.27069351230425054,1.0,26,121
synthea,16,116,stable-local-fallback,452,0.33185840707964603,1.0,27,150
synthea,16,116,stable-local-fallback,463,0.2894168466522678,1.0,28,134
synthea,16,116,stable-local-fallback,455,0.3142857142857143,1.0,29,143
synthea,16,116,stable-local-fallback,464,0.2543103448275862,1.0,30,118
synthea,16,116,stable-local-fallback,468,0.27564102564102566,1.0,31,129
synthea,16,116,stable-local-fallback,446,0.28699551569506726,1.0,32,128
synthea,16,116,stable-local-fallback,470,0.28936170212765955,1.0,33,136
synthea,16,116,stable-local-fallback,457,0.25601750547045954,1.0,34,117
synthea,16,116,stable-local-fallback,457,0.2800875273522976,1.0,35,128
synthea,16,116,stable-local-fallback,461,0.30585683297180044,1.0,36,141
synthea,16,116,stable-local-fallback,450,0.3022222222222222,1.0,37,136
synthea,16,116,stable-local-fallback,468,0.2905982905982906,1.0,38,136
synthea,16,116,stable-local-fallback,464,0.3254310344827586,1.0,39,151
synthea,16,116,stable-local-fallback,445,0.251685393258427,1.0,40,112
synthea,16,116,stable-local-fallback,458,0.29912663755458513,1.0,41,137
synthea,16,116,stable-local-fallback,453,0.27593818984547464,1.0,42,125
synthea,16,116,stable-local-fallback,453,0.293598233995585,1.0,43,133
synthea,16,116,stable-local-fallback,458,0.2685589519650655,1.0,44,123
synthea,16,116,stable-local-fallback,452,0.2588495575221239,1.0,45,117
synthea,16,116,stable-local-fallback,460,0.27608695652173915,1.0,46,127
synthea,16,116,stable-local-fallback,444,0.3063063063063063,1.0,47,136
synthea,16,116,stable-local-fallback,451,0.24168514412416853,1.0,48,109
synthea,16,116,stable-local-fallback,452,0.27654867256637167,1.0,49,125
synthea,16,116,stable-local-fallback,442,0.251131221719457,1.0,50,111
synthea,16,116,unitscope-lambda-sweep,264,1.0,0.025130516135030468,1,264
synthea,16,116,unitscope-lambda-sweep,266,1.0,0.014973591727732825,2,266
synthea,16,116,unitscope-lambda-sweep,273,1.0,0.027053395688502558,3,273
synthea,16,116,unitscope-lambda-sweep,279,1.0,0.03271282582026977,4,279
synthea,16,116,unitscope-lambda-sweep,285,1.0,0.04446919528217749,5,285
synthea,16,116,unitscope-lambda-sweep,277,1.0,0.049817881288518315,6,277
synthea,16,116,unitscope-lambda-sweep,272,1.0,0.05992813565061616,7,272
synthea,16,116,unitscope-lambda-sweep,278,1.0,0.07957918264955048,8,278
synthea,16,116,unitscope-lambda-sweep,289,1.0,0.13218121033519054,9,289
synthea,16,116,unitscope-lambda-sweep,295,1.0,0.10404640663357859,10,295
synthea,16,116,unitscope-lambda-sweep,287,1.0,0.10851101491600297,11,287
synthea,16,116,unitscope-lambda-sweep,283,1.0,0.12481894436449824,12,283
synthea,16,116,unitscope-lambda-sweep,272,1.0,0.387943128930997,13,272
synthea,16,116,unitscope-lambda-sweep,276,1.0,0.21424502864676273,14,276
synthea,16,116,unitscope-lambda-sweep,271,1.0,0.21423512089981508,15,271
synthea,16,116,unitscope-lambda-sweep,267,1.0,0.3001551918914452,16,267
synthea,16,116,unitscope-lambda-sweep,279,1.0,0.23061930009841689,17,279
synthea,16,116,unitscope-lambda-sweep,272,1.0,0.32636070787676313,18,272
synthea,16,116,unitscope-lambda-sweep,275,1.0,0.1476786843789351,19,275
synthea,16,116,unitscope-lambda-sweep,271,1.0,0.17393648231274508,20,271
synthea,16,116,unitscope-lambda-sweep,283,1.0,0.2511083084875907,21,283
synthea,16,116,unitscope-lambda-sweep,289,1.0,0.2807710037832689,22,289
synthea,16,116,unitscope-lambda-sweep,279,1.0,0.2975107619445779,23,279
synthea,16,116,unitscope-lambda-sweep,265,1.0,0.2086001740056988,24,265
synthea,16,116,unitscope-lambda-sweep,281,1.0,0.3334600694624495,25,281
synthea,16,116,unitscope-lambda-sweep,277,1.0,0.25365525974629494,26,277
synthea,16,116,unitscope-lambda-sweep,271,1.0,0.20045178028964944,27,271
synthea,16,116,unitscope-lambda-sweep,290,1.0,0.13256446185736812,28,290
synthea,16,116,unitscope-lambda-sweep,283,1.0,0.2622129582025036,29,283
synthea,16,116,unitscope-lambda-sweep,286,1.0,0.3100243449135131,30,286
synthea,16,116,unitscope-lambda-sweep,289,1.0,0.2547273735185983,31,289
synthea,16,116,unitscope-lambda-sweep,263,1.0,0.28823488743127884,32,263
synthea,16,116,unitscope-lambda-sweep,280,1.0,0.14594504859802712,33,280
synthea,16,116,unitscope-lambda-sweep,277,1.0,0.20755903585709357,34,277
synthea,16,116,unitscope-lambda-sweep,265,1.0,0.21165483723259423,35,265
synthea,16,116,unitscope-lambda-sweep,280,1.0,0.1514518839432223,36,280
synthea,16,116,unitscope-lambda-sweep,272,1.0,0.25384806822077144,37,272
synthea,16,116,unitscope-lambda-sweep,268,1.0,0.26372561888633045,38,268
synthea,16,116,unitscope-lambda-sweep,282,1.0,0.15337411188281494,39,282
synthea,16,116,unitscope-lambda-sweep,275,1.0,0.1920098727862312,40,275
synthea,16,116,unitscope-lambda-sweep,256,1.0,0.1695168596790602,41,256
synthea,16,116,unitscope-lambda-sweep,266,1.0,0.2766919947582108,42,266
synthea,16,116,unitscope-lambda-sweep,283,1.0,0.16632962756451675,43,283
synthea,16,116,unitscope-lambda-sweep,268,1.0,0.1371632542225025,44,268
synthea,16,116,unitscope-lambda-sweep,283,1.0,0.2087051828977292,45,283
synthea,16,116,unitscope-lambda-sweep,276,1.0,0.12170765735876007,46,276
synthea,16,116,unitscope-lambda-sweep,290,1.0,0.24082911347562957,47,290
synthea,16,116,unitscope-lambda-sweep,256,1.0,0.22575487278306589,48,256
synthea,16,116,unitscope-lambda-sweep,267,1.0,0.30911194274919057,49,267
synthea,16,116,unitscope-lambda-sweep,278,1.0,0.25444721874350135,50,278
synthea,17,117,naive-recalibrated-2c,271,1.0,0.19917867027473138,1,271
synthea,17,117,naive-recalibrated-2c,258,1.0,0.21625675379250983,2,258
synthea,17,117,naive-recalibrated-2c,260,1.0,0.2008439229673876,3,260
synthea,17,117,naive-recalibrated-2c,294,1.0,0.25940982201320584,4,294
synthea,17,117,naive-recalibrated-2c,280,1.0,0.31774863706861883,5,280
synthea,17,117,naive-recalibrated-2c,247,1.0,0.3597455474877967,6,247
synthea,17,117,naive-recalibrated-2c,276,1.0,0.5035935012124477,7,276
synthea,17,117,naive-recalibrated-2c,281,1.0,0.47262044763610067,8,281
synthea,17,117,naive-recalibrated-2c,260,1.0,0.5148414168582929,9,260
synthea,17,117,naive-recalibrated-2c,274,1.0,0.785632587438696,10,274
synthea,17,117,naive-recalibrated-2c,261,1.0,0.7265609146397293,11,261
synthea,17,117,naive-recalibrated-2c,266,1.0,0.7368450555447008,12,266
synthea,17,117,naive-recalibrated-2c,288,0.875,0.680532653362186,13,252
synthea,17,117,naive-recalibrated-2c,259,1.0,0.6858366495052252,14,259
synthea,17,117,naive-recalibrated-2c,290,0.9551724137931035,0.7232188104212524,15,277
synthea,17,117,naive-recalibrated-2c,291,0.872852233676976,0.6415603209600845,16,254
synthea,17,117,naive-recalibrated-2c,255,0.7058823529411765,0.5254211075026324,17,180
synthea,17,117,naive-recalibrated-2c,282,0.6418439716312057,0.44674510671239526,18,181
synthea,17,117,naive-recalibrated-2c,264,0.6856060606060606,0.5498920843902649,19,181
synthea,17,117,naive-recalibrated-2c,264,0.7272727272727273,0.5974203306673006,20,192
synthea,17,117,naive-recalibrated-2c,310,0.5,0.4546160251335667,21,155
synthea,17,117,naive-recalibrated-2c,288,0.5173611111111112,0.3504871211334898,22,149
synthea,17,117,naive-recalibrated-2c,285,0.5859649122807018,0.40792911414050564,23,167
synthea,17,117,naive-recalibrated-2c,271,0.7380073800738007,0.46430828713616923,24,200
synthea,17,117,naive-recalibrated-2c,288,0.5694444444444444,0.6189868943848823,25,164
synthea,17,117,naive-recalibrated-2c,254,0.5787401574803149,0.4562555132302857,26,147
synthea,17,117,naive-recalibrated-2c,267,0.599250936329588,0.3420686530612487,27,160
synthea,17,117,naive-recalibrated-2c,278,0.5431654676258992,0.4157020446080864,28,151
synthea,17,117,naive-recalibrated-2c,286,0.6188811188811189,0.416533948465322,29,177
synthea,17,117,naive-recalibrated-2c,288,0.5347222222222222,0.49826380971907486,30,154
synthea,17,117,naive-recalibrated-2c,274,0.4051094890510949,0.3150046659027779,31,111
synthea,17,117,naive-recalibrated-2c,279,0.3906810035842294,0.25795801638962634,32,109
synthea,17,117,naive-recalibrated-2c,270,0.5333333333333333,0.4206858193354955,33,144
synthea,17,117,naive-recalibrated-2c,248,0.4314516129032258,0.33241279107131616,34,107
synthea,17,117,naive-recalibrated-2c,272,0.3860294117647059,0.3378413993265308,35,105
synthea,17,117,naive-recalibrated-2c,278,0.4064748201438849,0.29520291224949696,36,113
synthea,17,117,naive-recalibrated-2c,277,0.8483754512635379,0.6141328233012412,37,235
synthea,17,117,naive-recalibrated-2c,275,0.5745454545454546,0.5921944608183484,38,158
synthea,17,117,naive-recalibrated-2c,291,0.7525773195876289,0.6101483162095699,39,219
synthea,17,117,naive-recalibrated-2c,259,0.6332046332046332,0.5310610480994113,40,164
synthea,17,117,naive-recalibrated-2c,282,0.6773049645390071,0.4862907803667219,41,191
synthea,17,117,naive-recalibrated-2c,278,0.5251798561151079,0.3398491306255072,42,146
synthea,17,117,naive-recalibrated-2c,261,0.5440613026819924,0.35252064107171616,43,142
synthea,17,117,naive-recalibrated-2c,294,0.5816326530612245,0.40571528317883093,44,171
synthea,17,117,naive-recalibrated-2c,267,0.6853932584269663,0.5766004549542098,45,183
synthea,17,117,naive-recalibrated-2c,270,0.8222222222222222,0.8438000218479147,46,222
synthea,17,117,naive-recalibrated-2c,278,0.60431654676259,0.5817138270596292,47,168
synthea,17,117,naive-recalibrated-2c,283,0.6537102473498233,0.5758803006975282,48,185
synthea,17,117,naive-recalibrated-2c,267,0.4943820224719101,0.39156285369204163,49,132
synthea,17,117,naive-recalibrated-2c,273,0.47985347985347987,0.3500059314339381,50,131
synthea,17,117,stable-local-fallback,442,1.0,1.0,1,442
synthea,17,117,stable-local-fallback,449,1.0,1.0,2,449
synthea,17,117,stable-local-fallback,446,1.0,1.0,3,446
synthea,17,117,stable-local-fallback,465,1.0,1.0,4,465
synthea,17,117,stable-local-fallback,451,1.0,1.0,5,451
synthea,17,117,stable-local-fallback,437,1.0,1.0,6,437
synthea,17,117,stable-local-fallback,431,1.0,1.0,7,431
synthea,17,117,stable-local-fallback,451,1.0,1.0,8,451
synthea,17,117,stable-local-fallback,445,1.0,1.0,9,445
synthea,17,117,stable-local-fallback,444,1.0,1.0,10,444
synthea,17,117,stable-local-fallback,457,1.0,1.0,11,457
synthea,17,117,stable-local-fallback,444,1.0,1.0,12,444
synthea,17,117,stable-local-fallback,448,1.0,1.0,13,448
synthea,17,117,stable-local-fallback,452,1.0,1.0,14,452
synthea,17,117,stable-local-fallback,459,1.0,1.0,15,459
synthea,17,117,stable-local-fallback,438,1.0,1.0,16,438
synthea,17,117,stable-local-fallback,439,1.0,1.0,17,439
synthea,17,117,stable-local-fallback,462,1.0,1.0,18,462
synthea,17,117,stable-local-fallback,448,0.9776785714285714,1.0,19,438
synthea,17,117,stable-local-fallback,452,0.8982300884955752,1.0,20,406
synthea,17,117,stable-local-fallback,465,0.5505376344086022,1.0,21,256
synthea,17,117,stable-local-fallback,455,0.512087912087912,1.0,22,233
synthea,17,117,stable-local-fallback,446,0.3632286995515695,1.0,23,162
synthea,17,117,stable-local-fallback,443,0.32505643340857787,1.0,24,144
synthea,17,117,stable-local-fallback,457,0.26695842450765866,1.0,25,122
synthea,17,117,stable-local-fallback,450,0.28444444444444444,1.0,26,128
synthea,17,117,stable-local-fallback,453,0.31346578366445915,1.0,27,142
synthea,17,117,stable-local-fallback,453,0.2847682119205298,1.0,28,129
synthea,17,117,stable-local-fallback,465,0.2860215053763441,1.0,29,133
synthea,17,117,stable-local-fallback,451,0.24833702882483372,1.0,30,112
synthea,17,117,stable-local-fallback,448,0.2767857142857143,1.0,31,124
synthea,17,117,stable-local-fallback,462,0.2792207792207792,1.0,32,129
synthea,17,117,stable-local-fallback,464,0.24568965517241378,1.0,33,114
synthea,17,117,stable-local-fallback,442,0.2647058823529412,1.0,34,117
synthea,17,117,stable-local-fallback,448,0.26339285714285715,1.0,35,118
synthea,17,117,stable-local-fallback,448,0.28125,1.0,36,126
synthea,17,117,stable-local-fallback,447,0.2505592841163311,1.0,37,112
synthea,17,117,stable-local-fallback,450,0.24444444444444444,1.0,38,110
synthea,17,117,stable-local-fallback,450,0.24888888888888888,1.0,39,112
synthea,17,117,stable-local-fallback,448,0.25,1.0,40,112
synthea,17,117,stable-local-fallback,461,0.27114967462039047,1.0,41,125
synthea,17,117,stable-local-fallback,463,0.2678185745140389,1.0,42,124
synthea,17,117,stable-local-fallback,458,0.25327510917030566,1.0,43,116
synthea,17,117,stable-local-fallback,456,0.27631578947368424,1.0,44,126
synthea,17,117,stable-local-fallback,458,0.24672489082969432,1.0,45,113
synthea,17,117,stable-local-fallback,442,0.27149321266968324,1.0,46,120
synthea,17,117,stable-local-fallback,451,0.23725055432372505,1.0,47,107
synthea,17,117,stable-local-fallback,441,0.2494331065759637,1.0,48,110
synthea,17,117,stable-local-fallback,438,0.2648401826484018,1.0,49,116
synthea,17,117,stable-local-fallback,445,0.2696629213483146,1.0,50,120
synthea,17,117,handle-only-drop-residual,0,,0.0,1,0
synthea,17,117,handle-only-drop-residual,0,,0.0,2,0
synthea,17,117,handle-only-drop-residual,0,,0.0,3,0
synthea,17,117,handle-only-drop-residual,0,,0.0,4,0
synthea,17,117,handle-only-drop-residual,0,,0.0,5,0
synthea,17,117,handle-only-drop-residual,0,,0.0,6,0
synthea,17,117,handle-only-drop-residual,0,,0.0,7,0
synthea,17,117,handle-only-drop-residual,0,,0.0,8,0
synthea,17,117,handle-only-drop-residual,0,,0.0,9,0
synthea,17,117,handle-only-drop-residual,0,,0.0,10,0
synthea,17,117,handle-only-drop-residual,0,,0.0,11,0
synthea,17,117,handle-only-drop-residual,0,,0.0,12,0
synthea,17,117,handle-only-drop-residual,0,,0.0,13,0
synthea,17,117,handle-only-drop-residual,0,,0.0,14,0
synthea,17,117,handle-only-drop-residual,0,,0.0,15,0
synthea,17,117,handle-only-drop-residual,0,,0.0,16,0
synthea,17,117,handle-only-drop-residual,0,,0.0,17,0
synthea,17,117,handle-only-drop-residual,0,,0.0,18,0
synthea,17,117,handle-only-drop-residual,0,,0.0,19,0
synthea,17,117,handle-only-drop-residual,0,,0.0,20,0
synthea,17,117,handle-only-drop-residual,0,,0.0,21,0
synthea,17,117,handle-only-drop-residual,0,,0.0,22,0
synthea,17,117,handle-only-drop-residual,0,,0.0,23,0
synthea,17,117,handle-only-drop-residual,0,,0.0,24,0
synthea,17,117,handle-only-drop-residual,0,,0.0,25,0
synthea,17,117,handle-only-drop-residual,0,,0.0,26,0
synthea,17,117,handle-only-drop-residual,0,,0.0,27,0
synthea,17,117,handle-only-drop-residual,0,,0.0,28,0
synthea,17,117,handle-only-drop-residual,0,,0.0,29,0
synthea,17,117,handle-only-drop-residual,0,,0.0,30,0
synthea,17,117,handle-only-drop-residual,0,,0.0,31,0
synthea,17,117,handle-only-drop-residual,0,,0.0,32,0
synthea,17,117,handle-only-drop-residual,0,,0.0,33,0
synthea,17,117,handle-only-drop-residual,0,,0.0,34,0
synthea,17,117,handle-only-drop-residual,0,,0.0,35,0
synthea,17,117,handle-only-drop-residual,0,,0.0,36,0
synthea,17,117,handle-only-drop-residual,0,,0.0,37,0
synthea,17,117,handle-only-drop-residual,0,,0.0,38,0
synthea,17,117,handle-only-drop-residual,0,,0.0,39,0
synthea,17,117,handle-only-drop-residual,0,,0.0,40,0
synthea,17,117,handle-only-drop-residual,0,,0.0,41,0
synthea,17,117,handle-only-drop-residual,0,,0.0,42,0
synthea,17,117,handle-only-drop-residual,0,,0.0,43,0
synthea,17,117,handle-only-drop-residual,0,,0.0,44,0
synthea,17,117,handle-only-drop-residual,0,,0.0,45,0
synthea,17,117,handle-only-drop-residual,0,,0.0,46,0
synthea,17,117,handle-only-drop-residual,0,,0.0,47,0
synthea,17,117,handle-only-drop-residual,0,,0.0,48,0
synthea,17,117,handle-only-drop-residual,0,,0.0,49,0
synthea,17,117,handle-only-drop-residual,0,,0.0,50,0
synthea,17,117,unitscope-lambda-sweep,271,1.0,0.026932524878665806,1,271
synthea,17,117,unitscope-lambda-sweep,258,1.0,0.029735824962031306,2,258
synthea,17,117,unitscope-lambda-sweep,260,1.0,0.026505706872453166,3,260
synthea,17,117,unitscope-lambda-sweep,294,1.0,0.027999963140339285,4,294
synthea,17,117,unitscope-lambda-sweep,280,1.0,0.034273248380374946,5,280
synthea,17,117,unitscope-lambda-sweep,247,1.0,0.0348857533415281,6,247
synthea,17,117,unitscope-lambda-sweep,276,1.0,0.05764824846640458,7,276
synthea,17,117,unitscope-lambda-sweep,281,1.0,0.0525039613039246,8,281
synthea,17,117,unitscope-lambda-sweep,260,1.0,0.05864824425289893,9,260
synthea,17,117,unitscope-lambda-sweep,274,1.0,0.11511223190483405,10,274
synthea,17,117,unitscope-lambda-sweep,261,1.0,0.06992069269296981,11,261
synthea,17,117,unitscope-lambda-sweep,266,1.0,0.11871665728203679,12,266
synthea,17,117,unitscope-lambda-sweep,288,1.0,0.19640046459597812,13,288
synthea,17,117,unitscope-lambda-sweep,259,1.0,0.15274378673825298,14,259
synthea,17,117,unitscope-lambda-sweep,290,1.0,0.24532993362815417,15,290
synthea,17,117,unitscope-lambda-sweep,291,1.0,0.42661781047478736,16,291
synthea,17,117,unitscope-lambda-sweep,255,1.0,0.2087774917744232,17,255
synthea,17,117,unitscope-lambda-sweep,282,1.0,0.21345635950109015,18,282
synthea,17,117,unitscope-lambda-sweep,264,1.0,0.30577400809254807,19,264
synthea,17,117,unitscope-lambda-sweep,264,1.0,0.15223656866391033,20,264
synthea,17,117,unitscope-lambda-sweep,310,1.0,0.28477333720944836,21,310
synthea,17,117,unitscope-lambda-sweep,288,1.0,0.19080914922769676,22,288
synthea,17,117,unitscope-lambda-sweep,285,1.0,0.16921378886028537,23,285
synthea,17,117,unitscope-lambda-sweep,271,1.0,0.22933382934706126,24,271
synthea,17,117,unitscope-lambda-sweep,288,1.0,0.183054562557161,25,288
synthea,17,117,unitscope-lambda-sweep,254,1.0,0.3371772020575097,26,254
synthea,17,117,unitscope-lambda-sweep,267,1.0,0.150777204144451,27,267
synthea,17,117,unitscope-lambda-sweep,278,1.0,0.18932795481354522,28,278
synthea,17,117,unitscope-lambda-sweep,286,1.0,0.2257981630778469,29,286
synthea,17,117,unitscope-lambda-sweep,288,1.0,0.3177232196935287,30,288
synthea,17,117,unitscope-lambda-sweep,274,1.0,0.13573951729970582,31,274
synthea,17,117,unitscope-lambda-sweep,279,1.0,0.0995361903558081,32,279
synthea,17,117,unitscope-lambda-sweep,270,1.0,0.18982927895656626,33,270
synthea,17,117,unitscope-lambda-sweep,248,1.0,0.2315313817927699,34,248
synthea,17,117,unitscope-lambda-sweep,272,1.0,0.23329948222412863,35,272
synthea,17,117,unitscope-lambda-sweep,278,1.0,0.10355536449968901,36,278
synthea,17,117,unitscope-lambda-sweep,277,1.0,0.2951323669375609,37,277
synthea,17,117,unitscope-lambda-sweep,275,1.0,0.23691266713124998,38,275
synthea,17,117,unitscope-lambda-sweep,291,1.0,0.3162272922757816,39,291
synthea,17,117,unitscope-lambda-sweep,259,1.0,0.4093897617640366,40,259
synthea,17,117,unitscope-lambda-sweep,282,1.0,0.32070268980037187,41,282
synthea,17,117,unitscope-lambda-sweep,278,1.0,0.15094998393259884,42,278
synthea,17,117,unitscope-lambda-sweep,261,1.0,0.1373978240478059,43,261
synthea,17,117,unitscope-lambda-sweep,294,1.0,0.2067495174608493,44,294
synthea,17,117,unitscope-lambda-sweep,267,1.0,0.1915339141993273,45,267
synthea,17,117,unitscope-lambda-sweep,270,1.0,0.21919490776559555,46,270
synthea,17,117,unitscope-lambda-sweep,278,1.0,0.21434497869482116,47,278
synthea,17,117,unitscope-lambda-sweep,283,1.0,0.24692511454047808,48,283
synthea,17,117,unitscope-lambda-sweep,267,1.0,0.16278222480935126,49,267
synthea,17,117,unitscope-lambda-sweep,273,1.0,0.23372310423759438,50,273
synthea,18,118,handle-only-drop-residual,0,,0.0,1,0
synthea,18,118,handle-only-drop-residual,0,,0.0,2,0
synthea,18,118,handle-only-drop-residual,0,,0.0,3,0
synthea,18,118,handle-only-drop-residual,0,,0.0,4,0
synthea,18,118,handle-only-drop-residual,0,,0.0,5,0
synthea,18,118,handle-only-drop-residual,0,,0.0,6,0
synthea,18,118,handle-only-drop-residual,0,,0.0,7,0
synthea,18,118,handle-only-drop-residual,0,,0.0,8,0
synthea,18,118,handle-only-drop-residual,0,,0.0,9,0
synthea,18,118,handle-only-drop-residual,0,,0.0,10,0
synthea,18,118,handle-only-drop-residual,0,,0.0,11,0
synthea,18,118,handle-only-drop-residual,0,,0.0,12,0
synthea,18,118,handle-only-drop-residual,0,,0.0,13,0
synthea,18,118,handle-only-drop-residual,0,,0.0,14,0
synthea,18,118,handle-only-drop-residual,0,,0.0,15,0
synthea,18,118,handle-only-drop-residual,0,,0.0,16,0
synthea,18,118,handle-only-drop-residual,0,,0.0,17,0
synthea,18,118,handle-only-drop-residual,0,,0.0,18,0
synthea,18,118,handle-only-drop-residual,0,,0.0,19,0
synthea,18,118,handle-only-drop-residual,0,,0.0,20,0
synthea,18,118,handle-only-drop-residual,0,,0.0,21,0
synthea,18,118,handle-only-drop-residual,0,,0.0,22,0
synthea,18,118,handle-only-drop-residual,0,,0.0,23,0
synthea,18,118,handle-only-drop-residual,0,,0.0,24,0
synthea,18,118,handle-only-drop-residual,0,,0.0,25,0
synthea,18,118,handle-only-drop-residual,0,,0.0,26,0
synthea,18,118,handle-only-drop-residual,0,,0.0,27,0
synthea,18,118,handle-only-drop-residual,0,,0.0,28,0
synthea,18,118,handle-only-drop-residual,0,,0.0,29,0
synthea,18,118,handle-only-drop-residual,0,,0.0,30,0
synthea,18,118,handle-only-drop-residual,0,,0.0,31,0
synthea,18,118,handle-only-drop-residual,0,,0.0,32,0
synthea,18,118,handle-only-drop-residual,0,,0.0,33,0
synthea,18,118,handle-only-drop-residual,0,,0.0,34,0
synthea,18,118,handle-only-drop-residual,0,,0.0,35,0
synthea,18,118,handle-only-drop-residual,0,,0.0,36,0
synthea,18,118,handle-only-drop-residual,0,,0.0,37,0
synthea,18,118,handle-only-drop-residual,0,,0.0,38,0
synthea,18,118,handle-only-drop-residual,0,,0.0,39,0
synthea,18,118,handle-only-drop-residual,0,,0.0,40,0
synthea,18,118,handle-only-drop-residual,0,,0.0,41,0
synthea,18,118,handle-only-drop-residual,0,,0.0,42,0
synthea,18,118,handle-only-drop-residual,0,,0.0,43,0
synthea,18,118,handle-only-drop-residual,0,,0.0,44,0
synthea,18,118,handle-only-drop-residual,0,,0.0,45,0
synthea,18,118,handle-only-drop-residual,0,,0.0,46,0
synthea,18,118,handle-only-drop-residual,0,,0.0,47,0
synthea,18,118,handle-only-drop-residual,0,,0.0,48,0
synthea,18,118,handle-only-drop-residual,0,,0.0,49,0
synthea,18,118,handle-only-drop-residual,0,,0.0,50,0
synthea,18,118,unitscope-lambda-sweep,266,1.0,0.028783293925471683,1,266
synthea,18,118,unitscope-lambda-sweep,285,1.0,0.024149161460993163,2,285
synthea,18,118,unitscope-lambda-sweep,281,1.0,0.0306068410500809,3,281
synthea,18,118,unitscope-lambda-sweep,298,1.0,0.041648192955175876,4,298
synthea,18,118,unitscope-lambda-sweep,271,1.0,0.0751912051130426,5,271
synthea,18,118,unitscope-lambda-sweep,262,1.0,0.03234274877361118,6,262
synthea,18,118,unitscope-lambda-sweep,280,1.0,0.06889840925517562,7,280
synthea,18,118,unitscope-lambda-sweep,286,1.0,0.06662122035088315,8,286
synthea,18,118,unitscope-lambda-sweep,269,1.0,0.1810413363684187,9,269
synthea,18,118,unitscope-lambda-sweep,280,1.0,0.1665582206714571,10,280
synthea,18,118,unitscope-lambda-sweep,285,1.0,0.2658311626345416,11,285
synthea,18,118,unitscope-lambda-sweep,282,1.0,0.3118228395756925,12,282
synthea,18,118,unitscope-lambda-sweep,292,1.0,0.20070989022051194,13,292
synthea,18,118,unitscope-lambda-sweep,268,1.0,0.15669336533679726,14,268
synthea,18,118,unitscope-lambda-sweep,289,1.0,0.18518333234746318,15,289
synthea,18,118,unitscope-lambda-sweep,281,1.0,0.12062259269023734,16,281
synthea,18,118,unitscope-lambda-sweep,277,1.0,0.28972046565044524,17,277
synthea,18,118,unitscope-lambda-sweep,242,1.0,0.10026435808396572,18,242
synthea,18,118,unitscope-lambda-sweep,267,1.0,0.14090198359549674,19,267
synthea,18,118,unitscope-lambda-sweep,265,1.0,0.2466110274485798,20,265
synthea,18,118,unitscope-lambda-sweep,279,1.0,0.3336505758627692,21,279
synthea,18,118,unitscope-lambda-sweep,271,1.0,0.19974580684647733,22,271
synthea,18,118,unitscope-lambda-sweep,286,1.0,0.328230001211963,23,286
synthea,18,118,unitscope-lambda-sweep,271,1.0,0.2871788625232435,24,271
synthea,18,118,unitscope-lambda-sweep,269,1.0,0.26722972760491015,25,269
synthea,18,118,unitscope-lambda-sweep,271,1.0,0.20415659499940264,26,271
synthea,18,118,unitscope-lambda-sweep,288,1.0,0.2600698377381151,27,288
synthea,18,118,unitscope-lambda-sweep,282,1.0,0.169119940181231,28,282
synthea,18,118,unitscope-lambda-sweep,263,1.0,0.20126545566663775,29,263
synthea,18,118,unitscope-lambda-sweep,285,1.0,0.14139919117373181,30,285
synthea,18,118,unitscope-lambda-sweep,284,1.0,0.26755681357191374,31,284
synthea,18,118,unitscope-lambda-sweep,270,1.0,0.2672250355176174,32,270
synthea,18,118,unitscope-lambda-sweep,287,1.0,0.20594793104998452,33,287
synthea,18,118,unitscope-lambda-sweep,292,1.0,0.23380980498814313,34,292
synthea,18,118,unitscope-lambda-sweep,263,1.0,0.3039745478838567,35,263
synthea,18,118,unitscope-lambda-sweep,262,1.0,0.16510522955939813,36,262
synthea,18,118,unitscope-lambda-sweep,271,1.0,0.161074600642808,37,271
synthea,18,118,unitscope-lambda-sweep,289,1.0,0.3629233630814939,38,289
synthea,18,118,unitscope-lambda-sweep,289,1.0,0.18842506908561776,39,289
synthea,18,118,unitscope-lambda-sweep,275,1.0,0.20434141452689752,40,275
synthea,18,118,unitscope-lambda-sweep,292,1.0,0.14819058122174847,41,292
synthea,18,118,unitscope-lambda-sweep,272,1.0,0.1856723769147437,42,272
synthea,18,118,unitscope-lambda-sweep,288,1.0,0.3894802071539167,43,288
synthea,18,118,unitscope-lambda-sweep,278,1.0,0.2515307752567359,44,278
synthea,18,118,unitscope-lambda-sweep,264,1.0,0.27049800088989107,45,264
synthea,18,118,unitscope-lambda-sweep,298,1.0,0.2583094043992294,46,298
synthea,18,118,unitscope-lambda-sweep,295,1.0,0.18631083949271798,47,295
synthea,18,118,unitscope-lambda-sweep,283,1.0,0.25625329573934613,48,283
synthea,18,118,unitscope-lambda-sweep,273,1.0,0.2171550441698052,49,273
synthea,18,118,unitscope-lambda-sweep,276,1.0,0.11068852343308405,50,276
synthea,18,118,stable-local-fallback,444,1.0,1.0,1,444
synthea,18,118,stable-local-fallback,461,1.0,1.0,2,461
synthea,18,118,stable-local-fallback,460,1.0,1.0,3,460
synthea,18,118,stable-local-fallback,461,1.0,1.0,4,461
synthea,18,118,stable-local-fallback,461,1.0,1.0,5,461
synthea,18,118,stable-local-fallback,461,1.0,1.0,6,461
synthea,18,118,stable-local-fallback,457,1.0,1.0,7,457
synthea,18,118,stable-local-fallback,457,1.0,1.0,8,457
synthea,18,118,stable-local-fallback,458,1.0,1.0,9,458
synthea,18,118,stable-local-fallback,454,1.0,1.0,10,454
synthea,18,118,stable-local-fallback,453,1.0,1.0,11,453
synthea,18,118,stable-local-fallback,454,1.0,1.0,12,454
synthea,18,118,stable-local-fallback,465,1.0,1.0,13,465
synthea,18,118,stable-local-fallback,458,1.0,1.0,14,458
synthea,18,118,stable-local-fallback,465,1.0,1.0,15,465
synthea,18,118,stable-local-fallback,457,1.0,1.0,16,457
synthea,18,118,stable-local-fallback,456,0.9539473684210527,1.0,17,435
synthea,18,118,stable-local-fallback,423,0.9267139479905437,1.0,18,392
synthea,18,118,stable-local-fallback,457,0.5973741794310722,1.0,19,273
synthea,18,118,stable-local-fallback,451,0.5232815964523282,1.0,20,236
synthea,18,118,stable-local-fallback,457,0.45076586433260396,1.0,21,206
synthea,18,118,stable-local-fallback,453,0.40618101545253865,1.0,22,184
synthea,18,118,stable-local-fallback,456,0.40789473684210525,1.0,23,186
synthea,18,118,stable-local-fallback,457,0.3610503282275711,1.0,24,165
synthea,18,118,stable-local-fallback,448,0.31473214285714285,1.0,25,141
synthea,18,118,stable-local-fallback,451,0.3148558758314856,1.0,26,142
synthea,18,118,stable-local-fallback,446,0.2713004484304933,1.0,27,121
synthea,18,118,stable-local-fallback,464,0.2801724137931034,1.0,28,130
synthea,18,118,stable-local-fallback,449,0.2583518930957684,1.0,29,116
synthea,18,118,stable-local-fallback,453,0.31125827814569534,1.0,30,141
synthea,18,118,stable-local-fallback,452,0.26548672566371684,1.0,31,120
synthea,18,118,stable-local-fallback,440,0.23863636363636365,1.0,32,105
synthea,18,118,stable-local-fallback,446,0.257847533632287,1.0,33,115
synthea,18,118,stable-local-fallback,459,0.28104575163398693,1.0,34,129
synthea,18,118,stable-local-fallback,471,0.24203821656050956,1.0,35,114
synthea,18,118,stable-local-fallback,448,0.23883928571428573,1.0,36,107
synthea,18,118,stable-local-fallback,459,0.2570806100217865,1.0,37,118
synthea,18,118,stable-local-fallback,461,0.2017353579175705,1.0,38,93
synthea,18,118,stable-local-fallback,459,0.26143790849673204,1.0,39,120
synthea,18,118,stable-local-fallback,465,0.24731182795698925,1.0,40,115
synthea,18,118,stable-local-fallback,460,0.2673913043478261,1.0,41,123
synthea,18,118,stable-local-fallback,452,0.2411504424778761,1.0,42,109
synthea,18,118,stable-local-fallback,456,0.25219298245614036,1.0,43,115
synthea,18,118,stable-local-fallback,462,0.2792207792207792,1.0,44,129
synthea,18,118,stable-local-fallback,459,0.2657952069716776,1.0,45,122
synthea,18,118,stable-local-fallback,471,0.2802547770700637,1.0,46,132
synthea,18,118,stable-local-fallback,469,0.24946695095948826,1.0,47,117
synthea,18,118,stable-local-fallback,461,0.2559652928416486,1.0,48,118
synthea,18,118,stable-local-fallback,456,0.26096491228070173,1.0,49,119
synthea,18,118,stable-local-fallback,450,0.29555555555555557,1.0,50,133
synthea,18,118,naive-recalibrated-2c,266,1.0,0.2122193665573264,1,266
synthea,18,118,naive-recalibrated-2c,285,1.0,0.21589011914983036,2,285
synthea,18,118,naive-recalibrated-2c,281,1.0,0.2873178407896713,3,281
synthea,18,118,naive-recalibrated-2c,298,1.0,0.38975930552576243,4,298
synthea,18,118,naive-recalibrated-2c,271,1.0,0.5820590641525871,5,271
synthea,18,118,naive-recalibrated-2c,262,1.0,0.3041735315052662,6,262
synthea,18,118,naive-recalibrated-2c,280,1.0,0.47715689317409027,7,280
synthea,18,118,naive-recalibrated-2c,286,1.0,0.5082744931906609,8,286
synthea,18,118,naive-recalibrated-2c,269,1.0,0.7701164352984391,9,269
synthea,18,118,naive-recalibrated-2c,280,0.9964285714285714,0.75012721148113,10,279
synthea,18,118,naive-recalibrated-2c,285,0.9122807017543859,0.6955014075895701,11,260
synthea,18,118,naive-recalibrated-2c,282,0.9219858156028369,0.5904480352650168,12,260
synthea,18,118,naive-recalibrated-2c,292,0.8424657534246576,0.7314826842722149,13,246
synthea,18,118,naive-recalibrated-2c,268,0.8955223880597015,0.77758247081157,14,240
synthea,18,118,naive-recalibrated-2c,289,0.8961937716262975,0.4807741598236458,15,259
synthea,18,118,naive-recalibrated-2c,281,0.9359430604982206,0.7858242019224883,16,263
synthea,18,118,naive-recalibrated-2c,277,0.9675090252707581,0.5876228502018692,17,268
synthea,18,118,naive-recalibrated-2c,242,0.987603305785124,0.71531638800661,18,239
synthea,18,118,naive-recalibrated-2c,267,0.9363295880149812,0.7969363836536112,19,250
synthea,18,118,naive-recalibrated-2c,265,0.7886792452830189,0.5578539585878086,20,209
synthea,18,118,naive-recalibrated-2c,279,0.6917562724014337,0.6068496033092621,21,193
synthea,18,118,naive-recalibrated-2c,271,0.6420664206642066,0.5357493294679244,22,174
synthea,18,118,naive-recalibrated-2c,286,0.6818181818181818,0.523940776427136,23,195
synthea,18,118,naive-recalibrated-2c,271,0.7380073800738007,0.5081346833782102,24,200
synthea,18,118,naive-recalibrated-2c,269,0.5836431226765799,0.4791727248499706,25,157
synthea,18,118,naive-recalibrated-2c,271,0.6014760147601476,0.42265619579565483,26,163
synthea,18,118,naive-recalibrated-2c,288,0.5555555555555556,0.5216647230779469,27,160
synthea,18,118,naive-recalibrated-2c,282,0.5070921985815603,0.31195233050120785,28,143
synthea,18,118,naive-recalibrated-2c,263,0.5019011406844106,0.37915421197128285,29,132
synthea,18,118,naive-recalibrated-2c,285,0.5614035087719298,0.33187331534525727,30,160
synthea,18,118,naive-recalibrated-2c,284,0.5633802816901409,0.4920053224656358,31,160
synthea,18,118,naive-recalibrated-2c,270,0.5703703703703704,0.4771939172553633,32,154
synthea,18,118,naive-recalibrated-2c,287,0.5749128919860628,0.4235571457346074,33,165
synthea,18,118,naive-recalibrated-2c,292,0.5273972602739726,0.38187513975556214,34,154
synthea,18,118,naive-recalibrated-2c,263,0.4144486692015209,0.29511863092906254,35,109
synthea,18,118,naive-recalibrated-2c,262,0.48091603053435117,0.35039224222893456,36,126
synthea,18,118,naive-recalibrated-2c,271,0.42435424354243545,0.2320343052243627,37,115
synthea,18,118,naive-recalibrated-2c,289,0.40484429065743943,0.45704440375384103,38,117
synthea,18,118,naive-recalibrated-2c,289,0.4844290657439446,0.32967349703165694,39,140
synthea,18,118,naive-recalibrated-2c,275,0.4727272727272727,0.32226491835456383,40,130
synthea,18,118,naive-recalibrated-2c,292,0.547945205479452,0.2954995991534398,41,160
synthea,18,118,naive-recalibrated-2c,272,0.5036764705882353,0.36788395685269953,42,137
synthea,18,118,naive-recalibrated-2c,288,0.5868055555555556,0.4999419818675312,43,169
synthea,18,118,naive-recalibrated-2c,278,0.6330935251798561,0.4189053713965794,44,176
synthea,18,118,naive-recalibrated-2c,264,0.75,0.5610307448136423,45,198
synthea,18,118,naive-recalibrated-2c,298,0.7114093959731543,0.5121827956312459,46,212
synthea,18,118,naive-recalibrated-2c,295,0.7966101694915254,0.7453900945295028,47,235
synthea,18,118,naive-recalibrated-2c,283,0.8303886925795053,0.8312417880951928,48,235
synthea,18,118,naive-recalibrated-2c,273,0.8205128205128205,0.5563389282185544,49,224
synthea,18,118,naive-recalibrated-2c,276,0.75,0.4010365509019136,50,207
synthea,19,119,handle-only-drop-residual,0,,0.0,1,0
synthea,19,119,handle-only-drop-residual,0,,0.0,2,0
synthea,19,119,handle-only-drop-residual,0,,0.0,3,0
synthea,19,119,handle-only-drop-residual,0,,0.0,4,0
synthea,19,119,handle-only-drop-residual,0,,0.0,5,0
synthea,19,119,handle-only-drop-residual,0,,0.0,6,0
synthea,19,119,handle-only-drop-residual,0,,0.0,7,0
synthea,19,119,handle-only-drop-residual,0,,0.0,8,0
synthea,19,119,handle-only-drop-residual,0,,0.0,9,0
synthea,19,119,handle-only-drop-residual,0,,0.0,10,0
synthea,19,119,handle-only-drop-residual,0,,0.0,11,0
synthea,19,119,handle-only-drop-residual,0,,0.0,12,0
synthea,19,119,handle-only-drop-residual,0,,0.0,13,0
synthea,19,119,handle-only-drop-residual,0,,0.0,14,0
synthea,19,119,handle-only-drop-residual,0,,0.0,15,0
synthea,19,119,handle-only-drop-residual,0,,0.0,16,0
synthea,19,119,handle-only-drop-residual,0,,0.0,17,0
synthea,19,119,handle-only-drop-residual,0,,0.0,18,0
synthea,19,119,handle-only-drop-residual,0,,0.0,19,0
synthea,19,119,handle-only-drop-residual,0,,0.0,20,0
synthea,19,119,handle-only-drop-residual,0,,0.0,21,0
synthea,19,119,handle-only-drop-residual,0,,0.0,22,0
synthea,19,119,handle-only-drop-residual,0,,0.0,23,0
synthea,19,119,handle-only-drop-residual,0,,0.0,24,0
synthea,19,119,handle-only-drop-residual,0,,0.0,25,0
synthea,19,119,handle-only-drop-residual,0,,0.0,26,0
synthea,19,119,handle-only-drop-residual,0,,0.0,27,0
synthea,19,119,handle-only-drop-residual,0,,0.0,28,0
synthea,19,119,handle-only-drop-residual,0,,0.0,29,0
synthea,19,119,handle-only-drop-residual,0,,0.0,30,0
synthea,19,119,handle-only-drop-residual,0,,0.0,31,0
synthea,19,119,handle-only-drop-residual,0,,0.0,32,0
synthea,19,119,handle-only-drop-residual,0,,0.0,33,0
synthea,19,119,handle-only-drop-residual,0,,0.0,34,0
synthea,19,119,handle-only-drop-residual,0,,0.0,35,0
synthea,19,119,handle-only-drop-residual,0,,0.0,36,0
synthea,19,119,handle-only-drop-residual,0,,0.0,37,0
synthea,19,119,handle-only-drop-residual,0,,0.0,38,0
synthea,19,119,handle-only-drop-residual,0,,0.0,39,0
synthea,19,119,handle-only-drop-residual,0,,0.0,40,0
synthea,19,119,handle-only-drop-residual,0,,0.0,41,0
synthea,19,119,handle-only-drop-residual,0,,0.0,42,0
synthea,19,119,handle-only-drop-residual,0,,0.0,43,0
synthea,19,119,handle-only-drop-residual,0,,0.0,44,0
synthea,19,119,handle-only-drop-residual,0,,0.0,45,0
synthea,19,119,handle-only-drop-residual,0,,0.0,46,0
synthea,19,119,handle-only-drop-residual,0,,0.0,47,0
synthea,19,119,handle-only-drop-residual,0,,0.0,48,0
synthea,19,119,handle-only-drop-residual,0,,0.0,49,0
synthea,19,119,handle-only-drop-residual,0,,0.0,50,0
synthea,19,119,stable-local-fallback,477,1.0,1.0,1,477
synthea,19,119,stable-local-fallback,456,1.0,1.0,2,456
synthea,19,119,stable-local-fallback,464,1.0,1.0,3,464
synthea,19,119,stable-local-fallback,463,1.0,1.0,4,463
synthea,19,119,stable-local-fallback,466,1.0,1.0,5,466
synthea,19,119,stable-local-fallback,474,1.0,1.0,6,474
synthea,19,119,stable-local-fallback,470,1.0,1.0,7,470
synthea,19,119,stable-local-fallback,469,1.0,1.0,8,469
synthea,19,119,stable-local-fallback,472,1.0,1.0,9,472
synthea,19,119,stable-local-fallback,466,1.0,1.0,10,466
synthea,19,119,stable-local-fallback,462,1.0,1.0,11,462
synthea,19,119,stable-local-fallback,474,1.0,1.0,12,474
synthea,19,119,stable-local-fallback,465,0.9419354838709677,1.0,13,438
synthea,19,119,stable-local-fallback,467,0.8265524625267666,1.0,14,386
synthea,19,119,stable-local-fallback,475,0.72,1.0,15,342
synthea,19,119,stable-local-fallback,476,0.6323529411764706,1.0,16,301
synthea,19,119,stable-local-fallback,469,0.488272921108742,1.0,17,229
synthea,19,119,stable-local-fallback,475,0.4463157894736842,1.0,18,212
synthea,19,119,stable-local-fallback,467,0.3854389721627409,1.0,19,180
synthea,19,119,stable-local-fallback,465,0.4043010752688172,1.0,20,188
synthea,19,119,stable-local-fallback,467,0.40471092077087795,1.0,21,189
synthea,19,119,stable-local-fallback,466,0.4034334763948498,1.0,22,188
synthea,19,119,stable-local-fallback,478,0.3598326359832636,1.0,23,172
synthea,19,119,stable-local-fallback,464,0.4051724137931034,1.0,24,188
synthea,19,119,stable-local-fallback,453,0.38631346578366443,1.0,25,175
synthea,19,119,stable-local-fallback,457,0.3282275711159737,1.0,26,150
synthea,19,119,stable-local-fallback,477,0.29350104821802936,1.0,27,140
synthea,19,119,stable-local-fallback,465,0.2645161290322581,1.0,28,123
synthea,19,119,stable-local-fallback,462,0.27705627705627706,1.0,29,128
synthea,19,119,stable-local-fallback,473,0.25792811839323465,1.0,30,122
synthea,19,119,stable-local-fallback,458,0.2816593886462882,1.0,31,129
synthea,19,119,stable-local-fallback,469,0.24307036247334754,1.0,32,114
synthea,19,119,stable-local-fallback,468,0.27136752136752135,1.0,33,127
synthea,19,119,stable-local-fallback,470,0.24893617021276596,1.0,34,117
synthea,19,119,stable-local-fallback,465,0.23225806451612904,1.0,35,108
synthea,19,119,stable-local-fallback,457,0.3150984682713348,1.0,36,144
synthea,19,119,stable-local-fallback,464,0.2478448275862069,1.0,37,115
synthea,19,119,stable-local-fallback,465,0.2731182795698925,1.0,38,127
synthea,19,119,stable-local-fallback,469,0.26439232409381663,1.0,39,124
synthea,19,119,stable-local-fallback,475,0.2694736842105263,1.0,40,128
synthea,19,119,stable-local-fallback,467,0.2462526766595289,1.0,41,115
synthea,19,119,stable-local-fallback,467,0.26552462526766596,1.0,42,124
synthea,19,119,stable-local-fallback,456,0.24561403508771928,1.0,43,112
synthea,19,119,stable-local-fallback,461,0.26247288503253796,1.0,44,121
synthea,19,119,stable-local-fallback,468,0.25213675213675213,1.0,45,118
synthea,19,119,stable-local-fallback,459,0.2440087145969499,1.0,46,112
synthea,19,119,stable-local-fallback,474,0.22573839662447256,1.0,47,107
synthea,19,119,stable-local-fallback,479,0.24217118997912318,1.0,48,116
synthea,19,119,stable-local-fallback,453,0.2693156732891832,1.0,49,122
synthea,19,119,stable-local-fallback,461,0.22559652928416485,1.0,50,104
synthea,19,119,naive-recalibrated-2c,278,1.0,0.2145784451548512,1,278
synthea,19,119,naive-recalibrated-2c,272,1.0,0.2666990699267502,2,272
synthea,19,119,naive-recalibrated-2c,270,1.0,0.3601694910263117,3,270
synthea,19,119,naive-recalibrated-2c,260,1.0,0.34214435787092995,4,260
synthea,19,119,naive-recalibrated-2c,282,1.0,0.5069481274137453,5,282
synthea,19,119,naive-recalibrated-2c,284,1.0,0.6158429308473219,6,284
synthea,19,119,naive-recalibrated-2c,296,1.0,0.7719171057374806,7,296
synthea,19,119,naive-recalibrated-2c,280,0.7785714285714286,0.6193024490302911,8,218
synthea,19,119,naive-recalibrated-2c,275,0.8327272727272728,0.6439639686264749,9,229
synthea,19,119,naive-recalibrated-2c,288,0.8263888888888888,0.6612297157264632,10,238
synthea,19,119,naive-recalibrated-2c,283,0.8127208480565371,0.7411669888029067,11,230
synthea,19,119,naive-recalibrated-2c,280,0.7714285714285715,0.5753493842649078,12,216
synthea,19,119,naive-recalibrated-2c,275,0.7381818181818182,0.5791084728724242,13,203
synthea,19,119,naive-recalibrated-2c,282,0.7304964539007093,0.4458581758642922,14,206
synthea,19,119,naive-recalibrated-2c,292,0.815068493150685,0.5527623303859841,15,238
synthea,19,119,naive-recalibrated-2c,304,0.7763157894736842,0.6034622718185457,16,236
synthea,19,119,naive-recalibrated-2c,281,0.7402135231316725,0.7714662933943361,17,208
synthea,19,119,naive-recalibrated-2c,276,0.7463768115942029,0.5833049508475169,18,206
synthea,19,119,naive-recalibrated-2c,261,0.6398467432950191,0.5176289405088381,19,167
synthea,19,119,naive-recalibrated-2c,264,0.7348484848484849,0.44908536984532166,20,194
synthea,19,119,naive-recalibrated-2c,271,0.7343173431734318,0.56146538792044,21,199
synthea,19,119,naive-recalibrated-2c,283,0.7879858657243817,0.4410362040838397,22,223
synthea,19,119,naive-recalibrated-2c,282,0.7695035460992907,0.6658890165592556,23,217
synthea,19,119,naive-recalibrated-2c,297,0.7811447811447811,0.5628532376544387,24,232
synthea,19,119,naive-recalibrated-2c,266,0.7518796992481203,0.5701768344792256,25,200
synthea,19,119,naive-recalibrated-2c,268,0.7164179104477612,0.48781860279719236,26,192
synthea,19,119,naive-recalibrated-2c,285,0.712280701754386,0.38463629212454664,27,203
synthea,19,119,naive-recalibrated-2c,271,0.7527675276752768,0.5180329144588144,28,204
synthea,19,119,naive-recalibrated-2c,278,0.7697841726618705,0.620023997172066,29,214
synthea,19,119,naive-recalibrated-2c,278,0.762589928057554,0.6274913180970694,30,212
synthea,19,119,naive-recalibrated-2c,273,0.7362637362637363,0.4467407120869949,31,201
synthea,19,119,naive-recalibrated-2c,289,0.7301038062283737,0.6233510292953118,32,211
synthea,19,119,naive-recalibrated-2c,288,0.7569444444444444,0.48373394054656205,33,218
synthea,19,119,naive-recalibrated-2c,296,0.777027027027027,0.5359898851737721,34,230
synthea,19,119,naive-recalibrated-2c,275,0.7854545454545454,0.7350994360329414,35,216
synthea,19,119,naive-recalibrated-2c,256,0.74609375,0.38729457925126065,36,191
synthea,19,119,naive-recalibrated-2c,280,0.7857142857142857,0.6433431319304211,37,220
synthea,19,119,naive-recalibrated-2c,284,0.7464788732394366,0.5022473351121756,38,212
synthea,19,119,naive-recalibrated-2c,266,0.793233082706767,0.5114139941646432,39,211
synthea,19,119,naive-recalibrated-2c,290,0.7793103448275862,0.4120299696974692,40,226
synthea,19,119,naive-recalibrated-2c,279,0.7419354838709677,0.5524811087085741,41,207
synthea,19,119,naive-recalibrated-2c,266,0.7744360902255639,0.4358962227563807,42,206
synthea,19,119,naive-recalibrated-2c,277,0.8194945848375451,0.8100241499587473,43,227
synthea,19,119,naive-recalibrated-2c,265,0.5660377358490566,0.44433404138602345,44,150
synthea,19,119,naive-recalibrated-2c,287,0.31010452961672474,0.38578867918119425,45,89
synthea,19,119,naive-recalibrated-2c,289,0.3079584775086505,0.40698465115171073,46,89
synthea,19,119,naive-recalibrated-2c,273,0.6813186813186813,0.4928801838575615,47,186
synthea,19,119,naive-recalibrated-2c,287,0.7560975609756098,0.5074117288210791,48,217
synthea,19,119,naive-recalibrated-2c,268,0.7014925373134329,0.4643811468399247,49,188
synthea,19,119,naive-recalibrated-2c,269,0.5613382899628253,0.41820508229228165,50,151
synthea,19,119,unitscope-lambda-sweep,278,1.0,0.026517467213992167,1,278
synthea,19,119,unitscope-lambda-sweep,272,1.0,0.0312746525853526,2,272
synthea,19,119,unitscope-lambda-sweep,270,1.0,0.04362929026471998,3,270
synthea,19,119,unitscope-lambda-sweep,260,1.0,0.03947481464114241,4,260
synthea,19,119,unitscope-lambda-sweep,282,1.0,0.05570315388607472,5,282
synthea,19,119,unitscope-lambda-sweep,284,1.0,0.070228647569143,6,284
synthea,19,119,unitscope-lambda-sweep,296,1.0,0.0865382719239958,7,296
synthea,19,119,unitscope-lambda-sweep,280,1.0,0.12530500603616163,8,280
synthea,19,119,unitscope-lambda-sweep,275,1.0,0.149903410697488,9,275
synthea,19,119,unitscope-lambda-sweep,288,1.0,0.24116893579276716,10,288
synthea,19,119,unitscope-lambda-sweep,283,1.0,0.2076292416147661,11,283
synthea,19,119,unitscope-lambda-sweep,280,1.0,0.22857635310461968,12,280
synthea,19,119,unitscope-lambda-sweep,275,1.0,0.18542315017136718,13,275
synthea,19,119,unitscope-lambda-sweep,282,1.0,0.20115659563559155,14,282
synthea,19,119,unitscope-lambda-sweep,292,1.0,0.2208174462550694,15,292
synthea,19,119,unitscope-lambda-sweep,304,1.0,0.32127232057956573,16,304
synthea,19,119,unitscope-lambda-sweep,281,1.0,0.08930072385948803,17,281
synthea,19,119,unitscope-lambda-sweep,276,1.0,0.20180400507297644,18,276
synthea,19,119,unitscope-lambda-sweep,261,1.0,0.3768840514313304,19,261
synthea,19,119,unitscope-lambda-sweep,264,1.0,0.23234533598376778,20,264
synthea,19,119,unitscope-lambda-sweep,271,1.0,0.34303712288962585,21,271
synthea,19,119,unitscope-lambda-sweep,283,1.0,0.16029634151539526,22,283
synthea,19,119,unitscope-lambda-sweep,282,1.0,0.2931442995038814,23,282
synthea,19,119,unitscope-lambda-sweep,297,1.0,0.282153329513063,24,297
synthea,19,119,unitscope-lambda-sweep,266,1.0,0.2535742907652999,25,266
synthea,19,119,unitscope-lambda-sweep,268,1.0,0.2224772208446902,26,268
synthea,19,119,unitscope-lambda-sweep,285,1.0,0.1387342488881344,27,285
synthea,19,119,unitscope-lambda-sweep,271,1.0,0.2988293393638378,28,271
synthea,19,119,unitscope-lambda-sweep,278,1.0,0.2156293487376149,29,278
synthea,19,119,unitscope-lambda-sweep,278,1.0,0.24780831704635392,30,278
synthea,19,119,unitscope-lambda-sweep,273,1.0,0.1977964579097046,31,273
synthea,19,119,unitscope-lambda-sweep,289,1.0,0.3099265498580226,32,289
synthea,19,119,unitscope-lambda-sweep,288,1.0,0.2596279144202524,33,288
synthea,19,119,unitscope-lambda-sweep,296,1.0,0.3300710385445307,34,296
synthea,19,119,unitscope-lambda-sweep,275,1.0,0.13755382653347156,35,275
synthea,19,119,unitscope-lambda-sweep,256,1.0,0.13118756341769094,36,256
synthea,19,119,unitscope-lambda-sweep,280,1.0,0.2650235528909571,37,280
synthea,19,119,unitscope-lambda-sweep,284,1.0,0.3412550049334209,38,284
synthea,19,119,unitscope-lambda-sweep,266,1.0,0.2750664189979692,39,266
synthea,19,119,unitscope-lambda-sweep,290,1.0,0.1539607142191682,40,290
synthea,19,119,unitscope-lambda-sweep,279,1.0,0.33223845646212863,41,279
synthea,19,119,unitscope-lambda-sweep,266,1.0,0.18662666361270505,42,266
synthea,19,119,unitscope-lambda-sweep,277,1.0,0.13624433936613428,43,277
synthea,19,119,unitscope-lambda-sweep,265,1.0,0.2601823716767103,44,265
synthea,19,119,unitscope-lambda-sweep,287,1.0,0.23455807113883867,45,287
synthea,19,119,unitscope-lambda-sweep,289,1.0,0.27704739547098334,46,289
synthea,19,119,unitscope-lambda-sweep,273,1.0,0.23503195554978,47,273
synthea,19,119,unitscope-lambda-sweep,287,1.0,0.29576768304827983,48,287
synthea,19,119,unitscope-lambda-sweep,268,1.0,0.20722991544214472,49,268
synthea,19,119,unitscope-lambda-sweep,269,1.0,0.16158005632009162,50,269
