"B","C","H","aggregate_snr","certificate_type","certified_sensitivity","clip_fraction","comparison_tier","complete_units","config_hash","contributing_record_gradient_evaluations","dataset","delta","diagnostic_gradient_seconds","diagnostic_record_gradient_evaluations","dropped_units","effective_record_utilization","epsilon","evidence_seed","evidence_view","gradient_distortion_l2","group_gradient_evaluations","handle_users_fully_covered_fraction","handle_users_with_residual_fraction","implementation_provenance","lambda","local_atom_units","local_mixed_units","manifest_hash","mean_residual_records_per_handle_user","method","metric_name","metric_value","noise_multiplier","noise_seed","noise_sensitivity","noisy_releases","non_dummy_record_gradient_evaluations","oracle_audit_seconds","overlap_probability","partial_clip_fraction","partial_gradient_distortion_l2","partial_handle_record_fraction","partial_handle_units","patient_or_user_auprc","plan_config_hash","privacy_semantics","public_normalizer","q_record_given_handle","q_record_given_handle_pooled","q_record_given_handle_requested","q_record_total","q_user","q_user_requested","realized_overlap_fraction","record_gradient_evaluations","residual_clip_fraction","residual_gradient_distortion_l2","residual_record_fraction","run_id","sample_accuracy","scenario","schedule_seed","seed","split_seed","structural_sensitivity_bound","topology_seed","user_macro_accuracy","validation_pass","wall_time_seconds","family","dirichlet_alpha"
"6","1.0","1","0.005548584423094642","plan-delta","2.0","0.9999999785423279","primary","0","c5db85c890b74c2c38ad9fec1e3441ab33d09dd45fa344cb7dcf2395449a535b","25600","femnist","1e-05","0.0","0","0","1.0","8.0","72001","controlled","0.8133995136618615","21389","0.0","1.0","this-work","","1599","0","98edd313ed1435d36637a4ca27deacf008d13ba3c78cd39a97b65fa4b81f0ed1","16.0","naive-recalibrated-2c","user_macro_accuracy","0.2429017857142857","4.901514315076063","1292001","2.0","50","25600","0.07099299991386943","0.5","0.999999989271164","0.24144278690218926","0.2478125","325","","0378254090209392f4025d0a6affb75e397aa659e77d1acd456d0bce3b0e2cab","user-certified","512.0","0.5","0.5","0.5","0.25","0.5","0.5","0.5","25600","0.9999999880790711","0.6306095097959041","0.7521875","177313c63b32d4932a51c8d854a17ba3d0886fd41b49e6b4e506d31a5afe3e53","0.24318395487308053","controlled-middle","82121","120","52001","2.0","62001","0.2429017857142857","True","15.18941730010556","credible-accuracy-epsilon8-v1",""
"6","1.0","1","0.007386047659024498","plan-c","1.0","0.9999999785423279","diagnostic","0","c5db85c890b74c2c38ad9fec1e3441ab33d09dd45fa344cb7dcf2395449a535b","25600","femnist","1e-05","0.0","0","0","1.0","8.0","72001","controlled","0.2621435150504112","21389","0.0","1.0","this-work","0.9","1599","0","98edd313ed1435d36637a4ca27deacf008d13ba3c78cd39a97b65fa4b81f0ed1","16.0","unitscope-lambda-sweep","user_macro_accuracy","0.31729910714285714","4.901514315076063","1292001","1.0","50","25600","0.07613720002700575","0.5","0.999999989271164","0.07689697410911321","0.2478125","325","","0378254090209392f4025d0a6affb75e397aa659e77d1acd456d0bce3b0e2cab","user-certified","512.0","0.5","0.5","0.5","0.25","0.5","0.5","0.5","25600","0.9999999880790711","0.2143664103746414","0.7521875","7d94a2b254227be3e63642ba6bb80a9618dd1f0a4c68f20e124fec8dbe8e495e","0.31698527107489816","controlled-middle","82121","120","52001","1.0","62001","0.31729910714285714","True","15.295340699958615","credible-accuracy-epsilon8-v1",""
"6","1.0","1","0.008056789936318486","plan-c","1.0","0.999999989271164","primary","0","c5db85c890b74c2c38ad9fec1e3441ab33d09dd45fa344cb7dcf2395449a535b","6344","femnist","1e-05","10.070596499979729","25600","1599","0.2478125","8.0","72001","controlled","0.26515132546424863","5301","0.0","1.0","this-work","1.0","0","0","98edd313ed1435d36637a4ca27deacf008d13ba3c78cd39a97b65fa4b81f0ed1","16.0","handle-only-drop-residual","user_macro_accuracy","0.32859375","4.901514315076063","1292001","1.0","50","6344","0.07221179999760352","0.5","0.999999989271164","0.07566484596580267","0.2478125","325","","0378254090209392f4025d0a6affb75e397aa659e77d1acd456d0bce3b0e2cab","user-certified","512.0","0.5","0.5","0.5","0.25","0.5","0.5","0.5","25600","0.0","0.21799004778265954","0.0","9806562926328e58d3ac09d241641aa72f39cdc4e35159960b13a584ec6376f0","0.3281103102475713","controlled-middle","82121","120","52001","1.0","62001","0.32859375","True","15.12904750002781","credible-accuracy-epsilon8-v1",""
"6","1.0","1","0.0036957806965388727","plan-c","1.0","0.9999999988079071","primary","0","c5db85c890b74c2c38ad9fec1e3441ab33d09dd45fa344cb7dcf2395449a535b","25600","femnist","1e-05","0.0","0","0","1.0","8.0","72001","controlled","0.2505263026058674","20549","0.0","1.0","this-work","0.0","1604","0","98edd313ed1435d36637a4ca27deacf008d13ba3c78cd39a97b65fa4b81f0ed1","16.0","stable-local-fallback","user_macro_accuracy","0.1889732142857143","4.901514315076063","1292001","1.0","50","25600","0.07244799999170937","0.5","0.0","0.0","0.0","0","","0378254090209392f4025d0a6affb75e397aa659e77d1acd456d0bce3b0e2cab","user-certified","512.0","0.5","0.5","0.5","0.25","0.5","0.5","0.5","25600","0.9999999988079071","0.2505263026058674","1.0","fedfd5e53c9e2df55e5181cd08ab1e01550eed0c6dc8fec6677edff5a8df9724","0.188498903165152","controlled-middle","82121","120","52001","1.0","62001","0.1889732142857143","True","17.53728069999488","credible-accuracy-epsilon8-v1",""
"6","1.0","1","0.003604257747772569","plan-c","1.0","0.9999999940395355","primary","0","00ea0f7ed2fa4c4aa03de510bfd681532d1fe8ddc0b61f3f659ccdb8b0fa8599","25600","femnist","1e-05","0.0","0","0","1.0","8.0","72002","controlled","0.3233991003036499","20553","0.0","1.0","this-work","0.0","1675","0","3cd0eb7679584762c0de7e76e14125c0fe60bfc8de340bdcbc65c7785a40c8c3","15.990769230769232","stable-local-fallback","user_macro_accuracy","0.15848214285714285","4.901514315076063","1302001","1.0","50","25600","0.06612509995466098","0.5","0.0","0.0","0.0","0","","0378254090209392f4025d0a6affb75e397aa659e77d1acd456d0bce3b0e2cab","user-certified","512.0","0.4999384615384616","0.49995189069566054","0.5","0.24989179050642044","0.5","0.5","0.5","25600","0.9999999940395355","0.3233991003036499","1.0","3b79a9f604e3dca34b43b7a938b39d97eab4e9b12590e97fdc1308c4a0d8e63c","0.15872767157630838","controlled-middle","82122","121","52002","1.0","62002","0.15848214285714285","True","16.75761630004854","credible-accuracy-epsilon8-v1",""
"6","1.0","1","0.005831881329979145","plan-delta","2.0","0.9999999797344208","primary","0","00ea0f7ed2fa4c4aa03de510bfd681532d1fe8ddc0b61f3f659ccdb8b0fa8599","25600","femnist","1e-05","0.0","0","0","1.0","8.0","72002","controlled","1.1975488184392453","21363","0.0","1.0","this-work","","1665","0","3cd0eb7679584762c0de7e76e14125c0fe60bfc8de340bdcbc65c7785a40c8c3","15.990769230769232","naive-recalibrated-2c","user_macro_accuracy","0.18582589285714285","4.901514315076063","1302001","2.0","50","25600","0.08227080010692589","0.5","0.9999999880790711","0.32892697034403684","0.2448046875","325","","0378254090209392f4025d0a6affb75e397aa659e77d1acd456d0bce3b0e2cab","user-certified","512.0","0.4999384615384616","0.49995189069566054","0.5","0.24989179050642044","0.5","0.5","0.5","25600","0.9999999880790711","0.9299510897696018","0.7551953125","7dc0a957a59b079c2fb4a2b0991219e1e4a5fee455d2f0d14219fe5727f31af6","0.18614854277655907","controlled-middle","82122","121","52002","2.0","62002","0.18582589285714285","True","15.36028649986838","credible-accuracy-epsilon8-v1",""
"6","1.0","1","0.0068834721031582925","plan-c","1.0","0.9999999797344208","diagnostic","0","00ea0f7ed2fa4c4aa03de510bfd681532d1fe8ddc0b61f3f659ccdb8b0fa8599","25600","femnist","1e-05","0.0","0","0","1.0","8.0","72002","controlled","0.3262438198924065","21363","0.0","1.0","this-work","0.9","1665","0","3cd0eb7679584762c0de7e76e14125c0fe60bfc8de340bdcbc65c7785a40c8c3","15.990769230769232","unitscope-lambda-sweep","user_macro_accuracy","0.18080357142857142","4.901514315076063","1302001","1.0","50","25600","0.06871099994168617","0.5","0.9999999880790711","0.09378097105771303","0.2448046875","325","","0378254090209392f4025d0a6affb75e397aa659e77d1acd456d0bce3b0e2cab","user-certified","512.0","0.4999384615384616","0.49995189069566054","0.5","0.24989179050642044","0.5","0.5","0.5","25600","0.9999999880790711","0.265336085408926","0.7551953125","caaa6686b0657d4881100b88e81d6cff943abca2cfb448b85ab1470c0df0342c","0.18050767784393607","controlled-middle","82122","121","52002","1.0","62002","0.18080357142857142","True","17.60903950003558","credible-accuracy-epsilon8-v1",""
"6","1.0","1","0.0074986363289454745","plan-c","1.0","0.9999999880790711","primary","0","00ea0f7ed2fa4c4aa03de510bfd681532d1fe8ddc0b61f3f659ccdb8b0fa8599","6267","femnist","1e-05","20.516607800062047","25600","1665","0.2448046875","8.0","72002","controlled","0.3308291120827198","5242","0.0","1.0","this-work","1.0","0","0","3cd0eb7679584762c0de7e76e14125c0fe60bfc8de340bdcbc65c7785a40c8c3","15.990769230769232","handle-only-drop-residual","user_macro_accuracy","0.18283482142857144","4.901514315076063","1302001","1.0","50","6267","0.07742379995761439","0.5","0.9999999880790711","0.09311239646747708","0.2448046875","325","","0378254090209392f4025d0a6affb75e397aa659e77d1acd456d0bce3b0e2cab","user-certified","512.0","0.4999384615384616","0.49995189069566054","0.5","0.24989179050642044","0.5","0.5","0.5","25600","0.0","0.2704642526805401","0.0","deb3733f445d08548516bcf5fca82a76362d3e7362ac1bab0def85f840a5a5d0","0.18254465684738327","controlled-middle","82122","121","52002","1.0","62002","0.18283482142857144","True","26.264320299989777","credible-accuracy-epsilon8-v1",""
"6","1.0","1","0.006611455004580799","plan-c","1.0","0.9999999868869781","diagnostic","0","879db3624ecea46fec56e933b6df1d99e025878f0d25c04092ffb13a974ab100","25600","femnist","1e-05","0.0","0","0","1.0","8.0","72003","controlled","0.2620549659430981","21275","0.0","1.0","this-work","0.9","1623","0","d0711aeea9ea55d42b351f299265b858a077d1f9c35bf8d9ab8ee9317b4acffc","15.990769230769232","unitscope-lambda-sweep","user_macro_accuracy","0.1075","4.901514315076063","1312001","1.0","50","25600","0.07450969982892275","0.5","0.9999999928474427","0.07882704798132181","0.2469140625","325","","0378254090209392f4025d0a6affb75e397aa659e77d1acd456d0bce3b0e2cab","user-certified","512.0","0.4999384615384616","0.49995189069566054","0.5","0.2501083032490975","0.5","0.5","0.5","25600","0.9999999916553497","0.21731944724917412","0.7530859375","45f6d88333cfcf4157d1dd4a6b2c5c2993ed8e999ae4dc761bf9b2c7b794c599","0.1075","controlled-middle","82123","122","52003","1.0","62003","0.1075","True","15.06764020016999","credible-accuracy-epsilon8-v1",""
"6","1.0","1","0.005195619394195646","plan-delta","2.0","0.9999999868869781","primary","0","879db3624ecea46fec56e933b6df1d99e025878f0d25c04092ffb13a974ab100","25600","femnist","1e-05","0.0","0","0","1.0","8.0","72003","controlled","0.8636342476308346","21275","0.0","1.0","this-work","","1623","0","d0711aeea9ea55d42b351f299265b858a077d1f9c35bf8d9ab8ee9317b4acffc","15.990769230769232","naive-recalibrated-2c","user_macro_accuracy","0.175625","4.901514315076063","1312001","2.0","50","25600","0.21338030000333674","0.5","0.9999999928474427","0.24716130509972573","0.2469140625","325","","0378254090209392f4025d0a6affb75e397aa659e77d1acd456d0bce3b0e2cab","user-certified","512.0","0.4999384615384616","0.49995189069566054","0.5","0.2501083032490975","0.5","0.5","0.5","25600","0.9999999916553497","0.681141747534275","0.7530859375","7cfb2b4451eb9c4ab976d652e8479ec88f05a7dbbaba275ba5e6e14be9125cdf","0.175625","controlled-middle","82123","122","52003","2.0","62003","0.175625","True","21.437530899973353","credible-accuracy-epsilon8-v1",""
"6","1.0","1","0.0031200992792652276","plan-c","1.0","0.9999999976158143","primary","0","879db3624ecea46fec56e933b6df1d99e025878f0d25c04092ffb13a974ab100","25600","femnist","1e-05","0.0","0","0","1.0","8.0","72003","controlled","0.2498667700588703","20555","0.0","1.0","this-work","0.0","1631","0","d0711aeea9ea55d42b351f299265b858a077d1f9c35bf8d9ab8ee9317b4acffc","15.990769230769232","stable-local-fallback","user_macro_accuracy","0.11703125","4.901514315076063","1312001","1.0","50","25600","0.06483569997362792","0.5","0.0","0.0","0.0","0","","0378254090209392f4025d0a6affb75e397aa659e77d1acd456d0bce3b0e2cab","user-certified","512.0","0.4999384615384616","0.49995189069566054","0.5","0.2501083032490975","0.5","0.5","0.5","25600","0.9999999976158143","0.2498667700588703","1.0","c84b892ae4696635f406b1d03f29b8ebe6502e82d2c89e1cbb4e09185bdfe049","0.11703125","controlled-middle","82123","122","52003","1.0","62003","0.11703125","True","16.955610400007572","credible-accuracy-epsilon8-v1",""
"6","1.0","1","0.00723598703535751","plan-c","1.0","0.9999999928474427","primary","0","879db3624ecea46fec56e933b6df1d99e025878f0d25c04092ffb13a974ab100","6321","femnist","1e-05","9.936320799955865","25600","1623","0.2469140625","8.0","72003","controlled","0.26413618206977846","5301","0.0","1.0","this-work","1.0","0","0","d0711aeea9ea55d42b351f299265b858a077d1f9c35bf8d9ab8ee9317b4acffc","15.990769230769232","handle-only-drop-residual","user_macro_accuracy","0.10546875","4.901514315076063","1312001","1.0","50","6321","0.07680770006845705","0.5","0.9999999928474427","0.07705063346773386","0.2469140625","325","","0378254090209392f4025d0a6affb75e397aa659e77d1acd456d0bce3b0e2cab","user-certified","512.0","0.4999384615384616","0.49995189069566054","0.5","0.2501083032490975","0.5","0.5","0.5","25600","0.0","0.22027162119746208","0.0","df3acfd2f958ce344b2bd00878477e18219973f98eda22ae918380b0d7e7fba2","0.10546875","controlled-middle","82123","122","52003","1.0","62003","0.10546875","True","19.55762679997133","credible-accuracy-epsilon8-v1",""
"6","1.0","1","0.005731154471110081","plan-delta","2.0","0.9999999833106995","primary","0","e59b38d82aee8c971cd725321a27fcb01f14fa0cf3d8fc0d0b67cd115d0bfe80","25600","femnist","1e-05","0.0","0","0","1.0","8.0","72004","controlled","1.0687918037176132","21225","0.0","1.0","this-work","","1623","0","97318a4da9510f527307817eaefe9563a697732d58bf2935ccf9d62052980cb4","15.990769230769232","naive-recalibrated-2c","user_macro_accuracy","0.1971875","4.901514315076063","1322001","2.0","50","25600","0.07591189982485957","0.5","0.9999999868869781","0.3176095690205693","0.2497265625","325","","0378254090209392f4025d0a6affb75e397aa659e77d1acd456d0bce3b0e2cab","user-certified","512.0","0.4999384615384616","0.49995189069566054","0.5","0.24989179050642044","0.5","0.5","0.5","25600","0.999999989271164","0.822940524071455","0.7502734375","05e0dfd18f54b2ab118c41a64e20760ceeaf241ad4aabeb92ce98c88d86b8e2c","0.1971875","controlled-middle","82124","123","52004","2.0","62004","0.1971875","True","85.46652080016793","credible-accuracy-epsilon8-v1",""
"6","1.0","1","0.007159676458335568","plan-c","1.0","0.9999999833106995","diagnostic","0","e59b38d82aee8c971cd725321a27fcb01f14fa0cf3d8fc0d0b67cd115d0bfe80","25600","femnist","1e-05","0.0","0","0","1.0","8.0","72004","controlled","0.2920879054069519","21225","0.0","1.0","this-work","0.9","1623","0","97318a4da9510f527307817eaefe9563a697732d58bf2935ccf9d62052980cb4","15.990769230769232","unitscope-lambda-sweep","user_macro_accuracy","0.25390625","4.901514315076063","1322001","1.0","50","25600","0.07160619995556772","0.5","0.9999999868869781","0.0856804608181119","0.2497265625","325","","0378254090209392f4025d0a6affb75e397aa659e77d1acd456d0bce3b0e2cab","user-certified","512.0","0.4999384615384616","0.49995189069566054","0.5","0.24989179050642044","0.5","0.5","0.5","25600","0.999999989271164","0.24217369750142098","0.7502734375","4cee09b915833e38b55269f3d14c392eb6b8ff6ee2b5b0320c6ed5a53870d338","0.25390625","controlled-middle","82124","123","52004","1.0","62004","0.25390625","True","21.14567730005365","credible-accuracy-epsilon8-v1",""
"6","1.0","1","0.0034855505898566687","plan-c","1.0","0.9999999976158143","primary","0","e59b38d82aee8c971cd725321a27fcb01f14fa0cf3d8fc0d0b67cd115d0bfe80","25600","femnist","1e-05","0.0","0","0","1.0","8.0","72004","controlled","0.2728202547132969","20485","0.0","1.0","this-work","0.0","1628","0","97318a4da9510f527307817eaefe9563a697732d58bf2935ccf9d62052980cb4","15.990769230769232","stable-local-fallback","user_macro_accuracy","0.2059375","4.901514315076063","1322001","1.0","50","25600","0.06547870006761514","0.5","0.0","0.0","0.0","0","","0378254090209392f4025d0a6affb75e397aa659e77d1acd456d0bce3b0e2cab","user-certified","512.0","0.4999384615384616","0.49995189069566054","0.5","0.24989179050642044","0.5","0.5","0.5","25600","0.9999999976158143","0.2728202547132969","1.0","6f2b29daf1f6b540c25bab3680c7b3f346c621efc70287f1fae0e8b18be10aeb","0.2059375","controlled-middle","82124","123","52004","1.0","62004","0.2059375","True","16.931781999912346","credible-accuracy-epsilon8-v1",""
"6","1.0","1","0.007847759841288101","plan-c","1.0","0.9999999868869781","primary","0","e59b38d82aee8c971cd725321a27fcb01f14fa0cf3d8fc0d0b67cd115d0bfe80","6393","femnist","1e-05","25.40788380012964","25600","1623","0.2497265625","8.0","72004","controlled","0.2956229886412621","5289","0.0","1.0","this-work","1.0","0","0","97318a4da9510f527307817eaefe9563a697732d58bf2935ccf9d62052980cb4","15.990769230769232","handle-only-drop-residual","user_macro_accuracy","0.255","4.901514315076063","1322001","1.0","50","6393","0.07613460006541573","0.5","0.9999999868869781","0.0844068205729127","0.2497265625","325","","0378254090209392f4025d0a6affb75e397aa659e77d1acd456d0bce3b0e2cab","user-certified","512.0","0.4999384615384616","0.49995189069566054","0.5","0.24989179050642044","0.5","0.5","0.5","25600","0.0","0.24641879335045813","0.0","a5088ae2d37aa5065047aeae29c840cdaa7af39474d135bec8cf8feab537dc24","0.255","controlled-middle","82124","123","52004","1.0","62004","0.255","True","48.15521479980089","credible-accuracy-epsilon8-v1",""
"6","1.0","1","0.005511402164244263","plan-delta","2.0","0.9999999785423279","primary","0","51a220e446d730e15c0efb97943036a65322a8018c3915ad822c19d86dbb7dfa","25600","femnist","1e-05","0.0","0","0","1.0","8.0","72005","controlled","0.9603972262144089","21273","0.0","1.0","this-work","","1641","0","aa5cb07b1695e007366c9b4b79f16843606c1e19b9e9ae7240d9eb850475bcda","15.990769230769232","naive-recalibrated-2c","user_macro_accuracy","0.0765625","4.901514315076063","1332001","2.0","50","25600","0.07072130008600652","0.5","0.999999989271164","0.26914774168282746","0.24796875","325","","0378254090209392f4025d0a6affb75e397aa659e77d1acd456d0bce3b0e2cab","user-certified","512.0","0.4999384615384616","0.49995189069566054","0.5","0.2501083032490975","0.5","0.5","0.5","25600","0.9999999880790711","0.7640109379589558","0.75203125","04e035ad9147788cc04424b281968691e4115a4cfbde505ca54525f941747ccf","0.0765625","controlled-middle","82125","124","52005","2.0","62005","0.0765625","True","27.333746099902783","credible-accuracy-epsilon8-v1",""
"6","1.0","1","0.007460542711793896","plan-c","1.0","0.999999989271164","primary","0","51a220e446d730e15c0efb97943036a65322a8018c3915ad822c19d86dbb7dfa","6348","femnist","1e-05","9.935231600044062","25600","1641","0.24796875","8.0","72005","controlled","0.2792349809408188","5273","0.0","1.0","this-work","1.0","0","0","aa5cb07b1695e007366c9b4b79f16843606c1e19b9e9ae7240d9eb850475bcda","15.990769230769232","handle-only-drop-residual","user_macro_accuracy","0.12203125","4.901514315076063","1332001","1.0","50","6348","0.07370849998551421","0.5","0.999999989271164","0.08139619972556829","0.24796875","325","","0378254090209392f4025d0a6affb75e397aa659e77d1acd456d0bce3b0e2cab","user-certified","512.0","0.4999384615384616","0.49995189069566054","0.5","0.2501083032490975","0.5","0.5","0.5","25600","0.0","0.23976619571447372","0.0","0a903abaa7634d880cd4e6efda02b890375df643e350755b30fa9d5c01a5fe72","0.12203125","controlled-middle","82125","124","52005","1.0","62005","0.12203125","True","14.945179199974518","credible-accuracy-epsilon8-v1",""
"6","1.0","1","0.006800785956475581","plan-c","1.0","0.9999999785423279","diagnostic","0","51a220e446d730e15c0efb97943036a65322a8018c3915ad822c19d86dbb7dfa","25600","femnist","1e-05","0.0","0","0","1.0","8.0","72005","controlled","0.27847394183278085","21273","0.0","1.0","this-work","0.9","1641","0","aa5cb07b1695e007366c9b4b79f16843606c1e19b9e9ae7240d9eb850475bcda","15.990769230769232","unitscope-lambda-sweep","user_macro_accuracy","0.12140625","4.901514315076063","1332001","1.0","50","25600","0.07506949984235689","0.5","0.999999989271164","0.0834574131295085","0.24796875","325","","0378254090209392f4025d0a6affb75e397aa659e77d1acd456d0bce3b0e2cab","user-certified","512.0","0.4999384615384616","0.49995189069566054","0.5","0.2501083032490975","0.5","0.5","0.5","25600","0.9999999880790711","0.23782335892319678","0.75203125","c13774ef6d2c8c2f90a82170c9f25b701d2e19c4f1d22b1f4eb161854906a0ce","0.12140625","controlled-middle","82125","124","52005","1.0","62005","0.12140625","True","15.426370900182519","credible-accuracy-epsilon8-v1",""
"6","1.0","1","0.003181274332750178","plan-c","1.0","0.9999999976158143","primary","0","51a220e446d730e15c0efb97943036a65322a8018c3915ad822c19d86dbb7dfa","25600","femnist","1e-05","0.0","0","0","1.0","8.0","72005","controlled","0.27516060501337053","20568","0.0","1.0","this-work","0.0","1651","0","aa5cb07b1695e007366c9b4b79f16843606c1e19b9e9ae7240d9eb850475bcda","15.990769230769232","stable-local-fallback","user_macro_accuracy","0.1028125","4.901514315076063","1332001","1.0","50","25600","0.06689050002023578","0.5","0.0","0.0","0.0","0","","0378254090209392f4025d0a6affb75e397aa659e77d1acd456d0bce3b0e2cab","user-certified","512.0","0.4999384615384616","0.49995189069566054","0.5","0.2501083032490975","0.5","0.5","0.5","25600","0.9999999976158143","0.27516060501337053","1.0","db8a35b2234b60ee3acdc20564388cb4f8f91cdc4f2a46f7eeb78e1de3f20dbe","0.1028125","controlled-middle","82125","124","52005","1.0","62005","0.1028125","True","17.19090549997054","credible-accuracy-epsilon8-v1",""
"6","1.0","1","0.008019024800101845","plan-c","1.0","0.9999999809265137","primary","0","fa1ef1f86cd91a07c115fdf9392658b388d3f61bcd3f2aaa7fb67bebcce71da1","6291","femnist","1e-05","9.825132800004212","25600","1592","0.2457421875","8.0","72006","controlled","0.32949498534202576","5271","0.0","1.0","this-work","1.0","0","0","9addba0aacd2f88e2ca83808a444b4cfa9aa84d3cbd0cbf7c3b6de09b70c5063","15.963076923076922","handle-only-drop-residual","user_macro_accuracy","0.3259375","4.901514315076063","1342001","1.0","50","6291","0.07390029984526336","0.5","0.9999999809265137","0.08868009887635708","0.2457421875","325","","0378254090209392f4025d0a6affb75e397aa659e77d1acd456d0bce3b0e2cab","user-certified","512.0","0.4999384615384616","0.4999518072289157","0.5","0.2496750902527076","0.5","0.5","0.5","25600","0.0","0.274543137550354","0.0","2b7814ba838667fae639757666548631067913115c20992d4c49145c512ac010","0.3259375","controlled-middle","82126","125","52006","1.0","62006","0.3259375","True","14.903279800171731","credible-accuracy-epsilon8-v1",""
"6","1.0","1","0.005941676749114397","plan-delta","2.0","0.9999999845027924","primary","0","fa1ef1f86cd91a07c115fdf9392658b388d3f61bcd3f2aaa7fb67bebcce71da1","25600","femnist","1e-05","0.0","0","0","1.0","8.0","72006","controlled","1.0323870998620988","21255","0.0","1.0","this-work","","1592","0","9addba0aacd2f88e2ca83808a444b4cfa9aa84d3cbd0cbf7c3b6de09b70c5063","15.963076923076922","naive-recalibrated-2c","user_macro_accuracy","0.36421875","4.901514315076063","1342001","2.0","50","25600","0.0791543000668753","0.5","0.9999999809265137","0.2824156172201037","0.2457421875","325","","0378254090209392f4025d0a6affb75e397aa659e77d1acd456d0bce3b0e2cab","user-certified","512.0","0.4999384615384616","0.4999518072289157","0.5","0.2496750902527076","0.5","0.5","0.5","25600","0.9999999940395355","0.8146554638445377","0.7542578125","aba8d8ea0499023c351d899954fc2fd9774966590adaf13003047ce00d65af03","0.36421875","controlled-middle","82126","125","52006","2.0","62006","0.36421875","True","15.07079709993559","credible-accuracy-epsilon8-v1",""
"6","1.0","1","0.003738648959889039","plan-c","1.0","0.9999999952316284","primary","0","fa1ef1f86cd91a07c115fdf9392658b388d3f61bcd3f2aaa7fb67bebcce71da1","25600","femnist","1e-05","0.0","0","0","1.0","8.0","72006","controlled","0.2994865919649601","20431","0.0","1.0","this-work","0.0","1598","0","9addba0aacd2f88e2ca83808a444b4cfa9aa84d3cbd0cbf7c3b6de09b70c5063","15.963076923076922","stable-local-fallback","user_macro_accuracy","0.21921875","4.901514315076063","1342001","1.0","50","25600","0.0669344000343699","0.5","0.0","0.0","0.0","0","","0378254090209392f4025d0a6affb75e397aa659e77d1acd456d0bce3b0e2cab","user-certified","512.0","0.4999384615384616","0.4999518072289157","0.5","0.2496750902527076","0.5","0.5","0.5","25600","0.9999999952316284","0.2994865919649601","1.0","ef1fba95f13b39f4eaadae17550b7551341d43508eb3bf5dacf7a52e3a257d1d","0.21921875","controlled-middle","82126","125","52006","1.0","62006","0.21921875","True","16.980160299979616","credible-accuracy-epsilon8-v1",""
"6","1.0","1","0.007356282757244371","plan-c","1.0","0.9999999845027924","diagnostic","0","fa1ef1f86cd91a07c115fdf9392658b388d3f61bcd3f2aaa7fb67bebcce71da1","25600","femnist","1e-05","0.0","0","0","1.0","8.0","72006","controlled","0.3243065991997719","21255","0.0","1.0","this-work","0.9","1592","0","9addba0aacd2f88e2ca83808a444b4cfa9aa84d3cbd0cbf7c3b6de09b70c5063","15.963076923076922","unitscope-lambda-sweep","user_macro_accuracy","0.31359375","4.901514315076063","1342001","1.0","50","25600","0.1827206999878399","0.5","0.9999999809265137","0.08933163911104203","0.2457421875","325","","0378254090209392f4025d0a6affb75e397aa659e77d1acd456d0bce3b0e2cab","user-certified","512.0","0.4999384615384616","0.4999518072289157","0.5","0.2496750902527076","0.5","0.5","0.5","25600","0.9999999940395355","0.2692233464121819","0.7542578125","fc2ca10e7f20a1301efdd16a31a21841d437548bcca7088558b102d58b35a9b1","0.31359375","controlled-middle","82126","125","52006","1.0","62006","0.31359375","True","15.153340199991362","credible-accuracy-epsilon8-v1",""
"6","1.0","1","0.006978607139035687","plan-c","1.0","0.9999999868869781","primary","0","8b1e409c5baad33e29937fea9d6a9ab488751de74d06faf3ca6520183115e244","6438","femnist","1e-05","18.274753800040344","25600","1585","0.251484375","8.0","72007","controlled","0.30702859461307525","5338","0.0","1.0","this-work","1.0","0","0","e4e6259f1a0d9a24f07f37e6ced31dd398643de4df9f8e6ff9283c4575e888b0","15.990769230769232","handle-only-drop-residual","user_macro_accuracy","0.191875","4.901514315076063","1352001","1.0","50","6438","0.08812440006295219","0.5","0.9999999868869781","0.08447416845709085","0.251484375","325","","0378254090209392f4025d0a6affb75e397aa659e77d1acd456d0bce3b0e2cab","user-certified","512.0","0.4999384615384616","0.49995189069566054","0.5","0.2501083032490975","0.5","0.5","0.5","25600","0.0","0.26006762593984606","0.0","030e887f8cc8cab1e0dfe4f20a73c406ba8f1366a46838fe30bde36411103c18","0.191875","controlled-middle","82127","126","52007","1.0","62007","0.191875","True","29.105549399886513","credible-accuracy-epsilon8-v1",""
"6","1.0","1","0.005382374582065597","plan-delta","2.0","0.9999999868869781","primary","0","8b1e409c5baad33e29937fea9d6a9ab488751de74d06faf3ca6520183115e244","25600","femnist","1e-05","0.0","0","0","1.0","8.0","72007","controlled","1.0417323245108128","21258","0.0","1.0","this-work","","1585","0","e4e6259f1a0d9a24f07f37e6ced31dd398643de4df9f8e6ff9283c4575e888b0","15.990769230769232","naive-recalibrated-2c","user_macro_accuracy","0.2065625","4.901514315076063","1352001","2.0","50","25600","0.08339680000790395","0.5","0.9999999868869781","0.2791970855370164","0.251484375","325","","0378254090209392f4025d0a6affb75e397aa659e77d1acd456d0bce3b0e2cab","user-certified","512.0","0.4999384615384616","0.49995189069566054","0.5","0.2501083032490975","0.5","0.5","0.5","25600","0.9999999928474427","0.8296486008167266","0.748515625","06db5a156f1a64cf4d0a2d12c9169546fabd55086a8841c53c82ca06f8abaed3","0.2065625","controlled-middle","82127","126","52007","2.0","62007","0.2065625","True","21.793858699995326","credible-accuracy-epsilon8-v1",""
"6","1.0","1","0.0033523887217180894","plan-c","1.0","0.9999999964237213","primary","0","8b1e409c5baad33e29937fea9d6a9ab488751de74d06faf3ca6520183115e244","25600","femnist","1e-05","0.0","0","0","1.0","8.0","72007","controlled","0.28263982832431794","20401","0.0","1.0","this-work","0.0","1587","0","e4e6259f1a0d9a24f07f37e6ced31dd398643de4df9f8e6ff9283c4575e888b0","15.990769230769232","stable-local-fallback","user_macro_accuracy","0.12953125","4.901514315076063","1352001","1.0","50","25600","0.0734305998776108","0.5","0.0","0.0","0.0","0","","0378254090209392f4025d0a6affb75e397aa659e77d1acd456d0bce3b0e2cab","user-certified","512.0","0.4999384615384616","0.49995189069566054","0.5","0.2501083032490975","0.5","0.5","0.5","25600","0.9999999964237213","0.28263982832431794","1.0","23bf0af1308fc73ee1fbd86cacf5cbf9b903e5a33e52432756637ab0acd30e57","0.12953125","controlled-middle","82127","126","52007","1.0","62007","0.12953125","True","17.925276100140763","credible-accuracy-epsilon8-v1",""
"6","1.0","1","0.0063948211301609525","plan-c","1.0","0.9999999868869781","diagnostic","0","8b1e409c5baad33e29937fea9d6a9ab488751de74d06faf3ca6520183115e244","25600","femnist","1e-05","0.0","0","0","1.0","8.0","72007","controlled","0.301735608279705","21258","0.0","1.0","this-work","0.9","1585","0","e4e6259f1a0d9a24f07f37e6ced31dd398643de4df9f8e6ff9283c4575e888b0","15.990769230769232","unitscope-lambda-sweep","user_macro_accuracy","0.1809375","4.901514315076063","1352001","1.0","50","25600","0.08709700018516742","0.5","0.9999999868869781","0.08532778639346361","0.251484375","325","","0378254090209392f4025d0a6affb75e397aa659e77d1acd456d0bce3b0e2cab","user-certified","512.0","0.4999384615384616","0.49995189069566054","0.5","0.2501083032490975","0.5","0.5","0.5","25600","0.9999999928474427","0.2546394212543964","0.748515625","6dc99b8fce334a6a29c121e17f99127d7afb58acf340c73bd07ac27497394ce8","0.1809375","controlled-middle","82127","126","52007","1.0","62007","0.1809375","True","21.421830599807436","credible-accuracy-epsilon8-v1",""
"6","1.0","1","0.0034270726321109527","plan-c","1.0","0.9999999928474427","primary","0","26e9d6418c66c3d537c899f4ba6cab4efaf6d921be2f3d138426d99b7fd804a0","25600","femnist","1e-05","0.0","0","0","1.0","8.0","72008","controlled","0.20208649843931198","20468","0.0","1.0","this-work","0.0","1581","0","f89a5e0abc5da8cb71544ce68eb33e3f8dbc95dd710e6f485dcb581f80ab40b6","15.990769230769232","stable-local-fallback","user_macro_accuracy","0.1578125","4.901514315076063","1362001","1.0","50","25600","0.07001769996713847","0.5","0.0","0.0","0.0","0","","0378254090209392f4025d0a6affb75e397aa659e77d1acd456d0bce3b0e2cab","user-certified","512.0","0.4999384615384616","0.49995189069566054","0.5","0.24989179050642044","0.5","0.5","0.5","25600","0.9999999928474427","0.20208649843931198","1.0","6255f87d3dc0ff12a51293731a21c0dc6c90482090fe5b98b037fdc29364e2b0","0.1578125","controlled-middle","82128","127","52008","1.0","62008","0.1578125","True","17.902597900043475","credible-accuracy-epsilon8-v1",""
"6","1.0","1","0.007192493551170299","plan-c","1.0","0.9999999833106995","primary","0","26e9d6418c66c3d537c899f4ba6cab4efaf6d921be2f3d138426d99b7fd804a0","6411","femnist","1e-05","12.242903599893907","25600","1580","0.2504296875","8.0","72008","controlled","0.1982381121814251","5323","0.0","1.0","this-work","1.0","0","0","f89a5e0abc5da8cb71544ce68eb33e3f8dbc95dd710e6f485dcb581f80ab40b6","15.990769230769232","handle-only-drop-residual","user_macro_accuracy","0.1890625","4.901514315076063","1362001","1.0","50","6411","0.09412049985257909","0.5","0.9999999833106995","0.05354848751798272","0.2504296875","325","","0378254090209392f4025d0a6affb75e397aa659e77d1acd456d0bce3b0e2cab","user-certified","512.0","0.4999384615384616","0.49995189069566054","0.5","0.24989179050642044","0.5","0.5","0.5","25600","0.0","0.16646764665842056","0.0","85b0c2576e2d99b00bdbdc9c7354042514e23a4f0da7fa67f346761859105398","0.1890625","controlled-middle","82128","127","52008","1.0","62008","0.1890625","True","18.05329140025424","credible-accuracy-epsilon8-v1",""
"6","1.0","1","0.005394168149692261","plan-delta","2.0","0.9999999821186065","primary","0","26e9d6418c66c3d537c899f4ba6cab4efaf6d921be2f3d138426d99b7fd804a0","25600","femnist","1e-05","0.0","0","0","1.0","8.0","72008","controlled","0.7227016168832779","21236","0.0","1.0","this-work","","1580","0","f89a5e0abc5da8cb71544ce68eb33e3f8dbc95dd710e6f485dcb581f80ab40b6","15.990769230769232","naive-recalibrated-2c","user_macro_accuracy","0.20625","4.901514315076063","1362001","2.0","50","25600","0.24364710014197044","0.5","0.9999999833106995","0.2027775075286627","0.2504296875","325","","0378254090209392f4025d0a6affb75e397aa659e77d1acd456d0bce3b0e2cab","user-certified","512.0","0.4999384615384616","0.49995189069566054","0.5","0.24989179050642044","0.5","0.5","0.5","25600","0.9999999928474427","0.5642768505215645","0.7495703125","cd31680a0387be79e6a4a99948414e81d4d9f9fd3a8a7437ce55489a4c419c36","0.20625","controlled-middle","82128","127","52008","2.0","62008","0.20625","True","18.267165299883345","credible-accuracy-epsilon8-v1",""
"6","1.0","1","0.006614678543419168","plan-c","1.0","0.9999999821186065","diagnostic","0","26e9d6418c66c3d537c899f4ba6cab4efaf6d921be2f3d138426d99b7fd804a0","25600","femnist","1e-05","0.0","0","0","1.0","8.0","72008","controlled","0.19725682571530342","21236","0.0","1.0","this-work","0.9","1580","0","f89a5e0abc5da8cb71544ce68eb33e3f8dbc95dd710e6f485dcb581f80ab40b6","15.990769230769232","unitscope-lambda-sweep","user_macro_accuracy","0.18578125","4.901514315076063","1362001","1.0","50","25600","0.10211470010108314","0.5","0.9999999833106995","0.055303131863474846","0.2504296875","325","","0378254090209392f4025d0a6affb75e397aa659e77d1acd456d0bce3b0e2cab","user-certified","512.0","0.4999384615384616","0.49995189069566054","0.5","0.24989179050642044","0.5","0.5","0.5","25600","0.9999999928474427","0.16445401713252067","0.7495703125","d17ed3333e664043c4b2ff22644d2e326b3d523334be7039dc371d59602a229a","0.18578125","controlled-middle","82128","127","52008","1.0","62008","0.18578125","True","18.223032199894078","credible-accuracy-epsilon8-v1",""
"6","1.0","1","0.007661326958251672","plan-c","1.0","0.9999999845027924","primary","0","752fbee21d9da550327b4f3c6851c85823e61bf71b67028e7c1d8cf9abfcab28","6408","femnist","1e-05","12.33386149990838","25600","1631","0.2503125","8.0","72009","controlled","0.23920835047960282","5314","0.0","1.0","this-work","1.0","0","0","642daaee34da92165c0d69f46c5250e2c43a6839f85227418f1870586e87421b","16.0","handle-only-drop-residual","user_macro_accuracy","0.17961875","4.901514315076063","1372001","1.0","50","6408","0.08400939992861822","0.5","0.9999999845027924","0.0752392216026783","0.2503125","325","","0378254090209392f4025d0a6affb75e397aa659e77d1acd456d0bce3b0e2cab","user-certified","512.0","0.5","0.5","0.5","0.2502165335386392","0.5","0.5","0.5","25600","0.0","0.202334473580122","0.0","2df30c88206910c759234a89808c25775be592922e7617f54d9a581b084b4a3e","0.17972782731112155","controlled-middle","82129","128","52009","1.0","62009","0.17961875","True","18.095804900163785","credible-accuracy-epsilon8-v1",""
"6","1.0","1","0.0054601165949743355","plan-delta","2.0","0.9999999785423279","primary","0","752fbee21d9da550327b4f3c6851c85823e61bf71b67028e7c1d8cf9abfcab28","25600","femnist","1e-05","0.0","0","0","1.0","8.0","72009","controlled","0.7302677865326405","21259","0.0","1.0","this-work","","1631","0","642daaee34da92165c0d69f46c5250e2c43a6839f85227418f1870586e87421b","16.0","naive-recalibrated-2c","user_macro_accuracy","0.24805624999999998","4.901514315076063","1372001","2.0","50","25600","0.08394819987006485","0.5","0.9999999845027924","0.22402098316699268","0.2503125","325","","0378254090209392f4025d0a6affb75e397aa659e77d1acd456d0bce3b0e2cab","user-certified","512.0","0.5","0.5","0.5","0.2502165335386392","0.5","0.5","0.5","25600","0.9999999856948852","0.5741720642149448","0.7496875","4d6476a9fbf0ed39e0a2ed2b60ef6cb91f4e9136e2a8f83a39842259cf0ad7c4","0.24824026278742375","controlled-middle","82129","128","52009","2.0","62009","0.24805624999999998","True","18.33469990012236","credible-accuracy-epsilon8-v1",""
"6","1.0","1","0.0069946741751301155","plan-c","1.0","0.9999999785423279","diagnostic","0","752fbee21d9da550327b4f3c6851c85823e61bf71b67028e7c1d8cf9abfcab28","25600","femnist","1e-05","0.0","0","0","1.0","8.0","72009","controlled","0.23808739095926285","21259","0.0","1.0","this-work","0.9","1631","0","642daaee34da92165c0d69f46c5250e2c43a6839f85227418f1870586e87421b","16.0","unitscope-lambda-sweep","user_macro_accuracy","0.16961874999999998","4.901514315076063","1372001","1.0","50","25600","0.07958679992589168","0.5","0.9999999845027924","0.07738481923937797","0.2503125","325","","0378254090209392f4025d0a6affb75e397aa659e77d1acd456d0bce3b0e2cab","user-certified","512.0","0.5","0.5","0.5","0.2502165335386392","0.5","0.5","0.5","25600","0.9999999856948852","0.19988053560256958","0.7496875","7832ebe13f90183a65965e511351c43f2a2211aca58613cec388486e447ccceb","0.16971687783513217","controlled-middle","82129","128","52009","1.0","62009","0.16961874999999998","True","18.007800800085533","credible-accuracy-epsilon8-v1",""
"6","1.0","1","0.0032129278267023146","plan-c","1.0","0.9999999976158143","primary","0","752fbee21d9da550327b4f3c6851c85823e61bf71b67028e7c1d8cf9abfcab28","25600","femnist","1e-05","0.0","0","0","1.0","8.0","72009","controlled","0.2488539019227028","20443","0.0","1.0","this-work","0.0","1634","0","642daaee34da92165c0d69f46c5250e2c43a6839f85227418f1870586e87421b","16.0","stable-local-fallback","user_macro_accuracy","0.118325","4.901514315076063","1372001","1.0","50","25600","0.07546849999926053","0.5","0.0","0.0","0.0","0","","0378254090209392f4025d0a6affb75e397aa659e77d1acd456d0bce3b0e2cab","user-certified","512.0","0.5","0.5","0.5","0.2502165335386392","0.5","0.5","0.5","25600","0.9999999976158143","0.2488539019227028","1.0","dcc589fb3f5a168b206871c1e4cc9649b4cf6e3246095342dc27495714b8a091","0.11841076177068668","controlled-middle","82129","128","52009","1.0","62009","0.118325","True","17.767250000004424","credible-accuracy-epsilon8-v1",""
"6","1.0","1","0.007420709723524226","plan-c","1.0","0.9999999809265137","diagnostic","0","bf5ae74b55913636148b0d49d2330c2c5af587c574bfdd90a11b95eca911acd3","25600","femnist","1e-05","0.0","0","0","1.0","8.0","72010","controlled","0.2999081538617611","21280","0.0","1.0","this-work","0.9","1635","0","53e1fd29a1e01ac273bc3fdd5a4f7c4c77b9eb1ee96a535da8e6fe2397ca0e2e","16.0","unitscope-lambda-sweep","user_macro_accuracy","0.32765625","4.901514315076063","1382001","1.0","50","25600","0.07655410002917051","0.5","0.9999999868869781","0.08738507974892855","0.246015625","325","","0378254090209392f4025d0a6affb75e397aa659e77d1acd456d0bce3b0e2cab","user-certified","512.0","0.5","0.5","0.5","0.2500841629394508","0.5","0.5","0.5","25600","0.9999999868869781","0.24927664503455163","0.753984375","2f9821e3b2dfcdb615049826294092097f7f19a55a305932ccfcaa9711a6af69","0.32765625","controlled-middle","82130","129","52010","1.0","62010","0.32765625","True","100.21847839996917","credible-accuracy-epsilon8-v1",""
"6","1.0","1","0.0037282702881663017","plan-c","1.0","0.9999999964237213","primary","0","bf5ae74b55913636148b0d49d2330c2c5af587c574bfdd90a11b95eca911acd3","25600","femnist","1e-05","0.0","0","0","1.0","8.0","72010","controlled","0.28513225048780444","20540","0.0","1.0","this-work","0.0","1639","0","53e1fd29a1e01ac273bc3fdd5a4f7c4c77b9eb1ee96a535da8e6fe2397ca0e2e","16.0","stable-local-fallback","user_macro_accuracy","0.201875","4.901514315076063","1382001","1.0","50","25600","0.06675500003620982","0.5","0.0","0.0","0.0","0","","0378254090209392f4025d0a6affb75e397aa659e77d1acd456d0bce3b0e2cab","user-certified","512.0","0.5","0.5","0.5","0.2500841629394508","0.5","0.5","0.5","25600","0.9999999964237213","0.28513225048780444","1.0","367429776d1843058d5f189ca545c617081c1b39e5dc277afc9e58b34f188f5b","0.201875","controlled-middle","82130","129","52010","1.0","62010","0.201875","True","19.966118799959077","credible-accuracy-epsilon8-v1",""
"6","1.0","1","0.0058593594228574485","plan-delta","2.0","0.9999999809265137","primary","0","bf5ae74b55913636148b0d49d2330c2c5af587c574bfdd90a11b95eca911acd3","25600","femnist","1e-05","0.0","0","0","1.0","8.0","72010","controlled","0.9945126613974571","21280","0.0","1.0","this-work","","1635","0","53e1fd29a1e01ac273bc3fdd5a4f7c4c77b9eb1ee96a535da8e6fe2397ca0e2e","16.0","naive-recalibrated-2c","user_macro_accuracy","0.32609375","4.901514315076063","1382001","2.0","50","25600","0.7802727998350747","0.5","0.9999999868869781","0.280329417809844","0.246015625","325","","0378254090209392f4025d0a6affb75e397aa659e77d1acd456d0bce3b0e2cab","user-certified","512.0","0.5","0.5","0.5","0.2500841629394508","0.5","0.5","0.5","25600","0.9999999868869781","0.7805775453150272","0.753984375","ade8b07e2dec32cb4e7fbd2b025b1b398d46c8aa2717e5bb1c5c54e31ce9c4e6","0.32609375","controlled-middle","82130","129","52010","2.0","62010","0.32609375","True","155.5857733001758","credible-accuracy-epsilon8-v1",""
"6","1.0","1","0.008085538194928032","plan-c","1.0","0.9999999868869781","primary","0","bf5ae74b55913636148b0d49d2330c2c5af587c574bfdd90a11b95eca911acd3","6298","femnist","1e-05","75.88988750008866","25600","1635","0.246015625","8.0","72010","controlled","0.3031524273753166","5277","0.0","1.0","this-work","1.0","0","0","53e1fd29a1e01ac273bc3fdd5a4f7c4c77b9eb1ee96a535da8e6fe2397ca0e2e","16.0","handle-only-drop-residual","user_macro_accuracy","0.33890625","4.901514315076063","1382001","1.0","50","6298","0.08000050004920922","0.5","0.9999999868869781","0.08593963086605072","0.246015625","325","","0378254090209392f4025d0a6affb75e397aa659e77d1acd456d0bce3b0e2cab","user-certified","512.0","0.5","0.5","0.5","0.2500841629394508","0.5","0.5","0.5","25600","0.0","0.2533275930583477","0.0","b1f8c42cd2fddff0e0cc6c8ff003e5dfbe1d0df2c89b126a72d4ba7995b70683","0.33890625","controlled-middle","82130","129","52010","1.0","62010","0.33890625","True","203.34771659984835","credible-accuracy-epsilon8-v1",""
"6","1.0","1","0.15931951325591664","plan-c","1.0","0.710833215713501","diagnostic","0","c3f29c0b6474b6d759dd644122be6e5bc1890584c8d8acefc7414521fb2d7dd0","25600","synthea","1e-05","0.0","0","0","1.0","8.0","72001","health-card","0.5004435352236033","23186","0.49687191307211065","0.5031280869278894","this-work","0.9","5025","0","3d6e8c2d82e1389ce0653231c5c4d90722db370cbe290496f24025b9dc95aa6f","1.476786302271979","unitscope-lambda-sweep","patient_or_user_auprc","0.20635764522903483","4.901514315076063","1292001","1.0","50","25600","0.08918419998371974","","0.29046618908643723","0.20339747132733466","0.409921875","3037","0.20635764522903483","eb4433208f8c3dfd5ffb80a5d12d9acac511c9657b71b1dbfc4b4d681d702ccd","user-certified","512.0","0.7477167673509032","0.5964912280701754","","0.40446559297218154","0.5474044700793078","","0.36661860129776497","25600","1.0","0.30142313830554485","0.590078125","9243fcb3f3f4cf727e21e9132e1f4dd6127f25208704b59ccf57695eb4dcf716","0.7494456762749445","policy-grounded","82121","120","52001","1.0","62001","0.7937902753368483","True","16.46587890002411","credible-accuracy-epsilon8-v1",""
"6","1.0","1","0.16099122838839605","plan-c","1.0","0.2815372097492218","primary","0","c3f29c0b6474b6d759dd644122be6e5bc1890584c8d8acefc7414521fb2d7dd0","10494","synthea","1e-05","5.968420000077458","25600","5025","0.409921875","8.0","72001","health-card","0.44786717638373374","9468","0.49687191307211065","0.5031280869278894","this-work","1.0","0","0","3d6e8c2d82e1389ce0653231c5c4d90722db370cbe290496f24025b9dc95aa6f","1.476786302271979","handle-only-drop-residual","patient_or_user_auprc","0.21533966350024372","4.901514315076063","1292001","1.0","50","10494","0.09086939998087473","","0.2815372097492218","0.1846989653632045","0.409921875","3037","0.21533966350024372","eb4433208f8c3dfd5ffb80a5d12d9acac511c9657b71b1dbfc4b4d681d702ccd","user-certified","512.0","0.7477167673509032","0.5964912280701754","","0.40446559297218154","0.5474044700793078","","0.36661860129776497","25600","0.0","0.26800764448940756","0.0","cb956bea2edf515c9cc9fcafb47c256c8a43be6a060f56b46cc583462eab8acc","0.7494456762749445","policy-grounded","82121","120","52001","1.0","62001","0.7937902753368483","True","16.34015779994661","credible-accuracy-epsilon8-v1",""
"6","1.0","1","0.09339081155701955","plan-delta","2.0","0.5756008762121201","primary","0","c3f29c0b6474b6d759dd644122be6e5bc1890584c8d8acefc7414521fb2d7dd0","25600","synthea","1e-05","0.0","0","0","1.0","8.0","72001","health-card","0.6659732608497143","23186","0.49687191307211065","0.5031280869278894","this-work","","5025","0","3d6e8c2d82e1389ce0653231c5c4d90722db370cbe290496f24025b9dc95aa6f","1.476786302271979","naive-recalibrated-2c","patient_or_user_auprc","0.22679020073436648","4.901514315076063","1292001","2.0","50","25600","0.09823560001677833","","0.2730023753643036","0.24333826147019863","0.409921875","3037","0.22679020073436648","eb4433208f8c3dfd5ffb80a5d12d9acac511c9657b71b1dbfc4b4d681d702ccd","user-certified","512.0","0.7477167673509032","0.5964912280701754","","0.40446559297218154","0.5474044700793078","","0.36661860129776497","25600","0.783635996580124","0.4252707877755165","0.590078125","ec04166d07957be057cab4f850d7ff848da2ff37a1e1abaa180c5f64ff88f456","0.7494456762749445","policy-grounded","82121","120","52001","2.0","62001","0.7937902753368483","True","16.560533199983183","credible-accuracy-epsilon8-v1",""
"6","1.0","1","0.17187357506111745","plan-c","1.0","0.5390995800495147","primary","0","c3f29c0b6474b6d759dd644122be6e5bc1890584c8d8acefc7414521fb2d7dd0","25600","synthea","1e-05","0.0","0","0","1.0","8.0","72001","health-card","0.7404139770567417","22883","0.49687191307211065","0.5031280869278894","this-work","0.0","7804","0","3d6e8c2d82e1389ce0653231c5c4d90722db370cbe290496f24025b9dc95aa6f","1.476786302271979","stable-local-fallback","patient_or_user_auprc","0.178311204474254","4.901514315076063","1292001","1.0","50","25600","0.08176289984839968","","0.0","0.0","0.0","0","0.178311204474254","eb4433208f8c3dfd5ffb80a5d12d9acac511c9657b71b1dbfc4b4d681d702ccd","user-certified","512.0","0.7477167673509032","0.5964912280701754","","0.40446559297218154","0.5474044700793078","","0.36661860129776497","25600","0.5390995800495147","0.7404139770567417","1.0","fee4cfd2fc19637283a87a0ea283eeaff4f90a3e0f6f0617f62bbf5f73a2e736","0.7494456762749445","policy-grounded","82121","120","52001","1.0","62001","0.7937902753368483","True","17.964545500144595","credible-accuracy-epsilon8-v1",""
"6","1.0","1","0.157969414549238","plan-c","1.0","0.7132148802280426","diagnostic","0","4906aff1b829347cb03e44da56d4e3c786f14aa469395fbaa00cdc9bce8fe049","25600","synthea","1e-05","0.0","0","0","1.0","8.0","72002","health-card","0.548007195070386","23118","0.507251153592617","0.492748846407383","this-work","0.9","4964","0","49a4fbcf5a80a4f04950481467d6f1af66cbad40d357bddf531cc34ded0f5e64","1.3793671720500988","unitscope-lambda-sweep","patient_or_user_auprc","0.2501168623655725","4.901514315076063","1302001","1.0","50","25600","0.08761620003497228","","0.2895794752240181","0.2148100884631276","0.4055078125","3034","0.2501168623655725","eb4433208f8c3dfd5ffb80a5d12d9acac511c9657b71b1dbfc4b4d681d702ccd","user-certified","512.0","0.7536210101846951","0.6100447260529258","","0.40596515160910274","0.5468637346791637","","0.3649963950973324","25600","0.9999999988079071","0.3377011602371931","0.5944921875","64d157cb970244c66e30a362a8890691f194e69e76bb53f30a4f782226461b1d","0.7597754911131899","policy-grounded","82122","121","52002","1.0","62002","0.7973052138254247","True","16.84137449998525","credible-accuracy-epsilon8-v1",""
"6","1.0","1","0.08968602787519009","plan-delta","2.0","0.5383920866250992","primary","0","4906aff1b829347cb03e44da56d4e3c786f14aa469395fbaa00cdc9bce8fe049","25600","synthea","1e-05","0.0","0","0","1.0","8.0","72002","health-card","0.7082033431529999","23118","0.507251153592617","0.492748846407383","this-work","","4964","0","49a4fbcf5a80a4f04950481467d6f1af66cbad40d357bddf531cc34ded0f5e64","1.3793671720500988","naive-recalibrated-2c","patient_or_user_auprc","0.26702483993457704","4.901514315076063","1302001","2.0","50","25600","0.09350010010530241","","0.26937773436307905","0.2524750454723835","0.4055078125","3034","0.26702483993457704","eb4433208f8c3dfd5ffb80a5d12d9acac511c9657b71b1dbfc4b4d681d702ccd","user-certified","512.0","0.7536210101846951","0.6100447260529258","","0.40596515160910274","0.5468637346791637","","0.3649963950973324","25600","0.7200680273771286","0.45846976950764656","0.5944921875","acefedcc340bf6bbee7e95cd1ec4e35e8d963998422a2b46fa9d9702205c48c1","0.7597754911131899","policy-grounded","82122","121","52002","2.0","62002","0.7973052138254247","True","16.75690839989693","credible-accuracy-epsilon8-v1",""
"6","1.0","1","0.15832046876140726","plan-c","1.0","0.27851144194602967","primary","0","4906aff1b829347cb03e44da56d4e3c786f14aa469395fbaa00cdc9bce8fe049","10381","synthea","1e-05","5.716419300006237","25600","4964","0.4055078125","8.0","72002","health-card","0.49782711192965506","9345","0.507251153592617","0.492748846407383","this-work","1.0","0","0","49a4fbcf5a80a4f04950481467d6f1af66cbad40d357bddf531cc34ded0f5e64","1.3793671720500988","handle-only-drop-residual","patient_or_user_auprc","0.25412967512082546","4.901514315076063","1302001","1.0","50","10381","0.08340070000849664","","0.27851144194602967","0.19729377079755067","0.4055078125","3034","0.25412967512082546","eb4433208f8c3dfd5ffb80a5d12d9acac511c9657b71b1dbfc4b4d681d702ccd","user-certified","512.0","0.7536210101846951","0.6100447260529258","","0.40596515160910274","0.5468637346791637","","0.3649963950973324","25600","0.0","0.3052135495841503","0.0","e41348ef145b88241c70fffdbdade47643dc18158b4f1ee85006b326cc24ef43","0.7597754911131899","policy-grounded","82122","121","52002","1.0","62002","0.7973052138254247","True","17.10118969998439","credible-accuracy-epsilon8-v1",""
"6","1.0","1","0.1766735298818773","plan-c","1.0","0.5583860635757446","primary","0","4906aff1b829347cb03e44da56d4e3c786f14aa469395fbaa00cdc9bce8fe049","25600","synthea","1e-05","0.0","0","0","1.0","8.0","72002","health-card","0.7462971237301826","22856","0.507251153592617","0.492748846407383","this-work","0.0","7777","0","49a4fbcf5a80a4f04950481467d6f1af66cbad40d357bddf531cc34ded0f5e64","1.3793671720500988","stable-local-fallback","patient_or_user_auprc","0.20013968894282558","4.901514315076063","1302001","1.0","50","25600","0.08699789995444007","","0.0","0.0","0.0","0","0.20013968894282558","eb4433208f8c3dfd5ffb80a5d12d9acac511c9657b71b1dbfc4b4d681d702ccd","user-certified","512.0","0.7536210101846951","0.6100447260529258","","0.40596515160910274","0.5468637346791637","","0.3649963950973324","25600","0.5583860635757446","0.7462971237301826","1.0","eaf94d66332073955f774cef7398c54886b1fee81ed53bd72474564aff2f9286","0.7597754911131899","policy-grounded","82122","121","52002","1.0","62002","0.7973052138254247","True","18.59452140002395","credible-accuracy-epsilon8-v1",""
"6","1.0","1","0.08411082411869356","plan-delta","2.0","0.5992610687017441","primary","0","7cc139374706aba5543601eea66107b74f35221d3ba39525d807a407d7f51df0","25600","synthea","1e-05","0.0","0","0","1.0","8.0","72003","health-card","0.5257820806652308","22995","0.4892367906066536","0.5107632093933464","this-work","","5018","0","81adcda1a0d762b30257698b3b4b4cb94fb678f036b0ad5c6d75cdba8b7ba104","1.4396607958251795","naive-recalibrated-2c","patient_or_user_auprc","0.2584107817327689","4.901514315076063","1312001","2.0","50","25600","0.09730710013536736","","0.25710915446281435","0.19782224290072917","0.412734375","3066","0.2584107817327689","eb4433208f8c3dfd5ffb80a5d12d9acac511c9657b71b1dbfc4b4d681d702ccd","user-certified","512.0","0.7433911800911996","0.6081321022727273","","0.4130736296206959","0.5526315789473685","","0.3732876712328767","25600","0.8334973084926606","0.33104747034609316","0.587265625","0ebf4b08bdcca963342cad00ae87a340552d57cefb338d246076490bbbdeaf6c","0.7704512672573666","policy-grounded","82123","122","52003","2.0","62003","0.79203280609256","True","16.247962499881396","credible-accuracy-epsilon8-v1",""
"6","1.0","1","0.17552315218110015","plan-c","1.0","0.555619265139103","primary","0","7cc139374706aba5543601eea66107b74f35221d3ba39525d807a407d7f51df0","25600","synthea","1e-05","0.0","0","0","1.0","8.0","72003","health-card","0.6892334407567978","22694","0.4892367906066536","0.5107632093933464","this-work","0.0","7846","0","81adcda1a0d762b30257698b3b4b4cb94fb678f036b0ad5c6d75cdba8b7ba104","1.4396607958251795","stable-local-fallback","patient_or_user_auprc","0.19042317253368973","4.901514315076063","1312001","1.0","50","25600","0.08073069996316917","","0.0","0.0","0.0","0","0.19042317253368973","eb4433208f8c3dfd5ffb80a5d12d9acac511c9657b71b1dbfc4b4d681d702ccd","user-certified","512.0","0.7433911800911996","0.6081321022727273","","0.4130736296206959","0.5526315789473685","","0.3732876712328767","25600","0.555619265139103","0.6892334407567978","1.0","30acfc8bb74dd7c76526cb30e7ed7eedd3b4faefdeda5338f18d3d600c40f432","0.7704512672573666","policy-grounded","82123","122","52003","1.0","62003","0.79203280609256","True","18.175011800020002","credible-accuracy-epsilon8-v1",""
"6","1.0","1","0.13841333241079234","plan-c","1.0","0.26302280366420744","primary","0","7cc139374706aba5543601eea66107b74f35221d3ba39525d807a407d7f51df0","10566","synthea","1e-05","5.9149849999230355","25600","5018","0.412734375","8.0","72003","health-card","0.3551697069406509","9356","0.4892367906066536","0.5107632093933464","this-work","1.0","0","0","81adcda1a0d762b30257698b3b4b4cb94fb678f036b0ad5c6d75cdba8b7ba104","1.4396607958251795","handle-only-drop-residual","patient_or_user_auprc","0.27382085044945337","4.901514315076063","1312001","1.0","50","10566","0.09605620009824634","","0.26302280366420744","0.1556191972643137","0.412734375","3066","0.27382085044945337","eb4433208f8c3dfd5ffb80a5d12d9acac511c9657b71b1dbfc4b4d681d702ccd","user-certified","512.0","0.7433911800911996","0.6081321022727273","","0.4130736296206959","0.5526315789473685","","0.3732876712328767","25600","0.0","0.20458155415952206","0.0","70f65f9c8372aa69f69fcf0b9295717a3c4b239fe462d8714d0927d86a6f044f","0.7704512672573666","policy-grounded","82123","122","52003","1.0","62003","0.79203280609256","True","16.12817719997838","credible-accuracy-epsilon8-v1",""
"6","1.0","1","0.14010487282618775","plan-c","1.0","0.7008605790138245","diagnostic","0","7cc139374706aba5543601eea66107b74f35221d3ba39525d807a407d7f51df0","25600","synthea","1e-05","0.0","0","0","1.0","8.0","72003","health-card","0.4108347187936306","22995","0.4892367906066536","0.5107632093933464","this-work","0.9","5018","0","81adcda1a0d762b30257698b3b4b4cb94fb678f036b0ad5c6d75cdba8b7ba104","1.4396607958251795","unitscope-lambda-sweep","patient_or_user_auprc","0.2677331064277333","4.901514315076063","1312001","1.0","50","25600","0.09114610010874458","","0.26490128219127657","0.17652049735188485","0.412734375","3066","0.2677331064277333","eb4433208f8c3dfd5ffb80a5d12d9acac511c9657b71b1dbfc4b4d681d702ccd","user-certified","512.0","0.7433911800911996","0.6081321022727273","","0.4130736296206959","0.5526315789473685","","0.3732876712328767","25600","0.9999999988079071","0.23902547001838684","0.587265625","8e3487ef4e07c3c8c030204309a5d9a70a99d695727983fddabb5b06afc98f22","0.7704512672573666","policy-grounded","82123","122","52003","1.0","62003","0.79203280609256","True","16.448934899904998","credible-accuracy-epsilon8-v1",""
"6","1.0","1","0.15722670114988602","plan-c","1.0","0.7159120261669158","diagnostic","0","27cdeba0acea51b41e51db8215267ec49b30b9f70df0d769590abdc1f0dbbfe2","25600","synthea","1e-05","0.0","0","0","1.0","8.0","72004","health-card","0.5060502212494612","23176","0.4972011853803095","0.5027988146196904","this-work","0.9","4996","0","10533f0b247d15f3f30294027530ba80d4224cef45c90091d61342fce24db4d5","1.3671386236417518","unitscope-lambda-sweep","patient_or_user_auprc","0.26039685426178233","4.901514315076063","1322001","1.0","50","25600","0.09129429989843629","","0.3054688560962677","0.2218985452875495","0.41890625","3037","0.26039685426178233","eb4433208f8c3dfd5ffb80a5d12d9acac511c9657b71b1dbfc4b4d681d702ccd","user-certified","512.0","0.7482381069283057","0.6227855001362769","","0.41765673551453114","0.5474044700793078","","0.363914924297044","25600","0.9999999988079071","0.2885701522231102","0.58109375","6f56fca56d81fa16dfbdd0dcffbdb1d8b99a3cdd5d7a6a04cea83695b74d5e1e","0.7442435775451951","policy-grounded","82124","123","52004","1.0","62004","0.7914469830111306","True","16.928844000125537","credible-accuracy-epsilon8-v1",""
"6","1.0","1","0.09047516626388985","plan-delta","2.0","0.5604358977079391","primary","0","27cdeba0acea51b41e51db8215267ec49b30b9f70df0d769590abdc1f0dbbfe2","25600","synthea","1e-05","0.0","0","0","1.0","8.0","72004","health-card","0.6504166573658585","23176","0.4972011853803095","0.5027988146196904","this-work","","4996","0","10533f0b247d15f3f30294027530ba80d4224cef45c90091d61342fce24db4d5","1.3671386236417518","naive-recalibrated-2c","patient_or_user_auprc","0.2634273666286874","4.901514315076063","1322001","2.0","50","25600","0.2119315001182258","","0.27743542969226836","0.2583944365382195","0.41890625","3037","0.2634273666286874","eb4433208f8c3dfd5ffb80a5d12d9acac511c9657b71b1dbfc4b4d681d702ccd","user-certified","512.0","0.7482381069283057","0.6227855001362769","","0.41765673551453114","0.5474044700793078","","0.363914924297044","25600","0.7562454420328141","0.3956808653473854","0.58109375","9dab34d463a6703a53d84978ab0ca394d2504205709801435d02519528db4f5c","0.7442435775451951","policy-grounded","82124","123","52004","2.0","62004","0.7914469830111306","True","16.74824669989175","credible-accuracy-epsilon8-v1",""
"6","1.0","1","0.15786651865912055","plan-c","1.0","0.2923880311846733","primary","0","27cdeba0acea51b41e51db8215267ec49b30b9f70df0d769590abdc1f0dbbfe2","10724","synthea","1e-05","5.707096199825173","25600","4996","0.41890625","8.0","72004","health-card","0.4536376786231995","9459","0.4972011853803095","0.5027988146196904","this-work","1.0","0","0","10533f0b247d15f3f30294027530ba80d4224cef45c90091d61342fce24db4d5","1.3671386236417518","handle-only-drop-residual","patient_or_user_auprc","0.26252904269239835","4.901514315076063","1322001","1.0","50","10724","0.0934449999476783","","0.2923880311846733","0.20257976897992194","0.41890625","3037","0.26252904269239835","eb4433208f8c3dfd5ffb80a5d12d9acac511c9657b71b1dbfc4b4d681d702ccd","user-certified","512.0","0.7482381069283057","0.6227855001362769","","0.41765673551453114","0.5474044700793078","","0.363914924297044","25600","0.0","0.2558320650458336","0.0","a7fc90d0fb1936a5cbbd3565cba03860816feb493e20784549b5a1a519669c86","0.7442435775451951","policy-grounded","82124","123","52004","1.0","62004","0.7914469830111306","True","16.985146900231484","credible-accuracy-epsilon8-v1",""
"6","1.0","1","0.18338490896358356","plan-c","1.0","0.5524562048912048","primary","0","27cdeba0acea51b41e51db8215267ec49b30b9f70df0d769590abdc1f0dbbfe2","25600","synthea","1e-05","0.0","0","0","1.0","8.0","72004","health-card","0.7314930066466332","22878","0.4972011853803095","0.5027988146196904","this-work","0.0","7785","0","10533f0b247d15f3f30294027530ba80d4224cef45c90091d61342fce24db4d5","1.3671386236417518","stable-local-fallback","patient_or_user_auprc","0.24259252763451114","4.901514315076063","1322001","1.0","50","25600","0.09023240010719746","","0.0","0.0","0.0","0","0.24259252763451114","eb4433208f8c3dfd5ffb80a5d12d9acac511c9657b71b1dbfc4b4d681d702ccd","user-certified","512.0","0.7482381069283057","0.6227855001362769","","0.41765673551453114","0.5474044700793078","","0.363914924297044","25600","0.5524562048912048","0.7314930066466332","1.0","b7277fa80c37de478e4237c6ddf325b9a07c883d89a81f422c46c3bf2b0872d6","0.7442435775451951","policy-grounded","82124","123","52004","1.0","62004","0.7914469830111306","True","18.924652099900413","credible-accuracy-epsilon8-v1",""
"6","1.0","1","0.1857986872614028","plan-c","1.0","0.281121666431427","primary","0","52a5b1c48e381f7b23b30db772610c6e7499fe98b7d9ab5d89b8616707d7b6c9","10379","synthea","1e-05","5.624546000006376","25600","5041","0.4054296875","8.0","72005","health-card","0.4297762418538332","9324","0.48928571428571427","0.5107142857142857","this-work","1.0","0","0","02ff70768eab06303bd69b4a56a08a6bba8a01cbec5c0d27285580bfd72f24d7","1.3915584415584417","handle-only-drop-residual","patient_or_user_auprc","0.24763053902939552","4.901514315076063","1332001","1.0","50","10379","0.238797700003488","","0.281121666431427","0.15578770268708467","0.4054296875","3080","0.24763053902939552","eb4433208f8c3dfd5ffb80a5d12d9acac511c9657b71b1dbfc4b4d681d702ccd","user-certified","512.0","0.7431057753562624","0.6089772830946082","","0.4071611565206783","0.555155010814708","","0.37923576063446285","25600","0.0","0.27821324437856676","0.0","02b12e18529af31645e8f7b41898823c0e8f221ebeeaaf97936c6f849683a039","0.7127355796687607","policy-grounded","82125","124","52005","1.0","62005","0.7937902753368483","True","16.892686799983494","credible-accuracy-epsilon8-v1",""
"6","1.0","1","0.20794008285898913","plan-c","1.0","0.6028056249022484","primary","0","52a5b1c48e381f7b23b30db772610c6e7499fe98b7d9ab5d89b8616707d7b6c9","25600","synthea","1e-05","0.0","0","0","1.0","8.0","72005","health-card","0.6564304992556572","22940","0.48928571428571427","0.5107142857142857","this-work","0.0","7898","0","02ff70768eab06303bd69b4a56a08a6bba8a01cbec5c0d27285580bfd72f24d7","1.3915584415584417","stable-local-fallback","patient_or_user_auprc","0.2370114821452431","4.901514315076063","1332001","1.0","50","25600","0.08480129987583496","","0.0","0.0","0.0","0","0.2370114821452431","eb4433208f8c3dfd5ffb80a5d12d9acac511c9657b71b1dbfc4b4d681d702ccd","user-certified","512.0","0.7431057753562624","0.6089772830946082","","0.4071611565206783","0.555155010814708","","0.37923576063446285","25600","0.6028056249022484","0.6564304992556572","1.0","60fd23962144b51eda5d4b2eb1300a158b81c55a2f4cf31161bb194d51be4e27","0.7127355796687607","policy-grounded","82125","124","52005","1.0","62005","0.7937902753368483","True","18.661545700131683","credible-accuracy-epsilon8-v1",""
"6","1.0","1","0.10911482256864574","plan-delta","2.0","0.5640986770391464","primary","0","52a5b1c48e381f7b23b30db772610c6e7499fe98b7d9ab5d89b8616707d7b6c9","25600","synthea","1e-05","0.0","0","0","1.0","8.0","72005","health-card","0.6066966422647238","23182","0.48928571428571427","0.5107142857142857","this-work","","5041","0","02ff70768eab06303bd69b4a56a08a6bba8a01cbec5c0d27285580bfd72f24d7","1.3915584415584417","naive-recalibrated-2c","patient_or_user_auprc","0.2543025337580458","4.901514315076063","1332001","2.0","50","25600","0.09674220005399548","","0.26824899941682817","0.19985399805009366","0.4054296875","3080","0.2543025337580458","eb4433208f8c3dfd5ffb80a5d12d9acac511c9657b71b1dbfc4b4d681d702ccd","user-certified","512.0","0.7431057753562624","0.6089772830946082","","0.4071611565206783","0.555155010814708","","0.37923576063446285","25600","0.7635553985834121","0.4096563604474068","0.5945703125","8cdfaee7800a4ee0fb2491452ca43cecfd5014fd54c10ea87803226244d83c91","0.7127355796687607","policy-grounded","82125","124","52005","2.0","62005","0.7937902753368483","True","17.430150399944978","credible-accuracy-epsilon8-v1",""
"6","1.0","1","0.18673377856488385","plan-c","1.0","0.7167619323730469","diagnostic","0","52a5b1c48e381f7b23b30db772610c6e7499fe98b7d9ab5d89b8616707d7b6c9","25600","synthea","1e-05","0.0","0","0","1.0","8.0","72005","health-card","0.4771320303529501","23182","0.48928571428571427","0.5107142857142857","this-work","0.9","5041","0","02ff70768eab06303bd69b4a56a08a6bba8a01cbec5c0d27285580bfd72f24d7","1.3915584415584417","unitscope-lambda-sweep","patient_or_user_auprc","0.24719323158509848","4.901514315076063","1332001","1.0","50","25600","0.09222119997139089","","0.296687944829464","0.1721558475866914","0.4054296875","3080","0.24719323158509848","eb4433208f8c3dfd5ffb80a5d12d9acac511c9657b71b1dbfc4b4d681d702ccd","user-certified","512.0","0.7431057753562624","0.6089772830946082","","0.4071611565206783","0.555155010814708","","0.37923576063446285","25600","0.9999999988079071","0.3088021060824394","0.5945703125","c8678e5dd06451deb6aca164d79f286d58504bb9a06297c608b49aec1151c8ff","0.7127355796687607","policy-grounded","82125","124","52005","1.0","62005","0.7937902753368483","True","17.007443500042427","credible-accuracy-epsilon8-v1",""
"6","1.0","1","0.16745987338466975","plan-c","1.0","0.27619845539331433","primary","0","5daa1f1dc16c1a9553b1f70b8561119984a8a246d49626f45a6ead624c667ed9","10346","synthea","1e-05","5.4535575999179855","25600","5003","0.404140625","8.0","72006","health-card","0.41868010960519314","9477","0.4917073170731707","0.5082926829268293","this-work","1.0","0","0","afbdae9e2abeb39bfbc92295f78ae6d01e77d20fc94253f3f0381ed08901a96a","1.4016260162601626","handle-only-drop-residual","patient_or_user_auprc","0.2122663322594463","4.901514315076063","1342001","1.0","50","10346","0.09433600006741472","","0.27619845539331433","0.17429112173616887","0.404140625","3075","0.2122663322594463","eb4433208f8c3dfd5ffb80a5d12d9acac511c9657b71b1dbfc4b4d681d702ccd","user-certified","512.0","0.7447279215587421","0.6014057153426431","","0.4047426401941868","0.554253785147801","","0.3754506128334535","25600","0.0","0.2519097365438938","0.0","08970e1c98b8d35898ea419db6bb3d8c0ce26e362f3207120e2b622f263e8f02","0.7415485278080698","policy-grounded","82126","125","52006","1.0","62006","0.7961335676625659","True","17.004781500028912","credible-accuracy-epsilon8-v1",""
"6","1.0","1","0.16642374665583148","plan-c","1.0","0.7127353191375733","diagnostic","0","5daa1f1dc16c1a9553b1f70b8561119984a8a246d49626f45a6ead624c667ed9","25600","synthea","1e-05","0.0","0","0","1.0","8.0","72006","health-card","0.4709393484890461","23436","0.4917073170731707","0.5082926829268293","this-work","0.9","5003","0","afbdae9e2abeb39bfbc92295f78ae6d01e77d20fc94253f3f0381ed08901a96a","1.4016260162601626","unitscope-lambda-sweep","patient_or_user_auprc","0.20761256449460166","4.901514315076063","1342001","1.0","50","25600","0.09015140010160394","","0.2882654908299446","0.19260159254074097","0.404140625","3075","0.20761256449460166","eb4433208f8c3dfd5ffb80a5d12d9acac511c9657b71b1dbfc4b4d681d702ccd","user-certified","512.0","0.7447279215587421","0.6014057153426431","","0.4047426401941868","0.554253785147801","","0.3754506128334535","25600","0.9999999976158143","0.28547204434871676","0.595859375","c2a9ff9552bc867bc1522285233beeafb6a70d41157787fe409c6e9d9238b6eb","0.7415485278080698","policy-grounded","82126","125","52006","1.0","62006","0.7961335676625659","True","17.239970899914624","credible-accuracy-epsilon8-v1",""
"6","1.0","1","0.09684299680165076","plan-delta","2.0","0.5856469905376435","primary","0","5daa1f1dc16c1a9553b1f70b8561119984a8a246d49626f45a6ead624c667ed9","25600","synthea","1e-05","0.0","0","0","1.0","8.0","72006","health-card","0.6378020760416985","23436","0.4917073170731707","0.5082926829268293","this-work","","5003","0","afbdae9e2abeb39bfbc92295f78ae6d01e77d20fc94253f3f0381ed08901a96a","1.4016260162601626","naive-recalibrated-2c","patient_or_user_auprc","0.20285682953850087","4.901514315076063","1342001","2.0","50","25600","0.09707080005318858","","0.27027167022228243","0.23404948256909847","0.404140625","3075","0.20285682953850087","eb4433208f8c3dfd5ffb80a5d12d9acac511c9657b71b1dbfc4b4d681d702ccd","user-certified","512.0","0.7447279215587421","0.6014057153426431","","0.4047426401941868","0.554253785147801","","0.3754506128334535","25600","0.7996983712911606","0.4076973244547844","0.595859375","e60b2b3503fc9185d668dc6feff426f47c351773cb62c2214758824c042a48b0","0.7415485278080698","policy-grounded","82126","125","52006","2.0","62006","0.7961335676625659","True","17.37248719992931","credible-accuracy-epsilon8-v1",""
"6","1.0","1","0.18803002306602734","plan-c","1.0","0.5619438183307648","primary","0","5daa1f1dc16c1a9553b1f70b8561119984a8a246d49626f45a6ead624c667ed9","25600","synthea","1e-05","0.0","0","0","1.0","8.0","72006","health-card","0.7121248328685761","23223","0.4917073170731707","0.5082926829268293","this-work","0.0","7860","0","afbdae9e2abeb39bfbc92295f78ae6d01e77d20fc94253f3f0381ed08901a96a","1.4016260162601626","stable-local-fallback","patient_or_user_auprc","0.18215548038207857","4.901514315076063","1342001","1.0","50","25600","0.08522069992613979","","0.0","0.0","0.0","0","0.18215548038207857","eb4433208f8c3dfd5ffb80a5d12d9acac511c9657b71b1dbfc4b4d681d702ccd","user-certified","512.0","0.7447279215587421","0.6014057153426431","","0.4047426401941868","0.554253785147801","","0.3754506128334535","25600","0.5619438183307648","0.7121248328685761","1.0","fe8c70552f20ac2df652ac3cce0e6ba92cd6cf1219ddc1ae009279edb04133cf","0.7415485278080698","policy-grounded","82126","125","52006","1.0","62006","0.7961335676625659","True","18.81784400009201","credible-accuracy-epsilon8-v1",""
"6","1.0","1","0.17727924929437563","plan-c","1.0","0.5565228480100631","primary","0","bda55c5b5113933d4d1d0eaf9cd1f41e1b91da3fc4302b97eade0a870ccc65e5","25600","synthea","1e-05","0.0","0","0","1.0","8.0","72007","health-card","0.7941295029222966","22715","0.4990125082290981","0.500987491770902","this-work","0.0","7822","0","b7df04dafe7715c74a6b7aaf00e4fbe9bcfd16813f29e515d7c3f07be7da511f","1.3973008558262014","stable-local-fallback","patient_or_user_auprc","0.18650378513447885","4.901514315076063","1352001","1.0","50","25600","0.09028150013182312","","0.0","0.0","0.0","0","0.18650378513447885","eb4433208f8c3dfd5ffb80a5d12d9acac511c9657b71b1dbfc4b4d681d702ccd","user-certified","512.0","0.7485991308556477","0.6126824817518248","","0.4069203732880863","0.5475847152126893","","0.3691420331651045","25600","0.5565228480100631","0.7941295029222966","1.0","870ee1a9cb8044acd0aafd2be95f6ee34025d334e16b8014fbace2d9ef5b6c31","0.7599922390376407","policy-grounded","82127","126","52007","1.0","62007","0.7867603983596954","True","20.08117579985992","credible-accuracy-epsilon8-v1",""
"6","1.0","1","0.16318380895047838","plan-c","1.0","0.2938408464193344","primary","0","bda55c5b5113933d4d1d0eaf9cd1f41e1b91da3fc4302b97eade0a870ccc65e5","10420","synthea","1e-05","7.228444400039734","25600","4998","0.40703125","8.0","72007","health-card","0.5337384369969368","9272","0.4990125082290981","0.500987491770902","this-work","1.0","0","0","b7df04dafe7715c74a6b7aaf00e4fbe9bcfd16813f29e515d7c3f07be7da511f","1.3973008558262014","handle-only-drop-residual","patient_or_user_auprc","0.20922862869661585","4.901514315076063","1352001","1.0","50","10420","0.23274310005945154","","0.2938408464193344","0.21879566520452498","0.40703125","3038","0.20922862869661585","eb4433208f8c3dfd5ffb80a5d12d9acac511c9657b71b1dbfc4b4d681d702ccd","user-certified","512.0","0.7485991308556477","0.6126824817518248","","0.4069203732880863","0.5475847152126893","","0.3691420331651045","25600","0.0","0.31896011099219324","0.0","ac0d4d7dc54f2446679e85a6d8590726bebfdcb2a5ee98ac765290852029e09a","0.7599922390376407","policy-grounded","82127","126","52007","1.0","62007","0.7867603983596954","True","21.281919199915137","credible-accuracy-epsilon8-v1",""
"6","1.0","1","0.16253098825551912","plan-c","1.0","0.7181031203269959","diagnostic","0","bda55c5b5113933d4d1d0eaf9cd1f41e1b91da3fc4302b97eade0a870ccc65e5","25600","synthea","1e-05","0.0","0","0","1.0","8.0","72007","health-card","0.585106925368309","22980","0.4990125082290981","0.500987491770902","this-work","0.9","4998","0","b7df04dafe7715c74a6b7aaf00e4fbe9bcfd16813f29e515d7c3f07be7da511f","1.3973008558262014","unitscope-lambda-sweep","patient_or_user_auprc","0.20456489758648527","4.901514315076063","1352001","1.0","50","25600","0.10364859999390319","","0.3032833617925644","0.2370692427828908","0.40703125","3038","0.20456489758648527","eb4433208f8c3dfd5ffb80a5d12d9acac511c9657b71b1dbfc4b4d681d702ccd","user-certified","512.0","0.7485991308556477","0.6126824817518248","","0.4069203732880863","0.5475847152126893","","0.3691420331651045","25600","0.9999999988079071","0.3518447718769312","0.59296875","e2939dfd16e632a5e412c801fed7439fa504a70b2c13861df3ec60d2d529d45b","0.7599922390376407","policy-grounded","82127","126","52007","1.0","62007","0.7867603983596954","True","18.875283000001218","credible-accuracy-epsilon8-v1",""
"6","1.0","1","0.09585693520928934","plan-delta","2.0","0.5555513542890549","primary","0","bda55c5b5113933d4d1d0eaf9cd1f41e1b91da3fc4302b97eade0a870ccc65e5","25600","synthea","1e-05","0.0","0","0","1.0","8.0","72007","health-card","0.7553448344767094","22980","0.4990125082290981","0.500987491770902","this-work","","4998","0","b7df04dafe7715c74a6b7aaf00e4fbe9bcfd16813f29e515d7c3f07be7da511f","1.3973008558262014","naive-recalibrated-2c","patient_or_user_auprc","0.2072631661403173","4.901514315076063","1352001","2.0","50","25600","0.10976310013211332","","0.2837024420499802","0.28026588290929794","0.40703125","3038","0.2072631661403173","eb4433208f8c3dfd5ffb80a5d12d9acac511c9657b71b1dbfc4b4d681d702ccd","user-certified","512.0","0.7485991308556477","0.6126824817518248","","0.4069203732880863","0.5475847152126893","","0.3691420331651045","25600","0.7390090781450271","0.47764400705695154","0.59296875","e5d639d3f6d67a5137dbd54c44fe5d43a00ab84937e67cf40f6dce25066a6885","0.7599922390376407","policy-grounded","82127","126","52007","2.0","62007","0.7867603983596954","True","20.711016299872426","credible-accuracy-epsilon8-v1",""
"6","1.0","1","0.1465514692064674","plan-c","1.0","0.7102062153816223","diagnostic","0","fc7815792c75c341dd497d0a9e1b2ceabbe3f7c0748ebc77b6a7d56eca9eb7f4","25600","synthea","1e-05","0.0","0","0","1.0","8.0","72008","health-card","0.4084778941422701","23086","0.493782722513089","0.506217277486911","this-work","0.9","4978","0","c0635c88dc165341cc54fc5b7b385198e18b6873ba191f58240e0aaa77d1d618","1.4970549738219896","unitscope-lambda-sweep","patient_or_user_auprc","0.25007663812009673","4.901514315076063","1362001","1.0","50","25600","0.09436679998179898","","0.2746864065527916","0.17785882752388715","0.403125","3056","0.25007663812009673","eb4433208f8c3dfd5ffb80a5d12d9acac511c9657b71b1dbfc4b4d681d702ccd","user-certified","512.0","0.7438859722033034","0.590530743757272","","0.40221897098268716","0.5508291276135544","","0.36679884643114635","25600","0.9999999952316284","0.23704098403453827","0.596875","2e8b2c98c14ca6fc3299aaa587300aa6f2a89ab1950786c46bb370e69604a476","0.736852244268927","policy-grounded","82128","127","52008","1.0","62008","0.786174575278266","True","18.78966260002926","credible-accuracy-epsilon8-v1",""
"6","1.0","1","0.085444934973672","plan-delta","2.0","0.5692492067813874","primary","0","fc7815792c75c341dd497d0a9e1b2ceabbe3f7c0748ebc77b6a7d56eca9eb7f4","25600","synthea","1e-05","0.0","0","0","1.0","8.0","72008","health-card","0.5738820595294237","23086","0.493782722513089","0.506217277486911","this-work","","4978","0","c0635c88dc165341cc54fc5b7b385198e18b6873ba191f58240e0aaa77d1d618","1.4970549738219896","naive-recalibrated-2c","patient_or_user_auprc","0.2770730804061687","4.901514315076063","1362001","2.0","50","25600","0.15130030002910644","","0.25531972795724867","0.21762000635266304","0.403125","3056","0.2770730804061687","eb4433208f8c3dfd5ffb80a5d12d9acac511c9657b71b1dbfc4b4d681d702ccd","user-certified","512.0","0.7438859722033034","0.590530743757272","","0.40221897098268716","0.5508291276135544","","0.36679884643114635","25600","0.7786953204870224","0.3606240976601839","0.596875","3ca8d9a30cea12cc5812af3f8b273419a7c46df22156f766b28644ecfd879b40","0.736852244268927","policy-grounded","82128","127","52008","2.0","62008","0.786174575278266","True","21.80839319995721","credible-accuracy-epsilon8-v1",""
"6","1.0","1","0.14734669297092134","plan-c","1.0","0.26251357108354567","primary","0","fc7815792c75c341dd497d0a9e1b2ceabbe3f7c0748ebc77b6a7d56eca9eb7f4","10320","synthea","1e-05","7.258770499902312","25600","4978","0.403125","8.0","72008","health-card","0.3570695653557777","9241","0.493782722513089","0.506217277486911","this-work","1.0","0","0","c0635c88dc165341cc54fc5b7b385198e18b6873ba191f58240e0aaa77d1d618","1.4970549738219896","handle-only-drop-residual","patient_or_user_auprc","0.24956011517341678","4.901514315076063","1362001","1.0","50","10320","0.09852159998263232","","0.26251357108354567","0.15942014403641225","0.403125","3056","0.24956011517341678","eb4433208f8c3dfd5ffb80a5d12d9acac511c9657b71b1dbfc4b4d681d702ccd","user-certified","512.0","0.7438859722033034","0.590530743757272","","0.40221897098268716","0.5508291276135544","","0.36679884643114635","25600","0.0","0.20436860285699368","0.0","52c1666c94101486680e90210373f98a6495dcd793b843fabd7b46600adc7ac7","0.736852244268927","policy-grounded","82128","127","52008","1.0","62008","0.786174575278266","True","20.570109200110892","credible-accuracy-epsilon8-v1",""
"6","1.0","1","0.172999275798644","plan-c","1.0","0.5225951626896859","primary","0","fc7815792c75c341dd497d0a9e1b2ceabbe3f7c0748ebc77b6a7d56eca9eb7f4","25600","synthea","1e-05","0.0","0","0","1.0","8.0","72008","health-card","0.658742808997631","22862","0.493782722513089","0.506217277486911","this-work","0.0","7796","0","c0635c88dc165341cc54fc5b7b385198e18b6873ba191f58240e0aaa77d1d618","1.4970549738219896","stable-local-fallback","patient_or_user_auprc","0.2185680078235679","4.901514315076063","1362001","1.0","50","25600","0.087440500035882","","0.0","0.0","0.0","0","0.2185680078235679","eb4433208f8c3dfd5ffb80a5d12d9acac511c9657b71b1dbfc4b4d681d702ccd","user-certified","512.0","0.7438859722033034","0.590530743757272","","0.40221897098268716","0.5508291276135544","","0.36679884643114635","25600","0.5225951626896859","0.658742808997631","1.0","fd10d37fd2de385d054955ba75362c54752e456b328885dac95e37dfc814cb56","0.736852244268927","policy-grounded","82128","127","52008","1.0","62008","0.786174575278266","True","19.59496829996351","credible-accuracy-epsilon8-v1",""
"6","1.0","1","0.15863728417299616","plan-c","1.0","0.7075694859027862","diagnostic","0","85f17817c6b63182095aa5a7ece66433fba9954e944a24301452e98207bf3f1b","25600","synthea","1e-05","0.0","0","0","1.0","8.0","72009","health-card","0.44047605082392693","23092","0.491016007840575","0.508983992159425","this-work","0.9","5019","0","50058bfa19c715c8213f18ac1a0dbded68de60f77c7fe8d6ee4fbf7c0d95f951","1.4452793204835022","unitscope-lambda-sweep","patient_or_user_auprc","0.1952106474278261","4.901514315076063","1372001","1.0","50","25600","0.10245520010357723","","0.27763617038726807","0.18173704236745836","0.405234375","3061","0.1952106474278261","eb4433208f8c3dfd5ffb80a5d12d9acac511c9657b71b1dbfc4b4d681d702ccd","user-certified","512.0","0.7444687979816409","0.5998552821997105","","0.40172027379005393","0.5517303532804614","","0.3732876712328767","25600","0.9999999988079071","0.2643349395692349","0.594765625","66b2372fb6407696c6d8a1555b3a79cdebfaf13986f465c1e3c4c0fef125b561","0.7368830159347066","policy-grounded","82129","128","52009","1.0","62009","0.7937902753368483","True","18.767932599876076","credible-accuracy-epsilon8-v1",""
"6","1.0","1","0.09388561159828951","plan-delta","2.0","0.5404825901985169","primary","0","85f17817c6b63182095aa5a7ece66433fba9954e944a24301452e98207bf3f1b","25600","synthea","1e-05","0.0","0","0","1.0","8.0","72009","health-card","0.57887720271945","23092","0.491016007840575","0.508983992159425","this-work","","5019","0","50058bfa19c715c8213f18ac1a0dbded68de60f77c7fe8d6ee4fbf7c0d95f951","1.4452793204835022","naive-recalibrated-2c","patient_or_user_auprc","0.19203285188106092","4.901514315076063","1372001","2.0","50","25600","0.10602690008818172","","0.2613112488389015","0.21117526009678841","0.405234375","3061","0.19203285188106092","eb4433208f8c3dfd5ffb80a5d12d9acac511c9657b71b1dbfc4b4d681d702ccd","user-certified","512.0","0.7444687979816409","0.5998552821997105","","0.40172027379005393","0.5517303532804614","","0.3732876712328767","25600","0.7315206688642502","0.3720945582538843","0.594765625","7923cc94ef8fa93040bc198a2c8464021367e1873081a47561826816511e4fb0","0.7368830159347066","policy-grounded","82129","128","52009","2.0","62009","0.7937902753368483","True","18.163186699908692","credible-accuracy-epsilon8-v1",""
"6","1.0","1","0.159159082068922","plan-c","1.0","0.2711018338799477","primary","0","85f17817c6b63182095aa5a7ece66433fba9954e944a24301452e98207bf3f1b","10374","synthea","1e-05","6.9656402999244165","25600","5019","0.405234375","8.0","72009","health-card","0.3892864319682121","9347","0.491016007840575","0.508983992159425","this-work","1.0","0","0","50058bfa19c715c8213f18ac1a0dbded68de60f77c7fe8d6ee4fbf7c0d95f951","1.4452793204835022","handle-only-drop-residual","patient_or_user_auprc","0.19733389115662897","4.901514315076063","1372001","1.0","50","10374","0.22065590001875535","","0.2711018338799477","0.16392058178782462","0.405234375","3061","0.19733389115662897","eb4433208f8c3dfd5ffb80a5d12d9acac511c9657b71b1dbfc4b4d681d702ccd","user-certified","512.0","0.7444687979816409","0.5998552821997105","","0.40172027379005393","0.5517303532804614","","0.3732876712328767","25600","0.0","0.23160091303288938","0.0","810193cb198bf426f55b56f589b77f9584552bd3dd5d42e1c0a01d9b2d4e02c6","0.7368830159347066","policy-grounded","82129","128","52009","1.0","62009","0.7937902753368483","True","18.16524270005175","credible-accuracy-epsilon8-v1",""
"6","1.0","1","0.1825529976355784","plan-c","1.0","0.5294338527321816","primary","0","85f17817c6b63182095aa5a7ece66433fba9954e944a24301452e98207bf3f1b","25600","synthea","1e-05","0.0","0","0","1.0","8.0","72009","health-card","0.6690561999380589","22867","0.491016007840575","0.508983992159425","this-work","0.0","7837","0","50058bfa19c715c8213f18ac1a0dbded68de60f77c7fe8d6ee4fbf7c0d95f951","1.4452793204835022","stable-local-fallback","patient_or_user_auprc","0.1837320898462439","4.901514315076063","1372001","1.0","50","25600","0.08983450013329275","","0.0","0.0","0.0","0","0.1837320898462439","eb4433208f8c3dfd5ffb80a5d12d9acac511c9657b71b1dbfc4b4d681d702ccd","user-certified","512.0","0.7444687979816409","0.5998552821997105","","0.40172027379005393","0.5517303532804614","","0.3732876712328767","25600","0.5294338527321816","0.6690561999380589","1.0","da3dcfd7ea06ec68f38640cc78c5405cc40ad4492ab02fcb51933678eba1795f","0.7368830159347066","policy-grounded","82129","128","52009","1.0","62009","0.7937902753368483","True","19.573386799864238","credible-accuracy-epsilon8-v1",""
"6","1.0","1","0.08841484660690206","plan-delta","2.0","0.5777655732631684","primary","0","9b3cea499ed77ba455269077ea2b70a501c3f89d617cdf3d95875cac874cb573","25600","synthea","1e-05","0.0","0","0","1.0","8.0","72010","health-card","0.5513248865306377","22887","0.49950932286555444","0.5004906771344455","this-work","","4966","0","d25f340f11cd928bf37b52af7a2c703c0b08ccab039d80601d416f566445cb0e","1.4720314033366044","naive-recalibrated-2c","patient_or_user_auprc","0.20955205931838544","4.901514315076063","1382001","2.0","50","25600","0.09574570006225258","","0.2568131533265114","0.2068929011374712","0.401796875","3057","0.20955205931838544","eb4433208f8c3dfd5ffb80a5d12d9acac511c9657b71b1dbfc4b4d681d702ccd","user-certified","512.0","0.7500200988855855","0.5970269544192711","","0.40477202355655395","0.5510093727469358","","0.36751982696467195","25600","0.7971067380905151","0.34924251548945906","0.598203125","9e73e6439d05241ed1a35d37eed336afe83a2e8a4d85e64647b39111ca1c9903","0.7393545923238495","policy-grounded","82130","129","52010","2.0","62010","0.7914469830111306","True","16.73103709993302","credible-accuracy-epsilon8-v1",""
"6","1.0","1","0.17549581525631747","plan-c","1.0","0.5373514732718467","primary","0","9b3cea499ed77ba455269077ea2b70a501c3f89d617cdf3d95875cac874cb573","25600","synthea","1e-05","0.0","0","0","1.0","8.0","72010","health-card","0.6537617214769125","22640","0.49950932286555444","0.5004906771344455","this-work","0.0","7796","0","d25f340f11cd928bf37b52af7a2c703c0b08ccab039d80601d416f566445cb0e","1.4720314033366044","stable-local-fallback","patient_or_user_auprc","0.18349434747281268","4.901514315076063","1382001","1.0","50","25600","0.0863472999772057","","0.0","0.0","0.0","0","0.18349434747281268","eb4433208f8c3dfd5ffb80a5d12d9acac511c9657b71b1dbfc4b4d681d702ccd","user-certified","512.0","0.7500200988855855","0.5970269544192711","","0.40477202355655395","0.5510093727469358","","0.36751982696467195","25600","0.5373514732718467","0.6537617214769125","1.0","acb514e06c2c00afc9cb0a9067b478ce9759d8461f3a602c229a514f966ccb2f","0.7393545923238495","policy-grounded","82130","129","52010","1.0","62010","0.7914469830111306","True","18.937198200030252","credible-accuracy-epsilon8-v1",""
"6","1.0","1","0.14794717445664485","plan-c","1.0","0.7036284112930298","diagnostic","0","9b3cea499ed77ba455269077ea2b70a501c3f89d617cdf3d95875cac874cb573","25600","synthea","1e-05","0.0","0","0","1.0","8.0","72010","health-card","0.41026135087013244","22887","0.49950932286555444","0.5004906771344455","this-work","0.9","4966","0","d25f340f11cd928bf37b52af7a2c703c0b08ccab039d80601d416f566445cb0e","1.4720314033366044","unitscope-lambda-sweep","patient_or_user_auprc","0.2027553291531306","4.901514315076063","1382001","1.0","50","25600","0.08867679996183142","","0.2690818598866463","0.1757815669476986","0.401796875","3057","0.2027553291531306","eb4433208f8c3dfd5ffb80a5d12d9acac511c9657b71b1dbfc4b4d681d702ccd","user-certified","512.0","0.7500200988855855","0.5970269544192711","","0.40477202355655395","0.5510093727469358","","0.36751982696467195","25600","1.0","0.2410773829370737","0.598203125","ed6ce7ddffcdded582de653a8f5c58ae4a2f97f9920e9c62314f7aceb0999df6","0.7393545923238495","policy-grounded","82130","129","52010","1.0","62010","0.7914469830111306","True","16.766489200032083","credible-accuracy-epsilon8-v1",""
"6","1.0","1","0.14762131849584686","plan-c","1.0","0.2625374475121498","primary","0","9b3cea499ed77ba455269077ea2b70a501c3f89d617cdf3d95875cac874cb573","10286","synthea","1e-05","5.487402100057807","25600","4966","0.401796875","8.0","72010","health-card","0.3579487423598766","9279","0.49950932286555444","0.5004906771344455","this-work","1.0","0","0","d25f340f11cd928bf37b52af7a2c703c0b08ccab039d80601d416f566445cb0e","1.4720314033366044","handle-only-drop-residual","patient_or_user_auprc","0.20673659981987824","4.901514315076063","1382001","1.0","50","10286","0.09157770004821941","","0.2625374475121498","0.15712698094546795","0.401796875","3057","0.20673659981987824","eb4433208f8c3dfd5ffb80a5d12d9acac511c9657b71b1dbfc4b4d681d702ccd","user-certified","512.0","0.7500200988855855","0.5970269544192711","","0.40477202355655395","0.5510093727469358","","0.36751982696467195","25600","0.0","0.20819920666515826","0.0","ef4490b9785c8bc105c3871a636db156e92324dbd225ca48b9f595ffa2d40c59","0.7393545923238495","policy-grounded","82130","129","52010","1.0","62010","0.7914469830111306","True","16.937834699900122","credible-accuracy-epsilon8-v1",""
"6","1.0","1","0.00462398477648954","plan-c","1.0","0.9999999928474427","primary","0","efc889e1564890f800b0f8bb6afd599662f21c655284f65b114207baf28ea6e8","6373","femnist","1e-05","63.660690200020326","25600","1538","0.2489453125","4.0","73001","controlled","0.7017764303088189","5337","0.0","1.0","this-work","1.0","0","0","12bb83369a32a97ad115240f07e1ae47d5a0e67458c9639f37ba0710ec45a03f","16.0","handle-only-drop-residual","user_macro_accuracy","0.1978767857142857","9.214933748786253","2093001","1.0","50","6373","0.07350110006518662","0.5","0.9999999928474427","0.1931435647793114","0.2489453125","325","","85e2c0f67dd26b6eb06bd8a9d1355cd162f47ba512379568bb155acfe11a2c54","user-certified","512.0","0.5","0.5","0.5","0.25","0.5","0.5","0.5","25600","0.0","0.5550948089361191","0.0","0422b5651af5e577286b9b9678727c5f8f693416ce33bce882457a05e815e55a","0.19811764705882354","controlled-middle","83201","200","53001","1.0","63001","0.1978767857142857","True","144.05004999993253","user-noniid-dirichlet-v1","0.1"
"6","1.0","1","0.004958630120702997","plan-delta","2.0","0.9999028503894806","primary","0","efc889e1564890f800b0f8bb6afd599662f21c655284f65b114207baf28ea6e8","25600","femnist","1e-05","0.0","0","0","1.0","4.0","73001","controlled","5.17717593178153","21216","0.0","1.0","this-work","","1538","0","12bb83369a32a97ad115240f07e1ae47d5a0e67458c9639f37ba0710ec45a03f","16.0","naive-recalibrated-2c","user_macro_accuracy","0.1665580357142857","9.214933748786253","2093001","2.0","50","25600","0.0771754999877885","0.5","0.9996223330497742","1.313932157251984","0.2489453125","325","","85e2c0f67dd26b6eb06bd8a9d1355cd162f47ba512379568bb155acfe11a2c54","user-certified","512.0","0.5","0.5","0.5","0.25","0.5","0.5","0.5","25600","0.999999989271164","3.958347639143467","0.7510546875","04d629c0067a35ade637bf5ce23d9af59166fa38486887f42dd09b027c652c4e","0.16658823529411765","controlled-middle","83201","200","53001","2.0","63001","0.1665580357142857","True","135.84799549999298","user-noniid-dirichlet-v1","0.1"
"6","1.0","1","0.004288829725275975","plan-c","1.0","0.9999999833106995","diagnostic","0","efc889e1564890f800b0f8bb6afd599662f21c655284f65b114207baf28ea6e8","25600","femnist","1e-05","0.0","0","0","1.0","4.0","73001","controlled","0.7051276524364948","21216","0.0","1.0","this-work","0.9","1538","0","12bb83369a32a97ad115240f07e1ae47d5a0e67458c9639f37ba0710ec45a03f","16.0","unitscope-lambda-sweep","user_macro_accuracy","0.18798928571428572","9.214933748786253","2093001","1.0","50","25600","1.0426220000372268","0.5","0.9999999928474427","0.1957555428147316","0.2489453125","325","","85e2c0f67dd26b6eb06bd8a9d1355cd162f47ba512379568bb155acfe11a2c54","user-certified","512.0","0.5","0.5","0.5","0.25","0.5","0.5","0.5","25600","0.999999989271164","0.556037830710411","0.7510546875","88af757c790e22ecc250f3f3de6e001267e507e974c694a306d081f6360f9141","0.18823529411764706","controlled-middle","83201","200","53001","1.0","63001","0.18798928571428572","True","125.38158939997084","user-noniid-dirichlet-v1","0.1"
"6","1.0","1","0.002504106195346833","plan-c","1.0","0.9999999964237213","primary","0","efc889e1564890f800b0f8bb6afd599662f21c655284f65b114207baf28ea6e8","25600","femnist","1e-05","0.0","0","0","1.0","4.0","73001","controlled","0.7536629331111908","20274","0.0","1.0","this-work","0.0","1558","0","12bb83369a32a97ad115240f07e1ae47d5a0e67458c9639f37ba0710ec45a03f","16.0","stable-local-fallback","user_macro_accuracy","0.12620178571428572","9.214933748786253","2093001","1.0","50","25600","0.06665150009212084","0.5","0.0","0.0","0.0","0","","85e2c0f67dd26b6eb06bd8a9d1355cd162f47ba512379568bb155acfe11a2c54","user-certified","512.0","0.5","0.5","0.5","0.25","0.5","0.5","0.5","25600","0.9999999964237213","0.7536629331111908","1.0","d5f2d58e981fc37e5c9bb9a92ef8d160ccb82d6b58e314fc8e6f4ad7ed8130b6","0.12611764705882353","controlled-middle","83201","200","53001","1.0","63001","0.12620178571428572","True","63.638908799912315","user-noniid-dirichlet-v1","0.1"
"6","1.0","1","0.0044100788496887235","plan-c","1.0","0.9999999809265137","diagnostic","0","361428001c3e100c880582d95aa68124663d6c6284f9309a3f587ca5b5a9d7e3","25600","femnist","1e-05","0.0","0","0","1.0","4.0","73002","controlled","0.9965843112766742","21199","0.0","1.0","this-work","0.9","1578","0","fddd7e88b6ddfe0effc748627370079eac5d2774611f358718295e73ad71fc9c","16.0","unitscope-lambda-sweep","user_macro_accuracy","0.11234375","9.214933748786253","2103001","1.0","50","25600","0.1945237000763882","0.5","0.9999999880790711","0.26726974226534367","0.2502734375","325","","85e2c0f67dd26b6eb06bd8a9d1355cd162f47ba512379568bb155acfe11a2c54","user-certified","512.0","0.5","0.5","0.5","0.25","0.5","0.5","0.5","25600","0.999999989271164","0.7800134195387364","0.7497265625","3359fd6622053c124f3b19dc3dba648371f2be4c0a5ecad92195a2158a5c20f4","0.11234375","controlled-middle","83202","201","53002","1.0","63002","0.11234375","True","15.603508499916643","user-noniid-dirichlet-v1","0.1"
"6","1.0","1","0.005643765698387659","plan-delta","2.0","0.999952700138092","primary","0","361428001c3e100c880582d95aa68124663d6c6284f9309a3f587ca5b5a9d7e3","25600","femnist","1e-05","0.0","0","0","1.0","4.0","73002","controlled","7.954600851684809","21199","0.0","1.0","this-work","","1578","0","fddd7e88b6ddfe0effc748627370079eac5d2774611f358718295e73ad71fc9c","16.0","naive-recalibrated-2c","user_macro_accuracy","0.14015625","9.214933748786253","2103001","2.0","50","25600","0.07865659988601692","0.5","0.9998373866081238","2.094959095530212","0.2502734375","325","","85e2c0f67dd26b6eb06bd8a9d1355cd162f47ba512379568bb155acfe11a2c54","user-certified","512.0","0.5","0.5","0.5","0.25","0.5","0.5","0.5","25600","0.999999989271164","5.95950836122036","0.7497265625","67364fe77bb4a8908094ab4b58c7629443a2ee8e292c232893a617c742d01e8f","0.14015625","controlled-middle","83202","201","53002","2.0","63002","0.14015625","True","16.135896900115767","user-noniid-dirichlet-v1","0.1"
"6","1.0","1","0.004746022955863583","plan-c","1.0","0.9999999880790711","primary","0","361428001c3e100c880582d95aa68124663d6c6284f9309a3f587ca5b5a9d7e3","6407","femnist","1e-05","10.507447299867636","25600","1578","0.2502734375","4.0","73002","controlled","0.9903174376487732","5349","0.0","1.0","this-work","1.0","0","0","fddd7e88b6ddfe0effc748627370079eac5d2774611f358718295e73ad71fc9c","16.0","handle-only-drop-residual","user_macro_accuracy","0.1128125","9.214933748786253","2103001","1.0","50","6407","0.08260000008158386","0.5","0.9999999880790711","0.2632864199206233","0.2502734375","325","","85e2c0f67dd26b6eb06bd8a9d1355cd162f47ba512379568bb155acfe11a2c54","user-certified","512.0","0.5","0.5","0.5","0.25","0.5","0.5","0.5","25600","0.0","0.7776607438921929","0.0","7db3bb7718f2383130fb1f719331a593e747a2f06e063024981c9bec63155e02","0.1128125","controlled-middle","83202","201","53002","1.0","63002","0.1128125","True","15.705753200047184","user-noniid-dirichlet-v1","0.1"
"6","1.0","1","0.0026093976742651093","plan-c","1.0","0.9999999952316284","primary","0","361428001c3e100c880582d95aa68124663d6c6284f9309a3f587ca5b5a9d7e3","25600","femnist","1e-05","0.0","0","0","1.0","4.0","73002","controlled","1.083094140291214","20262","0.0","1.0","this-work","0.0","1617","0","fddd7e88b6ddfe0effc748627370079eac5d2774611f358718295e73ad71fc9c","16.0","stable-local-fallback","user_macro_accuracy","0.1153125","9.214933748786253","2103001","1.0","50","25600","0.07176799981971271","0.5","0.0","0.0","0.0","0","","85e2c0f67dd26b6eb06bd8a9d1355cd162f47ba512379568bb155acfe11a2c54","user-certified","512.0","0.5","0.5","0.5","0.25","0.5","0.5","0.5","25600","0.9999999952316284","1.083094140291214","1.0","ff5d51e80b1e636877b56fe16d90898a0e6d25902ded66a1a09492a70cb53fef","0.1153125","controlled-middle","83202","201","53002","1.0","63002","0.1153125","True","18.713424100191332","user-noniid-dirichlet-v1","0.1"
"6","1.0","1","0.005182958354443934","plan-c","1.0","0.9999999856948852","primary","0","5c97c3f1694cb63c26e0e3dcfd33137a81301321a774d0026a9c11389c3b93db","6387","femnist","1e-05","9.970217499852879","25600","1556","0.2494921875","4.0","73003","controlled","1.0488316223025322","5355","0.0","1.0","this-work","1.0","0","0","c27d638b8d9dd67f78ad9a21d01d985caa597f396352a597465b870ccdf0a4d1","15.990769230769232","handle-only-drop-residual","user_macro_accuracy","0.17453125","9.214933748786253","2113001","1.0","50","6387","0.07563920007669367","0.5","0.9999999856948852","0.3019286792725325","0.2494921875","325","","85e2c0f67dd26b6eb06bd8a9d1355cd162f47ba512379568bb155acfe11a2c54","user-certified","512.0","0.4999384615384616","0.49995189069566054","0.5","0.2501083032490975","0.5","0.5","0.5","25600","0.0","0.8121103942394257","0.0","0625f29476f56d7823ea9817a0d9f8f86c6f91e27e635e4f732de711f11073f9","0.17453125","controlled-middle","83203","202","53003","1.0","63003","0.17453125","True","15.745824300072854","user-noniid-dirichlet-v1","0.1"
"6","1.0","1","0.004822864213601733","plan-c","1.0","0.9999999856948852","diagnostic","0","5c97c3f1694cb63c26e0e3dcfd33137a81301321a774d0026a9c11389c3b93db","25600","femnist","1e-05","0.0","0","0","1.0","4.0","73003","controlled","1.0508102616667747","21097","0.0","1.0","this-work","0.9","1556","0","c27d638b8d9dd67f78ad9a21d01d985caa597f396352a597465b870ccdf0a4d1","15.990769230769232","unitscope-lambda-sweep","user_macro_accuracy","0.1709375","9.214933748786253","2113001","1.0","50","25600","0.06929039998794906","0.5","0.9999999856948852","0.30520427107810977","0.2494921875","325","","85e2c0f67dd26b6eb06bd8a9d1355cd162f47ba512379568bb155acfe11a2c54","user-certified","512.0","0.4999384615384616","0.49995189069566054","0.5","0.2501083032490975","0.5","0.5","0.5","25600","0.9999999952316284","0.8110855066776276","0.7505078125","67da8518b53ab9a93890a592dac134bd1e6867e06d255868deb6d7a35d0cfecf","0.1709375","controlled-middle","83203","202","53003","1.0","63003","0.1709375","True","15.755045600002632","user-noniid-dirichlet-v1","0.1"
"6","1.0","1","0.002827528006999359","plan-c","1.0","0.9999999964237213","primary","0","5c97c3f1694cb63c26e0e3dcfd33137a81301321a774d0026a9c11389c3b93db","25600","femnist","1e-05","0.0","0","0","1.0","4.0","73003","controlled","1.1585381802916528","20158","0.0","1.0","this-work","0.0","1595","0","c27d638b8d9dd67f78ad9a21d01d985caa597f396352a597465b870ccdf0a4d1","15.990769230769232","stable-local-fallback","user_macro_accuracy","0.16546875","9.214933748786253","2113001","1.0","50","25600","0.06610299999010749","0.5","0.0","0.0","0.0","0","","85e2c0f67dd26b6eb06bd8a9d1355cd162f47ba512379568bb155acfe11a2c54","user-certified","512.0","0.4999384615384616","0.49995189069566054","0.5","0.2501083032490975","0.5","0.5","0.5","25600","0.9999999964237213","1.1585381802916528","1.0","9c75a450a82f8e734566783a5c8fec0f6fa568b45d710c80591e69c85f5d73cc","0.16546875","controlled-middle","83203","202","53003","1.0","63003","0.16546875","True","16.77731330000097","user-noniid-dirichlet-v1","0.1"
"6","1.0","1","0.007201085552951988","plan-delta","2.0","0.9997146749496459","primary","0","5c97c3f1694cb63c26e0e3dcfd33137a81301321a774d0026a9c11389c3b93db","25600","femnist","1e-05","0.0","0","0","1.0","4.0","73003","controlled","11.803021724522115","21097","0.0","1.0","this-work","","1556","0","c27d638b8d9dd67f78ad9a21d01d985caa597f396352a597465b870ccdf0a4d1","15.990769230769232","naive-recalibrated-2c","user_macro_accuracy","0.13578125","9.214933748786253","2113001","2.0","50","25600","0.17716860011569224","0.5","0.9996294891834259","3.010806895494461","0.2494921875","325","","85e2c0f67dd26b6eb06bd8a9d1355cd162f47ba512379568bb155acfe11a2c54","user-certified","512.0","0.4999384615384616","0.49995189069566054","0.5","0.2501083032490975","0.5","0.5","0.5","25600","0.9997426438331604","8.891997818052769","0.7505078125","c088bbaf3327725f987c195592b7b2b5d00eda441afedbc9001754b194dbacdb","0.13578125","controlled-middle","83203","202","53003","2.0","63003","0.13578125","True","15.883262399875093","user-noniid-dirichlet-v1","0.1"
"6","1.0","1","0.0024312363119727664","plan-c","1.0","0.9999999988079071","primary","0","cbdf3890a72988273a4b3ab5f95c84d7e14299ff85cbab3aef7baec624e69fb0","25600","femnist","1e-05","0.0","0","0","1.0","4.0","73004","controlled","0.8253597523272037","20317","0.0","1.0","this-work","0.0","1530","0","b08f7fa3912d8406c616f9d5f074c0c3402c63b845a827be8c786588a3224096","15.990769230769232","stable-local-fallback","user_macro_accuracy","0.12464285714285715","9.214933748786253","2123001","1.0","50","25600","0.06597470006090589","0.5","0.0","0.0","0.0","0","","85e2c0f67dd26b6eb06bd8a9d1355cd162f47ba512379568bb155acfe11a2c54","user-certified","512.0","0.4999384615384616","0.49995189069566054","0.5","0.24989179050642044","0.5","0.5","0.5","25600","0.9999999988079071","0.8253597523272037","1.0","5d8d14c2ac8c8a89824f6986946afd0c94b90ea78c50adae7d1f8ca029658dd3","0.12378564713256032","controlled-middle","83204","203","53004","1.0","63004","0.12464285714285715","True","16.455663299915614","user-noniid-dirichlet-v1","0.1"
"6","1.0","1","0.005502402902116645","plan-delta","2.0","0.9999064111709595","primary","0","cbdf3890a72988273a4b3ab5f95c84d7e14299ff85cbab3aef7baec624e69fb0","25600","femnist","1e-05","0.0","0","0","1.0","4.0","73004","controlled","6.521548944413662","21201","0.0","1.0","this-work","","1505","0","b08f7fa3912d8406c616f9d5f074c0c3402c63b845a827be8c786588a3224096","15.990769230769232","naive-recalibrated-2c","user_macro_accuracy","0.19151785714285716","9.214933748786253","2123001","2.0","50","25600","0.08525129995541647","0.5","0.9996391558647155","1.6568757821060718","0.250390625","325","","85e2c0f67dd26b6eb06bd8a9d1355cd162f47ba512379568bb155acfe11a2c54","user-certified","512.0","0.4999384615384616","0.49995189069566054","0.5","0.24989179050642044","0.5","0.5","0.5","25600","0.9999999940395355","4.970831942260265","0.749609375","5e5bca481a3d155f3520fdb81ba3393dcf387afd74c07652ebcfba641a976186","0.1908492635537449","controlled-middle","83204","203","53004","2.0","63004","0.19151785714285716","True","20.67136450004182","user-noniid-dirichlet-v1","0.1"
"6","1.0","1","0.004349238534785312","plan-c","1.0","0.9999999845027924","diagnostic","0","cbdf3890a72988273a4b3ab5f95c84d7e14299ff85cbab3aef7baec624e69fb0","25600","femnist","1e-05","0.0","0","0","1.0","4.0","73004","controlled","0.8064069531857967","21201","0.0","1.0","this-work","0.9","1505","0","b08f7fa3912d8406c616f9d5f074c0c3402c63b845a827be8c786588a3224096","15.990769230769232","unitscope-lambda-sweep","user_macro_accuracy","0.12348214285714285","9.214933748786253","2123001","1.0","50","25600","0.07670739994500764","0.5","0.9999999845027924","0.21660854037851096","0.250390625","325","","85e2c0f67dd26b6eb06bd8a9d1355cd162f47ba512379568bb155acfe11a2c54","user-certified","512.0","0.4999384615384616","0.49995189069566054","0.5","0.24989179050642044","0.5","0.5","0.5","25600","0.9999999940395355","0.6481652101874351","0.749609375","61c958319ffaab0d68c4c7ff2e748daa03a033b8f20f11d319e1fd852edb31e7","0.12362895643998746","controlled-middle","83204","203","53004","1.0","63004","0.12348214285714285","True","19.64092010006425","user-noniid-dirichlet-v1","0.1"
"6","1.0","1","0.00471984972463414","plan-c","1.0","0.9999999845027924","primary","0","cbdf3890a72988273a4b3ab5f95c84d7e14299ff85cbab3aef7baec624e69fb0","6410","femnist","1e-05","12.785477900033584","25600","1505","0.250390625","4.0","73004","controlled","0.8038574302196503","5328","0.0","1.0","this-work","1.0","0","0","b08f7fa3912d8406c616f9d5f074c0c3402c63b845a827be8c786588a3224096","15.990769230769232","handle-only-drop-residual","user_macro_accuracy","0.13051339285714283","9.214933748786253","2123001","1.0","50","6410","0.08522029989399016","0.5","0.9999999845027924","0.213740232270211","0.250390625","325","","85e2c0f67dd26b6eb06bd8a9d1355cd162f47ba512379568bb155acfe11a2c54","user-certified","512.0","0.4999384615384616","0.49995189069566054","0.5","0.24989179050642044","0.5","0.5","0.5","25600","0.0","0.6480839304625988","0.0","e0fd3f596dc4fa42f7330c2120c8e778acc570f358c21415f4e2399167f1b1d1","0.1306800376057662","controlled-middle","83204","203","53004","1.0","63004","0.13051339285714283","True","21.47103550005704","user-noniid-dirichlet-v1","0.1"
"6","1.0","1","0.005965477652438317","plan-delta","2.0","0.9999529290199279","primary","0","c08d3c59a45d8c3efcc67d8f61446296a00b2b1018971ce4fdcf34421c245710","25600","femnist","1e-05","0.0","0","0","1.0","4.0","73005","controlled","8.710447624325752","21076","0.0","1.0","this-work","","1518","0","7690b4e444daf6175ac897727a8e80a128b5815d17ac6895053f03b94b54f866","16.0","naive-recalibrated-2c","user_macro_accuracy","0.115","9.214933748786253","2133001","2.0","50","25600","0.17898619998595677","0.5","0.9997752642631531","2.1928038424253464","0.2521484375","325","","85e2c0f67dd26b6eb06bd8a9d1355cd162f47ba512379568bb155acfe11a2c54","user-certified","512.0","0.5","0.5","0.5","0.2503008423586041","0.5","0.5","0.5","25600","0.9999999928474427","6.619854138195515","0.7478515625","157ed598b989a2fb7c84c72d1443ed1021710dd70c2d798ba84807c06b95b95b","0.115","controlled-middle","83205","204","53005","2.0","63005","0.115","True","14.743731800030218","user-noniid-dirichlet-v1","0.1"
"6","1.0","1","0.0024460373213642727","plan-c","1.0","0.9999999988079071","primary","0","c08d3c59a45d8c3efcc67d8f61446296a00b2b1018971ce4fdcf34421c245710","25600","femnist","1e-05","0.0","0","0","1.0","4.0","73005","controlled","0.9413550515472889","20219","0.0","1.0","this-work","0.0","1548","0","7690b4e444daf6175ac897727a8e80a128b5815d17ac6895053f03b94b54f866","16.0","stable-local-fallback","user_macro_accuracy","0.104375","9.214933748786253","2133001","1.0","50","25600","0.06430630010436289","0.5","0.0","0.0","0.0","0","","85e2c0f67dd26b6eb06bd8a9d1355cd162f47ba512379568bb155acfe11a2c54","user-certified","512.0","0.5","0.5","0.5","0.2503008423586041","0.5","0.5","0.5","25600","0.9999999988079071","0.9413550515472889","1.0","5e891878f80503afeb78db7d83be99493569530c3af78dbb09700d6f680412f3","0.104375","controlled-middle","83205","204","53005","1.0","63005","0.104375","True","16.23112649988616","user-noniid-dirichlet-v1","0.1"
"6","1.0","1","0.004361055600163297","plan-c","1.0","0.9999999868869781","diagnostic","0","c08d3c59a45d8c3efcc67d8f61446296a00b2b1018971ce4fdcf34421c245710","25600","femnist","1e-05","0.0","0","0","1.0","4.0","73005","controlled","0.8905573029816151","21076","0.0","1.0","this-work","0.9","1518","0","7690b4e444daf6175ac897727a8e80a128b5815d17ac6895053f03b94b54f866","16.0","unitscope-lambda-sweep","user_macro_accuracy","0.11203125","9.214933748786253","2133001","1.0","50","25600","0.17663829994853586","0.5","0.9999999833106995","0.2538244388252497","0.2521484375","325","","85e2c0f67dd26b6eb06bd8a9d1355cd162f47ba512379568bb155acfe11a2c54","user-certified","512.0","0.5","0.5","0.5","0.2503008423586041","0.5","0.5","0.5","25600","0.9999999928474427","0.694458941668272","0.7478515625","8728572f9cf5bbc7a2c8667700b722a00b7104a52306688e0678ca6e47562222","0.11203125","controlled-middle","83205","204","53005","1.0","63005","0.11203125","True","14.661181500036037","user-noniid-dirichlet-v1","0.1"
"6","1.0","1","0.004722995834703675","plan-c","1.0","0.9999999833106995","primary","0","c08d3c59a45d8c3efcc67d8f61446296a00b2b1018971ce4fdcf34421c245710","6455","femnist","1e-05","10.026519700157223","25600","1518","0.2521484375","4.0","73005","controlled","0.8885154335200787","5359","0.0","1.0","this-work","1.0","0","0","7690b4e444daf6175ac897727a8e80a128b5815d17ac6895053f03b94b54f866","16.0","handle-only-drop-residual","user_macro_accuracy","0.11859375","9.214933748786253","2133001","1.0","50","6455","0.07472719997167587","0.5","0.9999999833106995","0.2514394861459732","0.2521484375","325","","85e2c0f67dd26b6eb06bd8a9d1355cd162f47ba512379568bb155acfe11a2c54","user-certified","512.0","0.5","0.5","0.5","0.2503008423586041","0.5","0.5","0.5","25600","0.0","0.6938052530586719","0.0","b11fe093b3df6a4dab8828fe63ad2d771e057aa0cf96a80b93998acd67742f56","0.11859375","controlled-middle","83205","204","53005","1.0","63005","0.11859375","True","14.706289199879393","user-noniid-dirichlet-v1","0.1"
"6","1.0","1","0.002515623094181152","plan-c","1.0","0.9999999928474427","primary","0","aba00b30122af9626dab1c61e6f86174f7576cd236fc6b098aa9a059faf8ba35","25600","femnist","1e-05","0.0","0","0","1.0","4.0","73001","controlled","0.7516541711986064","20379","0.0","1.0","this-work","0.0","1600","0","b6188d3abe3ea46ac23136029370159ae5240b724f1dedbbaf425018fc241b41","16.0","stable-local-fallback","user_macro_accuracy","0.1272955357142857","9.214933748786253","2093001","1.0","50","25600","0.06296600002679043","0.5","0.0","0.0","0.0","0","","85e2c0f67dd26b6eb06bd8a9d1355cd162f47ba512379568bb155acfe11a2c54","user-certified","512.0","0.5","0.5","0.5","0.25","0.5","0.5","0.5","25600","0.9999999928474427","0.7516541711986064","1.0","0b4b526c8e2fabb50cf63766c2bf747b25e10e88508250edfd1019dabee9ff13","0.1272156862745098","controlled-middle","83201","200","53001","1.0","63001","0.1272955357142857","True","16.425844199984567","user-noniid-dirichlet-v1","0.5"
"6","1.0","1","0.004289803327313696","plan-c","1.0","0.9999999880790711","diagnostic","0","aba00b30122af9626dab1c61e6f86174f7576cd236fc6b098aa9a059faf8ba35","25600","femnist","1e-05","0.0","0","0","1.0","4.0","73001","controlled","0.7050605750083924","21283","0.0","1.0","this-work","0.9","1571","0","b6188d3abe3ea46ac23136029370159ae5240b724f1dedbbaf425018fc241b41","16.0","unitscope-lambda-sweep","user_macro_accuracy","0.18752053571428573","9.214933748786253","2093001","1.0","50","25600","0.1762206999992486","0.5","0.9999999928474427","0.19578334834426642","0.2489453125","325","","85e2c0f67dd26b6eb06bd8a9d1355cd162f47ba512379568bb155acfe11a2c54","user-certified","512.0","0.5","0.5","0.5","0.25","0.5","0.5","0.5","25600","0.9999999880790711","0.5559938429296016","0.7510546875","189965080e5f6fea7014af3f3d43e97acbf6a4e0dca06f55aab45bf0bdfcfb50","0.18776470588235294","controlled-middle","83201","200","53001","1.0","63001","0.18752053571428573","True","14.824977100011893","user-noniid-dirichlet-v1","0.5"
"6","1.0","1","0.004951401936722707","plan-delta","2.0","0.9999035847187042","primary","0","aba00b30122af9626dab1c61e6f86174f7576cd236fc6b098aa9a059faf8ba35","25600","femnist","1e-05","0.0","0","0","1.0","4.0","73001","controlled","5.161103745251894","21283","0.0","1.0","this-work","","1571","0","b6188d3abe3ea46ac23136029370159ae5240b724f1dedbbaf425018fc241b41","16.0","naive-recalibrated-2c","user_macro_accuracy","0.1665580357142857","9.214933748786253","2093001","2.0","50","25600","0.07324789999984205","0.5","0.9996223330497742","1.308935336265713","0.2489453125","325","","85e2c0f67dd26b6eb06bd8a9d1355cd162f47ba512379568bb155acfe11a2c54","user-certified","512.0","0.5","0.5","0.5","0.25","0.5","0.5","0.5","25600","0.9999999880790711","3.9478837504982947","0.7510546875","a4ceb62f0ddbdb9461873385ca668bcc4f28e4032a80609877a2bb91528892c7","0.16658823529411765","controlled-middle","83201","200","53001","2.0","63001","0.1665580357142857","True","15.369957299990347","user-noniid-dirichlet-v1","0.5"
"6","1.0","1","0.004623985535082232","plan-c","1.0","0.9999999928474427","primary","0","aba00b30122af9626dab1c61e6f86174f7576cd236fc6b098aa9a059faf8ba35","6373","femnist","1e-05","9.849313399987295","25600","1571","0.2489453125","4.0","73001","controlled","0.7017763578891754","5337","0.0","1.0","this-work","1.0","0","0","b6188d3abe3ea46ac23136029370159ae5240b724f1dedbbaf425018fc241b41","16.0","handle-only-drop-residual","user_macro_accuracy","0.1978767857142857","9.214933748786253","2093001","1.0","50","6373","0.07387779996497557","0.5","0.9999999928474427","0.19314357170835136","0.2489453125","325","","85e2c0f67dd26b6eb06bd8a9d1355cd162f47ba512379568bb155acfe11a2c54","user-certified","512.0","0.5","0.5","0.5","0.25","0.5","0.5","0.5","25600","0.0","0.5550946447253228","0.0","f9ef4bcf52291ea947dc174ae4fd07d10d2f3d6a127ea3046c6e5602f321533c","0.19811764705882354","controlled-middle","83201","200","53001","1.0","63001","0.1978767857142857","True","14.724475300026825","user-noniid-dirichlet-v1","0.5"
"6","1.0","1","0.0044107196907377825","plan-c","1.0","0.9999999785423279","diagnostic","0","e4bc1ced7919ed353a6ee6ae8177bf2c01a2ca523ae81b63af446997f09e58a2","25600","femnist","1e-05","0.0","0","0","1.0","4.0","73002","controlled","0.9967837412655354","21287","0.0","1.0","this-work","0.9","1614","0","852732c09401a0a9e63988effb0e30d82049c1b68334fa3a614d0009b6778cbc","16.0","unitscope-lambda-sweep","user_macro_accuracy","0.1125","9.214933748786253","2103001","1.0","50","25600","0.17665349980234168","0.5","0.9999999880790711","0.267074671536684","0.2502734375","325","","85e2c0f67dd26b6eb06bd8a9d1355cd162f47ba512379568bb155acfe11a2c54","user-certified","512.0","0.5","0.5","0.5","0.25","0.5","0.5","0.5","25600","0.9999999916553497","0.7803442864120007","0.7497265625","37cb6e1eb547290e75630721eb312536ad6c7ed6009aff5cedb4525a40508943","0.1125","controlled-middle","83202","201","53002","1.0","63002","0.1125","True","15.041071900195675","user-noniid-dirichlet-v1","0.5"
"6","1.0","1","0.002625206657419788","plan-c","1.0","0.9999999952316284","primary","0","e4bc1ced7919ed353a6ee6ae8177bf2c01a2ca523ae81b63af446997f09e58a2","25600","femnist","1e-05","0.0","0","0","1.0","4.0","73002","controlled","1.0801881454885005","20389","0.0","1.0","this-work","0.0","1647","0","852732c09401a0a9e63988effb0e30d82049c1b68334fa3a614d0009b6778cbc","16.0","stable-local-fallback","user_macro_accuracy","0.11515625","9.214933748786253","2103001","1.0","50","25600","0.06657499997527339","0.5","0.0","0.0","0.0","0","","85e2c0f67dd26b6eb06bd8a9d1355cd162f47ba512379568bb155acfe11a2c54","user-certified","512.0","0.5","0.5","0.5","0.25","0.5","0.5","0.5","25600","0.9999999952316284","1.0801881454885005","1.0","445fbbddeb7ce8b88db66ba2c133d5c4567b894ffe954cbe408744379a0e88f2","0.11515625","controlled-middle","83202","201","53002","1.0","63002","0.11515625","True","16.793711300037103","user-noniid-dirichlet-v1","0.5"
"6","1.0","1","0.004746022898757776","plan-c","1.0","0.9999999880790711","primary","0","e4bc1ced7919ed353a6ee6ae8177bf2c01a2ca523ae81b63af446997f09e58a2","6407","femnist","1e-05","11.55706119997194","25600","1614","0.2502734375","4.0","73002","controlled","0.9903172326087951","5349","0.0","1.0","this-work","1.0","0","0","852732c09401a0a9e63988effb0e30d82049c1b68334fa3a614d0009b6778cbc","16.0","handle-only-drop-residual","user_macro_accuracy","0.1128125","9.214933748786253","2103001","1.0","50","6407","0.07366170000750571","0.5","0.9999999880790711","0.26328641522675755","0.2502734375","325","","85e2c0f67dd26b6eb06bd8a9d1355cd162f47ba512379568bb155acfe11a2c54","user-certified","512.0","0.5","0.5","0.5","0.25","0.5","0.5","0.5","25600","0.0","0.7776605594158172","0.0","49e1d0f3311df7e172ce0b274423233203706992c75242ce93cfcf2dc4ca9d2e","0.1128125","controlled-middle","83202","201","53002","1.0","63002","0.1128125","True","17.967083399998955","user-noniid-dirichlet-v1","0.5"
"6","1.0","1","0.005657659431813923","plan-delta","2.0","0.9999528086185455","primary","0","e4bc1ced7919ed353a6ee6ae8177bf2c01a2ca523ae81b63af446997f09e58a2","25600","femnist","1e-05","0.0","0","0","1.0","4.0","73002","controlled","7.891102505177259","21287","0.0","1.0","this-work","","1614","0","852732c09401a0a9e63988effb0e30d82049c1b68334fa3a614d0009b6778cbc","16.0","naive-recalibrated-2c","user_macro_accuracy","0.13796875","9.214933748786253","2103001","2.0","50","25600","0.07628790018497966","0.5","0.9998373866081238","2.07915185790509","0.2502734375","325","","85e2c0f67dd26b6eb06bd8a9d1355cd162f47ba512379568bb155acfe11a2c54","user-certified","512.0","0.5","0.5","0.5","0.25","0.5","0.5","0.5","25600","0.9999999916553497","5.910468592494726","0.7497265625","749a1e675758ca00940e7718328a193f6117741c8ca79314560bb698bd87bb6a","0.13796875","controlled-middle","83202","201","53002","2.0","63002","0.13796875","True","15.290237199835246","user-noniid-dirichlet-v1","0.5"
"6","1.0","1","0.005183657061265644","plan-c","1.0","0.9999999856948852","primary","0","6879e3022506247b248894a7585d95f35bc4831b26be4c35b94b68201593fe0a","6387","femnist","1e-05","12.291781700128922","25600","1594","0.2494921875","4.0","73003","controlled","1.0490117755532264","5355","0.0","1.0","this-work","1.0","0","0","95ee1138dab3142baca25695fdb7ae51964b5aa741e284fde297b70a19aaa070","15.990769230769232","handle-only-drop-residual","user_macro_accuracy","0.17421875","9.214933748786253","2113001","1.0","50","6387","0.07706930002314039","0.5","0.9999999856948852","0.30200655817985533","0.2494921875","325","","85e2c0f67dd26b6eb06bd8a9d1355cd162f47ba512379568bb155acfe11a2c54","user-certified","512.0","0.4999384615384616","0.49995189069566054","0.5","0.2501083032490975","0.5","0.5","0.5","25600","0.0","0.8122213304042816","0.0","348a608e43982a7b023b40f1e9e661aa165813f542322e209b971c785dabfd71","0.17421875","controlled-middle","83203","202","53003","1.0","63003","0.17421875","True","19.778429699857952","user-noniid-dirichlet-v1","0.5"
"6","1.0","1","0.004821037889517021","plan-c","1.0","0.9999999868869781","diagnostic","0","6879e3022506247b248894a7585d95f35bc4831b26be4c35b94b68201593fe0a","25600","femnist","1e-05","0.0","0","0","1.0","4.0","73003","controlled","1.0499815228581428","21150","0.0","1.0","this-work","0.9","1594","0","95ee1138dab3142baca25695fdb7ae51964b5aa741e284fde297b70a19aaa070","15.990769230769232","unitscope-lambda-sweep","user_macro_accuracy","0.17078125","9.214933748786253","2113001","1.0","50","25600","0.20388199997250922","0.5","0.9999999856948852","0.3049226138740778","0.2494921875","325","","85e2c0f67dd26b6eb06bd8a9d1355cd162f47ba512379568bb155acfe11a2c54","user-certified","512.0","0.4999384615384616","0.49995189069566054","0.5","0.2501083032490975","0.5","0.5","0.5","25600","0.9999999940395355","0.8105587300658226","0.7505078125","5ff5c108190145bc6a8bb1948db4488a9f7f13b3e62ef265a6b78a2a4baa5983","0.17078125","controlled-middle","83203","202","53003","1.0","63003","0.17078125","True","19.407114600006025","user-noniid-dirichlet-v1","0.5"
"6","1.0","1","0.00720829402007184","plan-delta","2.0","0.9997160267829895","primary","0","6879e3022506247b248894a7585d95f35bc4831b26be4c35b94b68201593fe0a","25600","femnist","1e-05","0.0","0","0","1.0","4.0","73003","controlled","11.813834705352782","21150","0.0","1.0","this-work","","1594","0","95ee1138dab3142baca25695fdb7ae51964b5aa741e284fde297b70a19aaa070","15.990769230769232","naive-recalibrated-2c","user_macro_accuracy","0.13609375","9.214933748786253","2113001","2.0","50","25600","0.18386680001276545","0.5","0.9996294891834259","3.011995316743851","0.2494921875","325","","85e2c0f67dd26b6eb06bd8a9d1355cd162f47ba512379568bb155acfe11a2c54","user-certified","512.0","0.4999384615384616","0.49995189069566054","0.5","0.2501083032490975","0.5","0.5","0.5","25600","0.9997474348545075","8.901793908029795","0.7505078125","822c9d021b27d0e8c5bdc7481bd5e687f12ccc05f3f7f72106f21ecbedaee719","0.13609375","controlled-middle","83203","202","53003","2.0","63003","0.13609375","True","20.157407299993793","user-noniid-dirichlet-v1","0.5"
"6","1.0","1","0.002837401380315149","plan-c","1.0","0.9999999916553497","primary","0","6879e3022506247b248894a7585d95f35bc4831b26be4c35b94b68201593fe0a","25600","femnist","1e-05","0.0","0","0","1.0","4.0","73003","controlled","1.1585736259818078","20252","0.0","1.0","this-work","0.0","1623","0","95ee1138dab3142baca25695fdb7ae51964b5aa741e284fde297b70a19aaa070","15.990769230769232","stable-local-fallback","user_macro_accuracy","0.165","9.214933748786253","2113001","1.0","50","25600","0.06657240001368336","0.5","0.0","0.0","0.0","0","","85e2c0f67dd26b6eb06bd8a9d1355cd162f47ba512379568bb155acfe11a2c54","user-certified","512.0","0.4999384615384616","0.49995189069566054","0.5","0.2501083032490975","0.5","0.5","0.5","25600","0.9999999916553497","1.1585736259818078","1.0","d1991ca18a46dbfc3eb56ca7188232f9b498268bd5e44ca477803e68adfbbbbe","0.165","controlled-middle","83203","202","53003","1.0","63003","0.165","True","17.232203799969284","user-noniid-dirichlet-v1","0.5"
"6","1.0","1","0.005506807696837615","plan-delta","2.0","0.9999063062667847","primary","0","30876476fade2b38be84e9c1ccff45678eeeecd21c9e353ed4b3fa915d8d7304","25600","femnist","1e-05","0.0","0","0","1.0","4.0","73004","controlled","6.514193609505892","21216","0.0","1.0","this-work","","1538","0","653ae9614fe855598d5fa1a355beb07a464f2994c67a5bd7680deb4097d9436e","15.990769230769232","naive-recalibrated-2c","user_macro_accuracy","0.19198660714285715","9.214933748786253","2123001","2.0","50","25600","0.07337589995586313","0.5","0.9996391558647155","1.654388818759471","0.250390625","325","","85e2c0f67dd26b6eb06bd8a9d1355cd162f47ba512379568bb155acfe11a2c54","user-certified","512.0","0.4999384615384616","0.49995189069566054","0.5","0.24989179050642044","0.5","0.5","0.5","25600","0.9999999904632568","4.9657133816182615","0.749609375","6429c866fd9f8542ce6cd118a7f51fff433323b687359ee3731d0207d9df61b9","0.1913193356314635","controlled-middle","83204","203","53004","2.0","63004","0.19198660714285715","True","15.765602100029355","user-noniid-dirichlet-v1","0.5"
"6","1.0","1","0.004353560855084574","plan-c","1.0","0.9999999833106995","diagnostic","0","30876476fade2b38be84e9c1ccff45678eeeecd21c9e353ed4b3fa915d8d7304","25600","femnist","1e-05","0.0","0","0","1.0","4.0","73004","controlled","0.8065054012835026","21216","0.0","1.0","this-work","0.9","1538","0","653ae9614fe855598d5fa1a355beb07a464f2994c67a5bd7680deb4097d9436e","15.990769230769232","unitscope-lambda-sweep","user_macro_accuracy","0.12504464285714284","9.214933748786253","2123001","1.0","50","25600","0.1771271999750752","0.5","0.9999999845027924","0.21687745936214925","0.250390625","325","","85e2c0f67dd26b6eb06bd8a9d1355cd162f47ba512379568bb155acfe11a2c54","user-certified","512.0","0.4999384615384616","0.49995189069566054","0.5","0.24989179050642044","0.5","0.5","0.5","25600","0.9999999904632568","0.6481144836544991","0.749609375","6b3c17d4d4d345a19dc01cece10c732cf23efdaa895751a98af75389605e4d08","0.1251958633657161","controlled-middle","83204","203","53004","1.0","63004","0.12504464285714284","True","15.46274300001096","user-noniid-dirichlet-v1","0.5"
"6","1.0","1","0.002435842948325633","plan-c","1.0","0.9999999988079071","primary","0","30876476fade2b38be84e9c1ccff45678eeeecd21c9e353ed4b3fa915d8d7304","25600","femnist","1e-05","0.0","0","0","1.0","4.0","73004","controlled","0.8240664348006248","20343","0.0","1.0","this-work","0.0","1557","0","653ae9614fe855598d5fa1a355beb07a464f2994c67a5bd7680deb4097d9436e","15.990769230769232","stable-local-fallback","user_macro_accuracy","0.12417410714285715","9.214933748786253","2123001","1.0","50","25600","0.06587100002798252","0.5","0.0","0.0","0.0","0","","85e2c0f67dd26b6eb06bd8a9d1355cd162f47ba512379568bb155acfe11a2c54","user-certified","512.0","0.4999384615384616","0.49995189069566054","0.5","0.24989179050642044","0.5","0.5","0.5","25600","0.9999999988079071","0.8240664348006248","1.0","8bda7eb9e0c57b7cf1e42df3b6b452d4cd73a3ab8b60961ec6ca4b1201958a44","0.12331557505484174","controlled-middle","83204","203","53004","1.0","63004","0.12417410714285715","True","16.727744099945994","user-noniid-dirichlet-v1","0.5"
"6","1.0","1","0.004719849782038672","plan-c","1.0","0.9999999845027924","primary","0","30876476fade2b38be84e9c1ccff45678eeeecd21c9e353ed4b3fa915d8d7304","6410","femnist","1e-05","10.341809199977433","25600","1538","0.250390625","4.0","73004","controlled","0.8038574396073819","5328","0.0","1.0","this-work","1.0","0","0","653ae9614fe855598d5fa1a355beb07a464f2994c67a5bd7680deb4097d9436e","15.990769230769232","handle-only-drop-residual","user_macro_accuracy","0.13051339285714283","9.214933748786253","2123001","1.0","50","6410","0.07417509984225035","0.5","0.9999999845027924","0.21374023703858255","0.250390625","325","","85e2c0f67dd26b6eb06bd8a9d1355cd162f47ba512379568bb155acfe11a2c54","user-certified","512.0","0.4999384615384616","0.49995189069566054","0.5","0.24989179050642044","0.5","0.5","0.5","25600","0.0","0.6480839404463768","0.0","c9ffcd348845eea9765091c06552834f38f2be38d639a8e48d3c29641b46fce1","0.1306800376057662","controlled-middle","83204","203","53004","1.0","63004","0.13051339285714283","True","15.919017700187396","user-noniid-dirichlet-v1","0.5"
"6","1.0","1","0.005962169269927479","plan-delta","2.0","0.9999531400203705","primary","0","10fd261638f1cb6ff5aacf0a529f21d68ae064d1b1674b71b81dabc8a5bff8f1","25600","femnist","1e-05","0.0","0","0","1.0","4.0","73005","controlled","8.673697343021631","21140","0.0","1.0","this-work","","1551","0","4d61d4a15c7a507ebfa0ee0fff2a5fc4c2901e8f6f844f4a4f681c5b4c7bc0ad","16.0","naive-recalibrated-2c","user_macro_accuracy","0.10828125","9.214933748786253","2133001","2.0","50","25600","0.07608219989924692","0.5","0.9997752642631531","2.1797769700363276","0.2521484375","325","","85e2c0f67dd26b6eb06bd8a9d1355cd162f47ba512379568bb155acfe11a2c54","user-certified","512.0","0.5","0.5","0.5","0.2503008423586041","0.5","0.5","0.5","25600","0.9999999952316284","6.596006148010492","0.7478515625","333695c109d6aed3e940e6623f84dd40f4cefead26fa73bd0f469b90d6ed3520","0.10828125","controlled-middle","83205","204","53005","2.0","63005","0.10828125","True","15.023630300100194","user-noniid-dirichlet-v1","0.5"
"6","1.0","1","0.004723016152438628","plan-c","1.0","0.9999999833106995","primary","0","10fd261638f1cb6ff5aacf0a529f21d68ae064d1b1674b71b81dabc8a5bff8f1","6455","femnist","1e-05","10.034935799863888","25600","1551","0.2521484375","4.0","73005","controlled","0.8885092832148075","5359","0.0","1.0","this-work","1.0","0","0","4d61d4a15c7a507ebfa0ee0fff2a5fc4c2901e8f6f844f4a4f681c5b4c7bc0ad","16.0","handle-only-drop-residual","user_macro_accuracy","0.11875","9.214933748786253","2133001","1.0","50","6455","0.07669900005566888","0.5","0.9999999833106995","0.25144152317196133","0.2521484375","325","","85e2c0f67dd26b6eb06bd8a9d1355cd162f47ba512379568bb155acfe11a2c54","user-certified","512.0","0.5","0.5","0.5","0.2503008423586041","0.5","0.5","0.5","25600","0.0","0.69379988104105","0.0","7535f107889f15f1803b3e30c964722e82423d7a06c943b17f64d43652c692ee","0.11875","controlled-middle","83205","204","53005","1.0","63005","0.11875","True","14.687136100081261","user-noniid-dirichlet-v1","0.5"
"6","1.0","1","0.0043637690672145655","plan-c","1.0","0.9999999785423279","diagnostic","0","10fd261638f1cb6ff5aacf0a529f21d68ae064d1b1674b71b81dabc8a5bff8f1","25600","femnist","1e-05","0.0","0","0","1.0","4.0","73005","controlled","0.8903863006830215","21140","0.0","1.0","this-work","0.9","1551","0","4d61d4a15c7a507ebfa0ee0fff2a5fc4c2901e8f6f844f4a4f681c5b4c7bc0ad","16.0","unitscope-lambda-sweep","user_macro_accuracy","0.1115625","9.214933748786253","2133001","1.0","50","25600","0.07115949998842552","0.5","0.9999999833106995","0.25425110597163436","0.2521484375","325","","85e2c0f67dd26b6eb06bd8a9d1355cd162f47ba512379568bb155acfe11a2c54","user-certified","512.0","0.5","0.5","0.5","0.2503008423586041","0.5","0.5","0.5","25600","0.9999999952316284","0.6939122405648231","0.7478515625","bc9472a537cfc91cfa21dd143eb1023c5a991295845ab474e0e632a18c1472a6","0.1115625","controlled-middle","83205","204","53005","1.0","63005","0.1115625","True","14.949230300000636","user-noniid-dirichlet-v1","0.5"
"6","1.0","1","0.002452816856786251","plan-c","1.0","0.9999999964237213","primary","0","10fd261638f1cb6ff5aacf0a529f21d68ae064d1b1674b71b81dabc8a5bff8f1","25600","femnist","1e-05","0.0","0","0","1.0","4.0","73005","controlled","0.9364190734922886","20318","0.0","1.0","this-work","0.0","1583","0","4d61d4a15c7a507ebfa0ee0fff2a5fc4c2901e8f6f844f4a4f681c5b4c7bc0ad","16.0","stable-local-fallback","user_macro_accuracy","0.10421875","9.214933748786253","2133001","1.0","50","25600","0.06467240009806119","0.5","0.0","0.0","0.0","0","","85e2c0f67dd26b6eb06bd8a9d1355cd162f47ba512379568bb155acfe11a2c54","user-certified","512.0","0.5","0.5","0.5","0.2503008423586041","0.5","0.5","0.5","25600","0.9999999964237213","0.9364190734922886","1.0","d2756a658ce2d2ef1d8b4c0dbf19a0ea36a80e3acb7c1fd636126b04aff9e369","0.10421875","controlled-middle","83205","204","53005","1.0","63005","0.10421875","True","16.409135899913963","user-noniid-dirichlet-v1","0.5"
"6","1.0","1","0.0033544367656152983","plan-delta","2.0","0.9695102858543396","primary","0","8470e9b7061e4842f3bde9542ee931ca7cda576a58ef4d65c47a8d66bc120e37","25600","sent140","1e-05","0.0","0","0","1.0","4.0","74001","controlled","0.20060893822461368","22106","0.0","1.0","this-work","","2162","0","46f1b42debbd3345ad8203257254038ad8291396a6d806ba4675ac606a77be69","2.1285714285714286","naive-recalibrated-2c","user_macro_accuracy","0.5130271157183889","9.214933748786253","3094001","2.0","50","25600","0.06361219991231337","0.5","0.8814967343211174","0.05202754478901625","0.2575","700","","ba8b47a98d61a2b84619036b375a4be3aaffb4d99ef87c0083f98b9c0998b89b","user-certified","512.0","0.5258773408830448","0.5162337662337663","0.5","0.2567829457364341","0.5","0.5","0.5","25600","0.9999999868869781","0.1527684967406094","0.7425","28ba677bcfed888671a524eab17c72bfb73244138b277524e62bad6735b99c30","0.519208381839348","custom","84301","300","54001","2.0","64001","0.5130271157183889","True","7.62113120011054","sent140-account-task-v1",""
"6","1.0","1","0.00534055163513364","plan-c","1.0","0.9503155291080475","diagnostic","0","8470e9b7061e4842f3bde9542ee931ca7cda576a58ef4d65c47a8d66bc120e37","25600","sent140","1e-05","0.0","0","0","1.0","4.0","74001","controlled","0.050811859928071496","22106","0.0","1.0","this-work","0.9","2162","0","46f1b42debbd3345ad8203257254038ad8291396a6d806ba4675ac606a77be69","2.1285714285714286","unitscope-lambda-sweep","user_macro_accuracy","0.548385946779184","9.214933748786253","3094001","1.0","50","25600","0.06331410008715466","0.5","0.805897299349308","0.011351988627575338","0.2575","700","","ba8b47a98d61a2b84619036b375a4be3aaffb4d99ef87c0083f98b9c0998b89b","user-certified","512.0","0.5258773408830448","0.5162337662337663","0.5","0.2567829457364341","0.5","0.5","0.5","25600","0.9999999868869781","0.04379425372928381","0.7425","8a8cb2958c78fd93dd3c3ee63d4df68cbe8b55709e65b31636bd10ef70750cf6","0.5355064027939465","custom","84301","300","54001","1.0","64001","0.548385946779184","True","7.982912899926305","sent140-account-task-v1",""
"6","1.0","1","0.0057943163493627825","plan-c","1.0","0.6058999586850404","primary","0","8470e9b7061e4842f3bde9542ee931ca7cda576a58ef4d65c47a8d66bc120e37","6592","sent140","1e-05","5.3902124999440275","25600","2162","0.2575","4.0","74001","controlled","0.04769494194537401","5712","0.0","1.0","this-work","1.0","0","0","46f1b42debbd3345ad8203257254038ad8291396a6d806ba4675ac606a77be69","2.1285714285714286","handle-only-drop-residual","user_macro_accuracy","0.5405335333096556","9.214933748786253","3094001","1.0","50","6592","0.06187200013664551","0.5","0.6058999586850404","0.009198643658310175","0.2575","700","","ba8b47a98d61a2b84619036b375a4be3aaffb4d99ef87c0083f98b9c0998b89b","user-certified","512.0","0.5258773408830448","0.5162337662337663","0.5","0.2567829457364341","0.5","0.5","0.5","25600","0.0","0.04258490381762385","0.0","949d2c1e78aebf58a7e0fd870bc31ce0bb9dc38984f4aa541797578f299b3bee","0.5273573923166472","custom","84301","300","54001","1.0","64001","0.5405335333096556","True","8.048106499918504","sent140-account-task-v1",""
"6","1.0","1","0.001986708362700444","plan-c","1.0","0.9999999785423279","primary","0","8470e9b7061e4842f3bde9542ee931ca7cda576a58ef4d65c47a8d66bc120e37","25600","sent140","1e-05","0.0","0","0","1.0","4.0","74001","controlled","0.08158964972943067","21459","0.0","1.0","this-work","0.0","2537","0","46f1b42debbd3345ad8203257254038ad8291396a6d806ba4675ac606a77be69","2.1285714285714286","stable-local-fallback","user_macro_accuracy","0.49385723275477533","9.214933748786253","3094001","1.0","50","25600","0.059002900088671595","0.5","0.0","0.0","0.0","0","","ba8b47a98d61a2b84619036b375a4be3aaffb4d99ef87c0083f98b9c0998b89b","user-certified","512.0","0.5258773408830448","0.5162337662337663","0.5","0.2567829457364341","0.5","0.5","0.5","25600","0.9999999785423279","0.08158964972943067","1.0","9b488f9df78a9d65fb2975dffd1a3bd44efe2cf9bb403d925af9b68f617fa541","0.5116414435389989","custom","84301","300","54001","1.0","64001","0.49385723275477533","True","8.732254299917258","sent140-account-task-v1",""
"6","1.0","1","0.011371431801688696","plan-c","1.0","0.6767561727762222","full-identity-reference","1400","8470e9b7061e4842f3bde9542ee931ca7cda576a58ef4d65c47a8d66bc120e37","25600","sent140","1e-05","0.0","0","0","1.0","4.0","74001","controlled","0.033174522873014214","19428","0.0","1.0","oracle","","0","0","46f1b42debbd3345ad8203257254038ad8291396a6d806ba4675ac606a77be69","2.1285714285714286","full-identity-reference","user_macro_accuracy","0.5811160585147137","9.214933748786253","3094001","1.0","50","25600","0.8840101001551375","0.5","0.0","0.0","0.0","0","","ba8b47a98d61a2b84619036b375a4be3aaffb4d99ef87c0083f98b9c0998b89b","oracle-assumption","512.0","0.5258773408830448","0.5162337662337663","0.5","0.2567829457364341","0.5","0.5","0.5","25600","0.0","0.0","0.0","f1a7ef57cff5ce60c33437676a25cc932d290631f8822ad1e9b6729bafd2f658","0.5669383003492433","custom","84301","300","54001","1.0","64001","0.5811160585147137","True","7.7642131998436525","sent140-account-task-v1",""
"6","1.0","1","0.002168374712200628","plan-c","1.0","0.9999999749660492","primary","0","3c4198ec51ac11a4553ba49f855a637a302b54682ee2870b466b246962a72ad6","25600","sent140","1e-05","0.0","0","0","1.0","4.0","74002","controlled","0.10902058407664299","21748","0.0","1.0","this-work","0.0","2560","0","606fc2740fa8c07dd2633e4640b05c4062367cf525cba4061da85555ee3fea34","2.1814285714285715","stable-local-fallback","user_macro_accuracy","0.49026409003470733","9.214933748786253","3104001","1.0","50","25600","0.05985999997938052","0.5","0.0","0.0","0.0","0","","ba8b47a98d61a2b84619036b375a4be3aaffb4d99ef87c0083f98b9c0998b89b","user-certified","512.0","0.5337402278393875","0.5208660181989332","0.5","0.2654725731648809","0.5","0.5","0.5","25600","0.9999999749660492","0.10902058407664299","1.0","1dfe0d5cabfd1c61c33cd419c707d9c91d06844041e56bf40595fe14dac80bd4","0.5139353400222966","custom","84302","301","54002","1.0","64002","0.49026409003470733","True","8.821064700023271","sent140-account-task-v1",""
"6","1.0","1","0.0035453532864728908","plan-delta","2.0","0.9058335089683532","primary","0","3c4198ec51ac11a4553ba49f855a637a302b54682ee2870b466b246962a72ad6","25600","sent140","1e-05","0.0","0","0","1.0","4.0","74002","controlled","0.34427985969930885","22427","0.0","1.0","this-work","","2206","0","606fc2740fa8c07dd2633e4640b05c4062367cf525cba4061da85555ee3fea34","2.1814285714285715","naive-recalibrated-2c","user_macro_accuracy","0.48950888170137397","9.214933748786253","3104001","2.0","50","25600","0.06520550002460368","0.5","0.6491410754621029","0.07827441886300221","0.264140625","700","","ba8b47a98d61a2b84619036b375a4be3aaffb4d99ef87c0083f98b9c0998b89b","user-certified","512.0","0.5337402278393875","0.5208660181989332","0.5","0.2654725731648809","0.5","0.5","0.5","25600","0.9999999928474427","0.26747571367770434","0.735859375","39daa585ab0fb722e613aa387c260d1c5fe7048f2f5b45327e395db123e86eff","0.5139353400222966","custom","84302","301","54002","2.0","64002","0.48950888170137397","True","7.732777399971383","sent140-account-task-v1",""
"6","1.0","1","0.01190845532768002","plan-c","1.0","0.6136872269213199","full-identity-reference","1400","3c4198ec51ac11a4553ba49f855a637a302b54682ee2870b466b246962a72ad6","25600","sent140","1e-05","0.0","0","0","1.0","4.0","74002","controlled","0.03691220195032656","19423","0.0","1.0","oracle","","0","0","606fc2740fa8c07dd2633e4640b05c4062367cf525cba4061da85555ee3fea34","2.1814285714285715","full-identity-reference","user_macro_accuracy","0.5010881716244139","9.214933748786253","3104001","1.0","50","25600","0.8898698998964392","0.5","0.0","0.0","0.0","0","","ba8b47a98d61a2b84619036b375a4be3aaffb4d99ef87c0083f98b9c0998b89b","oracle-assumption","512.0","0.5337402278393875","0.5208660181989332","0.5","0.2654725731648809","0.5","0.5","0.5","25600","0.0","0.0","0.0","43801db9b543e664ab295be55123284fe6a49cb822d5721113eede67997d06c8","0.5217391304347826","custom","84302","301","54002","1.0","64002","0.5010881716244139","True","7.987660700106062","sent140-account-task-v1",""
"6","1.0","1","0.005923414513978142","plan-c","1.0","0.8667662680149079","diagnostic","0","3c4198ec51ac11a4553ba49f855a637a302b54682ee2870b466b246962a72ad6","25600","sent140","1e-05","0.0","0","0","1.0","4.0","74002","controlled","0.14306650422513484","22427","0.0","1.0","this-work","0.9","2206","0","606fc2740fa8c07dd2633e4640b05c4062367cf525cba4061da85555ee3fea34","2.1814285714285715","unitscope-lambda-sweep","user_macro_accuracy","0.49026409003470733","9.214933748786253","3104001","1.0","50","25600","0.1616255999833811","0.5","0.498989899456501","0.029975293043535203","0.264140625","700","","ba8b47a98d61a2b84619036b375a4be3aaffb4d99ef87c0083f98b9c0998b89b","user-certified","512.0","0.5337402278393875","0.5208660181989332","0.5","0.2654725731648809","0.5","0.5","0.5","25600","0.9999999928474427","0.11440640572458506","0.735859375","6199ff2f83f3438424b82e640333ac0f06fd264b464f4832b060f2eb4d8d29cc","0.5139353400222966","custom","84302","301","54002","1.0","64002","0.49026409003470733","True","8.241668100003153","sent140-account-task-v1",""
"6","1.0","1","0.006332947234561225","plan-c","1.0","0.4025050209462643","primary","0","3c4198ec51ac11a4553ba49f855a637a302b54682ee2870b466b246962a72ad6","6762","sent140","1e-05","5.582269999984419","25600","2206","0.264140625","4.0","74002","controlled","0.10772962182760239","5925","0.0","1.0","this-work","1.0","0","0","606fc2740fa8c07dd2633e4640b05c4062367cf525cba4061da85555ee3fea34","2.1814285714285715","handle-only-drop-residual","user_macro_accuracy","0.49026409003470733","9.214933748786253","3104001","1.0","50","6762","0.0649169999815058","0.5","0.4025050209462643","0.019637563915457578","0.264140625","700","","ba8b47a98d61a2b84619036b375a4be3aaffb4d99ef87c0083f98b9c0998b89b","user-certified","512.0","0.5337402278393875","0.5208660181989332","0.5","0.2654725731648809","0.5","0.5","0.5","25600","0.0","0.09003236651420593","0.0","91fb5133b2083e84ad0dff41deb60b85f18a9c940c05d18b8e152f9212ca1efa","0.5139353400222966","custom","84302","301","54002","1.0","64002","0.49026409003470733","True","7.8924805000424385","sent140-account-task-v1",""
"6","1.0","1","0.0054773162348868195","plan-c","1.0","0.9094553804397583","diagnostic","0","b34ac76708773335d4bb0ae5eb2aac1fb7f4440ddef98078c9359f2f43f44ac4","25600","sent140","1e-05","0.0","0","0","1.0","4.0","74003","controlled","0.08258192645385862","22381","0.0","1.0","this-work","0.9","2199","0","c428039084eef2c0f5aa1745854dd887a22445b8557426739f970a38880da44d","2.197142857142857","unitscope-lambda-sweep","user_macro_accuracy","0.45208763144535197","9.214933748786253","3114001","1.0","50","25600","0.06361460010521114","0.5","0.6529197937250137","0.01619494142010808","0.2637109375","700","","ba8b47a98d61a2b84619036b375a4be3aaffb4d99ef87c0083f98b9c0998b89b","user-certified","512.0","0.5326209133929611","0.5211706102117061","0.5","0.2652091254752852","0.5","0.5","0.5","25600","0.9999999904632568","0.06934795657172799","0.7362890625","22c9ce73105d5d52956fdf62d6d9852d42efd29a342ffee382bb15b093040ade","0.4891112419070041","custom","84303","302","54003","1.0","64003","0.45208763144535197","True","7.90775349989417","sent140-account-task-v1",""
"6","1.0","1","0.003310513924865367","plan-delta","2.0","0.9608412849903106","primary","0","b34ac76708773335d4bb0ae5eb2aac1fb7f4440ddef98078c9359f2f43f44ac4","25600","sent140","1e-05","0.0","0","0","1.0","4.0","74003","controlled","0.11953403422608971","22381","0.0","1.0","this-work","","2199","0","c428039084eef2c0f5aa1745854dd887a22445b8557426739f970a38880da44d","2.197142857142857","naive-recalibrated-2c","user_macro_accuracy","0.4872148726681814","9.214933748786253","3114001","2.0","50","25600","0.06784230010816827","0.5","0.8496470283716917","0.02803660456556827","0.2637109375","700","","ba8b47a98d61a2b84619036b375a4be3aaffb4d99ef87c0083f98b9c0998b89b","user-certified","512.0","0.5326209133929611","0.5211706102117061","0.5","0.2652091254752852","0.5","0.5","0.5","25600","0.9999999904632568","0.09798011772334575","0.7362890625","3342ea7627d552e92d1a6a8912607fc915308895953aefeed01749253754799c","0.5026486168334314","custom","84303","302","54003","2.0","64003","0.4872148726681814","True","8.108786899887491","sent140-account-task-v1",""
"6","1.0","1","0.0057674835616597815","plan-c","1.0","0.4299606580287218","primary","0","b34ac76708773335d4bb0ae5eb2aac1fb7f4440ddef98078c9359f2f43f44ac4","6751","sent140","1e-05","5.8536844999180175","25600","2199","0.2637109375","4.0","74003","controlled","0.07143988184630871","5891","0.0","1.0","this-work","1.0","0","0","c428039084eef2c0f5aa1745854dd887a22445b8557426739f970a38880da44d","2.197142857142857","handle-only-drop-residual","user_macro_accuracy","0.45252011807636805","9.214933748786253","3114001","1.0","50","6751","0.06530479999491945","0.5","0.4299606580287218","0.011845308640040457","0.2637109375","700","","ba8b47a98d61a2b84619036b375a4be3aaffb4d99ef87c0083f98b9c0998b89b","user-certified","512.0","0.5326209133929611","0.5211706102117061","0.5","0.2652091254752852","0.5","0.5","0.5","25600","0.0","0.06233577590435743","0.0","378cfc7f050bc2d72e3ce050d4d031b48cf0a686b9d53cb67a1739a981a406ed","0.4896998234255444","custom","84303","302","54003","1.0","64003","0.45252011807636805","True","8.07671370008029","sent140-account-task-v1",""
"6","1.0","1","0.0020018312532943286","plan-c","1.0","0.9999999785423279","primary","0","b34ac76708773335d4bb0ae5eb2aac1fb7f4440ddef98078c9359f2f43f44ac4","25600","sent140","1e-05","0.0","0","0","1.0","4.0","74003","controlled","0.04855561465024948","21625","0.0","1.0","this-work","0.0","2574","0","c428039084eef2c0f5aa1745854dd887a22445b8557426739f970a38880da44d","2.197142857142857","stable-local-fallback","user_macro_accuracy","0.5154999298495622","9.214933748786253","3114001","1.0","50","25600","0.14062720010406338","0.5","0.0","0.0","0.0","0","","ba8b47a98d61a2b84619036b375a4be3aaffb4d99ef87c0083f98b9c0998b89b","user-certified","512.0","0.5326209133929611","0.5211706102117061","0.5","0.2652091254752852","0.5","0.5","0.5","25600","0.9999999785423279","0.04855561465024948","1.0","ee2d149fa87e93bec8a0493caa16c7962f2fc7df23d5c32502f25b07d9057b27","0.5138316656856975","custom","84303","302","54003","1.0","64003","0.5154999298495622","True","8.639400899875909","sent140-account-task-v1",""
"6","1.0","1","0.012142614424426957","plan-c","1.0","0.5773600806295872","full-identity-reference","1400","b34ac76708773335d4bb0ae5eb2aac1fb7f4440ddef98078c9359f2f43f44ac4","25600","sent140","1e-05","0.0","0","0","1.0","4.0","74003","controlled","0.027150028524920343","19471","0.0","1.0","oracle","","0","0","c428039084eef2c0f5aa1745854dd887a22445b8557426739f970a38880da44d","2.197142857142857","full-identity-reference","user_macro_accuracy","0.5626654580917448","9.214933748786253","3114001","1.0","50","25600","0.9138333999726456","0.5","0.0","0.0","0.0","0","","ba8b47a98d61a2b84619036b375a4be3aaffb4d99ef87c0083f98b9c0998b89b","oracle-assumption","512.0","0.5326209133929611","0.5211706102117061","0.5","0.2652091254752852","0.5","0.5","0.5","25600","0.0","0.0","0.0","fb6f8196bbee81999604ec5441bccca9dcaea129a3e706a9f4e0e86bbd8245ec","0.5562095350206003","custom","84303","302","54003","1.0","64003","0.5626654580917448","True","7.8154417000187095","sent140-account-task-v1",""
"6","1.0","1","0.005612189099656827","plan-c","1.0","0.6108120831102133","primary","0","97202ae26c3bbabd131c8850682be0850195d2e1f6aeba7716a1302fb2fabdda","6930","sent140","1e-05","7.157086300023366","25600","2156","0.270703125","4.0","74004","controlled","0.11543318517506122","6116","0.0","1.0","this-work","1.0","0","0","70b142967a48452694efee4a00af423cee6ae18dda280e8436402cb1ba8468c8","2.162857142857143","handle-only-drop-residual","user_macro_accuracy","0.47002615391144803","9.214933748786253","3124001","1.0","50","6930","0.08423739997670054","0.5","0.6108120831102133","0.025369346330408007","0.270703125","700","","ba8b47a98d61a2b84619036b375a4be3aaffb4d99ef87c0083f98b9c0998b89b","user-certified","512.0","0.5272208023928501","0.5178343949044586","0.5","0.2669512395337383","0.5","0.5","0.5","25600","0.0","0.09254623912274837","0.0","5c8ff8c3d6314b1ac97f23020849e31c675e61486fd88b6453d04c24b4ed9e3b","0.525527192008879","custom","84304","303","54004","1.0","64004","0.47002615391144803","True","10.787646399985533","sent140-account-task-v1",""
"6","1.0","1","0.0032484483733007147","plan-delta","2.0","0.9530163621902465","primary","0","97202ae26c3bbabd131c8850682be0850195d2e1f6aeba7716a1302fb2fabdda","25600","sent140","1e-05","0.0","0","0","1.0","4.0","74004","controlled","0.34566576905548574","22134","0.0","1.0","this-work","","2156","0","70b142967a48452694efee4a00af423cee6ae18dda280e8436402cb1ba8468c8","2.162857142857143","naive-recalibrated-2c","user_macro_accuracy","0.4712335524157215","9.214933748786253","3124001","2.0","50","25600","0.08280130010098219","0.5","0.8302604825049639","0.08790276577463374","0.270703125","700","","ba8b47a98d61a2b84619036b375a4be3aaffb4d99ef87c0083f98b9c0998b89b","user-certified","512.0","0.5272208023928501","0.5178343949044586","0.5","0.2669512395337383","0.5","0.5","0.5","25600","0.9999999940395355","0.26080666307359934","0.729296875","b1688007cd46272a7cac8eebd09ce842ce6095be47d24f594e352daa208c1271","0.5238623751387348","custom","84304","303","54004","2.0","64004","0.4712335524157215","True","12.532276399899274","sent140-account-task-v1",""
"6","1.0","1","0.002093189109016844","plan-c","1.0","0.9999999749660492","primary","0","97202ae26c3bbabd131c8850682be0850195d2e1f6aeba7716a1302fb2fabdda","25600","sent140","1e-05","0.0","0","0","1.0","4.0","74004","controlled","0.11271851304918527","21485","0.0","1.0","this-work","0.0","2531","0","70b142967a48452694efee4a00af423cee6ae18dda280e8436402cb1ba8468c8","2.162857142857143","stable-local-fallback","user_macro_accuracy","0.47002615391144803","9.214933748786253","3124001","1.0","50","25600","0.06254720009746961","0.5","0.0","0.0","0.0","0","","ba8b47a98d61a2b84619036b375a4be3aaffb4d99ef87c0083f98b9c0998b89b","user-certified","512.0","0.5272208023928501","0.5178343949044586","0.5","0.2669512395337383","0.5","0.5","0.5","25600","0.9999999749660492","0.11271851304918527","1.0","e64b972ed230aeb13ae03230088e092bd3ae2ac5b49d901a47f0f51ccb070205","0.525527192008879","custom","84304","303","54004","1.0","64004","0.47002615391144803","True","9.178407599887578","sent140-account-task-v1",""
"6","1.0","1","0.005154788912804507","plan-c","1.0","0.9345680367946625","diagnostic","0","97202ae26c3bbabd131c8850682be0850195d2e1f6aeba7716a1302fb2fabdda","25600","sent140","1e-05","0.0","0","0","1.0","4.0","74004","controlled","0.14613788947463036","22134","0.0","1.0","this-work","0.9","2156","0","70b142967a48452694efee4a00af423cee6ae18dda280e8436402cb1ba8468c8","2.162857142857143","unitscope-lambda-sweep","user_macro_accuracy","0.47002615391144803","9.214933748786253","3124001","1.0","50","25600","0.07434090014430694","0.5","0.7643035097420215","0.03534207445103675","0.270703125","700","","ba8b47a98d61a2b84619036b375a4be3aaffb4d99ef87c0083f98b9c0998b89b","user-certified","512.0","0.5272208023928501","0.5178343949044586","0.5","0.2669512395337383","0.5","0.5","0.5","25600","0.9999999940395355","0.11338287018239498","0.729296875","ec7b713365721eeec0d604551cd2b40c8c500dbf871a757e6db75dd86e929deb","0.525527192008879","custom","84304","303","54004","1.0","64004","0.47002615391144803","True","9.50826749985572","sent140-account-task-v1",""
"6","1.0","1","0.012197271419747406","plan-c","1.0","0.7759784963726998","full-identity-reference","1400","97202ae26c3bbabd131c8850682be0850195d2e1f6aeba7716a1302fb2fabdda","25600","sent140","1e-05","0.0","0","0","1.0","4.0","74004","controlled","0.051930230148136615","19585","0.0","1.0","oracle","","0","0","70b142967a48452694efee4a00af423cee6ae18dda280e8436402cb1ba8468c8","2.162857142857143","full-identity-reference","user_macro_accuracy","0.4924756325373973","9.214933748786253","3124001","1.0","50","25600","1.0937185998482164","0.5","0.0","0.0","0.0","0","","ba8b47a98d61a2b84619036b375a4be3aaffb4d99ef87c0083f98b9c0998b89b","oracle-assumption","512.0","0.5272208023928501","0.5178343949044586","0.5","0.2669512395337383","0.5","0.5","0.5","25600","0.0","0.0","0.0","fc635545bad39d83e4eecbe2994330e01f44929f92a259064ef106b8f5ed18d1","0.5382907880133185","custom","84304","303","54004","1.0","64004","0.4924756325373973","True","12.12128570015193","sent140-account-task-v1",""
"6","1.0","1","0.011958966735742406","plan-c","1.0","0.6357754728198052","full-identity-reference","1400","d1b837ba5f9dd16d0583784781d4e188daa1f06c26779f19ec62d6105a448988","25600","sent140","1e-05","0.0","0","0","1.0","4.0","74005","controlled","0.056663680616766215","19647","0.0","1.0","oracle","","0","0","adbd73318d1f7b262d55a90d24771b5cc3e3bbd26e54b5eda7041f41b35d5bd6","2.152857142857143","full-identity-reference","user_macro_accuracy","0.5665249385228778","9.214933748786253","3134001","1.0","50","25600","1.239032700075768","0.5","0.0","0.0","0.0","0","","ba8b47a98d61a2b84619036b375a4be3aaffb4d99ef87c0083f98b9c0998b89b","oracle-assumption","512.0","0.5303564319900453","0.5182225063938619","0.5","0.2589456869009585","0.5","0.5","0.5","25600","0.0","0.0","0.0","206beddc79cd9a435684d9bbcf90fd6fc9989a44dbfa58848c79034cc0e6a7d8","0.5580890336590663","custom","84305","304","54005","1.0","64005","0.5665249385228778","True","10.29844509990653","sent140-account-task-v1",""
"6","1.0","1","0.002382834734668236","plan-c","1.0","0.9999999713897705","primary","0","d1b837ba5f9dd16d0583784781d4e188daa1f06c26779f19ec62d6105a448988","25600","sent140","1e-05","0.0","0","0","1.0","4.0","74005","controlled","0.07168402578681707","21939","0.0","1.0","this-work","0.0","2589","0","adbd73318d1f7b262d55a90d24771b5cc3e3bbd26e54b5eda7041f41b35d5bd6","2.152857142857143","stable-local-fallback","user_macro_accuracy","0.533745467190117","9.214933748786253","3134001","1.0","50","25600","0.19334499997785315","0.5","0.0","0.0","0.0","0","","ba8b47a98d61a2b84619036b375a4be3aaffb4d99ef87c0083f98b9c0998b89b","user-certified","512.0","0.5303564319900453","0.5182225063938619","0.5","0.2589456869009585","0.5","0.5","0.5","25600","0.9999999713897705","0.07168402578681707","1.0","5e97904b30d76b4adc04bd855e5db9a0ada4eeb237f4a41d79dd706974b8812a","0.5304017372421281","custom","84305","304","54005","1.0","64005","0.533745467190117","True","9.431764800014207","sent140-account-task-v1",""
"6","1.0","1","0.005981929516478471","plan-c","1.0","0.9486154687404632","diagnostic","0","d1b837ba5f9dd16d0583784781d4e188daa1f06c26779f19ec62d6105a448988","25600","sent140","1e-05","0.0","0","0","1.0","4.0","74005","controlled","0.07424024786800146","22520","0.0","1.0","this-work","0.9","2172","0","adbd73318d1f7b262d55a90d24771b5cc3e3bbd26e54b5eda7041f41b35d5bd6","2.152857142857143","unitscope-lambda-sweep","user_macro_accuracy","0.46296694194608284","9.214933748786253","3134001","1.0","50","25600","0.08695229986915365","0.5","0.8058582735061646","0.01777082384796813","0.2616015625","700","","ba8b47a98d61a2b84619036b375a4be3aaffb4d99ef87c0083f98b9c0998b89b","user-certified","512.0","0.5303564319900453","0.5182225063938619","0.5","0.2589456869009585","0.5","0.5","0.5","25600","0.9999999868869781","0.060054771713912485","0.7383984375","92ef9d3610926c34f23d0b2105dab826337dd859d5d616e55a5613c11fc36e33","0.48968512486427795","custom","84305","304","54005","1.0","64005","0.46296694194608284","True","10.531883100135019","sent140-account-task-v1",""
"6","1.0","1","0.003714616672446652","plan-delta","2.0","0.9638278806209564","primary","0","d1b837ba5f9dd16d0583784781d4e188daa1f06c26779f19ec62d6105a448988","25600","sent140","1e-05","0.0","0","0","1.0","4.0","74005","controlled","0.17920963134616613","22520","0.0","1.0","this-work","","2172","0","adbd73318d1f7b262d55a90d24771b5cc3e3bbd26e54b5eda7041f41b35d5bd6","2.152857142857143","naive-recalibrated-2c","user_macro_accuracy","0.5124196541060705","9.214933748786253","3134001","2.0","50","25600","0.08651880008983426","0.5","0.8647275193035603","0.04683872424066067","0.2616015625","700","","ba8b47a98d61a2b84619036b375a4be3aaffb4d99ef87c0083f98b9c0998b89b","user-certified","512.0","0.5303564319900453","0.5182225063938619","0.5","0.2589456869009585","0.5","0.5","0.5","25600","0.9999999868869781","0.13592456091195346","0.7383984375","b6b5ce6c9ad0a5c614c95fa12a7d72850358b8ad83e840c0fe17ad18265d4b70","0.5190010857763301","custom","84305","304","54005","2.0","64005","0.5124196541060705","True","11.632501599902753","sent140-account-task-v1",""
"6","1.0","1","0.0064433256327743925","plan-c","1.0","0.558240658082068","primary","0","d1b837ba5f9dd16d0583784781d4e188daa1f06c26779f19ec62d6105a448988","6697","sent140","1e-05","7.316397700051311","25600","2172","0.2616015625","4.0","74005","controlled","0.07241570144891739","5938","0.0","1.0","this-work","1.0","0","0","adbd73318d1f7b262d55a90d24771b5cc3e3bbd26e54b5eda7041f41b35d5bd6","2.152857142857143","handle-only-drop-residual","user_macro_accuracy","0.47929761163186085","9.214933748786253","3134001","1.0","50","6697","0.09578840000904165","0.5","0.558240658082068","0.01559005500515923","0.2616015625","700","","ba8b47a98d61a2b84619036b375a4be3aaffb4d99ef87c0083f98b9c0998b89b","user-certified","512.0","0.5303564319900453","0.5182225063938619","0.5","0.2589456869009585","0.5","0.5","0.5","25600","0.0","0.05998026467859745","0.0","e85e76cb9d1e9e1e641b85a572c78f69926b3495a9c0307a90fb5655e61ff270","0.496199782844734","custom","84305","304","54005","1.0","64005","0.47929761163186085","True","10.516590699960943","sent140-account-task-v1",""
"6","1.0","1","0.0055437544912895955","plan-c","1.0","0.5707636081427335","primary","0","40996465ceedada69689ca3f4696dd7071a8312572dab19ea992241145577fa9","6517","sent140","1e-05","12.341563000023598","25600","2165","0.2545703125","4.0","74006","controlled","0.058229944929480554","5748","0.0","1.0","this-work","1.0","0","0","d767c6bb06c0294b05eaa5cde4c8c9e807765d83f3cf6aca7701ad07a052d902","2.0742857142857143","handle-only-drop-residual","user_macro_accuracy","0.5269428272435626","9.214933748786253","3144001","1.0","50","6517","0.0626930000144057","0.5","0.5707636081427335","0.010236947413068265","0.2545703125","700","","ba8b47a98d61a2b84619036b375a4be3aaffb4d99ef87c0083f98b9c0998b89b","user-certified","512.0","0.527953590053369","0.5172872340425532","0.5","0.2544146500981033","0.5","0.5","0.5","25600","0.0","0.05247147221118212","0.0","4104ae0cd52f8813e6625e166ece44a6c8049f2efaef756eb938c35f07bd36d6","0.5300668151447662","custom","84306","305","54006","1.0","64006","0.5269428272435626","True","24.268692499987083","sent140-account-task-v1",""
"6","1.0","1","0.0021337983570688494","plan-c","1.0","0.9999999821186065","primary","0","40996465ceedada69689ca3f4696dd7071a8312572dab19ea992241145577fa9","25600","sent140","1e-05","0.0","0","0","1.0","4.0","74006","controlled","0.05323761522769928","21339","0.0","1.0","this-work","0.0","2552","0","d767c6bb06c0294b05eaa5cde4c8c9e807765d83f3cf6aca7701ad07a052d902","2.0742857142857143","stable-local-fallback","user_macro_accuracy","0.5043800151917799","9.214933748786253","3144001","1.0","50","25600","0.06458960004965775","0.5","0.0","0.0","0.0","0","","ba8b47a98d61a2b84619036b375a4be3aaffb4d99ef87c0083f98b9c0998b89b","user-certified","512.0","0.527953590053369","0.5172872340425532","0.5","0.2544146500981033","0.5","0.5","0.5","25600","0.9999999821186065","0.05323761522769928","1.0","5176d675d21ddd4c1f63012096742d8d8da87a9416766428a56f511793b4636d","0.5133630289532294","custom","84306","305","54006","1.0","64006","0.5043800151917799","True","26.09469259995967","sent140-account-task-v1",""
"6","1.0","1","0.005209477883659426","plan-c","1.0","0.9316554486751556","diagnostic","0","40996465ceedada69689ca3f4696dd7071a8312572dab19ea992241145577fa9","25600","sent140","1e-05","0.0","0","0","1.0","4.0","74006","controlled","0.08358266595751047","22055","0.0","1.0","this-work","0.9","2165","0","d767c6bb06c0294b05eaa5cde4c8c9e807765d83f3cf6aca7701ad07a052d902","2.0742857142857143","unitscope-lambda-sweep","user_macro_accuracy","0.5128059120209855","9.214933748786253","3144001","1.0","50","25600","0.06703560004825704","0.5","0.7394624673575163","0.01896727708517574","0.2545703125","700","","ba8b47a98d61a2b84619036b375a4be3aaffb4d99ef87c0083f98b9c0998b89b","user-certified","512.0","0.527953590053369","0.5172872340425532","0.5","0.2544146500981033","0.5","0.5","0.5","25600","0.9999999880790711","0.0682083934172988","0.7454296875","9c4d7affdabfac3fa663afdc36a4ac0345e8272be239f406f7e6e72b45597b49","0.5089086859688196","custom","84306","305","54006","1.0","64006","0.5128059120209855","True","20.440149199974257","sent140-account-task-v1",""
"6","1.0","1","0.003271225279720731","plan-delta","2.0","0.9743076515197754","primary","0","40996465ceedada69689ca3f4696dd7071a8312572dab19ea992241145577fa9","25600","sent140","1e-05","0.0","0","0","1.0","4.0","74006","controlled","0.11612169101834297","22055","0.0","1.0","this-work","","2165","0","d767c6bb06c0294b05eaa5cde4c8c9e807765d83f3cf6aca7701ad07a052d902","2.0742857142857143","naive-recalibrated-2c","user_macro_accuracy","0.5420846012783512","9.214933748786253","3144001","2.0","50","25600","0.0708737000823021","0.5","0.9032585383206606","0.02821375342318788","0.2545703125","700","","ba8b47a98d61a2b84619036b375a4be3aaffb4d99ef87c0083f98b9c0998b89b","user-certified","512.0","0.527953590053369","0.5172872340425532","0.5","0.2544146500981033","0.5","0.5","0.5","25600","0.9999999880790711","0.09558717057108879","0.7454296875","a453eac1f6329b51668b4c56e3b3c729c50a69cb98a671bb30b757404ef6eb84","0.5473273942093542","custom","84306","305","54006","2.0","64006","0.5420846012783512","True","22.939490599907003","sent140-account-task-v1",""
"6","1.0","1","0.012506833788273091","plan-c","1.0","0.6853389745950699","full-identity-reference","1400","40996465ceedada69689ca3f4696dd7071a8312572dab19ea992241145577fa9","25600","sent140","1e-05","0.0","0","0","1.0","4.0","74006","controlled","0.0430265723913908","19468","0.0","1.0","oracle","","0","0","d767c6bb06c0294b05eaa5cde4c8c9e807765d83f3cf6aca7701ad07a052d902","2.0742857142857143","full-identity-reference","user_macro_accuracy","0.5997455856847401","9.214933748786253","3144001","1.0","50","25600","0.92712009997922","0.5","0.0","0.0","0.0","0","","ba8b47a98d61a2b84619036b375a4be3aaffb4d99ef87c0083f98b9c0998b89b","oracle-assumption","512.0","0.527953590053369","0.5172872340425532","0.5","0.2544146500981033","0.5","0.5","0.5","25600","0.0","0.0","0.0","cc8662b88984fdb356929e17147fbfc5ddb4852fc1ec59a5bb9f8eda36ab61f8","0.6002227171492205","custom","84306","305","54006","1.0","64006","0.5997455856847401","True","17.28277550000348","sent140-account-task-v1",""
"6","1.0","1","0.005538719373202862","plan-c","1.0","0.958804395198822","diagnostic","0","fd71c15ddc3961014394159804ccc9456799244cd85c04f8c04f152404b1708a","25600","sent140","1e-05","0.0","0","0","1.0","4.0","74007","controlled","0.13369009763002396","22302","0.0","1.0","this-work","0.9","2223","0","1f1eaa09c19bcb2b059e3ae1b707e5db31eaa56ef568892d79e032c1a04cba04","2.237142857142857","unitscope-lambda-sweep","user_macro_accuracy","0.49717289364980893","9.214933748786253","3154001","1.0","50","25600","0.18470619997242466","0.5","0.8413260176777839","0.028025872868020087","0.2591015625","700","","ba8b47a98d61a2b84619036b375a4be3aaffb4d99ef87c0083f98b9c0998b89b","user-certified","512.0","0.5292094865574742","0.518005540166205","0.5","0.26508111513624194","0.5","0.5","0.5","25600","0.9999999916553497","0.10728423960506916","0.7408984375","4c53bb6750a3104f470ad1b96786154f78bf0cbe1b60167db09b4a54ecfb8f6c","0.4605493863237873","custom","84307","306","54007","1.0","64007","0.49717289364980893","True","11.699210800026776","sent140-account-task-v1",""
"6","1.0","1","0.01234283601514932","plan-c","1.0","0.7329395797848701","full-identity-reference","1400","fd71c15ddc3961014394159804ccc9456799244cd85c04f8c04f152404b1708a","25600","sent140","1e-05","0.0","0","0","1.0","4.0","74007","controlled","0.046567352414131166","19456","0.0","1.0","oracle","","0","0","1f1eaa09c19bcb2b059e3ae1b707e5db31eaa56ef568892d79e032c1a04cba04","2.237142857142857","full-identity-reference","user_macro_accuracy","0.5740952086555917","9.214933748786253","3154001","1.0","50","25600","1.0092058998998255","0.5","0.0","0.0","0.0","0","","ba8b47a98d61a2b84619036b375a4be3aaffb4d99ef87c0083f98b9c0998b89b","oracle-assumption","512.0","0.5292094865574742","0.518005540166205","0.5","0.26508111513624194","0.5","0.5","0.5","25600","0.0","0.0","0.0","5c392e852d73d3411667b305c2748f0ad1f5c920df10003ec809041209496f20","0.576271186440678","custom","84307","306","54007","1.0","64007","0.5740952086555917","True","9.654220800090116","sent140-account-task-v1",""
"6","1.0","1","0.0021109340721928815","plan-c","1.0","0.9999999833106995","primary","0","fd71c15ddc3961014394159804ccc9456799244cd85c04f8c04f152404b1708a","25600","sent140","1e-05","0.0","0","0","1.0","4.0","74007","controlled","0.07348337914794684","21739","0.0","1.0","this-work","0.0","2606","0","1f1eaa09c19bcb2b059e3ae1b707e5db31eaa56ef568892d79e032c1a04cba04","2.237142857142857","stable-local-fallback","user_macro_accuracy","0.5370275502051711","9.214933748786253","3154001","1.0","50","25600","0.14766720007173717","0.5","0.0","0.0","0.0","0","","ba8b47a98d61a2b84619036b375a4be3aaffb4d99ef87c0083f98b9c0998b89b","user-certified","512.0","0.5292094865574742","0.518005540166205","0.5","0.26508111513624194","0.5","0.5","0.5","25600","0.9999999833106995","0.07348337914794684","1.0","6d92beab7c4df2f7c177888d4541c0d257137ecfb163715916a0d7fbd3ac8ba0","0.5160724722384571","custom","84307","306","54007","1.0","64007","0.5370275502051711","True","20.904578699934063","sent140-account-task-v1",""
"6","1.0","1","0.006024365731459699","plan-c","1.0","0.6633120140433312","primary","0","fd71c15ddc3961014394159804ccc9456799244cd85c04f8c04f152404b1708a","6633","sent140","1e-05","7.190941000066232","25600","2223","0.2591015625","4.0","74007","controlled","0.10907543625682592","5804","0.0","1.0","this-work","1.0","0","0","1f1eaa09c19bcb2b059e3ae1b707e5db31eaa56ef568892d79e032c1a04cba04","2.237142857142857","handle-only-drop-residual","user_macro_accuracy","0.5020860880942535","9.214933748786253","3154001","1.0","50","6633","0.07460059996810742","0.5","0.6633120140433312","0.02116041369503364","0.2591015625","700","","ba8b47a98d61a2b84619036b375a4be3aaffb4d99ef87c0083f98b9c0998b89b","user-certified","512.0","0.5292094865574742","0.518005540166205","0.5","0.26508111513624194","0.5","0.5","0.5","25600","0.0","0.09043883536010981","0.0","83f3c7dc8c0a772a9df7f63def671c1182d542f36af76109944864eaaa64ab39","0.4640561075394506","custom","84307","306","54007","1.0","64007","0.5020860880942535","True","9.699499199952697","sent140-account-task-v1",""
"6","1.0","1","0.00334491262688244","plan-delta","2.0","0.9653405678272248","primary","0","fd71c15ddc3961014394159804ccc9456799244cd85c04f8c04f152404b1708a","25600","sent140","1e-05","0.0","0","0","1.0","4.0","74007","controlled","0.30989365991204976","22302","0.0","1.0","this-work","","2223","0","1f1eaa09c19bcb2b059e3ae1b707e5db31eaa56ef568892d79e032c1a04cba04","2.237142857142857","naive-recalibrated-2c","user_macro_accuracy","0.5121123975374984","9.214933748786253","3154001","2.0","50","25600","0.07293480006046593","0.5","0.8649996396154165","0.07202521455474198","0.2591015625","700","","ba8b47a98d61a2b84619036b375a4be3aaffb4d99ef87c0083f98b9c0998b89b","user-certified","512.0","0.5292094865574742","0.518005540166205","0.5","0.26508111513624194","0.5","0.5","0.5","25600","0.9999999916553497","0.24050752375274898","0.7408984375","9d9185b958096b90fd70b2cc177ea3f6dadaf99f1cef9a2c8444406f0f7f91dd","0.48158971361776737","custom","84307","306","54007","2.0","64007","0.5121123975374984","True","9.532731099927332","sent140-account-task-v1",""
"6","1.0","1","0.005348930244692258","plan-c","1.0","0.9530737030506135","diagnostic","0","4c7711ae1f06c1e41f67d4db187db4021c2b13667971df696ec3a7f928bdfab0","25600","sent140","1e-05","0.0","0","0","1.0","4.0","74008","controlled","0.05995200373232365","22180","0.0","1.0","this-work","0.9","2192","0","7631d9aac5843a46a2db31caafc884cf743d2c69560ae4c5109c96e8c08298f8","2.0414285714285714","unitscope-lambda-sweep","user_macro_accuracy","0.5175066597585505","9.214933748786253","3164001","1.0","50","25600","0.09131129999877885","0.5","0.8168707024306059","0.012991547053679824","0.249140625","700","","ba8b47a98d61a2b84619036b375a4be3aaffb4d99ef87c0083f98b9c0998b89b","user-certified","512.0","0.5312878768290533","0.5215935721459658","0.5","0.24975953831356204","0.5","0.5","0.5","25600","0.9999999904632568","0.051765521578490736","0.750859375","1dc7dcfdf0f9989f544b9de1a58411c583012e2a31e53f4266d30814af0a720d","0.45181765724177725","custom","84308","307","54008","1.0","64008","0.5175066597585505","True","10.142620099999476","sent140-account-task-v1",""
"6","1.0","1","0.011069610760537552","plan-c","1.0","0.6290088933706284","full-identity-reference","1400","4c7711ae1f06c1e41f67d4db187db4021c2b13667971df696ec3a7f928bdfab0","25600","sent140","1e-05","0.0","0","0","1.0","4.0","74008","controlled","0.07717457346618176","19569","0.0","1.0","oracle","","0","0","7631d9aac5843a46a2db31caafc884cf743d2c69560ae4c5109c96e8c08298f8","2.0414285714285714","full-identity-reference","user_macro_accuracy","0.5281836269137584","9.214933748786253","3164001","1.0","50","25600","0.942021599970758","0.5","0.0","0.0","0.0","0","","ba8b47a98d61a2b84619036b375a4be3aaffb4d99ef87c0083f98b9c0998b89b","oracle-assumption","512.0","0.5312878768290533","0.5215935721459658","0.5","0.24975953831356204","0.5","0.5","0.5","25600","0.0","0.0","0.0","69fa9d6525f3befbfa34547af386390d5959e9f9551efb20c209ed1688720f65","0.4697057126370456","custom","84308","307","54008","1.0","64008","0.5281836269137584","True","9.660100700042676","sent140-account-task-v1",""
"6","1.0","1","0.002069049960128802","plan-c","1.0","0.9999999690055847","primary","0","4c7711ae1f06c1e41f67d4db187db4021c2b13667971df696ec3a7f928bdfab0","25600","sent140","1e-05","0.0","0","0","1.0","4.0","74008","controlled","0.051044045351445674","21579","0.0","1.0","this-work","0.0","2598","0","7631d9aac5843a46a2db31caafc884cf743d2c69560ae4c5109c96e8c08298f8","2.0414285714285714","stable-local-fallback","user_macro_accuracy","0.5224443361973728","9.214933748786253","3164001","1.0","50","25600","0.14740230003371835","0.5","0.0","0.0","0.0","0","","ba8b47a98d61a2b84619036b375a4be3aaffb4d99ef87c0083f98b9c0998b89b","user-certified","512.0","0.5312878768290533","0.5215935721459658","0.5","0.24975953831356204","0.5","0.5","0.5","25600","0.9999999690055847","0.051044045351445674","1.0","70afdb2f6fcc0174eacac3c869e04922378baf496ca0bc3e53b347e44666333f","0.48586266589728794","custom","84308","307","54008","1.0","64008","0.5224443361973728","True","9.70112639994477","sent140-account-task-v1",""
"6","1.0","1","0.003214517161926321","plan-delta","2.0","0.9627611637115479","primary","0","4c7711ae1f06c1e41f67d4db187db4021c2b13667971df696ec3a7f928bdfab0","25600","sent140","1e-05","0.0","0","0","1.0","4.0","74008","controlled","0.14194244563579558","22180","0.0","1.0","this-work","","2192","0","7631d9aac5843a46a2db31caafc884cf743d2c69560ae4c5109c96e8c08298f8","2.0414285714285714","naive-recalibrated-2c","user_macro_accuracy","0.5125609706046322","9.214933748786253","3164001","2.0","50","25600","0.07599420013139024","0.5","0.855284630060196","0.03351111042778939","0.249140625","700","","ba8b47a98d61a2b84619036b375a4be3aaffb4d99ef87c0083f98b9c0998b89b","user-certified","512.0","0.5312878768290533","0.5215935721459658","0.5","0.24975953831356204","0.5","0.5","0.5","25600","0.9999999904632568","0.11468243476003409","0.750859375","7dbe5465ac4415c517d6307a14b95c28caa5103cb5bb75038d17ab7df68107f3","0.47143681477207156","custom","84308","307","54008","2.0","64008","0.5125609706046322","True","9.769778799876804","sent140-account-task-v1",""
"6","1.0","1","0.0057860200608645255","plan-c","1.0","0.5926773305237293","primary","0","4c7711ae1f06c1e41f67d4db187db4021c2b13667971df696ec3a7f928bdfab0","6378","sent140","1e-05","7.255825200059917","25600","2192","0.249140625","4.0","74008","controlled","0.05916046679019928","5686","0.0","1.0","this-work","1.0","0","0","7631d9aac5843a46a2db31caafc884cf743d2c69560ae4c5109c96e8c08298f8","2.0414285714285714","handle-only-drop-residual","user_macro_accuracy","0.5187566597585505","9.214933748786253","3164001","1.0","50","6378","0.07214439997915179","0.5","0.5926773305237293","0.012361292550340295","0.249140625","700","","ba8b47a98d61a2b84619036b375a4be3aaffb4d99ef87c0083f98b9c0998b89b","user-certified","512.0","0.5312878768290533","0.5215935721459658","0.5","0.24975953831356204","0.5","0.5","0.5","25600","0.0","0.051431068107485774","0.0","df5cd49f769f1e2822e68a836c6d4aa170f812dd224eeea050bfa374edb3693d","0.45239469128678594","custom","84308","307","54008","1.0","64008","0.5187566597585505","True","9.87740779996966","sent140-account-task-v1",""
"6","1.0","1","0.005179625141051735","plan-c","1.0","0.9640691876411438","diagnostic","0","8595c4793b963ebd86cd30d6fc694e14d075ba18d4a01fa43ddcf70927dd8bfd","25600","sent140","1e-05","0.0","0","0","1.0","4.0","74009","controlled","0.09373597353696823","22466","0.0","1.0","this-work","0.9","2170","0","7cac62f1f9e40f89ebe305a2a650220b950804aa9e9ec5f2d6537337ccf57c27","2.097142857142857","unitscope-lambda-sweep","user_macro_accuracy","0.5327791848888985","9.214933748786253","3174001","1.0","50","25600","0.06644870000309311","0.5","0.866548689007759","0.01592543403385207","0.259296875","700","","ba8b47a98d61a2b84619036b375a4be3aaffb4d99ef87c0083f98b9c0998b89b","user-certified","512.0","0.5284243860766181","0.5182146373482114","0.5","0.25834424083769636","0.5","0.5","0.5","25600","0.9999999833106995","0.08108506869524718","0.740703125","0bbb2142bd08b700509412ca9912683032597c2ff0cae11ebc16842717b110de","0.4893730074388948","custom","84309","308","54009","1.0","64009","0.5327791848888985","True","7.900426300009713","sent140-account-task-v1",""
"6","1.0","1","0.00565424817059112","plan-c","1.0","0.624168841689825","primary","0","8595c4793b963ebd86cd30d6fc694e14d075ba18d4a01fa43ddcf70927dd8bfd","6638","sent140","1e-05","5.4958769000077154","25600","2170","0.259296875","4.0","74009","controlled","0.0956014297157526","5870","0.0","1.0","this-work","1.0","0","0","7cac62f1f9e40f89ebe305a2a650220b950804aa9e9ec5f2d6537337ccf57c27","2.097142857142857","handle-only-drop-residual","user_macro_accuracy","0.5323435788282924","9.214933748786253","3174001","1.0","50","6638","0.06484790000831708","0.5","0.624168841689825","0.015434534582309424","0.259296875","700","","ba8b47a98d61a2b84619036b375a4be3aaffb4d99ef87c0083f98b9c0998b89b","user-certified","512.0","0.5284243860766181","0.5182146373482114","0.5","0.25834424083769636","0.5","0.5","0.5","25600","0.0","0.08304819878190756","0.0","0cc33bf914fb21e5392a229fff5ce69f8ce20bd682b13e7cc8beaeef80bf2885","0.48831030818278426","custom","84309","308","54009","1.0","64009","0.5323435788282924","True","8.005655299988575","sent140-account-task-v1",""
"6","1.0","1","0.011308312442765782","plan-c","1.0","0.6862460634112358","full-identity-reference","1400","8595c4793b963ebd86cd30d6fc694e14d075ba18d4a01fa43ddcf70927dd8bfd","25600","sent140","1e-05","0.0","0","0","1.0","4.0","74009","controlled","0.029248079238459467","19624","0.0","1.0","oracle","","0","0","7cac62f1f9e40f89ebe305a2a650220b950804aa9e9ec5f2d6537337ccf57c27","2.097142857142857","full-identity-reference","user_macro_accuracy","0.4864063088936348","9.214933748786253","3174001","1.0","50","25600","0.9084536998998374","0.5","0.0","0.0","0.0","0","","ba8b47a98d61a2b84619036b375a4be3aaffb4d99ef87c0083f98b9c0998b89b","oracle-assumption","512.0","0.5284243860766181","0.5182146373482114","0.5","0.25834424083769636","0.5","0.5","0.5","25600","0.0","0.0","0.0","22bf18ace408f069eee8216b225d123ee5014345d91e389e0fd5a1d1717e4701","0.5292242295430393","custom","84309","308","54009","1.0","64009","0.4864063088936348","True","7.907655400107615","sent140-account-task-v1",""
"6","1.0","1","0.002026337032635833","plan-c","1.0","0.9999999821186065","primary","0","8595c4793b963ebd86cd30d6fc694e14d075ba18d4a01fa43ddcf70927dd8bfd","25600","sent140","1e-05","0.0","0","0","1.0","4.0","74009","controlled","0.049704026728868485","21796","0.0","1.0","this-work","0.0","2534","0","7cac62f1f9e40f89ebe305a2a650220b950804aa9e9ec5f2d6537337ccf57c27","2.097142857142857","stable-local-fallback","user_macro_accuracy","0.5041994523847755","9.214933748786253","3174001","1.0","50","25600","0.06290750004700385","0.5","0.0","0.0","0.0","0","","ba8b47a98d61a2b84619036b375a4be3aaffb4d99ef87c0083f98b9c0998b89b","user-certified","512.0","0.5284243860766181","0.5182146373482114","0.5","0.25834424083769636","0.5","0.5","0.5","25600","0.9999999821186065","0.049704026728868485","1.0","488c3312501b0cfddf127dcf5eac812485f8a5ebf70615d81bc56a47b99f1030","0.538788522848034","custom","84309","308","54009","1.0","64009","0.5041994523847755","True","9.065165099949809","sent140-account-task-v1",""
"6","1.0","1","0.0032052949864774236","plan-delta","2.0","0.9742155480384826","primary","0","8595c4793b963ebd86cd30d6fc694e14d075ba18d4a01fa43ddcf70927dd8bfd","25600","sent140","1e-05","0.0","0","0","1.0","4.0","74009","controlled","0.12233951393514872","22466","0.0","1.0","this-work","","2170","0","7cac62f1f9e40f89ebe305a2a650220b950804aa9e9ec5f2d6537337ccf57c27","2.097142857142857","naive-recalibrated-2c","user_macro_accuracy","0.5556448357874925","9.214933748786253","3174001","2.0","50","25600","0.06799059992772527","0.5","0.9058805948495865","0.03295779107138515","0.259296875","700","","ba8b47a98d61a2b84619036b375a4be3aaffb4d99ef87c0083f98b9c0998b89b","user-certified","512.0","0.5284243860766181","0.5182146373482114","0.5","0.25834424083769636","0.5","0.5","0.5","25600","0.9999999833106995","0.09773913629353047","0.740703125","777dad7bd4c4b5ee08a8cd0d65f81a7b74940f2fdf8f914b83dddd11ae047419","0.5393198724760893","custom","84309","308","54009","2.0","64009","0.5556448357874925","True","8.039043200056767","sent140-account-task-v1",""
"6","1.0","1","0.0033720825108218932","plan-delta","2.0","0.9633522450923919","primary","0","7021bad7ab501f13083693218321b8af5b81671b78e52890969a412c2fd9f353","25600","sent140","1e-05","0.0","0","0","1.0","4.0","74010","controlled","0.13791880056262015","22445","0.0","1.0","this-work","","2189","0","9ecdab9c9e7f0fa56a75659611fc500539897b48a42ceb36091f1ee97c75c859","2.1742857142857144","naive-recalibrated-2c","user_macro_accuracy","0.5393376997694026","9.214933748786253","3184001","2.0","50","25600","0.06813670007977635","0.5","0.8632007358968258","0.030249895935412496","0.2648046875","700","","ba8b47a98d61a2b84619036b375a4be3aaffb4d99ef87c0083f98b9c0998b89b","user-certified","512.0","0.5288392577429286","0.5183544303797468","0.5","0.26526315789473687","0.5","0.5","0.5","25600","0.9999999916553497","0.11395622402429581","0.7351953125","14b2f550e7e4e2ca61b984d64a823e168f4b65dc831092fab9939ff4250fe490","0.5268103924820343","custom","84310","309","54010","2.0","64010","0.5393376997694026","True","7.934764399920823","sent140-account-task-v1",""
"6","1.0","1","0.011856977804434132","plan-c","1.0","0.6653426653146743","full-identity-reference","1400","7021bad7ab501f13083693218321b8af5b81671b78e52890969a412c2fd9f353","25600","sent140","1e-05","0.0","0","0","1.0","4.0","74010","controlled","0.06024229136295617","19560","0.0","1.0","oracle","","0","0","9ecdab9c9e7f0fa56a75659611fc500539897b48a42ceb36091f1ee97c75c859","2.1742857142857144","full-identity-reference","user_macro_accuracy","0.4447600975385761","9.214933748786253","3184001","1.0","50","25600","0.9084758999815676","0.5","0.0","0.0","0.0","0","","ba8b47a98d61a2b84619036b375a4be3aaffb4d99ef87c0083f98b9c0998b89b","oracle-assumption","512.0","0.5288392577429286","0.5183544303797468","0.5","0.26526315789473687","0.5","0.5","0.5","25600","0.0","0.0","0.0","4210a118a8d7e7ee5b060c3be3143457b2681d0a93d14a22df711b2c46e1f6b8","0.476506357103372","custom","84310","309","54010","1.0","64010","0.4447600975385761","True","8.038121900026454","sent140-account-task-v1",""
"6","1.0","1","0.005113309310124226","plan-c","1.0","0.9443981444835663","diagnostic","0","7021bad7ab501f13083693218321b8af5b81671b78e52890969a412c2fd9f353","25600","sent140","1e-05","0.0","0","0","1.0","4.0","74010","controlled","0.11742068052291871","22445","0.0","1.0","this-work","0.9","2189","0","9ecdab9c9e7f0fa56a75659611fc500539897b48a42ceb36091f1ee97c75c859","2.1742857142857144","unitscope-lambda-sweep","user_macro_accuracy","0.5725927297077209","9.214933748786253","3184001","1.0","50","25600","0.06966479992843233","0.5","0.7910908310115338","0.020273927447851746","0.2648046875","700","","ba8b47a98d61a2b84619036b375a4be3aaffb4d99ef87c0083f98b9c0998b89b","user-certified","512.0","0.5288392577429286","0.5183544303797468","0.5","0.26526315789473687","0.5","0.5","0.5","25600","0.9999999916553497","0.09879140622913837","0.7351953125","61467e328298430d0a45a98e64d55f2a93707ac1639162c567a5444937cf44f5","0.5406301824212272","custom","84310","309","54010","1.0","64010","0.5725927297077209","True","8.033375500061084","sent140-account-task-v1",""
"6","1.0","1","0.0025877598868027014","plan-c","1.0","0.9999999856948852","primary","0","7021bad7ab501f13083693218321b8af5b81671b78e52890969a412c2fd9f353","25600","sent140","1e-05","0.0","0","0","1.0","4.0","74010","controlled","0.07036367122083903","21778","0.0","1.0","this-work","0.0","2587","0","9ecdab9c9e7f0fa56a75659611fc500539897b48a42ceb36091f1ee97c75c859","2.1742857142857144","stable-local-fallback","user_macro_accuracy","0.46944455364816867","9.214933748786253","3184001","1.0","50","25600","0.13651680000475608","0.5","0.0","0.0","0.0","0","","ba8b47a98d61a2b84619036b375a4be3aaffb4d99ef87c0083f98b9c0998b89b","user-certified","512.0","0.5288392577429286","0.5183544303797468","0.5","0.26526315789473687","0.5","0.5","0.5","25600","0.9999999856948852","0.07036367122083903","1.0","9179be1e9825853b2a84a3684c7634e058a0ed115f36ea7d03d08bad225e2404","0.4897733554449972","custom","84310","309","54010","1.0","64010","0.46944455364816867","True","9.048856400011573","sent140-account-task-v1",""
"6","1.0","1","0.005629889681447415","plan-c","1.0","0.6289893046021462","primary","0","7021bad7ab501f13083693218321b8af5b81671b78e52890969a412c2fd9f353","6779","sent140","1e-05","5.52786209990154","25600","2189","0.2648046875","4.0","74010","controlled","0.0926237765327096","5884","0.0","1.0","this-work","1.0","0","0","9ecdab9c9e7f0fa56a75659611fc500539897b48a42ceb36091f1ee97c75c859","2.1742857142857144","handle-only-drop-residual","user_macro_accuracy","0.5678941591810253","9.214933748786253","3184001","1.0","50","6779","0.06514800008153543","0.5","0.6289893046021462","0.012637667888775468","0.2648046875","700","","ba8b47a98d61a2b84619036b375a4be3aaffb4d99ef87c0083f98b9c0998b89b","user-certified","512.0","0.5288392577429286","0.5183544303797468","0.5","0.26526315789473687","0.5","0.5","0.5","25600","0.0","0.08228679273277521","0.0","ca0151f024047f1138885cfe1772c01ae139c2df3fd8cadda7c8b15f20b23b3a","0.5367606412382532","custom","84310","309","54010","1.0","64010","0.5678941591810253","True","8.064093100023456","sent140-account-task-v1",""
