"family","dataset","dirichlet_alpha","seed","method","round","metric_name","metric_value"
"credible-accuracy-epsilon8-v1","femnist","","120","naive-recalibrated-2c","0","user_macro_accuracy","0.09779017857142858"
"credible-accuracy-epsilon8-v1","femnist","","120","naive-recalibrated-2c","10","user_macro_accuracy","0.09982142857142857"
"credible-accuracy-epsilon8-v1","femnist","","120","naive-recalibrated-2c","20","user_macro_accuracy","0.09984375"
"credible-accuracy-epsilon8-v1","femnist","","120","naive-recalibrated-2c","30","user_macro_accuracy","0.20232142857142857"
"credible-accuracy-epsilon8-v1","femnist","","120","naive-recalibrated-2c","40","user_macro_accuracy","0.2128125"
"credible-accuracy-epsilon8-v1","femnist","","120","naive-recalibrated-2c","50","user_macro_accuracy","0.2429017857142857"
"credible-accuracy-epsilon8-v1","femnist","","120","unitscope-lambda-sweep","0","user_macro_accuracy","0.09779017857142858"
"credible-accuracy-epsilon8-v1","femnist","","120","unitscope-lambda-sweep","10","user_macro_accuracy","0.10540178571428571"
"credible-accuracy-epsilon8-v1","femnist","","120","unitscope-lambda-sweep","20","user_macro_accuracy","0.1709375"
"credible-accuracy-epsilon8-v1","femnist","","120","unitscope-lambda-sweep","30","user_macro_accuracy","0.22466517857142856"
"credible-accuracy-epsilon8-v1","femnist","","120","unitscope-lambda-sweep","40","user_macro_accuracy","0.24232142857142858"
"credible-accuracy-epsilon8-v1","femnist","","120","unitscope-lambda-sweep","50","user_macro_accuracy","0.31729910714285714"
"credible-accuracy-epsilon8-v1","femnist","","120","handle-only-drop-residual","0","user_macro_accuracy","0.09779017857142858"
"credible-accuracy-epsilon8-v1","femnist","","120","handle-only-drop-residual","10","user_macro_accuracy","0.11004464285714284"
"credible-accuracy-epsilon8-v1","femnist","","120","handle-only-drop-residual","20","user_macro_accuracy","0.17332589285714284"
"credible-accuracy-epsilon8-v1","femnist","","120","handle-only-drop-residual","30","user_macro_accuracy","0.22716517857142857"
"credible-accuracy-epsilon8-v1","femnist","","120","handle-only-drop-residual","40","user_macro_accuracy","0.25357142857142856"
"credible-accuracy-epsilon8-v1","femnist","","120","handle-only-drop-residual","50","user_macro_accuracy","0.32859375"
"credible-accuracy-epsilon8-v1","femnist","","120","stable-local-fallback","0","user_macro_accuracy","0.09779017857142858"
"credible-accuracy-epsilon8-v1","femnist","","120","stable-local-fallback","10","user_macro_accuracy","0.09810267857142857"
"credible-accuracy-epsilon8-v1","femnist","","120","stable-local-fallback","20","user_macro_accuracy","0.10875"
"credible-accuracy-epsilon8-v1","femnist","","120","stable-local-fallback","30","user_macro_accuracy","0.15212053571428572"
"credible-accuracy-epsilon8-v1","femnist","","120","stable-local-fallback","40","user_macro_accuracy","0.1427901785714286"
"credible-accuracy-epsilon8-v1","femnist","","120","stable-local-fallback","50","user_macro_accuracy","0.1889732142857143"
"credible-accuracy-epsilon8-v1","femnist","","121","stable-local-fallback","0","user_macro_accuracy","0.10310267857142857"
"credible-accuracy-epsilon8-v1","femnist","","121","stable-local-fallback","10","user_macro_accuracy","0.10325892857142857"
"credible-accuracy-epsilon8-v1","femnist","","121","stable-local-fallback","20","user_macro_accuracy","0.10879464285714285"
"credible-accuracy-epsilon8-v1","femnist","","121","stable-local-fallback","30","user_macro_accuracy","0.1621205357142857"
"credible-accuracy-epsilon8-v1","femnist","","121","stable-local-fallback","40","user_macro_accuracy","0.14176339285714284"
"credible-accuracy-epsilon8-v1","femnist","","121","stable-local-fallback","50","user_macro_accuracy","0.15848214285714285"
"credible-accuracy-epsilon8-v1","femnist","","121","naive-recalibrated-2c","0","user_macro_accuracy","0.10310267857142857"
"credible-accuracy-epsilon8-v1","femnist","","121","naive-recalibrated-2c","10","user_macro_accuracy","0.10654017857142857"
"credible-accuracy-epsilon8-v1","femnist","","121","naive-recalibrated-2c","20","user_macro_accuracy","0.13676339285714284"
"credible-accuracy-epsilon8-v1","femnist","","121","naive-recalibrated-2c","30","user_macro_accuracy","0.2091517857142857"
"credible-accuracy-epsilon8-v1","femnist","","121","naive-recalibrated-2c","40","user_macro_accuracy","0.20020089285714285"
"credible-accuracy-epsilon8-v1","femnist","","121","naive-recalibrated-2c","50","user_macro_accuracy","0.18582589285714285"
"credible-accuracy-epsilon8-v1","femnist","","121","unitscope-lambda-sweep","0","user_macro_accuracy","0.10310267857142857"
"credible-accuracy-epsilon8-v1","femnist","","121","unitscope-lambda-sweep","10","user_macro_accuracy","0.10310267857142857"
"credible-accuracy-epsilon8-v1","femnist","","121","unitscope-lambda-sweep","20","user_macro_accuracy","0.11426339285714285"
"credible-accuracy-epsilon8-v1","femnist","","121","unitscope-lambda-sweep","30","user_macro_accuracy","0.21439732142857143"
"credible-accuracy-epsilon8-v1","femnist","","121","unitscope-lambda-sweep","40","user_macro_accuracy","0.11566964285714285"
"credible-accuracy-epsilon8-v1","femnist","","121","unitscope-lambda-sweep","50","user_macro_accuracy","0.18080357142857142"
"credible-accuracy-epsilon8-v1","femnist","","121","handle-only-drop-residual","0","user_macro_accuracy","0.10310267857142857"
"credible-accuracy-epsilon8-v1","femnist","","121","handle-only-drop-residual","10","user_macro_accuracy","0.10341517857142858"
"credible-accuracy-epsilon8-v1","femnist","","121","handle-only-drop-residual","20","user_macro_accuracy","0.11332589285714284"
"credible-accuracy-epsilon8-v1","femnist","","121","handle-only-drop-residual","30","user_macro_accuracy","0.22111607142857143"
"credible-accuracy-epsilon8-v1","femnist","","121","handle-only-drop-residual","40","user_macro_accuracy","0.11551339285714285"
"credible-accuracy-epsilon8-v1","femnist","","121","handle-only-drop-residual","50","user_macro_accuracy","0.18283482142857144"
"credible-accuracy-epsilon8-v1","femnist","","122","unitscope-lambda-sweep","0","user_macro_accuracy","0.1"
"credible-accuracy-epsilon8-v1","femnist","","122","unitscope-lambda-sweep","10","user_macro_accuracy","0.10046875"
"credible-accuracy-epsilon8-v1","femnist","","122","unitscope-lambda-sweep","20","user_macro_accuracy","0.09390625"
"credible-accuracy-epsilon8-v1","femnist","","122","unitscope-lambda-sweep","30","user_macro_accuracy","0.1103125"
"credible-accuracy-epsilon8-v1","femnist","","122","unitscope-lambda-sweep","40","user_macro_accuracy","0.12921875"
"credible-accuracy-epsilon8-v1","femnist","","122","unitscope-lambda-sweep","50","user_macro_accuracy","0.1075"
"credible-accuracy-epsilon8-v1","femnist","","122","naive-recalibrated-2c","0","user_macro_accuracy","0.1"
"credible-accuracy-epsilon8-v1","femnist","","122","naive-recalibrated-2c","10","user_macro_accuracy","0.171875"
"credible-accuracy-epsilon8-v1","femnist","","122","naive-recalibrated-2c","20","user_macro_accuracy","0.11078125"
"credible-accuracy-epsilon8-v1","femnist","","122","naive-recalibrated-2c","30","user_macro_accuracy","0.10984375"
"credible-accuracy-epsilon8-v1","femnist","","122","naive-recalibrated-2c","40","user_macro_accuracy","0.1675"
"credible-accuracy-epsilon8-v1","femnist","","122","naive-recalibrated-2c","50","user_macro_accuracy","0.175625"
"credible-accuracy-epsilon8-v1","femnist","","122","stable-local-fallback","0","user_macro_accuracy","0.1"
"credible-accuracy-epsilon8-v1","femnist","","122","stable-local-fallback","10","user_macro_accuracy","0.0990625"
"credible-accuracy-epsilon8-v1","femnist","","122","stable-local-fallback","20","user_macro_accuracy","0.09109375"
"credible-accuracy-epsilon8-v1","femnist","","122","stable-local-fallback","30","user_macro_accuracy","0.07640625"
"credible-accuracy-epsilon8-v1","femnist","","122","stable-local-fallback","40","user_macro_accuracy","0.1071875"
"credible-accuracy-epsilon8-v1","femnist","","122","stable-local-fallback","50","user_macro_accuracy","0.11703125"
"credible-accuracy-epsilon8-v1","femnist","","122","handle-only-drop-residual","0","user_macro_accuracy","0.1"
"credible-accuracy-epsilon8-v1","femnist","","122","handle-only-drop-residual","10","user_macro_accuracy","0.10125"
"credible-accuracy-epsilon8-v1","femnist","","122","handle-only-drop-residual","20","user_macro_accuracy","0.0975"
"credible-accuracy-epsilon8-v1","femnist","","122","handle-only-drop-residual","30","user_macro_accuracy","0.11171875"
"credible-accuracy-epsilon8-v1","femnist","","122","handle-only-drop-residual","40","user_macro_accuracy","0.131875"
"credible-accuracy-epsilon8-v1","femnist","","122","handle-only-drop-residual","50","user_macro_accuracy","0.10546875"
"credible-accuracy-epsilon8-v1","femnist","","123","naive-recalibrated-2c","0","user_macro_accuracy","0.100625"
"credible-accuracy-epsilon8-v1","femnist","","123","naive-recalibrated-2c","10","user_macro_accuracy","0.09953125"
"credible-accuracy-epsilon8-v1","femnist","","123","naive-recalibrated-2c","20","user_macro_accuracy","0.111875"
"credible-accuracy-epsilon8-v1","femnist","","123","naive-recalibrated-2c","30","user_macro_accuracy","0.17953125"
"credible-accuracy-epsilon8-v1","femnist","","123","naive-recalibrated-2c","40","user_macro_accuracy","0.14609375"
"credible-accuracy-epsilon8-v1","femnist","","123","naive-recalibrated-2c","50","user_macro_accuracy","0.1971875"
"credible-accuracy-epsilon8-v1","femnist","","123","unitscope-lambda-sweep","0","user_macro_accuracy","0.100625"
"credible-accuracy-epsilon8-v1","femnist","","123","unitscope-lambda-sweep","10","user_macro_accuracy","0.12578125"
"credible-accuracy-epsilon8-v1","femnist","","123","unitscope-lambda-sweep","20","user_macro_accuracy","0.12390625"
"credible-accuracy-epsilon8-v1","femnist","","123","unitscope-lambda-sweep","30","user_macro_accuracy","0.20703125"
"credible-accuracy-epsilon8-v1","femnist","","123","unitscope-lambda-sweep","40","user_macro_accuracy","0.18171875"
"credible-accuracy-epsilon8-v1","femnist","","123","unitscope-lambda-sweep","50","user_macro_accuracy","0.25390625"
"credible-accuracy-epsilon8-v1","femnist","","123","stable-local-fallback","0","user_macro_accuracy","0.100625"
"credible-accuracy-epsilon8-v1","femnist","","123","stable-local-fallback","10","user_macro_accuracy","0.14390625"
"credible-accuracy-epsilon8-v1","femnist","","123","stable-local-fallback","20","user_macro_accuracy","0.1371875"
"credible-accuracy-epsilon8-v1","femnist","","123","stable-local-fallback","30","user_macro_accuracy","0.10546875"
"credible-accuracy-epsilon8-v1","femnist","","123","stable-local-fallback","40","user_macro_accuracy","0.2153125"
"credible-accuracy-epsilon8-v1","femnist","","123","stable-local-fallback","50","user_macro_accuracy","0.2059375"
"credible-accuracy-epsilon8-v1","femnist","","123","handle-only-drop-residual","0","user_macro_accuracy","0.100625"
"credible-accuracy-epsilon8-v1","femnist","","123","handle-only-drop-residual","10","user_macro_accuracy","0.115625"
"credible-accuracy-epsilon8-v1","femnist","","123","handle-only-drop-residual","20","user_macro_accuracy","0.1271875"
"credible-accuracy-epsilon8-v1","femnist","","123","handle-only-drop-residual","30","user_macro_accuracy","0.20828125"
"credible-accuracy-epsilon8-v1","femnist","","123","handle-only-drop-residual","40","user_macro_accuracy","0.17015625"
"credible-accuracy-epsilon8-v1","femnist","","123","handle-only-drop-residual","50","user_macro_accuracy","0.255"
"credible-accuracy-epsilon8-v1","femnist","","124","naive-recalibrated-2c","0","user_macro_accuracy","0.0978125"
"credible-accuracy-epsilon8-v1","femnist","","124","naive-recalibrated-2c","10","user_macro_accuracy","0.0928125"
"credible-accuracy-epsilon8-v1","femnist","","124","naive-recalibrated-2c","20","user_macro_accuracy","0.11921875"
"credible-accuracy-epsilon8-v1","femnist","","124","naive-recalibrated-2c","30","user_macro_accuracy","0.07046875"
"credible-accuracy-epsilon8-v1","femnist","","124","naive-recalibrated-2c","40","user_macro_accuracy","0.15875"
"credible-accuracy-epsilon8-v1","femnist","","124","naive-recalibrated-2c","50","user_macro_accuracy","0.0765625"
"credible-accuracy-epsilon8-v1","femnist","","124","handle-only-drop-residual","0","user_macro_accuracy","0.0978125"
"credible-accuracy-epsilon8-v1","femnist","","124","handle-only-drop-residual","10","user_macro_accuracy","0.098125"
"credible-accuracy-epsilon8-v1","femnist","","124","handle-only-drop-residual","20","user_macro_accuracy","0.095625"
"credible-accuracy-epsilon8-v1","femnist","","124","handle-only-drop-residual","30","user_macro_accuracy","0.1590625"
"credible-accuracy-epsilon8-v1","femnist","","124","handle-only-drop-residual","40","user_macro_accuracy","0.09734375"
"credible-accuracy-epsilon8-v1","femnist","","124","handle-only-drop-residual","50","user_macro_accuracy","0.12203125"
"credible-accuracy-epsilon8-v1","femnist","","124","unitscope-lambda-sweep","0","user_macro_accuracy","0.0978125"
"credible-accuracy-epsilon8-v1","femnist","","124","unitscope-lambda-sweep","10","user_macro_accuracy","0.095625"
"credible-accuracy-epsilon8-v1","femnist","","124","unitscope-lambda-sweep","20","user_macro_accuracy","0.095625"
"credible-accuracy-epsilon8-v1","femnist","","124","unitscope-lambda-sweep","30","user_macro_accuracy","0.14421875"
"credible-accuracy-epsilon8-v1","femnist","","124","unitscope-lambda-sweep","40","user_macro_accuracy","0.0971875"
"credible-accuracy-epsilon8-v1","femnist","","124","unitscope-lambda-sweep","50","user_macro_accuracy","0.12140625"
"credible-accuracy-epsilon8-v1","femnist","","124","stable-local-fallback","0","user_macro_accuracy","0.0978125"
"credible-accuracy-epsilon8-v1","femnist","","124","stable-local-fallback","10","user_macro_accuracy","0.09609375"
"credible-accuracy-epsilon8-v1","femnist","","124","stable-local-fallback","20","user_macro_accuracy","0.13859375"
"credible-accuracy-epsilon8-v1","femnist","","124","stable-local-fallback","30","user_macro_accuracy","0.07453125"
"credible-accuracy-epsilon8-v1","femnist","","124","stable-local-fallback","40","user_macro_accuracy","0.100625"
"credible-accuracy-epsilon8-v1","femnist","","124","stable-local-fallback","50","user_macro_accuracy","0.1028125"
"credible-accuracy-epsilon8-v1","femnist","","125","handle-only-drop-residual","0","user_macro_accuracy","0.1134375"
"credible-accuracy-epsilon8-v1","femnist","","125","handle-only-drop-residual","10","user_macro_accuracy","0.13265625"
"credible-accuracy-epsilon8-v1","femnist","","125","handle-only-drop-residual","20","user_macro_accuracy","0.16890625"
"credible-accuracy-epsilon8-v1","femnist","","125","handle-only-drop-residual","30","user_macro_accuracy","0.196875"
"credible-accuracy-epsilon8-v1","femnist","","125","handle-only-drop-residual","40","user_macro_accuracy","0.14703125"
"credible-accuracy-epsilon8-v1","femnist","","125","handle-only-drop-residual","50","user_macro_accuracy","0.3259375"
"credible-accuracy-epsilon8-v1","femnist","","125","naive-recalibrated-2c","0","user_macro_accuracy","0.1134375"
"credible-accuracy-epsilon8-v1","femnist","","125","naive-recalibrated-2c","10","user_macro_accuracy","0.11921875"
"credible-accuracy-epsilon8-v1","femnist","","125","naive-recalibrated-2c","20","user_macro_accuracy","0.23078125"
"credible-accuracy-epsilon8-v1","femnist","","125","naive-recalibrated-2c","30","user_macro_accuracy","0.20546875"
"credible-accuracy-epsilon8-v1","femnist","","125","naive-recalibrated-2c","40","user_macro_accuracy","0.255625"
"credible-accuracy-epsilon8-v1","femnist","","125","naive-recalibrated-2c","50","user_macro_accuracy","0.36421875"
"credible-accuracy-epsilon8-v1","femnist","","125","stable-local-fallback","0","user_macro_accuracy","0.1134375"
"credible-accuracy-epsilon8-v1","femnist","","125","stable-local-fallback","10","user_macro_accuracy","0.18796875"
"credible-accuracy-epsilon8-v1","femnist","","125","stable-local-fallback","20","user_macro_accuracy","0.16421875"
"credible-accuracy-epsilon8-v1","femnist","","125","stable-local-fallback","30","user_macro_accuracy","0.186875"
"credible-accuracy-epsilon8-v1","femnist","","125","stable-local-fallback","40","user_macro_accuracy","0.1221875"
"credible-accuracy-epsilon8-v1","femnist","","125","stable-local-fallback","50","user_macro_accuracy","0.21921875"
"credible-accuracy-epsilon8-v1","femnist","","125","unitscope-lambda-sweep","0","user_macro_accuracy","0.1134375"
"credible-accuracy-epsilon8-v1","femnist","","125","unitscope-lambda-sweep","10","user_macro_accuracy","0.134375"
"credible-accuracy-epsilon8-v1","femnist","","125","unitscope-lambda-sweep","20","user_macro_accuracy","0.168125"
"credible-accuracy-epsilon8-v1","femnist","","125","unitscope-lambda-sweep","30","user_macro_accuracy","0.19625"
"credible-accuracy-epsilon8-v1","femnist","","125","unitscope-lambda-sweep","40","user_macro_accuracy","0.13828125"
"credible-accuracy-epsilon8-v1","femnist","","125","unitscope-lambda-sweep","50","user_macro_accuracy","0.31359375"
"credible-accuracy-epsilon8-v1","femnist","","126","handle-only-drop-residual","0","user_macro_accuracy","0.088125"
"credible-accuracy-epsilon8-v1","femnist","","126","handle-only-drop-residual","10","user_macro_accuracy","0.09765625"
"credible-accuracy-epsilon8-v1","femnist","","126","handle-only-drop-residual","20","user_macro_accuracy","0.09375"
"credible-accuracy-epsilon8-v1","femnist","","126","handle-only-drop-residual","30","user_macro_accuracy","0.116875"
"credible-accuracy-epsilon8-v1","femnist","","126","handle-only-drop-residual","40","user_macro_accuracy","0.19703125"
"credible-accuracy-epsilon8-v1","femnist","","126","handle-only-drop-residual","50","user_macro_accuracy","0.191875"
"credible-accuracy-epsilon8-v1","femnist","","126","naive-recalibrated-2c","0","user_macro_accuracy","0.088125"
"credible-accuracy-epsilon8-v1","femnist","","126","naive-recalibrated-2c","10","user_macro_accuracy","0.09890625"
"credible-accuracy-epsilon8-v1","femnist","","126","naive-recalibrated-2c","20","user_macro_accuracy","0.11984375"
"credible-accuracy-epsilon8-v1","femnist","","126","naive-recalibrated-2c","30","user_macro_accuracy","0.1525"
"credible-accuracy-epsilon8-v1","femnist","","126","naive-recalibrated-2c","40","user_macro_accuracy","0.1496875"
"credible-accuracy-epsilon8-v1","femnist","","126","naive-recalibrated-2c","50","user_macro_accuracy","0.2065625"
"credible-accuracy-epsilon8-v1","femnist","","126","stable-local-fallback","0","user_macro_accuracy","0.088125"
"credible-accuracy-epsilon8-v1","femnist","","126","stable-local-fallback","10","user_macro_accuracy","0.09984375"
"credible-accuracy-epsilon8-v1","femnist","","126","stable-local-fallback","20","user_macro_accuracy","0.09453125"
"credible-accuracy-epsilon8-v1","femnist","","126","stable-local-fallback","30","user_macro_accuracy","0.080625"
"credible-accuracy-epsilon8-v1","femnist","","126","stable-local-fallback","40","user_macro_accuracy","0.20984375"
"credible-accuracy-epsilon8-v1","femnist","","126","stable-local-fallback","50","user_macro_accuracy","0.12953125"
"credible-accuracy-epsilon8-v1","femnist","","126","unitscope-lambda-sweep","0","user_macro_accuracy","0.088125"
"credible-accuracy-epsilon8-v1","femnist","","126","unitscope-lambda-sweep","10","user_macro_accuracy","0.09828125"
"credible-accuracy-epsilon8-v1","femnist","","126","unitscope-lambda-sweep","20","user_macro_accuracy","0.09390625"
"credible-accuracy-epsilon8-v1","femnist","","126","unitscope-lambda-sweep","30","user_macro_accuracy","0.11796875"
"credible-accuracy-epsilon8-v1","femnist","","126","unitscope-lambda-sweep","40","user_macro_accuracy","0.1875"
"credible-accuracy-epsilon8-v1","femnist","","126","unitscope-lambda-sweep","50","user_macro_accuracy","0.1809375"
"credible-accuracy-epsilon8-v1","femnist","","127","stable-local-fallback","0","user_macro_accuracy","0.11625"
"credible-accuracy-epsilon8-v1","femnist","","127","stable-local-fallback","10","user_macro_accuracy","0.10421875"
"credible-accuracy-epsilon8-v1","femnist","","127","stable-local-fallback","20","user_macro_accuracy","0.10234375"
"credible-accuracy-epsilon8-v1","femnist","","127","stable-local-fallback","30","user_macro_accuracy","0.1025"
"credible-accuracy-epsilon8-v1","femnist","","127","stable-local-fallback","40","user_macro_accuracy","0.09734375"
"credible-accuracy-epsilon8-v1","femnist","","127","stable-local-fallback","50","user_macro_accuracy","0.1578125"
"credible-accuracy-epsilon8-v1","femnist","","127","handle-only-drop-residual","0","user_macro_accuracy","0.11625"
"credible-accuracy-epsilon8-v1","femnist","","127","handle-only-drop-residual","10","user_macro_accuracy","0.10421875"
"credible-accuracy-epsilon8-v1","femnist","","127","handle-only-drop-residual","20","user_macro_accuracy","0.10375"
"credible-accuracy-epsilon8-v1","femnist","","127","handle-only-drop-residual","30","user_macro_accuracy","0.13453125"
"credible-accuracy-epsilon8-v1","femnist","","127","handle-only-drop-residual","40","user_macro_accuracy","0.13421875"
"credible-accuracy-epsilon8-v1","femnist","","127","handle-only-drop-residual","50","user_macro_accuracy","0.1890625"
"credible-accuracy-epsilon8-v1","femnist","","127","naive-recalibrated-2c","0","user_macro_accuracy","0.11625"
"credible-accuracy-epsilon8-v1","femnist","","127","naive-recalibrated-2c","10","user_macro_accuracy","0.10421875"
"credible-accuracy-epsilon8-v1","femnist","","127","naive-recalibrated-2c","20","user_macro_accuracy","0.07359375"
"credible-accuracy-epsilon8-v1","femnist","","127","naive-recalibrated-2c","30","user_macro_accuracy","0.12796875"
"credible-accuracy-epsilon8-v1","femnist","","127","naive-recalibrated-2c","40","user_macro_accuracy","0.1640625"
"credible-accuracy-epsilon8-v1","femnist","","127","naive-recalibrated-2c","50","user_macro_accuracy","0.20625"
"credible-accuracy-epsilon8-v1","femnist","","127","unitscope-lambda-sweep","0","user_macro_accuracy","0.11625"
"credible-accuracy-epsilon8-v1","femnist","","127","unitscope-lambda-sweep","10","user_macro_accuracy","0.10421875"
"credible-accuracy-epsilon8-v1","femnist","","127","unitscope-lambda-sweep","20","user_macro_accuracy","0.1034375"
"credible-accuracy-epsilon8-v1","femnist","","127","unitscope-lambda-sweep","30","user_macro_accuracy","0.1315625"
"credible-accuracy-epsilon8-v1","femnist","","127","unitscope-lambda-sweep","40","user_macro_accuracy","0.13890625"
"credible-accuracy-epsilon8-v1","femnist","","127","unitscope-lambda-sweep","50","user_macro_accuracy","0.18578125"
"credible-accuracy-epsilon8-v1","femnist","","128","handle-only-drop-residual","0","user_macro_accuracy","0.09731875000000001"
"credible-accuracy-epsilon8-v1","femnist","","128","handle-only-drop-residual","10","user_macro_accuracy","0.10078125"
"credible-accuracy-epsilon8-v1","femnist","","128","handle-only-drop-residual","20","user_macro_accuracy","0.11723125"
"credible-accuracy-epsilon8-v1","femnist","","128","handle-only-drop-residual","30","user_macro_accuracy","0.12180624999999999"
"credible-accuracy-epsilon8-v1","femnist","","128","handle-only-drop-residual","40","user_macro_accuracy","0.18928125"
"credible-accuracy-epsilon8-v1","femnist","","128","handle-only-drop-residual","50","user_macro_accuracy","0.17961875"
"credible-accuracy-epsilon8-v1","femnist","","128","naive-recalibrated-2c","0","user_macro_accuracy","0.09731875000000001"
"credible-accuracy-epsilon8-v1","femnist","","128","naive-recalibrated-2c","10","user_macro_accuracy","0.10521875"
"credible-accuracy-epsilon8-v1","femnist","","128","naive-recalibrated-2c","20","user_macro_accuracy","0.132275"
"credible-accuracy-epsilon8-v1","femnist","","128","naive-recalibrated-2c","30","user_macro_accuracy","0.129525"
"credible-accuracy-epsilon8-v1","femnist","","128","naive-recalibrated-2c","40","user_macro_accuracy","0.23153750000000003"
"credible-accuracy-epsilon8-v1","femnist","","128","naive-recalibrated-2c","50","user_macro_accuracy","0.24805624999999998"
"credible-accuracy-epsilon8-v1","femnist","","128","unitscope-lambda-sweep","0","user_macro_accuracy","0.09731875000000001"
"credible-accuracy-epsilon8-v1","femnist","","128","unitscope-lambda-sweep","10","user_macro_accuracy","0.0984375"
"credible-accuracy-epsilon8-v1","femnist","","128","unitscope-lambda-sweep","20","user_macro_accuracy","0.119575"
"credible-accuracy-epsilon8-v1","femnist","","128","unitscope-lambda-sweep","30","user_macro_accuracy","0.1098875"
"credible-accuracy-epsilon8-v1","femnist","","128","unitscope-lambda-sweep","40","user_macro_accuracy","0.19834375"
"credible-accuracy-epsilon8-v1","femnist","","128","unitscope-lambda-sweep","50","user_macro_accuracy","0.16961874999999998"
"credible-accuracy-epsilon8-v1","femnist","","128","stable-local-fallback","0","user_macro_accuracy","0.09731875000000001"
"credible-accuracy-epsilon8-v1","femnist","","128","stable-local-fallback","10","user_macro_accuracy","0.07665"
"credible-accuracy-epsilon8-v1","femnist","","128","stable-local-fallback","20","user_macro_accuracy","0.119575"
"credible-accuracy-epsilon8-v1","femnist","","128","stable-local-fallback","30","user_macro_accuracy","0.1027"
"credible-accuracy-epsilon8-v1","femnist","","128","stable-local-fallback","40","user_macro_accuracy","0.13294375"
"credible-accuracy-epsilon8-v1","femnist","","128","stable-local-fallback","50","user_macro_accuracy","0.118325"
"credible-accuracy-epsilon8-v1","femnist","","129","unitscope-lambda-sweep","0","user_macro_accuracy","0.09328125"
"credible-accuracy-epsilon8-v1","femnist","","129","unitscope-lambda-sweep","10","user_macro_accuracy","0.13609375"
"credible-accuracy-epsilon8-v1","femnist","","129","unitscope-lambda-sweep","20","user_macro_accuracy","0.12953125"
"credible-accuracy-epsilon8-v1","femnist","","129","unitscope-lambda-sweep","30","user_macro_accuracy","0.0965625"
"credible-accuracy-epsilon8-v1","femnist","","129","unitscope-lambda-sweep","40","user_macro_accuracy","0.16140625"
"credible-accuracy-epsilon8-v1","femnist","","129","unitscope-lambda-sweep","50","user_macro_accuracy","0.32765625"
"credible-accuracy-epsilon8-v1","femnist","","129","stable-local-fallback","0","user_macro_accuracy","0.09328125"
"credible-accuracy-epsilon8-v1","femnist","","129","stable-local-fallback","10","user_macro_accuracy","0.1196875"
"credible-accuracy-epsilon8-v1","femnist","","129","stable-local-fallback","20","user_macro_accuracy","0.1146875"
"credible-accuracy-epsilon8-v1","femnist","","129","stable-local-fallback","30","user_macro_accuracy","0.09703125"
"credible-accuracy-epsilon8-v1","femnist","","129","stable-local-fallback","40","user_macro_accuracy","0.25453125"
"credible-accuracy-epsilon8-v1","femnist","","129","stable-local-fallback","50","user_macro_accuracy","0.201875"
"credible-accuracy-epsilon8-v1","femnist","","129","naive-recalibrated-2c","0","user_macro_accuracy","0.09328125"
"credible-accuracy-epsilon8-v1","femnist","","129","naive-recalibrated-2c","10","user_macro_accuracy","0.1484375"
"credible-accuracy-epsilon8-v1","femnist","","129","naive-recalibrated-2c","20","user_macro_accuracy","0.1146875"
"credible-accuracy-epsilon8-v1","femnist","","129","naive-recalibrated-2c","30","user_macro_accuracy","0.18"
"credible-accuracy-epsilon8-v1","femnist","","129","naive-recalibrated-2c","40","user_macro_accuracy","0.22578125"
"credible-accuracy-epsilon8-v1","femnist","","129","naive-recalibrated-2c","50","user_macro_accuracy","0.32609375"
"credible-accuracy-epsilon8-v1","femnist","","129","handle-only-drop-residual","0","user_macro_accuracy","0.09328125"
"credible-accuracy-epsilon8-v1","femnist","","129","handle-only-drop-residual","10","user_macro_accuracy","0.14171875"
"credible-accuracy-epsilon8-v1","femnist","","129","handle-only-drop-residual","20","user_macro_accuracy","0.13015625"
"credible-accuracy-epsilon8-v1","femnist","","129","handle-only-drop-residual","30","user_macro_accuracy","0.09671875"
"credible-accuracy-epsilon8-v1","femnist","","129","handle-only-drop-residual","40","user_macro_accuracy","0.16640625"
"credible-accuracy-epsilon8-v1","femnist","","129","handle-only-drop-residual","50","user_macro_accuracy","0.33890625"
"credible-accuracy-epsilon8-v1","synthea","","120","unitscope-lambda-sweep","0","patient_or_user_auprc","0.183951051334389"
"credible-accuracy-epsilon8-v1","synthea","","120","unitscope-lambda-sweep","10","patient_or_user_auprc","0.1742173497637201"
"credible-accuracy-epsilon8-v1","synthea","","120","unitscope-lambda-sweep","20","patient_or_user_auprc","0.17810139545264617"
"credible-accuracy-epsilon8-v1","synthea","","120","unitscope-lambda-sweep","30","patient_or_user_auprc","0.1860011622613017"
"credible-accuracy-epsilon8-v1","synthea","","120","unitscope-lambda-sweep","40","patient_or_user_auprc","0.1964068346908398"
"credible-accuracy-epsilon8-v1","synthea","","120","unitscope-lambda-sweep","50","patient_or_user_auprc","0.20635764522903483"
"credible-accuracy-epsilon8-v1","synthea","","120","handle-only-drop-residual","0","patient_or_user_auprc","0.183951051334389"
"credible-accuracy-epsilon8-v1","synthea","","120","handle-only-drop-residual","10","patient_or_user_auprc","0.175021614056184"
"credible-accuracy-epsilon8-v1","synthea","","120","handle-only-drop-residual","20","patient_or_user_auprc","0.17976345504655133"
"credible-accuracy-epsilon8-v1","synthea","","120","handle-only-drop-residual","30","patient_or_user_auprc","0.18834903388859303"
"credible-accuracy-epsilon8-v1","synthea","","120","handle-only-drop-residual","40","patient_or_user_auprc","0.20180625800053176"
"credible-accuracy-epsilon8-v1","synthea","","120","handle-only-drop-residual","50","patient_or_user_auprc","0.21533966350024372"
"credible-accuracy-epsilon8-v1","synthea","","120","naive-recalibrated-2c","0","patient_or_user_auprc","0.183951051334389"
"credible-accuracy-epsilon8-v1","synthea","","120","naive-recalibrated-2c","10","patient_or_user_auprc","0.1753585339107689"
"credible-accuracy-epsilon8-v1","synthea","","120","naive-recalibrated-2c","20","patient_or_user_auprc","0.1812815427235596"
"credible-accuracy-epsilon8-v1","synthea","","120","naive-recalibrated-2c","30","patient_or_user_auprc","0.19282384972587924"
"credible-accuracy-epsilon8-v1","synthea","","120","naive-recalibrated-2c","40","patient_or_user_auprc","0.21464623655494658"
"credible-accuracy-epsilon8-v1","synthea","","120","naive-recalibrated-2c","50","patient_or_user_auprc","0.22679020073436648"
"credible-accuracy-epsilon8-v1","synthea","","120","stable-local-fallback","0","patient_or_user_auprc","0.183951051334389"
"credible-accuracy-epsilon8-v1","synthea","","120","stable-local-fallback","10","patient_or_user_auprc","0.17262979346928092"
"credible-accuracy-epsilon8-v1","synthea","","120","stable-local-fallback","20","patient_or_user_auprc","0.17280811092811843"
"credible-accuracy-epsilon8-v1","synthea","","120","stable-local-fallback","30","patient_or_user_auprc","0.1755683130854848"
"credible-accuracy-epsilon8-v1","synthea","","120","stable-local-fallback","40","patient_or_user_auprc","0.17800275815389216"
"credible-accuracy-epsilon8-v1","synthea","","120","stable-local-fallback","50","patient_or_user_auprc","0.178311204474254"
"credible-accuracy-epsilon8-v1","synthea","","121","unitscope-lambda-sweep","0","patient_or_user_auprc","0.23102452773658883"
"credible-accuracy-epsilon8-v1","synthea","","121","unitscope-lambda-sweep","10","patient_or_user_auprc","0.1899775630034741"
"credible-accuracy-epsilon8-v1","synthea","","121","unitscope-lambda-sweep","20","patient_or_user_auprc","0.20282236738732184"
"credible-accuracy-epsilon8-v1","synthea","","121","unitscope-lambda-sweep","30","patient_or_user_auprc","0.2131918040011846"
"credible-accuracy-epsilon8-v1","synthea","","121","unitscope-lambda-sweep","40","patient_or_user_auprc","0.2227804495407401"
"credible-accuracy-epsilon8-v1","synthea","","121","unitscope-lambda-sweep","50","patient_or_user_auprc","0.2501168623655725"
"credible-accuracy-epsilon8-v1","synthea","","121","naive-recalibrated-2c","0","patient_or_user_auprc","0.23102452773658883"
"credible-accuracy-epsilon8-v1","synthea","","121","naive-recalibrated-2c","10","patient_or_user_auprc","0.18583626341406143"
"credible-accuracy-epsilon8-v1","synthea","","121","naive-recalibrated-2c","20","patient_or_user_auprc","0.200145859638803"
"credible-accuracy-epsilon8-v1","synthea","","121","naive-recalibrated-2c","30","patient_or_user_auprc","0.22488202183560307"
"credible-accuracy-epsilon8-v1","synthea","","121","naive-recalibrated-2c","40","patient_or_user_auprc","0.24649287432517247"
"credible-accuracy-epsilon8-v1","synthea","","121","naive-recalibrated-2c","50","patient_or_user_auprc","0.26702483993457704"
"credible-accuracy-epsilon8-v1","synthea","","121","handle-only-drop-residual","0","patient_or_user_auprc","0.23102452773658883"
"credible-accuracy-epsilon8-v1","synthea","","121","handle-only-drop-residual","10","patient_or_user_auprc","0.19106229106779038"
"credible-accuracy-epsilon8-v1","synthea","","121","handle-only-drop-residual","20","patient_or_user_auprc","0.2057145524502133"
"credible-accuracy-epsilon8-v1","synthea","","121","handle-only-drop-residual","30","patient_or_user_auprc","0.21806904995963516"
"credible-accuracy-epsilon8-v1","synthea","","121","handle-only-drop-residual","40","patient_or_user_auprc","0.23033425036206767"
"credible-accuracy-epsilon8-v1","synthea","","121","handle-only-drop-residual","50","patient_or_user_auprc","0.25412967512082546"
"credible-accuracy-epsilon8-v1","synthea","","121","stable-local-fallback","0","patient_or_user_auprc","0.23102452773658883"
"credible-accuracy-epsilon8-v1","synthea","","121","stable-local-fallback","10","patient_or_user_auprc","0.17940913295510968"
"credible-accuracy-epsilon8-v1","synthea","","121","stable-local-fallback","20","patient_or_user_auprc","0.18676260618079088"
"credible-accuracy-epsilon8-v1","synthea","","121","stable-local-fallback","30","patient_or_user_auprc","0.19206696785728994"
"credible-accuracy-epsilon8-v1","synthea","","121","stable-local-fallback","40","patient_or_user_auprc","0.19713383365822912"
"credible-accuracy-epsilon8-v1","synthea","","121","stable-local-fallback","50","patient_or_user_auprc","0.20013968894282558"
"credible-accuracy-epsilon8-v1","synthea","","122","naive-recalibrated-2c","0","patient_or_user_auprc","0.23008426088357334"
"credible-accuracy-epsilon8-v1","synthea","","122","naive-recalibrated-2c","10","patient_or_user_auprc","0.22282054112702093"
"credible-accuracy-epsilon8-v1","synthea","","122","naive-recalibrated-2c","20","patient_or_user_auprc","0.2279591239087287"
"credible-accuracy-epsilon8-v1","synthea","","122","naive-recalibrated-2c","30","patient_or_user_auprc","0.21983011744723335"
"credible-accuracy-epsilon8-v1","synthea","","122","naive-recalibrated-2c","40","patient_or_user_auprc","0.22860504751134628"
"credible-accuracy-epsilon8-v1","synthea","","122","naive-recalibrated-2c","50","patient_or_user_auprc","0.2584107817327689"
"credible-accuracy-epsilon8-v1","synthea","","122","stable-local-fallback","0","patient_or_user_auprc","0.23008426088357334"
"credible-accuracy-epsilon8-v1","synthea","","122","stable-local-fallback","10","patient_or_user_auprc","0.21836095151507312"
"credible-accuracy-epsilon8-v1","synthea","","122","stable-local-fallback","20","patient_or_user_auprc","0.19405729654394924"
"credible-accuracy-epsilon8-v1","synthea","","122","stable-local-fallback","30","patient_or_user_auprc","0.18912721909715619"
"credible-accuracy-epsilon8-v1","synthea","","122","stable-local-fallback","40","patient_or_user_auprc","0.19110202498617265"
"credible-accuracy-epsilon8-v1","synthea","","122","stable-local-fallback","50","patient_or_user_auprc","0.19042317253368973"
"credible-accuracy-epsilon8-v1","synthea","","122","handle-only-drop-residual","0","patient_or_user_auprc","0.23008426088357334"
"credible-accuracy-epsilon8-v1","synthea","","122","handle-only-drop-residual","10","patient_or_user_auprc","0.22316536823998856"
"credible-accuracy-epsilon8-v1","synthea","","122","handle-only-drop-residual","20","patient_or_user_auprc","0.23099543706889153"
"credible-accuracy-epsilon8-v1","synthea","","122","handle-only-drop-residual","30","patient_or_user_auprc","0.23380429569136485"
"credible-accuracy-epsilon8-v1","synthea","","122","handle-only-drop-residual","40","patient_or_user_auprc","0.2425229217926787"
"credible-accuracy-epsilon8-v1","synthea","","122","handle-only-drop-residual","50","patient_or_user_auprc","0.27382085044945337"
"credible-accuracy-epsilon8-v1","synthea","","122","unitscope-lambda-sweep","0","patient_or_user_auprc","0.23008426088357334"
"credible-accuracy-epsilon8-v1","synthea","","122","unitscope-lambda-sweep","10","patient_or_user_auprc","0.21943416372282107"
"credible-accuracy-epsilon8-v1","synthea","","122","unitscope-lambda-sweep","20","patient_or_user_auprc","0.228761000065689"
"credible-accuracy-epsilon8-v1","synthea","","122","unitscope-lambda-sweep","30","patient_or_user_auprc","0.2241503932179066"
"credible-accuracy-epsilon8-v1","synthea","","122","unitscope-lambda-sweep","40","patient_or_user_auprc","0.2369065172075881"
"credible-accuracy-epsilon8-v1","synthea","","122","unitscope-lambda-sweep","50","patient_or_user_auprc","0.2677331064277333"
"credible-accuracy-epsilon8-v1","synthea","","123","unitscope-lambda-sweep","0","patient_or_user_auprc","0.23527480748750124"
"credible-accuracy-epsilon8-v1","synthea","","123","unitscope-lambda-sweep","10","patient_or_user_auprc","0.24282317171752132"
"credible-accuracy-epsilon8-v1","synthea","","123","unitscope-lambda-sweep","20","patient_or_user_auprc","0.25003872314715164"
"credible-accuracy-epsilon8-v1","synthea","","123","unitscope-lambda-sweep","30","patient_or_user_auprc","0.25554448435574273"
"credible-accuracy-epsilon8-v1","synthea","","123","unitscope-lambda-sweep","40","patient_or_user_auprc","0.2565069595644712"
"credible-accuracy-epsilon8-v1","synthea","","123","unitscope-lambda-sweep","50","patient_or_user_auprc","0.26039685426178233"
"credible-accuracy-epsilon8-v1","synthea","","123","naive-recalibrated-2c","0","patient_or_user_auprc","0.23527480748750124"
"credible-accuracy-epsilon8-v1","synthea","","123","naive-recalibrated-2c","10","patient_or_user_auprc","0.2432133854989288"
"credible-accuracy-epsilon8-v1","synthea","","123","naive-recalibrated-2c","20","patient_or_user_auprc","0.25261976161934246"
"credible-accuracy-epsilon8-v1","synthea","","123","naive-recalibrated-2c","30","patient_or_user_auprc","0.26179892641640706"
"credible-accuracy-epsilon8-v1","synthea","","123","naive-recalibrated-2c","40","patient_or_user_auprc","0.26118132404323346"
"credible-accuracy-epsilon8-v1","synthea","","123","naive-recalibrated-2c","50","patient_or_user_auprc","0.2634273666286874"
"credible-accuracy-epsilon8-v1","synthea","","123","handle-only-drop-residual","0","patient_or_user_auprc","0.23527480748750124"
"credible-accuracy-epsilon8-v1","synthea","","123","handle-only-drop-residual","10","patient_or_user_auprc","0.2441577397613805"
"credible-accuracy-epsilon8-v1","synthea","","123","handle-only-drop-residual","20","patient_or_user_auprc","0.25206823323681393"
"credible-accuracy-epsilon8-v1","synthea","","123","handle-only-drop-residual","30","patient_or_user_auprc","0.25733055532443816"
"credible-accuracy-epsilon8-v1","synthea","","123","handle-only-drop-residual","40","patient_or_user_auprc","0.2587979260337936"
"credible-accuracy-epsilon8-v1","synthea","","123","handle-only-drop-residual","50","patient_or_user_auprc","0.26252904269239835"
"credible-accuracy-epsilon8-v1","synthea","","123","stable-local-fallback","0","patient_or_user_auprc","0.23527480748750124"
"credible-accuracy-epsilon8-v1","synthea","","123","stable-local-fallback","10","patient_or_user_auprc","0.2420926697233222"
"credible-accuracy-epsilon8-v1","synthea","","123","stable-local-fallback","20","patient_or_user_auprc","0.23893666825358145"
"credible-accuracy-epsilon8-v1","synthea","","123","stable-local-fallback","30","patient_or_user_auprc","0.23873884925701916"
"credible-accuracy-epsilon8-v1","synthea","","123","stable-local-fallback","40","patient_or_user_auprc","0.24109269055054194"
"credible-accuracy-epsilon8-v1","synthea","","123","stable-local-fallback","50","patient_or_user_auprc","0.24259252763451114"
"credible-accuracy-epsilon8-v1","synthea","","124","handle-only-drop-residual","0","patient_or_user_auprc","0.23966343595677303"
"credible-accuracy-epsilon8-v1","synthea","","124","handle-only-drop-residual","10","patient_or_user_auprc","0.24136176199760484"
"credible-accuracy-epsilon8-v1","synthea","","124","handle-only-drop-residual","20","patient_or_user_auprc","0.23204763241233947"
"credible-accuracy-epsilon8-v1","synthea","","124","handle-only-drop-residual","30","patient_or_user_auprc","0.2339512521989861"
"credible-accuracy-epsilon8-v1","synthea","","124","handle-only-drop-residual","40","patient_or_user_auprc","0.2394567004547986"
"credible-accuracy-epsilon8-v1","synthea","","124","handle-only-drop-residual","50","patient_or_user_auprc","0.24763053902939552"
"credible-accuracy-epsilon8-v1","synthea","","124","stable-local-fallback","0","patient_or_user_auprc","0.23966343595677303"
"credible-accuracy-epsilon8-v1","synthea","","124","stable-local-fallback","10","patient_or_user_auprc","0.24943701441892657"
"credible-accuracy-epsilon8-v1","synthea","","124","stable-local-fallback","20","patient_or_user_auprc","0.22820135100252872"
"credible-accuracy-epsilon8-v1","synthea","","124","stable-local-fallback","30","patient_or_user_auprc","0.21710944430505336"
"credible-accuracy-epsilon8-v1","synthea","","124","stable-local-fallback","40","patient_or_user_auprc","0.22938358434395473"
"credible-accuracy-epsilon8-v1","synthea","","124","stable-local-fallback","50","patient_or_user_auprc","0.2370114821452431"
"credible-accuracy-epsilon8-v1","synthea","","124","naive-recalibrated-2c","0","patient_or_user_auprc","0.23966343595677303"
"credible-accuracy-epsilon8-v1","synthea","","124","naive-recalibrated-2c","10","patient_or_user_auprc","0.2510471504604886"
"credible-accuracy-epsilon8-v1","synthea","","124","naive-recalibrated-2c","20","patient_or_user_auprc","0.2300950108122292"
"credible-accuracy-epsilon8-v1","synthea","","124","naive-recalibrated-2c","30","patient_or_user_auprc","0.2316650742997447"
"credible-accuracy-epsilon8-v1","synthea","","124","naive-recalibrated-2c","40","patient_or_user_auprc","0.23521450532438937"
"credible-accuracy-epsilon8-v1","synthea","","124","naive-recalibrated-2c","50","patient_or_user_auprc","0.2543025337580458"
"credible-accuracy-epsilon8-v1","synthea","","124","unitscope-lambda-sweep","0","patient_or_user_auprc","0.23966343595677303"
"credible-accuracy-epsilon8-v1","synthea","","124","unitscope-lambda-sweep","10","patient_or_user_auprc","0.23979205700832362"
"credible-accuracy-epsilon8-v1","synthea","","124","unitscope-lambda-sweep","20","patient_or_user_auprc","0.23145282698197733"
"credible-accuracy-epsilon8-v1","synthea","","124","unitscope-lambda-sweep","30","patient_or_user_auprc","0.2323183495665615"
"credible-accuracy-epsilon8-v1","synthea","","124","unitscope-lambda-sweep","40","patient_or_user_auprc","0.2382705817473724"
"credible-accuracy-epsilon8-v1","synthea","","124","unitscope-lambda-sweep","50","patient_or_user_auprc","0.24719323158509848"
"credible-accuracy-epsilon8-v1","synthea","","125","handle-only-drop-residual","0","patient_or_user_auprc","0.18685377930899555"
"credible-accuracy-epsilon8-v1","synthea","","125","handle-only-drop-residual","10","patient_or_user_auprc","0.2025402839472749"
"credible-accuracy-epsilon8-v1","synthea","","125","handle-only-drop-residual","20","patient_or_user_auprc","0.19076037567951143"
"credible-accuracy-epsilon8-v1","synthea","","125","handle-only-drop-residual","30","patient_or_user_auprc","0.20220164238721658"
"credible-accuracy-epsilon8-v1","synthea","","125","handle-only-drop-residual","40","patient_or_user_auprc","0.1996590186477653"
"credible-accuracy-epsilon8-v1","synthea","","125","handle-only-drop-residual","50","patient_or_user_auprc","0.2122663322594463"
"credible-accuracy-epsilon8-v1","synthea","","125","unitscope-lambda-sweep","0","patient_or_user_auprc","0.18685377930899555"
"credible-accuracy-epsilon8-v1","synthea","","125","unitscope-lambda-sweep","10","patient_or_user_auprc","0.20147577003375683"
"credible-accuracy-epsilon8-v1","synthea","","125","unitscope-lambda-sweep","20","patient_or_user_auprc","0.19036063548908172"
"credible-accuracy-epsilon8-v1","synthea","","125","unitscope-lambda-sweep","30","patient_or_user_auprc","0.20037290745411385"
"credible-accuracy-epsilon8-v1","synthea","","125","unitscope-lambda-sweep","40","patient_or_user_auprc","0.19626711668298574"
"credible-accuracy-epsilon8-v1","synthea","","125","unitscope-lambda-sweep","50","patient_or_user_auprc","0.20761256449460166"
"credible-accuracy-epsilon8-v1","synthea","","125","naive-recalibrated-2c","0","patient_or_user_auprc","0.18685377930899555"
"credible-accuracy-epsilon8-v1","synthea","","125","naive-recalibrated-2c","10","patient_or_user_auprc","0.19491991353709787"
"credible-accuracy-epsilon8-v1","synthea","","125","naive-recalibrated-2c","20","patient_or_user_auprc","0.18254275341599935"
"credible-accuracy-epsilon8-v1","synthea","","125","naive-recalibrated-2c","30","patient_or_user_auprc","0.1977167050219497"
"credible-accuracy-epsilon8-v1","synthea","","125","naive-recalibrated-2c","40","patient_or_user_auprc","0.18816134566258708"
"credible-accuracy-epsilon8-v1","synthea","","125","naive-recalibrated-2c","50","patient_or_user_auprc","0.20285682953850087"
"credible-accuracy-epsilon8-v1","synthea","","125","stable-local-fallback","0","patient_or_user_auprc","0.18685377930899555"
"credible-accuracy-epsilon8-v1","synthea","","125","stable-local-fallback","10","patient_or_user_auprc","0.20765424019413364"
"credible-accuracy-epsilon8-v1","synthea","","125","stable-local-fallback","20","patient_or_user_auprc","0.18465617795363412"
"credible-accuracy-epsilon8-v1","synthea","","125","stable-local-fallback","30","patient_or_user_auprc","0.18406724499286076"
"credible-accuracy-epsilon8-v1","synthea","","125","stable-local-fallback","40","patient_or_user_auprc","0.18224515051959517"
"credible-accuracy-epsilon8-v1","synthea","","125","stable-local-fallback","50","patient_or_user_auprc","0.18215548038207857"
"credible-accuracy-epsilon8-v1","synthea","","126","stable-local-fallback","0","patient_or_user_auprc","0.3044412977515417"
"credible-accuracy-epsilon8-v1","synthea","","126","stable-local-fallback","10","patient_or_user_auprc","0.19014096037506895"
"credible-accuracy-epsilon8-v1","synthea","","126","stable-local-fallback","20","patient_or_user_auprc","0.1818368794039837"
"credible-accuracy-epsilon8-v1","synthea","","126","stable-local-fallback","30","patient_or_user_auprc","0.18447006566211932"
"credible-accuracy-epsilon8-v1","synthea","","126","stable-local-fallback","40","patient_or_user_auprc","0.18507889280155368"
"credible-accuracy-epsilon8-v1","synthea","","126","stable-local-fallback","50","patient_or_user_auprc","0.18650378513447885"
"credible-accuracy-epsilon8-v1","synthea","","126","handle-only-drop-residual","0","patient_or_user_auprc","0.3044412977515417"
"credible-accuracy-epsilon8-v1","synthea","","126","handle-only-drop-residual","10","patient_or_user_auprc","0.19061849952052234"
"credible-accuracy-epsilon8-v1","synthea","","126","handle-only-drop-residual","20","patient_or_user_auprc","0.18843644312428476"
"credible-accuracy-epsilon8-v1","synthea","","126","handle-only-drop-residual","30","patient_or_user_auprc","0.19313905431786327"
"credible-accuracy-epsilon8-v1","synthea","","126","handle-only-drop-residual","40","patient_or_user_auprc","0.19777534783835227"
"credible-accuracy-epsilon8-v1","synthea","","126","handle-only-drop-residual","50","patient_or_user_auprc","0.20922862869661585"
"credible-accuracy-epsilon8-v1","synthea","","126","unitscope-lambda-sweep","0","patient_or_user_auprc","0.3044412977515417"
"credible-accuracy-epsilon8-v1","synthea","","126","unitscope-lambda-sweep","10","patient_or_user_auprc","0.18991522248305515"
"credible-accuracy-epsilon8-v1","synthea","","126","unitscope-lambda-sweep","20","patient_or_user_auprc","0.1874898076874577"
"credible-accuracy-epsilon8-v1","synthea","","126","unitscope-lambda-sweep","30","patient_or_user_auprc","0.1916463498280817"
"credible-accuracy-epsilon8-v1","synthea","","126","unitscope-lambda-sweep","40","patient_or_user_auprc","0.1945541678373672"
"credible-accuracy-epsilon8-v1","synthea","","126","unitscope-lambda-sweep","50","patient_or_user_auprc","0.20456489758648527"
"credible-accuracy-epsilon8-v1","synthea","","126","naive-recalibrated-2c","0","patient_or_user_auprc","0.3044412977515417"
"credible-accuracy-epsilon8-v1","synthea","","126","naive-recalibrated-2c","10","patient_or_user_auprc","0.18974169169125377"
"credible-accuracy-epsilon8-v1","synthea","","126","naive-recalibrated-2c","20","patient_or_user_auprc","0.18745777367806385"
"credible-accuracy-epsilon8-v1","synthea","","126","naive-recalibrated-2c","30","patient_or_user_auprc","0.19434641756775195"
"credible-accuracy-epsilon8-v1","synthea","","126","naive-recalibrated-2c","40","patient_or_user_auprc","0.202915377149084"
"credible-accuracy-epsilon8-v1","synthea","","126","naive-recalibrated-2c","50","patient_or_user_auprc","0.2072631661403173"
"credible-accuracy-epsilon8-v1","synthea","","127","unitscope-lambda-sweep","0","patient_or_user_auprc","0.2485520897829162"
"credible-accuracy-epsilon8-v1","synthea","","127","unitscope-lambda-sweep","10","patient_or_user_auprc","0.22243095727710688"
"credible-accuracy-epsilon8-v1","synthea","","127","unitscope-lambda-sweep","20","patient_or_user_auprc","0.23773754660147664"
"credible-accuracy-epsilon8-v1","synthea","","127","unitscope-lambda-sweep","30","patient_or_user_auprc","0.23791948761106735"
"credible-accuracy-epsilon8-v1","synthea","","127","unitscope-lambda-sweep","40","patient_or_user_auprc","0.24266004767199606"
"credible-accuracy-epsilon8-v1","synthea","","127","unitscope-lambda-sweep","50","patient_or_user_auprc","0.25007663812009673"
"credible-accuracy-epsilon8-v1","synthea","","127","naive-recalibrated-2c","0","patient_or_user_auprc","0.2485520897829162"
"credible-accuracy-epsilon8-v1","synthea","","127","naive-recalibrated-2c","10","patient_or_user_auprc","0.21974912169688804"
"credible-accuracy-epsilon8-v1","synthea","","127","naive-recalibrated-2c","20","patient_or_user_auprc","0.25052351108477033"
"credible-accuracy-epsilon8-v1","synthea","","127","naive-recalibrated-2c","30","patient_or_user_auprc","0.25713421783105816"
"credible-accuracy-epsilon8-v1","synthea","","127","naive-recalibrated-2c","40","patient_or_user_auprc","0.26253934185910666"
"credible-accuracy-epsilon8-v1","synthea","","127","naive-recalibrated-2c","50","patient_or_user_auprc","0.2770730804061687"
"credible-accuracy-epsilon8-v1","synthea","","127","handle-only-drop-residual","0","patient_or_user_auprc","0.2485520897829162"
"credible-accuracy-epsilon8-v1","synthea","","127","handle-only-drop-residual","10","patient_or_user_auprc","0.22639018869221766"
"credible-accuracy-epsilon8-v1","synthea","","127","handle-only-drop-residual","20","patient_or_user_auprc","0.24124444256214742"
"credible-accuracy-epsilon8-v1","synthea","","127","handle-only-drop-residual","30","patient_or_user_auprc","0.2390765568165432"
"credible-accuracy-epsilon8-v1","synthea","","127","handle-only-drop-residual","40","patient_or_user_auprc","0.24293478107710365"
"credible-accuracy-epsilon8-v1","synthea","","127","handle-only-drop-residual","50","patient_or_user_auprc","0.24956011517341678"
"credible-accuracy-epsilon8-v1","synthea","","127","stable-local-fallback","0","patient_or_user_auprc","0.2485520897829162"
"credible-accuracy-epsilon8-v1","synthea","","127","stable-local-fallback","10","patient_or_user_auprc","0.2221702949208353"
"credible-accuracy-epsilon8-v1","synthea","","127","stable-local-fallback","20","patient_or_user_auprc","0.20745183027919253"
"credible-accuracy-epsilon8-v1","synthea","","127","stable-local-fallback","30","patient_or_user_auprc","0.20790108954203573"
"credible-accuracy-epsilon8-v1","synthea","","127","stable-local-fallback","40","patient_or_user_auprc","0.20554773319888026"
"credible-accuracy-epsilon8-v1","synthea","","127","stable-local-fallback","50","patient_or_user_auprc","0.2185680078235679"
"credible-accuracy-epsilon8-v1","synthea","","128","unitscope-lambda-sweep","0","patient_or_user_auprc","0.22508361297543686"
"credible-accuracy-epsilon8-v1","synthea","","128","unitscope-lambda-sweep","10","patient_or_user_auprc","0.1931800619872665"
"credible-accuracy-epsilon8-v1","synthea","","128","unitscope-lambda-sweep","20","patient_or_user_auprc","0.19148346669326172"
"credible-accuracy-epsilon8-v1","synthea","","128","unitscope-lambda-sweep","30","patient_or_user_auprc","0.19609933287995435"
"credible-accuracy-epsilon8-v1","synthea","","128","unitscope-lambda-sweep","40","patient_or_user_auprc","0.1938887753903156"
"credible-accuracy-epsilon8-v1","synthea","","128","unitscope-lambda-sweep","50","patient_or_user_auprc","0.1952106474278261"
"credible-accuracy-epsilon8-v1","synthea","","128","naive-recalibrated-2c","0","patient_or_user_auprc","0.22508361297543686"
"credible-accuracy-epsilon8-v1","synthea","","128","naive-recalibrated-2c","10","patient_or_user_auprc","0.19053362133955334"
"credible-accuracy-epsilon8-v1","synthea","","128","naive-recalibrated-2c","20","patient_or_user_auprc","0.18634458061005726"
"credible-accuracy-epsilon8-v1","synthea","","128","naive-recalibrated-2c","30","patient_or_user_auprc","0.19256000932676245"
"credible-accuracy-epsilon8-v1","synthea","","128","naive-recalibrated-2c","40","patient_or_user_auprc","0.18890345527476338"
"credible-accuracy-epsilon8-v1","synthea","","128","naive-recalibrated-2c","50","patient_or_user_auprc","0.19203285188106092"
"credible-accuracy-epsilon8-v1","synthea","","128","handle-only-drop-residual","0","patient_or_user_auprc","0.22508361297543686"
"credible-accuracy-epsilon8-v1","synthea","","128","handle-only-drop-residual","10","patient_or_user_auprc","0.19376026965754564"
"credible-accuracy-epsilon8-v1","synthea","","128","handle-only-drop-residual","20","patient_or_user_auprc","0.19267676123203284"
"credible-accuracy-epsilon8-v1","synthea","","128","handle-only-drop-residual","30","patient_or_user_auprc","0.19874087216454966"
"credible-accuracy-epsilon8-v1","synthea","","128","handle-only-drop-residual","40","patient_or_user_auprc","0.1965214535300549"
"credible-accuracy-epsilon8-v1","synthea","","128","handle-only-drop-residual","50","patient_or_user_auprc","0.19733389115662897"
"credible-accuracy-epsilon8-v1","synthea","","128","stable-local-fallback","0","patient_or_user_auprc","0.22508361297543686"
"credible-accuracy-epsilon8-v1","synthea","","128","stable-local-fallback","10","patient_or_user_auprc","0.1924033032293676"
"credible-accuracy-epsilon8-v1","synthea","","128","stable-local-fallback","20","patient_or_user_auprc","0.18622679097581463"
"credible-accuracy-epsilon8-v1","synthea","","128","stable-local-fallback","30","patient_or_user_auprc","0.1866921624719668"
"credible-accuracy-epsilon8-v1","synthea","","128","stable-local-fallback","40","patient_or_user_auprc","0.18313078973115243"
"credible-accuracy-epsilon8-v1","synthea","","128","stable-local-fallback","50","patient_or_user_auprc","0.1837320898462439"
"credible-accuracy-epsilon8-v1","synthea","","129","naive-recalibrated-2c","0","patient_or_user_auprc","0.19041607477155703"
"credible-accuracy-epsilon8-v1","synthea","","129","naive-recalibrated-2c","10","patient_or_user_auprc","0.1953316904757123"
"credible-accuracy-epsilon8-v1","synthea","","129","naive-recalibrated-2c","20","patient_or_user_auprc","0.20159216226747365"
"credible-accuracy-epsilon8-v1","synthea","","129","naive-recalibrated-2c","30","patient_or_user_auprc","0.20490845295048535"
"credible-accuracy-epsilon8-v1","synthea","","129","naive-recalibrated-2c","40","patient_or_user_auprc","0.20441879665950774"
"credible-accuracy-epsilon8-v1","synthea","","129","naive-recalibrated-2c","50","patient_or_user_auprc","0.20955205931838544"
"credible-accuracy-epsilon8-v1","synthea","","129","stable-local-fallback","0","patient_or_user_auprc","0.19041607477155703"
"credible-accuracy-epsilon8-v1","synthea","","129","stable-local-fallback","10","patient_or_user_auprc","0.18507031636737364"
"credible-accuracy-epsilon8-v1","synthea","","129","stable-local-fallback","20","patient_or_user_auprc","0.18656645057346485"
"credible-accuracy-epsilon8-v1","synthea","","129","stable-local-fallback","30","patient_or_user_auprc","0.18597178095641348"
"credible-accuracy-epsilon8-v1","synthea","","129","stable-local-fallback","40","patient_or_user_auprc","0.18446145493335622"
"credible-accuracy-epsilon8-v1","synthea","","129","stable-local-fallback","50","patient_or_user_auprc","0.18349434747281268"
"credible-accuracy-epsilon8-v1","synthea","","129","unitscope-lambda-sweep","0","patient_or_user_auprc","0.19041607477155703"
"credible-accuracy-epsilon8-v1","synthea","","129","unitscope-lambda-sweep","10","patient_or_user_auprc","0.18723115025492437"
"credible-accuracy-epsilon8-v1","synthea","","129","unitscope-lambda-sweep","20","patient_or_user_auprc","0.19034495310950855"
"credible-accuracy-epsilon8-v1","synthea","","129","unitscope-lambda-sweep","30","patient_or_user_auprc","0.19273077296434352"
"credible-accuracy-epsilon8-v1","synthea","","129","unitscope-lambda-sweep","40","patient_or_user_auprc","0.20190396999571775"
"credible-accuracy-epsilon8-v1","synthea","","129","unitscope-lambda-sweep","50","patient_or_user_auprc","0.2027553291531306"
"credible-accuracy-epsilon8-v1","synthea","","129","handle-only-drop-residual","0","patient_or_user_auprc","0.19041607477155703"
"credible-accuracy-epsilon8-v1","synthea","","129","handle-only-drop-residual","10","patient_or_user_auprc","0.18772688859283848"
"credible-accuracy-epsilon8-v1","synthea","","129","handle-only-drop-residual","20","patient_or_user_auprc","0.19144826810101853"
"credible-accuracy-epsilon8-v1","synthea","","129","handle-only-drop-residual","30","patient_or_user_auprc","0.19420615194935686"
"credible-accuracy-epsilon8-v1","synthea","","129","handle-only-drop-residual","40","patient_or_user_auprc","0.20523279295726055"
"credible-accuracy-epsilon8-v1","synthea","","129","handle-only-drop-residual","50","patient_or_user_auprc","0.20673659981987824"
"user-noniid-dirichlet-v1","femnist","0.1","200","handle-only-drop-residual","0","user_macro_accuracy","0.09854375000000001"
"user-noniid-dirichlet-v1","femnist","0.1","200","handle-only-drop-residual","10","user_macro_accuracy","0.1126517857142857"
"user-noniid-dirichlet-v1","femnist","0.1","200","handle-only-drop-residual","20","user_macro_accuracy","0.1042142857142857"
"user-noniid-dirichlet-v1","femnist","0.1","200","handle-only-drop-residual","30","user_macro_accuracy","0.15897142857142857"
"user-noniid-dirichlet-v1","femnist","0.1","200","handle-only-drop-residual","40","user_macro_accuracy","0.14646964285714287"
"user-noniid-dirichlet-v1","femnist","0.1","200","handle-only-drop-residual","50","user_macro_accuracy","0.1978767857142857"
"user-noniid-dirichlet-v1","femnist","0.1","200","naive-recalibrated-2c","0","user_macro_accuracy","0.09854375000000001"
"user-noniid-dirichlet-v1","femnist","0.1","200","naive-recalibrated-2c","10","user_macro_accuracy","0.13568839285714288"
"user-noniid-dirichlet-v1","femnist","0.1","200","naive-recalibrated-2c","20","user_macro_accuracy","0.17508482142857143"
"user-noniid-dirichlet-v1","femnist","0.1","200","naive-recalibrated-2c","30","user_macro_accuracy","0.13977232142857143"
"user-noniid-dirichlet-v1","femnist","0.1","200","naive-recalibrated-2c","40","user_macro_accuracy","0.13492946428571428"
"user-noniid-dirichlet-v1","femnist","0.1","200","naive-recalibrated-2c","50","user_macro_accuracy","0.1665580357142857"
"user-noniid-dirichlet-v1","femnist","0.1","200","unitscope-lambda-sweep","0","user_macro_accuracy","0.09854375000000001"
"user-noniid-dirichlet-v1","femnist","0.1","200","unitscope-lambda-sweep","10","user_macro_accuracy","0.11155803571428571"
"user-noniid-dirichlet-v1","femnist","0.1","200","unitscope-lambda-sweep","20","user_macro_accuracy","0.1042142857142857"
"user-noniid-dirichlet-v1","femnist","0.1","200","unitscope-lambda-sweep","30","user_macro_accuracy","0.15928392857142856"
"user-noniid-dirichlet-v1","femnist","0.1","200","unitscope-lambda-sweep","40","user_macro_accuracy","0.14178214285714286"
"user-noniid-dirichlet-v1","femnist","0.1","200","unitscope-lambda-sweep","50","user_macro_accuracy","0.18798928571428572"
"user-noniid-dirichlet-v1","femnist","0.1","200","stable-local-fallback","0","user_macro_accuracy","0.09854375000000001"
"user-noniid-dirichlet-v1","femnist","0.1","200","stable-local-fallback","10","user_macro_accuracy","0.09807767857142856"
"user-noniid-dirichlet-v1","femnist","0.1","200","stable-local-fallback","20","user_macro_accuracy","0.10405803571428571"
"user-noniid-dirichlet-v1","femnist","0.1","200","stable-local-fallback","30","user_macro_accuracy","0.1447294642857143"
"user-noniid-dirichlet-v1","femnist","0.1","200","stable-local-fallback","40","user_macro_accuracy","0.12698392857142857"
"user-noniid-dirichlet-v1","femnist","0.1","200","stable-local-fallback","50","user_macro_accuracy","0.12620178571428572"
"user-noniid-dirichlet-v1","femnist","0.1","201","unitscope-lambda-sweep","0","user_macro_accuracy","0.10359375"
"user-noniid-dirichlet-v1","femnist","0.1","201","unitscope-lambda-sweep","10","user_macro_accuracy","0.1021875"
"user-noniid-dirichlet-v1","femnist","0.1","201","unitscope-lambda-sweep","20","user_macro_accuracy","0.136875"
"user-noniid-dirichlet-v1","femnist","0.1","201","unitscope-lambda-sweep","30","user_macro_accuracy","0.12671875"
"user-noniid-dirichlet-v1","femnist","0.1","201","unitscope-lambda-sweep","40","user_macro_accuracy","0.23578125"
"user-noniid-dirichlet-v1","femnist","0.1","201","unitscope-lambda-sweep","50","user_macro_accuracy","0.11234375"
"user-noniid-dirichlet-v1","femnist","0.1","201","naive-recalibrated-2c","0","user_macro_accuracy","0.10359375"
"user-noniid-dirichlet-v1","femnist","0.1","201","naive-recalibrated-2c","10","user_macro_accuracy","0.0609375"
"user-noniid-dirichlet-v1","femnist","0.1","201","naive-recalibrated-2c","20","user_macro_accuracy","0.09375"
"user-noniid-dirichlet-v1","femnist","0.1","201","naive-recalibrated-2c","30","user_macro_accuracy","0.14734375"
"user-noniid-dirichlet-v1","femnist","0.1","201","naive-recalibrated-2c","40","user_macro_accuracy","0.12265625"
"user-noniid-dirichlet-v1","femnist","0.1","201","naive-recalibrated-2c","50","user_macro_accuracy","0.14015625"
"user-noniid-dirichlet-v1","femnist","0.1","201","handle-only-drop-residual","0","user_macro_accuracy","0.10359375"
"user-noniid-dirichlet-v1","femnist","0.1","201","handle-only-drop-residual","10","user_macro_accuracy","0.1025"
"user-noniid-dirichlet-v1","femnist","0.1","201","handle-only-drop-residual","20","user_macro_accuracy","0.1346875"
"user-noniid-dirichlet-v1","femnist","0.1","201","handle-only-drop-residual","30","user_macro_accuracy","0.13046875"
"user-noniid-dirichlet-v1","femnist","0.1","201","handle-only-drop-residual","40","user_macro_accuracy","0.2434375"
"user-noniid-dirichlet-v1","femnist","0.1","201","handle-only-drop-residual","50","user_macro_accuracy","0.1128125"
"user-noniid-dirichlet-v1","femnist","0.1","201","stable-local-fallback","0","user_macro_accuracy","0.10359375"
"user-noniid-dirichlet-v1","femnist","0.1","201","stable-local-fallback","10","user_macro_accuracy","0.10203125"
"user-noniid-dirichlet-v1","femnist","0.1","201","stable-local-fallback","20","user_macro_accuracy","0.14"
"user-noniid-dirichlet-v1","femnist","0.1","201","stable-local-fallback","30","user_macro_accuracy","0.12125"
"user-noniid-dirichlet-v1","femnist","0.1","201","stable-local-fallback","40","user_macro_accuracy","0.143125"
"user-noniid-dirichlet-v1","femnist","0.1","201","stable-local-fallback","50","user_macro_accuracy","0.1153125"
"user-noniid-dirichlet-v1","femnist","0.1","202","handle-only-drop-residual","0","user_macro_accuracy","0.0946875"
"user-noniid-dirichlet-v1","femnist","0.1","202","handle-only-drop-residual","10","user_macro_accuracy","0.09875"
"user-noniid-dirichlet-v1","femnist","0.1","202","handle-only-drop-residual","20","user_macro_accuracy","0.09984375"
"user-noniid-dirichlet-v1","femnist","0.1","202","handle-only-drop-residual","30","user_macro_accuracy","0.139375"
"user-noniid-dirichlet-v1","femnist","0.1","202","handle-only-drop-residual","40","user_macro_accuracy","0.13"
"user-noniid-dirichlet-v1","femnist","0.1","202","handle-only-drop-residual","50","user_macro_accuracy","0.17453125"
"user-noniid-dirichlet-v1","femnist","0.1","202","unitscope-lambda-sweep","0","user_macro_accuracy","0.0946875"
"user-noniid-dirichlet-v1","femnist","0.1","202","unitscope-lambda-sweep","10","user_macro_accuracy","0.09890625"
"user-noniid-dirichlet-v1","femnist","0.1","202","unitscope-lambda-sweep","20","user_macro_accuracy","0.0984375"
"user-noniid-dirichlet-v1","femnist","0.1","202","unitscope-lambda-sweep","30","user_macro_accuracy","0.1415625"
"user-noniid-dirichlet-v1","femnist","0.1","202","unitscope-lambda-sweep","40","user_macro_accuracy","0.12625"
"user-noniid-dirichlet-v1","femnist","0.1","202","unitscope-lambda-sweep","50","user_macro_accuracy","0.1709375"
"user-noniid-dirichlet-v1","femnist","0.1","202","stable-local-fallback","0","user_macro_accuracy","0.0946875"
"user-noniid-dirichlet-v1","femnist","0.1","202","stable-local-fallback","10","user_macro_accuracy","0.10046875"
"user-noniid-dirichlet-v1","femnist","0.1","202","stable-local-fallback","20","user_macro_accuracy","0.094375"
"user-noniid-dirichlet-v1","femnist","0.1","202","stable-local-fallback","30","user_macro_accuracy","0.12921875"
"user-noniid-dirichlet-v1","femnist","0.1","202","stable-local-fallback","40","user_macro_accuracy","0.08875"
"user-noniid-dirichlet-v1","femnist","0.1","202","stable-local-fallback","50","user_macro_accuracy","0.16546875"
"user-noniid-dirichlet-v1","femnist","0.1","202","naive-recalibrated-2c","0","user_macro_accuracy","0.0946875"
"user-noniid-dirichlet-v1","femnist","0.1","202","naive-recalibrated-2c","10","user_macro_accuracy","0.11609375"
"user-noniid-dirichlet-v1","femnist","0.1","202","naive-recalibrated-2c","20","user_macro_accuracy","0.11875"
"user-noniid-dirichlet-v1","femnist","0.1","202","naive-recalibrated-2c","30","user_macro_accuracy","0.1634375"
"user-noniid-dirichlet-v1","femnist","0.1","202","naive-recalibrated-2c","40","user_macro_accuracy","0.1025"
"user-noniid-dirichlet-v1","femnist","0.1","202","naive-recalibrated-2c","50","user_macro_accuracy","0.13578125"
"user-noniid-dirichlet-v1","femnist","0.1","203","stable-local-fallback","0","user_macro_accuracy","0.10263392857142857"
"user-noniid-dirichlet-v1","femnist","0.1","203","stable-local-fallback","10","user_macro_accuracy","0.13154017857142858"
"user-noniid-dirichlet-v1","femnist","0.1","203","stable-local-fallback","20","user_macro_accuracy","0.17872767857142857"
"user-noniid-dirichlet-v1","femnist","0.1","203","stable-local-fallback","30","user_macro_accuracy","0.13732142857142857"
"user-noniid-dirichlet-v1","femnist","0.1","203","stable-local-fallback","40","user_macro_accuracy","0.09051339285714284"
"user-noniid-dirichlet-v1","femnist","0.1","203","stable-local-fallback","50","user_macro_accuracy","0.12464285714285715"
"user-noniid-dirichlet-v1","femnist","0.1","203","naive-recalibrated-2c","0","user_macro_accuracy","0.10263392857142857"
"user-noniid-dirichlet-v1","femnist","0.1","203","naive-recalibrated-2c","10","user_macro_accuracy","0.10508928571428572"
"user-noniid-dirichlet-v1","femnist","0.1","203","naive-recalibrated-2c","20","user_macro_accuracy","0.1922767857142857"
"user-noniid-dirichlet-v1","femnist","0.1","203","naive-recalibrated-2c","30","user_macro_accuracy","0.1370535714285714"
"user-noniid-dirichlet-v1","femnist","0.1","203","naive-recalibrated-2c","40","user_macro_accuracy","0.11723214285714284"
"user-noniid-dirichlet-v1","femnist","0.1","203","naive-recalibrated-2c","50","user_macro_accuracy","0.19151785714285716"
"user-noniid-dirichlet-v1","femnist","0.1","203","unitscope-lambda-sweep","0","user_macro_accuracy","0.10263392857142857"
"user-noniid-dirichlet-v1","femnist","0.1","203","unitscope-lambda-sweep","10","user_macro_accuracy","0.1302455357142857"
"user-noniid-dirichlet-v1","femnist","0.1","203","unitscope-lambda-sweep","20","user_macro_accuracy","0.15223214285714284"
"user-noniid-dirichlet-v1","femnist","0.1","203","unitscope-lambda-sweep","30","user_macro_accuracy","0.10966517857142857"
"user-noniid-dirichlet-v1","femnist","0.1","203","unitscope-lambda-sweep","40","user_macro_accuracy","0.13207589285714286"
"user-noniid-dirichlet-v1","femnist","0.1","203","unitscope-lambda-sweep","50","user_macro_accuracy","0.12348214285714285"
"user-noniid-dirichlet-v1","femnist","0.1","203","handle-only-drop-residual","0","user_macro_accuracy","0.10263392857142857"
"user-noniid-dirichlet-v1","femnist","0.1","203","handle-only-drop-residual","10","user_macro_accuracy","0.12977678571428572"
"user-noniid-dirichlet-v1","femnist","0.1","203","handle-only-drop-residual","20","user_macro_accuracy","0.14707589285714284"
"user-noniid-dirichlet-v1","femnist","0.1","203","handle-only-drop-residual","30","user_macro_accuracy","0.10825892857142858"
"user-noniid-dirichlet-v1","femnist","0.1","203","handle-only-drop-residual","40","user_macro_accuracy","0.13738839285714285"
"user-noniid-dirichlet-v1","femnist","0.1","203","handle-only-drop-residual","50","user_macro_accuracy","0.13051339285714283"
"user-noniid-dirichlet-v1","femnist","0.1","204","naive-recalibrated-2c","0","user_macro_accuracy","0.100625"
"user-noniid-dirichlet-v1","femnist","0.1","204","naive-recalibrated-2c","10","user_macro_accuracy","0.1640625"
"user-noniid-dirichlet-v1","femnist","0.1","204","naive-recalibrated-2c","20","user_macro_accuracy","0.1009375"
"user-noniid-dirichlet-v1","femnist","0.1","204","naive-recalibrated-2c","30","user_macro_accuracy","0.10203125"
"user-noniid-dirichlet-v1","femnist","0.1","204","naive-recalibrated-2c","40","user_macro_accuracy","0.0953125"
"user-noniid-dirichlet-v1","femnist","0.1","204","naive-recalibrated-2c","50","user_macro_accuracy","0.115"
"user-noniid-dirichlet-v1","femnist","0.1","204","stable-local-fallback","0","user_macro_accuracy","0.100625"
"user-noniid-dirichlet-v1","femnist","0.1","204","stable-local-fallback","10","user_macro_accuracy","0.120625"
"user-noniid-dirichlet-v1","femnist","0.1","204","stable-local-fallback","20","user_macro_accuracy","0.153125"
"user-noniid-dirichlet-v1","femnist","0.1","204","stable-local-fallback","30","user_macro_accuracy","0.10171875"
"user-noniid-dirichlet-v1","femnist","0.1","204","stable-local-fallback","40","user_macro_accuracy","0.12453125"
"user-noniid-dirichlet-v1","femnist","0.1","204","stable-local-fallback","50","user_macro_accuracy","0.104375"
"user-noniid-dirichlet-v1","femnist","0.1","204","unitscope-lambda-sweep","0","user_macro_accuracy","0.100625"
"user-noniid-dirichlet-v1","femnist","0.1","204","unitscope-lambda-sweep","10","user_macro_accuracy","0.13859375"
"user-noniid-dirichlet-v1","femnist","0.1","204","unitscope-lambda-sweep","20","user_macro_accuracy","0.17109375"
"user-noniid-dirichlet-v1","femnist","0.1","204","unitscope-lambda-sweep","30","user_macro_accuracy","0.1009375"
"user-noniid-dirichlet-v1","femnist","0.1","204","unitscope-lambda-sweep","40","user_macro_accuracy","0.13515625"
"user-noniid-dirichlet-v1","femnist","0.1","204","unitscope-lambda-sweep","50","user_macro_accuracy","0.11203125"
"user-noniid-dirichlet-v1","femnist","0.1","204","handle-only-drop-residual","0","user_macro_accuracy","0.100625"
"user-noniid-dirichlet-v1","femnist","0.1","204","handle-only-drop-residual","10","user_macro_accuracy","0.141875"
"user-noniid-dirichlet-v1","femnist","0.1","204","handle-only-drop-residual","20","user_macro_accuracy","0.17984375"
"user-noniid-dirichlet-v1","femnist","0.1","204","handle-only-drop-residual","30","user_macro_accuracy","0.10109375"
"user-noniid-dirichlet-v1","femnist","0.1","204","handle-only-drop-residual","40","user_macro_accuracy","0.13828125"
"user-noniid-dirichlet-v1","femnist","0.1","204","handle-only-drop-residual","50","user_macro_accuracy","0.11859375"
"user-noniid-dirichlet-v1","femnist","0.5","200","stable-local-fallback","0","user_macro_accuracy","0.09854375000000001"
"user-noniid-dirichlet-v1","femnist","0.5","200","stable-local-fallback","10","user_macro_accuracy","0.09964017857142857"
"user-noniid-dirichlet-v1","femnist","0.5","200","stable-local-fallback","20","user_macro_accuracy","0.10405803571428571"
"user-noniid-dirichlet-v1","femnist","0.5","200","stable-local-fallback","30","user_macro_accuracy","0.1425419642857143"
"user-noniid-dirichlet-v1","femnist","0.5","200","stable-local-fallback","40","user_macro_accuracy","0.12651517857142858"
"user-noniid-dirichlet-v1","femnist","0.5","200","stable-local-fallback","50","user_macro_accuracy","0.1272955357142857"
"user-noniid-dirichlet-v1","femnist","0.5","200","unitscope-lambda-sweep","0","user_macro_accuracy","0.09854375000000001"
"user-noniid-dirichlet-v1","femnist","0.5","200","unitscope-lambda-sweep","10","user_macro_accuracy","0.1114017857142857"
"user-noniid-dirichlet-v1","femnist","0.5","200","unitscope-lambda-sweep","20","user_macro_accuracy","0.1042142857142857"
"user-noniid-dirichlet-v1","femnist","0.5","200","unitscope-lambda-sweep","30","user_macro_accuracy","0.15979732142857142"
"user-noniid-dirichlet-v1","femnist","0.5","200","unitscope-lambda-sweep","40","user_macro_accuracy","0.14131339285714287"
"user-noniid-dirichlet-v1","femnist","0.5","200","unitscope-lambda-sweep","50","user_macro_accuracy","0.18752053571428573"
"user-noniid-dirichlet-v1","femnist","0.5","200","naive-recalibrated-2c","0","user_macro_accuracy","0.09854375000000001"
"user-noniid-dirichlet-v1","femnist","0.5","200","naive-recalibrated-2c","10","user_macro_accuracy","0.13631339285714286"
"user-noniid-dirichlet-v1","femnist","0.5","200","naive-recalibrated-2c","20","user_macro_accuracy","0.17461607142857144"
"user-noniid-dirichlet-v1","femnist","0.5","200","naive-recalibrated-2c","30","user_macro_accuracy","0.13977232142857143"
"user-noniid-dirichlet-v1","femnist","0.5","200","naive-recalibrated-2c","40","user_macro_accuracy","0.1357107142857143"
"user-noniid-dirichlet-v1","femnist","0.5","200","naive-recalibrated-2c","50","user_macro_accuracy","0.1665580357142857"
"user-noniid-dirichlet-v1","femnist","0.5","200","handle-only-drop-residual","0","user_macro_accuracy","0.09854375000000001"
"user-noniid-dirichlet-v1","femnist","0.5","200","handle-only-drop-residual","10","user_macro_accuracy","0.1126517857142857"
"user-noniid-dirichlet-v1","femnist","0.5","200","handle-only-drop-residual","20","user_macro_accuracy","0.1042142857142857"
"user-noniid-dirichlet-v1","femnist","0.5","200","handle-only-drop-residual","30","user_macro_accuracy","0.15897142857142857"
"user-noniid-dirichlet-v1","femnist","0.5","200","handle-only-drop-residual","40","user_macro_accuracy","0.14646964285714287"
"user-noniid-dirichlet-v1","femnist","0.5","200","handle-only-drop-residual","50","user_macro_accuracy","0.1978767857142857"
"user-noniid-dirichlet-v1","femnist","0.5","201","unitscope-lambda-sweep","0","user_macro_accuracy","0.10359375"
"user-noniid-dirichlet-v1","femnist","0.5","201","unitscope-lambda-sweep","10","user_macro_accuracy","0.1025"
"user-noniid-dirichlet-v1","femnist","0.5","201","unitscope-lambda-sweep","20","user_macro_accuracy","0.13640625"
"user-noniid-dirichlet-v1","femnist","0.5","201","unitscope-lambda-sweep","30","user_macro_accuracy","0.12640625"
"user-noniid-dirichlet-v1","femnist","0.5","201","unitscope-lambda-sweep","40","user_macro_accuracy","0.23609375"
"user-noniid-dirichlet-v1","femnist","0.5","201","unitscope-lambda-sweep","50","user_macro_accuracy","0.1125"
"user-noniid-dirichlet-v1","femnist","0.5","201","stable-local-fallback","0","user_macro_accuracy","0.10359375"
"user-noniid-dirichlet-v1","femnist","0.5","201","stable-local-fallback","10","user_macro_accuracy","0.10203125"
"user-noniid-dirichlet-v1","femnist","0.5","201","stable-local-fallback","20","user_macro_accuracy","0.14109375"
"user-noniid-dirichlet-v1","femnist","0.5","201","stable-local-fallback","30","user_macro_accuracy","0.1215625"
"user-noniid-dirichlet-v1","femnist","0.5","201","stable-local-fallback","40","user_macro_accuracy","0.14359375"
"user-noniid-dirichlet-v1","femnist","0.5","201","stable-local-fallback","50","user_macro_accuracy","0.11515625"
"user-noniid-dirichlet-v1","femnist","0.5","201","handle-only-drop-residual","0","user_macro_accuracy","0.10359375"
"user-noniid-dirichlet-v1","femnist","0.5","201","handle-only-drop-residual","10","user_macro_accuracy","0.1025"
"user-noniid-dirichlet-v1","femnist","0.5","201","handle-only-drop-residual","20","user_macro_accuracy","0.1346875"
"user-noniid-dirichlet-v1","femnist","0.5","201","handle-only-drop-residual","30","user_macro_accuracy","0.13046875"
"user-noniid-dirichlet-v1","femnist","0.5","201","handle-only-drop-residual","40","user_macro_accuracy","0.2434375"
"user-noniid-dirichlet-v1","femnist","0.5","201","handle-only-drop-residual","50","user_macro_accuracy","0.1128125"
"user-noniid-dirichlet-v1","femnist","0.5","201","naive-recalibrated-2c","0","user_macro_accuracy","0.10359375"
"user-noniid-dirichlet-v1","femnist","0.5","201","naive-recalibrated-2c","10","user_macro_accuracy","0.061875"
"user-noniid-dirichlet-v1","femnist","0.5","201","naive-recalibrated-2c","20","user_macro_accuracy","0.0946875"
"user-noniid-dirichlet-v1","femnist","0.5","201","naive-recalibrated-2c","30","user_macro_accuracy","0.1478125"
"user-noniid-dirichlet-v1","femnist","0.5","201","naive-recalibrated-2c","40","user_macro_accuracy","0.12125"
"user-noniid-dirichlet-v1","femnist","0.5","201","naive-recalibrated-2c","50","user_macro_accuracy","0.13796875"
"user-noniid-dirichlet-v1","femnist","0.5","202","handle-only-drop-residual","0","user_macro_accuracy","0.0946875"
"user-noniid-dirichlet-v1","femnist","0.5","202","handle-only-drop-residual","10","user_macro_accuracy","0.09875"
"user-noniid-dirichlet-v1","femnist","0.5","202","handle-only-drop-residual","20","user_macro_accuracy","0.09984375"
"user-noniid-dirichlet-v1","femnist","0.5","202","handle-only-drop-residual","30","user_macro_accuracy","0.1390625"
"user-noniid-dirichlet-v1","femnist","0.5","202","handle-only-drop-residual","40","user_macro_accuracy","0.13"
"user-noniid-dirichlet-v1","femnist","0.5","202","handle-only-drop-residual","50","user_macro_accuracy","0.17421875"
"user-noniid-dirichlet-v1","femnist","0.5","202","unitscope-lambda-sweep","0","user_macro_accuracy","0.0946875"
"user-noniid-dirichlet-v1","femnist","0.5","202","unitscope-lambda-sweep","10","user_macro_accuracy","0.09890625"
"user-noniid-dirichlet-v1","femnist","0.5","202","unitscope-lambda-sweep","20","user_macro_accuracy","0.09890625"
"user-noniid-dirichlet-v1","femnist","0.5","202","unitscope-lambda-sweep","30","user_macro_accuracy","0.14"
"user-noniid-dirichlet-v1","femnist","0.5","202","unitscope-lambda-sweep","40","user_macro_accuracy","0.125625"
"user-noniid-dirichlet-v1","femnist","0.5","202","unitscope-lambda-sweep","50","user_macro_accuracy","0.17078125"
"user-noniid-dirichlet-v1","femnist","0.5","202","naive-recalibrated-2c","0","user_macro_accuracy","0.0946875"
"user-noniid-dirichlet-v1","femnist","0.5","202","naive-recalibrated-2c","10","user_macro_accuracy","0.11671875"
"user-noniid-dirichlet-v1","femnist","0.5","202","naive-recalibrated-2c","20","user_macro_accuracy","0.11921875"
"user-noniid-dirichlet-v1","femnist","0.5","202","naive-recalibrated-2c","30","user_macro_accuracy","0.16359375"
"user-noniid-dirichlet-v1","femnist","0.5","202","naive-recalibrated-2c","40","user_macro_accuracy","0.10234375"
"user-noniid-dirichlet-v1","femnist","0.5","202","naive-recalibrated-2c","50","user_macro_accuracy","0.13609375"
"user-noniid-dirichlet-v1","femnist","0.5","202","stable-local-fallback","0","user_macro_accuracy","0.0946875"
"user-noniid-dirichlet-v1","femnist","0.5","202","stable-local-fallback","10","user_macro_accuracy","0.100625"
"user-noniid-dirichlet-v1","femnist","0.5","202","stable-local-fallback","20","user_macro_accuracy","0.0946875"
"user-noniid-dirichlet-v1","femnist","0.5","202","stable-local-fallback","30","user_macro_accuracy","0.12984375"
"user-noniid-dirichlet-v1","femnist","0.5","202","stable-local-fallback","40","user_macro_accuracy","0.08796875"
"user-noniid-dirichlet-v1","femnist","0.5","202","stable-local-fallback","50","user_macro_accuracy","0.165"
"user-noniid-dirichlet-v1","femnist","0.5","203","naive-recalibrated-2c","0","user_macro_accuracy","0.10263392857142857"
"user-noniid-dirichlet-v1","femnist","0.5","203","naive-recalibrated-2c","10","user_macro_accuracy","0.10493303571428571"
"user-noniid-dirichlet-v1","femnist","0.5","203","naive-recalibrated-2c","20","user_macro_accuracy","0.1941517857142857"
"user-noniid-dirichlet-v1","femnist","0.5","203","naive-recalibrated-2c","30","user_macro_accuracy","0.13736607142857143"
"user-noniid-dirichlet-v1","femnist","0.5","203","naive-recalibrated-2c","40","user_macro_accuracy","0.11629464285714285"
"user-noniid-dirichlet-v1","femnist","0.5","203","naive-recalibrated-2c","50","user_macro_accuracy","0.19198660714285715"
"user-noniid-dirichlet-v1","femnist","0.5","203","unitscope-lambda-sweep","0","user_macro_accuracy","0.10263392857142857"
"user-noniid-dirichlet-v1","femnist","0.5","203","unitscope-lambda-sweep","10","user_macro_accuracy","0.1302455357142857"
"user-noniid-dirichlet-v1","femnist","0.5","203","unitscope-lambda-sweep","20","user_macro_accuracy","0.15176339285714285"
"user-noniid-dirichlet-v1","femnist","0.5","203","unitscope-lambda-sweep","30","user_macro_accuracy","0.10966517857142857"
"user-noniid-dirichlet-v1","femnist","0.5","203","unitscope-lambda-sweep","40","user_macro_accuracy","0.13301339285714284"
"user-noniid-dirichlet-v1","femnist","0.5","203","unitscope-lambda-sweep","50","user_macro_accuracy","0.12504464285714284"
"user-noniid-dirichlet-v1","femnist","0.5","203","stable-local-fallback","0","user_macro_accuracy","0.10263392857142857"
"user-noniid-dirichlet-v1","femnist","0.5","203","stable-local-fallback","10","user_macro_accuracy","0.13169642857142858"
"user-noniid-dirichlet-v1","femnist","0.5","203","stable-local-fallback","20","user_macro_accuracy","0.17857142857142858"
"user-noniid-dirichlet-v1","femnist","0.5","203","stable-local-fallback","30","user_macro_accuracy","0.13716517857142857"
"user-noniid-dirichlet-v1","femnist","0.5","203","stable-local-fallback","40","user_macro_accuracy","0.09176339285714284"
"user-noniid-dirichlet-v1","femnist","0.5","203","stable-local-fallback","50","user_macro_accuracy","0.12417410714285715"
"user-noniid-dirichlet-v1","femnist","0.5","203","handle-only-drop-residual","0","user_macro_accuracy","0.10263392857142857"
"user-noniid-dirichlet-v1","femnist","0.5","203","handle-only-drop-residual","10","user_macro_accuracy","0.12977678571428572"
"user-noniid-dirichlet-v1","femnist","0.5","203","handle-only-drop-residual","20","user_macro_accuracy","0.14707589285714284"
"user-noniid-dirichlet-v1","femnist","0.5","203","handle-only-drop-residual","30","user_macro_accuracy","0.10825892857142858"
"user-noniid-dirichlet-v1","femnist","0.5","203","handle-only-drop-residual","40","user_macro_accuracy","0.13738839285714285"
"user-noniid-dirichlet-v1","femnist","0.5","203","handle-only-drop-residual","50","user_macro_accuracy","0.13051339285714283"
"user-noniid-dirichlet-v1","femnist","0.5","204","naive-recalibrated-2c","0","user_macro_accuracy","0.100625"
"user-noniid-dirichlet-v1","femnist","0.5","204","naive-recalibrated-2c","10","user_macro_accuracy","0.164375"
"user-noniid-dirichlet-v1","femnist","0.5","204","naive-recalibrated-2c","20","user_macro_accuracy","0.10046875"
"user-noniid-dirichlet-v1","femnist","0.5","204","naive-recalibrated-2c","30","user_macro_accuracy","0.101875"
"user-noniid-dirichlet-v1","femnist","0.5","204","naive-recalibrated-2c","40","user_macro_accuracy","0.09578125"
"user-noniid-dirichlet-v1","femnist","0.5","204","naive-recalibrated-2c","50","user_macro_accuracy","0.10828125"
"user-noniid-dirichlet-v1","femnist","0.5","204","handle-only-drop-residual","0","user_macro_accuracy","0.100625"
"user-noniid-dirichlet-v1","femnist","0.5","204","handle-only-drop-residual","10","user_macro_accuracy","0.141875"
"user-noniid-dirichlet-v1","femnist","0.5","204","handle-only-drop-residual","20","user_macro_accuracy","0.17984375"
"user-noniid-dirichlet-v1","femnist","0.5","204","handle-only-drop-residual","30","user_macro_accuracy","0.10109375"
"user-noniid-dirichlet-v1","femnist","0.5","204","handle-only-drop-residual","40","user_macro_accuracy","0.13828125"
"user-noniid-dirichlet-v1","femnist","0.5","204","handle-only-drop-residual","50","user_macro_accuracy","0.11875"
"user-noniid-dirichlet-v1","femnist","0.5","204","unitscope-lambda-sweep","0","user_macro_accuracy","0.100625"
"user-noniid-dirichlet-v1","femnist","0.5","204","unitscope-lambda-sweep","10","user_macro_accuracy","0.13859375"
"user-noniid-dirichlet-v1","femnist","0.5","204","unitscope-lambda-sweep","20","user_macro_accuracy","0.17125"
"user-noniid-dirichlet-v1","femnist","0.5","204","unitscope-lambda-sweep","30","user_macro_accuracy","0.1009375"
"user-noniid-dirichlet-v1","femnist","0.5","204","unitscope-lambda-sweep","40","user_macro_accuracy","0.1353125"
"user-noniid-dirichlet-v1","femnist","0.5","204","unitscope-lambda-sweep","50","user_macro_accuracy","0.1115625"
"user-noniid-dirichlet-v1","femnist","0.5","204","stable-local-fallback","0","user_macro_accuracy","0.100625"
"user-noniid-dirichlet-v1","femnist","0.5","204","stable-local-fallback","10","user_macro_accuracy","0.1215625"
"user-noniid-dirichlet-v1","femnist","0.5","204","stable-local-fallback","20","user_macro_accuracy","0.1525"
"user-noniid-dirichlet-v1","femnist","0.5","204","stable-local-fallback","30","user_macro_accuracy","0.10171875"
"user-noniid-dirichlet-v1","femnist","0.5","204","stable-local-fallback","40","user_macro_accuracy","0.12453125"
"user-noniid-dirichlet-v1","femnist","0.5","204","stable-local-fallback","50","user_macro_accuracy","0.10421875"
"sent140-account-task-v1","sent140","","300","naive-recalibrated-2c","0","user_macro_accuracy","0.49136709426516895"
"sent140-account-task-v1","sent140","","300","naive-recalibrated-2c","10","user_macro_accuracy","0.5227172320176383"
"sent140-account-task-v1","sent140","","300","naive-recalibrated-2c","20","user_macro_accuracy","0.5145295109893117"
"sent140-account-task-v1","sent140","","300","naive-recalibrated-2c","30","user_macro_accuracy","0.500973755013906"
"sent140-account-task-v1","sent140","","300","naive-recalibrated-2c","40","user_macro_accuracy","0.5158470334006808"
"sent140-account-task-v1","sent140","","300","naive-recalibrated-2c","50","user_macro_accuracy","0.5130271157183889"
"sent140-account-task-v1","sent140","","300","unitscope-lambda-sweep","0","user_macro_accuracy","0.49136709426516895"
"sent140-account-task-v1","sent140","","300","unitscope-lambda-sweep","10","user_macro_accuracy","0.5248990702924526"
"sent140-account-task-v1","sent140","","300","unitscope-lambda-sweep","20","user_macro_accuracy","0.5346777062376907"
"sent140-account-task-v1","sent140","","300","unitscope-lambda-sweep","30","user_macro_accuracy","0.49286820314403523"
"sent140-account-task-v1","sent140","","300","unitscope-lambda-sweep","40","user_macro_accuracy","0.543029888482046"
"sent140-account-task-v1","sent140","","300","unitscope-lambda-sweep","50","user_macro_accuracy","0.548385946779184"
"sent140-account-task-v1","sent140","","300","handle-only-drop-residual","0","user_macro_accuracy","0.49136709426516895"
"sent140-account-task-v1","sent140","","300","handle-only-drop-residual","10","user_macro_accuracy","0.5301877053759794"
"sent140-account-task-v1","sent140","","300","handle-only-drop-residual","20","user_macro_accuracy","0.5315646109995956"
"sent140-account-task-v1","sent140","","300","handle-only-drop-residual","30","user_macro_accuracy","0.5044554505092431"
"sent140-account-task-v1","sent140","","300","handle-only-drop-residual","40","user_macro_accuracy","0.5479347509215929"
"sent140-account-task-v1","sent140","","300","handle-only-drop-residual","50","user_macro_accuracy","0.5405335333096556"
"sent140-account-task-v1","sent140","","300","stable-local-fallback","0","user_macro_accuracy","0.49136709426516895"
"sent140-account-task-v1","sent140","","300","stable-local-fallback","10","user_macro_accuracy","0.4868362449061946"
"sent140-account-task-v1","sent140","","300","stable-local-fallback","20","user_macro_accuracy","0.4924052404531314"
"sent140-account-task-v1","sent140","","300","stable-local-fallback","30","user_macro_accuracy","0.4926170942651689"
"sent140-account-task-v1","sent140","","300","stable-local-fallback","40","user_macro_accuracy","0.49192995976224496"
"sent140-account-task-v1","sent140","","300","stable-local-fallback","50","user_macro_accuracy","0.49385723275477533"
"sent140-account-task-v1","sent140","","300","full-identity-reference","0","user_macro_accuracy","0.49136709426516895"
"sent140-account-task-v1","sent140","","300","full-identity-reference","10","user_macro_accuracy","0.48987791157286126"
"sent140-account-task-v1","sent140","","300","full-identity-reference","20","user_macro_accuracy","0.5730921103535267"
"sent140-account-task-v1","sent140","","300","full-identity-reference","30","user_macro_accuracy","0.5722343278174354"
"sent140-account-task-v1","sent140","","300","full-identity-reference","40","user_macro_accuracy","0.5755514022280179"
"sent140-account-task-v1","sent140","","300","full-identity-reference","50","user_macro_accuracy","0.5811160585147137"
"sent140-account-task-v1","sent140","","301","stable-local-fallback","0","user_macro_accuracy","0.5097359099652927"
"sent140-account-task-v1","sent140","","301","stable-local-fallback","10","user_macro_accuracy","0.49026409003470733"
"sent140-account-task-v1","sent140","","301","stable-local-fallback","20","user_macro_accuracy","0.49026409003470733"
"sent140-account-task-v1","sent140","","301","stable-local-fallback","30","user_macro_accuracy","0.49026409003470733"
"sent140-account-task-v1","sent140","","301","stable-local-fallback","40","user_macro_accuracy","0.49026409003470733"
"sent140-account-task-v1","sent140","","301","stable-local-fallback","50","user_macro_accuracy","0.49026409003470733"
"sent140-account-task-v1","sent140","","301","naive-recalibrated-2c","0","user_macro_accuracy","0.5097359099652927"
"sent140-account-task-v1","sent140","","301","naive-recalibrated-2c","10","user_macro_accuracy","0.49026409003470733"
"sent140-account-task-v1","sent140","","301","naive-recalibrated-2c","20","user_macro_accuracy","0.49026409003470733"
"sent140-account-task-v1","sent140","","301","naive-recalibrated-2c","30","user_macro_accuracy","0.489430756701374"
"sent140-account-task-v1","sent140","","301","naive-recalibrated-2c","40","user_macro_accuracy","0.489430756701374"
"sent140-account-task-v1","sent140","","301","naive-recalibrated-2c","50","user_macro_accuracy","0.48950888170137397"
"sent140-account-task-v1","sent140","","301","full-identity-reference","0","user_macro_accuracy","0.5097359099652927"
"sent140-account-task-v1","sent140","","301","full-identity-reference","10","user_macro_accuracy","0.4979426760524477"
"sent140-account-task-v1","sent140","","301","full-identity-reference","20","user_macro_accuracy","0.4986884610544827"
"sent140-account-task-v1","sent140","","301","full-identity-reference","30","user_macro_accuracy","0.4979394078881502"
"sent140-account-task-v1","sent140","","301","full-identity-reference","40","user_macro_accuracy","0.5192733270130426"
"sent140-account-task-v1","sent140","","301","full-identity-reference","50","user_macro_accuracy","0.5010881716244139"
"sent140-account-task-v1","sent140","","301","unitscope-lambda-sweep","0","user_macro_accuracy","0.5097359099652927"
"sent140-account-task-v1","sent140","","301","unitscope-lambda-sweep","10","user_macro_accuracy","0.49026409003470733"
"sent140-account-task-v1","sent140","","301","unitscope-lambda-sweep","20","user_macro_accuracy","0.49026409003470733"
"sent140-account-task-v1","sent140","","301","unitscope-lambda-sweep","30","user_macro_accuracy","0.49026409003470733"
"sent140-account-task-v1","sent140","","301","unitscope-lambda-sweep","40","user_macro_accuracy","0.49026409003470733"
"sent140-account-task-v1","sent140","","301","unitscope-lambda-sweep","50","user_macro_accuracy","0.49026409003470733"
"sent140-account-task-v1","sent140","","301","handle-only-drop-residual","0","user_macro_accuracy","0.5097359099652927"
"sent140-account-task-v1","sent140","","301","handle-only-drop-residual","10","user_macro_accuracy","0.49026409003470733"
"sent140-account-task-v1","sent140","","301","handle-only-drop-residual","20","user_macro_accuracy","0.49026409003470733"
"sent140-account-task-v1","sent140","","301","handle-only-drop-residual","30","user_macro_accuracy","0.49026409003470733"
"sent140-account-task-v1","sent140","","301","handle-only-drop-residual","40","user_macro_accuracy","0.49026409003470733"
"sent140-account-task-v1","sent140","","301","handle-only-drop-residual","50","user_macro_accuracy","0.49026409003470733"
"sent140-account-task-v1","sent140","","302","unitscope-lambda-sweep","0","user_macro_accuracy","0.4524447743024949"
"sent140-account-task-v1","sent140","","302","unitscope-lambda-sweep","10","user_macro_accuracy","0.4524447743024949"
"sent140-account-task-v1","sent140","","302","unitscope-lambda-sweep","20","user_macro_accuracy","0.45271263144535207"
"sent140-account-task-v1","sent140","","302","unitscope-lambda-sweep","30","user_macro_accuracy","0.45261144096916156"
"sent140-account-task-v1","sent140","","302","unitscope-lambda-sweep","40","user_macro_accuracy","0.4524447743024949"
"sent140-account-task-v1","sent140","","302","unitscope-lambda-sweep","50","user_macro_accuracy","0.45208763144535197"
"sent140-account-task-v1","sent140","","302","naive-recalibrated-2c","0","user_macro_accuracy","0.4524447743024949"
"sent140-account-task-v1","sent140","","302","naive-recalibrated-2c","10","user_macro_accuracy","0.4481663635180179"
"sent140-account-task-v1","sent140","","302","naive-recalibrated-2c","20","user_macro_accuracy","0.46322596806787986"
"sent140-account-task-v1","sent140","","302","naive-recalibrated-2c","30","user_macro_accuracy","0.4906405080417948"
"sent140-account-task-v1","sent140","","302","naive-recalibrated-2c","40","user_macro_accuracy","0.48604575002203676"
"sent140-account-task-v1","sent140","","302","naive-recalibrated-2c","50","user_macro_accuracy","0.4872148726681814"
"sent140-account-task-v1","sent140","","302","handle-only-drop-residual","0","user_macro_accuracy","0.4524447743024949"
"sent140-account-task-v1","sent140","","302","handle-only-drop-residual","10","user_macro_accuracy","0.4524447743024949"
"sent140-account-task-v1","sent140","","302","handle-only-drop-residual","20","user_macro_accuracy","0.45227408977868533"
"sent140-account-task-v1","sent140","","302","handle-only-drop-residual","30","user_macro_accuracy","0.4542455239205239"
"sent140-account-task-v1","sent140","","302","handle-only-drop-residual","40","user_macro_accuracy","0.4524447743024949"
"sent140-account-task-v1","sent140","","302","handle-only-drop-residual","50","user_macro_accuracy","0.45252011807636805"
"sent140-account-task-v1","sent140","","302","stable-local-fallback","0","user_macro_accuracy","0.4524447743024949"
"sent140-account-task-v1","sent140","","302","stable-local-fallback","10","user_macro_accuracy","0.4524447743024949"
"sent140-account-task-v1","sent140","","302","stable-local-fallback","20","user_macro_accuracy","0.4520468170514127"
"sent140-account-task-v1","sent140","","302","stable-local-fallback","30","user_macro_accuracy","0.47388429625929634"
"sent140-account-task-v1","sent140","","302","stable-local-fallback","40","user_macro_accuracy","0.4686436812778724"
"sent140-account-task-v1","sent140","","302","stable-local-fallback","50","user_macro_accuracy","0.5154999298495622"
"sent140-account-task-v1","sent140","","302","full-identity-reference","0","user_macro_accuracy","0.4524447743024949"
"sent140-account-task-v1","sent140","","302","full-identity-reference","10","user_macro_accuracy","0.5340955895207733"
"sent140-account-task-v1","sent140","","302","full-identity-reference","20","user_macro_accuracy","0.525129260547459"
"sent140-account-task-v1","sent140","","302","full-identity-reference","30","user_macro_accuracy","0.5174011876399744"
"sent140-account-task-v1","sent140","","302","full-identity-reference","40","user_macro_accuracy","0.5877283698123772"
"sent140-account-task-v1","sent140","","302","full-identity-reference","50","user_macro_accuracy","0.5626654580917448"
"sent140-account-task-v1","sent140","","303","handle-only-drop-residual","0","user_macro_accuracy","0.47002615391144803"
"sent140-account-task-v1","sent140","","303","handle-only-drop-residual","10","user_macro_accuracy","0.48229895083130375"
"sent140-account-task-v1","sent140","","303","handle-only-drop-residual","20","user_macro_accuracy","0.47241251754781166"
"sent140-account-task-v1","sent140","","303","handle-only-drop-residual","30","user_macro_accuracy","0.4711625175478117"
"sent140-account-task-v1","sent140","","303","handle-only-drop-residual","40","user_macro_accuracy","0.47002615391144803"
"sent140-account-task-v1","sent140","","303","handle-only-drop-residual","50","user_macro_accuracy","0.47002615391144803"
"sent140-account-task-v1","sent140","","303","naive-recalibrated-2c","0","user_macro_accuracy","0.47002615391144803"
"sent140-account-task-v1","sent140","","303","naive-recalibrated-2c","10","user_macro_accuracy","0.48176116146244824"
"sent140-account-task-v1","sent140","","303","naive-recalibrated-2c","20","user_macro_accuracy","0.46778480396237754"
"sent140-account-task-v1","sent140","","303","naive-recalibrated-2c","30","user_macro_accuracy","0.4627367811110459"
"sent140-account-task-v1","sent140","","303","naive-recalibrated-2c","40","user_macro_accuracy","0.4641315460683108"
"sent140-account-task-v1","sent140","","303","naive-recalibrated-2c","50","user_macro_accuracy","0.4712335524157215"
"sent140-account-task-v1","sent140","","303","stable-local-fallback","0","user_macro_accuracy","0.47002615391144803"
"sent140-account-task-v1","sent140","","303","stable-local-fallback","10","user_macro_accuracy","0.47017640643670056"
"sent140-account-task-v1","sent140","","303","stable-local-fallback","20","user_macro_accuracy","0.47241251754781166"
"sent140-account-task-v1","sent140","","303","stable-local-fallback","30","user_macro_accuracy","0.46866251754781163"
"sent140-account-task-v1","sent140","","303","stable-local-fallback","40","user_macro_accuracy","0.47002615391144803"
"sent140-account-task-v1","sent140","","303","stable-local-fallback","50","user_macro_accuracy","0.47002615391144803"
"sent140-account-task-v1","sent140","","303","unitscope-lambda-sweep","0","user_macro_accuracy","0.47002615391144803"
"sent140-account-task-v1","sent140","","303","unitscope-lambda-sweep","10","user_macro_accuracy","0.46931031909267196"
"sent140-account-task-v1","sent140","","303","unitscope-lambda-sweep","20","user_macro_accuracy","0.47002615391144803"
"sent140-account-task-v1","sent140","","303","unitscope-lambda-sweep","30","user_macro_accuracy","0.47002615391144803"
"sent140-account-task-v1","sent140","","303","unitscope-lambda-sweep","40","user_macro_accuracy","0.47002615391144803"
"sent140-account-task-v1","sent140","","303","unitscope-lambda-sweep","50","user_macro_accuracy","0.47002615391144803"
"sent140-account-task-v1","sent140","","303","full-identity-reference","0","user_macro_accuracy","0.47002615391144803"
"sent140-account-task-v1","sent140","","303","full-identity-reference","10","user_macro_accuracy","0.47616986753034546"
"sent140-account-task-v1","sent140","","303","full-identity-reference","20","user_macro_accuracy","0.5486857443278399"
"sent140-account-task-v1","sent140","","303","full-identity-reference","30","user_macro_accuracy","0.525973263405984"
"sent140-account-task-v1","sent140","","303","full-identity-reference","40","user_macro_accuracy","0.504752536019264"
"sent140-account-task-v1","sent140","","303","full-identity-reference","50","user_macro_accuracy","0.4924756325373973"
"sent140-account-task-v1","sent140","","304","full-identity-reference","0","user_macro_accuracy","0.5413913351934443"
"sent140-account-task-v1","sent140","","304","full-identity-reference","10","user_macro_accuracy","0.4593612403560063"
"sent140-account-task-v1","sent140","","304","full-identity-reference","20","user_macro_accuracy","0.5431276725052266"
"sent140-account-task-v1","sent140","","304","full-identity-reference","30","user_macro_accuracy","0.479865702696498"
"sent140-account-task-v1","sent140","","304","full-identity-reference","40","user_macro_accuracy","0.4599586648065557"
"sent140-account-task-v1","sent140","","304","full-identity-reference","50","user_macro_accuracy","0.5665249385228778"
"sent140-account-task-v1","sent140","","304","stable-local-fallback","0","user_macro_accuracy","0.5413913351934443"
"sent140-account-task-v1","sent140","","304","stable-local-fallback","10","user_macro_accuracy","0.5175118744470041"
"sent140-account-task-v1","sent140","","304","stable-local-fallback","20","user_macro_accuracy","0.5559844464477302"
"sent140-account-task-v1","sent140","","304","stable-local-fallback","30","user_macro_accuracy","0.5498813927658742"
"sent140-account-task-v1","sent140","","304","stable-local-fallback","40","user_macro_accuracy","0.48587036021648056"
"sent140-account-task-v1","sent140","","304","stable-local-fallback","50","user_macro_accuracy","0.533745467190117"
"sent140-account-task-v1","sent140","","304","unitscope-lambda-sweep","0","user_macro_accuracy","0.5413913351934443"
"sent140-account-task-v1","sent140","","304","unitscope-lambda-sweep","10","user_macro_accuracy","0.45860866480655565"
"sent140-account-task-v1","sent140","","304","unitscope-lambda-sweep","20","user_macro_accuracy","0.5106719671865086"
"sent140-account-task-v1","sent140","","304","unitscope-lambda-sweep","30","user_macro_accuracy","0.5073140729483222"
"sent140-account-task-v1","sent140","","304","unitscope-lambda-sweep","40","user_macro_accuracy","0.45860866480655565"
"sent140-account-task-v1","sent140","","304","unitscope-lambda-sweep","50","user_macro_accuracy","0.46296694194608284"
"sent140-account-task-v1","sent140","","304","naive-recalibrated-2c","0","user_macro_accuracy","0.5413913351934443"
"sent140-account-task-v1","sent140","","304","naive-recalibrated-2c","10","user_macro_accuracy","0.4563723958671617"
"sent140-account-task-v1","sent140","","304","naive-recalibrated-2c","20","user_macro_accuracy","0.49050193617979027"
"sent140-account-task-v1","sent140","","304","naive-recalibrated-2c","30","user_macro_accuracy","0.5097044242901635"
"sent140-account-task-v1","sent140","","304","naive-recalibrated-2c","40","user_macro_accuracy","0.4801246815444473"
"sent140-account-task-v1","sent140","","304","naive-recalibrated-2c","50","user_macro_accuracy","0.5124196541060705"
"sent140-account-task-v1","sent140","","304","handle-only-drop-residual","0","user_macro_accuracy","0.5413913351934443"
"sent140-account-task-v1","sent140","","304","handle-only-drop-residual","10","user_macro_accuracy","0.45860866480655565"
"sent140-account-task-v1","sent140","","304","handle-only-drop-residual","20","user_macro_accuracy","0.5497322100245958"
"sent140-account-task-v1","sent140","","304","handle-only-drop-residual","30","user_macro_accuracy","0.5115696819226812"
"sent140-account-task-v1","sent140","","304","handle-only-drop-residual","40","user_macro_accuracy","0.45860866480655565"
"sent140-account-task-v1","sent140","","304","handle-only-drop-residual","50","user_macro_accuracy","0.47929761163186085"
"sent140-account-task-v1","sent140","","305","handle-only-drop-residual","0","user_macro_accuracy","0.4975955483242248"
"sent140-account-task-v1","sent140","","305","handle-only-drop-residual","10","user_macro_accuracy","0.5044057833710407"
"sent140-account-task-v1","sent140","","305","handle-only-drop-residual","20","user_macro_accuracy","0.502442241704374"
"sent140-account-task-v1","sent140","","305","handle-only-drop-residual","30","user_macro_accuracy","0.5052264678948503"
"sent140-account-task-v1","sent140","","305","handle-only-drop-residual","40","user_macro_accuracy","0.5053055482643718"
"sent140-account-task-v1","sent140","","305","handle-only-drop-residual","50","user_macro_accuracy","0.5269428272435626"
"sent140-account-task-v1","sent140","","305","stable-local-fallback","0","user_macro_accuracy","0.4975955483242248"
"sent140-account-task-v1","sent140","","305","stable-local-fallback","10","user_macro_accuracy","0.5264294471187854"
"sent140-account-task-v1","sent140","","305","stable-local-fallback","20","user_macro_accuracy","0.5059643723787106"
"sent140-account-task-v1","sent140","","305","stable-local-fallback","30","user_macro_accuracy","0.4995073184984949"
"sent140-account-task-v1","sent140","","305","stable-local-fallback","40","user_macro_accuracy","0.5363503271986727"
"sent140-account-task-v1","sent140","","305","stable-local-fallback","50","user_macro_accuracy","0.5043800151917799"
"sent140-account-task-v1","sent140","","305","unitscope-lambda-sweep","0","user_macro_accuracy","0.4975955483242248"
"sent140-account-task-v1","sent140","","305","unitscope-lambda-sweep","10","user_macro_accuracy","0.5044057833710407"
"sent140-account-task-v1","sent140","","305","unitscope-lambda-sweep","20","user_macro_accuracy","0.5044057833710407"
"sent140-account-task-v1","sent140","","305","unitscope-lambda-sweep","30","user_macro_accuracy","0.5044057833710407"
"sent140-account-task-v1","sent140","","305","unitscope-lambda-sweep","40","user_macro_accuracy","0.503084760643768"
"sent140-account-task-v1","sent140","","305","unitscope-lambda-sweep","50","user_macro_accuracy","0.5128059120209855"
"sent140-account-task-v1","sent140","","305","naive-recalibrated-2c","0","user_macro_accuracy","0.4975955483242248"
"sent140-account-task-v1","sent140","","305","naive-recalibrated-2c","10","user_macro_accuracy","0.5040690552843127"
"sent140-account-task-v1","sent140","","305","naive-recalibrated-2c","20","user_macro_accuracy","0.5076730821602145"
"sent140-account-task-v1","sent140","","305","naive-recalibrated-2c","30","user_macro_accuracy","0.5047617329361814"
"sent140-account-task-v1","sent140","","305","naive-recalibrated-2c","40","user_macro_accuracy","0.5439021689979411"
"sent140-account-task-v1","sent140","","305","naive-recalibrated-2c","50","user_macro_accuracy","0.5420846012783512"
"sent140-account-task-v1","sent140","","305","full-identity-reference","0","user_macro_accuracy","0.4975955483242248"
"sent140-account-task-v1","sent140","","305","full-identity-reference","10","user_macro_accuracy","0.5353345233198175"
"sent140-account-task-v1","sent140","","305","full-identity-reference","20","user_macro_accuracy","0.5607599823787324"
"sent140-account-task-v1","sent140","","305","full-identity-reference","30","user_macro_accuracy","0.5412631533295137"
"sent140-account-task-v1","sent140","","305","full-identity-reference","40","user_macro_accuracy","0.5461282034618431"
"sent140-account-task-v1","sent140","","305","full-identity-reference","50","user_macro_accuracy","0.5997455856847401"
"sent140-account-task-v1","sent140","","306","unitscope-lambda-sweep","0","user_macro_accuracy","0.4980812594775296"
"sent140-account-task-v1","sent140","","306","unitscope-lambda-sweep","10","user_macro_accuracy","0.498914592810863"
"sent140-account-task-v1","sent140","","306","unitscope-lambda-sweep","20","user_macro_accuracy","0.5033763220538422"
"sent140-account-task-v1","sent140","","306","unitscope-lambda-sweep","30","user_macro_accuracy","0.4980812594775296"
"sent140-account-task-v1","sent140","","306","unitscope-lambda-sweep","40","user_macro_accuracy","0.49683125947752965"
"sent140-account-task-v1","sent140","","306","unitscope-lambda-sweep","50","user_macro_accuracy","0.49717289364980893"
"sent140-account-task-v1","sent140","","306","full-identity-reference","0","user_macro_accuracy","0.4980812594775296"
"sent140-account-task-v1","sent140","","306","full-identity-reference","10","user_macro_accuracy","0.5411878104310565"
"sent140-account-task-v1","sent140","","306","full-identity-reference","20","user_macro_accuracy","0.5321975161822944"
"sent140-account-task-v1","sent140","","306","full-identity-reference","30","user_macro_accuracy","0.5077137762662964"
"sent140-account-task-v1","sent140","","306","full-identity-reference","40","user_macro_accuracy","0.5625350246639561"
"sent140-account-task-v1","sent140","","306","full-identity-reference","50","user_macro_accuracy","0.5740952086555917"
"sent140-account-task-v1","sent140","","306","stable-local-fallback","0","user_macro_accuracy","0.4980812594775296"
"sent140-account-task-v1","sent140","","306","stable-local-fallback","10","user_macro_accuracy","0.5064745016408323"
"sent140-account-task-v1","sent140","","306","stable-local-fallback","20","user_macro_accuracy","0.5191738672170123"
"sent140-account-task-v1","sent140","","306","stable-local-fallback","30","user_macro_accuracy","0.500296212926858"
"sent140-account-task-v1","sent140","","306","stable-local-fallback","40","user_macro_accuracy","0.5059120630489582"
"sent140-account-task-v1","sent140","","306","stable-local-fallback","50","user_macro_accuracy","0.5370275502051711"
"sent140-account-task-v1","sent140","","306","handle-only-drop-residual","0","user_macro_accuracy","0.4980812594775296"
"sent140-account-task-v1","sent140","","306","handle-only-drop-residual","10","user_macro_accuracy","0.5015435610648312"
"sent140-account-task-v1","sent140","","306","handle-only-drop-residual","20","user_macro_accuracy","0.5088992234579937"
"sent140-account-task-v1","sent140","","306","handle-only-drop-residual","30","user_macro_accuracy","0.49776875947752963"
"sent140-account-task-v1","sent140","","306","handle-only-drop-residual","40","user_macro_accuracy","0.49733125947752965"
"sent140-account-task-v1","sent140","","306","handle-only-drop-residual","50","user_macro_accuracy","0.5020860880942535"
"sent140-account-task-v1","sent140","","306","naive-recalibrated-2c","0","user_macro_accuracy","0.4980812594775296"
"sent140-account-task-v1","sent140","","306","naive-recalibrated-2c","10","user_macro_accuracy","0.501453715840611"
"sent140-account-task-v1","sent140","","306","naive-recalibrated-2c","20","user_macro_accuracy","0.5132639989602691"
"sent140-account-task-v1","sent140","","306","naive-recalibrated-2c","30","user_macro_accuracy","0.49776875947752963"
"sent140-account-task-v1","sent140","","306","naive-recalibrated-2c","40","user_macro_accuracy","0.5008945035251487"
"sent140-account-task-v1","sent140","","306","naive-recalibrated-2c","50","user_macro_accuracy","0.5121123975374984"
"sent140-account-task-v1","sent140","","307","unitscope-lambda-sweep","0","user_macro_accuracy","0.4896815498491239"
"sent140-account-task-v1","sent140","","307","unitscope-lambda-sweep","10","user_macro_accuracy","0.48442809146457094"
"sent140-account-task-v1","sent140","","307","unitscope-lambda-sweep","20","user_macro_accuracy","0.5019254415002602"
"sent140-account-task-v1","sent140","","307","unitscope-lambda-sweep","30","user_macro_accuracy","0.5271882042876949"
"sent140-account-task-v1","sent140","","307","unitscope-lambda-sweep","40","user_macro_accuracy","0.5148488743875593"
"sent140-account-task-v1","sent140","","307","unitscope-lambda-sweep","50","user_macro_accuracy","0.5175066597585505"
"sent140-account-task-v1","sent140","","307","full-identity-reference","0","user_macro_accuracy","0.4896815498491239"
"sent140-account-task-v1","sent140","","307","full-identity-reference","10","user_macro_accuracy","0.4852049025922478"
"sent140-account-task-v1","sent140","","307","full-identity-reference","20","user_macro_accuracy","0.5191691452168763"
"sent140-account-task-v1","sent140","","307","full-identity-reference","30","user_macro_accuracy","0.5165139149230044"
"sent140-account-task-v1","sent140","","307","full-identity-reference","40","user_macro_accuracy","0.5161899010715668"
"sent140-account-task-v1","sent140","","307","full-identity-reference","50","user_macro_accuracy","0.5281836269137584"
"sent140-account-task-v1","sent140","","307","stable-local-fallback","0","user_macro_accuracy","0.4896815498491239"
"sent140-account-task-v1","sent140","","307","stable-local-fallback","10","user_macro_accuracy","0.48574636370767865"
"sent140-account-task-v1","sent140","","307","stable-local-fallback","20","user_macro_accuracy","0.4848928551596087"
"sent140-account-task-v1","sent140","","307","stable-local-fallback","30","user_macro_accuracy","0.5248194006223408"
"sent140-account-task-v1","sent140","","307","stable-local-fallback","40","user_macro_accuracy","0.5209766525145682"
"sent140-account-task-v1","sent140","","307","stable-local-fallback","50","user_macro_accuracy","0.5224443361973728"
"sent140-account-task-v1","sent140","","307","naive-recalibrated-2c","0","user_macro_accuracy","0.4896815498491239"
"sent140-account-task-v1","sent140","","307","naive-recalibrated-2c","10","user_macro_accuracy","0.48574636370767865"
"sent140-account-task-v1","sent140","","307","naive-recalibrated-2c","20","user_macro_accuracy","0.49730218518200453"
"sent140-account-task-v1","sent140","","307","naive-recalibrated-2c","30","user_macro_accuracy","0.50213216823797"
"sent140-account-task-v1","sent140","","307","naive-recalibrated-2c","40","user_macro_accuracy","0.5177862163266522"
"sent140-account-task-v1","sent140","","307","naive-recalibrated-2c","50","user_macro_accuracy","0.5125609706046322"
"sent140-account-task-v1","sent140","","307","handle-only-drop-residual","0","user_macro_accuracy","0.4896815498491239"
"sent140-account-task-v1","sent140","","307","handle-only-drop-residual","10","user_macro_accuracy","0.4833782752881003"
"sent140-account-task-v1","sent140","","307","handle-only-drop-residual","20","user_macro_accuracy","0.4934455403499025"
"sent140-account-task-v1","sent140","","307","handle-only-drop-residual","30","user_macro_accuracy","0.5271280539117551"
"sent140-account-task-v1","sent140","","307","handle-only-drop-residual","40","user_macro_accuracy","0.5148488743875593"
"sent140-account-task-v1","sent140","","307","handle-only-drop-residual","50","user_macro_accuracy","0.5187566597585505"
"sent140-account-task-v1","sent140","","308","unitscope-lambda-sweep","0","user_macro_accuracy","0.5017909823771859"
"sent140-account-task-v1","sent140","","308","unitscope-lambda-sweep","10","user_macro_accuracy","0.5287605081000011"
"sent140-account-task-v1","sent140","","308","unitscope-lambda-sweep","20","user_macro_accuracy","0.4944945993226759"
"sent140-account-task-v1","sent140","","308","unitscope-lambda-sweep","30","user_macro_accuracy","0.5352337788576662"
"sent140-account-task-v1","sent140","","308","unitscope-lambda-sweep","40","user_macro_accuracy","0.5322818228759115"
"sent140-account-task-v1","sent140","","308","unitscope-lambda-sweep","50","user_macro_accuracy","0.5327791848888985"
"sent140-account-task-v1","sent140","","308","handle-only-drop-residual","0","user_macro_accuracy","0.5017909823771859"
"sent140-account-task-v1","sent140","","308","handle-only-drop-residual","10","user_macro_accuracy","0.528482490978234"
"sent140-account-task-v1","sent140","","308","handle-only-drop-residual","20","user_macro_accuracy","0.5007526988620254"
"sent140-account-task-v1","sent140","","308","handle-only-drop-residual","30","user_macro_accuracy","0.5298292020747999"
"sent140-account-task-v1","sent140","","308","handle-only-drop-residual","40","user_macro_accuracy","0.5305608407330544"
"sent140-account-task-v1","sent140","","308","handle-only-drop-residual","50","user_macro_accuracy","0.5323435788282924"
"sent140-account-task-v1","sent140","","308","full-identity-reference","0","user_macro_accuracy","0.5017909823771859"
"sent140-account-task-v1","sent140","","308","full-identity-reference","10","user_macro_accuracy","0.508675285874686"
"sent140-account-task-v1","sent140","","308","full-identity-reference","20","user_macro_accuracy","0.4735192683939297"
"sent140-account-task-v1","sent140","","308","full-identity-reference","30","user_macro_accuracy","0.5401939830787547"
"sent140-account-task-v1","sent140","","308","full-identity-reference","40","user_macro_accuracy","0.5066188154434574"
"sent140-account-task-v1","sent140","","308","full-identity-reference","50","user_macro_accuracy","0.4864063088936348"
"sent140-account-task-v1","sent140","","308","stable-local-fallback","0","user_macro_accuracy","0.5017909823771859"
"sent140-account-task-v1","sent140","","308","stable-local-fallback","10","user_macro_accuracy","0.4942228771722773"
"sent140-account-task-v1","sent140","","308","stable-local-fallback","20","user_macro_accuracy","0.4717161929971044"
"sent140-account-task-v1","sent140","","308","stable-local-fallback","30","user_macro_accuracy","0.48111783205184905"
"sent140-account-task-v1","sent140","","308","stable-local-fallback","40","user_macro_accuracy","0.494091727491205"
"sent140-account-task-v1","sent140","","308","stable-local-fallback","50","user_macro_accuracy","0.5041994523847755"
"sent140-account-task-v1","sent140","","308","naive-recalibrated-2c","0","user_macro_accuracy","0.5017909823771859"
"sent140-account-task-v1","sent140","","308","naive-recalibrated-2c","10","user_macro_accuracy","0.5146523685829993"
"sent140-account-task-v1","sent140","","308","naive-recalibrated-2c","20","user_macro_accuracy","0.4792400833224653"
"sent140-account-task-v1","sent140","","308","naive-recalibrated-2c","30","user_macro_accuracy","0.5033587829922486"
"sent140-account-task-v1","sent140","","308","naive-recalibrated-2c","40","user_macro_accuracy","0.5618763710006455"
"sent140-account-task-v1","sent140","","308","naive-recalibrated-2c","50","user_macro_accuracy","0.5556448357874925"
"sent140-account-task-v1","sent140","","309","naive-recalibrated-2c","0","user_macro_accuracy","0.5704378151778063"
"sent140-account-task-v1","sent140","","309","naive-recalibrated-2c","10","user_macro_accuracy","0.5704378151778063"
"sent140-account-task-v1","sent140","","309","naive-recalibrated-2c","20","user_macro_accuracy","0.5460234686715808"
"sent140-account-task-v1","sent140","","309","naive-recalibrated-2c","30","user_macro_accuracy","0.5672199843974756"
"sent140-account-task-v1","sent140","","309","naive-recalibrated-2c","40","user_macro_accuracy","0.5352344228281276"
"sent140-account-task-v1","sent140","","309","naive-recalibrated-2c","50","user_macro_accuracy","0.5393376997694026"
"sent140-account-task-v1","sent140","","309","full-identity-reference","0","user_macro_accuracy","0.5704378151778063"
"sent140-account-task-v1","sent140","","309","full-identity-reference","10","user_macro_accuracy","0.5695331434606345"
"sent140-account-task-v1","sent140","","309","full-identity-reference","20","user_macro_accuracy","0.4393277809104297"
"sent140-account-task-v1","sent140","","309","full-identity-reference","30","user_macro_accuracy","0.47744445334704716"
"sent140-account-task-v1","sent140","","309","full-identity-reference","40","user_macro_accuracy","0.45189741644688497"
"sent140-account-task-v1","sent140","","309","full-identity-reference","50","user_macro_accuracy","0.4447600975385761"
"sent140-account-task-v1","sent140","","309","unitscope-lambda-sweep","0","user_macro_accuracy","0.5704378151778063"
"sent140-account-task-v1","sent140","","309","unitscope-lambda-sweep","10","user_macro_accuracy","0.5704378151778063"
"sent140-account-task-v1","sent140","","309","unitscope-lambda-sweep","20","user_macro_accuracy","0.5674517040666952"
"sent140-account-task-v1","sent140","","309","unitscope-lambda-sweep","30","user_macro_accuracy","0.5701600374000286"
"sent140-account-task-v1","sent140","","309","unitscope-lambda-sweep","40","user_macro_accuracy","0.5686045893758305"
"sent140-account-task-v1","sent140","","309","unitscope-lambda-sweep","50","user_macro_accuracy","0.5725927297077209"
"sent140-account-task-v1","sent140","","309","stable-local-fallback","0","user_macro_accuracy","0.5704378151778063"
"sent140-account-task-v1","sent140","","309","stable-local-fallback","10","user_macro_accuracy","0.5704378151778063"
"sent140-account-task-v1","sent140","","309","stable-local-fallback","20","user_macro_accuracy","0.5559058003133361"
"sent140-account-task-v1","sent140","","309","stable-local-fallback","30","user_macro_accuracy","0.5614595194305041"
"sent140-account-task-v1","sent140","","309","stable-local-fallback","40","user_macro_accuracy","0.527091379650545"
"sent140-account-task-v1","sent140","","309","stable-local-fallback","50","user_macro_accuracy","0.46944455364816867"
"sent140-account-task-v1","sent140","","309","handle-only-drop-residual","0","user_macro_accuracy","0.5704378151778063"
"sent140-account-task-v1","sent140","","309","handle-only-drop-residual","10","user_macro_accuracy","0.5704378151778063"
"sent140-account-task-v1","sent140","","309","handle-only-drop-residual","20","user_macro_accuracy","0.5569302759452034"
"sent140-account-task-v1","sent140","","309","handle-only-drop-residual","30","user_macro_accuracy","0.5695350374000285"
"sent140-account-task-v1","sent140","","309","handle-only-drop-residual","40","user_macro_accuracy","0.5593224597023065"
"sent140-account-task-v1","sent140","","309","handle-only-drop-residual","50","user_macro_accuracy","0.5678941591810253"
