method,implementation_provenance,privacy_semantics,comparison_tier,seed,config_hash,lambda,H,B,C,q_user,q_record_given_handle,realized_q_user,realized_q_record_given_handle,overlap_probability,realized_overlap,gradient_correlation,realized_pairwise_cosine_mean,realized_pairwise_cosine_p10,realized_pairwise_cosine_p50,realized_pairwise_cosine_p90,certified_sensitivity,structural_sensitivity_bound,certificate_type,noise_sensitivity,effective_record_utilization,partial_handle_record_fraction,residual_record_fraction,clip_fraction,aggregate_snr,wall_time_seconds,deterministic_distortion,noisy_aggregate_mse
stable-local-fallback,this-work,user-certified,primary,0,c9666d92f54946afd0d7939364a7c039fd43c592f9b82d70e359b08e301f2cf4,0.0,1,6,1.0,0.5,0.5,0.5,0.5,0.5,0.499,0.0,1.1154897702486132e-18,-2.775557561562892e-17,0.0,3.122502256758253e-17,1.0,1.0,plan-c,1.0,1.0,0.0,1.0,1.0,1.0496835424096278,0.0801427999977022,0.000337496100142,0.0003446902799674
handle-only-drop-residual,this-work,user-certified,primary,0,c9666d92f54946afd0d7939364a7c039fd43c592f9b82d70e359b08e301f2cf4,1.0,1,6,1.0,0.5,0.5,0.5,0.5,0.5,0.499,0.0,1.1154897702486132e-18,-2.775557561562892e-17,0.0,3.122502256758253e-17,1.0,1.0,plan-c,1.0,0.2483322214809873,0.2483322214809873,0.0,0.157,2.773742840508147,0.057486699995934,0.0002710791581833,0.0002836367617097
unitscope-equal,this-work,user-certified,primary,0,c9666d92f54946afd0d7939364a7c039fd43c592f9b82d70e359b08e301f2cf4,0.1428571428571428,1,6,1.0,0.5,0.5,0.5,0.5,0.5,0.499,0.0,1.1154897702486132e-18,-2.775557561562892e-17,0.0,3.122502256758253e-17,1.0,1.0,plan-c,1.0,1.0,0.2483322214809873,0.7516677785190127,1.0,1.3283904162393023,0.0592657999950461,0.0002979444660583,0.0003063645542174
unitscope-tuned,this-work,user-certified,primary,0,c9666d92f54946afd0d7939364a7c039fd43c592f9b82d70e359b08e301f2cf4,0.0,1,6,1.0,0.5,0.5,0.5,0.5,0.5,0.499,0.0,1.1154897702486132e-18,-2.775557561562892e-17,0.0,3.122502256758253e-17,1.0,1.0,plan-c,1.0,1.0,0.0,1.0,1.0,1.0496835424096278,0.0515490999969188,0.000337496100142,0.0003446902799674
naive-recalibrated-2c,this-work,user-certified,primary,0,c9666d92f54946afd0d7939364a7c039fd43c592f9b82d70e359b08e301f2cf4,,1,6,1.0,0.5,0.5,0.5,0.5,0.5,0.499,0.0,1.1154897702486132e-18,-2.775557561562892e-17,0.0,3.122502256758253e-17,2.0,2.0,plan-delta,2.0,1.0,0.2483322214809873,0.7516677785190127,0.7805259047123145,1.7755311325908418,0.0609101000009104,0.0001557420398801,0.0002247851281215
full-identity-reference,oracle,oracle-assumption,full-identity-reference,0,c9666d92f54946afd0d7939364a7c039fd43c592f9b82d70e359b08e301f2cf4,,1,6,1.0,0.5,0.5,0.5,0.5,0.5,0.499,0.0,1.1154897702486132e-18,-2.775557561562892e-17,0.0,3.122502256758253e-17,1.0,1.0,plan-c,1.0,1.0,0.0,0.0,1.0,5.146293509251274,0.3382029000058537,0.0,1.9925347562214547e-05
non-private-reference,oracle,non-private,diagnostic,0,c9666d92f54946afd0d7939364a7c039fd43c592f9b82d70e359b08e301f2cf4,,1,6,1.0,0.5,0.5,0.5,0.5,0.5,0.499,0.0,1.1154897702486132e-18,-2.775557561562892e-17,0.0,3.122502256758253e-17,,,non-private,0.0,1.0,0.0,0.0,0.0,inf,0.061212800006615,0.0001382192126081,0.0001382192126081
naive-claimed-c,this-work,unsafe-diagnostic,diagnostic,0,c9666d92f54946afd0d7939364a7c039fd43c592f9b82d70e359b08e301f2cf4,,1,6,1.0,0.5,0.5,0.5,0.5,0.5,0.499,0.0,1.1154897702486132e-18,-2.775557561562892e-17,0.0,3.122502256758253e-17,,2.0,unsafe-diagnostic,1.0,1.0,0.2483322214809873,0.7516677785190127,0.7805259047123145,3.551062265181684,0.0596181000000797,0.0001557420398801,0.0001703382364385
stable-local-fallback,this-work,user-certified,primary,1,c9666d92f54946afd0d7939364a7c039fd43c592f9b82d70e359b08e301f2cf4,0.0,1,6,1.0,0.5,0.5,0.5,0.5,0.5,0.4995,0.0,-1.0548994110669773e-18,-3.4694469519536136e-17,0.0,3.122502256758253e-17,1.0,1.0,plan-c,1.0,1.0,0.0,1.0,1.0,1.2446626361921118,0.051499799999874,0.0003545236986979,0.0003896107826631
handle-only-drop-residual,this-work,user-certified,primary,1,c9666d92f54946afd0d7939364a7c039fd43c592f9b82d70e359b08e301f2cf4,1.0,1,6,1.0,0.5,0.5,0.5,0.5,0.5,0.4995,0.0,-1.0548994110669773e-18,-3.4694469519536136e-17,0.0,3.122502256758253e-17,1.0,1.0,plan-c,1.0,0.2504168056018673,0.2504168056018673,0.0,0.178,3.1339735588065887,0.0733397000003606,0.0003043654261299,0.0003406159486922
unitscope-equal,this-work,user-certified,primary,1,c9666d92f54946afd0d7939364a7c039fd43c592f9b82d70e359b08e301f2cf4,0.1428571428571428,1,6,1.0,0.5,0.5,0.5,0.5,0.5,0.4995,0.0,-1.0548994110669773e-18,-3.4694469519536136e-17,0.0,3.122502256758253e-17,1.0,1.0,plan-c,1.0,1.0,0.2504168056018673,0.7495831943981327,1.0,1.454016013420899,0.0601289000042015,0.000332063418127,0.0003670906394278
unitscope-tuned,this-work,user-certified,primary,1,c9666d92f54946afd0d7939364a7c039fd43c592f9b82d70e359b08e301f2cf4,0.0,1,6,1.0,0.5,0.5,0.5,0.5,0.5,0.4995,0.0,-1.0548994110669773e-18,-3.4694469519536136e-17,0.0,3.122502256758253e-17,1.0,1.0,plan-c,1.0,1.0,0.0,1.0,1.0,1.2446626361921118,0.0543460000044433,0.0003545236986979,0.0003896107826631
naive-recalibrated-2c,this-work,user-certified,primary,1,c9666d92f54946afd0d7939364a7c039fd43c592f9b82d70e359b08e301f2cf4,,1,6,1.0,0.5,0.5,0.5,0.5,0.5,0.4995,0.0,-1.0548994110669773e-18,-3.4694469519536136e-17,0.0,3.122502256758253e-17,2.0,2.0,plan-delta,2.0,1.0,0.2504168056018673,0.7495831943981327,0.7848730698769956,1.984807831198546,0.0682310999982291,0.0001861412549372,0.0002784818373264
full-identity-reference,oracle,oracle-assumption,full-identity-reference,1,c9666d92f54946afd0d7939364a7c039fd43c592f9b82d70e359b08e301f2cf4,,1,6,1.0,0.5,0.5,0.5,0.5,0.5,0.4995,0.0,-1.0548994110669773e-18,-3.4694469519536136e-17,0.0,3.122502256758253e-17,1.0,1.0,plan-c,1.0,1.0,0.0,0.0,1.0,6.152632961737046,0.3791044999961741,0.0,1.4585911827834765e-05
non-private-reference,oracle,non-private,diagnostic,1,c9666d92f54946afd0d7939364a7c039fd43c592f9b82d70e359b08e301f2cf4,,1,6,1.0,0.5,0.5,0.5,0.5,0.5,0.4995,0.0,-1.0548994110669773e-18,-3.4694469519536136e-17,0.0,3.122502256758253e-17,,,non-private,0.0,1.0,0.0,0.0,0.0,inf,0.0475720999966142,0.0001379500758486,0.0001379500758486
naive-claimed-c,this-work,unsafe-diagnostic,diagnostic,1,c9666d92f54946afd0d7939364a7c039fd43c592f9b82d70e359b08e301f2cf4,,1,6,1.0,0.5,0.5,0.5,0.5,0.5,0.4995,0.0,-1.0548994110669773e-18,-3.4694469519536136e-17,0.0,3.122502256758253e-17,,2.0,unsafe-diagnostic,1.0,1.0,0.2504168056018673,0.7495831943981327,0.7848730698769956,3.969615662397092,0.0758137999946484,0.0001861412549372,0.000217725634304
stable-local-fallback,this-work,user-certified,primary,2,c9666d92f54946afd0d7939364a7c039fd43c592f9b82d70e359b08e301f2cf4,0.0,1,6,1.0,0.5,0.5,0.5,0.5,0.5,0.484,0.0,1.154988925895715e-18,-2.775557561562892e-17,0.0,3.4694469519536136e-17,1.0,1.0,plan-c,1.0,1.0,0.0,1.0,1.0,1.1051820084478392,0.0506786000041756,0.0002974270203325,0.0003347230342958
handle-only-drop-residual,this-work,user-certified,primary,2,c9666d92f54946afd0d7939364a7c039fd43c592f9b82d70e359b08e301f2cf4,1.0,1,6,1.0,0.5,0.5,0.5,0.5,0.5,0.484,0.0,1.154988925895715e-18,-2.775557561562892e-17,0.0,3.4694469519536136e-17,1.0,1.0,plan-c,1.0,0.2498315363881401,0.2498315363881401,0.0,0.165,2.7306414419920397,0.0621868000016547,0.0003057367328774,0.0003559622248594
unitscope-equal,this-work,user-certified,primary,2,c9666d92f54946afd0d7939364a7c039fd43c592f9b82d70e359b08e301f2cf4,0.1428571428571428,1,6,1.0,0.5,0.5,0.5,0.5,0.5,0.484,0.0,1.154988925895715e-18,-2.775557561562892e-17,0.0,3.4694469519536136e-17,1.0,1.0,plan-c,1.0,1.0,0.2498315363881401,0.7501684636118598,1.0,1.2673936285416991,0.0672093000030145,0.0002822395359519,0.0003221034006256
unitscope-tuned,this-work,user-certified,primary,2,c9666d92f54946afd0d7939364a7c039fd43c592f9b82d70e359b08e301f2cf4,0.0,1,6,1.0,0.5,0.5,0.5,0.5,0.5,0.484,0.0,1.154988925895715e-18,-2.775557561562892e-17,0.0,3.4694469519536136e-17,1.0,1.0,plan-c,1.0,1.0,0.0,1.0,1.0,1.1051820084478392,0.068906300002709,0.0002974270203325,0.0003347230342958
naive-recalibrated-2c,this-work,user-certified,primary,2,c9666d92f54946afd0d7939364a7c039fd43c592f9b82d70e359b08e301f2cf4,,1,6,1.0,0.5,0.5,0.5,0.5,0.5,0.484,0.0,1.154988925895715e-18,-2.775557561562892e-17,0.0,3.4694469519536136e-17,2.0,2.0,plan-delta,2.0,1.0,0.2498315363881401,0.7501684636118598,0.7804364975019721,1.689212440448792,0.0616922000044724,0.0001900851505167,0.0003134018265076
full-identity-reference,oracle,oracle-assumption,full-identity-reference,2,c9666d92f54946afd0d7939364a7c039fd43c592f9b82d70e359b08e301f2cf4,,1,6,1.0,0.5,0.5,0.5,0.5,0.5,0.484,0.0,1.154988925895715e-18,-2.775557561562892e-17,0.0,3.4694469519536136e-17,1.0,1.0,plan-c,1.0,1.0,0.0,0.0,1.0,5.397314953033132,0.3487485000077868,0.0,1.5944966299623317e-05
non-private-reference,oracle,non-private,diagnostic,2,c9666d92f54946afd0d7939364a7c039fd43c592f9b82d70e359b08e301f2cf4,,1,6,1.0,0.5,0.5,0.5,0.5,0.5,0.484,0.0,1.154988925895715e-18,-2.775557561562892e-17,0.0,3.4694469519536136e-17,,,non-private,0.0,1.0,0.0,0.0,0.0,inf,0.047300999998697,0.0001310097726748,0.0001310097726748
naive-claimed-c,this-work,unsafe-diagnostic,diagnostic,2,c9666d92f54946afd0d7939364a7c039fd43c592f9b82d70e359b08e301f2cf4,,1,6,1.0,0.5,0.5,0.5,0.5,0.5,0.484,0.0,1.154988925895715e-18,-2.775557561562892e-17,0.0,3.4694469519536136e-17,,2.0,unsafe-diagnostic,1.0,1.0,0.2498315363881401,0.7501684636118598,0.7804364975019721,3.378424880897584,0.0594879999989643,0.0001900851505167,0.0002357985222125
stable-local-fallback,this-work,user-certified,primary,3,c9666d92f54946afd0d7939364a7c039fd43c592f9b82d70e359b08e301f2cf4,0.0,1,6,1.0,0.5,0.5,0.5,0.5,0.5,0.508,0.0,-1.028711510114199e-18,-3.4694469519536136e-17,0.0,3.4694469519536136e-17,1.0,1.0,plan-c,1.0,1.0,0.0,1.0,1.0,1.2426967729710123,0.0556788999965647,0.0003081592329482,0.0003035198437984
handle-only-drop-residual,this-work,user-certified,primary,3,c9666d92f54946afd0d7939364a7c039fd43c592f9b82d70e359b08e301f2cf4,1.0,1,6,1.0,0.5,0.5,0.5,0.5,0.5,0.508,0.0,-1.028711510114199e-18,-3.4694469519536136e-17,0.0,3.4694469519536136e-17,1.0,1.0,plan-c,1.0,0.248342175066313,0.248342175066313,0.0,0.171,3.0540348552703533,0.0738855999952647,0.0002344326529211,0.0002373605681262
unitscope-equal,this-work,user-certified,primary,3,c9666d92f54946afd0d7939364a7c039fd43c592f9b82d70e359b08e301f2cf4,0.1428571428571428,1,6,1.0,0.5,0.5,0.5,0.5,0.5,0.508,0.0,-1.028711510114199e-18,-3.4694469519536136e-17,0.0,3.4694469519536136e-17,1.0,1.0,plan-c,1.0,1.0,0.248342175066313,0.751657824933687,1.0,1.457289191475545,0.073691300000064,0.0002875860126596,0.0002845788482133
unitscope-tuned,this-work,user-certified,primary,3,c9666d92f54946afd0d7939364a7c039fd43c592f9b82d70e359b08e301f2cf4,0.0,1,6,1.0,0.5,0.5,0.5,0.5,0.5,0.508,0.0,-1.028711510114199e-18,-3.4694469519536136e-17,0.0,3.4694469519536136e-17,1.0,1.0,plan-c,1.0,1.0,0.0,1.0,1.0,1.2426967729710123,0.0676915999938501,0.0003081592329482,0.0003035198437984
naive-recalibrated-2c,this-work,user-certified,primary,3,c9666d92f54946afd0d7939364a7c039fd43c592f9b82d70e359b08e301f2cf4,,1,6,1.0,0.5,0.5,0.5,0.5,0.5,0.508,0.0,-1.028711510114199e-18,-3.4694469519536136e-17,0.0,3.4694469519536136e-17,2.0,2.0,plan-delta,2.0,1.0,0.248342175066313,0.751657824933687,0.7843953185955787,1.972634719589342,0.1004313000012189,0.0001357489805166,0.0001804611923855
full-identity-reference,oracle,oracle-assumption,full-identity-reference,3,c9666d92f54946afd0d7939364a7c039fd43c592f9b82d70e359b08e301f2cf4,,1,6,1.0,0.5,0.5,0.5,0.5,0.5,0.508,0.0,-1.028711510114199e-18,-3.4694469519536136e-17,0.0,3.4694469519536136e-17,1.0,1.0,plan-c,1.0,1.0,0.0,0.0,1.0,5.864312315378012,0.3731752000021515,0.0,1.4295995470253786e-05
non-private-reference,oracle,non-private,diagnostic,3,c9666d92f54946afd0d7939364a7c039fd43c592f9b82d70e359b08e301f2cf4,,1,6,1.0,0.5,0.5,0.5,0.5,0.5,0.508,0.0,-1.028711510114199e-18,-3.4694469519536136e-17,0.0,3.4694469519536136e-17,,,non-private,0.0,1.0,0.0,0.0,0.0,inf,0.0469520000042393,0.0001560967403371,0.0001560967403371
naive-claimed-c,this-work,unsafe-diagnostic,diagnostic,3,c9666d92f54946afd0d7939364a7c039fd43c592f9b82d70e359b08e301f2cf4,,1,6,1.0,0.5,0.5,0.5,0.5,0.5,0.508,0.0,-1.028711510114199e-18,-3.4694469519536136e-17,0.0,3.4694469519536136e-17,,2.0,unsafe-diagnostic,1.0,1.0,0.248342175066313,0.751657824933687,0.7843953185955787,3.945269439178684,0.0600993999978527,0.0001357489805166,0.0001438090909808
stable-local-fallback,this-work,user-certified,primary,4,c9666d92f54946afd0d7939364a7c039fd43c592f9b82d70e359b08e301f2cf4,0.0,1,6,1.0,0.5,0.5,0.5,0.5,0.5,0.502,0.0,5.071128886446146e-19,-3.0704605524789466e-17,0.0,3.4694469519536136e-17,1.0,1.0,plan-c,1.0,1.0,0.0,1.0,1.0,1.083410149901307,0.0511301999940769,0.0002817095259276,0.0002871015571227
handle-only-drop-residual,this-work,user-certified,primary,4,c9666d92f54946afd0d7939364a7c039fd43c592f9b82d70e359b08e301f2cf4,1.0,1,6,1.0,0.5,0.5,0.5,0.5,0.5,0.502,0.0,5.071128886446146e-19,-3.0704605524789466e-17,0.0,3.4694469519536136e-17,1.0,1.0,plan-c,1.0,0.2470039946737683,0.2470039946737683,0.0,0.158,3.014934876751891,0.0593632999953115,0.0002737620568974,0.0003016309663547
unitscope-equal,this-work,user-certified,primary,4,c9666d92f54946afd0d7939364a7c039fd43c592f9b82d70e359b08e301f2cf4,0.1428571428571428,1,6,1.0,0.5,0.5,0.5,0.5,0.5,0.502,0.0,5.071128886446146e-19,-3.0704605524789466e-17,0.0,3.4694469519536136e-17,1.0,1.0,plan-c,1.0,1.0,0.2470039946737683,0.7529960053262317,1.0,1.2814357545618331,0.0620291999948676,0.0002623757249261,0.0002716105153167
unitscope-tuned,this-work,user-certified,primary,4,c9666d92f54946afd0d7939364a7c039fd43c592f9b82d70e359b08e301f2cf4,0.0,1,6,1.0,0.5,0.5,0.5,0.5,0.5,0.502,0.0,5.071128886446146e-19,-3.0704605524789466e-17,0.0,3.4694469519536136e-17,1.0,1.0,plan-c,1.0,1.0,0.0,1.0,1.0,1.083410149901307,0.0535093000071356,0.0002817095259276,0.0002871015571227
naive-recalibrated-2c,this-work,user-certified,primary,4,c9666d92f54946afd0d7939364a7c039fd43c592f9b82d70e359b08e301f2cf4,,1,6,1.0,0.5,0.5,0.5,0.5,0.5,0.502,0.0,5.071128886446146e-19,-3.0704605524789466e-17,0.0,3.4694469519536136e-17,2.0,2.0,plan-delta,2.0,1.0,0.2470039946737683,0.7529960053262317,0.781071242849714,1.8094991887638816,0.0623846999951638,0.0001708890116999,0.0002596987163451
full-identity-reference,oracle,oracle-assumption,full-identity-reference,4,c9666d92f54946afd0d7939364a7c039fd43c592f9b82d70e359b08e301f2cf4,,1,6,1.0,0.5,0.5,0.5,0.5,0.5,0.502,0.0,5.071128886446146e-19,-3.0704605524789466e-17,0.0,3.4694469519536136e-17,1.0,1.0,plan-c,1.0,1.0,0.0,0.0,1.0,5.294312486165919,0.5108883999928366,0.0,1.5688479693467358e-05
non-private-reference,oracle,non-private,diagnostic,4,c9666d92f54946afd0d7939364a7c039fd43c592f9b82d70e359b08e301f2cf4,,1,6,1.0,0.5,0.5,0.5,0.5,0.5,0.502,0.0,5.071128886446146e-19,-3.0704605524789466e-17,0.0,3.4694469519536136e-17,,,non-private,0.0,1.0,0.0,0.0,0.0,inf,0.0597441000136313,0.0001239313031695,0.0001239313031695
naive-claimed-c,this-work,unsafe-diagnostic,diagnostic,4,c9666d92f54946afd0d7939364a7c039fd43c592f9b82d70e359b08e301f2cf4,,1,6,1.0,0.5,0.5,0.5,0.5,0.5,0.502,0.0,5.071128886446146e-19,-3.0704605524789466e-17,0.0,3.4694469519536136e-17,,2.0,unsafe-diagnostic,1.0,1.0,0.2470039946737683,0.7529960053262317,0.781071242849714,3.618998377527763,0.0735503000032622,0.0001708890116999,0.000199605384329
stable-local-fallback,this-work,user-certified,primary,5,c9666d92f54946afd0d7939364a7c039fd43c592f9b82d70e359b08e301f2cf4,0.0,1,6,1.0,0.5,0.5,0.5,0.5,0.5,0.5045,0.0,1.3663741154931293e-18,-2.775557561562892e-17,0.0,3.4694469519536136e-17,1.0,1.0,plan-c,1.0,1.0,0.0,1.0,1.0,1.0438977417474122,0.0514259000046877,0.0003175052038099,0.000297374743711
handle-only-drop-residual,this-work,user-certified,primary,5,c9666d92f54946afd0d7939364a7c039fd43c592f9b82d70e359b08e301f2cf4,1.0,1,6,1.0,0.5,0.5,0.5,0.5,0.5,0.5045,0.0,1.3663741154931293e-18,-2.775557561562892e-17,0.0,3.4694469519536136e-17,1.0,1.0,plan-c,1.0,0.2497507477567298,0.2497507477567298,0.0,0.171,2.7977259066323,0.082328900010907,0.0002476337142288,0.0002273795657983
unitscope-equal,this-work,user-certified,primary,5,c9666d92f54946afd0d7939364a7c039fd43c592f9b82d70e359b08e301f2cf4,0.1428571428571428,1,6,1.0,0.5,0.5,0.5,0.5,0.5,0.5045,0.0,1.3663741154931293e-18,-2.775557561562892e-17,0.0,3.4694469519536136e-17,1.0,1.0,plan-c,1.0,1.0,0.2497507477567298,0.7502492522432702,1.0,1.2665207438397876,0.0692300999944564,0.0002902001718022,0.0002685134013655
unitscope-tuned,this-work,user-certified,primary,5,c9666d92f54946afd0d7939364a7c039fd43c592f9b82d70e359b08e301f2cf4,0.0,1,6,1.0,0.5,0.5,0.5,0.5,0.5,0.5045,0.0,1.3663741154931293e-18,-2.775557561562892e-17,0.0,3.4694469519536136e-17,1.0,1.0,plan-c,1.0,1.0,0.0,1.0,1.0,1.0438977417474122,0.0572467999882064,0.0003175052038099,0.000297374743711
naive-recalibrated-2c,this-work,user-certified,primary,5,c9666d92f54946afd0d7939364a7c039fd43c592f9b82d70e359b08e301f2cf4,,1,6,1.0,0.5,0.5,0.5,0.5,0.5,0.5045,0.0,1.3663741154931293e-18,-2.775557561562892e-17,0.0,3.4694469519536136e-17,2.0,2.0,plan-delta,2.0,1.0,0.2497507477567298,0.7502492522432702,0.7840020844189682,1.769787470675994,0.0686581000045407,0.0001462583483626,0.0001699479419177
full-identity-reference,oracle,oracle-assumption,full-identity-reference,5,c9666d92f54946afd0d7939364a7c039fd43c592f9b82d70e359b08e301f2cf4,,1,6,1.0,0.5,0.5,0.5,0.5,0.5,0.5045,0.0,1.3663741154931293e-18,-2.775557561562892e-17,0.0,3.4694469519536136e-17,1.0,1.0,plan-c,1.0,1.0,0.0,0.0,1.0,4.939058273830325,0.3416433999955188,0.0,2.072019138122691e-05
non-private-reference,oracle,non-private,diagnostic,5,c9666d92f54946afd0d7939364a7c039fd43c592f9b82d70e359b08e301f2cf4,,1,6,1.0,0.5,0.5,0.5,0.5,0.5,0.5045,0.0,1.3663741154931293e-18,-2.775557561562892e-17,0.0,3.4694469519536136e-17,,,non-private,0.0,1.0,0.0,0.0,0.0,inf,0.0613441999885253,0.0001601577057687,0.0001601577057687
naive-claimed-c,this-work,unsafe-diagnostic,diagnostic,5,c9666d92f54946afd0d7939364a7c039fd43c592f9b82d70e359b08e301f2cf4,,1,6,1.0,0.5,0.5,0.5,0.5,0.5,0.5045,0.0,1.3663741154931293e-18,-2.775557561562892e-17,0.0,3.4694469519536136e-17,,2.0,unsafe-diagnostic,1.0,1.0,0.2497507477567298,0.7502492522432702,0.7840020844189682,3.539574941351988,0.0613336999958846,0.0001462583483626,0.0001373829537589
stable-local-fallback,this-work,user-certified,primary,6,c9666d92f54946afd0d7939364a7c039fd43c592f9b82d70e359b08e301f2cf4,0.0,1,6,1.0,0.5,0.5,0.5,0.5,0.5,0.509,0.0,7.097370606525936e-19,-2.827599265842195e-17,0.0,3.001071613439888e-17,1.0,1.0,plan-c,1.0,1.0,0.0,1.0,1.0,1.2515884215013988,0.0513489999866578,0.0003095094446425,0.0002957190441592
handle-only-drop-residual,this-work,user-certified,primary,6,c9666d92f54946afd0d7939364a7c039fd43c592f9b82d70e359b08e301f2cf4,1.0,1,6,1.0,0.5,0.5,0.5,0.5,0.5,0.509,0.0,7.097370606525936e-19,-2.827599265842195e-17,0.0,3.001071613439888e-17,1.0,1.0,plan-c,1.0,0.25,0.25,0.0,0.171,3.00653521037432,0.0583923999947728,0.0003139081138769,0.0003124555221887
unitscope-equal,this-work,user-certified,primary,6,c9666d92f54946afd0d7939364a7c039fd43c592f9b82d70e359b08e301f2cf4,0.1428571428571428,1,6,1.0,0.5,0.5,0.5,0.5,0.5,0.509,0.0,7.097370606525936e-19,-2.827599265842195e-17,0.0,3.001071613439888e-17,1.0,1.0,plan-c,1.0,1.0,0.25,0.75,1.0,1.3996198393000312,0.078897399987909,0.0002964724638067,0.0002846061105303
unitscope-tuned,this-work,user-certified,primary,6,c9666d92f54946afd0d7939364a7c039fd43c592f9b82d70e359b08e301f2cf4,0.0,1,6,1.0,0.5,0.5,0.5,0.5,0.5,0.509,0.0,7.097370606525936e-19,-2.827599265842195e-17,0.0,3.001071613439888e-17,1.0,1.0,plan-c,1.0,1.0,0.0,1.0,1.0,1.2515884215013988,0.0536826999887125,0.0003095094446425,0.0002957190441592
naive-recalibrated-2c,this-work,user-certified,primary,6,c9666d92f54946afd0d7939364a7c039fd43c592f9b82d70e359b08e301f2cf4,,1,6,1.0,0.5,0.5,0.5,0.5,0.5,0.509,0.0,7.097370606525936e-19,-2.827599265842195e-17,0.0,3.001071613439888e-17,2.0,2.0,plan-delta,2.0,1.0,0.25,0.75,0.7845074083701585,1.866105608689816,0.0625212000013561,0.000193249414509,0.0002255776556868
full-identity-reference,oracle,oracle-assumption,full-identity-reference,6,c9666d92f54946afd0d7939364a7c039fd43c592f9b82d70e359b08e301f2cf4,,1,6,1.0,0.5,0.5,0.5,0.5,0.5,0.509,0.0,7.097370606525936e-19,-2.827599265842195e-17,0.0,3.001071613439888e-17,1.0,1.0,plan-c,1.0,1.0,0.0,0.0,1.0,6.134257238903734,0.3633234000008087,0.0,1.285091852884027e-05
non-private-reference,oracle,non-private,diagnostic,6,c9666d92f54946afd0d7939364a7c039fd43c592f9b82d70e359b08e301f2cf4,,1,6,1.0,0.5,0.5,0.5,0.5,0.5,0.509,0.0,7.097370606525936e-19,-2.827599265842195e-17,0.0,3.001071613439888e-17,,,non-private,0.0,1.0,0.0,0.0,0.0,inf,0.0662940000038361,0.0001289734346239,0.0001289734346239
naive-claimed-c,this-work,unsafe-diagnostic,diagnostic,6,c9666d92f54946afd0d7939364a7c039fd43c592f9b82d70e359b08e301f2cf4,,1,6,1.0,0.5,0.5,0.5,0.5,0.5,0.509,0.0,7.097370606525936e-19,-2.827599265842195e-17,0.0,3.001071613439888e-17,,2.0,unsafe-diagnostic,1.0,1.0,0.25,0.75,0.7845074083701585,3.732211217379631,0.0973296000011032,0.000193249414509,0.0001965626165691
stable-local-fallback,this-work,user-certified,primary,7,c9666d92f54946afd0d7939364a7c039fd43c592f9b82d70e359b08e301f2cf4,0.0,1,6,1.0,0.5,0.5,0.5,0.5,0.5,0.486,0.0,4.720518100780509e-19,-3.122502256758253e-17,0.0,3.4694469519536136e-17,1.0,1.0,plan-c,1.0,1.0,0.0,1.0,1.0,1.1776583770122326,0.0525212999928044,0.0002929974196437,0.0002990498753697
handle-only-drop-residual,this-work,user-certified,primary,7,c9666d92f54946afd0d7939364a7c039fd43c592f9b82d70e359b08e301f2cf4,1.0,1,6,1.0,0.5,0.5,0.5,0.5,0.5,0.486,0.0,4.720518100780509e-19,-3.122502256758253e-17,0.0,3.4694469519536136e-17,1.0,1.0,plan-c,1.0,0.2489905787348587,0.2489905787348587,0.0,0.159,3.1155204972063437,0.0595431999972788,0.0002929804979103,0.0002837237084298
unitscope-equal,this-work,user-certified,primary,7,c9666d92f54946afd0d7939364a7c039fd43c592f9b82d70e359b08e301f2cf4,0.1428571428571428,1,6,1.0,0.5,0.5,0.5,0.5,0.5,0.486,0.0,4.720518100780509e-19,-3.122502256758253e-17,0.0,3.4694469519536136e-17,1.0,1.0,plan-c,1.0,1.0,0.2489905787348587,0.7510094212651414,1.0,1.4039808835163128,0.0629085999971721,0.0002723002580975,0.0002786606649898
unitscope-tuned,this-work,user-certified,primary,7,c9666d92f54946afd0d7939364a7c039fd43c592f9b82d70e359b08e301f2cf4,0.0,1,6,1.0,0.5,0.5,0.5,0.5,0.5,0.486,0.0,4.720518100780509e-19,-3.122502256758253e-17,0.0,3.4694469519536136e-17,1.0,1.0,plan-c,1.0,1.0,0.0,1.0,1.0,1.1776583770122326,0.0741380999970715,0.0002929974196437,0.0002990498753697
naive-recalibrated-2c,this-work,user-certified,primary,7,c9666d92f54946afd0d7939364a7c039fd43c592f9b82d70e359b08e301f2cf4,,1,6,1.0,0.5,0.5,0.5,0.5,0.5,0.486,0.0,4.720518100780509e-19,-3.122502256758253e-17,0.0,3.4694469519536136e-17,2.0,2.0,plan-delta,2.0,1.0,0.2489905787348587,0.7510094212651414,0.7794387621295568,1.9271837526164155,0.0641074000013759,0.0001848549136258,0.0002007144178664
full-identity-reference,oracle,oracle-assumption,full-identity-reference,7,c9666d92f54946afd0d7939364a7c039fd43c592f9b82d70e359b08e301f2cf4,,1,6,1.0,0.5,0.5,0.5,0.5,0.5,0.486,0.0,4.720518100780509e-19,-3.122502256758253e-17,0.0,3.4694469519536136e-17,1.0,1.0,plan-c,1.0,1.0,0.0,0.0,1.0,5.647009091772691,0.3420643999997992,0.0,1.4522739286817303e-05
non-private-reference,oracle,non-private,diagnostic,7,c9666d92f54946afd0d7939364a7c039fd43c592f9b82d70e359b08e301f2cf4,,1,6,1.0,0.5,0.5,0.5,0.5,0.5,0.486,0.0,4.720518100780509e-19,-3.122502256758253e-17,0.0,3.4694469519536136e-17,,,non-private,0.0,1.0,0.0,0.0,0.0,inf,0.0492343999940203,0.0001373974551786,0.0001373974551786
naive-claimed-c,this-work,unsafe-diagnostic,diagnostic,7,c9666d92f54946afd0d7939364a7c039fd43c592f9b82d70e359b08e301f2cf4,,1,6,1.0,0.5,0.5,0.5,0.5,0.5,0.486,0.0,4.720518100780509e-19,-3.122502256758253e-17,0.0,3.4694469519536136e-17,,2.0,unsafe-diagnostic,1.0,1.0,0.2489905787348587,0.7510094212651414,0.7794387621295568,3.854367505232831,0.0601749000052223,0.0001848549136258,0.0001782619264593
stable-local-fallback,this-work,user-certified,primary,8,c9666d92f54946afd0d7939364a7c039fd43c592f9b82d70e359b08e301f2cf4,0.0,1,6,1.0,0.5,0.5,0.5,0.5,0.5,0.4875,0.0,3.140294292409297e-19,-2.9837243786801056e-17,0.0,3.122502256758253e-17,1.0,1.0,plan-c,1.0,1.0,0.0,1.0,1.0,1.2207889623676185,0.049639400007436,0.0003979920592976,0.0004646981921054
handle-only-drop-residual,this-work,user-certified,primary,8,c9666d92f54946afd0d7939364a7c039fd43c592f9b82d70e359b08e301f2cf4,1.0,1,6,1.0,0.5,0.5,0.5,0.5,0.5,0.4875,0.0,3.140294292409297e-19,-2.9837243786801056e-17,0.0,3.122502256758253e-17,1.0,1.0,plan-c,1.0,0.2510924369747899,0.2510924369747899,0.0,0.139,2.912227899957328,0.0580345000053057,0.0004052263336948,0.0004547064983151
unitscope-equal,this-work,user-certified,primary,8,c9666d92f54946afd0d7939364a7c039fd43c592f9b82d70e359b08e301f2cf4,0.1428571428571428,1,6,1.0,0.5,0.5,0.5,0.5,0.5,0.4875,0.0,3.140294292409297e-19,-2.9837243786801056e-17,0.0,3.122502256758253e-17,1.0,1.0,plan-c,1.0,1.0,0.2510924369747899,0.7489075630252101,1.0,1.388106829406374,0.0610939000034704,0.0003807581959472,0.0004453128661787
unitscope-tuned,this-work,user-certified,primary,8,c9666d92f54946afd0d7939364a7c039fd43c592f9b82d70e359b08e301f2cf4,0.0,1,6,1.0,0.5,0.5,0.5,0.5,0.5,0.4875,0.0,3.140294292409297e-19,-2.9837243786801056e-17,0.0,3.122502256758253e-17,1.0,1.0,plan-c,1.0,1.0,0.0,1.0,1.0,1.2207889623676185,0.0538250999961746,0.0003979920592976,0.0004646981921054
naive-recalibrated-2c,this-work,user-certified,primary,8,c9666d92f54946afd0d7939364a7c039fd43c592f9b82d70e359b08e301f2cf4,,1,6,1.0,0.5,0.5,0.5,0.5,0.5,0.4875,0.0,3.140294292409297e-19,-2.9837243786801056e-17,0.0,3.122502256758253e-17,2.0,2.0,plan-delta,2.0,1.0,0.2510924369747899,0.7489075630252101,0.7755474452554745,1.8366703639904327,0.098517799997353,0.0002477294122396,0.0003584500440077
full-identity-reference,oracle,oracle-assumption,full-identity-reference,8,c9666d92f54946afd0d7939364a7c039fd43c592f9b82d70e359b08e301f2cf4,,1,6,1.0,0.5,0.5,0.5,0.5,0.5,0.4875,0.0,3.140294292409297e-19,-2.9837243786801056e-17,0.0,3.122502256758253e-17,1.0,1.0,plan-c,1.0,1.0,0.0,0.0,1.0,5.951213741123083,0.375193500003661,0.0,1.7675969185463054e-05
non-private-reference,oracle,non-private,diagnostic,8,c9666d92f54946afd0d7939364a7c039fd43c592f9b82d70e359b08e301f2cf4,,1,6,1.0,0.5,0.5,0.5,0.5,0.5,0.4875,0.0,3.140294292409297e-19,-2.9837243786801056e-17,0.0,3.122502256758253e-17,,,non-private,0.0,1.0,0.0,0.0,0.0,inf,0.057798100009677,0.0001601134232167,0.0001601134232167
naive-claimed-c,this-work,unsafe-diagnostic,diagnostic,8,c9666d92f54946afd0d7939364a7c039fd43c592f9b82d70e359b08e301f2cf4,,1,6,1.0,0.5,0.5,0.5,0.5,0.5,0.4875,0.0,3.140294292409297e-19,-2.9837243786801056e-17,0.0,3.122502256758253e-17,,2.0,unsafe-diagnostic,1.0,1.0,0.2510924369747899,0.7489075630252101,0.7755474452554745,3.6733407279808654,0.0700152999925194,0.0002477294122396,0.0002854137589382
stable-local-fallback,this-work,user-certified,primary,9,c9666d92f54946afd0d7939364a7c039fd43c592f9b82d70e359b08e301f2cf4,0.0,1,6,1.0,0.5,0.5,0.5,0.5,0.5,0.506,0.0,-1.0314919482895688e-18,-3.4694469519536136e-17,0.0,2.775557561562892e-17,1.0,1.0,plan-c,1.0,1.0,0.0,1.0,1.0,1.3099977631620447,0.0657234999962383,0.0003600776831913,0.0003915679738842
handle-only-drop-residual,this-work,user-certified,primary,9,c9666d92f54946afd0d7939364a7c039fd43c592f9b82d70e359b08e301f2cf4,1.0,1,6,1.0,0.5,0.5,0.5,0.5,0.5,0.506,0.0,-1.0314919482895688e-18,-3.4694469519536136e-17,0.0,2.775557561562892e-17,1.0,1.0,plan-c,1.0,0.2481739707835325,0.2481739707835325,0.0,0.157,3.329019353827168,0.0579575000010663,0.0003155333575612,0.0003337687922087
unitscope-equal,this-work,user-certified,primary,9,c9666d92f54946afd0d7939364a7c039fd43c592f9b82d70e359b08e301f2cf4,0.1428571428571428,1,6,1.0,0.5,0.5,0.5,0.5,0.5,0.506,0.0,-1.0314919482895688e-18,-3.4694469519536136e-17,0.0,2.775557561562892e-17,1.0,1.0,plan-c,1.0,1.0,0.2481739707835325,0.7518260292164675,1.0,1.5052914833136832,0.0614576000079978,0.0003383601787741,0.0003704489925386
unitscope-tuned,this-work,user-certified,primary,9,c9666d92f54946afd0d7939364a7c039fd43c592f9b82d70e359b08e301f2cf4,0.0,1,6,1.0,0.5,0.5,0.5,0.5,0.5,0.506,0.0,-1.0314919482895688e-18,-3.4694469519536136e-17,0.0,2.775557561562892e-17,1.0,1.0,plan-c,1.0,1.0,0.0,1.0,1.0,1.3099977631620447,0.0525609000033,0.0003600776831913,0.0003915679738842
naive-recalibrated-2c,this-work,user-certified,primary,9,c9666d92f54946afd0d7939364a7c039fd43c592f9b82d70e359b08e301f2cf4,,1,6,1.0,0.5,0.5,0.5,0.5,0.5,0.506,0.0,-1.0314919482895688e-18,-3.4694469519536136e-17,0.0,2.775557561562892e-17,2.0,2.0,plan-delta,2.0,1.0,0.2481739707835325,0.7518260292164675,0.7813229571984436,2.0686984072249865,0.0625103000056697,0.0001899298828628,0.0002492904552354
full-identity-reference,oracle,oracle-assumption,full-identity-reference,9,c9666d92f54946afd0d7939364a7c039fd43c592f9b82d70e359b08e301f2cf4,,1,6,1.0,0.5,0.5,0.5,0.5,0.5,0.506,0.0,-1.0314919482895688e-18,-3.4694469519536136e-17,0.0,2.775557561562892e-17,1.0,1.0,plan-c,1.0,1.0,0.0,0.0,1.0,6.50752099709646,0.3372171000082744,0.0,1.3227335642052287e-05
non-private-reference,oracle,non-private,diagnostic,9,c9666d92f54946afd0d7939364a7c039fd43c592f9b82d70e359b08e301f2cf4,,1,6,1.0,0.5,0.5,0.5,0.5,0.5,0.506,0.0,-1.0314919482895688e-18,-3.4694469519536136e-17,0.0,2.775557561562892e-17,,,non-private,0.0,1.0,0.0,0.0,0.0,inf,0.0759360999945784,0.000132934924549,0.000132934924549
naive-claimed-c,this-work,unsafe-diagnostic,diagnostic,9,c9666d92f54946afd0d7939364a7c039fd43c592f9b82d70e359b08e301f2cf4,,1,6,1.0,0.5,0.5,0.5,0.5,0.5,0.506,0.0,-1.0314919482895688e-18,-3.4694469519536136e-17,0.0,2.775557561562892e-17,,2.0,unsafe-diagnostic,1.0,1.0,0.2481739707835325,0.7518260292164675,0.7813229571984436,4.137396814449973,0.0610661999962758,0.0001899298828628,0.000206382833407
stable-local-fallback,this-work,user-certified,primary,0,16249f415d40cf804bb7ddd691a33bc7a05494b811a88a7245b6a31e930f95c8,0.0,1,6,1.0,0.5,0.5,0.5,0.5,0.5,0.499,0.0,1.1154897702486132e-18,-2.775557561562892e-17,0.0,3.122502256758253e-17,1.0,1.0,plan-c,1.0,1.0,0.0,1.0,1.0,1.0496835424096278,0.050319899994065,0.000337496100142,0.0003446902799674
handle-only-drop-residual,this-work,user-certified,primary,0,16249f415d40cf804bb7ddd691a33bc7a05494b811a88a7245b6a31e930f95c8,1.0,1,6,1.0,0.5,0.5,0.5,0.5,0.5,0.499,0.0,1.1154897702486132e-18,-2.775557561562892e-17,0.0,3.122502256758253e-17,1.0,1.0,plan-c,1.0,0.2483322214809873,0.2483322214809873,0.0,0.157,2.773742840508147,0.0774216999998316,0.0002710791581833,0.0002836367617097
unitscope-equal,this-work,user-certified,primary,0,16249f415d40cf804bb7ddd691a33bc7a05494b811a88a7245b6a31e930f95c8,0.1428571428571428,1,6,1.0,0.5,0.5,0.5,0.5,0.5,0.499,0.0,1.1154897702486132e-18,-2.775557561562892e-17,0.0,3.122502256758253e-17,1.0,1.0,plan-c,1.0,1.0,0.2483322214809873,0.7516677785190127,1.0,1.3283904162393023,0.0761382000055164,0.0002979444660583,0.0003063645542174
unitscope-tuned,this-work,user-certified,primary,0,16249f415d40cf804bb7ddd691a33bc7a05494b811a88a7245b6a31e930f95c8,0.25,1,6,1.0,0.5,0.5,0.5,0.5,0.5,0.499,0.0,1.1154897702486132e-18,-2.775557561562892e-17,0.0,3.122502256758253e-17,1.0,1.0,plan-c,1.0,1.0,0.2483322214809873,0.7516677785190127,1.0,1.5701876823224965,0.0682801000075414,0.0002731886108629,0.0002828553262682
naive-recalibrated-2c,this-work,user-certified,primary,0,16249f415d40cf804bb7ddd691a33bc7a05494b811a88a7245b6a31e930f95c8,,1,6,1.0,0.5,0.5,0.5,0.5,0.5,0.499,0.0,1.1154897702486132e-18,-2.775557561562892e-17,0.0,3.122502256758253e-17,2.0,2.0,plan-delta,2.0,1.0,0.2483322214809873,0.7516677785190127,0.7805259047123145,1.7755311325908418,0.0656950999982655,0.0001557420398801,0.0002247851281215
full-identity-reference,oracle,oracle-assumption,full-identity-reference,0,16249f415d40cf804bb7ddd691a33bc7a05494b811a88a7245b6a31e930f95c8,,1,6,1.0,0.5,0.5,0.5,0.5,0.5,0.499,0.0,1.1154897702486132e-18,-2.775557561562892e-17,0.0,3.122502256758253e-17,1.0,1.0,plan-c,1.0,1.0,0.0,0.0,1.0,5.146293509251274,0.3442510999884689,0.0,1.9925347562214547e-05
non-private-reference,oracle,non-private,diagnostic,0,16249f415d40cf804bb7ddd691a33bc7a05494b811a88a7245b6a31e930f95c8,,1,6,1.0,0.5,0.5,0.5,0.5,0.5,0.499,0.0,1.1154897702486132e-18,-2.775557561562892e-17,0.0,3.122502256758253e-17,,,non-private,0.0,1.0,0.0,0.0,0.0,inf,0.0458532999909948,0.0001382192126081,0.0001382192126081
naive-claimed-c,this-work,unsafe-diagnostic,diagnostic,0,16249f415d40cf804bb7ddd691a33bc7a05494b811a88a7245b6a31e930f95c8,,1,6,1.0,0.5,0.5,0.5,0.5,0.5,0.499,0.0,1.1154897702486132e-18,-2.775557561562892e-17,0.0,3.122502256758253e-17,,2.0,unsafe-diagnostic,1.0,1.0,0.2483322214809873,0.7516677785190127,0.7805259047123145,3.551062265181684,0.0746479999943403,0.0001557420398801,0.0001703382364385
stable-local-fallback,this-work,user-certified,primary,1,16249f415d40cf804bb7ddd691a33bc7a05494b811a88a7245b6a31e930f95c8,0.0,1,6,1.0,0.5,0.5,0.5,0.5,0.5,0.4995,0.0,-1.0548994110669773e-18,-3.4694469519536136e-17,0.0,3.122502256758253e-17,1.0,1.0,plan-c,1.0,1.0,0.0,1.0,1.0,1.2446626361921118,0.0521235000051092,0.0003545236986979,0.0003896107826631
handle-only-drop-residual,this-work,user-certified,primary,1,16249f415d40cf804bb7ddd691a33bc7a05494b811a88a7245b6a31e930f95c8,1.0,1,6,1.0,0.5,0.5,0.5,0.5,0.5,0.4995,0.0,-1.0548994110669773e-18,-3.4694469519536136e-17,0.0,3.122502256758253e-17,1.0,1.0,plan-c,1.0,0.2504168056018673,0.2504168056018673,0.0,0.178,3.1339735588065887,0.0587045000138459,0.0003043654261299,0.0003406159486922
unitscope-equal,this-work,user-certified,primary,1,16249f415d40cf804bb7ddd691a33bc7a05494b811a88a7245b6a31e930f95c8,0.1428571428571428,1,6,1.0,0.5,0.5,0.5,0.5,0.5,0.4995,0.0,-1.0548994110669773e-18,-3.4694469519536136e-17,0.0,3.122502256758253e-17,1.0,1.0,plan-c,1.0,1.0,0.2504168056018673,0.7495831943981327,1.0,1.454016013420899,0.0792553999926894,0.000332063418127,0.0003670906394278
unitscope-tuned,this-work,user-certified,primary,1,16249f415d40cf804bb7ddd691a33bc7a05494b811a88a7245b6a31e930f95c8,0.25,1,6,1.0,0.5,0.5,0.5,0.5,0.5,0.4995,0.0,-1.0548994110669773e-18,-3.4694469519536136e-17,0.0,3.122502256758253e-17,1.0,1.0,plan-c,1.0,1.0,0.2504168056018673,0.7495831943981327,1.0,1.7225075194052244,0.0595622999971965,0.0003099172740051,0.0003447747209039
naive-recalibrated-2c,this-work,user-certified,primary,1,16249f415d40cf804bb7ddd691a33bc7a05494b811a88a7245b6a31e930f95c8,,1,6,1.0,0.5,0.5,0.5,0.5,0.5,0.4995,0.0,-1.0548994110669773e-18,-3.4694469519536136e-17,0.0,3.122502256758253e-17,2.0,2.0,plan-delta,2.0,1.0,0.2504168056018673,0.7495831943981327,0.7848730698769956,1.984807831198546,0.0615530000068247,0.0001861412549372,0.0002784818373264
full-identity-reference,oracle,oracle-assumption,full-identity-reference,1,16249f415d40cf804bb7ddd691a33bc7a05494b811a88a7245b6a31e930f95c8,,1,6,1.0,0.5,0.5,0.5,0.5,0.5,0.4995,0.0,-1.0548994110669773e-18,-3.4694469519536136e-17,0.0,3.122502256758253e-17,1.0,1.0,plan-c,1.0,1.0,0.0,0.0,1.0,6.152632961737046,0.34833819999767,0.0,1.4585911827834765e-05
non-private-reference,oracle,non-private,diagnostic,1,16249f415d40cf804bb7ddd691a33bc7a05494b811a88a7245b6a31e930f95c8,,1,6,1.0,0.5,0.5,0.5,0.5,0.5,0.4995,0.0,-1.0548994110669773e-18,-3.4694469519536136e-17,0.0,3.122502256758253e-17,,,non-private,0.0,1.0,0.0,0.0,0.0,inf,0.0606552999961422,0.0001379500758486,0.0001379500758486
naive-claimed-c,this-work,unsafe-diagnostic,diagnostic,1,16249f415d40cf804bb7ddd691a33bc7a05494b811a88a7245b6a31e930f95c8,,1,6,1.0,0.5,0.5,0.5,0.5,0.5,0.4995,0.0,-1.0548994110669773e-18,-3.4694469519536136e-17,0.0,3.122502256758253e-17,,2.0,unsafe-diagnostic,1.0,1.0,0.2504168056018673,0.7495831943981327,0.7848730698769956,3.969615662397092,0.0588776999939,0.0001861412549372,0.000217725634304
stable-local-fallback,this-work,user-certified,primary,2,16249f415d40cf804bb7ddd691a33bc7a05494b811a88a7245b6a31e930f95c8,0.0,1,6,1.0,0.5,0.5,0.5,0.5,0.5,0.484,0.0,1.154988925895715e-18,-2.775557561562892e-17,0.0,3.4694469519536136e-17,1.0,1.0,plan-c,1.0,1.0,0.0,1.0,1.0,1.1051820084478392,0.0500475000008009,0.0002974270203325,0.0003347230342958
handle-only-drop-residual,this-work,user-certified,primary,2,16249f415d40cf804bb7ddd691a33bc7a05494b811a88a7245b6a31e930f95c8,1.0,1,6,1.0,0.5,0.5,0.5,0.5,0.5,0.484,0.0,1.154988925895715e-18,-2.775557561562892e-17,0.0,3.4694469519536136e-17,1.0,1.0,plan-c,1.0,0.2498315363881401,0.2498315363881401,0.0,0.165,2.7306414419920397,0.0578265000076498,0.0003057367328774,0.0003559622248594
unitscope-equal,this-work,user-certified,primary,2,16249f415d40cf804bb7ddd691a33bc7a05494b811a88a7245b6a31e930f95c8,0.1428571428571428,1,6,1.0,0.5,0.5,0.5,0.5,0.5,0.484,0.0,1.154988925895715e-18,-2.775557561562892e-17,0.0,3.4694469519536136e-17,1.0,1.0,plan-c,1.0,1.0,0.2498315363881401,0.7501684636118598,1.0,1.2673936285416991,0.0590347999968798,0.0002822395359519,0.0003221034006256
unitscope-tuned,this-work,user-certified,primary,2,16249f415d40cf804bb7ddd691a33bc7a05494b811a88a7245b6a31e930f95c8,0.25,1,6,1.0,0.5,0.5,0.5,0.5,0.5,0.484,0.0,1.154988925895715e-18,-2.775557561562892e-17,0.0,3.4694469519536136e-17,1.0,1.0,plan-c,1.0,1.0,0.2498315363881401,0.7501684636118598,1.0,1.4832935230897777,0.0789813000010326,0.000269873190393,0.0003115883525449
naive-recalibrated-2c,this-work,user-certified,primary,2,16249f415d40cf804bb7ddd691a33bc7a05494b811a88a7245b6a31e930f95c8,,1,6,1.0,0.5,0.5,0.5,0.5,0.5,0.484,0.0,1.154988925895715e-18,-2.775557561562892e-17,0.0,3.4694469519536136e-17,2.0,2.0,plan-delta,2.0,1.0,0.2498315363881401,0.7501684636118598,0.7804364975019721,1.689212440448792,0.0622127999959047,0.0001900851505167,0.0003134018265076
full-identity-reference,oracle,oracle-assumption,full-identity-reference,2,16249f415d40cf804bb7ddd691a33bc7a05494b811a88a7245b6a31e930f95c8,,1,6,1.0,0.5,0.5,0.5,0.5,0.5,0.484,0.0,1.154988925895715e-18,-2.775557561562892e-17,0.0,3.4694469519536136e-17,1.0,1.0,plan-c,1.0,1.0,0.0,0.0,1.0,5.397314953033132,0.343733899993822,0.0,1.5944966299623317e-05
non-private-reference,oracle,non-private,diagnostic,2,16249f415d40cf804bb7ddd691a33bc7a05494b811a88a7245b6a31e930f95c8,,1,6,1.0,0.5,0.5,0.5,0.5,0.5,0.484,0.0,1.154988925895715e-18,-2.775557561562892e-17,0.0,3.4694469519536136e-17,,,non-private,0.0,1.0,0.0,0.0,0.0,inf,0.0450792000046931,0.0001310097726748,0.0001310097726748
naive-claimed-c,this-work,unsafe-diagnostic,diagnostic,2,16249f415d40cf804bb7ddd691a33bc7a05494b811a88a7245b6a31e930f95c8,,1,6,1.0,0.5,0.5,0.5,0.5,0.5,0.484,0.0,1.154988925895715e-18,-2.775557561562892e-17,0.0,3.4694469519536136e-17,,2.0,unsafe-diagnostic,1.0,1.0,0.2498315363881401,0.7501684636118598,0.7804364975019721,3.378424880897584,0.0597285000112606,0.0001900851505167,0.0002357985222125
stable-local-fallback,this-work,user-certified,primary,3,16249f415d40cf804bb7ddd691a33bc7a05494b811a88a7245b6a31e930f95c8,0.0,1,6,1.0,0.5,0.5,0.5,0.5,0.5,0.508,0.0,-1.028711510114199e-18,-3.4694469519536136e-17,0.0,3.4694469519536136e-17,1.0,1.0,plan-c,1.0,1.0,0.0,1.0,1.0,1.2426967729710123,0.050315500004217,0.0003081592329482,0.0003035198437984
handle-only-drop-residual,this-work,user-certified,primary,3,16249f415d40cf804bb7ddd691a33bc7a05494b811a88a7245b6a31e930f95c8,1.0,1,6,1.0,0.5,0.5,0.5,0.5,0.5,0.508,0.0,-1.028711510114199e-18,-3.4694469519536136e-17,0.0,3.4694469519536136e-17,1.0,1.0,plan-c,1.0,0.248342175066313,0.248342175066313,0.0,0.171,3.0540348552703533,0.0579804000008152,0.0002344326529211,0.0002373605681262
unitscope-equal,this-work,user-certified,primary,3,16249f415d40cf804bb7ddd691a33bc7a05494b811a88a7245b6a31e930f95c8,0.1428571428571428,1,6,1.0,0.5,0.5,0.5,0.5,0.5,0.508,0.0,-1.028711510114199e-18,-3.4694469519536136e-17,0.0,3.4694469519536136e-17,1.0,1.0,plan-c,1.0,1.0,0.248342175066313,0.751657824933687,1.0,1.457289191475545,0.061351199998171,0.0002875860126596,0.0002845788482133
unitscope-tuned,this-work,user-certified,primary,3,16249f415d40cf804bb7ddd691a33bc7a05494b811a88a7245b6a31e930f95c8,0.25,1,6,1.0,0.5,0.5,0.5,0.5,0.5,0.508,0.0,-1.028711510114199e-18,-3.4694469519536136e-17,0.0,3.4694469519536136e-17,1.0,1.0,plan-c,1.0,1.0,0.248342175066313,0.751657824933687,1.0,1.7315329634562413,0.0626345000055152,0.0002651730013092,0.0002635249892901
naive-recalibrated-2c,this-work,user-certified,primary,3,16249f415d40cf804bb7ddd691a33bc7a05494b811a88a7245b6a31e930f95c8,,1,6,1.0,0.5,0.5,0.5,0.5,0.5,0.508,0.0,-1.028711510114199e-18,-3.4694469519536136e-17,0.0,3.4694469519536136e-17,2.0,2.0,plan-delta,2.0,1.0,0.248342175066313,0.751657824933687,0.7843953185955787,1.972634719589342,0.0776593000045977,0.0001357489805166,0.0001804611923855
full-identity-reference,oracle,oracle-assumption,full-identity-reference,3,16249f415d40cf804bb7ddd691a33bc7a05494b811a88a7245b6a31e930f95c8,,1,6,1.0,0.5,0.5,0.5,0.5,0.5,0.508,0.0,-1.028711510114199e-18,-3.4694469519536136e-17,0.0,3.4694469519536136e-17,1.0,1.0,plan-c,1.0,1.0,0.0,0.0,1.0,5.864312315378012,0.3400376000063261,0.0,1.4295995470253786e-05
non-private-reference,oracle,non-private,diagnostic,3,16249f415d40cf804bb7ddd691a33bc7a05494b811a88a7245b6a31e930f95c8,,1,6,1.0,0.5,0.5,0.5,0.5,0.5,0.508,0.0,-1.028711510114199e-18,-3.4694469519536136e-17,0.0,3.4694469519536136e-17,,,non-private,0.0,1.0,0.0,0.0,0.0,inf,0.0463904999924125,0.0001560967403371,0.0001560967403371
naive-claimed-c,this-work,unsafe-diagnostic,diagnostic,3,16249f415d40cf804bb7ddd691a33bc7a05494b811a88a7245b6a31e930f95c8,,1,6,1.0,0.5,0.5,0.5,0.5,0.5,0.508,0.0,-1.028711510114199e-18,-3.4694469519536136e-17,0.0,3.4694469519536136e-17,,2.0,unsafe-diagnostic,1.0,1.0,0.248342175066313,0.751657824933687,0.7843953185955787,3.945269439178684,0.06073149999429,0.0001357489805166,0.0001438090909808
stable-local-fallback,this-work,user-certified,primary,4,16249f415d40cf804bb7ddd691a33bc7a05494b811a88a7245b6a31e930f95c8,0.0,1,6,1.0,0.5,0.5,0.5,0.5,0.5,0.502,0.0,5.071128886446146e-19,-3.0704605524789466e-17,0.0,3.4694469519536136e-17,1.0,1.0,plan-c,1.0,1.0,0.0,1.0,1.0,1.083410149901307,0.0644363000028533,0.0002817095259276,0.0002871015571227
handle-only-drop-residual,this-work,user-certified,primary,4,16249f415d40cf804bb7ddd691a33bc7a05494b811a88a7245b6a31e930f95c8,1.0,1,6,1.0,0.5,0.5,0.5,0.5,0.5,0.502,0.0,5.071128886446146e-19,-3.0704605524789466e-17,0.0,3.4694469519536136e-17,1.0,1.0,plan-c,1.0,0.2470039946737683,0.2470039946737683,0.0,0.158,3.014934876751891,0.0578806999983498,0.0002737620568974,0.0003016309663547
unitscope-equal,this-work,user-certified,primary,4,16249f415d40cf804bb7ddd691a33bc7a05494b811a88a7245b6a31e930f95c8,0.1428571428571428,1,6,1.0,0.5,0.5,0.5,0.5,0.5,0.502,0.0,5.071128886446146e-19,-3.0704605524789466e-17,0.0,3.4694469519536136e-17,1.0,1.0,plan-c,1.0,1.0,0.2470039946737683,0.7529960053262317,1.0,1.2814357545618331,0.0642976000090129,0.0002623757249261,0.0002716105153167
unitscope-tuned,this-work,user-certified,primary,4,16249f415d40cf804bb7ddd691a33bc7a05494b811a88a7245b6a31e930f95c8,0.25,1,6,1.0,0.5,0.5,0.5,0.5,0.5,0.502,0.0,5.071128886446146e-19,-3.0704605524789466e-17,0.0,3.4694469519536136e-17,1.0,1.0,plan-c,1.0,1.0,0.2470039946737683,0.7529960053262317,1.0,1.5357444073930142,0.0643145000067306,0.0002455742484134,0.0002580021230655
naive-recalibrated-2c,this-work,user-certified,primary,4,16249f415d40cf804bb7ddd691a33bc7a05494b811a88a7245b6a31e930f95c8,,1,6,1.0,0.5,0.5,0.5,0.5,0.5,0.502,0.0,5.071128886446146e-19,-3.0704605524789466e-17,0.0,3.4694469519536136e-17,2.0,2.0,plan-delta,2.0,1.0,0.2470039946737683,0.7529960053262317,0.781071242849714,1.8094991887638816,0.0630188000068301,0.0001708890116999,0.0002596987163451
full-identity-reference,oracle,oracle-assumption,full-identity-reference,4,16249f415d40cf804bb7ddd691a33bc7a05494b811a88a7245b6a31e930f95c8,,1,6,1.0,0.5,0.5,0.5,0.5,0.5,0.502,0.0,5.071128886446146e-19,-3.0704605524789466e-17,0.0,3.4694469519536136e-17,1.0,1.0,plan-c,1.0,1.0,0.0,0.0,1.0,5.294312486165919,0.3421316000021761,0.0,1.5688479693467358e-05
non-private-reference,oracle,non-private,diagnostic,4,16249f415d40cf804bb7ddd691a33bc7a05494b811a88a7245b6a31e930f95c8,,1,6,1.0,0.5,0.5,0.5,0.5,0.5,0.502,0.0,5.071128886446146e-19,-3.0704605524789466e-17,0.0,3.4694469519536136e-17,,,non-private,0.0,1.0,0.0,0.0,0.0,inf,0.0624278000032063,0.0001239313031695,0.0001239313031695
naive-claimed-c,this-work,unsafe-diagnostic,diagnostic,4,16249f415d40cf804bb7ddd691a33bc7a05494b811a88a7245b6a31e930f95c8,,1,6,1.0,0.5,0.5,0.5,0.5,0.5,0.502,0.0,5.071128886446146e-19,-3.0704605524789466e-17,0.0,3.4694469519536136e-17,,2.0,unsafe-diagnostic,1.0,1.0,0.2470039946737683,0.7529960053262317,0.781071242849714,3.618998377527763,0.0592174000048544,0.0001708890116999,0.000199605384329
stable-local-fallback,this-work,user-certified,primary,5,16249f415d40cf804bb7ddd691a33bc7a05494b811a88a7245b6a31e930f95c8,0.0,1,6,1.0,0.5,0.5,0.5,0.5,0.5,0.5045,0.0,1.3663741154931293e-18,-2.775557561562892e-17,0.0,3.4694469519536136e-17,1.0,1.0,plan-c,1.0,1.0,0.0,1.0,1.0,1.0438977417474122,0.0513253999961307,0.0003175052038099,0.000297374743711
handle-only-drop-residual,this-work,user-certified,primary,5,16249f415d40cf804bb7ddd691a33bc7a05494b811a88a7245b6a31e930f95c8,1.0,1,6,1.0,0.5,0.5,0.5,0.5,0.5,0.5045,0.0,1.3663741154931293e-18,-2.775557561562892e-17,0.0,3.4694469519536136e-17,1.0,1.0,plan-c,1.0,0.2497507477567298,0.2497507477567298,0.0,0.171,2.7977259066323,0.0740859999932581,0.0002476337142288,0.0002273795657983
unitscope-equal,this-work,user-certified,primary,5,16249f415d40cf804bb7ddd691a33bc7a05494b811a88a7245b6a31e930f95c8,0.1428571428571428,1,6,1.0,0.5,0.5,0.5,0.5,0.5,0.5045,0.0,1.3663741154931293e-18,-2.775557561562892e-17,0.0,3.4694469519536136e-17,1.0,1.0,plan-c,1.0,1.0,0.2497507477567298,0.7502492522432702,1.0,1.2665207438397876,0.0594808000023476,0.0002902001718022,0.0002685134013655
unitscope-tuned,this-work,user-certified,primary,5,16249f415d40cf804bb7ddd691a33bc7a05494b811a88a7245b6a31e930f95c8,0.25,1,6,1.0,0.5,0.5,0.5,0.5,0.5,0.5045,0.0,1.3663741154931293e-18,-2.775557561562892e-17,0.0,3.4694469519536136e-17,1.0,1.0,plan-c,1.0,1.0,0.2497507477567298,0.7502492522432702,1.0,1.5159986034521544,0.0598948999977437,0.0002673060767128,0.0002454952610137
naive-recalibrated-2c,this-work,user-certified,primary,5,16249f415d40cf804bb7ddd691a33bc7a05494b811a88a7245b6a31e930f95c8,,1,6,1.0,0.5,0.5,0.5,0.5,0.5,0.5045,0.0,1.3663741154931293e-18,-2.775557561562892e-17,0.0,3.4694469519536136e-17,2.0,2.0,plan-delta,2.0,1.0,0.2497507477567298,0.7502492522432702,0.7840020844189682,1.769787470675994,0.0610020000021904,0.0001462583483626,0.0001699479419177
full-identity-reference,oracle,oracle-assumption,full-identity-reference,5,16249f415d40cf804bb7ddd691a33bc7a05494b811a88a7245b6a31e930f95c8,,1,6,1.0,0.5,0.5,0.5,0.5,0.5,0.5045,0.0,1.3663741154931293e-18,-2.775557561562892e-17,0.0,3.4694469519536136e-17,1.0,1.0,plan-c,1.0,1.0,0.0,0.0,1.0,4.939058273830325,0.3348563000035938,0.0,2.072019138122691e-05
non-private-reference,oracle,non-private,diagnostic,5,16249f415d40cf804bb7ddd691a33bc7a05494b811a88a7245b6a31e930f95c8,,1,6,1.0,0.5,0.5,0.5,0.5,0.5,0.5045,0.0,1.3663741154931293e-18,-2.775557561562892e-17,0.0,3.4694469519536136e-17,,,non-private,0.0,1.0,0.0,0.0,0.0,inf,0.0455289000092307,0.0001601577057687,0.0001601577057687
naive-claimed-c,this-work,unsafe-diagnostic,diagnostic,5,16249f415d40cf804bb7ddd691a33bc7a05494b811a88a7245b6a31e930f95c8,,1,6,1.0,0.5,0.5,0.5,0.5,0.5,0.5045,0.0,1.3663741154931293e-18,-2.775557561562892e-17,0.0,3.4694469519536136e-17,,2.0,unsafe-diagnostic,1.0,1.0,0.2497507477567298,0.7502492522432702,0.7840020844189682,3.539574941351988,0.0735863000008976,0.0001462583483626,0.0001373829537589
stable-local-fallback,this-work,user-certified,primary,6,16249f415d40cf804bb7ddd691a33bc7a05494b811a88a7245b6a31e930f95c8,0.0,1,6,1.0,0.5,0.5,0.5,0.5,0.5,0.509,0.0,7.097370606525936e-19,-2.827599265842195e-17,0.0,3.001071613439888e-17,1.0,1.0,plan-c,1.0,1.0,0.0,1.0,1.0,1.2515884215013988,0.0496971999964444,0.0003095094446425,0.0002957190441592
handle-only-drop-residual,this-work,user-certified,primary,6,16249f415d40cf804bb7ddd691a33bc7a05494b811a88a7245b6a31e930f95c8,1.0,1,6,1.0,0.5,0.5,0.5,0.5,0.5,0.509,0.0,7.097370606525936e-19,-2.827599265842195e-17,0.0,3.001071613439888e-17,1.0,1.0,plan-c,1.0,0.25,0.25,0.0,0.171,3.00653521037432,0.0587157999980263,0.0003139081138769,0.0003124555221887
unitscope-equal,this-work,user-certified,primary,6,16249f415d40cf804bb7ddd691a33bc7a05494b811a88a7245b6a31e930f95c8,0.1428571428571428,1,6,1.0,0.5,0.5,0.5,0.5,0.5,0.509,0.0,7.097370606525936e-19,-2.827599265842195e-17,0.0,3.001071613439888e-17,1.0,1.0,plan-c,1.0,1.0,0.25,0.75,1.0,1.3996198393000312,0.0631420999998226,0.0002964724638067,0.0002846061105303
unitscope-tuned,this-work,user-certified,primary,6,16249f415d40cf804bb7ddd691a33bc7a05494b811a88a7245b6a31e930f95c8,0.25,1,6,1.0,0.5,0.5,0.5,0.5,0.5,0.509,0.0,7.097370606525936e-19,-2.827599265842195e-17,0.0,3.001071613439888e-17,1.0,1.0,plan-c,1.0,1.0,0.25,0.75,1.0,1.6259568911583095,0.0779860000038752,0.0002836962228609,0.0002741045337718
naive-recalibrated-2c,this-work,user-certified,primary,6,16249f415d40cf804bb7ddd691a33bc7a05494b811a88a7245b6a31e930f95c8,,1,6,1.0,0.5,0.5,0.5,0.5,0.5,0.509,0.0,7.097370606525936e-19,-2.827599265842195e-17,0.0,3.001071613439888e-17,2.0,2.0,plan-delta,2.0,1.0,0.25,0.75,0.7845074083701585,1.866105608689816,0.0602020999940577,0.000193249414509,0.0002255776556868
full-identity-reference,oracle,oracle-assumption,full-identity-reference,6,16249f415d40cf804bb7ddd691a33bc7a05494b811a88a7245b6a31e930f95c8,,1,6,1.0,0.5,0.5,0.5,0.5,0.5,0.509,0.0,7.097370606525936e-19,-2.827599265842195e-17,0.0,3.001071613439888e-17,1.0,1.0,plan-c,1.0,1.0,0.0,0.0,1.0,6.134257238903734,0.3413645999971777,0.0,1.285091852884027e-05
non-private-reference,oracle,non-private,diagnostic,6,16249f415d40cf804bb7ddd691a33bc7a05494b811a88a7245b6a31e930f95c8,,1,6,1.0,0.5,0.5,0.5,0.5,0.5,0.509,0.0,7.097370606525936e-19,-2.827599265842195e-17,0.0,3.001071613439888e-17,,,non-private,0.0,1.0,0.0,0.0,0.0,inf,0.0459054999955697,0.0001289734346239,0.0001289734346239
naive-claimed-c,this-work,unsafe-diagnostic,diagnostic,6,16249f415d40cf804bb7ddd691a33bc7a05494b811a88a7245b6a31e930f95c8,,1,6,1.0,0.5,0.5,0.5,0.5,0.5,0.509,0.0,7.097370606525936e-19,-2.827599265842195e-17,0.0,3.001071613439888e-17,,2.0,unsafe-diagnostic,1.0,1.0,0.25,0.75,0.7845074083701585,3.732211217379631,0.060874100003275,0.000193249414509,0.0001965626165691
stable-local-fallback,this-work,user-certified,primary,7,16249f415d40cf804bb7ddd691a33bc7a05494b811a88a7245b6a31e930f95c8,0.0,1,6,1.0,0.5,0.5,0.5,0.5,0.5,0.486,0.0,4.720518100780509e-19,-3.122502256758253e-17,0.0,3.4694469519536136e-17,1.0,1.0,plan-c,1.0,1.0,0.0,1.0,1.0,1.1776583770122326,0.0506240999966394,0.0002929974196437,0.0002990498753697
handle-only-drop-residual,this-work,user-certified,primary,7,16249f415d40cf804bb7ddd691a33bc7a05494b811a88a7245b6a31e930f95c8,1.0,1,6,1.0,0.5,0.5,0.5,0.5,0.5,0.486,0.0,4.720518100780509e-19,-3.122502256758253e-17,0.0,3.4694469519536136e-17,1.0,1.0,plan-c,1.0,0.2489905787348587,0.2489905787348587,0.0,0.159,3.1155204972063437,0.0567109000112395,0.0002929804979103,0.0002837237084298
unitscope-equal,this-work,user-certified,primary,7,16249f415d40cf804bb7ddd691a33bc7a05494b811a88a7245b6a31e930f95c8,0.1428571428571428,1,6,1.0,0.5,0.5,0.5,0.5,0.5,0.486,0.0,4.720518100780509e-19,-3.122502256758253e-17,0.0,3.4694469519536136e-17,1.0,1.0,plan-c,1.0,1.0,0.2489905787348587,0.7510094212651414,1.0,1.4039808835163128,0.0602701000025263,0.0002723002580975,0.0002786606649898
unitscope-tuned,this-work,user-certified,primary,7,16249f415d40cf804bb7ddd691a33bc7a05494b811a88a7245b6a31e930f95c8,0.25,1,6,1.0,0.5,0.5,0.5,0.5,0.5,0.486,0.0,4.720518100780509e-19,-3.122502256758253e-17,0.0,3.4694469519536136e-17,1.0,1.0,plan-c,1.0,1.0,0.2489905787348587,0.7510094212651414,1.0,1.6637869066984168,0.0622203999955672,0.0002564816325985,0.0002613430999682
naive-recalibrated-2c,this-work,user-certified,primary,7,16249f415d40cf804bb7ddd691a33bc7a05494b811a88a7245b6a31e930f95c8,,1,6,1.0,0.5,0.5,0.5,0.5,0.5,0.486,0.0,4.720518100780509e-19,-3.122502256758253e-17,0.0,3.4694469519536136e-17,2.0,2.0,plan-delta,2.0,1.0,0.2489905787348587,0.7510094212651414,0.7794387621295568,1.9271837526164155,0.078218900001957,0.0001848549136258,0.0002007144178664
full-identity-reference,oracle,oracle-assumption,full-identity-reference,7,16249f415d40cf804bb7ddd691a33bc7a05494b811a88a7245b6a31e930f95c8,,1,6,1.0,0.5,0.5,0.5,0.5,0.5,0.486,0.0,4.720518100780509e-19,-3.122502256758253e-17,0.0,3.4694469519536136e-17,1.0,1.0,plan-c,1.0,1.0,0.0,0.0,1.0,5.647009091772691,0.3413460000010673,0.0,1.4522739286817303e-05
non-private-reference,oracle,non-private,diagnostic,7,16249f415d40cf804bb7ddd691a33bc7a05494b811a88a7245b6a31e930f95c8,,1,6,1.0,0.5,0.5,0.5,0.5,0.5,0.486,0.0,4.720518100780509e-19,-3.122502256758253e-17,0.0,3.4694469519536136e-17,,,non-private,0.0,1.0,0.0,0.0,0.0,inf,0.0489270999969448,0.0001373974551786,0.0001373974551786
naive-claimed-c,this-work,unsafe-diagnostic,diagnostic,7,16249f415d40cf804bb7ddd691a33bc7a05494b811a88a7245b6a31e930f95c8,,1,6,1.0,0.5,0.5,0.5,0.5,0.5,0.486,0.0,4.720518100780509e-19,-3.122502256758253e-17,0.0,3.4694469519536136e-17,,2.0,unsafe-diagnostic,1.0,1.0,0.2489905787348587,0.7510094212651414,0.7794387621295568,3.854367505232831,0.0604186999989906,0.0001848549136258,0.0001782619264593
stable-local-fallback,this-work,user-certified,primary,8,16249f415d40cf804bb7ddd691a33bc7a05494b811a88a7245b6a31e930f95c8,0.0,1,6,1.0,0.5,0.5,0.5,0.5,0.5,0.4875,0.0,3.140294292409297e-19,-2.9837243786801056e-17,0.0,3.122502256758253e-17,1.0,1.0,plan-c,1.0,1.0,0.0,1.0,1.0,1.2207889623676185,0.0494475000014063,0.0003979920592976,0.0004646981921054
handle-only-drop-residual,this-work,user-certified,primary,8,16249f415d40cf804bb7ddd691a33bc7a05494b811a88a7245b6a31e930f95c8,1.0,1,6,1.0,0.5,0.5,0.5,0.5,0.5,0.4875,0.0,3.140294292409297e-19,-2.9837243786801056e-17,0.0,3.122502256758253e-17,1.0,1.0,plan-c,1.0,0.2510924369747899,0.2510924369747899,0.0,0.139,2.912227899957328,0.0583776999992551,0.0004052263336948,0.0004547064983151
unitscope-equal,this-work,user-certified,primary,8,16249f415d40cf804bb7ddd691a33bc7a05494b811a88a7245b6a31e930f95c8,0.1428571428571428,1,6,1.0,0.5,0.5,0.5,0.5,0.5,0.4875,0.0,3.140294292409297e-19,-2.9837243786801056e-17,0.0,3.122502256758253e-17,1.0,1.0,plan-c,1.0,1.0,0.2510924369747899,0.7489075630252101,1.0,1.388106829406374,0.0606086000043433,0.0003807581959472,0.0004453128661787
unitscope-tuned,this-work,user-certified,primary,8,16249f415d40cf804bb7ddd691a33bc7a05494b811a88a7245b6a31e930f95c8,0.25,1,6,1.0,0.5,0.5,0.5,0.5,0.5,0.4875,0.0,3.140294292409297e-19,-2.9837243786801056e-17,0.0,3.122502256758253e-17,1.0,1.0,plan-c,1.0,1.0,0.2510924369747899,0.7489075630252101,1.0,1.6122492417778247,0.0615222000051289,0.0003677197964897,0.0004294782173727
naive-recalibrated-2c,this-work,user-certified,primary,8,16249f415d40cf804bb7ddd691a33bc7a05494b811a88a7245b6a31e930f95c8,,1,6,1.0,0.5,0.5,0.5,0.5,0.5,0.4875,0.0,3.140294292409297e-19,-2.9837243786801056e-17,0.0,3.122502256758253e-17,2.0,2.0,plan-delta,2.0,1.0,0.2510924369747899,0.7489075630252101,0.7755474452554745,1.8366703639904327,0.0659791000070981,0.0002477294122396,0.0003584500440077
full-identity-reference,oracle,oracle-assumption,full-identity-reference,8,16249f415d40cf804bb7ddd691a33bc7a05494b811a88a7245b6a31e930f95c8,,1,6,1.0,0.5,0.5,0.5,0.5,0.5,0.4875,0.0,3.140294292409297e-19,-2.9837243786801056e-17,0.0,3.122502256758253e-17,1.0,1.0,plan-c,1.0,1.0,0.0,0.0,1.0,5.951213741123083,0.4305145999969682,0.0,1.7675969185463054e-05
non-private-reference,oracle,non-private,diagnostic,8,16249f415d40cf804bb7ddd691a33bc7a05494b811a88a7245b6a31e930f95c8,,1,6,1.0,0.5,0.5,0.5,0.5,0.5,0.4875,0.0,3.140294292409297e-19,-2.9837243786801056e-17,0.0,3.122502256758253e-17,,,non-private,0.0,1.0,0.0,0.0,0.0,inf,0.0569621000031475,0.0001601134232167,0.0001601134232167
naive-claimed-c,this-work,unsafe-diagnostic,diagnostic,8,16249f415d40cf804bb7ddd691a33bc7a05494b811a88a7245b6a31e930f95c8,,1,6,1.0,0.5,0.5,0.5,0.5,0.5,0.4875,0.0,3.140294292409297e-19,-2.9837243786801056e-17,0.0,3.122502256758253e-17,,2.0,unsafe-diagnostic,1.0,1.0,0.2510924369747899,0.7489075630252101,0.7755474452554745,3.6733407279808654,0.0793502000014996,0.0002477294122396,0.0002854137589382
stable-local-fallback,this-work,user-certified,primary,9,16249f415d40cf804bb7ddd691a33bc7a05494b811a88a7245b6a31e930f95c8,0.0,1,6,1.0,0.5,0.5,0.5,0.5,0.5,0.506,0.0,-1.0314919482895688e-18,-3.4694469519536136e-17,0.0,2.775557561562892e-17,1.0,1.0,plan-c,1.0,1.0,0.0,1.0,1.0,1.3099977631620447,0.0695027000037953,0.0003600776831913,0.0003915679738842
handle-only-drop-residual,this-work,user-certified,primary,9,16249f415d40cf804bb7ddd691a33bc7a05494b811a88a7245b6a31e930f95c8,1.0,1,6,1.0,0.5,0.5,0.5,0.5,0.5,0.506,0.0,-1.0314919482895688e-18,-3.4694469519536136e-17,0.0,2.775557561562892e-17,1.0,1.0,plan-c,1.0,0.2481739707835325,0.2481739707835325,0.0,0.157,3.329019353827168,0.0592316000111168,0.0003155333575612,0.0003337687922087
unitscope-equal,this-work,user-certified,primary,9,16249f415d40cf804bb7ddd691a33bc7a05494b811a88a7245b6a31e930f95c8,0.1428571428571428,1,6,1.0,0.5,0.5,0.5,0.5,0.5,0.506,0.0,-1.0314919482895688e-18,-3.4694469519536136e-17,0.0,2.775557561562892e-17,1.0,1.0,plan-c,1.0,1.0,0.2481739707835325,0.7518260292164675,1.0,1.5052914833136832,0.0603126999922096,0.0003383601787741,0.0003704489925386
unitscope-tuned,this-work,user-certified,primary,9,16249f415d40cf804bb7ddd691a33bc7a05494b811a88a7245b6a31e930f95c8,0.25,1,6,1.0,0.5,0.5,0.5,0.5,0.5,0.506,0.0,-1.0314919482895688e-18,-3.4694469519536136e-17,0.0,2.775557561562892e-17,1.0,1.0,plan-c,1.0,1.0,0.2481739707835325,0.7518260292164675,1.0,1.784354086858342,0.0625200999929802,0.0003157622324013,0.0003461088571282
naive-recalibrated-2c,this-work,user-certified,primary,9,16249f415d40cf804bb7ddd691a33bc7a05494b811a88a7245b6a31e930f95c8,,1,6,1.0,0.5,0.5,0.5,0.5,0.5,0.506,0.0,-1.0314919482895688e-18,-3.4694469519536136e-17,0.0,2.775557561562892e-17,2.0,2.0,plan-delta,2.0,1.0,0.2481739707835325,0.7518260292164675,0.7813229571984436,2.0686984072249865,0.0615713000006508,0.0001899298828628,0.0002492904552354
full-identity-reference,oracle,oracle-assumption,full-identity-reference,9,16249f415d40cf804bb7ddd691a33bc7a05494b811a88a7245b6a31e930f95c8,,1,6,1.0,0.5,0.5,0.5,0.5,0.5,0.506,0.0,-1.0314919482895688e-18,-3.4694469519536136e-17,0.0,2.775557561562892e-17,1.0,1.0,plan-c,1.0,1.0,0.0,0.0,1.0,6.50752099709646,0.3402233999950113,0.0,1.3227335642052287e-05
non-private-reference,oracle,non-private,diagnostic,9,16249f415d40cf804bb7ddd691a33bc7a05494b811a88a7245b6a31e930f95c8,,1,6,1.0,0.5,0.5,0.5,0.5,0.5,0.506,0.0,-1.0314919482895688e-18,-3.4694469519536136e-17,0.0,2.775557561562892e-17,,,non-private,0.0,1.0,0.0,0.0,0.0,inf,0.0671233000030042,0.000132934924549,0.000132934924549
naive-claimed-c,this-work,unsafe-diagnostic,diagnostic,9,16249f415d40cf804bb7ddd691a33bc7a05494b811a88a7245b6a31e930f95c8,,1,6,1.0,0.5,0.5,0.5,0.5,0.5,0.506,0.0,-1.0314919482895688e-18,-3.4694469519536136e-17,0.0,2.775557561562892e-17,,2.0,unsafe-diagnostic,1.0,1.0,0.2481739707835325,0.7518260292164675,0.7813229571984436,4.137396814449973,0.0615547000052174,0.0001899298828628,0.000206382833407
stable-local-fallback,this-work,user-certified,primary,0,6c92deedaf55490b424b3009deca19abc61bcdfe4c92aa36795c1864823c6a96,0.0,1,6,1.0,0.5,0.5,0.5,0.5,0.5,0.499,0.0,1.1154897702486132e-18,-2.775557561562892e-17,0.0,3.122502256758253e-17,1.0,1.0,plan-c,1.0,1.0,0.0,1.0,1.0,1.0496835424096278,0.0514377000072272,0.000337496100142,0.0003446902799674
handle-only-drop-residual,this-work,user-certified,primary,0,6c92deedaf55490b424b3009deca19abc61bcdfe4c92aa36795c1864823c6a96,1.0,1,6,1.0,0.5,0.5,0.5,0.5,0.5,0.499,0.0,1.1154897702486132e-18,-2.775557561562892e-17,0.0,3.122502256758253e-17,1.0,1.0,plan-c,1.0,0.2483322214809873,0.2483322214809873,0.0,0.157,2.773742840508147,0.0787809000030392,0.0002710791581833,0.0002836367617097
unitscope-equal,this-work,user-certified,primary,0,6c92deedaf55490b424b3009deca19abc61bcdfe4c92aa36795c1864823c6a96,0.1428571428571428,1,6,1.0,0.5,0.5,0.5,0.5,0.5,0.499,0.0,1.1154897702486132e-18,-2.775557561562892e-17,0.0,3.122502256758253e-17,1.0,1.0,plan-c,1.0,1.0,0.2483322214809873,0.7516677785190127,1.0,1.3283904162393023,0.059908399998676,0.0002979444660583,0.0003063645542174
unitscope-tuned,this-work,user-certified,primary,0,6c92deedaf55490b424b3009deca19abc61bcdfe4c92aa36795c1864823c6a96,0.5,1,6,1.0,0.5,0.5,0.5,0.5,0.5,0.499,0.0,1.1154897702486132e-18,-2.775557561562892e-17,0.0,3.122502256758253e-17,1.0,1.0,plan-c,1.0,1.0,0.2483322214809873,0.7516677785190127,1.0,2.2131502901276034,0.0607039000024087,0.0002313091484176,0.0002438846607307
naive-recalibrated-2c,this-work,user-certified,primary,0,6c92deedaf55490b424b3009deca19abc61bcdfe4c92aa36795c1864823c6a96,,1,6,1.0,0.5,0.5,0.5,0.5,0.5,0.499,0.0,1.1154897702486132e-18,-2.775557561562892e-17,0.0,3.122502256758253e-17,2.0,2.0,plan-delta,2.0,1.0,0.2483322214809873,0.7516677785190127,0.7805259047123145,1.7755311325908418,0.0613114999869139,0.0001557420398801,0.0002247851281215
full-identity-reference,oracle,oracle-assumption,full-identity-reference,0,6c92deedaf55490b424b3009deca19abc61bcdfe4c92aa36795c1864823c6a96,,1,6,1.0,0.5,0.5,0.5,0.5,0.5,0.499,0.0,1.1154897702486132e-18,-2.775557561562892e-17,0.0,3.122502256758253e-17,1.0,1.0,plan-c,1.0,1.0,0.0,0.0,1.0,5.146293509251274,0.3353818000032333,0.0,1.9925347562214547e-05
non-private-reference,oracle,non-private,diagnostic,0,6c92deedaf55490b424b3009deca19abc61bcdfe4c92aa36795c1864823c6a96,,1,6,1.0,0.5,0.5,0.5,0.5,0.5,0.499,0.0,1.1154897702486132e-18,-2.775557561562892e-17,0.0,3.122502256758253e-17,,,non-private,0.0,1.0,0.0,0.0,0.0,inf,0.0478863000025739,0.0001382192126081,0.0001382192126081
naive-claimed-c,this-work,unsafe-diagnostic,diagnostic,0,6c92deedaf55490b424b3009deca19abc61bcdfe4c92aa36795c1864823c6a96,,1,6,1.0,0.5,0.5,0.5,0.5,0.5,0.499,0.0,1.1154897702486132e-18,-2.775557561562892e-17,0.0,3.122502256758253e-17,,2.0,unsafe-diagnostic,1.0,1.0,0.2483322214809873,0.7516677785190127,0.7805259047123145,3.551062265181684,0.0868195000075502,0.0001557420398801,0.0001703382364385
stable-local-fallback,this-work,user-certified,primary,1,6c92deedaf55490b424b3009deca19abc61bcdfe4c92aa36795c1864823c6a96,0.0,1,6,1.0,0.5,0.5,0.5,0.5,0.5,0.4995,0.0,-1.0548994110669773e-18,-3.4694469519536136e-17,0.0,3.122502256758253e-17,1.0,1.0,plan-c,1.0,1.0,0.0,1.0,1.0,1.2446626361921118,0.0505922000011196,0.0003545236986979,0.0003896107826631
handle-only-drop-residual,this-work,user-certified,primary,1,6c92deedaf55490b424b3009deca19abc61bcdfe4c92aa36795c1864823c6a96,1.0,1,6,1.0,0.5,0.5,0.5,0.5,0.5,0.4995,0.0,-1.0548994110669773e-18,-3.4694469519536136e-17,0.0,3.122502256758253e-17,1.0,1.0,plan-c,1.0,0.2504168056018673,0.2504168056018673,0.0,0.178,3.1339735588065887,0.05814979999559,0.0003043654261299,0.0003406159486922
unitscope-equal,this-work,user-certified,primary,1,6c92deedaf55490b424b3009deca19abc61bcdfe4c92aa36795c1864823c6a96,0.1428571428571428,1,6,1.0,0.5,0.5,0.5,0.5,0.5,0.4995,0.0,-1.0548994110669773e-18,-3.4694469519536136e-17,0.0,3.122502256758253e-17,1.0,1.0,plan-c,1.0,1.0,0.2504168056018673,0.7495831943981327,1.0,1.454016013420899,0.0615928000042913,0.000332063418127,0.0003670906394278
unitscope-tuned,this-work,user-certified,primary,1,6c92deedaf55490b424b3009deca19abc61bcdfe4c92aa36795c1864823c6a96,0.5,1,6,1.0,0.5,0.5,0.5,0.5,0.5,0.4995,0.0,-1.0548994110669773e-18,-3.4694469519536136e-17,0.0,3.122502256758253e-17,1.0,1.0,plan-c,1.0,1.0,0.2504168056018673,0.7495831943981327,1.0,2.4448712941685287,0.079283300001407,0.0002731254461018,0.0003075867527293
naive-recalibrated-2c,this-work,user-certified,primary,1,6c92deedaf55490b424b3009deca19abc61bcdfe4c92aa36795c1864823c6a96,,1,6,1.0,0.5,0.5,0.5,0.5,0.5,0.4995,0.0,-1.0548994110669773e-18,-3.4694469519536136e-17,0.0,3.122502256758253e-17,2.0,2.0,plan-delta,2.0,1.0,0.2504168056018673,0.7495831943981327,0.7848730698769956,1.984807831198546,0.0612005000002682,0.0001861412549372,0.0002784818373264
full-identity-reference,oracle,oracle-assumption,full-identity-reference,1,6c92deedaf55490b424b3009deca19abc61bcdfe4c92aa36795c1864823c6a96,,1,6,1.0,0.5,0.5,0.5,0.5,0.5,0.4995,0.0,-1.0548994110669773e-18,-3.4694469519536136e-17,0.0,3.122502256758253e-17,1.0,1.0,plan-c,1.0,1.0,0.0,0.0,1.0,6.152632961737046,0.3384107000019867,0.0,1.4585911827834765e-05
non-private-reference,oracle,non-private,diagnostic,1,6c92deedaf55490b424b3009deca19abc61bcdfe4c92aa36795c1864823c6a96,,1,6,1.0,0.5,0.5,0.5,0.5,0.5,0.4995,0.0,-1.0548994110669773e-18,-3.4694469519536136e-17,0.0,3.122502256758253e-17,,,non-private,0.0,1.0,0.0,0.0,0.0,inf,0.045784799993271,0.0001379500758486,0.0001379500758486
naive-claimed-c,this-work,unsafe-diagnostic,diagnostic,1,6c92deedaf55490b424b3009deca19abc61bcdfe4c92aa36795c1864823c6a96,,1,6,1.0,0.5,0.5,0.5,0.5,0.5,0.4995,0.0,-1.0548994110669773e-18,-3.4694469519536136e-17,0.0,3.122502256758253e-17,,2.0,unsafe-diagnostic,1.0,1.0,0.2504168056018673,0.7495831943981327,0.7848730698769956,3.969615662397092,0.0604882999905385,0.0001861412549372,0.000217725634304
stable-local-fallback,this-work,user-certified,primary,2,6c92deedaf55490b424b3009deca19abc61bcdfe4c92aa36795c1864823c6a96,0.0,1,6,1.0,0.5,0.5,0.5,0.5,0.5,0.484,0.0,1.154988925895715e-18,-2.775557561562892e-17,0.0,3.4694469519536136e-17,1.0,1.0,plan-c,1.0,1.0,0.0,1.0,1.0,1.1051820084478392,0.0514422999985981,0.0002974270203325,0.0003347230342958
handle-only-drop-residual,this-work,user-certified,primary,2,6c92deedaf55490b424b3009deca19abc61bcdfe4c92aa36795c1864823c6a96,1.0,1,6,1.0,0.5,0.5,0.5,0.5,0.5,0.484,0.0,1.154988925895715e-18,-2.775557561562892e-17,0.0,3.4694469519536136e-17,1.0,1.0,plan-c,1.0,0.2498315363881401,0.2498315363881401,0.0,0.165,2.7306414419920397,0.0577489999996032,0.0003057367328774,0.0003559622248594
unitscope-equal,this-work,user-certified,primary,2,6c92deedaf55490b424b3009deca19abc61bcdfe4c92aa36795c1864823c6a96,0.1428571428571428,1,6,1.0,0.5,0.5,0.5,0.5,0.5,0.484,0.0,1.154988925895715e-18,-2.775557561562892e-17,0.0,3.4694469519536136e-17,1.0,1.0,plan-c,1.0,1.0,0.2498315363881401,0.7501684636118598,1.0,1.2673936285416991,0.0607855999987805,0.0002822395359519,0.0003221034006256
unitscope-tuned,this-work,user-certified,primary,2,6c92deedaf55490b424b3009deca19abc61bcdfe4c92aa36795c1864823c6a96,0.5,1,6,1.0,0.5,0.5,0.5,0.5,0.5,0.484,0.0,1.154988925895715e-18,-2.775557561562892e-17,0.0,3.4694469519536136e-17,1.0,1.0,plan-c,1.0,1.0,0.2498315363881401,0.7501684636118598,1.0,2.122153777586608,0.0615156999992905,0.000255650651691,0.0003016855079585
naive-recalibrated-2c,this-work,user-certified,primary,2,6c92deedaf55490b424b3009deca19abc61bcdfe4c92aa36795c1864823c6a96,,1,6,1.0,0.5,0.5,0.5,0.5,0.5,0.484,0.0,1.154988925895715e-18,-2.775557561562892e-17,0.0,3.4694469519536136e-17,2.0,2.0,plan-delta,2.0,1.0,0.2498315363881401,0.7501684636118598,0.7804364975019721,1.689212440448792,0.0958766000112518,0.0001900851505167,0.0003134018265076
full-identity-reference,oracle,oracle-assumption,full-identity-reference,2,6c92deedaf55490b424b3009deca19abc61bcdfe4c92aa36795c1864823c6a96,,1,6,1.0,0.5,0.5,0.5,0.5,0.5,0.484,0.0,1.154988925895715e-18,-2.775557561562892e-17,0.0,3.4694469519536136e-17,1.0,1.0,plan-c,1.0,1.0,0.0,0.0,1.0,5.397314953033132,0.339737200003583,0.0,1.5944966299623317e-05
non-private-reference,oracle,non-private,diagnostic,2,6c92deedaf55490b424b3009deca19abc61bcdfe4c92aa36795c1864823c6a96,,1,6,1.0,0.5,0.5,0.5,0.5,0.5,0.484,0.0,1.154988925895715e-18,-2.775557561562892e-17,0.0,3.4694469519536136e-17,,,non-private,0.0,1.0,0.0,0.0,0.0,inf,0.0462857999955304,0.0001310097726748,0.0001310097726748
naive-claimed-c,this-work,unsafe-diagnostic,diagnostic,2,6c92deedaf55490b424b3009deca19abc61bcdfe4c92aa36795c1864823c6a96,,1,6,1.0,0.5,0.5,0.5,0.5,0.5,0.484,0.0,1.154988925895715e-18,-2.775557561562892e-17,0.0,3.4694469519536136e-17,,2.0,unsafe-diagnostic,1.0,1.0,0.2498315363881401,0.7501684636118598,0.7804364975019721,3.378424880897584,0.0602948999876389,0.0001900851505167,0.0002357985222125
stable-local-fallback,this-work,user-certified,primary,3,6c92deedaf55490b424b3009deca19abc61bcdfe4c92aa36795c1864823c6a96,0.0,1,6,1.0,0.5,0.5,0.5,0.5,0.5,0.508,0.0,-1.028711510114199e-18,-3.4694469519536136e-17,0.0,3.4694469519536136e-17,1.0,1.0,plan-c,1.0,1.0,0.0,1.0,1.0,1.2426967729710123,0.0549384000041754,0.0003081592329482,0.0003035198437984
handle-only-drop-residual,this-work,user-certified,primary,3,6c92deedaf55490b424b3009deca19abc61bcdfe4c92aa36795c1864823c6a96,1.0,1,6,1.0,0.5,0.5,0.5,0.5,0.5,0.508,0.0,-1.028711510114199e-18,-3.4694469519536136e-17,0.0,3.4694469519536136e-17,1.0,1.0,plan-c,1.0,0.248342175066313,0.248342175066313,0.0,0.171,3.0540348552703533,0.0605882000090787,0.0002344326529211,0.0002373605681262
unitscope-equal,this-work,user-certified,primary,3,6c92deedaf55490b424b3009deca19abc61bcdfe4c92aa36795c1864823c6a96,0.1428571428571428,1,6,1.0,0.5,0.5,0.5,0.5,0.5,0.508,0.0,-1.028711510114199e-18,-3.4694469519536136e-17,0.0,3.4694469519536136e-17,1.0,1.0,plan-c,1.0,1.0,0.248342175066313,0.751657824933687,1.0,1.457289191475545,0.0625250000011874,0.0002875860126596,0.0002845788482133
unitscope-tuned,this-work,user-certified,primary,3,6c92deedaf55490b424b3009deca19abc61bcdfe4c92aa36795c1864823c6a96,0.5,1,6,1.0,0.5,0.5,0.5,0.5,0.5,0.508,0.0,-1.028711510114199e-18,-3.4694469519536136e-17,0.0,3.4694469519536136e-17,1.0,1.0,plan-c,1.0,1.0,0.248342175066313,0.751657824933687,1.0,2.45484952448684,0.0618177999858744,0.0002269939233996,0.0002285172670438
naive-recalibrated-2c,this-work,user-certified,primary,3,6c92deedaf55490b424b3009deca19abc61bcdfe4c92aa36795c1864823c6a96,,1,6,1.0,0.5,0.5,0.5,0.5,0.5,0.508,0.0,-1.028711510114199e-18,-3.4694469519536136e-17,0.0,3.4694469519536136e-17,2.0,2.0,plan-delta,2.0,1.0,0.248342175066313,0.751657824933687,0.7843953185955787,1.972634719589342,0.060230799994315,0.0001357489805166,0.0001804611923855
full-identity-reference,oracle,oracle-assumption,full-identity-reference,3,6c92deedaf55490b424b3009deca19abc61bcdfe4c92aa36795c1864823c6a96,,1,6,1.0,0.5,0.5,0.5,0.5,0.5,0.508,0.0,-1.028711510114199e-18,-3.4694469519536136e-17,0.0,3.4694469519536136e-17,1.0,1.0,plan-c,1.0,1.0,0.0,0.0,1.0,5.864312315378012,0.3609236999909626,0.0,1.4295995470253786e-05
non-private-reference,oracle,non-private,diagnostic,3,6c92deedaf55490b424b3009deca19abc61bcdfe4c92aa36795c1864823c6a96,,1,6,1.0,0.5,0.5,0.5,0.5,0.5,0.508,0.0,-1.028711510114199e-18,-3.4694469519536136e-17,0.0,3.4694469519536136e-17,,,non-private,0.0,1.0,0.0,0.0,0.0,inf,0.0481590999988839,0.0001560967403371,0.0001560967403371
naive-claimed-c,this-work,unsafe-diagnostic,diagnostic,3,6c92deedaf55490b424b3009deca19abc61bcdfe4c92aa36795c1864823c6a96,,1,6,1.0,0.5,0.5,0.5,0.5,0.5,0.508,0.0,-1.028711510114199e-18,-3.4694469519536136e-17,0.0,3.4694469519536136e-17,,2.0,unsafe-diagnostic,1.0,1.0,0.248342175066313,0.751657824933687,0.7843953185955787,3.945269439178684,0.0629787999932887,0.0001357489805166,0.0001438090909808
stable-local-fallback,this-work,user-certified,primary,4,6c92deedaf55490b424b3009deca19abc61bcdfe4c92aa36795c1864823c6a96,0.0,1,6,1.0,0.5,0.5,0.5,0.5,0.5,0.502,0.0,5.071128886446146e-19,-3.0704605524789466e-17,0.0,3.4694469519536136e-17,1.0,1.0,plan-c,1.0,1.0,0.0,1.0,1.0,1.083410149901307,0.0658224000071641,0.0002817095259276,0.0002871015571227
handle-only-drop-residual,this-work,user-certified,primary,4,6c92deedaf55490b424b3009deca19abc61bcdfe4c92aa36795c1864823c6a96,1.0,1,6,1.0,0.5,0.5,0.5,0.5,0.5,0.502,0.0,5.071128886446146e-19,-3.0704605524789466e-17,0.0,3.4694469519536136e-17,1.0,1.0,plan-c,1.0,0.2470039946737683,0.2470039946737683,0.0,0.158,3.014934876751891,0.0620315999985905,0.0002737620568974,0.0003016309663547
unitscope-equal,this-work,user-certified,primary,4,6c92deedaf55490b424b3009deca19abc61bcdfe4c92aa36795c1864823c6a96,0.1428571428571428,1,6,1.0,0.5,0.5,0.5,0.5,0.5,0.502,0.0,5.071128886446146e-19,-3.0704605524789466e-17,0.0,3.4694469519536136e-17,1.0,1.0,plan-c,1.0,1.0,0.2470039946737683,0.7529960053262317,1.0,1.2814357545618331,0.0622443000029306,0.0002623757249261,0.0002716105153167
unitscope-tuned,this-work,user-certified,primary,4,6c92deedaf55490b424b3009deca19abc61bcdfe4c92aa36795c1864823c6a96,0.5,1,6,1.0,0.5,0.5,0.5,0.5,0.5,0.502,0.0,5.071128886446146e-19,-3.0704605524789466e-17,0.0,3.4694469519536136e-17,1.0,1.0,plan-c,1.0,1.0,0.2470039946737683,0.7529960053262317,1.0,2.257287317988748,0.0634398000111104,0.0002230815045606,0.0002429599091561
naive-recalibrated-2c,this-work,user-certified,primary,4,6c92deedaf55490b424b3009deca19abc61bcdfe4c92aa36795c1864823c6a96,,1,6,1.0,0.5,0.5,0.5,0.5,0.5,0.502,0.0,5.071128886446146e-19,-3.0704605524789466e-17,0.0,3.4694469519536136e-17,2.0,2.0,plan-delta,2.0,1.0,0.2470039946737683,0.7529960053262317,0.781071242849714,1.8094991887638816,0.063542599993525,0.0001708890116999,0.0002596987163451
full-identity-reference,oracle,oracle-assumption,full-identity-reference,4,6c92deedaf55490b424b3009deca19abc61bcdfe4c92aa36795c1864823c6a96,,1,6,1.0,0.5,0.5,0.5,0.5,0.5,0.502,0.0,5.071128886446146e-19,-3.0704605524789466e-17,0.0,3.4694469519536136e-17,1.0,1.0,plan-c,1.0,1.0,0.0,0.0,1.0,5.294312486165919,0.3377085999964038,0.0,1.5688479693467358e-05
non-private-reference,oracle,non-private,diagnostic,4,6c92deedaf55490b424b3009deca19abc61bcdfe4c92aa36795c1864823c6a96,,1,6,1.0,0.5,0.5,0.5,0.5,0.5,0.502,0.0,5.071128886446146e-19,-3.0704605524789466e-17,0.0,3.4694469519536136e-17,,,non-private,0.0,1.0,0.0,0.0,0.0,inf,0.0636958999966736,0.0001239313031695,0.0001239313031695
naive-claimed-c,this-work,unsafe-diagnostic,diagnostic,4,6c92deedaf55490b424b3009deca19abc61bcdfe4c92aa36795c1864823c6a96,,1,6,1.0,0.5,0.5,0.5,0.5,0.5,0.502,0.0,5.071128886446146e-19,-3.0704605524789466e-17,0.0,3.4694469519536136e-17,,2.0,unsafe-diagnostic,1.0,1.0,0.2470039946737683,0.7529960053262317,0.781071242849714,3.618998377527763,0.061410700000124,0.0001708890116999,0.000199605384329
stable-local-fallback,this-work,user-certified,primary,5,6c92deedaf55490b424b3009deca19abc61bcdfe4c92aa36795c1864823c6a96,0.0,1,6,1.0,0.5,0.5,0.5,0.5,0.5,0.5045,0.0,1.3663741154931293e-18,-2.775557561562892e-17,0.0,3.4694469519536136e-17,1.0,1.0,plan-c,1.0,1.0,0.0,1.0,1.0,1.0438977417474122,0.0514706000103615,0.0003175052038099,0.000297374743711
handle-only-drop-residual,this-work,user-certified,primary,5,6c92deedaf55490b424b3009deca19abc61bcdfe4c92aa36795c1864823c6a96,1.0,1,6,1.0,0.5,0.5,0.5,0.5,0.5,0.5045,0.0,1.3663741154931293e-18,-2.775557561562892e-17,0.0,3.4694469519536136e-17,1.0,1.0,plan-c,1.0,0.2497507477567298,0.2497507477567298,0.0,0.171,2.7977259066323,0.0766482000035466,0.0002476337142288,0.0002273795657983
unitscope-equal,this-work,user-certified,primary,5,6c92deedaf55490b424b3009deca19abc61bcdfe4c92aa36795c1864823c6a96,0.1428571428571428,1,6,1.0,0.5,0.5,0.5,0.5,0.5,0.5045,0.0,1.3663741154931293e-18,-2.775557561562892e-17,0.0,3.4694469519536136e-17,1.0,1.0,plan-c,1.0,1.0,0.2497507477567298,0.7502492522432702,1.0,1.2665207438397876,0.0619540000043343,0.0002902001718022,0.0002685134013655
unitscope-tuned,this-work,user-certified,primary,5,6c92deedaf55490b424b3009deca19abc61bcdfe4c92aa36795c1864823c6a96,0.5,1,6,1.0,0.5,0.5,0.5,0.5,0.5,0.5045,0.0,1.3663741154931293e-18,-2.775557561562892e-17,0.0,3.4694469519536136e-17,1.0,1.0,plan-c,1.0,1.0,0.2497507477567298,0.7502492522432702,1.0,2.1794848455122136,0.0709014000021852,0.0002311289564041,0.0002090287017594
naive-recalibrated-2c,this-work,user-certified,primary,5,6c92deedaf55490b424b3009deca19abc61bcdfe4c92aa36795c1864823c6a96,,1,6,1.0,0.5,0.5,0.5,0.5,0.5,0.5045,0.0,1.3663741154931293e-18,-2.775557561562892e-17,0.0,3.4694469519536136e-17,2.0,2.0,plan-delta,2.0,1.0,0.2497507477567298,0.7502492522432702,0.7840020844189682,1.769787470675994,0.0769558000029064,0.0001462583483626,0.0001699479419177
full-identity-reference,oracle,oracle-assumption,full-identity-reference,5,6c92deedaf55490b424b3009deca19abc61bcdfe4c92aa36795c1864823c6a96,,1,6,1.0,0.5,0.5,0.5,0.5,0.5,0.5045,0.0,1.3663741154931293e-18,-2.775557561562892e-17,0.0,3.4694469519536136e-17,1.0,1.0,plan-c,1.0,1.0,0.0,0.0,1.0,4.939058273830325,0.349280100010219,0.0,2.072019138122691e-05
non-private-reference,oracle,non-private,diagnostic,5,6c92deedaf55490b424b3009deca19abc61bcdfe4c92aa36795c1864823c6a96,,1,6,1.0,0.5,0.5,0.5,0.5,0.5,0.5045,0.0,1.3663741154931293e-18,-2.775557561562892e-17,0.0,3.4694469519536136e-17,,,non-private,0.0,1.0,0.0,0.0,0.0,inf,0.0568142999982228,0.0001601577057687,0.0001601577057687
naive-claimed-c,this-work,unsafe-diagnostic,diagnostic,5,6c92deedaf55490b424b3009deca19abc61bcdfe4c92aa36795c1864823c6a96,,1,6,1.0,0.5,0.5,0.5,0.5,0.5,0.5045,0.0,1.3663741154931293e-18,-2.775557561562892e-17,0.0,3.4694469519536136e-17,,2.0,unsafe-diagnostic,1.0,1.0,0.2497507477567298,0.7502492522432702,0.7840020844189682,3.539574941351988,0.1018712000077357,0.0001462583483626,0.0001373829537589
stable-local-fallback,this-work,user-certified,primary,6,6c92deedaf55490b424b3009deca19abc61bcdfe4c92aa36795c1864823c6a96,0.0,1,6,1.0,0.5,0.5,0.5,0.5,0.5,0.509,0.0,7.097370606525936e-19,-2.827599265842195e-17,0.0,3.001071613439888e-17,1.0,1.0,plan-c,1.0,1.0,0.0,1.0,1.0,1.2515884215013988,0.0561028000083752,0.0003095094446425,0.0002957190441592
handle-only-drop-residual,this-work,user-certified,primary,6,6c92deedaf55490b424b3009deca19abc61bcdfe4c92aa36795c1864823c6a96,1.0,1,6,1.0,0.5,0.5,0.5,0.5,0.5,0.509,0.0,7.097370606525936e-19,-2.827599265842195e-17,0.0,3.001071613439888e-17,1.0,1.0,plan-c,1.0,0.25,0.25,0.0,0.171,3.00653521037432,0.0620491000008769,0.0003139081138769,0.0003124555221887
unitscope-equal,this-work,user-certified,primary,6,6c92deedaf55490b424b3009deca19abc61bcdfe4c92aa36795c1864823c6a96,0.1428571428571428,1,6,1.0,0.5,0.5,0.5,0.5,0.5,0.509,0.0,7.097370606525936e-19,-2.827599265842195e-17,0.0,3.001071613439888e-17,1.0,1.0,plan-c,1.0,1.0,0.25,0.75,1.0,1.3996198393000312,0.0651851000002352,0.0002964724638067,0.0002846061105303
unitscope-tuned,this-work,user-certified,primary,6,6c92deedaf55490b424b3009deca19abc61bcdfe4c92aa36795c1864823c6a96,0.5,1,6,1.0,0.5,0.5,0.5,0.5,0.5,0.509,0.0,7.097370606525936e-19,-2.827599265842195e-17,0.0,3.001071613439888e-17,1.0,1.0,plan-c,1.0,1.0,0.25,0.75,1.0,2.2970672270121804,0.0786553999932948,0.0002671846035325,0.0002629004642138
naive-recalibrated-2c,this-work,user-certified,primary,6,6c92deedaf55490b424b3009deca19abc61bcdfe4c92aa36795c1864823c6a96,,1,6,1.0,0.5,0.5,0.5,0.5,0.5,0.509,0.0,7.097370606525936e-19,-2.827599265842195e-17,0.0,3.001071613439888e-17,2.0,2.0,plan-delta,2.0,1.0,0.25,0.75,0.7845074083701585,1.866105608689816,0.0656058000022312,0.000193249414509,0.0002255776556868
full-identity-reference,oracle,oracle-assumption,full-identity-reference,6,6c92deedaf55490b424b3009deca19abc61bcdfe4c92aa36795c1864823c6a96,,1,6,1.0,0.5,0.5,0.5,0.5,0.5,0.509,0.0,7.097370606525936e-19,-2.827599265842195e-17,0.0,3.001071613439888e-17,1.0,1.0,plan-c,1.0,1.0,0.0,0.0,1.0,6.134257238903734,0.3556804999971064,0.0,1.285091852884027e-05
non-private-reference,oracle,non-private,diagnostic,6,6c92deedaf55490b424b3009deca19abc61bcdfe4c92aa36795c1864823c6a96,,1,6,1.0,0.5,0.5,0.5,0.5,0.5,0.509,0.0,7.097370606525936e-19,-2.827599265842195e-17,0.0,3.001071613439888e-17,,,non-private,0.0,1.0,0.0,0.0,0.0,inf,0.0523509999911766,0.0001289734346239,0.0001289734346239
naive-claimed-c,this-work,unsafe-diagnostic,diagnostic,6,6c92deedaf55490b424b3009deca19abc61bcdfe4c92aa36795c1864823c6a96,,1,6,1.0,0.5,0.5,0.5,0.5,0.5,0.509,0.0,7.097370606525936e-19,-2.827599265842195e-17,0.0,3.001071613439888e-17,,2.0,unsafe-diagnostic,1.0,1.0,0.25,0.75,0.7845074083701585,3.732211217379631,0.0665804999880492,0.000193249414509,0.0001965626165691
stable-local-fallback,this-work,user-certified,primary,7,6c92deedaf55490b424b3009deca19abc61bcdfe4c92aa36795c1864823c6a96,0.0,1,6,1.0,0.5,0.5,0.5,0.5,0.5,0.486,0.0,4.720518100780509e-19,-3.122502256758253e-17,0.0,3.4694469519536136e-17,1.0,1.0,plan-c,1.0,1.0,0.0,1.0,1.0,1.1776583770122326,0.0615435000072466,0.0002929974196437,0.0002990498753697
handle-only-drop-residual,this-work,user-certified,primary,7,6c92deedaf55490b424b3009deca19abc61bcdfe4c92aa36795c1864823c6a96,1.0,1,6,1.0,0.5,0.5,0.5,0.5,0.5,0.486,0.0,4.720518100780509e-19,-3.122502256758253e-17,0.0,3.4694469519536136e-17,1.0,1.0,plan-c,1.0,0.2489905787348587,0.2489905787348587,0.0,0.159,3.1155204972063437,0.0615909000043757,0.0002929804979103,0.0002837237084298
unitscope-equal,this-work,user-certified,primary,7,6c92deedaf55490b424b3009deca19abc61bcdfe4c92aa36795c1864823c6a96,0.1428571428571428,1,6,1.0,0.5,0.5,0.5,0.5,0.5,0.486,0.0,4.720518100780509e-19,-3.122502256758253e-17,0.0,3.4694469519536136e-17,1.0,1.0,plan-c,1.0,1.0,0.2489905787348587,0.7510094212651414,1.0,1.4039808835163128,0.0653702999989036,0.0002723002580975,0.0002786606649898
unitscope-tuned,this-work,user-certified,primary,7,6c92deedaf55490b424b3009deca19abc61bcdfe4c92aa36795c1864823c6a96,0.5,1,6,1.0,0.5,0.5,0.5,0.5,0.5,0.486,0.0,4.720518100780509e-19,-3.122502256758253e-17,0.0,3.4694469519536136e-17,1.0,1.0,plan-c,1.0,1.0,0.2489905787348587,0.7510094212651414,1.0,2.3780858157975544,0.0733101999940117,0.0002344918975983,0.0002358558394152
naive-recalibrated-2c,this-work,user-certified,primary,7,6c92deedaf55490b424b3009deca19abc61bcdfe4c92aa36795c1864823c6a96,,1,6,1.0,0.5,0.5,0.5,0.5,0.5,0.486,0.0,4.720518100780509e-19,-3.122502256758253e-17,0.0,3.4694469519536136e-17,2.0,2.0,plan-delta,2.0,1.0,0.2489905787348587,0.7510094212651414,0.7794387621295568,1.9271837526164155,0.0880089999991469,0.0001848549136258,0.0002007144178664
full-identity-reference,oracle,oracle-assumption,full-identity-reference,7,6c92deedaf55490b424b3009deca19abc61bcdfe4c92aa36795c1864823c6a96,,1,6,1.0,0.5,0.5,0.5,0.5,0.5,0.486,0.0,4.720518100780509e-19,-3.122502256758253e-17,0.0,3.4694469519536136e-17,1.0,1.0,plan-c,1.0,1.0,0.0,0.0,1.0,5.647009091772691,0.349795100002666,0.0,1.4522739286817303e-05
non-private-reference,oracle,non-private,diagnostic,7,6c92deedaf55490b424b3009deca19abc61bcdfe4c92aa36795c1864823c6a96,,1,6,1.0,0.5,0.5,0.5,0.5,0.5,0.486,0.0,4.720518100780509e-19,-3.122502256758253e-17,0.0,3.4694469519536136e-17,,,non-private,0.0,1.0,0.0,0.0,0.0,inf,0.0466145000100368,0.0001373974551786,0.0001373974551786
naive-claimed-c,this-work,unsafe-diagnostic,diagnostic,7,6c92deedaf55490b424b3009deca19abc61bcdfe4c92aa36795c1864823c6a96,,1,6,1.0,0.5,0.5,0.5,0.5,0.5,0.486,0.0,4.720518100780509e-19,-3.122502256758253e-17,0.0,3.4694469519536136e-17,,2.0,unsafe-diagnostic,1.0,1.0,0.2489905787348587,0.7510094212651414,0.7794387621295568,3.854367505232831,0.0655752000020584,0.0001848549136258,0.0001782619264593
stable-local-fallback,this-work,user-certified,primary,8,6c92deedaf55490b424b3009deca19abc61bcdfe4c92aa36795c1864823c6a96,0.0,1,6,1.0,0.5,0.5,0.5,0.5,0.5,0.4875,0.0,3.140294292409297e-19,-2.9837243786801056e-17,0.0,3.122502256758253e-17,1.0,1.0,plan-c,1.0,1.0,0.0,1.0,1.0,1.2207889623676185,0.0531282000010833,0.0003979920592976,0.0004646981921054
handle-only-drop-residual,this-work,user-certified,primary,8,6c92deedaf55490b424b3009deca19abc61bcdfe4c92aa36795c1864823c6a96,1.0,1,6,1.0,0.5,0.5,0.5,0.5,0.5,0.4875,0.0,3.140294292409297e-19,-2.9837243786801056e-17,0.0,3.122502256758253e-17,1.0,1.0,plan-c,1.0,0.2510924369747899,0.2510924369747899,0.0,0.139,2.912227899957328,0.058398200009833,0.0004052263336948,0.0004547064983151
unitscope-equal,this-work,user-certified,primary,8,6c92deedaf55490b424b3009deca19abc61bcdfe4c92aa36795c1864823c6a96,0.1428571428571428,1,6,1.0,0.5,0.5,0.5,0.5,0.5,0.4875,0.0,3.140294292409297e-19,-2.9837243786801056e-17,0.0,3.122502256758253e-17,1.0,1.0,plan-c,1.0,1.0,0.2510924369747899,0.7489075630252101,1.0,1.388106829406374,0.0645220000005792,0.0003807581959472,0.0004453128661787
unitscope-tuned,this-work,user-certified,primary,8,6c92deedaf55490b424b3009deca19abc61bcdfe4c92aa36795c1864823c6a96,0.5,1,6,1.0,0.5,0.5,0.5,0.5,0.5,0.4875,0.0,3.140294292409297e-19,-2.9837243786801056e-17,0.0,3.122502256758253e-17,1.0,1.0,plan-c,1.0,1.0,0.2510924369747899,0.7489075630252101,1.0,2.277352697763452,0.0621030000038445,0.0003552875468314,0.0004105213859015
naive-recalibrated-2c,this-work,user-certified,primary,8,6c92deedaf55490b424b3009deca19abc61bcdfe4c92aa36795c1864823c6a96,,1,6,1.0,0.5,0.5,0.5,0.5,0.5,0.4875,0.0,3.140294292409297e-19,-2.9837243786801056e-17,0.0,3.122502256758253e-17,2.0,2.0,plan-delta,2.0,1.0,0.2510924369747899,0.7489075630252101,0.7755474452554745,1.8366703639904327,0.0605809999979101,0.0002477294122396,0.0003584500440077
full-identity-reference,oracle,oracle-assumption,full-identity-reference,8,6c92deedaf55490b424b3009deca19abc61bcdfe4c92aa36795c1864823c6a96,,1,6,1.0,0.5,0.5,0.5,0.5,0.5,0.4875,0.0,3.140294292409297e-19,-2.9837243786801056e-17,0.0,3.122502256758253e-17,1.0,1.0,plan-c,1.0,1.0,0.0,0.0,1.0,5.951213741123083,0.3651417999935802,0.0,1.7675969185463054e-05
non-private-reference,oracle,non-private,diagnostic,8,6c92deedaf55490b424b3009deca19abc61bcdfe4c92aa36795c1864823c6a96,,1,6,1.0,0.5,0.5,0.5,0.5,0.5,0.4875,0.0,3.140294292409297e-19,-2.9837243786801056e-17,0.0,3.122502256758253e-17,,,non-private,0.0,1.0,0.0,0.0,0.0,inf,0.0489530000049853,0.0001601134232167,0.0001601134232167
naive-claimed-c,this-work,unsafe-diagnostic,diagnostic,8,6c92deedaf55490b424b3009deca19abc61bcdfe4c92aa36795c1864823c6a96,,1,6,1.0,0.5,0.5,0.5,0.5,0.5,0.4875,0.0,3.140294292409297e-19,-2.9837243786801056e-17,0.0,3.122502256758253e-17,,2.0,unsafe-diagnostic,1.0,1.0,0.2510924369747899,0.7489075630252101,0.7755474452554745,3.6733407279808654,0.0626978000072995,0.0002477294122396,0.0002854137589382
stable-local-fallback,this-work,user-certified,primary,9,6c92deedaf55490b424b3009deca19abc61bcdfe4c92aa36795c1864823c6a96,0.0,1,6,1.0,0.5,0.5,0.5,0.5,0.5,0.506,0.0,-1.0314919482895688e-18,-3.4694469519536136e-17,0.0,2.775557561562892e-17,1.0,1.0,plan-c,1.0,1.0,0.0,1.0,1.0,1.3099977631620447,0.0673804999969434,0.0003600776831913,0.0003915679738842
handle-only-drop-residual,this-work,user-certified,primary,9,6c92deedaf55490b424b3009deca19abc61bcdfe4c92aa36795c1864823c6a96,1.0,1,6,1.0,0.5,0.5,0.5,0.5,0.5,0.506,0.0,-1.0314919482895688e-18,-3.4694469519536136e-17,0.0,2.775557561562892e-17,1.0,1.0,plan-c,1.0,0.2481739707835325,0.2481739707835325,0.0,0.157,3.329019353827168,0.0634110999963013,0.0003155333575612,0.0003337687922087
unitscope-equal,this-work,user-certified,primary,9,6c92deedaf55490b424b3009deca19abc61bcdfe4c92aa36795c1864823c6a96,0.1428571428571428,1,6,1.0,0.5,0.5,0.5,0.5,0.5,0.506,0.0,-1.0314919482895688e-18,-3.4694469519536136e-17,0.0,2.775557561562892e-17,1.0,1.0,plan-c,1.0,1.0,0.2481739707835325,0.7518260292164675,1.0,1.5052914833136832,0.061770999993314,0.0003383601787741,0.0003704489925386
unitscope-tuned,this-work,user-certified,primary,9,6c92deedaf55490b424b3009deca19abc61bcdfe4c92aa36795c1864823c6a96,0.5,1,6,1.0,0.5,0.5,0.5,0.5,0.5,0.506,0.0,-1.0314919482895688e-18,-3.4694469519536136e-17,0.0,2.775557561562892e-17,1.0,1.0,plan-c,1.0,1.0,0.2481739707835325,0.7518260292164675,1.0,2.5616619495970103,0.0614514999906532,0.000279384696683,0.0003056662136553
naive-recalibrated-2c,this-work,user-certified,primary,9,6c92deedaf55490b424b3009deca19abc61bcdfe4c92aa36795c1864823c6a96,,1,6,1.0,0.5,0.5,0.5,0.5,0.5,0.506,0.0,-1.0314919482895688e-18,-3.4694469519536136e-17,0.0,2.775557561562892e-17,2.0,2.0,plan-delta,2.0,1.0,0.2481739707835325,0.7518260292164675,0.7813229571984436,2.0686984072249865,0.0621098999981768,0.0001899298828628,0.0002492904552354
full-identity-reference,oracle,oracle-assumption,full-identity-reference,9,6c92deedaf55490b424b3009deca19abc61bcdfe4c92aa36795c1864823c6a96,,1,6,1.0,0.5,0.5,0.5,0.5,0.5,0.506,0.0,-1.0314919482895688e-18,-3.4694469519536136e-17,0.0,2.775557561562892e-17,1.0,1.0,plan-c,1.0,1.0,0.0,0.0,1.0,6.50752099709646,0.3441447999939555,0.0,1.3227335642052287e-05
non-private-reference,oracle,non-private,diagnostic,9,6c92deedaf55490b424b3009deca19abc61bcdfe4c92aa36795c1864823c6a96,,1,6,1.0,0.5,0.5,0.5,0.5,0.5,0.506,0.0,-1.0314919482895688e-18,-3.4694469519536136e-17,0.0,2.775557561562892e-17,,,non-private,0.0,1.0,0.0,0.0,0.0,inf,0.0618658000021241,0.000132934924549,0.000132934924549
naive-claimed-c,this-work,unsafe-diagnostic,diagnostic,9,6c92deedaf55490b424b3009deca19abc61bcdfe4c92aa36795c1864823c6a96,,1,6,1.0,0.5,0.5,0.5,0.5,0.5,0.506,0.0,-1.0314919482895688e-18,-3.4694469519536136e-17,0.0,2.775557561562892e-17,,2.0,unsafe-diagnostic,1.0,1.0,0.2481739707835325,0.7518260292164675,0.7813229571984436,4.137396814449973,0.0614224999881116,0.0001899298828628,0.000206382833407
stable-local-fallback,this-work,user-certified,primary,0,b9ba51ed044fe0d81d83a534065b9b46287eb1af721d8a7d3bb9a19b8c08fd7b,0.0,1,6,1.0,0.5,0.5,0.5,0.5,0.5,0.499,0.0,1.1154897702486132e-18,-2.775557561562892e-17,0.0,3.122502256758253e-17,1.0,1.0,plan-c,1.0,1.0,0.0,1.0,1.0,1.0496835424096278,0.0509985000098822,0.000337496100142,0.0003446902799674
handle-only-drop-residual,this-work,user-certified,primary,0,b9ba51ed044fe0d81d83a534065b9b46287eb1af721d8a7d3bb9a19b8c08fd7b,1.0,1,6,1.0,0.5,0.5,0.5,0.5,0.5,0.499,0.0,1.1154897702486132e-18,-2.775557561562892e-17,0.0,3.122502256758253e-17,1.0,1.0,plan-c,1.0,0.2483322214809873,0.2483322214809873,0.0,0.157,2.773742840508147,0.0741140000027371,0.0002710791581833,0.0002836367617097
unitscope-equal,this-work,user-certified,primary,0,b9ba51ed044fe0d81d83a534065b9b46287eb1af721d8a7d3bb9a19b8c08fd7b,0.1428571428571428,1,6,1.0,0.5,0.5,0.5,0.5,0.5,0.499,0.0,1.1154897702486132e-18,-2.775557561562892e-17,0.0,3.122502256758253e-17,1.0,1.0,plan-c,1.0,1.0,0.2483322214809873,0.7516677785190127,1.0,1.3283904162393023,0.0613458000007085,0.0002979444660583,0.0003063645542174
unitscope-tuned,this-work,user-certified,primary,0,b9ba51ed044fe0d81d83a534065b9b46287eb1af721d8a7d3bb9a19b8c08fd7b,0.75,1,6,1.0,0.5,0.5,0.5,0.5,0.5,0.499,0.0,1.1154897702486132e-18,-2.775557561562892e-17,0.0,3.122502256758253e-17,1.0,1.0,plan-c,1.0,1.0,0.2483322214809873,0.7516677785190127,0.86696172871648,2.665293762029444,0.0617423000076087,0.0002311956292892,0.0002441686750882
naive-recalibrated-2c,this-work,user-certified,primary,0,b9ba51ed044fe0d81d83a534065b9b46287eb1af721d8a7d3bb9a19b8c08fd7b,,1,6,1.0,0.5,0.5,0.5,0.5,0.5,0.499,0.0,1.1154897702486132e-18,-2.775557561562892e-17,0.0,3.122502256758253e-17,2.0,2.0,plan-delta,2.0,1.0,0.2483322214809873,0.7516677785190127,0.7805259047123145,1.7755311325908418,0.0617060999938985,0.0001557420398801,0.0002247851281215
full-identity-reference,oracle,oracle-assumption,full-identity-reference,0,b9ba51ed044fe0d81d83a534065b9b46287eb1af721d8a7d3bb9a19b8c08fd7b,,1,6,1.0,0.5,0.5,0.5,0.5,0.5,0.499,0.0,1.1154897702486132e-18,-2.775557561562892e-17,0.0,3.122502256758253e-17,1.0,1.0,plan-c,1.0,1.0,0.0,0.0,1.0,5.146293509251274,0.3446182999905431,0.0,1.9925347562214547e-05
non-private-reference,oracle,non-private,diagnostic,0,b9ba51ed044fe0d81d83a534065b9b46287eb1af721d8a7d3bb9a19b8c08fd7b,,1,6,1.0,0.5,0.5,0.5,0.5,0.5,0.499,0.0,1.1154897702486132e-18,-2.775557561562892e-17,0.0,3.122502256758253e-17,,,non-private,0.0,1.0,0.0,0.0,0.0,inf,0.0501135000085923,0.0001382192126081,0.0001382192126081
naive-claimed-c,this-work,unsafe-diagnostic,diagnostic,0,b9ba51ed044fe0d81d83a534065b9b46287eb1af721d8a7d3bb9a19b8c08fd7b,,1,6,1.0,0.5,0.5,0.5,0.5,0.5,0.499,0.0,1.1154897702486132e-18,-2.775557561562892e-17,0.0,3.122502256758253e-17,,2.0,unsafe-diagnostic,1.0,1.0,0.2483322214809873,0.7516677785190127,0.7805259047123145,3.551062265181684,0.0867279000085545,0.0001557420398801,0.0001703382364385
stable-local-fallback,this-work,user-certified,primary,1,b9ba51ed044fe0d81d83a534065b9b46287eb1af721d8a7d3bb9a19b8c08fd7b,0.0,1,6,1.0,0.5,0.5,0.5,0.5,0.5,0.4995,0.0,-1.0548994110669773e-18,-3.4694469519536136e-17,0.0,3.122502256758253e-17,1.0,1.0,plan-c,1.0,1.0,0.0,1.0,1.0,1.2446626361921118,0.0516964999987976,0.0003545236986979,0.0003896107826631
handle-only-drop-residual,this-work,user-certified,primary,1,b9ba51ed044fe0d81d83a534065b9b46287eb1af721d8a7d3bb9a19b8c08fd7b,1.0,1,6,1.0,0.5,0.5,0.5,0.5,0.5,0.4995,0.0,-1.0548994110669773e-18,-3.4694469519536136e-17,0.0,3.122502256758253e-17,1.0,1.0,plan-c,1.0,0.2504168056018673,0.2504168056018673,0.0,0.178,3.1339735588065887,0.0634562999912304,0.0003043654261299,0.0003406159486922
unitscope-equal,this-work,user-certified,primary,1,b9ba51ed044fe0d81d83a534065b9b46287eb1af721d8a7d3bb9a19b8c08fd7b,0.1428571428571428,1,6,1.0,0.5,0.5,0.5,0.5,0.5,0.4995,0.0,-1.0548994110669773e-18,-3.4694469519536136e-17,0.0,3.122502256758253e-17,1.0,1.0,plan-c,1.0,1.0,0.2504168056018673,0.7495831943981327,1.0,1.454016013420899,0.0629862999921897,0.000332063418127,0.0003670906394278
unitscope-tuned,this-work,user-certified,primary,1,b9ba51ed044fe0d81d83a534065b9b46287eb1af721d8a7d3bb9a19b8c08fd7b,0.75,1,6,1.0,0.5,0.5,0.5,0.5,0.5,0.4995,0.0,-1.0548994110669773e-18,-3.4694469519536136e-17,0.0,3.122502256758253e-17,1.0,1.0,plan-c,1.0,1.0,0.2504168056018673,0.7495831943981327,0.869667626275844,2.951392401617038,0.078750000000582,0.0002749384820048,0.0003100816031428
naive-recalibrated-2c,this-work,user-certified,primary,1,b9ba51ed044fe0d81d83a534065b9b46287eb1af721d8a7d3bb9a19b8c08fd7b,,1,6,1.0,0.5,0.5,0.5,0.5,0.5,0.4995,0.0,-1.0548994110669773e-18,-3.4694469519536136e-17,0.0,3.122502256758253e-17,2.0,2.0,plan-delta,2.0,1.0,0.2504168056018673,0.7495831943981327,0.7848730698769956,1.984807831198546,0.0692116999998688,0.0001861412549372,0.0002784818373264
full-identity-reference,oracle,oracle-assumption,full-identity-reference,1,b9ba51ed044fe0d81d83a534065b9b46287eb1af721d8a7d3bb9a19b8c08fd7b,,1,6,1.0,0.5,0.5,0.5,0.5,0.5,0.4995,0.0,-1.0548994110669773e-18,-3.4694469519536136e-17,0.0,3.122502256758253e-17,1.0,1.0,plan-c,1.0,1.0,0.0,0.0,1.0,6.152632961737046,0.3448992000048747,0.0,1.4585911827834765e-05
non-private-reference,oracle,non-private,diagnostic,1,b9ba51ed044fe0d81d83a534065b9b46287eb1af721d8a7d3bb9a19b8c08fd7b,,1,6,1.0,0.5,0.5,0.5,0.5,0.5,0.4995,0.0,-1.0548994110669773e-18,-3.4694469519536136e-17,0.0,3.122502256758253e-17,,,non-private,0.0,1.0,0.0,0.0,0.0,inf,0.0506415999989258,0.0001379500758486,0.0001379500758486
naive-claimed-c,this-work,unsafe-diagnostic,diagnostic,1,b9ba51ed044fe0d81d83a534065b9b46287eb1af721d8a7d3bb9a19b8c08fd7b,,1,6,1.0,0.5,0.5,0.5,0.5,0.5,0.4995,0.0,-1.0548994110669773e-18,-3.4694469519536136e-17,0.0,3.122502256758253e-17,,2.0,unsafe-diagnostic,1.0,1.0,0.2504168056018673,0.7495831943981327,0.7848730698769956,3.969615662397092,0.0635932000004686,0.0001861412549372,0.000217725634304
stable-local-fallback,this-work,user-certified,primary,2,b9ba51ed044fe0d81d83a534065b9b46287eb1af721d8a7d3bb9a19b8c08fd7b,0.0,1,6,1.0,0.5,0.5,0.5,0.5,0.5,0.484,0.0,1.154988925895715e-18,-2.775557561562892e-17,0.0,3.4694469519536136e-17,1.0,1.0,plan-c,1.0,1.0,0.0,1.0,1.0,1.1051820084478392,0.0502535999985411,0.0002974270203325,0.0003347230342958
handle-only-drop-residual,this-work,user-certified,primary,2,b9ba51ed044fe0d81d83a534065b9b46287eb1af721d8a7d3bb9a19b8c08fd7b,1.0,1,6,1.0,0.5,0.5,0.5,0.5,0.5,0.484,0.0,1.154988925895715e-18,-2.775557561562892e-17,0.0,3.4694469519536136e-17,1.0,1.0,plan-c,1.0,0.2498315363881401,0.2498315363881401,0.0,0.165,2.7306414419920397,0.0583052000001771,0.0003057367328774,0.0003559622248594
unitscope-equal,this-work,user-certified,primary,2,b9ba51ed044fe0d81d83a534065b9b46287eb1af721d8a7d3bb9a19b8c08fd7b,0.1428571428571428,1,6,1.0,0.5,0.5,0.5,0.5,0.5,0.484,0.0,1.154988925895715e-18,-2.775557561562892e-17,0.0,3.4694469519536136e-17,1.0,1.0,plan-c,1.0,1.0,0.2498315363881401,0.7501684636118598,1.0,1.2673936285416991,0.0606342000100994,0.0002822395359519,0.0003221034006256
unitscope-tuned,this-work,user-certified,primary,2,b9ba51ed044fe0d81d83a534065b9b46287eb1af721d8a7d3bb9a19b8c08fd7b,0.75,1,6,1.0,0.5,0.5,0.5,0.5,0.5,0.484,0.0,1.154988925895715e-18,-2.775557561562892e-17,0.0,3.4694469519536136e-17,1.0,1.0,plan-c,1.0,1.0,0.2498315363881401,0.7501684636118598,0.8640546936628977,2.572984109378825,0.0602152999927056,0.00027106569133,0.0003199568804273
naive-recalibrated-2c,this-work,user-certified,primary,2,b9ba51ed044fe0d81d83a534065b9b46287eb1af721d8a7d3bb9a19b8c08fd7b,,1,6,1.0,0.5,0.5,0.5,0.5,0.5,0.484,0.0,1.154988925895715e-18,-2.775557561562892e-17,0.0,3.4694469519536136e-17,2.0,2.0,plan-delta,2.0,1.0,0.2498315363881401,0.7501684636118598,0.7804364975019721,1.689212440448792,0.0798427999980049,0.0001900851505167,0.0003134018265076
full-identity-reference,oracle,oracle-assumption,full-identity-reference,2,b9ba51ed044fe0d81d83a534065b9b46287eb1af721d8a7d3bb9a19b8c08fd7b,,1,6,1.0,0.5,0.5,0.5,0.5,0.5,0.484,0.0,1.154988925895715e-18,-2.775557561562892e-17,0.0,3.4694469519536136e-17,1.0,1.0,plan-c,1.0,1.0,0.0,0.0,1.0,5.397314953033132,0.3448970000026747,0.0,1.5944966299623317e-05
non-private-reference,oracle,non-private,diagnostic,2,b9ba51ed044fe0d81d83a534065b9b46287eb1af721d8a7d3bb9a19b8c08fd7b,,1,6,1.0,0.5,0.5,0.5,0.5,0.5,0.484,0.0,1.154988925895715e-18,-2.775557561562892e-17,0.0,3.4694469519536136e-17,,,non-private,0.0,1.0,0.0,0.0,0.0,inf,0.046976799989352,0.0001310097726748,0.0001310097726748
naive-claimed-c,this-work,unsafe-diagnostic,diagnostic,2,b9ba51ed044fe0d81d83a534065b9b46287eb1af721d8a7d3bb9a19b8c08fd7b,,1,6,1.0,0.5,0.5,0.5,0.5,0.5,0.484,0.0,1.154988925895715e-18,-2.775557561562892e-17,0.0,3.4694469519536136e-17,,2.0,unsafe-diagnostic,1.0,1.0,0.2498315363881401,0.7501684636118598,0.7804364975019721,3.378424880897584,0.0631492999964393,0.0001900851505167,0.0002357985222125
stable-local-fallback,this-work,user-certified,primary,3,b9ba51ed044fe0d81d83a534065b9b46287eb1af721d8a7d3bb9a19b8c08fd7b,0.0,1,6,1.0,0.5,0.5,0.5,0.5,0.5,0.508,0.0,-1.028711510114199e-18,-3.4694469519536136e-17,0.0,3.4694469519536136e-17,1.0,1.0,plan-c,1.0,1.0,0.0,1.0,1.0,1.2426967729710123,0.052380399996764,0.0003081592329482,0.0003035198437984
handle-only-drop-residual,this-work,user-certified,primary,3,b9ba51ed044fe0d81d83a534065b9b46287eb1af721d8a7d3bb9a19b8c08fd7b,1.0,1,6,1.0,0.5,0.5,0.5,0.5,0.5,0.508,0.0,-1.028711510114199e-18,-3.4694469519536136e-17,0.0,3.4694469519536136e-17,1.0,1.0,plan-c,1.0,0.248342175066313,0.248342175066313,0.0,0.171,3.0540348552703533,0.0603395000071032,0.0002344326529211,0.0002373605681262
unitscope-equal,this-work,user-certified,primary,3,b9ba51ed044fe0d81d83a534065b9b46287eb1af721d8a7d3bb9a19b8c08fd7b,0.1428571428571428,1,6,1.0,0.5,0.5,0.5,0.5,0.5,0.508,0.0,-1.028711510114199e-18,-3.4694469519536136e-17,0.0,3.4694469519536136e-17,1.0,1.0,plan-c,1.0,1.0,0.248342175066313,0.751657824933687,1.0,1.457289191475545,0.0619564999942667,0.0002875860126596,0.0002845788482133
unitscope-tuned,this-work,user-certified,primary,3,b9ba51ed044fe0d81d83a534065b9b46287eb1af721d8a7d3bb9a19b8c08fd7b,0.75,1,6,1.0,0.5,0.5,0.5,0.5,0.5,0.508,0.0,-1.028711510114199e-18,-3.4694469519536136e-17,0.0,3.4694469519536136e-17,1.0,1.0,plan-c,1.0,1.0,0.248342175066313,0.751657824933687,0.8694408322496749,2.92596838895456,0.0636322999926051,0.000218856619365,0.0002221010751788
naive-recalibrated-2c,this-work,user-certified,primary,3,b9ba51ed044fe0d81d83a534065b9b46287eb1af721d8a7d3bb9a19b8c08fd7b,,1,6,1.0,0.5,0.5,0.5,0.5,0.5,0.508,0.0,-1.028711510114199e-18,-3.4694469519536136e-17,0.0,3.4694469519536136e-17,2.0,2.0,plan-delta,2.0,1.0,0.248342175066313,0.751657824933687,0.7843953185955787,1.972634719589342,0.0652622999914456,0.0001357489805166,0.0001804611923855
full-identity-reference,oracle,oracle-assumption,full-identity-reference,3,b9ba51ed044fe0d81d83a534065b9b46287eb1af721d8a7d3bb9a19b8c08fd7b,,1,6,1.0,0.5,0.5,0.5,0.5,0.5,0.508,0.0,-1.028711510114199e-18,-3.4694469519536136e-17,0.0,3.4694469519536136e-17,1.0,1.0,plan-c,1.0,1.0,0.0,0.0,1.0,5.864312315378012,0.3718039999948814,0.0,1.4295995470253786e-05
non-private-reference,oracle,non-private,diagnostic,3,b9ba51ed044fe0d81d83a534065b9b46287eb1af721d8a7d3bb9a19b8c08fd7b,,1,6,1.0,0.5,0.5,0.5,0.5,0.5,0.508,0.0,-1.028711510114199e-18,-3.4694469519536136e-17,0.0,3.4694469519536136e-17,,,non-private,0.0,1.0,0.0,0.0,0.0,inf,0.0491910999990068,0.0001560967403371,0.0001560967403371
naive-claimed-c,this-work,unsafe-diagnostic,diagnostic,3,b9ba51ed044fe0d81d83a534065b9b46287eb1af721d8a7d3bb9a19b8c08fd7b,,1,6,1.0,0.5,0.5,0.5,0.5,0.5,0.508,0.0,-1.028711510114199e-18,-3.4694469519536136e-17,0.0,3.4694469519536136e-17,,2.0,unsafe-diagnostic,1.0,1.0,0.248342175066313,0.751657824933687,0.7843953185955787,3.945269439178684,0.0661803999973926,0.0001357489805166,0.0001438090909808
stable-local-fallback,this-work,user-certified,primary,4,b9ba51ed044fe0d81d83a534065b9b46287eb1af721d8a7d3bb9a19b8c08fd7b,0.0,1,6,1.0,0.5,0.5,0.5,0.5,0.5,0.502,0.0,5.071128886446146e-19,-3.0704605524789466e-17,0.0,3.4694469519536136e-17,1.0,1.0,plan-c,1.0,1.0,0.0,1.0,1.0,1.083410149901307,0.0687751999939791,0.0002817095259276,0.0002871015571227
handle-only-drop-residual,this-work,user-certified,primary,4,b9ba51ed044fe0d81d83a534065b9b46287eb1af721d8a7d3bb9a19b8c08fd7b,1.0,1,6,1.0,0.5,0.5,0.5,0.5,0.5,0.502,0.0,5.071128886446146e-19,-3.0704605524789466e-17,0.0,3.4694469519536136e-17,1.0,1.0,plan-c,1.0,0.2470039946737683,0.2470039946737683,0.0,0.158,3.014934876751891,0.0601844000048004,0.0002737620568974,0.0003016309663547
unitscope-equal,this-work,user-certified,primary,4,b9ba51ed044fe0d81d83a534065b9b46287eb1af721d8a7d3bb9a19b8c08fd7b,0.1428571428571428,1,6,1.0,0.5,0.5,0.5,0.5,0.5,0.502,0.0,5.071128886446146e-19,-3.0704605524789466e-17,0.0,3.4694469519536136e-17,1.0,1.0,plan-c,1.0,1.0,0.2470039946737683,0.7529960053262317,1.0,1.2814357545618331,0.0614126000000396,0.0002623757249261,0.0002716105153167
unitscope-tuned,this-work,user-certified,primary,4,b9ba51ed044fe0d81d83a534065b9b46287eb1af721d8a7d3bb9a19b8c08fd7b,0.75,1,6,1.0,0.5,0.5,0.5,0.5,0.5,0.502,0.0,5.071128886446146e-19,-3.0704605524789466e-17,0.0,3.4694469519536136e-17,1.0,1.0,plan-c,1.0,1.0,0.2470039946737683,0.7529960053262317,0.8658346333853354,2.7742527878600804,0.0625165999954333,0.0002369999557401,0.0002627325605977
naive-recalibrated-2c,this-work,user-certified,primary,4,b9ba51ed044fe0d81d83a534065b9b46287eb1af721d8a7d3bb9a19b8c08fd7b,,1,6,1.0,0.5,0.5,0.5,0.5,0.5,0.502,0.0,5.071128886446146e-19,-3.0704605524789466e-17,0.0,3.4694469519536136e-17,2.0,2.0,plan-delta,2.0,1.0,0.2470039946737683,0.7529960053262317,0.781071242849714,1.8094991887638816,0.0670444999996107,0.0001708890116999,0.0002596987163451
full-identity-reference,oracle,oracle-assumption,full-identity-reference,4,b9ba51ed044fe0d81d83a534065b9b46287eb1af721d8a7d3bb9a19b8c08fd7b,,1,6,1.0,0.5,0.5,0.5,0.5,0.5,0.502,0.0,5.071128886446146e-19,-3.0704605524789466e-17,0.0,3.4694469519536136e-17,1.0,1.0,plan-c,1.0,1.0,0.0,0.0,1.0,5.294312486165919,0.3434841000125743,0.0,1.5688479693467358e-05
non-private-reference,oracle,non-private,diagnostic,4,b9ba51ed044fe0d81d83a534065b9b46287eb1af721d8a7d3bb9a19b8c08fd7b,,1,6,1.0,0.5,0.5,0.5,0.5,0.5,0.502,0.0,5.071128886446146e-19,-3.0704605524789466e-17,0.0,3.4694469519536136e-17,,,non-private,0.0,1.0,0.0,0.0,0.0,inf,0.0724557999928947,0.0001239313031695,0.0001239313031695
naive-claimed-c,this-work,unsafe-diagnostic,diagnostic,4,b9ba51ed044fe0d81d83a534065b9b46287eb1af721d8a7d3bb9a19b8c08fd7b,,1,6,1.0,0.5,0.5,0.5,0.5,0.5,0.502,0.0,5.071128886446146e-19,-3.0704605524789466e-17,0.0,3.4694469519536136e-17,,2.0,unsafe-diagnostic,1.0,1.0,0.2470039946737683,0.7529960053262317,0.781071242849714,3.618998377527763,0.0615409999882103,0.0001708890116999,0.000199605384329
stable-local-fallback,this-work,user-certified,primary,5,b9ba51ed044fe0d81d83a534065b9b46287eb1af721d8a7d3bb9a19b8c08fd7b,0.0,1,6,1.0,0.5,0.5,0.5,0.5,0.5,0.5045,0.0,1.3663741154931293e-18,-2.775557561562892e-17,0.0,3.4694469519536136e-17,1.0,1.0,plan-c,1.0,1.0,0.0,1.0,1.0,1.0438977417474122,0.0533320999966235,0.0003175052038099,0.000297374743711
handle-only-drop-residual,this-work,user-certified,primary,5,b9ba51ed044fe0d81d83a534065b9b46287eb1af721d8a7d3bb9a19b8c08fd7b,1.0,1,6,1.0,0.5,0.5,0.5,0.5,0.5,0.5045,0.0,1.3663741154931293e-18,-2.775557561562892e-17,0.0,3.4694469519536136e-17,1.0,1.0,plan-c,1.0,0.2497507477567298,0.2497507477567298,0.0,0.171,2.7977259066323,0.0810559999954421,0.0002476337142288,0.0002273795657983
unitscope-equal,this-work,user-certified,primary,5,b9ba51ed044fe0d81d83a534065b9b46287eb1af721d8a7d3bb9a19b8c08fd7b,0.1428571428571428,1,6,1.0,0.5,0.5,0.5,0.5,0.5,0.5045,0.0,1.3663741154931293e-18,-2.775557561562892e-17,0.0,3.4694469519536136e-17,1.0,1.0,plan-c,1.0,1.0,0.2497507477567298,0.7502492522432702,1.0,1.2665207438397876,0.0703876000043237,0.0002902001718022,0.0002685134013655
unitscope-tuned,this-work,user-certified,primary,5,b9ba51ed044fe0d81d83a534065b9b46287eb1af721d8a7d3bb9a19b8c08fd7b,0.75,1,6,1.0,0.5,0.5,0.5,0.5,0.5,0.5045,0.0,1.3663741154931293e-18,-2.775557561562892e-17,0.0,3.4694469519536136e-17,1.0,1.0,plan-c,1.0,1.0,0.2497507477567298,0.7502492522432702,0.8705054715997915,2.6604426450499634,0.0639022999966982,0.0002253147817244,0.0002045601560945
naive-recalibrated-2c,this-work,user-certified,primary,5,b9ba51ed044fe0d81d83a534065b9b46287eb1af721d8a7d3bb9a19b8c08fd7b,,1,6,1.0,0.5,0.5,0.5,0.5,0.5,0.5045,0.0,1.3663741154931293e-18,-2.775557561562892e-17,0.0,3.4694469519536136e-17,2.0,2.0,plan-delta,2.0,1.0,0.2497507477567298,0.7502492522432702,0.7840020844189682,1.769787470675994,0.0619597000040812,0.0001462583483626,0.0001699479419177
full-identity-reference,oracle,oracle-assumption,full-identity-reference,5,b9ba51ed044fe0d81d83a534065b9b46287eb1af721d8a7d3bb9a19b8c08fd7b,,1,6,1.0,0.5,0.5,0.5,0.5,0.5,0.5045,0.0,1.3663741154931293e-18,-2.775557561562892e-17,0.0,3.4694469519536136e-17,1.0,1.0,plan-c,1.0,1.0,0.0,0.0,1.0,4.939058273830325,0.3399782000051345,0.0,2.072019138122691e-05
non-private-reference,oracle,non-private,diagnostic,5,b9ba51ed044fe0d81d83a534065b9b46287eb1af721d8a7d3bb9a19b8c08fd7b,,1,6,1.0,0.5,0.5,0.5,0.5,0.5,0.5045,0.0,1.3663741154931293e-18,-2.775557561562892e-17,0.0,3.4694469519536136e-17,,,non-private,0.0,1.0,0.0,0.0,0.0,inf,0.0476074000034714,0.0001601577057687,0.0001601577057687
naive-claimed-c,this-work,unsafe-diagnostic,diagnostic,5,b9ba51ed044fe0d81d83a534065b9b46287eb1af721d8a7d3bb9a19b8c08fd7b,,1,6,1.0,0.5,0.5,0.5,0.5,0.5,0.5045,0.0,1.3663741154931293e-18,-2.775557561562892e-17,0.0,3.4694469519536136e-17,,2.0,unsafe-diagnostic,1.0,1.0,0.2497507477567298,0.7502492522432702,0.7840020844189682,3.539574941351988,0.0813544999982696,0.0001462583483626,0.0001373829537589
stable-local-fallback,this-work,user-certified,primary,6,b9ba51ed044fe0d81d83a534065b9b46287eb1af721d8a7d3bb9a19b8c08fd7b,0.0,1,6,1.0,0.5,0.5,0.5,0.5,0.5,0.509,0.0,7.097370606525936e-19,-2.827599265842195e-17,0.0,3.001071613439888e-17,1.0,1.0,plan-c,1.0,1.0,0.0,1.0,1.0,1.2515884215013988,0.0603367000003345,0.0003095094446425,0.0002957190441592
handle-only-drop-residual,this-work,user-certified,primary,6,b9ba51ed044fe0d81d83a534065b9b46287eb1af721d8a7d3bb9a19b8c08fd7b,1.0,1,6,1.0,0.5,0.5,0.5,0.5,0.5,0.509,0.0,7.097370606525936e-19,-2.827599265842195e-17,0.0,3.001071613439888e-17,1.0,1.0,plan-c,1.0,0.25,0.25,0.0,0.171,3.00653521037432,0.0628789000038523,0.0003139081138769,0.0003124555221887
unitscope-equal,this-work,user-certified,primary,6,b9ba51ed044fe0d81d83a534065b9b46287eb1af721d8a7d3bb9a19b8c08fd7b,0.1428571428571428,1,6,1.0,0.5,0.5,0.5,0.5,0.5,0.509,0.0,7.097370606525936e-19,-2.827599265842195e-17,0.0,3.001071613439888e-17,1.0,1.0,plan-c,1.0,1.0,0.25,0.75,1.0,1.3996198393000312,0.0630076999950688,0.0002964724638067,0.0002846061105303
unitscope-tuned,this-work,user-certified,primary,6,b9ba51ed044fe0d81d83a534065b9b46287eb1af721d8a7d3bb9a19b8c08fd7b,0.75,1,6,1.0,0.5,0.5,0.5,0.5,0.5,0.509,0.0,7.097370606525936e-19,-2.827599265842195e-17,0.0,3.001071613439888e-17,1.0,1.0,plan-c,1.0,1.0,0.25,0.75,0.872368079022615,2.7854686044000867,0.0781532999972114,0.0002792033633853,0.0002772973445627
naive-recalibrated-2c,this-work,user-certified,primary,6,b9ba51ed044fe0d81d83a534065b9b46287eb1af721d8a7d3bb9a19b8c08fd7b,,1,6,1.0,0.5,0.5,0.5,0.5,0.5,0.509,0.0,7.097370606525936e-19,-2.827599265842195e-17,0.0,3.001071613439888e-17,2.0,2.0,plan-delta,2.0,1.0,0.25,0.75,0.7845074083701585,1.866105608689816,0.0628967999946326,0.000193249414509,0.0002255776556868
full-identity-reference,oracle,oracle-assumption,full-identity-reference,6,b9ba51ed044fe0d81d83a534065b9b46287eb1af721d8a7d3bb9a19b8c08fd7b,,1,6,1.0,0.5,0.5,0.5,0.5,0.5,0.509,0.0,7.097370606525936e-19,-2.827599265842195e-17,0.0,3.001071613439888e-17,1.0,1.0,plan-c,1.0,1.0,0.0,0.0,1.0,6.134257238903734,0.3425061000016285,0.0,1.285091852884027e-05
non-private-reference,oracle,non-private,diagnostic,6,b9ba51ed044fe0d81d83a534065b9b46287eb1af721d8a7d3bb9a19b8c08fd7b,,1,6,1.0,0.5,0.5,0.5,0.5,0.5,0.509,0.0,7.097370606525936e-19,-2.827599265842195e-17,0.0,3.001071613439888e-17,,,non-private,0.0,1.0,0.0,0.0,0.0,inf,0.0523752999870339,0.0001289734346239,0.0001289734346239
naive-claimed-c,this-work,unsafe-diagnostic,diagnostic,6,b9ba51ed044fe0d81d83a534065b9b46287eb1af721d8a7d3bb9a19b8c08fd7b,,1,6,1.0,0.5,0.5,0.5,0.5,0.5,0.509,0.0,7.097370606525936e-19,-2.827599265842195e-17,0.0,3.001071613439888e-17,,2.0,unsafe-diagnostic,1.0,1.0,0.25,0.75,0.7845074083701585,3.732211217379631,0.0682762999931583,0.000193249414509,0.0001965626165691
stable-local-fallback,this-work,user-certified,primary,7,b9ba51ed044fe0d81d83a534065b9b46287eb1af721d8a7d3bb9a19b8c08fd7b,0.0,1,6,1.0,0.5,0.5,0.5,0.5,0.5,0.486,0.0,4.720518100780509e-19,-3.122502256758253e-17,0.0,3.4694469519536136e-17,1.0,1.0,plan-c,1.0,1.0,0.0,1.0,1.0,1.1776583770122326,0.0511049000051571,0.0002929974196437,0.0002990498753697
handle-only-drop-residual,this-work,user-certified,primary,7,b9ba51ed044fe0d81d83a534065b9b46287eb1af721d8a7d3bb9a19b8c08fd7b,1.0,1,6,1.0,0.5,0.5,0.5,0.5,0.5,0.486,0.0,4.720518100780509e-19,-3.122502256758253e-17,0.0,3.4694469519536136e-17,1.0,1.0,plan-c,1.0,0.2489905787348587,0.2489905787348587,0.0,0.159,3.1155204972063437,0.0613050000101793,0.0002929804979103,0.0002837237084298
unitscope-equal,this-work,user-certified,primary,7,b9ba51ed044fe0d81d83a534065b9b46287eb1af721d8a7d3bb9a19b8c08fd7b,0.1428571428571428,1,6,1.0,0.5,0.5,0.5,0.5,0.5,0.486,0.0,4.720518100780509e-19,-3.122502256758253e-17,0.0,3.4694469519536136e-17,1.0,1.0,plan-c,1.0,1.0,0.2489905787348587,0.7510094212651414,1.0,1.4039808835163128,0.0617797000013524,0.0002723002580975,0.0002786606649898
unitscope-tuned,this-work,user-certified,primary,7,b9ba51ed044fe0d81d83a534065b9b46287eb1af721d8a7d3bb9a19b8c08fd7b,0.75,1,6,1.0,0.5,0.5,0.5,0.5,0.5,0.486,0.0,4.720518100780509e-19,-3.122502256758253e-17,0.0,3.4694469519536136e-17,1.0,1.0,plan-c,1.0,1.0,0.2489905787348587,0.7510094212651414,0.8636244426960399,2.9050529492596797,0.0635203999991063,0.0002518844003298,0.0002477922598755
naive-recalibrated-2c,this-work,user-certified,primary,7,b9ba51ed044fe0d81d83a534065b9b46287eb1af721d8a7d3bb9a19b8c08fd7b,,1,6,1.0,0.5,0.5,0.5,0.5,0.5,0.486,0.0,4.720518100780509e-19,-3.122502256758253e-17,0.0,3.4694469519536136e-17,2.0,2.0,plan-delta,2.0,1.0,0.2489905787348587,0.7510094212651414,0.7794387621295568,1.9271837526164155,0.0776878999895416,0.0001848549136258,0.0002007144178664
full-identity-reference,oracle,oracle-assumption,full-identity-reference,7,b9ba51ed044fe0d81d83a534065b9b46287eb1af721d8a7d3bb9a19b8c08fd7b,,1,6,1.0,0.5,0.5,0.5,0.5,0.5,0.486,0.0,4.720518100780509e-19,-3.122502256758253e-17,0.0,3.4694469519536136e-17,1.0,1.0,plan-c,1.0,1.0,0.0,0.0,1.0,5.647009091772691,0.3397992999962298,0.0,1.4522739286817303e-05
non-private-reference,oracle,non-private,diagnostic,7,b9ba51ed044fe0d81d83a534065b9b46287eb1af721d8a7d3bb9a19b8c08fd7b,,1,6,1.0,0.5,0.5,0.5,0.5,0.5,0.486,0.0,4.720518100780509e-19,-3.122502256758253e-17,0.0,3.4694469519536136e-17,,,non-private,0.0,1.0,0.0,0.0,0.0,inf,0.0480110000062268,0.0001373974551786,0.0001373974551786
naive-claimed-c,this-work,unsafe-diagnostic,diagnostic,7,b9ba51ed044fe0d81d83a534065b9b46287eb1af721d8a7d3bb9a19b8c08fd7b,,1,6,1.0,0.5,0.5,0.5,0.5,0.5,0.486,0.0,4.720518100780509e-19,-3.122502256758253e-17,0.0,3.4694469519536136e-17,,2.0,unsafe-diagnostic,1.0,1.0,0.2489905787348587,0.7510094212651414,0.7794387621295568,3.854367505232831,0.0597573999984888,0.0001848549136258,0.0001782619264593
stable-local-fallback,this-work,user-certified,primary,8,b9ba51ed044fe0d81d83a534065b9b46287eb1af721d8a7d3bb9a19b8c08fd7b,0.0,1,6,1.0,0.5,0.5,0.5,0.5,0.5,0.4875,0.0,3.140294292409297e-19,-2.9837243786801056e-17,0.0,3.122502256758253e-17,1.0,1.0,plan-c,1.0,1.0,0.0,1.0,1.0,1.2207889623676185,0.0520813000039197,0.0003979920592976,0.0004646981921054
handle-only-drop-residual,this-work,user-certified,primary,8,b9ba51ed044fe0d81d83a534065b9b46287eb1af721d8a7d3bb9a19b8c08fd7b,1.0,1,6,1.0,0.5,0.5,0.5,0.5,0.5,0.4875,0.0,3.140294292409297e-19,-2.9837243786801056e-17,0.0,3.122502256758253e-17,1.0,1.0,plan-c,1.0,0.2510924369747899,0.2510924369747899,0.0,0.139,2.912227899957328,0.0605593000072985,0.0004052263336948,0.0004547064983151
unitscope-equal,this-work,user-certified,primary,8,b9ba51ed044fe0d81d83a534065b9b46287eb1af721d8a7d3bb9a19b8c08fd7b,0.1428571428571428,1,6,1.0,0.5,0.5,0.5,0.5,0.5,0.4875,0.0,3.140294292409297e-19,-2.9837243786801056e-17,0.0,3.122502256758253e-17,1.0,1.0,plan-c,1.0,1.0,0.2510924369747899,0.7489075630252101,1.0,1.388106829406374,0.0634327000007033,0.0003807581959472,0.0004453128661787
unitscope-tuned,this-work,user-certified,primary,8,b9ba51ed044fe0d81d83a534065b9b46287eb1af721d8a7d3bb9a19b8c08fd7b,0.75,1,6,1.0,0.5,0.5,0.5,0.5,0.5,0.4875,0.0,3.140294292409297e-19,-2.9837243786801056e-17,0.0,3.122502256758253e-17,1.0,1.0,plan-c,1.0,1.0,0.2510924369747899,0.7489075630252101,0.8680917622523462,2.7758765234296803,0.0727858000027481,0.0003676302504337,0.0004181433482767
naive-recalibrated-2c,this-work,user-certified,primary,8,b9ba51ed044fe0d81d83a534065b9b46287eb1af721d8a7d3bb9a19b8c08fd7b,,1,6,1.0,0.5,0.5,0.5,0.5,0.5,0.4875,0.0,3.140294292409297e-19,-2.9837243786801056e-17,0.0,3.122502256758253e-17,2.0,2.0,plan-delta,2.0,1.0,0.2510924369747899,0.7489075630252101,0.7755474452554745,1.8366703639904327,0.062475099999574,0.0002477294122396,0.0003584500440077
full-identity-reference,oracle,oracle-assumption,full-identity-reference,8,b9ba51ed044fe0d81d83a534065b9b46287eb1af721d8a7d3bb9a19b8c08fd7b,,1,6,1.0,0.5,0.5,0.5,0.5,0.5,0.4875,0.0,3.140294292409297e-19,-2.9837243786801056e-17,0.0,3.122502256758253e-17,1.0,1.0,plan-c,1.0,1.0,0.0,0.0,1.0,5.951213741123083,0.360697899988736,0.0,1.7675969185463054e-05
non-private-reference,oracle,non-private,diagnostic,8,b9ba51ed044fe0d81d83a534065b9b46287eb1af721d8a7d3bb9a19b8c08fd7b,,1,6,1.0,0.5,0.5,0.5,0.5,0.5,0.4875,0.0,3.140294292409297e-19,-2.9837243786801056e-17,0.0,3.122502256758253e-17,,,non-private,0.0,1.0,0.0,0.0,0.0,inf,0.050595600012457,0.0001601134232167,0.0001601134232167
naive-claimed-c,this-work,unsafe-diagnostic,diagnostic,8,b9ba51ed044fe0d81d83a534065b9b46287eb1af721d8a7d3bb9a19b8c08fd7b,,1,6,1.0,0.5,0.5,0.5,0.5,0.5,0.4875,0.0,3.140294292409297e-19,-2.9837243786801056e-17,0.0,3.122502256758253e-17,,2.0,unsafe-diagnostic,1.0,1.0,0.2510924369747899,0.7489075630252101,0.7755474452554745,3.6733407279808654,0.0600643000070704,0.0002477294122396,0.0002854137589382
stable-local-fallback,this-work,user-certified,primary,9,b9ba51ed044fe0d81d83a534065b9b46287eb1af721d8a7d3bb9a19b8c08fd7b,0.0,1,6,1.0,0.5,0.5,0.5,0.5,0.5,0.506,0.0,-1.0314919482895688e-18,-3.4694469519536136e-17,0.0,2.775557561562892e-17,1.0,1.0,plan-c,1.0,1.0,0.0,1.0,1.0,1.3099977631620447,0.0697741000039968,0.0003600776831913,0.0003915679738842
handle-only-drop-residual,this-work,user-certified,primary,9,b9ba51ed044fe0d81d83a534065b9b46287eb1af721d8a7d3bb9a19b8c08fd7b,1.0,1,6,1.0,0.5,0.5,0.5,0.5,0.5,0.506,0.0,-1.0314919482895688e-18,-3.4694469519536136e-17,0.0,2.775557561562892e-17,1.0,1.0,plan-c,1.0,0.2481739707835325,0.2481739707835325,0.0,0.157,3.329019353827168,0.0595262999995611,0.0003155333575612,0.0003337687922087
unitscope-equal,this-work,user-certified,primary,9,b9ba51ed044fe0d81d83a534065b9b46287eb1af721d8a7d3bb9a19b8c08fd7b,0.1428571428571428,1,6,1.0,0.5,0.5,0.5,0.5,0.5,0.506,0.0,-1.0314919482895688e-18,-3.4694469519536136e-17,0.0,2.775557561562892e-17,1.0,1.0,plan-c,1.0,1.0,0.2481739707835325,0.7518260292164675,1.0,1.5052914833136832,0.0655687999969814,0.0003383601787741,0.0003704489925386
unitscope-tuned,this-work,user-certified,primary,9,b9ba51ed044fe0d81d83a534065b9b46287eb1af721d8a7d3bb9a19b8c08fd7b,0.75,1,6,1.0,0.5,0.5,0.5,0.5,0.5,0.506,0.0,-1.0314919482895688e-18,-3.4694469519536136e-17,0.0,2.775557561562892e-17,1.0,1.0,plan-c,1.0,1.0,0.2481739707835325,0.7518260292164675,0.8690012970168612,3.1092423126141084,0.0621280999912414,0.0002840601906785,0.0003062803640169
naive-recalibrated-2c,this-work,user-certified,primary,9,b9ba51ed044fe0d81d83a534065b9b46287eb1af721d8a7d3bb9a19b8c08fd7b,,1,6,1.0,0.5,0.5,0.5,0.5,0.5,0.506,0.0,-1.0314919482895688e-18,-3.4694469519536136e-17,0.0,2.775557561562892e-17,2.0,2.0,plan-delta,2.0,1.0,0.2481739707835325,0.7518260292164675,0.7813229571984436,2.0686984072249865,0.0637692000018432,0.0001899298828628,0.0002492904552354
full-identity-reference,oracle,oracle-assumption,full-identity-reference,9,b9ba51ed044fe0d81d83a534065b9b46287eb1af721d8a7d3bb9a19b8c08fd7b,,1,6,1.0,0.5,0.5,0.5,0.5,0.5,0.506,0.0,-1.0314919482895688e-18,-3.4694469519536136e-17,0.0,2.775557561562892e-17,1.0,1.0,plan-c,1.0,1.0,0.0,0.0,1.0,6.50752099709646,0.3425796999945305,0.0,1.3227335642052287e-05
non-private-reference,oracle,non-private,diagnostic,9,b9ba51ed044fe0d81d83a534065b9b46287eb1af721d8a7d3bb9a19b8c08fd7b,,1,6,1.0,0.5,0.5,0.5,0.5,0.5,0.506,0.0,-1.0314919482895688e-18,-3.4694469519536136e-17,0.0,2.775557561562892e-17,,,non-private,0.0,1.0,0.0,0.0,0.0,inf,0.061990300004254,0.000132934924549,0.000132934924549
naive-claimed-c,this-work,unsafe-diagnostic,diagnostic,9,b9ba51ed044fe0d81d83a534065b9b46287eb1af721d8a7d3bb9a19b8c08fd7b,,1,6,1.0,0.5,0.5,0.5,0.5,0.5,0.506,0.0,-1.0314919482895688e-18,-3.4694469519536136e-17,0.0,2.775557561562892e-17,,2.0,unsafe-diagnostic,1.0,1.0,0.2481739707835325,0.7518260292164675,0.7813229571984436,4.137396814449973,0.0613891000102739,0.0001899298828628,0.000206382833407
stable-local-fallback,this-work,user-certified,primary,0,5a1a0d9face92aec0a0f641341aa62346ee1398565778501f38bf6cc267e64e8,0.0,1,6,1.0,0.5,0.5,0.5,0.5,0.5,0.499,0.0,1.1154897702486132e-18,-2.775557561562892e-17,0.0,3.122502256758253e-17,1.0,1.0,plan-c,1.0,1.0,0.0,1.0,1.0,1.0496835424096278,0.0523490000050514,0.000337496100142,0.0003446902799674
handle-only-drop-residual,this-work,user-certified,primary,0,5a1a0d9face92aec0a0f641341aa62346ee1398565778501f38bf6cc267e64e8,1.0,1,6,1.0,0.5,0.5,0.5,0.5,0.5,0.499,0.0,1.1154897702486132e-18,-2.775557561562892e-17,0.0,3.122502256758253e-17,1.0,1.0,plan-c,1.0,0.2483322214809873,0.2483322214809873,0.0,0.157,2.773742840508147,0.0796401999978115,0.0002710791581833,0.0002836367617097
unitscope-equal,this-work,user-certified,primary,0,5a1a0d9face92aec0a0f641341aa62346ee1398565778501f38bf6cc267e64e8,0.1428571428571428,1,6,1.0,0.5,0.5,0.5,0.5,0.5,0.499,0.0,1.1154897702486132e-18,-2.775557561562892e-17,0.0,3.122502256758253e-17,1.0,1.0,plan-c,1.0,1.0,0.2483322214809873,0.7516677785190127,1.0,1.3283904162393023,0.0594043000019155,0.0002979444660583,0.0003063645542174
unitscope-tuned,this-work,user-certified,primary,0,5a1a0d9face92aec0a0f641341aa62346ee1398565778501f38bf6cc267e64e8,0.9,1,6,1.0,0.5,0.5,0.5,0.5,0.5,0.499,0.0,1.1154897702486132e-18,-2.775557561562892e-17,0.0,3.122502256758253e-17,1.0,1.0,plan-c,1.0,1.0,0.2483322214809873,0.7516677785190127,0.7805259047123145,2.787355051283816,0.0602174999949056,0.0002505796854026,0.0002630793914356
naive-recalibrated-2c,this-work,user-certified,primary,0,5a1a0d9face92aec0a0f641341aa62346ee1398565778501f38bf6cc267e64e8,,1,6,1.0,0.5,0.5,0.5,0.5,0.5,0.499,0.0,1.1154897702486132e-18,-2.775557561562892e-17,0.0,3.122502256758253e-17,2.0,2.0,plan-delta,2.0,1.0,0.2483322214809873,0.7516677785190127,0.7805259047123145,1.7755311325908418,0.0612297000043327,0.0001557420398801,0.0002247851281215
full-identity-reference,oracle,oracle-assumption,full-identity-reference,0,5a1a0d9face92aec0a0f641341aa62346ee1398565778501f38bf6cc267e64e8,,1,6,1.0,0.5,0.5,0.5,0.5,0.5,0.499,0.0,1.1154897702486132e-18,-2.775557561562892e-17,0.0,3.122502256758253e-17,1.0,1.0,plan-c,1.0,1.0,0.0,0.0,1.0,5.146293509251274,0.3408085999981267,0.0,1.9925347562214547e-05
non-private-reference,oracle,non-private,diagnostic,0,5a1a0d9face92aec0a0f641341aa62346ee1398565778501f38bf6cc267e64e8,,1,6,1.0,0.5,0.5,0.5,0.5,0.5,0.499,0.0,1.1154897702486132e-18,-2.775557561562892e-17,0.0,3.122502256758253e-17,,,non-private,0.0,1.0,0.0,0.0,0.0,inf,0.0472184999962337,0.0001382192126081,0.0001382192126081
naive-claimed-c,this-work,unsafe-diagnostic,diagnostic,0,5a1a0d9face92aec0a0f641341aa62346ee1398565778501f38bf6cc267e64e8,,1,6,1.0,0.5,0.5,0.5,0.5,0.5,0.499,0.0,1.1154897702486132e-18,-2.775557561562892e-17,0.0,3.122502256758253e-17,,2.0,unsafe-diagnostic,1.0,1.0,0.2483322214809873,0.7516677785190127,0.7805259047123145,3.551062265181684,0.0768483000138076,0.0001557420398801,0.0001703382364385
stable-local-fallback,this-work,user-certified,primary,1,5a1a0d9face92aec0a0f641341aa62346ee1398565778501f38bf6cc267e64e8,0.0,1,6,1.0,0.5,0.5,0.5,0.5,0.5,0.4995,0.0,-1.0548994110669773e-18,-3.4694469519536136e-17,0.0,3.122502256758253e-17,1.0,1.0,plan-c,1.0,1.0,0.0,1.0,1.0,1.2446626361921118,0.0506801000010455,0.0003545236986979,0.0003896107826631
handle-only-drop-residual,this-work,user-certified,primary,1,5a1a0d9face92aec0a0f641341aa62346ee1398565778501f38bf6cc267e64e8,1.0,1,6,1.0,0.5,0.5,0.5,0.5,0.5,0.4995,0.0,-1.0548994110669773e-18,-3.4694469519536136e-17,0.0,3.122502256758253e-17,1.0,1.0,plan-c,1.0,0.2504168056018673,0.2504168056018673,0.0,0.178,3.1339735588065887,0.058008099993458,0.0003043654261299,0.0003406159486922
unitscope-equal,this-work,user-certified,primary,1,5a1a0d9face92aec0a0f641341aa62346ee1398565778501f38bf6cc267e64e8,0.1428571428571428,1,6,1.0,0.5,0.5,0.5,0.5,0.5,0.4995,0.0,-1.0548994110669773e-18,-3.4694469519536136e-17,0.0,3.122502256758253e-17,1.0,1.0,plan-c,1.0,1.0,0.2504168056018673,0.7495831943981327,1.0,1.454016013420899,0.061467099993024,0.000332063418127,0.0003670906394278
unitscope-tuned,this-work,user-certified,primary,1,5a1a0d9face92aec0a0f641341aa62346ee1398565778501f38bf6cc267e64e8,0.9,1,6,1.0,0.5,0.5,0.5,0.5,0.5,0.4995,0.0,-1.0548994110669773e-18,-3.4694469519536136e-17,0.0,3.122502256758253e-17,1.0,1.0,plan-c,1.0,1.0,0.2504168056018673,0.7495831943981327,0.7848730698769956,3.111103970095007,0.0796692000003531,0.000291049756858,0.0003269335670236
naive-recalibrated-2c,this-work,user-certified,primary,1,5a1a0d9face92aec0a0f641341aa62346ee1398565778501f38bf6cc267e64e8,,1,6,1.0,0.5,0.5,0.5,0.5,0.5,0.4995,0.0,-1.0548994110669773e-18,-3.4694469519536136e-17,0.0,3.122502256758253e-17,2.0,2.0,plan-delta,2.0,1.0,0.2504168056018673,0.7495831943981327,0.7848730698769956,1.984807831198546,0.0608259000000543,0.0001861412549372,0.0002784818373264
full-identity-reference,oracle,oracle-assumption,full-identity-reference,1,5a1a0d9face92aec0a0f641341aa62346ee1398565778501f38bf6cc267e64e8,,1,6,1.0,0.5,0.5,0.5,0.5,0.5,0.4995,0.0,-1.0548994110669773e-18,-3.4694469519536136e-17,0.0,3.122502256758253e-17,1.0,1.0,plan-c,1.0,1.0,0.0,0.0,1.0,6.152632961737046,0.3380496000027051,0.0,1.4585911827834765e-05
non-private-reference,oracle,non-private,diagnostic,1,5a1a0d9face92aec0a0f641341aa62346ee1398565778501f38bf6cc267e64e8,,1,6,1.0,0.5,0.5,0.5,0.5,0.5,0.4995,0.0,-1.0548994110669773e-18,-3.4694469519536136e-17,0.0,3.122502256758253e-17,,,non-private,0.0,1.0,0.0,0.0,0.0,inf,0.0461494000046514,0.0001379500758486,0.0001379500758486
naive-claimed-c,this-work,unsafe-diagnostic,diagnostic,1,5a1a0d9face92aec0a0f641341aa62346ee1398565778501f38bf6cc267e64e8,,1,6,1.0,0.5,0.5,0.5,0.5,0.5,0.4995,0.0,-1.0548994110669773e-18,-3.4694469519536136e-17,0.0,3.122502256758253e-17,,2.0,unsafe-diagnostic,1.0,1.0,0.2504168056018673,0.7495831943981327,0.7848730698769956,3.969615662397092,0.0603698000049917,0.0001861412549372,0.000217725634304
stable-local-fallback,this-work,user-certified,primary,2,5a1a0d9face92aec0a0f641341aa62346ee1398565778501f38bf6cc267e64e8,0.0,1,6,1.0,0.5,0.5,0.5,0.5,0.5,0.484,0.0,1.154988925895715e-18,-2.775557561562892e-17,0.0,3.4694469519536136e-17,1.0,1.0,plan-c,1.0,1.0,0.0,1.0,1.0,1.1051820084478392,0.0490706000127829,0.0002974270203325,0.0003347230342958
handle-only-drop-residual,this-work,user-certified,primary,2,5a1a0d9face92aec0a0f641341aa62346ee1398565778501f38bf6cc267e64e8,1.0,1,6,1.0,0.5,0.5,0.5,0.5,0.5,0.484,0.0,1.154988925895715e-18,-2.775557561562892e-17,0.0,3.4694469519536136e-17,1.0,1.0,plan-c,1.0,0.2498315363881401,0.2498315363881401,0.0,0.165,2.7306414419920397,0.0572759000060614,0.0003057367328774,0.0003559622248594
unitscope-equal,this-work,user-certified,primary,2,5a1a0d9face92aec0a0f641341aa62346ee1398565778501f38bf6cc267e64e8,0.1428571428571428,1,6,1.0,0.5,0.5,0.5,0.5,0.5,0.484,0.0,1.154988925895715e-18,-2.775557561562892e-17,0.0,3.4694469519536136e-17,1.0,1.0,plan-c,1.0,1.0,0.2498315363881401,0.7501684636118598,1.0,1.2673936285416991,0.0588578000024426,0.0002822395359519,0.0003221034006256
unitscope-tuned,this-work,user-certified,primary,2,5a1a0d9face92aec0a0f641341aa62346ee1398565778501f38bf6cc267e64e8,0.9,1,6,1.0,0.5,0.5,0.5,0.5,0.5,0.484,0.0,1.154988925895715e-18,-2.775557561562892e-17,0.0,3.4694469519536136e-17,1.0,1.0,plan-c,1.0,1.0,0.2498315363881401,0.7501684636118598,0.7804364975019721,2.708143527321183,0.060202599997865,0.0002905846162354,0.0003404185686325
naive-recalibrated-2c,this-work,user-certified,primary,2,5a1a0d9face92aec0a0f641341aa62346ee1398565778501f38bf6cc267e64e8,,1,6,1.0,0.5,0.5,0.5,0.5,0.5,0.484,0.0,1.154988925895715e-18,-2.775557561562892e-17,0.0,3.4694469519536136e-17,2.0,2.0,plan-delta,2.0,1.0,0.2498315363881401,0.7501684636118598,0.7804364975019721,1.689212440448792,0.0775173000001814,0.0001900851505167,0.0003134018265076
full-identity-reference,oracle,oracle-assumption,full-identity-reference,2,5a1a0d9face92aec0a0f641341aa62346ee1398565778501f38bf6cc267e64e8,,1,6,1.0,0.5,0.5,0.5,0.5,0.5,0.484,0.0,1.154988925895715e-18,-2.775557561562892e-17,0.0,3.4694469519536136e-17,1.0,1.0,plan-c,1.0,1.0,0.0,0.0,1.0,5.397314953033132,0.3414577999938046,0.0,1.5944966299623317e-05
non-private-reference,oracle,non-private,diagnostic,2,5a1a0d9face92aec0a0f641341aa62346ee1398565778501f38bf6cc267e64e8,,1,6,1.0,0.5,0.5,0.5,0.5,0.5,0.484,0.0,1.154988925895715e-18,-2.775557561562892e-17,0.0,3.4694469519536136e-17,,,non-private,0.0,1.0,0.0,0.0,0.0,inf,0.0465484999876935,0.0001310097726748,0.0001310097726748
naive-claimed-c,this-work,unsafe-diagnostic,diagnostic,2,5a1a0d9face92aec0a0f641341aa62346ee1398565778501f38bf6cc267e64e8,,1,6,1.0,0.5,0.5,0.5,0.5,0.5,0.484,0.0,1.154988925895715e-18,-2.775557561562892e-17,0.0,3.4694469519536136e-17,,2.0,unsafe-diagnostic,1.0,1.0,0.2498315363881401,0.7501684636118598,0.7804364975019721,3.378424880897584,0.0599632999947061,0.0001900851505167,0.0002357985222125
stable-local-fallback,this-work,user-certified,primary,3,5a1a0d9face92aec0a0f641341aa62346ee1398565778501f38bf6cc267e64e8,0.0,1,6,1.0,0.5,0.5,0.5,0.5,0.5,0.508,0.0,-1.028711510114199e-18,-3.4694469519536136e-17,0.0,3.4694469519536136e-17,1.0,1.0,plan-c,1.0,1.0,0.0,1.0,1.0,1.2426967729710123,0.0496133999986341,0.0003081592329482,0.0003035198437984
handle-only-drop-residual,this-work,user-certified,primary,3,5a1a0d9face92aec0a0f641341aa62346ee1398565778501f38bf6cc267e64e8,1.0,1,6,1.0,0.5,0.5,0.5,0.5,0.5,0.508,0.0,-1.028711510114199e-18,-3.4694469519536136e-17,0.0,3.4694469519536136e-17,1.0,1.0,plan-c,1.0,0.248342175066313,0.248342175066313,0.0,0.171,3.0540348552703533,0.0570027000067057,0.0002344326529211,0.0002373605681262
unitscope-equal,this-work,user-certified,primary,3,5a1a0d9face92aec0a0f641341aa62346ee1398565778501f38bf6cc267e64e8,0.1428571428571428,1,6,1.0,0.5,0.5,0.5,0.5,0.5,0.508,0.0,-1.028711510114199e-18,-3.4694469519536136e-17,0.0,3.4694469519536136e-17,1.0,1.0,plan-c,1.0,1.0,0.248342175066313,0.751657824933687,1.0,1.457289191475545,0.059283199996571,0.0002875860126596,0.0002845788482133
unitscope-tuned,this-work,user-certified,primary,3,5a1a0d9face92aec0a0f641341aa62346ee1398565778501f38bf6cc267e64e8,0.9,1,6,1.0,0.5,0.5,0.5,0.5,0.5,0.508,0.0,-1.028711510114199e-18,-3.4694469519536136e-17,0.0,3.4694469519536136e-17,1.0,1.0,plan-c,1.0,1.0,0.248342175066313,0.751657824933687,0.7843953185955787,3.052013780044819,0.0605120999971404,0.0002260882808954,0.0002294214285068
naive-recalibrated-2c,this-work,user-certified,primary,3,5a1a0d9face92aec0a0f641341aa62346ee1398565778501f38bf6cc267e64e8,,1,6,1.0,0.5,0.5,0.5,0.5,0.5,0.508,0.0,-1.028711510114199e-18,-3.4694469519536136e-17,0.0,3.4694469519536136e-17,2.0,2.0,plan-delta,2.0,1.0,0.248342175066313,0.751657824933687,0.7843953185955787,1.972634719589342,0.060014200003934,0.0001357489805166,0.0001804611923855
full-identity-reference,oracle,oracle-assumption,full-identity-reference,3,5a1a0d9face92aec0a0f641341aa62346ee1398565778501f38bf6cc267e64e8,,1,6,1.0,0.5,0.5,0.5,0.5,0.5,0.508,0.0,-1.028711510114199e-18,-3.4694469519536136e-17,0.0,3.4694469519536136e-17,1.0,1.0,plan-c,1.0,1.0,0.0,0.0,1.0,5.864312315378012,0.3666145000024698,0.0,1.4295995470253786e-05
non-private-reference,oracle,non-private,diagnostic,3,5a1a0d9face92aec0a0f641341aa62346ee1398565778501f38bf6cc267e64e8,,1,6,1.0,0.5,0.5,0.5,0.5,0.5,0.508,0.0,-1.028711510114199e-18,-3.4694469519536136e-17,0.0,3.4694469519536136e-17,,,non-private,0.0,1.0,0.0,0.0,0.0,inf,0.0463607999990927,0.0001560967403371,0.0001560967403371
naive-claimed-c,this-work,unsafe-diagnostic,diagnostic,3,5a1a0d9face92aec0a0f641341aa62346ee1398565778501f38bf6cc267e64e8,,1,6,1.0,0.5,0.5,0.5,0.5,0.5,0.508,0.0,-1.028711510114199e-18,-3.4694469519536136e-17,0.0,3.4694469519536136e-17,,2.0,unsafe-diagnostic,1.0,1.0,0.248342175066313,0.751657824933687,0.7843953185955787,3.945269439178684,0.0617060999938985,0.0001357489805166,0.0001438090909808
stable-local-fallback,this-work,user-certified,primary,4,5a1a0d9face92aec0a0f641341aa62346ee1398565778501f38bf6cc267e64e8,0.0,1,6,1.0,0.5,0.5,0.5,0.5,0.5,0.502,0.0,5.071128886446146e-19,-3.0704605524789466e-17,0.0,3.4694469519536136e-17,1.0,1.0,plan-c,1.0,1.0,0.0,1.0,1.0,1.083410149901307,0.0658278000046266,0.0002817095259276,0.0002871015571227
handle-only-drop-residual,this-work,user-certified,primary,4,5a1a0d9face92aec0a0f641341aa62346ee1398565778501f38bf6cc267e64e8,1.0,1,6,1.0,0.5,0.5,0.5,0.5,0.5,0.502,0.0,5.071128886446146e-19,-3.0704605524789466e-17,0.0,3.4694469519536136e-17,1.0,1.0,plan-c,1.0,0.2470039946737683,0.2470039946737683,0.0,0.158,3.014934876751891,0.0576800999988336,0.0002737620568974,0.0003016309663547
unitscope-equal,this-work,user-certified,primary,4,5a1a0d9face92aec0a0f641341aa62346ee1398565778501f38bf6cc267e64e8,0.1428571428571428,1,6,1.0,0.5,0.5,0.5,0.5,0.5,0.502,0.0,5.071128886446146e-19,-3.0704605524789466e-17,0.0,3.4694469519536136e-17,1.0,1.0,plan-c,1.0,1.0,0.2470039946737683,0.7529960053262317,1.0,1.2814357545618331,0.060992200000328,0.0002623757249261,0.0002716105153167
unitscope-tuned,this-work,user-certified,primary,4,5a1a0d9face92aec0a0f641341aa62346ee1398565778501f38bf6cc267e64e8,0.9,1,6,1.0,0.5,0.5,0.5,0.5,0.5,0.502,0.0,5.071128886446146e-19,-3.0704605524789466e-17,0.0,3.4694469519536136e-17,1.0,1.0,plan-c,1.0,1.0,0.2470039946737683,0.7529960053262317,0.781071242849714,2.954898921416965,0.060404899995774,0.0002579896073819,0.0002856944512646
naive-recalibrated-2c,this-work,user-certified,primary,4,5a1a0d9face92aec0a0f641341aa62346ee1398565778501f38bf6cc267e64e8,,1,6,1.0,0.5,0.5,0.5,0.5,0.5,0.502,0.0,5.071128886446146e-19,-3.0704605524789466e-17,0.0,3.4694469519536136e-17,2.0,2.0,plan-delta,2.0,1.0,0.2470039946737683,0.7529960053262317,0.781071242849714,1.8094991887638816,0.0598145999974804,0.0001708890116999,0.0002596987163451
full-identity-reference,oracle,oracle-assumption,full-identity-reference,4,5a1a0d9face92aec0a0f641341aa62346ee1398565778501f38bf6cc267e64e8,,1,6,1.0,0.5,0.5,0.5,0.5,0.5,0.502,0.0,5.071128886446146e-19,-3.0704605524789466e-17,0.0,3.4694469519536136e-17,1.0,1.0,plan-c,1.0,1.0,0.0,0.0,1.0,5.294312486165919,0.3388054999959422,0.0,1.5688479693467358e-05
non-private-reference,oracle,non-private,diagnostic,4,5a1a0d9face92aec0a0f641341aa62346ee1398565778501f38bf6cc267e64e8,,1,6,1.0,0.5,0.5,0.5,0.5,0.5,0.502,0.0,5.071128886446146e-19,-3.0704605524789466e-17,0.0,3.4694469519536136e-17,,,non-private,0.0,1.0,0.0,0.0,0.0,inf,0.0628141999914078,0.0001239313031695,0.0001239313031695
naive-claimed-c,this-work,unsafe-diagnostic,diagnostic,4,5a1a0d9face92aec0a0f641341aa62346ee1398565778501f38bf6cc267e64e8,,1,6,1.0,0.5,0.5,0.5,0.5,0.5,0.502,0.0,5.071128886446146e-19,-3.0704605524789466e-17,0.0,3.4694469519536136e-17,,2.0,unsafe-diagnostic,1.0,1.0,0.2470039946737683,0.7529960053262317,0.781071242849714,3.618998377527763,0.0605432999873301,0.0001708890116999,0.000199605384329
stable-local-fallback,this-work,user-certified,primary,5,5a1a0d9face92aec0a0f641341aa62346ee1398565778501f38bf6cc267e64e8,0.0,1,6,1.0,0.5,0.5,0.5,0.5,0.5,0.5045,0.0,1.3663741154931293e-18,-2.775557561562892e-17,0.0,3.4694469519536136e-17,1.0,1.0,plan-c,1.0,1.0,0.0,1.0,1.0,1.0438977417474122,0.0521311000047717,0.0003175052038099,0.000297374743711
handle-only-drop-residual,this-work,user-certified,primary,5,5a1a0d9face92aec0a0f641341aa62346ee1398565778501f38bf6cc267e64e8,1.0,1,6,1.0,0.5,0.5,0.5,0.5,0.5,0.5045,0.0,1.3663741154931293e-18,-2.775557561562892e-17,0.0,3.4694469519536136e-17,1.0,1.0,plan-c,1.0,0.2497507477567298,0.2497507477567298,0.0,0.171,2.7977259066323,0.0747591000108514,0.0002476337142288,0.0002273795657983
unitscope-equal,this-work,user-certified,primary,5,5a1a0d9face92aec0a0f641341aa62346ee1398565778501f38bf6cc267e64e8,0.1428571428571428,1,6,1.0,0.5,0.5,0.5,0.5,0.5,0.5045,0.0,1.3663741154931293e-18,-2.775557561562892e-17,0.0,3.4694469519536136e-17,1.0,1.0,plan-c,1.0,1.0,0.2497507477567298,0.7502492522432702,1.0,1.2665207438397876,0.0604023000050801,0.0002902001718022,0.0002685134013655
unitscope-tuned,this-work,user-certified,primary,5,5a1a0d9face92aec0a0f641341aa62346ee1398565778501f38bf6cc267e64e8,0.9,1,6,1.0,0.5,0.5,0.5,0.5,0.5,0.5045,0.0,1.3663741154931293e-18,-2.775557561562892e-17,0.0,3.4694469519536136e-17,1.0,1.0,plan-c,1.0,1.0,0.2497507477567298,0.7502492522432702,0.7840020844189682,2.800922386384886,0.0610944999934872,0.0002351703131692,0.0002152194901286
naive-recalibrated-2c,this-work,user-certified,primary,5,5a1a0d9face92aec0a0f641341aa62346ee1398565778501f38bf6cc267e64e8,,1,6,1.0,0.5,0.5,0.5,0.5,0.5,0.5045,0.0,1.3663741154931293e-18,-2.775557561562892e-17,0.0,3.4694469519536136e-17,2.0,2.0,plan-delta,2.0,1.0,0.2497507477567298,0.7502492522432702,0.7840020844189682,1.769787470675994,0.0613254999916534,0.0001462583483626,0.0001699479419177
full-identity-reference,oracle,oracle-assumption,full-identity-reference,5,5a1a0d9face92aec0a0f641341aa62346ee1398565778501f38bf6cc267e64e8,,1,6,1.0,0.5,0.5,0.5,0.5,0.5,0.5045,0.0,1.3663741154931293e-18,-2.775557561562892e-17,0.0,3.4694469519536136e-17,1.0,1.0,plan-c,1.0,1.0,0.0,0.0,1.0,4.939058273830325,0.3349858000001404,0.0,2.072019138122691e-05
non-private-reference,oracle,non-private,diagnostic,5,5a1a0d9face92aec0a0f641341aa62346ee1398565778501f38bf6cc267e64e8,,1,6,1.0,0.5,0.5,0.5,0.5,0.5,0.5045,0.0,1.3663741154931293e-18,-2.775557561562892e-17,0.0,3.4694469519536136e-17,,,non-private,0.0,1.0,0.0,0.0,0.0,inf,0.0463408999930834,0.0001601577057687,0.0001601577057687
naive-claimed-c,this-work,unsafe-diagnostic,diagnostic,5,5a1a0d9face92aec0a0f641341aa62346ee1398565778501f38bf6cc267e64e8,,1,6,1.0,0.5,0.5,0.5,0.5,0.5,0.5045,0.0,1.3663741154931293e-18,-2.775557561562892e-17,0.0,3.4694469519536136e-17,,2.0,unsafe-diagnostic,1.0,1.0,0.2497507477567298,0.7502492522432702,0.7840020844189682,3.539574941351988,0.0770819000026676,0.0001462583483626,0.0001373829537589
stable-local-fallback,this-work,user-certified,primary,6,5a1a0d9face92aec0a0f641341aa62346ee1398565778501f38bf6cc267e64e8,0.0,1,6,1.0,0.5,0.5,0.5,0.5,0.5,0.509,0.0,7.097370606525936e-19,-2.827599265842195e-17,0.0,3.001071613439888e-17,1.0,1.0,plan-c,1.0,1.0,0.0,1.0,1.0,1.2515884215013988,0.0509235999925294,0.0003095094446425,0.0002957190441592
handle-only-drop-residual,this-work,user-certified,primary,6,5a1a0d9face92aec0a0f641341aa62346ee1398565778501f38bf6cc267e64e8,1.0,1,6,1.0,0.5,0.5,0.5,0.5,0.5,0.509,0.0,7.097370606525936e-19,-2.827599265842195e-17,0.0,3.001071613439888e-17,1.0,1.0,plan-c,1.0,0.25,0.25,0.0,0.171,3.00653521037432,0.0588562999910209,0.0003139081138769,0.0003124555221887
unitscope-equal,this-work,user-certified,primary,6,5a1a0d9face92aec0a0f641341aa62346ee1398565778501f38bf6cc267e64e8,0.1428571428571428,1,6,1.0,0.5,0.5,0.5,0.5,0.5,0.509,0.0,7.097370606525936e-19,-2.827599265842195e-17,0.0,3.001071613439888e-17,1.0,1.0,plan-c,1.0,1.0,0.25,0.75,1.0,1.3996198393000312,0.0622787999891443,0.0002964724638067,0.0002846061105303
unitscope-tuned,this-work,user-certified,primary,6,5a1a0d9face92aec0a0f641341aa62346ee1398565778501f38bf6cc267e64e8,0.9,1,6,1.0,0.5,0.5,0.5,0.5,0.5,0.509,0.0,7.097370606525936e-19,-2.827599265842195e-17,0.0,3.001071613439888e-17,1.0,1.0,plan-c,1.0,1.0,0.25,0.75,0.7845074083701585,2.955948533722601,0.0764993000047979,0.0002980947870363,0.0002964534716973
naive-recalibrated-2c,this-work,user-certified,primary,6,5a1a0d9face92aec0a0f641341aa62346ee1398565778501f38bf6cc267e64e8,,1,6,1.0,0.5,0.5,0.5,0.5,0.5,0.509,0.0,7.097370606525936e-19,-2.827599265842195e-17,0.0,3.001071613439888e-17,2.0,2.0,plan-delta,2.0,1.0,0.25,0.75,0.7845074083701585,1.866105608689816,0.0621137999987695,0.000193249414509,0.0002255776556868
full-identity-reference,oracle,oracle-assumption,full-identity-reference,6,5a1a0d9face92aec0a0f641341aa62346ee1398565778501f38bf6cc267e64e8,,1,6,1.0,0.5,0.5,0.5,0.5,0.5,0.509,0.0,7.097370606525936e-19,-2.827599265842195e-17,0.0,3.001071613439888e-17,1.0,1.0,plan-c,1.0,1.0,0.0,0.0,1.0,6.134257238903734,0.3352715999935753,0.0,1.285091852884027e-05
non-private-reference,oracle,non-private,diagnostic,6,5a1a0d9face92aec0a0f641341aa62346ee1398565778501f38bf6cc267e64e8,,1,6,1.0,0.5,0.5,0.5,0.5,0.5,0.509,0.0,7.097370606525936e-19,-2.827599265842195e-17,0.0,3.001071613439888e-17,,,non-private,0.0,1.0,0.0,0.0,0.0,inf,0.0464753000123892,0.0001289734346239,0.0001289734346239
naive-claimed-c,this-work,unsafe-diagnostic,diagnostic,6,5a1a0d9face92aec0a0f641341aa62346ee1398565778501f38bf6cc267e64e8,,1,6,1.0,0.5,0.5,0.5,0.5,0.5,0.509,0.0,7.097370606525936e-19,-2.827599265842195e-17,0.0,3.001071613439888e-17,,2.0,unsafe-diagnostic,1.0,1.0,0.25,0.75,0.7845074083701585,3.732211217379631,0.060939100003452,0.000193249414509,0.0001965626165691
stable-local-fallback,this-work,user-certified,primary,7,5a1a0d9face92aec0a0f641341aa62346ee1398565778501f38bf6cc267e64e8,0.0,1,6,1.0,0.5,0.5,0.5,0.5,0.5,0.486,0.0,4.720518100780509e-19,-3.122502256758253e-17,0.0,3.4694469519536136e-17,1.0,1.0,plan-c,1.0,1.0,0.0,1.0,1.0,1.1776583770122326,0.0496674000023631,0.0002929974196437,0.0002990498753697
handle-only-drop-residual,this-work,user-certified,primary,7,5a1a0d9face92aec0a0f641341aa62346ee1398565778501f38bf6cc267e64e8,1.0,1,6,1.0,0.5,0.5,0.5,0.5,0.5,0.486,0.0,4.720518100780509e-19,-3.122502256758253e-17,0.0,3.4694469519536136e-17,1.0,1.0,plan-c,1.0,0.2489905787348587,0.2489905787348587,0.0,0.159,3.1155204972063437,0.0574782000039704,0.0002929804979103,0.0002837237084298
unitscope-equal,this-work,user-certified,primary,7,5a1a0d9face92aec0a0f641341aa62346ee1398565778501f38bf6cc267e64e8,0.1428571428571428,1,6,1.0,0.5,0.5,0.5,0.5,0.5,0.486,0.0,4.720518100780509e-19,-3.122502256758253e-17,0.0,3.4694469519536136e-17,1.0,1.0,plan-c,1.0,1.0,0.2489905787348587,0.7510094212651414,1.0,1.4039808835163128,0.0630419000081019,0.0002723002580975,0.0002786606649898
unitscope-tuned,this-work,user-certified,primary,7,5a1a0d9face92aec0a0f641341aa62346ee1398565778501f38bf6cc267e64e8,0.9,1,6,1.0,0.5,0.5,0.5,0.5,0.5,0.486,0.0,4.720518100780509e-19,-3.122502256758253e-17,0.0,3.4694469519536136e-17,1.0,1.0,plan-c,1.0,1.0,0.2489905787348587,0.7510094212651414,0.7794387621295568,3.0841240912079244,0.0665838999993866,0.0002762677438118,0.0002686612568806
naive-recalibrated-2c,this-work,user-certified,primary,7,5a1a0d9face92aec0a0f641341aa62346ee1398565778501f38bf6cc267e64e8,,1,6,1.0,0.5,0.5,0.5,0.5,0.5,0.486,0.0,4.720518100780509e-19,-3.122502256758253e-17,0.0,3.4694469519536136e-17,2.0,2.0,plan-delta,2.0,1.0,0.2489905787348587,0.7510094212651414,0.7794387621295568,1.9271837526164155,0.0800177000055555,0.0001848549136258,0.0002007144178664
full-identity-reference,oracle,oracle-assumption,full-identity-reference,7,5a1a0d9face92aec0a0f641341aa62346ee1398565778501f38bf6cc267e64e8,,1,6,1.0,0.5,0.5,0.5,0.5,0.5,0.486,0.0,4.720518100780509e-19,-3.122502256758253e-17,0.0,3.4694469519536136e-17,1.0,1.0,plan-c,1.0,1.0,0.0,0.0,1.0,5.647009091772691,0.339124999998603,0.0,1.4522739286817303e-05
non-private-reference,oracle,non-private,diagnostic,7,5a1a0d9face92aec0a0f641341aa62346ee1398565778501f38bf6cc267e64e8,,1,6,1.0,0.5,0.5,0.5,0.5,0.5,0.486,0.0,4.720518100780509e-19,-3.122502256758253e-17,0.0,3.4694469519536136e-17,,,non-private,0.0,1.0,0.0,0.0,0.0,inf,0.0450516999990213,0.0001373974551786,0.0001373974551786
naive-claimed-c,this-work,unsafe-diagnostic,diagnostic,7,5a1a0d9face92aec0a0f641341aa62346ee1398565778501f38bf6cc267e64e8,,1,6,1.0,0.5,0.5,0.5,0.5,0.5,0.486,0.0,4.720518100780509e-19,-3.122502256758253e-17,0.0,3.4694469519536136e-17,,2.0,unsafe-diagnostic,1.0,1.0,0.2489905787348587,0.7510094212651414,0.7794387621295568,3.854367505232831,0.062176300009014,0.0001848549136258,0.0001782619264593
stable-local-fallback,this-work,user-certified,primary,8,5a1a0d9face92aec0a0f641341aa62346ee1398565778501f38bf6cc267e64e8,0.0,1,6,1.0,0.5,0.5,0.5,0.5,0.5,0.4875,0.0,3.140294292409297e-19,-2.9837243786801056e-17,0.0,3.122502256758253e-17,1.0,1.0,plan-c,1.0,1.0,0.0,1.0,1.0,1.2207889623676185,0.0518368000048212,0.0003979920592976,0.0004646981921054
handle-only-drop-residual,this-work,user-certified,primary,8,5a1a0d9face92aec0a0f641341aa62346ee1398565778501f38bf6cc267e64e8,1.0,1,6,1.0,0.5,0.5,0.5,0.5,0.5,0.4875,0.0,3.140294292409297e-19,-2.9837243786801056e-17,0.0,3.122502256758253e-17,1.0,1.0,plan-c,1.0,0.2510924369747899,0.2510924369747899,0.0,0.139,2.912227899957328,0.0584890000027371,0.0004052263336948,0.0004547064983151
unitscope-equal,this-work,user-certified,primary,8,5a1a0d9face92aec0a0f641341aa62346ee1398565778501f38bf6cc267e64e8,0.1428571428571428,1,6,1.0,0.5,0.5,0.5,0.5,0.5,0.4875,0.0,3.140294292409297e-19,-2.9837243786801056e-17,0.0,3.122502256758253e-17,1.0,1.0,plan-c,1.0,1.0,0.2510924369747899,0.7489075630252101,1.0,1.388106829406374,0.0616925000067567,0.0003807581959472,0.0004453128661787
unitscope-tuned,this-work,user-certified,primary,8,5a1a0d9face92aec0a0f641341aa62346ee1398565778501f38bf6cc267e64e8,0.9,1,6,1.0,0.5,0.5,0.5,0.5,0.5,0.4875,0.0,3.140294292409297e-19,-2.9837243786801056e-17,0.0,3.122502256758253e-17,1.0,1.0,plan-c,1.0,1.0,0.2510924369747899,0.7489075630252101,0.7755474452554745,2.916525594453712,0.0624356000043917,0.0003860302732124,0.0004352769779734
naive-recalibrated-2c,this-work,user-certified,primary,8,5a1a0d9face92aec0a0f641341aa62346ee1398565778501f38bf6cc267e64e8,,1,6,1.0,0.5,0.5,0.5,0.5,0.5,0.4875,0.0,3.140294292409297e-19,-2.9837243786801056e-17,0.0,3.122502256758253e-17,2.0,2.0,plan-delta,2.0,1.0,0.2510924369747899,0.7489075630252101,0.7755474452554745,1.8366703639904327,0.0692110999953001,0.0002477294122396,0.0003584500440077
full-identity-reference,oracle,oracle-assumption,full-identity-reference,8,5a1a0d9face92aec0a0f641341aa62346ee1398565778501f38bf6cc267e64e8,,1,6,1.0,0.5,0.5,0.5,0.5,0.5,0.4875,0.0,3.140294292409297e-19,-2.9837243786801056e-17,0.0,3.122502256758253e-17,1.0,1.0,plan-c,1.0,1.0,0.0,0.0,1.0,5.951213741123083,0.3637862999894423,0.0,1.7675969185463054e-05
non-private-reference,oracle,non-private,diagnostic,8,5a1a0d9face92aec0a0f641341aa62346ee1398565778501f38bf6cc267e64e8,,1,6,1.0,0.5,0.5,0.5,0.5,0.5,0.4875,0.0,3.140294292409297e-19,-2.9837243786801056e-17,0.0,3.122502256758253e-17,,,non-private,0.0,1.0,0.0,0.0,0.0,inf,0.0482246999890776,0.0001601134232167,0.0001601134232167
naive-claimed-c,this-work,unsafe-diagnostic,diagnostic,8,5a1a0d9face92aec0a0f641341aa62346ee1398565778501f38bf6cc267e64e8,,1,6,1.0,0.5,0.5,0.5,0.5,0.5,0.4875,0.0,3.140294292409297e-19,-2.9837243786801056e-17,0.0,3.122502256758253e-17,,2.0,unsafe-diagnostic,1.0,1.0,0.2510924369747899,0.7489075630252101,0.7755474452554745,3.6733407279808654,0.0648345999943558,0.0002477294122396,0.0002854137589382
stable-local-fallback,this-work,user-certified,primary,9,5a1a0d9face92aec0a0f641341aa62346ee1398565778501f38bf6cc267e64e8,0.0,1,6,1.0,0.5,0.5,0.5,0.5,0.5,0.506,0.0,-1.0314919482895688e-18,-3.4694469519536136e-17,0.0,2.775557561562892e-17,1.0,1.0,plan-c,1.0,1.0,0.0,1.0,1.0,1.3099977631620447,0.0688591999933123,0.0003600776831913,0.0003915679738842
handle-only-drop-residual,this-work,user-certified,primary,9,5a1a0d9face92aec0a0f641341aa62346ee1398565778501f38bf6cc267e64e8,1.0,1,6,1.0,0.5,0.5,0.5,0.5,0.5,0.506,0.0,-1.0314919482895688e-18,-3.4694469519536136e-17,0.0,2.775557561562892e-17,1.0,1.0,plan-c,1.0,0.2481739707835325,0.2481739707835325,0.0,0.157,3.329019353827168,0.0593678000004729,0.0003155333575612,0.0003337687922087
unitscope-equal,this-work,user-certified,primary,9,5a1a0d9face92aec0a0f641341aa62346ee1398565778501f38bf6cc267e64e8,0.1428571428571428,1,6,1.0,0.5,0.5,0.5,0.5,0.5,0.506,0.0,-1.0314919482895688e-18,-3.4694469519536136e-17,0.0,2.775557561562892e-17,1.0,1.0,plan-c,1.0,1.0,0.2481739707835325,0.7518260292164675,1.0,1.5052914833136832,0.0650323000008938,0.0003383601787741,0.0003704489925386
unitscope-tuned,this-work,user-certified,primary,9,5a1a0d9face92aec0a0f641341aa62346ee1398565778501f38bf6cc267e64e8,0.9,1,6,1.0,0.5,0.5,0.5,0.5,0.5,0.506,0.0,-1.0314919482895688e-18,-3.4694469519536136e-17,0.0,2.775557561562892e-17,1.0,1.0,plan-c,1.0,1.0,0.2481739707835325,0.7518260292164675,0.7813229571984436,3.287387670945615,0.0680515999993076,0.0003017446028578,0.0003215546541682
naive-recalibrated-2c,this-work,user-certified,primary,9,5a1a0d9face92aec0a0f641341aa62346ee1398565778501f38bf6cc267e64e8,,1,6,1.0,0.5,0.5,0.5,0.5,0.5,0.506,0.0,-1.0314919482895688e-18,-3.4694469519536136e-17,0.0,2.775557561562892e-17,2.0,2.0,plan-delta,2.0,1.0,0.2481739707835325,0.7518260292164675,0.7813229571984436,2.0686984072249865,0.0630240000027697,0.0001899298828628,0.0002492904552354
full-identity-reference,oracle,oracle-assumption,full-identity-reference,9,5a1a0d9face92aec0a0f641341aa62346ee1398565778501f38bf6cc267e64e8,,1,6,1.0,0.5,0.5,0.5,0.5,0.5,0.506,0.0,-1.0314919482895688e-18,-3.4694469519536136e-17,0.0,2.775557561562892e-17,1.0,1.0,plan-c,1.0,1.0,0.0,0.0,1.0,6.50752099709646,0.3481524000089848,0.0,1.3227335642052287e-05
non-private-reference,oracle,non-private,diagnostic,9,5a1a0d9face92aec0a0f641341aa62346ee1398565778501f38bf6cc267e64e8,,1,6,1.0,0.5,0.5,0.5,0.5,0.5,0.506,0.0,-1.0314919482895688e-18,-3.4694469519536136e-17,0.0,2.775557561562892e-17,,,non-private,0.0,1.0,0.0,0.0,0.0,inf,0.0632208000024547,0.000132934924549,0.000132934924549
naive-claimed-c,this-work,unsafe-diagnostic,diagnostic,9,5a1a0d9face92aec0a0f641341aa62346ee1398565778501f38bf6cc267e64e8,,1,6,1.0,0.5,0.5,0.5,0.5,0.5,0.506,0.0,-1.0314919482895688e-18,-3.4694469519536136e-17,0.0,2.775557561562892e-17,,2.0,unsafe-diagnostic,1.0,1.0,0.2481739707835325,0.7518260292164675,0.7813229571984436,4.137396814449973,0.0602231999946525,0.0001899298828628,0.000206382833407
stable-local-fallback,this-work,user-certified,primary,0,93c520cd7e498c8db2c59c43bfe745e28e8103590125d2671272306cbecb1e2f,0.0,1,6,1.0,0.5,0.5,0.5,0.5,0.5,0.499,0.0,1.1154897702486132e-18,-2.775557561562892e-17,0.0,3.122502256758253e-17,1.0,1.0,plan-c,1.0,1.0,0.0,1.0,1.0,1.0496835424096278,0.0635698999976739,0.000337496100142,0.0003446902799674
handle-only-drop-residual,this-work,user-certified,primary,0,93c520cd7e498c8db2c59c43bfe745e28e8103590125d2671272306cbecb1e2f,1.0,1,6,1.0,0.5,0.5,0.5,0.5,0.5,0.499,0.0,1.1154897702486132e-18,-2.775557561562892e-17,0.0,3.122502256758253e-17,1.0,1.0,plan-c,1.0,0.2483322214809873,0.2483322214809873,0.0,0.157,2.773742840508147,0.0889327000040793,0.0002710791581833,0.0002836367617097
unitscope-equal,this-work,user-certified,primary,0,93c520cd7e498c8db2c59c43bfe745e28e8103590125d2671272306cbecb1e2f,0.1428571428571428,1,6,1.0,0.5,0.5,0.5,0.5,0.5,0.499,0.0,1.1154897702486132e-18,-2.775557561562892e-17,0.0,3.122502256758253e-17,1.0,1.0,plan-c,1.0,1.0,0.2483322214809873,0.7516677785190127,1.0,1.3283904162393023,0.066158900008304,0.0002979444660583,0.0003063645542174
unitscope-tuned,this-work,user-certified,primary,0,93c520cd7e498c8db2c59c43bfe745e28e8103590125d2671272306cbecb1e2f,1.0,1,6,1.0,0.5,0.5,0.5,0.5,0.5,0.499,0.0,1.1154897702486132e-18,-2.775557561562892e-17,0.0,3.122502256758253e-17,1.0,1.0,plan-c,1.0,0.2483322214809873,0.2483322214809873,0.0,0.157,2.773742840508147,0.0640773000050103,0.0002710791581833,0.0002836367617097
naive-recalibrated-2c,this-work,user-certified,primary,0,93c520cd7e498c8db2c59c43bfe745e28e8103590125d2671272306cbecb1e2f,,1,6,1.0,0.5,0.5,0.5,0.5,0.5,0.499,0.0,1.1154897702486132e-18,-2.775557561562892e-17,0.0,3.122502256758253e-17,2.0,2.0,plan-delta,2.0,1.0,0.2483322214809873,0.7516677785190127,0.7805259047123145,1.7755311325908418,0.0650131000002147,0.0001557420398801,0.0002247851281215
full-identity-reference,oracle,oracle-assumption,full-identity-reference,0,93c520cd7e498c8db2c59c43bfe745e28e8103590125d2671272306cbecb1e2f,,1,6,1.0,0.5,0.5,0.5,0.5,0.5,0.499,0.0,1.1154897702486132e-18,-2.775557561562892e-17,0.0,3.122502256758253e-17,1.0,1.0,plan-c,1.0,1.0,0.0,0.0,1.0,5.146293509251274,0.3594956000015372,0.0,1.9925347562214547e-05
non-private-reference,oracle,non-private,diagnostic,0,93c520cd7e498c8db2c59c43bfe745e28e8103590125d2671272306cbecb1e2f,,1,6,1.0,0.5,0.5,0.5,0.5,0.5,0.499,0.0,1.1154897702486132e-18,-2.775557561562892e-17,0.0,3.122502256758253e-17,,,non-private,0.0,1.0,0.0,0.0,0.0,inf,0.0562035000039031,0.0001382192126081,0.0001382192126081
naive-claimed-c,this-work,unsafe-diagnostic,diagnostic,0,93c520cd7e498c8db2c59c43bfe745e28e8103590125d2671272306cbecb1e2f,,1,6,1.0,0.5,0.5,0.5,0.5,0.5,0.499,0.0,1.1154897702486132e-18,-2.775557561562892e-17,0.0,3.122502256758253e-17,,2.0,unsafe-diagnostic,1.0,1.0,0.2483322214809873,0.7516677785190127,0.7805259047123145,3.551062265181684,0.0865696000109892,0.0001557420398801,0.0001703382364385
stable-local-fallback,this-work,user-certified,primary,1,93c520cd7e498c8db2c59c43bfe745e28e8103590125d2671272306cbecb1e2f,0.0,1,6,1.0,0.5,0.5,0.5,0.5,0.5,0.4995,0.0,-1.0548994110669773e-18,-3.4694469519536136e-17,0.0,3.122502256758253e-17,1.0,1.0,plan-c,1.0,1.0,0.0,1.0,1.0,1.2446626361921118,0.0524552999995648,0.0003545236986979,0.0003896107826631
handle-only-drop-residual,this-work,user-certified,primary,1,93c520cd7e498c8db2c59c43bfe745e28e8103590125d2671272306cbecb1e2f,1.0,1,6,1.0,0.5,0.5,0.5,0.5,0.5,0.4995,0.0,-1.0548994110669773e-18,-3.4694469519536136e-17,0.0,3.122502256758253e-17,1.0,1.0,plan-c,1.0,0.2504168056018673,0.2504168056018673,0.0,0.178,3.1339735588065887,0.0641405999922426,0.0003043654261299,0.0003406159486922
unitscope-equal,this-work,user-certified,primary,1,93c520cd7e498c8db2c59c43bfe745e28e8103590125d2671272306cbecb1e2f,0.1428571428571428,1,6,1.0,0.5,0.5,0.5,0.5,0.5,0.4995,0.0,-1.0548994110669773e-18,-3.4694469519536136e-17,0.0,3.122502256758253e-17,1.0,1.0,plan-c,1.0,1.0,0.2504168056018673,0.7495831943981327,1.0,1.454016013420899,0.0682058999955188,0.000332063418127,0.0003670906394278
unitscope-tuned,this-work,user-certified,primary,1,93c520cd7e498c8db2c59c43bfe745e28e8103590125d2671272306cbecb1e2f,1.0,1,6,1.0,0.5,0.5,0.5,0.5,0.5,0.4995,0.0,-1.0548994110669773e-18,-3.4694469519536136e-17,0.0,3.122502256758253e-17,1.0,1.0,plan-c,1.0,0.2504168056018673,0.2504168056018673,0.0,0.178,3.1339735588065887,0.0790331000025617,0.0003043654261299,0.0003406159486922
naive-recalibrated-2c,this-work,user-certified,primary,1,93c520cd7e498c8db2c59c43bfe745e28e8103590125d2671272306cbecb1e2f,,1,6,1.0,0.5,0.5,0.5,0.5,0.5,0.4995,0.0,-1.0548994110669773e-18,-3.4694469519536136e-17,0.0,3.122502256758253e-17,2.0,2.0,plan-delta,2.0,1.0,0.2504168056018673,0.7495831943981327,0.7848730698769956,1.984807831198546,0.0628440000000409,0.0001861412549372,0.0002784818373264
full-identity-reference,oracle,oracle-assumption,full-identity-reference,1,93c520cd7e498c8db2c59c43bfe745e28e8103590125d2671272306cbecb1e2f,,1,6,1.0,0.5,0.5,0.5,0.5,0.5,0.4995,0.0,-1.0548994110669773e-18,-3.4694469519536136e-17,0.0,3.122502256758253e-17,1.0,1.0,plan-c,1.0,1.0,0.0,0.0,1.0,6.152632961737046,0.34855019999668,0.0,1.4585911827834765e-05
non-private-reference,oracle,non-private,diagnostic,1,93c520cd7e498c8db2c59c43bfe745e28e8103590125d2671272306cbecb1e2f,,1,6,1.0,0.5,0.5,0.5,0.5,0.5,0.4995,0.0,-1.0548994110669773e-18,-3.4694469519536136e-17,0.0,3.122502256758253e-17,,,non-private,0.0,1.0,0.0,0.0,0.0,inf,0.0500443999917479,0.0001379500758486,0.0001379500758486
naive-claimed-c,this-work,unsafe-diagnostic,diagnostic,1,93c520cd7e498c8db2c59c43bfe745e28e8103590125d2671272306cbecb1e2f,,1,6,1.0,0.5,0.5,0.5,0.5,0.5,0.4995,0.0,-1.0548994110669773e-18,-3.4694469519536136e-17,0.0,3.122502256758253e-17,,2.0,unsafe-diagnostic,1.0,1.0,0.2504168056018673,0.7495831943981327,0.7848730698769956,3.969615662397092,0.0636586999899009,0.0001861412549372,0.000217725634304
stable-local-fallback,this-work,user-certified,primary,2,93c520cd7e498c8db2c59c43bfe745e28e8103590125d2671272306cbecb1e2f,0.0,1,6,1.0,0.5,0.5,0.5,0.5,0.5,0.484,0.0,1.154988925895715e-18,-2.775557561562892e-17,0.0,3.4694469519536136e-17,1.0,1.0,plan-c,1.0,1.0,0.0,1.0,1.0,1.1051820084478392,0.0531680999993113,0.0002974270203325,0.0003347230342958
handle-only-drop-residual,this-work,user-certified,primary,2,93c520cd7e498c8db2c59c43bfe745e28e8103590125d2671272306cbecb1e2f,1.0,1,6,1.0,0.5,0.5,0.5,0.5,0.5,0.484,0.0,1.154988925895715e-18,-2.775557561562892e-17,0.0,3.4694469519536136e-17,1.0,1.0,plan-c,1.0,0.2498315363881401,0.2498315363881401,0.0,0.165,2.7306414419920397,0.0627029000024776,0.0003057367328774,0.0003559622248594
unitscope-equal,this-work,user-certified,primary,2,93c520cd7e498c8db2c59c43bfe745e28e8103590125d2671272306cbecb1e2f,0.1428571428571428,1,6,1.0,0.5,0.5,0.5,0.5,0.5,0.484,0.0,1.154988925895715e-18,-2.775557561562892e-17,0.0,3.4694469519536136e-17,1.0,1.0,plan-c,1.0,1.0,0.2498315363881401,0.7501684636118598,1.0,1.2673936285416991,0.0635604999988572,0.0002822395359519,0.0003221034006256
unitscope-tuned,this-work,user-certified,primary,2,93c520cd7e498c8db2c59c43bfe745e28e8103590125d2671272306cbecb1e2f,1.0,1,6,1.0,0.5,0.5,0.5,0.5,0.5,0.484,0.0,1.154988925895715e-18,-2.775557561562892e-17,0.0,3.4694469519536136e-17,1.0,1.0,plan-c,1.0,0.2498315363881401,0.2498315363881401,0.0,0.165,2.7306414419920397,0.0714793999941321,0.0003057367328774,0.0003559622248594
naive-recalibrated-2c,this-work,user-certified,primary,2,93c520cd7e498c8db2c59c43bfe745e28e8103590125d2671272306cbecb1e2f,,1,6,1.0,0.5,0.5,0.5,0.5,0.5,0.484,0.0,1.154988925895715e-18,-2.775557561562892e-17,0.0,3.4694469519536136e-17,2.0,2.0,plan-delta,2.0,1.0,0.2498315363881401,0.7501684636118598,0.7804364975019721,1.689212440448792,0.0801055000047199,0.0001900851505167,0.0003134018265076
full-identity-reference,oracle,oracle-assumption,full-identity-reference,2,93c520cd7e498c8db2c59c43bfe745e28e8103590125d2671272306cbecb1e2f,,1,6,1.0,0.5,0.5,0.5,0.5,0.5,0.484,0.0,1.154988925895715e-18,-2.775557561562892e-17,0.0,3.4694469519536136e-17,1.0,1.0,plan-c,1.0,1.0,0.0,0.0,1.0,5.397314953033132,0.341598500002874,0.0,1.5944966299623317e-05
non-private-reference,oracle,non-private,diagnostic,2,93c520cd7e498c8db2c59c43bfe745e28e8103590125d2671272306cbecb1e2f,,1,6,1.0,0.5,0.5,0.5,0.5,0.5,0.484,0.0,1.154988925895715e-18,-2.775557561562892e-17,0.0,3.4694469519536136e-17,,,non-private,0.0,1.0,0.0,0.0,0.0,inf,0.0493897999986074,0.0001310097726748,0.0001310097726748
naive-claimed-c,this-work,unsafe-diagnostic,diagnostic,2,93c520cd7e498c8db2c59c43bfe745e28e8103590125d2671272306cbecb1e2f,,1,6,1.0,0.5,0.5,0.5,0.5,0.5,0.484,0.0,1.154988925895715e-18,-2.775557561562892e-17,0.0,3.4694469519536136e-17,,2.0,unsafe-diagnostic,1.0,1.0,0.2498315363881401,0.7501684636118598,0.7804364975019721,3.378424880897584,0.0601729000045452,0.0001900851505167,0.0002357985222125
stable-local-fallback,this-work,user-certified,primary,3,93c520cd7e498c8db2c59c43bfe745e28e8103590125d2671272306cbecb1e2f,0.0,1,6,1.0,0.5,0.5,0.5,0.5,0.5,0.508,0.0,-1.028711510114199e-18,-3.4694469519536136e-17,0.0,3.4694469519536136e-17,1.0,1.0,plan-c,1.0,1.0,0.0,1.0,1.0,1.2426967729710123,0.0504404999956022,0.0003081592329482,0.0003035198437984
handle-only-drop-residual,this-work,user-certified,primary,3,93c520cd7e498c8db2c59c43bfe745e28e8103590125d2671272306cbecb1e2f,1.0,1,6,1.0,0.5,0.5,0.5,0.5,0.5,0.508,0.0,-1.028711510114199e-18,-3.4694469519536136e-17,0.0,3.4694469519536136e-17,1.0,1.0,plan-c,1.0,0.248342175066313,0.248342175066313,0.0,0.171,3.0540348552703533,0.0575966000033076,0.0002344326529211,0.0002373605681262
unitscope-equal,this-work,user-certified,primary,3,93c520cd7e498c8db2c59c43bfe745e28e8103590125d2671272306cbecb1e2f,0.1428571428571428,1,6,1.0,0.5,0.5,0.5,0.5,0.5,0.508,0.0,-1.028711510114199e-18,-3.4694469519536136e-17,0.0,3.4694469519536136e-17,1.0,1.0,plan-c,1.0,1.0,0.248342175066313,0.751657824933687,1.0,1.457289191475545,0.0621436999936122,0.0002875860126596,0.0002845788482133
unitscope-tuned,this-work,user-certified,primary,3,93c520cd7e498c8db2c59c43bfe745e28e8103590125d2671272306cbecb1e2f,1.0,1,6,1.0,0.5,0.5,0.5,0.5,0.5,0.508,0.0,-1.028711510114199e-18,-3.4694469519536136e-17,0.0,3.4694469519536136e-17,1.0,1.0,plan-c,1.0,0.248342175066313,0.248342175066313,0.0,0.171,3.0540348552703533,0.0625748000020394,0.0002344326529211,0.0002373605681262
naive-recalibrated-2c,this-work,user-certified,primary,3,93c520cd7e498c8db2c59c43bfe745e28e8103590125d2671272306cbecb1e2f,,1,6,1.0,0.5,0.5,0.5,0.5,0.5,0.508,0.0,-1.028711510114199e-18,-3.4694469519536136e-17,0.0,3.4694469519536136e-17,2.0,2.0,plan-delta,2.0,1.0,0.248342175066313,0.751657824933687,0.7843953185955787,1.972634719589342,0.0656094000005396,0.0001357489805166,0.0001804611923855
full-identity-reference,oracle,oracle-assumption,full-identity-reference,3,93c520cd7e498c8db2c59c43bfe745e28e8103590125d2671272306cbecb1e2f,,1,6,1.0,0.5,0.5,0.5,0.5,0.5,0.508,0.0,-1.028711510114199e-18,-3.4694469519536136e-17,0.0,3.4694469519536136e-17,1.0,1.0,plan-c,1.0,1.0,0.0,0.0,1.0,5.864312315378012,0.3686267000011867,0.0,1.4295995470253786e-05
non-private-reference,oracle,non-private,diagnostic,3,93c520cd7e498c8db2c59c43bfe745e28e8103590125d2671272306cbecb1e2f,,1,6,1.0,0.5,0.5,0.5,0.5,0.5,0.508,0.0,-1.028711510114199e-18,-3.4694469519536136e-17,0.0,3.4694469519536136e-17,,,non-private,0.0,1.0,0.0,0.0,0.0,inf,0.0567560999916167,0.0001560967403371,0.0001560967403371
naive-claimed-c,this-work,unsafe-diagnostic,diagnostic,3,93c520cd7e498c8db2c59c43bfe745e28e8103590125d2671272306cbecb1e2f,,1,6,1.0,0.5,0.5,0.5,0.5,0.5,0.508,0.0,-1.028711510114199e-18,-3.4694469519536136e-17,0.0,3.4694469519536136e-17,,2.0,unsafe-diagnostic,1.0,1.0,0.248342175066313,0.751657824933687,0.7843953185955787,3.945269439178684,0.0662962999922456,0.0001357489805166,0.0001438090909808
stable-local-fallback,this-work,user-certified,primary,4,93c520cd7e498c8db2c59c43bfe745e28e8103590125d2671272306cbecb1e2f,0.0,1,6,1.0,0.5,0.5,0.5,0.5,0.5,0.502,0.0,5.071128886446146e-19,-3.0704605524789466e-17,0.0,3.4694469519536136e-17,1.0,1.0,plan-c,1.0,1.0,0.0,1.0,1.0,1.083410149901307,0.0704459000116912,0.0002817095259276,0.0002871015571227
handle-only-drop-residual,this-work,user-certified,primary,4,93c520cd7e498c8db2c59c43bfe745e28e8103590125d2671272306cbecb1e2f,1.0,1,6,1.0,0.5,0.5,0.5,0.5,0.5,0.502,0.0,5.071128886446146e-19,-3.0704605524789466e-17,0.0,3.4694469519536136e-17,1.0,1.0,plan-c,1.0,0.2470039946737683,0.2470039946737683,0.0,0.158,3.014934876751891,0.0614329999953042,0.0002737620568974,0.0003016309663547
unitscope-equal,this-work,user-certified,primary,4,93c520cd7e498c8db2c59c43bfe745e28e8103590125d2671272306cbecb1e2f,0.1428571428571428,1,6,1.0,0.5,0.5,0.5,0.5,0.5,0.502,0.0,5.071128886446146e-19,-3.0704605524789466e-17,0.0,3.4694469519536136e-17,1.0,1.0,plan-c,1.0,1.0,0.2470039946737683,0.7529960053262317,1.0,1.2814357545618331,0.0607805000036023,0.0002623757249261,0.0002716105153167
unitscope-tuned,this-work,user-certified,primary,4,93c520cd7e498c8db2c59c43bfe745e28e8103590125d2671272306cbecb1e2f,1.0,1,6,1.0,0.5,0.5,0.5,0.5,0.5,0.502,0.0,5.071128886446146e-19,-3.0704605524789466e-17,0.0,3.4694469519536136e-17,1.0,1.0,plan-c,1.0,0.2470039946737683,0.2470039946737683,0.0,0.158,3.014934876751891,0.0602347999956691,0.0002737620568974,0.0003016309663547
naive-recalibrated-2c,this-work,user-certified,primary,4,93c520cd7e498c8db2c59c43bfe745e28e8103590125d2671272306cbecb1e2f,,1,6,1.0,0.5,0.5,0.5,0.5,0.5,0.502,0.0,5.071128886446146e-19,-3.0704605524789466e-17,0.0,3.4694469519536136e-17,2.0,2.0,plan-delta,2.0,1.0,0.2470039946737683,0.7529960053262317,0.781071242849714,1.8094991887638816,0.063290500009316,0.0001708890116999,0.0002596987163451
full-identity-reference,oracle,oracle-assumption,full-identity-reference,4,93c520cd7e498c8db2c59c43bfe745e28e8103590125d2671272306cbecb1e2f,,1,6,1.0,0.5,0.5,0.5,0.5,0.5,0.502,0.0,5.071128886446146e-19,-3.0704605524789466e-17,0.0,3.4694469519536136e-17,1.0,1.0,plan-c,1.0,1.0,0.0,0.0,1.0,5.294312486165919,0.3524269000045024,0.0,1.5688479693467358e-05
non-private-reference,oracle,non-private,diagnostic,4,93c520cd7e498c8db2c59c43bfe745e28e8103590125d2671272306cbecb1e2f,,1,6,1.0,0.5,0.5,0.5,0.5,0.5,0.502,0.0,5.071128886446146e-19,-3.0704605524789466e-17,0.0,3.4694469519536136e-17,,,non-private,0.0,1.0,0.0,0.0,0.0,inf,0.0681954000028781,0.0001239313031695,0.0001239313031695
naive-claimed-c,this-work,unsafe-diagnostic,diagnostic,4,93c520cd7e498c8db2c59c43bfe745e28e8103590125d2671272306cbecb1e2f,,1,6,1.0,0.5,0.5,0.5,0.5,0.5,0.502,0.0,5.071128886446146e-19,-3.0704605524789466e-17,0.0,3.4694469519536136e-17,,2.0,unsafe-diagnostic,1.0,1.0,0.2470039946737683,0.7529960053262317,0.781071242849714,3.618998377527763,0.0613881000026594,0.0001708890116999,0.000199605384329
stable-local-fallback,this-work,user-certified,primary,5,93c520cd7e498c8db2c59c43bfe745e28e8103590125d2671272306cbecb1e2f,0.0,1,6,1.0,0.5,0.5,0.5,0.5,0.5,0.5045,0.0,1.3663741154931293e-18,-2.775557561562892e-17,0.0,3.4694469519536136e-17,1.0,1.0,plan-c,1.0,1.0,0.0,1.0,1.0,1.0438977417474122,0.0509346000035293,0.0003175052038099,0.000297374743711
handle-only-drop-residual,this-work,user-certified,primary,5,93c520cd7e498c8db2c59c43bfe745e28e8103590125d2671272306cbecb1e2f,1.0,1,6,1.0,0.5,0.5,0.5,0.5,0.5,0.5045,0.0,1.3663741154931293e-18,-2.775557561562892e-17,0.0,3.4694469519536136e-17,1.0,1.0,plan-c,1.0,0.2497507477567298,0.2497507477567298,0.0,0.171,2.7977259066323,0.0755501000094227,0.0002476337142288,0.0002273795657983
unitscope-equal,this-work,user-certified,primary,5,93c520cd7e498c8db2c59c43bfe745e28e8103590125d2671272306cbecb1e2f,0.1428571428571428,1,6,1.0,0.5,0.5,0.5,0.5,0.5,0.5045,0.0,1.3663741154931293e-18,-2.775557561562892e-17,0.0,3.4694469519536136e-17,1.0,1.0,plan-c,1.0,1.0,0.2497507477567298,0.7502492522432702,1.0,1.2665207438397876,0.0602398000046378,0.0002902001718022,0.0002685134013655
unitscope-tuned,this-work,user-certified,primary,5,93c520cd7e498c8db2c59c43bfe745e28e8103590125d2671272306cbecb1e2f,1.0,1,6,1.0,0.5,0.5,0.5,0.5,0.5,0.5045,0.0,1.3663741154931293e-18,-2.775557561562892e-17,0.0,3.4694469519536136e-17,1.0,1.0,plan-c,1.0,0.2497507477567298,0.2497507477567298,0.0,0.171,2.7977259066323,0.0595960999926319,0.0002476337142288,0.0002273795657983
naive-recalibrated-2c,this-work,user-certified,primary,5,93c520cd7e498c8db2c59c43bfe745e28e8103590125d2671272306cbecb1e2f,,1,6,1.0,0.5,0.5,0.5,0.5,0.5,0.5045,0.0,1.3663741154931293e-18,-2.775557561562892e-17,0.0,3.4694469519536136e-17,2.0,2.0,plan-delta,2.0,1.0,0.2497507477567298,0.7502492522432702,0.7840020844189682,1.769787470675994,0.0672602999984519,0.0001462583483626,0.0001699479419177
full-identity-reference,oracle,oracle-assumption,full-identity-reference,5,93c520cd7e498c8db2c59c43bfe745e28e8103590125d2671272306cbecb1e2f,,1,6,1.0,0.5,0.5,0.5,0.5,0.5,0.5045,0.0,1.3663741154931293e-18,-2.775557561562892e-17,0.0,3.4694469519536136e-17,1.0,1.0,plan-c,1.0,1.0,0.0,0.0,1.0,4.939058273830325,0.3423282000003382,0.0,2.072019138122691e-05
non-private-reference,oracle,non-private,diagnostic,5,93c520cd7e498c8db2c59c43bfe745e28e8103590125d2671272306cbecb1e2f,,1,6,1.0,0.5,0.5,0.5,0.5,0.5,0.5045,0.0,1.3663741154931293e-18,-2.775557561562892e-17,0.0,3.4694469519536136e-17,,,non-private,0.0,1.0,0.0,0.0,0.0,inf,0.0526633999979821,0.0001601577057687,0.0001601577057687
naive-claimed-c,this-work,unsafe-diagnostic,diagnostic,5,93c520cd7e498c8db2c59c43bfe745e28e8103590125d2671272306cbecb1e2f,,1,6,1.0,0.5,0.5,0.5,0.5,0.5,0.5045,0.0,1.3663741154931293e-18,-2.775557561562892e-17,0.0,3.4694469519536136e-17,,2.0,unsafe-diagnostic,1.0,1.0,0.2497507477567298,0.7502492522432702,0.7840020844189682,3.539574941351988,0.0861012999957893,0.0001462583483626,0.0001373829537589
stable-local-fallback,this-work,user-certified,primary,6,93c520cd7e498c8db2c59c43bfe745e28e8103590125d2671272306cbecb1e2f,0.0,1,6,1.0,0.5,0.5,0.5,0.5,0.5,0.509,0.0,7.097370606525936e-19,-2.827599265842195e-17,0.0,3.001071613439888e-17,1.0,1.0,plan-c,1.0,1.0,0.0,1.0,1.0,1.2515884215013988,0.0569105999893508,0.0003095094446425,0.0002957190441592
handle-only-drop-residual,this-work,user-certified,primary,6,93c520cd7e498c8db2c59c43bfe745e28e8103590125d2671272306cbecb1e2f,1.0,1,6,1.0,0.5,0.5,0.5,0.5,0.5,0.509,0.0,7.097370606525936e-19,-2.827599265842195e-17,0.0,3.001071613439888e-17,1.0,1.0,plan-c,1.0,0.25,0.25,0.0,0.171,3.00653521037432,0.0598653000051854,0.0003139081138769,0.0003124555221887
unitscope-equal,this-work,user-certified,primary,6,93c520cd7e498c8db2c59c43bfe745e28e8103590125d2671272306cbecb1e2f,0.1428571428571428,1,6,1.0,0.5,0.5,0.5,0.5,0.5,0.509,0.0,7.097370606525936e-19,-2.827599265842195e-17,0.0,3.001071613439888e-17,1.0,1.0,plan-c,1.0,1.0,0.25,0.75,1.0,1.3996198393000312,0.0611807000095723,0.0002964724638067,0.0002846061105303
unitscope-tuned,this-work,user-certified,primary,6,93c520cd7e498c8db2c59c43bfe745e28e8103590125d2671272306cbecb1e2f,1.0,1,6,1.0,0.5,0.5,0.5,0.5,0.5,0.509,0.0,7.097370606525936e-19,-2.827599265842195e-17,0.0,3.001071613439888e-17,1.0,1.0,plan-c,1.0,0.25,0.25,0.0,0.171,3.00653521037432,0.0730841000040527,0.0003139081138769,0.0003124555221887
naive-recalibrated-2c,this-work,user-certified,primary,6,93c520cd7e498c8db2c59c43bfe745e28e8103590125d2671272306cbecb1e2f,,1,6,1.0,0.5,0.5,0.5,0.5,0.5,0.509,0.0,7.097370606525936e-19,-2.827599265842195e-17,0.0,3.001071613439888e-17,2.0,2.0,plan-delta,2.0,1.0,0.25,0.75,0.7845074083701585,1.866105608689816,0.06514540000353,0.000193249414509,0.0002255776556868
full-identity-reference,oracle,oracle-assumption,full-identity-reference,6,93c520cd7e498c8db2c59c43bfe745e28e8103590125d2671272306cbecb1e2f,,1,6,1.0,0.5,0.5,0.5,0.5,0.5,0.509,0.0,7.097370606525936e-19,-2.827599265842195e-17,0.0,3.001071613439888e-17,1.0,1.0,plan-c,1.0,1.0,0.0,0.0,1.0,6.134257238903734,0.3471205000096233,0.0,1.285091852884027e-05
non-private-reference,oracle,non-private,diagnostic,6,93c520cd7e498c8db2c59c43bfe745e28e8103590125d2671272306cbecb1e2f,,1,6,1.0,0.5,0.5,0.5,0.5,0.5,0.509,0.0,7.097370606525936e-19,-2.827599265842195e-17,0.0,3.001071613439888e-17,,,non-private,0.0,1.0,0.0,0.0,0.0,inf,0.04936259999522,0.0001289734346239,0.0001289734346239
naive-claimed-c,this-work,unsafe-diagnostic,diagnostic,6,93c520cd7e498c8db2c59c43bfe745e28e8103590125d2671272306cbecb1e2f,,1,6,1.0,0.5,0.5,0.5,0.5,0.5,0.509,0.0,7.097370606525936e-19,-2.827599265842195e-17,0.0,3.001071613439888e-17,,2.0,unsafe-diagnostic,1.0,1.0,0.25,0.75,0.7845074083701585,3.732211217379631,0.066464099989389,0.000193249414509,0.0001965626165691
stable-local-fallback,this-work,user-certified,primary,7,93c520cd7e498c8db2c59c43bfe745e28e8103590125d2671272306cbecb1e2f,0.0,1,6,1.0,0.5,0.5,0.5,0.5,0.5,0.486,0.0,4.720518100780509e-19,-3.122502256758253e-17,0.0,3.4694469519536136e-17,1.0,1.0,plan-c,1.0,1.0,0.0,1.0,1.0,1.1776583770122326,0.0501908000005641,0.0002929974196437,0.0002990498753697
handle-only-drop-residual,this-work,user-certified,primary,7,93c520cd7e498c8db2c59c43bfe745e28e8103590125d2671272306cbecb1e2f,1.0,1,6,1.0,0.5,0.5,0.5,0.5,0.5,0.486,0.0,4.720518100780509e-19,-3.122502256758253e-17,0.0,3.4694469519536136e-17,1.0,1.0,plan-c,1.0,0.2489905787348587,0.2489905787348587,0.0,0.159,3.1155204972063437,0.0604034999996656,0.0002929804979103,0.0002837237084298
unitscope-equal,this-work,user-certified,primary,7,93c520cd7e498c8db2c59c43bfe745e28e8103590125d2671272306cbecb1e2f,0.1428571428571428,1,6,1.0,0.5,0.5,0.5,0.5,0.5,0.486,0.0,4.720518100780509e-19,-3.122502256758253e-17,0.0,3.4694469519536136e-17,1.0,1.0,plan-c,1.0,1.0,0.2489905787348587,0.7510094212651414,1.0,1.4039808835163128,0.0632293000089703,0.0002723002580975,0.0002786606649898
unitscope-tuned,this-work,user-certified,primary,7,93c520cd7e498c8db2c59c43bfe745e28e8103590125d2671272306cbecb1e2f,1.0,1,6,1.0,0.5,0.5,0.5,0.5,0.5,0.486,0.0,4.720518100780509e-19,-3.122502256758253e-17,0.0,3.4694469519536136e-17,1.0,1.0,plan-c,1.0,0.2489905787348587,0.2489905787348587,0.0,0.159,3.1155204972063437,0.0649435999948764,0.0002929804979103,0.0002837237084298
naive-recalibrated-2c,this-work,user-certified,primary,7,93c520cd7e498c8db2c59c43bfe745e28e8103590125d2671272306cbecb1e2f,,1,6,1.0,0.5,0.5,0.5,0.5,0.5,0.486,0.0,4.720518100780509e-19,-3.122502256758253e-17,0.0,3.4694469519536136e-17,2.0,2.0,plan-delta,2.0,1.0,0.2489905787348587,0.7510094212651414,0.7794387621295568,1.9271837526164155,0.0827754999918397,0.0001848549136258,0.0002007144178664
full-identity-reference,oracle,oracle-assumption,full-identity-reference,7,93c520cd7e498c8db2c59c43bfe745e28e8103590125d2671272306cbecb1e2f,,1,6,1.0,0.5,0.5,0.5,0.5,0.5,0.486,0.0,4.720518100780509e-19,-3.122502256758253e-17,0.0,3.4694469519536136e-17,1.0,1.0,plan-c,1.0,1.0,0.0,0.0,1.0,5.647009091772691,0.3468237999913981,0.0,1.4522739286817303e-05
non-private-reference,oracle,non-private,diagnostic,7,93c520cd7e498c8db2c59c43bfe745e28e8103590125d2671272306cbecb1e2f,,1,6,1.0,0.5,0.5,0.5,0.5,0.5,0.486,0.0,4.720518100780509e-19,-3.122502256758253e-17,0.0,3.4694469519536136e-17,,,non-private,0.0,1.0,0.0,0.0,0.0,inf,0.0554745000117691,0.0001373974551786,0.0001373974551786
naive-claimed-c,this-work,unsafe-diagnostic,diagnostic,7,93c520cd7e498c8db2c59c43bfe745e28e8103590125d2671272306cbecb1e2f,,1,6,1.0,0.5,0.5,0.5,0.5,0.5,0.486,0.0,4.720518100780509e-19,-3.122502256758253e-17,0.0,3.4694469519536136e-17,,2.0,unsafe-diagnostic,1.0,1.0,0.2489905787348587,0.7510094212651414,0.7794387621295568,3.854367505232831,0.0646147999941604,0.0001848549136258,0.0001782619264593
stable-local-fallback,this-work,user-certified,primary,8,93c520cd7e498c8db2c59c43bfe745e28e8103590125d2671272306cbecb1e2f,0.0,1,6,1.0,0.5,0.5,0.5,0.5,0.5,0.4875,0.0,3.140294292409297e-19,-2.9837243786801056e-17,0.0,3.122502256758253e-17,1.0,1.0,plan-c,1.0,1.0,0.0,1.0,1.0,1.2207889623676185,0.0557879000116372,0.0003979920592976,0.0004646981921054
handle-only-drop-residual,this-work,user-certified,primary,8,93c520cd7e498c8db2c59c43bfe745e28e8103590125d2671272306cbecb1e2f,1.0,1,6,1.0,0.5,0.5,0.5,0.5,0.5,0.4875,0.0,3.140294292409297e-19,-2.9837243786801056e-17,0.0,3.122502256758253e-17,1.0,1.0,plan-c,1.0,0.2510924369747899,0.2510924369747899,0.0,0.139,2.912227899957328,0.0682192999956896,0.0004052263336948,0.0004547064983151
unitscope-equal,this-work,user-certified,primary,8,93c520cd7e498c8db2c59c43bfe745e28e8103590125d2671272306cbecb1e2f,0.1428571428571428,1,6,1.0,0.5,0.5,0.5,0.5,0.5,0.4875,0.0,3.140294292409297e-19,-2.9837243786801056e-17,0.0,3.122502256758253e-17,1.0,1.0,plan-c,1.0,1.0,0.2510924369747899,0.7489075630252101,1.0,1.388106829406374,0.0633711999980732,0.0003807581959472,0.0004453128661787
unitscope-tuned,this-work,user-certified,primary,8,93c520cd7e498c8db2c59c43bfe745e28e8103590125d2671272306cbecb1e2f,1.0,1,6,1.0,0.5,0.5,0.5,0.5,0.5,0.4875,0.0,3.140294292409297e-19,-2.9837243786801056e-17,0.0,3.122502256758253e-17,1.0,1.0,plan-c,1.0,0.2510924369747899,0.2510924369747899,0.0,0.139,2.912227899957328,0.0597929000068688,0.0004052263336948,0.0004547064983151
naive-recalibrated-2c,this-work,user-certified,primary,8,93c520cd7e498c8db2c59c43bfe745e28e8103590125d2671272306cbecb1e2f,,1,6,1.0,0.5,0.5,0.5,0.5,0.5,0.4875,0.0,3.140294292409297e-19,-2.9837243786801056e-17,0.0,3.122502256758253e-17,2.0,2.0,plan-delta,2.0,1.0,0.2510924369747899,0.7489075630252101,0.7755474452554745,1.8366703639904327,0.0615164000046206,0.0002477294122396,0.0003584500440077
full-identity-reference,oracle,oracle-assumption,full-identity-reference,8,93c520cd7e498c8db2c59c43bfe745e28e8103590125d2671272306cbecb1e2f,,1,6,1.0,0.5,0.5,0.5,0.5,0.5,0.4875,0.0,3.140294292409297e-19,-2.9837243786801056e-17,0.0,3.122502256758253e-17,1.0,1.0,plan-c,1.0,1.0,0.0,0.0,1.0,5.951213741123083,0.3861062999931164,0.0,1.7675969185463054e-05
non-private-reference,oracle,non-private,diagnostic,8,93c520cd7e498c8db2c59c43bfe745e28e8103590125d2671272306cbecb1e2f,,1,6,1.0,0.5,0.5,0.5,0.5,0.5,0.4875,0.0,3.140294292409297e-19,-2.9837243786801056e-17,0.0,3.122502256758253e-17,,,non-private,0.0,1.0,0.0,0.0,0.0,inf,0.0522043000091798,0.0001601134232167,0.0001601134232167
naive-claimed-c,this-work,unsafe-diagnostic,diagnostic,8,93c520cd7e498c8db2c59c43bfe745e28e8103590125d2671272306cbecb1e2f,,1,6,1.0,0.5,0.5,0.5,0.5,0.5,0.4875,0.0,3.140294292409297e-19,-2.9837243786801056e-17,0.0,3.122502256758253e-17,,2.0,unsafe-diagnostic,1.0,1.0,0.2510924369747899,0.7489075630252101,0.7755474452554745,3.6733407279808654,0.0734191999945323,0.0002477294122396,0.0002854137589382
stable-local-fallback,this-work,user-certified,primary,9,93c520cd7e498c8db2c59c43bfe745e28e8103590125d2671272306cbecb1e2f,0.0,1,6,1.0,0.5,0.5,0.5,0.5,0.5,0.506,0.0,-1.0314919482895688e-18,-3.4694469519536136e-17,0.0,2.775557561562892e-17,1.0,1.0,plan-c,1.0,1.0,0.0,1.0,1.0,1.3099977631620447,0.0762764000101015,0.0003600776831913,0.0003915679738842
handle-only-drop-residual,this-work,user-certified,primary,9,93c520cd7e498c8db2c59c43bfe745e28e8103590125d2671272306cbecb1e2f,1.0,1,6,1.0,0.5,0.5,0.5,0.5,0.5,0.506,0.0,-1.0314919482895688e-18,-3.4694469519536136e-17,0.0,2.775557561562892e-17,1.0,1.0,plan-c,1.0,0.2481739707835325,0.2481739707835325,0.0,0.157,3.329019353827168,0.0629965999978594,0.0003155333575612,0.0003337687922087
unitscope-equal,this-work,user-certified,primary,9,93c520cd7e498c8db2c59c43bfe745e28e8103590125d2671272306cbecb1e2f,0.1428571428571428,1,6,1.0,0.5,0.5,0.5,0.5,0.5,0.506,0.0,-1.0314919482895688e-18,-3.4694469519536136e-17,0.0,2.775557561562892e-17,1.0,1.0,plan-c,1.0,1.0,0.2481739707835325,0.7518260292164675,1.0,1.5052914833136832,0.064961400013999,0.0003383601787741,0.0003704489925386
unitscope-tuned,this-work,user-certified,primary,9,93c520cd7e498c8db2c59c43bfe745e28e8103590125d2671272306cbecb1e2f,1.0,1,6,1.0,0.5,0.5,0.5,0.5,0.5,0.506,0.0,-1.0314919482895688e-18,-3.4694469519536136e-17,0.0,2.775557561562892e-17,1.0,1.0,plan-c,1.0,0.2481739707835325,0.2481739707835325,0.0,0.157,3.329019353827168,0.0695944000035524,0.0003155333575612,0.0003337687922087
naive-recalibrated-2c,this-work,user-certified,primary,9,93c520cd7e498c8db2c59c43bfe745e28e8103590125d2671272306cbecb1e2f,,1,6,1.0,0.5,0.5,0.5,0.5,0.5,0.506,0.0,-1.0314919482895688e-18,-3.4694469519536136e-17,0.0,2.775557561562892e-17,2.0,2.0,plan-delta,2.0,1.0,0.2481739707835325,0.7518260292164675,0.7813229571984436,2.0686984072249865,0.0676463999989209,0.0001899298828628,0.0002492904552354
full-identity-reference,oracle,oracle-assumption,full-identity-reference,9,93c520cd7e498c8db2c59c43bfe745e28e8103590125d2671272306cbecb1e2f,,1,6,1.0,0.5,0.5,0.5,0.5,0.5,0.506,0.0,-1.0314919482895688e-18,-3.4694469519536136e-17,0.0,2.775557561562892e-17,1.0,1.0,plan-c,1.0,1.0,0.0,0.0,1.0,6.50752099709646,0.3485282000037841,0.0,1.3227335642052287e-05
non-private-reference,oracle,non-private,diagnostic,9,93c520cd7e498c8db2c59c43bfe745e28e8103590125d2671272306cbecb1e2f,,1,6,1.0,0.5,0.5,0.5,0.5,0.5,0.506,0.0,-1.0314919482895688e-18,-3.4694469519536136e-17,0.0,2.775557561562892e-17,,,non-private,0.0,1.0,0.0,0.0,0.0,inf,0.0642786000098567,0.000132934924549,0.000132934924549
naive-claimed-c,this-work,unsafe-diagnostic,diagnostic,9,93c520cd7e498c8db2c59c43bfe745e28e8103590125d2671272306cbecb1e2f,,1,6,1.0,0.5,0.5,0.5,0.5,0.5,0.506,0.0,-1.0314919482895688e-18,-3.4694469519536136e-17,0.0,2.775557561562892e-17,,2.0,unsafe-diagnostic,1.0,1.0,0.2481739707835325,0.7518260292164675,0.7813229571984436,4.137396814449973,0.0679921999981161,0.0001899298828628,0.000206382833407
stable-local-fallback,this-work,user-certified,primary,0,c9666d92f54946afd0d7939364a7c039fd43c592f9b82d70e359b08e301f2cf4,0.0,1,6,1.0,0.5,0.5,0.5,0.5,0.5,0.499,0.5,0.5,0.4999999999999999,0.5,0.5000000000000001,1.0,1.0,plan-c,1.0,1.0,0.0,1.0,1.0,1.207410547193146,0.0514641999907325,0.0003108613637825,0.0003134407640256
handle-only-drop-residual,this-work,user-certified,primary,0,c9666d92f54946afd0d7939364a7c039fd43c592f9b82d70e359b08e301f2cf4,1.0,1,6,1.0,0.5,0.5,0.5,0.5,0.5,0.499,0.5,0.5,0.4999999999999999,0.5,0.5000000000000001,1.0,1.0,plan-c,1.0,0.2483322214809873,0.2483322214809873,0.0,0.489,2.999485812600241,0.0769508999946992,0.0002362806249585,0.0002414926559791
unitscope-equal,this-work,user-certified,primary,0,c9666d92f54946afd0d7939364a7c039fd43c592f9b82d70e359b08e301f2cf4,0.1428571428571428,1,6,1.0,0.5,0.5,0.5,0.5,0.5,0.499,0.5,0.5,0.4999999999999999,0.5,0.5000000000000001,1.0,1.0,plan-c,1.0,1.0,0.2483322214809873,0.7516677785190127,1.0,1.4390498511772924,0.0666761000029509,0.0002779968690639,0.0002819550634281
unitscope-tuned,this-work,user-certified,primary,0,c9666d92f54946afd0d7939364a7c039fd43c592f9b82d70e359b08e301f2cf4,0.0,1,6,1.0,0.5,0.5,0.5,0.5,0.5,0.499,0.5,0.5,0.4999999999999999,0.5,0.5000000000000001,1.0,1.0,plan-c,1.0,1.0,0.0,1.0,1.0,1.207410547193146,0.0520735999889439,0.0003108613637825,0.0003134407640256
naive-recalibrated-2c,this-work,user-certified,primary,0,c9666d92f54946afd0d7939364a7c039fd43c592f9b82d70e359b08e301f2cf4,,1,6,1.0,0.5,0.5,0.5,0.5,0.5,0.499,0.5,0.5,0.4999999999999999,0.5,0.5000000000000001,2.0,2.0,plan-delta,2.0,1.0,0.2483322214809873,0.7516677785190127,0.86696172871648,1.9758471278176024,0.0612046999885933,0.0001367695670359,0.0001957187182675
full-identity-reference,oracle,oracle-assumption,full-identity-reference,0,c9666d92f54946afd0d7939364a7c039fd43c592f9b82d70e359b08e301f2cf4,,1,6,1.0,0.5,0.5,0.5,0.5,0.5,0.499,0.5,0.5,0.4999999999999999,0.5,0.5000000000000001,1.0,1.0,plan-c,1.0,1.0,0.0,0.0,1.0,5.1008364041899705,0.3503848999971524,0.0,1.992534756221455e-05
non-private-reference,oracle,non-private,diagnostic,0,c9666d92f54946afd0d7939364a7c039fd43c592f9b82d70e359b08e301f2cf4,,1,6,1.0,0.5,0.5,0.5,0.5,0.5,0.499,0.5,0.5,0.4999999999999999,0.5,0.5000000000000001,,,non-private,0.0,1.0,0.0,0.0,0.0,inf,0.0497154000040609,0.00032064792533,0.00032064792533
naive-claimed-c,this-work,unsafe-diagnostic,diagnostic,0,c9666d92f54946afd0d7939364a7c039fd43c592f9b82d70e359b08e301f2cf4,,1,6,1.0,0.5,0.5,0.5,0.5,0.5,0.499,0.5,0.5,0.4999999999999999,0.5,0.5000000000000001,,2.0,unsafe-diagnostic,1.0,1.0,0.2483322214809873,0.7516677785190127,0.86696172871648,3.951694255635205,0.0965449999930569,0.0001367695670359,0.0001463187950895
stable-local-fallback,this-work,user-certified,primary,1,c9666d92f54946afd0d7939364a7c039fd43c592f9b82d70e359b08e301f2cf4,0.0,1,6,1.0,0.5,0.5,0.5,0.5,0.5,0.4995,0.5,0.5,0.4999999999999999,0.5,0.5000000000000001,1.0,1.0,plan-c,1.0,1.0,0.0,1.0,1.0,1.4220718284749692,0.0537666000018361,0.0003398541383191,0.0003744912733191
handle-only-drop-residual,this-work,user-certified,primary,1,c9666d92f54946afd0d7939364a7c039fd43c592f9b82d70e359b08e301f2cf4,1.0,1,6,1.0,0.5,0.5,0.5,0.5,0.5,0.4995,0.5,0.5,0.4999999999999999,0.5,0.5000000000000001,1.0,1.0,plan-c,1.0,0.2504168056018673,0.2504168056018673,0.0,0.502,3.1810656649439,0.059359899998526,0.0003176266188502,0.0003518988758943
unitscope-equal,this-work,user-certified,primary,1,c9666d92f54946afd0d7939364a7c039fd43c592f9b82d70e359b08e301f2cf4,0.1428571428571428,1,6,1.0,0.5,0.5,0.5,0.5,0.5,0.4995,0.5,0.5,0.4999999999999999,0.5,0.5000000000000001,1.0,1.0,plan-c,1.0,1.0,0.2504168056018673,0.7495831943981327,1.0,1.5938042146359022,0.0659699000098044,0.0003201953667699,0.0003546358594142
unitscope-tuned,this-work,user-certified,primary,1,c9666d92f54946afd0d7939364a7c039fd43c592f9b82d70e359b08e301f2cf4,0.0,1,6,1.0,0.5,0.5,0.5,0.5,0.5,0.4995,0.5,0.5,0.4999999999999999,0.5,0.5000000000000001,1.0,1.0,plan-c,1.0,1.0,0.0,1.0,1.0,1.4220718284749692,0.0721969000005628,0.0003398541383191,0.0003744912733191
naive-recalibrated-2c,this-work,user-certified,primary,1,c9666d92f54946afd0d7939364a7c039fd43c592f9b82d70e359b08e301f2cf4,,1,6,1.0,0.5,0.5,0.5,0.5,0.5,0.4995,0.5,0.5,0.4999999999999999,0.5,0.5000000000000001,2.0,2.0,plan-delta,2.0,1.0,0.2504168056018673,0.7495831943981327,0.869667626275844,2.098653731298329,0.0632923000084701,0.0001891528735592,0.0002768733071592
full-identity-reference,oracle,oracle-assumption,full-identity-reference,1,c9666d92f54946afd0d7939364a7c039fd43c592f9b82d70e359b08e301f2cf4,,1,6,1.0,0.5,0.5,0.5,0.5,0.5,0.4995,0.5,0.5,0.4999999999999999,0.5,0.5000000000000001,1.0,1.0,plan-c,1.0,1.0,0.0,0.0,1.0,6.191791907195553,0.3491799999901559,0.0,1.458591182783477e-05
non-private-reference,oracle,non-private,diagnostic,1,c9666d92f54946afd0d7939364a7c039fd43c592f9b82d70e359b08e301f2cf4,,1,6,1.0,0.5,0.5,0.5,0.5,0.5,0.4995,0.5,0.5,0.4999999999999999,0.5,0.5000000000000001,,,non-private,0.0,1.0,0.0,0.0,0.0,inf,0.0475181999936467,0.000296659223489,0.000296659223489
naive-claimed-c,this-work,unsafe-diagnostic,diagnostic,1,c9666d92f54946afd0d7939364a7c039fd43c592f9b82d70e359b08e301f2cf4,,1,6,1.0,0.5,0.5,0.5,0.5,0.5,0.4995,0.5,0.5,0.4999999999999999,0.5,0.5000000000000001,,2.0,unsafe-diagnostic,1.0,1.0,0.2504168056018673,0.7495831943981327,0.869667626275844,4.197307462596658,0.0662559999909717,0.0001891528735592,0.0002184271785313
stable-local-fallback,this-work,user-certified,primary,2,c9666d92f54946afd0d7939364a7c039fd43c592f9b82d70e359b08e301f2cf4,0.0,1,6,1.0,0.5,0.5,0.5,0.5,0.5,0.484,0.5,0.5,0.4999999999999999,0.5,0.5000000000000001,1.0,1.0,plan-c,1.0,1.0,0.0,1.0,1.0,1.283795017813014,0.0536154000001261,0.000267460115769,0.0003032086031277
handle-only-drop-residual,this-work,user-certified,primary,2,c9666d92f54946afd0d7939364a7c039fd43c592f9b82d70e359b08e301f2cf4,1.0,1,6,1.0,0.5,0.5,0.5,0.5,0.5,0.484,0.5,0.5,0.4999999999999999,0.5,0.5000000000000001,1.0,1.0,plan-c,1.0,0.2498315363881401,0.2498315363881401,0.0,0.483,2.8191781346261133,0.0603216999879805,0.0002949638826756,0.0003507422709789
unitscope-equal,this-work,user-certified,primary,2,c9666d92f54946afd0d7939364a7c039fd43c592f9b82d70e359b08e301f2cf4,0.1428571428571428,1,6,1.0,0.5,0.5,0.5,0.5,0.5,0.484,0.5,0.5,0.4999999999999999,0.5,0.5000000000000001,1.0,1.0,plan-c,1.0,1.0,0.2498315363881401,0.7501684636118598,1.0,1.380073183499975,0.0605503999977372,0.0002575296175439,0.000296622638773
unitscope-tuned,this-work,user-certified,primary,2,c9666d92f54946afd0d7939364a7c039fd43c592f9b82d70e359b08e301f2cf4,0.0,1,6,1.0,0.5,0.5,0.5,0.5,0.5,0.484,0.5,0.5,0.4999999999999999,0.5,0.5000000000000001,1.0,1.0,plan-c,1.0,1.0,0.0,1.0,1.0,1.283795017813014,0.0526164000038988,0.000267460115769,0.0003032086031277
naive-recalibrated-2c,this-work,user-certified,primary,2,c9666d92f54946afd0d7939364a7c039fd43c592f9b82d70e359b08e301f2cf4,,1,6,1.0,0.5,0.5,0.5,0.5,0.5,0.484,0.5,0.5,0.4999999999999999,0.5,0.5000000000000001,2.0,2.0,plan-delta,2.0,1.0,0.2498315363881401,0.7501684636118598,0.8640546936628977,1.811949315630676,0.0843144000100437,0.0001805417499244,0.0003152341472536
full-identity-reference,oracle,oracle-assumption,full-identity-reference,2,c9666d92f54946afd0d7939364a7c039fd43c592f9b82d70e359b08e301f2cf4,,1,6,1.0,0.5,0.5,0.5,0.5,0.5,0.484,0.5,0.5,0.4999999999999999,0.5,0.5000000000000001,1.0,1.0,plan-c,1.0,1.0,0.0,0.0,1.0,5.295137024976619,0.3691172999970149,0.0,1.5944966299623317e-05
non-private-reference,oracle,non-private,diagnostic,2,c9666d92f54946afd0d7939364a7c039fd43c592f9b82d70e359b08e301f2cf4,,1,6,1.0,0.5,0.5,0.5,0.5,0.5,0.484,0.5,0.5,0.4999999999999999,0.5,0.5000000000000001,,,non-private,0.0,1.0,0.0,0.0,0.0,inf,0.0541756000020541,0.0003269741341641,0.0003269741341641
naive-claimed-c,this-work,unsafe-diagnostic,diagnostic,2,c9666d92f54946afd0d7939364a7c039fd43c592f9b82d70e359b08e301f2cf4,,1,6,1.0,0.5,0.5,0.5,0.5,0.5,0.484,0.5,0.5,0.4999999999999999,0.5,0.5000000000000001,,2.0,unsafe-diagnostic,1.0,1.0,0.2498315363881401,0.7501684636118598,0.8640546936628977,3.623898631261352,0.0663414000009652,0.0001805417499244,0.0002319429822894
stable-local-fallback,this-work,user-certified,primary,3,c9666d92f54946afd0d7939364a7c039fd43c592f9b82d70e359b08e301f2cf4,0.0,1,6,1.0,0.5,0.5,0.5,0.5,0.5,0.508,0.5,0.5,0.4999999999999999,0.5,0.5000000000000001,1.0,1.0,plan-c,1.0,1.0,0.0,1.0,1.0,1.468045163468242,0.0519425999955274,0.0002830281682898,0.0002784463255959
handle-only-drop-residual,this-work,user-certified,primary,3,c9666d92f54946afd0d7939364a7c039fd43c592f9b82d70e359b08e301f2cf4,1.0,1,6,1.0,0.5,0.5,0.5,0.5,0.5,0.508,0.5,0.5,0.4999999999999999,0.5,0.5000000000000001,1.0,1.0,plan-c,1.0,0.248342175066313,0.248342175066313,0.0,0.498,3.228804787496229,0.0587253999983659,0.0002123904081297,0.0002157368547977
unitscope-equal,this-work,user-certified,primary,3,c9666d92f54946afd0d7939364a7c039fd43c592f9b82d70e359b08e301f2cf4,0.1428571428571428,1,6,1.0,0.5,0.5,0.5,0.5,0.5,0.508,0.5,0.5,0.4999999999999999,0.5,0.5000000000000001,1.0,1.0,plan-c,1.0,1.0,0.248342175066313,0.751657824933687,1.0,1.6303597844430455,0.0635753999958979,0.0002662088253306,0.0002631188422902
unitscope-tuned,this-work,user-certified,primary,3,c9666d92f54946afd0d7939364a7c039fd43c592f9b82d70e359b08e301f2cf4,0.0,1,6,1.0,0.5,0.5,0.5,0.5,0.5,0.508,0.5,0.5,0.4999999999999999,0.5,0.5000000000000001,1.0,1.0,plan-c,1.0,1.0,0.0,1.0,1.0,1.468045163468242,0.0533925999916391,0.0002830281682898,0.0002784463255959
naive-recalibrated-2c,this-work,user-certified,primary,3,c9666d92f54946afd0d7939364a7c039fd43c592f9b82d70e359b08e301f2cf4,,1,6,1.0,0.5,0.5,0.5,0.5,0.5,0.508,0.5,0.5,0.4999999999999999,0.5,0.5000000000000001,2.0,2.0,plan-delta,2.0,1.0,0.248342175066313,0.751657824933687,0.8694408322496749,2.1811256923486706,0.0618837999936658,0.0001164552004799,0.0001646088064004
full-identity-reference,oracle,oracle-assumption,full-identity-reference,3,c9666d92f54946afd0d7939364a7c039fd43c592f9b82d70e359b08e301f2cf4,,1,6,1.0,0.5,0.5,0.5,0.5,0.5,0.508,0.5,0.5,0.4999999999999999,0.5,0.5000000000000001,1.0,1.0,plan-c,1.0,1.0,0.0,0.0,1.0,5.856441850027313,0.3663044999993872,0.0,1.4295995470253785e-05
non-private-reference,oracle,non-private,diagnostic,3,c9666d92f54946afd0d7939364a7c039fd43c592f9b82d70e359b08e301f2cf4,,1,6,1.0,0.5,0.5,0.5,0.5,0.5,0.508,0.5,0.5,0.4999999999999999,0.5,0.5000000000000001,,,non-private,0.0,1.0,0.0,0.0,0.0,inf,0.0496832999924663,0.0003731648278402,0.0003731648278402
naive-claimed-c,this-work,unsafe-diagnostic,diagnostic,3,c9666d92f54946afd0d7939364a7c039fd43c592f9b82d70e359b08e301f2cf4,,1,6,1.0,0.5,0.5,0.5,0.5,0.5,0.508,0.5,0.5,0.4999999999999999,0.5,0.5000000000000001,,2.0,unsafe-diagnostic,1.0,1.0,0.248342175066313,0.751657824933687,0.8694408322496749,4.362251384697341,0.0656395000114571,0.0001164552004799,0.0001262360079699
stable-local-fallback,this-work,user-certified,primary,4,c9666d92f54946afd0d7939364a7c039fd43c592f9b82d70e359b08e301f2cf4,0.0,1,6,1.0,0.5,0.5,0.5,0.5,0.5,0.502,0.5,0.5,0.4999999999999999,0.5,0.5000000000000001,1.0,1.0,plan-c,1.0,1.0,0.0,1.0,1.0,1.254100800063172,0.0508680000057211,0.0002621982087321,0.0002707301909047
handle-only-drop-residual,this-work,user-certified,primary,4,c9666d92f54946afd0d7939364a7c039fd43c592f9b82d70e359b08e301f2cf4,1.0,1,6,1.0,0.5,0.5,0.5,0.5,0.5,0.502,0.5,0.5,0.4999999999999999,0.5,0.5000000000000001,1.0,1.0,plan-c,1.0,0.2470039946737683,0.2470039946737683,0.0,0.484,3.1444084835539385,0.0752905999979702,0.0002559735842429,0.0002877659767655
unitscope-equal,this-work,user-certified,primary,4,c9666d92f54946afd0d7939364a7c039fd43c592f9b82d70e359b08e301f2cf4,0.1428571428571428,1,6,1.0,0.5,0.5,0.5,0.5,0.5,0.502,0.5,0.5,0.4999999999999999,0.5,0.5000000000000001,1.0,1.0,plan-c,1.0,1.0,0.2470039946737683,0.7529960053262317,1.0,1.4192317334473905,0.065194299997529,0.0002441909881722,0.0002562841765948
unitscope-tuned,this-work,user-certified,primary,4,c9666d92f54946afd0d7939364a7c039fd43c592f9b82d70e359b08e301f2cf4,0.0,1,6,1.0,0.5,0.5,0.5,0.5,0.5,0.502,0.5,0.5,0.4999999999999999,0.5,0.5000000000000001,1.0,1.0,plan-c,1.0,1.0,0.0,1.0,1.0,1.254100800063172,0.0609181000036187,0.0002621982087321,0.0002707301909047
naive-recalibrated-2c,this-work,user-certified,primary,4,c9666d92f54946afd0d7939364a7c039fd43c592f9b82d70e359b08e301f2cf4,,1,6,1.0,0.5,0.5,0.5,0.5,0.5,0.502,0.5,0.5,0.4999999999999999,0.5,0.5000000000000001,2.0,2.0,plan-delta,2.0,1.0,0.2470039946737683,0.7529960053262317,0.8658346333853354,1.969682398625608,0.0638077000039629,0.0001574916059787,0.0002501329808474
full-identity-reference,oracle,oracle-assumption,full-identity-reference,4,c9666d92f54946afd0d7939364a7c039fd43c592f9b82d70e359b08e301f2cf4,,1,6,1.0,0.5,0.5,0.5,0.5,0.5,0.502,0.5,0.5,0.4999999999999999,0.5,0.5000000000000001,1.0,1.0,plan-c,1.0,1.0,0.0,0.0,1.0,5.26557076972623,0.3412229999958072,0.0,1.5688479693467358e-05
non-private-reference,oracle,non-private,diagnostic,4,c9666d92f54946afd0d7939364a7c039fd43c592f9b82d70e359b08e301f2cf4,,1,6,1.0,0.5,0.5,0.5,0.5,0.5,0.502,0.5,0.5,0.4999999999999999,0.5,0.5000000000000001,,,non-private,0.0,1.0,0.0,0.0,0.0,inf,0.0664300000062212,0.0002923987649955,0.0002923987649955
naive-claimed-c,this-work,unsafe-diagnostic,diagnostic,4,c9666d92f54946afd0d7939364a7c039fd43c592f9b82d70e359b08e301f2cf4,,1,6,1.0,0.5,0.5,0.5,0.5,0.5,0.502,0.5,0.5,0.4999999999999999,0.5,0.5000000000000001,,2.0,unsafe-diagnostic,1.0,1.0,0.2470039946737683,0.7529960053262317,0.8658346333853354,3.939364797251215,0.0614639000123133,0.0001574916059787,0.0001881238137196
stable-local-fallback,this-work,user-certified,primary,5,c9666d92f54946afd0d7939364a7c039fd43c592f9b82d70e359b08e301f2cf4,0.0,1,6,1.0,0.5,0.5,0.5,0.5,0.5,0.5045,0.5,0.5,0.4999999999999999,0.5,0.5000000000000001,1.0,1.0,plan-c,1.0,1.0,0.0,1.0,1.0,1.2235771090623624,0.0513096000067889,0.0002887157692706,0.0002759135971654
handle-only-drop-residual,this-work,user-certified,primary,5,c9666d92f54946afd0d7939364a7c039fd43c592f9b82d70e359b08e301f2cf4,1.0,1,6,1.0,0.5,0.5,0.5,0.5,0.5,0.5045,0.5,0.5,0.4999999999999999,0.5,0.5000000000000001,1.0,1.0,plan-c,1.0,0.2497507477567298,0.2497507477567298,0.0,0.503,2.993446163690341,0.0585777000087546,0.0002512865774819,0.0002380690638605
unitscope-equal,this-work,user-certified,primary,5,c9666d92f54946afd0d7939364a7c039fd43c592f9b82d70e359b08e301f2cf4,0.1428571428571428,1,6,1.0,0.5,0.5,0.5,0.5,0.5,0.5045,0.5,0.5,0.4999999999999999,0.5,0.5000000000000001,1.0,1.0,plan-c,1.0,1.0,0.2497507477567298,0.7502492522432702,1.0,1.382759717497953,0.0777525000012246,0.0002694015319151,0.0002541210401767
unitscope-tuned,this-work,user-certified,primary,5,c9666d92f54946afd0d7939364a7c039fd43c592f9b82d70e359b08e301f2cf4,0.0,1,6,1.0,0.5,0.5,0.5,0.5,0.5,0.5045,0.5,0.5,0.4999999999999999,0.5,0.5000000000000001,1.0,1.0,plan-c,1.0,1.0,0.0,1.0,1.0,1.2235771090623624,0.052858399998513,0.0002887157692706,0.0002759135971654
naive-recalibrated-2c,this-work,user-certified,primary,5,c9666d92f54946afd0d7939364a7c039fd43c592f9b82d70e359b08e301f2cf4,,1,6,1.0,0.5,0.5,0.5,0.5,0.5,0.5045,0.5,0.5,0.4999999999999999,0.5,0.5000000000000001,2.0,2.0,plan-delta,2.0,1.0,0.2497507477567298,0.7502492522432702,0.8705054715997915,1.9377001874401727,0.0617639999982202,0.0001498093763503,0.0001884845589474
full-identity-reference,oracle,oracle-assumption,full-identity-reference,5,c9666d92f54946afd0d7939364a7c039fd43c592f9b82d70e359b08e301f2cf4,,1,6,1.0,0.5,0.5,0.5,0.5,0.5,0.5045,0.5,0.5,0.4999999999999999,0.5,0.5000000000000001,1.0,1.0,plan-c,1.0,1.0,0.0,0.0,1.0,4.900313708090785,0.3392069999972591,0.0,2.0720191381226914e-05
non-private-reference,oracle,non-private,diagnostic,5,c9666d92f54946afd0d7939364a7c039fd43c592f9b82d70e359b08e301f2cf4,,1,6,1.0,0.5,0.5,0.5,0.5,0.5,0.5045,0.5,0.5,0.4999999999999999,0.5,0.5000000000000001,,,non-private,0.0,1.0,0.0,0.0,0.0,inf,0.0477804999973159,0.0003786889820459,0.0003786889820459
naive-claimed-c,this-work,unsafe-diagnostic,diagnostic,5,c9666d92f54946afd0d7939364a7c039fd43c592f9b82d70e359b08e301f2cf4,,1,6,1.0,0.5,0.5,0.5,0.5,0.5,0.5045,0.5,0.5,0.4999999999999999,0.5,0.5000000000000001,,2.0,unsafe-diagnostic,1.0,1.0,0.2497507477567298,0.7502492522432702,0.8705054715997915,3.8754003748803454,0.0761655000096652,0.0001498093763503,0.0001484267762676
stable-local-fallback,this-work,user-certified,primary,6,c9666d92f54946afd0d7939364a7c039fd43c592f9b82d70e359b08e301f2cf4,0.0,1,6,1.0,0.5,0.5,0.5,0.5,0.5,0.509,0.5,0.5,0.4999999999999999,0.5,0.5000000000000001,1.0,1.0,plan-c,1.0,1.0,0.0,1.0,1.0,1.4264540794767235,0.0505686000105924,0.0002875440862629,0.0002750728853086
handle-only-drop-residual,this-work,user-certified,primary,6,c9666d92f54946afd0d7939364a7c039fd43c592f9b82d70e359b08e301f2cf4,1.0,1,6,1.0,0.5,0.5,0.5,0.5,0.5,0.509,0.5,0.5,0.4999999999999999,0.5,0.5000000000000001,1.0,1.0,plan-c,1.0,0.25,0.25,0.0,0.509,3.373795288592021,0.057688800006872,0.0002805430663826,0.0002821669123718
unitscope-equal,this-work,user-certified,primary,6,c9666d92f54946afd0d7939364a7c039fd43c592f9b82d70e359b08e301f2cf4,0.1428571428571428,1,6,1.0,0.5,0.5,0.5,0.5,0.5,0.509,0.5,0.5,0.4999999999999999,0.5,0.5000000000000001,1.0,1.0,plan-c,1.0,1.0,0.25,0.75,1.0,1.5553758356289826,0.061045099995681,0.0002739117199916,0.0002637909924766
unitscope-tuned,this-work,user-certified,primary,6,c9666d92f54946afd0d7939364a7c039fd43c592f9b82d70e359b08e301f2cf4,0.0,1,6,1.0,0.5,0.5,0.5,0.5,0.5,0.509,0.5,0.5,0.4999999999999999,0.5,0.5000000000000001,1.0,1.0,plan-c,1.0,1.0,0.0,1.0,1.0,1.4264540794767235,0.0700042999960715,0.0002875440862629,0.0002750728853086
naive-recalibrated-2c,this-work,user-certified,primary,6,c9666d92f54946afd0d7939364a7c039fd43c592f9b82d70e359b08e301f2cf4,,1,6,1.0,0.5,0.5,0.5,0.5,0.5,0.509,0.5,0.5,0.4999999999999999,0.5,0.5000000000000001,2.0,2.0,plan-delta,2.0,1.0,0.25,0.75,0.872368079022615,2.1441314747486087,0.061549100006232,0.0001689243151833,0.0002077168315784
full-identity-reference,oracle,oracle-assumption,full-identity-reference,6,c9666d92f54946afd0d7939364a7c039fd43c592f9b82d70e359b08e301f2cf4,,1,6,1.0,0.5,0.5,0.5,0.5,0.5,0.509,0.5,0.5,0.4999999999999999,0.5,0.5000000000000001,1.0,1.0,plan-c,1.0,1.0,0.0,0.0,1.0,6.087290900090361,0.3382898999989265,0.0,1.2850918528840267e-05
non-private-reference,oracle,non-private,diagnostic,6,c9666d92f54946afd0d7939364a7c039fd43c592f9b82d70e359b08e301f2cf4,,1,6,1.0,0.5,0.5,0.5,0.5,0.5,0.509,0.5,0.5,0.4999999999999999,0.5,0.5000000000000001,,,non-private,0.0,1.0,0.0,0.0,0.0,inf,0.0510791999986395,0.0002852027932584,0.0002852027932584
naive-claimed-c,this-work,unsafe-diagnostic,diagnostic,6,c9666d92f54946afd0d7939364a7c039fd43c592f9b82d70e359b08e301f2cf4,,1,6,1.0,0.5,0.5,0.5,0.5,0.5,0.509,0.5,0.5,0.4999999999999999,0.5,0.5000000000000001,,2.0,unsafe-diagnostic,1.0,1.0,0.25,0.75,0.872368079022615,4.288262949497217,0.0658683999936329,0.0001689243151833,0.000175469654852
stable-local-fallback,this-work,user-certified,primary,7,c9666d92f54946afd0d7939364a7c039fd43c592f9b82d70e359b08e301f2cf4,0.0,1,6,1.0,0.5,0.5,0.5,0.5,0.5,0.486,0.5,0.5,0.4999999999999999,0.5,0.5000000000000001,1.0,1.0,plan-c,1.0,1.0,0.0,1.0,1.0,1.4250707524402246,0.050419300008798,0.0002935444762329,0.0003015428218663
handle-only-drop-residual,this-work,user-certified,primary,7,c9666d92f54946afd0d7939364a7c039fd43c592f9b82d70e359b08e301f2cf4,1.0,1,6,1.0,0.5,0.5,0.5,0.5,0.5,0.486,0.5,0.5,0.4999999999999999,0.5,0.5000000000000001,1.0,1.0,plan-c,1.0,0.2489905787348587,0.2489905787348587,0.0,0.48,3.417362711479657,0.0584539999981643,0.0003063772655682,0.0002972158632862
unitscope-equal,this-work,user-certified,primary,7,c9666d92f54946afd0d7939364a7c039fd43c592f9b82d70e359b08e301f2cf4,0.1428571428571428,1,6,1.0,0.5,0.5,0.5,0.5,0.5,0.486,0.5,0.5,0.4999999999999999,0.5,0.5000000000000001,1.0,1.0,plan-c,1.0,1.0,0.2489905787348587,0.7510094212651414,1.0,1.6110655865556072,0.0611486999987391,0.0002761024559444,0.000284784848865
unitscope-tuned,this-work,user-certified,primary,7,c9666d92f54946afd0d7939364a7c039fd43c592f9b82d70e359b08e301f2cf4,0.0,1,6,1.0,0.5,0.5,0.5,0.5,0.5,0.486,0.5,0.5,0.4999999999999999,0.5,0.5000000000000001,1.0,1.0,plan-c,1.0,1.0,0.0,1.0,1.0,1.4250707524402246,0.052708099989104,0.0002935444762329,0.0003015428218663
naive-recalibrated-2c,this-work,user-certified,primary,7,c9666d92f54946afd0d7939364a7c039fd43c592f9b82d70e359b08e301f2cf4,,1,6,1.0,0.5,0.5,0.5,0.5,0.5,0.486,0.5,0.5,0.4999999999999999,0.5,0.5000000000000001,2.0,2.0,plan-delta,2.0,1.0,0.2489905787348587,0.7510094212651414,0.8636244426960399,2.191502636723524,0.0787736999918706,0.0001908564687597,0.0002038859752359
full-identity-reference,oracle,oracle-assumption,full-identity-reference,7,c9666d92f54946afd0d7939364a7c039fd43c592f9b82d70e359b08e301f2cf4,,1,6,1.0,0.5,0.5,0.5,0.5,0.5,0.486,0.5,0.5,0.4999999999999999,0.5,0.5000000000000001,1.0,1.0,plan-c,1.0,1.0,0.0,0.0,1.0,5.863097158414657,0.3430056000070181,0.0,1.4522739286817303e-05
non-private-reference,oracle,non-private,diagnostic,7,c9666d92f54946afd0d7939364a7c039fd43c592f9b82d70e359b08e301f2cf4,,1,6,1.0,0.5,0.5,0.5,0.5,0.5,0.486,0.5,0.5,0.4999999999999999,0.5,0.5000000000000001,,,non-private,0.0,1.0,0.0,0.0,0.0,inf,0.0521021000022301,0.0003348545638978,0.0003348545638978
naive-claimed-c,this-work,unsafe-diagnostic,diagnostic,7,c9666d92f54946afd0d7939364a7c039fd43c592f9b82d70e359b08e301f2cf4,,1,6,1.0,0.5,0.5,0.5,0.5,0.5,0.486,0.5,0.5,0.4999999999999999,0.5,0.5000000000000001,,2.0,unsafe-diagnostic,1.0,1.0,0.2489905787348587,0.7510094212651414,0.8636244426960399,4.383005273447048,0.0654092000040691,0.0001908564687597,0.000182848482711
stable-local-fallback,this-work,user-certified,primary,8,c9666d92f54946afd0d7939364a7c039fd43c592f9b82d70e359b08e301f2cf4,0.0,1,6,1.0,0.5,0.5,0.5,0.5,0.5,0.4875,0.5,0.5,0.4999999999999999,0.5,0.5000000000000001,1.0,1.0,plan-c,1.0,1.0,0.0,1.0,1.0,1.4369047990323,0.0767353999981423,0.0003849575967817,0.0004496674085316
handle-only-drop-residual,this-work,user-certified,primary,8,c9666d92f54946afd0d7939364a7c039fd43c592f9b82d70e359b08e301f2cf4,1.0,1,6,1.0,0.5,0.5,0.5,0.5,0.5,0.4875,0.5,0.5,0.4999999999999999,0.5,0.5000000000000001,1.0,1.0,plan-c,1.0,0.2510924369747899,0.2510924369747899,0.0,0.494,3.2645427690424524,0.0605797999887727,0.000369051770445,0.0004178502697072
unitscope-equal,this-work,user-certified,primary,8,c9666d92f54946afd0d7939364a7c039fd43c592f9b82d70e359b08e301f2cf4,0.1428571428571428,1,6,1.0,0.5,0.5,0.5,0.5,0.5,0.4875,0.5,0.5,0.4999999999999999,0.5,0.5000000000000001,1.0,1.0,plan-c,1.0,1.0,0.2510924369747899,0.7489075630252101,1.0,1.5581333627280494,0.0668342999997548,0.0003717142703585,0.0004349460454431
unitscope-tuned,this-work,user-certified,primary,8,c9666d92f54946afd0d7939364a7c039fd43c592f9b82d70e359b08e301f2cf4,0.0,1,6,1.0,0.5,0.5,0.5,0.5,0.5,0.4875,0.5,0.5,0.4999999999999999,0.5,0.5000000000000001,1.0,1.0,plan-c,1.0,1.0,0.0,1.0,1.0,1.4369047990323,0.0602874000032898,0.0003849575967817,0.0004496674085316
naive-recalibrated-2c,this-work,user-certified,primary,8,c9666d92f54946afd0d7939364a7c039fd43c592f9b82d70e359b08e301f2cf4,,1,6,1.0,0.5,0.5,0.5,0.5,0.5,0.4875,0.5,0.5,0.4999999999999999,0.5,0.5000000000000001,2.0,2.0,plan-delta,2.0,1.0,0.2510924369747899,0.7489075630252101,0.8680917622523462,2.115017770887899,0.0647352999949362,0.0002119259366449,0.0003167958283433
full-identity-reference,oracle,oracle-assumption,full-identity-reference,8,c9666d92f54946afd0d7939364a7c039fd43c592f9b82d70e359b08e301f2cf4,,1,6,1.0,0.5,0.5,0.5,0.5,0.5,0.4875,0.5,0.5,0.4999999999999999,0.5,0.5000000000000001,1.0,1.0,plan-c,1.0,1.0,0.0,0.0,1.0,6.063594744333242,0.3458534000092186,0.0,1.7675969185463058e-05
non-private-reference,oracle,non-private,diagnostic,8,c9666d92f54946afd0d7939364a7c039fd43c592f9b82d70e359b08e301f2cf4,,1,6,1.0,0.5,0.5,0.5,0.5,0.5,0.4875,0.5,0.5,0.4999999999999999,0.5,0.5000000000000001,,,non-private,0.0,1.0,0.0,0.0,0.0,inf,0.0701420999976107,0.0003715009863043,0.0003715009863043
naive-claimed-c,this-work,unsafe-diagnostic,diagnostic,8,c9666d92f54946afd0d7939364a7c039fd43c592f9b82d70e359b08e301f2cf4,,1,6,1.0,0.5,0.5,0.5,0.5,0.5,0.4875,0.5,0.5,0.4999999999999999,0.5,0.5000000000000001,,2.0,unsafe-diagnostic,1.0,1.0,0.2510924369747899,0.7489075630252101,0.8680917622523462,4.230035541775798,0.0629329000075813,0.0002119259366449,0.0002466849133086
stable-local-fallback,this-work,user-certified,primary,9,c9666d92f54946afd0d7939364a7c039fd43c592f9b82d70e359b08e301f2cf4,0.0,1,6,1.0,0.5,0.5,0.5,0.5,0.5,0.506,0.5,0.5,0.4999999999999999,0.5,0.5000000000000001,1.0,1.0,plan-c,1.0,1.0,0.0,1.0,1.0,1.4650928361877105,0.0519724000041605,0.0003284435992934,0.0003563336708778
handle-only-drop-residual,this-work,user-certified,primary,9,c9666d92f54946afd0d7939364a7c039fd43c592f9b82d70e359b08e301f2cf4,1.0,1,6,1.0,0.5,0.5,0.5,0.5,0.5,0.506,0.5,0.5,0.4999999999999999,0.5,0.5000000000000001,1.0,1.0,plan-c,1.0,0.2481739707835325,0.2481739707835325,0.0,0.495,3.4091721876244128,0.077048500010278,0.0002960171263601,0.0003104569530206
unitscope-equal,this-work,user-certified,primary,9,c9666d92f54946afd0d7939364a7c039fd43c592f9b82d70e359b08e301f2cf4,0.1428571428571428,1,6,1.0,0.5,0.5,0.5,0.5,0.5,0.506,0.5,0.5,0.4999999999999999,0.5,0.5000000000000001,1.0,1.0,plan-c,1.0,1.0,0.2481739707835325,0.7518260292164675,1.0,1.6003033615520044,0.0611093000043183,0.0003118018426354,0.0003407016343331
unitscope-tuned,this-work,user-certified,primary,9,c9666d92f54946afd0d7939364a7c039fd43c592f9b82d70e359b08e301f2cf4,0.0,1,6,1.0,0.5,0.5,0.5,0.5,0.5,0.506,0.5,0.5,0.4999999999999999,0.5,0.5000000000000001,1.0,1.0,plan-c,1.0,1.0,0.0,1.0,1.0,1.4650928361877105,0.0522455000027548,0.0003284435992934,0.0003563336708778
naive-recalibrated-2c,this-work,user-certified,primary,9,c9666d92f54946afd0d7939364a7c039fd43c592f9b82d70e359b08e301f2cf4,,1,6,1.0,0.5,0.5,0.5,0.5,0.5,0.506,0.5,0.5,0.4999999999999999,0.5,0.5000000000000001,2.0,2.0,plan-delta,2.0,1.0,0.2481739707835325,0.7518260292164675,0.8690012970168612,2.172854167016665,0.0619445000047562,0.0001716761413024,0.000225477347573
full-identity-reference,oracle,oracle-assumption,full-identity-reference,9,c9666d92f54946afd0d7939364a7c039fd43c592f9b82d70e359b08e301f2cf4,,1,6,1.0,0.5,0.5,0.5,0.5,0.5,0.506,0.5,0.5,0.4999999999999999,0.5,0.5000000000000001,1.0,1.0,plan-c,1.0,1.0,0.0,0.0,1.0,6.390265086129181,0.3371236000093631,0.0,1.3227335642052284e-05
non-private-reference,oracle,non-private,diagnostic,9,c9666d92f54946afd0d7939364a7c039fd43c592f9b82d70e359b08e301f2cf4,,1,6,1.0,0.5,0.5,0.5,0.5,0.5,0.506,0.5,0.5,0.4999999999999999,0.5,0.5000000000000001,,,non-private,0.0,1.0,0.0,0.0,0.0,inf,0.046373000004678,0.0002833351152845,0.0002833351152845
naive-claimed-c,this-work,unsafe-diagnostic,diagnostic,9,c9666d92f54946afd0d7939364a7c039fd43c592f9b82d70e359b08e301f2cf4,,1,6,1.0,0.5,0.5,0.5,0.5,0.5,0.506,0.5,0.5,0.4999999999999999,0.5,0.5000000000000001,,2.0,unsafe-diagnostic,1.0,1.0,0.2481739707835325,0.7518260292164675,0.8690012970168612,4.345708334033331,0.0774407999997492,0.0001716761413024,0.0001853494087957
stable-local-fallback,this-work,user-certified,primary,0,16249f415d40cf804bb7ddd691a33bc7a05494b811a88a7245b6a31e930f95c8,0.0,1,6,1.0,0.5,0.5,0.5,0.5,0.5,0.499,0.5,0.5,0.4999999999999999,0.5,0.5000000000000001,1.0,1.0,plan-c,1.0,1.0,0.0,1.0,1.0,1.207410547193146,0.0515314999938709,0.0003108613637825,0.0003134407640256
handle-only-drop-residual,this-work,user-certified,primary,0,16249f415d40cf804bb7ddd691a33bc7a05494b811a88a7245b6a31e930f95c8,1.0,1,6,1.0,0.5,0.5,0.5,0.5,0.5,0.499,0.5,0.5,0.4999999999999999,0.5,0.5000000000000001,1.0,1.0,plan-c,1.0,0.2483322214809873,0.2483322214809873,0.0,0.489,2.999485812600241,0.0589794999978039,0.0002362806249585,0.0002414926559791
unitscope-equal,this-work,user-certified,primary,0,16249f415d40cf804bb7ddd691a33bc7a05494b811a88a7245b6a31e930f95c8,0.1428571428571428,1,6,1.0,0.5,0.5,0.5,0.5,0.5,0.499,0.5,0.5,0.4999999999999999,0.5,0.5000000000000001,1.0,1.0,plan-c,1.0,1.0,0.2483322214809873,0.7516677785190127,1.0,1.4390498511772924,0.062820199993439,0.0002779968690639,0.0002819550634281
unitscope-tuned,this-work,user-certified,primary,0,16249f415d40cf804bb7ddd691a33bc7a05494b811a88a7245b6a31e930f95c8,0.25,1,6,1.0,0.5,0.5,0.5,0.5,0.5,0.499,0.5,0.5,0.4999999999999999,0.5,0.5000000000000001,1.0,1.0,plan-c,1.0,1.0,0.2483322214809873,0.7516677785190127,1.0,1.666754678144663,0.0769311000040033,0.0002543649056901,0.0002593169174436
naive-recalibrated-2c,this-work,user-certified,primary,0,16249f415d40cf804bb7ddd691a33bc7a05494b811a88a7245b6a31e930f95c8,,1,6,1.0,0.5,0.5,0.5,0.5,0.5,0.499,0.5,0.5,0.4999999999999999,0.5,0.5000000000000001,2.0,2.0,plan-delta,2.0,1.0,0.2483322214809873,0.7516677785190127,0.86696172871648,1.9758471278176024,0.060056500005885,0.0001367695670359,0.0001957187182675
full-identity-reference,oracle,oracle-assumption,full-identity-reference,0,16249f415d40cf804bb7ddd691a33bc7a05494b811a88a7245b6a31e930f95c8,,1,6,1.0,0.5,0.5,0.5,0.5,0.5,0.499,0.5,0.5,0.4999999999999999,0.5,0.5000000000000001,1.0,1.0,plan-c,1.0,1.0,0.0,0.0,1.0,5.1008364041899705,0.3378368999983649,0.0,1.992534756221455e-05
non-private-reference,oracle,non-private,diagnostic,0,16249f415d40cf804bb7ddd691a33bc7a05494b811a88a7245b6a31e930f95c8,,1,6,1.0,0.5,0.5,0.5,0.5,0.5,0.499,0.5,0.5,0.4999999999999999,0.5,0.5000000000000001,,,non-private,0.0,1.0,0.0,0.0,0.0,inf,0.0465263000078266,0.00032064792533,0.00032064792533
naive-claimed-c,this-work,unsafe-diagnostic,diagnostic,0,16249f415d40cf804bb7ddd691a33bc7a05494b811a88a7245b6a31e930f95c8,,1,6,1.0,0.5,0.5,0.5,0.5,0.5,0.499,0.5,0.5,0.4999999999999999,0.5,0.5000000000000001,,2.0,unsafe-diagnostic,1.0,1.0,0.2483322214809873,0.7516677785190127,0.86696172871648,3.951694255635205,0.0603205000079469,0.0001367695670359,0.0001463187950895
stable-local-fallback,this-work,user-certified,primary,1,16249f415d40cf804bb7ddd691a33bc7a05494b811a88a7245b6a31e930f95c8,0.0,1,6,1.0,0.5,0.5,0.5,0.5,0.5,0.4995,0.5,0.5,0.4999999999999999,0.5,0.5000000000000001,1.0,1.0,plan-c,1.0,1.0,0.0,1.0,1.0,1.4220718284749692,0.0517385999992257,0.0003398541383191,0.0003744912733191
handle-only-drop-residual,this-work,user-certified,primary,1,16249f415d40cf804bb7ddd691a33bc7a05494b811a88a7245b6a31e930f95c8,1.0,1,6,1.0,0.5,0.5,0.5,0.5,0.5,0.4995,0.5,0.5,0.4999999999999999,0.5,0.5000000000000001,1.0,1.0,plan-c,1.0,0.2504168056018673,0.2504168056018673,0.0,0.502,3.1810656649439,0.0582744999992428,0.0003176266188502,0.0003518988758943
unitscope-equal,this-work,user-certified,primary,1,16249f415d40cf804bb7ddd691a33bc7a05494b811a88a7245b6a31e930f95c8,0.1428571428571428,1,6,1.0,0.5,0.5,0.5,0.5,0.5,0.4995,0.5,0.5,0.4999999999999999,0.5,0.5000000000000001,1.0,1.0,plan-c,1.0,1.0,0.2504168056018673,0.7495831943981327,1.0,1.5938042146359022,0.060348699989845,0.0003201953667699,0.0003546358594142
unitscope-tuned,this-work,user-certified,primary,1,16249f415d40cf804bb7ddd691a33bc7a05494b811a88a7245b6a31e930f95c8,0.25,1,6,1.0,0.5,0.5,0.5,0.5,0.5,0.4995,0.5,0.5,0.4999999999999999,0.5,0.5000000000000001,1.0,1.0,plan-c,1.0,1.0,0.2504168056018673,0.7495831943981327,1.0,1.81694910720062,0.0718898999912198,0.0003026369741317,0.0003366971190654
naive-recalibrated-2c,this-work,user-certified,primary,1,16249f415d40cf804bb7ddd691a33bc7a05494b811a88a7245b6a31e930f95c8,,1,6,1.0,0.5,0.5,0.5,0.5,0.5,0.4995,0.5,0.5,0.4999999999999999,0.5,0.5000000000000001,2.0,2.0,plan-delta,2.0,1.0,0.2504168056018673,0.7495831943981327,0.869667626275844,2.098653731298329,0.0786381999932928,0.0001891528735592,0.0002768733071592
full-identity-reference,oracle,oracle-assumption,full-identity-reference,1,16249f415d40cf804bb7ddd691a33bc7a05494b811a88a7245b6a31e930f95c8,,1,6,1.0,0.5,0.5,0.5,0.5,0.5,0.4995,0.5,0.5,0.4999999999999999,0.5,0.5000000000000001,1.0,1.0,plan-c,1.0,1.0,0.0,0.0,1.0,6.191791907195553,0.3720020000037038,0.0,1.458591182783477e-05
non-private-reference,oracle,non-private,diagnostic,1,16249f415d40cf804bb7ddd691a33bc7a05494b811a88a7245b6a31e930f95c8,,1,6,1.0,0.5,0.5,0.5,0.5,0.5,0.4995,0.5,0.5,0.4999999999999999,0.5,0.5000000000000001,,,non-private,0.0,1.0,0.0,0.0,0.0,inf,0.0477599000005284,0.000296659223489,0.000296659223489
naive-claimed-c,this-work,unsafe-diagnostic,diagnostic,1,16249f415d40cf804bb7ddd691a33bc7a05494b811a88a7245b6a31e930f95c8,,1,6,1.0,0.5,0.5,0.5,0.5,0.5,0.4995,0.5,0.5,0.4999999999999999,0.5,0.5000000000000001,,2.0,unsafe-diagnostic,1.0,1.0,0.2504168056018673,0.7495831943981327,0.869667626275844,4.197307462596658,0.0634341999975731,0.0001891528735592,0.0002184271785313
stable-local-fallback,this-work,user-certified,primary,2,16249f415d40cf804bb7ddd691a33bc7a05494b811a88a7245b6a31e930f95c8,0.0,1,6,1.0,0.5,0.5,0.5,0.5,0.5,0.484,0.5,0.5,0.4999999999999999,0.5,0.5000000000000001,1.0,1.0,plan-c,1.0,1.0,0.0,1.0,1.0,1.283795017813014,0.0512102000066079,0.000267460115769,0.0003032086031277
handle-only-drop-residual,this-work,user-certified,primary,2,16249f415d40cf804bb7ddd691a33bc7a05494b811a88a7245b6a31e930f95c8,1.0,1,6,1.0,0.5,0.5,0.5,0.5,0.5,0.484,0.5,0.5,0.4999999999999999,0.5,0.5000000000000001,1.0,1.0,plan-c,1.0,0.2498315363881401,0.2498315363881401,0.0,0.483,2.8191781346261133,0.05791690001206,0.0002949638826756,0.0003507422709789
unitscope-equal,this-work,user-certified,primary,2,16249f415d40cf804bb7ddd691a33bc7a05494b811a88a7245b6a31e930f95c8,0.1428571428571428,1,6,1.0,0.5,0.5,0.5,0.5,0.5,0.484,0.5,0.5,0.4999999999999999,0.5,0.5000000000000001,1.0,1.0,plan-c,1.0,1.0,0.2498315363881401,0.7501684636118598,1.0,1.380073183499975,0.0596608999912859,0.0002575296175439,0.000296622638773
unitscope-tuned,this-work,user-certified,primary,2,16249f415d40cf804bb7ddd691a33bc7a05494b811a88a7245b6a31e930f95c8,0.25,1,6,1.0,0.5,0.5,0.5,0.5,0.5,0.484,0.5,0.5,0.4999999999999999,0.5,0.5000000000000001,1.0,1.0,plan-c,1.0,1.0,0.2498315363881401,0.7501684636118598,1.0,1.5541910938565535,0.0595333999954164,0.0002485633161078,0.0002902297953164
naive-recalibrated-2c,this-work,user-certified,primary,2,16249f415d40cf804bb7ddd691a33bc7a05494b811a88a7245b6a31e930f95c8,,1,6,1.0,0.5,0.5,0.5,0.5,0.5,0.484,0.5,0.5,0.4999999999999999,0.5,0.5000000000000001,2.0,2.0,plan-delta,2.0,1.0,0.2498315363881401,0.7501684636118598,0.8640546936628977,1.811949315630676,0.0614595000079134,0.0001805417499244,0.0003152341472536
full-identity-reference,oracle,oracle-assumption,full-identity-reference,2,16249f415d40cf804bb7ddd691a33bc7a05494b811a88a7245b6a31e930f95c8,,1,6,1.0,0.5,0.5,0.5,0.5,0.5,0.484,0.5,0.5,0.4999999999999999,0.5,0.5000000000000001,1.0,1.0,plan-c,1.0,1.0,0.0,0.0,1.0,5.295137024976619,0.3490427000069758,0.0,1.5944966299623317e-05
non-private-reference,oracle,non-private,diagnostic,2,16249f415d40cf804bb7ddd691a33bc7a05494b811a88a7245b6a31e930f95c8,,1,6,1.0,0.5,0.5,0.5,0.5,0.5,0.484,0.5,0.5,0.4999999999999999,0.5,0.5000000000000001,,,non-private,0.0,1.0,0.0,0.0,0.0,inf,0.0460618999932194,0.0003269741341641,0.0003269741341641
naive-claimed-c,this-work,unsafe-diagnostic,diagnostic,2,16249f415d40cf804bb7ddd691a33bc7a05494b811a88a7245b6a31e930f95c8,,1,6,1.0,0.5,0.5,0.5,0.5,0.5,0.484,0.5,0.5,0.4999999999999999,0.5,0.5000000000000001,,2.0,unsafe-diagnostic,1.0,1.0,0.2498315363881401,0.7501684636118598,0.8640546936628977,3.623898631261352,0.058981499998481,0.0001805417499244,0.0002319429822894
stable-local-fallback,this-work,user-certified,primary,3,16249f415d40cf804bb7ddd691a33bc7a05494b811a88a7245b6a31e930f95c8,0.0,1,6,1.0,0.5,0.5,0.5,0.5,0.5,0.508,0.5,0.5,0.4999999999999999,0.5,0.5000000000000001,1.0,1.0,plan-c,1.0,1.0,0.0,1.0,1.0,1.468045163468242,0.067608299999847,0.0002830281682898,0.0002784463255959
handle-only-drop-residual,this-work,user-certified,primary,3,16249f415d40cf804bb7ddd691a33bc7a05494b811a88a7245b6a31e930f95c8,1.0,1,6,1.0,0.5,0.5,0.5,0.5,0.5,0.508,0.5,0.5,0.4999999999999999,0.5,0.5000000000000001,1.0,1.0,plan-c,1.0,0.248342175066313,0.248342175066313,0.0,0.498,3.228804787496229,0.0593511000042781,0.0002123904081297,0.0002157368547977
unitscope-equal,this-work,user-certified,primary,3,16249f415d40cf804bb7ddd691a33bc7a05494b811a88a7245b6a31e930f95c8,0.1428571428571428,1,6,1.0,0.5,0.5,0.5,0.5,0.5,0.508,0.5,0.5,0.4999999999999999,0.5,0.5000000000000001,1.0,1.0,plan-c,1.0,1.0,0.248342175066313,0.751657824933687,1.0,1.6303597844430455,0.0602086999861057,0.0002662088253306,0.0002631188422902
unitscope-tuned,this-work,user-certified,primary,3,16249f415d40cf804bb7ddd691a33bc7a05494b811a88a7245b6a31e930f95c8,0.25,1,6,1.0,0.5,0.5,0.5,0.5,0.5,0.508,0.5,0.5,0.4999999999999999,0.5,0.5000000000000001,1.0,1.0,plan-c,1.0,1.0,0.248342175066313,0.751657824933687,1.0,1.874010778015824,0.0609888999897521,0.0002460341219381,0.0002442321071091
naive-recalibrated-2c,this-work,user-certified,primary,3,16249f415d40cf804bb7ddd691a33bc7a05494b811a88a7245b6a31e930f95c8,,1,6,1.0,0.5,0.5,0.5,0.5,0.5,0.508,0.5,0.5,0.4999999999999999,0.5,0.5000000000000001,2.0,2.0,plan-delta,2.0,1.0,0.248342175066313,0.751657824933687,0.8694408322496749,2.1811256923486706,0.0606788000004598,0.0001164552004799,0.0001646088064004
full-identity-reference,oracle,oracle-assumption,full-identity-reference,3,16249f415d40cf804bb7ddd691a33bc7a05494b811a88a7245b6a31e930f95c8,,1,6,1.0,0.5,0.5,0.5,0.5,0.5,0.508,0.5,0.5,0.4999999999999999,0.5,0.5000000000000001,1.0,1.0,plan-c,1.0,1.0,0.0,0.0,1.0,5.856441850027313,0.3382283999962965,0.0,1.4295995470253785e-05
non-private-reference,oracle,non-private,diagnostic,3,16249f415d40cf804bb7ddd691a33bc7a05494b811a88a7245b6a31e930f95c8,,1,6,1.0,0.5,0.5,0.5,0.5,0.5,0.508,0.5,0.5,0.4999999999999999,0.5,0.5000000000000001,,,non-private,0.0,1.0,0.0,0.0,0.0,inf,0.064183900001808,0.0003731648278402,0.0003731648278402
naive-claimed-c,this-work,unsafe-diagnostic,diagnostic,3,16249f415d40cf804bb7ddd691a33bc7a05494b811a88a7245b6a31e930f95c8,,1,6,1.0,0.5,0.5,0.5,0.5,0.5,0.508,0.5,0.5,0.4999999999999999,0.5,0.5000000000000001,,2.0,unsafe-diagnostic,1.0,1.0,0.248342175066313,0.751657824933687,0.8694408322496749,4.362251384697341,0.0593009000003803,0.0001164552004799,0.0001262360079699
stable-local-fallback,this-work,user-certified,primary,4,16249f415d40cf804bb7ddd691a33bc7a05494b811a88a7245b6a31e930f95c8,0.0,1,6,1.0,0.5,0.5,0.5,0.5,0.5,0.502,0.5,0.5,0.4999999999999999,0.5,0.5000000000000001,1.0,1.0,plan-c,1.0,1.0,0.0,1.0,1.0,1.254100800063172,0.0511685999954352,0.0002621982087321,0.0002707301909047
handle-only-drop-residual,this-work,user-certified,primary,4,16249f415d40cf804bb7ddd691a33bc7a05494b811a88a7245b6a31e930f95c8,1.0,1,6,1.0,0.5,0.5,0.5,0.5,0.5,0.502,0.5,0.5,0.4999999999999999,0.5,0.5000000000000001,1.0,1.0,plan-c,1.0,0.2470039946737683,0.2470039946737683,0.0,0.484,3.1444084835539385,0.074423600002774,0.0002559735842429,0.0002877659767655
unitscope-equal,this-work,user-certified,primary,4,16249f415d40cf804bb7ddd691a33bc7a05494b811a88a7245b6a31e930f95c8,0.1428571428571428,1,6,1.0,0.5,0.5,0.5,0.5,0.5,0.502,0.5,0.5,0.4999999999999999,0.5,0.5000000000000001,1.0,1.0,plan-c,1.0,1.0,0.2470039946737683,0.7529960053262317,1.0,1.4192317334473905,0.0609493000083602,0.0002441909881722,0.0002562841765948
unitscope-tuned,this-work,user-certified,primary,4,16249f415d40cf804bb7ddd691a33bc7a05494b811a88a7245b6a31e930f95c8,0.25,1,6,1.0,0.5,0.5,0.5,0.5,0.5,0.502,0.5,0.5,0.4999999999999999,0.5,0.5000000000000001,1.0,1.0,plan-c,1.0,1.0,0.2470039946737683,0.7529960053262317,1.0,1.648380276473615,0.0607320999988587,0.0002285466576542,0.0002436343564831
naive-recalibrated-2c,this-work,user-certified,primary,4,16249f415d40cf804bb7ddd691a33bc7a05494b811a88a7245b6a31e930f95c8,,1,6,1.0,0.5,0.5,0.5,0.5,0.5,0.502,0.5,0.5,0.4999999999999999,0.5,0.5000000000000001,2.0,2.0,plan-delta,2.0,1.0,0.2470039946737683,0.7529960053262317,0.8658346333853354,1.969682398625608,0.0613591000001179,0.0001574916059787,0.0002501329808474
full-identity-reference,oracle,oracle-assumption,full-identity-reference,4,16249f415d40cf804bb7ddd691a33bc7a05494b811a88a7245b6a31e930f95c8,,1,6,1.0,0.5,0.5,0.5,0.5,0.5,0.502,0.5,0.5,0.4999999999999999,0.5,0.5000000000000001,1.0,1.0,plan-c,1.0,1.0,0.0,0.0,1.0,5.26557076972623,0.3353814000001875,0.0,1.5688479693467358e-05
non-private-reference,oracle,non-private,diagnostic,4,16249f415d40cf804bb7ddd691a33bc7a05494b811a88a7245b6a31e930f95c8,,1,6,1.0,0.5,0.5,0.5,0.5,0.5,0.502,0.5,0.5,0.4999999999999999,0.5,0.5000000000000001,,,non-private,0.0,1.0,0.0,0.0,0.0,inf,0.0454955000022891,0.0002923987649955,0.0002923987649955
naive-claimed-c,this-work,unsafe-diagnostic,diagnostic,4,16249f415d40cf804bb7ddd691a33bc7a05494b811a88a7245b6a31e930f95c8,,1,6,1.0,0.5,0.5,0.5,0.5,0.5,0.502,0.5,0.5,0.4999999999999999,0.5,0.5000000000000001,,2.0,unsafe-diagnostic,1.0,1.0,0.2470039946737683,0.7529960053262317,0.8658346333853354,3.939364797251215,0.0757740999979432,0.0001574916059787,0.0001881238137196
stable-local-fallback,this-work,user-certified,primary,5,16249f415d40cf804bb7ddd691a33bc7a05494b811a88a7245b6a31e930f95c8,0.0,1,6,1.0,0.5,0.5,0.5,0.5,0.5,0.5045,0.5,0.5,0.4999999999999999,0.5,0.5000000000000001,1.0,1.0,plan-c,1.0,1.0,0.0,1.0,1.0,1.2235771090623624,0.0499841999990167,0.0002887157692706,0.0002759135971654
handle-only-drop-residual,this-work,user-certified,primary,5,16249f415d40cf804bb7ddd691a33bc7a05494b811a88a7245b6a31e930f95c8,1.0,1,6,1.0,0.5,0.5,0.5,0.5,0.5,0.5045,0.5,0.5,0.4999999999999999,0.5,0.5000000000000001,1.0,1.0,plan-c,1.0,0.2497507477567298,0.2497507477567298,0.0,0.503,2.993446163690341,0.0568304999906104,0.0002512865774819,0.0002380690638605
unitscope-equal,this-work,user-certified,primary,5,16249f415d40cf804bb7ddd691a33bc7a05494b811a88a7245b6a31e930f95c8,0.1428571428571428,1,6,1.0,0.5,0.5,0.5,0.5,0.5,0.5045,0.5,0.5,0.4999999999999999,0.5,0.5000000000000001,1.0,1.0,plan-c,1.0,1.0,0.2497507477567298,0.7502492522432702,1.0,1.382759717497953,0.0603233000001637,0.0002694015319151,0.0002541210401767
unitscope-tuned,this-work,user-certified,primary,5,16249f415d40cf804bb7ddd691a33bc7a05494b811a88a7245b6a31e930f95c8,0.25,1,6,1.0,0.5,0.5,0.5,0.5,0.5,0.5045,0.5,0.5,0.4999999999999999,0.5,0.5000000000000001,1.0,1.0,plan-c,1.0,1.0,0.2497507477567298,0.7502492522432702,1.0,1.59704806611574,0.0746229999931529,0.0002520537713191,0.0002364861291919
naive-recalibrated-2c,this-work,user-certified,primary,5,16249f415d40cf804bb7ddd691a33bc7a05494b811a88a7245b6a31e930f95c8,,1,6,1.0,0.5,0.5,0.5,0.5,0.5,0.5045,0.5,0.5,0.4999999999999999,0.5,0.5000000000000001,2.0,2.0,plan-delta,2.0,1.0,0.2497507477567298,0.7502492522432702,0.8705054715997915,1.9377001874401727,0.0604597999918041,0.0001498093763503,0.0001884845589474
full-identity-reference,oracle,oracle-assumption,full-identity-reference,5,16249f415d40cf804bb7ddd691a33bc7a05494b811a88a7245b6a31e930f95c8,,1,6,1.0,0.5,0.5,0.5,0.5,0.5,0.5045,0.5,0.5,0.4999999999999999,0.5,0.5000000000000001,1.0,1.0,plan-c,1.0,1.0,0.0,0.0,1.0,4.900313708090785,0.3368850999977439,0.0,2.0720191381226914e-05
non-private-reference,oracle,non-private,diagnostic,5,16249f415d40cf804bb7ddd691a33bc7a05494b811a88a7245b6a31e930f95c8,,1,6,1.0,0.5,0.5,0.5,0.5,0.5,0.5045,0.5,0.5,0.4999999999999999,0.5,0.5000000000000001,,,non-private,0.0,1.0,0.0,0.0,0.0,inf,0.0490676000044913,0.0003786889820459,0.0003786889820459
naive-claimed-c,this-work,unsafe-diagnostic,diagnostic,5,16249f415d40cf804bb7ddd691a33bc7a05494b811a88a7245b6a31e930f95c8,,1,6,1.0,0.5,0.5,0.5,0.5,0.5,0.5045,0.5,0.5,0.4999999999999999,0.5,0.5000000000000001,,2.0,unsafe-diagnostic,1.0,1.0,0.2497507477567298,0.7502492522432702,0.8705054715997915,3.8754003748803454,0.0601593000028515,0.0001498093763503,0.0001484267762676
stable-local-fallback,this-work,user-certified,primary,6,16249f415d40cf804bb7ddd691a33bc7a05494b811a88a7245b6a31e930f95c8,0.0,1,6,1.0,0.5,0.5,0.5,0.5,0.5,0.509,0.5,0.5,0.4999999999999999,0.5,0.5000000000000001,1.0,1.0,plan-c,1.0,1.0,0.0,1.0,1.0,1.4264540794767235,0.0494719999987864,0.0002875440862629,0.0002750728853086
handle-only-drop-residual,this-work,user-certified,primary,6,16249f415d40cf804bb7ddd691a33bc7a05494b811a88a7245b6a31e930f95c8,1.0,1,6,1.0,0.5,0.5,0.5,0.5,0.5,0.509,0.5,0.5,0.4999999999999999,0.5,0.5000000000000001,1.0,1.0,plan-c,1.0,0.25,0.25,0.0,0.509,3.373795288592021,0.0573628999991342,0.0002805430663826,0.0002821669123718
unitscope-equal,this-work,user-certified,primary,6,16249f415d40cf804bb7ddd691a33bc7a05494b811a88a7245b6a31e930f95c8,0.1428571428571428,1,6,1.0,0.5,0.5,0.5,0.5,0.5,0.509,0.5,0.5,0.4999999999999999,0.5,0.5000000000000001,1.0,1.0,plan-c,1.0,1.0,0.25,0.75,1.0,1.5553758356289826,0.0604628000000957,0.0002739117199916,0.0002637909924766
unitscope-tuned,this-work,user-certified,primary,6,16249f415d40cf804bb7ddd691a33bc7a05494b811a88a7245b6a31e930f95c8,0.25,1,6,1.0,0.5,0.5,0.5,0.5,0.5,0.509,0.5,0.5,0.4999999999999999,0.5,0.5000000000000001,1.0,1.0,plan-c,1.0,1.0,0.25,0.75,1.0,1.7837618744470112,0.0603197000018553,0.0002599309816613,0.000252254802259
naive-recalibrated-2c,this-work,user-certified,primary,6,16249f415d40cf804bb7ddd691a33bc7a05494b811a88a7245b6a31e930f95c8,,1,6,1.0,0.5,0.5,0.5,0.5,0.5,0.509,0.5,0.5,0.4999999999999999,0.5,0.5000000000000001,2.0,2.0,plan-delta,2.0,1.0,0.25,0.75,0.872368079022615,2.1441314747486087,0.0786066000000573,0.0001689243151833,0.0002077168315784
full-identity-reference,oracle,oracle-assumption,full-identity-reference,6,16249f415d40cf804bb7ddd691a33bc7a05494b811a88a7245b6a31e930f95c8,,1,6,1.0,0.5,0.5,0.5,0.5,0.5,0.509,0.5,0.5,0.4999999999999999,0.5,0.5000000000000001,1.0,1.0,plan-c,1.0,1.0,0.0,0.0,1.0,6.087290900090361,0.3361920000024838,0.0,1.2850918528840267e-05
non-private-reference,oracle,non-private,diagnostic,6,16249f415d40cf804bb7ddd691a33bc7a05494b811a88a7245b6a31e930f95c8,,1,6,1.0,0.5,0.5,0.5,0.5,0.5,0.509,0.5,0.5,0.4999999999999999,0.5,0.5000000000000001,,,non-private,0.0,1.0,0.0,0.0,0.0,inf,0.0485575999919092,0.0002852027932584,0.0002852027932584
naive-claimed-c,this-work,unsafe-diagnostic,diagnostic,6,16249f415d40cf804bb7ddd691a33bc7a05494b811a88a7245b6a31e930f95c8,,1,6,1.0,0.5,0.5,0.5,0.5,0.5,0.509,0.5,0.5,0.4999999999999999,0.5,0.5000000000000001,,2.0,unsafe-diagnostic,1.0,1.0,0.25,0.75,0.872368079022615,4.288262949497217,0.061799000002793,0.0001689243151833,0.000175469654852
stable-local-fallback,this-work,user-certified,primary,7,16249f415d40cf804bb7ddd691a33bc7a05494b811a88a7245b6a31e930f95c8,0.0,1,6,1.0,0.5,0.5,0.5,0.5,0.5,0.486,0.5,0.5,0.4999999999999999,0.5,0.5000000000000001,1.0,1.0,plan-c,1.0,1.0,0.0,1.0,1.0,1.4250707524402246,0.0500281999993603,0.0002935444762329,0.0003015428218663
handle-only-drop-residual,this-work,user-certified,primary,7,16249f415d40cf804bb7ddd691a33bc7a05494b811a88a7245b6a31e930f95c8,1.0,1,6,1.0,0.5,0.5,0.5,0.5,0.5,0.486,0.5,0.5,0.4999999999999999,0.5,0.5000000000000001,1.0,1.0,plan-c,1.0,0.2489905787348587,0.2489905787348587,0.0,0.48,3.417362711479657,0.0569947999902069,0.0003063772655682,0.0002972158632862
unitscope-equal,this-work,user-certified,primary,7,16249f415d40cf804bb7ddd691a33bc7a05494b811a88a7245b6a31e930f95c8,0.1428571428571428,1,6,1.0,0.5,0.5,0.5,0.5,0.5,0.486,0.5,0.5,0.4999999999999999,0.5,0.5000000000000001,1.0,1.0,plan-c,1.0,1.0,0.2489905787348587,0.7510094212651414,1.0,1.6110655865556072,0.0584355999890249,0.0002761024559444,0.000284784848865
unitscope-tuned,this-work,user-certified,primary,7,16249f415d40cf804bb7ddd691a33bc7a05494b811a88a7245b6a31e930f95c8,0.25,1,6,1.0,0.5,0.5,0.5,0.5,0.5,0.486,0.5,0.5,0.4999999999999999,0.5,0.5000000000000001,1.0,1.0,plan-c,1.0,1.0,0.2489905787348587,0.7510094212651414,1.0,1.8522574292177023,0.0598686000012094,0.0002612991168238,0.0002684038875835
naive-recalibrated-2c,this-work,user-certified,primary,7,16249f415d40cf804bb7ddd691a33bc7a05494b811a88a7245b6a31e930f95c8,,1,6,1.0,0.5,0.5,0.5,0.5,0.5,0.486,0.5,0.5,0.4999999999999999,0.5,0.5000000000000001,2.0,2.0,plan-delta,2.0,1.0,0.2489905787348587,0.7510094212651414,0.8636244426960399,2.191502636723524,0.060673100000713,0.0001908564687597,0.0002038859752359
full-identity-reference,oracle,oracle-assumption,full-identity-reference,7,16249f415d40cf804bb7ddd691a33bc7a05494b811a88a7245b6a31e930f95c8,,1,6,1.0,0.5,0.5,0.5,0.5,0.5,0.486,0.5,0.5,0.4999999999999999,0.5,0.5000000000000001,1.0,1.0,plan-c,1.0,1.0,0.0,0.0,1.0,5.863097158414657,0.3509497000050032,0.0,1.4522739286817303e-05
non-private-reference,oracle,non-private,diagnostic,7,16249f415d40cf804bb7ddd691a33bc7a05494b811a88a7245b6a31e930f95c8,,1,6,1.0,0.5,0.5,0.5,0.5,0.5,0.486,0.5,0.5,0.4999999999999999,0.5,0.5000000000000001,,,non-private,0.0,1.0,0.0,0.0,0.0,inf,0.0469998000044142,0.0003348545638978,0.0003348545638978
naive-claimed-c,this-work,unsafe-diagnostic,diagnostic,7,16249f415d40cf804bb7ddd691a33bc7a05494b811a88a7245b6a31e930f95c8,,1,6,1.0,0.5,0.5,0.5,0.5,0.5,0.486,0.5,0.5,0.4999999999999999,0.5,0.5000000000000001,,2.0,unsafe-diagnostic,1.0,1.0,0.2489905787348587,0.7510094212651414,0.8636244426960399,4.383005273447048,0.0588629999983822,0.0001908564687597,0.000182848482711
stable-local-fallback,this-work,user-certified,primary,8,16249f415d40cf804bb7ddd691a33bc7a05494b811a88a7245b6a31e930f95c8,0.0,1,6,1.0,0.5,0.5,0.5,0.5,0.5,0.4875,0.5,0.5,0.4999999999999999,0.5,0.5000000000000001,1.0,1.0,plan-c,1.0,1.0,0.0,1.0,1.0,1.4369047990323,0.0750359000085154,0.0003849575967817,0.0004496674085316
handle-only-drop-residual,this-work,user-certified,primary,8,16249f415d40cf804bb7ddd691a33bc7a05494b811a88a7245b6a31e930f95c8,1.0,1,6,1.0,0.5,0.5,0.5,0.5,0.5,0.4875,0.5,0.5,0.4999999999999999,0.5,0.5000000000000001,1.0,1.0,plan-c,1.0,0.2510924369747899,0.2510924369747899,0.0,0.494,3.2645427690424524,0.0575302999932318,0.000369051770445,0.0004178502697072
unitscope-equal,this-work,user-certified,primary,8,16249f415d40cf804bb7ddd691a33bc7a05494b811a88a7245b6a31e930f95c8,0.1428571428571428,1,6,1.0,0.5,0.5,0.5,0.5,0.5,0.4875,0.5,0.5,0.4999999999999999,0.5,0.5000000000000001,1.0,1.0,plan-c,1.0,1.0,0.2510924369747899,0.7489075630252101,1.0,1.5581333627280494,0.0599586000025738,0.0003717142703585,0.0004349460454431
unitscope-tuned,this-work,user-certified,primary,8,16249f415d40cf804bb7ddd691a33bc7a05494b811a88a7245b6a31e930f95c8,0.25,1,6,1.0,0.5,0.5,0.5,0.5,0.5,0.4875,0.5,0.5,0.4999999999999999,0.5,0.5000000000000001,1.0,1.0,plan-c,1.0,1.0,0.2510924369747899,0.7489075630252101,1.0,1.7715801713850163,0.0601138999918475,0.0003572272362817,0.0004180535716932
naive-recalibrated-2c,this-work,user-certified,primary,8,16249f415d40cf804bb7ddd691a33bc7a05494b811a88a7245b6a31e930f95c8,,1,6,1.0,0.5,0.5,0.5,0.5,0.5,0.4875,0.5,0.5,0.4999999999999999,0.5,0.5000000000000001,2.0,2.0,plan-delta,2.0,1.0,0.2510924369747899,0.7489075630252101,0.8680917622523462,2.115017770887899,0.0607581999938702,0.0002119259366449,0.0003167958283433
full-identity-reference,oracle,oracle-assumption,full-identity-reference,8,16249f415d40cf804bb7ddd691a33bc7a05494b811a88a7245b6a31e930f95c8,,1,6,1.0,0.5,0.5,0.5,0.5,0.5,0.4875,0.5,0.5,0.4999999999999999,0.5,0.5000000000000001,1.0,1.0,plan-c,1.0,1.0,0.0,0.0,1.0,6.063594744333242,0.3373611999995773,0.0,1.7675969185463058e-05
non-private-reference,oracle,non-private,diagnostic,8,16249f415d40cf804bb7ddd691a33bc7a05494b811a88a7245b6a31e930f95c8,,1,6,1.0,0.5,0.5,0.5,0.5,0.5,0.4875,0.5,0.5,0.4999999999999999,0.5,0.5000000000000001,,,non-private,0.0,1.0,0.0,0.0,0.0,inf,0.0621356999909039,0.0003715009863043,0.0003715009863043
naive-claimed-c,this-work,unsafe-diagnostic,diagnostic,8,16249f415d40cf804bb7ddd691a33bc7a05494b811a88a7245b6a31e930f95c8,,1,6,1.0,0.5,0.5,0.5,0.5,0.5,0.4875,0.5,0.5,0.4999999999999999,0.5,0.5000000000000001,,2.0,unsafe-diagnostic,1.0,1.0,0.2510924369747899,0.7489075630252101,0.8680917622523462,4.230035541775798,0.059314699989045,0.0002119259366449,0.0002466849133086
stable-local-fallback,this-work,user-certified,primary,9,16249f415d40cf804bb7ddd691a33bc7a05494b811a88a7245b6a31e930f95c8,0.0,1,6,1.0,0.5,0.5,0.5,0.5,0.5,0.506,0.5,0.5,0.4999999999999999,0.5,0.5000000000000001,1.0,1.0,plan-c,1.0,1.0,0.0,1.0,1.0,1.4650928361877105,0.0530852999945636,0.0003284435992934,0.0003563336708778
handle-only-drop-residual,this-work,user-certified,primary,9,16249f415d40cf804bb7ddd691a33bc7a05494b811a88a7245b6a31e930f95c8,1.0,1,6,1.0,0.5,0.5,0.5,0.5,0.5,0.506,0.5,0.5,0.4999999999999999,0.5,0.5000000000000001,1.0,1.0,plan-c,1.0,0.2481739707835325,0.2481739707835325,0.0,0.495,3.4091721876244128,0.0771346000110497,0.0002960171263601,0.0003104569530206
unitscope-equal,this-work,user-certified,primary,9,16249f415d40cf804bb7ddd691a33bc7a05494b811a88a7245b6a31e930f95c8,0.1428571428571428,1,6,1.0,0.5,0.5,0.5,0.5,0.5,0.506,0.5,0.5,0.4999999999999999,0.5,0.5000000000000001,1.0,1.0,plan-c,1.0,1.0,0.2481739707835325,0.7518260292164675,1.0,1.6003033615520044,0.0613400000002002,0.0003118018426354,0.0003407016343331
unitscope-tuned,this-work,user-certified,primary,9,16249f415d40cf804bb7ddd691a33bc7a05494b811a88a7245b6a31e930f95c8,0.25,1,6,1.0,0.5,0.5,0.5,0.5,0.5,0.506,0.5,0.5,0.4999999999999999,0.5,0.5000000000000001,1.0,1.0,plan-c,1.0,1.0,0.2481739707835325,0.7518260292164675,1.0,1.8414508235688083,0.0599890000012237,0.0002914225001463,0.0003185135415074
naive-recalibrated-2c,this-work,user-certified,primary,9,16249f415d40cf804bb7ddd691a33bc7a05494b811a88a7245b6a31e930f95c8,,1,6,1.0,0.5,0.5,0.5,0.5,0.5,0.506,0.5,0.5,0.4999999999999999,0.5,0.5000000000000001,2.0,2.0,plan-delta,2.0,1.0,0.2481739707835325,0.7518260292164675,0.8690012970168612,2.172854167016665,0.0612083999876631,0.0001716761413024,0.000225477347573
full-identity-reference,oracle,oracle-assumption,full-identity-reference,9,16249f415d40cf804bb7ddd691a33bc7a05494b811a88a7245b6a31e930f95c8,,1,6,1.0,0.5,0.5,0.5,0.5,0.5,0.506,0.5,0.5,0.4999999999999999,0.5,0.5000000000000001,1.0,1.0,plan-c,1.0,1.0,0.0,0.0,1.0,6.390265086129181,0.3379380999977002,0.0,1.3227335642052284e-05
non-private-reference,oracle,non-private,diagnostic,9,16249f415d40cf804bb7ddd691a33bc7a05494b811a88a7245b6a31e930f95c8,,1,6,1.0,0.5,0.5,0.5,0.5,0.5,0.506,0.5,0.5,0.4999999999999999,0.5,0.5000000000000001,,,non-private,0.0,1.0,0.0,0.0,0.0,inf,0.0465677000029245,0.0002833351152845,0.0002833351152845
naive-claimed-c,this-work,unsafe-diagnostic,diagnostic,9,16249f415d40cf804bb7ddd691a33bc7a05494b811a88a7245b6a31e930f95c8,,1,6,1.0,0.5,0.5,0.5,0.5,0.5,0.506,0.5,0.5,0.4999999999999999,0.5,0.5000000000000001,,2.0,unsafe-diagnostic,1.0,1.0,0.2481739707835325,0.7518260292164675,0.8690012970168612,4.345708334033331,0.0779019000037806,0.0001716761413024,0.0001853494087957
stable-local-fallback,this-work,user-certified,primary,0,6c92deedaf55490b424b3009deca19abc61bcdfe4c92aa36795c1864823c6a96,0.0,1,6,1.0,0.5,0.5,0.5,0.5,0.5,0.499,0.5,0.5,0.4999999999999999,0.5,0.5000000000000001,1.0,1.0,plan-c,1.0,1.0,0.0,1.0,1.0,1.207410547193146,0.0507038999930955,0.0003108613637825,0.0003134407640256
handle-only-drop-residual,this-work,user-certified,primary,0,6c92deedaf55490b424b3009deca19abc61bcdfe4c92aa36795c1864823c6a96,1.0,1,6,1.0,0.5,0.5,0.5,0.5,0.5,0.499,0.5,0.5,0.4999999999999999,0.5,0.5000000000000001,1.0,1.0,plan-c,1.0,0.2483322214809873,0.2483322214809873,0.0,0.489,2.999485812600241,0.0581362999946577,0.0002362806249585,0.0002414926559791
unitscope-equal,this-work,user-certified,primary,0,6c92deedaf55490b424b3009deca19abc61bcdfe4c92aa36795c1864823c6a96,0.1428571428571428,1,6,1.0,0.5,0.5,0.5,0.5,0.5,0.499,0.5,0.5,0.4999999999999999,0.5,0.5000000000000001,1.0,1.0,plan-c,1.0,1.0,0.2483322214809873,0.7516677785190127,1.0,1.4390498511772924,0.0627361000078963,0.0002779968690639,0.0002819550634281
unitscope-tuned,this-work,user-certified,primary,0,6c92deedaf55490b424b3009deca19abc61bcdfe4c92aa36795c1864823c6a96,0.5,1,6,1.0,0.5,0.5,0.5,0.5,0.5,0.499,0.5,0.5,0.4999999999999999,0.5,0.5000000000000001,1.0,1.0,plan-c,1.0,1.0,0.2483322214809873,0.7516677785190127,1.0,2.2650084480789263,0.0817518999974709,0.0002132121123003,0.0002204830312957
naive-recalibrated-2c,this-work,user-certified,primary,0,6c92deedaf55490b424b3009deca19abc61bcdfe4c92aa36795c1864823c6a96,,1,6,1.0,0.5,0.5,0.5,0.5,0.5,0.499,0.5,0.5,0.4999999999999999,0.5,0.5000000000000001,2.0,2.0,plan-delta,2.0,1.0,0.2483322214809873,0.7516677785190127,0.86696172871648,1.9758471278176024,0.063086199996178,0.0001367695670359,0.0001957187182675
full-identity-reference,oracle,oracle-assumption,full-identity-reference,0,6c92deedaf55490b424b3009deca19abc61bcdfe4c92aa36795c1864823c6a96,,1,6,1.0,0.5,0.5,0.5,0.5,0.5,0.499,0.5,0.5,0.4999999999999999,0.5,0.5000000000000001,1.0,1.0,plan-c,1.0,1.0,0.0,0.0,1.0,5.1008364041899705,0.3361633000022266,0.0,1.992534756221455e-05
non-private-reference,oracle,non-private,diagnostic,0,6c92deedaf55490b424b3009deca19abc61bcdfe4c92aa36795c1864823c6a96,,1,6,1.0,0.5,0.5,0.5,0.5,0.5,0.499,0.5,0.5,0.4999999999999999,0.5,0.5000000000000001,,,non-private,0.0,1.0,0.0,0.0,0.0,inf,0.0469370000064373,0.00032064792533,0.00032064792533
naive-claimed-c,this-work,unsafe-diagnostic,diagnostic,0,6c92deedaf55490b424b3009deca19abc61bcdfe4c92aa36795c1864823c6a96,,1,6,1.0,0.5,0.5,0.5,0.5,0.5,0.499,0.5,0.5,0.4999999999999999,0.5,0.5000000000000001,,2.0,unsafe-diagnostic,1.0,1.0,0.2483322214809873,0.7516677785190127,0.86696172871648,3.951694255635205,0.0610564000089652,0.0001367695670359,0.0001463187950895
stable-local-fallback,this-work,user-certified,primary,1,6c92deedaf55490b424b3009deca19abc61bcdfe4c92aa36795c1864823c6a96,0.0,1,6,1.0,0.5,0.5,0.5,0.5,0.5,0.4995,0.5,0.5,0.4999999999999999,0.5,0.5000000000000001,1.0,1.0,plan-c,1.0,1.0,0.0,1.0,1.0,1.4220718284749692,0.0485996000061277,0.0003398541383191,0.0003744912733191
handle-only-drop-residual,this-work,user-certified,primary,1,6c92deedaf55490b424b3009deca19abc61bcdfe4c92aa36795c1864823c6a96,1.0,1,6,1.0,0.5,0.5,0.5,0.5,0.5,0.4995,0.5,0.5,0.4999999999999999,0.5,0.5000000000000001,1.0,1.0,plan-c,1.0,0.2504168056018673,0.2504168056018673,0.0,0.502,3.1810656649439,0.0566095000103814,0.0003176266188502,0.0003518988758943
unitscope-equal,this-work,user-certified,primary,1,6c92deedaf55490b424b3009deca19abc61bcdfe4c92aa36795c1864823c6a96,0.1428571428571428,1,6,1.0,0.5,0.5,0.5,0.5,0.5,0.4995,0.5,0.5,0.4999999999999999,0.5,0.5000000000000001,1.0,1.0,plan-c,1.0,1.0,0.2504168056018673,0.7495831943981327,1.0,1.5938042146359022,0.0587604000029386,0.0003201953667699,0.0003546358594142
unitscope-tuned,this-work,user-certified,primary,1,6c92deedaf55490b424b3009deca19abc61bcdfe4c92aa36795c1864823c6a96,0.5,1,6,1.0,0.5,0.5,0.5,0.5,0.5,0.4995,0.5,0.5,0.4999999999999999,0.5,0.5000000000000001,1.0,1.0,plan-c,1.0,1.0,0.2504168056018673,0.7495831943981327,1.0,2.4375197765547805,0.0606585000059567,0.0002742742405475,0.0003074469074899
naive-recalibrated-2c,this-work,user-certified,primary,1,6c92deedaf55490b424b3009deca19abc61bcdfe4c92aa36795c1864823c6a96,,1,6,1.0,0.5,0.5,0.5,0.5,0.5,0.4995,0.5,0.5,0.4999999999999999,0.5,0.5000000000000001,2.0,2.0,plan-delta,2.0,1.0,0.2504168056018673,0.7495831943981327,0.869667626275844,2.098653731298329,0.0788043999928049,0.0001891528735592,0.0002768733071592
full-identity-reference,oracle,oracle-assumption,full-identity-reference,1,6c92deedaf55490b424b3009deca19abc61bcdfe4c92aa36795c1864823c6a96,,1,6,1.0,0.5,0.5,0.5,0.5,0.5,0.4995,0.5,0.5,0.4999999999999999,0.5,0.5000000000000001,1.0,1.0,plan-c,1.0,1.0,0.0,0.0,1.0,6.191791907195553,0.3371104999969248,0.0,1.458591182783477e-05
non-private-reference,oracle,non-private,diagnostic,1,6c92deedaf55490b424b3009deca19abc61bcdfe4c92aa36795c1864823c6a96,,1,6,1.0,0.5,0.5,0.5,0.5,0.5,0.4995,0.5,0.5,0.4999999999999999,0.5,0.5000000000000001,,,non-private,0.0,1.0,0.0,0.0,0.0,inf,0.0465431000047829,0.000296659223489,0.000296659223489
naive-claimed-c,this-work,unsafe-diagnostic,diagnostic,1,6c92deedaf55490b424b3009deca19abc61bcdfe4c92aa36795c1864823c6a96,,1,6,1.0,0.5,0.5,0.5,0.5,0.5,0.4995,0.5,0.5,0.4999999999999999,0.5,0.5000000000000001,,2.0,unsafe-diagnostic,1.0,1.0,0.2504168056018673,0.7495831943981327,0.869667626275844,4.197307462596658,0.0608822000067448,0.0001891528735592,0.0002184271785313
stable-local-fallback,this-work,user-certified,primary,2,6c92deedaf55490b424b3009deca19abc61bcdfe4c92aa36795c1864823c6a96,0.0,1,6,1.0,0.5,0.5,0.5,0.5,0.5,0.484,0.5,0.5,0.4999999999999999,0.5,0.5000000000000001,1.0,1.0,plan-c,1.0,1.0,0.0,1.0,1.0,1.283795017813014,0.0499352000042563,0.000267460115769,0.0003032086031277
handle-only-drop-residual,this-work,user-certified,primary,2,6c92deedaf55490b424b3009deca19abc61bcdfe4c92aa36795c1864823c6a96,1.0,1,6,1.0,0.5,0.5,0.5,0.5,0.5,0.484,0.5,0.5,0.4999999999999999,0.5,0.5000000000000001,1.0,1.0,plan-c,1.0,0.2498315363881401,0.2498315363881401,0.0,0.483,2.8191781346261133,0.0569323000090662,0.0002949638826756,0.0003507422709789
unitscope-equal,this-work,user-certified,primary,2,6c92deedaf55490b424b3009deca19abc61bcdfe4c92aa36795c1864823c6a96,0.1428571428571428,1,6,1.0,0.5,0.5,0.5,0.5,0.5,0.484,0.5,0.5,0.4999999999999999,0.5,0.5000000000000001,1.0,1.0,plan-c,1.0,1.0,0.2498315363881401,0.7501684636118598,1.0,1.380073183499975,0.05903550000221,0.0002575296175439,0.000296622638773
unitscope-tuned,this-work,user-certified,primary,2,6c92deedaf55490b424b3009deca19abc61bcdfe4c92aa36795c1864823c6a96,0.5,1,6,1.0,0.5,0.5,0.5,0.5,0.5,0.484,0.5,0.5,0.4999999999999999,0.5,0.5000000000000001,1.0,1.0,plan-c,1.0,1.0,0.2498315363881401,0.7501684636118598,1.0,2.102511242321971,0.0610958000033861,0.0002406040075681,0.0002882752220624
naive-recalibrated-2c,this-work,user-certified,primary,2,6c92deedaf55490b424b3009deca19abc61bcdfe4c92aa36795c1864823c6a96,,1,6,1.0,0.5,0.5,0.5,0.5,0.5,0.484,0.5,0.5,0.4999999999999999,0.5,0.5000000000000001,2.0,2.0,plan-delta,2.0,1.0,0.2498315363881401,0.7501684636118598,0.8640546936628977,1.811949315630676,0.0594156000006478,0.0001805417499244,0.0003152341472536
full-identity-reference,oracle,oracle-assumption,full-identity-reference,2,6c92deedaf55490b424b3009deca19abc61bcdfe4c92aa36795c1864823c6a96,,1,6,1.0,0.5,0.5,0.5,0.5,0.5,0.484,0.5,0.5,0.4999999999999999,0.5,0.5000000000000001,1.0,1.0,plan-c,1.0,1.0,0.0,0.0,1.0,5.295137024976619,0.3498114000103669,0.0,1.5944966299623317e-05
non-private-reference,oracle,non-private,diagnostic,2,6c92deedaf55490b424b3009deca19abc61bcdfe4c92aa36795c1864823c6a96,,1,6,1.0,0.5,0.5,0.5,0.5,0.5,0.484,0.5,0.5,0.4999999999999999,0.5,0.5000000000000001,,,non-private,0.0,1.0,0.0,0.0,0.0,inf,0.0456734000035794,0.0003269741341641,0.0003269741341641
naive-claimed-c,this-work,unsafe-diagnostic,diagnostic,2,6c92deedaf55490b424b3009deca19abc61bcdfe4c92aa36795c1864823c6a96,,1,6,1.0,0.5,0.5,0.5,0.5,0.5,0.484,0.5,0.5,0.4999999999999999,0.5,0.5000000000000001,,2.0,unsafe-diagnostic,1.0,1.0,0.2498315363881401,0.7501684636118598,0.8640546936628977,3.623898631261352,0.0588009000057354,0.0001805417499244,0.0002319429822894
stable-local-fallback,this-work,user-certified,primary,3,6c92deedaf55490b424b3009deca19abc61bcdfe4c92aa36795c1864823c6a96,0.0,1,6,1.0,0.5,0.5,0.5,0.5,0.5,0.508,0.5,0.5,0.4999999999999999,0.5,0.5000000000000001,1.0,1.0,plan-c,1.0,1.0,0.0,1.0,1.0,1.468045163468242,0.0701286000112304,0.0002830281682898,0.0002784463255959
handle-only-drop-residual,this-work,user-certified,primary,3,6c92deedaf55490b424b3009deca19abc61bcdfe4c92aa36795c1864823c6a96,1.0,1,6,1.0,0.5,0.5,0.5,0.5,0.5,0.508,0.5,0.5,0.4999999999999999,0.5,0.5000000000000001,1.0,1.0,plan-c,1.0,0.248342175066313,0.248342175066313,0.0,0.498,3.228804787496229,0.0585085000057006,0.0002123904081297,0.0002157368547977
unitscope-equal,this-work,user-certified,primary,3,6c92deedaf55490b424b3009deca19abc61bcdfe4c92aa36795c1864823c6a96,0.1428571428571428,1,6,1.0,0.5,0.5,0.5,0.5,0.5,0.508,0.5,0.5,0.4999999999999999,0.5,0.5000000000000001,1.0,1.0,plan-c,1.0,1.0,0.248342175066313,0.751657824933687,1.0,1.6303597844430455,0.060002500002156,0.0002662088253306,0.0002631188422902
unitscope-tuned,this-work,user-certified,primary,3,6c92deedaf55490b424b3009deca19abc61bcdfe4c92aa36795c1864823c6a96,0.5,1,6,1.0,0.5,0.5,0.5,0.5,0.5,0.508,0.5,0.5,0.4999999999999999,0.5,0.5000000000000001,1.0,1.0,plan-c,1.0,1.0,0.248342175066313,0.751657824933687,1.0,2.521679491001598,0.0603992999967886,0.0002111778846063,0.0002123811289372
naive-recalibrated-2c,this-work,user-certified,primary,3,6c92deedaf55490b424b3009deca19abc61bcdfe4c92aa36795c1864823c6a96,,1,6,1.0,0.5,0.5,0.5,0.5,0.5,0.508,0.5,0.5,0.4999999999999999,0.5,0.5000000000000001,2.0,2.0,plan-delta,2.0,1.0,0.248342175066313,0.751657824933687,0.8694408322496749,2.1811256923486706,0.0599887999997008,0.0001164552004799,0.0001646088064004
full-identity-reference,oracle,oracle-assumption,full-identity-reference,3,6c92deedaf55490b424b3009deca19abc61bcdfe4c92aa36795c1864823c6a96,,1,6,1.0,0.5,0.5,0.5,0.5,0.5,0.508,0.5,0.5,0.4999999999999999,0.5,0.5000000000000001,1.0,1.0,plan-c,1.0,1.0,0.0,0.0,1.0,5.856441850027313,0.34080140000151,0.0,1.4295995470253785e-05
non-private-reference,oracle,non-private,diagnostic,3,6c92deedaf55490b424b3009deca19abc61bcdfe4c92aa36795c1864823c6a96,,1,6,1.0,0.5,0.5,0.5,0.5,0.5,0.508,0.5,0.5,0.4999999999999999,0.5,0.5000000000000001,,,non-private,0.0,1.0,0.0,0.0,0.0,inf,0.0610837999993236,0.0003731648278402,0.0003731648278402
naive-claimed-c,this-work,unsafe-diagnostic,diagnostic,3,6c92deedaf55490b424b3009deca19abc61bcdfe4c92aa36795c1864823c6a96,,1,6,1.0,0.5,0.5,0.5,0.5,0.5,0.508,0.5,0.5,0.4999999999999999,0.5,0.5000000000000001,,2.0,unsafe-diagnostic,1.0,1.0,0.248342175066313,0.751657824933687,0.8694408322496749,4.362251384697341,0.0596056999929714,0.0001164552004799,0.0001262360079699
stable-local-fallback,this-work,user-certified,primary,4,6c92deedaf55490b424b3009deca19abc61bcdfe4c92aa36795c1864823c6a96,0.0,1,6,1.0,0.5,0.5,0.5,0.5,0.5,0.502,0.5,0.5,0.4999999999999999,0.5,0.5000000000000001,1.0,1.0,plan-c,1.0,1.0,0.0,1.0,1.0,1.254100800063172,0.0506028000090736,0.0002621982087321,0.0002707301909047
handle-only-drop-residual,this-work,user-certified,primary,4,6c92deedaf55490b424b3009deca19abc61bcdfe4c92aa36795c1864823c6a96,1.0,1,6,1.0,0.5,0.5,0.5,0.5,0.5,0.502,0.5,0.5,0.4999999999999999,0.5,0.5000000000000001,1.0,1.0,plan-c,1.0,0.2470039946737683,0.2470039946737683,0.0,0.484,3.1444084835539385,0.0581612000096356,0.0002559735842429,0.0002877659767655
unitscope-equal,this-work,user-certified,primary,4,6c92deedaf55490b424b3009deca19abc61bcdfe4c92aa36795c1864823c6a96,0.1428571428571428,1,6,1.0,0.5,0.5,0.5,0.5,0.5,0.502,0.5,0.5,0.4999999999999999,0.5,0.5000000000000001,1.0,1.0,plan-c,1.0,1.0,0.2470039946737683,0.7529960053262317,1.0,1.4192317334473905,0.0772546999942278,0.0002441909881722,0.0002562841765948
unitscope-tuned,this-work,user-certified,primary,4,6c92deedaf55490b424b3009deca19abc61bcdfe4c92aa36795c1864823c6a96,0.5,1,6,1.0,0.5,0.5,0.5,0.5,0.5,0.502,0.5,0.5,0.4999999999999999,0.5,0.5000000000000001,1.0,1.0,plan-c,1.0,1.0,0.2470039946737683,0.7529960053262317,1.0,2.3052021124737423,0.0605846999969799,0.0002070509552739,0.0002291258450506
naive-recalibrated-2c,this-work,user-certified,primary,4,6c92deedaf55490b424b3009deca19abc61bcdfe4c92aa36795c1864823c6a96,,1,6,1.0,0.5,0.5,0.5,0.5,0.5,0.502,0.5,0.5,0.4999999999999999,0.5,0.5000000000000001,2.0,2.0,plan-delta,2.0,1.0,0.2470039946737683,0.7529960053262317,0.8658346333853354,1.969682398625608,0.0612871000048471,0.0001574916059787,0.0002501329808474
full-identity-reference,oracle,oracle-assumption,full-identity-reference,4,6c92deedaf55490b424b3009deca19abc61bcdfe4c92aa36795c1864823c6a96,,1,6,1.0,0.5,0.5,0.5,0.5,0.5,0.502,0.5,0.5,0.4999999999999999,0.5,0.5000000000000001,1.0,1.0,plan-c,1.0,1.0,0.0,0.0,1.0,5.26557076972623,0.3324544000060996,0.0,1.5688479693467358e-05
non-private-reference,oracle,non-private,diagnostic,4,6c92deedaf55490b424b3009deca19abc61bcdfe4c92aa36795c1864823c6a96,,1,6,1.0,0.5,0.5,0.5,0.5,0.5,0.502,0.5,0.5,0.4999999999999999,0.5,0.5000000000000001,,,non-private,0.0,1.0,0.0,0.0,0.0,inf,0.047689300001366,0.0002923987649955,0.0002923987649955
naive-claimed-c,this-work,unsafe-diagnostic,diagnostic,4,6c92deedaf55490b424b3009deca19abc61bcdfe4c92aa36795c1864823c6a96,,1,6,1.0,0.5,0.5,0.5,0.5,0.5,0.502,0.5,0.5,0.4999999999999999,0.5,0.5000000000000001,,2.0,unsafe-diagnostic,1.0,1.0,0.2470039946737683,0.7529960053262317,0.8658346333853354,3.939364797251215,0.0854133000102592,0.0001574916059787,0.0001881238137196
stable-local-fallback,this-work,user-certified,primary,5,6c92deedaf55490b424b3009deca19abc61bcdfe4c92aa36795c1864823c6a96,0.0,1,6,1.0,0.5,0.5,0.5,0.5,0.5,0.5045,0.5,0.5,0.4999999999999999,0.5,0.5000000000000001,1.0,1.0,plan-c,1.0,1.0,0.0,1.0,1.0,1.2235771090623624,0.0502223999937996,0.0002887157692706,0.0002759135971654
handle-only-drop-residual,this-work,user-certified,primary,5,6c92deedaf55490b424b3009deca19abc61bcdfe4c92aa36795c1864823c6a96,1.0,1,6,1.0,0.5,0.5,0.5,0.5,0.5,0.5045,0.5,0.5,0.4999999999999999,0.5,0.5000000000000001,1.0,1.0,plan-c,1.0,0.2497507477567298,0.2497507477567298,0.0,0.503,2.993446163690341,0.0568989000021247,0.0002512865774819,0.0002380690638605
unitscope-equal,this-work,user-certified,primary,5,6c92deedaf55490b424b3009deca19abc61bcdfe4c92aa36795c1864823c6a96,0.1428571428571428,1,6,1.0,0.5,0.5,0.5,0.5,0.5,0.5045,0.5,0.5,0.4999999999999999,0.5,0.5000000000000001,1.0,1.0,plan-c,1.0,1.0,0.2497507477567298,0.7502492522432702,1.0,1.382759717497953,0.060170199998538,0.0002694015319151,0.0002541210401767
unitscope-tuned,this-work,user-certified,primary,5,6c92deedaf55490b424b3009deca19abc61bcdfe4c92aa36795c1864823c6a96,0.5,1,6,1.0,0.5,0.5,0.5,0.5,0.5,0.5045,0.5,0.5,0.4999999999999999,0.5,0.5000000000000001,1.0,1.0,plan-c,1.0,1.0,0.2497507477567298,0.7502492522432702,1.0,2.1916442291259277,0.0800755999953253,0.0002273814333018,0.0002111437736006
naive-recalibrated-2c,this-work,user-certified,primary,5,6c92deedaf55490b424b3009deca19abc61bcdfe4c92aa36795c1864823c6a96,,1,6,1.0,0.5,0.5,0.5,0.5,0.5,0.5045,0.5,0.5,0.4999999999999999,0.5,0.5000000000000001,2.0,2.0,plan-delta,2.0,1.0,0.2497507477567298,0.7502492522432702,0.8705054715997915,1.9377001874401727,0.0620651000062935,0.0001498093763503,0.0001884845589474
full-identity-reference,oracle,oracle-assumption,full-identity-reference,5,6c92deedaf55490b424b3009deca19abc61bcdfe4c92aa36795c1864823c6a96,,1,6,1.0,0.5,0.5,0.5,0.5,0.5,0.5045,0.5,0.5,0.4999999999999999,0.5,0.5000000000000001,1.0,1.0,plan-c,1.0,1.0,0.0,0.0,1.0,4.900313708090785,0.3363705999945523,0.0,2.0720191381226914e-05
non-private-reference,oracle,non-private,diagnostic,5,6c92deedaf55490b424b3009deca19abc61bcdfe4c92aa36795c1864823c6a96,,1,6,1.0,0.5,0.5,0.5,0.5,0.5,0.5045,0.5,0.5,0.4999999999999999,0.5,0.5000000000000001,,,non-private,0.0,1.0,0.0,0.0,0.0,inf,0.0478304999996908,0.0003786889820459,0.0003786889820459
naive-claimed-c,this-work,unsafe-diagnostic,diagnostic,5,6c92deedaf55490b424b3009deca19abc61bcdfe4c92aa36795c1864823c6a96,,1,6,1.0,0.5,0.5,0.5,0.5,0.5,0.5045,0.5,0.5,0.4999999999999999,0.5,0.5000000000000001,,2.0,unsafe-diagnostic,1.0,1.0,0.2497507477567298,0.7502492522432702,0.8705054715997915,3.8754003748803454,0.059856399995624,0.0001498093763503,0.0001484267762676
stable-local-fallback,this-work,user-certified,primary,6,6c92deedaf55490b424b3009deca19abc61bcdfe4c92aa36795c1864823c6a96,0.0,1,6,1.0,0.5,0.5,0.5,0.5,0.5,0.509,0.5,0.5,0.4999999999999999,0.5,0.5000000000000001,1.0,1.0,plan-c,1.0,1.0,0.0,1.0,1.0,1.4264540794767235,0.0502745999983744,0.0002875440862629,0.0002750728853086
handle-only-drop-residual,this-work,user-certified,primary,6,6c92deedaf55490b424b3009deca19abc61bcdfe4c92aa36795c1864823c6a96,1.0,1,6,1.0,0.5,0.5,0.5,0.5,0.5,0.509,0.5,0.5,0.4999999999999999,0.5,0.5000000000000001,1.0,1.0,plan-c,1.0,0.25,0.25,0.0,0.509,3.373795288592021,0.057747200000449,0.0002805430663826,0.0002821669123718
unitscope-equal,this-work,user-certified,primary,6,6c92deedaf55490b424b3009deca19abc61bcdfe4c92aa36795c1864823c6a96,0.1428571428571428,1,6,1.0,0.5,0.5,0.5,0.5,0.5,0.509,0.5,0.5,0.4999999999999999,0.5,0.5000000000000001,1.0,1.0,plan-c,1.0,1.0,0.25,0.75,1.0,1.5553758356289826,0.0612409000023035,0.0002739117199916,0.0002637909924766
unitscope-tuned,this-work,user-certified,primary,6,6c92deedaf55490b424b3009deca19abc61bcdfe4c92aa36795c1864823c6a96,0.5,1,6,1.0,0.5,0.5,0.5,0.5,0.5,0.509,0.5,0.5,0.4999999999999999,0.5,0.5000000000000001,1.0,1.0,plan-c,1.0,1.0,0.25,0.75,1.0,2.4545981719874588,0.0609731000004103,0.0002409802812353,0.0002390080474295
naive-recalibrated-2c,this-work,user-certified,primary,6,6c92deedaf55490b424b3009deca19abc61bcdfe4c92aa36795c1864823c6a96,,1,6,1.0,0.5,0.5,0.5,0.5,0.5,0.509,0.5,0.5,0.4999999999999999,0.5,0.5000000000000001,2.0,2.0,plan-delta,2.0,1.0,0.25,0.75,0.872368079022615,2.1441314747486087,0.079521100007696,0.0001689243151833,0.0002077168315784
full-identity-reference,oracle,oracle-assumption,full-identity-reference,6,6c92deedaf55490b424b3009deca19abc61bcdfe4c92aa36795c1864823c6a96,,1,6,1.0,0.5,0.5,0.5,0.5,0.5,0.509,0.5,0.5,0.4999999999999999,0.5,0.5000000000000001,1.0,1.0,plan-c,1.0,1.0,0.0,0.0,1.0,6.087290900090361,0.334795300004771,0.0,1.2850918528840267e-05
non-private-reference,oracle,non-private,diagnostic,6,6c92deedaf55490b424b3009deca19abc61bcdfe4c92aa36795c1864823c6a96,,1,6,1.0,0.5,0.5,0.5,0.5,0.5,0.509,0.5,0.5,0.4999999999999999,0.5,0.5000000000000001,,,non-private,0.0,1.0,0.0,0.0,0.0,inf,0.0490084000048227,0.0002852027932584,0.0002852027932584
naive-claimed-c,this-work,unsafe-diagnostic,diagnostic,6,6c92deedaf55490b424b3009deca19abc61bcdfe4c92aa36795c1864823c6a96,,1,6,1.0,0.5,0.5,0.5,0.5,0.5,0.509,0.5,0.5,0.4999999999999999,0.5,0.5000000000000001,,2.0,unsafe-diagnostic,1.0,1.0,0.25,0.75,0.872368079022615,4.288262949497217,0.0601973000011639,0.0001689243151833,0.000175469654852
stable-local-fallback,this-work,user-certified,primary,7,6c92deedaf55490b424b3009deca19abc61bcdfe4c92aa36795c1864823c6a96,0.0,1,6,1.0,0.5,0.5,0.5,0.5,0.5,0.486,0.5,0.5,0.4999999999999999,0.5,0.5000000000000001,1.0,1.0,plan-c,1.0,1.0,0.0,1.0,1.0,1.4250707524402246,0.0518137000035494,0.0002935444762329,0.0003015428218663
handle-only-drop-residual,this-work,user-certified,primary,7,6c92deedaf55490b424b3009deca19abc61bcdfe4c92aa36795c1864823c6a96,1.0,1,6,1.0,0.5,0.5,0.5,0.5,0.5,0.486,0.5,0.5,0.4999999999999999,0.5,0.5000000000000001,1.0,1.0,plan-c,1.0,0.2489905787348587,0.2489905787348587,0.0,0.48,3.417362711479657,0.0641417000006185,0.0003063772655682,0.0002972158632862
unitscope-equal,this-work,user-certified,primary,7,6c92deedaf55490b424b3009deca19abc61bcdfe4c92aa36795c1864823c6a96,0.1428571428571428,1,6,1.0,0.5,0.5,0.5,0.5,0.5,0.486,0.5,0.5,0.4999999999999999,0.5,0.5000000000000001,1.0,1.0,plan-c,1.0,1.0,0.2489905787348587,0.7510094212651414,1.0,1.6110655865556072,0.0591590999974869,0.0002761024559444,0.000284784848865
unitscope-tuned,this-work,user-certified,primary,7,6c92deedaf55490b424b3009deca19abc61bcdfe4c92aa36795c1864823c6a96,0.5,1,6,1.0,0.5,0.5,0.5,0.5,0.5,0.486,0.5,0.5,0.4999999999999999,0.5,0.5000000000000001,1.0,1.0,plan-c,1.0,1.0,0.2489905787348587,0.7510094212651414,1.0,2.5197715974277086,0.0591202000068733,0.0002408348695448,0.0002442585219293
naive-recalibrated-2c,this-work,user-certified,primary,7,6c92deedaf55490b424b3009deca19abc61bcdfe4c92aa36795c1864823c6a96,,1,6,1.0,0.5,0.5,0.5,0.5,0.5,0.486,0.5,0.5,0.4999999999999999,0.5,0.5000000000000001,2.0,2.0,plan-delta,2.0,1.0,0.2489905787348587,0.7510094212651414,0.8636244426960399,2.191502636723524,0.060245800006669,0.0001908564687597,0.0002038859752359
full-identity-reference,oracle,oracle-assumption,full-identity-reference,7,6c92deedaf55490b424b3009deca19abc61bcdfe4c92aa36795c1864823c6a96,,1,6,1.0,0.5,0.5,0.5,0.5,0.5,0.486,0.5,0.5,0.4999999999999999,0.5,0.5000000000000001,1.0,1.0,plan-c,1.0,1.0,0.0,0.0,1.0,5.863097158414657,0.3552206000022124,0.0,1.4522739286817303e-05
non-private-reference,oracle,non-private,diagnostic,7,6c92deedaf55490b424b3009deca19abc61bcdfe4c92aa36795c1864823c6a96,,1,6,1.0,0.5,0.5,0.5,0.5,0.5,0.486,0.5,0.5,0.4999999999999999,0.5,0.5000000000000001,,,non-private,0.0,1.0,0.0,0.0,0.0,inf,0.0458762000052956,0.0003348545638978,0.0003348545638978
naive-claimed-c,this-work,unsafe-diagnostic,diagnostic,7,6c92deedaf55490b424b3009deca19abc61bcdfe4c92aa36795c1864823c6a96,,1,6,1.0,0.5,0.5,0.5,0.5,0.5,0.486,0.5,0.5,0.4999999999999999,0.5,0.5000000000000001,,2.0,unsafe-diagnostic,1.0,1.0,0.2489905787348587,0.7510094212651414,0.8636244426960399,4.383005273447048,0.057735499998671,0.0001908564687597,0.000182848482711
stable-local-fallback,this-work,user-certified,primary,8,6c92deedaf55490b424b3009deca19abc61bcdfe4c92aa36795c1864823c6a96,0.0,1,6,1.0,0.5,0.5,0.5,0.5,0.5,0.4875,0.5,0.5,0.4999999999999999,0.5,0.5000000000000001,1.0,1.0,plan-c,1.0,1.0,0.0,1.0,1.0,1.4369047990323,0.0513263000029837,0.0003849575967817,0.0004496674085316
handle-only-drop-residual,this-work,user-certified,primary,8,6c92deedaf55490b424b3009deca19abc61bcdfe4c92aa36795c1864823c6a96,1.0,1,6,1.0,0.5,0.5,0.5,0.5,0.5,0.4875,0.5,0.5,0.4999999999999999,0.5,0.5000000000000001,1.0,1.0,plan-c,1.0,0.2510924369747899,0.2510924369747899,0.0,0.494,3.2645427690424524,0.0743275000131689,0.000369051770445,0.0004178502697072
unitscope-equal,this-work,user-certified,primary,8,6c92deedaf55490b424b3009deca19abc61bcdfe4c92aa36795c1864823c6a96,0.1428571428571428,1,6,1.0,0.5,0.5,0.5,0.5,0.5,0.4875,0.5,0.5,0.4999999999999999,0.5,0.5000000000000001,1.0,1.0,plan-c,1.0,1.0,0.2510924369747899,0.7489075630252101,1.0,1.5581333627280494,0.0606661000056192,0.0003717142703585,0.0004349460454431
unitscope-tuned,this-work,user-certified,primary,8,6c92deedaf55490b424b3009deca19abc61bcdfe4c92aa36795c1864823c6a96,0.5,1,6,1.0,0.5,0.5,0.5,0.5,0.5,0.4875,0.5,0.5,0.4999999999999999,0.5,0.5000000000000001,1.0,1.0,plan-c,1.0,1.0,0.2510924369747899,0.7489075630252101,1.0,2.408290761592661,0.0613020000018877,0.0003411536674845,0.0003963673103255
naive-recalibrated-2c,this-work,user-certified,primary,8,6c92deedaf55490b424b3009deca19abc61bcdfe4c92aa36795c1864823c6a96,,1,6,1.0,0.5,0.5,0.5,0.5,0.5,0.4875,0.5,0.5,0.4999999999999999,0.5,0.5000000000000001,2.0,2.0,plan-delta,2.0,1.0,0.2510924369747899,0.7489075630252101,0.8680917622523462,2.115017770887899,0.0604313999938312,0.0002119259366449,0.0003167958283433
full-identity-reference,oracle,oracle-assumption,full-identity-reference,8,6c92deedaf55490b424b3009deca19abc61bcdfe4c92aa36795c1864823c6a96,,1,6,1.0,0.5,0.5,0.5,0.5,0.5,0.4875,0.5,0.5,0.4999999999999999,0.5,0.5000000000000001,1.0,1.0,plan-c,1.0,1.0,0.0,0.0,1.0,6.063594744333242,0.3356576000078348,0.0,1.7675969185463058e-05
non-private-reference,oracle,non-private,diagnostic,8,6c92deedaf55490b424b3009deca19abc61bcdfe4c92aa36795c1864823c6a96,,1,6,1.0,0.5,0.5,0.5,0.5,0.5,0.4875,0.5,0.5,0.4999999999999999,0.5,0.5000000000000001,,,non-private,0.0,1.0,0.0,0.0,0.0,inf,0.0623512000020127,0.0003715009863043,0.0003715009863043
naive-claimed-c,this-work,unsafe-diagnostic,diagnostic,8,6c92deedaf55490b424b3009deca19abc61bcdfe4c92aa36795c1864823c6a96,,1,6,1.0,0.5,0.5,0.5,0.5,0.5,0.4875,0.5,0.5,0.4999999999999999,0.5,0.5000000000000001,,2.0,unsafe-diagnostic,1.0,1.0,0.2510924369747899,0.7489075630252101,0.8680917622523462,4.230035541775798,0.0595537000044714,0.0002119259366449,0.0002466849133086
stable-local-fallback,this-work,user-certified,primary,9,6c92deedaf55490b424b3009deca19abc61bcdfe4c92aa36795c1864823c6a96,0.0,1,6,1.0,0.5,0.5,0.5,0.5,0.5,0.506,0.5,0.5,0.4999999999999999,0.5,0.5000000000000001,1.0,1.0,plan-c,1.0,1.0,0.0,1.0,1.0,1.4650928361877105,0.0508999000012408,0.0003284435992934,0.0003563336708778
handle-only-drop-residual,this-work,user-certified,primary,9,6c92deedaf55490b424b3009deca19abc61bcdfe4c92aa36795c1864823c6a96,1.0,1,6,1.0,0.5,0.5,0.5,0.5,0.5,0.506,0.5,0.5,0.4999999999999999,0.5,0.5000000000000001,1.0,1.0,plan-c,1.0,0.2481739707835325,0.2481739707835325,0.0,0.495,3.4091721876244128,0.0585447000048588,0.0002960171263601,0.0003104569530206
unitscope-equal,this-work,user-certified,primary,9,6c92deedaf55490b424b3009deca19abc61bcdfe4c92aa36795c1864823c6a96,0.1428571428571428,1,6,1.0,0.5,0.5,0.5,0.5,0.5,0.506,0.5,0.5,0.4999999999999999,0.5,0.5000000000000001,1.0,1.0,plan-c,1.0,1.0,0.2481739707835325,0.7518260292164675,1.0,1.6003033615520044,0.0854312000010395,0.0003118018426354,0.0003407016343331
unitscope-tuned,this-work,user-certified,primary,9,6c92deedaf55490b424b3009deca19abc61bcdfe4c92aa36795c1864823c6a96,0.5,1,6,1.0,0.5,0.5,0.5,0.5,0.5,0.506,0.5,0.5,0.4999999999999999,0.5,0.5000000000000001,1.0,1.0,plan-c,1.0,1.0,0.2481739707835325,0.7518260292164675,1.0,2.535909289981847,0.0612188999948557,0.0002584643867676,0.0002813350106768
naive-recalibrated-2c,this-work,user-certified,primary,9,6c92deedaf55490b424b3009deca19abc61bcdfe4c92aa36795c1864823c6a96,,1,6,1.0,0.5,0.5,0.5,0.5,0.5,0.506,0.5,0.5,0.4999999999999999,0.5,0.5000000000000001,2.0,2.0,plan-delta,2.0,1.0,0.2481739707835325,0.7518260292164675,0.8690012970168612,2.172854167016665,0.0635977999918395,0.0001716761413024,0.000225477347573
full-identity-reference,oracle,oracle-assumption,full-identity-reference,9,6c92deedaf55490b424b3009deca19abc61bcdfe4c92aa36795c1864823c6a96,,1,6,1.0,0.5,0.5,0.5,0.5,0.5,0.506,0.5,0.5,0.4999999999999999,0.5,0.5000000000000001,1.0,1.0,plan-c,1.0,1.0,0.0,0.0,1.0,6.390265086129181,0.3422690999868791,0.0,1.3227335642052284e-05
non-private-reference,oracle,non-private,diagnostic,9,6c92deedaf55490b424b3009deca19abc61bcdfe4c92aa36795c1864823c6a96,,1,6,1.0,0.5,0.5,0.5,0.5,0.5,0.506,0.5,0.5,0.4999999999999999,0.5,0.5000000000000001,,,non-private,0.0,1.0,0.0,0.0,0.0,inf,0.0468873999925563,0.0002833351152845,0.0002833351152845
naive-claimed-c,this-work,unsafe-diagnostic,diagnostic,9,6c92deedaf55490b424b3009deca19abc61bcdfe4c92aa36795c1864823c6a96,,1,6,1.0,0.5,0.5,0.5,0.5,0.5,0.506,0.5,0.5,0.4999999999999999,0.5,0.5000000000000001,,2.0,unsafe-diagnostic,1.0,1.0,0.2481739707835325,0.7518260292164675,0.8690012970168612,4.345708334033331,0.0762514999951236,0.0001716761413024,0.0001853494087957
stable-local-fallback,this-work,user-certified,primary,0,b9ba51ed044fe0d81d83a534065b9b46287eb1af721d8a7d3bb9a19b8c08fd7b,0.0,1,6,1.0,0.5,0.5,0.5,0.5,0.5,0.499,0.5,0.5,0.4999999999999999,0.5,0.5000000000000001,1.0,1.0,plan-c,1.0,1.0,0.0,1.0,1.0,1.207410547193146,0.0505248999979812,0.0003108613637825,0.0003134407640256
handle-only-drop-residual,this-work,user-certified,primary,0,b9ba51ed044fe0d81d83a534065b9b46287eb1af721d8a7d3bb9a19b8c08fd7b,1.0,1,6,1.0,0.5,0.5,0.5,0.5,0.5,0.499,0.5,0.5,0.4999999999999999,0.5,0.5000000000000001,1.0,1.0,plan-c,1.0,0.2483322214809873,0.2483322214809873,0.0,0.489,2.999485812600241,0.057475699999486,0.0002362806249585,0.0002414926559791
unitscope-equal,this-work,user-certified,primary,0,b9ba51ed044fe0d81d83a534065b9b46287eb1af721d8a7d3bb9a19b8c08fd7b,0.1428571428571428,1,6,1.0,0.5,0.5,0.5,0.5,0.5,0.499,0.5,0.5,0.4999999999999999,0.5,0.5000000000000001,1.0,1.0,plan-c,1.0,1.0,0.2483322214809873,0.7516677785190127,1.0,1.4390498511772924,0.0603360999957658,0.0002779968690639,0.0002819550634281
unitscope-tuned,this-work,user-certified,primary,0,b9ba51ed044fe0d81d83a534065b9b46287eb1af721d8a7d3bb9a19b8c08fd7b,0.75,1,6,1.0,0.5,0.5,0.5,0.5,0.5,0.499,0.5,0.5,0.4999999999999999,0.5,0.5000000000000001,1.0,1.0,plan-c,1.0,1.0,0.2483322214809873,0.7516677785190127,0.86696172871648,2.677053856335143,0.0779400000028545,0.0002115409642502,0.0002186195270655
naive-recalibrated-2c,this-work,user-certified,primary,0,b9ba51ed044fe0d81d83a534065b9b46287eb1af721d8a7d3bb9a19b8c08fd7b,,1,6,1.0,0.5,0.5,0.5,0.5,0.5,0.499,0.5,0.5,0.4999999999999999,0.5,0.5000000000000001,2.0,2.0,plan-delta,2.0,1.0,0.2483322214809873,0.7516677785190127,0.86696172871648,1.9758471278176024,0.0612844999996013,0.0001367695670359,0.0001957187182675
full-identity-reference,oracle,oracle-assumption,full-identity-reference,0,b9ba51ed044fe0d81d83a534065b9b46287eb1af721d8a7d3bb9a19b8c08fd7b,,1,6,1.0,0.5,0.5,0.5,0.5,0.5,0.499,0.5,0.5,0.4999999999999999,0.5,0.5000000000000001,1.0,1.0,plan-c,1.0,1.0,0.0,0.0,1.0,5.1008364041899705,0.3466071000002557,0.0,1.992534756221455e-05
non-private-reference,oracle,non-private,diagnostic,0,b9ba51ed044fe0d81d83a534065b9b46287eb1af721d8a7d3bb9a19b8c08fd7b,,1,6,1.0,0.5,0.5,0.5,0.5,0.5,0.499,0.5,0.5,0.4999999999999999,0.5,0.5000000000000001,,,non-private,0.0,1.0,0.0,0.0,0.0,inf,0.0466115999879548,0.00032064792533,0.00032064792533
naive-claimed-c,this-work,unsafe-diagnostic,diagnostic,0,b9ba51ed044fe0d81d83a534065b9b46287eb1af721d8a7d3bb9a19b8c08fd7b,,1,6,1.0,0.5,0.5,0.5,0.5,0.5,0.499,0.5,0.5,0.4999999999999999,0.5,0.5000000000000001,,2.0,unsafe-diagnostic,1.0,1.0,0.2483322214809873,0.7516677785190127,0.86696172871648,3.951694255635205,0.0590583000011974,0.0001367695670359,0.0001463187950895
stable-local-fallback,this-work,user-certified,primary,1,b9ba51ed044fe0d81d83a534065b9b46287eb1af721d8a7d3bb9a19b8c08fd7b,0.0,1,6,1.0,0.5,0.5,0.5,0.5,0.5,0.4995,0.5,0.5,0.4999999999999999,0.5,0.5000000000000001,1.0,1.0,plan-c,1.0,1.0,0.0,1.0,1.0,1.4220718284749692,0.0503290000051492,0.0003398541383191,0.0003744912733191
handle-only-drop-residual,this-work,user-certified,primary,1,b9ba51ed044fe0d81d83a534065b9b46287eb1af721d8a7d3bb9a19b8c08fd7b,1.0,1,6,1.0,0.5,0.5,0.5,0.5,0.5,0.4995,0.5,0.5,0.4999999999999999,0.5,0.5000000000000001,1.0,1.0,plan-c,1.0,0.2504168056018673,0.2504168056018673,0.0,0.502,3.1810656649439,0.0576699000084772,0.0003176266188502,0.0003518988758943
unitscope-equal,this-work,user-certified,primary,1,b9ba51ed044fe0d81d83a534065b9b46287eb1af721d8a7d3bb9a19b8c08fd7b,0.1428571428571428,1,6,1.0,0.5,0.5,0.5,0.5,0.5,0.4995,0.5,0.5,0.4999999999999999,0.5,0.5000000000000001,1.0,1.0,plan-c,1.0,1.0,0.2504168056018673,0.7495831943981327,1.0,1.5938042146359022,0.0592923999938648,0.0003201953667699,0.0003546358594142
unitscope-tuned,this-work,user-certified,primary,1,b9ba51ed044fe0d81d83a534065b9b46287eb1af721d8a7d3bb9a19b8c08fd7b,0.75,1,6,1.0,0.5,0.5,0.5,0.5,0.5,0.4995,0.5,0.5,0.4999999999999999,0.5,0.5000000000000001,1.0,1.0,plan-c,1.0,1.0,0.2504168056018673,0.7495831943981327,0.869667626275844,2.8519404910034503,0.064420800001244,0.000282935788913,0.0003162989326457
naive-recalibrated-2c,this-work,user-certified,primary,1,b9ba51ed044fe0d81d83a534065b9b46287eb1af721d8a7d3bb9a19b8c08fd7b,,1,6,1.0,0.5,0.5,0.5,0.5,0.5,0.4995,0.5,0.5,0.4999999999999999,0.5,0.5000000000000001,2.0,2.0,plan-delta,2.0,1.0,0.2504168056018673,0.7495831943981327,0.869667626275844,2.098653731298329,0.0759370000014314,0.0001891528735592,0.0002768733071592
full-identity-reference,oracle,oracle-assumption,full-identity-reference,1,b9ba51ed044fe0d81d83a534065b9b46287eb1af721d8a7d3bb9a19b8c08fd7b,,1,6,1.0,0.5,0.5,0.5,0.5,0.5,0.4995,0.5,0.5,0.4999999999999999,0.5,0.5000000000000001,1.0,1.0,plan-c,1.0,1.0,0.0,0.0,1.0,6.191791907195553,0.3393788000103086,0.0,1.458591182783477e-05
non-private-reference,oracle,non-private,diagnostic,1,b9ba51ed044fe0d81d83a534065b9b46287eb1af721d8a7d3bb9a19b8c08fd7b,,1,6,1.0,0.5,0.5,0.5,0.5,0.5,0.4995,0.5,0.5,0.4999999999999999,0.5,0.5000000000000001,,,non-private,0.0,1.0,0.0,0.0,0.0,inf,0.0466009999945526,0.000296659223489,0.000296659223489
naive-claimed-c,this-work,unsafe-diagnostic,diagnostic,1,b9ba51ed044fe0d81d83a534065b9b46287eb1af721d8a7d3bb9a19b8c08fd7b,,1,6,1.0,0.5,0.5,0.5,0.5,0.5,0.4995,0.5,0.5,0.4999999999999999,0.5,0.5000000000000001,,2.0,unsafe-diagnostic,1.0,1.0,0.2504168056018673,0.7495831943981327,0.869667626275844,4.197307462596658,0.0602623999875504,0.0001891528735592,0.0002184271785313
stable-local-fallback,this-work,user-certified,primary,2,b9ba51ed044fe0d81d83a534065b9b46287eb1af721d8a7d3bb9a19b8c08fd7b,0.0,1,6,1.0,0.5,0.5,0.5,0.5,0.5,0.484,0.5,0.5,0.4999999999999999,0.5,0.5000000000000001,1.0,1.0,plan-c,1.0,1.0,0.0,1.0,1.0,1.283795017813014,0.0648685000051045,0.000267460115769,0.0003032086031277
handle-only-drop-residual,this-work,user-certified,primary,2,b9ba51ed044fe0d81d83a534065b9b46287eb1af721d8a7d3bb9a19b8c08fd7b,1.0,1,6,1.0,0.5,0.5,0.5,0.5,0.5,0.484,0.5,0.5,0.4999999999999999,0.5,0.5000000000000001,1.0,1.0,plan-c,1.0,0.2498315363881401,0.2498315363881401,0.0,0.483,2.8191781346261133,0.0568276999983936,0.0002949638826756,0.0003507422709789
unitscope-equal,this-work,user-certified,primary,2,b9ba51ed044fe0d81d83a534065b9b46287eb1af721d8a7d3bb9a19b8c08fd7b,0.1428571428571428,1,6,1.0,0.5,0.5,0.5,0.5,0.5,0.484,0.5,0.5,0.4999999999999999,0.5,0.5000000000000001,1.0,1.0,plan-c,1.0,1.0,0.2498315363881401,0.7501684636118598,1.0,1.380073183499975,0.0612228999962098,0.0002575296175439,0.000296622638773
unitscope-tuned,this-work,user-certified,primary,2,b9ba51ed044fe0d81d83a534065b9b46287eb1af721d8a7d3bb9a19b8c08fd7b,0.75,1,6,1.0,0.5,0.5,0.5,0.5,0.5,0.484,0.5,0.5,0.4999999999999999,0.5,0.5000000000000001,1.0,1.0,plan-c,1.0,1.0,0.2498315363881401,0.7501684636118598,0.8640546936628977,2.500544855004658,0.0597358999948482,0.0002591299735167,0.0003113425620108
naive-recalibrated-2c,this-work,user-certified,primary,2,b9ba51ed044fe0d81d83a534065b9b46287eb1af721d8a7d3bb9a19b8c08fd7b,,1,6,1.0,0.5,0.5,0.5,0.5,0.5,0.484,0.5,0.5,0.4999999999999999,0.5,0.5000000000000001,2.0,2.0,plan-delta,2.0,1.0,0.2498315363881401,0.7501684636118598,0.8640546936628977,1.811949315630676,0.06013320000784,0.0001805417499244,0.0003152341472536
full-identity-reference,oracle,oracle-assumption,full-identity-reference,2,b9ba51ed044fe0d81d83a534065b9b46287eb1af721d8a7d3bb9a19b8c08fd7b,,1,6,1.0,0.5,0.5,0.5,0.5,0.5,0.484,0.5,0.5,0.4999999999999999,0.5,0.5000000000000001,1.0,1.0,plan-c,1.0,1.0,0.0,0.0,1.0,5.295137024976619,0.3522929000027943,0.0,1.5944966299623317e-05
non-private-reference,oracle,non-private,diagnostic,2,b9ba51ed044fe0d81d83a534065b9b46287eb1af721d8a7d3bb9a19b8c08fd7b,,1,6,1.0,0.5,0.5,0.5,0.5,0.5,0.484,0.5,0.5,0.4999999999999999,0.5,0.5000000000000001,,,non-private,0.0,1.0,0.0,0.0,0.0,inf,0.0452315000002272,0.0003269741341641,0.0003269741341641
naive-claimed-c,this-work,unsafe-diagnostic,diagnostic,2,b9ba51ed044fe0d81d83a534065b9b46287eb1af721d8a7d3bb9a19b8c08fd7b,,1,6,1.0,0.5,0.5,0.5,0.5,0.5,0.484,0.5,0.5,0.4999999999999999,0.5,0.5000000000000001,,2.0,unsafe-diagnostic,1.0,1.0,0.2498315363881401,0.7501684636118598,0.8640546936628977,3.623898631261352,0.0579136000014841,0.0001805417499244,0.0002319429822894
stable-local-fallback,this-work,user-certified,primary,3,b9ba51ed044fe0d81d83a534065b9b46287eb1af721d8a7d3bb9a19b8c08fd7b,0.0,1,6,1.0,0.5,0.5,0.5,0.5,0.5,0.508,0.5,0.5,0.4999999999999999,0.5,0.5000000000000001,1.0,1.0,plan-c,1.0,1.0,0.0,1.0,1.0,1.468045163468242,0.0494899000041186,0.0002830281682898,0.0002784463255959
handle-only-drop-residual,this-work,user-certified,primary,3,b9ba51ed044fe0d81d83a534065b9b46287eb1af721d8a7d3bb9a19b8c08fd7b,1.0,1,6,1.0,0.5,0.5,0.5,0.5,0.5,0.508,0.5,0.5,0.4999999999999999,0.5,0.5000000000000001,1.0,1.0,plan-c,1.0,0.248342175066313,0.248342175066313,0.0,0.498,3.228804787496229,0.0746962000121129,0.0002123904081297,0.0002157368547977
unitscope-equal,this-work,user-certified,primary,3,b9ba51ed044fe0d81d83a534065b9b46287eb1af721d8a7d3bb9a19b8c08fd7b,0.1428571428571428,1,6,1.0,0.5,0.5,0.5,0.5,0.5,0.508,0.5,0.5,0.4999999999999999,0.5,0.5000000000000001,1.0,1.0,plan-c,1.0,1.0,0.248342175066313,0.751657824933687,1.0,1.6303597844430455,0.0613604999962262,0.0002662088253306,0.0002631188422902
unitscope-tuned,this-work,user-certified,primary,3,b9ba51ed044fe0d81d83a534065b9b46287eb1af721d8a7d3bb9a19b8c08fd7b,0.75,1,6,1.0,0.5,0.5,0.5,0.5,0.5,0.508,0.5,0.5,0.4999999999999999,0.5,0.5000000000000001,1.0,1.0,plan-c,1.0,1.0,0.248342175066313,0.751657824933687,0.8694408322496749,2.931928160191221,0.0614344000059645,0.0002029289602263,0.0002056872202236
naive-recalibrated-2c,this-work,user-certified,primary,3,b9ba51ed044fe0d81d83a534065b9b46287eb1af721d8a7d3bb9a19b8c08fd7b,,1,6,1.0,0.5,0.5,0.5,0.5,0.5,0.508,0.5,0.5,0.4999999999999999,0.5,0.5000000000000001,2.0,2.0,plan-delta,2.0,1.0,0.248342175066313,0.751657824933687,0.8694408322496749,2.1811256923486706,0.0605559999967226,0.0001164552004799,0.0001646088064004
full-identity-reference,oracle,oracle-assumption,full-identity-reference,3,b9ba51ed044fe0d81d83a534065b9b46287eb1af721d8a7d3bb9a19b8c08fd7b,,1,6,1.0,0.5,0.5,0.5,0.5,0.5,0.508,0.5,0.5,0.4999999999999999,0.5,0.5000000000000001,1.0,1.0,plan-c,1.0,1.0,0.0,0.0,1.0,5.856441850027313,0.3372068000026047,0.0,1.4295995470253785e-05
non-private-reference,oracle,non-private,diagnostic,3,b9ba51ed044fe0d81d83a534065b9b46287eb1af721d8a7d3bb9a19b8c08fd7b,,1,6,1.0,0.5,0.5,0.5,0.5,0.5,0.508,0.5,0.5,0.4999999999999999,0.5,0.5000000000000001,,,non-private,0.0,1.0,0.0,0.0,0.0,inf,0.0607712999917566,0.0003731648278402,0.0003731648278402
naive-claimed-c,this-work,unsafe-diagnostic,diagnostic,3,b9ba51ed044fe0d81d83a534065b9b46287eb1af721d8a7d3bb9a19b8c08fd7b,,1,6,1.0,0.5,0.5,0.5,0.5,0.5,0.508,0.5,0.5,0.4999999999999999,0.5,0.5000000000000001,,2.0,unsafe-diagnostic,1.0,1.0,0.248342175066313,0.751657824933687,0.8694408322496749,4.362251384697341,0.0687853999988874,0.0001164552004799,0.0001262360079699
stable-local-fallback,this-work,user-certified,primary,4,b9ba51ed044fe0d81d83a534065b9b46287eb1af721d8a7d3bb9a19b8c08fd7b,0.0,1,6,1.0,0.5,0.5,0.5,0.5,0.5,0.502,0.5,0.5,0.4999999999999999,0.5,0.5000000000000001,1.0,1.0,plan-c,1.0,1.0,0.0,1.0,1.0,1.254100800063172,0.052822700003162,0.0002621982087321,0.0002707301909047
handle-only-drop-residual,this-work,user-certified,primary,4,b9ba51ed044fe0d81d83a534065b9b46287eb1af721d8a7d3bb9a19b8c08fd7b,1.0,1,6,1.0,0.5,0.5,0.5,0.5,0.5,0.502,0.5,0.5,0.4999999999999999,0.5,0.5000000000000001,1.0,1.0,plan-c,1.0,0.2470039946737683,0.2470039946737683,0.0,0.484,3.1444084835539385,0.0677872000087518,0.0002559735842429,0.0002877659767655
unitscope-equal,this-work,user-certified,primary,4,b9ba51ed044fe0d81d83a534065b9b46287eb1af721d8a7d3bb9a19b8c08fd7b,0.1428571428571428,1,6,1.0,0.5,0.5,0.5,0.5,0.5,0.502,0.5,0.5,0.4999999999999999,0.5,0.5000000000000001,1.0,1.0,plan-c,1.0,1.0,0.2470039946737683,0.7529960053262317,1.0,1.4192317334473905,0.0944126999966101,0.0002441909881722,0.0002562841765948
unitscope-tuned,this-work,user-certified,primary,4,b9ba51ed044fe0d81d83a534065b9b46287eb1af721d8a7d3bb9a19b8c08fd7b,0.75,1,6,1.0,0.5,0.5,0.5,0.5,0.5,0.502,0.5,0.5,0.4999999999999999,0.5,0.5000000000000001,1.0,1.0,plan-c,1.0,1.0,0.2470039946737683,0.7529960053262317,0.8658346333853354,2.769997396686461,0.0624661999900126,0.0002199402354813,0.0002474059865247
naive-recalibrated-2c,this-work,user-certified,primary,4,b9ba51ed044fe0d81d83a534065b9b46287eb1af721d8a7d3bb9a19b8c08fd7b,,1,6,1.0,0.5,0.5,0.5,0.5,0.5,0.502,0.5,0.5,0.4999999999999999,0.5,0.5000000000000001,2.0,2.0,plan-delta,2.0,1.0,0.2470039946737683,0.7529960053262317,0.8658346333853354,1.969682398625608,0.0652115999982925,0.0001574916059787,0.0002501329808474
full-identity-reference,oracle,oracle-assumption,full-identity-reference,4,b9ba51ed044fe0d81d83a534065b9b46287eb1af721d8a7d3bb9a19b8c08fd7b,,1,6,1.0,0.5,0.5,0.5,0.5,0.5,0.502,0.5,0.5,0.4999999999999999,0.5,0.5000000000000001,1.0,1.0,plan-c,1.0,1.0,0.0,0.0,1.0,5.26557076972623,0.3438351999939186,0.0,1.5688479693467358e-05
non-private-reference,oracle,non-private,diagnostic,4,b9ba51ed044fe0d81d83a534065b9b46287eb1af721d8a7d3bb9a19b8c08fd7b,,1,6,1.0,0.5,0.5,0.5,0.5,0.5,0.502,0.5,0.5,0.4999999999999999,0.5,0.5000000000000001,,,non-private,0.0,1.0,0.0,0.0,0.0,inf,0.0497669999895151,0.0002923987649955,0.0002923987649955
naive-claimed-c,this-work,unsafe-diagnostic,diagnostic,4,b9ba51ed044fe0d81d83a534065b9b46287eb1af721d8a7d3bb9a19b8c08fd7b,,1,6,1.0,0.5,0.5,0.5,0.5,0.5,0.502,0.5,0.5,0.4999999999999999,0.5,0.5000000000000001,,2.0,unsafe-diagnostic,1.0,1.0,0.2470039946737683,0.7529960053262317,0.8658346333853354,3.939364797251215,0.0840425999922445,0.0001574916059787,0.0001881238137196
stable-local-fallback,this-work,user-certified,primary,5,b9ba51ed044fe0d81d83a534065b9b46287eb1af721d8a7d3bb9a19b8c08fd7b,0.0,1,6,1.0,0.5,0.5,0.5,0.5,0.5,0.5045,0.5,0.5,0.4999999999999999,0.5,0.5000000000000001,1.0,1.0,plan-c,1.0,1.0,0.0,1.0,1.0,1.2235771090623624,0.0510443999955896,0.0002887157692706,0.0002759135971654
handle-only-drop-residual,this-work,user-certified,primary,5,b9ba51ed044fe0d81d83a534065b9b46287eb1af721d8a7d3bb9a19b8c08fd7b,1.0,1,6,1.0,0.5,0.5,0.5,0.5,0.5,0.5045,0.5,0.5,0.4999999999999999,0.5,0.5000000000000001,1.0,1.0,plan-c,1.0,0.2497507477567298,0.2497507477567298,0.0,0.503,2.993446163690341,0.0582820999989053,0.0002512865774819,0.0002380690638605
unitscope-equal,this-work,user-certified,primary,5,b9ba51ed044fe0d81d83a534065b9b46287eb1af721d8a7d3bb9a19b8c08fd7b,0.1428571428571428,1,6,1.0,0.5,0.5,0.5,0.5,0.5,0.5045,0.5,0.5,0.4999999999999999,0.5,0.5000000000000001,1.0,1.0,plan-c,1.0,1.0,0.2497507477567298,0.7502492522432702,1.0,1.382759717497953,0.0597874000086449,0.0002694015319151,0.0002541210401767
unitscope-tuned,this-work,user-certified,primary,5,b9ba51ed044fe0d81d83a534065b9b46287eb1af721d8a7d3bb9a19b8c08fd7b,0.75,1,6,1.0,0.5,0.5,0.5,0.5,0.5,0.5045,0.5,0.5,0.4999999999999999,0.5,0.5000000000000001,1.0,1.0,plan-c,1.0,1.0,0.2497507477567298,0.7502492522432702,0.8705054715997915,2.631959464776857,0.0841378000041004,0.0002302127930476,0.0002149401837328
naive-recalibrated-2c,this-work,user-certified,primary,5,b9ba51ed044fe0d81d83a534065b9b46287eb1af721d8a7d3bb9a19b8c08fd7b,,1,6,1.0,0.5,0.5,0.5,0.5,0.5,0.5045,0.5,0.5,0.4999999999999999,0.5,0.5000000000000001,2.0,2.0,plan-delta,2.0,1.0,0.2497507477567298,0.7502492522432702,0.8705054715997915,1.9377001874401727,0.0676019999955315,0.0001498093763503,0.0001884845589474
full-identity-reference,oracle,oracle-assumption,full-identity-reference,5,b9ba51ed044fe0d81d83a534065b9b46287eb1af721d8a7d3bb9a19b8c08fd7b,,1,6,1.0,0.5,0.5,0.5,0.5,0.5,0.5045,0.5,0.5,0.4999999999999999,0.5,0.5000000000000001,1.0,1.0,plan-c,1.0,1.0,0.0,0.0,1.0,4.900313708090785,0.3392392999958247,0.0,2.0720191381226914e-05
non-private-reference,oracle,non-private,diagnostic,5,b9ba51ed044fe0d81d83a534065b9b46287eb1af721d8a7d3bb9a19b8c08fd7b,,1,6,1.0,0.5,0.5,0.5,0.5,0.5,0.5045,0.5,0.5,0.4999999999999999,0.5,0.5000000000000001,,,non-private,0.0,1.0,0.0,0.0,0.0,inf,0.0481601000064983,0.0003786889820459,0.0003786889820459
naive-claimed-c,this-work,unsafe-diagnostic,diagnostic,5,b9ba51ed044fe0d81d83a534065b9b46287eb1af721d8a7d3bb9a19b8c08fd7b,,1,6,1.0,0.5,0.5,0.5,0.5,0.5,0.5045,0.5,0.5,0.4999999999999999,0.5,0.5000000000000001,,2.0,unsafe-diagnostic,1.0,1.0,0.2497507477567298,0.7502492522432702,0.8705054715997915,3.8754003748803454,0.0595175000053131,0.0001498093763503,0.0001484267762676
stable-local-fallback,this-work,user-certified,primary,6,b9ba51ed044fe0d81d83a534065b9b46287eb1af721d8a7d3bb9a19b8c08fd7b,0.0,1,6,1.0,0.5,0.5,0.5,0.5,0.5,0.509,0.5,0.5,0.4999999999999999,0.5,0.5000000000000001,1.0,1.0,plan-c,1.0,1.0,0.0,1.0,1.0,1.4264540794767235,0.0547942000121111,0.0002875440862629,0.0002750728853086
handle-only-drop-residual,this-work,user-certified,primary,6,b9ba51ed044fe0d81d83a534065b9b46287eb1af721d8a7d3bb9a19b8c08fd7b,1.0,1,6,1.0,0.5,0.5,0.5,0.5,0.5,0.509,0.5,0.5,0.4999999999999999,0.5,0.5000000000000001,1.0,1.0,plan-c,1.0,0.25,0.25,0.0,0.509,3.373795288592021,0.0571674999955575,0.0002805430663826,0.0002821669123718
unitscope-equal,this-work,user-certified,primary,6,b9ba51ed044fe0d81d83a534065b9b46287eb1af721d8a7d3bb9a19b8c08fd7b,0.1428571428571428,1,6,1.0,0.5,0.5,0.5,0.5,0.5,0.509,0.5,0.5,0.4999999999999999,0.5,0.5000000000000001,1.0,1.0,plan-c,1.0,1.0,0.25,0.75,1.0,1.5553758356289826,0.0590463999978965,0.0002739117199916,0.0002637909924766
unitscope-tuned,this-work,user-certified,primary,6,b9ba51ed044fe0d81d83a534065b9b46287eb1af721d8a7d3bb9a19b8c08fd7b,0.75,1,6,1.0,0.5,0.5,0.5,0.5,0.5,0.509,0.5,0.5,0.4999999999999999,0.5,0.5000000000000001,1.0,1.0,plan-c,1.0,1.0,0.25,0.75,0.872368079022615,2.953768817847564,0.06061139999656,0.0002508196490256,0.0002516219315421
naive-recalibrated-2c,this-work,user-certified,primary,6,b9ba51ed044fe0d81d83a534065b9b46287eb1af721d8a7d3bb9a19b8c08fd7b,,1,6,1.0,0.5,0.5,0.5,0.5,0.5,0.509,0.5,0.5,0.4999999999999999,0.5,0.5000000000000001,2.0,2.0,plan-delta,2.0,1.0,0.25,0.75,0.872368079022615,2.1441314747486087,0.0791573000024072,0.0001689243151833,0.0002077168315784
full-identity-reference,oracle,oracle-assumption,full-identity-reference,6,b9ba51ed044fe0d81d83a534065b9b46287eb1af721d8a7d3bb9a19b8c08fd7b,,1,6,1.0,0.5,0.5,0.5,0.5,0.5,0.509,0.5,0.5,0.4999999999999999,0.5,0.5000000000000001,1.0,1.0,plan-c,1.0,1.0,0.0,0.0,1.0,6.087290900090361,0.3384128000034252,0.0,1.2850918528840267e-05
non-private-reference,oracle,non-private,diagnostic,6,b9ba51ed044fe0d81d83a534065b9b46287eb1af721d8a7d3bb9a19b8c08fd7b,,1,6,1.0,0.5,0.5,0.5,0.5,0.5,0.509,0.5,0.5,0.4999999999999999,0.5,0.5000000000000001,,,non-private,0.0,1.0,0.0,0.0,0.0,inf,0.0467976000072667,0.0002852027932584,0.0002852027932584
naive-claimed-c,this-work,unsafe-diagnostic,diagnostic,6,b9ba51ed044fe0d81d83a534065b9b46287eb1af721d8a7d3bb9a19b8c08fd7b,,1,6,1.0,0.5,0.5,0.5,0.5,0.5,0.509,0.5,0.5,0.4999999999999999,0.5,0.5000000000000001,,2.0,unsafe-diagnostic,1.0,1.0,0.25,0.75,0.872368079022615,4.288262949497217,0.0615401999966707,0.0001689243151833,0.000175469654852
stable-local-fallback,this-work,user-certified,primary,7,b9ba51ed044fe0d81d83a534065b9b46287eb1af721d8a7d3bb9a19b8c08fd7b,0.0,1,6,1.0,0.5,0.5,0.5,0.5,0.5,0.486,0.5,0.5,0.4999999999999999,0.5,0.5000000000000001,1.0,1.0,plan-c,1.0,1.0,0.0,1.0,1.0,1.4250707524402246,0.0638016000011703,0.0002935444762329,0.0003015428218663
handle-only-drop-residual,this-work,user-certified,primary,7,b9ba51ed044fe0d81d83a534065b9b46287eb1af721d8a7d3bb9a19b8c08fd7b,1.0,1,6,1.0,0.5,0.5,0.5,0.5,0.5,0.486,0.5,0.5,0.4999999999999999,0.5,0.5000000000000001,1.0,1.0,plan-c,1.0,0.2489905787348587,0.2489905787348587,0.0,0.48,3.417362711479657,0.0578318000043509,0.0003063772655682,0.0002972158632862
unitscope-equal,this-work,user-certified,primary,7,b9ba51ed044fe0d81d83a534065b9b46287eb1af721d8a7d3bb9a19b8c08fd7b,0.1428571428571428,1,6,1.0,0.5,0.5,0.5,0.5,0.5,0.486,0.5,0.5,0.4999999999999999,0.5,0.5000000000000001,1.0,1.0,plan-c,1.0,1.0,0.2489905787348587,0.7510094212651414,1.0,1.6110655865556072,0.0611989000026369,0.0002761024559444,0.000284784848865
unitscope-tuned,this-work,user-certified,primary,7,b9ba51ed044fe0d81d83a534065b9b46287eb1af721d8a7d3bb9a19b8c08fd7b,0.75,1,6,1.0,0.5,0.5,0.5,0.5,0.5,0.486,0.5,0.5,0.4999999999999999,0.5,0.5000000000000001,1.0,1.0,plan-c,1.0,1.0,0.2489905787348587,0.7510094212651414,0.8636244426960399,3.003972724047539,0.0593010999873513,0.0002595214852881,0.0002573054625788
naive-recalibrated-2c,this-work,user-certified,primary,7,b9ba51ed044fe0d81d83a534065b9b46287eb1af721d8a7d3bb9a19b8c08fd7b,,1,6,1.0,0.5,0.5,0.5,0.5,0.5,0.486,0.5,0.5,0.4999999999999999,0.5,0.5000000000000001,2.0,2.0,plan-delta,2.0,1.0,0.2489905787348587,0.7510094212651414,0.8636244426960399,2.191502636723524,0.0613416999985929,0.0001908564687597,0.0002038859752359
full-identity-reference,oracle,oracle-assumption,full-identity-reference,7,b9ba51ed044fe0d81d83a534065b9b46287eb1af721d8a7d3bb9a19b8c08fd7b,,1,6,1.0,0.5,0.5,0.5,0.5,0.5,0.486,0.5,0.5,0.4999999999999999,0.5,0.5000000000000001,1.0,1.0,plan-c,1.0,1.0,0.0,0.0,1.0,5.863097158414657,0.3358531999983825,0.0,1.4522739286817303e-05
non-private-reference,oracle,non-private,diagnostic,7,b9ba51ed044fe0d81d83a534065b9b46287eb1af721d8a7d3bb9a19b8c08fd7b,,1,6,1.0,0.5,0.5,0.5,0.5,0.5,0.486,0.5,0.5,0.4999999999999999,0.5,0.5000000000000001,,,non-private,0.0,1.0,0.0,0.0,0.0,inf,0.0603835999936563,0.0003348545638978,0.0003348545638978
naive-claimed-c,this-work,unsafe-diagnostic,diagnostic,7,b9ba51ed044fe0d81d83a534065b9b46287eb1af721d8a7d3bb9a19b8c08fd7b,,1,6,1.0,0.5,0.5,0.5,0.5,0.5,0.486,0.5,0.5,0.4999999999999999,0.5,0.5000000000000001,,2.0,unsafe-diagnostic,1.0,1.0,0.2489905787348587,0.7510094212651414,0.8636244426960399,4.383005273447048,0.0615485000016633,0.0001908564687597,0.000182848482711
stable-local-fallback,this-work,user-certified,primary,8,b9ba51ed044fe0d81d83a534065b9b46287eb1af721d8a7d3bb9a19b8c08fd7b,0.0,1,6,1.0,0.5,0.5,0.5,0.5,0.5,0.4875,0.5,0.5,0.4999999999999999,0.5,0.5000000000000001,1.0,1.0,plan-c,1.0,1.0,0.0,1.0,1.0,1.4369047990323,0.0507435000035911,0.0003849575967817,0.0004496674085316
handle-only-drop-residual,this-work,user-certified,primary,8,b9ba51ed044fe0d81d83a534065b9b46287eb1af721d8a7d3bb9a19b8c08fd7b,1.0,1,6,1.0,0.5,0.5,0.5,0.5,0.5,0.4875,0.5,0.5,0.4999999999999999,0.5,0.5000000000000001,1.0,1.0,plan-c,1.0,0.2510924369747899,0.2510924369747899,0.0,0.494,3.2645427690424524,0.0737569000048097,0.000369051770445,0.0004178502697072
unitscope-equal,this-work,user-certified,primary,8,b9ba51ed044fe0d81d83a534065b9b46287eb1af721d8a7d3bb9a19b8c08fd7b,0.1428571428571428,1,6,1.0,0.5,0.5,0.5,0.5,0.5,0.4875,0.5,0.5,0.4999999999999999,0.5,0.5000000000000001,1.0,1.0,plan-c,1.0,1.0,0.2510924369747899,0.7489075630252101,1.0,1.5581333627280494,0.0603703999950084,0.0003717142703585,0.0004349460454431
unitscope-tuned,this-work,user-certified,primary,8,b9ba51ed044fe0d81d83a534065b9b46287eb1af721d8a7d3bb9a19b8c08fd7b,0.75,1,6,1.0,0.5,0.5,0.5,0.5,0.5,0.4875,0.5,0.5,0.4999999999999999,0.5,0.5000000000000001,1.0,1.0,plan-c,1.0,1.0,0.2510924369747899,0.7489075630252101,0.8680917622523462,2.8902245280665166,0.0654307999939192,0.0003487756223294,0.0004001804131858
naive-recalibrated-2c,this-work,user-certified,primary,8,b9ba51ed044fe0d81d83a534065b9b46287eb1af721d8a7d3bb9a19b8c08fd7b,,1,6,1.0,0.5,0.5,0.5,0.5,0.5,0.4875,0.5,0.5,0.4999999999999999,0.5,0.5000000000000001,2.0,2.0,plan-delta,2.0,1.0,0.2510924369747899,0.7489075630252101,0.8680917622523462,2.115017770887899,0.06398619999527,0.0002119259366449,0.0003167958283433
full-identity-reference,oracle,oracle-assumption,full-identity-reference,8,b9ba51ed044fe0d81d83a534065b9b46287eb1af721d8a7d3bb9a19b8c08fd7b,,1,6,1.0,0.5,0.5,0.5,0.5,0.5,0.4875,0.5,0.5,0.4999999999999999,0.5,0.5000000000000001,1.0,1.0,plan-c,1.0,1.0,0.0,0.0,1.0,6.063594744333242,0.3388108000071952,0.0,1.7675969185463058e-05
non-private-reference,oracle,non-private,diagnostic,8,b9ba51ed044fe0d81d83a534065b9b46287eb1af721d8a7d3bb9a19b8c08fd7b,,1,6,1.0,0.5,0.5,0.5,0.5,0.5,0.4875,0.5,0.5,0.4999999999999999,0.5,0.5000000000000001,,,non-private,0.0,1.0,0.0,0.0,0.0,inf,0.0470735999988392,0.0003715009863043,0.0003715009863043
naive-claimed-c,this-work,unsafe-diagnostic,diagnostic,8,b9ba51ed044fe0d81d83a534065b9b46287eb1af721d8a7d3bb9a19b8c08fd7b,,1,6,1.0,0.5,0.5,0.5,0.5,0.5,0.4875,0.5,0.5,0.4999999999999999,0.5,0.5000000000000001,,2.0,unsafe-diagnostic,1.0,1.0,0.2510924369747899,0.7489075630252101,0.8680917622523462,4.230035541775798,0.0761763000045903,0.0002119259366449,0.0002466849133086
stable-local-fallback,this-work,user-certified,primary,9,b9ba51ed044fe0d81d83a534065b9b46287eb1af721d8a7d3bb9a19b8c08fd7b,0.0,1,6,1.0,0.5,0.5,0.5,0.5,0.5,0.506,0.5,0.5,0.4999999999999999,0.5,0.5000000000000001,1.0,1.0,plan-c,1.0,1.0,0.0,1.0,1.0,1.4650928361877105,0.0498650000081397,0.0003284435992934,0.0003563336708778
handle-only-drop-residual,this-work,user-certified,primary,9,b9ba51ed044fe0d81d83a534065b9b46287eb1af721d8a7d3bb9a19b8c08fd7b,1.0,1,6,1.0,0.5,0.5,0.5,0.5,0.5,0.506,0.5,0.5,0.4999999999999999,0.5,0.5000000000000001,1.0,1.0,plan-c,1.0,0.2481739707835325,0.2481739707835325,0.0,0.495,3.4091721876244128,0.0572228999953949,0.0002960171263601,0.0003104569530206
unitscope-equal,this-work,user-certified,primary,9,b9ba51ed044fe0d81d83a534065b9b46287eb1af721d8a7d3bb9a19b8c08fd7b,0.1428571428571428,1,6,1.0,0.5,0.5,0.5,0.5,0.5,0.506,0.5,0.5,0.4999999999999999,0.5,0.5000000000000001,1.0,1.0,plan-c,1.0,1.0,0.2481739707835325,0.7518260292164675,1.0,1.6003033615520044,0.078991300004418,0.0003118018426354,0.0003407016343331
unitscope-tuned,this-work,user-certified,primary,9,b9ba51ed044fe0d81d83a534065b9b46287eb1af721d8a7d3bb9a19b8c08fd7b,0.75,1,6,1.0,0.5,0.5,0.5,0.5,0.5,0.506,0.5,0.5,0.4999999999999999,0.5,0.5000000000000001,1.0,1.0,plan-c,1.0,1.0,0.2481739707835325,0.7518260292164675,0.8690012970168612,3.0217958067299246,0.0603820999967865,0.0002642222575249,0.0002828762281028
naive-recalibrated-2c,this-work,user-certified,primary,9,b9ba51ed044fe0d81d83a534065b9b46287eb1af721d8a7d3bb9a19b8c08fd7b,,1,6,1.0,0.5,0.5,0.5,0.5,0.5,0.506,0.5,0.5,0.4999999999999999,0.5,0.5000000000000001,2.0,2.0,plan-delta,2.0,1.0,0.2481739707835325,0.7518260292164675,0.8690012970168612,2.172854167016665,0.0606498999986797,0.0001716761413024,0.000225477347573
full-identity-reference,oracle,oracle-assumption,full-identity-reference,9,b9ba51ed044fe0d81d83a534065b9b46287eb1af721d8a7d3bb9a19b8c08fd7b,,1,6,1.0,0.5,0.5,0.5,0.5,0.5,0.506,0.5,0.5,0.4999999999999999,0.5,0.5000000000000001,1.0,1.0,plan-c,1.0,1.0,0.0,0.0,1.0,6.390265086129181,0.357885699995677,0.0,1.3227335642052284e-05
non-private-reference,oracle,non-private,diagnostic,9,b9ba51ed044fe0d81d83a534065b9b46287eb1af721d8a7d3bb9a19b8c08fd7b,,1,6,1.0,0.5,0.5,0.5,0.5,0.5,0.506,0.5,0.5,0.4999999999999999,0.5,0.5000000000000001,,,non-private,0.0,1.0,0.0,0.0,0.0,inf,0.0465083999879425,0.0002833351152845,0.0002833351152845
naive-claimed-c,this-work,unsafe-diagnostic,diagnostic,9,b9ba51ed044fe0d81d83a534065b9b46287eb1af721d8a7d3bb9a19b8c08fd7b,,1,6,1.0,0.5,0.5,0.5,0.5,0.5,0.506,0.5,0.5,0.4999999999999999,0.5,0.5000000000000001,,2.0,unsafe-diagnostic,1.0,1.0,0.2481739707835325,0.7518260292164675,0.8690012970168612,4.345708334033331,0.0593629999930271,0.0001716761413024,0.0001853494087957
stable-local-fallback,this-work,user-certified,primary,0,5a1a0d9face92aec0a0f641341aa62346ee1398565778501f38bf6cc267e64e8,0.0,1,6,1.0,0.5,0.5,0.5,0.5,0.5,0.499,0.5,0.5,0.4999999999999999,0.5,0.5000000000000001,1.0,1.0,plan-c,1.0,1.0,0.0,1.0,1.0,1.207410547193146,0.0520167000067885,0.0003108613637825,0.0003134407640256
handle-only-drop-residual,this-work,user-certified,primary,0,5a1a0d9face92aec0a0f641341aa62346ee1398565778501f38bf6cc267e64e8,1.0,1,6,1.0,0.5,0.5,0.5,0.5,0.5,0.499,0.5,0.5,0.4999999999999999,0.5,0.5000000000000001,1.0,1.0,plan-c,1.0,0.2483322214809873,0.2483322214809873,0.0,0.489,2.999485812600241,0.0622644000104628,0.0002362806249585,0.0002414926559791
unitscope-equal,this-work,user-certified,primary,0,5a1a0d9face92aec0a0f641341aa62346ee1398565778501f38bf6cc267e64e8,0.1428571428571428,1,6,1.0,0.5,0.5,0.5,0.5,0.5,0.499,0.5,0.5,0.4999999999999999,0.5,0.5000000000000001,1.0,1.0,plan-c,1.0,1.0,0.2483322214809873,0.7516677785190127,1.0,1.4390498511772924,0.0673221999895758,0.0002779968690639,0.0002819550634281
unitscope-tuned,this-work,user-certified,primary,0,5a1a0d9face92aec0a0f641341aa62346ee1398565778501f38bf6cc267e64e8,0.9,1,6,1.0,0.5,0.5,0.5,0.5,0.5,0.499,0.5,0.5,0.4999999999999999,0.5,0.5000000000000001,1.0,1.0,plan-c,1.0,1.0,0.2483322214809873,0.7516677785190127,0.86696172871648,2.86274700799978,0.113910299987765,0.0002250004353561,0.0002309590790946
naive-recalibrated-2c,this-work,user-certified,primary,0,5a1a0d9face92aec0a0f641341aa62346ee1398565778501f38bf6cc267e64e8,,1,6,1.0,0.5,0.5,0.5,0.5,0.5,0.499,0.5,0.5,0.4999999999999999,0.5,0.5000000000000001,2.0,2.0,plan-delta,2.0,1.0,0.2483322214809873,0.7516677785190127,0.86696172871648,1.9758471278176024,0.0624456999939866,0.0001367695670359,0.0001957187182675
full-identity-reference,oracle,oracle-assumption,full-identity-reference,0,5a1a0d9face92aec0a0f641341aa62346ee1398565778501f38bf6cc267e64e8,,1,6,1.0,0.5,0.5,0.5,0.5,0.5,0.499,0.5,0.5,0.4999999999999999,0.5,0.5000000000000001,1.0,1.0,plan-c,1.0,1.0,0.0,0.0,1.0,5.1008364041899705,0.3379925999906845,0.0,1.992534756221455e-05
non-private-reference,oracle,non-private,diagnostic,0,5a1a0d9face92aec0a0f641341aa62346ee1398565778501f38bf6cc267e64e8,,1,6,1.0,0.5,0.5,0.5,0.5,0.5,0.499,0.5,0.5,0.4999999999999999,0.5,0.5000000000000001,,,non-private,0.0,1.0,0.0,0.0,0.0,inf,0.0470343999913893,0.00032064792533,0.00032064792533
naive-claimed-c,this-work,unsafe-diagnostic,diagnostic,0,5a1a0d9face92aec0a0f641341aa62346ee1398565778501f38bf6cc267e64e8,,1,6,1.0,0.5,0.5,0.5,0.5,0.5,0.499,0.5,0.5,0.4999999999999999,0.5,0.5000000000000001,,2.0,unsafe-diagnostic,1.0,1.0,0.2483322214809873,0.7516677785190127,0.86696172871648,3.951694255635205,0.0598600999946938,0.0001367695670359,0.0001463187950895
stable-local-fallback,this-work,user-certified,primary,1,5a1a0d9face92aec0a0f641341aa62346ee1398565778501f38bf6cc267e64e8,0.0,1,6,1.0,0.5,0.5,0.5,0.5,0.5,0.4995,0.5,0.5,0.4999999999999999,0.5,0.5000000000000001,1.0,1.0,plan-c,1.0,1.0,0.0,1.0,1.0,1.4220718284749692,0.0536005000030854,0.0003398541383191,0.0003744912733191
handle-only-drop-residual,this-work,user-certified,primary,1,5a1a0d9face92aec0a0f641341aa62346ee1398565778501f38bf6cc267e64e8,1.0,1,6,1.0,0.5,0.5,0.5,0.5,0.5,0.4995,0.5,0.5,0.4999999999999999,0.5,0.5000000000000001,1.0,1.0,plan-c,1.0,0.2504168056018673,0.2504168056018673,0.0,0.502,3.1810656649439,0.0693165999982738,0.0003176266188502,0.0003518988758943
unitscope-equal,this-work,user-certified,primary,1,5a1a0d9face92aec0a0f641341aa62346ee1398565778501f38bf6cc267e64e8,0.1428571428571428,1,6,1.0,0.5,0.5,0.5,0.5,0.5,0.4995,0.5,0.5,0.4999999999999999,0.5,0.5000000000000001,1.0,1.0,plan-c,1.0,1.0,0.2504168056018673,0.7495831943981327,1.0,1.5938042146359022,0.0700127999880351,0.0003201953667699,0.0003546358594142
unitscope-tuned,this-work,user-certified,primary,1,5a1a0d9face92aec0a0f641341aa62346ee1398565778501f38bf6cc267e64e8,0.9,1,6,1.0,0.5,0.5,0.5,0.5,0.5,0.4995,0.5,0.5,0.4999999999999999,0.5,0.5000000000000001,1.0,1.0,plan-c,1.0,1.0,0.2504168056018673,0.7495831943981327,0.869667626275844,3.0374962583474225,0.0650144999963231,0.0003023128516092,0.0003362214633287
naive-recalibrated-2c,this-work,user-certified,primary,1,5a1a0d9face92aec0a0f641341aa62346ee1398565778501f38bf6cc267e64e8,,1,6,1.0,0.5,0.5,0.5,0.5,0.5,0.4995,0.5,0.5,0.4999999999999999,0.5,0.5000000000000001,2.0,2.0,plan-delta,2.0,1.0,0.2504168056018673,0.7495831943981327,0.869667626275844,2.098653731298329,0.0926443999924231,0.0001891528735592,0.0002768733071592
full-identity-reference,oracle,oracle-assumption,full-identity-reference,1,5a1a0d9face92aec0a0f641341aa62346ee1398565778501f38bf6cc267e64e8,,1,6,1.0,0.5,0.5,0.5,0.5,0.5,0.4995,0.5,0.5,0.4999999999999999,0.5,0.5000000000000001,1.0,1.0,plan-c,1.0,1.0,0.0,0.0,1.0,6.191791907195553,0.4300055000057909,0.0,1.458591182783477e-05
non-private-reference,oracle,non-private,diagnostic,1,5a1a0d9face92aec0a0f641341aa62346ee1398565778501f38bf6cc267e64e8,,1,6,1.0,0.5,0.5,0.5,0.5,0.5,0.4995,0.5,0.5,0.4999999999999999,0.5,0.5000000000000001,,,non-private,0.0,1.0,0.0,0.0,0.0,inf,0.0465701000066474,0.000296659223489,0.000296659223489
naive-claimed-c,this-work,unsafe-diagnostic,diagnostic,1,5a1a0d9face92aec0a0f641341aa62346ee1398565778501f38bf6cc267e64e8,,1,6,1.0,0.5,0.5,0.5,0.5,0.5,0.4995,0.5,0.5,0.4999999999999999,0.5,0.5000000000000001,,2.0,unsafe-diagnostic,1.0,1.0,0.2504168056018673,0.7495831943981327,0.869667626275844,4.197307462596658,0.0602590000053169,0.0001891528735592,0.0002184271785313
stable-local-fallback,this-work,user-certified,primary,2,5a1a0d9face92aec0a0f641341aa62346ee1398565778501f38bf6cc267e64e8,0.0,1,6,1.0,0.5,0.5,0.5,0.5,0.5,0.484,0.5,0.5,0.4999999999999999,0.5,0.5000000000000001,1.0,1.0,plan-c,1.0,1.0,0.0,1.0,1.0,1.283795017813014,0.0711422999884234,0.000267460115769,0.0003032086031277
handle-only-drop-residual,this-work,user-certified,primary,2,5a1a0d9face92aec0a0f641341aa62346ee1398565778501f38bf6cc267e64e8,1.0,1,6,1.0,0.5,0.5,0.5,0.5,0.5,0.484,0.5,0.5,0.4999999999999999,0.5,0.5000000000000001,1.0,1.0,plan-c,1.0,0.2498315363881401,0.2498315363881401,0.0,0.483,2.8191781346261133,0.0687042999925324,0.0002949638826756,0.0003507422709789
unitscope-equal,this-work,user-certified,primary,2,5a1a0d9face92aec0a0f641341aa62346ee1398565778501f38bf6cc267e64e8,0.1428571428571428,1,6,1.0,0.5,0.5,0.5,0.5,0.5,0.484,0.5,0.5,0.4999999999999999,0.5,0.5000000000000001,1.0,1.0,plan-c,1.0,1.0,0.2498315363881401,0.7501684636118598,1.0,1.380073183499975,0.0635433000134071,0.0002575296175439,0.000296622638773
unitscope-tuned,this-work,user-certified,primary,2,5a1a0d9face92aec0a0f641341aa62346ee1398565778501f38bf6cc267e64e8,0.9,1,6,1.0,0.5,0.5,0.5,0.5,0.5,0.484,0.5,0.5,0.4999999999999999,0.5,0.5000000000000001,1.0,1.0,plan-c,1.0,1.0,0.2498315363881401,0.7501684636118598,0.8640546936628977,2.682044869290162,0.0636678000009851,0.0002794123729545,0.0003337644413341
naive-recalibrated-2c,this-work,user-certified,primary,2,5a1a0d9face92aec0a0f641341aa62346ee1398565778501f38bf6cc267e64e8,,1,6,1.0,0.5,0.5,0.5,0.5,0.5,0.484,0.5,0.5,0.4999999999999999,0.5,0.5000000000000001,2.0,2.0,plan-delta,2.0,1.0,0.2498315363881401,0.7501684636118598,0.8640546936628977,1.811949315630676,0.0614827999961562,0.0001805417499244,0.0003152341472536
full-identity-reference,oracle,oracle-assumption,full-identity-reference,2,5a1a0d9face92aec0a0f641341aa62346ee1398565778501f38bf6cc267e64e8,,1,6,1.0,0.5,0.5,0.5,0.5,0.5,0.484,0.5,0.5,0.4999999999999999,0.5,0.5000000000000001,1.0,1.0,plan-c,1.0,1.0,0.0,0.0,1.0,5.295137024976619,0.3513880999962566,0.0,1.5944966299623317e-05
non-private-reference,oracle,non-private,diagnostic,2,5a1a0d9face92aec0a0f641341aa62346ee1398565778501f38bf6cc267e64e8,,1,6,1.0,0.5,0.5,0.5,0.5,0.5,0.484,0.5,0.5,0.4999999999999999,0.5,0.5000000000000001,,,non-private,0.0,1.0,0.0,0.0,0.0,inf,0.0608092000038595,0.0003269741341641,0.0003269741341641
naive-claimed-c,this-work,unsafe-diagnostic,diagnostic,2,5a1a0d9face92aec0a0f641341aa62346ee1398565778501f38bf6cc267e64e8,,1,6,1.0,0.5,0.5,0.5,0.5,0.5,0.484,0.5,0.5,0.4999999999999999,0.5,0.5000000000000001,,2.0,unsafe-diagnostic,1.0,1.0,0.2498315363881401,0.7501684636118598,0.8640546936628977,3.623898631261352,0.0580744000035338,0.0001805417499244,0.0002319429822894
stable-local-fallback,this-work,user-certified,primary,3,5a1a0d9face92aec0a0f641341aa62346ee1398565778501f38bf6cc267e64e8,0.0,1,6,1.0,0.5,0.5,0.5,0.5,0.5,0.508,0.5,0.5,0.4999999999999999,0.5,0.5000000000000001,1.0,1.0,plan-c,1.0,1.0,0.0,1.0,1.0,1.468045163468242,0.0505206999951042,0.0002830281682898,0.0002784463255959
handle-only-drop-residual,this-work,user-certified,primary,3,5a1a0d9face92aec0a0f641341aa62346ee1398565778501f38bf6cc267e64e8,1.0,1,6,1.0,0.5,0.5,0.5,0.5,0.5,0.508,0.5,0.5,0.4999999999999999,0.5,0.5000000000000001,1.0,1.0,plan-c,1.0,0.248342175066313,0.248342175066313,0.0,0.498,3.228804787496229,0.0738448000047355,0.0002123904081297,0.0002157368547977
unitscope-equal,this-work,user-certified,primary,3,5a1a0d9face92aec0a0f641341aa62346ee1398565778501f38bf6cc267e64e8,0.1428571428571428,1,6,1.0,0.5,0.5,0.5,0.5,0.5,0.508,0.5,0.5,0.4999999999999999,0.5,0.5000000000000001,1.0,1.0,plan-c,1.0,1.0,0.248342175066313,0.751657824933687,1.0,1.6303597844430455,0.0605390000127954,0.0002662088253306,0.0002631188422902
unitscope-tuned,this-work,user-certified,primary,3,5a1a0d9face92aec0a0f641341aa62346ee1398565778501f38bf6cc267e64e8,0.9,1,6,1.0,0.5,0.5,0.5,0.5,0.5,0.508,0.5,0.5,0.4999999999999999,0.5,0.5000000000000001,1.0,1.0,plan-c,1.0,1.0,0.248342175066313,0.751657824933687,0.8694408322496749,3.100020272979402,0.0598042999918106,0.0002074126335038,0.0002105238055035
naive-recalibrated-2c,this-work,user-certified,primary,3,5a1a0d9face92aec0a0f641341aa62346ee1398565778501f38bf6cc267e64e8,,1,6,1.0,0.5,0.5,0.5,0.5,0.5,0.508,0.5,0.5,0.4999999999999999,0.5,0.5000000000000001,2.0,2.0,plan-delta,2.0,1.0,0.248342175066313,0.751657824933687,0.8694408322496749,2.1811256923486706,0.0594786000001477,0.0001164552004799,0.0001646088064004
full-identity-reference,oracle,oracle-assumption,full-identity-reference,3,5a1a0d9face92aec0a0f641341aa62346ee1398565778501f38bf6cc267e64e8,,1,6,1.0,0.5,0.5,0.5,0.5,0.5,0.508,0.5,0.5,0.4999999999999999,0.5,0.5000000000000001,1.0,1.0,plan-c,1.0,1.0,0.0,0.0,1.0,5.856441850027313,0.3378611999942222,0.0,1.4295995470253785e-05
non-private-reference,oracle,non-private,diagnostic,3,5a1a0d9face92aec0a0f641341aa62346ee1398565778501f38bf6cc267e64e8,,1,6,1.0,0.5,0.5,0.5,0.5,0.5,0.508,0.5,0.5,0.4999999999999999,0.5,0.5000000000000001,,,non-private,0.0,1.0,0.0,0.0,0.0,inf,0.0464968000014778,0.0003731648278402,0.0003731648278402
naive-claimed-c,this-work,unsafe-diagnostic,diagnostic,3,5a1a0d9face92aec0a0f641341aa62346ee1398565778501f38bf6cc267e64e8,,1,6,1.0,0.5,0.5,0.5,0.5,0.5,0.508,0.5,0.5,0.4999999999999999,0.5,0.5000000000000001,,2.0,unsafe-diagnostic,1.0,1.0,0.248342175066313,0.751657824933687,0.8694408322496749,4.362251384697341,0.0756349000002956,0.0001164552004799,0.0001262360079699
stable-local-fallback,this-work,user-certified,primary,4,5a1a0d9face92aec0a0f641341aa62346ee1398565778501f38bf6cc267e64e8,0.0,1,6,1.0,0.5,0.5,0.5,0.5,0.5,0.502,0.5,0.5,0.4999999999999999,0.5,0.5000000000000001,1.0,1.0,plan-c,1.0,1.0,0.0,1.0,1.0,1.254100800063172,0.0493092999968212,0.0002621982087321,0.0002707301909047
handle-only-drop-residual,this-work,user-certified,primary,4,5a1a0d9face92aec0a0f641341aa62346ee1398565778501f38bf6cc267e64e8,1.0,1,6,1.0,0.5,0.5,0.5,0.5,0.5,0.502,0.5,0.5,0.4999999999999999,0.5,0.5000000000000001,1.0,1.0,plan-c,1.0,0.2470039946737683,0.2470039946737683,0.0,0.484,3.1444084835539385,0.0570135000016307,0.0002559735842429,0.0002877659767655
unitscope-equal,this-work,user-certified,primary,4,5a1a0d9face92aec0a0f641341aa62346ee1398565778501f38bf6cc267e64e8,0.1428571428571428,1,6,1.0,0.5,0.5,0.5,0.5,0.5,0.502,0.5,0.5,0.4999999999999999,0.5,0.5000000000000001,1.0,1.0,plan-c,1.0,1.0,0.2470039946737683,0.7529960053262317,1.0,1.4192317334473905,0.0611048000137088,0.0002441909881722,0.0002562841765948
unitscope-tuned,this-work,user-certified,primary,4,5a1a0d9face92aec0a0f641341aa62346ee1398565778501f38bf6cc267e64e8,0.9,1,6,1.0,0.5,0.5,0.5,0.5,0.5,0.502,0.5,0.5,0.4999999999999999,0.5,0.5000000000000001,1.0,1.0,plan-c,1.0,1.0,0.2470039946737683,0.7529960053262317,0.8658346333853354,2.984238397760186,0.0748918000026606,0.0002400563746354,0.0002701181105663
naive-recalibrated-2c,this-work,user-certified,primary,4,5a1a0d9face92aec0a0f641341aa62346ee1398565778501f38bf6cc267e64e8,,1,6,1.0,0.5,0.5,0.5,0.5,0.5,0.502,0.5,0.5,0.4999999999999999,0.5,0.5000000000000001,2.0,2.0,plan-delta,2.0,1.0,0.2470039946737683,0.7529960053262317,0.8658346333853354,1.969682398625608,0.0611268999928142,0.0001574916059787,0.0002501329808474
full-identity-reference,oracle,oracle-assumption,full-identity-reference,4,5a1a0d9face92aec0a0f641341aa62346ee1398565778501f38bf6cc267e64e8,,1,6,1.0,0.5,0.5,0.5,0.5,0.5,0.502,0.5,0.5,0.4999999999999999,0.5,0.5000000000000001,1.0,1.0,plan-c,1.0,1.0,0.0,0.0,1.0,5.26557076972623,0.3386542999942321,0.0,1.5688479693467358e-05
non-private-reference,oracle,non-private,diagnostic,4,5a1a0d9face92aec0a0f641341aa62346ee1398565778501f38bf6cc267e64e8,,1,6,1.0,0.5,0.5,0.5,0.5,0.5,0.502,0.5,0.5,0.4999999999999999,0.5,0.5000000000000001,,,non-private,0.0,1.0,0.0,0.0,0.0,inf,0.0521816999971633,0.0002923987649955,0.0002923987649955
naive-claimed-c,this-work,unsafe-diagnostic,diagnostic,4,5a1a0d9face92aec0a0f641341aa62346ee1398565778501f38bf6cc267e64e8,,1,6,1.0,0.5,0.5,0.5,0.5,0.5,0.502,0.5,0.5,0.4999999999999999,0.5,0.5000000000000001,,2.0,unsafe-diagnostic,1.0,1.0,0.2470039946737683,0.7529960053262317,0.8658346333853354,3.939364797251215,0.0636811000003945,0.0001574916059787,0.0001881238137196
stable-local-fallback,this-work,user-certified,primary,5,5a1a0d9face92aec0a0f641341aa62346ee1398565778501f38bf6cc267e64e8,0.0,1,6,1.0,0.5,0.5,0.5,0.5,0.5,0.5045,0.5,0.5,0.4999999999999999,0.5,0.5000000000000001,1.0,1.0,plan-c,1.0,1.0,0.0,1.0,1.0,1.2235771090623624,0.0500892999989446,0.0002887157692706,0.0002759135971654
handle-only-drop-residual,this-work,user-certified,primary,5,5a1a0d9face92aec0a0f641341aa62346ee1398565778501f38bf6cc267e64e8,1.0,1,6,1.0,0.5,0.5,0.5,0.5,0.5,0.5045,0.5,0.5,0.4999999999999999,0.5,0.5000000000000001,1.0,1.0,plan-c,1.0,0.2497507477567298,0.2497507477567298,0.0,0.503,2.993446163690341,0.0574749000079464,0.0002512865774819,0.0002380690638605
unitscope-equal,this-work,user-certified,primary,5,5a1a0d9face92aec0a0f641341aa62346ee1398565778501f38bf6cc267e64e8,0.1428571428571428,1,6,1.0,0.5,0.5,0.5,0.5,0.5,0.5045,0.5,0.5,0.4999999999999999,0.5,0.5000000000000001,1.0,1.0,plan-c,1.0,1.0,0.2497507477567298,0.7502492522432702,1.0,1.382759717497953,0.0614658999984385,0.0002694015319151,0.0002541210401767
unitscope-tuned,this-work,user-certified,primary,5,5a1a0d9face92aec0a0f641341aa62346ee1398565778501f38bf6cc267e64e8,0.9,1,6,1.0,0.5,0.5,0.5,0.5,0.5,0.5045,0.5,0.5,0.4999999999999999,0.5,0.5000000000000001,1.0,1.0,plan-c,1.0,1.0,0.2497507477567298,0.7502492522432702,0.8705054715997915,2.841344020565141,0.0608831999998074,0.0002413221043173,0.0002272825524185
naive-recalibrated-2c,this-work,user-certified,primary,5,5a1a0d9face92aec0a0f641341aa62346ee1398565778501f38bf6cc267e64e8,,1,6,1.0,0.5,0.5,0.5,0.5,0.5,0.5045,0.5,0.5,0.4999999999999999,0.5,0.5000000000000001,2.0,2.0,plan-delta,2.0,1.0,0.2497507477567298,0.7502492522432702,0.8705054715997915,1.9377001874401727,0.079563400009647,0.0001498093763503,0.0001884845589474
full-identity-reference,oracle,oracle-assumption,full-identity-reference,5,5a1a0d9face92aec0a0f641341aa62346ee1398565778501f38bf6cc267e64e8,,1,6,1.0,0.5,0.5,0.5,0.5,0.5,0.5045,0.5,0.5,0.4999999999999999,0.5,0.5000000000000001,1.0,1.0,plan-c,1.0,1.0,0.0,0.0,1.0,4.900313708090785,0.334311800004798,0.0,2.0720191381226914e-05
non-private-reference,oracle,non-private,diagnostic,5,5a1a0d9face92aec0a0f641341aa62346ee1398565778501f38bf6cc267e64e8,,1,6,1.0,0.5,0.5,0.5,0.5,0.5,0.5045,0.5,0.5,0.4999999999999999,0.5,0.5000000000000001,,,non-private,0.0,1.0,0.0,0.0,0.0,inf,0.0460470999969402,0.0003786889820459,0.0003786889820459
naive-claimed-c,this-work,unsafe-diagnostic,diagnostic,5,5a1a0d9face92aec0a0f641341aa62346ee1398565778501f38bf6cc267e64e8,,1,6,1.0,0.5,0.5,0.5,0.5,0.5,0.5045,0.5,0.5,0.4999999999999999,0.5,0.5000000000000001,,2.0,unsafe-diagnostic,1.0,1.0,0.2497507477567298,0.7502492522432702,0.8705054715997915,3.8754003748803454,0.0592274999944493,0.0001498093763503,0.0001484267762676
stable-local-fallback,this-work,user-certified,primary,6,5a1a0d9face92aec0a0f641341aa62346ee1398565778501f38bf6cc267e64e8,0.0,1,6,1.0,0.5,0.5,0.5,0.5,0.5,0.509,0.5,0.5,0.4999999999999999,0.5,0.5000000000000001,1.0,1.0,plan-c,1.0,1.0,0.0,1.0,1.0,1.4264540794767235,0.0499169999966397,0.0002875440862629,0.0002750728853086
handle-only-drop-residual,this-work,user-certified,primary,6,5a1a0d9face92aec0a0f641341aa62346ee1398565778501f38bf6cc267e64e8,1.0,1,6,1.0,0.5,0.5,0.5,0.5,0.5,0.509,0.5,0.5,0.4999999999999999,0.5,0.5000000000000001,1.0,1.0,plan-c,1.0,0.25,0.25,0.0,0.509,3.373795288592021,0.0577485999965574,0.0002805430663826,0.0002821669123718
unitscope-equal,this-work,user-certified,primary,6,5a1a0d9face92aec0a0f641341aa62346ee1398565778501f38bf6cc267e64e8,0.1428571428571428,1,6,1.0,0.5,0.5,0.5,0.5,0.5,0.509,0.5,0.5,0.4999999999999999,0.5,0.5000000000000001,1.0,1.0,plan-c,1.0,1.0,0.25,0.75,1.0,1.5553758356289826,0.0596441999950911,0.0002739117199916,0.0002637909924766
unitscope-tuned,this-work,user-certified,primary,6,5a1a0d9face92aec0a0f641341aa62346ee1398565778501f38bf6cc267e64e8,0.9,1,6,1.0,0.5,0.5,0.5,0.5,0.5,0.509,0.5,0.5,0.4999999999999999,0.5,0.5000000000000001,1.0,1.0,plan-c,1.0,1.0,0.25,0.75,0.872368079022615,3.194852283255852,0.0600477999978465,0.0002672103386367,0.0002685055592368
naive-recalibrated-2c,this-work,user-certified,primary,6,5a1a0d9face92aec0a0f641341aa62346ee1398565778501f38bf6cc267e64e8,,1,6,1.0,0.5,0.5,0.5,0.5,0.5,0.509,0.5,0.5,0.4999999999999999,0.5,0.5000000000000001,2.0,2.0,plan-delta,2.0,1.0,0.25,0.75,0.872368079022615,2.1441314747486087,0.0625040000013541,0.0001689243151833,0.0002077168315784
full-identity-reference,oracle,oracle-assumption,full-identity-reference,6,5a1a0d9face92aec0a0f641341aa62346ee1398565778501f38bf6cc267e64e8,,1,6,1.0,0.5,0.5,0.5,0.5,0.5,0.509,0.5,0.5,0.4999999999999999,0.5,0.5000000000000001,1.0,1.0,plan-c,1.0,1.0,0.0,0.0,1.0,6.087290900090361,0.3513906000007409,0.0,1.2850918528840267e-05
non-private-reference,oracle,non-private,diagnostic,6,5a1a0d9face92aec0a0f641341aa62346ee1398565778501f38bf6cc267e64e8,,1,6,1.0,0.5,0.5,0.5,0.5,0.5,0.509,0.5,0.5,0.4999999999999999,0.5,0.5000000000000001,,,non-private,0.0,1.0,0.0,0.0,0.0,inf,0.047431900005904,0.0002852027932584,0.0002852027932584
naive-claimed-c,this-work,unsafe-diagnostic,diagnostic,6,5a1a0d9face92aec0a0f641341aa62346ee1398565778501f38bf6cc267e64e8,,1,6,1.0,0.5,0.5,0.5,0.5,0.5,0.509,0.5,0.5,0.4999999999999999,0.5,0.5000000000000001,,2.0,unsafe-diagnostic,1.0,1.0,0.25,0.75,0.872368079022615,4.288262949497217,0.0612276000028941,0.0001689243151833,0.000175469654852
stable-local-fallback,this-work,user-certified,primary,7,5a1a0d9face92aec0a0f641341aa62346ee1398565778501f38bf6cc267e64e8,0.0,1,6,1.0,0.5,0.5,0.5,0.5,0.5,0.486,0.5,0.5,0.4999999999999999,0.5,0.5000000000000001,1.0,1.0,plan-c,1.0,1.0,0.0,1.0,1.0,1.4250707524402246,0.0678523000096902,0.0002935444762329,0.0003015428218663
handle-only-drop-residual,this-work,user-certified,primary,7,5a1a0d9face92aec0a0f641341aa62346ee1398565778501f38bf6cc267e64e8,1.0,1,6,1.0,0.5,0.5,0.5,0.5,0.5,0.486,0.5,0.5,0.4999999999999999,0.5,0.5000000000000001,1.0,1.0,plan-c,1.0,0.2489905787348587,0.2489905787348587,0.0,0.48,3.417362711479657,0.059976499993354,0.0003063772655682,0.0002972158632862
unitscope-equal,this-work,user-certified,primary,7,5a1a0d9face92aec0a0f641341aa62346ee1398565778501f38bf6cc267e64e8,0.1428571428571428,1,6,1.0,0.5,0.5,0.5,0.5,0.5,0.486,0.5,0.5,0.4999999999999999,0.5,0.5000000000000001,1.0,1.0,plan-c,1.0,1.0,0.2489905787348587,0.7510094212651414,1.0,1.6110655865556072,0.0593934999924385,0.0002761024559444,0.000284784848865
unitscope-tuned,this-work,user-certified,primary,7,5a1a0d9face92aec0a0f641341aa62346ee1398565778501f38bf6cc267e64e8,0.9,1,6,1.0,0.5,0.5,0.5,0.5,0.5,0.486,0.5,0.5,0.4999999999999999,0.5,0.5000000000000001,1.0,1.0,plan-c,1.0,1.0,0.2489905787348587,0.7510094212651414,0.8636244426960399,3.24040191844366,0.0621685000078287,0.0002859451310989,0.000279561880646
naive-recalibrated-2c,this-work,user-certified,primary,7,5a1a0d9face92aec0a0f641341aa62346ee1398565778501f38bf6cc267e64e8,,1,6,1.0,0.5,0.5,0.5,0.5,0.5,0.486,0.5,0.5,0.4999999999999999,0.5,0.5000000000000001,2.0,2.0,plan-delta,2.0,1.0,0.2489905787348587,0.7510094212651414,0.8636244426960399,2.191502636723524,0.0602008999994723,0.0001908564687597,0.0002038859752359
full-identity-reference,oracle,oracle-assumption,full-identity-reference,7,5a1a0d9face92aec0a0f641341aa62346ee1398565778501f38bf6cc267e64e8,,1,6,1.0,0.5,0.5,0.5,0.5,0.5,0.486,0.5,0.5,0.4999999999999999,0.5,0.5000000000000001,1.0,1.0,plan-c,1.0,1.0,0.0,0.0,1.0,5.863097158414657,0.3360627999936696,0.0,1.4522739286817303e-05
non-private-reference,oracle,non-private,diagnostic,7,5a1a0d9face92aec0a0f641341aa62346ee1398565778501f38bf6cc267e64e8,,1,6,1.0,0.5,0.5,0.5,0.5,0.5,0.486,0.5,0.5,0.4999999999999999,0.5,0.5000000000000001,,,non-private,0.0,1.0,0.0,0.0,0.0,inf,0.0632014000002527,0.0003348545638978,0.0003348545638978
naive-claimed-c,this-work,unsafe-diagnostic,diagnostic,7,5a1a0d9face92aec0a0f641341aa62346ee1398565778501f38bf6cc267e64e8,,1,6,1.0,0.5,0.5,0.5,0.5,0.5,0.486,0.5,0.5,0.4999999999999999,0.5,0.5000000000000001,,2.0,unsafe-diagnostic,1.0,1.0,0.2489905787348587,0.7510094212651414,0.8636244426960399,4.383005273447048,0.0597697000048356,0.0001908564687597,0.000182848482711
stable-local-fallback,this-work,user-certified,primary,8,5a1a0d9face92aec0a0f641341aa62346ee1398565778501f38bf6cc267e64e8,0.0,1,6,1.0,0.5,0.5,0.5,0.5,0.5,0.4875,0.5,0.5,0.4999999999999999,0.5,0.5000000000000001,1.0,1.0,plan-c,1.0,1.0,0.0,1.0,1.0,1.4369047990323,0.0504356999881565,0.0003849575967817,0.0004496674085316
handle-only-drop-residual,this-work,user-certified,primary,8,5a1a0d9face92aec0a0f641341aa62346ee1398565778501f38bf6cc267e64e8,1.0,1,6,1.0,0.5,0.5,0.5,0.5,0.5,0.4875,0.5,0.5,0.4999999999999999,0.5,0.5000000000000001,1.0,1.0,plan-c,1.0,0.2510924369747899,0.2510924369747899,0.0,0.494,3.2645427690424524,0.0582961999898543,0.000369051770445,0.0004178502697072
unitscope-equal,this-work,user-certified,primary,8,5a1a0d9face92aec0a0f641341aa62346ee1398565778501f38bf6cc267e64e8,0.1428571428571428,1,6,1.0,0.5,0.5,0.5,0.5,0.5,0.4875,0.5,0.5,0.4999999999999999,0.5,0.5000000000000001,1.0,1.0,plan-c,1.0,1.0,0.2510924369747899,0.7489075630252101,1.0,1.5581333627280494,0.0757249000016599,0.0003717142703585,0.0004349460454431
unitscope-tuned,this-work,user-certified,primary,8,5a1a0d9face92aec0a0f641341aa62346ee1398565778501f38bf6cc267e64e8,0.9,1,6,1.0,0.5,0.5,0.5,0.5,0.5,0.4875,0.5,0.5,0.4999999999999999,0.5,0.5000000000000001,1.0,1.0,plan-c,1.0,1.0,0.2510924369747899,0.7489075630252101,0.8680917622523462,3.1087097443153247,0.0592535000032512,0.0003596752425223,0.0004095162584222
naive-recalibrated-2c,this-work,user-certified,primary,8,5a1a0d9face92aec0a0f641341aa62346ee1398565778501f38bf6cc267e64e8,,1,6,1.0,0.5,0.5,0.5,0.5,0.5,0.4875,0.5,0.5,0.4999999999999999,0.5,0.5000000000000001,2.0,2.0,plan-delta,2.0,1.0,0.2510924369747899,0.7489075630252101,0.8680917622523462,2.115017770887899,0.0601635999919381,0.0002119259366449,0.0003167958283433
full-identity-reference,oracle,oracle-assumption,full-identity-reference,8,5a1a0d9face92aec0a0f641341aa62346ee1398565778501f38bf6cc267e64e8,,1,6,1.0,0.5,0.5,0.5,0.5,0.5,0.4875,0.5,0.5,0.4999999999999999,0.5,0.5000000000000001,1.0,1.0,plan-c,1.0,1.0,0.0,0.0,1.0,6.063594744333242,0.3390003999957116,0.0,1.7675969185463058e-05
non-private-reference,oracle,non-private,diagnostic,8,5a1a0d9face92aec0a0f641341aa62346ee1398565778501f38bf6cc267e64e8,,1,6,1.0,0.5,0.5,0.5,0.5,0.5,0.4875,0.5,0.5,0.4999999999999999,0.5,0.5000000000000001,,,non-private,0.0,1.0,0.0,0.0,0.0,inf,0.045774900005199,0.0003715009863043,0.0003715009863043
naive-claimed-c,this-work,unsafe-diagnostic,diagnostic,8,5a1a0d9face92aec0a0f641341aa62346ee1398565778501f38bf6cc267e64e8,,1,6,1.0,0.5,0.5,0.5,0.5,0.5,0.4875,0.5,0.5,0.4999999999999999,0.5,0.5000000000000001,,2.0,unsafe-diagnostic,1.0,1.0,0.2510924369747899,0.7489075630252101,0.8680917622523462,4.230035541775798,0.0808804999978747,0.0002119259366449,0.0002466849133086
stable-local-fallback,this-work,user-certified,primary,9,5a1a0d9face92aec0a0f641341aa62346ee1398565778501f38bf6cc267e64e8,0.0,1,6,1.0,0.5,0.5,0.5,0.5,0.5,0.506,0.5,0.5,0.4999999999999999,0.5,0.5000000000000001,1.0,1.0,plan-c,1.0,1.0,0.0,1.0,1.0,1.4650928361877105,0.0512711000046692,0.0003284435992934,0.0003563336708778
handle-only-drop-residual,this-work,user-certified,primary,9,5a1a0d9face92aec0a0f641341aa62346ee1398565778501f38bf6cc267e64e8,1.0,1,6,1.0,0.5,0.5,0.5,0.5,0.5,0.506,0.5,0.5,0.4999999999999999,0.5,0.5000000000000001,1.0,1.0,plan-c,1.0,0.2481739707835325,0.2481739707835325,0.0,0.495,3.4091721876244128,0.0594286999985342,0.0002960171263601,0.0003104569530206
unitscope-equal,this-work,user-certified,primary,9,5a1a0d9face92aec0a0f641341aa62346ee1398565778501f38bf6cc267e64e8,0.1428571428571428,1,6,1.0,0.5,0.5,0.5,0.5,0.5,0.506,0.5,0.5,0.4999999999999999,0.5,0.5000000000000001,1.0,1.0,plan-c,1.0,1.0,0.2481739707835325,0.7518260292164675,1.0,1.6003033615520044,0.0596487000002525,0.0003118018426354,0.0003407016343331
unitscope-tuned,this-work,user-certified,primary,9,5a1a0d9face92aec0a0f641341aa62346ee1398565778501f38bf6cc267e64e8,0.9,1,6,1.0,0.5,0.5,0.5,0.5,0.5,0.506,0.5,0.5,0.4999999999999999,0.5,0.5000000000000001,1.0,1.0,plan-c,1.0,1.0,0.2481739707835325,0.7518260292164675,0.8690012970168612,3.2427277188617305,0.0763272999902255,0.0002818350463232,0.0002979605305507
naive-recalibrated-2c,this-work,user-certified,primary,9,5a1a0d9face92aec0a0f641341aa62346ee1398565778501f38bf6cc267e64e8,,1,6,1.0,0.5,0.5,0.5,0.5,0.5,0.506,0.5,0.5,0.4999999999999999,0.5,0.5000000000000001,2.0,2.0,plan-delta,2.0,1.0,0.2481739707835325,0.7518260292164675,0.8690012970168612,2.172854167016665,0.0686826000019209,0.0001716761413024,0.000225477347573
full-identity-reference,oracle,oracle-assumption,full-identity-reference,9,5a1a0d9face92aec0a0f641341aa62346ee1398565778501f38bf6cc267e64e8,,1,6,1.0,0.5,0.5,0.5,0.5,0.5,0.506,0.5,0.5,0.4999999999999999,0.5,0.5000000000000001,1.0,1.0,plan-c,1.0,1.0,0.0,0.0,1.0,6.390265086129181,0.3364881000015884,0.0,1.3227335642052284e-05
non-private-reference,oracle,non-private,diagnostic,9,5a1a0d9face92aec0a0f641341aa62346ee1398565778501f38bf6cc267e64e8,,1,6,1.0,0.5,0.5,0.5,0.5,0.5,0.506,0.5,0.5,0.4999999999999999,0.5,0.5000000000000001,,,non-private,0.0,1.0,0.0,0.0,0.0,inf,0.0463635000050999,0.0002833351152845,0.0002833351152845
naive-claimed-c,this-work,unsafe-diagnostic,diagnostic,9,5a1a0d9face92aec0a0f641341aa62346ee1398565778501f38bf6cc267e64e8,,1,6,1.0,0.5,0.5,0.5,0.5,0.5,0.506,0.5,0.5,0.4999999999999999,0.5,0.5000000000000001,,2.0,unsafe-diagnostic,1.0,1.0,0.2481739707835325,0.7518260292164675,0.8690012970168612,4.345708334033331,0.0609442999993916,0.0001716761413024,0.0001853494087957
stable-local-fallback,this-work,user-certified,primary,0,93c520cd7e498c8db2c59c43bfe745e28e8103590125d2671272306cbecb1e2f,0.0,1,6,1.0,0.5,0.5,0.5,0.5,0.5,0.499,0.5,0.5,0.4999999999999999,0.5,0.5000000000000001,1.0,1.0,plan-c,1.0,1.0,0.0,1.0,1.0,1.207410547193146,0.0492445999989286,0.0003108613637825,0.0003134407640256
handle-only-drop-residual,this-work,user-certified,primary,0,93c520cd7e498c8db2c59c43bfe745e28e8103590125d2671272306cbecb1e2f,1.0,1,6,1.0,0.5,0.5,0.5,0.5,0.5,0.499,0.5,0.5,0.4999999999999999,0.5,0.5000000000000001,1.0,1.0,plan-c,1.0,0.2483322214809873,0.2483322214809873,0.0,0.489,2.999485812600241,0.0569799999939277,0.0002362806249585,0.0002414926559791
unitscope-equal,this-work,user-certified,primary,0,93c520cd7e498c8db2c59c43bfe745e28e8103590125d2671272306cbecb1e2f,0.1428571428571428,1,6,1.0,0.5,0.5,0.5,0.5,0.5,0.499,0.5,0.5,0.4999999999999999,0.5,0.5000000000000001,1.0,1.0,plan-c,1.0,1.0,0.2483322214809873,0.7516677785190127,1.0,1.4390498511772924,0.0601151000009849,0.0002779968690639,0.0002819550634281
unitscope-tuned,this-work,user-certified,primary,0,93c520cd7e498c8db2c59c43bfe745e28e8103590125d2671272306cbecb1e2f,1.0,1,6,1.0,0.5,0.5,0.5,0.5,0.5,0.499,0.5,0.5,0.4999999999999999,0.5,0.5000000000000001,1.0,1.0,plan-c,1.0,0.2483322214809873,0.2483322214809873,0.0,0.489,2.999485812600241,0.0606584999914048,0.0002362806249585,0.0002414926559791
naive-recalibrated-2c,this-work,user-certified,primary,0,93c520cd7e498c8db2c59c43bfe745e28e8103590125d2671272306cbecb1e2f,,1,6,1.0,0.5,0.5,0.5,0.5,0.5,0.499,0.5,0.5,0.4999999999999999,0.5,0.5000000000000001,2.0,2.0,plan-delta,2.0,1.0,0.2483322214809873,0.7516677785190127,0.86696172871648,1.9758471278176024,0.0811736000032397,0.0001367695670359,0.0001957187182675
full-identity-reference,oracle,oracle-assumption,full-identity-reference,0,93c520cd7e498c8db2c59c43bfe745e28e8103590125d2671272306cbecb1e2f,,1,6,1.0,0.5,0.5,0.5,0.5,0.5,0.499,0.5,0.5,0.4999999999999999,0.5,0.5000000000000001,1.0,1.0,plan-c,1.0,1.0,0.0,0.0,1.0,5.1008364041899705,0.3427022999967448,0.0,1.992534756221455e-05
non-private-reference,oracle,non-private,diagnostic,0,93c520cd7e498c8db2c59c43bfe745e28e8103590125d2671272306cbecb1e2f,,1,6,1.0,0.5,0.5,0.5,0.5,0.5,0.499,0.5,0.5,0.4999999999999999,0.5,0.5000000000000001,,,non-private,0.0,1.0,0.0,0.0,0.0,inf,0.0473591000045416,0.00032064792533,0.00032064792533
naive-claimed-c,this-work,unsafe-diagnostic,diagnostic,0,93c520cd7e498c8db2c59c43bfe745e28e8103590125d2671272306cbecb1e2f,,1,6,1.0,0.5,0.5,0.5,0.5,0.5,0.499,0.5,0.5,0.4999999999999999,0.5,0.5000000000000001,,2.0,unsafe-diagnostic,1.0,1.0,0.2483322214809873,0.7516677785190127,0.86696172871648,3.951694255635205,0.0603673000005073,0.0001367695670359,0.0001463187950895
stable-local-fallback,this-work,user-certified,primary,1,93c520cd7e498c8db2c59c43bfe745e28e8103590125d2671272306cbecb1e2f,0.0,1,6,1.0,0.5,0.5,0.5,0.5,0.5,0.4995,0.5,0.5,0.4999999999999999,0.5,0.5000000000000001,1.0,1.0,plan-c,1.0,1.0,0.0,1.0,1.0,1.4220718284749692,0.0503221000108169,0.0003398541383191,0.0003744912733191
handle-only-drop-residual,this-work,user-certified,primary,1,93c520cd7e498c8db2c59c43bfe745e28e8103590125d2671272306cbecb1e2f,1.0,1,6,1.0,0.5,0.5,0.5,0.5,0.5,0.4995,0.5,0.5,0.4999999999999999,0.5,0.5000000000000001,1.0,1.0,plan-c,1.0,0.2504168056018673,0.2504168056018673,0.0,0.502,3.1810656649439,0.0584267999947769,0.0003176266188502,0.0003518988758943
unitscope-equal,this-work,user-certified,primary,1,93c520cd7e498c8db2c59c43bfe745e28e8103590125d2671272306cbecb1e2f,0.1428571428571428,1,6,1.0,0.5,0.5,0.5,0.5,0.5,0.4995,0.5,0.5,0.4999999999999999,0.5,0.5000000000000001,1.0,1.0,plan-c,1.0,1.0,0.2504168056018673,0.7495831943981327,1.0,1.5938042146359022,0.0601535000023432,0.0003201953667699,0.0003546358594142
unitscope-tuned,this-work,user-certified,primary,1,93c520cd7e498c8db2c59c43bfe745e28e8103590125d2671272306cbecb1e2f,1.0,1,6,1.0,0.5,0.5,0.5,0.5,0.5,0.4995,0.5,0.5,0.4999999999999999,0.5,0.5000000000000001,1.0,1.0,plan-c,1.0,0.2504168056018673,0.2504168056018673,0.0,0.502,3.1810656649439,0.0590486000000964,0.0003176266188502,0.0003518988758943
naive-recalibrated-2c,this-work,user-certified,primary,1,93c520cd7e498c8db2c59c43bfe745e28e8103590125d2671272306cbecb1e2f,,1,6,1.0,0.5,0.5,0.5,0.5,0.5,0.4995,0.5,0.5,0.4999999999999999,0.5,0.5000000000000001,2.0,2.0,plan-delta,2.0,1.0,0.2504168056018673,0.7495831943981327,0.869667626275844,2.098653731298329,0.0633510000043315,0.0001891528735592,0.0002768733071592
full-identity-reference,oracle,oracle-assumption,full-identity-reference,1,93c520cd7e498c8db2c59c43bfe745e28e8103590125d2671272306cbecb1e2f,,1,6,1.0,0.5,0.5,0.5,0.5,0.5,0.4995,0.5,0.5,0.4999999999999999,0.5,0.5000000000000001,1.0,1.0,plan-c,1.0,1.0,0.0,0.0,1.0,6.191791907195553,0.3935094999906141,0.0,1.458591182783477e-05
non-private-reference,oracle,non-private,diagnostic,1,93c520cd7e498c8db2c59c43bfe745e28e8103590125d2671272306cbecb1e2f,,1,6,1.0,0.5,0.5,0.5,0.5,0.5,0.4995,0.5,0.5,0.4999999999999999,0.5,0.5000000000000001,,,non-private,0.0,1.0,0.0,0.0,0.0,inf,0.0470736999996006,0.000296659223489,0.000296659223489
naive-claimed-c,this-work,unsafe-diagnostic,diagnostic,1,93c520cd7e498c8db2c59c43bfe745e28e8103590125d2671272306cbecb1e2f,,1,6,1.0,0.5,0.5,0.5,0.5,0.5,0.4995,0.5,0.5,0.4999999999999999,0.5,0.5000000000000001,,2.0,unsafe-diagnostic,1.0,1.0,0.2504168056018673,0.7495831943981327,0.869667626275844,4.197307462596658,0.0600393000058829,0.0001891528735592,0.0002184271785313
stable-local-fallback,this-work,user-certified,primary,2,93c520cd7e498c8db2c59c43bfe745e28e8103590125d2671272306cbecb1e2f,0.0,1,6,1.0,0.5,0.5,0.5,0.5,0.5,0.484,0.5,0.5,0.4999999999999999,0.5,0.5000000000000001,1.0,1.0,plan-c,1.0,1.0,0.0,1.0,1.0,1.283795017813014,0.0507541999977547,0.000267460115769,0.0003032086031277
handle-only-drop-residual,this-work,user-certified,primary,2,93c520cd7e498c8db2c59c43bfe745e28e8103590125d2671272306cbecb1e2f,1.0,1,6,1.0,0.5,0.5,0.5,0.5,0.5,0.484,0.5,0.5,0.4999999999999999,0.5,0.5000000000000001,1.0,1.0,plan-c,1.0,0.2498315363881401,0.2498315363881401,0.0,0.483,2.8191781346261133,0.0724088000133633,0.0002949638826756,0.0003507422709789
unitscope-equal,this-work,user-certified,primary,2,93c520cd7e498c8db2c59c43bfe745e28e8103590125d2671272306cbecb1e2f,0.1428571428571428,1,6,1.0,0.5,0.5,0.5,0.5,0.5,0.484,0.5,0.5,0.4999999999999999,0.5,0.5000000000000001,1.0,1.0,plan-c,1.0,1.0,0.2498315363881401,0.7501684636118598,1.0,1.380073183499975,0.06067730000359,0.0002575296175439,0.000296622638773
unitscope-tuned,this-work,user-certified,primary,2,93c520cd7e498c8db2c59c43bfe745e28e8103590125d2671272306cbecb1e2f,1.0,1,6,1.0,0.5,0.5,0.5,0.5,0.5,0.484,0.5,0.5,0.4999999999999999,0.5,0.5000000000000001,1.0,1.0,plan-c,1.0,0.2498315363881401,0.2498315363881401,0.0,0.483,2.8191781346261133,0.0593482999975094,0.0002949638826756,0.0003507422709789
naive-recalibrated-2c,this-work,user-certified,primary,2,93c520cd7e498c8db2c59c43bfe745e28e8103590125d2671272306cbecb1e2f,,1,6,1.0,0.5,0.5,0.5,0.5,0.5,0.484,0.5,0.5,0.4999999999999999,0.5,0.5000000000000001,2.0,2.0,plan-delta,2.0,1.0,0.2498315363881401,0.7501684636118598,0.8640546936628977,1.811949315630676,0.0598698999965563,0.0001805417499244,0.0003152341472536
full-identity-reference,oracle,oracle-assumption,full-identity-reference,2,93c520cd7e498c8db2c59c43bfe745e28e8103590125d2671272306cbecb1e2f,,1,6,1.0,0.5,0.5,0.5,0.5,0.5,0.484,0.5,0.5,0.4999999999999999,0.5,0.5000000000000001,1.0,1.0,plan-c,1.0,1.0,0.0,0.0,1.0,5.295137024976619,0.3518420000036713,0.0,1.5944966299623317e-05
non-private-reference,oracle,non-private,diagnostic,2,93c520cd7e498c8db2c59c43bfe745e28e8103590125d2671272306cbecb1e2f,,1,6,1.0,0.5,0.5,0.5,0.5,0.5,0.484,0.5,0.5,0.4999999999999999,0.5,0.5000000000000001,,,non-private,0.0,1.0,0.0,0.0,0.0,inf,0.0649551000096835,0.0003269741341641,0.0003269741341641
naive-claimed-c,this-work,unsafe-diagnostic,diagnostic,2,93c520cd7e498c8db2c59c43bfe745e28e8103590125d2671272306cbecb1e2f,,1,6,1.0,0.5,0.5,0.5,0.5,0.5,0.484,0.5,0.5,0.4999999999999999,0.5,0.5000000000000001,,2.0,unsafe-diagnostic,1.0,1.0,0.2498315363881401,0.7501684636118598,0.8640546936628977,3.623898631261352,0.0608588000031886,0.0001805417499244,0.0002319429822894
stable-local-fallback,this-work,user-certified,primary,3,93c520cd7e498c8db2c59c43bfe745e28e8103590125d2671272306cbecb1e2f,0.0,1,6,1.0,0.5,0.5,0.5,0.5,0.5,0.508,0.5,0.5,0.4999999999999999,0.5,0.5000000000000001,1.0,1.0,plan-c,1.0,1.0,0.0,1.0,1.0,1.468045163468242,0.0503057000023545,0.0002830281682898,0.0002784463255959
handle-only-drop-residual,this-work,user-certified,primary,3,93c520cd7e498c8db2c59c43bfe745e28e8103590125d2671272306cbecb1e2f,1.0,1,6,1.0,0.5,0.5,0.5,0.5,0.5,0.508,0.5,0.5,0.4999999999999999,0.5,0.5000000000000001,1.0,1.0,plan-c,1.0,0.248342175066313,0.248342175066313,0.0,0.498,3.228804787496229,0.0573636000044643,0.0002123904081297,0.0002157368547977
unitscope-equal,this-work,user-certified,primary,3,93c520cd7e498c8db2c59c43bfe745e28e8103590125d2671272306cbecb1e2f,0.1428571428571428,1,6,1.0,0.5,0.5,0.5,0.5,0.5,0.508,0.5,0.5,0.4999999999999999,0.5,0.5000000000000001,1.0,1.0,plan-c,1.0,1.0,0.248342175066313,0.751657824933687,1.0,1.6303597844430455,0.0743226000049617,0.0002662088253306,0.0002631188422902
unitscope-tuned,this-work,user-certified,primary,3,93c520cd7e498c8db2c59c43bfe745e28e8103590125d2671272306cbecb1e2f,1.0,1,6,1.0,0.5,0.5,0.5,0.5,0.5,0.508,0.5,0.5,0.4999999999999999,0.5,0.5000000000000001,1.0,1.0,plan-c,1.0,0.248342175066313,0.248342175066313,0.0,0.498,3.228804787496229,0.0581862999970326,0.0002123904081297,0.0002157368547977
naive-recalibrated-2c,this-work,user-certified,primary,3,93c520cd7e498c8db2c59c43bfe745e28e8103590125d2671272306cbecb1e2f,,1,6,1.0,0.5,0.5,0.5,0.5,0.5,0.508,0.5,0.5,0.4999999999999999,0.5,0.5000000000000001,2.0,2.0,plan-delta,2.0,1.0,0.248342175066313,0.751657824933687,0.8694408322496749,2.1811256923486706,0.0601221999968402,0.0001164552004799,0.0001646088064004
full-identity-reference,oracle,oracle-assumption,full-identity-reference,3,93c520cd7e498c8db2c59c43bfe745e28e8103590125d2671272306cbecb1e2f,,1,6,1.0,0.5,0.5,0.5,0.5,0.5,0.508,0.5,0.5,0.4999999999999999,0.5,0.5000000000000001,1.0,1.0,plan-c,1.0,1.0,0.0,0.0,1.0,5.856441850027313,0.333107900005416,0.0,1.4295995470253785e-05
non-private-reference,oracle,non-private,diagnostic,3,93c520cd7e498c8db2c59c43bfe745e28e8103590125d2671272306cbecb1e2f,,1,6,1.0,0.5,0.5,0.5,0.5,0.5,0.508,0.5,0.5,0.4999999999999999,0.5,0.5000000000000001,,,non-private,0.0,1.0,0.0,0.0,0.0,inf,0.0452412000013282,0.0003731648278402,0.0003731648278402
naive-claimed-c,this-work,unsafe-diagnostic,diagnostic,3,93c520cd7e498c8db2c59c43bfe745e28e8103590125d2671272306cbecb1e2f,,1,6,1.0,0.5,0.5,0.5,0.5,0.5,0.508,0.5,0.5,0.4999999999999999,0.5,0.5000000000000001,,2.0,unsafe-diagnostic,1.0,1.0,0.248342175066313,0.751657824933687,0.8694408322496749,4.362251384697341,0.0813890999997966,0.0001164552004799,0.0001262360079699
stable-local-fallback,this-work,user-certified,primary,4,93c520cd7e498c8db2c59c43bfe745e28e8103590125d2671272306cbecb1e2f,0.0,1,6,1.0,0.5,0.5,0.5,0.5,0.5,0.502,0.5,0.5,0.4999999999999999,0.5,0.5000000000000001,1.0,1.0,plan-c,1.0,1.0,0.0,1.0,1.0,1.254100800063172,0.0503336999972816,0.0002621982087321,0.0002707301909047
handle-only-drop-residual,this-work,user-certified,primary,4,93c520cd7e498c8db2c59c43bfe745e28e8103590125d2671272306cbecb1e2f,1.0,1,6,1.0,0.5,0.5,0.5,0.5,0.5,0.502,0.5,0.5,0.4999999999999999,0.5,0.5000000000000001,1.0,1.0,plan-c,1.0,0.2470039946737683,0.2470039946737683,0.0,0.484,3.1444084835539385,0.0568372999987332,0.0002559735842429,0.0002877659767655
unitscope-equal,this-work,user-certified,primary,4,93c520cd7e498c8db2c59c43bfe745e28e8103590125d2671272306cbecb1e2f,0.1428571428571428,1,6,1.0,0.5,0.5,0.5,0.5,0.5,0.502,0.5,0.5,0.4999999999999999,0.5,0.5000000000000001,1.0,1.0,plan-c,1.0,1.0,0.2470039946737683,0.7529960053262317,1.0,1.4192317334473905,0.0610394000104861,0.0002441909881722,0.0002562841765948
unitscope-tuned,this-work,user-certified,primary,4,93c520cd7e498c8db2c59c43bfe745e28e8103590125d2671272306cbecb1e2f,1.0,1,6,1.0,0.5,0.5,0.5,0.5,0.5,0.502,0.5,0.5,0.4999999999999999,0.5,0.5000000000000001,1.0,1.0,plan-c,1.0,0.2470039946737683,0.2470039946737683,0.0,0.484,3.1444084835539385,0.0780489000026136,0.0002559735842429,0.0002877659767655
naive-recalibrated-2c,this-work,user-certified,primary,4,93c520cd7e498c8db2c59c43bfe745e28e8103590125d2671272306cbecb1e2f,,1,6,1.0,0.5,0.5,0.5,0.5,0.5,0.502,0.5,0.5,0.4999999999999999,0.5,0.5000000000000001,2.0,2.0,plan-delta,2.0,1.0,0.2470039946737683,0.7529960053262317,0.8658346333853354,1.969682398625608,0.0611703000031411,0.0001574916059787,0.0002501329808474
full-identity-reference,oracle,oracle-assumption,full-identity-reference,4,93c520cd7e498c8db2c59c43bfe745e28e8103590125d2671272306cbecb1e2f,,1,6,1.0,0.5,0.5,0.5,0.5,0.5,0.502,0.5,0.5,0.4999999999999999,0.5,0.5000000000000001,1.0,1.0,plan-c,1.0,1.0,0.0,0.0,1.0,5.26557076972623,0.3436669000075198,0.0,1.5688479693467358e-05
non-private-reference,oracle,non-private,diagnostic,4,93c520cd7e498c8db2c59c43bfe745e28e8103590125d2671272306cbecb1e2f,,1,6,1.0,0.5,0.5,0.5,0.5,0.5,0.502,0.5,0.5,0.4999999999999999,0.5,0.5000000000000001,,,non-private,0.0,1.0,0.0,0.0,0.0,inf,0.0458958999952301,0.0002923987649955,0.0002923987649955
naive-claimed-c,this-work,unsafe-diagnostic,diagnostic,4,93c520cd7e498c8db2c59c43bfe745e28e8103590125d2671272306cbecb1e2f,,1,6,1.0,0.5,0.5,0.5,0.5,0.5,0.502,0.5,0.5,0.4999999999999999,0.5,0.5000000000000001,,2.0,unsafe-diagnostic,1.0,1.0,0.2470039946737683,0.7529960053262317,0.8658346333853354,3.939364797251215,0.0603384999994887,0.0001574916059787,0.0001881238137196
stable-local-fallback,this-work,user-certified,primary,5,93c520cd7e498c8db2c59c43bfe745e28e8103590125d2671272306cbecb1e2f,0.0,1,6,1.0,0.5,0.5,0.5,0.5,0.5,0.5045,0.5,0.5,0.4999999999999999,0.5,0.5000000000000001,1.0,1.0,plan-c,1.0,1.0,0.0,1.0,1.0,1.2235771090623624,0.050145600005635,0.0002887157692706,0.0002759135971654
handle-only-drop-residual,this-work,user-certified,primary,5,93c520cd7e498c8db2c59c43bfe745e28e8103590125d2671272306cbecb1e2f,1.0,1,6,1.0,0.5,0.5,0.5,0.5,0.5,0.5045,0.5,0.5,0.4999999999999999,0.5,0.5000000000000001,1.0,1.0,plan-c,1.0,0.2497507477567298,0.2497507477567298,0.0,0.503,2.993446163690341,0.0570168000122066,0.0002512865774819,0.0002380690638605
unitscope-equal,this-work,user-certified,primary,5,93c520cd7e498c8db2c59c43bfe745e28e8103590125d2671272306cbecb1e2f,0.1428571428571428,1,6,1.0,0.5,0.5,0.5,0.5,0.5,0.5045,0.5,0.5,0.4999999999999999,0.5,0.5000000000000001,1.0,1.0,plan-c,1.0,1.0,0.2497507477567298,0.7502492522432702,1.0,1.382759717497953,0.0604674000060185,0.0002694015319151,0.0002541210401767
unitscope-tuned,this-work,user-certified,primary,5,93c520cd7e498c8db2c59c43bfe745e28e8103590125d2671272306cbecb1e2f,1.0,1,6,1.0,0.5,0.5,0.5,0.5,0.5,0.5045,0.5,0.5,0.4999999999999999,0.5,0.5000000000000001,1.0,1.0,plan-c,1.0,0.2497507477567298,0.2497507477567298,0.0,0.503,2.993446163690341,0.0583560999948531,0.0002512865774819,0.0002380690638605
naive-recalibrated-2c,this-work,user-certified,primary,5,93c520cd7e498c8db2c59c43bfe745e28e8103590125d2671272306cbecb1e2f,,1,6,1.0,0.5,0.5,0.5,0.5,0.5,0.5045,0.5,0.5,0.4999999999999999,0.5,0.5000000000000001,2.0,2.0,plan-delta,2.0,1.0,0.2497507477567298,0.7502492522432702,0.8705054715997915,1.9377001874401727,0.0811373999895295,0.0001498093763503,0.0001884845589474
full-identity-reference,oracle,oracle-assumption,full-identity-reference,5,93c520cd7e498c8db2c59c43bfe745e28e8103590125d2671272306cbecb1e2f,,1,6,1.0,0.5,0.5,0.5,0.5,0.5,0.5045,0.5,0.5,0.4999999999999999,0.5,0.5000000000000001,1.0,1.0,plan-c,1.0,1.0,0.0,0.0,1.0,4.900313708090785,0.336011999999755,0.0,2.0720191381226914e-05
non-private-reference,oracle,non-private,diagnostic,5,93c520cd7e498c8db2c59c43bfe745e28e8103590125d2671272306cbecb1e2f,,1,6,1.0,0.5,0.5,0.5,0.5,0.5,0.5045,0.5,0.5,0.4999999999999999,0.5,0.5000000000000001,,,non-private,0.0,1.0,0.0,0.0,0.0,inf,0.0477535999962128,0.0003786889820459,0.0003786889820459
naive-claimed-c,this-work,unsafe-diagnostic,diagnostic,5,93c520cd7e498c8db2c59c43bfe745e28e8103590125d2671272306cbecb1e2f,,1,6,1.0,0.5,0.5,0.5,0.5,0.5,0.5045,0.5,0.5,0.4999999999999999,0.5,0.5000000000000001,,2.0,unsafe-diagnostic,1.0,1.0,0.2497507477567298,0.7502492522432702,0.8705054715997915,3.8754003748803454,0.061325399990892,0.0001498093763503,0.0001484267762676
stable-local-fallback,this-work,user-certified,primary,6,93c520cd7e498c8db2c59c43bfe745e28e8103590125d2671272306cbecb1e2f,0.0,1,6,1.0,0.5,0.5,0.5,0.5,0.5,0.509,0.5,0.5,0.4999999999999999,0.5,0.5000000000000001,1.0,1.0,plan-c,1.0,1.0,0.0,1.0,1.0,1.4264540794767235,0.0657105999998748,0.0002875440862629,0.0002750728853086
handle-only-drop-residual,this-work,user-certified,primary,6,93c520cd7e498c8db2c59c43bfe745e28e8103590125d2671272306cbecb1e2f,1.0,1,6,1.0,0.5,0.5,0.5,0.5,0.5,0.509,0.5,0.5,0.4999999999999999,0.5,0.5000000000000001,1.0,1.0,plan-c,1.0,0.25,0.25,0.0,0.509,3.373795288592021,0.0611950000020442,0.0002805430663826,0.0002821669123718
unitscope-equal,this-work,user-certified,primary,6,93c520cd7e498c8db2c59c43bfe745e28e8103590125d2671272306cbecb1e2f,0.1428571428571428,1,6,1.0,0.5,0.5,0.5,0.5,0.5,0.509,0.5,0.5,0.4999999999999999,0.5,0.5000000000000001,1.0,1.0,plan-c,1.0,1.0,0.25,0.75,1.0,1.5553758356289826,0.0622921000031055,0.0002739117199916,0.0002637909924766
unitscope-tuned,this-work,user-certified,primary,6,93c520cd7e498c8db2c59c43bfe745e28e8103590125d2671272306cbecb1e2f,1.0,1,6,1.0,0.5,0.5,0.5,0.5,0.5,0.509,0.5,0.5,0.4999999999999999,0.5,0.5000000000000001,1.0,1.0,plan-c,1.0,0.25,0.25,0.0,0.509,3.373795288592021,0.0594956999993883,0.0002805430663826,0.0002821669123718
naive-recalibrated-2c,this-work,user-certified,primary,6,93c520cd7e498c8db2c59c43bfe745e28e8103590125d2671272306cbecb1e2f,,1,6,1.0,0.5,0.5,0.5,0.5,0.5,0.509,0.5,0.5,0.4999999999999999,0.5,0.5000000000000001,2.0,2.0,plan-delta,2.0,1.0,0.25,0.75,0.872368079022615,2.1441314747486087,0.0636242999898968,0.0001689243151833,0.0002077168315784
full-identity-reference,oracle,oracle-assumption,full-identity-reference,6,93c520cd7e498c8db2c59c43bfe745e28e8103590125d2671272306cbecb1e2f,,1,6,1.0,0.5,0.5,0.5,0.5,0.5,0.509,0.5,0.5,0.4999999999999999,0.5,0.5000000000000001,1.0,1.0,plan-c,1.0,1.0,0.0,0.0,1.0,6.087290900090361,0.337313299998641,0.0,1.2850918528840267e-05
non-private-reference,oracle,non-private,diagnostic,6,93c520cd7e498c8db2c59c43bfe745e28e8103590125d2671272306cbecb1e2f,,1,6,1.0,0.5,0.5,0.5,0.5,0.5,0.509,0.5,0.5,0.4999999999999999,0.5,0.5000000000000001,,,non-private,0.0,1.0,0.0,0.0,0.0,inf,0.0625531999976374,0.0002852027932584,0.0002852027932584
naive-claimed-c,this-work,unsafe-diagnostic,diagnostic,6,93c520cd7e498c8db2c59c43bfe745e28e8103590125d2671272306cbecb1e2f,,1,6,1.0,0.5,0.5,0.5,0.5,0.5,0.509,0.5,0.5,0.4999999999999999,0.5,0.5000000000000001,,2.0,unsafe-diagnostic,1.0,1.0,0.25,0.75,0.872368079022615,4.288262949497217,0.0605696999991778,0.0001689243151833,0.000175469654852
stable-local-fallback,this-work,user-certified,primary,7,93c520cd7e498c8db2c59c43bfe745e28e8103590125d2671272306cbecb1e2f,0.0,1,6,1.0,0.5,0.5,0.5,0.5,0.5,0.486,0.5,0.5,0.4999999999999999,0.5,0.5000000000000001,1.0,1.0,plan-c,1.0,1.0,0.0,1.0,1.0,1.4250707524402246,0.0508890999917639,0.0002935444762329,0.0003015428218663
handle-only-drop-residual,this-work,user-certified,primary,7,93c520cd7e498c8db2c59c43bfe745e28e8103590125d2671272306cbecb1e2f,1.0,1,6,1.0,0.5,0.5,0.5,0.5,0.5,0.486,0.5,0.5,0.4999999999999999,0.5,0.5000000000000001,1.0,1.0,plan-c,1.0,0.2489905787348587,0.2489905787348587,0.0,0.48,3.417362711479657,0.0758389999973587,0.0003063772655682,0.0002972158632862
unitscope-equal,this-work,user-certified,primary,7,93c520cd7e498c8db2c59c43bfe745e28e8103590125d2671272306cbecb1e2f,0.1428571428571428,1,6,1.0,0.5,0.5,0.5,0.5,0.5,0.486,0.5,0.5,0.4999999999999999,0.5,0.5000000000000001,1.0,1.0,plan-c,1.0,1.0,0.2489905787348587,0.7510094212651414,1.0,1.6110655865556072,0.0604540000058477,0.0002761024559444,0.000284784848865
unitscope-tuned,this-work,user-certified,primary,7,93c520cd7e498c8db2c59c43bfe745e28e8103590125d2671272306cbecb1e2f,1.0,1,6,1.0,0.5,0.5,0.5,0.5,0.5,0.486,0.5,0.5,0.4999999999999999,0.5,0.5000000000000001,1.0,1.0,plan-c,1.0,0.2489905787348587,0.2489905787348587,0.0,0.48,3.417362711479657,0.0609763999964343,0.0003063772655682,0.0002972158632862
naive-recalibrated-2c,this-work,user-certified,primary,7,93c520cd7e498c8db2c59c43bfe745e28e8103590125d2671272306cbecb1e2f,,1,6,1.0,0.5,0.5,0.5,0.5,0.5,0.486,0.5,0.5,0.4999999999999999,0.5,0.5000000000000001,2.0,2.0,plan-delta,2.0,1.0,0.2489905787348587,0.7510094212651414,0.8636244426960399,2.191502636723524,0.0597426999884191,0.0001908564687597,0.0002038859752359
full-identity-reference,oracle,oracle-assumption,full-identity-reference,7,93c520cd7e498c8db2c59c43bfe745e28e8103590125d2671272306cbecb1e2f,,1,6,1.0,0.5,0.5,0.5,0.5,0.5,0.486,0.5,0.5,0.4999999999999999,0.5,0.5000000000000001,1.0,1.0,plan-c,1.0,1.0,0.0,0.0,1.0,5.863097158414657,0.3387086000002455,0.0,1.4522739286817303e-05
non-private-reference,oracle,non-private,diagnostic,7,93c520cd7e498c8db2c59c43bfe745e28e8103590125d2671272306cbecb1e2f,,1,6,1.0,0.5,0.5,0.5,0.5,0.5,0.486,0.5,0.5,0.4999999999999999,0.5,0.5000000000000001,,,non-private,0.0,1.0,0.0,0.0,0.0,inf,0.046203100006096,0.0003348545638978,0.0003348545638978
naive-claimed-c,this-work,unsafe-diagnostic,diagnostic,7,93c520cd7e498c8db2c59c43bfe745e28e8103590125d2671272306cbecb1e2f,,1,6,1.0,0.5,0.5,0.5,0.5,0.5,0.486,0.5,0.5,0.4999999999999999,0.5,0.5000000000000001,,2.0,unsafe-diagnostic,1.0,1.0,0.2489905787348587,0.7510094212651414,0.8636244426960399,4.383005273447048,0.0772346000012476,0.0001908564687597,0.000182848482711
stable-local-fallback,this-work,user-certified,primary,8,93c520cd7e498c8db2c59c43bfe745e28e8103590125d2671272306cbecb1e2f,0.0,1,6,1.0,0.5,0.5,0.5,0.5,0.5,0.4875,0.5,0.5,0.4999999999999999,0.5,0.5000000000000001,1.0,1.0,plan-c,1.0,1.0,0.0,1.0,1.0,1.4369047990323,0.0527449000073829,0.0003849575967817,0.0004496674085316
handle-only-drop-residual,this-work,user-certified,primary,8,93c520cd7e498c8db2c59c43bfe745e28e8103590125d2671272306cbecb1e2f,1.0,1,6,1.0,0.5,0.5,0.5,0.5,0.5,0.4875,0.5,0.5,0.4999999999999999,0.5,0.5000000000000001,1.0,1.0,plan-c,1.0,0.2510924369747899,0.2510924369747899,0.0,0.494,3.2645427690424524,0.0578970000060508,0.000369051770445,0.0004178502697072
unitscope-equal,this-work,user-certified,primary,8,93c520cd7e498c8db2c59c43bfe745e28e8103590125d2671272306cbecb1e2f,0.1428571428571428,1,6,1.0,0.5,0.5,0.5,0.5,0.5,0.4875,0.5,0.5,0.4999999999999999,0.5,0.5000000000000001,1.0,1.0,plan-c,1.0,1.0,0.2510924369747899,0.7489075630252101,1.0,1.5581333627280494,0.0793230999988736,0.0003717142703585,0.0004349460454431
unitscope-tuned,this-work,user-certified,primary,8,93c520cd7e498c8db2c59c43bfe745e28e8103590125d2671272306cbecb1e2f,1.0,1,6,1.0,0.5,0.5,0.5,0.5,0.5,0.4875,0.5,0.5,0.4999999999999999,0.5,0.5000000000000001,1.0,1.0,plan-c,1.0,0.2510924369747899,0.2510924369747899,0.0,0.494,3.2645427690424524,0.0578571999940322,0.000369051770445,0.0004178502697072
naive-recalibrated-2c,this-work,user-certified,primary,8,93c520cd7e498c8db2c59c43bfe745e28e8103590125d2671272306cbecb1e2f,,1,6,1.0,0.5,0.5,0.5,0.5,0.5,0.4875,0.5,0.5,0.4999999999999999,0.5,0.5000000000000001,2.0,2.0,plan-delta,2.0,1.0,0.2510924369747899,0.7489075630252101,0.8680917622523462,2.115017770887899,0.0602160000125877,0.0002119259366449,0.0003167958283433
full-identity-reference,oracle,oracle-assumption,full-identity-reference,8,93c520cd7e498c8db2c59c43bfe745e28e8103590125d2671272306cbecb1e2f,,1,6,1.0,0.5,0.5,0.5,0.5,0.5,0.4875,0.5,0.5,0.4999999999999999,0.5,0.5000000000000001,1.0,1.0,plan-c,1.0,1.0,0.0,0.0,1.0,6.063594744333242,0.3358807999902637,0.0,1.7675969185463058e-05
non-private-reference,oracle,non-private,diagnostic,8,93c520cd7e498c8db2c59c43bfe745e28e8103590125d2671272306cbecb1e2f,,1,6,1.0,0.5,0.5,0.5,0.5,0.5,0.4875,0.5,0.5,0.4999999999999999,0.5,0.5000000000000001,,,non-private,0.0,1.0,0.0,0.0,0.0,inf,0.046985199995106,0.0003715009863043,0.0003715009863043
naive-claimed-c,this-work,unsafe-diagnostic,diagnostic,8,93c520cd7e498c8db2c59c43bfe745e28e8103590125d2671272306cbecb1e2f,,1,6,1.0,0.5,0.5,0.5,0.5,0.5,0.4875,0.5,0.5,0.4999999999999999,0.5,0.5000000000000001,,2.0,unsafe-diagnostic,1.0,1.0,0.2510924369747899,0.7489075630252101,0.8680917622523462,4.230035541775798,0.0589107999985571,0.0002119259366449,0.0002466849133086
stable-local-fallback,this-work,user-certified,primary,9,93c520cd7e498c8db2c59c43bfe745e28e8103590125d2671272306cbecb1e2f,0.0,1,6,1.0,0.5,0.5,0.5,0.5,0.5,0.506,0.5,0.5,0.4999999999999999,0.5,0.5000000000000001,1.0,1.0,plan-c,1.0,1.0,0.0,1.0,1.0,1.4650928361877105,0.0503928999969502,0.0003284435992934,0.0003563336708778
handle-only-drop-residual,this-work,user-certified,primary,9,93c520cd7e498c8db2c59c43bfe745e28e8103590125d2671272306cbecb1e2f,1.0,1,6,1.0,0.5,0.5,0.5,0.5,0.5,0.506,0.5,0.5,0.4999999999999999,0.5,0.5000000000000001,1.0,1.0,plan-c,1.0,0.2481739707835325,0.2481739707835325,0.0,0.495,3.4091721876244128,0.0572437000082572,0.0002960171263601,0.0003104569530206
unitscope-equal,this-work,user-certified,primary,9,93c520cd7e498c8db2c59c43bfe745e28e8103590125d2671272306cbecb1e2f,0.1428571428571428,1,6,1.0,0.5,0.5,0.5,0.5,0.5,0.506,0.5,0.5,0.4999999999999999,0.5,0.5000000000000001,1.0,1.0,plan-c,1.0,1.0,0.2481739707835325,0.7518260292164675,1.0,1.6003033615520044,0.0606132999964756,0.0003118018426354,0.0003407016343331
unitscope-tuned,this-work,user-certified,primary,9,93c520cd7e498c8db2c59c43bfe745e28e8103590125d2671272306cbecb1e2f,1.0,1,6,1.0,0.5,0.5,0.5,0.5,0.5,0.506,0.5,0.5,0.4999999999999999,0.5,0.5000000000000001,1.0,1.0,plan-c,1.0,0.2481739707835325,0.2481739707835325,0.0,0.495,3.4091721876244128,0.0785897999885492,0.0002960171263601,0.0003104569530206
naive-recalibrated-2c,this-work,user-certified,primary,9,93c520cd7e498c8db2c59c43bfe745e28e8103590125d2671272306cbecb1e2f,,1,6,1.0,0.5,0.5,0.5,0.5,0.5,0.506,0.5,0.5,0.4999999999999999,0.5,0.5000000000000001,2.0,2.0,plan-delta,2.0,1.0,0.2481739707835325,0.7518260292164675,0.8690012970168612,2.172854167016665,0.0597137000004295,0.0001716761413024,0.000225477347573
full-identity-reference,oracle,oracle-assumption,full-identity-reference,9,93c520cd7e498c8db2c59c43bfe745e28e8103590125d2671272306cbecb1e2f,,1,6,1.0,0.5,0.5,0.5,0.5,0.5,0.506,0.5,0.5,0.4999999999999999,0.5,0.5000000000000001,1.0,1.0,plan-c,1.0,1.0,0.0,0.0,1.0,6.390265086129181,0.3476798000046983,0.0,1.3227335642052284e-05
non-private-reference,oracle,non-private,diagnostic,9,93c520cd7e498c8db2c59c43bfe745e28e8103590125d2671272306cbecb1e2f,,1,6,1.0,0.5,0.5,0.5,0.5,0.5,0.506,0.5,0.5,0.4999999999999999,0.5,0.5000000000000001,,,non-private,0.0,1.0,0.0,0.0,0.0,inf,0.0465808000008109,0.0002833351152845,0.0002833351152845
naive-claimed-c,this-work,unsafe-diagnostic,diagnostic,9,93c520cd7e498c8db2c59c43bfe745e28e8103590125d2671272306cbecb1e2f,,1,6,1.0,0.5,0.5,0.5,0.5,0.5,0.506,0.5,0.5,0.4999999999999999,0.5,0.5000000000000001,,2.0,unsafe-diagnostic,1.0,1.0,0.2481739707835325,0.7518260292164675,0.8690012970168612,4.345708334033331,0.0622686999995494,0.0001716761413024,0.0001853494087957
stable-local-fallback,this-work,user-certified,primary,0,c9666d92f54946afd0d7939364a7c039fd43c592f9b82d70e359b08e301f2cf4,0.0,1,6,1.0,0.5,0.5,0.5,0.5,0.5,0.499,0.9,0.9000000000000001,0.8999999999999999,0.9000000000000001,0.9000000000000001,1.0,1.0,plan-c,1.0,1.0,0.0,1.0,1.0,1.3081867526944897,0.0498632999951951,0.0002885706563663,0.0002867414956175
handle-only-drop-residual,this-work,user-certified,primary,0,c9666d92f54946afd0d7939364a7c039fd43c592f9b82d70e359b08e301f2cf4,1.0,1,6,1.0,0.5,0.5,0.5,0.5,0.5,0.499,0.9,0.9000000000000001,0.8999999999999999,0.9000000000000001,0.9000000000000001,1.0,1.0,plan-c,1.0,0.2483322214809873,0.2483322214809873,0.0,0.489,2.9738962009252665,0.0581902000121772,0.0002236392946875,0.0002212751097713
unitscope-equal,this-work,user-certified,primary,0,c9666d92f54946afd0d7939364a7c039fd43c592f9b82d70e359b08e301f2cf4,0.1428571428571428,1,6,1.0,0.5,0.5,0.5,0.5,0.5,0.499,0.9,0.9000000000000001,0.8999999999999999,0.9000000000000001,0.9000000000000001,1.0,1.0,plan-c,1.0,1.0,0.2483322214809873,0.7516677785190127,1.0,1.4943619196673472,0.0612293000012869,0.0002617824846579,0.0002614862644123
unitscope-tuned,this-work,user-certified,primary,0,c9666d92f54946afd0d7939364a7c039fd43c592f9b82d70e359b08e301f2cf4,0.0,1,6,1.0,0.5,0.5,0.5,0.5,0.5,0.499,0.9,0.9000000000000001,0.8999999999999999,0.9000000000000001,0.9000000000000001,1.0,1.0,plan-c,1.0,1.0,0.0,1.0,1.0,1.3081867526944897,0.0517647999949986,0.0002885706563663,0.0002867414956175
naive-recalibrated-2c,this-work,user-certified,primary,0,c9666d92f54946afd0d7939364a7c039fd43c592f9b82d70e359b08e301f2cf4,,1,6,1.0,0.5,0.5,0.5,0.5,0.5,0.499,0.9,0.9000000000000001,0.8999999999999999,0.9000000000000001,0.9000000000000001,2.0,2.0,plan-delta,2.0,1.0,0.2483322214809873,0.7516677785190127,0.86696172871648,2.0040512030289883,0.0813610999903176,0.000130819376198,0.0001808716252195
full-identity-reference,oracle,oracle-assumption,full-identity-reference,0,c9666d92f54946afd0d7939364a7c039fd43c592f9b82d70e359b08e301f2cf4,,1,6,1.0,0.5,0.5,0.5,0.5,0.5,0.499,0.9,0.9000000000000001,0.8999999999999999,0.9000000000000001,0.9000000000000001,1.0,1.0,plan-c,1.0,1.0,0.0,0.0,1.0,5.020101177068899,0.3366947000031359,0.0,1.9925347562214557e-05
non-private-reference,oracle,non-private,diagnostic,0,c9666d92f54946afd0d7939364a7c039fd43c592f9b82d70e359b08e301f2cf4,,1,6,1.0,0.5,0.5,0.5,0.5,0.5,0.499,0.9,0.9000000000000001,0.8999999999999999,0.9000000000000001,0.9000000000000001,,,non-private,0.0,1.0,0.0,0.0,0.0,inf,0.0469221999956062,0.0004865900422117,0.0004865900422117
naive-claimed-c,this-work,unsafe-diagnostic,diagnostic,0,c9666d92f54946afd0d7939364a7c039fd43c592f9b82d70e359b08e301f2cf4,,1,6,1.0,0.5,0.5,0.5,0.5,0.5,0.499,0.9,0.9000000000000001,0.8999999999999999,0.9000000000000001,0.9000000000000001,,2.0,unsafe-diagnostic,1.0,1.0,0.2483322214809873,0.7516677785190127,0.86696172871648,4.008102406057977,0.0605785999941872,0.000130819376198,0.0001359201531465
stable-local-fallback,this-work,user-certified,primary,1,c9666d92f54946afd0d7939364a7c039fd43c592f9b82d70e359b08e301f2cf4,0.0,1,6,1.0,0.5,0.5,0.5,0.5,0.5,0.4995,0.9,0.9000000000000001,0.8999999999999999,0.9000000000000001,0.9000000000000001,1.0,1.0,plan-c,1.0,1.0,0.0,1.0,1.0,1.5185492072199989,0.0682595999969635,0.0003297674025812,0.0003636077631473
handle-only-drop-residual,this-work,user-certified,primary,1,c9666d92f54946afd0d7939364a7c039fd43c592f9b82d70e359b08e301f2cf4,1.0,1,6,1.0,0.5,0.5,0.5,0.5,0.5,0.4995,0.9,0.9000000000000001,0.8999999999999999,0.9000000000000001,0.9000000000000001,1.0,1.0,plan-c,1.0,0.2504168056018673,0.2504168056018673,0.0,0.502,2.994824978176833,0.0585599999903934,0.0003264998365914,0.0003563997796345
unitscope-equal,this-work,user-certified,primary,1,c9666d92f54946afd0d7939364a7c039fd43c592f9b82d70e359b08e301f2cf4,0.1428571428571428,1,6,1.0,0.5,0.5,0.5,0.5,0.5,0.4995,0.9,0.9000000000000001,0.8999999999999999,0.9000000000000001,0.9000000000000001,1.0,1.0,plan-c,1.0,1.0,0.2504168056018673,0.7495831943981327,1.0,1.6702537751562132,0.0599326000083237,0.0003114785128929,0.0003448971429388
unitscope-tuned,this-work,user-certified,primary,1,c9666d92f54946afd0d7939364a7c039fd43c592f9b82d70e359b08e301f2cf4,0.0,1,6,1.0,0.5,0.5,0.5,0.5,0.5,0.4995,0.9,0.9000000000000001,0.8999999999999999,0.9000000000000001,0.9000000000000001,1.0,1.0,plan-c,1.0,1.0,0.0,1.0,1.0,1.5185492072199989,0.0530072999972617,0.0003297674025812,0.0003636077631473
naive-recalibrated-2c,this-work,user-certified,primary,1,c9666d92f54946afd0d7939364a7c039fd43c592f9b82d70e359b08e301f2cf4,,1,6,1.0,0.5,0.5,0.5,0.5,0.5,0.4995,0.9,0.9000000000000001,0.8999999999999999,0.9000000000000001,0.9000000000000001,2.0,2.0,plan-delta,2.0,1.0,0.2504168056018673,0.7495831943981327,0.869667626275844,2.0605030856258546,0.0605706999922404,0.0001871296503784,0.0002665876142167
full-identity-reference,oracle,oracle-assumption,full-identity-reference,1,c9666d92f54946afd0d7939364a7c039fd43c592f9b82d70e359b08e301f2cf4,,1,6,1.0,0.5,0.5,0.5,0.5,0.5,0.4995,0.9,0.9000000000000001,0.8999999999999999,0.9000000000000001,0.9000000000000001,1.0,1.0,plan-c,1.0,1.0,0.0,0.0,1.0,6.192408594129792,0.3323149999923771,0.0,1.4585911827834768e-05
non-private-reference,oracle,non-private,diagnostic,1,c9666d92f54946afd0d7939364a7c039fd43c592f9b82d70e359b08e301f2cf4,,1,6,1.0,0.5,0.5,0.5,0.5,0.5,0.4995,0.9,0.9000000000000001,0.8999999999999999,0.9000000000000001,0.9000000000000001,,,non-private,0.0,1.0,0.0,0.0,0.0,inf,0.0615943999873707,0.0004080676511288,0.0004080676511288
naive-claimed-c,this-work,unsafe-diagnostic,diagnostic,1,c9666d92f54946afd0d7939364a7c039fd43c592f9b82d70e359b08e301f2cf4,,1,6,1.0,0.5,0.5,0.5,0.5,0.5,0.4995,0.9,0.9000000000000001,0.8999999999999999,0.9000000000000001,0.9000000000000001,,2.0,unsafe-diagnostic,1.0,1.0,0.2504168056018673,0.7495831943981327,0.869667626275844,4.121006171251709,0.0600643999932799,0.0001871296503784,0.0002122727204697
stable-local-fallback,this-work,user-certified,primary,2,c9666d92f54946afd0d7939364a7c039fd43c592f9b82d70e359b08e301f2cf4,0.0,1,6,1.0,0.5,0.5,0.5,0.5,0.5,0.484,0.9,0.9000000000000002,0.8999999999999999,0.9000000000000001,0.9000000000000001,1.0,1.0,plan-c,1.0,1.0,0.0,1.0,1.0,1.42823587143636,0.0510331999976187,0.0002461192254458,0.0002802287852622
handle-only-drop-residual,this-work,user-certified,primary,2,c9666d92f54946afd0d7939364a7c039fd43c592f9b82d70e359b08e301f2cf4,1.0,1,6,1.0,0.5,0.5,0.5,0.5,0.5,0.484,0.9,0.9000000000000002,0.8999999999999999,0.9000000000000001,0.9000000000000001,1.0,1.0,plan-c,1.0,0.2498315363881401,0.2498315363881401,0.0,0.483,2.759800273932113,0.057587399991462,0.0002861957294251,0.0003460713485825
unitscope-equal,this-work,user-certified,primary,2,c9666d92f54946afd0d7939364a7c039fd43c592f9b82d70e359b08e301f2cf4,0.1428571428571428,1,6,1.0,0.5,0.5,0.5,0.5,0.5,0.484,0.9,0.9000000000000002,0.8999999999999999,0.9000000000000001,0.9000000000000001,1.0,1.0,plan-c,1.0,1.0,0.2498315363881401,0.7501684636118598,1.0,1.47308177613338,0.0741555999993579,0.0002398176732182,0.0002779990061817
unitscope-tuned,this-work,user-certified,primary,2,c9666d92f54946afd0d7939364a7c039fd43c592f9b82d70e359b08e301f2cf4,0.0,1,6,1.0,0.5,0.5,0.5,0.5,0.5,0.484,0.9,0.9000000000000002,0.8999999999999999,0.9000000000000001,0.9000000000000001,1.0,1.0,plan-c,1.0,1.0,0.0,1.0,1.0,1.42823587143636,0.0509611000015866,0.0002461192254458,0.0002802287852622
naive-recalibrated-2c,this-work,user-certified,primary,2,c9666d92f54946afd0d7939364a7c039fd43c592f9b82d70e359b08e301f2cf4,,1,6,1.0,0.5,0.5,0.5,0.5,0.5,0.484,0.9,0.9000000000000002,0.8999999999999999,0.9000000000000001,0.9000000000000001,2.0,2.0,plan-delta,2.0,1.0,0.2498315363881401,0.7501684636118598,0.8640546936628977,1.848781297012984,0.0607361000002129,0.0001730145122659,0.0003170220436987
full-identity-reference,oracle,oracle-assumption,full-identity-reference,2,c9666d92f54946afd0d7939364a7c039fd43c592f9b82d70e359b08e301f2cf4,,1,6,1.0,0.5,0.5,0.5,0.5,0.5,0.484,0.9,0.9000000000000002,0.8999999999999999,0.9000000000000001,0.9000000000000001,1.0,1.0,plan-c,1.0,1.0,0.0,0.0,1.0,5.212578809869084,0.3356398000032641,0.0,1.5944966299623313e-05
non-private-reference,oracle,non-private,diagnostic,2,c9666d92f54946afd0d7939364a7c039fd43c592f9b82d70e359b08e301f2cf4,,1,6,1.0,0.5,0.5,0.5,0.5,0.5,0.484,0.9,0.9000000000000002,0.8999999999999999,0.9000000000000001,0.9000000000000001,,,non-private,0.0,1.0,0.0,0.0,0.0,inf,0.0475135000015143,0.0005379050406584,0.0005379050406584
naive-claimed-c,this-work,unsafe-diagnostic,diagnostic,2,c9666d92f54946afd0d7939364a7c039fd43c592f9b82d70e359b08e301f2cf4,,1,6,1.0,0.5,0.5,0.5,0.5,0.5,0.484,0.9,0.9000000000000002,0.8999999999999999,0.9000000000000001,0.9000000000000001,,2.0,unsafe-diagnostic,1.0,1.0,0.2498315363881401,0.7501684636118598,0.8640546936628977,3.697562594025968,0.075847199987038,0.0001730145122659,0.0002290733116827
stable-local-fallback,this-work,user-certified,primary,3,c9666d92f54946afd0d7939364a7c039fd43c592f9b82d70e359b08e301f2cf4,0.0,1,6,1.0,0.5,0.5,0.5,0.5,0.5,0.508,0.9,0.9000000000000004,0.8999999999999999,0.9000000000000001,0.9000000000000001,1.0,1.0,plan-c,1.0,1.0,0.0,1.0,1.0,1.6094004688296766,0.0506824000040069,0.0002613717330772,0.0002576158055466
handle-only-drop-residual,this-work,user-certified,primary,3,c9666d92f54946afd0d7939364a7c039fd43c592f9b82d70e359b08e301f2cf4,1.0,1,6,1.0,0.5,0.5,0.5,0.5,0.5,0.508,0.9,0.9000000000000004,0.8999999999999999,0.9000000000000001,0.9000000000000001,1.0,1.0,plan-c,1.0,0.248342175066313,0.248342175066313,0.0,0.498,3.177222927100646,0.0571877000038512,0.000207217172726,0.0002098115755685
unitscope-equal,this-work,user-certified,primary,3,c9666d92f54946afd0d7939364a7c039fd43c592f9b82d70e359b08e301f2cf4,0.1428571428571428,1,6,1.0,0.5,0.5,0.5,0.5,0.5,0.508,0.9,0.9000000000000004,0.8999999999999999,0.9000000000000001,0.9000000000000001,1.0,1.0,plan-c,1.0,1.0,0.248342175066313,0.751657824933687,1.0,1.7344586298921612,0.0600460999994538,0.0002467257276148,0.0002443387400214
unitscope-tuned,this-work,user-certified,primary,3,c9666d92f54946afd0d7939364a7c039fd43c592f9b82d70e359b08e301f2cf4,0.0,1,6,1.0,0.5,0.5,0.5,0.5,0.5,0.508,0.9,0.9000000000000004,0.8999999999999999,0.9000000000000001,0.9000000000000001,1.0,1.0,plan-c,1.0,1.0,0.0,1.0,1.0,1.6094004688296766,0.0691163000010419,0.0002613717330772,0.0002576158055466
naive-recalibrated-2c,this-work,user-certified,primary,3,c9666d92f54946afd0d7939364a7c039fd43c592f9b82d70e359b08e301f2cf4,,1,6,1.0,0.5,0.5,0.5,0.5,0.5,0.508,0.9,0.9000000000000004,0.8999999999999999,0.9000000000000001,0.9000000000000001,2.0,2.0,plan-delta,2.0,1.0,0.248342175066313,0.751657824933687,0.8694408322496749,2.2232170815401675,0.0595769999927142,0.0001088084609114,0.0001570158977024
full-identity-reference,oracle,oracle-assumption,full-identity-reference,3,c9666d92f54946afd0d7939364a7c039fd43c592f9b82d70e359b08e301f2cf4,,1,6,1.0,0.5,0.5,0.5,0.5,0.5,0.508,0.9,0.9000000000000004,0.8999999999999999,0.9000000000000001,0.9000000000000001,1.0,1.0,plan-c,1.0,1.0,0.0,0.0,1.0,5.786137304739674,0.3360555999970529,0.0,1.4295995470253786e-05
non-private-reference,oracle,non-private,diagnostic,3,c9666d92f54946afd0d7939364a7c039fd43c592f9b82d70e359b08e301f2cf4,,1,6,1.0,0.5,0.5,0.5,0.5,0.5,0.508,0.9,0.9000000000000004,0.8999999999999999,0.9000000000000001,0.9000000000000001,,,non-private,0.0,1.0,0.0,0.0,0.0,inf,0.0481145000085234,0.0005674025328678,0.0005674025328678
naive-claimed-c,this-work,unsafe-diagnostic,diagnostic,3,c9666d92f54946afd0d7939364a7c039fd43c592f9b82d70e359b08e301f2cf4,,1,6,1.0,0.5,0.5,0.5,0.5,0.5,0.508,0.9,0.9000000000000004,0.8999999999999999,0.9000000000000001,0.9000000000000001,,2.0,unsafe-diagnostic,1.0,1.0,0.248342175066313,0.751657824933687,0.8694408322496749,4.446434163080335,0.0617457000043941,0.0001088084609114,0.0001186161838367
stable-local-fallback,this-work,user-certified,primary,4,c9666d92f54946afd0d7939364a7c039fd43c592f9b82d70e359b08e301f2cf4,0.0,1,6,1.0,0.5,0.5,0.5,0.5,0.5,0.502,0.9,0.9000000000000001,0.8999999999999999,0.9000000000000001,0.9000000000000001,1.0,1.0,plan-c,1.0,1.0,0.0,1.0,1.0,1.3642499289684005,0.0492055000067921,0.000248642406053,0.0002597462688256
handle-only-drop-residual,this-work,user-certified,primary,4,c9666d92f54946afd0d7939364a7c039fd43c592f9b82d70e359b08e301f2cf4,1.0,1,6,1.0,0.5,0.5,0.5,0.5,0.5,0.502,0.9,0.9000000000000001,0.8999999999999999,0.9000000000000001,0.9000000000000001,1.0,1.0,plan-c,1.0,0.2470039946737683,0.2470039946737683,0.0,0.484,3.0577488572120286,0.0573273000045446,0.0002387886308038,0.0002684991892205
unitscope-equal,this-work,user-certified,primary,4,c9666d92f54946afd0d7939364a7c039fd43c592f9b82d70e359b08e301f2cf4,0.1428571428571428,1,6,1.0,0.5,0.5,0.5,0.5,0.5,0.502,0.9,0.9000000000000001,0.8999999999999999,0.9000000000000001,0.9000000000000001,1.0,1.0,plan-c,1.0,1.0,0.2470039946737683,0.7529960053262317,1.0,1.515005116280569,0.0602661000011721,0.0002303333992689,0.0002444858387572
unitscope-tuned,this-work,user-certified,primary,4,c9666d92f54946afd0d7939364a7c039fd43c592f9b82d70e359b08e301f2cf4,0.0,1,6,1.0,0.5,0.5,0.5,0.5,0.5,0.502,0.9,0.9000000000000001,0.8999999999999999,0.9000000000000001,0.9000000000000001,1.0,1.0,plan-c,1.0,1.0,0.0,1.0,1.0,1.3642499289684005,0.0651004000101238,0.000248642406053,0.0002597462688256
naive-recalibrated-2c,this-work,user-certified,primary,4,c9666d92f54946afd0d7939364a7c039fd43c592f9b82d70e359b08e301f2cf4,,1,6,1.0,0.5,0.5,0.5,0.5,0.5,0.502,0.9,0.9000000000000001,0.8999999999999999,0.9000000000000001,0.9000000000000001,2.0,2.0,plan-delta,2.0,1.0,0.2470039946737683,0.7529960053262317,0.8658346333853354,2.0035868952747427,0.0934601000044494,0.0001439826628651,0.0002287571047168
full-identity-reference,oracle,oracle-assumption,full-identity-reference,4,c9666d92f54946afd0d7939364a7c039fd43c592f9b82d70e359b08e301f2cf4,,1,6,1.0,0.5,0.5,0.5,0.5,0.5,0.502,0.9,0.9000000000000001,0.8999999999999999,0.9000000000000001,0.9000000000000001,1.0,1.0,plan-c,1.0,1.0,0.0,0.0,1.0,5.223776436847982,0.3458261000050697,0.0,1.5688479693467358e-05
non-private-reference,oracle,non-private,diagnostic,4,c9666d92f54946afd0d7939364a7c039fd43c592f9b82d70e359b08e301f2cf4,,1,6,1.0,0.5,0.5,0.5,0.5,0.5,0.502,0.9,0.9000000000000001,0.8999999999999999,0.9000000000000001,0.9000000000000001,,,non-private,0.0,1.0,0.0,0.0,0.0,inf,0.0467034000030253,0.0004394216565439,0.0004394216565439
naive-claimed-c,this-work,unsafe-diagnostic,diagnostic,4,c9666d92f54946afd0d7939364a7c039fd43c592f9b82d70e359b08e301f2cf4,,1,6,1.0,0.5,0.5,0.5,0.5,0.5,0.502,0.9,0.9000000000000001,0.8999999999999999,0.9000000000000001,0.9000000000000001,,2.0,unsafe-diagnostic,1.0,1.0,0.2470039946737683,0.7529960053262317,0.8658346333853354,4.007173790549485,0.0611167000024579,0.0001439826628651,0.0001706814040975
stable-local-fallback,this-work,user-certified,primary,5,c9666d92f54946afd0d7939364a7c039fd43c592f9b82d70e359b08e301f2cf4,0.0,1,6,1.0,0.5,0.5,0.5,0.5,0.5,0.5045,0.9,0.9000000000000002,0.8999999999999999,0.9000000000000001,0.9000000000000001,1.0,1.0,plan-c,1.0,1.0,0.0,1.0,1.0,1.336340344765694,0.0627060999977402,0.0002657100483089,0.0002621777926819
handle-only-drop-residual,this-work,user-certified,primary,5,c9666d92f54946afd0d7939364a7c039fd43c592f9b82d70e359b08e301f2cf4,1.0,1,6,1.0,0.5,0.5,0.5,0.5,0.5,0.5045,0.9,0.9000000000000002,0.8999999999999999,0.9000000000000001,0.9000000000000001,1.0,1.0,plan-c,1.0,0.2497507477567298,0.2497507477567298,0.0,0.503,2.8895032802335563,0.0567806000035489,0.0002635915960594,0.0002579666231948
unitscope-equal,this-work,user-certified,primary,5,c9666d92f54946afd0d7939364a7c039fd43c592f9b82d70e359b08e301f2cf4,0.1428571428571428,1,6,1.0,0.5,0.5,0.5,0.5,0.5,0.5045,0.9,0.9000000000000002,0.8999999999999999,0.9000000000000001,0.9000000000000001,1.0,1.0,plan-c,1.0,1.0,0.2497507477567298,0.7502492522432702,1.0,1.441911360797412,0.0658072000078391,0.0002528198474771,0.0002461217783618
unitscope-tuned,this-work,user-certified,primary,5,c9666d92f54946afd0d7939364a7c039fd43c592f9b82d70e359b08e301f2cf4,0.0,1,6,1.0,0.5,0.5,0.5,0.5,0.5,0.5045,0.9,0.9000000000000002,0.8999999999999999,0.9000000000000001,0.9000000000000001,1.0,1.0,plan-c,1.0,1.0,0.0,1.0,1.0,1.336340344765694,0.0543805000052088,0.0002657100483089,0.0002621777926819
naive-recalibrated-2c,this-work,user-certified,primary,5,c9666d92f54946afd0d7939364a7c039fd43c592f9b82d70e359b08e301f2cf4,,1,6,1.0,0.5,0.5,0.5,0.5,0.5,0.5045,0.9,0.9000000000000002,0.8999999999999999,0.9000000000000001,0.9000000000000001,2.0,2.0,plan-delta,2.0,1.0,0.2497507477567298,0.7502492522432702,0.8705054715997915,1.9219490364603529,0.0600909000058891,0.0001557581535636,0.0002049465958143
full-identity-reference,oracle,oracle-assumption,full-identity-reference,5,c9666d92f54946afd0d7939364a7c039fd43c592f9b82d70e359b08e301f2cf4,,1,6,1.0,0.5,0.5,0.5,0.5,0.5,0.5045,0.9,0.9000000000000002,0.8999999999999999,0.9000000000000001,0.9000000000000001,1.0,1.0,plan-c,1.0,1.0,0.0,0.0,1.0,4.826168777140095,0.3360293000005185,0.0,2.072019138122691e-05
non-private-reference,oracle,non-private,diagnostic,5,c9666d92f54946afd0d7939364a7c039fd43c592f9b82d70e359b08e301f2cf4,,1,6,1.0,0.5,0.5,0.5,0.5,0.5,0.5045,0.9,0.9000000000000002,0.8999999999999999,0.9000000000000001,0.9000000000000001,,,non-private,0.0,1.0,0.0,0.0,0.0,inf,0.0617334999988088,0.000572693058351,0.000572693058351
naive-claimed-c,this-work,unsafe-diagnostic,diagnostic,5,c9666d92f54946afd0d7939364a7c039fd43c592f9b82d70e359b08e301f2cf4,,1,6,1.0,0.5,0.5,0.5,0.5,0.5,0.5045,0.9,0.9000000000000002,0.8999999999999999,0.9000000000000001,0.9000000000000001,,2.0,unsafe-diagnostic,1.0,1.0,0.2497507477567298,0.7502492522432702,0.8705054715997915,3.8438980729207057,0.059356600002502,0.0001557581535636,0.0001596321833077
stable-local-fallback,this-work,user-certified,primary,6,c9666d92f54946afd0d7939364a7c039fd43c592f9b82d70e359b08e301f2cf4,0.0,1,6,1.0,0.5,0.5,0.5,0.5,0.5,0.509,0.9,0.9000000000000002,0.8999999999999999,0.9000000000000001,0.9000000000000001,1.0,1.0,plan-c,1.0,1.0,0.0,1.0,1.0,1.5526474585445664,0.0511394000059226,0.0002764342704375,0.0002654893496959
handle-only-drop-residual,this-work,user-certified,primary,6,c9666d92f54946afd0d7939364a7c039fd43c592f9b82d70e359b08e301f2cf4,1.0,1,6,1.0,0.5,0.5,0.5,0.5,0.5,0.509,0.9,0.9000000000000002,0.8999999999999999,0.9000000000000001,0.9000000000000001,1.0,1.0,plan-c,1.0,0.25,0.25,0.0,0.509,3.625534546392307,0.0768953000078909,0.0002513143717141,0.0002569462881247
unitscope-equal,this-work,user-certified,primary,6,c9666d92f54946afd0d7939364a7c039fd43c592f9b82d70e359b08e301f2cf4,0.1428571428571428,1,6,1.0,0.5,0.5,0.5,0.5,0.5,0.509,0.9,0.9000000000000002,0.8999999999999999,0.9000000000000001,0.9000000000000001,1.0,1.0,plan-c,1.0,1.0,0.25,0.75,1.0,1.6961919863690738,0.0604300999984843,0.000259979909716,0.0002518944451511
unitscope-tuned,this-work,user-certified,primary,6,c9666d92f54946afd0d7939364a7c039fd43c592f9b82d70e359b08e301f2cf4,0.0,1,6,1.0,0.5,0.5,0.5,0.5,0.5,0.509,0.9,0.9000000000000002,0.8999999999999999,0.9000000000000001,0.9000000000000001,1.0,1.0,plan-c,1.0,1.0,0.0,1.0,1.0,1.5526474585445664,0.0524592000001575,0.0002764342704375,0.0002654893496959
naive-recalibrated-2c,this-work,user-certified,primary,6,c9666d92f54946afd0d7939364a7c039fd43c592f9b82d70e359b08e301f2cf4,,1,6,1.0,0.5,0.5,0.5,0.5,0.5,0.509,0.9,0.9000000000000002,0.8999999999999999,0.9000000000000001,0.9000000000000001,2.0,2.0,plan-delta,2.0,1.0,0.25,0.75,0.872368079022615,2.3551272227886604,0.0613614999892888,0.0001524146946778,0.0001986760324573
full-identity-reference,oracle,oracle-assumption,full-identity-reference,6,c9666d92f54946afd0d7939364a7c039fd43c592f9b82d70e359b08e301f2cf4,,1,6,1.0,0.5,0.5,0.5,0.5,0.5,0.509,0.9,0.9000000000000002,0.8999999999999999,0.9000000000000001,0.9000000000000001,1.0,1.0,plan-c,1.0,1.0,0.0,0.0,1.0,6.082823823993251,0.3329596999974455,0.0,1.2850918528840267e-05
non-private-reference,oracle,non-private,diagnostic,6,c9666d92f54946afd0d7939364a7c039fd43c592f9b82d70e359b08e301f2cf4,,1,6,1.0,0.5,0.5,0.5,0.5,0.5,0.509,0.9,0.9000000000000002,0.8999999999999999,0.9000000000000001,0.9000000000000001,,,non-private,0.0,1.0,0.0,0.0,0.0,inf,0.0465245000086724,0.000425208953788,0.000425208953788
naive-claimed-c,this-work,unsafe-diagnostic,diagnostic,6,c9666d92f54946afd0d7939364a7c039fd43c592f9b82d70e359b08e301f2cf4,,1,6,1.0,0.5,0.5,0.5,0.5,0.5,0.509,0.9,0.9000000000000002,0.8999999999999999,0.9000000000000001,0.9000000000000001,,2.0,unsafe-diagnostic,1.0,1.0,0.25,0.75,0.872368079022615,4.710254445577321,0.074098099998082,0.0001524146946778,0.0001626944450387
stable-local-fallback,this-work,user-certified,primary,7,c9666d92f54946afd0d7939364a7c039fd43c592f9b82d70e359b08e301f2cf4,0.0,1,6,1.0,0.5,0.5,0.5,0.5,0.5,0.486,0.9,0.9000000000000001,0.8999999999999999,0.9000000000000001,0.9000000000000001,1.0,1.0,plan-c,1.0,1.0,0.0,1.0,1.0,1.6217706082656804,0.0486447000002954,0.0003004810480975,0.0003096469588843
handle-only-drop-residual,this-work,user-certified,primary,7,c9666d92f54946afd0d7939364a7c039fd43c592f9b82d70e359b08e301f2cf4,1.0,1,6,1.0,0.5,0.5,0.5,0.5,0.5,0.486,0.9,0.9000000000000001,0.8999999999999999,0.9000000000000001,0.9000000000000001,1.0,1.0,plan-c,1.0,0.2489905787348587,0.2489905787348587,0.0,0.48,3.484743747757068,0.0576006000046618,0.0003142112124495,0.0003081973318468
unitscope-equal,this-work,user-certified,primary,7,c9666d92f54946afd0d7939364a7c039fd43c592f9b82d70e359b08e301f2cf4,0.1428571428571428,1,6,1.0,0.5,0.5,0.5,0.5,0.5,0.486,0.9,0.9000000000000001,0.8999999999999999,0.9000000000000001,0.9000000000000001,1.0,1.0,plan-c,1.0,1.0,0.2489905787348587,0.7510094212651414,1.0,1.7765882407062537,0.0812745999865001,0.0002849993049911,0.000295304418535
unitscope-tuned,this-work,user-certified,primary,7,c9666d92f54946afd0d7939364a7c039fd43c592f9b82d70e359b08e301f2cf4,0.0,1,6,1.0,0.5,0.5,0.5,0.5,0.5,0.486,0.9,0.9000000000000001,0.8999999999999999,0.9000000000000001,0.9000000000000001,1.0,1.0,plan-c,1.0,1.0,0.0,1.0,1.0,1.6217706082656804,0.0514296000037575,0.0003004810480975,0.0003096469588843
naive-recalibrated-2c,this-work,user-certified,primary,7,c9666d92f54946afd0d7939364a7c039fd43c592f9b82d70e359b08e301f2cf4,,1,6,1.0,0.5,0.5,0.5,0.5,0.5,0.486,0.9,0.9000000000000001,0.8999999999999999,0.9000000000000001,0.9000000000000001,2.0,2.0,plan-delta,2.0,1.0,0.2489905787348587,0.7510094212651414,0.8636244426960399,2.316234697383832,0.0595750000065891,0.000186864499544,0.0002033134893754
full-identity-reference,oracle,oracle-assumption,full-identity-reference,7,c9666d92f54946afd0d7939364a7c039fd43c592f9b82d70e359b08e301f2cf4,,1,6,1.0,0.5,0.5,0.5,0.5,0.5,0.486,0.9,0.9000000000000001,0.8999999999999999,0.9000000000000001,0.9000000000000001,1.0,1.0,plan-c,1.0,1.0,0.0,0.0,1.0,6.0869389314239735,0.3438086999958614,0.0,1.4522739286817303e-05
non-private-reference,oracle,non-private,diagnostic,7,c9666d92f54946afd0d7939364a7c039fd43c592f9b82d70e359b08e301f2cf4,,1,6,1.0,0.5,0.5,0.5,0.5,0.5,0.486,0.9,0.9000000000000001,0.8999999999999999,0.9000000000000001,0.9000000000000001,,,non-private,0.0,1.0,0.0,0.0,0.0,inf,0.0557422999991104,0.0005324775362563,0.0005324775362563
naive-claimed-c,this-work,unsafe-diagnostic,diagnostic,7,c9666d92f54946afd0d7939364a7c039fd43c592f9b82d70e359b08e301f2cf4,,1,6,1.0,0.5,0.5,0.5,0.5,0.5,0.486,0.9,0.9000000000000001,0.8999999999999999,0.9000000000000001,0.9000000000000001,,2.0,unsafe-diagnostic,1.0,1.0,0.2489905787348587,0.7510094212651414,0.8636244426960399,4.632469394767663,0.0731859000079566,0.000186864499544,0.0001805662551729
stable-local-fallback,this-work,user-certified,primary,8,c9666d92f54946afd0d7939364a7c039fd43c592f9b82d70e359b08e301f2cf4,0.0,1,6,1.0,0.5,0.5,0.5,0.5,0.5,0.4875,0.9,0.9000000000000002,0.8999999999999999,0.9000000000000001,0.9000000000000001,1.0,1.0,plan-c,1.0,1.0,0.0,1.0,1.0,1.5902531034978746,0.054781400001957,0.0003738761043974,0.0004348904159839
handle-only-drop-residual,this-work,user-certified,primary,8,c9666d92f54946afd0d7939364a7c039fd43c592f9b82d70e359b08e301f2cf4,1.0,1,6,1.0,0.5,0.5,0.5,0.5,0.5,0.4875,0.9,0.9000000000000002,0.8999999999999999,0.9000000000000001,0.9000000000000001,1.0,1.0,plan-c,1.0,0.2510924369747899,0.2510924369747899,0.0,0.494,3.350592484677647,0.064731100006611,0.0003468869438065,0.0003993076679904
unitscope-equal,this-work,user-certified,primary,8,c9666d92f54946afd0d7939364a7c039fd43c592f9b82d70e359b08e301f2cf4,0.1428571428571428,1,6,1.0,0.5,0.5,0.5,0.5,0.5,0.4875,0.9,0.9000000000000002,0.8999999999999999,0.9000000000000001,0.9000000000000001,1.0,1.0,plan-c,1.0,1.0,0.2510924369747899,0.7489075630252101,1.0,1.6787677162670989,0.0622202999948058,0.0003634567845465,0.0004236143520851
unitscope-tuned,this-work,user-certified,primary,8,c9666d92f54946afd0d7939364a7c039fd43c592f9b82d70e359b08e301f2cf4,0.0,1,6,1.0,0.5,0.5,0.5,0.5,0.5,0.4875,0.9,0.9000000000000002,0.8999999999999999,0.9000000000000001,0.9000000000000001,1.0,1.0,plan-c,1.0,1.0,0.0,1.0,1.0,1.5902531034978746,0.073370199999772,0.0003738761043974,0.0004348904159839
naive-recalibrated-2c,this-work,user-certified,primary,8,c9666d92f54946afd0d7939364a7c039fd43c592f9b82d70e359b08e301f2cf4,,1,6,1.0,0.5,0.5,0.5,0.5,0.5,0.4875,0.9,0.9000000000000002,0.8999999999999999,0.9000000000000001,0.9000000000000001,2.0,2.0,plan-delta,2.0,1.0,0.2510924369747899,0.7489075630252101,0.8680917622523462,2.230639591545609,0.0658303000091109,0.0001890864791955,0.0002991058341548
full-identity-reference,oracle,oracle-assumption,full-identity-reference,8,c9666d92f54946afd0d7939364a7c039fd43c592f9b82d70e359b08e301f2cf4,,1,6,1.0,0.5,0.5,0.5,0.5,0.5,0.4875,0.9,0.9000000000000002,0.8999999999999999,0.9000000000000001,0.9000000000000001,1.0,1.0,plan-c,1.0,1.0,0.0,0.0,1.0,6.126735441491054,0.3466978999931598,0.0,1.7675969185463058e-05
non-private-reference,oracle,non-private,diagnostic,8,c9666d92f54946afd0d7939364a7c039fd43c592f9b82d70e359b08e301f2cf4,,1,6,1.0,0.5,0.5,0.5,0.5,0.5,0.4875,0.9,0.9000000000000002,0.8999999999999999,0.9000000000000001,0.9000000000000001,,,non-private,0.0,1.0,0.0,0.0,0.0,inf,0.0457843999902252,0.000573648364657,0.000573648364657
naive-claimed-c,this-work,unsafe-diagnostic,diagnostic,8,c9666d92f54946afd0d7939364a7c039fd43c592f9b82d70e359b08e301f2cf4,,1,6,1.0,0.5,0.5,0.5,0.5,0.5,0.4875,0.9,0.9000000000000002,0.8999999999999999,0.9000000000000001,0.9000000000000001,,2.0,unsafe-diagnostic,1.0,1.0,0.2510924369747899,0.7489075630252101,0.8680917622523462,4.461279183091218,0.0605766999942716,0.0001890864791955,0.0002264201874897
stable-local-fallback,this-work,user-certified,primary,9,c9666d92f54946afd0d7939364a7c039fd43c592f9b82d70e359b08e301f2cf4,0.0,1,6,1.0,0.5,0.5,0.5,0.5,0.5,0.506,0.9,0.9000000000000001,0.8999999999999999,0.9000000000000001,0.9000000000000001,1.0,1.0,plan-c,1.0,1.0,0.0,1.0,1.0,1.5673502560312456,0.0511901999998372,0.0003061030105336,0.0003300501477169
handle-only-drop-residual,this-work,user-certified,primary,9,c9666d92f54946afd0d7939364a7c039fd43c592f9b82d70e359b08e301f2cf4,1.0,1,6,1.0,0.5,0.5,0.5,0.5,0.5,0.506,0.9,0.9000000000000001,0.8999999999999999,0.9000000000000001,0.9000000000000001,1.0,1.0,plan-c,1.0,0.2481739707835325,0.2481739707835325,0.0,0.495,3.2352741377016296,0.0605567000020528,0.0002846103188056,0.0002972558057033
unitscope-equal,this-work,user-certified,primary,9,c9666d92f54946afd0d7939364a7c039fd43c592f9b82d70e359b08e301f2cf4,0.1428571428571428,1,6,1.0,0.5,0.5,0.5,0.5,0.5,0.506,0.9,0.9000000000000001,0.8999999999999999,0.9000000000000001,0.9000000000000001,1.0,1.0,plan-c,1.0,1.0,0.2481739707835325,0.7518260292164675,1.0,1.6640097816052188,0.0609502000006614,0.0002924268638016,0.0003176942531913
unitscope-tuned,this-work,user-certified,primary,9,c9666d92f54946afd0d7939364a7c039fd43c592f9b82d70e359b08e301f2cf4,0.0,1,6,1.0,0.5,0.5,0.5,0.5,0.5,0.506,0.9,0.9000000000000001,0.8999999999999999,0.9000000000000001,0.9000000000000001,1.0,1.0,plan-c,1.0,1.0,0.0,1.0,1.0,1.5673502560312456,0.0539775999932317,0.0003061030105336,0.0003300501477169
naive-recalibrated-2c,this-work,user-certified,primary,9,c9666d92f54946afd0d7939364a7c039fd43c592f9b82d70e359b08e301f2cf4,,1,6,1.0,0.5,0.5,0.5,0.5,0.5,0.506,0.9,0.9000000000000001,0.8999999999999999,0.9000000000000001,0.9000000000000001,2.0,2.0,plan-delta,2.0,1.0,0.2481739707835325,0.7518260292164675,0.8690012970168612,2.138696727332347,0.0811000999965472,0.0001587667679598,0.0002118627117222
full-identity-reference,oracle,oracle-assumption,full-identity-reference,9,c9666d92f54946afd0d7939364a7c039fd43c592f9b82d70e359b08e301f2cf4,,1,6,1.0,0.5,0.5,0.5,0.5,0.5,0.506,0.9,0.9000000000000001,0.8999999999999999,0.9000000000000001,0.9000000000000001,1.0,1.0,plan-c,1.0,1.0,0.0,0.0,1.0,6.282173535578494,0.3380699999979697,0.0,1.322733564205228e-05
non-private-reference,oracle,non-private,diagnostic,9,c9666d92f54946afd0d7939364a7c039fd43c592f9b82d70e359b08e301f2cf4,,1,6,1.0,0.5,0.5,0.5,0.5,0.5,0.506,0.9,0.9000000000000001,0.8999999999999999,0.9000000000000001,0.9000000000000001,,,non-private,0.0,1.0,0.0,0.0,0.0,inf,0.0459204999933717,0.0004179163027731,0.0004179163027731
naive-claimed-c,this-work,unsafe-diagnostic,diagnostic,9,c9666d92f54946afd0d7939364a7c039fd43c592f9b82d70e359b08e301f2cf4,,1,6,1.0,0.5,0.5,0.5,0.5,0.5,0.506,0.9,0.9000000000000001,0.8999999999999999,0.9000000000000001,0.9000000000000001,,2.0,unsafe-diagnostic,1.0,1.0,0.2481739707835325,0.7518260292164675,0.8690012970168612,4.277393454664694,0.0600211000128183,0.0001587667679598,0.0001720874041989
stable-local-fallback,this-work,user-certified,primary,0,16249f415d40cf804bb7ddd691a33bc7a05494b811a88a7245b6a31e930f95c8,0.0,1,6,1.0,0.5,0.5,0.5,0.5,0.5,0.499,0.9,0.9000000000000001,0.8999999999999999,0.9000000000000001,0.9000000000000001,1.0,1.0,plan-c,1.0,1.0,0.0,1.0,1.0,1.3081867526944897,0.0674368000036338,0.0002885706563663,0.0002867414956175
handle-only-drop-residual,this-work,user-certified,primary,0,16249f415d40cf804bb7ddd691a33bc7a05494b811a88a7245b6a31e930f95c8,1.0,1,6,1.0,0.5,0.5,0.5,0.5,0.5,0.499,0.9,0.9000000000000001,0.8999999999999999,0.9000000000000001,0.9000000000000001,1.0,1.0,plan-c,1.0,0.2483322214809873,0.2483322214809873,0.0,0.489,2.9738962009252665,0.0580932000011671,0.0002236392946875,0.0002212751097713
unitscope-equal,this-work,user-certified,primary,0,16249f415d40cf804bb7ddd691a33bc7a05494b811a88a7245b6a31e930f95c8,0.1428571428571428,1,6,1.0,0.5,0.5,0.5,0.5,0.5,0.499,0.9,0.9000000000000001,0.8999999999999999,0.9000000000000001,0.9000000000000001,1.0,1.0,plan-c,1.0,1.0,0.2483322214809873,0.7516677785190127,1.0,1.4943619196673472,0.0611277999996673,0.0002617824846579,0.0002614862644123
unitscope-tuned,this-work,user-certified,primary,0,16249f415d40cf804bb7ddd691a33bc7a05494b811a88a7245b6a31e930f95c8,0.25,1,6,1.0,0.5,0.5,0.5,0.5,0.5,0.499,0.9,0.9000000000000001,0.8999999999999999,0.9000000000000001,0.9000000000000001,1.0,1.0,plan-c,1.0,1.0,0.2483322214809873,0.7516677785190127,1.0,1.7108096927603984,0.0619667999999364,0.0002394836873915,0.0002397660593693
naive-recalibrated-2c,this-work,user-certified,primary,0,16249f415d40cf804bb7ddd691a33bc7a05494b811a88a7245b6a31e930f95c8,,1,6,1.0,0.5,0.5,0.5,0.5,0.5,0.499,0.9,0.9000000000000001,0.8999999999999999,0.9000000000000001,0.9000000000000001,2.0,2.0,plan-delta,2.0,1.0,0.2483322214809873,0.7516677785190127,0.86696172871648,2.0040512030289883,0.0609318000060739,0.000130819376198,0.0001808716252195
full-identity-reference,oracle,oracle-assumption,full-identity-reference,0,16249f415d40cf804bb7ddd691a33bc7a05494b811a88a7245b6a31e930f95c8,,1,6,1.0,0.5,0.5,0.5,0.5,0.5,0.499,0.9,0.9000000000000001,0.8999999999999999,0.9000000000000001,0.9000000000000001,1.0,1.0,plan-c,1.0,1.0,0.0,0.0,1.0,5.020101177068899,0.3355108999967342,0.0,1.9925347562214557e-05
non-private-reference,oracle,non-private,diagnostic,0,16249f415d40cf804bb7ddd691a33bc7a05494b811a88a7245b6a31e930f95c8,,1,6,1.0,0.5,0.5,0.5,0.5,0.5,0.499,0.9,0.9000000000000001,0.8999999999999999,0.9000000000000001,0.9000000000000001,,,non-private,0.0,1.0,0.0,0.0,0.0,inf,0.0600875000091036,0.0004865900422117,0.0004865900422117
naive-claimed-c,this-work,unsafe-diagnostic,diagnostic,0,16249f415d40cf804bb7ddd691a33bc7a05494b811a88a7245b6a31e930f95c8,,1,6,1.0,0.5,0.5,0.5,0.5,0.5,0.499,0.9,0.9000000000000001,0.8999999999999999,0.9000000000000001,0.9000000000000001,,2.0,unsafe-diagnostic,1.0,1.0,0.2483322214809873,0.7516677785190127,0.86696172871648,4.008102406057977,0.0586946999974316,0.000130819376198,0.0001359201531465
stable-local-fallback,this-work,user-certified,primary,1,16249f415d40cf804bb7ddd691a33bc7a05494b811a88a7245b6a31e930f95c8,0.0,1,6,1.0,0.5,0.5,0.5,0.5,0.5,0.4995,0.9,0.9000000000000001,0.8999999999999999,0.9000000000000001,0.9000000000000001,1.0,1.0,plan-c,1.0,1.0,0.0,1.0,1.0,1.5185492072199989,0.0494868999958271,0.0003297674025812,0.0003636077631473
handle-only-drop-residual,this-work,user-certified,primary,1,16249f415d40cf804bb7ddd691a33bc7a05494b811a88a7245b6a31e930f95c8,1.0,1,6,1.0,0.5,0.5,0.5,0.5,0.5,0.4995,0.9,0.9000000000000001,0.8999999999999999,0.9000000000000001,0.9000000000000001,1.0,1.0,plan-c,1.0,0.2504168056018673,0.2504168056018673,0.0,0.502,2.994824978176833,0.0724207999883219,0.0003264998365914,0.0003563997796345
unitscope-equal,this-work,user-certified,primary,1,16249f415d40cf804bb7ddd691a33bc7a05494b811a88a7245b6a31e930f95c8,0.1428571428571428,1,6,1.0,0.5,0.5,0.5,0.5,0.5,0.4995,0.9,0.9000000000000001,0.8999999999999999,0.9000000000000001,0.9000000000000001,1.0,1.0,plan-c,1.0,1.0,0.2504168056018673,0.7495831943981327,1.0,1.6702537751562132,0.0609953999955905,0.0003114785128929,0.0003448971429388
unitscope-tuned,this-work,user-certified,primary,1,16249f415d40cf804bb7ddd691a33bc7a05494b811a88a7245b6a31e930f95c8,0.25,1,6,1.0,0.5,0.5,0.5,0.5,0.5,0.4995,0.9,0.9000000000000001,0.8999999999999999,0.9000000000000001,0.9000000000000001,1.0,1.0,plan-c,1.0,1.0,0.2504168056018673,0.7495831943981327,1.0,1.860589098295241,0.0618050999910337,0.0002970819589728,0.0003297014348827
naive-recalibrated-2c,this-work,user-certified,primary,1,16249f415d40cf804bb7ddd691a33bc7a05494b811a88a7245b6a31e930f95c8,,1,6,1.0,0.5,0.5,0.5,0.5,0.5,0.4995,0.9,0.9000000000000001,0.8999999999999999,0.9000000000000001,0.9000000000000001,2.0,2.0,plan-delta,2.0,1.0,0.2504168056018673,0.7495831943981327,0.869667626275844,2.0605030856258546,0.0603988000075332,0.0001871296503784,0.0002665876142167
full-identity-reference,oracle,oracle-assumption,full-identity-reference,1,16249f415d40cf804bb7ddd691a33bc7a05494b811a88a7245b6a31e930f95c8,,1,6,1.0,0.5,0.5,0.5,0.5,0.5,0.4995,0.9,0.9000000000000001,0.8999999999999999,0.9000000000000001,0.9000000000000001,1.0,1.0,plan-c,1.0,1.0,0.0,0.0,1.0,6.192408594129792,0.3428210000129184,0.0,1.4585911827834768e-05
non-private-reference,oracle,non-private,diagnostic,1,16249f415d40cf804bb7ddd691a33bc7a05494b811a88a7245b6a31e930f95c8,,1,6,1.0,0.5,0.5,0.5,0.5,0.5,0.4995,0.9,0.9000000000000001,0.8999999999999999,0.9000000000000001,0.9000000000000001,,,non-private,0.0,1.0,0.0,0.0,0.0,inf,0.0544287999946391,0.0004080676511288,0.0004080676511288
naive-claimed-c,this-work,unsafe-diagnostic,diagnostic,1,16249f415d40cf804bb7ddd691a33bc7a05494b811a88a7245b6a31e930f95c8,,1,6,1.0,0.5,0.5,0.5,0.5,0.5,0.4995,0.9,0.9000000000000001,0.8999999999999999,0.9000000000000001,0.9000000000000001,,2.0,unsafe-diagnostic,1.0,1.0,0.2504168056018673,0.7495831943981327,0.869667626275844,4.121006171251709,0.0983107000065501,0.0001871296503784,0.0002122727204697
stable-local-fallback,this-work,user-certified,primary,2,16249f415d40cf804bb7ddd691a33bc7a05494b811a88a7245b6a31e930f95c8,0.0,1,6,1.0,0.5,0.5,0.5,0.5,0.5,0.484,0.9,0.9000000000000002,0.8999999999999999,0.9000000000000001,0.9000000000000001,1.0,1.0,plan-c,1.0,1.0,0.0,1.0,1.0,1.42823587143636,0.0536399999982677,0.0002461192254458,0.0002802287852622
handle-only-drop-residual,this-work,user-certified,primary,2,16249f415d40cf804bb7ddd691a33bc7a05494b811a88a7245b6a31e930f95c8,1.0,1,6,1.0,0.5,0.5,0.5,0.5,0.5,0.484,0.9,0.9000000000000002,0.8999999999999999,0.9000000000000001,0.9000000000000001,1.0,1.0,plan-c,1.0,0.2498315363881401,0.2498315363881401,0.0,0.483,2.759800273932113,0.06369180000911,0.0002861957294251,0.0003460713485825
unitscope-equal,this-work,user-certified,primary,2,16249f415d40cf804bb7ddd691a33bc7a05494b811a88a7245b6a31e930f95c8,0.1428571428571428,1,6,1.0,0.5,0.5,0.5,0.5,0.5,0.484,0.9,0.9000000000000002,0.8999999999999999,0.9000000000000001,0.9000000000000001,1.0,1.0,plan-c,1.0,1.0,0.2498315363881401,0.7501684636118598,1.0,1.47308177613338,0.0880036000016843,0.0002398176732182,0.0002779990061817
unitscope-tuned,this-work,user-certified,primary,2,16249f415d40cf804bb7ddd691a33bc7a05494b811a88a7245b6a31e930f95c8,0.25,1,6,1.0,0.5,0.5,0.5,0.5,0.5,0.484,0.9,0.9000000000000002,0.8999999999999999,0.9000000000000001,0.9000000000000001,1.0,1.0,plan-c,1.0,1.0,0.2498315363881401,0.7501684636118598,1.0,1.6164484567446225,0.0649647999962326,0.0002331648359545,0.0002745457417875
naive-recalibrated-2c,this-work,user-certified,primary,2,16249f415d40cf804bb7ddd691a33bc7a05494b811a88a7245b6a31e930f95c8,,1,6,1.0,0.5,0.5,0.5,0.5,0.5,0.484,0.9,0.9000000000000002,0.8999999999999999,0.9000000000000001,0.9000000000000001,2.0,2.0,plan-delta,2.0,1.0,0.2498315363881401,0.7501684636118598,0.8640546936628977,1.848781297012984,0.0624087000032886,0.0001730145122659,0.0003170220436987
full-identity-reference,oracle,oracle-assumption,full-identity-reference,2,16249f415d40cf804bb7ddd691a33bc7a05494b811a88a7245b6a31e930f95c8,,1,6,1.0,0.5,0.5,0.5,0.5,0.5,0.484,0.9,0.9000000000000002,0.8999999999999999,0.9000000000000001,0.9000000000000001,1.0,1.0,plan-c,1.0,1.0,0.0,0.0,1.0,5.212578809869084,0.3451567000010982,0.0,1.5944966299623313e-05
non-private-reference,oracle,non-private,diagnostic,2,16249f415d40cf804bb7ddd691a33bc7a05494b811a88a7245b6a31e930f95c8,,1,6,1.0,0.5,0.5,0.5,0.5,0.5,0.484,0.9,0.9000000000000002,0.8999999999999999,0.9000000000000001,0.9000000000000001,,,non-private,0.0,1.0,0.0,0.0,0.0,inf,0.0474143000028561,0.0005379050406584,0.0005379050406584
naive-claimed-c,this-work,unsafe-diagnostic,diagnostic,2,16249f415d40cf804bb7ddd691a33bc7a05494b811a88a7245b6a31e930f95c8,,1,6,1.0,0.5,0.5,0.5,0.5,0.5,0.484,0.9,0.9000000000000002,0.8999999999999999,0.9000000000000001,0.9000000000000001,,2.0,unsafe-diagnostic,1.0,1.0,0.2498315363881401,0.7501684636118598,0.8640546936628977,3.697562594025968,0.061875700004748,0.0001730145122659,0.0002290733116827
stable-local-fallback,this-work,user-certified,primary,3,16249f415d40cf804bb7ddd691a33bc7a05494b811a88a7245b6a31e930f95c8,0.0,1,6,1.0,0.5,0.5,0.5,0.5,0.5,0.508,0.9,0.9000000000000004,0.8999999999999999,0.9000000000000001,0.9000000000000001,1.0,1.0,plan-c,1.0,1.0,0.0,1.0,1.0,1.6094004688296766,0.0531140999955823,0.0002613717330772,0.0002576158055466
handle-only-drop-residual,this-work,user-certified,primary,3,16249f415d40cf804bb7ddd691a33bc7a05494b811a88a7245b6a31e930f95c8,1.0,1,6,1.0,0.5,0.5,0.5,0.5,0.5,0.508,0.9,0.9000000000000004,0.8999999999999999,0.9000000000000001,0.9000000000000001,1.0,1.0,plan-c,1.0,0.248342175066313,0.248342175066313,0.0,0.498,3.177222927100646,0.0653679999959422,0.000207217172726,0.0002098115755685
unitscope-equal,this-work,user-certified,primary,3,16249f415d40cf804bb7ddd691a33bc7a05494b811a88a7245b6a31e930f95c8,0.1428571428571428,1,6,1.0,0.5,0.5,0.5,0.5,0.5,0.508,0.9,0.9000000000000004,0.8999999999999999,0.9000000000000001,0.9000000000000001,1.0,1.0,plan-c,1.0,1.0,0.248342175066313,0.751657824933687,1.0,1.7344586298921612,0.0719820000085746,0.0002467257276148,0.0002443387400214
unitscope-tuned,this-work,user-certified,primary,3,16249f415d40cf804bb7ddd691a33bc7a05494b811a88a7245b6a31e930f95c8,0.25,1,6,1.0,0.5,0.5,0.5,0.5,0.5,0.508,0.9,0.9000000000000004,0.8999999999999999,0.9000000000000001,0.9000000000000001,1.0,1.0,plan-c,1.0,1.0,0.248342175066313,0.751657824933687,1.0,1.951737954850784,0.1041590999957406,0.0002295517496834,0.0002282708503924
naive-recalibrated-2c,this-work,user-certified,primary,3,16249f415d40cf804bb7ddd691a33bc7a05494b811a88a7245b6a31e930f95c8,,1,6,1.0,0.5,0.5,0.5,0.5,0.5,0.508,0.9,0.9000000000000004,0.8999999999999999,0.9000000000000001,0.9000000000000001,2.0,2.0,plan-delta,2.0,1.0,0.248342175066313,0.751657824933687,0.8694408322496749,2.2232170815401675,0.0804134000063641,0.0001088084609114,0.0001570158977024
full-identity-reference,oracle,oracle-assumption,full-identity-reference,3,16249f415d40cf804bb7ddd691a33bc7a05494b811a88a7245b6a31e930f95c8,,1,6,1.0,0.5,0.5,0.5,0.5,0.5,0.508,0.9,0.9000000000000004,0.8999999999999999,0.9000000000000001,0.9000000000000001,1.0,1.0,plan-c,1.0,1.0,0.0,0.0,1.0,5.786137304739674,0.3499091000121552,0.0,1.4295995470253786e-05
non-private-reference,oracle,non-private,diagnostic,3,16249f415d40cf804bb7ddd691a33bc7a05494b811a88a7245b6a31e930f95c8,,1,6,1.0,0.5,0.5,0.5,0.5,0.5,0.508,0.9,0.9000000000000004,0.8999999999999999,0.9000000000000001,0.9000000000000001,,,non-private,0.0,1.0,0.0,0.0,0.0,inf,0.0520280999917304,0.0005674025328678,0.0005674025328678
naive-claimed-c,this-work,unsafe-diagnostic,diagnostic,3,16249f415d40cf804bb7ddd691a33bc7a05494b811a88a7245b6a31e930f95c8,,1,6,1.0,0.5,0.5,0.5,0.5,0.5,0.508,0.9,0.9000000000000004,0.8999999999999999,0.9000000000000001,0.9000000000000001,,2.0,unsafe-diagnostic,1.0,1.0,0.248342175066313,0.751657824933687,0.8694408322496749,4.446434163080335,0.0612049999908776,0.0001088084609114,0.0001186161838367
stable-local-fallback,this-work,user-certified,primary,4,16249f415d40cf804bb7ddd691a33bc7a05494b811a88a7245b6a31e930f95c8,0.0,1,6,1.0,0.5,0.5,0.5,0.5,0.5,0.502,0.9,0.9000000000000001,0.8999999999999999,0.9000000000000001,0.9000000000000001,1.0,1.0,plan-c,1.0,1.0,0.0,1.0,1.0,1.3642499289684005,0.055803700000979,0.000248642406053,0.0002597462688256
handle-only-drop-residual,this-work,user-certified,primary,4,16249f415d40cf804bb7ddd691a33bc7a05494b811a88a7245b6a31e930f95c8,1.0,1,6,1.0,0.5,0.5,0.5,0.5,0.5,0.502,0.9,0.9000000000000001,0.8999999999999999,0.9000000000000001,0.9000000000000001,1.0,1.0,plan-c,1.0,0.2470039946737683,0.2470039946737683,0.0,0.484,3.0577488572120286,0.0607553999871015,0.0002387886308038,0.0002684991892205
unitscope-equal,this-work,user-certified,primary,4,16249f415d40cf804bb7ddd691a33bc7a05494b811a88a7245b6a31e930f95c8,0.1428571428571428,1,6,1.0,0.5,0.5,0.5,0.5,0.5,0.502,0.9,0.9000000000000001,0.8999999999999999,0.9000000000000001,0.9000000000000001,1.0,1.0,plan-c,1.0,1.0,0.2470039946737683,0.7529960053262317,1.0,1.515005116280569,0.0629345999914221,0.0002303333992689,0.0002444858387572
unitscope-tuned,this-work,user-certified,primary,4,16249f415d40cf804bb7ddd691a33bc7a05494b811a88a7245b6a31e930f95c8,0.25,1,6,1.0,0.5,0.5,0.5,0.5,0.5,0.502,0.9,0.9000000000000001,0.8999999999999999,0.9000000000000001,0.9000000000000001,1.0,1.0,plan-c,1.0,1.0,0.2470039946737683,0.7529960053262317,1.0,1.7264359150309352,0.0611670999933267,0.0002157788994372,0.0002324082136853
naive-recalibrated-2c,this-work,user-certified,primary,4,16249f415d40cf804bb7ddd691a33bc7a05494b811a88a7245b6a31e930f95c8,,1,6,1.0,0.5,0.5,0.5,0.5,0.5,0.502,0.9,0.9000000000000001,0.8999999999999999,0.9000000000000001,0.9000000000000001,2.0,2.0,plan-delta,2.0,1.0,0.2470039946737683,0.7529960053262317,0.8658346333853354,2.0035868952747427,0.0784474000101909,0.0001439826628651,0.0002287571047168
full-identity-reference,oracle,oracle-assumption,full-identity-reference,4,16249f415d40cf804bb7ddd691a33bc7a05494b811a88a7245b6a31e930f95c8,,1,6,1.0,0.5,0.5,0.5,0.5,0.5,0.502,0.9,0.9000000000000001,0.8999999999999999,0.9000000000000001,0.9000000000000001,1.0,1.0,plan-c,1.0,1.0,0.0,0.0,1.0,5.223776436847982,0.3384232999960659,0.0,1.5688479693467358e-05
non-private-reference,oracle,non-private,diagnostic,4,16249f415d40cf804bb7ddd691a33bc7a05494b811a88a7245b6a31e930f95c8,,1,6,1.0,0.5,0.5,0.5,0.5,0.5,0.502,0.9,0.9000000000000001,0.8999999999999999,0.9000000000000001,0.9000000000000001,,,non-private,0.0,1.0,0.0,0.0,0.0,inf,0.0606130999949527,0.0004394216565439,0.0004394216565439
naive-claimed-c,this-work,unsafe-diagnostic,diagnostic,4,16249f415d40cf804bb7ddd691a33bc7a05494b811a88a7245b6a31e930f95c8,,1,6,1.0,0.5,0.5,0.5,0.5,0.5,0.502,0.9,0.9000000000000001,0.8999999999999999,0.9000000000000001,0.9000000000000001,,2.0,unsafe-diagnostic,1.0,1.0,0.2470039946737683,0.7529960053262317,0.8658346333853354,4.007173790549485,0.0656644999980926,0.0001439826628651,0.0001706814040975
stable-local-fallback,this-work,user-certified,primary,5,16249f415d40cf804bb7ddd691a33bc7a05494b811a88a7245b6a31e930f95c8,0.0,1,6,1.0,0.5,0.5,0.5,0.5,0.5,0.5045,0.9,0.9000000000000002,0.8999999999999999,0.9000000000000001,0.9000000000000001,1.0,1.0,plan-c,1.0,1.0,0.0,1.0,1.0,1.336340344765694,0.0698706999974092,0.0002657100483089,0.0002621777926819
handle-only-drop-residual,this-work,user-certified,primary,5,16249f415d40cf804bb7ddd691a33bc7a05494b811a88a7245b6a31e930f95c8,1.0,1,6,1.0,0.5,0.5,0.5,0.5,0.5,0.5045,0.9,0.9000000000000002,0.8999999999999999,0.9000000000000001,0.9000000000000001,1.0,1.0,plan-c,1.0,0.2497507477567298,0.2497507477567298,0.0,0.503,2.8895032802335563,0.0589496000029612,0.0002635915960594,0.0002579666231948
unitscope-equal,this-work,user-certified,primary,5,16249f415d40cf804bb7ddd691a33bc7a05494b811a88a7245b6a31e930f95c8,0.1428571428571428,1,6,1.0,0.5,0.5,0.5,0.5,0.5,0.5045,0.9,0.9000000000000002,0.8999999999999999,0.9000000000000001,0.9000000000000001,1.0,1.0,plan-c,1.0,1.0,0.2497507477567298,0.7502492522432702,1.0,1.441911360797412,0.0645113999926252,0.0002528198474771,0.0002461217783618
unitscope-tuned,this-work,user-certified,primary,5,16249f415d40cf804bb7ddd691a33bc7a05494b811a88a7245b6a31e930f95c8,0.25,1,6,1.0,0.5,0.5,0.5,0.5,0.5,0.5045,0.9,0.9000000000000002,0.8999999999999999,0.9000000000000001,0.9000000000000001,1.0,1.0,plan-c,1.0,1.0,0.2497507477567298,0.7502492522432702,1.0,1.623047507273616,0.0659843000030377,0.000240409938142,0.0002333009834046
naive-recalibrated-2c,this-work,user-certified,primary,5,16249f415d40cf804bb7ddd691a33bc7a05494b811a88a7245b6a31e930f95c8,,1,6,1.0,0.5,0.5,0.5,0.5,0.5,0.5045,0.9,0.9000000000000002,0.8999999999999999,0.9000000000000001,0.9000000000000001,2.0,2.0,plan-delta,2.0,1.0,0.2497507477567298,0.7502492522432702,0.8705054715997915,1.9219490364603529,0.0622968999959994,0.0001557581535636,0.0002049465958143
full-identity-reference,oracle,oracle-assumption,full-identity-reference,5,16249f415d40cf804bb7ddd691a33bc7a05494b811a88a7245b6a31e930f95c8,,1,6,1.0,0.5,0.5,0.5,0.5,0.5,0.5045,0.9,0.9000000000000002,0.8999999999999999,0.9000000000000001,0.9000000000000001,1.0,1.0,plan-c,1.0,1.0,0.0,0.0,1.0,4.826168777140095,0.3407783000002382,0.0,2.072019138122691e-05
non-private-reference,oracle,non-private,diagnostic,5,16249f415d40cf804bb7ddd691a33bc7a05494b811a88a7245b6a31e930f95c8,,1,6,1.0,0.5,0.5,0.5,0.5,0.5,0.5045,0.9,0.9000000000000002,0.8999999999999999,0.9000000000000001,0.9000000000000001,,,non-private,0.0,1.0,0.0,0.0,0.0,inf,0.0639264000055845,0.000572693058351,0.000572693058351
naive-claimed-c,this-work,unsafe-diagnostic,diagnostic,5,16249f415d40cf804bb7ddd691a33bc7a05494b811a88a7245b6a31e930f95c8,,1,6,1.0,0.5,0.5,0.5,0.5,0.5,0.5045,0.9,0.9000000000000002,0.8999999999999999,0.9000000000000001,0.9000000000000001,,2.0,unsafe-diagnostic,1.0,1.0,0.2497507477567298,0.7502492522432702,0.8705054715997915,3.8438980729207057,0.0630946000019321,0.0001557581535636,0.0001596321833077
stable-local-fallback,this-work,user-certified,primary,6,16249f415d40cf804bb7ddd691a33bc7a05494b811a88a7245b6a31e930f95c8,0.0,1,6,1.0,0.5,0.5,0.5,0.5,0.5,0.509,0.9,0.9000000000000002,0.8999999999999999,0.9000000000000001,0.9000000000000001,1.0,1.0,plan-c,1.0,1.0,0.0,1.0,1.0,1.5526474585445664,0.0518749000038951,0.0002764342704375,0.0002654893496959
handle-only-drop-residual,this-work,user-certified,primary,6,16249f415d40cf804bb7ddd691a33bc7a05494b811a88a7245b6a31e930f95c8,1.0,1,6,1.0,0.5,0.5,0.5,0.5,0.5,0.509,0.9,0.9000000000000002,0.8999999999999999,0.9000000000000001,0.9000000000000001,1.0,1.0,plan-c,1.0,0.25,0.25,0.0,0.509,3.625534546392307,0.0739826000062748,0.0002513143717141,0.0002569462881247
unitscope-equal,this-work,user-certified,primary,6,16249f415d40cf804bb7ddd691a33bc7a05494b811a88a7245b6a31e930f95c8,0.1428571428571428,1,6,1.0,0.5,0.5,0.5,0.5,0.5,0.509,0.9,0.9000000000000002,0.8999999999999999,0.9000000000000001,0.9000000000000001,1.0,1.0,plan-c,1.0,1.0,0.25,0.75,1.0,1.6961919863690738,0.0612208999955328,0.000259979909716,0.0002518944451511
unitscope-tuned,this-work,user-certified,primary,6,16249f415d40cf804bb7ddd691a33bc7a05494b811a88a7245b6a31e930f95c8,0.25,1,6,1.0,0.5,0.5,0.5,0.5,0.5,0.509,0.9,0.9000000000000002,0.8999999999999999,0.9000000000000001,0.9000000000000001,1.0,1.0,plan-c,1.0,1.0,0.25,0.75,1.0,1.9461925911583475,0.0637467999913496,0.0002436401984953,0.0002382458829771
naive-recalibrated-2c,this-work,user-certified,primary,6,16249f415d40cf804bb7ddd691a33bc7a05494b811a88a7245b6a31e930f95c8,,1,6,1.0,0.5,0.5,0.5,0.5,0.5,0.509,0.9,0.9000000000000002,0.8999999999999999,0.9000000000000001,0.9000000000000001,2.0,2.0,plan-delta,2.0,1.0,0.25,0.75,0.872368079022615,2.3551272227886604,0.06137920000765,0.0001524146946778,0.0001986760324573
full-identity-reference,oracle,oracle-assumption,full-identity-reference,6,16249f415d40cf804bb7ddd691a33bc7a05494b811a88a7245b6a31e930f95c8,,1,6,1.0,0.5,0.5,0.5,0.5,0.5,0.509,0.9,0.9000000000000002,0.8999999999999999,0.9000000000000001,0.9000000000000001,1.0,1.0,plan-c,1.0,1.0,0.0,0.0,1.0,6.082823823993251,0.3337336999975377,0.0,1.2850918528840267e-05
non-private-reference,oracle,non-private,diagnostic,6,16249f415d40cf804bb7ddd691a33bc7a05494b811a88a7245b6a31e930f95c8,,1,6,1.0,0.5,0.5,0.5,0.5,0.5,0.509,0.9,0.9000000000000002,0.8999999999999999,0.9000000000000001,0.9000000000000001,,,non-private,0.0,1.0,0.0,0.0,0.0,inf,0.0492227999930037,0.000425208953788,0.000425208953788
naive-claimed-c,this-work,unsafe-diagnostic,diagnostic,6,16249f415d40cf804bb7ddd691a33bc7a05494b811a88a7245b6a31e930f95c8,,1,6,1.0,0.5,0.5,0.5,0.5,0.5,0.509,0.9,0.9000000000000002,0.8999999999999999,0.9000000000000001,0.9000000000000001,,2.0,unsafe-diagnostic,1.0,1.0,0.25,0.75,0.872368079022615,4.710254445577321,0.0778167000098619,0.0001524146946778,0.0001626944450387
stable-local-fallback,this-work,user-certified,primary,7,16249f415d40cf804bb7ddd691a33bc7a05494b811a88a7245b6a31e930f95c8,0.0,1,6,1.0,0.5,0.5,0.5,0.5,0.5,0.486,0.9,0.9000000000000001,0.8999999999999999,0.9000000000000001,0.9000000000000001,1.0,1.0,plan-c,1.0,1.0,0.0,1.0,1.0,1.6217706082656804,0.0538767999969422,0.0003004810480975,0.0003096469588843
handle-only-drop-residual,this-work,user-certified,primary,7,16249f415d40cf804bb7ddd691a33bc7a05494b811a88a7245b6a31e930f95c8,1.0,1,6,1.0,0.5,0.5,0.5,0.5,0.5,0.486,0.9,0.9000000000000001,0.8999999999999999,0.9000000000000001,0.9000000000000001,1.0,1.0,plan-c,1.0,0.2489905787348587,0.2489905787348587,0.0,0.48,3.484743747757068,0.0603238000039709,0.0003142112124495,0.0003081973318468
unitscope-equal,this-work,user-certified,primary,7,16249f415d40cf804bb7ddd691a33bc7a05494b811a88a7245b6a31e930f95c8,0.1428571428571428,1,6,1.0,0.5,0.5,0.5,0.5,0.5,0.486,0.9,0.9000000000000001,0.8999999999999999,0.9000000000000001,0.9000000000000001,1.0,1.0,plan-c,1.0,1.0,0.2489905787348587,0.7510094212651414,1.0,1.7765882407062537,0.0829185000038705,0.0002849993049911,0.000295304418535
unitscope-tuned,this-work,user-certified,primary,7,16249f415d40cf804bb7ddd691a33bc7a05494b811a88a7245b6a31e930f95c8,0.25,1,6,1.0,0.5,0.5,0.5,0.5,0.5,0.486,0.9,0.9000000000000001,0.8999999999999999,0.9000000000000001,0.9000000000000001,1.0,1.0,plan-c,1.0,1.0,0.2489905787348587,0.7510094212651414,1.0,2.006009730019266,0.0609041999996406,0.0002703979715154,0.0002793160630304
naive-recalibrated-2c,this-work,user-certified,primary,7,16249f415d40cf804bb7ddd691a33bc7a05494b811a88a7245b6a31e930f95c8,,1,6,1.0,0.5,0.5,0.5,0.5,0.5,0.486,0.9,0.9000000000000001,0.8999999999999999,0.9000000000000001,0.9000000000000001,2.0,2.0,plan-delta,2.0,1.0,0.2489905787348587,0.7510094212651414,0.8636244426960399,2.316234697383832,0.0619046000065282,0.000186864499544,0.0002033134893754
full-identity-reference,oracle,oracle-assumption,full-identity-reference,7,16249f415d40cf804bb7ddd691a33bc7a05494b811a88a7245b6a31e930f95c8,,1,6,1.0,0.5,0.5,0.5,0.5,0.5,0.486,0.9,0.9000000000000001,0.8999999999999999,0.9000000000000001,0.9000000000000001,1.0,1.0,plan-c,1.0,1.0,0.0,0.0,1.0,6.0869389314239735,0.3359881000069435,0.0,1.4522739286817303e-05
non-private-reference,oracle,non-private,diagnostic,7,16249f415d40cf804bb7ddd691a33bc7a05494b811a88a7245b6a31e930f95c8,,1,6,1.0,0.5,0.5,0.5,0.5,0.5,0.486,0.9,0.9000000000000001,0.8999999999999999,0.9000000000000001,0.9000000000000001,,,non-private,0.0,1.0,0.0,0.0,0.0,inf,0.0483435000060126,0.0005324775362563,0.0005324775362563
naive-claimed-c,this-work,unsafe-diagnostic,diagnostic,7,16249f415d40cf804bb7ddd691a33bc7a05494b811a88a7245b6a31e930f95c8,,1,6,1.0,0.5,0.5,0.5,0.5,0.5,0.486,0.9,0.9000000000000001,0.8999999999999999,0.9000000000000001,0.9000000000000001,,2.0,unsafe-diagnostic,1.0,1.0,0.2489905787348587,0.7510094212651414,0.8636244426960399,4.632469394767663,0.0646597000013571,0.000186864499544,0.0001805662551729
stable-local-fallback,this-work,user-certified,primary,8,16249f415d40cf804bb7ddd691a33bc7a05494b811a88a7245b6a31e930f95c8,0.0,1,6,1.0,0.5,0.5,0.5,0.5,0.5,0.4875,0.9,0.9000000000000002,0.8999999999999999,0.9000000000000001,0.9000000000000001,1.0,1.0,plan-c,1.0,1.0,0.0,1.0,1.0,1.5902531034978746,0.0538463999982923,0.0003738761043974,0.0004348904159839
handle-only-drop-residual,this-work,user-certified,primary,8,16249f415d40cf804bb7ddd691a33bc7a05494b811a88a7245b6a31e930f95c8,1.0,1,6,1.0,0.5,0.5,0.5,0.5,0.5,0.4875,0.9,0.9000000000000002,0.8999999999999999,0.9000000000000001,0.9000000000000001,1.0,1.0,plan-c,1.0,0.2510924369747899,0.2510924369747899,0.0,0.494,3.350592484677647,0.0607490999973379,0.0003468869438065,0.0003993076679904
unitscope-equal,this-work,user-certified,primary,8,16249f415d40cf804bb7ddd691a33bc7a05494b811a88a7245b6a31e930f95c8,0.1428571428571428,1,6,1.0,0.5,0.5,0.5,0.5,0.5,0.4875,0.9,0.9000000000000002,0.8999999999999999,0.9000000000000001,0.9000000000000001,1.0,1.0,plan-c,1.0,1.0,0.2510924369747899,0.7489075630252101,1.0,1.6787677162670989,0.0631227999983821,0.0003634567845465,0.0004236143520851
unitscope-tuned,this-work,user-certified,primary,8,16249f415d40cf804bb7ddd691a33bc7a05494b811a88a7245b6a31e930f95c8,0.25,1,6,1.0,0.5,0.5,0.5,0.5,0.5,0.4875,0.9,0.9000000000000002,0.8999999999999999,0.9000000000000001,0.9000000000000001,1.0,1.0,plan-c,1.0,1.0,0.2510924369747899,0.7489075630252101,1.0,1.8888347859625303,0.080182199992123,0.0003476841744614,0.0004062733563854
naive-recalibrated-2c,this-work,user-certified,primary,8,16249f415d40cf804bb7ddd691a33bc7a05494b811a88a7245b6a31e930f95c8,,1,6,1.0,0.5,0.5,0.5,0.5,0.5,0.4875,0.9,0.9000000000000002,0.8999999999999999,0.9000000000000001,0.9000000000000001,2.0,2.0,plan-delta,2.0,1.0,0.2510924369747899,0.7489075630252101,0.8680917622523462,2.230639591545609,0.0655720999930054,0.0001890864791955,0.0002991058341548
full-identity-reference,oracle,oracle-assumption,full-identity-reference,8,16249f415d40cf804bb7ddd691a33bc7a05494b811a88a7245b6a31e930f95c8,,1,6,1.0,0.5,0.5,0.5,0.5,0.5,0.4875,0.9,0.9000000000000002,0.8999999999999999,0.9000000000000001,0.9000000000000001,1.0,1.0,plan-c,1.0,1.0,0.0,0.0,1.0,6.126735441491054,0.3411445000092499,0.0,1.7675969185463058e-05
non-private-reference,oracle,non-private,diagnostic,8,16249f415d40cf804bb7ddd691a33bc7a05494b811a88a7245b6a31e930f95c8,,1,6,1.0,0.5,0.5,0.5,0.5,0.5,0.4875,0.9,0.9000000000000002,0.8999999999999999,0.9000000000000001,0.9000000000000001,,,non-private,0.0,1.0,0.0,0.0,0.0,inf,0.0472279999958118,0.000573648364657,0.000573648364657
naive-claimed-c,this-work,unsafe-diagnostic,diagnostic,8,16249f415d40cf804bb7ddd691a33bc7a05494b811a88a7245b6a31e930f95c8,,1,6,1.0,0.5,0.5,0.5,0.5,0.5,0.4875,0.9,0.9000000000000002,0.8999999999999999,0.9000000000000001,0.9000000000000001,,2.0,unsafe-diagnostic,1.0,1.0,0.2510924369747899,0.7489075630252101,0.8680917622523462,4.461279183091218,0.0603650999983074,0.0001890864791955,0.0002264201874897
stable-local-fallback,this-work,user-certified,primary,9,16249f415d40cf804bb7ddd691a33bc7a05494b811a88a7245b6a31e930f95c8,0.0,1,6,1.0,0.5,0.5,0.5,0.5,0.5,0.506,0.9,0.9000000000000001,0.8999999999999999,0.9000000000000001,0.9000000000000001,1.0,1.0,plan-c,1.0,1.0,0.0,1.0,1.0,1.5673502560312456,0.051384299993515,0.0003061030105336,0.0003300501477169
handle-only-drop-residual,this-work,user-certified,primary,9,16249f415d40cf804bb7ddd691a33bc7a05494b811a88a7245b6a31e930f95c8,1.0,1,6,1.0,0.5,0.5,0.5,0.5,0.5,0.506,0.9,0.9000000000000001,0.8999999999999999,0.9000000000000001,0.9000000000000001,1.0,1.0,plan-c,1.0,0.2481739707835325,0.2481739707835325,0.0,0.495,3.2352741377016296,0.0595540000067558,0.0002846103188056,0.0002972558057033
unitscope-equal,this-work,user-certified,primary,9,16249f415d40cf804bb7ddd691a33bc7a05494b811a88a7245b6a31e930f95c8,0.1428571428571428,1,6,1.0,0.5,0.5,0.5,0.5,0.5,0.506,0.9,0.9000000000000001,0.8999999999999999,0.9000000000000001,0.9000000000000001,1.0,1.0,plan-c,1.0,1.0,0.2481739707835325,0.7518260292164675,1.0,1.6640097816052188,0.063224600002286,0.0002924268638016,0.0003176942531913
unitscope-tuned,this-work,user-certified,primary,9,16249f415d40cf804bb7ddd691a33bc7a05494b811a88a7245b6a31e930f95c8,0.25,1,6,1.0,0.5,0.5,0.5,0.5,0.5,0.506,0.9,0.9000000000000001,0.8999999999999999,0.9000000000000001,0.9000000000000001,1.0,1.0,plan-c,1.0,1.0,0.2481739707835325,0.7518260292164675,1.0,1.869200391482432,0.0619779999979073,0.000274399061048,0.0002980874579192
naive-recalibrated-2c,this-work,user-certified,primary,9,16249f415d40cf804bb7ddd691a33bc7a05494b811a88a7245b6a31e930f95c8,,1,6,1.0,0.5,0.5,0.5,0.5,0.5,0.506,0.9,0.9000000000000001,0.8999999999999999,0.9000000000000001,0.9000000000000001,2.0,2.0,plan-delta,2.0,1.0,0.2481739707835325,0.7518260292164675,0.8690012970168612,2.138696727332347,0.0845543999894289,0.0001587667679598,0.0002118627117222
full-identity-reference,oracle,oracle-assumption,full-identity-reference,9,16249f415d40cf804bb7ddd691a33bc7a05494b811a88a7245b6a31e930f95c8,,1,6,1.0,0.5,0.5,0.5,0.5,0.5,0.506,0.9,0.9000000000000001,0.8999999999999999,0.9000000000000001,0.9000000000000001,1.0,1.0,plan-c,1.0,1.0,0.0,0.0,1.0,6.282173535578494,0.3431879999989178,0.0,1.322733564205228e-05
non-private-reference,oracle,non-private,diagnostic,9,16249f415d40cf804bb7ddd691a33bc7a05494b811a88a7245b6a31e930f95c8,,1,6,1.0,0.5,0.5,0.5,0.5,0.5,0.506,0.9,0.9000000000000001,0.8999999999999999,0.9000000000000001,0.9000000000000001,,,non-private,0.0,1.0,0.0,0.0,0.0,inf,0.0476926999981515,0.0004179163027731,0.0004179163027731
naive-claimed-c,this-work,unsafe-diagnostic,diagnostic,9,16249f415d40cf804bb7ddd691a33bc7a05494b811a88a7245b6a31e930f95c8,,1,6,1.0,0.5,0.5,0.5,0.5,0.5,0.506,0.9,0.9000000000000001,0.8999999999999999,0.9000000000000001,0.9000000000000001,,2.0,unsafe-diagnostic,1.0,1.0,0.2481739707835325,0.7518260292164675,0.8690012970168612,4.277393454664694,0.0598429999954532,0.0001587667679598,0.0001720874041989
stable-local-fallback,this-work,user-certified,primary,0,6c92deedaf55490b424b3009deca19abc61bcdfe4c92aa36795c1864823c6a96,0.0,1,6,1.0,0.5,0.5,0.5,0.5,0.5,0.499,0.9,0.9000000000000001,0.8999999999999999,0.9000000000000001,0.9000000000000001,1.0,1.0,plan-c,1.0,1.0,0.0,1.0,1.0,1.3081867526944897,0.0693184999981895,0.0002885706563663,0.0002867414956175
handle-only-drop-residual,this-work,user-certified,primary,0,6c92deedaf55490b424b3009deca19abc61bcdfe4c92aa36795c1864823c6a96,1.0,1,6,1.0,0.5,0.5,0.5,0.5,0.5,0.499,0.9,0.9000000000000001,0.8999999999999999,0.9000000000000001,0.9000000000000001,1.0,1.0,plan-c,1.0,0.2483322214809873,0.2483322214809873,0.0,0.489,2.9738962009252665,0.062946500009275,0.0002236392946875,0.0002212751097713
unitscope-equal,this-work,user-certified,primary,0,6c92deedaf55490b424b3009deca19abc61bcdfe4c92aa36795c1864823c6a96,0.1428571428571428,1,6,1.0,0.5,0.5,0.5,0.5,0.5,0.499,0.9,0.9000000000000001,0.8999999999999999,0.9000000000000001,0.9000000000000001,1.0,1.0,plan-c,1.0,1.0,0.2483322214809873,0.7516677785190127,1.0,1.4943619196673472,0.0642568000039318,0.0002617824846579,0.0002614862644123
unitscope-tuned,this-work,user-certified,primary,0,6c92deedaf55490b424b3009deca19abc61bcdfe4c92aa36795c1864823c6a96,0.5,1,6,1.0,0.5,0.5,0.5,0.5,0.5,0.499,0.9,0.9000000000000001,0.8999999999999999,0.9000000000000001,0.9000000000000001,1.0,1.0,plan-c,1.0,1.0,0.2483322214809873,0.7516677785190127,1.0,2.278434933827437,0.0647355999972205,0.0002003177752748,0.0002019501957741
naive-recalibrated-2c,this-work,user-certified,primary,0,6c92deedaf55490b424b3009deca19abc61bcdfe4c92aa36795c1864823c6a96,,1,6,1.0,0.5,0.5,0.5,0.5,0.5,0.499,0.9,0.9000000000000001,0.8999999999999999,0.9000000000000001,0.9000000000000001,2.0,2.0,plan-delta,2.0,1.0,0.2483322214809873,0.7516677785190127,0.86696172871648,2.0040512030289883,0.066851299998234,0.000130819376198,0.0001808716252195
full-identity-reference,oracle,oracle-assumption,full-identity-reference,0,6c92deedaf55490b424b3009deca19abc61bcdfe4c92aa36795c1864823c6a96,,1,6,1.0,0.5,0.5,0.5,0.5,0.5,0.499,0.9,0.9000000000000001,0.8999999999999999,0.9000000000000001,0.9000000000000001,1.0,1.0,plan-c,1.0,1.0,0.0,0.0,1.0,5.020101177068899,0.3423613999912049,0.0,1.9925347562214557e-05
non-private-reference,oracle,non-private,diagnostic,0,6c92deedaf55490b424b3009deca19abc61bcdfe4c92aa36795c1864823c6a96,,1,6,1.0,0.5,0.5,0.5,0.5,0.5,0.499,0.9,0.9000000000000001,0.8999999999999999,0.9000000000000001,0.9000000000000001,,,non-private,0.0,1.0,0.0,0.0,0.0,inf,0.0629399999888846,0.0004865900422117,0.0004865900422117
naive-claimed-c,this-work,unsafe-diagnostic,diagnostic,0,6c92deedaf55490b424b3009deca19abc61bcdfe4c92aa36795c1864823c6a96,,1,6,1.0,0.5,0.5,0.5,0.5,0.5,0.499,0.9,0.9000000000000001,0.8999999999999999,0.9000000000000001,0.9000000000000001,,2.0,unsafe-diagnostic,1.0,1.0,0.2483322214809873,0.7516677785190127,0.86696172871648,4.008102406057977,0.0636003999970853,0.000130819376198,0.0001359201531465
stable-local-fallback,this-work,user-certified,primary,1,6c92deedaf55490b424b3009deca19abc61bcdfe4c92aa36795c1864823c6a96,0.0,1,6,1.0,0.5,0.5,0.5,0.5,0.5,0.4995,0.9,0.9000000000000001,0.8999999999999999,0.9000000000000001,0.9000000000000001,1.0,1.0,plan-c,1.0,1.0,0.0,1.0,1.0,1.5185492072199989,0.0510524999990593,0.0003297674025812,0.0003636077631473
handle-only-drop-residual,this-work,user-certified,primary,1,6c92deedaf55490b424b3009deca19abc61bcdfe4c92aa36795c1864823c6a96,1.0,1,6,1.0,0.5,0.5,0.5,0.5,0.5,0.4995,0.9,0.9000000000000001,0.8999999999999999,0.9000000000000001,0.9000000000000001,1.0,1.0,plan-c,1.0,0.2504168056018673,0.2504168056018673,0.0,0.502,2.994824978176833,0.086932499994873,0.0003264998365914,0.0003563997796345
unitscope-equal,this-work,user-certified,primary,1,6c92deedaf55490b424b3009deca19abc61bcdfe4c92aa36795c1864823c6a96,0.1428571428571428,1,6,1.0,0.5,0.5,0.5,0.5,0.5,0.4995,0.9,0.9000000000000001,0.8999999999999999,0.9000000000000001,0.9000000000000001,1.0,1.0,plan-c,1.0,1.0,0.2504168056018673,0.7495831943981327,1.0,1.6702537751562132,0.0605601999995997,0.0003114785128929,0.0003448971429388
unitscope-tuned,this-work,user-certified,primary,1,6c92deedaf55490b424b3009deca19abc61bcdfe4c92aa36795c1864823c6a96,0.5,1,6,1.0,0.5,0.5,0.5,0.5,0.5,0.4995,0.9,0.9000000000000001,0.8999999999999999,0.9000000000000001,0.9000000000000001,1.0,1.0,plan-c,1.0,1.0,0.2504168056018673,0.7495831943981327,1.0,2.4056966168514995,0.0619232000026386,0.0002745385578265,0.0003052933407527
naive-recalibrated-2c,this-work,user-certified,primary,1,6c92deedaf55490b424b3009deca19abc61bcdfe4c92aa36795c1864823c6a96,,1,6,1.0,0.5,0.5,0.5,0.5,0.5,0.4995,0.9,0.9000000000000001,0.8999999999999999,0.9000000000000001,0.9000000000000001,2.0,2.0,plan-delta,2.0,1.0,0.2504168056018673,0.7495831943981327,0.869667626275844,2.0605030856258546,0.062736699997913,0.0001871296503784,0.0002665876142167
full-identity-reference,oracle,oracle-assumption,full-identity-reference,1,6c92deedaf55490b424b3009deca19abc61bcdfe4c92aa36795c1864823c6a96,,1,6,1.0,0.5,0.5,0.5,0.5,0.5,0.4995,0.9,0.9000000000000001,0.8999999999999999,0.9000000000000001,0.9000000000000001,1.0,1.0,plan-c,1.0,1.0,0.0,0.0,1.0,6.192408594129792,0.3383370000083232,0.0,1.4585911827834768e-05
non-private-reference,oracle,non-private,diagnostic,1,6c92deedaf55490b424b3009deca19abc61bcdfe4c92aa36795c1864823c6a96,,1,6,1.0,0.5,0.5,0.5,0.5,0.5,0.4995,0.9,0.9000000000000001,0.8999999999999999,0.9000000000000001,0.9000000000000001,,,non-private,0.0,1.0,0.0,0.0,0.0,inf,0.0477603000035742,0.0004080676511288,0.0004080676511288
naive-claimed-c,this-work,unsafe-diagnostic,diagnostic,1,6c92deedaf55490b424b3009deca19abc61bcdfe4c92aa36795c1864823c6a96,,1,6,1.0,0.5,0.5,0.5,0.5,0.5,0.4995,0.9,0.9000000000000001,0.8999999999999999,0.9000000000000001,0.9000000000000001,,2.0,unsafe-diagnostic,1.0,1.0,0.2504168056018673,0.7495831943981327,0.869667626275844,4.121006171251709,0.079307100008009,0.0001871296503784,0.0002122727204697
stable-local-fallback,this-work,user-certified,primary,2,6c92deedaf55490b424b3009deca19abc61bcdfe4c92aa36795c1864823c6a96,0.0,1,6,1.0,0.5,0.5,0.5,0.5,0.5,0.484,0.9,0.9000000000000002,0.8999999999999999,0.9000000000000001,0.9000000000000001,1.0,1.0,plan-c,1.0,1.0,0.0,1.0,1.0,1.42823587143636,0.0509594000031938,0.0002461192254458,0.0002802287852622
handle-only-drop-residual,this-work,user-certified,primary,2,6c92deedaf55490b424b3009deca19abc61bcdfe4c92aa36795c1864823c6a96,1.0,1,6,1.0,0.5,0.5,0.5,0.5,0.5,0.484,0.9,0.9000000000000002,0.8999999999999999,0.9000000000000001,0.9000000000000001,1.0,1.0,plan-c,1.0,0.2498315363881401,0.2498315363881401,0.0,0.483,2.759800273932113,0.0586857000016607,0.0002861957294251,0.0003460713485825
unitscope-equal,this-work,user-certified,primary,2,6c92deedaf55490b424b3009deca19abc61bcdfe4c92aa36795c1864823c6a96,0.1428571428571428,1,6,1.0,0.5,0.5,0.5,0.5,0.5,0.484,0.9,0.9000000000000002,0.8999999999999999,0.9000000000000001,0.9000000000000001,1.0,1.0,plan-c,1.0,1.0,0.2498315363881401,0.7501684636118598,1.0,1.47308177613338,0.0617083999968599,0.0002398176732182,0.0002779990061817
unitscope-tuned,this-work,user-certified,primary,2,6c92deedaf55490b424b3009deca19abc61bcdfe4c92aa36795c1864823c6a96,0.5,1,6,1.0,0.5,0.5,0.5,0.5,0.5,0.484,0.9,0.9000000000000002,0.8999999999999999,0.9000000000000001,0.9000000000000001,1.0,1.0,plan-c,1.0,1.0,0.2498315363881401,0.7501684636118598,1.0,2.089359177255359,0.0778943999903276,0.0002291059724185,0.0002779525482803
naive-recalibrated-2c,this-work,user-certified,primary,2,6c92deedaf55490b424b3009deca19abc61bcdfe4c92aa36795c1864823c6a96,,1,6,1.0,0.5,0.5,0.5,0.5,0.5,0.484,0.9,0.9000000000000002,0.8999999999999999,0.9000000000000001,0.9000000000000001,2.0,2.0,plan-delta,2.0,1.0,0.2498315363881401,0.7501684636118598,0.8640546936628977,1.848781297012984,0.0609667999960947,0.0001730145122659,0.0003170220436987
full-identity-reference,oracle,oracle-assumption,full-identity-reference,2,6c92deedaf55490b424b3009deca19abc61bcdfe4c92aa36795c1864823c6a96,,1,6,1.0,0.5,0.5,0.5,0.5,0.5,0.484,0.9,0.9000000000000002,0.8999999999999999,0.9000000000000001,0.9000000000000001,1.0,1.0,plan-c,1.0,1.0,0.0,0.0,1.0,5.212578809869084,0.3494961999967927,0.0,1.5944966299623313e-05
non-private-reference,oracle,non-private,diagnostic,2,6c92deedaf55490b424b3009deca19abc61bcdfe4c92aa36795c1864823c6a96,,1,6,1.0,0.5,0.5,0.5,0.5,0.5,0.484,0.9,0.9000000000000002,0.8999999999999999,0.9000000000000001,0.9000000000000001,,,non-private,0.0,1.0,0.0,0.0,0.0,inf,0.0455419999925652,0.0005379050406584,0.0005379050406584
naive-claimed-c,this-work,unsafe-diagnostic,diagnostic,2,6c92deedaf55490b424b3009deca19abc61bcdfe4c92aa36795c1864823c6a96,,1,6,1.0,0.5,0.5,0.5,0.5,0.5,0.484,0.9,0.9000000000000002,0.8999999999999999,0.9000000000000001,0.9000000000000001,,2.0,unsafe-diagnostic,1.0,1.0,0.2498315363881401,0.7501684636118598,0.8640546936628977,3.697562594025968,0.0620252999942749,0.0001730145122659,0.0002290733116827
stable-local-fallback,this-work,user-certified,primary,3,6c92deedaf55490b424b3009deca19abc61bcdfe4c92aa36795c1864823c6a96,0.0,1,6,1.0,0.5,0.5,0.5,0.5,0.5,0.508,0.9,0.9000000000000004,0.8999999999999999,0.9000000000000001,0.9000000000000001,1.0,1.0,plan-c,1.0,1.0,0.0,1.0,1.0,1.6094004688296766,0.0508733000024221,0.0002613717330772,0.0002576158055466
handle-only-drop-residual,this-work,user-certified,primary,3,6c92deedaf55490b424b3009deca19abc61bcdfe4c92aa36795c1864823c6a96,1.0,1,6,1.0,0.5,0.5,0.5,0.5,0.5,0.508,0.9,0.9000000000000004,0.8999999999999999,0.9000000000000001,0.9000000000000001,1.0,1.0,plan-c,1.0,0.248342175066313,0.248342175066313,0.0,0.498,3.177222927100646,0.0583704000018769,0.000207217172726,0.0002098115755685
unitscope-equal,this-work,user-certified,primary,3,6c92deedaf55490b424b3009deca19abc61bcdfe4c92aa36795c1864823c6a96,0.1428571428571428,1,6,1.0,0.5,0.5,0.5,0.5,0.5,0.508,0.9,0.9000000000000004,0.8999999999999999,0.9000000000000001,0.9000000000000001,1.0,1.0,plan-c,1.0,1.0,0.248342175066313,0.751657824933687,1.0,1.7344586298921612,0.0634395000088261,0.0002467257276148,0.0002443387400214
unitscope-tuned,this-work,user-certified,primary,3,6c92deedaf55490b424b3009deca19abc61bcdfe4c92aa36795c1864823c6a96,0.5,1,6,1.0,0.5,0.5,0.5,0.5,0.5,0.508,0.9,0.9000000000000004,0.8999999999999999,0.9000000000000001,0.9000000000000001,1.0,1.0,plan-c,1.0,1.0,0.248342175066313,0.751657824933687,1.0,2.541704941399024,0.0643239000055473,0.000200660550821,0.0002019605242354
naive-recalibrated-2c,this-work,user-certified,primary,3,6c92deedaf55490b424b3009deca19abc61bcdfe4c92aa36795c1864823c6a96,,1,6,1.0,0.5,0.5,0.5,0.5,0.5,0.508,0.9,0.9000000000000004,0.8999999999999999,0.9000000000000001,0.9000000000000001,2.0,2.0,plan-delta,2.0,1.0,0.248342175066313,0.751657824933687,0.8694408322496749,2.2232170815401675,0.0789126000017859,0.0001088084609114,0.0001570158977024
full-identity-reference,oracle,oracle-assumption,full-identity-reference,3,6c92deedaf55490b424b3009deca19abc61bcdfe4c92aa36795c1864823c6a96,,1,6,1.0,0.5,0.5,0.5,0.5,0.5,0.508,0.9,0.9000000000000004,0.8999999999999999,0.9000000000000001,0.9000000000000001,1.0,1.0,plan-c,1.0,1.0,0.0,0.0,1.0,5.786137304739674,0.3421152999944752,0.0,1.4295995470253786e-05
non-private-reference,oracle,non-private,diagnostic,3,6c92deedaf55490b424b3009deca19abc61bcdfe4c92aa36795c1864823c6a96,,1,6,1.0,0.5,0.5,0.5,0.5,0.5,0.508,0.9,0.9000000000000004,0.8999999999999999,0.9000000000000001,0.9000000000000001,,,non-private,0.0,1.0,0.0,0.0,0.0,inf,0.0473866999964229,0.0005674025328678,0.0005674025328678
naive-claimed-c,this-work,unsafe-diagnostic,diagnostic,3,6c92deedaf55490b424b3009deca19abc61bcdfe4c92aa36795c1864823c6a96,,1,6,1.0,0.5,0.5,0.5,0.5,0.5,0.508,0.9,0.9000000000000004,0.8999999999999999,0.9000000000000001,0.9000000000000001,,2.0,unsafe-diagnostic,1.0,1.0,0.248342175066313,0.751657824933687,0.8694408322496749,4.446434163080335,0.0668140000052517,0.0001088084609114,0.0001186161838367
stable-local-fallback,this-work,user-certified,primary,4,6c92deedaf55490b424b3009deca19abc61bcdfe4c92aa36795c1864823c6a96,0.0,1,6,1.0,0.5,0.5,0.5,0.5,0.5,0.502,0.9,0.9000000000000001,0.8999999999999999,0.9000000000000001,0.9000000000000001,1.0,1.0,plan-c,1.0,1.0,0.0,1.0,1.0,1.3642499289684005,0.0507995999942068,0.000248642406053,0.0002597462688256
handle-only-drop-residual,this-work,user-certified,primary,4,6c92deedaf55490b424b3009deca19abc61bcdfe4c92aa36795c1864823c6a96,1.0,1,6,1.0,0.5,0.5,0.5,0.5,0.5,0.502,0.9,0.9000000000000001,0.8999999999999999,0.9000000000000001,0.9000000000000001,1.0,1.0,plan-c,1.0,0.2470039946737683,0.2470039946737683,0.0,0.484,3.0577488572120286,0.0587574999954085,0.0002387886308038,0.0002684991892205
unitscope-equal,this-work,user-certified,primary,4,6c92deedaf55490b424b3009deca19abc61bcdfe4c92aa36795c1864823c6a96,0.1428571428571428,1,6,1.0,0.5,0.5,0.5,0.5,0.5,0.502,0.9,0.9000000000000001,0.8999999999999999,0.9000000000000001,0.9000000000000001,1.0,1.0,plan-c,1.0,1.0,0.2470039946737683,0.7529960053262317,1.0,1.515005116280569,0.0602868999994825,0.0002303333992689,0.0002444858387572
unitscope-tuned,this-work,user-certified,primary,4,6c92deedaf55490b424b3009deca19abc61bcdfe4c92aa36795c1864823c6a96,0.5,1,6,1.0,0.5,0.5,0.5,0.5,0.5,0.502,0.9,0.9000000000000001,0.8999999999999999,0.9000000000000001,0.9000000000000001,1.0,1.0,plan-c,1.0,1.0,0.2470039946737683,0.7529960053262317,1.0,2.330497104385869,0.0613964999938616,0.0001951772662677,0.0002175859549553
naive-recalibrated-2c,this-work,user-certified,primary,4,6c92deedaf55490b424b3009deca19abc61bcdfe4c92aa36795c1864823c6a96,,1,6,1.0,0.5,0.5,0.5,0.5,0.5,0.502,0.9,0.9000000000000001,0.8999999999999999,0.9000000000000001,0.9000000000000001,2.0,2.0,plan-delta,2.0,1.0,0.2470039946737683,0.7529960053262317,0.8658346333853354,2.0035868952747427,0.0627679000026546,0.0001439826628651,0.0002287571047168
full-identity-reference,oracle,oracle-assumption,full-identity-reference,4,6c92deedaf55490b424b3009deca19abc61bcdfe4c92aa36795c1864823c6a96,,1,6,1.0,0.5,0.5,0.5,0.5,0.5,0.502,0.9,0.9000000000000001,0.8999999999999999,0.9000000000000001,0.9000000000000001,1.0,1.0,plan-c,1.0,1.0,0.0,0.0,1.0,5.223776436847982,0.3570607000001473,0.0,1.5688479693467358e-05
non-private-reference,oracle,non-private,diagnostic,4,6c92deedaf55490b424b3009deca19abc61bcdfe4c92aa36795c1864823c6a96,,1,6,1.0,0.5,0.5,0.5,0.5,0.5,0.502,0.9,0.9000000000000001,0.8999999999999999,0.9000000000000001,0.9000000000000001,,,non-private,0.0,1.0,0.0,0.0,0.0,inf,0.0487712000031024,0.0004394216565439,0.0004394216565439
naive-claimed-c,this-work,unsafe-diagnostic,diagnostic,4,6c92deedaf55490b424b3009deca19abc61bcdfe4c92aa36795c1864823c6a96,,1,6,1.0,0.5,0.5,0.5,0.5,0.5,0.502,0.9,0.9000000000000001,0.8999999999999999,0.9000000000000001,0.9000000000000001,,2.0,unsafe-diagnostic,1.0,1.0,0.2470039946737683,0.7529960053262317,0.8658346333853354,4.007173790549485,0.0647022000048309,0.0001439826628651,0.0001706814040975
stable-local-fallback,this-work,user-certified,primary,5,6c92deedaf55490b424b3009deca19abc61bcdfe4c92aa36795c1864823c6a96,0.0,1,6,1.0,0.5,0.5,0.5,0.5,0.5,0.5045,0.9,0.9000000000000002,0.8999999999999999,0.9000000000000001,0.9000000000000001,1.0,1.0,plan-c,1.0,1.0,0.0,1.0,1.0,1.336340344765694,0.065166100001079,0.0002657100483089,0.0002621777926819
handle-only-drop-residual,this-work,user-certified,primary,5,6c92deedaf55490b424b3009deca19abc61bcdfe4c92aa36795c1864823c6a96,1.0,1,6,1.0,0.5,0.5,0.5,0.5,0.5,0.5045,0.9,0.9000000000000002,0.8999999999999999,0.9000000000000001,0.9000000000000001,1.0,1.0,plan-c,1.0,0.2497507477567298,0.2497507477567298,0.0,0.503,2.8895032802335563,0.0642096999945351,0.0002635915960594,0.0002579666231948
unitscope-equal,this-work,user-certified,primary,5,6c92deedaf55490b424b3009deca19abc61bcdfe4c92aa36795c1864823c6a96,0.1428571428571428,1,6,1.0,0.5,0.5,0.5,0.5,0.5,0.5045,0.9,0.9000000000000002,0.8999999999999999,0.9000000000000001,0.9000000000000001,1.0,1.0,plan-c,1.0,1.0,0.2497507477567298,0.7502492522432702,1.0,1.441911360797412,0.0614562999980989,0.0002528198474771,0.0002461217783618
unitscope-tuned,this-work,user-certified,primary,5,6c92deedaf55490b424b3009deca19abc61bcdfe4c92aa36795c1864823c6a96,0.5,1,6,1.0,0.5,0.5,0.5,0.5,0.5,0.5045,0.9,0.9000000000000002,0.8999999999999999,0.9000000000000001,0.9000000000000001,1.0,1.0,plan-c,1.0,1.0,0.2497507477567298,0.7502492522432702,1.0,2.1519536036144844,0.0657374000002164,0.0002259827535862,0.0002179150657305
naive-recalibrated-2c,this-work,user-certified,primary,5,6c92deedaf55490b424b3009deca19abc61bcdfe4c92aa36795c1864823c6a96,,1,6,1.0,0.5,0.5,0.5,0.5,0.5,0.5045,0.9,0.9000000000000002,0.8999999999999999,0.9000000000000001,0.9000000000000001,2.0,2.0,plan-delta,2.0,1.0,0.2497507477567298,0.7502492522432702,0.8705054715997915,1.9219490364603529,0.0642714999994495,0.0001557581535636,0.0002049465958143
full-identity-reference,oracle,oracle-assumption,full-identity-reference,5,6c92deedaf55490b424b3009deca19abc61bcdfe4c92aa36795c1864823c6a96,,1,6,1.0,0.5,0.5,0.5,0.5,0.5,0.5045,0.9,0.9000000000000002,0.8999999999999999,0.9000000000000001,0.9000000000000001,1.0,1.0,plan-c,1.0,1.0,0.0,0.0,1.0,4.826168777140095,0.3415124000021023,0.0,2.072019138122691e-05
non-private-reference,oracle,non-private,diagnostic,5,6c92deedaf55490b424b3009deca19abc61bcdfe4c92aa36795c1864823c6a96,,1,6,1.0,0.5,0.5,0.5,0.5,0.5,0.5045,0.9,0.9000000000000002,0.8999999999999999,0.9000000000000001,0.9000000000000001,,,non-private,0.0,1.0,0.0,0.0,0.0,inf,0.0646981000027153,0.000572693058351,0.000572693058351
naive-claimed-c,this-work,unsafe-diagnostic,diagnostic,5,6c92deedaf55490b424b3009deca19abc61bcdfe4c92aa36795c1864823c6a96,,1,6,1.0,0.5,0.5,0.5,0.5,0.5,0.5045,0.9,0.9000000000000002,0.8999999999999999,0.9000000000000001,0.9000000000000001,,2.0,unsafe-diagnostic,1.0,1.0,0.2497507477567298,0.7502492522432702,0.8705054715997915,3.8438980729207057,0.0627148000057786,0.0001557581535636,0.0001596321833077
stable-local-fallback,this-work,user-certified,primary,6,6c92deedaf55490b424b3009deca19abc61bcdfe4c92aa36795c1864823c6a96,0.0,1,6,1.0,0.5,0.5,0.5,0.5,0.5,0.509,0.9,0.9000000000000002,0.8999999999999999,0.9000000000000001,0.9000000000000001,1.0,1.0,plan-c,1.0,1.0,0.0,1.0,1.0,1.5526474585445664,0.0552664999995613,0.0002764342704375,0.0002654893496959
handle-only-drop-residual,this-work,user-certified,primary,6,6c92deedaf55490b424b3009deca19abc61bcdfe4c92aa36795c1864823c6a96,1.0,1,6,1.0,0.5,0.5,0.5,0.5,0.5,0.509,0.9,0.9000000000000002,0.8999999999999999,0.9000000000000001,0.9000000000000001,1.0,1.0,plan-c,1.0,0.25,0.25,0.0,0.509,3.625534546392307,0.0827925000048708,0.0002513143717141,0.0002569462881247
unitscope-equal,this-work,user-certified,primary,6,6c92deedaf55490b424b3009deca19abc61bcdfe4c92aa36795c1864823c6a96,0.1428571428571428,1,6,1.0,0.5,0.5,0.5,0.5,0.5,0.509,0.9,0.9000000000000002,0.8999999999999999,0.9000000000000001,0.9000000000000001,1.0,1.0,plan-c,1.0,1.0,0.25,0.75,1.0,1.6961919863690738,0.0605414000019663,0.000259979909716,0.0002518944451511
unitscope-tuned,this-work,user-certified,primary,6,6c92deedaf55490b424b3009deca19abc61bcdfe4c92aa36795c1864823c6a96,0.5,1,6,1.0,0.5,0.5,0.5,0.5,0.5,0.509,0.9,0.9000000000000002,0.8999999999999999,0.9000000000000001,0.9000000000000001,1.0,1.0,plan-c,1.0,1.0,0.25,0.75,1.0,2.6491333333907727,0.0612026000017067,0.0002197210546517,0.000220606086909
naive-recalibrated-2c,this-work,user-certified,primary,6,6c92deedaf55490b424b3009deca19abc61bcdfe4c92aa36795c1864823c6a96,,1,6,1.0,0.5,0.5,0.5,0.5,0.5,0.509,0.9,0.9000000000000002,0.8999999999999999,0.9000000000000001,0.9000000000000001,2.0,2.0,plan-delta,2.0,1.0,0.25,0.75,0.872368079022615,2.3551272227886604,0.0625253999896813,0.0001524146946778,0.0001986760324573
full-identity-reference,oracle,oracle-assumption,full-identity-reference,6,6c92deedaf55490b424b3009deca19abc61bcdfe4c92aa36795c1864823c6a96,,1,6,1.0,0.5,0.5,0.5,0.5,0.5,0.509,0.9,0.9000000000000002,0.8999999999999999,0.9000000000000001,0.9000000000000001,1.0,1.0,plan-c,1.0,1.0,0.0,0.0,1.0,6.082823823993251,0.3342129999946337,0.0,1.2850918528840267e-05
non-private-reference,oracle,non-private,diagnostic,6,6c92deedaf55490b424b3009deca19abc61bcdfe4c92aa36795c1864823c6a96,,1,6,1.0,0.5,0.5,0.5,0.5,0.5,0.509,0.9,0.9000000000000002,0.8999999999999999,0.9000000000000001,0.9000000000000001,,,non-private,0.0,1.0,0.0,0.0,0.0,inf,0.046168500004569,0.000425208953788,0.000425208953788
naive-claimed-c,this-work,unsafe-diagnostic,diagnostic,6,6c92deedaf55490b424b3009deca19abc61bcdfe4c92aa36795c1864823c6a96,,1,6,1.0,0.5,0.5,0.5,0.5,0.5,0.509,0.9,0.9000000000000002,0.8999999999999999,0.9000000000000001,0.9000000000000001,,2.0,unsafe-diagnostic,1.0,1.0,0.25,0.75,0.872368079022615,4.710254445577321,0.0757010000088485,0.0001524146946778,0.0001626944450387
stable-local-fallback,this-work,user-certified,primary,7,6c92deedaf55490b424b3009deca19abc61bcdfe4c92aa36795c1864823c6a96,0.0,1,6,1.0,0.5,0.5,0.5,0.5,0.5,0.486,0.9,0.9000000000000001,0.8999999999999999,0.9000000000000001,0.9000000000000001,1.0,1.0,plan-c,1.0,1.0,0.0,1.0,1.0,1.6217706082656804,0.0504042000102344,0.0003004810480975,0.0003096469588843
handle-only-drop-residual,this-work,user-certified,primary,7,6c92deedaf55490b424b3009deca19abc61bcdfe4c92aa36795c1864823c6a96,1.0,1,6,1.0,0.5,0.5,0.5,0.5,0.5,0.486,0.9,0.9000000000000001,0.8999999999999999,0.9000000000000001,0.9000000000000001,1.0,1.0,plan-c,1.0,0.2489905787348587,0.2489905787348587,0.0,0.48,3.484743747757068,0.0580502999946475,0.0003142112124495,0.0003081973318468
unitscope-equal,this-work,user-certified,primary,7,6c92deedaf55490b424b3009deca19abc61bcdfe4c92aa36795c1864823c6a96,0.1428571428571428,1,6,1.0,0.5,0.5,0.5,0.5,0.5,0.486,0.9,0.9000000000000001,0.8999999999999999,0.9000000000000001,0.9000000000000001,1.0,1.0,plan-c,1.0,1.0,0.2489905787348587,0.7510094212651414,1.0,1.7765882407062537,0.0594965999916894,0.0002849993049911,0.000295304418535
unitscope-tuned,this-work,user-certified,primary,7,6c92deedaf55490b424b3009deca19abc61bcdfe4c92aa36795c1864823c6a96,0.5,1,6,1.0,0.5,0.5,0.5,0.5,0.5,0.486,0.9,0.9000000000000001,0.8999999999999999,0.9000000000000001,0.9000000000000001,1.0,1.0,plan-c,1.0,1.0,0.2489905787348587,0.7510094212651414,1.0,2.645341068943414,0.0753256999887526,0.0002501083278268,0.0002557900346079
naive-recalibrated-2c,this-work,user-certified,primary,7,6c92deedaf55490b424b3009deca19abc61bcdfe4c92aa36795c1864823c6a96,,1,6,1.0,0.5,0.5,0.5,0.5,0.5,0.486,0.9,0.9000000000000001,0.8999999999999999,0.9000000000000001,0.9000000000000001,2.0,2.0,plan-delta,2.0,1.0,0.2489905787348587,0.7510094212651414,0.8636244426960399,2.316234697383832,0.0651973999920301,0.000186864499544,0.0002033134893754
full-identity-reference,oracle,oracle-assumption,full-identity-reference,7,6c92deedaf55490b424b3009deca19abc61bcdfe4c92aa36795c1864823c6a96,,1,6,1.0,0.5,0.5,0.5,0.5,0.5,0.486,0.9,0.9000000000000001,0.8999999999999999,0.9000000000000001,0.9000000000000001,1.0,1.0,plan-c,1.0,1.0,0.0,0.0,1.0,6.0869389314239735,0.3370035999978427,0.0,1.4522739286817303e-05
non-private-reference,oracle,non-private,diagnostic,7,6c92deedaf55490b424b3009deca19abc61bcdfe4c92aa36795c1864823c6a96,,1,6,1.0,0.5,0.5,0.5,0.5,0.5,0.486,0.9,0.9000000000000001,0.8999999999999999,0.9000000000000001,0.9000000000000001,,,non-private,0.0,1.0,0.0,0.0,0.0,inf,0.0453602000052342,0.0005324775362563,0.0005324775362563
naive-claimed-c,this-work,unsafe-diagnostic,diagnostic,7,6c92deedaf55490b424b3009deca19abc61bcdfe4c92aa36795c1864823c6a96,,1,6,1.0,0.5,0.5,0.5,0.5,0.5,0.486,0.9,0.9000000000000001,0.8999999999999999,0.9000000000000001,0.9000000000000001,,2.0,unsafe-diagnostic,1.0,1.0,0.2489905787348587,0.7510094212651414,0.8636244426960399,4.632469394767663,0.0604173000028822,0.000186864499544,0.0001805662551729
stable-local-fallback,this-work,user-certified,primary,8,6c92deedaf55490b424b3009deca19abc61bcdfe4c92aa36795c1864823c6a96,0.0,1,6,1.0,0.5,0.5,0.5,0.5,0.5,0.4875,0.9,0.9000000000000002,0.8999999999999999,0.9000000000000001,0.9000000000000001,1.0,1.0,plan-c,1.0,1.0,0.0,1.0,1.0,1.5902531034978746,0.0496550999960163,0.0003738761043974,0.0004348904159839
handle-only-drop-residual,this-work,user-certified,primary,8,6c92deedaf55490b424b3009deca19abc61bcdfe4c92aa36795c1864823c6a96,1.0,1,6,1.0,0.5,0.5,0.5,0.5,0.5,0.4875,0.9,0.9000000000000002,0.8999999999999999,0.9000000000000001,0.9000000000000001,1.0,1.0,plan-c,1.0,0.2510924369747899,0.2510924369747899,0.0,0.494,3.350592484677647,0.057957199998782,0.0003468869438065,0.0003993076679904
unitscope-equal,this-work,user-certified,primary,8,6c92deedaf55490b424b3009deca19abc61bcdfe4c92aa36795c1864823c6a96,0.1428571428571428,1,6,1.0,0.5,0.5,0.5,0.5,0.5,0.4875,0.9,0.9000000000000002,0.8999999999999999,0.9000000000000001,0.9000000000000001,1.0,1.0,plan-c,1.0,1.0,0.2510924369747899,0.7489075630252101,1.0,1.6787677162670989,0.062834099997417,0.0003634567845465,0.0004236143520851
unitscope-tuned,this-work,user-certified,primary,8,6c92deedaf55490b424b3009deca19abc61bcdfe4c92aa36795c1864823c6a96,0.5,1,6,1.0,0.5,0.5,0.5,0.5,0.5,0.4875,0.9,0.9000000000000002,0.8999999999999999,0.9000000000000001,0.9000000000000001,1.0,1.0,plan-c,1.0,1.0,0.2510924369747899,0.7489075630252101,1.0,2.5109751341253284,0.0610459000017726,0.000328356158848,0.000383285774338
naive-recalibrated-2c,this-work,user-certified,primary,8,6c92deedaf55490b424b3009deca19abc61bcdfe4c92aa36795c1864823c6a96,,1,6,1.0,0.5,0.5,0.5,0.5,0.5,0.4875,0.9,0.9000000000000002,0.8999999999999999,0.9000000000000001,0.9000000000000001,2.0,2.0,plan-delta,2.0,1.0,0.2510924369747899,0.7489075630252101,0.8680917622523462,2.230639591545609,0.0765324000094551,0.0001890864791955,0.0002991058341548
full-identity-reference,oracle,oracle-assumption,full-identity-reference,8,6c92deedaf55490b424b3009deca19abc61bcdfe4c92aa36795c1864823c6a96,,1,6,1.0,0.5,0.5,0.5,0.5,0.5,0.4875,0.9,0.9000000000000002,0.8999999999999999,0.9000000000000001,0.9000000000000001,1.0,1.0,plan-c,1.0,1.0,0.0,0.0,1.0,6.126735441491054,0.3337388000072678,0.0,1.7675969185463058e-05
non-private-reference,oracle,non-private,diagnostic,8,6c92deedaf55490b424b3009deca19abc61bcdfe4c92aa36795c1864823c6a96,,1,6,1.0,0.5,0.5,0.5,0.5,0.5,0.4875,0.9,0.9000000000000002,0.8999999999999999,0.9000000000000001,0.9000000000000001,,,non-private,0.0,1.0,0.0,0.0,0.0,inf,0.0465094999963184,0.000573648364657,0.000573648364657
naive-claimed-c,this-work,unsafe-diagnostic,diagnostic,8,6c92deedaf55490b424b3009deca19abc61bcdfe4c92aa36795c1864823c6a96,,1,6,1.0,0.5,0.5,0.5,0.5,0.5,0.4875,0.9,0.9000000000000002,0.8999999999999999,0.9000000000000001,0.9000000000000001,,2.0,unsafe-diagnostic,1.0,1.0,0.2510924369747899,0.7489075630252101,0.8680917622523462,4.461279183091218,0.0600819000101182,0.0001890864791955,0.0002264201874897
stable-local-fallback,this-work,user-certified,primary,9,6c92deedaf55490b424b3009deca19abc61bcdfe4c92aa36795c1864823c6a96,0.0,1,6,1.0,0.5,0.5,0.5,0.5,0.5,0.506,0.9,0.9000000000000001,0.8999999999999999,0.9000000000000001,0.9000000000000001,1.0,1.0,plan-c,1.0,1.0,0.0,1.0,1.0,1.5673502560312456,0.0518217000062577,0.0003061030105336,0.0003300501477169
handle-only-drop-residual,this-work,user-certified,primary,9,6c92deedaf55490b424b3009deca19abc61bcdfe4c92aa36795c1864823c6a96,1.0,1,6,1.0,0.5,0.5,0.5,0.5,0.5,0.506,0.9,0.9000000000000001,0.8999999999999999,0.9000000000000001,0.9000000000000001,1.0,1.0,plan-c,1.0,0.2481739707835325,0.2481739707835325,0.0,0.495,3.2352741377016296,0.0610779999988153,0.0002846103188056,0.0002972558057033
unitscope-equal,this-work,user-certified,primary,9,6c92deedaf55490b424b3009deca19abc61bcdfe4c92aa36795c1864823c6a96,0.1428571428571428,1,6,1.0,0.5,0.5,0.5,0.5,0.5,0.506,0.9,0.9000000000000001,0.8999999999999999,0.9000000000000001,0.9000000000000001,1.0,1.0,plan-c,1.0,1.0,0.2481739707835325,0.7518260292164675,1.0,1.6640097816052188,0.0608410999993793,0.0002924268638016,0.0003176942531913
unitscope-tuned,this-work,user-certified,primary,9,6c92deedaf55490b424b3009deca19abc61bcdfe4c92aa36795c1864823c6a96,0.5,1,6,1.0,0.5,0.5,0.5,0.5,0.5,0.506,0.9,0.9000000000000001,0.8999999999999999,0.9000000000000001,0.9000000000000001,1.0,1.0,plan-c,1.0,1.0,0.2481739707835325,0.7518260292164675,1.0,2.479135740958624,0.061325200003921,0.0002450401060132,0.0002650441870082
naive-recalibrated-2c,this-work,user-certified,primary,9,6c92deedaf55490b424b3009deca19abc61bcdfe4c92aa36795c1864823c6a96,,1,6,1.0,0.5,0.5,0.5,0.5,0.5,0.506,0.9,0.9000000000000001,0.8999999999999999,0.9000000000000001,0.9000000000000001,2.0,2.0,plan-delta,2.0,1.0,0.2481739707835325,0.7518260292164675,0.8690012970168612,2.138696727332347,0.0609625000070082,0.0001587667679598,0.0002118627117222
full-identity-reference,oracle,oracle-assumption,full-identity-reference,9,6c92deedaf55490b424b3009deca19abc61bcdfe4c92aa36795c1864823c6a96,,1,6,1.0,0.5,0.5,0.5,0.5,0.5,0.506,0.9,0.9000000000000001,0.8999999999999999,0.9000000000000001,0.9000000000000001,1.0,1.0,plan-c,1.0,1.0,0.0,0.0,1.0,6.282173535578494,0.3508170999994036,0.0,1.322733564205228e-05
non-private-reference,oracle,non-private,diagnostic,9,6c92deedaf55490b424b3009deca19abc61bcdfe4c92aa36795c1864823c6a96,,1,6,1.0,0.5,0.5,0.5,0.5,0.5,0.506,0.9,0.9000000000000001,0.8999999999999999,0.9000000000000001,0.9000000000000001,,,non-private,0.0,1.0,0.0,0.0,0.0,inf,0.0474205000064102,0.0004179163027731,0.0004179163027731
naive-claimed-c,this-work,unsafe-diagnostic,diagnostic,9,6c92deedaf55490b424b3009deca19abc61bcdfe4c92aa36795c1864823c6a96,,1,6,1.0,0.5,0.5,0.5,0.5,0.5,0.506,0.9,0.9000000000000001,0.8999999999999999,0.9000000000000001,0.9000000000000001,,2.0,unsafe-diagnostic,1.0,1.0,0.2481739707835325,0.7518260292164675,0.8690012970168612,4.277393454664694,0.060222000000067,0.0001587667679598,0.0001720874041989
stable-local-fallback,this-work,user-certified,primary,0,b9ba51ed044fe0d81d83a534065b9b46287eb1af721d8a7d3bb9a19b8c08fd7b,0.0,1,6,1.0,0.5,0.5,0.5,0.5,0.5,0.499,0.9,0.9000000000000001,0.8999999999999999,0.9000000000000001,0.9000000000000001,1.0,1.0,plan-c,1.0,1.0,0.0,1.0,1.0,1.3081867526944897,0.0815538999886484,0.0002885706563663,0.0002867414956175
handle-only-drop-residual,this-work,user-certified,primary,0,b9ba51ed044fe0d81d83a534065b9b46287eb1af721d8a7d3bb9a19b8c08fd7b,1.0,1,6,1.0,0.5,0.5,0.5,0.5,0.5,0.499,0.9,0.9000000000000001,0.8999999999999999,0.9000000000000001,0.9000000000000001,1.0,1.0,plan-c,1.0,0.2483322214809873,0.2483322214809873,0.0,0.489,2.9738962009252665,0.065804300000309,0.0002236392946875,0.0002212751097713
unitscope-equal,this-work,user-certified,primary,0,b9ba51ed044fe0d81d83a534065b9b46287eb1af721d8a7d3bb9a19b8c08fd7b,0.1428571428571428,1,6,1.0,0.5,0.5,0.5,0.5,0.5,0.499,0.9,0.9000000000000001,0.8999999999999999,0.9000000000000001,0.9000000000000001,1.0,1.0,plan-c,1.0,1.0,0.2483322214809873,0.7516677785190127,1.0,1.4943619196673472,0.0624080999987199,0.0002617824846579,0.0002614862644123
unitscope-tuned,this-work,user-certified,primary,0,b9ba51ed044fe0d81d83a534065b9b46287eb1af721d8a7d3bb9a19b8c08fd7b,0.75,1,6,1.0,0.5,0.5,0.5,0.5,0.5,0.499,0.9,0.9000000000000001,0.8999999999999999,0.9000000000000001,0.9000000000000001,1.0,1.0,plan-c,1.0,1.0,0.2483322214809873,0.7516677785190127,0.86696172871648,2.6678305226541723,0.0648196999973151,0.0001990757545693,0.0001995469601682
naive-recalibrated-2c,this-work,user-certified,primary,0,b9ba51ed044fe0d81d83a534065b9b46287eb1af721d8a7d3bb9a19b8c08fd7b,,1,6,1.0,0.5,0.5,0.5,0.5,0.5,0.499,0.9,0.9000000000000001,0.8999999999999999,0.9000000000000001,0.9000000000000001,2.0,2.0,plan-delta,2.0,1.0,0.2483322214809873,0.7516677785190127,0.86696172871648,2.0040512030289883,0.0633971000061137,0.000130819376198,0.0001808716252195
full-identity-reference,oracle,oracle-assumption,full-identity-reference,0,b9ba51ed044fe0d81d83a534065b9b46287eb1af721d8a7d3bb9a19b8c08fd7b,,1,6,1.0,0.5,0.5,0.5,0.5,0.5,0.499,0.9,0.9000000000000001,0.8999999999999999,0.9000000000000001,0.9000000000000001,1.0,1.0,plan-c,1.0,1.0,0.0,0.0,1.0,5.020101177068899,0.3403543000022182,0.0,1.9925347562214557e-05
non-private-reference,oracle,non-private,diagnostic,0,b9ba51ed044fe0d81d83a534065b9b46287eb1af721d8a7d3bb9a19b8c08fd7b,,1,6,1.0,0.5,0.5,0.5,0.5,0.5,0.499,0.9,0.9000000000000001,0.8999999999999999,0.9000000000000001,0.9000000000000001,,,non-private,0.0,1.0,0.0,0.0,0.0,inf,0.062865599989891,0.0004865900422117,0.0004865900422117
naive-claimed-c,this-work,unsafe-diagnostic,diagnostic,0,b9ba51ed044fe0d81d83a534065b9b46287eb1af721d8a7d3bb9a19b8c08fd7b,,1,6,1.0,0.5,0.5,0.5,0.5,0.5,0.499,0.9,0.9000000000000001,0.8999999999999999,0.9000000000000001,0.9000000000000001,,2.0,unsafe-diagnostic,1.0,1.0,0.2483322214809873,0.7516677785190127,0.86696172871648,4.008102406057977,0.0612076999968849,0.000130819376198,0.0001359201531465
stable-local-fallback,this-work,user-certified,primary,1,b9ba51ed044fe0d81d83a534065b9b46287eb1af721d8a7d3bb9a19b8c08fd7b,0.0,1,6,1.0,0.5,0.5,0.5,0.5,0.5,0.4995,0.9,0.9000000000000001,0.8999999999999999,0.9000000000000001,0.9000000000000001,1.0,1.0,plan-c,1.0,1.0,0.0,1.0,1.0,1.5185492072199989,0.0505830000038258,0.0003297674025812,0.0003636077631473
handle-only-drop-residual,this-work,user-certified,primary,1,b9ba51ed044fe0d81d83a534065b9b46287eb1af721d8a7d3bb9a19b8c08fd7b,1.0,1,6,1.0,0.5,0.5,0.5,0.5,0.5,0.4995,0.9,0.9000000000000001,0.8999999999999999,0.9000000000000001,0.9000000000000001,1.0,1.0,plan-c,1.0,0.2504168056018673,0.2504168056018673,0.0,0.502,2.994824978176833,0.0749957999942125,0.0003264998365914,0.0003563997796345
unitscope-equal,this-work,user-certified,primary,1,b9ba51ed044fe0d81d83a534065b9b46287eb1af721d8a7d3bb9a19b8c08fd7b,0.1428571428571428,1,6,1.0,0.5,0.5,0.5,0.5,0.5,0.4995,0.9,0.9000000000000001,0.8999999999999999,0.9000000000000001,0.9000000000000001,1.0,1.0,plan-c,1.0,1.0,0.2504168056018673,0.7495831943981327,1.0,1.6702537751562132,0.0585950999957276,0.0003114785128929,0.0003448971429388
unitscope-tuned,this-work,user-certified,primary,1,b9ba51ed044fe0d81d83a534065b9b46287eb1af721d8a7d3bb9a19b8c08fd7b,0.75,1,6,1.0,0.5,0.5,0.5,0.5,0.5,0.4995,0.9,0.9000000000000001,0.8999999999999999,0.9000000000000001,0.9000000000000001,1.0,1.0,plan-c,1.0,1.0,0.2504168056018673,0.7495831943981327,0.869667626275844,2.743883721205562,0.0622319999965839,0.0002879072223835,0.0003178752671076
naive-recalibrated-2c,this-work,user-certified,primary,1,b9ba51ed044fe0d81d83a534065b9b46287eb1af721d8a7d3bb9a19b8c08fd7b,,1,6,1.0,0.5,0.5,0.5,0.5,0.5,0.4995,0.9,0.9000000000000001,0.8999999999999999,0.9000000000000001,0.9000000000000001,2.0,2.0,plan-delta,2.0,1.0,0.2504168056018673,0.7495831943981327,0.869667626275844,2.0605030856258546,0.0708787000039592,0.0001871296503784,0.0002665876142167
full-identity-reference,oracle,oracle-assumption,full-identity-reference,1,b9ba51ed044fe0d81d83a534065b9b46287eb1af721d8a7d3bb9a19b8c08fd7b,,1,6,1.0,0.5,0.5,0.5,0.5,0.5,0.4995,0.9,0.9000000000000001,0.8999999999999999,0.9000000000000001,0.9000000000000001,1.0,1.0,plan-c,1.0,1.0,0.0,0.0,1.0,6.192408594129792,0.3353442000079667,0.0,1.4585911827834768e-05
non-private-reference,oracle,non-private,diagnostic,1,b9ba51ed044fe0d81d83a534065b9b46287eb1af721d8a7d3bb9a19b8c08fd7b,,1,6,1.0,0.5,0.5,0.5,0.5,0.5,0.4995,0.9,0.9000000000000001,0.8999999999999999,0.9000000000000001,0.9000000000000001,,,non-private,0.0,1.0,0.0,0.0,0.0,inf,0.0461604000010993,0.0004080676511288,0.0004080676511288
naive-claimed-c,this-work,unsafe-diagnostic,diagnostic,1,b9ba51ed044fe0d81d83a534065b9b46287eb1af721d8a7d3bb9a19b8c08fd7b,,1,6,1.0,0.5,0.5,0.5,0.5,0.5,0.4995,0.9,0.9000000000000001,0.8999999999999999,0.9000000000000001,0.9000000000000001,,2.0,unsafe-diagnostic,1.0,1.0,0.2504168056018673,0.7495831943981327,0.869667626275844,4.121006171251709,0.0824012999946717,0.0001871296503784,0.0002122727204697
stable-local-fallback,this-work,user-certified,primary,2,b9ba51ed044fe0d81d83a534065b9b46287eb1af721d8a7d3bb9a19b8c08fd7b,0.0,1,6,1.0,0.5,0.5,0.5,0.5,0.5,0.484,0.9,0.9000000000000002,0.8999999999999999,0.9000000000000001,0.9000000000000001,1.0,1.0,plan-c,1.0,1.0,0.0,1.0,1.0,1.42823587143636,0.0493056999985128,0.0002461192254458,0.0002802287852622
handle-only-drop-residual,this-work,user-certified,primary,2,b9ba51ed044fe0d81d83a534065b9b46287eb1af721d8a7d3bb9a19b8c08fd7b,1.0,1,6,1.0,0.5,0.5,0.5,0.5,0.5,0.484,0.9,0.9000000000000002,0.8999999999999999,0.9000000000000001,0.9000000000000001,1.0,1.0,plan-c,1.0,0.2498315363881401,0.2498315363881401,0.0,0.483,2.759800273932113,0.0574991000030422,0.0002861957294251,0.0003460713485825
unitscope-equal,this-work,user-certified,primary,2,b9ba51ed044fe0d81d83a534065b9b46287eb1af721d8a7d3bb9a19b8c08fd7b,0.1428571428571428,1,6,1.0,0.5,0.5,0.5,0.5,0.5,0.484,0.9,0.9000000000000002,0.8999999999999999,0.9000000000000001,0.9000000000000001,1.0,1.0,plan-c,1.0,1.0,0.2498315363881401,0.7501684636118598,1.0,1.47308177613338,0.0594387000019196,0.0002398176732182,0.0002779990061817
unitscope-tuned,this-work,user-certified,primary,2,b9ba51ed044fe0d81d83a534065b9b46287eb1af721d8a7d3bb9a19b8c08fd7b,0.75,1,6,1.0,0.5,0.5,0.5,0.5,0.5,0.484,0.9,0.9000000000000002,0.8999999999999999,0.9000000000000001,0.9000000000000001,1.0,1.0,plan-c,1.0,1.0,0.2498315363881401,0.7501684636118598,0.8640546936628977,2.449835654970817,0.0762918999971589,0.0002491649197631,0.000304013804368
naive-recalibrated-2c,this-work,user-certified,primary,2,b9ba51ed044fe0d81d83a534065b9b46287eb1af721d8a7d3bb9a19b8c08fd7b,,1,6,1.0,0.5,0.5,0.5,0.5,0.5,0.484,0.9,0.9000000000000002,0.8999999999999999,0.9000000000000001,0.9000000000000001,2.0,2.0,plan-delta,2.0,1.0,0.2498315363881401,0.7501684636118598,0.8640546936628977,1.848781297012984,0.0596632000087993,0.0001730145122659,0.0003170220436987
full-identity-reference,oracle,oracle-assumption,full-identity-reference,2,b9ba51ed044fe0d81d83a534065b9b46287eb1af721d8a7d3bb9a19b8c08fd7b,,1,6,1.0,0.5,0.5,0.5,0.5,0.5,0.484,0.9,0.9000000000000002,0.8999999999999999,0.9000000000000001,0.9000000000000001,1.0,1.0,plan-c,1.0,1.0,0.0,0.0,1.0,5.212578809869084,0.3369531000062125,0.0,1.5944966299623313e-05
non-private-reference,oracle,non-private,diagnostic,2,b9ba51ed044fe0d81d83a534065b9b46287eb1af721d8a7d3bb9a19b8c08fd7b,,1,6,1.0,0.5,0.5,0.5,0.5,0.5,0.484,0.9,0.9000000000000002,0.8999999999999999,0.9000000000000001,0.9000000000000001,,,non-private,0.0,1.0,0.0,0.0,0.0,inf,0.0467391999991377,0.0005379050406584,0.0005379050406584
naive-claimed-c,this-work,unsafe-diagnostic,diagnostic,2,b9ba51ed044fe0d81d83a534065b9b46287eb1af721d8a7d3bb9a19b8c08fd7b,,1,6,1.0,0.5,0.5,0.5,0.5,0.5,0.484,0.9,0.9000000000000002,0.8999999999999999,0.9000000000000001,0.9000000000000001,,2.0,unsafe-diagnostic,1.0,1.0,0.2498315363881401,0.7501684636118598,0.8640546936628977,3.697562594025968,0.0592575999908149,0.0001730145122659,0.0002290733116827
stable-local-fallback,this-work,user-certified,primary,3,b9ba51ed044fe0d81d83a534065b9b46287eb1af721d8a7d3bb9a19b8c08fd7b,0.0,1,6,1.0,0.5,0.5,0.5,0.5,0.5,0.508,0.9,0.9000000000000004,0.8999999999999999,0.9000000000000001,0.9000000000000001,1.0,1.0,plan-c,1.0,1.0,0.0,1.0,1.0,1.6094004688296766,0.0497919999907026,0.0002613717330772,0.0002576158055466
handle-only-drop-residual,this-work,user-certified,primary,3,b9ba51ed044fe0d81d83a534065b9b46287eb1af721d8a7d3bb9a19b8c08fd7b,1.0,1,6,1.0,0.5,0.5,0.5,0.5,0.5,0.508,0.9,0.9000000000000004,0.8999999999999999,0.9000000000000001,0.9000000000000001,1.0,1.0,plan-c,1.0,0.248342175066313,0.248342175066313,0.0,0.498,3.177222927100646,0.0578218000009655,0.000207217172726,0.0002098115755685
unitscope-equal,this-work,user-certified,primary,3,b9ba51ed044fe0d81d83a534065b9b46287eb1af721d8a7d3bb9a19b8c08fd7b,0.1428571428571428,1,6,1.0,0.5,0.5,0.5,0.5,0.5,0.508,0.9,0.9000000000000004,0.8999999999999999,0.9000000000000001,0.9000000000000001,1.0,1.0,plan-c,1.0,1.0,0.248342175066313,0.751657824933687,1.0,1.7344586298921612,0.0607576999900629,0.0002467257276148,0.0002443387400214
unitscope-tuned,this-work,user-certified,primary,3,b9ba51ed044fe0d81d83a534065b9b46287eb1af721d8a7d3bb9a19b8c08fd7b,0.75,1,6,1.0,0.5,0.5,0.5,0.5,0.5,0.508,0.9,0.9000000000000004,0.8999999999999999,0.9000000000000001,0.9000000000000001,1.0,1.0,plan-c,1.0,1.0,0.248342175066313,0.751657824933687,0.8694408322496749,2.912255464718781,0.0590645999909611,0.0001958291726502,0.0001982597752766
naive-recalibrated-2c,this-work,user-certified,primary,3,b9ba51ed044fe0d81d83a534065b9b46287eb1af721d8a7d3bb9a19b8c08fd7b,,1,6,1.0,0.5,0.5,0.5,0.5,0.5,0.508,0.9,0.9000000000000004,0.8999999999999999,0.9000000000000001,0.9000000000000001,2.0,2.0,plan-delta,2.0,1.0,0.248342175066313,0.751657824933687,0.8694408322496749,2.2232170815401675,0.0756236000015633,0.0001088084609114,0.0001570158977024
full-identity-reference,oracle,oracle-assumption,full-identity-reference,3,b9ba51ed044fe0d81d83a534065b9b46287eb1af721d8a7d3bb9a19b8c08fd7b,,1,6,1.0,0.5,0.5,0.5,0.5,0.5,0.508,0.9,0.9000000000000004,0.8999999999999999,0.9000000000000001,0.9000000000000001,1.0,1.0,plan-c,1.0,1.0,0.0,0.0,1.0,5.786137304739674,0.3470654999982798,0.0,1.4295995470253786e-05
non-private-reference,oracle,non-private,diagnostic,3,b9ba51ed044fe0d81d83a534065b9b46287eb1af721d8a7d3bb9a19b8c08fd7b,,1,6,1.0,0.5,0.5,0.5,0.5,0.5,0.508,0.9,0.9000000000000004,0.8999999999999999,0.9000000000000001,0.9000000000000001,,,non-private,0.0,1.0,0.0,0.0,0.0,inf,0.0597073000099044,0.0005674025328678,0.0005674025328678
naive-claimed-c,this-work,unsafe-diagnostic,diagnostic,3,b9ba51ed044fe0d81d83a534065b9b46287eb1af721d8a7d3bb9a19b8c08fd7b,,1,6,1.0,0.5,0.5,0.5,0.5,0.5,0.508,0.9,0.9000000000000004,0.8999999999999999,0.9000000000000001,0.9000000000000001,,2.0,unsafe-diagnostic,1.0,1.0,0.248342175066313,0.751657824933687,0.8694408322496749,4.446434163080335,0.0638919999910285,0.0001088084609114,0.0001186161838367
stable-local-fallback,this-work,user-certified,primary,4,b9ba51ed044fe0d81d83a534065b9b46287eb1af721d8a7d3bb9a19b8c08fd7b,0.0,1,6,1.0,0.5,0.5,0.5,0.5,0.5,0.502,0.9,0.9000000000000001,0.8999999999999999,0.9000000000000001,0.9000000000000001,1.0,1.0,plan-c,1.0,1.0,0.0,1.0,1.0,1.3642499289684005,0.0565199999982724,0.000248642406053,0.0002597462688256
handle-only-drop-residual,this-work,user-certified,primary,4,b9ba51ed044fe0d81d83a534065b9b46287eb1af721d8a7d3bb9a19b8c08fd7b,1.0,1,6,1.0,0.5,0.5,0.5,0.5,0.5,0.502,0.9,0.9000000000000001,0.8999999999999999,0.9000000000000001,0.9000000000000001,1.0,1.0,plan-c,1.0,0.2470039946737683,0.2470039946737683,0.0,0.484,3.0577488572120286,0.0620032000006176,0.0002387886308038,0.0002684991892205
unitscope-equal,this-work,user-certified,primary,4,b9ba51ed044fe0d81d83a534065b9b46287eb1af721d8a7d3bb9a19b8c08fd7b,0.1428571428571428,1,6,1.0,0.5,0.5,0.5,0.5,0.5,0.502,0.9,0.9000000000000001,0.8999999999999999,0.9000000000000001,0.9000000000000001,1.0,1.0,plan-c,1.0,1.0,0.2470039946737683,0.7529960053262317,1.0,1.515005116280569,0.0639550999912899,0.0002303333992689,0.0002444858387572
unitscope-tuned,this-work,user-certified,primary,4,b9ba51ed044fe0d81d83a534065b9b46287eb1af721d8a7d3bb9a19b8c08fd7b,0.75,1,6,1.0,0.5,0.5,0.5,0.5,0.5,0.502,0.9,0.9000000000000001,0.8999999999999999,0.9000000000000001,0.9000000000000001,1.0,1.0,plan-c,1.0,1.0,0.2470039946737683,0.7529960053262317,0.8658346333853354,2.741933722161056,0.0690642000117804,0.0002064571396461,0.000233048873092
naive-recalibrated-2c,this-work,user-certified,primary,4,b9ba51ed044fe0d81d83a534065b9b46287eb1af721d8a7d3bb9a19b8c08fd7b,,1,6,1.0,0.5,0.5,0.5,0.5,0.5,0.502,0.9,0.9000000000000001,0.8999999999999999,0.9000000000000001,0.9000000000000001,2.0,2.0,plan-delta,2.0,1.0,0.2470039946737683,0.7529960053262317,0.8658346333853354,2.0035868952747427,0.0643431999924359,0.0001439826628651,0.0002287571047168
full-identity-reference,oracle,oracle-assumption,full-identity-reference,4,b9ba51ed044fe0d81d83a534065b9b46287eb1af721d8a7d3bb9a19b8c08fd7b,,1,6,1.0,0.5,0.5,0.5,0.5,0.5,0.502,0.9,0.9000000000000001,0.8999999999999999,0.9000000000000001,0.9000000000000001,1.0,1.0,plan-c,1.0,1.0,0.0,0.0,1.0,5.223776436847982,0.3505479999876115,0.0,1.5688479693467358e-05
non-private-reference,oracle,non-private,diagnostic,4,b9ba51ed044fe0d81d83a534065b9b46287eb1af721d8a7d3bb9a19b8c08fd7b,,1,6,1.0,0.5,0.5,0.5,0.5,0.5,0.502,0.9,0.9000000000000001,0.8999999999999999,0.9000000000000001,0.9000000000000001,,,non-private,0.0,1.0,0.0,0.0,0.0,inf,0.0501308999955654,0.0004394216565439,0.0004394216565439
naive-claimed-c,this-work,unsafe-diagnostic,diagnostic,4,b9ba51ed044fe0d81d83a534065b9b46287eb1af721d8a7d3bb9a19b8c08fd7b,,1,6,1.0,0.5,0.5,0.5,0.5,0.5,0.502,0.9,0.9000000000000001,0.8999999999999999,0.9000000000000001,0.9000000000000001,,2.0,unsafe-diagnostic,1.0,1.0,0.2470039946737683,0.7529960053262317,0.8658346333853354,4.007173790549485,0.0629782000032719,0.0001439826628651,0.0001706814040975
stable-local-fallback,this-work,user-certified,primary,5,b9ba51ed044fe0d81d83a534065b9b46287eb1af721d8a7d3bb9a19b8c08fd7b,0.0,1,6,1.0,0.5,0.5,0.5,0.5,0.5,0.5045,0.9,0.9000000000000002,0.8999999999999999,0.9000000000000001,0.9000000000000001,1.0,1.0,plan-c,1.0,1.0,0.0,1.0,1.0,1.336340344765694,0.0770981999958166,0.0002657100483089,0.0002621777926819
handle-only-drop-residual,this-work,user-certified,primary,5,b9ba51ed044fe0d81d83a534065b9b46287eb1af721d8a7d3bb9a19b8c08fd7b,1.0,1,6,1.0,0.5,0.5,0.5,0.5,0.5,0.5045,0.9,0.9000000000000002,0.8999999999999999,0.9000000000000001,0.9000000000000001,1.0,1.0,plan-c,1.0,0.2497507477567298,0.2497507477567298,0.0,0.503,2.8895032802335563,0.0596675999986473,0.0002635915960594,0.0002579666231948
unitscope-equal,this-work,user-certified,primary,5,b9ba51ed044fe0d81d83a534065b9b46287eb1af721d8a7d3bb9a19b8c08fd7b,0.1428571428571428,1,6,1.0,0.5,0.5,0.5,0.5,0.5,0.5045,0.9,0.9000000000000002,0.8999999999999999,0.9000000000000001,0.9000000000000001,1.0,1.0,plan-c,1.0,1.0,0.2497507477567298,0.7502492522432702,1.0,1.441911360797412,0.0652625999937299,0.0002528198474771,0.0002461217783618
unitscope-tuned,this-work,user-certified,primary,5,b9ba51ed044fe0d81d83a534065b9b46287eb1af721d8a7d3bb9a19b8c08fd7b,0.75,1,6,1.0,0.5,0.5,0.5,0.5,0.5,0.5045,0.9,0.9000000000000002,0.8999999999999999,0.9000000000000001,0.9000000000000001,1.0,1.0,plan-c,1.0,1.0,0.2497507477567298,0.7502492522432702,0.8705054715997915,2.5527482899644065,0.0669650999916484,0.0002363154265781,0.0002289240735645
naive-recalibrated-2c,this-work,user-certified,primary,5,b9ba51ed044fe0d81d83a534065b9b46287eb1af721d8a7d3bb9a19b8c08fd7b,,1,6,1.0,0.5,0.5,0.5,0.5,0.5,0.5045,0.9,0.9000000000000002,0.8999999999999999,0.9000000000000001,0.9000000000000001,2.0,2.0,plan-delta,2.0,1.0,0.2497507477567298,0.7502492522432702,0.8705054715997915,1.9219490364603529,0.0647192000033101,0.0001557581535636,0.0002049465958143
full-identity-reference,oracle,oracle-assumption,full-identity-reference,5,b9ba51ed044fe0d81d83a534065b9b46287eb1af721d8a7d3bb9a19b8c08fd7b,,1,6,1.0,0.5,0.5,0.5,0.5,0.5,0.5045,0.9,0.9000000000000002,0.8999999999999999,0.9000000000000001,0.9000000000000001,1.0,1.0,plan-c,1.0,1.0,0.0,0.0,1.0,4.826168777140095,0.3410969000105979,0.0,2.072019138122691e-05
non-private-reference,oracle,non-private,diagnostic,5,b9ba51ed044fe0d81d83a534065b9b46287eb1af721d8a7d3bb9a19b8c08fd7b,,1,6,1.0,0.5,0.5,0.5,0.5,0.5,0.5045,0.9,0.9000000000000002,0.8999999999999999,0.9000000000000001,0.9000000000000001,,,non-private,0.0,1.0,0.0,0.0,0.0,inf,0.0676791000005323,0.000572693058351,0.000572693058351
naive-claimed-c,this-work,unsafe-diagnostic,diagnostic,5,b9ba51ed044fe0d81d83a534065b9b46287eb1af721d8a7d3bb9a19b8c08fd7b,,1,6,1.0,0.5,0.5,0.5,0.5,0.5,0.5045,0.9,0.9000000000000002,0.8999999999999999,0.9000000000000001,0.9000000000000001,,2.0,unsafe-diagnostic,1.0,1.0,0.2497507477567298,0.7502492522432702,0.8705054715997915,3.8438980729207057,0.0617868999979691,0.0001557581535636,0.0001596321833077
stable-local-fallback,this-work,user-certified,primary,6,b9ba51ed044fe0d81d83a534065b9b46287eb1af721d8a7d3bb9a19b8c08fd7b,0.0,1,6,1.0,0.5,0.5,0.5,0.5,0.5,0.509,0.9,0.9000000000000002,0.8999999999999999,0.9000000000000001,0.9000000000000001,1.0,1.0,plan-c,1.0,1.0,0.0,1.0,1.0,1.5526474585445664,0.0526920999982394,0.0002764342704375,0.0002654893496959
handle-only-drop-residual,this-work,user-certified,primary,6,b9ba51ed044fe0d81d83a534065b9b46287eb1af721d8a7d3bb9a19b8c08fd7b,1.0,1,6,1.0,0.5,0.5,0.5,0.5,0.5,0.509,0.9,0.9000000000000002,0.8999999999999999,0.9000000000000001,0.9000000000000001,1.0,1.0,plan-c,1.0,0.25,0.25,0.0,0.509,3.625534546392307,0.0839290000003529,0.0002513143717141,0.0002569462881247
unitscope-equal,this-work,user-certified,primary,6,b9ba51ed044fe0d81d83a534065b9b46287eb1af721d8a7d3bb9a19b8c08fd7b,0.1428571428571428,1,6,1.0,0.5,0.5,0.5,0.5,0.5,0.509,0.9,0.9000000000000002,0.8999999999999999,0.9000000000000001,0.9000000000000001,1.0,1.0,plan-c,1.0,1.0,0.25,0.75,1.0,1.6961919863690738,0.0631395999953383,0.000259979909716,0.0002518944451511
unitscope-tuned,this-work,user-certified,primary,6,b9ba51ed044fe0d81d83a534065b9b46287eb1af721d8a7d3bb9a19b8c08fd7b,0.75,1,6,1.0,0.5,0.5,0.5,0.5,0.5,0.509,0.9,0.9000000000000002,0.8999999999999999,0.9000000000000001,0.9000000000000001,1.0,1.0,plan-c,1.0,1.0,0.25,0.75,0.872368079022615,3.180079919090204,0.0658408000017516,0.000225459841163,0.0002296947919217
naive-recalibrated-2c,this-work,user-certified,primary,6,b9ba51ed044fe0d81d83a534065b9b46287eb1af721d8a7d3bb9a19b8c08fd7b,,1,6,1.0,0.5,0.5,0.5,0.5,0.5,0.509,0.9,0.9000000000000002,0.8999999999999999,0.9000000000000001,0.9000000000000001,2.0,2.0,plan-delta,2.0,1.0,0.25,0.75,0.872368079022615,2.3551272227886604,0.061696100005065,0.0001524146946778,0.0001986760324573
full-identity-reference,oracle,oracle-assumption,full-identity-reference,6,b9ba51ed044fe0d81d83a534065b9b46287eb1af721d8a7d3bb9a19b8c08fd7b,,1,6,1.0,0.5,0.5,0.5,0.5,0.5,0.509,0.9,0.9000000000000002,0.8999999999999999,0.9000000000000001,0.9000000000000001,1.0,1.0,plan-c,1.0,1.0,0.0,0.0,1.0,6.082823823993251,0.336730200011516,0.0,1.2850918528840267e-05
non-private-reference,oracle,non-private,diagnostic,6,b9ba51ed044fe0d81d83a534065b9b46287eb1af721d8a7d3bb9a19b8c08fd7b,,1,6,1.0,0.5,0.5,0.5,0.5,0.5,0.509,0.9,0.9000000000000002,0.8999999999999999,0.9000000000000001,0.9000000000000001,,,non-private,0.0,1.0,0.0,0.0,0.0,inf,0.0498900999955367,0.000425208953788,0.000425208953788
naive-claimed-c,this-work,unsafe-diagnostic,diagnostic,6,b9ba51ed044fe0d81d83a534065b9b46287eb1af721d8a7d3bb9a19b8c08fd7b,,1,6,1.0,0.5,0.5,0.5,0.5,0.5,0.509,0.9,0.9000000000000002,0.8999999999999999,0.9000000000000001,0.9000000000000001,,2.0,unsafe-diagnostic,1.0,1.0,0.25,0.75,0.872368079022615,4.710254445577321,0.0826640999875962,0.0001524146946778,0.0001626944450387
stable-local-fallback,this-work,user-certified,primary,7,b9ba51ed044fe0d81d83a534065b9b46287eb1af721d8a7d3bb9a19b8c08fd7b,0.0,1,6,1.0,0.5,0.5,0.5,0.5,0.5,0.486,0.9,0.9000000000000001,0.8999999999999999,0.9000000000000001,0.9000000000000001,1.0,1.0,plan-c,1.0,1.0,0.0,1.0,1.0,1.6217706082656804,0.0516250000073341,0.0003004810480975,0.0003096469588843
handle-only-drop-residual,this-work,user-certified,primary,7,b9ba51ed044fe0d81d83a534065b9b46287eb1af721d8a7d3bb9a19b8c08fd7b,1.0,1,6,1.0,0.5,0.5,0.5,0.5,0.5,0.486,0.9,0.9000000000000001,0.8999999999999999,0.9000000000000001,0.9000000000000001,1.0,1.0,plan-c,1.0,0.2489905787348587,0.2489905787348587,0.0,0.48,3.484743747757068,0.0609500999998999,0.0003142112124495,0.0003081973318468
unitscope-equal,this-work,user-certified,primary,7,b9ba51ed044fe0d81d83a534065b9b46287eb1af721d8a7d3bb9a19b8c08fd7b,0.1428571428571428,1,6,1.0,0.5,0.5,0.5,0.5,0.5,0.486,0.9,0.9000000000000001,0.8999999999999999,0.9000000000000001,0.9000000000000001,1.0,1.0,plan-c,1.0,1.0,0.2489905787348587,0.7510094212651414,1.0,1.7765882407062537,0.0657924000115599,0.0002849993049911,0.000295304418535
unitscope-tuned,this-work,user-certified,primary,7,b9ba51ed044fe0d81d83a534065b9b46287eb1af721d8a7d3bb9a19b8c08fd7b,0.75,1,6,1.0,0.5,0.5,0.5,0.5,0.5,0.486,0.9,0.9000000000000001,0.8999999999999999,0.9000000000000001,0.9000000000000001,1.0,1.0,plan-c,1.0,1.0,0.2489905787348587,0.7510094212651414,0.8636244426960399,3.102860108608242,0.0765511999925365,0.0002684481226229,0.0002689348879516
naive-recalibrated-2c,this-work,user-certified,primary,7,b9ba51ed044fe0d81d83a534065b9b46287eb1af721d8a7d3bb9a19b8c08fd7b,,1,6,1.0,0.5,0.5,0.5,0.5,0.5,0.486,0.9,0.9000000000000001,0.8999999999999999,0.9000000000000001,0.9000000000000001,2.0,2.0,plan-delta,2.0,1.0,0.2489905787348587,0.7510094212651414,0.8636244426960399,2.316234697383832,0.0621532999939518,0.000186864499544,0.0002033134893754
full-identity-reference,oracle,oracle-assumption,full-identity-reference,7,b9ba51ed044fe0d81d83a534065b9b46287eb1af721d8a7d3bb9a19b8c08fd7b,,1,6,1.0,0.5,0.5,0.5,0.5,0.5,0.486,0.9,0.9000000000000001,0.8999999999999999,0.9000000000000001,0.9000000000000001,1.0,1.0,plan-c,1.0,1.0,0.0,0.0,1.0,6.0869389314239735,0.3426641999976709,0.0,1.4522739286817303e-05
non-private-reference,oracle,non-private,diagnostic,7,b9ba51ed044fe0d81d83a534065b9b46287eb1af721d8a7d3bb9a19b8c08fd7b,,1,6,1.0,0.5,0.5,0.5,0.5,0.5,0.486,0.9,0.9000000000000001,0.8999999999999999,0.9000000000000001,0.9000000000000001,,,non-private,0.0,1.0,0.0,0.0,0.0,inf,0.0494777999992948,0.0005324775362563,0.0005324775362563
naive-claimed-c,this-work,unsafe-diagnostic,diagnostic,7,b9ba51ed044fe0d81d83a534065b9b46287eb1af721d8a7d3bb9a19b8c08fd7b,,1,6,1.0,0.5,0.5,0.5,0.5,0.5,0.486,0.9,0.9000000000000001,0.8999999999999999,0.9000000000000001,0.9000000000000001,,2.0,unsafe-diagnostic,1.0,1.0,0.2489905787348587,0.7510094212651414,0.8636244426960399,4.632469394767663,0.0640131999971345,0.000186864499544,0.0001805662551729
stable-local-fallback,this-work,user-certified,primary,8,b9ba51ed044fe0d81d83a534065b9b46287eb1af721d8a7d3bb9a19b8c08fd7b,0.0,1,6,1.0,0.5,0.5,0.5,0.5,0.5,0.4875,0.9,0.9000000000000002,0.8999999999999999,0.9000000000000001,0.9000000000000001,1.0,1.0,plan-c,1.0,1.0,0.0,1.0,1.0,1.5902531034978746,0.049949700012803,0.0003738761043974,0.0004348904159839
handle-only-drop-residual,this-work,user-certified,primary,8,b9ba51ed044fe0d81d83a534065b9b46287eb1af721d8a7d3bb9a19b8c08fd7b,1.0,1,6,1.0,0.5,0.5,0.5,0.5,0.5,0.4875,0.9,0.9000000000000002,0.8999999999999999,0.9000000000000001,0.9000000000000001,1.0,1.0,plan-c,1.0,0.2510924369747899,0.2510924369747899,0.0,0.494,3.350592484677647,0.0585928999935276,0.0003468869438065,0.0003993076679904
unitscope-equal,this-work,user-certified,primary,8,b9ba51ed044fe0d81d83a534065b9b46287eb1af721d8a7d3bb9a19b8c08fd7b,0.1428571428571428,1,6,1.0,0.5,0.5,0.5,0.5,0.5,0.4875,0.9,0.9000000000000002,0.8999999999999999,0.9000000000000001,0.9000000000000001,1.0,1.0,plan-c,1.0,1.0,0.2510924369747899,0.7489075630252101,1.0,1.6787677162670989,0.0602701000025263,0.0003634567845465,0.0004236143520851
unitscope-tuned,this-work,user-certified,primary,8,b9ba51ed044fe0d81d83a534065b9b46287eb1af721d8a7d3bb9a19b8c08fd7b,0.75,1,6,1.0,0.5,0.5,0.5,0.5,0.5,0.4875,0.9,0.9000000000000002,0.8999999999999999,0.9000000000000001,0.9000000000000001,1.0,1.0,plan-c,1.0,1.0,0.2510924369747899,0.7489075630252101,0.8680917622523462,2.9846561464582577,0.0587723999924492,0.0003317688242779,0.0003848427139196
naive-recalibrated-2c,this-work,user-certified,primary,8,b9ba51ed044fe0d81d83a534065b9b46287eb1af721d8a7d3bb9a19b8c08fd7b,,1,6,1.0,0.5,0.5,0.5,0.5,0.5,0.4875,0.9,0.9000000000000002,0.8999999999999999,0.9000000000000001,0.9000000000000001,2.0,2.0,plan-delta,2.0,1.0,0.2510924369747899,0.7489075630252101,0.8680917622523462,2.230639591545609,0.075854700000491,0.0001890864791955,0.0002991058341548
full-identity-reference,oracle,oracle-assumption,full-identity-reference,8,b9ba51ed044fe0d81d83a534065b9b46287eb1af721d8a7d3bb9a19b8c08fd7b,,1,6,1.0,0.5,0.5,0.5,0.5,0.5,0.4875,0.9,0.9000000000000002,0.8999999999999999,0.9000000000000001,0.9000000000000001,1.0,1.0,plan-c,1.0,1.0,0.0,0.0,1.0,6.126735441491054,0.3402847999968799,0.0,1.7675969185463058e-05
non-private-reference,oracle,non-private,diagnostic,8,b9ba51ed044fe0d81d83a534065b9b46287eb1af721d8a7d3bb9a19b8c08fd7b,,1,6,1.0,0.5,0.5,0.5,0.5,0.5,0.4875,0.9,0.9000000000000002,0.8999999999999999,0.9000000000000001,0.9000000000000001,,,non-private,0.0,1.0,0.0,0.0,0.0,inf,0.0473449999990407,0.000573648364657,0.000573648364657
naive-claimed-c,this-work,unsafe-diagnostic,diagnostic,8,b9ba51ed044fe0d81d83a534065b9b46287eb1af721d8a7d3bb9a19b8c08fd7b,,1,6,1.0,0.5,0.5,0.5,0.5,0.5,0.4875,0.9,0.9000000000000002,0.8999999999999999,0.9000000000000001,0.9000000000000001,,2.0,unsafe-diagnostic,1.0,1.0,0.2510924369747899,0.7489075630252101,0.8680917622523462,4.461279183091218,0.0609283999947365,0.0001890864791955,0.0002264201874897
stable-local-fallback,this-work,user-certified,primary,9,b9ba51ed044fe0d81d83a534065b9b46287eb1af721d8a7d3bb9a19b8c08fd7b,0.0,1,6,1.0,0.5,0.5,0.5,0.5,0.5,0.506,0.9,0.9000000000000001,0.8999999999999999,0.9000000000000001,0.9000000000000001,1.0,1.0,plan-c,1.0,1.0,0.0,1.0,1.0,1.5673502560312456,0.0525462999939918,0.0003061030105336,0.0003300501477169
handle-only-drop-residual,this-work,user-certified,primary,9,b9ba51ed044fe0d81d83a534065b9b46287eb1af721d8a7d3bb9a19b8c08fd7b,1.0,1,6,1.0,0.5,0.5,0.5,0.5,0.5,0.506,0.9,0.9000000000000001,0.8999999999999999,0.9000000000000001,0.9000000000000001,1.0,1.0,plan-c,1.0,0.2481739707835325,0.2481739707835325,0.0,0.495,3.2352741377016296,0.0613528999965637,0.0002846103188056,0.0002972558057033
unitscope-equal,this-work,user-certified,primary,9,b9ba51ed044fe0d81d83a534065b9b46287eb1af721d8a7d3bb9a19b8c08fd7b,0.1428571428571428,1,6,1.0,0.5,0.5,0.5,0.5,0.5,0.506,0.9,0.9000000000000001,0.8999999999999999,0.9000000000000001,0.9000000000000001,1.0,1.0,plan-c,1.0,1.0,0.2481739707835325,0.7518260292164675,1.0,1.6640097816052188,0.0660672000085469,0.0002924268638016,0.0003176942531913
unitscope-tuned,this-work,user-certified,primary,9,b9ba51ed044fe0d81d83a534065b9b46287eb1af721d8a7d3bb9a19b8c08fd7b,0.75,1,6,1.0,0.5,0.5,0.5,0.5,0.5,0.506,0.9,0.9000000000000001,0.8999999999999999,0.9000000000000001,0.9000000000000001,1.0,1.0,plan-c,1.0,1.0,0.2481739707835325,0.7518260292164675,0.8690012970168612,2.8991530031376183,0.0625581000058446,0.0002522163358091,0.0002685398650486
naive-recalibrated-2c,this-work,user-certified,primary,9,b9ba51ed044fe0d81d83a534065b9b46287eb1af721d8a7d3bb9a19b8c08fd7b,,1,6,1.0,0.5,0.5,0.5,0.5,0.5,0.506,0.9,0.9000000000000001,0.8999999999999999,0.9000000000000001,0.9000000000000001,2.0,2.0,plan-delta,2.0,1.0,0.2481739707835325,0.7518260292164675,0.8690012970168612,2.138696727332347,0.0658189999958267,0.0001587667679598,0.0002118627117222
full-identity-reference,oracle,oracle-assumption,full-identity-reference,9,b9ba51ed044fe0d81d83a534065b9b46287eb1af721d8a7d3bb9a19b8c08fd7b,,1,6,1.0,0.5,0.5,0.5,0.5,0.5,0.506,0.9,0.9000000000000001,0.8999999999999999,0.9000000000000001,0.9000000000000001,1.0,1.0,plan-c,1.0,1.0,0.0,0.0,1.0,6.282173535578494,0.3648503000003984,0.0,1.322733564205228e-05
non-private-reference,oracle,non-private,diagnostic,9,b9ba51ed044fe0d81d83a534065b9b46287eb1af721d8a7d3bb9a19b8c08fd7b,,1,6,1.0,0.5,0.5,0.5,0.5,0.5,0.506,0.9,0.9000000000000001,0.8999999999999999,0.9000000000000001,0.9000000000000001,,,non-private,0.0,1.0,0.0,0.0,0.0,inf,0.0480059999972581,0.0004179163027731,0.0004179163027731
naive-claimed-c,this-work,unsafe-diagnostic,diagnostic,9,b9ba51ed044fe0d81d83a534065b9b46287eb1af721d8a7d3bb9a19b8c08fd7b,,1,6,1.0,0.5,0.5,0.5,0.5,0.5,0.506,0.9,0.9000000000000001,0.8999999999999999,0.9000000000000001,0.9000000000000001,,2.0,unsafe-diagnostic,1.0,1.0,0.2481739707835325,0.7518260292164675,0.8690012970168612,4.277393454664694,0.0661656000011134,0.0001587667679598,0.0001720874041989
stable-local-fallback,this-work,user-certified,primary,0,5a1a0d9face92aec0a0f641341aa62346ee1398565778501f38bf6cc267e64e8,0.0,1,6,1.0,0.5,0.5,0.5,0.5,0.5,0.499,0.9,0.9000000000000001,0.8999999999999999,0.9000000000000001,0.9000000000000001,1.0,1.0,plan-c,1.0,1.0,0.0,1.0,1.0,1.3081867526944897,0.0761569000023882,0.0002885706563663,0.0002867414956175
handle-only-drop-residual,this-work,user-certified,primary,0,5a1a0d9face92aec0a0f641341aa62346ee1398565778501f38bf6cc267e64e8,1.0,1,6,1.0,0.5,0.5,0.5,0.5,0.5,0.499,0.9,0.9000000000000001,0.8999999999999999,0.9000000000000001,0.9000000000000001,1.0,1.0,plan-c,1.0,0.2483322214809873,0.2483322214809873,0.0,0.489,2.9738962009252665,0.0605231000081403,0.0002236392946875,0.0002212751097713
unitscope-equal,this-work,user-certified,primary,0,5a1a0d9face92aec0a0f641341aa62346ee1398565778501f38bf6cc267e64e8,0.1428571428571428,1,6,1.0,0.5,0.5,0.5,0.5,0.5,0.499,0.9,0.9000000000000001,0.8999999999999999,0.9000000000000001,0.9000000000000001,1.0,1.0,plan-c,1.0,1.0,0.2483322214809873,0.7516677785190127,1.0,1.4943619196673472,0.0672808000090299,0.0002617824846579,0.0002614862644123
unitscope-tuned,this-work,user-certified,primary,0,5a1a0d9face92aec0a0f641341aa62346ee1398565778501f38bf6cc267e64e8,0.9,1,6,1.0,0.5,0.5,0.5,0.5,0.5,0.499,0.9,0.9000000000000001,0.8999999999999999,0.9000000000000001,0.9000000000000001,1.0,1.0,plan-c,1.0,1.0,0.2483322214809873,0.7516677785190127,0.86696172871648,2.8436162394088083,0.0682686999934958,0.0002124747014037,0.0002112446726935
naive-recalibrated-2c,this-work,user-certified,primary,0,5a1a0d9face92aec0a0f641341aa62346ee1398565778501f38bf6cc267e64e8,,1,6,1.0,0.5,0.5,0.5,0.5,0.5,0.499,0.9,0.9000000000000001,0.8999999999999999,0.9000000000000001,0.9000000000000001,2.0,2.0,plan-delta,2.0,1.0,0.2483322214809873,0.7516677785190127,0.86696172871648,2.0040512030289883,0.0618511999928159,0.000130819376198,0.0001808716252195
full-identity-reference,oracle,oracle-assumption,full-identity-reference,0,5a1a0d9face92aec0a0f641341aa62346ee1398565778501f38bf6cc267e64e8,,1,6,1.0,0.5,0.5,0.5,0.5,0.5,0.499,0.9,0.9000000000000001,0.8999999999999999,0.9000000000000001,0.9000000000000001,1.0,1.0,plan-c,1.0,1.0,0.0,0.0,1.0,5.020101177068899,0.3446981000015512,0.0,1.9925347562214557e-05
non-private-reference,oracle,non-private,diagnostic,0,5a1a0d9face92aec0a0f641341aa62346ee1398565778501f38bf6cc267e64e8,,1,6,1.0,0.5,0.5,0.5,0.5,0.5,0.499,0.9,0.9000000000000001,0.8999999999999999,0.9000000000000001,0.9000000000000001,,,non-private,0.0,1.0,0.0,0.0,0.0,inf,0.0657996999943861,0.0004865900422117,0.0004865900422117
naive-claimed-c,this-work,unsafe-diagnostic,diagnostic,0,5a1a0d9face92aec0a0f641341aa62346ee1398565778501f38bf6cc267e64e8,,1,6,1.0,0.5,0.5,0.5,0.5,0.5,0.499,0.9,0.9000000000000001,0.8999999999999999,0.9000000000000001,0.9000000000000001,,2.0,unsafe-diagnostic,1.0,1.0,0.2483322214809873,0.7516677785190127,0.86696172871648,4.008102406057977,0.0627651999966474,0.000130819376198,0.0001359201531465
stable-local-fallback,this-work,user-certified,primary,1,5a1a0d9face92aec0a0f641341aa62346ee1398565778501f38bf6cc267e64e8,0.0,1,6,1.0,0.5,0.5,0.5,0.5,0.5,0.4995,0.9,0.9000000000000001,0.8999999999999999,0.9000000000000001,0.9000000000000001,1.0,1.0,plan-c,1.0,1.0,0.0,1.0,1.0,1.5185492072199989,0.0532479999965289,0.0003297674025812,0.0003636077631473
handle-only-drop-residual,this-work,user-certified,primary,1,5a1a0d9face92aec0a0f641341aa62346ee1398565778501f38bf6cc267e64e8,1.0,1,6,1.0,0.5,0.5,0.5,0.5,0.5,0.4995,0.9,0.9000000000000001,0.8999999999999999,0.9000000000000001,0.9000000000000001,1.0,1.0,plan-c,1.0,0.2504168056018673,0.2504168056018673,0.0,0.502,2.994824978176833,0.0801720000017667,0.0003264998365914,0.0003563997796345
unitscope-equal,this-work,user-certified,primary,1,5a1a0d9face92aec0a0f641341aa62346ee1398565778501f38bf6cc267e64e8,0.1428571428571428,1,6,1.0,0.5,0.5,0.5,0.5,0.5,0.4995,0.9,0.9000000000000001,0.8999999999999999,0.9000000000000001,0.9000000000000001,1.0,1.0,plan-c,1.0,1.0,0.2504168056018673,0.7495831943981327,1.0,1.6702537751562132,0.0682066999870585,0.0003114785128929,0.0003448971429388
unitscope-tuned,this-work,user-certified,primary,1,5a1a0d9face92aec0a0f641341aa62346ee1398565778501f38bf6cc267e64e8,0.9,1,6,1.0,0.5,0.5,0.5,0.5,0.5,0.4995,0.9,0.9000000000000001,0.8999999999999999,0.9000000000000001,0.9000000000000001,1.0,1.0,plan-c,1.0,1.0,0.2504168056018673,0.7495831943981327,0.869667626275844,2.8819302755781684,0.0673103000008268,0.0003097876463469,0.0003397148300623
naive-recalibrated-2c,this-work,user-certified,primary,1,5a1a0d9face92aec0a0f641341aa62346ee1398565778501f38bf6cc267e64e8,,1,6,1.0,0.5,0.5,0.5,0.5,0.5,0.4995,0.9,0.9000000000000001,0.8999999999999999,0.9000000000000001,0.9000000000000001,2.0,2.0,plan-delta,2.0,1.0,0.2504168056018673,0.7495831943981327,0.869667626275844,2.0605030856258546,0.0633193999965442,0.0001871296503784,0.0002665876142167
full-identity-reference,oracle,oracle-assumption,full-identity-reference,1,5a1a0d9face92aec0a0f641341aa62346ee1398565778501f38bf6cc267e64e8,,1,6,1.0,0.5,0.5,0.5,0.5,0.5,0.4995,0.9,0.9000000000000001,0.8999999999999999,0.9000000000000001,0.9000000000000001,1.0,1.0,plan-c,1.0,1.0,0.0,0.0,1.0,6.192408594129792,0.3468506999925012,0.0,1.4585911827834768e-05
non-private-reference,oracle,non-private,diagnostic,1,5a1a0d9face92aec0a0f641341aa62346ee1398565778501f38bf6cc267e64e8,,1,6,1.0,0.5,0.5,0.5,0.5,0.5,0.4995,0.9,0.9000000000000001,0.8999999999999999,0.9000000000000001,0.9000000000000001,,,non-private,0.0,1.0,0.0,0.0,0.0,inf,0.0482124999980442,0.0004080676511288,0.0004080676511288
naive-claimed-c,this-work,unsafe-diagnostic,diagnostic,1,5a1a0d9face92aec0a0f641341aa62346ee1398565778501f38bf6cc267e64e8,,1,6,1.0,0.5,0.5,0.5,0.5,0.5,0.4995,0.9,0.9000000000000001,0.8999999999999999,0.9000000000000001,0.9000000000000001,,2.0,unsafe-diagnostic,1.0,1.0,0.2504168056018673,0.7495831943981327,0.869667626275844,4.121006171251709,0.0778410999919287,0.0001871296503784,0.0002122727204697
stable-local-fallback,this-work,user-certified,primary,2,5a1a0d9face92aec0a0f641341aa62346ee1398565778501f38bf6cc267e64e8,0.0,1,6,1.0,0.5,0.5,0.5,0.5,0.5,0.484,0.9,0.9000000000000002,0.8999999999999999,0.9000000000000001,0.9000000000000001,1.0,1.0,plan-c,1.0,1.0,0.0,1.0,1.0,1.42823587143636,0.0526293000002624,0.0002461192254458,0.0002802287852622
handle-only-drop-residual,this-work,user-certified,primary,2,5a1a0d9face92aec0a0f641341aa62346ee1398565778501f38bf6cc267e64e8,1.0,1,6,1.0,0.5,0.5,0.5,0.5,0.5,0.484,0.9,0.9000000000000002,0.8999999999999999,0.9000000000000001,0.9000000000000001,1.0,1.0,plan-c,1.0,0.2498315363881401,0.2498315363881401,0.0,0.483,2.759800273932113,0.0590197999990778,0.0002861957294251,0.0003460713485825
unitscope-equal,this-work,user-certified,primary,2,5a1a0d9face92aec0a0f641341aa62346ee1398565778501f38bf6cc267e64e8,0.1428571428571428,1,6,1.0,0.5,0.5,0.5,0.5,0.5,0.484,0.9,0.9000000000000002,0.8999999999999999,0.9000000000000001,0.9000000000000001,1.0,1.0,plan-c,1.0,1.0,0.2498315363881401,0.7501684636118598,1.0,1.47308177613338,0.061853000006522,0.0002398176732182,0.0002779990061817
unitscope-tuned,this-work,user-certified,primary,2,5a1a0d9face92aec0a0f641341aa62346ee1398565778501f38bf6cc267e64e8,0.9,1,6,1.0,0.5,0.5,0.5,0.5,0.5,0.484,0.9,0.9000000000000002,0.8999999999999999,0.9000000000000001,0.9000000000000001,1.0,1.0,plan-c,1.0,1.0,0.2498315363881401,0.7501684636118598,0.8640546936628977,2.625206786899703,0.076198300012038,0.0002701258938063,0.0003279908191427
naive-recalibrated-2c,this-work,user-certified,primary,2,5a1a0d9face92aec0a0f641341aa62346ee1398565778501f38bf6cc267e64e8,,1,6,1.0,0.5,0.5,0.5,0.5,0.5,0.484,0.9,0.9000000000000002,0.8999999999999999,0.9000000000000001,0.9000000000000001,2.0,2.0,plan-delta,2.0,1.0,0.2498315363881401,0.7501684636118598,0.8640546936628977,1.848781297012984,0.0668370999919716,0.0001730145122659,0.0003170220436987
full-identity-reference,oracle,oracle-assumption,full-identity-reference,2,5a1a0d9face92aec0a0f641341aa62346ee1398565778501f38bf6cc267e64e8,,1,6,1.0,0.5,0.5,0.5,0.5,0.5,0.484,0.9,0.9000000000000002,0.8999999999999999,0.9000000000000001,0.9000000000000001,1.0,1.0,plan-c,1.0,1.0,0.0,0.0,1.0,5.212578809869084,0.3570886999950744,0.0,1.5944966299623313e-05
non-private-reference,oracle,non-private,diagnostic,2,5a1a0d9face92aec0a0f641341aa62346ee1398565778501f38bf6cc267e64e8,,1,6,1.0,0.5,0.5,0.5,0.5,0.5,0.484,0.9,0.9000000000000002,0.8999999999999999,0.9000000000000001,0.9000000000000001,,,non-private,0.0,1.0,0.0,0.0,0.0,inf,0.0500973000016529,0.0005379050406584,0.0005379050406584
naive-claimed-c,this-work,unsafe-diagnostic,diagnostic,2,5a1a0d9face92aec0a0f641341aa62346ee1398565778501f38bf6cc267e64e8,,1,6,1.0,0.5,0.5,0.5,0.5,0.5,0.484,0.9,0.9000000000000002,0.8999999999999999,0.9000000000000001,0.9000000000000001,,2.0,unsafe-diagnostic,1.0,1.0,0.2498315363881401,0.7501684636118598,0.8640546936628977,3.697562594025968,0.070699699994293,0.0001730145122659,0.0002290733116827
stable-local-fallback,this-work,user-certified,primary,3,5a1a0d9face92aec0a0f641341aa62346ee1398565778501f38bf6cc267e64e8,0.0,1,6,1.0,0.5,0.5,0.5,0.5,0.5,0.508,0.9,0.9000000000000004,0.8999999999999999,0.9000000000000001,0.9000000000000001,1.0,1.0,plan-c,1.0,1.0,0.0,1.0,1.0,1.6094004688296766,0.056433100005961,0.0002613717330772,0.0002576158055466
handle-only-drop-residual,this-work,user-certified,primary,3,5a1a0d9face92aec0a0f641341aa62346ee1398565778501f38bf6cc267e64e8,1.0,1,6,1.0,0.5,0.5,0.5,0.5,0.5,0.508,0.9,0.9000000000000004,0.8999999999999999,0.9000000000000001,0.9000000000000001,1.0,1.0,plan-c,1.0,0.248342175066313,0.248342175066313,0.0,0.498,3.177222927100646,0.0591188999969745,0.000207217172726,0.0002098115755685
unitscope-equal,this-work,user-certified,primary,3,5a1a0d9face92aec0a0f641341aa62346ee1398565778501f38bf6cc267e64e8,0.1428571428571428,1,6,1.0,0.5,0.5,0.5,0.5,0.5,0.508,0.9,0.9000000000000004,0.8999999999999999,0.9000000000000001,0.9000000000000001,1.0,1.0,plan-c,1.0,1.0,0.248342175066313,0.751657824933687,1.0,1.7344586298921612,0.0610065000073518,0.0002467257276148,0.0002443387400214
unitscope-tuned,this-work,user-certified,primary,3,5a1a0d9face92aec0a0f641341aa62346ee1398565778501f38bf6cc267e64e8,0.9,1,6,1.0,0.5,0.5,0.5,0.5,0.5,0.508,0.9,0.9000000000000004,0.8999999999999999,0.9000000000000001,0.9000000000000001,1.0,1.0,plan-c,1.0,1.0,0.248342175066313,0.751657824933687,0.8694408322496749,3.0611774450088327,0.0605954000056954,0.0002015392692294,0.0002040681519854
naive-recalibrated-2c,this-work,user-certified,primary,3,5a1a0d9face92aec0a0f641341aa62346ee1398565778501f38bf6cc267e64e8,,1,6,1.0,0.5,0.5,0.5,0.5,0.5,0.508,0.9,0.9000000000000004,0.8999999999999999,0.9000000000000001,0.9000000000000001,2.0,2.0,plan-delta,2.0,1.0,0.248342175066313,0.751657824933687,0.8694408322496749,2.2232170815401675,0.0759149000077741,0.0001088084609114,0.0001570158977024
full-identity-reference,oracle,oracle-assumption,full-identity-reference,3,5a1a0d9face92aec0a0f641341aa62346ee1398565778501f38bf6cc267e64e8,,1,6,1.0,0.5,0.5,0.5,0.5,0.5,0.508,0.9,0.9000000000000004,0.8999999999999999,0.9000000000000001,0.9000000000000001,1.0,1.0,plan-c,1.0,1.0,0.0,0.0,1.0,5.786137304739674,0.3705173999915132,0.0,1.4295995470253786e-05
non-private-reference,oracle,non-private,diagnostic,3,5a1a0d9face92aec0a0f641341aa62346ee1398565778501f38bf6cc267e64e8,,1,6,1.0,0.5,0.5,0.5,0.5,0.5,0.508,0.9,0.9000000000000004,0.8999999999999999,0.9000000000000001,0.9000000000000001,,,non-private,0.0,1.0,0.0,0.0,0.0,inf,0.047769299999345,0.0005674025328678,0.0005674025328678
naive-claimed-c,this-work,unsafe-diagnostic,diagnostic,3,5a1a0d9face92aec0a0f641341aa62346ee1398565778501f38bf6cc267e64e8,,1,6,1.0,0.5,0.5,0.5,0.5,0.5,0.508,0.9,0.9000000000000004,0.8999999999999999,0.9000000000000001,0.9000000000000001,,2.0,unsafe-diagnostic,1.0,1.0,0.248342175066313,0.751657824933687,0.8694408322496749,4.446434163080335,0.0602406999969389,0.0001088084609114,0.0001186161838367
stable-local-fallback,this-work,user-certified,primary,4,5a1a0d9face92aec0a0f641341aa62346ee1398565778501f38bf6cc267e64e8,0.0,1,6,1.0,0.5,0.5,0.5,0.5,0.5,0.502,0.9,0.9000000000000001,0.8999999999999999,0.9000000000000001,0.9000000000000001,1.0,1.0,plan-c,1.0,1.0,0.0,1.0,1.0,1.3642499289684005,0.0602516999933868,0.000248642406053,0.0002597462688256
handle-only-drop-residual,this-work,user-certified,primary,4,5a1a0d9face92aec0a0f641341aa62346ee1398565778501f38bf6cc267e64e8,1.0,1,6,1.0,0.5,0.5,0.5,0.5,0.5,0.502,0.9,0.9000000000000001,0.8999999999999999,0.9000000000000001,0.9000000000000001,1.0,1.0,plan-c,1.0,0.2470039946737683,0.2470039946737683,0.0,0.484,3.0577488572120286,0.0671337999956449,0.0002387886308038,0.0002684991892205
unitscope-equal,this-work,user-certified,primary,4,5a1a0d9face92aec0a0f641341aa62346ee1398565778501f38bf6cc267e64e8,0.1428571428571428,1,6,1.0,0.5,0.5,0.5,0.5,0.5,0.502,0.9,0.9000000000000001,0.8999999999999999,0.9000000000000001,0.9000000000000001,1.0,1.0,plan-c,1.0,1.0,0.2470039946737683,0.7529960053262317,1.0,1.515005116280569,0.0853028999990783,0.0002303333992689,0.0002444858387572
unitscope-tuned,this-work,user-certified,primary,4,5a1a0d9face92aec0a0f641341aa62346ee1398565778501f38bf6cc267e64e8,0.9,1,6,1.0,0.5,0.5,0.5,0.5,0.5,0.502,0.9,0.9000000000000001,0.8999999999999999,0.9000000000000001,0.9000000000000001,1.0,1.0,plan-c,1.0,1.0,0.2470039946737683,0.7529960053262317,0.8658346333853354,2.92158647121165,0.0675404000066919,0.0002245772734177,0.0002530403018461
naive-recalibrated-2c,this-work,user-certified,primary,4,5a1a0d9face92aec0a0f641341aa62346ee1398565778501f38bf6cc267e64e8,,1,6,1.0,0.5,0.5,0.5,0.5,0.5,0.502,0.9,0.9000000000000001,0.8999999999999999,0.9000000000000001,0.9000000000000001,2.0,2.0,plan-delta,2.0,1.0,0.2470039946737683,0.7529960053262317,0.8658346333853354,2.0035868952747427,0.0637483000027714,0.0001439826628651,0.0002287571047168
full-identity-reference,oracle,oracle-assumption,full-identity-reference,4,5a1a0d9face92aec0a0f641341aa62346ee1398565778501f38bf6cc267e64e8,,1,6,1.0,0.5,0.5,0.5,0.5,0.5,0.502,0.9,0.9000000000000001,0.8999999999999999,0.9000000000000001,0.9000000000000001,1.0,1.0,plan-c,1.0,1.0,0.0,0.0,1.0,5.223776436847982,0.3622868999955244,0.0,1.5688479693467358e-05
non-private-reference,oracle,non-private,diagnostic,4,5a1a0d9face92aec0a0f641341aa62346ee1398565778501f38bf6cc267e64e8,,1,6,1.0,0.5,0.5,0.5,0.5,0.5,0.502,0.9,0.9000000000000001,0.8999999999999999,0.9000000000000001,0.9000000000000001,,,non-private,0.0,1.0,0.0,0.0,0.0,inf,0.0472692999901482,0.0004394216565439,0.0004394216565439
naive-claimed-c,this-work,unsafe-diagnostic,diagnostic,4,5a1a0d9face92aec0a0f641341aa62346ee1398565778501f38bf6cc267e64e8,,1,6,1.0,0.5,0.5,0.5,0.5,0.5,0.502,0.9,0.9000000000000001,0.8999999999999999,0.9000000000000001,0.9000000000000001,,2.0,unsafe-diagnostic,1.0,1.0,0.2470039946737683,0.7529960053262317,0.8658346333853354,4.007173790549485,0.0607452999975066,0.0001439826628651,0.0001706814040975
stable-local-fallback,this-work,user-certified,primary,5,5a1a0d9face92aec0a0f641341aa62346ee1398565778501f38bf6cc267e64e8,0.0,1,6,1.0,0.5,0.5,0.5,0.5,0.5,0.5045,0.9,0.9000000000000002,0.8999999999999999,0.9000000000000001,0.9000000000000001,1.0,1.0,plan-c,1.0,1.0,0.0,1.0,1.0,1.336340344765694,0.0800864999910118,0.0002657100483089,0.0002621777926819
handle-only-drop-residual,this-work,user-certified,primary,5,5a1a0d9face92aec0a0f641341aa62346ee1398565778501f38bf6cc267e64e8,1.0,1,6,1.0,0.5,0.5,0.5,0.5,0.5,0.5045,0.9,0.9000000000000002,0.8999999999999999,0.9000000000000001,0.9000000000000001,1.0,1.0,plan-c,1.0,0.2497507477567298,0.2497507477567298,0.0,0.503,2.8895032802335563,0.0618042999994941,0.0002635915960594,0.0002579666231948
unitscope-equal,this-work,user-certified,primary,5,5a1a0d9face92aec0a0f641341aa62346ee1398565778501f38bf6cc267e64e8,0.1428571428571428,1,6,1.0,0.5,0.5,0.5,0.5,0.5,0.5045,0.9,0.9000000000000002,0.8999999999999999,0.9000000000000001,0.9000000000000001,1.0,1.0,plan-c,1.0,1.0,0.2497507477567298,0.7502492522432702,1.0,1.441911360797412,0.0624903999996604,0.0002528198474771,0.0002461217783618
unitscope-tuned,this-work,user-certified,primary,5,5a1a0d9face92aec0a0f641341aa62346ee1398565778501f38bf6cc267e64e8,0.9,1,6,1.0,0.5,0.5,0.5,0.5,0.5,0.5045,0.9,0.9000000000000002,0.8999999999999999,0.9000000000000001,0.9000000000000001,1.0,1.0,plan-c,1.0,1.0,0.2497507477567298,0.7502492522432702,0.8705054715997915,2.7466825685007925,0.0624201000027824,0.0002511917210333,0.0002448601961092
naive-recalibrated-2c,this-work,user-certified,primary,5,5a1a0d9face92aec0a0f641341aa62346ee1398565778501f38bf6cc267e64e8,,1,6,1.0,0.5,0.5,0.5,0.5,0.5,0.5045,0.9,0.9000000000000002,0.8999999999999999,0.9000000000000001,0.9000000000000001,2.0,2.0,plan-delta,2.0,1.0,0.2497507477567298,0.7502492522432702,0.8705054715997915,1.9219490364603529,0.0600873999937903,0.0001557581535636,0.0002049465958143
full-identity-reference,oracle,oracle-assumption,full-identity-reference,5,5a1a0d9face92aec0a0f641341aa62346ee1398565778501f38bf6cc267e64e8,,1,6,1.0,0.5,0.5,0.5,0.5,0.5,0.5045,0.9,0.9000000000000002,0.8999999999999999,0.9000000000000001,0.9000000000000001,1.0,1.0,plan-c,1.0,1.0,0.0,0.0,1.0,4.826168777140095,0.3400948999915272,0.0,2.072019138122691e-05
non-private-reference,oracle,non-private,diagnostic,5,5a1a0d9face92aec0a0f641341aa62346ee1398565778501f38bf6cc267e64e8,,1,6,1.0,0.5,0.5,0.5,0.5,0.5,0.5045,0.9,0.9000000000000002,0.8999999999999999,0.9000000000000001,0.9000000000000001,,,non-private,0.0,1.0,0.0,0.0,0.0,inf,0.0651457999920239,0.000572693058351,0.000572693058351
naive-claimed-c,this-work,unsafe-diagnostic,diagnostic,5,5a1a0d9face92aec0a0f641341aa62346ee1398565778501f38bf6cc267e64e8,,1,6,1.0,0.5,0.5,0.5,0.5,0.5,0.5045,0.9,0.9000000000000002,0.8999999999999999,0.9000000000000001,0.9000000000000001,,2.0,unsafe-diagnostic,1.0,1.0,0.2497507477567298,0.7502492522432702,0.8705054715997915,3.8438980729207057,0.0614633999939542,0.0001557581535636,0.0001596321833077
stable-local-fallback,this-work,user-certified,primary,6,5a1a0d9face92aec0a0f641341aa62346ee1398565778501f38bf6cc267e64e8,0.0,1,6,1.0,0.5,0.5,0.5,0.5,0.5,0.509,0.9,0.9000000000000002,0.8999999999999999,0.9000000000000001,0.9000000000000001,1.0,1.0,plan-c,1.0,1.0,0.0,1.0,1.0,1.5526474585445664,0.0525368000089656,0.0002764342704375,0.0002654893496959
handle-only-drop-residual,this-work,user-certified,primary,6,5a1a0d9face92aec0a0f641341aa62346ee1398565778501f38bf6cc267e64e8,1.0,1,6,1.0,0.5,0.5,0.5,0.5,0.5,0.509,0.9,0.9000000000000002,0.8999999999999999,0.9000000000000001,0.9000000000000001,1.0,1.0,plan-c,1.0,0.25,0.25,0.0,0.509,3.625534546392307,0.084470700006932,0.0002513143717141,0.0002569462881247
unitscope-equal,this-work,user-certified,primary,6,5a1a0d9face92aec0a0f641341aa62346ee1398565778501f38bf6cc267e64e8,0.1428571428571428,1,6,1.0,0.5,0.5,0.5,0.5,0.5,0.509,0.9,0.9000000000000002,0.8999999999999999,0.9000000000000001,0.9000000000000001,1.0,1.0,plan-c,1.0,1.0,0.25,0.75,1.0,1.6961919863690738,0.0656123999942792,0.000259979909716,0.0002518944451511
unitscope-tuned,this-work,user-certified,primary,6,5a1a0d9face92aec0a0f641341aa62346ee1398565778501f38bf6cc267e64e8,0.9,1,6,1.0,0.5,0.5,0.5,0.5,0.5,0.509,0.9,0.9000000000000002,0.8999999999999999,0.9000000000000001,0.9000000000000001,1.0,1.0,plan-c,1.0,1.0,0.25,0.75,0.872368079022615,3.43795153023414,0.0647959000052651,0.0002395287197208,0.0002446018498706
naive-recalibrated-2c,this-work,user-certified,primary,6,5a1a0d9face92aec0a0f641341aa62346ee1398565778501f38bf6cc267e64e8,,1,6,1.0,0.5,0.5,0.5,0.5,0.5,0.509,0.9,0.9000000000000002,0.8999999999999999,0.9000000000000001,0.9000000000000001,2.0,2.0,plan-delta,2.0,1.0,0.25,0.75,0.872368079022615,2.3551272227886604,0.0672214000078383,0.0001524146946778,0.0001986760324573
full-identity-reference,oracle,oracle-assumption,full-identity-reference,6,5a1a0d9face92aec0a0f641341aa62346ee1398565778501f38bf6cc267e64e8,,1,6,1.0,0.5,0.5,0.5,0.5,0.5,0.509,0.9,0.9000000000000002,0.8999999999999999,0.9000000000000001,0.9000000000000001,1.0,1.0,plan-c,1.0,1.0,0.0,0.0,1.0,6.082823823993251,0.3427724999928614,0.0,1.2850918528840267e-05
non-private-reference,oracle,non-private,diagnostic,6,5a1a0d9face92aec0a0f641341aa62346ee1398565778501f38bf6cc267e64e8,,1,6,1.0,0.5,0.5,0.5,0.5,0.5,0.509,0.9,0.9000000000000002,0.8999999999999999,0.9000000000000001,0.9000000000000001,,,non-private,0.0,1.0,0.0,0.0,0.0,inf,0.0460756000102264,0.000425208953788,0.000425208953788
naive-claimed-c,this-work,unsafe-diagnostic,diagnostic,6,5a1a0d9face92aec0a0f641341aa62346ee1398565778501f38bf6cc267e64e8,,1,6,1.0,0.5,0.5,0.5,0.5,0.5,0.509,0.9,0.9000000000000002,0.8999999999999999,0.9000000000000001,0.9000000000000001,,2.0,unsafe-diagnostic,1.0,1.0,0.25,0.75,0.872368079022615,4.710254445577321,0.0779372999968472,0.0001524146946778,0.0001626944450387
stable-local-fallback,this-work,user-certified,primary,7,5a1a0d9face92aec0a0f641341aa62346ee1398565778501f38bf6cc267e64e8,0.0,1,6,1.0,0.5,0.5,0.5,0.5,0.5,0.486,0.9,0.9000000000000001,0.8999999999999999,0.9000000000000001,0.9000000000000001,1.0,1.0,plan-c,1.0,1.0,0.0,1.0,1.0,1.6217706082656804,0.052231199995731,0.0003004810480975,0.0003096469588843
handle-only-drop-residual,this-work,user-certified,primary,7,5a1a0d9face92aec0a0f641341aa62346ee1398565778501f38bf6cc267e64e8,1.0,1,6,1.0,0.5,0.5,0.5,0.5,0.5,0.486,0.9,0.9000000000000001,0.8999999999999999,0.9000000000000001,0.9000000000000001,1.0,1.0,plan-c,1.0,0.2489905787348587,0.2489905787348587,0.0,0.48,3.484743747757068,0.0650237999943783,0.0003142112124495,0.0003081973318468
unitscope-equal,this-work,user-certified,primary,7,5a1a0d9face92aec0a0f641341aa62346ee1398565778501f38bf6cc267e64e8,0.1428571428571428,1,6,1.0,0.5,0.5,0.5,0.5,0.5,0.486,0.9,0.9000000000000001,0.8999999999999999,0.9000000000000001,0.9000000000000001,1.0,1.0,plan-c,1.0,1.0,0.2489905787348587,0.7510094212651414,1.0,1.7765882407062537,0.0652942000015173,0.0002849993049911,0.000295304418535
unitscope-tuned,this-work,user-certified,primary,7,5a1a0d9face92aec0a0f641341aa62346ee1398565778501f38bf6cc267e64e8,0.9,1,6,1.0,0.5,0.5,0.5,0.5,0.5,0.486,0.9,0.9000000000000001,0.8999999999999999,0.9000000000000001,0.9000000000000001,1.0,1.0,plan-c,1.0,1.0,0.2489905787348587,0.7510094212651414,0.8636244426960399,3.320680438873631,0.0879592999990563,0.0002943049729394,0.0002908913507093
naive-recalibrated-2c,this-work,user-certified,primary,7,5a1a0d9face92aec0a0f641341aa62346ee1398565778501f38bf6cc267e64e8,,1,6,1.0,0.5,0.5,0.5,0.5,0.5,0.486,0.9,0.9000000000000001,0.8999999999999999,0.9000000000000001,0.9000000000000001,2.0,2.0,plan-delta,2.0,1.0,0.2489905787348587,0.7510094212651414,0.8636244426960399,2.316234697383832,0.0699366000044392,0.000186864499544,0.0002033134893754
full-identity-reference,oracle,oracle-assumption,full-identity-reference,7,5a1a0d9face92aec0a0f641341aa62346ee1398565778501f38bf6cc267e64e8,,1,6,1.0,0.5,0.5,0.5,0.5,0.5,0.486,0.9,0.9000000000000001,0.8999999999999999,0.9000000000000001,0.9000000000000001,1.0,1.0,plan-c,1.0,1.0,0.0,0.0,1.0,6.0869389314239735,0.3511329999892041,0.0,1.4522739286817303e-05
non-private-reference,oracle,non-private,diagnostic,7,5a1a0d9face92aec0a0f641341aa62346ee1398565778501f38bf6cc267e64e8,,1,6,1.0,0.5,0.5,0.5,0.5,0.5,0.486,0.9,0.9000000000000001,0.8999999999999999,0.9000000000000001,0.9000000000000001,,,non-private,0.0,1.0,0.0,0.0,0.0,inf,0.0533136999874841,0.0005324775362563,0.0005324775362563
naive-claimed-c,this-work,unsafe-diagnostic,diagnostic,7,5a1a0d9face92aec0a0f641341aa62346ee1398565778501f38bf6cc267e64e8,,1,6,1.0,0.5,0.5,0.5,0.5,0.5,0.486,0.9,0.9000000000000001,0.8999999999999999,0.9000000000000001,0.9000000000000001,,2.0,unsafe-diagnostic,1.0,1.0,0.2489905787348587,0.7510094212651414,0.8636244426960399,4.632469394767663,0.0708091999986209,0.000186864499544,0.0001805662551729
stable-local-fallback,this-work,user-certified,primary,8,5a1a0d9face92aec0a0f641341aa62346ee1398565778501f38bf6cc267e64e8,0.0,1,6,1.0,0.5,0.5,0.5,0.5,0.5,0.4875,0.9,0.9000000000000002,0.8999999999999999,0.9000000000000001,0.9000000000000001,1.0,1.0,plan-c,1.0,1.0,0.0,1.0,1.0,1.5902531034978746,0.0541365000099176,0.0003738761043974,0.0004348904159839
handle-only-drop-residual,this-work,user-certified,primary,8,5a1a0d9face92aec0a0f641341aa62346ee1398565778501f38bf6cc267e64e8,1.0,1,6,1.0,0.5,0.5,0.5,0.5,0.5,0.4875,0.9,0.9000000000000002,0.8999999999999999,0.9000000000000001,0.9000000000000001,1.0,1.0,plan-c,1.0,0.2510924369747899,0.2510924369747899,0.0,0.494,3.350592484677647,0.0635680999985197,0.0003468869438065,0.0003993076679904
unitscope-equal,this-work,user-certified,primary,8,5a1a0d9face92aec0a0f641341aa62346ee1398565778501f38bf6cc267e64e8,0.1428571428571428,1,6,1.0,0.5,0.5,0.5,0.5,0.5,0.4875,0.9,0.9000000000000002,0.8999999999999999,0.9000000000000001,0.9000000000000001,1.0,1.0,plan-c,1.0,1.0,0.2510924369747899,0.7489075630252101,1.0,1.6787677162670989,0.0631556000007549,0.0003634567845465,0.0004236143520851
unitscope-tuned,this-work,user-certified,primary,8,5a1a0d9face92aec0a0f641341aa62346ee1398565778501f38bf6cc267e64e8,0.9,1,6,1.0,0.5,0.5,0.5,0.5,0.5,0.4875,0.9,0.9000000000000002,0.8999999999999999,0.9000000000000001,0.9000000000000001,1.0,1.0,plan-c,1.0,1.0,0.2510924369747899,0.7489075630252101,0.8680917622523462,3.198685049954323,0.063416099990718,0.0003396454213419,0.0003923274117089
naive-recalibrated-2c,this-work,user-certified,primary,8,5a1a0d9face92aec0a0f641341aa62346ee1398565778501f38bf6cc267e64e8,,1,6,1.0,0.5,0.5,0.5,0.5,0.5,0.4875,0.9,0.9000000000000002,0.8999999999999999,0.9000000000000001,0.9000000000000001,2.0,2.0,plan-delta,2.0,1.0,0.2510924369747899,0.7489075630252101,0.8680917622523462,2.230639591545609,0.0790636999881826,0.0001890864791955,0.0002991058341548
full-identity-reference,oracle,oracle-assumption,full-identity-reference,8,5a1a0d9face92aec0a0f641341aa62346ee1398565778501f38bf6cc267e64e8,,1,6,1.0,0.5,0.5,0.5,0.5,0.5,0.4875,0.9,0.9000000000000002,0.8999999999999999,0.9000000000000001,0.9000000000000001,1.0,1.0,plan-c,1.0,1.0,0.0,0.0,1.0,6.126735441491054,0.3395824000035645,0.0,1.7675969185463058e-05
non-private-reference,oracle,non-private,diagnostic,8,5a1a0d9face92aec0a0f641341aa62346ee1398565778501f38bf6cc267e64e8,,1,6,1.0,0.5,0.5,0.5,0.5,0.5,0.4875,0.9,0.9000000000000002,0.8999999999999999,0.9000000000000001,0.9000000000000001,,,non-private,0.0,1.0,0.0,0.0,0.0,inf,0.0474511999927926,0.000573648364657,0.000573648364657
naive-claimed-c,this-work,unsafe-diagnostic,diagnostic,8,5a1a0d9face92aec0a0f641341aa62346ee1398565778501f38bf6cc267e64e8,,1,6,1.0,0.5,0.5,0.5,0.5,0.5,0.4875,0.9,0.9000000000000002,0.8999999999999999,0.9000000000000001,0.9000000000000001,,2.0,unsafe-diagnostic,1.0,1.0,0.2510924369747899,0.7489075630252101,0.8680917622523462,4.461279183091218,0.0611443999951006,0.0001890864791955,0.0002264201874897
stable-local-fallback,this-work,user-certified,primary,9,5a1a0d9face92aec0a0f641341aa62346ee1398565778501f38bf6cc267e64e8,0.0,1,6,1.0,0.5,0.5,0.5,0.5,0.5,0.506,0.9,0.9000000000000001,0.8999999999999999,0.9000000000000001,0.9000000000000001,1.0,1.0,plan-c,1.0,1.0,0.0,1.0,1.0,1.5673502560312456,0.0504292999976314,0.0003061030105336,0.0003300501477169
handle-only-drop-residual,this-work,user-certified,primary,9,5a1a0d9face92aec0a0f641341aa62346ee1398565778501f38bf6cc267e64e8,1.0,1,6,1.0,0.5,0.5,0.5,0.5,0.5,0.506,0.9,0.9000000000000001,0.8999999999999999,0.9000000000000001,0.9000000000000001,1.0,1.0,plan-c,1.0,0.2481739707835325,0.2481739707835325,0.0,0.495,3.2352741377016296,0.0582529999956022,0.0002846103188056,0.0002972558057033
unitscope-equal,this-work,user-certified,primary,9,5a1a0d9face92aec0a0f641341aa62346ee1398565778501f38bf6cc267e64e8,0.1428571428571428,1,6,1.0,0.5,0.5,0.5,0.5,0.5,0.506,0.9,0.9000000000000001,0.8999999999999999,0.9000000000000001,0.9000000000000001,1.0,1.0,plan-c,1.0,1.0,0.2481739707835325,0.7518260292164675,1.0,1.6640097816052188,0.0608511000027647,0.0002924268638016,0.0003176942531913
unitscope-tuned,this-work,user-certified,primary,9,5a1a0d9face92aec0a0f641341aa62346ee1398565778501f38bf6cc267e64e8,0.9,1,6,1.0,0.5,0.5,0.5,0.5,0.5,0.506,0.9,0.9000000000000001,0.8999999999999999,0.9000000000000001,0.9000000000000001,1.0,1.0,plan-c,1.0,1.0,0.2481739707835325,0.7518260292164675,0.8690012970168612,3.0884193655173675,0.0658806999999797,0.0002702784011404,0.0002843951049748
naive-recalibrated-2c,this-work,user-certified,primary,9,5a1a0d9face92aec0a0f641341aa62346ee1398565778501f38bf6cc267e64e8,,1,6,1.0,0.5,0.5,0.5,0.5,0.5,0.506,0.9,0.9000000000000001,0.8999999999999999,0.9000000000000001,0.9000000000000001,2.0,2.0,plan-delta,2.0,1.0,0.2481739707835325,0.7518260292164675,0.8690012970168612,2.138696727332347,0.0623863999935565,0.0001587667679598,0.0002118627117222
full-identity-reference,oracle,oracle-assumption,full-identity-reference,9,5a1a0d9face92aec0a0f641341aa62346ee1398565778501f38bf6cc267e64e8,,1,6,1.0,0.5,0.5,0.5,0.5,0.5,0.506,0.9,0.9000000000000001,0.8999999999999999,0.9000000000000001,0.9000000000000001,1.0,1.0,plan-c,1.0,1.0,0.0,0.0,1.0,6.282173535578494,0.3535721999942325,0.0,1.322733564205228e-05
non-private-reference,oracle,non-private,diagnostic,9,5a1a0d9face92aec0a0f641341aa62346ee1398565778501f38bf6cc267e64e8,,1,6,1.0,0.5,0.5,0.5,0.5,0.5,0.506,0.9,0.9000000000000001,0.8999999999999999,0.9000000000000001,0.9000000000000001,,,non-private,0.0,1.0,0.0,0.0,0.0,inf,0.0473132000042824,0.0004179163027731,0.0004179163027731
naive-claimed-c,this-work,unsafe-diagnostic,diagnostic,9,5a1a0d9face92aec0a0f641341aa62346ee1398565778501f38bf6cc267e64e8,,1,6,1.0,0.5,0.5,0.5,0.5,0.5,0.506,0.9,0.9000000000000001,0.8999999999999999,0.9000000000000001,0.9000000000000001,,2.0,unsafe-diagnostic,1.0,1.0,0.2481739707835325,0.7518260292164675,0.8690012970168612,4.277393454664694,0.0612120999867329,0.0001587667679598,0.0001720874041989
stable-local-fallback,this-work,user-certified,primary,0,93c520cd7e498c8db2c59c43bfe745e28e8103590125d2671272306cbecb1e2f,0.0,1,6,1.0,0.5,0.5,0.5,0.5,0.5,0.499,0.9,0.9000000000000001,0.8999999999999999,0.9000000000000001,0.9000000000000001,1.0,1.0,plan-c,1.0,1.0,0.0,1.0,1.0,1.3081867526944897,0.0683142000052612,0.0002885706563663,0.0002867414956175
handle-only-drop-residual,this-work,user-certified,primary,0,93c520cd7e498c8db2c59c43bfe745e28e8103590125d2671272306cbecb1e2f,1.0,1,6,1.0,0.5,0.5,0.5,0.5,0.5,0.499,0.9,0.9000000000000001,0.8999999999999999,0.9000000000000001,0.9000000000000001,1.0,1.0,plan-c,1.0,0.2483322214809873,0.2483322214809873,0.0,0.489,2.9738962009252665,0.0575476000085473,0.0002236392946875,0.0002212751097713
unitscope-equal,this-work,user-certified,primary,0,93c520cd7e498c8db2c59c43bfe745e28e8103590125d2671272306cbecb1e2f,0.1428571428571428,1,6,1.0,0.5,0.5,0.5,0.5,0.5,0.499,0.9,0.9000000000000001,0.8999999999999999,0.9000000000000001,0.9000000000000001,1.0,1.0,plan-c,1.0,1.0,0.2483322214809873,0.7516677785190127,1.0,1.4943619196673472,0.0599075000063749,0.0002617824846579,0.0002614862644123
unitscope-tuned,this-work,user-certified,primary,0,93c520cd7e498c8db2c59c43bfe745e28e8103590125d2671272306cbecb1e2f,1.0,1,6,1.0,0.5,0.5,0.5,0.5,0.5,0.499,0.9,0.9000000000000001,0.8999999999999999,0.9000000000000001,0.9000000000000001,1.0,1.0,plan-c,1.0,0.2483322214809873,0.2483322214809873,0.0,0.489,2.9738962009252665,0.0588870999927166,0.0002236392946875,0.0002212751097713
naive-recalibrated-2c,this-work,user-certified,primary,0,93c520cd7e498c8db2c59c43bfe745e28e8103590125d2671272306cbecb1e2f,,1,6,1.0,0.5,0.5,0.5,0.5,0.5,0.499,0.9,0.9000000000000001,0.8999999999999999,0.9000000000000001,0.9000000000000001,2.0,2.0,plan-delta,2.0,1.0,0.2483322214809873,0.7516677785190127,0.86696172871648,2.0040512030289883,0.0611178999970434,0.000130819376198,0.0001808716252195
full-identity-reference,oracle,oracle-assumption,full-identity-reference,0,93c520cd7e498c8db2c59c43bfe745e28e8103590125d2671272306cbecb1e2f,,1,6,1.0,0.5,0.5,0.5,0.5,0.5,0.499,0.9,0.9000000000000001,0.8999999999999999,0.9000000000000001,0.9000000000000001,1.0,1.0,plan-c,1.0,1.0,0.0,0.0,1.0,5.020101177068899,0.3339914999960456,0.0,1.9925347562214557e-05
non-private-reference,oracle,non-private,diagnostic,0,93c520cd7e498c8db2c59c43bfe745e28e8103590125d2671272306cbecb1e2f,,1,6,1.0,0.5,0.5,0.5,0.5,0.5,0.499,0.9,0.9000000000000001,0.8999999999999999,0.9000000000000001,0.9000000000000001,,,non-private,0.0,1.0,0.0,0.0,0.0,inf,0.0629374000127427,0.0004865900422117,0.0004865900422117
naive-claimed-c,this-work,unsafe-diagnostic,diagnostic,0,93c520cd7e498c8db2c59c43bfe745e28e8103590125d2671272306cbecb1e2f,,1,6,1.0,0.5,0.5,0.5,0.5,0.5,0.499,0.9,0.9000000000000001,0.8999999999999999,0.9000000000000001,0.9000000000000001,,2.0,unsafe-diagnostic,1.0,1.0,0.2483322214809873,0.7516677785190127,0.86696172871648,4.008102406057977,0.0609350000013364,0.000130819376198,0.0001359201531465
stable-local-fallback,this-work,user-certified,primary,1,93c520cd7e498c8db2c59c43bfe745e28e8103590125d2671272306cbecb1e2f,0.0,1,6,1.0,0.5,0.5,0.5,0.5,0.5,0.4995,0.9,0.9000000000000001,0.8999999999999999,0.9000000000000001,0.9000000000000001,1.0,1.0,plan-c,1.0,1.0,0.0,1.0,1.0,1.5185492072199989,0.0519482999952742,0.0003297674025812,0.0003636077631473
handle-only-drop-residual,this-work,user-certified,primary,1,93c520cd7e498c8db2c59c43bfe745e28e8103590125d2671272306cbecb1e2f,1.0,1,6,1.0,0.5,0.5,0.5,0.5,0.5,0.4995,0.9,0.9000000000000001,0.8999999999999999,0.9000000000000001,0.9000000000000001,1.0,1.0,plan-c,1.0,0.2504168056018673,0.2504168056018673,0.0,0.502,2.994824978176833,0.0751473999989684,0.0003264998365914,0.0003563997796345
unitscope-equal,this-work,user-certified,primary,1,93c520cd7e498c8db2c59c43bfe745e28e8103590125d2671272306cbecb1e2f,0.1428571428571428,1,6,1.0,0.5,0.5,0.5,0.5,0.5,0.4995,0.9,0.9000000000000001,0.8999999999999999,0.9000000000000001,0.9000000000000001,1.0,1.0,plan-c,1.0,1.0,0.2504168056018673,0.7495831943981327,1.0,1.6702537751562132,0.0621474999934434,0.0003114785128929,0.0003448971429388
unitscope-tuned,this-work,user-certified,primary,1,93c520cd7e498c8db2c59c43bfe745e28e8103590125d2671272306cbecb1e2f,1.0,1,6,1.0,0.5,0.5,0.5,0.5,0.5,0.4995,0.9,0.9000000000000001,0.8999999999999999,0.9000000000000001,0.9000000000000001,1.0,1.0,plan-c,1.0,0.2504168056018673,0.2504168056018673,0.0,0.502,2.994824978176833,0.0590134999947622,0.0003264998365914,0.0003563997796345
naive-recalibrated-2c,this-work,user-certified,primary,1,93c520cd7e498c8db2c59c43bfe745e28e8103590125d2671272306cbecb1e2f,,1,6,1.0,0.5,0.5,0.5,0.5,0.5,0.4995,0.9,0.9000000000000001,0.8999999999999999,0.9000000000000001,0.9000000000000001,2.0,2.0,plan-delta,2.0,1.0,0.2504168056018673,0.7495831943981327,0.869667626275844,2.0605030856258546,0.0601855999993858,0.0001871296503784,0.0002665876142167
full-identity-reference,oracle,oracle-assumption,full-identity-reference,1,93c520cd7e498c8db2c59c43bfe745e28e8103590125d2671272306cbecb1e2f,,1,6,1.0,0.5,0.5,0.5,0.5,0.5,0.4995,0.9,0.9000000000000001,0.8999999999999999,0.9000000000000001,0.9000000000000001,1.0,1.0,plan-c,1.0,1.0,0.0,0.0,1.0,6.192408594129792,0.3343752999935532,0.0,1.4585911827834768e-05
non-private-reference,oracle,non-private,diagnostic,1,93c520cd7e498c8db2c59c43bfe745e28e8103590125d2671272306cbecb1e2f,,1,6,1.0,0.5,0.5,0.5,0.5,0.5,0.4995,0.9,0.9000000000000001,0.8999999999999999,0.9000000000000001,0.9000000000000001,,,non-private,0.0,1.0,0.0,0.0,0.0,inf,0.0454139999928884,0.0004080676511288,0.0004080676511288
naive-claimed-c,this-work,unsafe-diagnostic,diagnostic,1,93c520cd7e498c8db2c59c43bfe745e28e8103590125d2671272306cbecb1e2f,,1,6,1.0,0.5,0.5,0.5,0.5,0.5,0.4995,0.9,0.9000000000000001,0.8999999999999999,0.9000000000000001,0.9000000000000001,,2.0,unsafe-diagnostic,1.0,1.0,0.2504168056018673,0.7495831943981327,0.869667626275844,4.121006171251709,0.0768018999951891,0.0001871296503784,0.0002122727204697
stable-local-fallback,this-work,user-certified,primary,2,93c520cd7e498c8db2c59c43bfe745e28e8103590125d2671272306cbecb1e2f,0.0,1,6,1.0,0.5,0.5,0.5,0.5,0.5,0.484,0.9,0.9000000000000002,0.8999999999999999,0.9000000000000001,0.9000000000000001,1.0,1.0,plan-c,1.0,1.0,0.0,1.0,1.0,1.42823587143636,0.0490247999987332,0.0002461192254458,0.0002802287852622
handle-only-drop-residual,this-work,user-certified,primary,2,93c520cd7e498c8db2c59c43bfe745e28e8103590125d2671272306cbecb1e2f,1.0,1,6,1.0,0.5,0.5,0.5,0.5,0.5,0.484,0.9,0.9000000000000002,0.8999999999999999,0.9000000000000001,0.9000000000000001,1.0,1.0,plan-c,1.0,0.2498315363881401,0.2498315363881401,0.0,0.483,2.759800273932113,0.0593929000024218,0.0002861957294251,0.0003460713485825
unitscope-equal,this-work,user-certified,primary,2,93c520cd7e498c8db2c59c43bfe745e28e8103590125d2671272306cbecb1e2f,0.1428571428571428,1,6,1.0,0.5,0.5,0.5,0.5,0.5,0.484,0.9,0.9000000000000002,0.8999999999999999,0.9000000000000001,0.9000000000000001,1.0,1.0,plan-c,1.0,1.0,0.2498315363881401,0.7501684636118598,1.0,1.47308177613338,0.0605532000045059,0.0002398176732182,0.0002779990061817
unitscope-tuned,this-work,user-certified,primary,2,93c520cd7e498c8db2c59c43bfe745e28e8103590125d2671272306cbecb1e2f,1.0,1,6,1.0,0.5,0.5,0.5,0.5,0.5,0.484,0.9,0.9000000000000002,0.8999999999999999,0.9000000000000001,0.9000000000000001,1.0,1.0,plan-c,1.0,0.2498315363881401,0.2498315363881401,0.0,0.483,2.759800273932113,0.0778472000092733,0.0002861957294251,0.0003460713485825
naive-recalibrated-2c,this-work,user-certified,primary,2,93c520cd7e498c8db2c59c43bfe745e28e8103590125d2671272306cbecb1e2f,,1,6,1.0,0.5,0.5,0.5,0.5,0.5,0.484,0.9,0.9000000000000002,0.8999999999999999,0.9000000000000001,0.9000000000000001,2.0,2.0,plan-delta,2.0,1.0,0.2498315363881401,0.7501684636118598,0.8640546936628977,1.848781297012984,0.0614407999964896,0.0001730145122659,0.0003170220436987
full-identity-reference,oracle,oracle-assumption,full-identity-reference,2,93c520cd7e498c8db2c59c43bfe745e28e8103590125d2671272306cbecb1e2f,,1,6,1.0,0.5,0.5,0.5,0.5,0.5,0.484,0.9,0.9000000000000002,0.8999999999999999,0.9000000000000001,0.9000000000000001,1.0,1.0,plan-c,1.0,1.0,0.0,0.0,1.0,5.212578809869084,0.3453900999884354,0.0,1.5944966299623313e-05
non-private-reference,oracle,non-private,diagnostic,2,93c520cd7e498c8db2c59c43bfe745e28e8103590125d2671272306cbecb1e2f,,1,6,1.0,0.5,0.5,0.5,0.5,0.5,0.484,0.9,0.9000000000000002,0.8999999999999999,0.9000000000000001,0.9000000000000001,,,non-private,0.0,1.0,0.0,0.0,0.0,inf,0.0457688000024063,0.0005379050406584,0.0005379050406584
naive-claimed-c,this-work,unsafe-diagnostic,diagnostic,2,93c520cd7e498c8db2c59c43bfe745e28e8103590125d2671272306cbecb1e2f,,1,6,1.0,0.5,0.5,0.5,0.5,0.5,0.484,0.9,0.9000000000000002,0.8999999999999999,0.9000000000000001,0.9000000000000001,,2.0,unsafe-diagnostic,1.0,1.0,0.2498315363881401,0.7501684636118598,0.8640546936628977,3.697562594025968,0.0607516000018222,0.0001730145122659,0.0002290733116827
stable-local-fallback,this-work,user-certified,primary,3,93c520cd7e498c8db2c59c43bfe745e28e8103590125d2671272306cbecb1e2f,0.0,1,6,1.0,0.5,0.5,0.5,0.5,0.5,0.508,0.9,0.9000000000000004,0.8999999999999999,0.9000000000000001,0.9000000000000001,1.0,1.0,plan-c,1.0,1.0,0.0,1.0,1.0,1.6094004688296766,0.0498428999999305,0.0002613717330772,0.0002576158055466
handle-only-drop-residual,this-work,user-certified,primary,3,93c520cd7e498c8db2c59c43bfe745e28e8103590125d2671272306cbecb1e2f,1.0,1,6,1.0,0.5,0.5,0.5,0.5,0.5,0.508,0.9,0.9000000000000004,0.8999999999999999,0.9000000000000001,0.9000000000000001,1.0,1.0,plan-c,1.0,0.248342175066313,0.248342175066313,0.0,0.498,3.177222927100646,0.058442699999432,0.000207217172726,0.0002098115755685
unitscope-equal,this-work,user-certified,primary,3,93c520cd7e498c8db2c59c43bfe745e28e8103590125d2671272306cbecb1e2f,0.1428571428571428,1,6,1.0,0.5,0.5,0.5,0.5,0.5,0.508,0.9,0.9000000000000004,0.8999999999999999,0.9000000000000001,0.9000000000000001,1.0,1.0,plan-c,1.0,1.0,0.248342175066313,0.751657824933687,1.0,1.7344586298921612,0.0608251999947242,0.0002467257276148,0.0002443387400214
unitscope-tuned,this-work,user-certified,primary,3,93c520cd7e498c8db2c59c43bfe745e28e8103590125d2671272306cbecb1e2f,1.0,1,6,1.0,0.5,0.5,0.5,0.5,0.5,0.508,0.9,0.9000000000000004,0.8999999999999999,0.9000000000000001,0.9000000000000001,1.0,1.0,plan-c,1.0,0.248342175066313,0.248342175066313,0.0,0.498,3.177222927100646,0.0620907999982591,0.000207217172726,0.0002098115755685
naive-recalibrated-2c,this-work,user-certified,primary,3,93c520cd7e498c8db2c59c43bfe745e28e8103590125d2671272306cbecb1e2f,,1,6,1.0,0.5,0.5,0.5,0.5,0.5,0.508,0.9,0.9000000000000004,0.8999999999999999,0.9000000000000001,0.9000000000000001,2.0,2.0,plan-delta,2.0,1.0,0.248342175066313,0.751657824933687,0.8694408322496749,2.2232170815401675,0.0803201999951852,0.0001088084609114,0.0001570158977024
full-identity-reference,oracle,oracle-assumption,full-identity-reference,3,93c520cd7e498c8db2c59c43bfe745e28e8103590125d2671272306cbecb1e2f,,1,6,1.0,0.5,0.5,0.5,0.5,0.5,0.508,0.9,0.9000000000000004,0.8999999999999999,0.9000000000000001,0.9000000000000001,1.0,1.0,plan-c,1.0,1.0,0.0,0.0,1.0,5.786137304739674,0.3351678000035463,0.0,1.4295995470253786e-05
non-private-reference,oracle,non-private,diagnostic,3,93c520cd7e498c8db2c59c43bfe745e28e8103590125d2671272306cbecb1e2f,,1,6,1.0,0.5,0.5,0.5,0.5,0.5,0.508,0.9,0.9000000000000004,0.8999999999999999,0.9000000000000001,0.9000000000000001,,,non-private,0.0,1.0,0.0,0.0,0.0,inf,0.0539111999969463,0.0005674025328678,0.0005674025328678
naive-claimed-c,this-work,unsafe-diagnostic,diagnostic,3,93c520cd7e498c8db2c59c43bfe745e28e8103590125d2671272306cbecb1e2f,,1,6,1.0,0.5,0.5,0.5,0.5,0.5,0.508,0.9,0.9000000000000004,0.8999999999999999,0.9000000000000001,0.9000000000000001,,2.0,unsafe-diagnostic,1.0,1.0,0.248342175066313,0.751657824933687,0.8694408322496749,4.446434163080335,0.0630149000062374,0.0001088084609114,0.0001186161838367
stable-local-fallback,this-work,user-certified,primary,4,93c520cd7e498c8db2c59c43bfe745e28e8103590125d2671272306cbecb1e2f,0.0,1,6,1.0,0.5,0.5,0.5,0.5,0.5,0.502,0.9,0.9000000000000001,0.8999999999999999,0.9000000000000001,0.9000000000000001,1.0,1.0,plan-c,1.0,1.0,0.0,1.0,1.0,1.3642499289684005,0.0505311999877449,0.000248642406053,0.0002597462688256
handle-only-drop-residual,this-work,user-certified,primary,4,93c520cd7e498c8db2c59c43bfe745e28e8103590125d2671272306cbecb1e2f,1.0,1,6,1.0,0.5,0.5,0.5,0.5,0.5,0.502,0.9,0.9000000000000001,0.8999999999999999,0.9000000000000001,0.9000000000000001,1.0,1.0,plan-c,1.0,0.2470039946737683,0.2470039946737683,0.0,0.484,3.0577488572120286,0.0571333999978378,0.0002387886308038,0.0002684991892205
unitscope-equal,this-work,user-certified,primary,4,93c520cd7e498c8db2c59c43bfe745e28e8103590125d2671272306cbecb1e2f,0.1428571428571428,1,6,1.0,0.5,0.5,0.5,0.5,0.5,0.502,0.9,0.9000000000000001,0.8999999999999999,0.9000000000000001,0.9000000000000001,1.0,1.0,plan-c,1.0,1.0,0.2470039946737683,0.7529960053262317,1.0,1.515005116280569,0.059499599999981,0.0002303333992689,0.0002444858387572
unitscope-tuned,this-work,user-certified,primary,4,93c520cd7e498c8db2c59c43bfe745e28e8103590125d2671272306cbecb1e2f,1.0,1,6,1.0,0.5,0.5,0.5,0.5,0.5,0.502,0.9,0.9000000000000001,0.8999999999999999,0.9000000000000001,0.9000000000000001,1.0,1.0,plan-c,1.0,0.2470039946737683,0.2470039946737683,0.0,0.484,3.0577488572120286,0.0573732000048039,0.0002387886308038,0.0002684991892205
naive-recalibrated-2c,this-work,user-certified,primary,4,93c520cd7e498c8db2c59c43bfe745e28e8103590125d2671272306cbecb1e2f,,1,6,1.0,0.5,0.5,0.5,0.5,0.5,0.502,0.9,0.9000000000000001,0.8999999999999999,0.9000000000000001,0.9000000000000001,2.0,2.0,plan-delta,2.0,1.0,0.2470039946737683,0.7529960053262317,0.8658346333853354,2.0035868952747427,0.0587671000103,0.0001439826628651,0.0002287571047168
full-identity-reference,oracle,oracle-assumption,full-identity-reference,4,93c520cd7e498c8db2c59c43bfe745e28e8103590125d2671272306cbecb1e2f,,1,6,1.0,0.5,0.5,0.5,0.5,0.5,0.502,0.9,0.9000000000000001,0.8999999999999999,0.9000000000000001,0.9000000000000001,1.0,1.0,plan-c,1.0,1.0,0.0,0.0,1.0,5.223776436847982,0.3532188999961363,0.0,1.5688479693467358e-05
non-private-reference,oracle,non-private,diagnostic,4,93c520cd7e498c8db2c59c43bfe745e28e8103590125d2671272306cbecb1e2f,,1,6,1.0,0.5,0.5,0.5,0.5,0.5,0.502,0.9,0.9000000000000001,0.8999999999999999,0.9000000000000001,0.9000000000000001,,,non-private,0.0,1.0,0.0,0.0,0.0,inf,0.0454366000049049,0.0004394216565439,0.0004394216565439
naive-claimed-c,this-work,unsafe-diagnostic,diagnostic,4,93c520cd7e498c8db2c59c43bfe745e28e8103590125d2671272306cbecb1e2f,,1,6,1.0,0.5,0.5,0.5,0.5,0.5,0.502,0.9,0.9000000000000001,0.8999999999999999,0.9000000000000001,0.9000000000000001,,2.0,unsafe-diagnostic,1.0,1.0,0.2470039946737683,0.7529960053262317,0.8658346333853354,4.007173790549485,0.0592913999862503,0.0001439826628651,0.0001706814040975
stable-local-fallback,this-work,user-certified,primary,5,93c520cd7e498c8db2c59c43bfe745e28e8103590125d2671272306cbecb1e2f,0.0,1,6,1.0,0.5,0.5,0.5,0.5,0.5,0.5045,0.9,0.9000000000000002,0.8999999999999999,0.9000000000000001,0.9000000000000001,1.0,1.0,plan-c,1.0,1.0,0.0,1.0,1.0,1.336340344765694,0.0666971000027842,0.0002657100483089,0.0002621777926819
handle-only-drop-residual,this-work,user-certified,primary,5,93c520cd7e498c8db2c59c43bfe745e28e8103590125d2671272306cbecb1e2f,1.0,1,6,1.0,0.5,0.5,0.5,0.5,0.5,0.5045,0.9,0.9000000000000002,0.8999999999999999,0.9000000000000001,0.9000000000000001,1.0,1.0,plan-c,1.0,0.2497507477567298,0.2497507477567298,0.0,0.503,2.8895032802335563,0.0588413000077707,0.0002635915960594,0.0002579666231948
unitscope-equal,this-work,user-certified,primary,5,93c520cd7e498c8db2c59c43bfe745e28e8103590125d2671272306cbecb1e2f,0.1428571428571428,1,6,1.0,0.5,0.5,0.5,0.5,0.5,0.5045,0.9,0.9000000000000002,0.8999999999999999,0.9000000000000001,0.9000000000000001,1.0,1.0,plan-c,1.0,1.0,0.2497507477567298,0.7502492522432702,1.0,1.441911360797412,0.0592700999986846,0.0002528198474771,0.0002461217783618
unitscope-tuned,this-work,user-certified,primary,5,93c520cd7e498c8db2c59c43bfe745e28e8103590125d2671272306cbecb1e2f,1.0,1,6,1.0,0.5,0.5,0.5,0.5,0.5,0.5045,0.9,0.9000000000000002,0.8999999999999999,0.9000000000000001,0.9000000000000001,1.0,1.0,plan-c,1.0,0.2497507477567298,0.2497507477567298,0.0,0.503,2.8895032802335563,0.0580721000005723,0.0002635915960594,0.0002579666231948
naive-recalibrated-2c,this-work,user-certified,primary,5,93c520cd7e498c8db2c59c43bfe745e28e8103590125d2671272306cbecb1e2f,,1,6,1.0,0.5,0.5,0.5,0.5,0.5,0.5045,0.9,0.9000000000000002,0.8999999999999999,0.9000000000000001,0.9000000000000001,2.0,2.0,plan-delta,2.0,1.0,0.2497507477567298,0.7502492522432702,0.8705054715997915,1.9219490364603529,0.061201999997138,0.0001557581535636,0.0002049465958143
full-identity-reference,oracle,oracle-assumption,full-identity-reference,5,93c520cd7e498c8db2c59c43bfe745e28e8103590125d2671272306cbecb1e2f,,1,6,1.0,0.5,0.5,0.5,0.5,0.5,0.5045,0.9,0.9000000000000002,0.8999999999999999,0.9000000000000001,0.9000000000000001,1.0,1.0,plan-c,1.0,1.0,0.0,0.0,1.0,4.826168777140095,0.3358052999974461,0.0,2.072019138122691e-05
non-private-reference,oracle,non-private,diagnostic,5,93c520cd7e498c8db2c59c43bfe745e28e8103590125d2671272306cbecb1e2f,,1,6,1.0,0.5,0.5,0.5,0.5,0.5,0.5045,0.9,0.9000000000000002,0.8999999999999999,0.9000000000000001,0.9000000000000001,,,non-private,0.0,1.0,0.0,0.0,0.0,inf,0.0642751999985193,0.000572693058351,0.000572693058351
naive-claimed-c,this-work,unsafe-diagnostic,diagnostic,5,93c520cd7e498c8db2c59c43bfe745e28e8103590125d2671272306cbecb1e2f,,1,6,1.0,0.5,0.5,0.5,0.5,0.5,0.5045,0.9,0.9000000000000002,0.8999999999999999,0.9000000000000001,0.9000000000000001,,2.0,unsafe-diagnostic,1.0,1.0,0.2497507477567298,0.7502492522432702,0.8705054715997915,3.8438980729207057,0.0615458999964175,0.0001557581535636,0.0001596321833077
stable-local-fallback,this-work,user-certified,primary,6,93c520cd7e498c8db2c59c43bfe745e28e8103590125d2671272306cbecb1e2f,0.0,1,6,1.0,0.5,0.5,0.5,0.5,0.5,0.509,0.9,0.9000000000000002,0.8999999999999999,0.9000000000000001,0.9000000000000001,1.0,1.0,plan-c,1.0,1.0,0.0,1.0,1.0,1.5526474585445664,0.0542646999965654,0.0002764342704375,0.0002654893496959
handle-only-drop-residual,this-work,user-certified,primary,6,93c520cd7e498c8db2c59c43bfe745e28e8103590125d2671272306cbecb1e2f,1.0,1,6,1.0,0.5,0.5,0.5,0.5,0.5,0.509,0.9,0.9000000000000002,0.8999999999999999,0.9000000000000001,0.9000000000000001,1.0,1.0,plan-c,1.0,0.25,0.25,0.0,0.509,3.625534546392307,0.0752924999978859,0.0002513143717141,0.0002569462881247
unitscope-equal,this-work,user-certified,primary,6,93c520cd7e498c8db2c59c43bfe745e28e8103590125d2671272306cbecb1e2f,0.1428571428571428,1,6,1.0,0.5,0.5,0.5,0.5,0.5,0.509,0.9,0.9000000000000002,0.8999999999999999,0.9000000000000001,0.9000000000000001,1.0,1.0,plan-c,1.0,1.0,0.25,0.75,1.0,1.6961919863690738,0.0616460999881383,0.000259979909716,0.0002518944451511
unitscope-tuned,this-work,user-certified,primary,6,93c520cd7e498c8db2c59c43bfe745e28e8103590125d2671272306cbecb1e2f,1.0,1,6,1.0,0.5,0.5,0.5,0.5,0.5,0.509,0.9,0.9000000000000002,0.8999999999999999,0.9000000000000001,0.9000000000000001,1.0,1.0,plan-c,1.0,0.25,0.25,0.0,0.509,3.625534546392307,0.0593567000032635,0.0002513143717141,0.0002569462881247
naive-recalibrated-2c,this-work,user-certified,primary,6,93c520cd7e498c8db2c59c43bfe745e28e8103590125d2671272306cbecb1e2f,,1,6,1.0,0.5,0.5,0.5,0.5,0.5,0.509,0.9,0.9000000000000002,0.8999999999999999,0.9000000000000001,0.9000000000000001,2.0,2.0,plan-delta,2.0,1.0,0.25,0.75,0.872368079022615,2.3551272227886604,0.0609656000015093,0.0001524146946778,0.0001986760324573
full-identity-reference,oracle,oracle-assumption,full-identity-reference,6,93c520cd7e498c8db2c59c43bfe745e28e8103590125d2671272306cbecb1e2f,,1,6,1.0,0.5,0.5,0.5,0.5,0.5,0.509,0.9,0.9000000000000002,0.8999999999999999,0.9000000000000001,0.9000000000000001,1.0,1.0,plan-c,1.0,1.0,0.0,0.0,1.0,6.082823823993251,0.3490613000030862,0.0,1.2850918528840267e-05
non-private-reference,oracle,non-private,diagnostic,6,93c520cd7e498c8db2c59c43bfe745e28e8103590125d2671272306cbecb1e2f,,1,6,1.0,0.5,0.5,0.5,0.5,0.5,0.509,0.9,0.9000000000000002,0.8999999999999999,0.9000000000000001,0.9000000000000001,,,non-private,0.0,1.0,0.0,0.0,0.0,inf,0.0506898000021465,0.000425208953788,0.000425208953788
naive-claimed-c,this-work,unsafe-diagnostic,diagnostic,6,93c520cd7e498c8db2c59c43bfe745e28e8103590125d2671272306cbecb1e2f,,1,6,1.0,0.5,0.5,0.5,0.5,0.5,0.509,0.9,0.9000000000000002,0.8999999999999999,0.9000000000000001,0.9000000000000001,,2.0,unsafe-diagnostic,1.0,1.0,0.25,0.75,0.872368079022615,4.710254445577321,0.0882793999917339,0.0001524146946778,0.0001626944450387
stable-local-fallback,this-work,user-certified,primary,7,93c520cd7e498c8db2c59c43bfe745e28e8103590125d2671272306cbecb1e2f,0.0,1,6,1.0,0.5,0.5,0.5,0.5,0.5,0.486,0.9,0.9000000000000001,0.8999999999999999,0.9000000000000001,0.9000000000000001,1.0,1.0,plan-c,1.0,1.0,0.0,1.0,1.0,1.6217706082656804,0.0504624000022886,0.0003004810480975,0.0003096469588843
handle-only-drop-residual,this-work,user-certified,primary,7,93c520cd7e498c8db2c59c43bfe745e28e8103590125d2671272306cbecb1e2f,1.0,1,6,1.0,0.5,0.5,0.5,0.5,0.5,0.486,0.9,0.9000000000000001,0.8999999999999999,0.9000000000000001,0.9000000000000001,1.0,1.0,plan-c,1.0,0.2489905787348587,0.2489905787348587,0.0,0.48,3.484743747757068,0.0578650999959791,0.0003142112124495,0.0003081973318468
unitscope-equal,this-work,user-certified,primary,7,93c520cd7e498c8db2c59c43bfe745e28e8103590125d2671272306cbecb1e2f,0.1428571428571428,1,6,1.0,0.5,0.5,0.5,0.5,0.5,0.486,0.9,0.9000000000000001,0.8999999999999999,0.9000000000000001,0.9000000000000001,1.0,1.0,plan-c,1.0,1.0,0.2489905787348587,0.7510094212651414,1.0,1.7765882407062537,0.0621155000117141,0.0002849993049911,0.000295304418535
unitscope-tuned,this-work,user-certified,primary,7,93c520cd7e498c8db2c59c43bfe745e28e8103590125d2671272306cbecb1e2f,1.0,1,6,1.0,0.5,0.5,0.5,0.5,0.5,0.486,0.9,0.9000000000000001,0.8999999999999999,0.9000000000000001,0.9000000000000001,1.0,1.0,plan-c,1.0,0.2489905787348587,0.2489905787348587,0.0,0.48,3.484743747757068,0.0835857000056421,0.0003142112124495,0.0003081973318468
naive-recalibrated-2c,this-work,user-certified,primary,7,93c520cd7e498c8db2c59c43bfe745e28e8103590125d2671272306cbecb1e2f,,1,6,1.0,0.5,0.5,0.5,0.5,0.5,0.486,0.9,0.9000000000000001,0.8999999999999999,0.9000000000000001,0.9000000000000001,2.0,2.0,plan-delta,2.0,1.0,0.2489905787348587,0.7510094212651414,0.8636244426960399,2.316234697383832,0.0615707999968435,0.000186864499544,0.0002033134893754
full-identity-reference,oracle,oracle-assumption,full-identity-reference,7,93c520cd7e498c8db2c59c43bfe745e28e8103590125d2671272306cbecb1e2f,,1,6,1.0,0.5,0.5,0.5,0.5,0.5,0.486,0.9,0.9000000000000001,0.8999999999999999,0.9000000000000001,0.9000000000000001,1.0,1.0,plan-c,1.0,1.0,0.0,0.0,1.0,6.0869389314239735,0.335112399989157,0.0,1.4522739286817303e-05
non-private-reference,oracle,non-private,diagnostic,7,93c520cd7e498c8db2c59c43bfe745e28e8103590125d2671272306cbecb1e2f,,1,6,1.0,0.5,0.5,0.5,0.5,0.5,0.486,0.9,0.9000000000000001,0.8999999999999999,0.9000000000000001,0.9000000000000001,,,non-private,0.0,1.0,0.0,0.0,0.0,inf,0.046328899989021,0.0005324775362563,0.0005324775362563
naive-claimed-c,this-work,unsafe-diagnostic,diagnostic,7,93c520cd7e498c8db2c59c43bfe745e28e8103590125d2671272306cbecb1e2f,,1,6,1.0,0.5,0.5,0.5,0.5,0.5,0.486,0.9,0.9000000000000001,0.8999999999999999,0.9000000000000001,0.9000000000000001,,2.0,unsafe-diagnostic,1.0,1.0,0.2489905787348587,0.7510094212651414,0.8636244426960399,4.632469394767663,0.0592748999915784,0.000186864499544,0.0001805662551729
stable-local-fallback,this-work,user-certified,primary,8,93c520cd7e498c8db2c59c43bfe745e28e8103590125d2671272306cbecb1e2f,0.0,1,6,1.0,0.5,0.5,0.5,0.5,0.5,0.4875,0.9,0.9000000000000002,0.8999999999999999,0.9000000000000001,0.9000000000000001,1.0,1.0,plan-c,1.0,1.0,0.0,1.0,1.0,1.5902531034978746,0.0495244000048842,0.0003738761043974,0.0004348904159839
handle-only-drop-residual,this-work,user-certified,primary,8,93c520cd7e498c8db2c59c43bfe745e28e8103590125d2671272306cbecb1e2f,1.0,1,6,1.0,0.5,0.5,0.5,0.5,0.5,0.4875,0.9,0.9000000000000002,0.8999999999999999,0.9000000000000001,0.9000000000000001,1.0,1.0,plan-c,1.0,0.2510924369747899,0.2510924369747899,0.0,0.494,3.350592484677647,0.05690890000551,0.0003468869438065,0.0003993076679904
unitscope-equal,this-work,user-certified,primary,8,93c520cd7e498c8db2c59c43bfe745e28e8103590125d2671272306cbecb1e2f,0.1428571428571428,1,6,1.0,0.5,0.5,0.5,0.5,0.5,0.4875,0.9,0.9000000000000002,0.8999999999999999,0.9000000000000001,0.9000000000000001,1.0,1.0,plan-c,1.0,1.0,0.2510924369747899,0.7489075630252101,1.0,1.6787677162670989,0.0592327000049408,0.0003634567845465,0.0004236143520851
unitscope-tuned,this-work,user-certified,primary,8,93c520cd7e498c8db2c59c43bfe745e28e8103590125d2671272306cbecb1e2f,1.0,1,6,1.0,0.5,0.5,0.5,0.5,0.5,0.4875,0.9,0.9000000000000002,0.8999999999999999,0.9000000000000001,0.9000000000000001,1.0,1.0,plan-c,1.0,0.2510924369747899,0.2510924369747899,0.0,0.494,3.350592484677647,0.0601446999935433,0.0003468869438065,0.0003993076679904
naive-recalibrated-2c,this-work,user-certified,primary,8,93c520cd7e498c8db2c59c43bfe745e28e8103590125d2671272306cbecb1e2f,,1,6,1.0,0.5,0.5,0.5,0.5,0.5,0.4875,0.9,0.9000000000000002,0.8999999999999999,0.9000000000000001,0.9000000000000001,2.0,2.0,plan-delta,2.0,1.0,0.2510924369747899,0.7489075630252101,0.8680917622523462,2.230639591545609,0.0899566000007325,0.0001890864791955,0.0002991058341548
full-identity-reference,oracle,oracle-assumption,full-identity-reference,8,93c520cd7e498c8db2c59c43bfe745e28e8103590125d2671272306cbecb1e2f,,1,6,1.0,0.5,0.5,0.5,0.5,0.5,0.4875,0.9,0.9000000000000002,0.8999999999999999,0.9000000000000001,0.9000000000000001,1.0,1.0,plan-c,1.0,1.0,0.0,0.0,1.0,6.126735441491054,0.3377032999997027,0.0,1.7675969185463058e-05
non-private-reference,oracle,non-private,diagnostic,8,93c520cd7e498c8db2c59c43bfe745e28e8103590125d2671272306cbecb1e2f,,1,6,1.0,0.5,0.5,0.5,0.5,0.5,0.4875,0.9,0.9000000000000002,0.8999999999999999,0.9000000000000001,0.9000000000000001,,,non-private,0.0,1.0,0.0,0.0,0.0,inf,0.0456192999990889,0.000573648364657,0.000573648364657
naive-claimed-c,this-work,unsafe-diagnostic,diagnostic,8,93c520cd7e498c8db2c59c43bfe745e28e8103590125d2671272306cbecb1e2f,,1,6,1.0,0.5,0.5,0.5,0.5,0.5,0.4875,0.9,0.9000000000000002,0.8999999999999999,0.9000000000000001,0.9000000000000001,,2.0,unsafe-diagnostic,1.0,1.0,0.2510924369747899,0.7489075630252101,0.8680917622523462,4.461279183091218,0.0603648000105749,0.0001890864791955,0.0002264201874897
stable-local-fallback,this-work,user-certified,primary,9,93c520cd7e498c8db2c59c43bfe745e28e8103590125d2671272306cbecb1e2f,0.0,1,6,1.0,0.5,0.5,0.5,0.5,0.5,0.506,0.9,0.9000000000000001,0.8999999999999999,0.9000000000000001,0.9000000000000001,1.0,1.0,plan-c,1.0,1.0,0.0,1.0,1.0,1.5673502560312456,0.0495239000010769,0.0003061030105336,0.0003300501477169
handle-only-drop-residual,this-work,user-certified,primary,9,93c520cd7e498c8db2c59c43bfe745e28e8103590125d2671272306cbecb1e2f,1.0,1,6,1.0,0.5,0.5,0.5,0.5,0.5,0.506,0.9,0.9000000000000001,0.8999999999999999,0.9000000000000001,0.9000000000000001,1.0,1.0,plan-c,1.0,0.2481739707835325,0.2481739707835325,0.0,0.495,3.2352741377016296,0.0583676000096602,0.0002846103188056,0.0002972558057033
unitscope-equal,this-work,user-certified,primary,9,93c520cd7e498c8db2c59c43bfe745e28e8103590125d2671272306cbecb1e2f,0.1428571428571428,1,6,1.0,0.5,0.5,0.5,0.5,0.5,0.506,0.9,0.9000000000000001,0.8999999999999999,0.9000000000000001,0.9000000000000001,1.0,1.0,plan-c,1.0,1.0,0.2481739707835325,0.7518260292164675,1.0,1.6640097816052188,0.0588633000006666,0.0002924268638016,0.0003176942531913
unitscope-tuned,this-work,user-certified,primary,9,93c520cd7e498c8db2c59c43bfe745e28e8103590125d2671272306cbecb1e2f,1.0,1,6,1.0,0.5,0.5,0.5,0.5,0.5,0.506,0.9,0.9000000000000001,0.8999999999999999,0.9000000000000001,0.9000000000000001,1.0,1.0,plan-c,1.0,0.2481739707835325,0.2481739707835325,0.0,0.495,3.2352741377016296,0.0565220999997109,0.0002846103188056,0.0002972558057033
naive-recalibrated-2c,this-work,user-certified,primary,9,93c520cd7e498c8db2c59c43bfe745e28e8103590125d2671272306cbecb1e2f,,1,6,1.0,0.5,0.5,0.5,0.5,0.5,0.506,0.9,0.9000000000000001,0.8999999999999999,0.9000000000000001,0.9000000000000001,2.0,2.0,plan-delta,2.0,1.0,0.2481739707835325,0.7518260292164675,0.8690012970168612,2.138696727332347,0.0611444999958621,0.0001587667679598,0.0002118627117222
full-identity-reference,oracle,oracle-assumption,full-identity-reference,9,93c520cd7e498c8db2c59c43bfe745e28e8103590125d2671272306cbecb1e2f,,1,6,1.0,0.5,0.5,0.5,0.5,0.5,0.506,0.9,0.9000000000000001,0.8999999999999999,0.9000000000000001,0.9000000000000001,1.0,1.0,plan-c,1.0,1.0,0.0,0.0,1.0,6.282173535578494,0.3763655000075232,0.0,1.322733564205228e-05
non-private-reference,oracle,non-private,diagnostic,9,93c520cd7e498c8db2c59c43bfe745e28e8103590125d2671272306cbecb1e2f,,1,6,1.0,0.5,0.5,0.5,0.5,0.5,0.506,0.9,0.9000000000000001,0.8999999999999999,0.9000000000000001,0.9000000000000001,,,non-private,0.0,1.0,0.0,0.0,0.0,inf,0.0493193000002065,0.0004179163027731,0.0004179163027731
naive-claimed-c,this-work,unsafe-diagnostic,diagnostic,9,93c520cd7e498c8db2c59c43bfe745e28e8103590125d2671272306cbecb1e2f,,1,6,1.0,0.5,0.5,0.5,0.5,0.5,0.506,0.9,0.9000000000000001,0.8999999999999999,0.9000000000000001,0.9000000000000001,,2.0,unsafe-diagnostic,1.0,1.0,0.2481739707835325,0.7518260292164675,0.8690012970168612,4.277393454664694,0.0633852000028127,0.0001587667679598,0.0001720874041989
stable-local-fallback,this-work,user-certified,primary,0,c9666d92f54946afd0d7939364a7c039fd43c592f9b82d70e359b08e301f2cf4,0.0,1,6,1.0,0.5,0.5,0.5,0.5,0.5,0.499,-0.5,-0.5,-0.5000000000000001,-0.5,-0.4999999999999999,1.0,1.0,plan-c,1.0,1.0,0.0,1.0,1.0,0.8620311208677749,0.0510030000004917,0.0003701619753889,0.0003827195543725
handle-only-drop-residual,this-work,user-certified,primary,0,c9666d92f54946afd0d7939364a7c039fd43c592f9b82d70e359b08e301f2cf4,1.0,1,6,1.0,0.5,0.5,0.5,0.5,0.5,0.499,-0.5,-0.5,-0.5000000000000001,-0.5,-0.4999999999999999,1.0,1.0,plan-c,1.0,0.2483322214809873,0.2483322214809873,0.0,0.157,2.4426268849515327,0.0595570000004954,0.0003328960943309,0.0003531042715587
unitscope-equal,this-work,user-certified,primary,0,c9666d92f54946afd0d7939364a7c039fd43c592f9b82d70e359b08e301f2cf4,0.1428571428571428,1,6,1.0,0.5,0.5,0.5,0.5,0.5,0.499,-0.5,-0.5,-0.5000000000000001,-0.5,-0.4999999999999999,1.0,1.0,plan-c,1.0,1.0,0.2483322214809873,0.7516677785190127,1.0,1.1820250501227707,0.062470699995174,0.0003233032115211,0.0003368738305697
unitscope-tuned,this-work,user-certified,primary,0,c9666d92f54946afd0d7939364a7c039fd43c592f9b82d70e359b08e301f2cf4,0.0,1,6,1.0,0.5,0.5,0.5,0.5,0.5,0.499,-0.5,-0.5,-0.5000000000000001,-0.5,-0.4999999999999999,1.0,1.0,plan-c,1.0,1.0,0.0,1.0,1.0,0.8620311208677749,0.0540832999977283,0.0003701619753889,0.0003827195543725
naive-recalibrated-2c,this-work,user-certified,primary,0,c9666d92f54946afd0d7939364a7c039fd43c592f9b82d70e359b08e301f2cf4,,1,6,1.0,0.5,0.5,0.5,0.5,0.5,0.499,-0.5,-0.5,-0.5000000000000001,-0.5,-0.4999999999999999,2.0,2.0,plan-delta,2.0,1.0,0.2483322214809873,0.7516677785190127,0.7805259047123145,1.4904803539050375,0.0806669000012334,0.0002068725131255,0.0002887582529844
full-identity-reference,oracle,oracle-assumption,full-identity-reference,0,c9666d92f54946afd0d7939364a7c039fd43c592f9b82d70e359b08e301f2cf4,,1,6,1.0,0.5,0.5,0.5,0.5,0.5,0.499,-0.5,-0.5,-0.5000000000000001,-0.5,-0.4999999999999999,1.0,1.0,plan-c,1.0,1.0,0.0,0.0,1.0,5.17218672520665,0.3511496000137413,0.0,1.992534756221455e-05
non-private-reference,oracle,non-private,diagnostic,0,c9666d92f54946afd0d7939364a7c039fd43c592f9b82d70e359b08e301f2cf4,,1,6,1.0,0.5,0.5,0.5,0.5,0.5,0.499,-0.5,-0.5,-0.5000000000000001,-0.5,-0.4999999999999999,,,non-private,0.0,1.0,0.0,0.0,0.0,inf,0.0484969999961322,2.132132978240088e-05,2.132132978240088e-05
naive-claimed-c,this-work,unsafe-diagnostic,diagnostic,0,c9666d92f54946afd0d7939364a7c039fd43c592f9b82d70e359b08e301f2cf4,,1,6,1.0,0.5,0.5,0.5,0.5,0.5,0.499,-0.5,-0.5,-0.5000000000000001,-0.5,-0.4999999999999999,,2.0,unsafe-diagnostic,1.0,1.0,0.2483322214809873,0.7516677785190127,0.7805259047123145,2.980960707810075,0.0613866000057896,0.0002068725131255,0.0002278900354927
stable-local-fallback,this-work,user-certified,primary,1,c9666d92f54946afd0d7939364a7c039fd43c592f9b82d70e359b08e301f2cf4,0.0,1,6,1.0,0.5,0.5,0.5,0.5,0.5,0.4995,-0.5,-0.5,-0.5000000000000001,-0.5,-0.4999999999999999,1.0,1.0,plan-c,1.0,1.0,0.0,1.0,1.0,1.0094106923751132,0.0680068000074243,0.0003715432657781,0.0004067170732188
handle-only-drop-residual,this-work,user-certified,primary,1,c9666d92f54946afd0d7939364a7c039fd43c592f9b82d70e359b08e301f2cf4,1.0,1,6,1.0,0.5,0.5,0.5,0.5,0.5,0.4995,-0.5,-0.5,-0.5000000000000001,-0.5,-0.4999999999999999,1.0,1.0,plan-c,1.0,0.2504168056018673,0.2504168056018673,0.0,0.178,2.920760763382077,0.0604435999994166,0.0002955712704122,0.0003312715003326
unitscope-equal,this-work,user-certified,primary,1,c9666d92f54946afd0d7939364a7c039fd43c592f9b82d70e359b08e301f2cf4,0.1428571428571428,1,6,1.0,0.5,0.5,0.5,0.5,0.5,0.4995,-0.5,-0.5,-0.5000000000000001,-0.5,-0.4999999999999999,1.0,1.0,plan-c,1.0,1.0,0.2504168056018673,0.7495831943981327,1.0,1.2688573862020591,0.0625462000025436,0.000344805362426,0.0003800030699024
unitscope-tuned,this-work,user-certified,primary,1,c9666d92f54946afd0d7939364a7c039fd43c592f9b82d70e359b08e301f2cf4,0.0,1,6,1.0,0.5,0.5,0.5,0.5,0.5,0.4995,-0.5,-0.5,-0.5000000000000001,-0.5,-0.4999999999999999,1.0,1.0,plan-c,1.0,1.0,0.0,1.0,1.0,1.0094106923751132,0.0536911000090185,0.0003715432657781,0.0004067170732188
naive-recalibrated-2c,this-work,user-certified,primary,1,c9666d92f54946afd0d7939364a7c039fd43c592f9b82d70e359b08e301f2cf4,,1,6,1.0,0.5,0.5,0.5,0.5,0.5,0.4995,-0.5,-0.5,-0.5000000000000001,-0.5,-0.4999999999999999,2.0,2.0,plan-delta,2.0,1.0,0.2504168056018673,0.7495831943981327,0.7848730698769956,1.7633463107409184,0.0640426999889314,0.0001922746881649,0.0002850188098561
full-identity-reference,oracle,oracle-assumption,full-identity-reference,1,c9666d92f54946afd0d7939364a7c039fd43c592f9b82d70e359b08e301f2cf4,,1,6,1.0,0.5,0.5,0.5,0.5,0.5,0.4995,-0.5,-0.5,-0.5000000000000001,-0.5,-0.4999999999999999,1.0,1.0,plan-c,1.0,1.0,0.0,0.0,1.0,6.056464154250676,0.3474751000030665,0.0,1.458591182783476e-05
non-private-reference,oracle,non-private,diagnostic,1,c9666d92f54946afd0d7939364a7c039fd43c592f9b82d70e359b08e301f2cf4,,1,6,1.0,0.5,0.5,0.5,0.5,0.5,0.4995,-0.5,-0.5,-0.5000000000000001,-0.5,-0.4999999999999999,,,non-private,0.0,1.0,0.0,0.0,0.0,inf,0.0623960999946575,2.1400892108823e-05,2.1400892108823e-05
naive-claimed-c,this-work,unsafe-diagnostic,diagnostic,1,c9666d92f54946afd0d7939364a7c039fd43c592f9b82d70e359b08e301f2cf4,,1,6,1.0,0.5,0.5,0.5,0.5,0.5,0.4995,-0.5,-0.5,-0.5000000000000001,-0.5,-0.4999999999999999,,2.0,unsafe-diagnostic,1.0,1.0,0.2504168056018673,0.7495831943981327,0.7848730698769956,3.526692621481837,0.0616957999882288,0.0001922746881649,0.0002240608371826
stable-local-fallback,this-work,user-certified,primary,2,c9666d92f54946afd0d7939364a7c039fd43c592f9b82d70e359b08e301f2cf4,0.0,1,6,1.0,0.5,0.5,0.5,0.5,0.5,0.484,-0.5,-0.5,-0.5000000000000001,-0.5,-0.4999999999999999,1.0,1.0,plan-c,1.0,1.0,0.0,1.0,1.0,0.924537833984859,0.0517061999998986,0.0003407320534019,0.0003796357662149
handle-only-drop-residual,this-work,user-certified,primary,2,c9666d92f54946afd0d7939364a7c039fd43c592f9b82d70e359b08e301f2cf4,1.0,1,6,1.0,0.5,0.5,0.5,0.5,0.5,0.484,-0.5,-0.5,-0.5000000000000001,-0.5,-0.4999999999999999,1.0,1.0,plan-c,1.0,0.2498315363881401,0.2498315363881401,0.0,0.165,2.5697227086212497,0.0613995999883627,0.0003292658537663,0.0003752571760662
unitscope-equal,this-work,user-certified,primary,2,c9666d92f54946afd0d7939364a7c039fd43c592f9b82d70e359b08e301f2cf4,0.1428571428571428,1,6,1.0,0.5,0.5,0.5,0.5,0.5,0.484,-0.5,-0.5,-0.5000000000000001,-0.5,-0.4999999999999999,1.0,1.0,plan-c,1.0,1.0,0.2498315363881401,0.7501684636118598,1.0,1.155641627542502,0.0784117000002879,0.000318140434548,0.0003587514804072
unitscope-tuned,this-work,user-certified,primary,2,c9666d92f54946afd0d7939364a7c039fd43c592f9b82d70e359b08e301f2cf4,0.0,1,6,1.0,0.5,0.5,0.5,0.5,0.5,0.484,-0.5,-0.5,-0.5000000000000001,-0.5,-0.4999999999999999,1.0,1.0,plan-c,1.0,1.0,0.0,1.0,1.0,0.924537833984859,0.0541980999987572,0.0003407320534019,0.0003796357662149
naive-recalibrated-2c,this-work,user-certified,primary,2,c9666d92f54946afd0d7939364a7c039fd43c592f9b82d70e359b08e301f2cf4,,1,6,1.0,0.5,0.5,0.5,0.5,0.5,0.484,-0.5,-0.5,-0.5000000000000001,-0.5,-0.4999999999999999,2.0,2.0,plan-delta,2.0,1.0,0.2498315363881401,0.7501684636118598,0.7804364975019721,1.5347550561038683,0.0613341999996919,0.0002175657778564,0.0003328948194595
full-identity-reference,oracle,oracle-assumption,full-identity-reference,2,c9666d92f54946afd0d7939364a7c039fd43c592f9b82d70e359b08e301f2cf4,,1,6,1.0,0.5,0.5,0.5,0.5,0.5,0.484,-0.5,-0.5,-0.5000000000000001,-0.5,-0.4999999999999999,1.0,1.0,plan-c,1.0,1.0,0.0,0.0,1.0,5.547227003909157,0.3434551999962423,0.0,1.5944966299623313e-05
non-private-reference,oracle,non-private,diagnostic,2,c9666d92f54946afd0d7939364a7c039fd43c592f9b82d70e359b08e301f2cf4,,1,6,1.0,0.5,0.5,0.5,0.5,0.5,0.484,-0.5,-0.5,-0.5000000000000001,-0.5,-0.4999999999999999,,,non-private,0.0,1.0,0.0,0.0,0.0,inf,0.0494370000087656,1.9626166275950645e-05,1.9626166275950645e-05
naive-claimed-c,this-work,unsafe-diagnostic,diagnostic,2,c9666d92f54946afd0d7939364a7c039fd43c592f9b82d70e359b08e301f2cf4,,1,6,1.0,0.5,0.5,0.5,0.5,0.5,0.484,-0.5,-0.5,-0.5000000000000001,-0.5,-0.4999999999999999,,2.0,unsafe-diagnostic,1.0,1.0,0.2498315363881401,0.7501684636118598,0.7804364975019721,3.069510112207737,0.0792447999992873,0.0002175657778564,0.0002592853323583
stable-local-fallback,this-work,user-certified,primary,3,c9666d92f54946afd0d7939364a7c039fd43c592f9b82d70e359b08e301f2cf4,0.0,1,6,1.0,0.5,0.5,0.5,0.5,0.5,0.508,-0.5,-0.5,-0.5000000000000001,-0.5,-0.4999999999999999,1.0,1.0,plan-c,1.0,1.0,0.0,1.0,1.0,0.9721511344442122,0.0521459000010509,0.000337770708775,0.0003339809490044
handle-only-drop-residual,this-work,user-certified,primary,3,c9666d92f54946afd0d7939364a7c039fd43c592f9b82d70e359b08e301f2cf4,1.0,1,6,1.0,0.5,0.5,0.5,0.5,0.5,0.508,-0.5,-0.5,-0.5000000000000001,-0.5,-0.4999999999999999,1.0,1.0,plan-c,1.0,0.248342175066313,0.248342175066313,0.0,0.171,2.806541618774093,0.059930000003078,0.0002740085606061,0.0002761670271088
unitscope-equal,this-work,user-certified,primary,3,c9666d92f54946afd0d7939364a7c039fd43c592f9b82d70e359b08e301f2cf4,0.1428571428571428,1,6,1.0,0.5,0.5,0.5,0.5,0.5,0.508,-0.5,-0.5,-0.5000000000000001,-0.5,-0.4999999999999999,1.0,1.0,plan-c,1.0,1.0,0.248342175066313,0.751657824933687,1.0,1.2475846711238383,0.0634715000051073,0.0003117955079325,0.0003097591425759
unitscope-tuned,this-work,user-certified,primary,3,c9666d92f54946afd0d7939364a7c039fd43c592f9b82d70e359b08e301f2cf4,0.0,1,6,1.0,0.5,0.5,0.5,0.5,0.5,0.508,-0.5,-0.5,-0.5000000000000001,-0.5,-0.4999999999999999,1.0,1.0,plan-c,1.0,1.0,0.0,1.0,1.0,0.9721511344442122,0.0704240000050049,0.000337770708775,0.0003339809490044
naive-recalibrated-2c,this-work,user-certified,primary,3,c9666d92f54946afd0d7939364a7c039fd43c592f9b82d70e359b08e301f2cf4,,1,6,1.0,0.5,0.5,0.5,0.5,0.5,0.508,-0.5,-0.5,-0.5000000000000001,-0.5,-0.4999999999999999,2.0,2.0,plan-delta,2.0,1.0,0.248342175066313,0.751657824933687,0.7843953185955787,1.699214497034234,0.0629134000046178,0.0001780331513148,0.0002181661006393
full-identity-reference,oracle,oracle-assumption,full-identity-reference,3,c9666d92f54946afd0d7939364a7c039fd43c592f9b82d70e359b08e301f2cf4,,1,6,1.0,0.5,0.5,0.5,0.5,0.5,0.508,-0.5,-0.5,-0.5000000000000001,-0.5,-0.4999999999999999,1.0,1.0,plan-c,1.0,1.0,0.0,0.0,1.0,5.832906806665271,0.3436397000041324,0.0,1.4295995470253785e-05
non-private-reference,oracle,non-private,diagnostic,3,c9666d92f54946afd0d7939364a7c039fd43c592f9b82d70e359b08e301f2cf4,,1,6,1.0,0.5,0.5,0.5,0.5,0.5,0.508,-0.5,-0.5,-0.5000000000000001,-0.5,-0.4999999999999999,,,non-private,0.0,1.0,0.0,0.0,0.0,inf,0.0471658000024035,1.9455592825441785e-05,1.9455592825441785e-05
naive-claimed-c,this-work,unsafe-diagnostic,diagnostic,3,c9666d92f54946afd0d7939364a7c039fd43c592f9b82d70e359b08e301f2cf4,,1,6,1.0,0.5,0.5,0.5,0.5,0.5,0.508,-0.5,-0.5,-0.5000000000000001,-0.5,-0.4999999999999999,,2.0,unsafe-diagnostic,1.0,1.0,0.248342175066313,0.751657824933687,0.7843953185955787,3.398428994068468,0.0628913000109605,0.0001780331513148,0.0001838036305068
stable-local-fallback,this-work,user-certified,primary,4,c9666d92f54946afd0d7939364a7c039fd43c592f9b82d70e359b08e301f2cf4,0.0,1,6,1.0,0.5,0.5,0.5,0.5,0.5,0.502,-0.5,-0.5,-0.5000000000000001,-0.5,-0.4999999999999999,1.0,1.0,plan-c,1.0,1.0,0.0,1.0,1.0,0.8860031641641676,0.0516600999981164,0.0003078870442332,0.0003091212278666
handle-only-drop-residual,this-work,user-certified,primary,4,c9666d92f54946afd0d7939364a7c039fd43c592f9b82d70e359b08e301f2cf4,1.0,1,6,1.0,0.5,0.5,0.5,0.5,0.5,0.502,-0.5,-0.5,-0.5000000000000001,-0.5,-0.4999999999999999,1.0,1.0,plan-c,1.0,0.2470039946737683,0.2470039946737683,0.0,0.158,2.7720857318362926,0.0606503000017255,0.0002945235466352,0.0003128611159028
unitscope-equal,this-work,user-certified,primary,4,c9666d92f54946afd0d7939364a7c039fd43c592f9b82d70e359b08e301f2cf4,0.1428571428571428,1,6,1.0,0.5,0.5,0.5,0.5,0.5,0.502,-0.5,-0.5,-0.5000000000000001,-0.5,-0.4999999999999999,1.0,1.0,plan-c,1.0,1.0,0.2470039946737683,0.7529960053262317,1.0,1.1253838959809148,0.0625049000082071,0.0002854526652864,0.0002906923384264
unitscope-tuned,this-work,user-certified,primary,4,c9666d92f54946afd0d7939364a7c039fd43c592f9b82d70e359b08e301f2cf4,0.0,1,6,1.0,0.5,0.5,0.5,0.5,0.5,0.502,-0.5,-0.5,-0.5000000000000001,-0.5,-0.4999999999999999,1.0,1.0,plan-c,1.0,1.0,0.0,1.0,1.0,0.8860031641641676,0.0535278000024845,0.0003078870442332,0.0003091212278666
naive-recalibrated-2c,this-work,user-certified,primary,4,c9666d92f54946afd0d7939364a7c039fd43c592f9b82d70e359b08e301f2cf4,,1,6,1.0,0.5,0.5,0.5,0.5,0.5,0.502,-0.5,-0.5,-0.5000000000000001,-0.5,-0.4999999999999999,2.0,2.0,plan-delta,2.0,1.0,0.2470039946737683,0.7529960053262317,0.781071242849714,1.5972425037093,0.0844121999980416,0.0001954052917772,0.000268760216993
full-identity-reference,oracle,oracle-assumption,full-identity-reference,4,c9666d92f54946afd0d7939364a7c039fd43c592f9b82d70e359b08e301f2cf4,,1,6,1.0,0.5,0.5,0.5,0.5,0.5,0.502,-0.5,-0.5,-0.5000000000000001,-0.5,-0.4999999999999999,1.0,1.0,plan-c,1.0,1.0,0.0,0.0,1.0,5.316018984985005,0.3462153000000398,0.0,1.5688479693467358e-05
non-private-reference,oracle,non-private,diagnostic,4,c9666d92f54946afd0d7939364a7c039fd43c592f9b82d70e359b08e301f2cf4,,1,6,1.0,0.5,0.5,0.5,0.5,0.5,0.502,-0.5,-0.5,-0.5000000000000001,-0.5,-0.4999999999999999,,,non-private,0.0,1.0,0.0,0.0,0.0,inf,0.0476535000052535,1.7734293747834803e-05,1.7734293747834803e-05
naive-claimed-c,this-work,unsafe-diagnostic,diagnostic,4,c9666d92f54946afd0d7939364a7c039fd43c592f9b82d70e359b08e301f2cf4,,1,6,1.0,0.5,0.5,0.5,0.5,0.5,0.502,-0.5,-0.5,-0.5000000000000001,-0.5,-0.4999999999999999,,2.0,unsafe-diagnostic,1.0,1.0,0.2470039946737683,0.7529960053262317,0.781071242849714,3.1944850074186,0.0622590999992098,0.0001954052917772,0.0002163942746916
stable-local-fallback,this-work,user-certified,primary,5,c9666d92f54946afd0d7939364a7c039fd43c592f9b82d70e359b08e301f2cf4,0.0,1,6,1.0,0.5,0.5,0.5,0.5,0.5,0.5045,-0.5,-0.5,-0.5000000000000001,-0.5,-0.4999999999999999,1.0,1.0,plan-c,1.0,1.0,0.0,1.0,1.0,0.8260393813678033,0.0660557000082917,0.0003534559335392,0.0003275059370719
handle-only-drop-residual,this-work,user-certified,primary,5,c9666d92f54946afd0d7939364a7c039fd43c592f9b82d70e359b08e301f2cf4,1.0,1,6,1.0,0.5,0.5,0.5,0.5,0.5,0.5045,-0.5,-0.5,-0.5000000000000001,-0.5,-0.4999999999999999,1.0,1.0,plan-c,1.0,0.2497507477567298,0.2497507477567298,0.0,0.171,2.468581982073106,0.0596534000069368,0.0002693193428255,0.0002417278449881
unitscope-equal,this-work,user-certified,primary,5,c9666d92f54946afd0d7939364a7c039fd43c592f9b82d70e359b08e301f2cf4,0.1428571428571428,1,6,1.0,0.5,0.5,0.5,0.5,0.5,0.5045,-0.5,-0.5,-0.5000000000000001,-0.5,-0.4999999999999999,1.0,1.0,plan-c,1.0,1.0,0.2497507477567298,0.7502492522432702,1.0,1.1149614873773162,0.0643283999961568,0.0003163099924453,0.0002899263059994
unitscope-tuned,this-work,user-certified,primary,5,c9666d92f54946afd0d7939364a7c039fd43c592f9b82d70e359b08e301f2cf4,0.0,1,6,1.0,0.5,0.5,0.5,0.5,0.5,0.5045,-0.5,-0.5,-0.5000000000000001,-0.5,-0.4999999999999999,1.0,1.0,plan-c,1.0,1.0,0.0,1.0,1.0,0.8260393813678033,0.0560574999981327,0.0003534559335392,0.0003275059370719
naive-recalibrated-2c,this-work,user-certified,primary,5,c9666d92f54946afd0d7939364a7c039fd43c592f9b82d70e359b08e301f2cf4,,1,6,1.0,0.5,0.5,0.5,0.5,0.5,0.5045,-0.5,-0.5,-0.5000000000000001,-0.5,-0.4999999999999999,2.0,2.0,plan-delta,2.0,1.0,0.2497507477567298,0.7502492522432702,0.7840020844189682,1.5054748560484847,0.072277600003872,0.0001711246552552,0.000174745580293
full-identity-reference,oracle,oracle-assumption,full-identity-reference,5,c9666d92f54946afd0d7939364a7c039fd43c592f9b82d70e359b08e301f2cf4,,1,6,1.0,0.5,0.5,0.5,0.5,0.5,0.5045,-0.5,-0.5,-0.5000000000000001,-0.5,-0.4999999999999999,1.0,1.0,plan-c,1.0,1.0,0.0,0.0,1.0,4.956236288206816,0.3562220000021625,0.0,2.0720191381226908e-05
non-private-reference,oracle,non-private,diagnostic,5,c9666d92f54946afd0d7939364a7c039fd43c592f9b82d70e359b08e301f2cf4,,1,6,1.0,0.5,0.5,0.5,0.5,0.5,0.5045,-0.5,-0.5,-0.5000000000000001,-0.5,-0.4999999999999999,,,non-private,0.0,1.0,0.0,0.0,0.0,inf,0.0622167000110494,2.03590617718608e-05,2.03590617718608e-05
naive-claimed-c,this-work,unsafe-diagnostic,diagnostic,5,c9666d92f54946afd0d7939364a7c039fd43c592f9b82d70e359b08e301f2cf4,,1,6,1.0,0.5,0.5,0.5,0.5,0.5,0.5045,-0.5,-0.5,-0.5000000000000001,-0.5,-0.4999999999999999,,2.0,unsafe-diagnostic,1.0,1.0,0.2497507477567298,0.7502492522432702,0.7840020844189682,3.010949712096969,0.0618042999994941,0.0001711246552552,0.0001522149263929
stable-local-fallback,this-work,user-certified,primary,6,c9666d92f54946afd0d7939364a7c039fd43c592f9b82d70e359b08e301f2cf4,0.0,1,6,1.0,0.5,0.5,0.5,0.5,0.5,0.509,-0.5,-0.5,-0.5000000000000001,-0.5,-0.4999999999999999,1.0,1.0,plan-c,1.0,1.0,0.0,1.0,1.0,1.0338327275544192,0.0536368000030051,0.0003433797906984,0.0003283724511094
handle-only-drop-residual,this-work,user-certified,primary,6,c9666d92f54946afd0d7939364a7c039fd43c592f9b82d70e359b08e301f2cf4,1.0,1,6,1.0,0.5,0.5,0.5,0.5,0.5,0.509,-0.5,-0.5,-0.5000000000000001,-0.5,-0.4999999999999999,1.0,1.0,plan-c,1.0,0.25,0.25,0.0,0.171,2.6468355309429423,0.085788100011996,0.0003502774922162,0.0003472991558035
unitscope-equal,this-work,user-certified,primary,6,c9666d92f54946afd0d7939364a7c039fd43c592f9b82d70e359b08e301f2cf4,0.1428571428571428,1,6,1.0,0.5,0.5,0.5,0.5,0.5,0.509,-0.5,-0.5,-0.5000000000000001,-0.5,-0.4999999999999999,1.0,1.0,plan-c,1.0,1.0,0.25,0.75,1.0,1.234125294141487,0.0614124999992782,0.000327925615178,0.0003144673121435
unitscope-tuned,this-work,user-certified,primary,6,c9666d92f54946afd0d7939364a7c039fd43c592f9b82d70e359b08e301f2cf4,0.0,1,6,1.0,0.5,0.5,0.5,0.5,0.5,0.509,-0.5,-0.5,-0.5000000000000001,-0.5,-0.4999999999999999,1.0,1.0,plan-c,1.0,1.0,0.0,1.0,1.0,1.0338327275544192,0.0543440000037662,0.0003433797906984,0.0003283724511094
naive-recalibrated-2c,this-work,user-certified,primary,6,c9666d92f54946afd0d7939364a7c039fd43c592f9b82d70e359b08e301f2cf4,,1,6,1.0,0.5,0.5,0.5,0.5,0.5,0.509,-0.5,-0.5,-0.5000000000000001,-0.5,-0.4999999999999999,2.0,2.0,plan-delta,2.0,1.0,0.25,0.75,0.7845074083701585,1.5898454490091882,0.0620983999979216,0.0002330035131466,0.0002613080771938
full-identity-reference,oracle,oracle-assumption,full-identity-reference,6,c9666d92f54946afd0d7939364a7c039fd43c592f9b82d70e359b08e301f2cf4,,1,6,1.0,0.5,0.5,0.5,0.5,0.5,0.509,-0.5,-0.5,-0.5000000000000001,-0.5,-0.4999999999999999,1.0,1.0,plan-c,1.0,1.0,0.0,0.0,1.0,6.202996365326513,0.3471000999998068,0.0,1.2850918528840267e-05
non-private-reference,oracle,non-private,diagnostic,6,c9666d92f54946afd0d7939364a7c039fd43c592f9b82d70e359b08e301f2cf4,,1,6,1.0,0.5,0.5,0.5,0.5,0.5,0.509,-0.5,-0.5,-0.5000000000000001,-0.5,-0.4999999999999999,,,non-private,0.0,1.0,0.0,0.0,0.0,inf,0.0475405999895883,1.977867594423192e-05,1.977867594423192e-05
naive-claimed-c,this-work,unsafe-diagnostic,diagnostic,6,c9666d92f54946afd0d7939364a7c039fd43c592f9b82d70e359b08e301f2cf4,,1,6,1.0,0.5,0.5,0.5,0.5,0.5,0.509,-0.5,-0.5,-0.5000000000000001,-0.5,-0.4999999999999999,,2.0,unsafe-diagnostic,1.0,1.0,0.25,0.75,0.7845074083701585,3.1796908980183765,0.0792493000044487,0.0002330035131466,0.0002343048766414
stable-local-fallback,this-work,user-certified,primary,7,c9666d92f54946afd0d7939364a7c039fd43c592f9b82d70e359b08e301f2cf4,0.0,1,6,1.0,0.5,0.5,0.5,0.5,0.5,0.486,-0.5,-0.5,-0.5000000000000001,-0.5,-0.4999999999999999,1.0,1.0,plan-c,1.0,1.0,0.0,1.0,1.0,0.9061581174813064,0.0501681000023381,0.0002981237120507,0.0003010926955748
handle-only-drop-residual,this-work,user-certified,primary,7,c9666d92f54946afd0d7939364a7c039fd43c592f9b82d70e359b08e301f2cf4,1.0,1,6,1.0,0.5,0.5,0.5,0.5,0.5,0.486,-0.5,-0.5,-0.5000000000000001,-0.5,-0.4999999999999999,1.0,1.0,plan-c,1.0,0.2489905787348587,0.2489905787348587,0.0,0.159,2.712025164932587,0.0588877999980468,0.0002846223146714,0.0002767963702141
unitscope-equal,this-work,user-certified,primary,7,c9666d92f54946afd0d7939364a7c039fd43c592f9b82d70e359b08e301f2cf4,0.1428571428571428,1,6,1.0,0.5,0.5,0.5,0.5,0.5,0.486,-0.5,-0.5,-0.5000000000000001,-0.5,-0.4999999999999999,1.0,1.0,plan-c,1.0,1.0,0.2489905787348587,0.7510094212651414,1.0,1.1719269678974065,0.0787261999939801,0.0002731998062954,0.000276208712123
unitscope-tuned,this-work,user-certified,primary,7,c9666d92f54946afd0d7939364a7c039fd43c592f9b82d70e359b08e301f2cf4,0.0,1,6,1.0,0.5,0.5,0.5,0.5,0.5,0.486,-0.5,-0.5,-0.5000000000000001,-0.5,-0.4999999999999999,1.0,1.0,plan-c,1.0,1.0,0.0,1.0,1.0,0.9061581174813064,0.0539720000087982,0.0002981237120507,0.0003010926955748
naive-recalibrated-2c,this-work,user-certified,primary,7,c9666d92f54946afd0d7939364a7c039fd43c592f9b82d70e359b08e301f2cf4,,1,6,1.0,0.5,0.5,0.5,0.5,0.5,0.486,-0.5,-0.5,-0.5000000000000001,-0.5,-0.4999999999999999,2.0,2.0,plan-delta,2.0,1.0,0.2489905787348587,0.7510094212651414,0.7794387621295568,1.593273850604433,0.0619453999970573,0.0001867162452744,0.0002080774376368
full-identity-reference,oracle,oracle-assumption,full-identity-reference,7,c9666d92f54946afd0d7939364a7c039fd43c592f9b82d70e359b08e301f2cf4,,1,6,1.0,0.5,0.5,0.5,0.5,0.5,0.486,-0.5,-0.5,-0.5000000000000001,-0.5,-0.4999999999999999,1.0,1.0,plan-c,1.0,1.0,0.0,0.0,1.0,5.436948704887834,0.3496159999922383,0.0,1.4522739286817303e-05
non-private-reference,oracle,non-private,diagnostic,7,c9666d92f54946afd0d7939364a7c039fd43c592f9b82d70e359b08e301f2cf4,,1,6,1.0,0.5,0.5,0.5,0.5,0.5,0.486,-0.5,-0.5,-0.5000000000000001,-0.5,-0.4999999999999999,,,non-private,0.0,1.0,0.0,0.0,0.0,inf,0.0495155999960843,1.717192581412382e-05,1.717192581412382e-05
naive-claimed-c,this-work,unsafe-diagnostic,diagnostic,7,c9666d92f54946afd0d7939364a7c039fd43c592f9b82d70e359b08e301f2cf4,,1,6,1.0,0.5,0.5,0.5,0.5,0.5,0.486,-0.5,-0.5,-0.5000000000000001,-0.5,-0.4999999999999999,,2.0,unsafe-diagnostic,1.0,1.0,0.2489905787348587,0.7510094212651414,0.7794387621295568,3.186547701208866,0.0624344000098062,0.0001867162452744,0.0001828741021688
stable-local-fallback,this-work,user-certified,primary,8,c9666d92f54946afd0d7939364a7c039fd43c592f9b82d70e359b08e301f2cf4,0.0,1,6,1.0,0.5,0.5,0.5,0.5,0.5,0.4875,-0.5,-0.5,-0.5000000000000002,-0.5,-0.4999999999999999,1.0,1.0,plan-c,1.0,1.0,0.0,1.0,1.0,0.9666389029998956,0.0516798000026028,0.000412906560909,0.0004798067866037
handle-only-drop-residual,this-work,user-certified,primary,8,c9666d92f54946afd0d7939364a7c039fd43c592f9b82d70e359b08e301f2cf4,1.0,1,6,1.0,0.5,0.5,0.5,0.5,0.5,0.4875,-0.5,-0.5,-0.5000000000000002,-0.5,-0.4999999999999999,1.0,1.0,plan-c,1.0,0.2510924369747899,0.2510924369747899,0.0,0.139,2.46583830296524,0.0594047000049613,0.0004526764766732,0.0005061645341803
unitscope-equal,this-work,user-certified,primary,8,c9666d92f54946afd0d7939364a7c039fd43c592f9b82d70e359b08e301f2cf4,0.1428571428571428,1,6,1.0,0.5,0.5,0.5,0.5,0.5,0.4875,-0.5,-0.5,-0.5000000000000002,-0.5,-0.4999999999999999,1.0,1.0,plan-c,1.0,1.0,0.2510924369747899,0.7489075630252101,1.0,1.187715388684544,0.064796100006788,0.0003905245573619,0.0004545979440533
unitscope-tuned,this-work,user-certified,primary,8,c9666d92f54946afd0d7939364a7c039fd43c592f9b82d70e359b08e301f2cf4,0.0,1,6,1.0,0.5,0.5,0.5,0.5,0.5,0.4875,-0.5,-0.5,-0.5000000000000002,-0.5,-0.4999999999999999,1.0,1.0,plan-c,1.0,1.0,0.0,1.0,1.0,0.9666389029998956,0.0758941999956732,0.000412906560909,0.0004798067866037
naive-recalibrated-2c,this-work,user-certified,primary,8,c9666d92f54946afd0d7939364a7c039fd43c592f9b82d70e359b08e301f2cf4,,1,6,1.0,0.5,0.5,0.5,0.5,0.5,0.4875,-0.5,-0.5,-0.5000000000000002,-0.5,-0.4999999999999999,2.0,2.0,plan-delta,2.0,1.0,0.2510924369747899,0.7489075630252101,0.7755474452554745,1.487579505661654,0.0871572000032756,0.0003036494176189,0.0004281135633652
full-identity-reference,oracle,oracle-assumption,full-identity-reference,8,c9666d92f54946afd0d7939364a7c039fd43c592f9b82d70e359b08e301f2cf4,,1,6,1.0,0.5,0.5,0.5,0.5,0.5,0.4875,-0.5,-0.5,-0.5000000000000002,-0.5,-0.4999999999999999,1.0,1.0,plan-c,1.0,1.0,0.0,0.0,1.0,5.799833417999374,0.3511220000073081,0.0,1.7675969185463054e-05
non-private-reference,oracle,non-private,diagnostic,8,c9666d92f54946afd0d7939364a7c039fd43c592f9b82d70e359b08e301f2cf4,,1,6,1.0,0.5,0.5,0.5,0.5,0.5,0.4875,-0.5,-0.5,-0.5000000000000002,-0.5,-0.4999999999999999,,,non-private,0.0,1.0,0.0,0.0,0.0,inf,0.0485551000019768,2.378341790836332e-05,2.378341790836332e-05
naive-claimed-c,this-work,unsafe-diagnostic,diagnostic,8,c9666d92f54946afd0d7939364a7c039fd43c592f9b82d70e359b08e301f2cf4,,1,6,1.0,0.5,0.5,0.5,0.5,0.5,0.4875,-0.5,-0.5,-0.5000000000000002,-0.5,-0.4999999999999999,,2.0,unsafe-diagnostic,1.0,1.0,0.2510924369747899,0.7489075630252101,0.7755474452554745,2.975159011323308,0.0606040999991819,0.0003036494176189,0.0003482055213066
stable-local-fallback,this-work,user-certified,primary,9,c9666d92f54946afd0d7939364a7c039fd43c592f9b82d70e359b08e301f2cf4,0.0,1,6,1.0,0.5,0.5,0.5,0.5,0.5,0.506,-0.5,-0.5,-0.5000000000000001,-0.5,-0.4999999999999999,1.0,1.0,plan-c,1.0,1.0,0.0,1.0,1.0,1.1041049309861684,0.0516944999981205,0.0004031188268355,0.0004381946849385
handle-only-drop-residual,this-work,user-certified,primary,9,c9666d92f54946afd0d7939364a7c039fd43c592f9b82d70e359b08e301f2cf4,1.0,1,6,1.0,0.5,0.5,0.5,0.5,0.5,0.506,-0.5,-0.5,-0.5000000000000001,-0.5,-0.4999999999999999,1.0,1.0,plan-c,1.0,0.2481739707835325,0.2481739707835325,0.0,0.157,3.1403902441819667,0.0596334000001661,0.0003573844790617,0.0003819460502898
unitscope-equal,this-work,user-certified,primary,9,c9666d92f54946afd0d7939364a7c039fd43c592f9b82d70e359b08e301f2cf4,0.1428571428571428,1,6,1.0,0.5,0.5,0.5,0.5,0.5,0.506,-0.5,-0.5,-0.5000000000000001,-0.5,-0.4999999999999999,1.0,1.0,plan-c,1.0,1.0,0.2481739707835325,0.7518260292164675,1.0,1.3771000703050444,0.0628393999941181,0.0003735688290703,0.0004087153182391
unitscope-tuned,this-work,user-certified,primary,9,c9666d92f54946afd0d7939364a7c039fd43c592f9b82d70e359b08e301f2cf4,0.0,1,6,1.0,0.5,0.5,0.5,0.5,0.5,0.506,-0.5,-0.5,-0.5000000000000001,-0.5,-0.4999999999999999,1.0,1.0,plan-c,1.0,1.0,0.0,1.0,1.0,1.1041049309861684,0.0550394000019878,0.0004031188268355,0.0004381946849385
naive-recalibrated-2c,this-work,user-certified,primary,9,c9666d92f54946afd0d7939364a7c039fd43c592f9b82d70e359b08e301f2cf4,,1,6,1.0,0.5,0.5,0.5,0.5,0.5,0.506,-0.5,-0.5,-0.5000000000000001,-0.5,-0.4999999999999999,2.0,2.0,plan-delta,2.0,1.0,0.2481739707835325,0.7518260292164675,0.7813229571984436,1.8788121937740865,0.0848256000026594,0.0002328247792278,0.0003038494570331
full-identity-reference,oracle,oracle-assumption,full-identity-reference,9,c9666d92f54946afd0d7939364a7c039fd43c592f9b82d70e359b08e301f2cf4,,1,6,1.0,0.5,0.5,0.5,0.5,0.5,0.506,-0.5,-0.5,-0.5000000000000001,-0.5,-0.4999999999999999,1.0,1.0,plan-c,1.0,1.0,0.0,0.0,1.0,6.624629585917011,0.3897075000131735,0.0,1.3227335642052286e-05
non-private-reference,oracle,non-private,diagnostic,9,c9666d92f54946afd0d7939364a7c039fd43c592f9b82d70e359b08e301f2cf4,,1,6,1.0,0.5,0.5,0.5,0.5,0.5,0.506,-0.5,-0.5,-0.5000000000000001,-0.5,-0.4999999999999999,,,non-private,0.0,1.0,0.0,0.0,0.0,inf,0.0485281000001123,2.3219644425730063e-05,2.3219644425730063e-05
naive-claimed-c,this-work,unsafe-diagnostic,diagnostic,9,c9666d92f54946afd0d7939364a7c039fd43c592f9b82d70e359b08e301f2cf4,,1,6,1.0,0.5,0.5,0.5,0.5,0.5,0.506,-0.5,-0.5,-0.5000000000000001,-0.5,-0.4999999999999999,,2.0,unsafe-diagnostic,1.0,1.0,0.2481739707835325,0.7518260292164675,0.7813229571984436,3.757624387548173,0.0618241000047419,0.0002328247792278,0.0002551097824884
stable-local-fallback,this-work,user-certified,primary,0,16249f415d40cf804bb7ddd691a33bc7a05494b811a88a7245b6a31e930f95c8,0.0,1,6,1.0,0.5,0.5,0.5,0.5,0.5,0.499,-0.5,-0.5,-0.5000000000000001,-0.5,-0.4999999999999999,1.0,1.0,plan-c,1.0,1.0,0.0,1.0,1.0,0.8620311208677749,0.0661145000049145,0.0003701619753889,0.0003827195543725
handle-only-drop-residual,this-work,user-certified,primary,0,16249f415d40cf804bb7ddd691a33bc7a05494b811a88a7245b6a31e930f95c8,1.0,1,6,1.0,0.5,0.5,0.5,0.5,0.5,0.499,-0.5,-0.5,-0.5000000000000001,-0.5,-0.4999999999999999,1.0,1.0,plan-c,1.0,0.2483322214809873,0.2483322214809873,0.0,0.157,2.4426268849515327,0.0614399000041885,0.0003328960943309,0.0003531042715587
unitscope-equal,this-work,user-certified,primary,0,16249f415d40cf804bb7ddd691a33bc7a05494b811a88a7245b6a31e930f95c8,0.1428571428571428,1,6,1.0,0.5,0.5,0.5,0.5,0.5,0.499,-0.5,-0.5,-0.5000000000000001,-0.5,-0.4999999999999999,1.0,1.0,plan-c,1.0,1.0,0.2483322214809873,0.7516677785190127,1.0,1.1820250501227707,0.0632842000050004,0.0003233032115211,0.0003368738305697
unitscope-tuned,this-work,user-certified,primary,0,16249f415d40cf804bb7ddd691a33bc7a05494b811a88a7245b6a31e930f95c8,0.25,1,6,1.0,0.5,0.5,0.5,0.5,0.5,0.499,-0.5,-0.5,-0.5000000000000001,-0.5,-0.4999999999999999,1.0,1.0,plan-c,1.0,1.0,0.2483322214809873,0.7516677785190127,1.0,1.4425365156884795,0.0644452000124147,0.0002968994148768,0.0003117279704063
naive-recalibrated-2c,this-work,user-certified,primary,0,16249f415d40cf804bb7ddd691a33bc7a05494b811a88a7245b6a31e930f95c8,,1,6,1.0,0.5,0.5,0.5,0.5,0.5,0.499,-0.5,-0.5,-0.5000000000000001,-0.5,-0.4999999999999999,2.0,2.0,plan-delta,2.0,1.0,0.2483322214809873,0.7516677785190127,0.7805259047123145,1.4904803539050375,0.0631766000005882,0.0002068725131255,0.0002887582529844
full-identity-reference,oracle,oracle-assumption,full-identity-reference,0,16249f415d40cf804bb7ddd691a33bc7a05494b811a88a7245b6a31e930f95c8,,1,6,1.0,0.5,0.5,0.5,0.5,0.5,0.499,-0.5,-0.5,-0.5000000000000001,-0.5,-0.4999999999999999,1.0,1.0,plan-c,1.0,1.0,0.0,0.0,1.0,5.17218672520665,0.3464500999980373,0.0,1.992534756221455e-05
non-private-reference,oracle,non-private,diagnostic,0,16249f415d40cf804bb7ddd691a33bc7a05494b811a88a7245b6a31e930f95c8,,1,6,1.0,0.5,0.5,0.5,0.5,0.5,0.499,-0.5,-0.5,-0.5000000000000001,-0.5,-0.4999999999999999,,,non-private,0.0,1.0,0.0,0.0,0.0,inf,0.0636981999996351,2.132132978240088e-05,2.132132978240088e-05
naive-claimed-c,this-work,unsafe-diagnostic,diagnostic,0,16249f415d40cf804bb7ddd691a33bc7a05494b811a88a7245b6a31e930f95c8,,1,6,1.0,0.5,0.5,0.5,0.5,0.5,0.499,-0.5,-0.5,-0.5000000000000001,-0.5,-0.4999999999999999,,2.0,unsafe-diagnostic,1.0,1.0,0.2483322214809873,0.7516677785190127,0.7805259047123145,2.980960707810075,0.0647984999959589,0.0002068725131255,0.0002278900354927
stable-local-fallback,this-work,user-certified,primary,1,16249f415d40cf804bb7ddd691a33bc7a05494b811a88a7245b6a31e930f95c8,0.0,1,6,1.0,0.5,0.5,0.5,0.5,0.5,0.4995,-0.5,-0.5,-0.5000000000000001,-0.5,-0.4999999999999999,1.0,1.0,plan-c,1.0,1.0,0.0,1.0,1.0,1.0094106923751132,0.0528744000039296,0.0003715432657781,0.0004067170732188
handle-only-drop-residual,this-work,user-certified,primary,1,16249f415d40cf804bb7ddd691a33bc7a05494b811a88a7245b6a31e930f95c8,1.0,1,6,1.0,0.5,0.5,0.5,0.5,0.5,0.4995,-0.5,-0.5,-0.5000000000000001,-0.5,-0.4999999999999999,1.0,1.0,plan-c,1.0,0.2504168056018673,0.2504168056018673,0.0,0.178,2.920760763382077,0.093134300012025,0.0002955712704122,0.0003312715003326
unitscope-equal,this-work,user-certified,primary,1,16249f415d40cf804bb7ddd691a33bc7a05494b811a88a7245b6a31e930f95c8,0.1428571428571428,1,6,1.0,0.5,0.5,0.5,0.5,0.5,0.4995,-0.5,-0.5,-0.5000000000000001,-0.5,-0.4999999999999999,1.0,1.0,plan-c,1.0,1.0,0.2504168056018673,0.7495831943981327,1.0,1.2688573862020591,0.0727251999924192,0.000344805362426,0.0003800030699024
unitscope-tuned,this-work,user-certified,primary,1,16249f415d40cf804bb7ddd691a33bc7a05494b811a88a7245b6a31e930f95c8,0.25,1,6,1.0,0.5,0.5,0.5,0.5,0.5,0.4995,-0.5,-0.5,-0.5000000000000001,-0.5,-0.4999999999999999,1.0,1.0,plan-c,1.0,1.0,0.2504168056018673,0.7495831943981327,1.0,1.582492246380702,0.0647797999990871,0.0003177838201085,0.0003528468289468
naive-recalibrated-2c,this-work,user-certified,primary,1,16249f415d40cf804bb7ddd691a33bc7a05494b811a88a7245b6a31e930f95c8,,1,6,1.0,0.5,0.5,0.5,0.5,0.5,0.4995,-0.5,-0.5,-0.5000000000000001,-0.5,-0.4999999999999999,2.0,2.0,plan-delta,2.0,1.0,0.2504168056018673,0.7495831943981327,0.7848730698769956,1.7633463107409184,0.064272500007064,0.0001922746881649,0.0002850188098561
full-identity-reference,oracle,oracle-assumption,full-identity-reference,1,16249f415d40cf804bb7ddd691a33bc7a05494b811a88a7245b6a31e930f95c8,,1,6,1.0,0.5,0.5,0.5,0.5,0.5,0.4995,-0.5,-0.5,-0.5000000000000001,-0.5,-0.4999999999999999,1.0,1.0,plan-c,1.0,1.0,0.0,0.0,1.0,6.056464154250676,0.3558874000009382,0.0,1.458591182783476e-05
non-private-reference,oracle,non-private,diagnostic,1,16249f415d40cf804bb7ddd691a33bc7a05494b811a88a7245b6a31e930f95c8,,1,6,1.0,0.5,0.5,0.5,0.5,0.5,0.4995,-0.5,-0.5,-0.5000000000000001,-0.5,-0.4999999999999999,,,non-private,0.0,1.0,0.0,0.0,0.0,inf,0.0483589000068604,2.1400892108823e-05,2.1400892108823e-05
naive-claimed-c,this-work,unsafe-diagnostic,diagnostic,1,16249f415d40cf804bb7ddd691a33bc7a05494b811a88a7245b6a31e930f95c8,,1,6,1.0,0.5,0.5,0.5,0.5,0.5,0.4995,-0.5,-0.5,-0.5000000000000001,-0.5,-0.4999999999999999,,2.0,unsafe-diagnostic,1.0,1.0,0.2504168056018673,0.7495831943981327,0.7848730698769956,3.526692621481837,0.0772831000067526,0.0001922746881649,0.0002240608371826
stable-local-fallback,this-work,user-certified,primary,2,16249f415d40cf804bb7ddd691a33bc7a05494b811a88a7245b6a31e930f95c8,0.0,1,6,1.0,0.5,0.5,0.5,0.5,0.5,0.484,-0.5,-0.5,-0.5000000000000001,-0.5,-0.4999999999999999,1.0,1.0,plan-c,1.0,1.0,0.0,1.0,1.0,0.924537833984859,0.0518546999956015,0.0003407320534019,0.0003796357662149
handle-only-drop-residual,this-work,user-certified,primary,2,16249f415d40cf804bb7ddd691a33bc7a05494b811a88a7245b6a31e930f95c8,1.0,1,6,1.0,0.5,0.5,0.5,0.5,0.5,0.484,-0.5,-0.5,-0.5000000000000001,-0.5,-0.4999999999999999,1.0,1.0,plan-c,1.0,0.2498315363881401,0.2498315363881401,0.0,0.165,2.5697227086212497,0.0603283000091323,0.0003292658537663,0.0003752571760662
unitscope-equal,this-work,user-certified,primary,2,16249f415d40cf804bb7ddd691a33bc7a05494b811a88a7245b6a31e930f95c8,0.1428571428571428,1,6,1.0,0.5,0.5,0.5,0.5,0.5,0.484,-0.5,-0.5,-0.5000000000000001,-0.5,-0.4999999999999999,1.0,1.0,plan-c,1.0,1.0,0.2498315363881401,0.7501684636118598,1.0,1.155641627542502,0.0766512999980477,0.000318140434548,0.0003587514804072
unitscope-tuned,this-work,user-certified,primary,2,16249f415d40cf804bb7ddd691a33bc7a05494b811a88a7245b6a31e930f95c8,0.25,1,6,1.0,0.5,0.5,0.5,0.5,0.5,0.484,-0.5,-0.5,-0.5000000000000001,-0.5,-0.4999999999999999,1.0,1.0,plan-c,1.0,1.0,0.2498315363881401,0.7501684636118598,1.0,1.4156956910493923,0.0629734999965876,0.0003009260988908,0.0003425776584061
naive-recalibrated-2c,this-work,user-certified,primary,2,16249f415d40cf804bb7ddd691a33bc7a05494b811a88a7245b6a31e930f95c8,,1,6,1.0,0.5,0.5,0.5,0.5,0.5,0.484,-0.5,-0.5,-0.5000000000000001,-0.5,-0.4999999999999999,2.0,2.0,plan-delta,2.0,1.0,0.2498315363881401,0.7501684636118598,0.7804364975019721,1.5347550561038683,0.064496599996346,0.0002175657778564,0.0003328948194595
full-identity-reference,oracle,oracle-assumption,full-identity-reference,2,16249f415d40cf804bb7ddd691a33bc7a05494b811a88a7245b6a31e930f95c8,,1,6,1.0,0.5,0.5,0.5,0.5,0.5,0.484,-0.5,-0.5,-0.5000000000000001,-0.5,-0.4999999999999999,1.0,1.0,plan-c,1.0,1.0,0.0,0.0,1.0,5.547227003909157,0.3473028000007616,0.0,1.5944966299623313e-05
non-private-reference,oracle,non-private,diagnostic,2,16249f415d40cf804bb7ddd691a33bc7a05494b811a88a7245b6a31e930f95c8,,1,6,1.0,0.5,0.5,0.5,0.5,0.5,0.484,-0.5,-0.5,-0.5000000000000001,-0.5,-0.4999999999999999,,,non-private,0.0,1.0,0.0,0.0,0.0,inf,0.0473778000014135,1.9626166275950645e-05,1.9626166275950645e-05
naive-claimed-c,this-work,unsafe-diagnostic,diagnostic,2,16249f415d40cf804bb7ddd691a33bc7a05494b811a88a7245b6a31e930f95c8,,1,6,1.0,0.5,0.5,0.5,0.5,0.5,0.484,-0.5,-0.5,-0.5000000000000001,-0.5,-0.4999999999999999,,2.0,unsafe-diagnostic,1.0,1.0,0.2498315363881401,0.7501684636118598,0.7804364975019721,3.069510112207737,0.0654161999991629,0.0002175657778564,0.0002592853323583
stable-local-fallback,this-work,user-certified,primary,3,16249f415d40cf804bb7ddd691a33bc7a05494b811a88a7245b6a31e930f95c8,0.0,1,6,1.0,0.5,0.5,0.5,0.5,0.5,0.508,-0.5,-0.5,-0.5000000000000001,-0.5,-0.4999999999999999,1.0,1.0,plan-c,1.0,1.0,0.0,1.0,1.0,0.9721511344442122,0.0534077000047545,0.000337770708775,0.0003339809490044
handle-only-drop-residual,this-work,user-certified,primary,3,16249f415d40cf804bb7ddd691a33bc7a05494b811a88a7245b6a31e930f95c8,1.0,1,6,1.0,0.5,0.5,0.5,0.5,0.5,0.508,-0.5,-0.5,-0.5000000000000001,-0.5,-0.4999999999999999,1.0,1.0,plan-c,1.0,0.248342175066313,0.248342175066313,0.0,0.171,2.806541618774093,0.0599916000064695,0.0002740085606061,0.0002761670271088
unitscope-equal,this-work,user-certified,primary,3,16249f415d40cf804bb7ddd691a33bc7a05494b811a88a7245b6a31e930f95c8,0.1428571428571428,1,6,1.0,0.5,0.5,0.5,0.5,0.5,0.508,-0.5,-0.5,-0.5000000000000001,-0.5,-0.4999999999999999,1.0,1.0,plan-c,1.0,1.0,0.248342175066313,0.751657824933687,1.0,1.2475846711238383,0.0619215000042459,0.0003117955079325,0.0003097591425759
unitscope-tuned,this-work,user-certified,primary,3,16249f415d40cf804bb7ddd691a33bc7a05494b811a88a7245b6a31e930f95c8,0.25,1,6,1.0,0.5,0.5,0.5,0.5,0.5,0.508,-0.5,-0.5,-0.5000000000000001,-0.5,-0.4999999999999999,1.0,1.0,plan-c,1.0,1.0,0.248342175066313,0.751657824933687,1.0,1.5537422012691748,0.0795005000109085,0.0002877818871745,0.0002870644213976
naive-recalibrated-2c,this-work,user-certified,primary,3,16249f415d40cf804bb7ddd691a33bc7a05494b811a88a7245b6a31e930f95c8,,1,6,1.0,0.5,0.5,0.5,0.5,0.5,0.508,-0.5,-0.5,-0.5000000000000001,-0.5,-0.4999999999999999,2.0,2.0,plan-delta,2.0,1.0,0.248342175066313,0.751657824933687,0.7843953185955787,1.699214497034234,0.0626215999945998,0.0001780331513148,0.0002181661006393
full-identity-reference,oracle,oracle-assumption,full-identity-reference,3,16249f415d40cf804bb7ddd691a33bc7a05494b811a88a7245b6a31e930f95c8,,1,6,1.0,0.5,0.5,0.5,0.5,0.5,0.508,-0.5,-0.5,-0.5000000000000001,-0.5,-0.4999999999999999,1.0,1.0,plan-c,1.0,1.0,0.0,0.0,1.0,5.832906806665271,0.3462220000074012,0.0,1.4295995470253785e-05
non-private-reference,oracle,non-private,diagnostic,3,16249f415d40cf804bb7ddd691a33bc7a05494b811a88a7245b6a31e930f95c8,,1,6,1.0,0.5,0.5,0.5,0.5,0.5,0.508,-0.5,-0.5,-0.5000000000000001,-0.5,-0.4999999999999999,,,non-private,0.0,1.0,0.0,0.0,0.0,inf,0.04823889999534,1.9455592825441785e-05,1.9455592825441785e-05
naive-claimed-c,this-work,unsafe-diagnostic,diagnostic,3,16249f415d40cf804bb7ddd691a33bc7a05494b811a88a7245b6a31e930f95c8,,1,6,1.0,0.5,0.5,0.5,0.5,0.5,0.508,-0.5,-0.5,-0.5000000000000001,-0.5,-0.4999999999999999,,2.0,unsafe-diagnostic,1.0,1.0,0.248342175066313,0.751657824933687,0.7843953185955787,3.398428994068468,0.0611311999964527,0.0001780331513148,0.0001838036305068
stable-local-fallback,this-work,user-certified,primary,4,16249f415d40cf804bb7ddd691a33bc7a05494b811a88a7245b6a31e930f95c8,0.0,1,6,1.0,0.5,0.5,0.5,0.5,0.5,0.502,-0.5,-0.5,-0.5000000000000001,-0.5,-0.4999999999999999,1.0,1.0,plan-c,1.0,1.0,0.0,1.0,1.0,0.8860031641641676,0.0514835999929346,0.0003078870442332,0.0003091212278666
handle-only-drop-residual,this-work,user-certified,primary,4,16249f415d40cf804bb7ddd691a33bc7a05494b811a88a7245b6a31e930f95c8,1.0,1,6,1.0,0.5,0.5,0.5,0.5,0.5,0.502,-0.5,-0.5,-0.5000000000000001,-0.5,-0.4999999999999999,1.0,1.0,plan-c,1.0,0.2470039946737683,0.2470039946737683,0.0,0.158,2.7720857318362926,0.0624944000010145,0.0002945235466352,0.0003128611159028
unitscope-equal,this-work,user-certified,primary,4,16249f415d40cf804bb7ddd691a33bc7a05494b811a88a7245b6a31e930f95c8,0.1428571428571428,1,6,1.0,0.5,0.5,0.5,0.5,0.5,0.502,-0.5,-0.5,-0.5000000000000001,-0.5,-0.4999999999999999,1.0,1.0,plan-c,1.0,1.0,0.2470039946737683,0.7529960053262317,1.0,1.1253838959809148,0.064534300006926,0.0002854526652864,0.0002906923384264
unitscope-tuned,this-work,user-certified,primary,4,16249f415d40cf804bb7ddd691a33bc7a05494b811a88a7245b6a31e930f95c8,0.25,1,6,1.0,0.5,0.5,0.5,0.5,0.5,0.502,-0.5,-0.5,-0.5000000000000001,-0.5,-0.4999999999999999,1.0,1.0,plan-c,1.0,1.0,0.2470039946737683,0.7529960053262317,1.0,1.4080846549057895,0.0638275000092107,0.0002673516483213,0.0002757750227651
naive-recalibrated-2c,this-work,user-certified,primary,4,16249f415d40cf804bb7ddd691a33bc7a05494b811a88a7245b6a31e930f95c8,,1,6,1.0,0.5,0.5,0.5,0.5,0.5,0.502,-0.5,-0.5,-0.5000000000000001,-0.5,-0.4999999999999999,2.0,2.0,plan-delta,2.0,1.0,0.2470039946737683,0.7529960053262317,0.781071242849714,1.5972425037093,0.0787617000023601,0.0001954052917772,0.000268760216993
full-identity-reference,oracle,oracle-assumption,full-identity-reference,4,16249f415d40cf804bb7ddd691a33bc7a05494b811a88a7245b6a31e930f95c8,,1,6,1.0,0.5,0.5,0.5,0.5,0.5,0.502,-0.5,-0.5,-0.5000000000000001,-0.5,-0.4999999999999999,1.0,1.0,plan-c,1.0,1.0,0.0,0.0,1.0,5.316018984985005,0.3662370999954873,0.0,1.5688479693467358e-05
non-private-reference,oracle,non-private,diagnostic,4,16249f415d40cf804bb7ddd691a33bc7a05494b811a88a7245b6a31e930f95c8,,1,6,1.0,0.5,0.5,0.5,0.5,0.5,0.502,-0.5,-0.5,-0.5000000000000001,-0.5,-0.4999999999999999,,,non-private,0.0,1.0,0.0,0.0,0.0,inf,0.0494670999905793,1.7734293747834803e-05,1.7734293747834803e-05
naive-claimed-c,this-work,unsafe-diagnostic,diagnostic,4,16249f415d40cf804bb7ddd691a33bc7a05494b811a88a7245b6a31e930f95c8,,1,6,1.0,0.5,0.5,0.5,0.5,0.5,0.502,-0.5,-0.5,-0.5000000000000001,-0.5,-0.4999999999999999,,2.0,unsafe-diagnostic,1.0,1.0,0.2470039946737683,0.7529960053262317,0.781071242849714,3.1944850074186,0.0621693000139202,0.0001954052917772,0.0002163942746916
stable-local-fallback,this-work,user-certified,primary,5,16249f415d40cf804bb7ddd691a33bc7a05494b811a88a7245b6a31e930f95c8,0.0,1,6,1.0,0.5,0.5,0.5,0.5,0.5,0.5045,-0.5,-0.5,-0.5000000000000001,-0.5,-0.4999999999999999,1.0,1.0,plan-c,1.0,1.0,0.0,1.0,1.0,0.8260393813678033,0.0839386000006925,0.0003534559335392,0.0003275059370719
handle-only-drop-residual,this-work,user-certified,primary,5,16249f415d40cf804bb7ddd691a33bc7a05494b811a88a7245b6a31e930f95c8,1.0,1,6,1.0,0.5,0.5,0.5,0.5,0.5,0.5045,-0.5,-0.5,-0.5000000000000001,-0.5,-0.4999999999999999,1.0,1.0,plan-c,1.0,0.2497507477567298,0.2497507477567298,0.0,0.171,2.468581982073106,0.0810749000083888,0.0002693193428255,0.0002417278449881
unitscope-equal,this-work,user-certified,primary,5,16249f415d40cf804bb7ddd691a33bc7a05494b811a88a7245b6a31e930f95c8,0.1428571428571428,1,6,1.0,0.5,0.5,0.5,0.5,0.5,0.5045,-0.5,-0.5,-0.5000000000000001,-0.5,-0.4999999999999999,1.0,1.0,plan-c,1.0,1.0,0.2497507477567298,0.7502492522432702,1.0,1.1149614873773162,0.0656350000062957,0.0003163099924453,0.0002899263059994
unitscope-tuned,this-work,user-certified,primary,5,16249f415d40cf804bb7ddd691a33bc7a05494b811a88a7245b6a31e930f95c8,0.25,1,6,1.0,0.5,0.5,0.5,0.5,0.5,0.5045,-0.5,-0.5,-0.5000000000000001,-0.5,-0.4999999999999999,1.0,1.0,plan-c,1.0,1.0,0.2497507477567298,0.7502492522432702,1.0,1.399905364406545,0.0626916000037454,0.0002871696198245,0.0002609498673407
naive-recalibrated-2c,this-work,user-certified,primary,5,16249f415d40cf804bb7ddd691a33bc7a05494b811a88a7245b6a31e930f95c8,,1,6,1.0,0.5,0.5,0.5,0.5,0.5,0.5045,-0.5,-0.5,-0.5000000000000001,-0.5,-0.4999999999999999,2.0,2.0,plan-delta,2.0,1.0,0.2497507477567298,0.7502492522432702,0.7840020844189682,1.5054748560484847,0.0633059999963734,0.0001711246552552,0.000174745580293
full-identity-reference,oracle,oracle-assumption,full-identity-reference,5,16249f415d40cf804bb7ddd691a33bc7a05494b811a88a7245b6a31e930f95c8,,1,6,1.0,0.5,0.5,0.5,0.5,0.5,0.5045,-0.5,-0.5,-0.5000000000000001,-0.5,-0.4999999999999999,1.0,1.0,plan-c,1.0,1.0,0.0,0.0,1.0,4.956236288206816,0.341562999994494,0.0,2.0720191381226908e-05
non-private-reference,oracle,non-private,diagnostic,5,16249f415d40cf804bb7ddd691a33bc7a05494b811a88a7245b6a31e930f95c8,,1,6,1.0,0.5,0.5,0.5,0.5,0.5,0.5045,-0.5,-0.5,-0.5000000000000001,-0.5,-0.4999999999999999,,,non-private,0.0,1.0,0.0,0.0,0.0,inf,0.063848500009044,2.03590617718608e-05,2.03590617718608e-05
naive-claimed-c,this-work,unsafe-diagnostic,diagnostic,5,16249f415d40cf804bb7ddd691a33bc7a05494b811a88a7245b6a31e930f95c8,,1,6,1.0,0.5,0.5,0.5,0.5,0.5,0.5045,-0.5,-0.5,-0.5000000000000001,-0.5,-0.4999999999999999,,2.0,unsafe-diagnostic,1.0,1.0,0.2497507477567298,0.7502492522432702,0.7840020844189682,3.010949712096969,0.0614583999995375,0.0001711246552552,0.0001522149263929
stable-local-fallback,this-work,user-certified,primary,6,16249f415d40cf804bb7ddd691a33bc7a05494b811a88a7245b6a31e930f95c8,0.0,1,6,1.0,0.5,0.5,0.5,0.5,0.5,0.509,-0.5,-0.5,-0.5000000000000001,-0.5,-0.4999999999999999,1.0,1.0,plan-c,1.0,1.0,0.0,1.0,1.0,1.0338327275544192,0.0531744000036269,0.0003433797906984,0.0003283724511094
handle-only-drop-residual,this-work,user-certified,primary,6,16249f415d40cf804bb7ddd691a33bc7a05494b811a88a7245b6a31e930f95c8,1.0,1,6,1.0,0.5,0.5,0.5,0.5,0.5,0.509,-0.5,-0.5,-0.5000000000000001,-0.5,-0.4999999999999999,1.0,1.0,plan-c,1.0,0.25,0.25,0.0,0.171,2.6468355309429423,0.07715029999963,0.0003502774922162,0.0003472991558035
unitscope-equal,this-work,user-certified,primary,6,16249f415d40cf804bb7ddd691a33bc7a05494b811a88a7245b6a31e930f95c8,0.1428571428571428,1,6,1.0,0.5,0.5,0.5,0.5,0.5,0.509,-0.5,-0.5,-0.5000000000000001,-0.5,-0.4999999999999999,1.0,1.0,plan-c,1.0,1.0,0.25,0.75,1.0,1.234125294141487,0.0621171000093454,0.000327925615178,0.0003144673121435
unitscope-tuned,this-work,user-certified,primary,6,16249f415d40cf804bb7ddd691a33bc7a05494b811a88a7245b6a31e930f95c8,0.25,1,6,1.0,0.5,0.5,0.5,0.5,0.5,0.509,-0.5,-0.5,-0.5000000000000001,-0.5,-0.4999999999999999,1.0,1.0,plan-c,1.0,1.0,0.25,0.75,1.0,1.4775454665759318,0.0649345999991055,0.0003147017664853,0.0003033742046538
naive-recalibrated-2c,this-work,user-certified,primary,6,16249f415d40cf804bb7ddd691a33bc7a05494b811a88a7245b6a31e930f95c8,,1,6,1.0,0.5,0.5,0.5,0.5,0.5,0.509,-0.5,-0.5,-0.5000000000000001,-0.5,-0.4999999999999999,2.0,2.0,plan-delta,2.0,1.0,0.25,0.75,0.7845074083701585,1.5898454490091882,0.0639931999903637,0.0002330035131466,0.0002613080771938
full-identity-reference,oracle,oracle-assumption,full-identity-reference,6,16249f415d40cf804bb7ddd691a33bc7a05494b811a88a7245b6a31e930f95c8,,1,6,1.0,0.5,0.5,0.5,0.5,0.5,0.509,-0.5,-0.5,-0.5000000000000001,-0.5,-0.4999999999999999,1.0,1.0,plan-c,1.0,1.0,0.0,0.0,1.0,6.202996365326513,0.3496925999934319,0.0,1.2850918528840267e-05
non-private-reference,oracle,non-private,diagnostic,6,16249f415d40cf804bb7ddd691a33bc7a05494b811a88a7245b6a31e930f95c8,,1,6,1.0,0.5,0.5,0.5,0.5,0.5,0.509,-0.5,-0.5,-0.5000000000000001,-0.5,-0.4999999999999999,,,non-private,0.0,1.0,0.0,0.0,0.0,inf,0.0483595999976387,1.977867594423192e-05,1.977867594423192e-05
naive-claimed-c,this-work,unsafe-diagnostic,diagnostic,6,16249f415d40cf804bb7ddd691a33bc7a05494b811a88a7245b6a31e930f95c8,,1,6,1.0,0.5,0.5,0.5,0.5,0.5,0.509,-0.5,-0.5,-0.5000000000000001,-0.5,-0.4999999999999999,,2.0,unsafe-diagnostic,1.0,1.0,0.25,0.75,0.7845074083701585,3.1796908980183765,0.0794877000007545,0.0002330035131466,0.0002343048766414
stable-local-fallback,this-work,user-certified,primary,7,16249f415d40cf804bb7ddd691a33bc7a05494b811a88a7245b6a31e930f95c8,0.0,1,6,1.0,0.5,0.5,0.5,0.5,0.5,0.486,-0.5,-0.5,-0.5000000000000001,-0.5,-0.4999999999999999,1.0,1.0,plan-c,1.0,1.0,0.0,1.0,1.0,0.9061581174813064,0.0506580000073881,0.0002981237120507,0.0003010926955748
handle-only-drop-residual,this-work,user-certified,primary,7,16249f415d40cf804bb7ddd691a33bc7a05494b811a88a7245b6a31e930f95c8,1.0,1,6,1.0,0.5,0.5,0.5,0.5,0.5,0.486,-0.5,-0.5,-0.5000000000000001,-0.5,-0.4999999999999999,1.0,1.0,plan-c,1.0,0.2489905787348587,0.2489905787348587,0.0,0.159,2.712025164932587,0.058360499999253,0.0002846223146714,0.0002767963702141
unitscope-equal,this-work,user-certified,primary,7,16249f415d40cf804bb7ddd691a33bc7a05494b811a88a7245b6a31e930f95c8,0.1428571428571428,1,6,1.0,0.5,0.5,0.5,0.5,0.5,0.486,-0.5,-0.5,-0.5000000000000001,-0.5,-0.4999999999999999,1.0,1.0,plan-c,1.0,1.0,0.2489905787348587,0.7510094212651414,1.0,1.1719269678974065,0.0791298999974969,0.0002731998062954,0.000276208712123
unitscope-tuned,this-work,user-certified,primary,7,16249f415d40cf804bb7ddd691a33bc7a05494b811a88a7245b6a31e930f95c8,0.25,1,6,1.0,0.5,0.5,0.5,0.5,0.5,0.486,-0.5,-0.5,-0.5000000000000001,-0.5,-0.4999999999999999,1.0,1.0,plan-c,1.0,1.0,0.2489905787348587,0.7510094212651414,1.0,1.453134613190605,0.0616109999973559,0.0002558037429352,0.000257587802841
naive-recalibrated-2c,this-work,user-certified,primary,7,16249f415d40cf804bb7ddd691a33bc7a05494b811a88a7245b6a31e930f95c8,,1,6,1.0,0.5,0.5,0.5,0.5,0.5,0.486,-0.5,-0.5,-0.5000000000000001,-0.5,-0.4999999999999999,2.0,2.0,plan-delta,2.0,1.0,0.2489905787348587,0.7510094212651414,0.7794387621295568,1.593273850604433,0.0647470999974757,0.0001867162452744,0.0002080774376368
full-identity-reference,oracle,oracle-assumption,full-identity-reference,7,16249f415d40cf804bb7ddd691a33bc7a05494b811a88a7245b6a31e930f95c8,,1,6,1.0,0.5,0.5,0.5,0.5,0.5,0.486,-0.5,-0.5,-0.5000000000000001,-0.5,-0.4999999999999999,1.0,1.0,plan-c,1.0,1.0,0.0,0.0,1.0,5.436948704887834,0.4368274000007659,0.0,1.4522739286817303e-05
non-private-reference,oracle,non-private,diagnostic,7,16249f415d40cf804bb7ddd691a33bc7a05494b811a88a7245b6a31e930f95c8,,1,6,1.0,0.5,0.5,0.5,0.5,0.5,0.486,-0.5,-0.5,-0.5000000000000001,-0.5,-0.4999999999999999,,,non-private,0.0,1.0,0.0,0.0,0.0,inf,0.048890999998548,1.717192581412382e-05,1.717192581412382e-05
naive-claimed-c,this-work,unsafe-diagnostic,diagnostic,7,16249f415d40cf804bb7ddd691a33bc7a05494b811a88a7245b6a31e930f95c8,,1,6,1.0,0.5,0.5,0.5,0.5,0.5,0.486,-0.5,-0.5,-0.5000000000000001,-0.5,-0.4999999999999999,,2.0,unsafe-diagnostic,1.0,1.0,0.2489905787348587,0.7510094212651414,0.7794387621295568,3.186547701208866,0.0625903000036487,0.0001867162452744,0.0001828741021688
stable-local-fallback,this-work,user-certified,primary,8,16249f415d40cf804bb7ddd691a33bc7a05494b811a88a7245b6a31e930f95c8,0.0,1,6,1.0,0.5,0.5,0.5,0.5,0.5,0.4875,-0.5,-0.5,-0.5000000000000002,-0.5,-0.4999999999999999,1.0,1.0,plan-c,1.0,1.0,0.0,1.0,1.0,0.9666389029998956,0.0511299000063445,0.000412906560909,0.0004798067866037
handle-only-drop-residual,this-work,user-certified,primary,8,16249f415d40cf804bb7ddd691a33bc7a05494b811a88a7245b6a31e930f95c8,1.0,1,6,1.0,0.5,0.5,0.5,0.5,0.5,0.4875,-0.5,-0.5,-0.5000000000000002,-0.5,-0.4999999999999999,1.0,1.0,plan-c,1.0,0.2510924369747899,0.2510924369747899,0.0,0.139,2.46583830296524,0.0613470999960554,0.0004526764766732,0.0005061645341803
unitscope-equal,this-work,user-certified,primary,8,16249f415d40cf804bb7ddd691a33bc7a05494b811a88a7245b6a31e930f95c8,0.1428571428571428,1,6,1.0,0.5,0.5,0.5,0.5,0.5,0.4875,-0.5,-0.5,-0.5000000000000002,-0.5,-0.4999999999999999,1.0,1.0,plan-c,1.0,1.0,0.2510924369747899,0.7489075630252101,1.0,1.187715388684544,0.0622139999904902,0.0003905245573619,0.0004545979440533
unitscope-tuned,this-work,user-certified,primary,8,16249f415d40cf804bb7ddd691a33bc7a05494b811a88a7245b6a31e930f95c8,0.25,1,6,1.0,0.5,0.5,0.5,0.5,0.5,0.4875,-0.5,-0.5,-0.5000000000000002,-0.5,-0.4999999999999999,1.0,1.0,plan-c,1.0,1.0,0.2510924369747899,0.7489075630252101,1.0,1.429787476150404,0.0792090999893844,0.0003784858194148,0.0004397544037419
naive-recalibrated-2c,this-work,user-certified,primary,8,16249f415d40cf804bb7ddd691a33bc7a05494b811a88a7245b6a31e930f95c8,,1,6,1.0,0.5,0.5,0.5,0.5,0.5,0.4875,-0.5,-0.5,-0.5000000000000002,-0.5,-0.4999999999999999,2.0,2.0,plan-delta,2.0,1.0,0.2510924369747899,0.7489075630252101,0.7755474452554745,1.487579505661654,0.0623674999951617,0.0003036494176189,0.0004281135633652
full-identity-reference,oracle,oracle-assumption,full-identity-reference,8,16249f415d40cf804bb7ddd691a33bc7a05494b811a88a7245b6a31e930f95c8,,1,6,1.0,0.5,0.5,0.5,0.5,0.5,0.4875,-0.5,-0.5,-0.5000000000000002,-0.5,-0.4999999999999999,1.0,1.0,plan-c,1.0,1.0,0.0,0.0,1.0,5.799833417999374,0.3507267000095453,0.0,1.7675969185463054e-05
non-private-reference,oracle,non-private,diagnostic,8,16249f415d40cf804bb7ddd691a33bc7a05494b811a88a7245b6a31e930f95c8,,1,6,1.0,0.5,0.5,0.5,0.5,0.5,0.4875,-0.5,-0.5,-0.5000000000000002,-0.5,-0.4999999999999999,,,non-private,0.0,1.0,0.0,0.0,0.0,inf,0.0479901000071549,2.378341790836332e-05,2.378341790836332e-05
naive-claimed-c,this-work,unsafe-diagnostic,diagnostic,8,16249f415d40cf804bb7ddd691a33bc7a05494b811a88a7245b6a31e930f95c8,,1,6,1.0,0.5,0.5,0.5,0.5,0.5,0.4875,-0.5,-0.5,-0.5000000000000002,-0.5,-0.4999999999999999,,2.0,unsafe-diagnostic,1.0,1.0,0.2510924369747899,0.7489075630252101,0.7755474452554745,2.975159011323308,0.0614015000028302,0.0003036494176189,0.0003482055213066
stable-local-fallback,this-work,user-certified,primary,9,16249f415d40cf804bb7ddd691a33bc7a05494b811a88a7245b6a31e930f95c8,0.0,1,6,1.0,0.5,0.5,0.5,0.5,0.5,0.506,-0.5,-0.5,-0.5000000000000001,-0.5,-0.4999999999999999,1.0,1.0,plan-c,1.0,1.0,0.0,1.0,1.0,1.1041049309861684,0.0544016999920131,0.0004031188268355,0.0004381946849385
handle-only-drop-residual,this-work,user-certified,primary,9,16249f415d40cf804bb7ddd691a33bc7a05494b811a88a7245b6a31e930f95c8,1.0,1,6,1.0,0.5,0.5,0.5,0.5,0.5,0.506,-0.5,-0.5,-0.5000000000000001,-0.5,-0.4999999999999999,1.0,1.0,plan-c,1.0,0.2481739707835325,0.2481739707835325,0.0,0.157,3.1403902441819667,0.0628278000076534,0.0003573844790617,0.0003819460502898
unitscope-equal,this-work,user-certified,primary,9,16249f415d40cf804bb7ddd691a33bc7a05494b811a88a7245b6a31e930f95c8,0.1428571428571428,1,6,1.0,0.5,0.5,0.5,0.5,0.5,0.506,-0.5,-0.5,-0.5000000000000001,-0.5,-0.4999999999999999,1.0,1.0,plan-c,1.0,1.0,0.2481739707835325,0.7518260292164675,1.0,1.3771000703050444,0.0770170000032521,0.0003735688290703,0.0004087153182391
unitscope-tuned,this-work,user-certified,primary,9,16249f415d40cf804bb7ddd691a33bc7a05494b811a88a7245b6a31e930f95c8,0.25,1,6,1.0,0.5,0.5,0.5,0.5,0.5,0.506,-0.5,-0.5,-0.5000000000000001,-0.5,-0.4999999999999999,1.0,1.0,plan-c,1.0,1.0,0.2481739707835325,0.7518260292164675,1.0,1.6962003713965217,0.3477242000080878,0.0003481939604305,0.0003818235705051
naive-recalibrated-2c,this-work,user-certified,primary,9,16249f415d40cf804bb7ddd691a33bc7a05494b811a88a7245b6a31e930f95c8,,1,6,1.0,0.5,0.5,0.5,0.5,0.5,0.506,-0.5,-0.5,-0.5000000000000001,-0.5,-0.4999999999999999,2.0,2.0,plan-delta,2.0,1.0,0.2481739707835325,0.7518260292164675,0.7813229571984436,1.8788121937740865,0.0784980000025825,0.0002328247792278,0.0003038494570331
full-identity-reference,oracle,oracle-assumption,full-identity-reference,9,16249f415d40cf804bb7ddd691a33bc7a05494b811a88a7245b6a31e930f95c8,,1,6,1.0,0.5,0.5,0.5,0.5,0.5,0.506,-0.5,-0.5,-0.5000000000000001,-0.5,-0.4999999999999999,1.0,1.0,plan-c,1.0,1.0,0.0,0.0,1.0,6.624629585917011,0.3495347999996738,0.0,1.3227335642052286e-05
non-private-reference,oracle,non-private,diagnostic,9,16249f415d40cf804bb7ddd691a33bc7a05494b811a88a7245b6a31e930f95c8,,1,6,1.0,0.5,0.5,0.5,0.5,0.5,0.506,-0.5,-0.5,-0.5000000000000001,-0.5,-0.4999999999999999,,,non-private,0.0,1.0,0.0,0.0,0.0,inf,0.0502353000047151,2.3219644425730063e-05,2.3219644425730063e-05
naive-claimed-c,this-work,unsafe-diagnostic,diagnostic,9,16249f415d40cf804bb7ddd691a33bc7a05494b811a88a7245b6a31e930f95c8,,1,6,1.0,0.5,0.5,0.5,0.5,0.5,0.506,-0.5,-0.5,-0.5000000000000001,-0.5,-0.4999999999999999,,2.0,unsafe-diagnostic,1.0,1.0,0.2481739707835325,0.7518260292164675,0.7813229571984436,3.757624387548173,0.0614834000007249,0.0002328247792278,0.0002551097824884
stable-local-fallback,this-work,user-certified,primary,0,6c92deedaf55490b424b3009deca19abc61bcdfe4c92aa36795c1864823c6a96,0.0,1,6,1.0,0.5,0.5,0.5,0.5,0.5,0.499,-0.5,-0.5,-0.5000000000000001,-0.5,-0.4999999999999999,1.0,1.0,plan-c,1.0,1.0,0.0,1.0,1.0,0.8620311208677749,0.0685698999877786,0.0003701619753889,0.0003827195543725
handle-only-drop-residual,this-work,user-certified,primary,0,6c92deedaf55490b424b3009deca19abc61bcdfe4c92aa36795c1864823c6a96,1.0,1,6,1.0,0.5,0.5,0.5,0.5,0.5,0.499,-0.5,-0.5,-0.5000000000000001,-0.5,-0.4999999999999999,1.0,1.0,plan-c,1.0,0.2483322214809873,0.2483322214809873,0.0,0.157,2.4426268849515327,0.0601426999928662,0.0003328960943309,0.0003531042715587
unitscope-equal,this-work,user-certified,primary,0,6c92deedaf55490b424b3009deca19abc61bcdfe4c92aa36795c1864823c6a96,0.1428571428571428,1,6,1.0,0.5,0.5,0.5,0.5,0.5,0.499,-0.5,-0.5,-0.5000000000000001,-0.5,-0.4999999999999999,1.0,1.0,plan-c,1.0,1.0,0.2483322214809873,0.7516677785190127,1.0,1.1820250501227707,0.0616837999987183,0.0003233032115211,0.0003368738305697
unitscope-tuned,this-work,user-certified,primary,0,6c92deedaf55490b424b3009deca19abc61bcdfe4c92aa36795c1864823c6a96,0.5,1,6,1.0,0.5,0.5,0.5,0.5,0.5,0.499,-0.5,-0.5,-0.5000000000000001,-0.5,-0.4999999999999999,1.0,1.0,plan-c,1.0,1.0,0.2483322214809873,0.7516677785190127,1.0,2.14129035726326,0.0653746000025421,0.0002533996399291,0.0002711633805807
naive-recalibrated-2c,this-work,user-certified,primary,0,6c92deedaf55490b424b3009deca19abc61bcdfe4c92aa36795c1864823c6a96,,1,6,1.0,0.5,0.5,0.5,0.5,0.5,0.499,-0.5,-0.5,-0.5000000000000001,-0.5,-0.4999999999999999,2.0,2.0,plan-delta,2.0,1.0,0.2483322214809873,0.7516677785190127,0.7805259047123145,1.4904803539050375,0.0629582999972626,0.0002068725131255,0.0002887582529844
full-identity-reference,oracle,oracle-assumption,full-identity-reference,0,6c92deedaf55490b424b3009deca19abc61bcdfe4c92aa36795c1864823c6a96,,1,6,1.0,0.5,0.5,0.5,0.5,0.5,0.499,-0.5,-0.5,-0.5000000000000001,-0.5,-0.4999999999999999,1.0,1.0,plan-c,1.0,1.0,0.0,0.0,1.0,5.17218672520665,0.348761100001866,0.0,1.992534756221455e-05
non-private-reference,oracle,non-private,diagnostic,0,6c92deedaf55490b424b3009deca19abc61bcdfe4c92aa36795c1864823c6a96,,1,6,1.0,0.5,0.5,0.5,0.5,0.5,0.499,-0.5,-0.5,-0.5000000000000001,-0.5,-0.4999999999999999,,,non-private,0.0,1.0,0.0,0.0,0.0,inf,0.0618764000100782,2.132132978240088e-05,2.132132978240088e-05
naive-claimed-c,this-work,unsafe-diagnostic,diagnostic,0,6c92deedaf55490b424b3009deca19abc61bcdfe4c92aa36795c1864823c6a96,,1,6,1.0,0.5,0.5,0.5,0.5,0.5,0.499,-0.5,-0.5,-0.5000000000000001,-0.5,-0.4999999999999999,,2.0,unsafe-diagnostic,1.0,1.0,0.2483322214809873,0.7516677785190127,0.7805259047123145,2.980960707810075,0.0610015999991446,0.0002068725131255,0.0002278900354927
stable-local-fallback,this-work,user-certified,primary,1,6c92deedaf55490b424b3009deca19abc61bcdfe4c92aa36795c1864823c6a96,0.0,1,6,1.0,0.5,0.5,0.5,0.5,0.5,0.4995,-0.5,-0.5,-0.5000000000000001,-0.5,-0.4999999999999999,1.0,1.0,plan-c,1.0,1.0,0.0,1.0,1.0,1.0094106923751132,0.052267799997935,0.0003715432657781,0.0004067170732188
handle-only-drop-residual,this-work,user-certified,primary,1,6c92deedaf55490b424b3009deca19abc61bcdfe4c92aa36795c1864823c6a96,1.0,1,6,1.0,0.5,0.5,0.5,0.5,0.5,0.4995,-0.5,-0.5,-0.5000000000000001,-0.5,-0.4999999999999999,1.0,1.0,plan-c,1.0,0.2504168056018673,0.2504168056018673,0.0,0.178,2.920760763382077,0.0762422000116203,0.0002955712704122,0.0003312715003326
unitscope-equal,this-work,user-certified,primary,1,6c92deedaf55490b424b3009deca19abc61bcdfe4c92aa36795c1864823c6a96,0.1428571428571428,1,6,1.0,0.5,0.5,0.5,0.5,0.5,0.4995,-0.5,-0.5,-0.5000000000000001,-0.5,-0.4999999999999999,1.0,1.0,plan-c,1.0,1.0,0.2504168056018673,0.7495831943981327,1.0,1.2688573862020591,0.0616197000053944,0.000344805362426,0.0003800030699024
unitscope-tuned,this-work,user-certified,primary,1,6c92deedaf55490b424b3009deca19abc61bcdfe4c92aa36795c1864823c6a96,0.5,1,6,1.0,0.5,0.5,0.5,0.5,0.5,0.4995,-0.5,-0.5,-0.5000000000000001,-0.5,-0.4999999999999999,1.0,1.0,plan-c,1.0,1.0,0.2504168056018673,0.7495831943981327,1.0,2.406150129992996,0.063338100007968,0.0002722164800366,0.0003069651920526
naive-recalibrated-2c,this-work,user-certified,primary,1,6c92deedaf55490b424b3009deca19abc61bcdfe4c92aa36795c1864823c6a96,,1,6,1.0,0.5,0.5,0.5,0.5,0.5,0.4995,-0.5,-0.5,-0.5000000000000001,-0.5,-0.4999999999999999,2.0,2.0,plan-delta,2.0,1.0,0.2504168056018673,0.7495831943981327,0.7848730698769956,1.7633463107409184,0.0628986999945482,0.0001922746881649,0.0002850188098561
full-identity-reference,oracle,oracle-assumption,full-identity-reference,1,6c92deedaf55490b424b3009deca19abc61bcdfe4c92aa36795c1864823c6a96,,1,6,1.0,0.5,0.5,0.5,0.5,0.5,0.4995,-0.5,-0.5,-0.5000000000000001,-0.5,-0.4999999999999999,1.0,1.0,plan-c,1.0,1.0,0.0,0.0,1.0,6.056464154250676,0.3418272999988403,0.0,1.458591182783476e-05
non-private-reference,oracle,non-private,diagnostic,1,6c92deedaf55490b424b3009deca19abc61bcdfe4c92aa36795c1864823c6a96,,1,6,1.0,0.5,0.5,0.5,0.5,0.5,0.4995,-0.5,-0.5,-0.5000000000000001,-0.5,-0.4999999999999999,,,non-private,0.0,1.0,0.0,0.0,0.0,inf,0.0533995000005234,2.1400892108823e-05,2.1400892108823e-05
naive-claimed-c,this-work,unsafe-diagnostic,diagnostic,1,6c92deedaf55490b424b3009deca19abc61bcdfe4c92aa36795c1864823c6a96,,1,6,1.0,0.5,0.5,0.5,0.5,0.5,0.4995,-0.5,-0.5,-0.5000000000000001,-0.5,-0.4999999999999999,,2.0,unsafe-diagnostic,1.0,1.0,0.2504168056018673,0.7495831943981327,0.7848730698769956,3.526692621481837,0.0880187000002479,0.0001922746881649,0.0002240608371826
stable-local-fallback,this-work,user-certified,primary,2,6c92deedaf55490b424b3009deca19abc61bcdfe4c92aa36795c1864823c6a96,0.0,1,6,1.0,0.5,0.5,0.5,0.5,0.5,0.484,-0.5,-0.5,-0.5000000000000001,-0.5,-0.4999999999999999,1.0,1.0,plan-c,1.0,1.0,0.0,1.0,1.0,0.924537833984859,0.0517743999953381,0.0003407320534019,0.0003796357662149
handle-only-drop-residual,this-work,user-certified,primary,2,6c92deedaf55490b424b3009deca19abc61bcdfe4c92aa36795c1864823c6a96,1.0,1,6,1.0,0.5,0.5,0.5,0.5,0.5,0.484,-0.5,-0.5,-0.5000000000000001,-0.5,-0.4999999999999999,1.0,1.0,plan-c,1.0,0.2498315363881401,0.2498315363881401,0.0,0.165,2.5697227086212497,0.0593385000101989,0.0003292658537663,0.0003752571760662
unitscope-equal,this-work,user-certified,primary,2,6c92deedaf55490b424b3009deca19abc61bcdfe4c92aa36795c1864823c6a96,0.1428571428571428,1,6,1.0,0.5,0.5,0.5,0.5,0.5,0.484,-0.5,-0.5,-0.5000000000000001,-0.5,-0.4999999999999999,1.0,1.0,plan-c,1.0,1.0,0.2498315363881401,0.7501684636118598,1.0,1.155641627542502,0.0602433000021846,0.000318140434548,0.0003587514804072
unitscope-tuned,this-work,user-certified,primary,2,6c92deedaf55490b424b3009deca19abc61bcdfe4c92aa36795c1864823c6a96,0.5,1,6,1.0,0.5,0.5,0.5,0.5,0.5,0.484,-0.5,-0.5,-0.5000000000000001,-0.5,-0.4999999999999999,1.0,1.0,plan-c,1.0,1.0,0.2498315363881401,0.7501684636118598,1.0,2.1378292063955104,0.0780255999998189,0.0002767975666856,0.0003208769913986
naive-recalibrated-2c,this-work,user-certified,primary,2,6c92deedaf55490b424b3009deca19abc61bcdfe4c92aa36795c1864823c6a96,,1,6,1.0,0.5,0.5,0.5,0.5,0.5,0.484,-0.5,-0.5,-0.5000000000000001,-0.5,-0.4999999999999999,2.0,2.0,plan-delta,2.0,1.0,0.2498315363881401,0.7501684636118598,0.7804364975019721,1.5347550561038683,0.0611071999883279,0.0002175657778564,0.0003328948194595
full-identity-reference,oracle,oracle-assumption,full-identity-reference,2,6c92deedaf55490b424b3009deca19abc61bcdfe4c92aa36795c1864823c6a96,,1,6,1.0,0.5,0.5,0.5,0.5,0.5,0.484,-0.5,-0.5,-0.5000000000000001,-0.5,-0.4999999999999999,1.0,1.0,plan-c,1.0,1.0,0.0,0.0,1.0,5.547227003909157,0.3480810000037309,0.0,1.5944966299623313e-05
non-private-reference,oracle,non-private,diagnostic,2,6c92deedaf55490b424b3009deca19abc61bcdfe4c92aa36795c1864823c6a96,,1,6,1.0,0.5,0.5,0.5,0.5,0.5,0.484,-0.5,-0.5,-0.5000000000000001,-0.5,-0.4999999999999999,,,non-private,0.0,1.0,0.0,0.0,0.0,inf,0.0472604999959003,1.9626166275950645e-05,1.9626166275950645e-05
naive-claimed-c,this-work,unsafe-diagnostic,diagnostic,2,6c92deedaf55490b424b3009deca19abc61bcdfe4c92aa36795c1864823c6a96,,1,6,1.0,0.5,0.5,0.5,0.5,0.5,0.484,-0.5,-0.5,-0.5000000000000001,-0.5,-0.4999999999999999,,2.0,unsafe-diagnostic,1.0,1.0,0.2498315363881401,0.7501684636118598,0.7804364975019721,3.069510112207737,0.0642320999904768,0.0002175657778564,0.0002592853323583
stable-local-fallback,this-work,user-certified,primary,3,6c92deedaf55490b424b3009deca19abc61bcdfe4c92aa36795c1864823c6a96,0.0,1,6,1.0,0.5,0.5,0.5,0.5,0.5,0.508,-0.5,-0.5,-0.5000000000000001,-0.5,-0.4999999999999999,1.0,1.0,plan-c,1.0,1.0,0.0,1.0,1.0,0.9721511344442122,0.0575460999971255,0.000337770708775,0.0003339809490044
handle-only-drop-residual,this-work,user-certified,primary,3,6c92deedaf55490b424b3009deca19abc61bcdfe4c92aa36795c1864823c6a96,1.0,1,6,1.0,0.5,0.5,0.5,0.5,0.5,0.508,-0.5,-0.5,-0.5000000000000001,-0.5,-0.4999999999999999,1.0,1.0,plan-c,1.0,0.248342175066313,0.248342175066313,0.0,0.171,2.806541618774093,0.0716279000043869,0.0002740085606061,0.0002761670271088
unitscope-equal,this-work,user-certified,primary,3,6c92deedaf55490b424b3009deca19abc61bcdfe4c92aa36795c1864823c6a96,0.1428571428571428,1,6,1.0,0.5,0.5,0.5,0.5,0.5,0.508,-0.5,-0.5,-0.5000000000000001,-0.5,-0.4999999999999999,1.0,1.0,plan-c,1.0,1.0,0.248342175066313,0.751657824933687,1.0,1.2475846711238383,0.084313999992446,0.0003117955079325,0.0003097591425759
unitscope-tuned,this-work,user-certified,primary,3,6c92deedaf55490b424b3009deca19abc61bcdfe4c92aa36795c1864823c6a96,0.5,1,6,1.0,0.5,0.5,0.5,0.5,0.5,0.508,-0.5,-0.5,-0.5000000000000001,-0.5,-0.4999999999999999,1.0,1.0,plan-c,1.0,1.0,0.248342175066313,0.751657824933687,1.0,2.357876115298452,0.0621484000002965,0.0002481088396909,0.0002504688062668
naive-recalibrated-2c,this-work,user-certified,primary,3,6c92deedaf55490b424b3009deca19abc61bcdfe4c92aa36795c1864823c6a96,,1,6,1.0,0.5,0.5,0.5,0.5,0.5,0.508,-0.5,-0.5,-0.5000000000000001,-0.5,-0.4999999999999999,2.0,2.0,plan-delta,2.0,1.0,0.248342175066313,0.751657824933687,0.7843953185955787,1.699214497034234,0.0790591999975731,0.0001780331513148,0.0002181661006393
full-identity-reference,oracle,oracle-assumption,full-identity-reference,3,6c92deedaf55490b424b3009deca19abc61bcdfe4c92aa36795c1864823c6a96,,1,6,1.0,0.5,0.5,0.5,0.5,0.5,0.508,-0.5,-0.5,-0.5000000000000001,-0.5,-0.4999999999999999,1.0,1.0,plan-c,1.0,1.0,0.0,0.0,1.0,5.832906806665271,0.3509780000022147,0.0,1.4295995470253785e-05
non-private-reference,oracle,non-private,diagnostic,3,6c92deedaf55490b424b3009deca19abc61bcdfe4c92aa36795c1864823c6a96,,1,6,1.0,0.5,0.5,0.5,0.5,0.5,0.508,-0.5,-0.5,-0.5000000000000001,-0.5,-0.4999999999999999,,,non-private,0.0,1.0,0.0,0.0,0.0,inf,0.0473932000022614,1.9455592825441785e-05,1.9455592825441785e-05
naive-claimed-c,this-work,unsafe-diagnostic,diagnostic,3,6c92deedaf55490b424b3009deca19abc61bcdfe4c92aa36795c1864823c6a96,,1,6,1.0,0.5,0.5,0.5,0.5,0.5,0.508,-0.5,-0.5,-0.5000000000000001,-0.5,-0.4999999999999999,,2.0,unsafe-diagnostic,1.0,1.0,0.248342175066313,0.751657824933687,0.7843953185955787,3.398428994068468,0.0613213000033283,0.0001780331513148,0.0001838036305068
stable-local-fallback,this-work,user-certified,primary,4,6c92deedaf55490b424b3009deca19abc61bcdfe4c92aa36795c1864823c6a96,0.0,1,6,1.0,0.5,0.5,0.5,0.5,0.5,0.502,-0.5,-0.5,-0.5000000000000001,-0.5,-0.4999999999999999,1.0,1.0,plan-c,1.0,1.0,0.0,1.0,1.0,0.8860031641641676,0.0514606000069761,0.0003078870442332,0.0003091212278666
handle-only-drop-residual,this-work,user-certified,primary,4,6c92deedaf55490b424b3009deca19abc61bcdfe4c92aa36795c1864823c6a96,1.0,1,6,1.0,0.5,0.5,0.5,0.5,0.5,0.502,-0.5,-0.5,-0.5000000000000001,-0.5,-0.4999999999999999,1.0,1.0,plan-c,1.0,0.2470039946737683,0.2470039946737683,0.0,0.158,2.7720857318362926,0.0595749999920371,0.0002945235466352,0.0003128611159028
unitscope-equal,this-work,user-certified,primary,4,6c92deedaf55490b424b3009deca19abc61bcdfe4c92aa36795c1864823c6a96,0.1428571428571428,1,6,1.0,0.5,0.5,0.5,0.5,0.5,0.502,-0.5,-0.5,-0.5000000000000001,-0.5,-0.4999999999999999,1.0,1.0,plan-c,1.0,1.0,0.2470039946737683,0.7529960053262317,1.0,1.1253838959809148,0.061869299999671,0.0002854526652864,0.0002906923384264
unitscope-tuned,this-work,user-certified,primary,4,6c92deedaf55490b424b3009deca19abc61bcdfe4c92aa36795c1864823c6a96,0.5,1,6,1.0,0.5,0.5,0.5,0.5,0.5,0.502,-0.5,-0.5,-0.5000000000000001,-0.5,-0.4999999999999999,1.0,1.0,plan-c,1.0,1.0,0.2470039946737683,0.7529960053262317,1.0,2.1907676905092206,0.0650095000019064,0.0002430885998788,0.0002589406106983
naive-recalibrated-2c,this-work,user-certified,primary,4,6c92deedaf55490b424b3009deca19abc61bcdfe4c92aa36795c1864823c6a96,,1,6,1.0,0.5,0.5,0.5,0.5,0.5,0.502,-0.5,-0.5,-0.5000000000000001,-0.5,-0.4999999999999999,2.0,2.0,plan-delta,2.0,1.0,0.2470039946737683,0.7529960053262317,0.781071242849714,1.5972425037093,0.0693587999994633,0.0001954052917772,0.000268760216993
full-identity-reference,oracle,oracle-assumption,full-identity-reference,4,6c92deedaf55490b424b3009deca19abc61bcdfe4c92aa36795c1864823c6a96,,1,6,1.0,0.5,0.5,0.5,0.5,0.5,0.502,-0.5,-0.5,-0.5000000000000001,-0.5,-0.4999999999999999,1.0,1.0,plan-c,1.0,1.0,0.0,0.0,1.0,5.316018984985005,0.3579447000083746,0.0,1.5688479693467358e-05
non-private-reference,oracle,non-private,diagnostic,4,6c92deedaf55490b424b3009deca19abc61bcdfe4c92aa36795c1864823c6a96,,1,6,1.0,0.5,0.5,0.5,0.5,0.5,0.502,-0.5,-0.5,-0.5000000000000001,-0.5,-0.4999999999999999,,,non-private,0.0,1.0,0.0,0.0,0.0,inf,0.0475480000022798,1.7734293747834803e-05,1.7734293747834803e-05
naive-claimed-c,this-work,unsafe-diagnostic,diagnostic,4,6c92deedaf55490b424b3009deca19abc61bcdfe4c92aa36795c1864823c6a96,,1,6,1.0,0.5,0.5,0.5,0.5,0.5,0.502,-0.5,-0.5,-0.5000000000000001,-0.5,-0.4999999999999999,,2.0,unsafe-diagnostic,1.0,1.0,0.2470039946737683,0.7529960053262317,0.781071242849714,3.1944850074186,0.0600774000049568,0.0001954052917772,0.0002163942746916
stable-local-fallback,this-work,user-certified,primary,5,6c92deedaf55490b424b3009deca19abc61bcdfe4c92aa36795c1864823c6a96,0.0,1,6,1.0,0.5,0.5,0.5,0.5,0.5,0.5045,-0.5,-0.5,-0.5000000000000001,-0.5,-0.4999999999999999,1.0,1.0,plan-c,1.0,1.0,0.0,1.0,1.0,0.8260393813678033,0.070676999996067,0.0003534559335392,0.0003275059370719
handle-only-drop-residual,this-work,user-certified,primary,5,6c92deedaf55490b424b3009deca19abc61bcdfe4c92aa36795c1864823c6a96,1.0,1,6,1.0,0.5,0.5,0.5,0.5,0.5,0.5045,-0.5,-0.5,-0.5000000000000001,-0.5,-0.4999999999999999,1.0,1.0,plan-c,1.0,0.2497507477567298,0.2497507477567298,0.0,0.171,2.468581982073106,0.0590854999900329,0.0002693193428255,0.0002417278449881
unitscope-equal,this-work,user-certified,primary,5,6c92deedaf55490b424b3009deca19abc61bcdfe4c92aa36795c1864823c6a96,0.1428571428571428,1,6,1.0,0.5,0.5,0.5,0.5,0.5,0.5045,-0.5,-0.5,-0.5000000000000001,-0.5,-0.4999999999999999,1.0,1.0,plan-c,1.0,1.0,0.2497507477567298,0.7502492522432702,1.0,1.1149614873773162,0.0613569999986793,0.0003163099924453,0.0002899263059994
unitscope-tuned,this-work,user-certified,primary,5,6c92deedaf55490b424b3009deca19abc61bcdfe4c92aa36795c1864823c6a96,0.5,1,6,1.0,0.5,0.5,0.5,0.5,0.5,0.5045,-0.5,-0.5,-0.5000000000000001,-0.5,-0.4999999999999999,1.0,1.0,plan-c,1.0,1.0,0.2497507477567298,0.7502492522432702,1.0,2.1329741567110347,0.0622616000036941,0.0002381921310073,0.0002123548911015
naive-recalibrated-2c,this-work,user-certified,primary,5,6c92deedaf55490b424b3009deca19abc61bcdfe4c92aa36795c1864823c6a96,,1,6,1.0,0.5,0.5,0.5,0.5,0.5,0.5045,-0.5,-0.5,-0.5000000000000001,-0.5,-0.4999999999999999,2.0,2.0,plan-delta,2.0,1.0,0.2497507477567298,0.7502492522432702,0.7840020844189682,1.5054748560484847,0.0706582999991951,0.0001711246552552,0.000174745580293
full-identity-reference,oracle,oracle-assumption,full-identity-reference,5,6c92deedaf55490b424b3009deca19abc61bcdfe4c92aa36795c1864823c6a96,,1,6,1.0,0.5,0.5,0.5,0.5,0.5,0.5045,-0.5,-0.5,-0.5000000000000001,-0.5,-0.4999999999999999,1.0,1.0,plan-c,1.0,1.0,0.0,0.0,1.0,4.956236288206816,0.3520392000064021,0.0,2.0720191381226908e-05
non-private-reference,oracle,non-private,diagnostic,5,6c92deedaf55490b424b3009deca19abc61bcdfe4c92aa36795c1864823c6a96,,1,6,1.0,0.5,0.5,0.5,0.5,0.5,0.5045,-0.5,-0.5,-0.5000000000000001,-0.5,-0.4999999999999999,,,non-private,0.0,1.0,0.0,0.0,0.0,inf,0.0637343999987933,2.03590617718608e-05,2.03590617718608e-05
naive-claimed-c,this-work,unsafe-diagnostic,diagnostic,5,6c92deedaf55490b424b3009deca19abc61bcdfe4c92aa36795c1864823c6a96,,1,6,1.0,0.5,0.5,0.5,0.5,0.5,0.5045,-0.5,-0.5,-0.5000000000000001,-0.5,-0.4999999999999999,,2.0,unsafe-diagnostic,1.0,1.0,0.2497507477567298,0.7502492522432702,0.7840020844189682,3.010949712096969,0.0607202999963192,0.0001711246552552,0.0001522149263929
stable-local-fallback,this-work,user-certified,primary,6,6c92deedaf55490b424b3009deca19abc61bcdfe4c92aa36795c1864823c6a96,0.0,1,6,1.0,0.5,0.5,0.5,0.5,0.5,0.509,-0.5,-0.5,-0.5000000000000001,-0.5,-0.4999999999999999,1.0,1.0,plan-c,1.0,1.0,0.0,1.0,1.0,1.0338327275544192,0.0513033000024734,0.0003433797906984,0.0003283724511094
handle-only-drop-residual,this-work,user-certified,primary,6,6c92deedaf55490b424b3009deca19abc61bcdfe4c92aa36795c1864823c6a96,1.0,1,6,1.0,0.5,0.5,0.5,0.5,0.5,0.509,-0.5,-0.5,-0.5000000000000001,-0.5,-0.4999999999999999,1.0,1.0,plan-c,1.0,0.25,0.25,0.0,0.171,2.6468355309429423,0.074781500006793,0.0003502774922162,0.0003472991558035
unitscope-equal,this-work,user-certified,primary,6,6c92deedaf55490b424b3009deca19abc61bcdfe4c92aa36795c1864823c6a96,0.1428571428571428,1,6,1.0,0.5,0.5,0.5,0.5,0.5,0.509,-0.5,-0.5,-0.5000000000000001,-0.5,-0.4999999999999999,1.0,1.0,plan-c,1.0,1.0,0.25,0.75,1.0,1.234125294141487,0.0619453000108478,0.000327925615178,0.0003144673121435
unitscope-tuned,this-work,user-certified,primary,6,6c92deedaf55490b424b3009deca19abc61bcdfe4c92aa36795c1864823c6a96,0.5,1,6,1.0,0.5,0.5,0.5,0.5,0.5,0.509,-0.5,-0.5,-0.5000000000000001,-0.5,-0.4999999999999999,1.0,1.0,plan-c,1.0,1.0,0.25,0.75,1.0,2.181567524168861,0.062376599991694,0.0002971586482886,0.0002908028159308
naive-recalibrated-2c,this-work,user-certified,primary,6,6c92deedaf55490b424b3009deca19abc61bcdfe4c92aa36795c1864823c6a96,,1,6,1.0,0.5,0.5,0.5,0.5,0.5,0.509,-0.5,-0.5,-0.5000000000000001,-0.5,-0.4999999999999999,2.0,2.0,plan-delta,2.0,1.0,0.25,0.75,0.7845074083701585,1.5898454490091882,0.0628249000001233,0.0002330035131466,0.0002613080771938
full-identity-reference,oracle,oracle-assumption,full-identity-reference,6,6c92deedaf55490b424b3009deca19abc61bcdfe4c92aa36795c1864823c6a96,,1,6,1.0,0.5,0.5,0.5,0.5,0.5,0.509,-0.5,-0.5,-0.5000000000000001,-0.5,-0.4999999999999999,1.0,1.0,plan-c,1.0,1.0,0.0,0.0,1.0,6.202996365326513,0.3439660000003641,0.0,1.2850918528840267e-05
non-private-reference,oracle,non-private,diagnostic,6,6c92deedaf55490b424b3009deca19abc61bcdfe4c92aa36795c1864823c6a96,,1,6,1.0,0.5,0.5,0.5,0.5,0.5,0.509,-0.5,-0.5,-0.5000000000000001,-0.5,-0.4999999999999999,,,non-private,0.0,1.0,0.0,0.0,0.0,inf,0.0491814999986672,1.977867594423192e-05,1.977867594423192e-05
naive-claimed-c,this-work,unsafe-diagnostic,diagnostic,6,6c92deedaf55490b424b3009deca19abc61bcdfe4c92aa36795c1864823c6a96,,1,6,1.0,0.5,0.5,0.5,0.5,0.5,0.509,-0.5,-0.5,-0.5000000000000001,-0.5,-0.4999999999999999,,2.0,unsafe-diagnostic,1.0,1.0,0.25,0.75,0.7845074083701585,3.1796908980183765,0.0810418000037316,0.0002330035131466,0.0002343048766414
stable-local-fallback,this-work,user-certified,primary,7,6c92deedaf55490b424b3009deca19abc61bcdfe4c92aa36795c1864823c6a96,0.0,1,6,1.0,0.5,0.5,0.5,0.5,0.5,0.486,-0.5,-0.5,-0.5000000000000001,-0.5,-0.4999999999999999,1.0,1.0,plan-c,1.0,1.0,0.0,1.0,1.0,0.9061581174813064,0.0517462999996496,0.0002981237120507,0.0003010926955748
handle-only-drop-residual,this-work,user-certified,primary,7,6c92deedaf55490b424b3009deca19abc61bcdfe4c92aa36795c1864823c6a96,1.0,1,6,1.0,0.5,0.5,0.5,0.5,0.5,0.486,-0.5,-0.5,-0.5000000000000001,-0.5,-0.4999999999999999,1.0,1.0,plan-c,1.0,0.2489905787348587,0.2489905787348587,0.0,0.159,2.712025164932587,0.0605056000058539,0.0002846223146714,0.0002767963702141
unitscope-equal,this-work,user-certified,primary,7,6c92deedaf55490b424b3009deca19abc61bcdfe4c92aa36795c1864823c6a96,0.1428571428571428,1,6,1.0,0.5,0.5,0.5,0.5,0.5,0.486,-0.5,-0.5,-0.5000000000000001,-0.5,-0.4999999999999999,1.0,1.0,plan-c,1.0,1.0,0.2489905787348587,0.7510094212651414,1.0,1.1719269678974065,0.0707757000054698,0.0002731998062954,0.000276208712123
unitscope-tuned,this-work,user-certified,primary,7,6c92deedaf55490b424b3009deca19abc61bcdfe4c92aa36795c1864823c6a96,0.5,1,6,1.0,0.5,0.5,0.5,0.5,0.5,0.486,-0.5,-0.5,-0.5000000000000001,-0.5,-0.4999999999999999,1.0,1.0,plan-c,1.0,1.0,0.2489905787348587,0.7510094212651414,1.0,2.2268438939618336,0.0917378000012831,0.0002315480517,0.0002304741377884
naive-recalibrated-2c,this-work,user-certified,primary,7,6c92deedaf55490b424b3009deca19abc61bcdfe4c92aa36795c1864823c6a96,,1,6,1.0,0.5,0.5,0.5,0.5,0.5,0.486,-0.5,-0.5,-0.5000000000000001,-0.5,-0.4999999999999999,2.0,2.0,plan-delta,2.0,1.0,0.2489905787348587,0.7510094212651414,0.7794387621295568,1.593273850604433,0.0747683999943547,0.0001867162452744,0.0002080774376368
full-identity-reference,oracle,oracle-assumption,full-identity-reference,7,6c92deedaf55490b424b3009deca19abc61bcdfe4c92aa36795c1864823c6a96,,1,6,1.0,0.5,0.5,0.5,0.5,0.5,0.486,-0.5,-0.5,-0.5000000000000001,-0.5,-0.4999999999999999,1.0,1.0,plan-c,1.0,1.0,0.0,0.0,1.0,5.436948704887834,0.5183222999912687,0.0,1.4522739286817303e-05
non-private-reference,oracle,non-private,diagnostic,7,6c92deedaf55490b424b3009deca19abc61bcdfe4c92aa36795c1864823c6a96,,1,6,1.0,0.5,0.5,0.5,0.5,0.5,0.486,-0.5,-0.5,-0.5000000000000001,-0.5,-0.4999999999999999,,,non-private,0.0,1.0,0.0,0.0,0.0,inf,0.0681452000135323,1.717192581412382e-05,1.717192581412382e-05
naive-claimed-c,this-work,unsafe-diagnostic,diagnostic,7,6c92deedaf55490b424b3009deca19abc61bcdfe4c92aa36795c1864823c6a96,,1,6,1.0,0.5,0.5,0.5,0.5,0.5,0.486,-0.5,-0.5,-0.5000000000000001,-0.5,-0.4999999999999999,,2.0,unsafe-diagnostic,1.0,1.0,0.2489905787348587,0.7510094212651414,0.7794387621295568,3.186547701208866,0.0853485000116052,0.0001867162452744,0.0001828741021688
stable-local-fallback,this-work,user-certified,primary,8,6c92deedaf55490b424b3009deca19abc61bcdfe4c92aa36795c1864823c6a96,0.0,1,6,1.0,0.5,0.5,0.5,0.5,0.5,0.4875,-0.5,-0.5,-0.5000000000000002,-0.5,-0.4999999999999999,1.0,1.0,plan-c,1.0,1.0,0.0,1.0,1.0,0.9666389029998956,0.0700098999950569,0.000412906560909,0.0004798067866037
handle-only-drop-residual,this-work,user-certified,primary,8,6c92deedaf55490b424b3009deca19abc61bcdfe4c92aa36795c1864823c6a96,1.0,1,6,1.0,0.5,0.5,0.5,0.5,0.5,0.4875,-0.5,-0.5,-0.5000000000000002,-0.5,-0.4999999999999999,1.0,1.0,plan-c,1.0,0.2510924369747899,0.2510924369747899,0.0,0.139,2.46583830296524,0.0840690000040922,0.0004526764766732,0.0005061645341803
unitscope-equal,this-work,user-certified,primary,8,6c92deedaf55490b424b3009deca19abc61bcdfe4c92aa36795c1864823c6a96,0.1428571428571428,1,6,1.0,0.5,0.5,0.5,0.5,0.5,0.4875,-0.5,-0.5,-0.5000000000000002,-0.5,-0.4999999999999999,1.0,1.0,plan-c,1.0,1.0,0.2510924369747899,0.7489075630252101,1.0,1.187715388684544,0.0932806000055279,0.0003905245573619,0.0004545979440533
unitscope-tuned,this-work,user-certified,primary,8,6c92deedaf55490b424b3009deca19abc61bcdfe4c92aa36795c1864823c6a96,0.5,1,6,1.0,0.5,0.5,0.5,0.5,0.5,0.4875,-0.5,-0.5,-0.5000000000000002,-0.5,-0.4999999999999999,1.0,1.0,plan-c,1.0,1.0,0.2510924369747899,0.7489075630252101,1.0,2.133489159443009,0.0848021999991033,0.00036858447819,0.0004233085236671
naive-recalibrated-2c,this-work,user-certified,primary,8,6c92deedaf55490b424b3009deca19abc61bcdfe4c92aa36795c1864823c6a96,,1,6,1.0,0.5,0.5,0.5,0.5,0.5,0.4875,-0.5,-0.5,-0.5000000000000002,-0.5,-0.4999999999999999,2.0,2.0,plan-delta,2.0,1.0,0.2510924369747899,0.7489075630252101,0.7755474452554745,1.487579505661654,0.107538200012641,0.0003036494176189,0.0004281135633652
full-identity-reference,oracle,oracle-assumption,full-identity-reference,8,6c92deedaf55490b424b3009deca19abc61bcdfe4c92aa36795c1864823c6a96,,1,6,1.0,0.5,0.5,0.5,0.5,0.5,0.4875,-0.5,-0.5,-0.5000000000000002,-0.5,-0.4999999999999999,1.0,1.0,plan-c,1.0,1.0,0.0,0.0,1.0,5.799833417999374,0.5450808999885339,0.0,1.7675969185463054e-05
non-private-reference,oracle,non-private,diagnostic,8,6c92deedaf55490b424b3009deca19abc61bcdfe4c92aa36795c1864823c6a96,,1,6,1.0,0.5,0.5,0.5,0.5,0.5,0.4875,-0.5,-0.5,-0.5000000000000002,-0.5,-0.4999999999999999,,,non-private,0.0,1.0,0.0,0.0,0.0,inf,0.066379899988533,2.378341790836332e-05,2.378341790836332e-05
naive-claimed-c,this-work,unsafe-diagnostic,diagnostic,8,6c92deedaf55490b424b3009deca19abc61bcdfe4c92aa36795c1864823c6a96,,1,6,1.0,0.5,0.5,0.5,0.5,0.5,0.4875,-0.5,-0.5,-0.5000000000000002,-0.5,-0.4999999999999999,,2.0,unsafe-diagnostic,1.0,1.0,0.2510924369747899,0.7489075630252101,0.7755474452554745,2.975159011323308,0.0903604000050108,0.0003036494176189,0.0003482055213066
stable-local-fallback,this-work,user-certified,primary,9,6c92deedaf55490b424b3009deca19abc61bcdfe4c92aa36795c1864823c6a96,0.0,1,6,1.0,0.5,0.5,0.5,0.5,0.5,0.506,-0.5,-0.5,-0.5000000000000001,-0.5,-0.4999999999999999,1.0,1.0,plan-c,1.0,1.0,0.0,1.0,1.0,1.1041049309861684,0.0529659000021638,0.0004031188268355,0.0004381946849385
handle-only-drop-residual,this-work,user-certified,primary,9,6c92deedaf55490b424b3009deca19abc61bcdfe4c92aa36795c1864823c6a96,1.0,1,6,1.0,0.5,0.5,0.5,0.5,0.5,0.506,-0.5,-0.5,-0.5000000000000001,-0.5,-0.4999999999999999,1.0,1.0,plan-c,1.0,0.2481739707835325,0.2481739707835325,0.0,0.157,3.1403902441819667,0.0618911000055959,0.0003573844790617,0.0003819460502898
unitscope-equal,this-work,user-certified,primary,9,6c92deedaf55490b424b3009deca19abc61bcdfe4c92aa36795c1864823c6a96,0.1428571428571428,1,6,1.0,0.5,0.5,0.5,0.5,0.5,0.506,-0.5,-0.5,-0.5000000000000001,-0.5,-0.4999999999999999,1.0,1.0,plan-c,1.0,1.0,0.2481739707835325,0.7518260292164675,1.0,1.3771000703050444,0.0653899000026285,0.0003735688290703,0.0004087153182391
unitscope-tuned,this-work,user-certified,primary,9,6c92deedaf55490b424b3009deca19abc61bcdfe4c92aa36795c1864823c6a96,0.5,1,6,1.0,0.5,0.5,0.5,0.5,0.5,0.506,-0.5,-0.5,-0.5000000000000001,-0.5,-0.4999999999999999,1.0,1.0,plan-c,1.0,1.0,0.2481739707835325,0.7518260292164675,1.0,2.563415733937937,0.0674467000062577,0.0003075799339732,0.0003376701594948
naive-recalibrated-2c,this-work,user-certified,primary,9,6c92deedaf55490b424b3009deca19abc61bcdfe4c92aa36795c1864823c6a96,,1,6,1.0,0.5,0.5,0.5,0.5,0.5,0.506,-0.5,-0.5,-0.5000000000000001,-0.5,-0.4999999999999999,2.0,2.0,plan-delta,2.0,1.0,0.2481739707835325,0.7518260292164675,0.7813229571984436,1.8788121937740865,0.0659638999932212,0.0002328247792278,0.0003038494570331
full-identity-reference,oracle,oracle-assumption,full-identity-reference,9,6c92deedaf55490b424b3009deca19abc61bcdfe4c92aa36795c1864823c6a96,,1,6,1.0,0.5,0.5,0.5,0.5,0.5,0.506,-0.5,-0.5,-0.5000000000000001,-0.5,-0.4999999999999999,1.0,1.0,plan-c,1.0,1.0,0.0,0.0,1.0,6.624629585917011,0.3670856999960961,0.0,1.3227335642052286e-05
non-private-reference,oracle,non-private,diagnostic,9,6c92deedaf55490b424b3009deca19abc61bcdfe4c92aa36795c1864823c6a96,,1,6,1.0,0.5,0.5,0.5,0.5,0.5,0.506,-0.5,-0.5,-0.5000000000000001,-0.5,-0.4999999999999999,,,non-private,0.0,1.0,0.0,0.0,0.0,inf,0.0520172999968053,2.3219644425730063e-05,2.3219644425730063e-05
naive-claimed-c,this-work,unsafe-diagnostic,diagnostic,9,6c92deedaf55490b424b3009deca19abc61bcdfe4c92aa36795c1864823c6a96,,1,6,1.0,0.5,0.5,0.5,0.5,0.5,0.506,-0.5,-0.5,-0.5000000000000001,-0.5,-0.4999999999999999,,2.0,unsafe-diagnostic,1.0,1.0,0.2481739707835325,0.7518260292164675,0.7813229571984436,3.757624387548173,0.0601890000107232,0.0002328247792278,0.0002551097824884
stable-local-fallback,this-work,user-certified,primary,0,b9ba51ed044fe0d81d83a534065b9b46287eb1af721d8a7d3bb9a19b8c08fd7b,0.0,1,6,1.0,0.5,0.5,0.5,0.5,0.5,0.499,-0.5,-0.5,-0.5000000000000001,-0.5,-0.4999999999999999,1.0,1.0,plan-c,1.0,1.0,0.0,1.0,1.0,0.8620311208677749,0.1079349000065121,0.0003701619753889,0.0003827195543725
handle-only-drop-residual,this-work,user-certified,primary,0,b9ba51ed044fe0d81d83a534065b9b46287eb1af721d8a7d3bb9a19b8c08fd7b,1.0,1,6,1.0,0.5,0.5,0.5,0.5,0.5,0.499,-0.5,-0.5,-0.5000000000000001,-0.5,-0.4999999999999999,1.0,1.0,plan-c,1.0,0.2483322214809873,0.2483322214809873,0.0,0.157,2.4426268849515327,0.0669266000040806,0.0003328960943309,0.0003531042715587
unitscope-equal,this-work,user-certified,primary,0,b9ba51ed044fe0d81d83a534065b9b46287eb1af721d8a7d3bb9a19b8c08fd7b,0.1428571428571428,1,6,1.0,0.5,0.5,0.5,0.5,0.5,0.499,-0.5,-0.5,-0.5000000000000001,-0.5,-0.4999999999999999,1.0,1.0,plan-c,1.0,1.0,0.2483322214809873,0.7516677785190127,1.0,1.1820250501227707,0.0803340999991633,0.0003233032115211,0.0003368738305697
unitscope-tuned,this-work,user-certified,primary,0,b9ba51ed044fe0d81d83a534065b9b46287eb1af721d8a7d3bb9a19b8c08fd7b,0.75,1,6,1.0,0.5,0.5,0.5,0.5,0.5,0.499,-0.5,-0.5,-0.5000000000000001,-0.5,-0.4999999999999999,1.0,1.0,plan-c,1.0,1.0,0.2483322214809873,0.7516677785190127,0.7805259047123145,2.4114596153324195,0.1191344999970169,0.0002740488834756,0.0002934630841238
naive-recalibrated-2c,this-work,user-certified,primary,0,b9ba51ed044fe0d81d83a534065b9b46287eb1af721d8a7d3bb9a19b8c08fd7b,,1,6,1.0,0.5,0.5,0.5,0.5,0.5,0.499,-0.5,-0.5,-0.5000000000000001,-0.5,-0.4999999999999999,2.0,2.0,plan-delta,2.0,1.0,0.2483322214809873,0.7516677785190127,0.7805259047123145,1.4904803539050375,0.143007500009844,0.0002068725131255,0.0002887582529844
full-identity-reference,oracle,oracle-assumption,full-identity-reference,0,b9ba51ed044fe0d81d83a534065b9b46287eb1af721d8a7d3bb9a19b8c08fd7b,,1,6,1.0,0.5,0.5,0.5,0.5,0.5,0.499,-0.5,-0.5,-0.5000000000000001,-0.5,-0.4999999999999999,1.0,1.0,plan-c,1.0,1.0,0.0,0.0,1.0,5.17218672520665,0.365826699999161,0.0,1.992534756221455e-05
non-private-reference,oracle,non-private,diagnostic,0,b9ba51ed044fe0d81d83a534065b9b46287eb1af721d8a7d3bb9a19b8c08fd7b,,1,6,1.0,0.5,0.5,0.5,0.5,0.5,0.499,-0.5,-0.5,-0.5000000000000001,-0.5,-0.4999999999999999,,,non-private,0.0,1.0,0.0,0.0,0.0,inf,0.0773984999977983,2.132132978240088e-05,2.132132978240088e-05
naive-claimed-c,this-work,unsafe-diagnostic,diagnostic,0,b9ba51ed044fe0d81d83a534065b9b46287eb1af721d8a7d3bb9a19b8c08fd7b,,1,6,1.0,0.5,0.5,0.5,0.5,0.5,0.499,-0.5,-0.5,-0.5000000000000001,-0.5,-0.4999999999999999,,2.0,unsafe-diagnostic,1.0,1.0,0.2483322214809873,0.7516677785190127,0.7805259047123145,2.980960707810075,0.0682731999986572,0.0002068725131255,0.0002278900354927
stable-local-fallback,this-work,user-certified,primary,1,b9ba51ed044fe0d81d83a534065b9b46287eb1af721d8a7d3bb9a19b8c08fd7b,0.0,1,6,1.0,0.5,0.5,0.5,0.5,0.5,0.4995,-0.5,-0.5,-0.5000000000000001,-0.5,-0.4999999999999999,1.0,1.0,plan-c,1.0,1.0,0.0,1.0,1.0,1.0094106923751132,0.0843483000062406,0.0003715432657781,0.0004067170732188
handle-only-drop-residual,this-work,user-certified,primary,1,b9ba51ed044fe0d81d83a534065b9b46287eb1af721d8a7d3bb9a19b8c08fd7b,1.0,1,6,1.0,0.5,0.5,0.5,0.5,0.5,0.4995,-0.5,-0.5,-0.5000000000000001,-0.5,-0.4999999999999999,1.0,1.0,plan-c,1.0,0.2504168056018673,0.2504168056018673,0.0,0.178,2.920760763382077,0.1044556999986525,0.0002955712704122,0.0003312715003326
unitscope-equal,this-work,user-certified,primary,1,b9ba51ed044fe0d81d83a534065b9b46287eb1af721d8a7d3bb9a19b8c08fd7b,0.1428571428571428,1,6,1.0,0.5,0.5,0.5,0.5,0.5,0.4995,-0.5,-0.5,-0.5000000000000001,-0.5,-0.4999999999999999,1.0,1.0,plan-c,1.0,1.0,0.2504168056018673,0.7495831943981327,1.0,1.2688573862020591,0.092214000003878,0.000344805362426,0.0003800030699024
unitscope-tuned,this-work,user-certified,primary,1,b9ba51ed044fe0d81d83a534065b9b46287eb1af721d8a7d3bb9a19b8c08fd7b,0.75,1,6,1.0,0.5,0.5,0.5,0.5,0.5,0.4995,-0.5,-0.5,-0.5000000000000001,-0.5,-0.4999999999999999,1.0,1.0,plan-c,1.0,1.0,0.2504168056018673,0.7495831943981327,0.7848730698769956,2.791621559010587,0.1102094999951077,0.0002718331725346,0.0003068601295592
naive-recalibrated-2c,this-work,user-certified,primary,1,b9ba51ed044fe0d81d83a534065b9b46287eb1af721d8a7d3bb9a19b8c08fd7b,,1,6,1.0,0.5,0.5,0.5,0.5,0.5,0.4995,-0.5,-0.5,-0.5000000000000001,-0.5,-0.4999999999999999,2.0,2.0,plan-delta,2.0,1.0,0.2504168056018673,0.7495831943981327,0.7848730698769956,1.7633463107409184,0.0913413999951444,0.0001922746881649,0.0002850188098561
full-identity-reference,oracle,oracle-assumption,full-identity-reference,1,b9ba51ed044fe0d81d83a534065b9b46287eb1af721d8a7d3bb9a19b8c08fd7b,,1,6,1.0,0.5,0.5,0.5,0.5,0.5,0.4995,-0.5,-0.5,-0.5000000000000001,-0.5,-0.4999999999999999,1.0,1.0,plan-c,1.0,1.0,0.0,0.0,1.0,6.056464154250676,0.3906207999971229,0.0,1.458591182783476e-05
non-private-reference,oracle,non-private,diagnostic,1,b9ba51ed044fe0d81d83a534065b9b46287eb1af721d8a7d3bb9a19b8c08fd7b,,1,6,1.0,0.5,0.5,0.5,0.5,0.5,0.4995,-0.5,-0.5,-0.5000000000000001,-0.5,-0.4999999999999999,,,non-private,0.0,1.0,0.0,0.0,0.0,inf,0.0469267000007675,2.1400892108823e-05,2.1400892108823e-05
naive-claimed-c,this-work,unsafe-diagnostic,diagnostic,1,b9ba51ed044fe0d81d83a534065b9b46287eb1af721d8a7d3bb9a19b8c08fd7b,,1,6,1.0,0.5,0.5,0.5,0.5,0.5,0.4995,-0.5,-0.5,-0.5000000000000001,-0.5,-0.4999999999999999,,2.0,unsafe-diagnostic,1.0,1.0,0.2504168056018673,0.7495831943981327,0.7848730698769956,3.526692621481837,0.0806865000049583,0.0001922746881649,0.0002240608371826
stable-local-fallback,this-work,user-certified,primary,2,b9ba51ed044fe0d81d83a534065b9b46287eb1af721d8a7d3bb9a19b8c08fd7b,0.0,1,6,1.0,0.5,0.5,0.5,0.5,0.5,0.484,-0.5,-0.5,-0.5000000000000001,-0.5,-0.4999999999999999,1.0,1.0,plan-c,1.0,1.0,0.0,1.0,1.0,0.924537833984859,0.0542004000017186,0.0003407320534019,0.0003796357662149
handle-only-drop-residual,this-work,user-certified,primary,2,b9ba51ed044fe0d81d83a534065b9b46287eb1af721d8a7d3bb9a19b8c08fd7b,1.0,1,6,1.0,0.5,0.5,0.5,0.5,0.5,0.484,-0.5,-0.5,-0.5000000000000001,-0.5,-0.4999999999999999,1.0,1.0,plan-c,1.0,0.2498315363881401,0.2498315363881401,0.0,0.165,2.5697227086212497,0.0604136000038124,0.0003292658537663,0.0003752571760662
unitscope-equal,this-work,user-certified,primary,2,b9ba51ed044fe0d81d83a534065b9b46287eb1af721d8a7d3bb9a19b8c08fd7b,0.1428571428571428,1,6,1.0,0.5,0.5,0.5,0.5,0.5,0.484,-0.5,-0.5,-0.5000000000000001,-0.5,-0.4999999999999999,1.0,1.0,plan-c,1.0,1.0,0.2498315363881401,0.7501684636118598,1.0,1.155641627542502,0.0708966999955009,0.000318140434548,0.0003587514804072
unitscope-tuned,this-work,user-certified,primary,2,b9ba51ed044fe0d81d83a534065b9b46287eb1af721d8a7d3bb9a19b8c08fd7b,0.75,1,6,1.0,0.5,0.5,0.5,0.5,0.5,0.484,-0.5,-0.5,-0.5000000000000001,-0.5,-0.4999999999999999,1.0,1.0,plan-c,1.0,1.0,0.2498315363881401,0.7501684636118598,0.7804364975019721,2.467893610486516,0.0951689000066835,0.000292294163585,0.0003376975161924
naive-recalibrated-2c,this-work,user-certified,primary,2,b9ba51ed044fe0d81d83a534065b9b46287eb1af721d8a7d3bb9a19b8c08fd7b,,1,6,1.0,0.5,0.5,0.5,0.5,0.5,0.484,-0.5,-0.5,-0.5000000000000001,-0.5,-0.4999999999999999,2.0,2.0,plan-delta,2.0,1.0,0.2498315363881401,0.7501684636118598,0.7804364975019721,1.5347550561038683,0.0652617000014288,0.0002175657778564,0.0003328948194595
full-identity-reference,oracle,oracle-assumption,full-identity-reference,2,b9ba51ed044fe0d81d83a534065b9b46287eb1af721d8a7d3bb9a19b8c08fd7b,,1,6,1.0,0.5,0.5,0.5,0.5,0.5,0.484,-0.5,-0.5,-0.5000000000000001,-0.5,-0.4999999999999999,1.0,1.0,plan-c,1.0,1.0,0.0,0.0,1.0,5.547227003909157,0.3695568999974057,0.0,1.5944966299623313e-05
non-private-reference,oracle,non-private,diagnostic,2,b9ba51ed044fe0d81d83a534065b9b46287eb1af721d8a7d3bb9a19b8c08fd7b,,1,6,1.0,0.5,0.5,0.5,0.5,0.5,0.484,-0.5,-0.5,-0.5000000000000001,-0.5,-0.4999999999999999,,,non-private,0.0,1.0,0.0,0.0,0.0,inf,0.0667307999974582,1.9626166275950645e-05,1.9626166275950645e-05
naive-claimed-c,this-work,unsafe-diagnostic,diagnostic,2,b9ba51ed044fe0d81d83a534065b9b46287eb1af721d8a7d3bb9a19b8c08fd7b,,1,6,1.0,0.5,0.5,0.5,0.5,0.5,0.484,-0.5,-0.5,-0.5000000000000001,-0.5,-0.4999999999999999,,2.0,unsafe-diagnostic,1.0,1.0,0.2498315363881401,0.7501684636118598,0.7804364975019721,3.069510112207737,0.0784026999899651,0.0002175657778564,0.0002592853323583
stable-local-fallback,this-work,user-certified,primary,3,b9ba51ed044fe0d81d83a534065b9b46287eb1af721d8a7d3bb9a19b8c08fd7b,0.0,1,6,1.0,0.5,0.5,0.5,0.5,0.5,0.508,-0.5,-0.5,-0.5000000000000001,-0.5,-0.4999999999999999,1.0,1.0,plan-c,1.0,1.0,0.0,1.0,1.0,0.9721511344442122,0.0612629999959608,0.000337770708775,0.0003339809490044
handle-only-drop-residual,this-work,user-certified,primary,3,b9ba51ed044fe0d81d83a534065b9b46287eb1af721d8a7d3bb9a19b8c08fd7b,1.0,1,6,1.0,0.5,0.5,0.5,0.5,0.5,0.508,-0.5,-0.5,-0.5000000000000001,-0.5,-0.4999999999999999,1.0,1.0,plan-c,1.0,0.248342175066313,0.248342175066313,0.0,0.171,2.806541618774093,0.0829702999908477,0.0002740085606061,0.0002761670271088
unitscope-equal,this-work,user-certified,primary,3,b9ba51ed044fe0d81d83a534065b9b46287eb1af721d8a7d3bb9a19b8c08fd7b,0.1428571428571428,1,6,1.0,0.5,0.5,0.5,0.5,0.5,0.508,-0.5,-0.5,-0.5000000000000001,-0.5,-0.4999999999999999,1.0,1.0,plan-c,1.0,1.0,0.248342175066313,0.751657824933687,1.0,1.2475846711238383,0.0899576999945566,0.0003117955079325,0.0003097591425759
unitscope-tuned,this-work,user-certified,primary,3,b9ba51ed044fe0d81d83a534065b9b46287eb1af721d8a7d3bb9a19b8c08fd7b,0.75,1,6,1.0,0.5,0.5,0.5,0.5,0.5,0.508,-0.5,-0.5,-0.5000000000000001,-0.5,-0.4999999999999999,1.0,1.0,plan-c,1.0,1.0,0.248342175066313,0.751657824933687,0.7843953185955787,2.7103277737125238,0.103723499996704,0.0002497760287432,0.0002528297908799
naive-recalibrated-2c,this-work,user-certified,primary,3,b9ba51ed044fe0d81d83a534065b9b46287eb1af721d8a7d3bb9a19b8c08fd7b,,1,6,1.0,0.5,0.5,0.5,0.5,0.5,0.508,-0.5,-0.5,-0.5000000000000001,-0.5,-0.4999999999999999,2.0,2.0,plan-delta,2.0,1.0,0.248342175066313,0.751657824933687,0.7843953185955787,1.699214497034234,0.1087754000036511,0.0001780331513148,0.0002181661006393
full-identity-reference,oracle,oracle-assumption,full-identity-reference,3,b9ba51ed044fe0d81d83a534065b9b46287eb1af721d8a7d3bb9a19b8c08fd7b,,1,6,1.0,0.5,0.5,0.5,0.5,0.5,0.508,-0.5,-0.5,-0.5000000000000001,-0.5,-0.4999999999999999,1.0,1.0,plan-c,1.0,1.0,0.0,0.0,1.0,5.832906806665271,0.3590816999931121,0.0,1.4295995470253785e-05
non-private-reference,oracle,non-private,diagnostic,3,b9ba51ed044fe0d81d83a534065b9b46287eb1af721d8a7d3bb9a19b8c08fd7b,,1,6,1.0,0.5,0.5,0.5,0.5,0.5,0.508,-0.5,-0.5,-0.5000000000000001,-0.5,-0.4999999999999999,,,non-private,0.0,1.0,0.0,0.0,0.0,inf,0.0477427000005263,1.9455592825441785e-05,1.9455592825441785e-05
naive-claimed-c,this-work,unsafe-diagnostic,diagnostic,3,b9ba51ed044fe0d81d83a534065b9b46287eb1af721d8a7d3bb9a19b8c08fd7b,,1,6,1.0,0.5,0.5,0.5,0.5,0.5,0.508,-0.5,-0.5,-0.5000000000000001,-0.5,-0.4999999999999999,,2.0,unsafe-diagnostic,1.0,1.0,0.248342175066313,0.751657824933687,0.7843953185955787,3.398428994068468,0.0619809999916469,0.0001780331513148,0.0001838036305068
stable-local-fallback,this-work,user-certified,primary,4,b9ba51ed044fe0d81d83a534065b9b46287eb1af721d8a7d3bb9a19b8c08fd7b,0.0,1,6,1.0,0.5,0.5,0.5,0.5,0.5,0.502,-0.5,-0.5,-0.5000000000000001,-0.5,-0.4999999999999999,1.0,1.0,plan-c,1.0,1.0,0.0,1.0,1.0,0.8860031641641676,0.0509852999966824,0.0003078870442332,0.0003091212278666
handle-only-drop-residual,this-work,user-certified,primary,4,b9ba51ed044fe0d81d83a534065b9b46287eb1af721d8a7d3bb9a19b8c08fd7b,1.0,1,6,1.0,0.5,0.5,0.5,0.5,0.5,0.502,-0.5,-0.5,-0.5000000000000001,-0.5,-0.4999999999999999,1.0,1.0,plan-c,1.0,0.2470039946737683,0.2470039946737683,0.0,0.158,2.7720857318362926,0.0593253999977605,0.0002945235466352,0.0003128611159028
unitscope-equal,this-work,user-certified,primary,4,b9ba51ed044fe0d81d83a534065b9b46287eb1af721d8a7d3bb9a19b8c08fd7b,0.1428571428571428,1,6,1.0,0.5,0.5,0.5,0.5,0.5,0.502,-0.5,-0.5,-0.5000000000000001,-0.5,-0.4999999999999999,1.0,1.0,plan-c,1.0,1.0,0.2470039946737683,0.7529960053262317,1.0,1.1253838959809148,0.0641756999975768,0.0002854526652864,0.0002906923384264
unitscope-tuned,this-work,user-certified,primary,4,b9ba51ed044fe0d81d83a534065b9b46287eb1af721d8a7d3bb9a19b8c08fd7b,0.75,1,6,1.0,0.5,0.5,0.5,0.5,0.5,0.502,-0.5,-0.5,-0.5000000000000001,-0.5,-0.4999999999999999,1.0,1.0,plan-c,1.0,1.0,0.2470039946737683,0.7529960053262317,0.781071242849714,2.590753453802254,0.0629382999904919,0.0002582951688187,0.0002769364231501
naive-recalibrated-2c,this-work,user-certified,primary,4,b9ba51ed044fe0d81d83a534065b9b46287eb1af721d8a7d3bb9a19b8c08fd7b,,1,6,1.0,0.5,0.5,0.5,0.5,0.5,0.502,-0.5,-0.5,-0.5000000000000001,-0.5,-0.4999999999999999,2.0,2.0,plan-delta,2.0,1.0,0.2470039946737683,0.7529960053262317,0.781071242849714,1.5972425037093,0.0621358999924268,0.0001954052917772,0.000268760216993
full-identity-reference,oracle,oracle-assumption,full-identity-reference,4,b9ba51ed044fe0d81d83a534065b9b46287eb1af721d8a7d3bb9a19b8c08fd7b,,1,6,1.0,0.5,0.5,0.5,0.5,0.5,0.502,-0.5,-0.5,-0.5000000000000001,-0.5,-0.4999999999999999,1.0,1.0,plan-c,1.0,1.0,0.0,0.0,1.0,5.316018984985005,0.3597072000120533,0.0,1.5688479693467358e-05
non-private-reference,oracle,non-private,diagnostic,4,b9ba51ed044fe0d81d83a534065b9b46287eb1af721d8a7d3bb9a19b8c08fd7b,,1,6,1.0,0.5,0.5,0.5,0.5,0.5,0.502,-0.5,-0.5,-0.5000000000000001,-0.5,-0.4999999999999999,,,non-private,0.0,1.0,0.0,0.0,0.0,inf,0.0488384999916888,1.7734293747834803e-05,1.7734293747834803e-05
naive-claimed-c,this-work,unsafe-diagnostic,diagnostic,4,b9ba51ed044fe0d81d83a534065b9b46287eb1af721d8a7d3bb9a19b8c08fd7b,,1,6,1.0,0.5,0.5,0.5,0.5,0.5,0.502,-0.5,-0.5,-0.5000000000000001,-0.5,-0.4999999999999999,,2.0,unsafe-diagnostic,1.0,1.0,0.2470039946737683,0.7529960053262317,0.781071242849714,3.1944850074186,0.0621532999939518,0.0001954052917772,0.0002163942746916
stable-local-fallback,this-work,user-certified,primary,5,b9ba51ed044fe0d81d83a534065b9b46287eb1af721d8a7d3bb9a19b8c08fd7b,0.0,1,6,1.0,0.5,0.5,0.5,0.5,0.5,0.5045,-0.5,-0.5,-0.5000000000000001,-0.5,-0.4999999999999999,1.0,1.0,plan-c,1.0,1.0,0.0,1.0,1.0,0.8260393813678033,0.0691991999919992,0.0003534559335392,0.0003275059370719
handle-only-drop-residual,this-work,user-certified,primary,5,b9ba51ed044fe0d81d83a534065b9b46287eb1af721d8a7d3bb9a19b8c08fd7b,1.0,1,6,1.0,0.5,0.5,0.5,0.5,0.5,0.5045,-0.5,-0.5,-0.5000000000000001,-0.5,-0.4999999999999999,1.0,1.0,plan-c,1.0,0.2497507477567298,0.2497507477567298,0.0,0.171,2.468581982073106,0.061043099995004,0.0002693193428255,0.0002417278449881
unitscope-equal,this-work,user-certified,primary,5,b9ba51ed044fe0d81d83a534065b9b46287eb1af721d8a7d3bb9a19b8c08fd7b,0.1428571428571428,1,6,1.0,0.5,0.5,0.5,0.5,0.5,0.5045,-0.5,-0.5,-0.5000000000000001,-0.5,-0.4999999999999999,1.0,1.0,plan-c,1.0,1.0,0.2497507477567298,0.7502492522432702,1.0,1.1149614873773162,0.0654200999997556,0.0003163099924453,0.0002899263059994
unitscope-tuned,this-work,user-certified,primary,5,b9ba51ed044fe0d81d83a534065b9b46287eb1af721d8a7d3bb9a19b8c08fd7b,0.75,1,6,1.0,0.5,0.5,0.5,0.5,0.5,0.5045,-0.5,-0.5,-0.5000000000000001,-0.5,-0.4999999999999999,1.0,1.0,plan-c,1.0,1.0,0.2497507477567298,0.7502492522432702,0.7840020844189682,2.429158983441937,0.0637021000002278,0.0002402033250012,0.0002138038665156
naive-recalibrated-2c,this-work,user-certified,primary,5,b9ba51ed044fe0d81d83a534065b9b46287eb1af721d8a7d3bb9a19b8c08fd7b,,1,6,1.0,0.5,0.5,0.5,0.5,0.5,0.5045,-0.5,-0.5,-0.5000000000000001,-0.5,-0.4999999999999999,2.0,2.0,plan-delta,2.0,1.0,0.2497507477567298,0.7502492522432702,0.7840020844189682,1.5054748560484847,0.0622870000079274,0.0001711246552552,0.000174745580293
full-identity-reference,oracle,oracle-assumption,full-identity-reference,5,b9ba51ed044fe0d81d83a534065b9b46287eb1af721d8a7d3bb9a19b8c08fd7b,,1,6,1.0,0.5,0.5,0.5,0.5,0.5,0.5045,-0.5,-0.5,-0.5000000000000001,-0.5,-0.4999999999999999,1.0,1.0,plan-c,1.0,1.0,0.0,0.0,1.0,4.956236288206816,0.3383614000049419,0.0,2.0720191381226908e-05
non-private-reference,oracle,non-private,diagnostic,5,b9ba51ed044fe0d81d83a534065b9b46287eb1af721d8a7d3bb9a19b8c08fd7b,,1,6,1.0,0.5,0.5,0.5,0.5,0.5,0.5045,-0.5,-0.5,-0.5000000000000001,-0.5,-0.4999999999999999,,,non-private,0.0,1.0,0.0,0.0,0.0,inf,0.0673435000062454,2.03590617718608e-05,2.03590617718608e-05
naive-claimed-c,this-work,unsafe-diagnostic,diagnostic,5,b9ba51ed044fe0d81d83a534065b9b46287eb1af721d8a7d3bb9a19b8c08fd7b,,1,6,1.0,0.5,0.5,0.5,0.5,0.5,0.5045,-0.5,-0.5,-0.5000000000000001,-0.5,-0.4999999999999999,,2.0,unsafe-diagnostic,1.0,1.0,0.2497507477567298,0.7502492522432702,0.7840020844189682,3.010949712096969,0.0614045999973313,0.0001711246552552,0.0001522149263929
stable-local-fallback,this-work,user-certified,primary,6,b9ba51ed044fe0d81d83a534065b9b46287eb1af721d8a7d3bb9a19b8c08fd7b,0.0,1,6,1.0,0.5,0.5,0.5,0.5,0.5,0.509,-0.5,-0.5,-0.5000000000000001,-0.5,-0.4999999999999999,1.0,1.0,plan-c,1.0,1.0,0.0,1.0,1.0,1.0338327275544192,0.0528229000046849,0.0003433797906984,0.0003283724511094
handle-only-drop-residual,this-work,user-certified,primary,6,b9ba51ed044fe0d81d83a534065b9b46287eb1af721d8a7d3bb9a19b8c08fd7b,1.0,1,6,1.0,0.5,0.5,0.5,0.5,0.5,0.509,-0.5,-0.5,-0.5000000000000001,-0.5,-0.4999999999999999,1.0,1.0,plan-c,1.0,0.25,0.25,0.0,0.171,2.6468355309429423,0.0774248999950941,0.0003502774922162,0.0003472991558035
unitscope-equal,this-work,user-certified,primary,6,b9ba51ed044fe0d81d83a534065b9b46287eb1af721d8a7d3bb9a19b8c08fd7b,0.1428571428571428,1,6,1.0,0.5,0.5,0.5,0.5,0.5,0.509,-0.5,-0.5,-0.5000000000000001,-0.5,-0.4999999999999999,1.0,1.0,plan-c,1.0,1.0,0.25,0.75,1.0,1.234125294141487,0.062360299998545,0.000327925615178,0.0003144673121435
unitscope-tuned,this-work,user-certified,primary,6,b9ba51ed044fe0d81d83a534065b9b46287eb1af721d8a7d3bb9a19b8c08fd7b,0.75,1,6,1.0,0.5,0.5,0.5,0.5,0.5,0.509,-0.5,-0.5,-0.5000000000000001,-0.5,-0.4999999999999999,1.0,1.0,plan-c,1.0,1.0,0.25,0.75,0.7845074083701585,2.5148047033993706,0.0627573000092525,0.0003137017941595,0.0003098554551496
naive-recalibrated-2c,this-work,user-certified,primary,6,b9ba51ed044fe0d81d83a534065b9b46287eb1af721d8a7d3bb9a19b8c08fd7b,,1,6,1.0,0.5,0.5,0.5,0.5,0.5,0.509,-0.5,-0.5,-0.5000000000000001,-0.5,-0.4999999999999999,2.0,2.0,plan-delta,2.0,1.0,0.25,0.75,0.7845074083701585,1.5898454490091882,0.0625833999947644,0.0002330035131466,0.0002613080771938
full-identity-reference,oracle,oracle-assumption,full-identity-reference,6,b9ba51ed044fe0d81d83a534065b9b46287eb1af721d8a7d3bb9a19b8c08fd7b,,1,6,1.0,0.5,0.5,0.5,0.5,0.5,0.509,-0.5,-0.5,-0.5000000000000001,-0.5,-0.4999999999999999,1.0,1.0,plan-c,1.0,1.0,0.0,0.0,1.0,6.202996365326513,0.3402209999912884,0.0,1.2850918528840267e-05
non-private-reference,oracle,non-private,diagnostic,6,b9ba51ed044fe0d81d83a534065b9b46287eb1af721d8a7d3bb9a19b8c08fd7b,,1,6,1.0,0.5,0.5,0.5,0.5,0.5,0.509,-0.5,-0.5,-0.5000000000000001,-0.5,-0.4999999999999999,,,non-private,0.0,1.0,0.0,0.0,0.0,inf,0.0474108999915188,1.977867594423192e-05,1.977867594423192e-05
naive-claimed-c,this-work,unsafe-diagnostic,diagnostic,6,b9ba51ed044fe0d81d83a534065b9b46287eb1af721d8a7d3bb9a19b8c08fd7b,,1,6,1.0,0.5,0.5,0.5,0.5,0.5,0.509,-0.5,-0.5,-0.5000000000000001,-0.5,-0.4999999999999999,,2.0,unsafe-diagnostic,1.0,1.0,0.25,0.75,0.7845074083701585,3.1796908980183765,0.0779289999918546,0.0002330035131466,0.0002343048766414
stable-local-fallback,this-work,user-certified,primary,7,b9ba51ed044fe0d81d83a534065b9b46287eb1af721d8a7d3bb9a19b8c08fd7b,0.0,1,6,1.0,0.5,0.5,0.5,0.5,0.5,0.486,-0.5,-0.5,-0.5000000000000001,-0.5,-0.4999999999999999,1.0,1.0,plan-c,1.0,1.0,0.0,1.0,1.0,0.9061581174813064,0.0526018999953521,0.0002981237120507,0.0003010926955748
handle-only-drop-residual,this-work,user-certified,primary,7,b9ba51ed044fe0d81d83a534065b9b46287eb1af721d8a7d3bb9a19b8c08fd7b,1.0,1,6,1.0,0.5,0.5,0.5,0.5,0.5,0.486,-0.5,-0.5,-0.5000000000000001,-0.5,-0.4999999999999999,1.0,1.0,plan-c,1.0,0.2489905787348587,0.2489905787348587,0.0,0.159,2.712025164932587,0.0600537999998778,0.0002846223146714,0.0002767963702141
unitscope-equal,this-work,user-certified,primary,7,b9ba51ed044fe0d81d83a534065b9b46287eb1af721d8a7d3bb9a19b8c08fd7b,0.1428571428571428,1,6,1.0,0.5,0.5,0.5,0.5,0.5,0.486,-0.5,-0.5,-0.5000000000000001,-0.5,-0.4999999999999999,1.0,1.0,plan-c,1.0,1.0,0.2489905787348587,0.7510094212651414,1.0,1.1719269678974065,0.0617951000022003,0.0002731998062954,0.000276208712123
unitscope-tuned,this-work,user-certified,primary,7,b9ba51ed044fe0d81d83a534065b9b46287eb1af721d8a7d3bb9a19b8c08fd7b,0.75,1,6,1.0,0.5,0.5,0.5,0.5,0.5,0.486,-0.5,-0.5,-0.5000000000000001,-0.5,-0.4999999999999999,1.0,1.0,plan-c,1.0,1.0,0.2489905787348587,0.7510094212651414,0.7794387621295568,2.588220108325945,0.0791238999954657,0.0002472698315186,0.0002429494126979
naive-recalibrated-2c,this-work,user-certified,primary,7,b9ba51ed044fe0d81d83a534065b9b46287eb1af721d8a7d3bb9a19b8c08fd7b,,1,6,1.0,0.5,0.5,0.5,0.5,0.5,0.486,-0.5,-0.5,-0.5000000000000001,-0.5,-0.4999999999999999,2.0,2.0,plan-delta,2.0,1.0,0.2489905787348587,0.7510094212651414,0.7794387621295568,1.593273850604433,0.0629364000051282,0.0001867162452744,0.0002080774376368
full-identity-reference,oracle,oracle-assumption,full-identity-reference,7,b9ba51ed044fe0d81d83a534065b9b46287eb1af721d8a7d3bb9a19b8c08fd7b,,1,6,1.0,0.5,0.5,0.5,0.5,0.5,0.486,-0.5,-0.5,-0.5000000000000001,-0.5,-0.4999999999999999,1.0,1.0,plan-c,1.0,1.0,0.0,0.0,1.0,5.436948704887834,0.342189100003452,0.0,1.4522739286817303e-05
non-private-reference,oracle,non-private,diagnostic,7,b9ba51ed044fe0d81d83a534065b9b46287eb1af721d8a7d3bb9a19b8c08fd7b,,1,6,1.0,0.5,0.5,0.5,0.5,0.5,0.486,-0.5,-0.5,-0.5000000000000001,-0.5,-0.4999999999999999,,,non-private,0.0,1.0,0.0,0.0,0.0,inf,0.0467891000007512,1.717192581412382e-05,1.717192581412382e-05
naive-claimed-c,this-work,unsafe-diagnostic,diagnostic,7,b9ba51ed044fe0d81d83a534065b9b46287eb1af721d8a7d3bb9a19b8c08fd7b,,1,6,1.0,0.5,0.5,0.5,0.5,0.5,0.486,-0.5,-0.5,-0.5000000000000001,-0.5,-0.4999999999999999,,2.0,unsafe-diagnostic,1.0,1.0,0.2489905787348587,0.7510094212651414,0.7794387621295568,3.186547701208866,0.0604521999921416,0.0001867162452744,0.0001828741021688
stable-local-fallback,this-work,user-certified,primary,8,b9ba51ed044fe0d81d83a534065b9b46287eb1af721d8a7d3bb9a19b8c08fd7b,0.0,1,6,1.0,0.5,0.5,0.5,0.5,0.5,0.4875,-0.5,-0.5,-0.5000000000000002,-0.5,-0.4999999999999999,1.0,1.0,plan-c,1.0,1.0,0.0,1.0,1.0,0.9666389029998956,0.0506619999941904,0.000412906560909,0.0004798067866037
handle-only-drop-residual,this-work,user-certified,primary,8,b9ba51ed044fe0d81d83a534065b9b46287eb1af721d8a7d3bb9a19b8c08fd7b,1.0,1,6,1.0,0.5,0.5,0.5,0.5,0.5,0.4875,-0.5,-0.5,-0.5000000000000002,-0.5,-0.4999999999999999,1.0,1.0,plan-c,1.0,0.2510924369747899,0.2510924369747899,0.0,0.139,2.46583830296524,0.0582653999881586,0.0004526764766732,0.0005061645341803
unitscope-equal,this-work,user-certified,primary,8,b9ba51ed044fe0d81d83a534065b9b46287eb1af721d8a7d3bb9a19b8c08fd7b,0.1428571428571428,1,6,1.0,0.5,0.5,0.5,0.5,0.5,0.4875,-0.5,-0.5,-0.5000000000000002,-0.5,-0.4999999999999999,1.0,1.0,plan-c,1.0,1.0,0.2510924369747899,0.7489075630252101,1.0,1.187715388684544,0.0616737999953329,0.0003905245573619,0.0004545979440533
unitscope-tuned,this-work,user-certified,primary,8,b9ba51ed044fe0d81d83a534065b9b46287eb1af721d8a7d3bb9a19b8c08fd7b,0.75,1,6,1.0,0.5,0.5,0.5,0.5,0.5,0.4875,-0.5,-0.5,-0.5000000000000002,-0.5,-0.4999999999999999,1.0,1.0,plan-c,1.0,1.0,0.2510924369747899,0.7489075630252101,0.7755474452554745,2.4263320801759845,0.0614418000041041,0.0004000338217715,0.0004526582370473
naive-recalibrated-2c,this-work,user-certified,primary,8,b9ba51ed044fe0d81d83a534065b9b46287eb1af721d8a7d3bb9a19b8c08fd7b,,1,6,1.0,0.5,0.5,0.5,0.5,0.5,0.4875,-0.5,-0.5,-0.5000000000000002,-0.5,-0.4999999999999999,2.0,2.0,plan-delta,2.0,1.0,0.2510924369747899,0.7489075630252101,0.7755474452554745,1.487579505661654,0.0810573000053409,0.0003036494176189,0.0004281135633652
full-identity-reference,oracle,oracle-assumption,full-identity-reference,8,b9ba51ed044fe0d81d83a534065b9b46287eb1af721d8a7d3bb9a19b8c08fd7b,,1,6,1.0,0.5,0.5,0.5,0.5,0.5,0.4875,-0.5,-0.5,-0.5000000000000002,-0.5,-0.4999999999999999,1.0,1.0,plan-c,1.0,1.0,0.0,0.0,1.0,5.799833417999374,0.3539488000096753,0.0,1.7675969185463054e-05
non-private-reference,oracle,non-private,diagnostic,8,b9ba51ed044fe0d81d83a534065b9b46287eb1af721d8a7d3bb9a19b8c08fd7b,,1,6,1.0,0.5,0.5,0.5,0.5,0.5,0.4875,-0.5,-0.5,-0.5000000000000002,-0.5,-0.4999999999999999,,,non-private,0.0,1.0,0.0,0.0,0.0,inf,0.0495329999976092,2.378341790836332e-05,2.378341790836332e-05
naive-claimed-c,this-work,unsafe-diagnostic,diagnostic,8,b9ba51ed044fe0d81d83a534065b9b46287eb1af721d8a7d3bb9a19b8c08fd7b,,1,6,1.0,0.5,0.5,0.5,0.5,0.5,0.4875,-0.5,-0.5,-0.5000000000000002,-0.5,-0.4999999999999999,,2.0,unsafe-diagnostic,1.0,1.0,0.2510924369747899,0.7489075630252101,0.7755474452554745,2.975159011323308,0.0670925000013085,0.0003036494176189,0.0003482055213066
stable-local-fallback,this-work,user-certified,primary,9,b9ba51ed044fe0d81d83a534065b9b46287eb1af721d8a7d3bb9a19b8c08fd7b,0.0,1,6,1.0,0.5,0.5,0.5,0.5,0.5,0.506,-0.5,-0.5,-0.5000000000000001,-0.5,-0.4999999999999999,1.0,1.0,plan-c,1.0,1.0,0.0,1.0,1.0,1.1041049309861684,0.0631270000012591,0.0004031188268355,0.0004381946849385
handle-only-drop-residual,this-work,user-certified,primary,9,b9ba51ed044fe0d81d83a534065b9b46287eb1af721d8a7d3bb9a19b8c08fd7b,1.0,1,6,1.0,0.5,0.5,0.5,0.5,0.5,0.506,-0.5,-0.5,-0.5000000000000001,-0.5,-0.4999999999999999,1.0,1.0,plan-c,1.0,0.2481739707835325,0.2481739707835325,0.0,0.157,3.1403902441819667,0.0739180999953532,0.0003573844790617,0.0003819460502898
unitscope-equal,this-work,user-certified,primary,9,b9ba51ed044fe0d81d83a534065b9b46287eb1af721d8a7d3bb9a19b8c08fd7b,0.1428571428571428,1,6,1.0,0.5,0.5,0.5,0.5,0.5,0.506,-0.5,-0.5,-0.5000000000000001,-0.5,-0.4999999999999999,1.0,1.0,plan-c,1.0,1.0,0.2481739707835325,0.7518260292164675,1.0,1.3771000703050444,0.0686101000028429,0.0003735688290703,0.0004087153182391
unitscope-tuned,this-work,user-certified,primary,9,b9ba51ed044fe0d81d83a534065b9b46287eb1af721d8a7d3bb9a19b8c08fd7b,0.75,1,6,1.0,0.5,0.5,0.5,0.5,0.5,0.506,-0.5,-0.5,-0.5000000000000001,-0.5,-0.4999999999999999,1.0,1.0,plan-c,1.0,1.0,0.2481739707835325,0.7518260292164675,0.7813229571984436,2.983588759407076,0.0683759999956237,0.0003183927046155,0.0003455248386388
naive-recalibrated-2c,this-work,user-certified,primary,9,b9ba51ed044fe0d81d83a534065b9b46287eb1af721d8a7d3bb9a19b8c08fd7b,,1,6,1.0,0.5,0.5,0.5,0.5,0.5,0.506,-0.5,-0.5,-0.5000000000000001,-0.5,-0.4999999999999999,2.0,2.0,plan-delta,2.0,1.0,0.2481739707835325,0.7518260292164675,0.7813229571984436,1.8788121937740865,0.0688372000004164,0.0002328247792278,0.0003038494570331
full-identity-reference,oracle,oracle-assumption,full-identity-reference,9,b9ba51ed044fe0d81d83a534065b9b46287eb1af721d8a7d3bb9a19b8c08fd7b,,1,6,1.0,0.5,0.5,0.5,0.5,0.5,0.506,-0.5,-0.5,-0.5000000000000001,-0.5,-0.4999999999999999,1.0,1.0,plan-c,1.0,1.0,0.0,0.0,1.0,6.624629585917011,0.3768168000096921,0.0,1.3227335642052286e-05
non-private-reference,oracle,non-private,diagnostic,9,b9ba51ed044fe0d81d83a534065b9b46287eb1af721d8a7d3bb9a19b8c08fd7b,,1,6,1.0,0.5,0.5,0.5,0.5,0.5,0.506,-0.5,-0.5,-0.5000000000000001,-0.5,-0.4999999999999999,,,non-private,0.0,1.0,0.0,0.0,0.0,inf,0.0505248999979812,2.3219644425730063e-05,2.3219644425730063e-05
naive-claimed-c,this-work,unsafe-diagnostic,diagnostic,9,b9ba51ed044fe0d81d83a534065b9b46287eb1af721d8a7d3bb9a19b8c08fd7b,,1,6,1.0,0.5,0.5,0.5,0.5,0.5,0.506,-0.5,-0.5,-0.5000000000000001,-0.5,-0.4999999999999999,,2.0,unsafe-diagnostic,1.0,1.0,0.2481739707835325,0.7518260292164675,0.7813229571984436,3.757624387548173,0.066516999999294,0.0002328247792278,0.0002551097824884
stable-local-fallback,this-work,user-certified,primary,0,5a1a0d9face92aec0a0f641341aa62346ee1398565778501f38bf6cc267e64e8,0.0,1,6,1.0,0.5,0.5,0.5,0.5,0.5,0.499,-0.5,-0.5,-0.5000000000000001,-0.5,-0.4999999999999999,1.0,1.0,plan-c,1.0,1.0,0.0,1.0,1.0,0.8620311208677749,0.0740648000064538,0.0003701619753889,0.0003827195543725
handle-only-drop-residual,this-work,user-certified,primary,0,5a1a0d9face92aec0a0f641341aa62346ee1398565778501f38bf6cc267e64e8,1.0,1,6,1.0,0.5,0.5,0.5,0.5,0.5,0.499,-0.5,-0.5,-0.5000000000000001,-0.5,-0.4999999999999999,1.0,1.0,plan-c,1.0,0.2483322214809873,0.2483322214809873,0.0,0.157,2.4426268849515327,0.0633366999973077,0.0003328960943309,0.0003531042715587
unitscope-equal,this-work,user-certified,primary,0,5a1a0d9face92aec0a0f641341aa62346ee1398565778501f38bf6cc267e64e8,0.1428571428571428,1,6,1.0,0.5,0.5,0.5,0.5,0.5,0.499,-0.5,-0.5,-0.5000000000000001,-0.5,-0.4999999999999999,1.0,1.0,plan-c,1.0,1.0,0.2483322214809873,0.7516677785190127,1.0,1.1820250501227707,0.0654140000115148,0.0003233032115211,0.0003368738305697
unitscope-tuned,this-work,user-certified,primary,0,5a1a0d9face92aec0a0f641341aa62346ee1398565778501f38bf6cc267e64e8,0.9,1,6,1.0,0.5,0.5,0.5,0.5,0.5,0.499,-0.5,-0.5,-0.5000000000000001,-0.5,-0.4999999999999999,1.0,1.0,plan-c,1.0,1.0,0.2483322214809873,0.7516677785190127,0.7805259047123145,2.4189320749677456,0.0683071999956155,0.0003082677265207,0.0003281583131167
naive-recalibrated-2c,this-work,user-certified,primary,0,5a1a0d9face92aec0a0f641341aa62346ee1398565778501f38bf6cc267e64e8,,1,6,1.0,0.5,0.5,0.5,0.5,0.5,0.499,-0.5,-0.5,-0.5000000000000001,-0.5,-0.4999999999999999,2.0,2.0,plan-delta,2.0,1.0,0.2483322214809873,0.7516677785190127,0.7805259047123145,1.4904803539050375,0.0663462999946205,0.0002068725131255,0.0002887582529844
full-identity-reference,oracle,oracle-assumption,full-identity-reference,0,5a1a0d9face92aec0a0f641341aa62346ee1398565778501f38bf6cc267e64e8,,1,6,1.0,0.5,0.5,0.5,0.5,0.5,0.499,-0.5,-0.5,-0.5000000000000001,-0.5,-0.4999999999999999,1.0,1.0,plan-c,1.0,1.0,0.0,0.0,1.0,5.17218672520665,0.3547296000033384,0.0,1.992534756221455e-05
non-private-reference,oracle,non-private,diagnostic,0,5a1a0d9face92aec0a0f641341aa62346ee1398565778501f38bf6cc267e64e8,,1,6,1.0,0.5,0.5,0.5,0.5,0.5,0.499,-0.5,-0.5,-0.5000000000000001,-0.5,-0.4999999999999999,,,non-private,0.0,1.0,0.0,0.0,0.0,inf,0.0638631000038003,2.132132978240088e-05,2.132132978240088e-05
naive-claimed-c,this-work,unsafe-diagnostic,diagnostic,0,5a1a0d9face92aec0a0f641341aa62346ee1398565778501f38bf6cc267e64e8,,1,6,1.0,0.5,0.5,0.5,0.5,0.5,0.499,-0.5,-0.5,-0.5000000000000001,-0.5,-0.4999999999999999,,2.0,unsafe-diagnostic,1.0,1.0,0.2483322214809873,0.7516677785190127,0.7805259047123145,2.980960707810075,0.0615652999986195,0.0002068725131255,0.0002278900354927
stable-local-fallback,this-work,user-certified,primary,1,5a1a0d9face92aec0a0f641341aa62346ee1398565778501f38bf6cc267e64e8,0.0,1,6,1.0,0.5,0.5,0.5,0.5,0.5,0.4995,-0.5,-0.5,-0.5000000000000001,-0.5,-0.4999999999999999,1.0,1.0,plan-c,1.0,1.0,0.0,1.0,1.0,1.0094106923751132,0.0513380000047618,0.0003715432657781,0.0004067170732188
handle-only-drop-residual,this-work,user-certified,primary,1,5a1a0d9face92aec0a0f641341aa62346ee1398565778501f38bf6cc267e64e8,1.0,1,6,1.0,0.5,0.5,0.5,0.5,0.5,0.4995,-0.5,-0.5,-0.5000000000000001,-0.5,-0.4999999999999999,1.0,1.0,plan-c,1.0,0.2504168056018673,0.2504168056018673,0.0,0.178,2.920760763382077,0.079313700000057,0.0002955712704122,0.0003312715003326
unitscope-equal,this-work,user-certified,primary,1,5a1a0d9face92aec0a0f641341aa62346ee1398565778501f38bf6cc267e64e8,0.1428571428571428,1,6,1.0,0.5,0.5,0.5,0.5,0.5,0.4995,-0.5,-0.5,-0.5000000000000001,-0.5,-0.4999999999999999,1.0,1.0,plan-c,1.0,1.0,0.2504168056018673,0.7495831943981327,1.0,1.2688573862020591,0.060448100004578,0.000344805362426,0.0003800030699024
unitscope-tuned,this-work,user-certified,primary,1,5a1a0d9face92aec0a0f641341aa62346ee1398565778501f38bf6cc267e64e8,0.9,1,6,1.0,0.5,0.5,0.5,0.5,0.5,0.4995,-0.5,-0.5,-0.5000000000000001,-0.5,-0.4999999999999999,1.0,1.0,plan-c,1.0,1.0,0.2504168056018673,0.7495831943981327,0.7848730698769956,2.8600731659389607,0.0610287000017706,0.0002852628970283,0.0003206938177904
naive-recalibrated-2c,this-work,user-certified,primary,1,5a1a0d9face92aec0a0f641341aa62346ee1398565778501f38bf6cc267e64e8,,1,6,1.0,0.5,0.5,0.5,0.5,0.5,0.4995,-0.5,-0.5,-0.5000000000000001,-0.5,-0.4999999999999999,2.0,2.0,plan-delta,2.0,1.0,0.2504168056018673,0.7495831943981327,0.7848730698769956,1.7633463107409184,0.0726847999903839,0.0001922746881649,0.0002850188098561
full-identity-reference,oracle,oracle-assumption,full-identity-reference,1,5a1a0d9face92aec0a0f641341aa62346ee1398565778501f38bf6cc267e64e8,,1,6,1.0,0.5,0.5,0.5,0.5,0.5,0.4995,-0.5,-0.5,-0.5000000000000001,-0.5,-0.4999999999999999,1.0,1.0,plan-c,1.0,1.0,0.0,0.0,1.0,6.056464154250676,0.3422567999950843,0.0,1.458591182783476e-05
non-private-reference,oracle,non-private,diagnostic,1,5a1a0d9face92aec0a0f641341aa62346ee1398565778501f38bf6cc267e64e8,,1,6,1.0,0.5,0.5,0.5,0.5,0.5,0.4995,-0.5,-0.5,-0.5000000000000001,-0.5,-0.4999999999999999,,,non-private,0.0,1.0,0.0,0.0,0.0,inf,0.0472026000061305,2.1400892108823e-05,2.1400892108823e-05
naive-claimed-c,this-work,unsafe-diagnostic,diagnostic,1,5a1a0d9face92aec0a0f641341aa62346ee1398565778501f38bf6cc267e64e8,,1,6,1.0,0.5,0.5,0.5,0.5,0.5,0.4995,-0.5,-0.5,-0.5000000000000001,-0.5,-0.4999999999999999,,2.0,unsafe-diagnostic,1.0,1.0,0.2504168056018673,0.7495831943981327,0.7848730698769956,3.526692621481837,0.0749931000027572,0.0001922746881649,0.0002240608371826
stable-local-fallback,this-work,user-certified,primary,2,5a1a0d9face92aec0a0f641341aa62346ee1398565778501f38bf6cc267e64e8,0.0,1,6,1.0,0.5,0.5,0.5,0.5,0.5,0.484,-0.5,-0.5,-0.5000000000000001,-0.5,-0.4999999999999999,1.0,1.0,plan-c,1.0,1.0,0.0,1.0,1.0,0.924537833984859,0.0499666000105207,0.0003407320534019,0.0003796357662149
handle-only-drop-residual,this-work,user-certified,primary,2,5a1a0d9face92aec0a0f641341aa62346ee1398565778501f38bf6cc267e64e8,1.0,1,6,1.0,0.5,0.5,0.5,0.5,0.5,0.484,-0.5,-0.5,-0.5000000000000001,-0.5,-0.4999999999999999,1.0,1.0,plan-c,1.0,0.2498315363881401,0.2498315363881401,0.0,0.165,2.5697227086212497,0.0586995000048773,0.0003292658537663,0.0003752571760662
unitscope-equal,this-work,user-certified,primary,2,5a1a0d9face92aec0a0f641341aa62346ee1398565778501f38bf6cc267e64e8,0.1428571428571428,1,6,1.0,0.5,0.5,0.5,0.5,0.5,0.484,-0.5,-0.5,-0.5000000000000001,-0.5,-0.4999999999999999,1.0,1.0,plan-c,1.0,1.0,0.2498315363881401,0.7501684636118598,1.0,1.155641627542502,0.0617466999974567,0.000318140434548,0.0003587514804072
unitscope-tuned,this-work,user-certified,primary,2,5a1a0d9face92aec0a0f641341aa62346ee1398565778501f38bf6cc267e64e8,0.9,1,6,1.0,0.5,0.5,0.5,0.5,0.5,0.484,-0.5,-0.5,-0.5000000000000001,-0.5,-0.4999999999999999,1.0,1.0,plan-c,1.0,1.0,0.2498315363881401,0.7501684636118598,0.7804364975019721,2.519166339371971,0.0791933000000426,0.0003136466780144,0.0003594028124373
naive-recalibrated-2c,this-work,user-certified,primary,2,5a1a0d9face92aec0a0f641341aa62346ee1398565778501f38bf6cc267e64e8,,1,6,1.0,0.5,0.5,0.5,0.5,0.5,0.484,-0.5,-0.5,-0.5000000000000001,-0.5,-0.4999999999999999,2.0,2.0,plan-delta,2.0,1.0,0.2498315363881401,0.7501684636118598,0.7804364975019721,1.5347550561038683,0.063314499988337,0.0002175657778564,0.0003328948194595
full-identity-reference,oracle,oracle-assumption,full-identity-reference,2,5a1a0d9face92aec0a0f641341aa62346ee1398565778501f38bf6cc267e64e8,,1,6,1.0,0.5,0.5,0.5,0.5,0.5,0.484,-0.5,-0.5,-0.5000000000000001,-0.5,-0.4999999999999999,1.0,1.0,plan-c,1.0,1.0,0.0,0.0,1.0,5.547227003909157,0.3407388999912655,0.0,1.5944966299623313e-05
non-private-reference,oracle,non-private,diagnostic,2,5a1a0d9face92aec0a0f641341aa62346ee1398565778501f38bf6cc267e64e8,,1,6,1.0,0.5,0.5,0.5,0.5,0.5,0.484,-0.5,-0.5,-0.5000000000000001,-0.5,-0.4999999999999999,,,non-private,0.0,1.0,0.0,0.0,0.0,inf,0.0481096000003162,1.9626166275950645e-05,1.9626166275950645e-05
naive-claimed-c,this-work,unsafe-diagnostic,diagnostic,2,5a1a0d9face92aec0a0f641341aa62346ee1398565778501f38bf6cc267e64e8,,1,6,1.0,0.5,0.5,0.5,0.5,0.5,0.484,-0.5,-0.5,-0.5000000000000001,-0.5,-0.4999999999999999,,2.0,unsafe-diagnostic,1.0,1.0,0.2498315363881401,0.7501684636118598,0.7804364975019721,3.069510112207737,0.06137189999572,0.0002175657778564,0.0002592853323583
stable-local-fallback,this-work,user-certified,primary,3,5a1a0d9face92aec0a0f641341aa62346ee1398565778501f38bf6cc267e64e8,0.0,1,6,1.0,0.5,0.5,0.5,0.5,0.5,0.508,-0.5,-0.5,-0.5000000000000001,-0.5,-0.4999999999999999,1.0,1.0,plan-c,1.0,1.0,0.0,1.0,1.0,0.9721511344442122,0.0506598000065423,0.000337770708775,0.0003339809490044
handle-only-drop-residual,this-work,user-certified,primary,3,5a1a0d9face92aec0a0f641341aa62346ee1398565778501f38bf6cc267e64e8,1.0,1,6,1.0,0.5,0.5,0.5,0.5,0.5,0.508,-0.5,-0.5,-0.5000000000000001,-0.5,-0.4999999999999999,1.0,1.0,plan-c,1.0,0.248342175066313,0.248342175066313,0.0,0.171,2.806541618774093,0.0583895000017946,0.0002740085606061,0.0002761670271088
unitscope-equal,this-work,user-certified,primary,3,5a1a0d9face92aec0a0f641341aa62346ee1398565778501f38bf6cc267e64e8,0.1428571428571428,1,6,1.0,0.5,0.5,0.5,0.5,0.5,0.508,-0.5,-0.5,-0.5000000000000001,-0.5,-0.4999999999999999,1.0,1.0,plan-c,1.0,1.0,0.248342175066313,0.751657824933687,1.0,1.2475846711238383,0.0602875000040512,0.0003117955079325,0.0003097591425759
unitscope-tuned,this-work,user-certified,primary,3,5a1a0d9face92aec0a0f641341aa62346ee1398565778501f38bf6cc267e64e8,0.9,1,6,1.0,0.5,0.5,0.5,0.5,0.5,0.508,-0.5,-0.5,-0.5000000000000001,-0.5,-0.4999999999999999,1.0,1.0,plan-c,1.0,1.0,0.248342175066313,0.751657824933687,0.7843953185955787,2.757648236911481,0.0616960000043036,0.000263461614133,0.0002659781988893
naive-recalibrated-2c,this-work,user-certified,primary,3,5a1a0d9face92aec0a0f641341aa62346ee1398565778501f38bf6cc267e64e8,,1,6,1.0,0.5,0.5,0.5,0.5,0.5,0.508,-0.5,-0.5,-0.5000000000000001,-0.5,-0.4999999999999999,2.0,2.0,plan-delta,2.0,1.0,0.248342175066313,0.751657824933687,0.7843953185955787,1.699214497034234,0.0787841999990632,0.0001780331513148,0.0002181661006393
full-identity-reference,oracle,oracle-assumption,full-identity-reference,3,5a1a0d9face92aec0a0f641341aa62346ee1398565778501f38bf6cc267e64e8,,1,6,1.0,0.5,0.5,0.5,0.5,0.5,0.508,-0.5,-0.5,-0.5000000000000001,-0.5,-0.4999999999999999,1.0,1.0,plan-c,1.0,1.0,0.0,0.0,1.0,5.832906806665271,0.3435479000036139,0.0,1.4295995470253785e-05
non-private-reference,oracle,non-private,diagnostic,3,5a1a0d9face92aec0a0f641341aa62346ee1398565778501f38bf6cc267e64e8,,1,6,1.0,0.5,0.5,0.5,0.5,0.5,0.508,-0.5,-0.5,-0.5000000000000001,-0.5,-0.4999999999999999,,,non-private,0.0,1.0,0.0,0.0,0.0,inf,0.0488238999969325,1.9455592825441785e-05,1.9455592825441785e-05
naive-claimed-c,this-work,unsafe-diagnostic,diagnostic,3,5a1a0d9face92aec0a0f641341aa62346ee1398565778501f38bf6cc267e64e8,,1,6,1.0,0.5,0.5,0.5,0.5,0.5,0.508,-0.5,-0.5,-0.5000000000000001,-0.5,-0.4999999999999999,,2.0,unsafe-diagnostic,1.0,1.0,0.248342175066313,0.751657824933687,0.7843953185955787,3.398428994068468,0.0634941000025719,0.0001780331513148,0.0001838036305068
stable-local-fallback,this-work,user-certified,primary,4,5a1a0d9face92aec0a0f641341aa62346ee1398565778501f38bf6cc267e64e8,0.0,1,6,1.0,0.5,0.5,0.5,0.5,0.5,0.502,-0.5,-0.5,-0.5000000000000001,-0.5,-0.4999999999999999,1.0,1.0,plan-c,1.0,1.0,0.0,1.0,1.0,0.8860031641641676,0.0509495000005699,0.0003078870442332,0.0003091212278666
handle-only-drop-residual,this-work,user-certified,primary,4,5a1a0d9face92aec0a0f641341aa62346ee1398565778501f38bf6cc267e64e8,1.0,1,6,1.0,0.5,0.5,0.5,0.5,0.5,0.502,-0.5,-0.5,-0.5000000000000001,-0.5,-0.4999999999999999,1.0,1.0,plan-c,1.0,0.2470039946737683,0.2470039946737683,0.0,0.158,2.7720857318362926,0.0592369000078178,0.0002945235466352,0.0003128611159028
unitscope-equal,this-work,user-certified,primary,4,5a1a0d9face92aec0a0f641341aa62346ee1398565778501f38bf6cc267e64e8,0.1428571428571428,1,6,1.0,0.5,0.5,0.5,0.5,0.5,0.502,-0.5,-0.5,-0.5000000000000001,-0.5,-0.4999999999999999,1.0,1.0,plan-c,1.0,1.0,0.2470039946737683,0.7529960053262317,1.0,1.1253838959809148,0.0615958999987924,0.0002854526652864,0.0002906923384264
unitscope-tuned,this-work,user-certified,primary,4,5a1a0d9face92aec0a0f641341aa62346ee1398565778501f38bf6cc267e64e8,0.9,1,6,1.0,0.5,0.5,0.5,0.5,0.5,0.502,-0.5,-0.5,-0.5000000000000001,-0.5,-0.4999999999999999,1.0,1.0,plan-c,1.0,1.0,0.2470039946737683,0.7529960053262317,0.781071242849714,2.6895723118364683,0.0618644000060157,0.00027906456545,0.0002975236087432
naive-recalibrated-2c,this-work,user-certified,primary,4,5a1a0d9face92aec0a0f641341aa62346ee1398565778501f38bf6cc267e64e8,,1,6,1.0,0.5,0.5,0.5,0.5,0.5,0.502,-0.5,-0.5,-0.5000000000000001,-0.5,-0.4999999999999999,2.0,2.0,plan-delta,2.0,1.0,0.2470039946737683,0.7529960053262317,0.781071242849714,1.5972425037093,0.0629583999980241,0.0001954052917772,0.000268760216993
full-identity-reference,oracle,oracle-assumption,full-identity-reference,4,5a1a0d9face92aec0a0f641341aa62346ee1398565778501f38bf6cc267e64e8,,1,6,1.0,0.5,0.5,0.5,0.5,0.5,0.502,-0.5,-0.5,-0.5000000000000001,-0.5,-0.4999999999999999,1.0,1.0,plan-c,1.0,1.0,0.0,0.0,1.0,5.316018984985005,0.362774499997613,0.0,1.5688479693467358e-05
non-private-reference,oracle,non-private,diagnostic,4,5a1a0d9face92aec0a0f641341aa62346ee1398565778501f38bf6cc267e64e8,,1,6,1.0,0.5,0.5,0.5,0.5,0.5,0.502,-0.5,-0.5,-0.5000000000000001,-0.5,-0.4999999999999999,,,non-private,0.0,1.0,0.0,0.0,0.0,inf,0.048469200002728,1.7734293747834803e-05,1.7734293747834803e-05
naive-claimed-c,this-work,unsafe-diagnostic,diagnostic,4,5a1a0d9face92aec0a0f641341aa62346ee1398565778501f38bf6cc267e64e8,,1,6,1.0,0.5,0.5,0.5,0.5,0.5,0.502,-0.5,-0.5,-0.5000000000000001,-0.5,-0.4999999999999999,,2.0,unsafe-diagnostic,1.0,1.0,0.2470039946737683,0.7529960053262317,0.781071242849714,3.1944850074186,0.0608643000014126,0.0001954052917772,0.0002163942746916
stable-local-fallback,this-work,user-certified,primary,5,5a1a0d9face92aec0a0f641341aa62346ee1398565778501f38bf6cc267e64e8,0.0,1,6,1.0,0.5,0.5,0.5,0.5,0.5,0.5045,-0.5,-0.5,-0.5000000000000001,-0.5,-0.4999999999999999,1.0,1.0,plan-c,1.0,1.0,0.0,1.0,1.0,0.8260393813678033,0.0754182000091532,0.0003534559335392,0.0003275059370719
handle-only-drop-residual,this-work,user-certified,primary,5,5a1a0d9face92aec0a0f641341aa62346ee1398565778501f38bf6cc267e64e8,1.0,1,6,1.0,0.5,0.5,0.5,0.5,0.5,0.5045,-0.5,-0.5,-0.5000000000000001,-0.5,-0.4999999999999999,1.0,1.0,plan-c,1.0,0.2497507477567298,0.2497507477567298,0.0,0.171,2.468581982073106,0.0628323999990243,0.0002693193428255,0.0002417278449881
unitscope-equal,this-work,user-certified,primary,5,5a1a0d9face92aec0a0f641341aa62346ee1398565778501f38bf6cc267e64e8,0.1428571428571428,1,6,1.0,0.5,0.5,0.5,0.5,0.5,0.5045,-0.5,-0.5,-0.5000000000000001,-0.5,-0.4999999999999999,1.0,1.0,plan-c,1.0,1.0,0.2497507477567298,0.7502492522432702,1.0,1.1149614873773162,0.063292500009993,0.0003163099924453,0.0002899263059994
unitscope-tuned,this-work,user-certified,primary,5,5a1a0d9face92aec0a0f641341aa62346ee1398565778501f38bf6cc267e64e8,0.9,1,6,1.0,0.5,0.5,0.5,0.5,0.5,0.5045,-0.5,-0.5,-0.5000000000000001,-0.5,-0.4999999999999999,1.0,1.0,plan-c,1.0,1.0,0.2497507477567298,0.7502492522432702,0.7840020844189682,2.4447049304855883,0.0634309000015491,0.0002568424424338,0.0002297277603372
naive-recalibrated-2c,this-work,user-certified,primary,5,5a1a0d9face92aec0a0f641341aa62346ee1398565778501f38bf6cc267e64e8,,1,6,1.0,0.5,0.5,0.5,0.5,0.5,0.5045,-0.5,-0.5,-0.5000000000000001,-0.5,-0.4999999999999999,2.0,2.0,plan-delta,2.0,1.0,0.2497507477567298,0.7502492522432702,0.7840020844189682,1.5054748560484847,0.0631980000034673,0.0001711246552552,0.000174745580293
full-identity-reference,oracle,oracle-assumption,full-identity-reference,5,5a1a0d9face92aec0a0f641341aa62346ee1398565778501f38bf6cc267e64e8,,1,6,1.0,0.5,0.5,0.5,0.5,0.5,0.5045,-0.5,-0.5,-0.5000000000000001,-0.5,-0.4999999999999999,1.0,1.0,plan-c,1.0,1.0,0.0,0.0,1.0,4.956236288206816,0.3460510000004433,0.0,2.0720191381226908e-05
non-private-reference,oracle,non-private,diagnostic,5,5a1a0d9face92aec0a0f641341aa62346ee1398565778501f38bf6cc267e64e8,,1,6,1.0,0.5,0.5,0.5,0.5,0.5,0.5045,-0.5,-0.5,-0.5000000000000001,-0.5,-0.4999999999999999,,,non-private,0.0,1.0,0.0,0.0,0.0,inf,0.0836449000053107,2.03590617718608e-05,2.03590617718608e-05
naive-claimed-c,this-work,unsafe-diagnostic,diagnostic,5,5a1a0d9face92aec0a0f641341aa62346ee1398565778501f38bf6cc267e64e8,,1,6,1.0,0.5,0.5,0.5,0.5,0.5,0.5045,-0.5,-0.5,-0.5000000000000001,-0.5,-0.4999999999999999,,2.0,unsafe-diagnostic,1.0,1.0,0.2497507477567298,0.7502492522432702,0.7840020844189682,3.010949712096969,0.0641137000056915,0.0001711246552552,0.0001522149263929
stable-local-fallback,this-work,user-certified,primary,6,5a1a0d9face92aec0a0f641341aa62346ee1398565778501f38bf6cc267e64e8,0.0,1,6,1.0,0.5,0.5,0.5,0.5,0.5,0.509,-0.5,-0.5,-0.5000000000000001,-0.5,-0.4999999999999999,1.0,1.0,plan-c,1.0,1.0,0.0,1.0,1.0,1.0338327275544192,0.0527563999930862,0.0003433797906984,0.0003283724511094
handle-only-drop-residual,this-work,user-certified,primary,6,5a1a0d9face92aec0a0f641341aa62346ee1398565778501f38bf6cc267e64e8,1.0,1,6,1.0,0.5,0.5,0.5,0.5,0.5,0.509,-0.5,-0.5,-0.5000000000000001,-0.5,-0.4999999999999999,1.0,1.0,plan-c,1.0,0.25,0.25,0.0,0.171,2.6468355309429423,0.0766849999927217,0.0003502774922162,0.0003472991558035
unitscope-equal,this-work,user-certified,primary,6,5a1a0d9face92aec0a0f641341aa62346ee1398565778501f38bf6cc267e64e8,0.1428571428571428,1,6,1.0,0.5,0.5,0.5,0.5,0.5,0.509,-0.5,-0.5,-0.5000000000000001,-0.5,-0.4999999999999999,1.0,1.0,plan-c,1.0,1.0,0.25,0.75,1.0,1.234125294141487,0.0610787000041455,0.000327925615178,0.0003144673121435
unitscope-tuned,this-work,user-certified,primary,6,5a1a0d9face92aec0a0f641341aa62346ee1398565778501f38bf6cc267e64e8,0.9,1,6,1.0,0.5,0.5,0.5,0.5,0.5,0.509,-0.5,-0.5,-0.5000000000000001,-0.5,-0.4999999999999999,1.0,1.0,plan-c,1.0,1.0,0.25,0.75,0.7845074083701585,2.581285990227581,0.0612412000045878,0.0003347463287547,0.0003314207913031
naive-recalibrated-2c,this-work,user-certified,primary,6,5a1a0d9face92aec0a0f641341aa62346ee1398565778501f38bf6cc267e64e8,,1,6,1.0,0.5,0.5,0.5,0.5,0.5,0.509,-0.5,-0.5,-0.5000000000000001,-0.5,-0.4999999999999999,2.0,2.0,plan-delta,2.0,1.0,0.25,0.75,0.7845074083701585,1.5898454490091882,0.0616750000044703,0.0002330035131466,0.0002613080771938
full-identity-reference,oracle,oracle-assumption,full-identity-reference,6,5a1a0d9face92aec0a0f641341aa62346ee1398565778501f38bf6cc267e64e8,,1,6,1.0,0.5,0.5,0.5,0.5,0.5,0.509,-0.5,-0.5,-0.5000000000000001,-0.5,-0.4999999999999999,1.0,1.0,plan-c,1.0,1.0,0.0,0.0,1.0,6.202996365326513,0.3383849000092596,0.0,1.2850918528840267e-05
non-private-reference,oracle,non-private,diagnostic,6,5a1a0d9face92aec0a0f641341aa62346ee1398565778501f38bf6cc267e64e8,,1,6,1.0,0.5,0.5,0.5,0.5,0.5,0.509,-0.5,-0.5,-0.5000000000000001,-0.5,-0.4999999999999999,,,non-private,0.0,1.0,0.0,0.0,0.0,inf,0.0500393999973312,1.977867594423192e-05,1.977867594423192e-05
naive-claimed-c,this-work,unsafe-diagnostic,diagnostic,6,5a1a0d9face92aec0a0f641341aa62346ee1398565778501f38bf6cc267e64e8,,1,6,1.0,0.5,0.5,0.5,0.5,0.5,0.509,-0.5,-0.5,-0.5000000000000001,-0.5,-0.4999999999999999,,2.0,unsafe-diagnostic,1.0,1.0,0.25,0.75,0.7845074083701585,3.1796908980183765,0.0824547999945934,0.0002330035131466,0.0002343048766414
stable-local-fallback,this-work,user-certified,primary,7,5a1a0d9face92aec0a0f641341aa62346ee1398565778501f38bf6cc267e64e8,0.0,1,6,1.0,0.5,0.5,0.5,0.5,0.5,0.486,-0.5,-0.5,-0.5000000000000001,-0.5,-0.4999999999999999,1.0,1.0,plan-c,1.0,1.0,0.0,1.0,1.0,0.9061581174813064,0.0522495000041089,0.0002981237120507,0.0003010926955748
handle-only-drop-residual,this-work,user-certified,primary,7,5a1a0d9face92aec0a0f641341aa62346ee1398565778501f38bf6cc267e64e8,1.0,1,6,1.0,0.5,0.5,0.5,0.5,0.5,0.486,-0.5,-0.5,-0.5000000000000001,-0.5,-0.4999999999999999,1.0,1.0,plan-c,1.0,0.2489905787348587,0.2489905787348587,0.0,0.159,2.712025164932587,0.0589452999993227,0.0002846223146714,0.0002767963702141
unitscope-equal,this-work,user-certified,primary,7,5a1a0d9face92aec0a0f641341aa62346ee1398565778501f38bf6cc267e64e8,0.1428571428571428,1,6,1.0,0.5,0.5,0.5,0.5,0.5,0.486,-0.5,-0.5,-0.5000000000000001,-0.5,-0.4999999999999999,1.0,1.0,plan-c,1.0,1.0,0.2489905787348587,0.7510094212651414,1.0,1.1719269678974065,0.0607257000083336,0.0002731998062954,0.000276208712123
unitscope-tuned,this-work,user-certified,primary,7,5a1a0d9face92aec0a0f641341aa62346ee1398565778501f38bf6cc267e64e8,0.9,1,6,1.0,0.5,0.5,0.5,0.5,0.5,0.486,-0.5,-0.5,-0.5000000000000001,-0.5,-0.4999999999999999,1.0,1.0,plan-c,1.0,1.0,0.2489905787348587,0.7510094212651414,0.7794387621295568,2.6522124849483624,0.0772442000015871,0.0002688336209349,0.0002624098867322
naive-recalibrated-2c,this-work,user-certified,primary,7,5a1a0d9face92aec0a0f641341aa62346ee1398565778501f38bf6cc267e64e8,,1,6,1.0,0.5,0.5,0.5,0.5,0.5,0.486,-0.5,-0.5,-0.5000000000000001,-0.5,-0.4999999999999999,2.0,2.0,plan-delta,2.0,1.0,0.2489905787348587,0.7510094212651414,0.7794387621295568,1.593273850604433,0.0609753000026103,0.0001867162452744,0.0002080774376368
full-identity-reference,oracle,oracle-assumption,full-identity-reference,7,5a1a0d9face92aec0a0f641341aa62346ee1398565778501f38bf6cc267e64e8,,1,6,1.0,0.5,0.5,0.5,0.5,0.5,0.486,-0.5,-0.5,-0.5000000000000001,-0.5,-0.4999999999999999,1.0,1.0,plan-c,1.0,1.0,0.0,0.0,1.0,5.436948704887834,0.337803200003691,0.0,1.4522739286817303e-05
non-private-reference,oracle,non-private,diagnostic,7,5a1a0d9face92aec0a0f641341aa62346ee1398565778501f38bf6cc267e64e8,,1,6,1.0,0.5,0.5,0.5,0.5,0.5,0.486,-0.5,-0.5,-0.5000000000000001,-0.5,-0.4999999999999999,,,non-private,0.0,1.0,0.0,0.0,0.0,inf,0.0457489999971585,1.717192581412382e-05,1.717192581412382e-05
naive-claimed-c,this-work,unsafe-diagnostic,diagnostic,7,5a1a0d9face92aec0a0f641341aa62346ee1398565778501f38bf6cc267e64e8,,1,6,1.0,0.5,0.5,0.5,0.5,0.5,0.486,-0.5,-0.5,-0.5000000000000001,-0.5,-0.4999999999999999,,2.0,unsafe-diagnostic,1.0,1.0,0.2489905787348587,0.7510094212651414,0.7794387621295568,3.186547701208866,0.0617439000052399,0.0001867162452744,0.0001828741021688
stable-local-fallback,this-work,user-certified,primary,8,5a1a0d9face92aec0a0f641341aa62346ee1398565778501f38bf6cc267e64e8,0.0,1,6,1.0,0.5,0.5,0.5,0.5,0.5,0.4875,-0.5,-0.5,-0.5000000000000002,-0.5,-0.4999999999999999,1.0,1.0,plan-c,1.0,1.0,0.0,1.0,1.0,0.9666389029998956,0.0517136999987997,0.000412906560909,0.0004798067866037
handle-only-drop-residual,this-work,user-certified,primary,8,5a1a0d9face92aec0a0f641341aa62346ee1398565778501f38bf6cc267e64e8,1.0,1,6,1.0,0.5,0.5,0.5,0.5,0.5,0.4875,-0.5,-0.5,-0.5000000000000002,-0.5,-0.4999999999999999,1.0,1.0,plan-c,1.0,0.2510924369747899,0.2510924369747899,0.0,0.139,2.46583830296524,0.0590585000027203,0.0004526764766732,0.0005061645341803
unitscope-equal,this-work,user-certified,primary,8,5a1a0d9face92aec0a0f641341aa62346ee1398565778501f38bf6cc267e64e8,0.1428571428571428,1,6,1.0,0.5,0.5,0.5,0.5,0.5,0.4875,-0.5,-0.5,-0.5000000000000002,-0.5,-0.4999999999999999,1.0,1.0,plan-c,1.0,1.0,0.2510924369747899,0.7489075630252101,1.0,1.187715388684544,0.0612755000038305,0.0003905245573619,0.0004545979440533
unitscope-tuned,this-work,user-certified,primary,8,5a1a0d9face92aec0a0f641341aa62346ee1398565778501f38bf6cc267e64e8,0.9,1,6,1.0,0.5,0.5,0.5,0.5,0.5,0.4875,-0.5,-0.5,-0.5000000000000002,-0.5,-0.4999999999999999,1.0,1.0,plan-c,1.0,1.0,0.2510924369747899,0.7489075630252101,0.7755474452554745,2.4405520324954137,0.0630517999961739,0.0004307929598579,0.0004839355604725
naive-recalibrated-2c,this-work,user-certified,primary,8,5a1a0d9face92aec0a0f641341aa62346ee1398565778501f38bf6cc267e64e8,,1,6,1.0,0.5,0.5,0.5,0.5,0.5,0.4875,-0.5,-0.5,-0.5000000000000002,-0.5,-0.4999999999999999,2.0,2.0,plan-delta,2.0,1.0,0.2510924369747899,0.7489075630252101,0.7755474452554745,1.487579505661654,0.0801233000092906,0.0003036494176189,0.0004281135633652
full-identity-reference,oracle,oracle-assumption,full-identity-reference,8,5a1a0d9face92aec0a0f641341aa62346ee1398565778501f38bf6cc267e64e8,,1,6,1.0,0.5,0.5,0.5,0.5,0.5,0.4875,-0.5,-0.5,-0.5000000000000002,-0.5,-0.4999999999999999,1.0,1.0,plan-c,1.0,1.0,0.0,0.0,1.0,5.799833417999374,0.3377324999892153,0.0,1.7675969185463054e-05
non-private-reference,oracle,non-private,diagnostic,8,5a1a0d9face92aec0a0f641341aa62346ee1398565778501f38bf6cc267e64e8,,1,6,1.0,0.5,0.5,0.5,0.5,0.5,0.4875,-0.5,-0.5,-0.5000000000000002,-0.5,-0.4999999999999999,,,non-private,0.0,1.0,0.0,0.0,0.0,inf,0.0467388999968534,2.378341790836332e-05,2.378341790836332e-05
naive-claimed-c,this-work,unsafe-diagnostic,diagnostic,8,5a1a0d9face92aec0a0f641341aa62346ee1398565778501f38bf6cc267e64e8,,1,6,1.0,0.5,0.5,0.5,0.5,0.5,0.4875,-0.5,-0.5,-0.5000000000000002,-0.5,-0.4999999999999999,,2.0,unsafe-diagnostic,1.0,1.0,0.2510924369747899,0.7489075630252101,0.7755474452554745,2.975159011323308,0.0620845000084955,0.0003036494176189,0.0003482055213066
stable-local-fallback,this-work,user-certified,primary,9,5a1a0d9face92aec0a0f641341aa62346ee1398565778501f38bf6cc267e64e8,0.0,1,6,1.0,0.5,0.5,0.5,0.5,0.5,0.506,-0.5,-0.5,-0.5000000000000001,-0.5,-0.4999999999999999,1.0,1.0,plan-c,1.0,1.0,0.0,1.0,1.0,1.1041049309861684,0.0577497000049334,0.0004031188268355,0.0004381946849385
handle-only-drop-residual,this-work,user-certified,primary,9,5a1a0d9face92aec0a0f641341aa62346ee1398565778501f38bf6cc267e64e8,1.0,1,6,1.0,0.5,0.5,0.5,0.5,0.5,0.506,-0.5,-0.5,-0.5000000000000001,-0.5,-0.4999999999999999,1.0,1.0,plan-c,1.0,0.2481739707835325,0.2481739707835325,0.0,0.157,3.1403902441819667,0.0847598999971523,0.0003573844790617,0.0003819460502898
unitscope-equal,this-work,user-certified,primary,9,5a1a0d9face92aec0a0f641341aa62346ee1398565778501f38bf6cc267e64e8,0.1428571428571428,1,6,1.0,0.5,0.5,0.5,0.5,0.5,0.506,-0.5,-0.5,-0.5000000000000001,-0.5,-0.4999999999999999,1.0,1.0,plan-c,1.0,1.0,0.2481739707835325,0.7518260292164675,1.0,1.3771000703050444,0.061813099993742,0.0003735688290703,0.0004087153182391
unitscope-tuned,this-work,user-certified,primary,9,5a1a0d9face92aec0a0f641341aa62346ee1398565778501f38bf6cc267e64e8,0.9,1,6,1.0,0.5,0.5,0.5,0.5,0.5,0.506,-0.5,-0.5,-0.5000000000000001,-0.5,-0.4999999999999999,1.0,1.0,plan-c,1.0,1.0,0.2481739707835325,0.7518260292164675,0.7813229571984436,3.067479065715179,0.0624692999990657,0.0003408813863865,0.0003664711827326
naive-recalibrated-2c,this-work,user-certified,primary,9,5a1a0d9face92aec0a0f641341aa62346ee1398565778501f38bf6cc267e64e8,,1,6,1.0,0.5,0.5,0.5,0.5,0.5,0.506,-0.5,-0.5,-0.5000000000000001,-0.5,-0.4999999999999999,2.0,2.0,plan-delta,2.0,1.0,0.2481739707835325,0.7518260292164675,0.7813229571984436,1.8788121937740865,0.0623702000011689,0.0002328247792278,0.0003038494570331
full-identity-reference,oracle,oracle-assumption,full-identity-reference,9,5a1a0d9face92aec0a0f641341aa62346ee1398565778501f38bf6cc267e64e8,,1,6,1.0,0.5,0.5,0.5,0.5,0.5,0.506,-0.5,-0.5,-0.5000000000000001,-0.5,-0.4999999999999999,1.0,1.0,plan-c,1.0,1.0,0.0,0.0,1.0,6.624629585917011,0.3609278999938397,0.0,1.3227335642052286e-05
non-private-reference,oracle,non-private,diagnostic,9,5a1a0d9face92aec0a0f641341aa62346ee1398565778501f38bf6cc267e64e8,,1,6,1.0,0.5,0.5,0.5,0.5,0.5,0.506,-0.5,-0.5,-0.5000000000000001,-0.5,-0.4999999999999999,,,non-private,0.0,1.0,0.0,0.0,0.0,inf,0.0468808000005083,2.3219644425730063e-05,2.3219644425730063e-05
naive-claimed-c,this-work,unsafe-diagnostic,diagnostic,9,5a1a0d9face92aec0a0f641341aa62346ee1398565778501f38bf6cc267e64e8,,1,6,1.0,0.5,0.5,0.5,0.5,0.5,0.506,-0.5,-0.5,-0.5000000000000001,-0.5,-0.4999999999999999,,2.0,unsafe-diagnostic,1.0,1.0,0.2481739707835325,0.7518260292164675,0.7813229571984436,3.757624387548173,0.0603635000006761,0.0002328247792278,0.0002551097824884
stable-local-fallback,this-work,user-certified,primary,0,93c520cd7e498c8db2c59c43bfe745e28e8103590125d2671272306cbecb1e2f,0.0,1,6,1.0,0.5,0.5,0.5,0.5,0.5,0.499,-0.5,-0.5,-0.5000000000000001,-0.5,-0.4999999999999999,1.0,1.0,plan-c,1.0,1.0,0.0,1.0,1.0,0.8620311208677749,0.0661083000013604,0.0003701619753889,0.0003827195543725
handle-only-drop-residual,this-work,user-certified,primary,0,93c520cd7e498c8db2c59c43bfe745e28e8103590125d2671272306cbecb1e2f,1.0,1,6,1.0,0.5,0.5,0.5,0.5,0.5,0.499,-0.5,-0.5,-0.5000000000000001,-0.5,-0.4999999999999999,1.0,1.0,plan-c,1.0,0.2483322214809873,0.2483322214809873,0.0,0.157,2.4426268849515327,0.0597694000025512,0.0003328960943309,0.0003531042715587
unitscope-equal,this-work,user-certified,primary,0,93c520cd7e498c8db2c59c43bfe745e28e8103590125d2671272306cbecb1e2f,0.1428571428571428,1,6,1.0,0.5,0.5,0.5,0.5,0.5,0.499,-0.5,-0.5,-0.5000000000000001,-0.5,-0.4999999999999999,1.0,1.0,plan-c,1.0,1.0,0.2483322214809873,0.7516677785190127,1.0,1.1820250501227707,0.0654569000034825,0.0003233032115211,0.0003368738305697
unitscope-tuned,this-work,user-certified,primary,0,93c520cd7e498c8db2c59c43bfe745e28e8103590125d2671272306cbecb1e2f,1.0,1,6,1.0,0.5,0.5,0.5,0.5,0.5,0.499,-0.5,-0.5,-0.5000000000000001,-0.5,-0.4999999999999999,1.0,1.0,plan-c,1.0,0.2483322214809873,0.2483322214809873,0.0,0.157,2.4426268849515327,0.0615847000008216,0.0003328960943309,0.0003531042715587
naive-recalibrated-2c,this-work,user-certified,primary,0,93c520cd7e498c8db2c59c43bfe745e28e8103590125d2671272306cbecb1e2f,,1,6,1.0,0.5,0.5,0.5,0.5,0.5,0.499,-0.5,-0.5,-0.5000000000000001,-0.5,-0.4999999999999999,2.0,2.0,plan-delta,2.0,1.0,0.2483322214809873,0.7516677785190127,0.7805259047123145,1.4904803539050375,0.06168530001014,0.0002068725131255,0.0002887582529844
full-identity-reference,oracle,oracle-assumption,full-identity-reference,0,93c520cd7e498c8db2c59c43bfe745e28e8103590125d2671272306cbecb1e2f,,1,6,1.0,0.5,0.5,0.5,0.5,0.5,0.499,-0.5,-0.5,-0.5000000000000001,-0.5,-0.4999999999999999,1.0,1.0,plan-c,1.0,1.0,0.0,0.0,1.0,5.17218672520665,0.3405243000015616,0.0,1.992534756221455e-05
non-private-reference,oracle,non-private,diagnostic,0,93c520cd7e498c8db2c59c43bfe745e28e8103590125d2671272306cbecb1e2f,,1,6,1.0,0.5,0.5,0.5,0.5,0.5,0.499,-0.5,-0.5,-0.5000000000000001,-0.5,-0.4999999999999999,,,non-private,0.0,1.0,0.0,0.0,0.0,inf,0.076704699997208,2.132132978240088e-05,2.132132978240088e-05
naive-claimed-c,this-work,unsafe-diagnostic,diagnostic,0,93c520cd7e498c8db2c59c43bfe745e28e8103590125d2671272306cbecb1e2f,,1,6,1.0,0.5,0.5,0.5,0.5,0.5,0.499,-0.5,-0.5,-0.5000000000000001,-0.5,-0.4999999999999999,,2.0,unsafe-diagnostic,1.0,1.0,0.2483322214809873,0.7516677785190127,0.7805259047123145,2.980960707810075,0.0601091999997152,0.0002068725131255,0.0002278900354927
stable-local-fallback,this-work,user-certified,primary,1,93c520cd7e498c8db2c59c43bfe745e28e8103590125d2671272306cbecb1e2f,0.0,1,6,1.0,0.5,0.5,0.5,0.5,0.5,0.4995,-0.5,-0.5,-0.5000000000000001,-0.5,-0.4999999999999999,1.0,1.0,plan-c,1.0,1.0,0.0,1.0,1.0,1.0094106923751132,0.0512367000046651,0.0003715432657781,0.0004067170732188
handle-only-drop-residual,this-work,user-certified,primary,1,93c520cd7e498c8db2c59c43bfe745e28e8103590125d2671272306cbecb1e2f,1.0,1,6,1.0,0.5,0.5,0.5,0.5,0.5,0.4995,-0.5,-0.5,-0.5000000000000001,-0.5,-0.4999999999999999,1.0,1.0,plan-c,1.0,0.2504168056018673,0.2504168056018673,0.0,0.178,2.920760763382077,0.0801359000033699,0.0002955712704122,0.0003312715003326
unitscope-equal,this-work,user-certified,primary,1,93c520cd7e498c8db2c59c43bfe745e28e8103590125d2671272306cbecb1e2f,0.1428571428571428,1,6,1.0,0.5,0.5,0.5,0.5,0.5,0.4995,-0.5,-0.5,-0.5000000000000001,-0.5,-0.4999999999999999,1.0,1.0,plan-c,1.0,1.0,0.2504168056018673,0.7495831943981327,1.0,1.2688573862020591,0.0598775000107707,0.000344805362426,0.0003800030699024
unitscope-tuned,this-work,user-certified,primary,1,93c520cd7e498c8db2c59c43bfe745e28e8103590125d2671272306cbecb1e2f,1.0,1,6,1.0,0.5,0.5,0.5,0.5,0.5,0.4995,-0.5,-0.5,-0.5000000000000001,-0.5,-0.4999999999999999,1.0,1.0,plan-c,1.0,0.2504168056018673,0.2504168056018673,0.0,0.178,2.920760763382077,0.0598136999906273,0.0002955712704122,0.0003312715003326
naive-recalibrated-2c,this-work,user-certified,primary,1,93c520cd7e498c8db2c59c43bfe745e28e8103590125d2671272306cbecb1e2f,,1,6,1.0,0.5,0.5,0.5,0.5,0.5,0.4995,-0.5,-0.5,-0.5000000000000001,-0.5,-0.4999999999999999,2.0,2.0,plan-delta,2.0,1.0,0.2504168056018673,0.7495831943981327,0.7848730698769956,1.7633463107409184,0.0604694999929051,0.0001922746881649,0.0002850188098561
full-identity-reference,oracle,oracle-assumption,full-identity-reference,1,93c520cd7e498c8db2c59c43bfe745e28e8103590125d2671272306cbecb1e2f,,1,6,1.0,0.5,0.5,0.5,0.5,0.5,0.4995,-0.5,-0.5,-0.5000000000000001,-0.5,-0.4999999999999999,1.0,1.0,plan-c,1.0,1.0,0.0,0.0,1.0,6.056464154250676,0.348769699994591,0.0,1.458591182783476e-05
non-private-reference,oracle,non-private,diagnostic,1,93c520cd7e498c8db2c59c43bfe745e28e8103590125d2671272306cbecb1e2f,,1,6,1.0,0.5,0.5,0.5,0.5,0.5,0.4995,-0.5,-0.5,-0.5000000000000001,-0.5,-0.4999999999999999,,,non-private,0.0,1.0,0.0,0.0,0.0,inf,0.0495419000071706,2.1400892108823e-05,2.1400892108823e-05
naive-claimed-c,this-work,unsafe-diagnostic,diagnostic,1,93c520cd7e498c8db2c59c43bfe745e28e8103590125d2671272306cbecb1e2f,,1,6,1.0,0.5,0.5,0.5,0.5,0.5,0.4995,-0.5,-0.5,-0.5000000000000001,-0.5,-0.4999999999999999,,2.0,unsafe-diagnostic,1.0,1.0,0.2504168056018673,0.7495831943981327,0.7848730698769956,3.526692621481837,0.0818437999987509,0.0001922746881649,0.0002240608371826
stable-local-fallback,this-work,user-certified,primary,2,93c520cd7e498c8db2c59c43bfe745e28e8103590125d2671272306cbecb1e2f,0.0,1,6,1.0,0.5,0.5,0.5,0.5,0.5,0.484,-0.5,-0.5,-0.5000000000000001,-0.5,-0.4999999999999999,1.0,1.0,plan-c,1.0,1.0,0.0,1.0,1.0,0.924537833984859,0.0505733000027248,0.0003407320534019,0.0003796357662149
handle-only-drop-residual,this-work,user-certified,primary,2,93c520cd7e498c8db2c59c43bfe745e28e8103590125d2671272306cbecb1e2f,1.0,1,6,1.0,0.5,0.5,0.5,0.5,0.5,0.484,-0.5,-0.5,-0.5000000000000001,-0.5,-0.4999999999999999,1.0,1.0,plan-c,1.0,0.2498315363881401,0.2498315363881401,0.0,0.165,2.5697227086212497,0.0608682999882148,0.0003292658537663,0.0003752571760662
unitscope-equal,this-work,user-certified,primary,2,93c520cd7e498c8db2c59c43bfe745e28e8103590125d2671272306cbecb1e2f,0.1428571428571428,1,6,1.0,0.5,0.5,0.5,0.5,0.5,0.484,-0.5,-0.5,-0.5000000000000001,-0.5,-0.4999999999999999,1.0,1.0,plan-c,1.0,1.0,0.2498315363881401,0.7501684636118598,1.0,1.155641627542502,0.0659811999939847,0.000318140434548,0.0003587514804072
unitscope-tuned,this-work,user-certified,primary,2,93c520cd7e498c8db2c59c43bfe745e28e8103590125d2671272306cbecb1e2f,1.0,1,6,1.0,0.5,0.5,0.5,0.5,0.5,0.484,-0.5,-0.5,-0.5000000000000001,-0.5,-0.4999999999999999,1.0,1.0,plan-c,1.0,0.2498315363881401,0.2498315363881401,0.0,0.165,2.5697227086212497,0.0759242000058293,0.0003292658537663,0.0003752571760662
naive-recalibrated-2c,this-work,user-certified,primary,2,93c520cd7e498c8db2c59c43bfe745e28e8103590125d2671272306cbecb1e2f,,1,6,1.0,0.5,0.5,0.5,0.5,0.5,0.484,-0.5,-0.5,-0.5000000000000001,-0.5,-0.4999999999999999,2.0,2.0,plan-delta,2.0,1.0,0.2498315363881401,0.7501684636118598,0.7804364975019721,1.5347550561038683,0.0617208000039681,0.0002175657778564,0.0003328948194595
full-identity-reference,oracle,oracle-assumption,full-identity-reference,2,93c520cd7e498c8db2c59c43bfe745e28e8103590125d2671272306cbecb1e2f,,1,6,1.0,0.5,0.5,0.5,0.5,0.5,0.484,-0.5,-0.5,-0.5000000000000001,-0.5,-0.4999999999999999,1.0,1.0,plan-c,1.0,1.0,0.0,0.0,1.0,5.547227003909157,0.3463189000030979,0.0,1.5944966299623313e-05
non-private-reference,oracle,non-private,diagnostic,2,93c520cd7e498c8db2c59c43bfe745e28e8103590125d2671272306cbecb1e2f,,1,6,1.0,0.5,0.5,0.5,0.5,0.5,0.484,-0.5,-0.5,-0.5000000000000001,-0.5,-0.4999999999999999,,,non-private,0.0,1.0,0.0,0.0,0.0,inf,0.0459745000116527,1.9626166275950645e-05,1.9626166275950645e-05
naive-claimed-c,this-work,unsafe-diagnostic,diagnostic,2,93c520cd7e498c8db2c59c43bfe745e28e8103590125d2671272306cbecb1e2f,,1,6,1.0,0.5,0.5,0.5,0.5,0.5,0.484,-0.5,-0.5,-0.5000000000000001,-0.5,-0.4999999999999999,,2.0,unsafe-diagnostic,1.0,1.0,0.2498315363881401,0.7501684636118598,0.7804364975019721,3.069510112207737,0.0607906999939587,0.0002175657778564,0.0002592853323583
stable-local-fallback,this-work,user-certified,primary,3,93c520cd7e498c8db2c59c43bfe745e28e8103590125d2671272306cbecb1e2f,0.0,1,6,1.0,0.5,0.5,0.5,0.5,0.5,0.508,-0.5,-0.5,-0.5000000000000001,-0.5,-0.4999999999999999,1.0,1.0,plan-c,1.0,1.0,0.0,1.0,1.0,0.9721511344442122,0.0513620999990962,0.000337770708775,0.0003339809490044
handle-only-drop-residual,this-work,user-certified,primary,3,93c520cd7e498c8db2c59c43bfe745e28e8103590125d2671272306cbecb1e2f,1.0,1,6,1.0,0.5,0.5,0.5,0.5,0.5,0.508,-0.5,-0.5,-0.5000000000000001,-0.5,-0.4999999999999999,1.0,1.0,plan-c,1.0,0.248342175066313,0.248342175066313,0.0,0.171,2.806541618774093,0.0581284999934723,0.0002740085606061,0.0002761670271088
unitscope-equal,this-work,user-certified,primary,3,93c520cd7e498c8db2c59c43bfe745e28e8103590125d2671272306cbecb1e2f,0.1428571428571428,1,6,1.0,0.5,0.5,0.5,0.5,0.5,0.508,-0.5,-0.5,-0.5000000000000001,-0.5,-0.4999999999999999,1.0,1.0,plan-c,1.0,1.0,0.248342175066313,0.751657824933687,1.0,1.2475846711238383,0.0612057999969692,0.0003117955079325,0.0003097591425759
unitscope-tuned,this-work,user-certified,primary,3,93c520cd7e498c8db2c59c43bfe745e28e8103590125d2671272306cbecb1e2f,1.0,1,6,1.0,0.5,0.5,0.5,0.5,0.5,0.508,-0.5,-0.5,-0.5000000000000001,-0.5,-0.4999999999999999,1.0,1.0,plan-c,1.0,0.248342175066313,0.248342175066313,0.0,0.171,2.806541618774093,0.0597048000054201,0.0002740085606061,0.0002761670271088
naive-recalibrated-2c,this-work,user-certified,primary,3,93c520cd7e498c8db2c59c43bfe745e28e8103590125d2671272306cbecb1e2f,,1,6,1.0,0.5,0.5,0.5,0.5,0.5,0.508,-0.5,-0.5,-0.5000000000000001,-0.5,-0.4999999999999999,2.0,2.0,plan-delta,2.0,1.0,0.248342175066313,0.751657824933687,0.7843953185955787,1.699214497034234,0.0795668000064324,0.0001780331513148,0.0002181661006393
full-identity-reference,oracle,oracle-assumption,full-identity-reference,3,93c520cd7e498c8db2c59c43bfe745e28e8103590125d2671272306cbecb1e2f,,1,6,1.0,0.5,0.5,0.5,0.5,0.5,0.508,-0.5,-0.5,-0.5000000000000001,-0.5,-0.4999999999999999,1.0,1.0,plan-c,1.0,1.0,0.0,0.0,1.0,5.832906806665271,0.3459760999976424,0.0,1.4295995470253785e-05
non-private-reference,oracle,non-private,diagnostic,3,93c520cd7e498c8db2c59c43bfe745e28e8103590125d2671272306cbecb1e2f,,1,6,1.0,0.5,0.5,0.5,0.5,0.5,0.508,-0.5,-0.5,-0.5000000000000001,-0.5,-0.4999999999999999,,,non-private,0.0,1.0,0.0,0.0,0.0,inf,0.0525377000012667,1.9455592825441785e-05,1.9455592825441785e-05
naive-claimed-c,this-work,unsafe-diagnostic,diagnostic,3,93c520cd7e498c8db2c59c43bfe745e28e8103590125d2671272306cbecb1e2f,,1,6,1.0,0.5,0.5,0.5,0.5,0.5,0.508,-0.5,-0.5,-0.5000000000000001,-0.5,-0.4999999999999999,,2.0,unsafe-diagnostic,1.0,1.0,0.248342175066313,0.751657824933687,0.7843953185955787,3.398428994068468,0.0622637999913422,0.0001780331513148,0.0001838036305068
stable-local-fallback,this-work,user-certified,primary,4,93c520cd7e498c8db2c59c43bfe745e28e8103590125d2671272306cbecb1e2f,0.0,1,6,1.0,0.5,0.5,0.5,0.5,0.5,0.502,-0.5,-0.5,-0.5000000000000001,-0.5,-0.4999999999999999,1.0,1.0,plan-c,1.0,1.0,0.0,1.0,1.0,0.8860031641641676,0.0509401000017533,0.0003078870442332,0.0003091212278666
handle-only-drop-residual,this-work,user-certified,primary,4,93c520cd7e498c8db2c59c43bfe745e28e8103590125d2671272306cbecb1e2f,1.0,1,6,1.0,0.5,0.5,0.5,0.5,0.5,0.502,-0.5,-0.5,-0.5000000000000001,-0.5,-0.4999999999999999,1.0,1.0,plan-c,1.0,0.2470039946737683,0.2470039946737683,0.0,0.158,2.7720857318362926,0.0592748999915784,0.0002945235466352,0.0003128611159028
unitscope-equal,this-work,user-certified,primary,4,93c520cd7e498c8db2c59c43bfe745e28e8103590125d2671272306cbecb1e2f,0.1428571428571428,1,6,1.0,0.5,0.5,0.5,0.5,0.5,0.502,-0.5,-0.5,-0.5000000000000001,-0.5,-0.4999999999999999,1.0,1.0,plan-c,1.0,1.0,0.2470039946737683,0.7529960053262317,1.0,1.1253838959809148,0.0629813000123249,0.0002854526652864,0.0002906923384264
unitscope-tuned,this-work,user-certified,primary,4,93c520cd7e498c8db2c59c43bfe745e28e8103590125d2671272306cbecb1e2f,1.0,1,6,1.0,0.5,0.5,0.5,0.5,0.5,0.502,-0.5,-0.5,-0.5000000000000001,-0.5,-0.4999999999999999,1.0,1.0,plan-c,1.0,0.2470039946737683,0.2470039946737683,0.0,0.158,2.7720857318362926,0.0611508000001776,0.0002945235466352,0.0003128611159028
naive-recalibrated-2c,this-work,user-certified,primary,4,93c520cd7e498c8db2c59c43bfe745e28e8103590125d2671272306cbecb1e2f,,1,6,1.0,0.5,0.5,0.5,0.5,0.5,0.502,-0.5,-0.5,-0.5000000000000001,-0.5,-0.4999999999999999,2.0,2.0,plan-delta,2.0,1.0,0.2470039946737683,0.7529960053262317,0.781071242849714,1.5972425037093,0.0637311000027693,0.0001954052917772,0.000268760216993
full-identity-reference,oracle,oracle-assumption,full-identity-reference,4,93c520cd7e498c8db2c59c43bfe745e28e8103590125d2671272306cbecb1e2f,,1,6,1.0,0.5,0.5,0.5,0.5,0.5,0.502,-0.5,-0.5,-0.5000000000000001,-0.5,-0.4999999999999999,1.0,1.0,plan-c,1.0,1.0,0.0,0.0,1.0,5.316018984985005,0.3525787999969907,0.0,1.5688479693467358e-05
non-private-reference,oracle,non-private,diagnostic,4,93c520cd7e498c8db2c59c43bfe745e28e8103590125d2671272306cbecb1e2f,,1,6,1.0,0.5,0.5,0.5,0.5,0.5,0.502,-0.5,-0.5,-0.5000000000000001,-0.5,-0.4999999999999999,,,non-private,0.0,1.0,0.0,0.0,0.0,inf,0.0482278999988921,1.7734293747834803e-05,1.7734293747834803e-05
naive-claimed-c,this-work,unsafe-diagnostic,diagnostic,4,93c520cd7e498c8db2c59c43bfe745e28e8103590125d2671272306cbecb1e2f,,1,6,1.0,0.5,0.5,0.5,0.5,0.5,0.502,-0.5,-0.5,-0.5000000000000001,-0.5,-0.4999999999999999,,2.0,unsafe-diagnostic,1.0,1.0,0.2470039946737683,0.7529960053262317,0.781071242849714,3.1944850074186,0.063825999997789,0.0001954052917772,0.0002163942746916
stable-local-fallback,this-work,user-certified,primary,5,93c520cd7e498c8db2c59c43bfe745e28e8103590125d2671272306cbecb1e2f,0.0,1,6,1.0,0.5,0.5,0.5,0.5,0.5,0.5045,-0.5,-0.5,-0.5000000000000001,-0.5,-0.4999999999999999,1.0,1.0,plan-c,1.0,1.0,0.0,1.0,1.0,0.8260393813678033,0.0661506000033114,0.0003534559335392,0.0003275059370719
handle-only-drop-residual,this-work,user-certified,primary,5,93c520cd7e498c8db2c59c43bfe745e28e8103590125d2671272306cbecb1e2f,1.0,1,6,1.0,0.5,0.5,0.5,0.5,0.5,0.5045,-0.5,-0.5,-0.5000000000000001,-0.5,-0.4999999999999999,1.0,1.0,plan-c,1.0,0.2497507477567298,0.2497507477567298,0.0,0.171,2.468581982073106,0.0597911000077147,0.0002693193428255,0.0002417278449881
unitscope-equal,this-work,user-certified,primary,5,93c520cd7e498c8db2c59c43bfe745e28e8103590125d2671272306cbecb1e2f,0.1428571428571428,1,6,1.0,0.5,0.5,0.5,0.5,0.5,0.5045,-0.5,-0.5,-0.5000000000000001,-0.5,-0.4999999999999999,1.0,1.0,plan-c,1.0,1.0,0.2497507477567298,0.7502492522432702,1.0,1.1149614873773162,0.0628874000103678,0.0003163099924453,0.0002899263059994
unitscope-tuned,this-work,user-certified,primary,5,93c520cd7e498c8db2c59c43bfe745e28e8103590125d2671272306cbecb1e2f,1.0,1,6,1.0,0.5,0.5,0.5,0.5,0.5,0.5045,-0.5,-0.5,-0.5000000000000001,-0.5,-0.4999999999999999,1.0,1.0,plan-c,1.0,0.2497507477567298,0.2497507477567298,0.0,0.171,2.468581982073106,0.0629688000044552,0.0002693193428255,0.0002417278449881
naive-recalibrated-2c,this-work,user-certified,primary,5,93c520cd7e498c8db2c59c43bfe745e28e8103590125d2671272306cbecb1e2f,,1,6,1.0,0.5,0.5,0.5,0.5,0.5,0.5045,-0.5,-0.5,-0.5000000000000001,-0.5,-0.4999999999999999,2.0,2.0,plan-delta,2.0,1.0,0.2497507477567298,0.7502492522432702,0.7840020844189682,1.5054748560484847,0.0628986999945482,0.0001711246552552,0.000174745580293
full-identity-reference,oracle,oracle-assumption,full-identity-reference,5,93c520cd7e498c8db2c59c43bfe745e28e8103590125d2671272306cbecb1e2f,,1,6,1.0,0.5,0.5,0.5,0.5,0.5,0.5045,-0.5,-0.5,-0.5000000000000001,-0.5,-0.4999999999999999,1.0,1.0,plan-c,1.0,1.0,0.0,0.0,1.0,4.956236288206816,0.3445168000034755,0.0,2.0720191381226908e-05
non-private-reference,oracle,non-private,diagnostic,5,93c520cd7e498c8db2c59c43bfe745e28e8103590125d2671272306cbecb1e2f,,1,6,1.0,0.5,0.5,0.5,0.5,0.5,0.5045,-0.5,-0.5,-0.5000000000000001,-0.5,-0.4999999999999999,,,non-private,0.0,1.0,0.0,0.0,0.0,inf,0.0646814999927301,2.03590617718608e-05,2.03590617718608e-05
naive-claimed-c,this-work,unsafe-diagnostic,diagnostic,5,93c520cd7e498c8db2c59c43bfe745e28e8103590125d2671272306cbecb1e2f,,1,6,1.0,0.5,0.5,0.5,0.5,0.5,0.5045,-0.5,-0.5,-0.5000000000000001,-0.5,-0.4999999999999999,,2.0,unsafe-diagnostic,1.0,1.0,0.2497507477567298,0.7502492522432702,0.7840020844189682,3.010949712096969,0.0611907999991672,0.0001711246552552,0.0001522149263929
stable-local-fallback,this-work,user-certified,primary,6,93c520cd7e498c8db2c59c43bfe745e28e8103590125d2671272306cbecb1e2f,0.0,1,6,1.0,0.5,0.5,0.5,0.5,0.5,0.509,-0.5,-0.5,-0.5000000000000001,-0.5,-0.4999999999999999,1.0,1.0,plan-c,1.0,1.0,0.0,1.0,1.0,1.0338327275544192,0.0515920999896479,0.0003433797906984,0.0003283724511094
handle-only-drop-residual,this-work,user-certified,primary,6,93c520cd7e498c8db2c59c43bfe745e28e8103590125d2671272306cbecb1e2f,1.0,1,6,1.0,0.5,0.5,0.5,0.5,0.5,0.509,-0.5,-0.5,-0.5000000000000001,-0.5,-0.4999999999999999,1.0,1.0,plan-c,1.0,0.25,0.25,0.0,0.171,2.6468355309429423,0.0765347000124165,0.0003502774922162,0.0003472991558035
unitscope-equal,this-work,user-certified,primary,6,93c520cd7e498c8db2c59c43bfe745e28e8103590125d2671272306cbecb1e2f,0.1428571428571428,1,6,1.0,0.5,0.5,0.5,0.5,0.5,0.509,-0.5,-0.5,-0.5000000000000001,-0.5,-0.4999999999999999,1.0,1.0,plan-c,1.0,1.0,0.25,0.75,1.0,1.234125294141487,0.0606372000038391,0.000327925615178,0.0003144673121435
unitscope-tuned,this-work,user-certified,primary,6,93c520cd7e498c8db2c59c43bfe745e28e8103590125d2671272306cbecb1e2f,1.0,1,6,1.0,0.5,0.5,0.5,0.5,0.5,0.509,-0.5,-0.5,-0.5000000000000001,-0.5,-0.4999999999999999,1.0,1.0,plan-c,1.0,0.25,0.25,0.0,0.171,2.6468355309429423,0.0598376999987522,0.0003502774922162,0.0003472991558035
naive-recalibrated-2c,this-work,user-certified,primary,6,93c520cd7e498c8db2c59c43bfe745e28e8103590125d2671272306cbecb1e2f,,1,6,1.0,0.5,0.5,0.5,0.5,0.5,0.509,-0.5,-0.5,-0.5000000000000001,-0.5,-0.4999999999999999,2.0,2.0,plan-delta,2.0,1.0,0.25,0.75,0.7845074083701585,1.5898454490091882,0.0614160999975865,0.0002330035131466,0.0002613080771938
full-identity-reference,oracle,oracle-assumption,full-identity-reference,6,93c520cd7e498c8db2c59c43bfe745e28e8103590125d2671272306cbecb1e2f,,1,6,1.0,0.5,0.5,0.5,0.5,0.5,0.509,-0.5,-0.5,-0.5000000000000001,-0.5,-0.4999999999999999,1.0,1.0,plan-c,1.0,1.0,0.0,0.0,1.0,6.202996365326513,0.3354532000084873,0.0,1.2850918528840267e-05
non-private-reference,oracle,non-private,diagnostic,6,93c520cd7e498c8db2c59c43bfe745e28e8103590125d2671272306cbecb1e2f,,1,6,1.0,0.5,0.5,0.5,0.5,0.5,0.509,-0.5,-0.5,-0.5000000000000001,-0.5,-0.4999999999999999,,,non-private,0.0,1.0,0.0,0.0,0.0,inf,0.0473212999932002,1.977867594423192e-05,1.977867594423192e-05
naive-claimed-c,this-work,unsafe-diagnostic,diagnostic,6,93c520cd7e498c8db2c59c43bfe745e28e8103590125d2671272306cbecb1e2f,,1,6,1.0,0.5,0.5,0.5,0.5,0.5,0.509,-0.5,-0.5,-0.5000000000000001,-0.5,-0.4999999999999999,,2.0,unsafe-diagnostic,1.0,1.0,0.25,0.75,0.7845074083701585,3.1796908980183765,0.0819426999951247,0.0002330035131466,0.0002343048766414
stable-local-fallback,this-work,user-certified,primary,7,93c520cd7e498c8db2c59c43bfe745e28e8103590125d2671272306cbecb1e2f,0.0,1,6,1.0,0.5,0.5,0.5,0.5,0.5,0.486,-0.5,-0.5,-0.5000000000000001,-0.5,-0.4999999999999999,1.0,1.0,plan-c,1.0,1.0,0.0,1.0,1.0,0.9061581174813064,0.0515850000083446,0.0002981237120507,0.0003010926955748
handle-only-drop-residual,this-work,user-certified,primary,7,93c520cd7e498c8db2c59c43bfe745e28e8103590125d2671272306cbecb1e2f,1.0,1,6,1.0,0.5,0.5,0.5,0.5,0.5,0.486,-0.5,-0.5,-0.5000000000000001,-0.5,-0.4999999999999999,1.0,1.0,plan-c,1.0,0.2489905787348587,0.2489905787348587,0.0,0.159,2.712025164932587,0.0600383999990299,0.0002846223146714,0.0002767963702141
unitscope-equal,this-work,user-certified,primary,7,93c520cd7e498c8db2c59c43bfe745e28e8103590125d2671272306cbecb1e2f,0.1428571428571428,1,6,1.0,0.5,0.5,0.5,0.5,0.5,0.486,-0.5,-0.5,-0.5000000000000001,-0.5,-0.4999999999999999,1.0,1.0,plan-c,1.0,1.0,0.2489905787348587,0.7510094212651414,1.0,1.1719269678974065,0.0679739999904995,0.0002731998062954,0.000276208712123
unitscope-tuned,this-work,user-certified,primary,7,93c520cd7e498c8db2c59c43bfe745e28e8103590125d2671272306cbecb1e2f,1.0,1,6,1.0,0.5,0.5,0.5,0.5,0.5,0.486,-0.5,-0.5,-0.5000000000000001,-0.5,-0.4999999999999999,1.0,1.0,plan-c,1.0,0.2489905787348587,0.2489905787348587,0.0,0.159,2.712025164932587,0.0895582999946782,0.0002846223146714,0.0002767963702141
naive-recalibrated-2c,this-work,user-certified,primary,7,93c520cd7e498c8db2c59c43bfe745e28e8103590125d2671272306cbecb1e2f,,1,6,1.0,0.5,0.5,0.5,0.5,0.5,0.486,-0.5,-0.5,-0.5000000000000001,-0.5,-0.4999999999999999,2.0,2.0,plan-delta,2.0,1.0,0.2489905787348587,0.7510094212651414,0.7794387621295568,1.593273850604433,0.0781527000071946,0.0001867162452744,0.0002080774376368
full-identity-reference,oracle,oracle-assumption,full-identity-reference,7,93c520cd7e498c8db2c59c43bfe745e28e8103590125d2671272306cbecb1e2f,,1,6,1.0,0.5,0.5,0.5,0.5,0.5,0.486,-0.5,-0.5,-0.5000000000000001,-0.5,-0.4999999999999999,1.0,1.0,plan-c,1.0,1.0,0.0,0.0,1.0,5.436948704887834,0.3408612000057474,0.0,1.4522739286817303e-05
non-private-reference,oracle,non-private,diagnostic,7,93c520cd7e498c8db2c59c43bfe745e28e8103590125d2671272306cbecb1e2f,,1,6,1.0,0.5,0.5,0.5,0.5,0.5,0.486,-0.5,-0.5,-0.5000000000000001,-0.5,-0.4999999999999999,,,non-private,0.0,1.0,0.0,0.0,0.0,inf,0.0466657999932067,1.717192581412382e-05,1.717192581412382e-05
naive-claimed-c,this-work,unsafe-diagnostic,diagnostic,7,93c520cd7e498c8db2c59c43bfe745e28e8103590125d2671272306cbecb1e2f,,1,6,1.0,0.5,0.5,0.5,0.5,0.5,0.486,-0.5,-0.5,-0.5000000000000001,-0.5,-0.4999999999999999,,2.0,unsafe-diagnostic,1.0,1.0,0.2489905787348587,0.7510094212651414,0.7794387621295568,3.186547701208866,0.0600751999882049,0.0001867162452744,0.0001828741021688
stable-local-fallback,this-work,user-certified,primary,8,93c520cd7e498c8db2c59c43bfe745e28e8103590125d2671272306cbecb1e2f,0.0,1,6,1.0,0.5,0.5,0.5,0.5,0.5,0.4875,-0.5,-0.5,-0.5000000000000002,-0.5,-0.4999999999999999,1.0,1.0,plan-c,1.0,1.0,0.0,1.0,1.0,0.9666389029998956,0.0498140999989118,0.000412906560909,0.0004798067866037
handle-only-drop-residual,this-work,user-certified,primary,8,93c520cd7e498c8db2c59c43bfe745e28e8103590125d2671272306cbecb1e2f,1.0,1,6,1.0,0.5,0.5,0.5,0.5,0.5,0.4875,-0.5,-0.5,-0.5000000000000002,-0.5,-0.4999999999999999,1.0,1.0,plan-c,1.0,0.2510924369747899,0.2510924369747899,0.0,0.139,2.46583830296524,0.058529300004011,0.0004526764766732,0.0005061645341803
unitscope-equal,this-work,user-certified,primary,8,93c520cd7e498c8db2c59c43bfe745e28e8103590125d2671272306cbecb1e2f,0.1428571428571428,1,6,1.0,0.5,0.5,0.5,0.5,0.5,0.4875,-0.5,-0.5,-0.5000000000000002,-0.5,-0.4999999999999999,1.0,1.0,plan-c,1.0,1.0,0.2510924369747899,0.7489075630252101,1.0,1.187715388684544,0.0635616000072332,0.0003905245573619,0.0004545979440533
unitscope-tuned,this-work,user-certified,primary,8,93c520cd7e498c8db2c59c43bfe745e28e8103590125d2671272306cbecb1e2f,1.0,1,6,1.0,0.5,0.5,0.5,0.5,0.5,0.4875,-0.5,-0.5,-0.5000000000000002,-0.5,-0.4999999999999999,1.0,1.0,plan-c,1.0,0.2510924369747899,0.2510924369747899,0.0,0.139,2.46583830296524,0.0614862999937031,0.0004526764766732,0.0005061645341803
naive-recalibrated-2c,this-work,user-certified,primary,8,93c520cd7e498c8db2c59c43bfe745e28e8103590125d2671272306cbecb1e2f,,1,6,1.0,0.5,0.5,0.5,0.5,0.5,0.4875,-0.5,-0.5,-0.5000000000000002,-0.5,-0.4999999999999999,2.0,2.0,plan-delta,2.0,1.0,0.2510924369747899,0.7489075630252101,0.7755474452554745,1.487579505661654,0.0853676999977324,0.0003036494176189,0.0004281135633652
full-identity-reference,oracle,oracle-assumption,full-identity-reference,8,93c520cd7e498c8db2c59c43bfe745e28e8103590125d2671272306cbecb1e2f,,1,6,1.0,0.5,0.5,0.5,0.5,0.5,0.4875,-0.5,-0.5,-0.5000000000000002,-0.5,-0.4999999999999999,1.0,1.0,plan-c,1.0,1.0,0.0,0.0,1.0,5.799833417999374,0.3416479000006802,0.0,1.7675969185463054e-05
non-private-reference,oracle,non-private,diagnostic,8,93c520cd7e498c8db2c59c43bfe745e28e8103590125d2671272306cbecb1e2f,,1,6,1.0,0.5,0.5,0.5,0.5,0.5,0.4875,-0.5,-0.5,-0.5000000000000002,-0.5,-0.4999999999999999,,,non-private,0.0,1.0,0.0,0.0,0.0,inf,0.0472299999964889,2.378341790836332e-05,2.378341790836332e-05
naive-claimed-c,this-work,unsafe-diagnostic,diagnostic,8,93c520cd7e498c8db2c59c43bfe745e28e8103590125d2671272306cbecb1e2f,,1,6,1.0,0.5,0.5,0.5,0.5,0.5,0.4875,-0.5,-0.5,-0.5000000000000002,-0.5,-0.4999999999999999,,2.0,unsafe-diagnostic,1.0,1.0,0.2510924369747899,0.7489075630252101,0.7755474452554745,2.975159011323308,0.0623911000002408,0.0003036494176189,0.0003482055213066
stable-local-fallback,this-work,user-certified,primary,9,93c520cd7e498c8db2c59c43bfe745e28e8103590125d2671272306cbecb1e2f,0.0,1,6,1.0,0.5,0.5,0.5,0.5,0.5,0.506,-0.5,-0.5,-0.5000000000000001,-0.5,-0.4999999999999999,1.0,1.0,plan-c,1.0,1.0,0.0,1.0,1.0,1.1041049309861684,0.0539170999982161,0.0004031188268355,0.0004381946849385
handle-only-drop-residual,this-work,user-certified,primary,9,93c520cd7e498c8db2c59c43bfe745e28e8103590125d2671272306cbecb1e2f,1.0,1,6,1.0,0.5,0.5,0.5,0.5,0.5,0.506,-0.5,-0.5,-0.5000000000000001,-0.5,-0.4999999999999999,1.0,1.0,plan-c,1.0,0.2481739707835325,0.2481739707835325,0.0,0.157,3.1403902441819667,0.0598800000007031,0.0003573844790617,0.0003819460502898
unitscope-equal,this-work,user-certified,primary,9,93c520cd7e498c8db2c59c43bfe745e28e8103590125d2671272306cbecb1e2f,0.1428571428571428,1,6,1.0,0.5,0.5,0.5,0.5,0.5,0.506,-0.5,-0.5,-0.5000000000000001,-0.5,-0.4999999999999999,1.0,1.0,plan-c,1.0,1.0,0.2481739707835325,0.7518260292164675,1.0,1.3771000703050444,0.0623857999889878,0.0003735688290703,0.0004087153182391
unitscope-tuned,this-work,user-certified,primary,9,93c520cd7e498c8db2c59c43bfe745e28e8103590125d2671272306cbecb1e2f,1.0,1,6,1.0,0.5,0.5,0.5,0.5,0.5,0.506,-0.5,-0.5,-0.5000000000000001,-0.5,-0.4999999999999999,1.0,1.0,plan-c,1.0,0.2481739707835325,0.2481739707835325,0.0,0.157,3.1403902441819667,0.062141899994458,0.0003573844790617,0.0003819460502898
naive-recalibrated-2c,this-work,user-certified,primary,9,93c520cd7e498c8db2c59c43bfe745e28e8103590125d2671272306cbecb1e2f,,1,6,1.0,0.5,0.5,0.5,0.5,0.5,0.506,-0.5,-0.5,-0.5000000000000001,-0.5,-0.4999999999999999,2.0,2.0,plan-delta,2.0,1.0,0.2481739707835325,0.7518260292164675,0.7813229571984436,1.8788121937740865,0.0626251000066986,0.0002328247792278,0.0003038494570331
full-identity-reference,oracle,oracle-assumption,full-identity-reference,9,93c520cd7e498c8db2c59c43bfe745e28e8103590125d2671272306cbecb1e2f,,1,6,1.0,0.5,0.5,0.5,0.5,0.5,0.506,-0.5,-0.5,-0.5000000000000001,-0.5,-0.4999999999999999,1.0,1.0,plan-c,1.0,1.0,0.0,0.0,1.0,6.624629585917011,0.3520315000059781,0.0,1.3227335642052286e-05
non-private-reference,oracle,non-private,diagnostic,9,93c520cd7e498c8db2c59c43bfe745e28e8103590125d2671272306cbecb1e2f,,1,6,1.0,0.5,0.5,0.5,0.5,0.5,0.506,-0.5,-0.5,-0.5000000000000001,-0.5,-0.4999999999999999,,,non-private,0.0,1.0,0.0,0.0,0.0,inf,0.0473360000032698,2.3219644425730063e-05,2.3219644425730063e-05
naive-claimed-c,this-work,unsafe-diagnostic,diagnostic,9,93c520cd7e498c8db2c59c43bfe745e28e8103590125d2671272306cbecb1e2f,,1,6,1.0,0.5,0.5,0.5,0.5,0.5,0.506,-0.5,-0.5,-0.5000000000000001,-0.5,-0.4999999999999999,,2.0,unsafe-diagnostic,1.0,1.0,0.2481739707835325,0.7518260292164675,0.7813229571984436,3.757624387548173,0.0713266999955521,0.0002328247792278,0.0002551097824884
stable-local-fallback,this-work,user-certified,primary,0,c9666d92f54946afd0d7939364a7c039fd43c592f9b82d70e359b08e301f2cf4,0.0,1,6,1.0,0.5,0.5,0.5,0.5,0.5,0.499,-0.9,-0.9000000000000001,-0.9000000000000001,-0.9000000000000001,-0.8999999999999999,1.0,1.0,plan-c,1.0,1.0,0.0,1.0,1.0,0.6757877894230436,0.0522010999993654,0.0002477644874864,0.0002607007223644
handle-only-drop-residual,this-work,user-certified,primary,0,c9666d92f54946afd0d7939364a7c039fd43c592f9b82d70e359b08e301f2cf4,1.0,1,6,1.0,0.5,0.5,0.5,0.5,0.5,0.499,-0.9,-0.9000000000000001,-0.9000000000000001,-0.9000000000000001,-0.8999999999999999,1.0,1.0,plan-c,1.0,0.2483322214809873,0.2483322214809873,0.0,0.157,2.13321114138306,0.0768251000117743,0.0002668521475403,0.000288601320314
unitscope-equal,this-work,user-certified,primary,0,c9666d92f54946afd0d7939364a7c039fd43c592f9b82d70e359b08e301f2cf4,0.1428571428571428,1,6,1.0,0.5,0.5,0.5,0.5,0.5,0.499,-0.9,-0.9000000000000001,-0.9000000000000001,-0.9000000000000001,-0.8999999999999999,1.0,1.0,plan-c,1.0,1.0,0.2483322214809873,0.7516677785190127,1.0,1.0117150486576512,0.0651536000077612,0.0002094368609105,0.0002230543752492
unitscope-tuned,this-work,user-certified,primary,0,c9666d92f54946afd0d7939364a7c039fd43c592f9b82d70e359b08e301f2cf4,0.0,1,6,1.0,0.5,0.5,0.5,0.5,0.5,0.499,-0.9,-0.9000000000000001,-0.9000000000000001,-0.9000000000000001,-0.8999999999999999,1.0,1.0,plan-c,1.0,1.0,0.0,1.0,1.0,0.6757877894230436,0.0605648000055225,0.0002477644874864,0.0002607007223644
naive-recalibrated-2c,this-work,user-certified,primary,0,c9666d92f54946afd0d7939364a7c039fd43c592f9b82d70e359b08e301f2cf4,,1,6,1.0,0.5,0.5,0.5,0.5,0.5,0.499,-0.9,-0.9000000000000001,-0.9000000000000001,-0.9000000000000001,-0.8999999999999999,2.0,2.0,plan-delta,2.0,1.0,0.2483322214809873,0.7516677785190127,0.7805259047123145,1.2140971274181849,0.0690038000029744,0.0001736592668315,0.000259237964416
full-identity-reference,oracle,oracle-assumption,full-identity-reference,0,c9666d92f54946afd0d7939364a7c039fd43c592f9b82d70e359b08e301f2cf4,,1,6,1.0,0.5,0.5,0.5,0.5,0.5,0.499,-0.9,-0.9000000000000001,-0.9000000000000001,-0.9000000000000001,-0.8999999999999999,1.0,1.0,plan-c,1.0,1.0,0.0,0.0,0.501,4.200305670656881,0.3608047000016086,0.0,1.992534756221455e-05
non-private-reference,oracle,non-private,diagnostic,0,c9666d92f54946afd0d7939364a7c039fd43c592f9b82d70e359b08e301f2cf4,,1,6,1.0,0.5,0.5,0.5,0.5,0.5,0.499,-0.9,-0.9000000000000001,-0.9000000000000001,-0.9000000000000001,-0.8999999999999999,,,non-private,0.0,1.0,0.0,0.0,0.0,inf,0.0498971000051824,1.0601839338403172e-05,1.0601839338403172e-05
naive-claimed-c,this-work,unsafe-diagnostic,diagnostic,0,c9666d92f54946afd0d7939364a7c039fd43c592f9b82d70e359b08e301f2cf4,,1,6,1.0,0.5,0.5,0.5,0.5,0.5,0.499,-0.9,-0.9000000000000001,-0.9000000000000001,-0.9000000000000001,-0.8999999999999999,,2.0,unsafe-diagnostic,1.0,1.0,0.2483322214809873,0.7516677785190127,0.7805259047123145,2.4281942548363697,0.0877214000065578,0.0001736592668315,0.0001965232680616
stable-local-fallback,this-work,user-certified,primary,1,c9666d92f54946afd0d7939364a7c039fd43c592f9b82d70e359b08e301f2cf4,0.0,1,6,1.0,0.5,0.5,0.5,0.5,0.5,0.4995,-0.9,-0.9000000000000001,-0.9000000000000001,-0.9000000000000001,-0.8999999999999999,1.0,1.0,plan-c,1.0,1.0,0.0,1.0,1.0,0.7778436826179813,0.0557488000049488,0.0002367675073307,0.0002682490709432
handle-only-drop-residual,this-work,user-certified,primary,1,c9666d92f54946afd0d7939364a7c039fd43c592f9b82d70e359b08e301f2cf4,1.0,1,6,1.0,0.5,0.5,0.5,0.5,0.5,0.4995,-0.9,-0.9000000000000001,-0.9000000000000001,-0.9000000000000001,-0.8999999999999999,1.0,1.0,plan-c,1.0,0.2504168056018673,0.2504168056018673,0.0,0.178,2.6641411218966917,0.0609993000107351,0.0001957888563194,0.0002247010905176
unitscope-equal,this-work,user-certified,primary,1,c9666d92f54946afd0d7939364a7c039fd43c592f9b82d70e359b08e301f2cf4,0.1428571428571428,1,6,1.0,0.5,0.5,0.5,0.5,0.5,0.4995,-0.9,-0.9000000000000001,-0.9000000000000001,-0.9000000000000001,-0.8999999999999999,1.0,1.0,plan-c,1.0,1.0,0.2504168056018673,0.7495831943981327,1.0,1.0742832461703866,0.0696055000007618,0.000212853508404,0.0002444087532097
unitscope-tuned,this-work,user-certified,primary,1,c9666d92f54946afd0d7939364a7c039fd43c592f9b82d70e359b08e301f2cf4,0.0,1,6,1.0,0.5,0.5,0.5,0.5,0.5,0.4995,-0.9,-0.9000000000000001,-0.9000000000000001,-0.9000000000000001,-0.8999999999999999,1.0,1.0,plan-c,1.0,1.0,0.0,1.0,1.0,0.7778436826179813,0.0796270999999251,0.0002367675073307,0.0002682490709432
naive-recalibrated-2c,this-work,user-certified,primary,1,c9666d92f54946afd0d7939364a7c039fd43c592f9b82d70e359b08e301f2cf4,,1,6,1.0,0.5,0.5,0.5,0.5,0.5,0.4995,-0.9,-0.9000000000000001,-0.9000000000000001,-0.9000000000000001,-0.8999999999999999,2.0,2.0,plan-delta,2.0,1.0,0.2504168056018673,0.7495831943981327,0.7848730698769956,1.51945862934414,0.0641275999951176,0.0001290284442214,0.0002104129265794
full-identity-reference,oracle,oracle-assumption,full-identity-reference,1,c9666d92f54946afd0d7939364a7c039fd43c592f9b82d70e359b08e301f2cf4,,1,6,1.0,0.5,0.5,0.5,0.5,0.5,0.4995,-0.9,-0.9000000000000001,-0.9000000000000001,-0.9000000000000001,-0.8999999999999999,1.0,1.0,plan-c,1.0,1.0,0.0,0.0,0.5005,4.804208761601427,0.3430195999972056,0.0,1.4585911827834765e-05
non-private-reference,oracle,non-private,diagnostic,1,c9666d92f54946afd0d7939364a7c039fd43c592f9b82d70e359b08e301f2cf4,,1,6,1.0,0.5,0.5,0.5,0.5,0.5,0.4995,-0.9,-0.9000000000000001,-0.9000000000000001,-0.9000000000000001,-0.8999999999999999,,,non-private,0.0,1.0,0.0,0.0,0.0,inf,0.0555606999987503,1.1453466996716722e-05,1.1453466996716722e-05
naive-claimed-c,this-work,unsafe-diagnostic,diagnostic,1,c9666d92f54946afd0d7939364a7c039fd43c592f9b82d70e359b08e301f2cf4,,1,6,1.0,0.5,0.5,0.5,0.5,0.5,0.4995,-0.9,-0.9000000000000001,-0.9000000000000001,-0.9000000000000001,-0.8999999999999999,,2.0,unsafe-diagnostic,1.0,1.0,0.2504168056018673,0.7495831943981327,0.7848730698769956,3.03891725868828,0.0639060999965295,0.0001290284442214,0.0001551347735726
stable-local-fallback,this-work,user-certified,primary,2,c9666d92f54946afd0d7939364a7c039fd43c592f9b82d70e359b08e301f2cf4,0.0,1,6,1.0,0.5,0.5,0.5,0.5,0.5,0.484,-0.9,-0.9000000000000002,-0.9000000000000001,-0.9000000000000001,-0.8999999999999999,1.0,1.0,plan-c,1.0,1.0,0.0,1.0,1.0,0.7612380472731914,0.0509106000099564,0.0002503055181106,0.0002877044798026
handle-only-drop-residual,this-work,user-certified,primary,2,c9666d92f54946afd0d7939364a7c039fd43c592f9b82d70e359b08e301f2cf4,1.0,1,6,1.0,0.5,0.5,0.5,0.5,0.5,0.484,-0.9,-0.9000000000000002,-0.9000000000000001,-0.9000000000000001,-0.8999999999999999,1.0,1.0,plan-c,1.0,0.2498315363881401,0.2498315363881401,0.0,0.165,2.368271626270829,0.0594878999982029,0.0002333962478932,0.0002751690865785
unitscope-equal,this-work,user-certified,primary,2,c9666d92f54946afd0d7939364a7c039fd43c592f9b82d70e359b08e301f2cf4,0.1428571428571428,1,6,1.0,0.5,0.5,0.5,0.5,0.5,0.484,-0.9,-0.9000000000000002,-0.9000000000000001,-0.9000000000000001,-0.8999999999999999,1.0,1.0,plan-c,1.0,1.0,0.2498315363881401,0.7501684636118598,1.0,1.0452491249782294,0.065097999991849,0.0002255055605467,0.0002636059639231
unitscope-tuned,this-work,user-certified,primary,2,c9666d92f54946afd0d7939364a7c039fd43c592f9b82d70e359b08e301f2cf4,0.0,1,6,1.0,0.5,0.5,0.5,0.5,0.5,0.484,-0.9,-0.9000000000000002,-0.9000000000000001,-0.9000000000000001,-0.8999999999999999,1.0,1.0,plan-c,1.0,1.0,0.0,1.0,1.0,0.7612380472731914,0.058300099990447,0.0002503055181106,0.0002877044798026
naive-recalibrated-2c,this-work,user-certified,primary,2,c9666d92f54946afd0d7939364a7c039fd43c592f9b82d70e359b08e301f2cf4,,1,6,1.0,0.5,0.5,0.5,0.5,0.5,0.484,-0.9,-0.9000000000000002,-0.9000000000000001,-0.9000000000000001,-0.8999999999999999,2.0,2.0,plan-delta,2.0,1.0,0.2498315363881401,0.7501684636118598,0.7804364975019721,1.3717633388356076,0.081881499994779,0.0001553185557065,0.0002634999235003
full-identity-reference,oracle,oracle-assumption,full-identity-reference,2,c9666d92f54946afd0d7939364a7c039fd43c592f9b82d70e359b08e301f2cf4,,1,6,1.0,0.5,0.5,0.5,0.5,0.5,0.484,-0.9,-0.9000000000000002,-0.9000000000000001,-0.9000000000000001,-0.8999999999999999,1.0,1.0,plan-c,1.0,1.0,0.0,0.0,0.516,4.721322918786227,0.3524062000069534,0.0,1.5944966299623313e-05
non-private-reference,oracle,non-private,diagnostic,2,c9666d92f54946afd0d7939364a7c039fd43c592f9b82d70e359b08e301f2cf4,,1,6,1.0,0.5,0.5,0.5,0.5,0.5,0.484,-0.9,-0.9000000000000002,-0.9000000000000001,-0.9000000000000001,-0.8999999999999999,,,non-private,0.0,1.0,0.0,0.0,0.0,inf,0.0552771000075154,1.1015862190418904e-05,1.1015862190418904e-05
naive-claimed-c,this-work,unsafe-diagnostic,diagnostic,2,c9666d92f54946afd0d7939364a7c039fd43c592f9b82d70e359b08e301f2cf4,,1,6,1.0,0.5,0.5,0.5,0.5,0.5,0.484,-0.9,-0.9000000000000002,-0.9000000000000001,-0.9000000000000001,-0.8999999999999999,,2.0,unsafe-diagnostic,1.0,1.0,0.2498315363881401,0.7501684636118598,0.7804364975019721,2.7435266776712157,0.0662828999920748,0.0001553185557065,0.0001934642733038
stable-local-fallback,this-work,user-certified,primary,3,c9666d92f54946afd0d7939364a7c039fd43c592f9b82d70e359b08e301f2cf4,0.0,1,6,1.0,0.5,0.5,0.5,0.5,0.5,0.508,-0.9,-0.9000000000000004,-0.9000000000000001,-0.9000000000000001,-0.8999999999999999,1.0,1.0,plan-c,1.0,1.0,0.0,1.0,1.0,0.7050961059273406,0.0516449999995529,0.0001985960963886,0.0002026367481265
handle-only-drop-residual,this-work,user-certified,primary,3,c9666d92f54946afd0d7939364a7c039fd43c592f9b82d70e359b08e301f2cf4,1.0,1,6,1.0,0.5,0.5,0.5,0.5,0.5,0.508,-0.9,-0.9000000000000004,-0.9000000000000001,-0.9000000000000001,-0.8999999999999999,1.0,1.0,plan-c,1.0,0.248342175066313,0.248342175066313,0.0,0.171,2.614602755717951,0.0602302000042982,0.0001806201120965,0.0001881488976382
unitscope-equal,this-work,user-certified,primary,3,c9666d92f54946afd0d7939364a7c039fd43c592f9b82d70e359b08e301f2cf4,0.1428571428571428,1,6,1.0,0.5,0.5,0.5,0.5,0.5,0.508,-0.9,-0.9000000000000004,-0.9000000000000001,-0.9000000000000001,-0.8999999999999999,1.0,1.0,plan-c,1.0,1.0,0.248342175066313,0.751657824933687,1.0,1.0284655261866489,0.0614046999980928,0.0001761617300703,0.0001819984614313
unitscope-tuned,this-work,user-certified,primary,3,c9666d92f54946afd0d7939364a7c039fd43c592f9b82d70e359b08e301f2cf4,0.0,1,6,1.0,0.5,0.5,0.5,0.5,0.5,0.508,-0.9,-0.9000000000000004,-0.9000000000000001,-0.9000000000000001,-0.8999999999999999,1.0,1.0,plan-c,1.0,1.0,0.0,1.0,1.0,0.7050961059273406,0.0568382999917957,0.0001985960963886,0.0002026367481265
naive-recalibrated-2c,this-work,user-certified,primary,3,c9666d92f54946afd0d7939364a7c039fd43c592f9b82d70e359b08e301f2cf4,,1,6,1.0,0.5,0.5,0.5,0.5,0.5,0.508,-0.9,-0.9000000000000004,-0.9000000000000001,-0.9000000000000001,-0.8999999999999999,2.0,2.0,plan-delta,2.0,1.0,0.248342175066313,0.751657824933687,0.7843953185955787,1.459207258981604,0.0703786000085529,0.0001216773546201,0.0001695931035315
full-identity-reference,oracle,oracle-assumption,full-identity-reference,3,c9666d92f54946afd0d7939364a7c039fd43c592f9b82d70e359b08e301f2cf4,,1,6,1.0,0.5,0.5,0.5,0.5,0.5,0.508,-0.9,-0.9000000000000004,-0.9000000000000001,-0.9000000000000001,-0.8999999999999999,1.0,1.0,plan-c,1.0,1.0,0.0,0.0,0.492,4.429773747791029,0.3682527000055415,0.0,1.4295995470253785e-05
non-private-reference,oracle,non-private,diagnostic,3,c9666d92f54946afd0d7939364a7c039fd43c592f9b82d70e359b08e301f2cf4,,1,6,1.0,0.5,0.5,0.5,0.5,0.5,0.508,-0.9,-0.9000000000000004,-0.9000000000000001,-0.9000000000000001,-0.8999999999999999,,,non-private,0.0,1.0,0.0,0.0,0.0,inf,0.0599187000043457,7.887719572790727e-06,7.887719572790727e-06
naive-claimed-c,this-work,unsafe-diagnostic,diagnostic,3,c9666d92f54946afd0d7939364a7c039fd43c592f9b82d70e359b08e301f2cf4,,1,6,1.0,0.5,0.5,0.5,0.5,0.5,0.508,-0.9,-0.9000000000000004,-0.9000000000000001,-0.9000000000000001,-0.8999999999999999,,2.0,unsafe-diagnostic,1.0,1.0,0.248342175066313,0.751657824933687,0.7843953185955787,2.918414517963208,0.0651733999984571,0.0001216773546201,0.0001313392336055
stable-local-fallback,this-work,user-certified,primary,4,c9666d92f54946afd0d7939364a7c039fd43c592f9b82d70e359b08e301f2cf4,0.0,1,6,1.0,0.5,0.5,0.5,0.5,0.5,0.502,-0.9,-0.9000000000000001,-0.9000000000000001,-0.9000000000000001,-0.8999999999999999,1.0,1.0,plan-c,1.0,1.0,0.0,1.0,1.0,0.7146678014478992,0.0510040000081062,0.0002141112207767,0.000210740432692
handle-only-drop-residual,this-work,user-certified,primary,4,c9666d92f54946afd0d7939364a7c039fd43c592f9b82d70e359b08e301f2cf4,1.0,1,6,1.0,0.5,0.5,0.5,0.5,0.5,0.502,-0.9,-0.9000000000000001,-0.9000000000000001,-0.9000000000000001,-0.8999999999999999,1.0,1.0,plan-c,1.0,0.2470039946737683,0.2470039946737683,0.0,0.158,2.5312096038571807,0.0776439000037498,0.0002073047500283,0.0002118473857797
unitscope-equal,this-work,user-certified,primary,4,c9666d92f54946afd0d7939364a7c039fd43c592f9b82d70e359b08e301f2cf4,0.1428571428571428,1,6,1.0,0.5,0.5,0.5,0.5,0.5,0.502,-0.9,-0.9000000000000001,-0.9000000000000001,-0.9000000000000001,-0.8999999999999999,1.0,1.0,plan-c,1.0,1.0,0.2470039946737683,0.7529960053262317,1.0,0.9769933058580568,0.0659041000035358,0.0001939469738929,0.0001946667060924
unitscope-tuned,this-work,user-certified,primary,4,c9666d92f54946afd0d7939364a7c039fd43c592f9b82d70e359b08e301f2cf4,0.0,1,6,1.0,0.5,0.5,0.5,0.5,0.5,0.502,-0.9,-0.9000000000000001,-0.9000000000000001,-0.9000000000000001,-0.8999999999999999,1.0,1.0,plan-c,1.0,1.0,0.0,1.0,1.0,0.7146678014478992,0.0576081000035628,0.0002141112207767,0.000210740432692
naive-recalibrated-2c,this-work,user-certified,primary,4,c9666d92f54946afd0d7939364a7c039fd43c592f9b82d70e359b08e301f2cf4,,1,6,1.0,0.5,0.5,0.5,0.5,0.5,0.502,-0.9,-0.9000000000000001,-0.9000000000000001,-0.9000000000000001,-0.8999999999999999,2.0,2.0,plan-delta,2.0,1.0,0.2470039946737683,0.7529960053262317,0.781071242849714,1.414615578279219,0.0692701000079978,0.0001397488967174,0.0001879092475807
full-identity-reference,oracle,oracle-assumption,full-identity-reference,4,c9666d92f54946afd0d7939364a7c039fd43c592f9b82d70e359b08e301f2cf4,,1,6,1.0,0.5,0.5,0.5,0.5,0.5,0.502,-0.9,-0.9000000000000001,-0.9000000000000001,-0.9000000000000001,-0.8999999999999999,1.0,1.0,plan-c,1.0,1.0,0.0,0.0,0.498,4.406583363971453,0.4230049999896437,0.0,1.568847969346736e-05
non-private-reference,oracle,non-private,diagnostic,4,c9666d92f54946afd0d7939364a7c039fd43c592f9b82d70e359b08e301f2cf4,,1,6,1.0,0.5,0.5,0.5,0.5,0.5,0.502,-0.9,-0.9000000000000001,-0.9000000000000001,-0.9000000000000001,-0.8999999999999999,,,non-private,0.0,1.0,0.0,0.0,0.0,inf,0.0751457999867852,1.0537361302677552e-05,1.0537361302677552e-05
naive-claimed-c,this-work,unsafe-diagnostic,diagnostic,4,c9666d92f54946afd0d7939364a7c039fd43c592f9b82d70e359b08e301f2cf4,,1,6,1.0,0.5,0.5,0.5,0.5,0.5,0.502,-0.9,-0.9000000000000001,-0.9000000000000001,-0.9000000000000001,-0.8999999999999999,,2.0,unsafe-diagnostic,1.0,1.0,0.2470039946737683,0.7529960053262317,0.781071242849714,2.829231156558438,0.0678707999904872,0.0001397488967174,0.0001481405924556
stable-local-fallback,this-work,user-certified,primary,5,c9666d92f54946afd0d7939364a7c039fd43c592f9b82d70e359b08e301f2cf4,0.0,1,6,1.0,0.5,0.5,0.5,0.5,0.5,0.5045,-0.9,-0.9000000000000002,-0.9000000000000001,-0.9000000000000001,-0.8999999999999999,1.0,1.0,plan-c,1.0,1.0,0.0,1.0,1.0,0.6089912968355456,0.0525136999931419,0.0002139666060941,0.0002104764093818
handle-only-drop-residual,this-work,user-certified,primary,5,c9666d92f54946afd0d7939364a7c039fd43c592f9b82d70e359b08e301f2cf4,1.0,1,6,1.0,0.5,0.5,0.5,0.5,0.5,0.5045,-0.9,-0.9000000000000002,-0.9000000000000001,-0.9000000000000001,-0.8999999999999999,1.0,1.0,plan-c,1.0,0.2497507477567298,0.2497507477567298,0.0,0.171,2.172704529903186,0.0593283000052906,0.0001797746789044,0.000171601609741
unitscope-equal,this-work,user-certified,primary,5,c9666d92f54946afd0d7939364a7c039fd43c592f9b82d70e359b08e301f2cf4,0.1428571428571428,1,6,1.0,0.5,0.5,0.5,0.5,0.5,0.5045,-0.9,-0.9000000000000002,-0.9000000000000001,-0.9000000000000001,-0.8999999999999999,1.0,1.0,plan-c,1.0,1.0,0.2497507477567298,0.7502492522432702,1.0,0.9425335681901852,0.0855407000053674,0.000181569358584,0.0001789434170332
unitscope-tuned,this-work,user-certified,primary,5,c9666d92f54946afd0d7939364a7c039fd43c592f9b82d70e359b08e301f2cf4,0.0,1,6,1.0,0.5,0.5,0.5,0.5,0.5,0.5045,-0.9,-0.9000000000000002,-0.9000000000000001,-0.9000000000000001,-0.8999999999999999,1.0,1.0,plan-c,1.0,1.0,0.0,1.0,1.0,0.6089912968355456,0.0610985000093933,0.0002139666060941,0.0002104764093818
naive-recalibrated-2c,this-work,user-certified,primary,5,c9666d92f54946afd0d7939364a7c039fd43c592f9b82d70e359b08e301f2cf4,,1,6,1.0,0.5,0.5,0.5,0.5,0.5,0.5045,-0.9,-0.9000000000000002,-0.9000000000000001,-0.9000000000000001,-0.8999999999999999,2.0,2.0,plan-delta,2.0,1.0,0.2497507477567298,0.7502492522432702,0.7840020844189682,1.2371517802326448,0.0653326000028755,0.0001189227158331,0.000151663645057
full-identity-reference,oracle,oracle-assumption,full-identity-reference,5,c9666d92f54946afd0d7939364a7c039fd43c592f9b82d70e359b08e301f2cf4,,1,6,1.0,0.5,0.5,0.5,0.5,0.5,0.5045,-0.9,-0.9000000000000002,-0.9000000000000001,-0.9000000000000001,-0.8999999999999999,1.0,1.0,plan-c,1.0,1.0,0.0,0.0,0.4955,3.8202736264399024,0.3429832999972859,0.0,2.072019138122691e-05
non-private-reference,oracle,non-private,diagnostic,5,c9666d92f54946afd0d7939364a7c039fd43c592f9b82d70e359b08e301f2cf4,,1,6,1.0,0.5,0.5,0.5,0.5,0.5,0.5045,-0.9,-0.9000000000000002,-0.9000000000000001,-0.9000000000000001,-0.8999999999999999,,,non-private,0.0,1.0,0.0,0.0,0.0,inf,0.0479367000079946,8.711941169206713e-06,8.711941169206713e-06
naive-claimed-c,this-work,unsafe-diagnostic,diagnostic,5,c9666d92f54946afd0d7939364a7c039fd43c592f9b82d70e359b08e301f2cf4,,1,6,1.0,0.5,0.5,0.5,0.5,0.5,0.5045,-0.9,-0.9000000000000002,-0.9000000000000001,-0.9000000000000001,-0.8999999999999999,,2.0,unsafe-diagnostic,1.0,1.0,0.2497507477567298,0.7502492522432702,0.7840020844189682,2.4743035604652897,0.075321399999666,0.0001189227158331,0.0001145729890638
stable-local-fallback,this-work,user-certified,primary,6,c9666d92f54946afd0d7939364a7c039fd43c592f9b82d70e359b08e301f2cf4,0.0,1,6,1.0,0.5,0.5,0.5,0.5,0.5,0.509,-0.9,-0.9000000000000002,-0.9000000000000001,-0.9000000000000001,-0.8999999999999999,1.0,1.0,plan-c,1.0,1.0,0.0,1.0,1.0,0.8056516586821371,0.0544217999995453,0.0002271992682883,0.0002147873825951
handle-only-drop-residual,this-work,user-certified,primary,6,c9666d92f54946afd0d7939364a7c039fd43c592f9b82d70e359b08e301f2cf4,1.0,1,6,1.0,0.5,0.5,0.5,0.5,0.5,0.509,-0.9,-0.9000000000000002,-0.9000000000000001,-0.9000000000000001,-0.8999999999999999,1.0,1.0,plan-c,1.0,0.25,0.25,0.0,0.171,2.388877077224348,0.0653641000099014,0.0002410968446275,0.0002423429251395
unitscope-equal,this-work,user-certified,primary,6,c9666d92f54946afd0d7939364a7c039fd43c592f9b82d70e359b08e301f2cf4,0.1428571428571428,1,6,1.0,0.5,0.5,0.5,0.5,0.5,0.509,-0.9,-0.9000000000000002,-0.9000000000000001,-0.9000000000000001,-0.8999999999999999,1.0,1.0,plan-c,1.0,1.0,0.25,0.75,1.0,1.075756595449969,0.067526099999668,0.0002091842682921,0.0001979780010313
unitscope-tuned,this-work,user-certified,primary,6,c9666d92f54946afd0d7939364a7c039fd43c592f9b82d70e359b08e301f2cf4,0.0,1,6,1.0,0.5,0.5,0.5,0.5,0.5,0.509,-0.9,-0.9000000000000002,-0.9000000000000001,-0.9000000000000001,-0.8999999999999999,1.0,1.0,plan-c,1.0,1.0,0.0,1.0,1.0,0.8056516586821371,0.0746214000100735,0.0002271992682883,0.0002147873825951
naive-recalibrated-2c,this-work,user-certified,primary,6,c9666d92f54946afd0d7939364a7c039fd43c592f9b82d70e359b08e301f2cf4,,1,6,1.0,0.5,0.5,0.5,0.5,0.5,0.509,-0.9,-0.9000000000000002,-0.9000000000000001,-0.9000000000000001,-0.8999999999999999,2.0,2.0,plan-delta,2.0,1.0,0.25,0.75,0.7845074083701585,1.3659466586725035,0.0695889000053284,0.000161057801324,0.0001962370097269
full-identity-reference,oracle,oracle-assumption,full-identity-reference,6,c9666d92f54946afd0d7939364a7c039fd43c592f9b82d70e359b08e301f2cf4,,1,6,1.0,0.5,0.5,0.5,0.5,0.5,0.509,-0.9,-0.9000000000000002,-0.9000000000000001,-0.9000000000000001,-0.8999999999999999,1.0,1.0,plan-c,1.0,1.0,0.0,0.0,0.491,5.007544947809914,0.3539443999907234,0.0,1.2850918528840272e-05
non-private-reference,oracle,non-private,diagnostic,6,c9666d92f54946afd0d7939364a7c039fd43c592f9b82d70e359b08e301f2cf4,,1,6,1.0,0.5,0.5,0.5,0.5,0.5,0.509,-0.9,-0.9000000000000002,-0.9000000000000001,-0.9000000000000001,-0.8999999999999999,,,non-private,0.0,1.0,0.0,0.0,0.0,inf,0.0548071999946842,1.0277714121627626e-05,1.0277714121627626e-05
naive-claimed-c,this-work,unsafe-diagnostic,diagnostic,6,c9666d92f54946afd0d7939364a7c039fd43c592f9b82d70e359b08e301f2cf4,,1,6,1.0,0.5,0.5,0.5,0.5,0.5,0.509,-0.9,-0.9000000000000002,-0.9000000000000001,-0.9000000000000001,-0.8999999999999999,,2.0,unsafe-diagnostic,1.0,1.0,0.25,0.75,0.7845074083701585,2.731893317345007,0.0668131999991601,0.000161057801324,0.0001657964869966
stable-local-fallback,this-work,user-certified,primary,7,c9666d92f54946afd0d7939364a7c039fd43c592f9b82d70e359b08e301f2cf4,0.0,1,6,1.0,0.5,0.5,0.5,0.5,0.5,0.486,-0.9,-0.9000000000000001,-0.9000000000000002,-0.9000000000000001,-0.8999999999999999,1.0,1.0,plan-c,1.0,1.0,0.0,1.0,1.0,0.6673649659772528,0.0530657000053906,0.0001753766093662,0.0001711594768394
handle-only-drop-residual,this-work,user-certified,primary,7,c9666d92f54946afd0d7939364a7c039fd43c592f9b82d70e359b08e301f2cf4,1.0,1,6,1.0,0.5,0.5,0.5,0.5,0.5,0.486,-0.9,-0.9000000000000001,-0.9000000000000002,-0.9000000000000001,-0.8999999999999999,1.0,1.0,plan-c,1.0,0.2489905787348587,0.2489905787348587,0.0,0.159,2.33989292530921,0.0584108000039123,0.0002008280128428,0.0001921698225633
unitscope-equal,this-work,user-certified,primary,7,c9666d92f54946afd0d7939364a7c039fd43c592f9b82d70e359b08e301f2cf4,0.1428571428571428,1,6,1.0,0.5,0.5,0.5,0.5,0.5,0.486,-0.9,-0.9000000000000001,-0.9000000000000002,-0.9000000000000001,-0.8999999999999999,1.0,1.0,plan-c,1.0,1.0,0.2489905787348587,0.7510094212651414,1.0,0.936705796464013,0.0618216000002576,0.0001582332097558,0.0001539755536724
unitscope-tuned,this-work,user-certified,primary,7,c9666d92f54946afd0d7939364a7c039fd43c592f9b82d70e359b08e301f2cf4,0.0,1,6,1.0,0.5,0.5,0.5,0.5,0.5,0.486,-0.9,-0.9000000000000001,-0.9000000000000002,-0.9000000000000001,-0.8999999999999999,1.0,1.0,plan-c,1.0,1.0,0.0,1.0,1.0,0.6673649659772528,0.052692900004331,0.0001753766093662,0.0001711594768394
naive-recalibrated-2c,this-work,user-certified,primary,7,c9666d92f54946afd0d7939364a7c039fd43c592f9b82d70e359b08e301f2cf4,,1,6,1.0,0.5,0.5,0.5,0.5,0.5,0.486,-0.9,-0.9000000000000001,-0.9000000000000002,-0.9000000000000001,-0.8999999999999999,2.0,2.0,plan-delta,2.0,1.0,0.2489905787348587,0.7510094212651414,0.7794387621295568,1.2786002113384682,0.0777590999932726,0.000134896493605,0.0001562462505091
full-identity-reference,oracle,oracle-assumption,full-identity-reference,7,c9666d92f54946afd0d7939364a7c039fd43c592f9b82d70e359b08e301f2cf4,,1,6,1.0,0.5,0.5,0.5,0.5,0.5,0.486,-0.9,-0.9000000000000001,-0.9000000000000002,-0.9000000000000001,-0.8999999999999999,1.0,1.0,plan-c,1.0,1.0,0.0,0.0,0.514,4.139420899117204,0.352914499992039,0.0,1.4522739286817308e-05
non-private-reference,oracle,non-private,diagnostic,7,c9666d92f54946afd0d7939364a7c039fd43c592f9b82d70e359b08e301f2cf4,,1,6,1.0,0.5,0.5,0.5,0.5,0.5,0.486,-0.9,-0.9000000000000001,-0.9000000000000002,-0.9000000000000001,-0.8999999999999999,,,non-private,0.0,1.0,0.0,0.0,0.0,inf,0.0512465999927371,8.61192651333319e-06,8.61192651333319e-06
naive-claimed-c,this-work,unsafe-diagnostic,diagnostic,7,c9666d92f54946afd0d7939364a7c039fd43c592f9b82d70e359b08e301f2cf4,,1,6,1.0,0.5,0.5,0.5,0.5,0.5,0.486,-0.9,-0.9000000000000001,-0.9000000000000002,-0.9000000000000001,-0.8999999999999999,,2.0,unsafe-diagnostic,1.0,1.0,0.2489905787348587,0.7510094212651414,0.7794387621295568,2.5572004226769365,0.0619046000065282,0.000134896493605,0.0001310486327702
stable-local-fallback,this-work,user-certified,primary,8,c9666d92f54946afd0d7939364a7c039fd43c592f9b82d70e359b08e301f2cf4,0.0,1,6,1.0,0.5,0.5,0.5,0.5,0.5,0.4875,-0.9,-0.9000000000000002,-0.9000000000000001,-0.9000000000000001,-0.8999999999999999,1.0,1.0,plan-c,1.0,1.0,0.0,1.0,1.0,0.70740862337,0.0677630999998655,0.0002443127206381,0.0002932012082954
handle-only-drop-residual,this-work,user-certified,primary,8,c9666d92f54946afd0d7939364a7c039fd43c592f9b82d70e359b08e301f2cf4,1.0,1,6,1.0,0.5,0.5,0.5,0.5,0.5,0.4875,-0.9,-0.9000000000000002,-0.9000000000000001,-0.9000000000000001,-0.8999999999999999,1.0,1.0,plan-c,1.0,0.2510924369747899,0.2510924369747899,0.0,0.139,2.081113865470906,0.0709260000003269,0.0003161066678387,0.0003601490882329
unitscope-equal,this-work,user-certified,primary,8,c9666d92f54946afd0d7939364a7c039fd43c592f9b82d70e359b08e301f2cf4,0.1428571428571428,1,6,1.0,0.5,0.5,0.5,0.5,0.5,0.4875,-0.9,-0.9000000000000002,-0.9000000000000001,-0.9000000000000001,-0.8999999999999999,1.0,1.0,plan-c,1.0,1.0,0.2510924369747899,0.7489075630252101,1.0,0.9700963129740018,0.0787731000018538,0.0002234465676276,0.0002689238445682
unitscope-tuned,this-work,user-certified,primary,8,c9666d92f54946afd0d7939364a7c039fd43c592f9b82d70e359b08e301f2cf4,0.0,1,6,1.0,0.5,0.5,0.5,0.5,0.5,0.4875,-0.9,-0.9000000000000002,-0.9000000000000001,-0.9000000000000001,-0.8999999999999999,1.0,1.0,plan-c,1.0,1.0,0.0,1.0,1.0,0.70740862337,0.06906429999799,0.0002443127206381,0.0002932012082954
naive-recalibrated-2c,this-work,user-certified,primary,8,c9666d92f54946afd0d7939364a7c039fd43c592f9b82d70e359b08e301f2cf4,,1,6,1.0,0.5,0.5,0.5,0.5,0.5,0.4875,-0.9,-0.9000000000000002,-0.9000000000000001,-0.9000000000000001,-0.8999999999999999,2.0,2.0,plan-delta,2.0,1.0,0.2510924369747899,0.7489075630252101,0.7755474452554745,1.1591674179848082,0.0700156999955652,0.0002185310576946,0.0003301810526791
full-identity-reference,oracle,oracle-assumption,full-identity-reference,8,c9666d92f54946afd0d7939364a7c039fd43c592f9b82d70e359b08e301f2cf4,,1,6,1.0,0.5,0.5,0.5,0.5,0.5,0.4875,-0.9,-0.9000000000000002,-0.9000000000000001,-0.9000000000000001,-0.8999999999999999,1.0,1.0,plan-c,1.0,1.0,0.0,0.0,0.5125,4.423228776295361,0.355871500010835,0.0,1.7675969185463054e-05
non-private-reference,oracle,non-private,diagnostic,8,c9666d92f54946afd0d7939364a7c039fd43c592f9b82d70e359b08e301f2cf4,,1,6,1.0,0.5,0.5,0.5,0.5,0.5,0.4875,-0.9,-0.9000000000000002,-0.9000000000000001,-0.9000000000000001,-0.8999999999999999,,,non-private,0.0,1.0,0.0,0.0,0.0,inf,0.0796076999977231,9.773197954811966e-06,9.773197954811966e-06
naive-claimed-c,this-work,unsafe-diagnostic,diagnostic,8,c9666d92f54946afd0d7939364a7c039fd43c592f9b82d70e359b08e301f2cf4,,1,6,1.0,0.5,0.5,0.5,0.5,0.5,0.4875,-0.9,-0.9000000000000002,-0.9000000000000001,-0.9000000000000001,-0.8999999999999999,,2.0,unsafe-diagnostic,1.0,1.0,0.2510924369747899,0.7489075630252101,0.7755474452554745,2.3183348359696163,0.0807349000097019,0.0002185310576946,0.0002566800860014
stable-local-fallback,this-work,user-certified,primary,9,c9666d92f54946afd0d7939364a7c039fd43c592f9b82d70e359b08e301f2cf4,0.0,1,6,1.0,0.5,0.5,0.5,0.5,0.5,0.506,-0.9,-0.9000000000000001,-0.9000000000000001,-0.9000000000000001,-0.8999999999999999,1.0,1.0,plan-c,1.0,1.0,0.0,1.0,1.0,0.8622896716045529,0.0516233000089414,0.0002700390665074,0.000300292235828
handle-only-drop-residual,this-work,user-certified,primary,9,c9666d92f54946afd0d7939364a7c039fd43c592f9b82d70e359b08e301f2cf4,1.0,1,6,1.0,0.5,0.5,0.5,0.5,0.5,0.506,-0.9,-0.9000000000000001,-0.9000000000000001,-0.9000000000000001,-0.8999999999999999,1.0,1.0,plan-c,1.0,0.2481739707835325,0.2481739707835325,0.0,0.157,2.95917343755417,0.0793168999953195,0.0002619858885559,0.0002871222695008
unitscope-equal,this-work,user-certified,primary,9,c9666d92f54946afd0d7939364a7c039fd43c592f9b82d70e359b08e301f2cf4,0.1428571428571428,1,6,1.0,0.5,0.5,0.5,0.5,0.5,0.506,-0.9,-0.9000000000000001,-0.9000000000000001,-0.9000000000000001,-0.8999999999999999,1.0,1.0,plan-c,1.0,1.0,0.2481739707835325,0.7518260292164675,1.0,1.217179597171531,0.0655796999926678,0.0002370977145532,0.0002667376123627
unitscope-tuned,this-work,user-certified,primary,9,c9666d92f54946afd0d7939364a7c039fd43c592f9b82d70e359b08e301f2cf4,0.0,1,6,1.0,0.5,0.5,0.5,0.5,0.5,0.506,-0.9,-0.9000000000000001,-0.9000000000000001,-0.9000000000000001,-0.8999999999999999,1.0,1.0,plan-c,1.0,1.0,0.0,1.0,1.0,0.8622896716045529,0.0538817000051494,0.0002700390665074,0.000300292235828
naive-recalibrated-2c,this-work,user-certified,primary,9,c9666d92f54946afd0d7939364a7c039fd43c592f9b82d70e359b08e301f2cf4,,1,6,1.0,0.5,0.5,0.5,0.5,0.5,0.506,-0.9,-0.9000000000000001,-0.9000000000000001,-0.9000000000000001,-0.8999999999999999,2.0,2.0,plan-delta,2.0,1.0,0.2481739707835325,0.7518260292164675,0.7813229571984436,1.6556245995629084,0.0656098999897949,0.0001721163577698,0.0002447580579458
full-identity-reference,oracle,oracle-assumption,full-identity-reference,9,c9666d92f54946afd0d7939364a7c039fd43c592f9b82d70e359b08e301f2cf4,,1,6,1.0,0.5,0.5,0.5,0.5,0.5,0.506,-0.9,-0.9000000000000001,-0.9000000000000001,-0.9000000000000001,-0.8999999999999999,1.0,1.0,plan-c,1.0,1.0,0.0,0.0,0.494,5.378413301974939,0.366806699996232,0.0,1.3227335642052286e-05
non-private-reference,oracle,non-private,diagnostic,9,c9666d92f54946afd0d7939364a7c039fd43c592f9b82d70e359b08e301f2cf4,,1,6,1.0,0.5,0.5,0.5,0.5,0.5,0.506,-0.9,-0.9000000000000001,-0.9000000000000001,-0.9000000000000001,-0.8999999999999999,,,non-private,0.0,1.0,0.0,0.0,0.0,inf,0.0533928999939234,1.1004814177123736e-05,1.1004814177123736e-05
naive-claimed-c,this-work,unsafe-diagnostic,diagnostic,9,c9666d92f54946afd0d7939364a7c039fd43c592f9b82d70e359b08e301f2cf4,,1,6,1.0,0.5,0.5,0.5,0.5,0.5,0.506,-0.9,-0.9000000000000001,-0.9000000000000001,-0.9000000000000001,-0.8999999999999999,,2.0,unsafe-diagnostic,1.0,1.0,0.2481739707835325,0.7518260292164675,0.7813229571984436,3.311249199125817,0.0910287000006064,0.0001721163577698,0.0001952098722157
stable-local-fallback,this-work,user-certified,primary,0,16249f415d40cf804bb7ddd691a33bc7a05494b811a88a7245b6a31e930f95c8,0.0,1,6,1.0,0.5,0.5,0.5,0.5,0.5,0.499,-0.9,-0.9000000000000001,-0.9000000000000001,-0.9000000000000001,-0.8999999999999999,1.0,1.0,plan-c,1.0,1.0,0.0,1.0,1.0,0.6757877894230436,0.0578863000118872,0.0002477644874864,0.0002607007223644
handle-only-drop-residual,this-work,user-certified,primary,0,16249f415d40cf804bb7ddd691a33bc7a05494b811a88a7245b6a31e930f95c8,1.0,1,6,1.0,0.5,0.5,0.5,0.5,0.5,0.499,-0.9,-0.9000000000000001,-0.9000000000000001,-0.9000000000000001,-0.8999999999999999,1.0,1.0,plan-c,1.0,0.2483322214809873,0.2483322214809873,0.0,0.157,2.13321114138306,0.0639355000021169,0.0002668521475403,0.000288601320314
unitscope-equal,this-work,user-certified,primary,0,16249f415d40cf804bb7ddd691a33bc7a05494b811a88a7245b6a31e930f95c8,0.1428571428571428,1,6,1.0,0.5,0.5,0.5,0.5,0.5,0.499,-0.9,-0.9000000000000001,-0.9000000000000001,-0.9000000000000001,-0.8999999999999999,1.0,1.0,plan-c,1.0,1.0,0.2483322214809873,0.7516677785190127,1.0,1.0117150486576512,0.0769334000069648,0.0002094368609105,0.0002230543752492
unitscope-tuned,this-work,user-certified,primary,0,16249f415d40cf804bb7ddd691a33bc7a05494b811a88a7245b6a31e930f95c8,0.25,1,6,1.0,0.5,0.5,0.5,0.5,0.5,0.499,-0.9,-0.9000000000000001,-0.9000000000000001,-0.9000000000000001,-0.8999999999999999,1.0,1.0,plan-c,1.0,1.0,0.2483322214809873,0.7516677785190127,1.0,1.2939846223271287,0.0602228999923681,0.0001905379645301,0.000205064507651
naive-recalibrated-2c,this-work,user-certified,primary,0,16249f415d40cf804bb7ddd691a33bc7a05494b811a88a7245b6a31e930f95c8,,1,6,1.0,0.5,0.5,0.5,0.5,0.5,0.499,-0.9,-0.9000000000000001,-0.9000000000000001,-0.9000000000000001,-0.8999999999999999,2.0,2.0,plan-delta,2.0,1.0,0.2483322214809873,0.7516677785190127,0.7805259047123145,1.2140971274181849,0.0609074999956646,0.0001736592668315,0.000259237964416
full-identity-reference,oracle,oracle-assumption,full-identity-reference,0,16249f415d40cf804bb7ddd691a33bc7a05494b811a88a7245b6a31e930f95c8,,1,6,1.0,0.5,0.5,0.5,0.5,0.5,0.499,-0.9,-0.9000000000000001,-0.9000000000000001,-0.9000000000000001,-0.8999999999999999,1.0,1.0,plan-c,1.0,1.0,0.0,0.0,0.501,4.200305670656881,0.3397911000065505,0.0,1.992534756221455e-05
non-private-reference,oracle,non-private,diagnostic,0,16249f415d40cf804bb7ddd691a33bc7a05494b811a88a7245b6a31e930f95c8,,1,6,1.0,0.5,0.5,0.5,0.5,0.5,0.499,-0.9,-0.9000000000000001,-0.9000000000000001,-0.9000000000000001,-0.8999999999999999,,,non-private,0.0,1.0,0.0,0.0,0.0,inf,0.0459990000090329,1.0601839338403172e-05,1.0601839338403172e-05
naive-claimed-c,this-work,unsafe-diagnostic,diagnostic,0,16249f415d40cf804bb7ddd691a33bc7a05494b811a88a7245b6a31e930f95c8,,1,6,1.0,0.5,0.5,0.5,0.5,0.5,0.499,-0.9,-0.9000000000000001,-0.9000000000000001,-0.9000000000000001,-0.8999999999999999,,2.0,unsafe-diagnostic,1.0,1.0,0.2483322214809873,0.7516677785190127,0.7805259047123145,2.4281942548363697,0.0614131000038469,0.0001736592668315,0.0001965232680616
stable-local-fallback,this-work,user-certified,primary,1,16249f415d40cf804bb7ddd691a33bc7a05494b811a88a7245b6a31e930f95c8,0.0,1,6,1.0,0.5,0.5,0.5,0.5,0.5,0.4995,-0.9,-0.9000000000000001,-0.9000000000000001,-0.9000000000000001,-0.8999999999999999,1.0,1.0,plan-c,1.0,1.0,0.0,1.0,1.0,0.7778436826179813,0.053758399997605,0.0002367675073307,0.0002682490709432
handle-only-drop-residual,this-work,user-certified,primary,1,16249f415d40cf804bb7ddd691a33bc7a05494b811a88a7245b6a31e930f95c8,1.0,1,6,1.0,0.5,0.5,0.5,0.5,0.5,0.4995,-0.9,-0.9000000000000001,-0.9000000000000001,-0.9000000000000001,-0.8999999999999999,1.0,1.0,plan-c,1.0,0.2504168056018673,0.2504168056018673,0.0,0.178,2.6641411218966917,0.0636632999958237,0.0001957888563194,0.0002247010905176
unitscope-equal,this-work,user-certified,primary,1,16249f415d40cf804bb7ddd691a33bc7a05494b811a88a7245b6a31e930f95c8,0.1428571428571428,1,6,1.0,0.5,0.5,0.5,0.5,0.5,0.4995,-0.9,-0.9000000000000001,-0.9000000000000001,-0.9000000000000001,-0.8999999999999999,1.0,1.0,plan-c,1.0,1.0,0.2504168056018673,0.7495831943981327,1.0,1.0742832461703866,0.062164600007236,0.000212853508404,0.0002444087532097
unitscope-tuned,this-work,user-certified,primary,1,16249f415d40cf804bb7ddd691a33bc7a05494b811a88a7245b6a31e930f95c8,0.25,1,6,1.0,0.5,0.5,0.5,0.5,0.5,0.4995,-0.9,-0.9000000000000001,-0.9000000000000001,-0.9000000000000001,-0.8999999999999999,1.0,1.0,plan-c,1.0,1.0,0.2504168056018673,0.7495831943981327,1.0,1.4144585711202542,0.0981320999999297,0.0001931823471042,0.0002244544326609
naive-recalibrated-2c,this-work,user-certified,primary,1,16249f415d40cf804bb7ddd691a33bc7a05494b811a88a7245b6a31e930f95c8,,1,6,1.0,0.5,0.5,0.5,0.5,0.5,0.4995,-0.9,-0.9000000000000001,-0.9000000000000001,-0.9000000000000001,-0.8999999999999999,2.0,2.0,plan-delta,2.0,1.0,0.2504168056018673,0.7495831943981327,0.7848730698769956,1.51945862934414,0.0913135000009788,0.0001290284442214,0.0002104129265794
full-identity-reference,oracle,oracle-assumption,full-identity-reference,1,16249f415d40cf804bb7ddd691a33bc7a05494b811a88a7245b6a31e930f95c8,,1,6,1.0,0.5,0.5,0.5,0.5,0.5,0.4995,-0.9,-0.9000000000000001,-0.9000000000000001,-0.9000000000000001,-0.8999999999999999,1.0,1.0,plan-c,1.0,1.0,0.0,0.0,0.5005,4.804208761601427,0.3502581999928225,0.0,1.4585911827834765e-05
non-private-reference,oracle,non-private,diagnostic,1,16249f415d40cf804bb7ddd691a33bc7a05494b811a88a7245b6a31e930f95c8,,1,6,1.0,0.5,0.5,0.5,0.5,0.5,0.4995,-0.9,-0.9000000000000001,-0.9000000000000001,-0.9000000000000001,-0.8999999999999999,,,non-private,0.0,1.0,0.0,0.0,0.0,inf,0.0488684000010835,1.1453466996716722e-05,1.1453466996716722e-05
naive-claimed-c,this-work,unsafe-diagnostic,diagnostic,1,16249f415d40cf804bb7ddd691a33bc7a05494b811a88a7245b6a31e930f95c8,,1,6,1.0,0.5,0.5,0.5,0.5,0.5,0.4995,-0.9,-0.9000000000000001,-0.9000000000000001,-0.9000000000000001,-0.8999999999999999,,2.0,unsafe-diagnostic,1.0,1.0,0.2504168056018673,0.7495831943981327,0.7848730698769956,3.03891725868828,0.0680506999924546,0.0001290284442214,0.0001551347735726
stable-local-fallback,this-work,user-certified,primary,2,16249f415d40cf804bb7ddd691a33bc7a05494b811a88a7245b6a31e930f95c8,0.0,1,6,1.0,0.5,0.5,0.5,0.5,0.5,0.484,-0.9,-0.9000000000000002,-0.9000000000000001,-0.9000000000000001,-0.8999999999999999,1.0,1.0,plan-c,1.0,1.0,0.0,1.0,1.0,0.7612380472731914,0.0517051999922841,0.0002503055181106,0.0002877044798026
handle-only-drop-residual,this-work,user-certified,primary,2,16249f415d40cf804bb7ddd691a33bc7a05494b811a88a7245b6a31e930f95c8,1.0,1,6,1.0,0.5,0.5,0.5,0.5,0.5,0.484,-0.9,-0.9000000000000002,-0.9000000000000001,-0.9000000000000001,-0.8999999999999999,1.0,1.0,plan-c,1.0,0.2498315363881401,0.2498315363881401,0.0,0.165,2.368271626270829,0.0611549999885028,0.0002333962478932,0.0002751690865785
unitscope-equal,this-work,user-certified,primary,2,16249f415d40cf804bb7ddd691a33bc7a05494b811a88a7245b6a31e930f95c8,0.1428571428571428,1,6,1.0,0.5,0.5,0.5,0.5,0.5,0.484,-0.9,-0.9000000000000002,-0.9000000000000001,-0.9000000000000001,-0.8999999999999999,1.0,1.0,plan-c,1.0,1.0,0.2498315363881401,0.7501684636118598,1.0,1.0452491249782294,0.0604488999961176,0.0002255055605467,0.0002636059639231
unitscope-tuned,this-work,user-certified,primary,2,16249f415d40cf804bb7ddd691a33bc7a05494b811a88a7245b6a31e930f95c8,0.25,1,6,1.0,0.5,0.5,0.5,0.5,0.5,0.484,-0.9,-0.9000000000000002,-0.9000000000000001,-0.9000000000000001,-0.8999999999999999,1.0,1.0,plan-c,1.0,1.0,0.2498315363881401,0.7501684636118598,1.0,1.3412562980928395,0.0606184000062057,0.0002077603765624,0.0002459835255419
naive-recalibrated-2c,this-work,user-certified,primary,2,16249f415d40cf804bb7ddd691a33bc7a05494b811a88a7245b6a31e930f95c8,,1,6,1.0,0.5,0.5,0.5,0.5,0.5,0.484,-0.9,-0.9000000000000002,-0.9000000000000001,-0.9000000000000001,-0.8999999999999999,2.0,2.0,plan-delta,2.0,1.0,0.2498315363881401,0.7501684636118598,0.7804364975019721,1.3717633388356076,0.0754845000046771,0.0001553185557065,0.0002634999235003
full-identity-reference,oracle,oracle-assumption,full-identity-reference,2,16249f415d40cf804bb7ddd691a33bc7a05494b811a88a7245b6a31e930f95c8,,1,6,1.0,0.5,0.5,0.5,0.5,0.5,0.484,-0.9,-0.9000000000000002,-0.9000000000000001,-0.9000000000000001,-0.8999999999999999,1.0,1.0,plan-c,1.0,1.0,0.0,0.0,0.516,4.721322918786227,0.3371712000080151,0.0,1.5944966299623313e-05
non-private-reference,oracle,non-private,diagnostic,2,16249f415d40cf804bb7ddd691a33bc7a05494b811a88a7245b6a31e930f95c8,,1,6,1.0,0.5,0.5,0.5,0.5,0.5,0.484,-0.9,-0.9000000000000002,-0.9000000000000001,-0.9000000000000001,-0.8999999999999999,,,non-private,0.0,1.0,0.0,0.0,0.0,inf,0.0516214999952353,1.1015862190418904e-05,1.1015862190418904e-05
naive-claimed-c,this-work,unsafe-diagnostic,diagnostic,2,16249f415d40cf804bb7ddd691a33bc7a05494b811a88a7245b6a31e930f95c8,,1,6,1.0,0.5,0.5,0.5,0.5,0.5,0.484,-0.9,-0.9000000000000002,-0.9000000000000001,-0.9000000000000001,-0.8999999999999999,,2.0,unsafe-diagnostic,1.0,1.0,0.2498315363881401,0.7501684636118598,0.7804364975019721,2.7435266776712157,0.0626778000005288,0.0001553185557065,0.0001934642733038
stable-local-fallback,this-work,user-certified,primary,3,16249f415d40cf804bb7ddd691a33bc7a05494b811a88a7245b6a31e930f95c8,0.0,1,6,1.0,0.5,0.5,0.5,0.5,0.5,0.508,-0.9,-0.9000000000000004,-0.9000000000000001,-0.9000000000000001,-0.8999999999999999,1.0,1.0,plan-c,1.0,1.0,0.0,1.0,1.0,0.7050961059273406,0.0712408999970648,0.0001985960963886,0.0002026367481265
handle-only-drop-residual,this-work,user-certified,primary,3,16249f415d40cf804bb7ddd691a33bc7a05494b811a88a7245b6a31e930f95c8,1.0,1,6,1.0,0.5,0.5,0.5,0.5,0.5,0.508,-0.9,-0.9000000000000004,-0.9000000000000001,-0.9000000000000001,-0.8999999999999999,1.0,1.0,plan-c,1.0,0.248342175066313,0.248342175066313,0.0,0.171,2.614602755717951,0.060689200006891,0.0001806201120965,0.0001881488976382
unitscope-equal,this-work,user-certified,primary,3,16249f415d40cf804bb7ddd691a33bc7a05494b811a88a7245b6a31e930f95c8,0.1428571428571428,1,6,1.0,0.5,0.5,0.5,0.5,0.5,0.508,-0.9,-0.9000000000000004,-0.9000000000000001,-0.9000000000000001,-0.8999999999999999,1.0,1.0,plan-c,1.0,1.0,0.248342175066313,0.751657824933687,1.0,1.0284655261866489,0.0636634999973466,0.0001761617300703,0.0001819984614313
unitscope-tuned,this-work,user-certified,primary,3,16249f415d40cf804bb7ddd691a33bc7a05494b811a88a7245b6a31e930f95c8,0.25,1,6,1.0,0.5,0.5,0.5,0.5,0.5,0.508,-0.9,-0.9000000000000004,-0.9000000000000001,-0.9000000000000001,-0.8999999999999999,1.0,1.0,plan-c,1.0,1.0,0.248342175066313,0.751657824933687,1.0,1.359260008158713,0.0626775999990059,0.0001600676497636,0.0001670334287275
naive-recalibrated-2c,this-work,user-certified,primary,3,16249f415d40cf804bb7ddd691a33bc7a05494b811a88a7245b6a31e930f95c8,,1,6,1.0,0.5,0.5,0.5,0.5,0.5,0.508,-0.9,-0.9000000000000004,-0.9000000000000001,-0.9000000000000001,-0.8999999999999999,2.0,2.0,plan-delta,2.0,1.0,0.248342175066313,0.751657824933687,0.7843953185955787,1.459207258981604,0.0624683000060031,0.0001216773546201,0.0001695931035315
full-identity-reference,oracle,oracle-assumption,full-identity-reference,3,16249f415d40cf804bb7ddd691a33bc7a05494b811a88a7245b6a31e930f95c8,,1,6,1.0,0.5,0.5,0.5,0.5,0.5,0.508,-0.9,-0.9000000000000004,-0.9000000000000001,-0.9000000000000001,-0.8999999999999999,1.0,1.0,plan-c,1.0,1.0,0.0,0.0,0.492,4.429773747791029,0.3455994999967515,0.0,1.4295995470253785e-05
non-private-reference,oracle,non-private,diagnostic,3,16249f415d40cf804bb7ddd691a33bc7a05494b811a88a7245b6a31e930f95c8,,1,6,1.0,0.5,0.5,0.5,0.5,0.5,0.508,-0.9,-0.9000000000000004,-0.9000000000000001,-0.9000000000000001,-0.8999999999999999,,,non-private,0.0,1.0,0.0,0.0,0.0,inf,0.0652488000050652,7.887719572790727e-06,7.887719572790727e-06
naive-claimed-c,this-work,unsafe-diagnostic,diagnostic,3,16249f415d40cf804bb7ddd691a33bc7a05494b811a88a7245b6a31e930f95c8,,1,6,1.0,0.5,0.5,0.5,0.5,0.5,0.508,-0.9,-0.9000000000000004,-0.9000000000000001,-0.9000000000000001,-0.8999999999999999,,2.0,unsafe-diagnostic,1.0,1.0,0.248342175066313,0.751657824933687,0.7843953185955787,2.918414517963208,0.0594096000131685,0.0001216773546201,0.0001313392336055
stable-local-fallback,this-work,user-certified,primary,4,16249f415d40cf804bb7ddd691a33bc7a05494b811a88a7245b6a31e930f95c8,0.0,1,6,1.0,0.5,0.5,0.5,0.5,0.5,0.502,-0.9,-0.9000000000000001,-0.9000000000000001,-0.9000000000000001,-0.8999999999999999,1.0,1.0,plan-c,1.0,1.0,0.0,1.0,1.0,0.7146678014478992,0.051427300000796,0.0002141112207767,0.000210740432692
handle-only-drop-residual,this-work,user-certified,primary,4,16249f415d40cf804bb7ddd691a33bc7a05494b811a88a7245b6a31e930f95c8,1.0,1,6,1.0,0.5,0.5,0.5,0.5,0.5,0.502,-0.9,-0.9000000000000001,-0.9000000000000001,-0.9000000000000001,-0.8999999999999999,1.0,1.0,plan-c,1.0,0.2470039946737683,0.2470039946737683,0.0,0.158,2.5312096038571807,0.0783965000009629,0.0002073047500283,0.0002118473857797
unitscope-equal,this-work,user-certified,primary,4,16249f415d40cf804bb7ddd691a33bc7a05494b811a88a7245b6a31e930f95c8,0.1428571428571428,1,6,1.0,0.5,0.5,0.5,0.5,0.5,0.502,-0.9,-0.9000000000000001,-0.9000000000000001,-0.9000000000000001,-0.8999999999999999,1.0,1.0,plan-c,1.0,1.0,0.2470039946737683,0.7529960053262317,1.0,0.9769933058580568,0.061776499991538,0.0001939469738929,0.0001946667060924
unitscope-tuned,this-work,user-certified,primary,4,16249f415d40cf804bb7ddd691a33bc7a05494b811a88a7245b6a31e930f95c8,0.25,1,6,1.0,0.5,0.5,0.5,0.5,0.5,0.502,-0.9,-0.9000000000000001,-0.9000000000000001,-0.9000000000000001,-0.8999999999999999,1.0,1.0,plan-c,1.0,1.0,0.2470039946737683,0.7529960053262317,1.0,1.2836584710033847,0.0632182000117609,0.0001800373347066,0.0001837561605615
naive-recalibrated-2c,this-work,user-certified,primary,4,16249f415d40cf804bb7ddd691a33bc7a05494b811a88a7245b6a31e930f95c8,,1,6,1.0,0.5,0.5,0.5,0.5,0.5,0.502,-0.9,-0.9000000000000001,-0.9000000000000001,-0.9000000000000001,-0.8999999999999999,2.0,2.0,plan-delta,2.0,1.0,0.2470039946737683,0.7529960053262317,0.781071242849714,1.414615578279219,0.0632615000067744,0.0001397488967174,0.0001879092475807
full-identity-reference,oracle,oracle-assumption,full-identity-reference,4,16249f415d40cf804bb7ddd691a33bc7a05494b811a88a7245b6a31e930f95c8,,1,6,1.0,0.5,0.5,0.5,0.5,0.5,0.502,-0.9,-0.9000000000000001,-0.9000000000000001,-0.9000000000000001,-0.8999999999999999,1.0,1.0,plan-c,1.0,1.0,0.0,0.0,0.498,4.406583363971453,0.3390354000002844,0.0,1.568847969346736e-05
non-private-reference,oracle,non-private,diagnostic,4,16249f415d40cf804bb7ddd691a33bc7a05494b811a88a7245b6a31e930f95c8,,1,6,1.0,0.5,0.5,0.5,0.5,0.5,0.502,-0.9,-0.9000000000000001,-0.9000000000000001,-0.9000000000000001,-0.8999999999999999,,,non-private,0.0,1.0,0.0,0.0,0.0,inf,0.0474357000057352,1.0537361302677552e-05,1.0537361302677552e-05
naive-claimed-c,this-work,unsafe-diagnostic,diagnostic,4,16249f415d40cf804bb7ddd691a33bc7a05494b811a88a7245b6a31e930f95c8,,1,6,1.0,0.5,0.5,0.5,0.5,0.5,0.502,-0.9,-0.9000000000000001,-0.9000000000000001,-0.9000000000000001,-0.8999999999999999,,2.0,unsafe-diagnostic,1.0,1.0,0.2470039946737683,0.7529960053262317,0.781071242849714,2.829231156558438,0.0762740000063786,0.0001397488967174,0.0001481405924556
stable-local-fallback,this-work,user-certified,primary,5,16249f415d40cf804bb7ddd691a33bc7a05494b811a88a7245b6a31e930f95c8,0.0,1,6,1.0,0.5,0.5,0.5,0.5,0.5,0.5045,-0.9,-0.9000000000000002,-0.9000000000000001,-0.9000000000000001,-0.8999999999999999,1.0,1.0,plan-c,1.0,1.0,0.0,1.0,1.0,0.6089912968355456,0.0509157999913441,0.0002139666060941,0.0002104764093818
handle-only-drop-residual,this-work,user-certified,primary,5,16249f415d40cf804bb7ddd691a33bc7a05494b811a88a7245b6a31e930f95c8,1.0,1,6,1.0,0.5,0.5,0.5,0.5,0.5,0.5045,-0.9,-0.9000000000000002,-0.9000000000000001,-0.9000000000000001,-0.8999999999999999,1.0,1.0,plan-c,1.0,0.2497507477567298,0.2497507477567298,0.0,0.171,2.172704529903186,0.0578499999974155,0.0001797746789044,0.000171601609741
unitscope-equal,this-work,user-certified,primary,5,16249f415d40cf804bb7ddd691a33bc7a05494b811a88a7245b6a31e930f95c8,0.1428571428571428,1,6,1.0,0.5,0.5,0.5,0.5,0.5,0.5045,-0.9,-0.9000000000000002,-0.9000000000000001,-0.9000000000000001,-0.8999999999999999,1.0,1.0,plan-c,1.0,1.0,0.2497507477567298,0.7502492522432702,1.0,0.9425335681901852,0.0621606000058818,0.000181569358584,0.0001789434170332
unitscope-tuned,this-work,user-certified,primary,5,16249f415d40cf804bb7ddd691a33bc7a05494b811a88a7245b6a31e930f95c8,0.25,1,6,1.0,0.5,0.5,0.5,0.5,0.5,0.5045,-0.9,-0.9000000000000002,-0.9000000000000001,-0.9000000000000001,-0.8999999999999999,1.0,1.0,plan-c,1.0,1.0,0.2497507477567298,0.7502492522432702,1.0,1.2571724525516372,0.0829748999967705,0.0001589002223073,0.0001569376484197
naive-recalibrated-2c,this-work,user-certified,primary,5,16249f415d40cf804bb7ddd691a33bc7a05494b811a88a7245b6a31e930f95c8,,1,6,1.0,0.5,0.5,0.5,0.5,0.5,0.5045,-0.9,-0.9000000000000002,-0.9000000000000001,-0.9000000000000001,-0.8999999999999999,2.0,2.0,plan-delta,2.0,1.0,0.2497507477567298,0.7502492522432702,0.7840020844189682,1.2371517802326448,0.0637115999998059,0.0001189227158331,0.000151663645057
full-identity-reference,oracle,oracle-assumption,full-identity-reference,5,16249f415d40cf804bb7ddd691a33bc7a05494b811a88a7245b6a31e930f95c8,,1,6,1.0,0.5,0.5,0.5,0.5,0.5,0.5045,-0.9,-0.9000000000000002,-0.9000000000000001,-0.9000000000000001,-0.8999999999999999,1.0,1.0,plan-c,1.0,1.0,0.0,0.0,0.4955,3.8202736264399024,0.3471564999927068,0.0,2.072019138122691e-05
non-private-reference,oracle,non-private,diagnostic,5,16249f415d40cf804bb7ddd691a33bc7a05494b811a88a7245b6a31e930f95c8,,1,6,1.0,0.5,0.5,0.5,0.5,0.5,0.5045,-0.9,-0.9000000000000002,-0.9000000000000001,-0.9000000000000001,-0.8999999999999999,,,non-private,0.0,1.0,0.0,0.0,0.0,inf,0.0472645999980159,8.711941169206713e-06,8.711941169206713e-06
naive-claimed-c,this-work,unsafe-diagnostic,diagnostic,5,16249f415d40cf804bb7ddd691a33bc7a05494b811a88a7245b6a31e930f95c8,,1,6,1.0,0.5,0.5,0.5,0.5,0.5,0.5045,-0.9,-0.9000000000000002,-0.9000000000000001,-0.9000000000000001,-0.8999999999999999,,2.0,unsafe-diagnostic,1.0,1.0,0.2497507477567298,0.7502492522432702,0.7840020844189682,2.4743035604652897,0.0611448999989079,0.0001189227158331,0.0001145729890638
stable-local-fallback,this-work,user-certified,primary,6,16249f415d40cf804bb7ddd691a33bc7a05494b811a88a7245b6a31e930f95c8,0.0,1,6,1.0,0.5,0.5,0.5,0.5,0.5,0.509,-0.9,-0.9000000000000002,-0.9000000000000001,-0.9000000000000001,-0.8999999999999999,1.0,1.0,plan-c,1.0,1.0,0.0,1.0,1.0,0.8056516586821371,0.0505024000012781,0.0002271992682883,0.0002147873825951
handle-only-drop-residual,this-work,user-certified,primary,6,16249f415d40cf804bb7ddd691a33bc7a05494b811a88a7245b6a31e930f95c8,1.0,1,6,1.0,0.5,0.5,0.5,0.5,0.5,0.509,-0.9,-0.9000000000000002,-0.9000000000000001,-0.9000000000000001,-0.8999999999999999,1.0,1.0,plan-c,1.0,0.25,0.25,0.0,0.171,2.388877077224348,0.0579125000076601,0.0002410968446275,0.0002423429251395
unitscope-equal,this-work,user-certified,primary,6,16249f415d40cf804bb7ddd691a33bc7a05494b811a88a7245b6a31e930f95c8,0.1428571428571428,1,6,1.0,0.5,0.5,0.5,0.5,0.5,0.509,-0.9,-0.9000000000000002,-0.9000000000000001,-0.9000000000000001,-0.8999999999999999,1.0,1.0,plan-c,1.0,1.0,0.25,0.75,1.0,1.075756595449969,0.0606356000062078,0.0002091842682921,0.0001979780010313
unitscope-tuned,this-work,user-certified,primary,6,16249f415d40cf804bb7ddd691a33bc7a05494b811a88a7245b6a31e930f95c8,0.25,1,6,1.0,0.5,0.5,0.5,0.5,0.5,0.509,-0.9,-0.9000000000000002,-0.9000000000000001,-0.9000000000000001,-0.8999999999999999,1.0,1.0,plan-c,1.0,1.0,0.25,0.75,1.0,1.3472127989921632,0.0608497000066563,0.0001986474545463,0.0001894090453806
naive-recalibrated-2c,this-work,user-certified,primary,6,16249f415d40cf804bb7ddd691a33bc7a05494b811a88a7245b6a31e930f95c8,,1,6,1.0,0.5,0.5,0.5,0.5,0.5,0.509,-0.9,-0.9000000000000002,-0.9000000000000001,-0.9000000000000001,-0.8999999999999999,2.0,2.0,plan-delta,2.0,1.0,0.25,0.75,0.7845074083701585,1.3659466586725035,0.0807861000066623,0.000161057801324,0.0001962370097269
full-identity-reference,oracle,oracle-assumption,full-identity-reference,6,16249f415d40cf804bb7ddd691a33bc7a05494b811a88a7245b6a31e930f95c8,,1,6,1.0,0.5,0.5,0.5,0.5,0.5,0.509,-0.9,-0.9000000000000002,-0.9000000000000001,-0.9000000000000001,-0.8999999999999999,1.0,1.0,plan-c,1.0,1.0,0.0,0.0,0.491,5.007544947809914,0.3430144999874756,0.0,1.2850918528840272e-05
non-private-reference,oracle,non-private,diagnostic,6,16249f415d40cf804bb7ddd691a33bc7a05494b811a88a7245b6a31e930f95c8,,1,6,1.0,0.5,0.5,0.5,0.5,0.5,0.509,-0.9,-0.9000000000000002,-0.9000000000000001,-0.9000000000000001,-0.8999999999999999,,,non-private,0.0,1.0,0.0,0.0,0.0,inf,0.0477852000040002,1.0277714121627626e-05,1.0277714121627626e-05
naive-claimed-c,this-work,unsafe-diagnostic,diagnostic,6,16249f415d40cf804bb7ddd691a33bc7a05494b811a88a7245b6a31e930f95c8,,1,6,1.0,0.5,0.5,0.5,0.5,0.5,0.509,-0.9,-0.9000000000000002,-0.9000000000000001,-0.9000000000000001,-0.8999999999999999,,2.0,unsafe-diagnostic,1.0,1.0,0.25,0.75,0.7845074083701585,2.731893317345007,0.0612104000028921,0.000161057801324,0.0001657964869966
stable-local-fallback,this-work,user-certified,primary,7,16249f415d40cf804bb7ddd691a33bc7a05494b811a88a7245b6a31e930f95c8,0.0,1,6,1.0,0.5,0.5,0.5,0.5,0.5,0.486,-0.9,-0.9000000000000001,-0.9000000000000002,-0.9000000000000001,-0.8999999999999999,1.0,1.0,plan-c,1.0,1.0,0.0,1.0,1.0,0.6673649659772528,0.0503762000007554,0.0001753766093662,0.0001711594768394
handle-only-drop-residual,this-work,user-certified,primary,7,16249f415d40cf804bb7ddd691a33bc7a05494b811a88a7245b6a31e930f95c8,1.0,1,6,1.0,0.5,0.5,0.5,0.5,0.5,0.486,-0.9,-0.9000000000000001,-0.9000000000000002,-0.9000000000000001,-0.8999999999999999,1.0,1.0,plan-c,1.0,0.2489905787348587,0.2489905787348587,0.0,0.159,2.33989292530921,0.0607710000040242,0.0002008280128428,0.0001921698225633
unitscope-equal,this-work,user-certified,primary,7,16249f415d40cf804bb7ddd691a33bc7a05494b811a88a7245b6a31e930f95c8,0.1428571428571428,1,6,1.0,0.5,0.5,0.5,0.5,0.5,0.486,-0.9,-0.9000000000000001,-0.9000000000000002,-0.9000000000000001,-0.8999999999999999,1.0,1.0,plan-c,1.0,1.0,0.2489905787348587,0.7510094212651414,1.0,0.936705796464013,0.0592350999941118,0.0001582332097558,0.0001539755536724
unitscope-tuned,this-work,user-certified,primary,7,16249f415d40cf804bb7ddd691a33bc7a05494b811a88a7245b6a31e930f95c8,0.25,1,6,1.0,0.5,0.5,0.5,0.5,0.5,0.486,-0.9,-0.9000000000000001,-0.9000000000000002,-0.9000000000000001,-0.8999999999999999,1.0,1.0,plan-c,1.0,1.0,0.2489905787348587,0.7510094212651414,1.0,1.2307580782508525,0.0605829999985871,0.0001510137287419,0.0001459888218526
naive-recalibrated-2c,this-work,user-certified,primary,7,16249f415d40cf804bb7ddd691a33bc7a05494b811a88a7245b6a31e930f95c8,,1,6,1.0,0.5,0.5,0.5,0.5,0.5,0.486,-0.9,-0.9000000000000001,-0.9000000000000002,-0.9000000000000001,-0.8999999999999999,2.0,2.0,plan-delta,2.0,1.0,0.2489905787348587,0.7510094212651414,0.7794387621295568,1.2786002113384682,0.0608115999930305,0.000134896493605,0.0001562462505091
full-identity-reference,oracle,oracle-assumption,full-identity-reference,7,16249f415d40cf804bb7ddd691a33bc7a05494b811a88a7245b6a31e930f95c8,,1,6,1.0,0.5,0.5,0.5,0.5,0.5,0.486,-0.9,-0.9000000000000001,-0.9000000000000002,-0.9000000000000001,-0.8999999999999999,1.0,1.0,plan-c,1.0,1.0,0.0,0.0,0.514,4.139420899117204,0.3598233000084292,0.0,1.4522739286817308e-05
non-private-reference,oracle,non-private,diagnostic,7,16249f415d40cf804bb7ddd691a33bc7a05494b811a88a7245b6a31e930f95c8,,1,6,1.0,0.5,0.5,0.5,0.5,0.5,0.486,-0.9,-0.9000000000000001,-0.9000000000000002,-0.9000000000000001,-0.8999999999999999,,,non-private,0.0,1.0,0.0,0.0,0.0,inf,0.0465228999964892,8.61192651333319e-06,8.61192651333319e-06
naive-claimed-c,this-work,unsafe-diagnostic,diagnostic,7,16249f415d40cf804bb7ddd691a33bc7a05494b811a88a7245b6a31e930f95c8,,1,6,1.0,0.5,0.5,0.5,0.5,0.5,0.486,-0.9,-0.9000000000000001,-0.9000000000000002,-0.9000000000000001,-0.8999999999999999,,2.0,unsafe-diagnostic,1.0,1.0,0.2489905787348587,0.7510094212651414,0.7794387621295568,2.5572004226769365,0.0597992999973939,0.000134896493605,0.0001310486327702
stable-local-fallback,this-work,user-certified,primary,8,16249f415d40cf804bb7ddd691a33bc7a05494b811a88a7245b6a31e930f95c8,0.0,1,6,1.0,0.5,0.5,0.5,0.5,0.5,0.4875,-0.9,-0.9000000000000002,-0.9000000000000001,-0.9000000000000001,-0.8999999999999999,1.0,1.0,plan-c,1.0,1.0,0.0,1.0,1.0,0.70740862337,0.0705695999931776,0.0002443127206381,0.0002932012082954
handle-only-drop-residual,this-work,user-certified,primary,8,16249f415d40cf804bb7ddd691a33bc7a05494b811a88a7245b6a31e930f95c8,1.0,1,6,1.0,0.5,0.5,0.5,0.5,0.5,0.4875,-0.9,-0.9000000000000002,-0.9000000000000001,-0.9000000000000001,-0.8999999999999999,1.0,1.0,plan-c,1.0,0.2510924369747899,0.2510924369747899,0.0,0.139,2.081113865470906,0.0590986999886808,0.0003161066678387,0.0003601490882329
unitscope-equal,this-work,user-certified,primary,8,16249f415d40cf804bb7ddd691a33bc7a05494b811a88a7245b6a31e930f95c8,0.1428571428571428,1,6,1.0,0.5,0.5,0.5,0.5,0.5,0.4875,-0.9,-0.9000000000000002,-0.9000000000000001,-0.9000000000000001,-0.8999999999999999,1.0,1.0,plan-c,1.0,1.0,0.2510924369747899,0.7489075630252101,1.0,0.9700963129740018,0.0612478999973973,0.0002234465676276,0.0002689238445682
unitscope-tuned,this-work,user-certified,primary,8,16249f415d40cf804bb7ddd691a33bc7a05494b811a88a7245b6a31e930f95c8,0.25,1,6,1.0,0.5,0.5,0.5,0.5,0.5,0.4875,-0.9,-0.9000000000000002,-0.9000000000000001,-0.9000000000000001,-0.8999999999999999,1.0,1.0,plan-c,1.0,1.0,0.2510924369747899,0.7489075630252101,1.0,1.2337207562157868,0.0610735999944154,0.0002164700235905,0.0002595650952269
naive-recalibrated-2c,this-work,user-certified,primary,8,16249f415d40cf804bb7ddd691a33bc7a05494b811a88a7245b6a31e930f95c8,,1,6,1.0,0.5,0.5,0.5,0.5,0.5,0.4875,-0.9,-0.9000000000000002,-0.9000000000000001,-0.9000000000000001,-0.8999999999999999,2.0,2.0,plan-delta,2.0,1.0,0.2510924369747899,0.7489075630252101,0.7755474452554745,1.1591674179848082,0.0613236999924993,0.0002185310576946,0.0003301810526791
full-identity-reference,oracle,oracle-assumption,full-identity-reference,8,16249f415d40cf804bb7ddd691a33bc7a05494b811a88a7245b6a31e930f95c8,,1,6,1.0,0.5,0.5,0.5,0.5,0.5,0.4875,-0.9,-0.9000000000000002,-0.9000000000000001,-0.9000000000000001,-0.8999999999999999,1.0,1.0,plan-c,1.0,1.0,0.0,0.0,0.5125,4.423228776295361,0.3414675999956671,0.0,1.7675969185463054e-05
non-private-reference,oracle,non-private,diagnostic,8,16249f415d40cf804bb7ddd691a33bc7a05494b811a88a7245b6a31e930f95c8,,1,6,1.0,0.5,0.5,0.5,0.5,0.5,0.4875,-0.9,-0.9000000000000002,-0.9000000000000001,-0.9000000000000001,-0.8999999999999999,,,non-private,0.0,1.0,0.0,0.0,0.0,inf,0.065548900005524,9.773197954811966e-06,9.773197954811966e-06
naive-claimed-c,this-work,unsafe-diagnostic,diagnostic,8,16249f415d40cf804bb7ddd691a33bc7a05494b811a88a7245b6a31e930f95c8,,1,6,1.0,0.5,0.5,0.5,0.5,0.5,0.4875,-0.9,-0.9000000000000002,-0.9000000000000001,-0.9000000000000001,-0.8999999999999999,,2.0,unsafe-diagnostic,1.0,1.0,0.2510924369747899,0.7489075630252101,0.7755474452554745,2.3183348359696163,0.0618576999986544,0.0002185310576946,0.0002566800860014
stable-local-fallback,this-work,user-certified,primary,9,16249f415d40cf804bb7ddd691a33bc7a05494b811a88a7245b6a31e930f95c8,0.0,1,6,1.0,0.5,0.5,0.5,0.5,0.5,0.506,-0.9,-0.9000000000000001,-0.9000000000000001,-0.9000000000000001,-0.8999999999999999,1.0,1.0,plan-c,1.0,1.0,0.0,1.0,1.0,0.8622896716045529,0.0509725000010803,0.0002700390665074,0.000300292235828
handle-only-drop-residual,this-work,user-certified,primary,9,16249f415d40cf804bb7ddd691a33bc7a05494b811a88a7245b6a31e930f95c8,1.0,1,6,1.0,0.5,0.5,0.5,0.5,0.5,0.506,-0.9,-0.9000000000000001,-0.9000000000000001,-0.9000000000000001,-0.8999999999999999,1.0,1.0,plan-c,1.0,0.2481739707835325,0.2481739707835325,0.0,0.157,2.95917343755417,0.07642019999912,0.0002619858885559,0.0002871222695008
unitscope-equal,this-work,user-certified,primary,9,16249f415d40cf804bb7ddd691a33bc7a05494b811a88a7245b6a31e930f95c8,0.1428571428571428,1,6,1.0,0.5,0.5,0.5,0.5,0.5,0.506,-0.9,-0.9000000000000001,-0.9000000000000001,-0.9000000000000001,-0.8999999999999999,1.0,1.0,plan-c,1.0,1.0,0.2481739707835325,0.7518260292164675,1.0,1.217179597171531,0.0605606000026455,0.0002370977145532,0.0002667376123627
unitscope-tuned,this-work,user-certified,primary,9,16249f415d40cf804bb7ddd691a33bc7a05494b811a88a7245b6a31e930f95c8,0.25,1,6,1.0,0.5,0.5,0.5,0.5,0.5,0.506,-0.9,-0.9000000000000001,-0.9000000000000001,-0.9000000000000001,-0.8999999999999999,1.0,1.0,plan-c,1.0,1.0,0.2481739707835325,0.7518260292164675,1.0,1.5730408704190075,0.0615794000041205,0.0002156870115615,0.0002440909125146
naive-recalibrated-2c,this-work,user-certified,primary,9,16249f415d40cf804bb7ddd691a33bc7a05494b811a88a7245b6a31e930f95c8,,1,6,1.0,0.5,0.5,0.5,0.5,0.5,0.506,-0.9,-0.9000000000000001,-0.9000000000000001,-0.9000000000000001,-0.8999999999999999,2.0,2.0,plan-delta,2.0,1.0,0.2481739707835325,0.7518260292164675,0.7813229571984436,1.6556245995629084,0.0625189999991562,0.0001721163577698,0.0002447580579458
full-identity-reference,oracle,oracle-assumption,full-identity-reference,9,16249f415d40cf804bb7ddd691a33bc7a05494b811a88a7245b6a31e930f95c8,,1,6,1.0,0.5,0.5,0.5,0.5,0.5,0.506,-0.9,-0.9000000000000001,-0.9000000000000001,-0.9000000000000001,-0.8999999999999999,1.0,1.0,plan-c,1.0,1.0,0.0,0.0,0.494,5.378413301974939,0.3432818000001134,0.0,1.3227335642052286e-05
non-private-reference,oracle,non-private,diagnostic,9,16249f415d40cf804bb7ddd691a33bc7a05494b811a88a7245b6a31e930f95c8,,1,6,1.0,0.5,0.5,0.5,0.5,0.5,0.506,-0.9,-0.9000000000000001,-0.9000000000000001,-0.9000000000000001,-0.8999999999999999,,,non-private,0.0,1.0,0.0,0.0,0.0,inf,0.0482277999981306,1.1004814177123736e-05,1.1004814177123736e-05
naive-claimed-c,this-work,unsafe-diagnostic,diagnostic,9,16249f415d40cf804bb7ddd691a33bc7a05494b811a88a7245b6a31e930f95c8,,1,6,1.0,0.5,0.5,0.5,0.5,0.5,0.506,-0.9,-0.9000000000000001,-0.9000000000000001,-0.9000000000000001,-0.8999999999999999,,2.0,unsafe-diagnostic,1.0,1.0,0.2481739707835325,0.7518260292164675,0.7813229571984436,3.311249199125817,0.0763735999935306,0.0001721163577698,0.0001952098722157
stable-local-fallback,this-work,user-certified,primary,0,6c92deedaf55490b424b3009deca19abc61bcdfe4c92aa36795c1864823c6a96,0.0,1,6,1.0,0.5,0.5,0.5,0.5,0.5,0.499,-0.9,-0.9000000000000001,-0.9000000000000001,-0.9000000000000001,-0.8999999999999999,1.0,1.0,plan-c,1.0,1.0,0.0,1.0,1.0,0.6757877894230436,0.050044000003254,0.0002477644874864,0.0002607007223644
handle-only-drop-residual,this-work,user-certified,primary,0,6c92deedaf55490b424b3009deca19abc61bcdfe4c92aa36795c1864823c6a96,1.0,1,6,1.0,0.5,0.5,0.5,0.5,0.5,0.499,-0.9,-0.9000000000000001,-0.9000000000000001,-0.9000000000000001,-0.8999999999999999,1.0,1.0,plan-c,1.0,0.2483322214809873,0.2483322214809873,0.0,0.157,2.13321114138306,0.0640924000035738,0.0002668521475403,0.000288601320314
unitscope-equal,this-work,user-certified,primary,0,6c92deedaf55490b424b3009deca19abc61bcdfe4c92aa36795c1864823c6a96,0.1428571428571428,1,6,1.0,0.5,0.5,0.5,0.5,0.5,0.499,-0.9,-0.9000000000000001,-0.9000000000000001,-0.9000000000000001,-0.8999999999999999,1.0,1.0,plan-c,1.0,1.0,0.2483322214809873,0.7516677785190127,1.0,1.0117150486576512,0.0601650000025983,0.0002094368609105,0.0002230543752492
unitscope-tuned,this-work,user-certified,primary,0,6c92deedaf55490b424b3009deca19abc61bcdfe4c92aa36795c1864823c6a96,0.5,1,6,1.0,0.5,0.5,0.5,0.5,0.5,0.499,-0.9,-0.9000000000000001,-0.9000000000000001,-0.9000000000000001,-0.8999999999999999,1.0,1.0,plan-c,1.0,1.0,0.2483322214809873,0.7516677785190127,0.9135641759958344,1.7557299609576509,0.0769947000080719,0.000184740442385,0.0002037805770256
naive-recalibrated-2c,this-work,user-certified,primary,0,6c92deedaf55490b424b3009deca19abc61bcdfe4c92aa36795c1864823c6a96,,1,6,1.0,0.5,0.5,0.5,0.5,0.5,0.499,-0.9,-0.9000000000000001,-0.9000000000000001,-0.9000000000000001,-0.8999999999999999,2.0,2.0,plan-delta,2.0,1.0,0.2483322214809873,0.7516677785190127,0.7805259047123145,1.2140971274181849,0.0620416000019758,0.0001736592668315,0.000259237964416
full-identity-reference,oracle,oracle-assumption,full-identity-reference,0,6c92deedaf55490b424b3009deca19abc61bcdfe4c92aa36795c1864823c6a96,,1,6,1.0,0.5,0.5,0.5,0.5,0.5,0.499,-0.9,-0.9000000000000001,-0.9000000000000001,-0.9000000000000001,-0.8999999999999999,1.0,1.0,plan-c,1.0,1.0,0.0,0.0,0.501,4.200305670656881,0.3421548000042094,0.0,1.992534756221455e-05
non-private-reference,oracle,non-private,diagnostic,0,6c92deedaf55490b424b3009deca19abc61bcdfe4c92aa36795c1864823c6a96,,1,6,1.0,0.5,0.5,0.5,0.5,0.5,0.499,-0.9,-0.9000000000000001,-0.9000000000000001,-0.9000000000000001,-0.8999999999999999,,,non-private,0.0,1.0,0.0,0.0,0.0,inf,0.0489074000070104,1.0601839338403172e-05,1.0601839338403172e-05
naive-claimed-c,this-work,unsafe-diagnostic,diagnostic,0,6c92deedaf55490b424b3009deca19abc61bcdfe4c92aa36795c1864823c6a96,,1,6,1.0,0.5,0.5,0.5,0.5,0.5,0.499,-0.9,-0.9000000000000001,-0.9000000000000001,-0.9000000000000001,-0.8999999999999999,,2.0,unsafe-diagnostic,1.0,1.0,0.2483322214809873,0.7516677785190127,0.7805259047123145,2.4281942548363697,0.0613732000056188,0.0001736592668315,0.0001965232680616
stable-local-fallback,this-work,user-certified,primary,1,6c92deedaf55490b424b3009deca19abc61bcdfe4c92aa36795c1864823c6a96,0.0,1,6,1.0,0.5,0.5,0.5,0.5,0.5,0.4995,-0.9,-0.9000000000000001,-0.9000000000000001,-0.9000000000000001,-0.8999999999999999,1.0,1.0,plan-c,1.0,1.0,0.0,1.0,1.0,0.7778436826179813,0.0498703000048408,0.0002367675073307,0.0002682490709432
handle-only-drop-residual,this-work,user-certified,primary,1,6c92deedaf55490b424b3009deca19abc61bcdfe4c92aa36795c1864823c6a96,1.0,1,6,1.0,0.5,0.5,0.5,0.5,0.5,0.4995,-0.9,-0.9000000000000001,-0.9000000000000001,-0.9000000000000001,-0.8999999999999999,1.0,1.0,plan-c,1.0,0.2504168056018673,0.2504168056018673,0.0,0.178,2.6641411218966917,0.0576992999995127,0.0001957888563194,0.0002247010905176
unitscope-equal,this-work,user-certified,primary,1,6c92deedaf55490b424b3009deca19abc61bcdfe4c92aa36795c1864823c6a96,0.1428571428571428,1,6,1.0,0.5,0.5,0.5,0.5,0.5,0.4995,-0.9,-0.9000000000000001,-0.9000000000000001,-0.9000000000000001,-0.8999999999999999,1.0,1.0,plan-c,1.0,1.0,0.2504168056018673,0.7495831943981327,1.0,1.0742832461703866,0.0595573999889893,0.000212853508404,0.0002444087532097
unitscope-tuned,this-work,user-certified,primary,1,6c92deedaf55490b424b3009deca19abc61bcdfe4c92aa36795c1864823c6a96,0.5,1,6,1.0,0.5,0.5,0.5,0.5,0.5,0.4995,-0.9,-0.9000000000000001,-0.9000000000000001,-0.9000000000000001,-0.8999999999999999,1.0,1.0,plan-c,1.0,1.0,0.2504168056018673,0.7495831943981327,0.9152054436011516,2.08746636939569,0.0603260999923804,0.0001664917365547,0.0001960733354259
naive-recalibrated-2c,this-work,user-certified,primary,1,6c92deedaf55490b424b3009deca19abc61bcdfe4c92aa36795c1864823c6a96,,1,6,1.0,0.5,0.5,0.5,0.5,0.5,0.4995,-0.9,-0.9000000000000001,-0.9000000000000001,-0.9000000000000001,-0.8999999999999999,2.0,2.0,plan-delta,2.0,1.0,0.2504168056018673,0.7495831943981327,0.7848730698769956,1.51945862934414,0.0763720999966608,0.0001290284442214,0.0002104129265794
full-identity-reference,oracle,oracle-assumption,full-identity-reference,1,6c92deedaf55490b424b3009deca19abc61bcdfe4c92aa36795c1864823c6a96,,1,6,1.0,0.5,0.5,0.5,0.5,0.5,0.4995,-0.9,-0.9000000000000001,-0.9000000000000001,-0.9000000000000001,-0.8999999999999999,1.0,1.0,plan-c,1.0,1.0,0.0,0.0,0.5005,4.804208761601427,0.3463970000011613,0.0,1.4585911827834765e-05
non-private-reference,oracle,non-private,diagnostic,1,6c92deedaf55490b424b3009deca19abc61bcdfe4c92aa36795c1864823c6a96,,1,6,1.0,0.5,0.5,0.5,0.5,0.5,0.4995,-0.9,-0.9000000000000001,-0.9000000000000001,-0.9000000000000001,-0.8999999999999999,,,non-private,0.0,1.0,0.0,0.0,0.0,inf,0.0474710999988019,1.1453466996716722e-05,1.1453466996716722e-05
naive-claimed-c,this-work,unsafe-diagnostic,diagnostic,1,6c92deedaf55490b424b3009deca19abc61bcdfe4c92aa36795c1864823c6a96,,1,6,1.0,0.5,0.5,0.5,0.5,0.5,0.4995,-0.9,-0.9000000000000001,-0.9000000000000001,-0.9000000000000001,-0.8999999999999999,,2.0,unsafe-diagnostic,1.0,1.0,0.2504168056018673,0.7495831943981327,0.7848730698769956,3.03891725868828,0.0601563999953214,0.0001290284442214,0.0001551347735726
stable-local-fallback,this-work,user-certified,primary,2,6c92deedaf55490b424b3009deca19abc61bcdfe4c92aa36795c1864823c6a96,0.0,1,6,1.0,0.5,0.5,0.5,0.5,0.5,0.484,-0.9,-0.9000000000000002,-0.9000000000000001,-0.9000000000000001,-0.8999999999999999,1.0,1.0,plan-c,1.0,1.0,0.0,1.0,1.0,0.7612380472731914,0.0523567000054754,0.0002503055181106,0.0002877044798026
handle-only-drop-residual,this-work,user-certified,primary,2,6c92deedaf55490b424b3009deca19abc61bcdfe4c92aa36795c1864823c6a96,1.0,1,6,1.0,0.5,0.5,0.5,0.5,0.5,0.484,-0.9,-0.9000000000000002,-0.9000000000000001,-0.9000000000000001,-0.8999999999999999,1.0,1.0,plan-c,1.0,0.2498315363881401,0.2498315363881401,0.0,0.165,2.368271626270829,0.0601195000053849,0.0002333962478932,0.0002751690865785
unitscope-equal,this-work,user-certified,primary,2,6c92deedaf55490b424b3009deca19abc61bcdfe4c92aa36795c1864823c6a96,0.1428571428571428,1,6,1.0,0.5,0.5,0.5,0.5,0.5,0.484,-0.9,-0.9000000000000002,-0.9000000000000001,-0.9000000000000001,-0.8999999999999999,1.0,1.0,plan-c,1.0,1.0,0.2498315363881401,0.7501684636118598,1.0,1.0452491249782294,0.0626611999905435,0.0002255055605467,0.0002636059639231
unitscope-tuned,this-work,user-certified,primary,2,6c92deedaf55490b424b3009deca19abc61bcdfe4c92aa36795c1864823c6a96,0.5,1,6,1.0,0.5,0.5,0.5,0.5,0.5,0.484,-0.9,-0.9000000000000002,-0.9000000000000001,-0.9000000000000001,-0.8999999999999999,1.0,1.0,plan-c,1.0,1.0,0.2498315363881401,0.7501684636118598,0.9163818038390744,1.9059050957584744,0.0613639999937731,0.0001901665453292,0.0002307635919207
naive-recalibrated-2c,this-work,user-certified,primary,2,6c92deedaf55490b424b3009deca19abc61bcdfe4c92aa36795c1864823c6a96,,1,6,1.0,0.5,0.5,0.5,0.5,0.5,0.484,-0.9,-0.9000000000000002,-0.9000000000000001,-0.9000000000000001,-0.8999999999999999,2.0,2.0,plan-delta,2.0,1.0,0.2498315363881401,0.7501684636118598,0.7804364975019721,1.3717633388356076,0.0643504999898141,0.0001553185557065,0.0002634999235003
full-identity-reference,oracle,oracle-assumption,full-identity-reference,2,6c92deedaf55490b424b3009deca19abc61bcdfe4c92aa36795c1864823c6a96,,1,6,1.0,0.5,0.5,0.5,0.5,0.5,0.484,-0.9,-0.9000000000000002,-0.9000000000000001,-0.9000000000000001,-0.8999999999999999,1.0,1.0,plan-c,1.0,1.0,0.0,0.0,0.516,4.721322918786227,0.4076490000006743,0.0,1.5944966299623313e-05
non-private-reference,oracle,non-private,diagnostic,2,6c92deedaf55490b424b3009deca19abc61bcdfe4c92aa36795c1864823c6a96,,1,6,1.0,0.5,0.5,0.5,0.5,0.5,0.484,-0.9,-0.9000000000000002,-0.9000000000000001,-0.9000000000000001,-0.8999999999999999,,,non-private,0.0,1.0,0.0,0.0,0.0,inf,0.0475836999976309,1.1015862190418904e-05,1.1015862190418904e-05
naive-claimed-c,this-work,unsafe-diagnostic,diagnostic,2,6c92deedaf55490b424b3009deca19abc61bcdfe4c92aa36795c1864823c6a96,,1,6,1.0,0.5,0.5,0.5,0.5,0.5,0.484,-0.9,-0.9000000000000002,-0.9000000000000001,-0.9000000000000001,-0.8999999999999999,,2.0,unsafe-diagnostic,1.0,1.0,0.2498315363881401,0.7501684636118598,0.7804364975019721,2.7435266776712157,0.0616787000035401,0.0001553185557065,0.0001934642733038
stable-local-fallback,this-work,user-certified,primary,3,6c92deedaf55490b424b3009deca19abc61bcdfe4c92aa36795c1864823c6a96,0.0,1,6,1.0,0.5,0.5,0.5,0.5,0.5,0.508,-0.9,-0.9000000000000004,-0.9000000000000001,-0.9000000000000001,-0.8999999999999999,1.0,1.0,plan-c,1.0,1.0,0.0,1.0,1.0,0.7050961059273406,0.0663850999990245,0.0001985960963886,0.0002026367481265
handle-only-drop-residual,this-work,user-certified,primary,3,6c92deedaf55490b424b3009deca19abc61bcdfe4c92aa36795c1864823c6a96,1.0,1,6,1.0,0.5,0.5,0.5,0.5,0.5,0.508,-0.9,-0.9000000000000004,-0.9000000000000001,-0.9000000000000001,-0.8999999999999999,1.0,1.0,plan-c,1.0,0.248342175066313,0.248342175066313,0.0,0.171,2.614602755717951,0.0585075999988475,0.0001806201120965,0.0001881488976382
unitscope-equal,this-work,user-certified,primary,3,6c92deedaf55490b424b3009deca19abc61bcdfe4c92aa36795c1864823c6a96,0.1428571428571428,1,6,1.0,0.5,0.5,0.5,0.5,0.5,0.508,-0.9,-0.9000000000000004,-0.9000000000000001,-0.9000000000000001,-0.8999999999999999,1.0,1.0,plan-c,1.0,1.0,0.248342175066313,0.751657824933687,1.0,1.0284655261866489,0.0614407999964896,0.0001761617300703,0.0001819984614313
unitscope-tuned,this-work,user-certified,primary,3,6c92deedaf55490b424b3009deca19abc61bcdfe4c92aa36795c1864823c6a96,0.5,1,6,1.0,0.5,0.5,0.5,0.5,0.5,0.508,-0.9,-0.9000000000000004,-0.9000000000000001,-0.9000000000000001,-0.8999999999999999,1.0,1.0,plan-c,1.0,1.0,0.248342175066313,0.751657824933687,0.9149544863459038,2.0412485835829743,0.0620395000005373,0.0001433365413058,0.000151837093031
naive-recalibrated-2c,this-work,user-certified,primary,3,6c92deedaf55490b424b3009deca19abc61bcdfe4c92aa36795c1864823c6a96,,1,6,1.0,0.5,0.5,0.5,0.5,0.5,0.508,-0.9,-0.9000000000000004,-0.9000000000000001,-0.9000000000000001,-0.8999999999999999,2.0,2.0,plan-delta,2.0,1.0,0.248342175066313,0.751657824933687,0.7843953185955787,1.459207258981604,0.0618322999944211,0.0001216773546201,0.0001695931035315
full-identity-reference,oracle,oracle-assumption,full-identity-reference,3,6c92deedaf55490b424b3009deca19abc61bcdfe4c92aa36795c1864823c6a96,,1,6,1.0,0.5,0.5,0.5,0.5,0.5,0.508,-0.9,-0.9000000000000004,-0.9000000000000001,-0.9000000000000001,-0.8999999999999999,1.0,1.0,plan-c,1.0,1.0,0.0,0.0,0.492,4.429773747791029,0.3474817000096664,0.0,1.4295995470253785e-05
non-private-reference,oracle,non-private,diagnostic,3,6c92deedaf55490b424b3009deca19abc61bcdfe4c92aa36795c1864823c6a96,,1,6,1.0,0.5,0.5,0.5,0.5,0.5,0.508,-0.9,-0.9000000000000004,-0.9000000000000001,-0.9000000000000001,-0.8999999999999999,,,non-private,0.0,1.0,0.0,0.0,0.0,inf,0.0623669999913545,7.887719572790727e-06,7.887719572790727e-06
naive-claimed-c,this-work,unsafe-diagnostic,diagnostic,3,6c92deedaf55490b424b3009deca19abc61bcdfe4c92aa36795c1864823c6a96,,1,6,1.0,0.5,0.5,0.5,0.5,0.5,0.508,-0.9,-0.9000000000000004,-0.9000000000000001,-0.9000000000000001,-0.8999999999999999,,2.0,unsafe-diagnostic,1.0,1.0,0.248342175066313,0.751657824933687,0.7843953185955787,2.918414517963208,0.0601695999939693,0.0001216773546201,0.0001313392336055
stable-local-fallback,this-work,user-certified,primary,4,6c92deedaf55490b424b3009deca19abc61bcdfe4c92aa36795c1864823c6a96,0.0,1,6,1.0,0.5,0.5,0.5,0.5,0.5,0.502,-0.9,-0.9000000000000001,-0.9000000000000001,-0.9000000000000001,-0.8999999999999999,1.0,1.0,plan-c,1.0,1.0,0.0,1.0,1.0,0.7146678014478992,0.0519247000047471,0.0002141112207767,0.000210740432692
handle-only-drop-residual,this-work,user-certified,primary,4,6c92deedaf55490b424b3009deca19abc61bcdfe4c92aa36795c1864823c6a96,1.0,1,6,1.0,0.5,0.5,0.5,0.5,0.5,0.502,-0.9,-0.9000000000000001,-0.9000000000000001,-0.9000000000000001,-0.8999999999999999,1.0,1.0,plan-c,1.0,0.2470039946737683,0.2470039946737683,0.0,0.158,2.5312096038571807,0.0590713999990839,0.0002073047500283,0.0002118473857797
unitscope-equal,this-work,user-certified,primary,4,6c92deedaf55490b424b3009deca19abc61bcdfe4c92aa36795c1864823c6a96,0.1428571428571428,1,6,1.0,0.5,0.5,0.5,0.5,0.5,0.502,-0.9,-0.9000000000000001,-0.9000000000000001,-0.9000000000000001,-0.8999999999999999,1.0,1.0,plan-c,1.0,1.0,0.2470039946737683,0.7529960053262317,1.0,0.9769933058580568,0.0771776000037789,0.0001939469738929,0.0001946667060924
unitscope-tuned,this-work,user-certified,primary,4,6c92deedaf55490b424b3009deca19abc61bcdfe4c92aa36795c1864823c6a96,0.5,1,6,1.0,0.5,0.5,0.5,0.5,0.5,0.502,-0.9,-0.9000000000000001,-0.9000000000000001,-0.9000000000000001,-0.8999999999999999,1.0,1.0,plan-c,1.0,1.0,0.2470039946737683,0.7529960053262317,0.9152366094643786,1.9498929569719183,0.0620827000093413,0.0001634988173669,0.0001691769495546
naive-recalibrated-2c,this-work,user-certified,primary,4,6c92deedaf55490b424b3009deca19abc61bcdfe4c92aa36795c1864823c6a96,,1,6,1.0,0.5,0.5,0.5,0.5,0.5,0.502,-0.9,-0.9000000000000001,-0.9000000000000001,-0.9000000000000001,-0.8999999999999999,2.0,2.0,plan-delta,2.0,1.0,0.2470039946737683,0.7529960053262317,0.781071242849714,1.414615578279219,0.062210000003688,0.0001397488967174,0.0001879092475807
full-identity-reference,oracle,oracle-assumption,full-identity-reference,4,6c92deedaf55490b424b3009deca19abc61bcdfe4c92aa36795c1864823c6a96,,1,6,1.0,0.5,0.5,0.5,0.5,0.5,0.502,-0.9,-0.9000000000000001,-0.9000000000000001,-0.9000000000000001,-0.8999999999999999,1.0,1.0,plan-c,1.0,1.0,0.0,0.0,0.498,4.406583363971453,0.3429057000030298,0.0,1.568847969346736e-05
non-private-reference,oracle,non-private,diagnostic,4,6c92deedaf55490b424b3009deca19abc61bcdfe4c92aa36795c1864823c6a96,,1,6,1.0,0.5,0.5,0.5,0.5,0.5,0.502,-0.9,-0.9000000000000001,-0.9000000000000001,-0.9000000000000001,-0.8999999999999999,,,non-private,0.0,1.0,0.0,0.0,0.0,inf,0.0474379000079352,1.0537361302677552e-05,1.0537361302677552e-05
naive-claimed-c,this-work,unsafe-diagnostic,diagnostic,4,6c92deedaf55490b424b3009deca19abc61bcdfe4c92aa36795c1864823c6a96,,1,6,1.0,0.5,0.5,0.5,0.5,0.5,0.502,-0.9,-0.9000000000000001,-0.9000000000000001,-0.9000000000000001,-0.8999999999999999,,2.0,unsafe-diagnostic,1.0,1.0,0.2470039946737683,0.7529960053262317,0.781071242849714,2.829231156558438,0.0776894000009633,0.0001397488967174,0.0001481405924556
stable-local-fallback,this-work,user-certified,primary,5,6c92deedaf55490b424b3009deca19abc61bcdfe4c92aa36795c1864823c6a96,0.0,1,6,1.0,0.5,0.5,0.5,0.5,0.5,0.5045,-0.9,-0.9000000000000002,-0.9000000000000001,-0.9000000000000001,-0.8999999999999999,1.0,1.0,plan-c,1.0,1.0,0.0,1.0,1.0,0.6089912968355456,0.0534219999972265,0.0002139666060941,0.0002104764093818
handle-only-drop-residual,this-work,user-certified,primary,5,6c92deedaf55490b424b3009deca19abc61bcdfe4c92aa36795c1864823c6a96,1.0,1,6,1.0,0.5,0.5,0.5,0.5,0.5,0.5045,-0.9,-0.9000000000000002,-0.9000000000000001,-0.9000000000000001,-0.8999999999999999,1.0,1.0,plan-c,1.0,0.2497507477567298,0.2497507477567298,0.0,0.171,2.172704529903186,0.0620278999995207,0.0001797746789044,0.000171601609741
unitscope-equal,this-work,user-certified,primary,5,6c92deedaf55490b424b3009deca19abc61bcdfe4c92aa36795c1864823c6a96,0.1428571428571428,1,6,1.0,0.5,0.5,0.5,0.5,0.5,0.5045,-0.9,-0.9000000000000002,-0.9000000000000001,-0.9000000000000001,-0.8999999999999999,1.0,1.0,plan-c,1.0,1.0,0.2497507477567298,0.7502492522432702,1.0,0.9425335681901852,0.0638880000042263,0.000181569358584,0.0001789434170332
unitscope-tuned,this-work,user-certified,primary,5,6c92deedaf55490b424b3009deca19abc61bcdfe4c92aa36795c1864823c6a96,0.5,1,6,1.0,0.5,0.5,0.5,0.5,0.5,0.5045,-0.9,-0.9000000000000002,-0.9000000000000001,-0.9000000000000001,-0.8999999999999999,1.0,1.0,plan-c,1.0,1.0,0.2497507477567298,0.7502492522432702,0.9134966128191766,1.7664952881608718,0.0807534000050509,0.0001433565776114,0.0001381245197842
naive-recalibrated-2c,this-work,user-certified,primary,5,6c92deedaf55490b424b3009deca19abc61bcdfe4c92aa36795c1864823c6a96,,1,6,1.0,0.5,0.5,0.5,0.5,0.5,0.5045,-0.9,-0.9000000000000002,-0.9000000000000001,-0.9000000000000001,-0.8999999999999999,2.0,2.0,plan-delta,2.0,1.0,0.2497507477567298,0.7502492522432702,0.7840020844189682,1.2371517802326448,0.0637748000008286,0.0001189227158331,0.000151663645057
full-identity-reference,oracle,oracle-assumption,full-identity-reference,5,6c92deedaf55490b424b3009deca19abc61bcdfe4c92aa36795c1864823c6a96,,1,6,1.0,0.5,0.5,0.5,0.5,0.5,0.5045,-0.9,-0.9000000000000002,-0.9000000000000001,-0.9000000000000001,-0.8999999999999999,1.0,1.0,plan-c,1.0,1.0,0.0,0.0,0.4955,3.8202736264399024,0.3463317999994615,0.0,2.072019138122691e-05
non-private-reference,oracle,non-private,diagnostic,5,6c92deedaf55490b424b3009deca19abc61bcdfe4c92aa36795c1864823c6a96,,1,6,1.0,0.5,0.5,0.5,0.5,0.5,0.5045,-0.9,-0.9000000000000002,-0.9000000000000001,-0.9000000000000001,-0.8999999999999999,,,non-private,0.0,1.0,0.0,0.0,0.0,inf,0.0583004000072833,8.711941169206713e-06,8.711941169206713e-06
naive-claimed-c,this-work,unsafe-diagnostic,diagnostic,5,6c92deedaf55490b424b3009deca19abc61bcdfe4c92aa36795c1864823c6a96,,1,6,1.0,0.5,0.5,0.5,0.5,0.5,0.5045,-0.9,-0.9000000000000002,-0.9000000000000001,-0.9000000000000001,-0.8999999999999999,,2.0,unsafe-diagnostic,1.0,1.0,0.2497507477567298,0.7502492522432702,0.7840020844189682,2.4743035604652897,0.0846104999945964,0.0001189227158331,0.0001145729890638
stable-local-fallback,this-work,user-certified,primary,6,6c92deedaf55490b424b3009deca19abc61bcdfe4c92aa36795c1864823c6a96,0.0,1,6,1.0,0.5,0.5,0.5,0.5,0.5,0.509,-0.9,-0.9000000000000002,-0.9000000000000001,-0.9000000000000001,-0.8999999999999999,1.0,1.0,plan-c,1.0,1.0,0.0,1.0,1.0,0.8056516586821371,0.0550618999986909,0.0002271992682883,0.0002147873825951
handle-only-drop-residual,this-work,user-certified,primary,6,6c92deedaf55490b424b3009deca19abc61bcdfe4c92aa36795c1864823c6a96,1.0,1,6,1.0,0.5,0.5,0.5,0.5,0.5,0.509,-0.9,-0.9000000000000002,-0.9000000000000001,-0.9000000000000001,-0.8999999999999999,1.0,1.0,plan-c,1.0,0.25,0.25,0.0,0.171,2.388877077224348,0.0626578999945195,0.0002410968446275,0.0002423429251395
unitscope-equal,this-work,user-certified,primary,6,6c92deedaf55490b424b3009deca19abc61bcdfe4c92aa36795c1864823c6a96,0.1428571428571428,1,6,1.0,0.5,0.5,0.5,0.5,0.5,0.509,-0.9,-0.9000000000000002,-0.9000000000000001,-0.9000000000000001,-0.8999999999999999,1.0,1.0,plan-c,1.0,1.0,0.25,0.75,1.0,1.075756595449969,0.066007699992042,0.0002091842682921,0.0001979780010313
unitscope-tuned,this-work,user-certified,primary,6,6c92deedaf55490b424b3009deca19abc61bcdfe4c92aa36795c1864823c6a96,0.5,1,6,1.0,0.5,0.5,0.5,0.5,0.5,0.509,-0.9,-0.9000000000000002,-0.9000000000000001,-0.9000000000000001,-0.8999999999999999,1.0,1.0,plan-c,1.0,1.0,0.25,0.75,0.9121393293475436,1.908640366632227,0.0681404999922961,0.0001885027157336,0.0001852875688925
naive-recalibrated-2c,this-work,user-certified,primary,6,6c92deedaf55490b424b3009deca19abc61bcdfe4c92aa36795c1864823c6a96,,1,6,1.0,0.5,0.5,0.5,0.5,0.5,0.509,-0.9,-0.9000000000000002,-0.9000000000000001,-0.9000000000000001,-0.8999999999999999,2.0,2.0,plan-delta,2.0,1.0,0.25,0.75,0.7845074083701585,1.3659466586725035,0.0919349000032525,0.000161057801324,0.0001962370097269
full-identity-reference,oracle,oracle-assumption,full-identity-reference,6,6c92deedaf55490b424b3009deca19abc61bcdfe4c92aa36795c1864823c6a96,,1,6,1.0,0.5,0.5,0.5,0.5,0.5,0.509,-0.9,-0.9000000000000002,-0.9000000000000001,-0.9000000000000001,-0.8999999999999999,1.0,1.0,plan-c,1.0,1.0,0.0,0.0,0.491,5.007544947809914,0.3511843000014778,0.0,1.2850918528840272e-05
non-private-reference,oracle,non-private,diagnostic,6,6c92deedaf55490b424b3009deca19abc61bcdfe4c92aa36795c1864823c6a96,,1,6,1.0,0.5,0.5,0.5,0.5,0.5,0.509,-0.9,-0.9000000000000002,-0.9000000000000001,-0.9000000000000001,-0.8999999999999999,,,non-private,0.0,1.0,0.0,0.0,0.0,inf,0.0529481999983545,1.0277714121627626e-05,1.0277714121627626e-05
naive-claimed-c,this-work,unsafe-diagnostic,diagnostic,6,6c92deedaf55490b424b3009deca19abc61bcdfe4c92aa36795c1864823c6a96,,1,6,1.0,0.5,0.5,0.5,0.5,0.5,0.509,-0.9,-0.9000000000000002,-0.9000000000000001,-0.9000000000000001,-0.8999999999999999,,2.0,unsafe-diagnostic,1.0,1.0,0.25,0.75,0.7845074083701585,2.731893317345007,0.0619144999946001,0.000161057801324,0.0001657964869966
stable-local-fallback,this-work,user-certified,primary,7,6c92deedaf55490b424b3009deca19abc61bcdfe4c92aa36795c1864823c6a96,0.0,1,6,1.0,0.5,0.5,0.5,0.5,0.5,0.486,-0.9,-0.9000000000000001,-0.9000000000000002,-0.9000000000000001,-0.8999999999999999,1.0,1.0,plan-c,1.0,1.0,0.0,1.0,1.0,0.6673649659772528,0.0540347000060137,0.0001753766093662,0.0001711594768394
handle-only-drop-residual,this-work,user-certified,primary,7,6c92deedaf55490b424b3009deca19abc61bcdfe4c92aa36795c1864823c6a96,1.0,1,6,1.0,0.5,0.5,0.5,0.5,0.5,0.486,-0.9,-0.9000000000000001,-0.9000000000000002,-0.9000000000000001,-0.8999999999999999,1.0,1.0,plan-c,1.0,0.2489905787348587,0.2489905787348587,0.0,0.159,2.33989292530921,0.0616977000026963,0.0002008280128428,0.0001921698225633
unitscope-equal,this-work,user-certified,primary,7,6c92deedaf55490b424b3009deca19abc61bcdfe4c92aa36795c1864823c6a96,0.1428571428571428,1,6,1.0,0.5,0.5,0.5,0.5,0.5,0.486,-0.9,-0.9000000000000001,-0.9000000000000002,-0.9000000000000001,-0.8999999999999999,1.0,1.0,plan-c,1.0,1.0,0.2489905787348587,0.7510094212651414,1.0,0.936705796464013,0.0675387000082992,0.0001582332097558,0.0001539755536724
unitscope-tuned,this-work,user-certified,primary,7,6c92deedaf55490b424b3009deca19abc61bcdfe4c92aa36795c1864823c6a96,0.5,1,6,1.0,0.5,0.5,0.5,0.5,0.5,0.486,-0.9,-0.9000000000000001,-0.9000000000000002,-0.9000000000000001,-0.8999999999999999,1.0,1.0,plan-c,1.0,1.0,0.2489905787348587,0.7510094212651414,0.9158143194335168,1.819482210093895,0.0638158999936422,0.0001456935523488,0.0001410822548659
naive-recalibrated-2c,this-work,user-certified,primary,7,6c92deedaf55490b424b3009deca19abc61bcdfe4c92aa36795c1864823c6a96,,1,6,1.0,0.5,0.5,0.5,0.5,0.5,0.486,-0.9,-0.9000000000000001,-0.9000000000000002,-0.9000000000000001,-0.8999999999999999,2.0,2.0,plan-delta,2.0,1.0,0.2489905787348587,0.7510094212651414,0.7794387621295568,1.2786002113384682,0.0660376000014366,0.000134896493605,0.0001562462505091
full-identity-reference,oracle,oracle-assumption,full-identity-reference,7,6c92deedaf55490b424b3009deca19abc61bcdfe4c92aa36795c1864823c6a96,,1,6,1.0,0.5,0.5,0.5,0.5,0.5,0.486,-0.9,-0.9000000000000001,-0.9000000000000002,-0.9000000000000001,-0.8999999999999999,1.0,1.0,plan-c,1.0,1.0,0.0,0.0,0.514,4.139420899117204,0.3560540000034962,0.0,1.4522739286817308e-05
non-private-reference,oracle,non-private,diagnostic,7,6c92deedaf55490b424b3009deca19abc61bcdfe4c92aa36795c1864823c6a96,,1,6,1.0,0.5,0.5,0.5,0.5,0.5,0.486,-0.9,-0.9000000000000001,-0.9000000000000002,-0.9000000000000001,-0.8999999999999999,,,non-private,0.0,1.0,0.0,0.0,0.0,inf,0.0466732000058982,8.61192651333319e-06,8.61192651333319e-06
naive-claimed-c,this-work,unsafe-diagnostic,diagnostic,7,6c92deedaf55490b424b3009deca19abc61bcdfe4c92aa36795c1864823c6a96,,1,6,1.0,0.5,0.5,0.5,0.5,0.5,0.486,-0.9,-0.9000000000000001,-0.9000000000000002,-0.9000000000000001,-0.8999999999999999,,2.0,unsafe-diagnostic,1.0,1.0,0.2489905787348587,0.7510094212651414,0.7794387621295568,2.5572004226769365,0.0597792000044137,0.000134896493605,0.0001310486327702
stable-local-fallback,this-work,user-certified,primary,8,6c92deedaf55490b424b3009deca19abc61bcdfe4c92aa36795c1864823c6a96,0.0,1,6,1.0,0.5,0.5,0.5,0.5,0.5,0.4875,-0.9,-0.9000000000000002,-0.9000000000000001,-0.9000000000000001,-0.8999999999999999,1.0,1.0,plan-c,1.0,1.0,0.0,1.0,1.0,0.70740862337,0.0515043000050354,0.0002443127206381,0.0002932012082954
handle-only-drop-residual,this-work,user-certified,primary,8,6c92deedaf55490b424b3009deca19abc61bcdfe4c92aa36795c1864823c6a96,1.0,1,6,1.0,0.5,0.5,0.5,0.5,0.5,0.4875,-0.9,-0.9000000000000002,-0.9000000000000001,-0.9000000000000001,-0.8999999999999999,1.0,1.0,plan-c,1.0,0.2510924369747899,0.2510924369747899,0.0,0.139,2.081113865470906,0.0740194999962113,0.0003161066678387,0.0003601490882329
unitscope-equal,this-work,user-certified,primary,8,6c92deedaf55490b424b3009deca19abc61bcdfe4c92aa36795c1864823c6a96,0.1428571428571428,1,6,1.0,0.5,0.5,0.5,0.5,0.5,0.4875,-0.9,-0.9000000000000002,-0.9000000000000001,-0.9000000000000001,-0.8999999999999999,1.0,1.0,plan-c,1.0,1.0,0.2510924369747899,0.7489075630252101,1.0,0.9700963129740018,0.0603643999929772,0.0002234465676276,0.0002689238445682
unitscope-tuned,this-work,user-certified,primary,8,6c92deedaf55490b424b3009deca19abc61bcdfe4c92aa36795c1864823c6a96,0.5,1,6,1.0,0.5,0.5,0.5,0.5,0.5,0.4875,-0.9,-0.9000000000000002,-0.9000000000000001,-0.9000000000000001,-0.8999999999999999,1.0,1.0,plan-c,1.0,1.0,0.2510924369747899,0.7489075630252101,0.9074556830031284,1.7043867210235504,0.0606931999936932,0.0002330325344048,0.0002746260082121
naive-recalibrated-2c,this-work,user-certified,primary,8,6c92deedaf55490b424b3009deca19abc61bcdfe4c92aa36795c1864823c6a96,,1,6,1.0,0.5,0.5,0.5,0.5,0.5,0.4875,-0.9,-0.9000000000000002,-0.9000000000000001,-0.9000000000000001,-0.8999999999999999,2.0,2.0,plan-delta,2.0,1.0,0.2510924369747899,0.7489075630252101,0.7755474452554745,1.1591674179848082,0.0615028000029269,0.0002185310576946,0.0003301810526791
full-identity-reference,oracle,oracle-assumption,full-identity-reference,8,6c92deedaf55490b424b3009deca19abc61bcdfe4c92aa36795c1864823c6a96,,1,6,1.0,0.5,0.5,0.5,0.5,0.5,0.4875,-0.9,-0.9000000000000002,-0.9000000000000001,-0.9000000000000001,-0.8999999999999999,1.0,1.0,plan-c,1.0,1.0,0.0,0.0,0.5125,4.423228776295361,0.3426328000059584,0.0,1.7675969185463054e-05
non-private-reference,oracle,non-private,diagnostic,8,6c92deedaf55490b424b3009deca19abc61bcdfe4c92aa36795c1864823c6a96,,1,6,1.0,0.5,0.5,0.5,0.5,0.5,0.4875,-0.9,-0.9000000000000002,-0.9000000000000001,-0.9000000000000001,-0.8999999999999999,,,non-private,0.0,1.0,0.0,0.0,0.0,inf,0.0630243000050541,9.773197954811966e-06,9.773197954811966e-06
naive-claimed-c,this-work,unsafe-diagnostic,diagnostic,8,6c92deedaf55490b424b3009deca19abc61bcdfe4c92aa36795c1864823c6a96,,1,6,1.0,0.5,0.5,0.5,0.5,0.5,0.4875,-0.9,-0.9000000000000002,-0.9000000000000001,-0.9000000000000001,-0.8999999999999999,,2.0,unsafe-diagnostic,1.0,1.0,0.2510924369747899,0.7489075630252101,0.7755474452554745,2.3183348359696163,0.0660949000011896,0.0002185310576946,0.0002566800860014
stable-local-fallback,this-work,user-certified,primary,9,6c92deedaf55490b424b3009deca19abc61bcdfe4c92aa36795c1864823c6a96,0.0,1,6,1.0,0.5,0.5,0.5,0.5,0.5,0.506,-0.9,-0.9000000000000001,-0.9000000000000001,-0.9000000000000001,-0.8999999999999999,1.0,1.0,plan-c,1.0,1.0,0.0,1.0,1.0,0.8622896716045529,0.0573499000020092,0.0002700390665074,0.000300292235828
handle-only-drop-residual,this-work,user-certified,primary,9,6c92deedaf55490b424b3009deca19abc61bcdfe4c92aa36795c1864823c6a96,1.0,1,6,1.0,0.5,0.5,0.5,0.5,0.5,0.506,-0.9,-0.9000000000000001,-0.9000000000000001,-0.9000000000000001,-0.8999999999999999,1.0,1.0,plan-c,1.0,0.2481739707835325,0.2481739707835325,0.0,0.157,2.95917343755417,0.0594749000010779,0.0002619858885559,0.0002871222695008
unitscope-equal,this-work,user-certified,primary,9,6c92deedaf55490b424b3009deca19abc61bcdfe4c92aa36795c1864823c6a96,0.1428571428571428,1,6,1.0,0.5,0.5,0.5,0.5,0.5,0.506,-0.9,-0.9000000000000001,-0.9000000000000001,-0.9000000000000001,-0.8999999999999999,1.0,1.0,plan-c,1.0,1.0,0.2481739707835325,0.7518260292164675,1.0,1.217179597171531,0.0769069000089075,0.0002370977145532,0.0002667376123627
unitscope-tuned,this-work,user-certified,primary,9,6c92deedaf55490b424b3009deca19abc61bcdfe4c92aa36795c1864823c6a96,0.5,1,6,1.0,0.5,0.5,0.5,0.5,0.5,0.506,-0.9,-0.9000000000000001,-0.9000000000000001,-0.9000000000000001,-0.8999999999999999,1.0,1.0,plan-c,1.0,1.0,0.2481739707835325,0.7518260292164675,0.9123216601815825,2.2706434443358656,0.0601994000026024,0.0001960274473556,0.0002232490773569
naive-recalibrated-2c,this-work,user-certified,primary,9,6c92deedaf55490b424b3009deca19abc61bcdfe4c92aa36795c1864823c6a96,,1,6,1.0,0.5,0.5,0.5,0.5,0.5,0.506,-0.9,-0.9000000000000001,-0.9000000000000001,-0.9000000000000001,-0.8999999999999999,2.0,2.0,plan-delta,2.0,1.0,0.2481739707835325,0.7518260292164675,0.7813229571984436,1.6556245995629084,0.0610199000075226,0.0001721163577698,0.0002447580579458
full-identity-reference,oracle,oracle-assumption,full-identity-reference,9,6c92deedaf55490b424b3009deca19abc61bcdfe4c92aa36795c1864823c6a96,,1,6,1.0,0.5,0.5,0.5,0.5,0.5,0.506,-0.9,-0.9000000000000001,-0.9000000000000001,-0.9000000000000001,-0.8999999999999999,1.0,1.0,plan-c,1.0,1.0,0.0,0.0,0.494,5.378413301974939,0.3449531999940518,0.0,1.3227335642052286e-05
non-private-reference,oracle,non-private,diagnostic,9,6c92deedaf55490b424b3009deca19abc61bcdfe4c92aa36795c1864823c6a96,,1,6,1.0,0.5,0.5,0.5,0.5,0.5,0.506,-0.9,-0.9000000000000001,-0.9000000000000001,-0.9000000000000001,-0.8999999999999999,,,non-private,0.0,1.0,0.0,0.0,0.0,inf,0.0472463999903993,1.1004814177123736e-05,1.1004814177123736e-05
naive-claimed-c,this-work,unsafe-diagnostic,diagnostic,9,6c92deedaf55490b424b3009deca19abc61bcdfe4c92aa36795c1864823c6a96,,1,6,1.0,0.5,0.5,0.5,0.5,0.5,0.506,-0.9,-0.9000000000000001,-0.9000000000000001,-0.9000000000000001,-0.8999999999999999,,2.0,unsafe-diagnostic,1.0,1.0,0.2481739707835325,0.7518260292164675,0.7813229571984436,3.311249199125817,0.0787020999996457,0.0001721163577698,0.0001952098722157
stable-local-fallback,this-work,user-certified,primary,0,b9ba51ed044fe0d81d83a534065b9b46287eb1af721d8a7d3bb9a19b8c08fd7b,0.0,1,6,1.0,0.5,0.5,0.5,0.5,0.5,0.499,-0.9,-0.9000000000000001,-0.9000000000000001,-0.9000000000000001,-0.8999999999999999,1.0,1.0,plan-c,1.0,1.0,0.0,1.0,1.0,0.6757877894230436,0.0535206000058678,0.0002477644874864,0.0002607007223644
handle-only-drop-residual,this-work,user-certified,primary,0,b9ba51ed044fe0d81d83a534065b9b46287eb1af721d8a7d3bb9a19b8c08fd7b,1.0,1,6,1.0,0.5,0.5,0.5,0.5,0.5,0.499,-0.9,-0.9000000000000001,-0.9000000000000001,-0.9000000000000001,-0.8999999999999999,1.0,1.0,plan-c,1.0,0.2483322214809873,0.2483322214809873,0.0,0.157,2.13321114138306,0.0597757000068668,0.0002668521475403,0.000288601320314
unitscope-equal,this-work,user-certified,primary,0,b9ba51ed044fe0d81d83a534065b9b46287eb1af721d8a7d3bb9a19b8c08fd7b,0.1428571428571428,1,6,1.0,0.5,0.5,0.5,0.5,0.5,0.499,-0.9,-0.9000000000000001,-0.9000000000000001,-0.9000000000000001,-0.8999999999999999,1.0,1.0,plan-c,1.0,1.0,0.2483322214809873,0.7516677785190127,1.0,1.0117150486576512,0.061416199998348,0.0002094368609105,0.0002230543752492
unitscope-tuned,this-work,user-certified,primary,0,b9ba51ed044fe0d81d83a534065b9b46287eb1af721d8a7d3bb9a19b8c08fd7b,0.75,1,6,1.0,0.5,0.5,0.5,0.5,0.5,0.499,-0.9,-0.9000000000000001,-0.9000000000000001,-0.9000000000000001,-0.8999999999999999,1.0,1.0,plan-c,1.0,1.0,0.2483322214809873,0.7516677785190127,0.7805259047123145,1.999494241797384,0.0785713999939616,0.0002151398219691,0.0002363715634836
naive-recalibrated-2c,this-work,user-certified,primary,0,b9ba51ed044fe0d81d83a534065b9b46287eb1af721d8a7d3bb9a19b8c08fd7b,,1,6,1.0,0.5,0.5,0.5,0.5,0.5,0.499,-0.9,-0.9000000000000001,-0.9000000000000001,-0.9000000000000001,-0.8999999999999999,2.0,2.0,plan-delta,2.0,1.0,0.2483322214809873,0.7516677785190127,0.7805259047123145,1.2140971274181849,0.061113200004911,0.0001736592668315,0.000259237964416
full-identity-reference,oracle,oracle-assumption,full-identity-reference,0,b9ba51ed044fe0d81d83a534065b9b46287eb1af721d8a7d3bb9a19b8c08fd7b,,1,6,1.0,0.5,0.5,0.5,0.5,0.5,0.499,-0.9,-0.9000000000000001,-0.9000000000000001,-0.9000000000000001,-0.8999999999999999,1.0,1.0,plan-c,1.0,1.0,0.0,0.0,0.501,4.200305670656881,0.3425985000067157,0.0,1.992534756221455e-05
non-private-reference,oracle,non-private,diagnostic,0,b9ba51ed044fe0d81d83a534065b9b46287eb1af721d8a7d3bb9a19b8c08fd7b,,1,6,1.0,0.5,0.5,0.5,0.5,0.5,0.499,-0.9,-0.9000000000000001,-0.9000000000000001,-0.9000000000000001,-0.8999999999999999,,,non-private,0.0,1.0,0.0,0.0,0.0,inf,0.0631830999918747,1.0601839338403172e-05,1.0601839338403172e-05
naive-claimed-c,this-work,unsafe-diagnostic,diagnostic,0,b9ba51ed044fe0d81d83a534065b9b46287eb1af721d8a7d3bb9a19b8c08fd7b,,1,6,1.0,0.5,0.5,0.5,0.5,0.5,0.499,-0.9,-0.9000000000000001,-0.9000000000000001,-0.9000000000000001,-0.8999999999999999,,2.0,unsafe-diagnostic,1.0,1.0,0.2483322214809873,0.7516677785190127,0.7805259047123145,2.4281942548363697,0.066571000003023,0.0001736592668315,0.0001965232680616
stable-local-fallback,this-work,user-certified,primary,1,b9ba51ed044fe0d81d83a534065b9b46287eb1af721d8a7d3bb9a19b8c08fd7b,0.0,1,6,1.0,0.5,0.5,0.5,0.5,0.5,0.4995,-0.9,-0.9000000000000001,-0.9000000000000001,-0.9000000000000001,-0.8999999999999999,1.0,1.0,plan-c,1.0,1.0,0.0,1.0,1.0,0.7778436826179813,0.0551102999888826,0.0002367675073307,0.0002682490709432
handle-only-drop-residual,this-work,user-certified,primary,1,b9ba51ed044fe0d81d83a534065b9b46287eb1af721d8a7d3bb9a19b8c08fd7b,1.0,1,6,1.0,0.5,0.5,0.5,0.5,0.5,0.4995,-0.9,-0.9000000000000001,-0.9000000000000001,-0.9000000000000001,-0.8999999999999999,1.0,1.0,plan-c,1.0,0.2504168056018673,0.2504168056018673,0.0,0.178,2.6641411218966917,0.0618192999972961,0.0001957888563194,0.0002247010905176
unitscope-equal,this-work,user-certified,primary,1,b9ba51ed044fe0d81d83a534065b9b46287eb1af721d8a7d3bb9a19b8c08fd7b,0.1428571428571428,1,6,1.0,0.5,0.5,0.5,0.5,0.5,0.4995,-0.9,-0.9000000000000001,-0.9000000000000001,-0.9000000000000001,-0.8999999999999999,1.0,1.0,plan-c,1.0,1.0,0.2504168056018673,0.7495831943981327,1.0,1.0742832461703866,0.0631002000009175,0.000212853508404,0.0002444087532097
unitscope-tuned,this-work,user-certified,primary,1,b9ba51ed044fe0d81d83a534065b9b46287eb1af721d8a7d3bb9a19b8c08fd7b,0.75,1,6,1.0,0.5,0.5,0.5,0.5,0.5,0.4995,-0.9,-0.9000000000000001,-0.9000000000000001,-0.9000000000000001,-0.8999999999999999,1.0,1.0,plan-c,1.0,1.0,0.2504168056018673,0.7495831943981327,0.7848730698769956,2.4612004521789594,0.0651418999914312,0.000172289471282,0.0002011770695562
naive-recalibrated-2c,this-work,user-certified,primary,1,b9ba51ed044fe0d81d83a534065b9b46287eb1af721d8a7d3bb9a19b8c08fd7b,,1,6,1.0,0.5,0.5,0.5,0.5,0.5,0.4995,-0.9,-0.9000000000000001,-0.9000000000000001,-0.9000000000000001,-0.8999999999999999,2.0,2.0,plan-delta,2.0,1.0,0.2504168056018673,0.7495831943981327,0.7848730698769956,1.51945862934414,0.0803688999876612,0.0001290284442214,0.0002104129265794
full-identity-reference,oracle,oracle-assumption,full-identity-reference,1,b9ba51ed044fe0d81d83a534065b9b46287eb1af721d8a7d3bb9a19b8c08fd7b,,1,6,1.0,0.5,0.5,0.5,0.5,0.5,0.4995,-0.9,-0.9000000000000001,-0.9000000000000001,-0.9000000000000001,-0.8999999999999999,1.0,1.0,plan-c,1.0,1.0,0.0,0.0,0.5005,4.804208761601427,0.3436314999999013,0.0,1.4585911827834765e-05
non-private-reference,oracle,non-private,diagnostic,1,b9ba51ed044fe0d81d83a534065b9b46287eb1af721d8a7d3bb9a19b8c08fd7b,,1,6,1.0,0.5,0.5,0.5,0.5,0.5,0.4995,-0.9,-0.9000000000000001,-0.9000000000000001,-0.9000000000000001,-0.8999999999999999,,,non-private,0.0,1.0,0.0,0.0,0.0,inf,0.047259800005122,1.1453466996716722e-05,1.1453466996716722e-05
naive-claimed-c,this-work,unsafe-diagnostic,diagnostic,1,b9ba51ed044fe0d81d83a534065b9b46287eb1af721d8a7d3bb9a19b8c08fd7b,,1,6,1.0,0.5,0.5,0.5,0.5,0.5,0.4995,-0.9,-0.9000000000000001,-0.9000000000000001,-0.9000000000000001,-0.8999999999999999,,2.0,unsafe-diagnostic,1.0,1.0,0.2504168056018673,0.7495831943981327,0.7848730698769956,3.03891725868828,0.0633206000056816,0.0001290284442214,0.0001551347735726
stable-local-fallback,this-work,user-certified,primary,2,b9ba51ed044fe0d81d83a534065b9b46287eb1af721d8a7d3bb9a19b8c08fd7b,0.0,1,6,1.0,0.5,0.5,0.5,0.5,0.5,0.484,-0.9,-0.9000000000000002,-0.9000000000000001,-0.9000000000000001,-0.8999999999999999,1.0,1.0,plan-c,1.0,1.0,0.0,1.0,1.0,0.7612380472731914,0.0670259999897098,0.0002503055181106,0.0002877044798026
handle-only-drop-residual,this-work,user-certified,primary,2,b9ba51ed044fe0d81d83a534065b9b46287eb1af721d8a7d3bb9a19b8c08fd7b,1.0,1,6,1.0,0.5,0.5,0.5,0.5,0.5,0.484,-0.9,-0.9000000000000002,-0.9000000000000001,-0.9000000000000001,-0.8999999999999999,1.0,1.0,plan-c,1.0,0.2498315363881401,0.2498315363881401,0.0,0.165,2.368271626270829,0.0582001000002492,0.0002333962478932,0.0002751690865785
unitscope-equal,this-work,user-certified,primary,2,b9ba51ed044fe0d81d83a534065b9b46287eb1af721d8a7d3bb9a19b8c08fd7b,0.1428571428571428,1,6,1.0,0.5,0.5,0.5,0.5,0.5,0.484,-0.9,-0.9000000000000002,-0.9000000000000001,-0.9000000000000001,-0.8999999999999999,1.0,1.0,plan-c,1.0,1.0,0.2498315363881401,0.7501684636118598,1.0,1.0452491249782294,0.0642364999948768,0.0002255055605467,0.0002636059639231
unitscope-tuned,this-work,user-certified,primary,2,b9ba51ed044fe0d81d83a534065b9b46287eb1af721d8a7d3bb9a19b8c08fd7b,0.75,1,6,1.0,0.5,0.5,0.5,0.5,0.5,0.484,-0.9,-0.9000000000000002,-0.9000000000000001,-0.9000000000000001,-0.8999999999999999,1.0,1.0,plan-c,1.0,1.0,0.2498315363881401,0.7501684636118598,0.7804364975019721,2.2145718321356944,0.0627318999904673,0.0002035460167269,0.0002452187464606
naive-recalibrated-2c,this-work,user-certified,primary,2,b9ba51ed044fe0d81d83a534065b9b46287eb1af721d8a7d3bb9a19b8c08fd7b,,1,6,1.0,0.5,0.5,0.5,0.5,0.5,0.484,-0.9,-0.9000000000000002,-0.9000000000000001,-0.9000000000000001,-0.8999999999999999,2.0,2.0,plan-delta,2.0,1.0,0.2498315363881401,0.7501684636118598,0.7804364975019721,1.3717633388356076,0.0630773000011686,0.0001553185557065,0.0002634999235003
full-identity-reference,oracle,oracle-assumption,full-identity-reference,2,b9ba51ed044fe0d81d83a534065b9b46287eb1af721d8a7d3bb9a19b8c08fd7b,,1,6,1.0,0.5,0.5,0.5,0.5,0.5,0.484,-0.9,-0.9000000000000002,-0.9000000000000001,-0.9000000000000001,-0.8999999999999999,1.0,1.0,plan-c,1.0,1.0,0.0,0.0,0.516,4.721322918786227,0.363606200000504,0.0,1.5944966299623313e-05
non-private-reference,oracle,non-private,diagnostic,2,b9ba51ed044fe0d81d83a534065b9b46287eb1af721d8a7d3bb9a19b8c08fd7b,,1,6,1.0,0.5,0.5,0.5,0.5,0.5,0.484,-0.9,-0.9000000000000002,-0.9000000000000001,-0.9000000000000001,-0.8999999999999999,,,non-private,0.0,1.0,0.0,0.0,0.0,inf,0.0481075999996392,1.1015862190418904e-05,1.1015862190418904e-05
naive-claimed-c,this-work,unsafe-diagnostic,diagnostic,2,b9ba51ed044fe0d81d83a534065b9b46287eb1af721d8a7d3bb9a19b8c08fd7b,,1,6,1.0,0.5,0.5,0.5,0.5,0.5,0.484,-0.9,-0.9000000000000002,-0.9000000000000001,-0.9000000000000001,-0.8999999999999999,,2.0,unsafe-diagnostic,1.0,1.0,0.2498315363881401,0.7501684636118598,0.7804364975019721,2.7435266776712157,0.0611955000058515,0.0001553185557065,0.0001934642733038
stable-local-fallback,this-work,user-certified,primary,3,b9ba51ed044fe0d81d83a534065b9b46287eb1af721d8a7d3bb9a19b8c08fd7b,0.0,1,6,1.0,0.5,0.5,0.5,0.5,0.5,0.508,-0.9,-0.9000000000000004,-0.9000000000000001,-0.9000000000000001,-0.8999999999999999,1.0,1.0,plan-c,1.0,1.0,0.0,1.0,1.0,0.7050961059273406,0.0524471999960951,0.0001985960963886,0.0002026367481265
handle-only-drop-residual,this-work,user-certified,primary,3,b9ba51ed044fe0d81d83a534065b9b46287eb1af721d8a7d3bb9a19b8c08fd7b,1.0,1,6,1.0,0.5,0.5,0.5,0.5,0.5,0.508,-0.9,-0.9000000000000004,-0.9000000000000001,-0.9000000000000001,-0.8999999999999999,1.0,1.0,plan-c,1.0,0.248342175066313,0.248342175066313,0.0,0.171,2.614602755717951,0.0763832999946316,0.0001806201120965,0.0001881488976382
unitscope-equal,this-work,user-certified,primary,3,b9ba51ed044fe0d81d83a534065b9b46287eb1af721d8a7d3bb9a19b8c08fd7b,0.1428571428571428,1,6,1.0,0.5,0.5,0.5,0.5,0.5,0.508,-0.9,-0.9000000000000004,-0.9000000000000001,-0.9000000000000001,-0.8999999999999999,1.0,1.0,plan-c,1.0,1.0,0.248342175066313,0.751657824933687,1.0,1.0284655261866489,0.0618685000081313,0.0001761617300703,0.0001819984614313
unitscope-tuned,this-work,user-certified,primary,3,b9ba51ed044fe0d81d83a534065b9b46287eb1af721d8a7d3bb9a19b8c08fd7b,0.75,1,6,1.0,0.5,0.5,0.5,0.5,0.5,0.508,-0.9,-0.9000000000000004,-0.9000000000000001,-0.9000000000000001,-0.8999999999999999,1.0,1.0,plan-c,1.0,1.0,0.248342175066313,0.751657824933687,0.7843953185955787,2.4132391805502684,0.0690442000050097,0.0001545017355725,0.0001629998187038
naive-recalibrated-2c,this-work,user-certified,primary,3,b9ba51ed044fe0d81d83a534065b9b46287eb1af721d8a7d3bb9a19b8c08fd7b,,1,6,1.0,0.5,0.5,0.5,0.5,0.5,0.508,-0.9,-0.9000000000000004,-0.9000000000000001,-0.9000000000000001,-0.8999999999999999,2.0,2.0,plan-delta,2.0,1.0,0.248342175066313,0.751657824933687,0.7843953185955787,1.459207258981604,0.066896699994686,0.0001216773546201,0.0001695931035315
full-identity-reference,oracle,oracle-assumption,full-identity-reference,3,b9ba51ed044fe0d81d83a534065b9b46287eb1af721d8a7d3bb9a19b8c08fd7b,,1,6,1.0,0.5,0.5,0.5,0.5,0.5,0.508,-0.9,-0.9000000000000004,-0.9000000000000001,-0.9000000000000001,-0.8999999999999999,1.0,1.0,plan-c,1.0,1.0,0.0,0.0,0.492,4.429773747791029,0.3458743000082904,0.0,1.4295995470253785e-05
non-private-reference,oracle,non-private,diagnostic,3,b9ba51ed044fe0d81d83a534065b9b46287eb1af721d8a7d3bb9a19b8c08fd7b,,1,6,1.0,0.5,0.5,0.5,0.5,0.5,0.508,-0.9,-0.9000000000000004,-0.9000000000000001,-0.9000000000000001,-0.8999999999999999,,,non-private,0.0,1.0,0.0,0.0,0.0,inf,0.0642883999971672,7.887719572790727e-06,7.887719572790727e-06
naive-claimed-c,this-work,unsafe-diagnostic,diagnostic,3,b9ba51ed044fe0d81d83a534065b9b46287eb1af721d8a7d3bb9a19b8c08fd7b,,1,6,1.0,0.5,0.5,0.5,0.5,0.5,0.508,-0.9,-0.9000000000000004,-0.9000000000000001,-0.9000000000000001,-0.8999999999999999,,2.0,unsafe-diagnostic,1.0,1.0,0.248342175066313,0.751657824933687,0.7843953185955787,2.918414517963208,0.07155629999761,0.0001216773546201,0.0001313392336055
stable-local-fallback,this-work,user-certified,primary,4,b9ba51ed044fe0d81d83a534065b9b46287eb1af721d8a7d3bb9a19b8c08fd7b,0.0,1,6,1.0,0.5,0.5,0.5,0.5,0.5,0.502,-0.9,-0.9000000000000001,-0.9000000000000001,-0.9000000000000001,-0.8999999999999999,1.0,1.0,plan-c,1.0,1.0,0.0,1.0,1.0,0.7146678014478992,0.0523630999960005,0.0002141112207767,0.000210740432692
handle-only-drop-residual,this-work,user-certified,primary,4,b9ba51ed044fe0d81d83a534065b9b46287eb1af721d8a7d3bb9a19b8c08fd7b,1.0,1,6,1.0,0.5,0.5,0.5,0.5,0.5,0.502,-0.9,-0.9000000000000001,-0.9000000000000001,-0.9000000000000001,-0.8999999999999999,1.0,1.0,plan-c,1.0,0.2470039946737683,0.2470039946737683,0.0,0.158,2.5312096038571807,0.063475599992671,0.0002073047500283,0.0002118473857797
unitscope-equal,this-work,user-certified,primary,4,b9ba51ed044fe0d81d83a534065b9b46287eb1af721d8a7d3bb9a19b8c08fd7b,0.1428571428571428,1,6,1.0,0.5,0.5,0.5,0.5,0.5,0.502,-0.9,-0.9000000000000001,-0.9000000000000001,-0.9000000000000001,-0.8999999999999999,1.0,1.0,plan-c,1.0,1.0,0.2470039946737683,0.7529960053262317,1.0,0.9769933058580568,0.0795727999939117,0.0001939469738929,0.0001946667060924
unitscope-tuned,this-work,user-certified,primary,4,b9ba51ed044fe0d81d83a534065b9b46287eb1af721d8a7d3bb9a19b8c08fd7b,0.75,1,6,1.0,0.5,0.5,0.5,0.5,0.5,0.502,-0.9,-0.9000000000000001,-0.9000000000000001,-0.9000000000000001,-0.8999999999999999,1.0,1.0,plan-c,1.0,1.0,0.2470039946737683,0.7529960053262317,0.781071242849714,2.327488129956377,0.0691979999974137,0.0001775036874439,0.0001831461813071
naive-recalibrated-2c,this-work,user-certified,primary,4,b9ba51ed044fe0d81d83a534065b9b46287eb1af721d8a7d3bb9a19b8c08fd7b,,1,6,1.0,0.5,0.5,0.5,0.5,0.5,0.502,-0.9,-0.9000000000000001,-0.9000000000000001,-0.9000000000000001,-0.8999999999999999,2.0,2.0,plan-delta,2.0,1.0,0.2470039946737683,0.7529960053262317,0.781071242849714,1.414615578279219,0.0730151000025216,0.0001397488967174,0.0001879092475807
full-identity-reference,oracle,oracle-assumption,full-identity-reference,4,b9ba51ed044fe0d81d83a534065b9b46287eb1af721d8a7d3bb9a19b8c08fd7b,,1,6,1.0,0.5,0.5,0.5,0.5,0.5,0.502,-0.9,-0.9000000000000001,-0.9000000000000001,-0.9000000000000001,-0.8999999999999999,1.0,1.0,plan-c,1.0,1.0,0.0,0.0,0.498,4.406583363971453,0.359544699997059,0.0,1.568847969346736e-05
non-private-reference,oracle,non-private,diagnostic,4,b9ba51ed044fe0d81d83a534065b9b46287eb1af721d8a7d3bb9a19b8c08fd7b,,1,6,1.0,0.5,0.5,0.5,0.5,0.5,0.502,-0.9,-0.9000000000000001,-0.9000000000000001,-0.9000000000000001,-0.8999999999999999,,,non-private,0.0,1.0,0.0,0.0,0.0,inf,0.0527162000071257,1.0537361302677552e-05,1.0537361302677552e-05
naive-claimed-c,this-work,unsafe-diagnostic,diagnostic,4,b9ba51ed044fe0d81d83a534065b9b46287eb1af721d8a7d3bb9a19b8c08fd7b,,1,6,1.0,0.5,0.5,0.5,0.5,0.5,0.502,-0.9,-0.9000000000000001,-0.9000000000000001,-0.9000000000000001,-0.8999999999999999,,2.0,unsafe-diagnostic,1.0,1.0,0.2470039946737683,0.7529960053262317,0.781071242849714,2.829231156558438,0.0847332999983336,0.0001397488967174,0.0001481405924556
stable-local-fallback,this-work,user-certified,primary,5,b9ba51ed044fe0d81d83a534065b9b46287eb1af721d8a7d3bb9a19b8c08fd7b,0.0,1,6,1.0,0.5,0.5,0.5,0.5,0.5,0.5045,-0.9,-0.9000000000000002,-0.9000000000000001,-0.9000000000000001,-0.8999999999999999,1.0,1.0,plan-c,1.0,1.0,0.0,1.0,1.0,0.6089912968355456,0.0539567999949213,0.0002139666060941,0.0002104764093818
handle-only-drop-residual,this-work,user-certified,primary,5,b9ba51ed044fe0d81d83a534065b9b46287eb1af721d8a7d3bb9a19b8c08fd7b,1.0,1,6,1.0,0.5,0.5,0.5,0.5,0.5,0.5045,-0.9,-0.9000000000000002,-0.9000000000000001,-0.9000000000000001,-0.8999999999999999,1.0,1.0,plan-c,1.0,0.2497507477567298,0.2497507477567298,0.0,0.171,2.172704529903186,0.0619109000108437,0.0001797746789044,0.000171601609741
unitscope-equal,this-work,user-certified,primary,5,b9ba51ed044fe0d81d83a534065b9b46287eb1af721d8a7d3bb9a19b8c08fd7b,0.1428571428571428,1,6,1.0,0.5,0.5,0.5,0.5,0.5,0.5045,-0.9,-0.9000000000000002,-0.9000000000000001,-0.9000000000000001,-0.8999999999999999,1.0,1.0,plan-c,1.0,1.0,0.2497507477567298,0.7502492522432702,1.0,0.9425335681901852,0.0626936000044224,0.000181569358584,0.0001789434170332
unitscope-tuned,this-work,user-certified,primary,5,b9ba51ed044fe0d81d83a534065b9b46287eb1af721d8a7d3bb9a19b8c08fd7b,0.75,1,6,1.0,0.5,0.5,0.5,0.5,0.5,0.5045,-0.9,-0.9000000000000002,-0.9000000000000001,-0.9000000000000001,-0.8999999999999999,1.0,1.0,plan-c,1.0,1.0,0.2497507477567298,0.7502492522432702,0.7840020844189682,2.0360952959023644,0.0848068000050261,0.0001547281886161,0.0001474806024674
naive-recalibrated-2c,this-work,user-certified,primary,5,b9ba51ed044fe0d81d83a534065b9b46287eb1af721d8a7d3bb9a19b8c08fd7b,,1,6,1.0,0.5,0.5,0.5,0.5,0.5,0.5045,-0.9,-0.9000000000000002,-0.9000000000000001,-0.9000000000000001,-0.8999999999999999,2.0,2.0,plan-delta,2.0,1.0,0.2497507477567298,0.7502492522432702,0.7840020844189682,1.2371517802326448,0.0623130000021774,0.0001189227158331,0.000151663645057
full-identity-reference,oracle,oracle-assumption,full-identity-reference,5,b9ba51ed044fe0d81d83a534065b9b46287eb1af721d8a7d3bb9a19b8c08fd7b,,1,6,1.0,0.5,0.5,0.5,0.5,0.5,0.5045,-0.9,-0.9000000000000002,-0.9000000000000001,-0.9000000000000001,-0.8999999999999999,1.0,1.0,plan-c,1.0,1.0,0.0,0.0,0.4955,3.8202736264399024,0.3519534999941243,0.0,2.072019138122691e-05
non-private-reference,oracle,non-private,diagnostic,5,b9ba51ed044fe0d81d83a534065b9b46287eb1af721d8a7d3bb9a19b8c08fd7b,,1,6,1.0,0.5,0.5,0.5,0.5,0.5,0.5045,-0.9,-0.9000000000000002,-0.9000000000000001,-0.9000000000000001,-0.8999999999999999,,,non-private,0.0,1.0,0.0,0.0,0.0,inf,0.0501646999910008,8.711941169206713e-06,8.711941169206713e-06
naive-claimed-c,this-work,unsafe-diagnostic,diagnostic,5,b9ba51ed044fe0d81d83a534065b9b46287eb1af721d8a7d3bb9a19b8c08fd7b,,1,6,1.0,0.5,0.5,0.5,0.5,0.5,0.5045,-0.9,-0.9000000000000002,-0.9000000000000001,-0.9000000000000001,-0.8999999999999999,,2.0,unsafe-diagnostic,1.0,1.0,0.2497507477567298,0.7502492522432702,0.7840020844189682,2.4743035604652897,0.0677218999917386,0.0001189227158331,0.0001145729890638
stable-local-fallback,this-work,user-certified,primary,6,b9ba51ed044fe0d81d83a534065b9b46287eb1af721d8a7d3bb9a19b8c08fd7b,0.0,1,6,1.0,0.5,0.5,0.5,0.5,0.5,0.509,-0.9,-0.9000000000000002,-0.9000000000000001,-0.9000000000000001,-0.8999999999999999,1.0,1.0,plan-c,1.0,1.0,0.0,1.0,1.0,0.8056516586821371,0.0550837000046158,0.0002271992682883,0.0002147873825951
handle-only-drop-residual,this-work,user-certified,primary,6,b9ba51ed044fe0d81d83a534065b9b46287eb1af721d8a7d3bb9a19b8c08fd7b,1.0,1,6,1.0,0.5,0.5,0.5,0.5,0.5,0.509,-0.9,-0.9000000000000002,-0.9000000000000001,-0.9000000000000001,-0.8999999999999999,1.0,1.0,plan-c,1.0,0.25,0.25,0.0,0.171,2.388877077224348,0.0594769000017549,0.0002410968446275,0.0002423429251395
unitscope-equal,this-work,user-certified,primary,6,b9ba51ed044fe0d81d83a534065b9b46287eb1af721d8a7d3bb9a19b8c08fd7b,0.1428571428571428,1,6,1.0,0.5,0.5,0.5,0.5,0.5,0.509,-0.9,-0.9000000000000002,-0.9000000000000001,-0.9000000000000001,-0.8999999999999999,1.0,1.0,plan-c,1.0,1.0,0.25,0.75,1.0,1.075756595449969,0.0620253000088268,0.0002091842682921,0.0001979780010313
unitscope-tuned,this-work,user-certified,primary,6,b9ba51ed044fe0d81d83a534065b9b46287eb1af721d8a7d3bb9a19b8c08fd7b,0.75,1,6,1.0,0.5,0.5,0.5,0.5,0.5,0.509,-0.9,-0.9000000000000002,-0.9000000000000001,-0.9000000000000001,-0.8999999999999999,1.0,1.0,plan-c,1.0,1.0,0.25,0.75,0.7845074083701585,2.210598881338635,0.0635426999942865,0.0002060664977308,0.000206058440991
naive-recalibrated-2c,this-work,user-certified,primary,6,b9ba51ed044fe0d81d83a534065b9b46287eb1af721d8a7d3bb9a19b8c08fd7b,,1,6,1.0,0.5,0.5,0.5,0.5,0.5,0.509,-0.9,-0.9000000000000002,-0.9000000000000001,-0.9000000000000001,-0.8999999999999999,2.0,2.0,plan-delta,2.0,1.0,0.25,0.75,0.7845074083701585,1.3659466586725035,0.0874023999931523,0.000161057801324,0.0001962370097269
full-identity-reference,oracle,oracle-assumption,full-identity-reference,6,b9ba51ed044fe0d81d83a534065b9b46287eb1af721d8a7d3bb9a19b8c08fd7b,,1,6,1.0,0.5,0.5,0.5,0.5,0.5,0.509,-0.9,-0.9000000000000002,-0.9000000000000001,-0.9000000000000001,-0.8999999999999999,1.0,1.0,plan-c,1.0,1.0,0.0,0.0,0.491,5.007544947809914,0.348236599995289,0.0,1.2850918528840272e-05
non-private-reference,oracle,non-private,diagnostic,6,b9ba51ed044fe0d81d83a534065b9b46287eb1af721d8a7d3bb9a19b8c08fd7b,,1,6,1.0,0.5,0.5,0.5,0.5,0.5,0.509,-0.9,-0.9000000000000002,-0.9000000000000001,-0.9000000000000001,-0.8999999999999999,,,non-private,0.0,1.0,0.0,0.0,0.0,inf,0.0479407000093488,1.0277714121627626e-05,1.0277714121627626e-05
naive-claimed-c,this-work,unsafe-diagnostic,diagnostic,6,b9ba51ed044fe0d81d83a534065b9b46287eb1af721d8a7d3bb9a19b8c08fd7b,,1,6,1.0,0.5,0.5,0.5,0.5,0.5,0.509,-0.9,-0.9000000000000002,-0.9000000000000001,-0.9000000000000001,-0.8999999999999999,,2.0,unsafe-diagnostic,1.0,1.0,0.25,0.75,0.7845074083701585,2.731893317345007,0.0624784999963594,0.000161057801324,0.0001657964869966
stable-local-fallback,this-work,user-certified,primary,7,b9ba51ed044fe0d81d83a534065b9b46287eb1af721d8a7d3bb9a19b8c08fd7b,0.0,1,6,1.0,0.5,0.5,0.5,0.5,0.5,0.486,-0.9,-0.9000000000000001,-0.9000000000000002,-0.9000000000000001,-0.8999999999999999,1.0,1.0,plan-c,1.0,1.0,0.0,1.0,1.0,0.6673649659772528,0.0811281999922357,0.0001753766093662,0.0001711594768394
handle-only-drop-residual,this-work,user-certified,primary,7,b9ba51ed044fe0d81d83a534065b9b46287eb1af721d8a7d3bb9a19b8c08fd7b,1.0,1,6,1.0,0.5,0.5,0.5,0.5,0.5,0.486,-0.9,-0.9000000000000001,-0.9000000000000002,-0.9000000000000001,-0.8999999999999999,1.0,1.0,plan-c,1.0,0.2489905787348587,0.2489905787348587,0.0,0.159,2.33989292530921,0.0592956000036792,0.0002008280128428,0.0001921698225633
unitscope-equal,this-work,user-certified,primary,7,b9ba51ed044fe0d81d83a534065b9b46287eb1af721d8a7d3bb9a19b8c08fd7b,0.1428571428571428,1,6,1.0,0.5,0.5,0.5,0.5,0.5,0.486,-0.9,-0.9000000000000001,-0.9000000000000002,-0.9000000000000001,-0.8999999999999999,1.0,1.0,plan-c,1.0,1.0,0.2489905787348587,0.7510094212651414,1.0,0.936705796464013,0.0636649000080069,0.0001582332097558,0.0001539755536724
unitscope-tuned,this-work,user-certified,primary,7,b9ba51ed044fe0d81d83a534065b9b46287eb1af721d8a7d3bb9a19b8c08fd7b,0.75,1,6,1.0,0.5,0.5,0.5,0.5,0.5,0.486,-0.9,-0.9000000000000001,-0.9000000000000002,-0.9000000000000001,-0.8999999999999999,1.0,1.0,plan-c,1.0,1.0,0.2489905787348587,0.7510094212651414,0.7794387621295568,2.1478667841410948,0.0635763000027509,0.000165790515524,0.0001598086238823
naive-recalibrated-2c,this-work,user-certified,primary,7,b9ba51ed044fe0d81d83a534065b9b46287eb1af721d8a7d3bb9a19b8c08fd7b,,1,6,1.0,0.5,0.5,0.5,0.5,0.5,0.486,-0.9,-0.9000000000000001,-0.9000000000000002,-0.9000000000000001,-0.8999999999999999,2.0,2.0,plan-delta,2.0,1.0,0.2489905787348587,0.7510094212651414,0.7794387621295568,1.2786002113384682,0.063462599995546,0.000134896493605,0.0001562462505091
full-identity-reference,oracle,oracle-assumption,full-identity-reference,7,b9ba51ed044fe0d81d83a534065b9b46287eb1af721d8a7d3bb9a19b8c08fd7b,,1,6,1.0,0.5,0.5,0.5,0.5,0.5,0.486,-0.9,-0.9000000000000001,-0.9000000000000002,-0.9000000000000001,-0.8999999999999999,1.0,1.0,plan-c,1.0,1.0,0.0,0.0,0.514,4.139420899117204,0.3521987999993143,0.0,1.4522739286817308e-05
non-private-reference,oracle,non-private,diagnostic,7,b9ba51ed044fe0d81d83a534065b9b46287eb1af721d8a7d3bb9a19b8c08fd7b,,1,6,1.0,0.5,0.5,0.5,0.5,0.5,0.486,-0.9,-0.9000000000000001,-0.9000000000000002,-0.9000000000000001,-0.8999999999999999,,,non-private,0.0,1.0,0.0,0.0,0.0,inf,0.0666823999927146,8.61192651333319e-06,8.61192651333319e-06
naive-claimed-c,this-work,unsafe-diagnostic,diagnostic,7,b9ba51ed044fe0d81d83a534065b9b46287eb1af721d8a7d3bb9a19b8c08fd7b,,1,6,1.0,0.5,0.5,0.5,0.5,0.5,0.486,-0.9,-0.9000000000000001,-0.9000000000000002,-0.9000000000000001,-0.8999999999999999,,2.0,unsafe-diagnostic,1.0,1.0,0.2489905787348587,0.7510094212651414,0.7794387621295568,2.5572004226769365,0.0657663999882061,0.000134896493605,0.0001310486327702
stable-local-fallback,this-work,user-certified,primary,8,b9ba51ed044fe0d81d83a534065b9b46287eb1af721d8a7d3bb9a19b8c08fd7b,0.0,1,6,1.0,0.5,0.5,0.5,0.5,0.5,0.4875,-0.9,-0.9000000000000002,-0.9000000000000001,-0.9000000000000001,-0.8999999999999999,1.0,1.0,plan-c,1.0,1.0,0.0,1.0,1.0,0.70740862337,0.0555443999910494,0.0002443127206381,0.0002932012082954
handle-only-drop-residual,this-work,user-certified,primary,8,b9ba51ed044fe0d81d83a534065b9b46287eb1af721d8a7d3bb9a19b8c08fd7b,1.0,1,6,1.0,0.5,0.5,0.5,0.5,0.5,0.4875,-0.9,-0.9000000000000002,-0.9000000000000001,-0.9000000000000001,-0.8999999999999999,1.0,1.0,plan-c,1.0,0.2510924369747899,0.2510924369747899,0.0,0.139,2.081113865470906,0.0866669999959413,0.0003161066678387,0.0003601490882329
unitscope-equal,this-work,user-certified,primary,8,b9ba51ed044fe0d81d83a534065b9b46287eb1af721d8a7d3bb9a19b8c08fd7b,0.1428571428571428,1,6,1.0,0.5,0.5,0.5,0.5,0.5,0.4875,-0.9,-0.9000000000000002,-0.9000000000000001,-0.9000000000000001,-0.8999999999999999,1.0,1.0,plan-c,1.0,1.0,0.2510924369747899,0.7489075630252101,1.0,0.9700963129740018,0.0620688000053633,0.0002234465676276,0.0002689238445682
unitscope-tuned,this-work,user-certified,primary,8,b9ba51ed044fe0d81d83a534065b9b46287eb1af721d8a7d3bb9a19b8c08fd7b,0.75,1,6,1.0,0.5,0.5,0.5,0.5,0.5,0.4875,-0.9,-0.9000000000000002,-0.9000000000000001,-0.9000000000000001,-0.8999999999999999,1.0,1.0,plan-c,1.0,1.0,0.2510924369747899,0.7489075630252101,0.7755474452554745,1.9588347759998612,0.0652045000024372,0.0002698779641657,0.0003120946310711
naive-recalibrated-2c,this-work,user-certified,primary,8,b9ba51ed044fe0d81d83a534065b9b46287eb1af721d8a7d3bb9a19b8c08fd7b,,1,6,1.0,0.5,0.5,0.5,0.5,0.5,0.4875,-0.9,-0.9000000000000002,-0.9000000000000001,-0.9000000000000001,-0.8999999999999999,2.0,2.0,plan-delta,2.0,1.0,0.2510924369747899,0.7489075630252101,0.7755474452554745,1.1591674179848082,0.0660239999997429,0.0002185310576946,0.0003301810526791
full-identity-reference,oracle,oracle-assumption,full-identity-reference,8,b9ba51ed044fe0d81d83a534065b9b46287eb1af721d8a7d3bb9a19b8c08fd7b,,1,6,1.0,0.5,0.5,0.5,0.5,0.5,0.4875,-0.9,-0.9000000000000002,-0.9000000000000001,-0.9000000000000001,-0.8999999999999999,1.0,1.0,plan-c,1.0,1.0,0.0,0.0,0.5125,4.423228776295361,0.3446815000061178,0.0,1.7675969185463054e-05
non-private-reference,oracle,non-private,diagnostic,8,b9ba51ed044fe0d81d83a534065b9b46287eb1af721d8a7d3bb9a19b8c08fd7b,,1,6,1.0,0.5,0.5,0.5,0.5,0.5,0.4875,-0.9,-0.9000000000000002,-0.9000000000000001,-0.9000000000000001,-0.8999999999999999,,,non-private,0.0,1.0,0.0,0.0,0.0,inf,0.0483327000110875,9.773197954811966e-06,9.773197954811966e-06
naive-claimed-c,this-work,unsafe-diagnostic,diagnostic,8,b9ba51ed044fe0d81d83a534065b9b46287eb1af721d8a7d3bb9a19b8c08fd7b,,1,6,1.0,0.5,0.5,0.5,0.5,0.5,0.4875,-0.9,-0.9000000000000002,-0.9000000000000001,-0.9000000000000001,-0.8999999999999999,,2.0,unsafe-diagnostic,1.0,1.0,0.2510924369747899,0.7489075630252101,0.7755474452554745,2.3183348359696163,0.0815661000087857,0.0002185310576946,0.0002566800860014
stable-local-fallback,this-work,user-certified,primary,9,b9ba51ed044fe0d81d83a534065b9b46287eb1af721d8a7d3bb9a19b8c08fd7b,0.0,1,6,1.0,0.5,0.5,0.5,0.5,0.5,0.506,-0.9,-0.9000000000000001,-0.9000000000000001,-0.9000000000000001,-0.8999999999999999,1.0,1.0,plan-c,1.0,1.0,0.0,1.0,1.0,0.8622896716045529,0.0537023999931989,0.0002700390665074,0.000300292235828
handle-only-drop-residual,this-work,user-certified,primary,9,b9ba51ed044fe0d81d83a534065b9b46287eb1af721d8a7d3bb9a19b8c08fd7b,1.0,1,6,1.0,0.5,0.5,0.5,0.5,0.5,0.506,-0.9,-0.9000000000000001,-0.9000000000000001,-0.9000000000000001,-0.8999999999999999,1.0,1.0,plan-c,1.0,0.2481739707835325,0.2481739707835325,0.0,0.157,2.95917343755417,0.0598775999969802,0.0002619858885559,0.0002871222695008
unitscope-equal,this-work,user-certified,primary,9,b9ba51ed044fe0d81d83a534065b9b46287eb1af721d8a7d3bb9a19b8c08fd7b,0.1428571428571428,1,6,1.0,0.5,0.5,0.5,0.5,0.5,0.506,-0.9,-0.9000000000000001,-0.9000000000000001,-0.9000000000000001,-0.8999999999999999,1.0,1.0,plan-c,1.0,1.0,0.2481739707835325,0.7518260292164675,1.0,1.217179597171531,0.0853753999981563,0.0002370977145532,0.0002667376123627
unitscope-tuned,this-work,user-certified,primary,9,b9ba51ed044fe0d81d83a534065b9b46287eb1af721d8a7d3bb9a19b8c08fd7b,0.75,1,6,1.0,0.5,0.5,0.5,0.5,0.5,0.506,-0.9,-0.9000000000000001,-0.9000000000000001,-0.9000000000000001,-0.8999999999999999,1.0,1.0,plan-c,1.0,1.0,0.2481739707835325,0.7518260292164675,0.7813229571984436,2.688459522006677,0.0649040999996941,0.0002170296844858,0.000243207435252
naive-recalibrated-2c,this-work,user-certified,primary,9,b9ba51ed044fe0d81d83a534065b9b46287eb1af721d8a7d3bb9a19b8c08fd7b,,1,6,1.0,0.5,0.5,0.5,0.5,0.5,0.506,-0.9,-0.9000000000000001,-0.9000000000000001,-0.9000000000000001,-0.8999999999999999,2.0,2.0,plan-delta,2.0,1.0,0.2481739707835325,0.7518260292164675,0.7813229571984436,1.6556245995629084,0.0629483999946387,0.0001721163577698,0.0002447580579458
full-identity-reference,oracle,oracle-assumption,full-identity-reference,9,b9ba51ed044fe0d81d83a534065b9b46287eb1af721d8a7d3bb9a19b8c08fd7b,,1,6,1.0,0.5,0.5,0.5,0.5,0.5,0.506,-0.9,-0.9000000000000001,-0.9000000000000001,-0.9000000000000001,-0.8999999999999999,1.0,1.0,plan-c,1.0,1.0,0.0,0.0,0.494,5.378413301974939,0.3531239000003552,0.0,1.3227335642052286e-05
non-private-reference,oracle,non-private,diagnostic,9,b9ba51ed044fe0d81d83a534065b9b46287eb1af721d8a7d3bb9a19b8c08fd7b,,1,6,1.0,0.5,0.5,0.5,0.5,0.5,0.506,-0.9,-0.9000000000000001,-0.9000000000000001,-0.9000000000000001,-0.8999999999999999,,,non-private,0.0,1.0,0.0,0.0,0.0,inf,0.0522120999958133,1.1004814177123736e-05,1.1004814177123736e-05
naive-claimed-c,this-work,unsafe-diagnostic,diagnostic,9,b9ba51ed044fe0d81d83a534065b9b46287eb1af721d8a7d3bb9a19b8c08fd7b,,1,6,1.0,0.5,0.5,0.5,0.5,0.5,0.506,-0.9,-0.9000000000000001,-0.9000000000000001,-0.9000000000000001,-0.8999999999999999,,2.0,unsafe-diagnostic,1.0,1.0,0.2481739707835325,0.7518260292164675,0.7813229571984436,3.311249199125817,0.0749592000065604,0.0001721163577698,0.0001952098722157
stable-local-fallback,this-work,user-certified,primary,0,5a1a0d9face92aec0a0f641341aa62346ee1398565778501f38bf6cc267e64e8,0.0,1,6,1.0,0.5,0.5,0.5,0.5,0.5,0.499,-0.9,-0.9000000000000001,-0.9000000000000001,-0.9000000000000001,-0.8999999999999999,1.0,1.0,plan-c,1.0,1.0,0.0,1.0,1.0,0.6757877894230436,0.0507588999898871,0.0002477644874864,0.0002607007223644
handle-only-drop-residual,this-work,user-certified,primary,0,5a1a0d9face92aec0a0f641341aa62346ee1398565778501f38bf6cc267e64e8,1.0,1,6,1.0,0.5,0.5,0.5,0.5,0.5,0.499,-0.9,-0.9000000000000001,-0.9000000000000001,-0.9000000000000001,-0.8999999999999999,1.0,1.0,plan-c,1.0,0.2483322214809873,0.2483322214809873,0.0,0.157,2.13321114138306,0.0595820000016829,0.0002668521475403,0.000288601320314
unitscope-equal,this-work,user-certified,primary,0,5a1a0d9face92aec0a0f641341aa62346ee1398565778501f38bf6cc267e64e8,0.1428571428571428,1,6,1.0,0.5,0.5,0.5,0.5,0.5,0.499,-0.9,-0.9000000000000001,-0.9000000000000001,-0.9000000000000001,-0.8999999999999999,1.0,1.0,plan-c,1.0,1.0,0.2483322214809873,0.7516677785190127,1.0,1.0117150486576512,0.0619939000025624,0.0002094368609105,0.0002230543752492
unitscope-tuned,this-work,user-certified,primary,0,5a1a0d9face92aec0a0f641341aa62346ee1398565778501f38bf6cc267e64e8,0.9,1,6,1.0,0.5,0.5,0.5,0.5,0.5,0.499,-0.9,-0.9000000000000001,-0.9000000000000001,-0.9000000000000001,-0.8999999999999999,1.0,1.0,plan-c,1.0,1.0,0.2483322214809873,0.7516677785190127,0.7805259047123145,2.068409390917868,0.0814777000050526,0.0002451464946583,0.0002666886949283
naive-recalibrated-2c,this-work,user-certified,primary,0,5a1a0d9face92aec0a0f641341aa62346ee1398565778501f38bf6cc267e64e8,,1,6,1.0,0.5,0.5,0.5,0.5,0.5,0.499,-0.9,-0.9000000000000001,-0.9000000000000001,-0.9000000000000001,-0.8999999999999999,2.0,2.0,plan-delta,2.0,1.0,0.2483322214809873,0.7516677785190127,0.7805259047123145,1.2140971274181849,0.0614411999995354,0.0001736592668315,0.000259237964416
full-identity-reference,oracle,oracle-assumption,full-identity-reference,0,5a1a0d9face92aec0a0f641341aa62346ee1398565778501f38bf6cc267e64e8,,1,6,1.0,0.5,0.5,0.5,0.5,0.5,0.499,-0.9,-0.9000000000000001,-0.9000000000000001,-0.9000000000000001,-0.8999999999999999,1.0,1.0,plan-c,1.0,1.0,0.0,0.0,0.501,4.200305670656881,0.3435460999899078,0.0,1.992534756221455e-05
non-private-reference,oracle,non-private,diagnostic,0,5a1a0d9face92aec0a0f641341aa62346ee1398565778501f38bf6cc267e64e8,,1,6,1.0,0.5,0.5,0.5,0.5,0.5,0.499,-0.9,-0.9000000000000001,-0.9000000000000001,-0.9000000000000001,-0.8999999999999999,,,non-private,0.0,1.0,0.0,0.0,0.0,inf,0.0482297999988077,1.0601839338403172e-05,1.0601839338403172e-05
naive-claimed-c,this-work,unsafe-diagnostic,diagnostic,0,5a1a0d9face92aec0a0f641341aa62346ee1398565778501f38bf6cc267e64e8,,1,6,1.0,0.5,0.5,0.5,0.5,0.5,0.499,-0.9,-0.9000000000000001,-0.9000000000000001,-0.9000000000000001,-0.8999999999999999,,2.0,unsafe-diagnostic,1.0,1.0,0.2483322214809873,0.7516677785190127,0.7805259047123145,2.4281942548363697,0.0612500999995972,0.0001736592668315,0.0001965232680616
stable-local-fallback,this-work,user-certified,primary,1,5a1a0d9face92aec0a0f641341aa62346ee1398565778501f38bf6cc267e64e8,0.0,1,6,1.0,0.5,0.5,0.5,0.5,0.5,0.4995,-0.9,-0.9000000000000001,-0.9000000000000001,-0.9000000000000001,-0.8999999999999999,1.0,1.0,plan-c,1.0,1.0,0.0,1.0,1.0,0.7778436826179813,0.0509954000008292,0.0002367675073307,0.0002682490709432
handle-only-drop-residual,this-work,user-certified,primary,1,5a1a0d9face92aec0a0f641341aa62346ee1398565778501f38bf6cc267e64e8,1.0,1,6,1.0,0.5,0.5,0.5,0.5,0.5,0.4995,-0.9,-0.9000000000000001,-0.9000000000000001,-0.9000000000000001,-0.8999999999999999,1.0,1.0,plan-c,1.0,0.2504168056018673,0.2504168056018673,0.0,0.178,2.6641411218966917,0.0605451000010361,0.0001957888563194,0.0002247010905176
unitscope-equal,this-work,user-certified,primary,1,5a1a0d9face92aec0a0f641341aa62346ee1398565778501f38bf6cc267e64e8,0.1428571428571428,1,6,1.0,0.5,0.5,0.5,0.5,0.5,0.4995,-0.9,-0.9000000000000001,-0.9000000000000001,-0.9000000000000001,-0.8999999999999999,1.0,1.0,plan-c,1.0,1.0,0.2504168056018673,0.7495831943981327,1.0,1.0742832461703866,0.0633601000008639,0.000212853508404,0.0002444087532097
unitscope-tuned,this-work,user-certified,primary,1,5a1a0d9face92aec0a0f641341aa62346ee1398565778501f38bf6cc267e64e8,0.9,1,6,1.0,0.5,0.5,0.5,0.5,0.5,0.4995,-0.9,-0.9000000000000001,-0.9000000000000001,-0.9000000000000001,-0.8999999999999999,1.0,1.0,plan-c,1.0,1.0,0.2504168056018673,0.7495831943981327,0.7848730698769956,2.5741393740558545,0.0640315000055125,0.0001855810675898,0.0002144834474184
naive-recalibrated-2c,this-work,user-certified,primary,1,5a1a0d9face92aec0a0f641341aa62346ee1398565778501f38bf6cc267e64e8,,1,6,1.0,0.5,0.5,0.5,0.5,0.5,0.4995,-0.9,-0.9000000000000001,-0.9000000000000001,-0.9000000000000001,-0.8999999999999999,2.0,2.0,plan-delta,2.0,1.0,0.2504168056018673,0.7495831943981327,0.7848730698769956,1.51945862934414,0.0810568000015337,0.0001290284442214,0.0002104129265794
full-identity-reference,oracle,oracle-assumption,full-identity-reference,1,5a1a0d9face92aec0a0f641341aa62346ee1398565778501f38bf6cc267e64e8,,1,6,1.0,0.5,0.5,0.5,0.5,0.5,0.4995,-0.9,-0.9000000000000001,-0.9000000000000001,-0.9000000000000001,-0.8999999999999999,1.0,1.0,plan-c,1.0,1.0,0.0,0.0,0.5005,4.804208761601427,0.3480684000096516,0.0,1.4585911827834765e-05
non-private-reference,oracle,non-private,diagnostic,1,5a1a0d9face92aec0a0f641341aa62346ee1398565778501f38bf6cc267e64e8,,1,6,1.0,0.5,0.5,0.5,0.5,0.5,0.4995,-0.9,-0.9000000000000001,-0.9000000000000001,-0.9000000000000001,-0.8999999999999999,,,non-private,0.0,1.0,0.0,0.0,0.0,inf,0.0489238000009208,1.1453466996716722e-05,1.1453466996716722e-05
naive-claimed-c,this-work,unsafe-diagnostic,diagnostic,1,5a1a0d9face92aec0a0f641341aa62346ee1398565778501f38bf6cc267e64e8,,1,6,1.0,0.5,0.5,0.5,0.5,0.5,0.4995,-0.9,-0.9000000000000001,-0.9000000000000001,-0.9000000000000001,-0.8999999999999999,,2.0,unsafe-diagnostic,1.0,1.0,0.2504168056018673,0.7495831943981327,0.7848730698769956,3.03891725868828,0.0702157000050647,0.0001290284442214,0.0001551347735726
stable-local-fallback,this-work,user-certified,primary,2,5a1a0d9face92aec0a0f641341aa62346ee1398565778501f38bf6cc267e64e8,0.0,1,6,1.0,0.5,0.5,0.5,0.5,0.5,0.484,-0.9,-0.9000000000000002,-0.9000000000000001,-0.9000000000000001,-0.8999999999999999,1.0,1.0,plan-c,1.0,1.0,0.0,1.0,1.0,0.7612380472731914,0.0649880999990273,0.0002503055181106,0.0002877044798026
handle-only-drop-residual,this-work,user-certified,primary,2,5a1a0d9face92aec0a0f641341aa62346ee1398565778501f38bf6cc267e64e8,1.0,1,6,1.0,0.5,0.5,0.5,0.5,0.5,0.484,-0.9,-0.9000000000000002,-0.9000000000000001,-0.9000000000000001,-0.8999999999999999,1.0,1.0,plan-c,1.0,0.2498315363881401,0.2498315363881401,0.0,0.165,2.368271626270829,0.0587352000002283,0.0002333962478932,0.0002751690865785
unitscope-equal,this-work,user-certified,primary,2,5a1a0d9face92aec0a0f641341aa62346ee1398565778501f38bf6cc267e64e8,0.1428571428571428,1,6,1.0,0.5,0.5,0.5,0.5,0.5,0.484,-0.9,-0.9000000000000002,-0.9000000000000001,-0.9000000000000001,-0.8999999999999999,1.0,1.0,plan-c,1.0,1.0,0.2498315363881401,0.7501684636118598,1.0,1.0452491249782294,0.0664144000038504,0.0002255055605467,0.0002636059639231
unitscope-tuned,this-work,user-certified,primary,2,5a1a0d9face92aec0a0f641341aa62346ee1398565778501f38bf6cc267e64e8,0.9,1,6,1.0,0.5,0.5,0.5,0.5,0.5,0.484,-0.9,-0.9000000000000002,-0.9000000000000001,-0.9000000000000001,-0.8999999999999999,1.0,1.0,plan-c,1.0,1.0,0.2498315363881401,0.7501684636118598,0.7804364975019721,2.2980049783645318,0.0606287000118754,0.0002207206017457,0.0002624533968504
naive-recalibrated-2c,this-work,user-certified,primary,2,5a1a0d9face92aec0a0f641341aa62346ee1398565778501f38bf6cc267e64e8,,1,6,1.0,0.5,0.5,0.5,0.5,0.5,0.484,-0.9,-0.9000000000000002,-0.9000000000000001,-0.9000000000000001,-0.8999999999999999,2.0,2.0,plan-delta,2.0,1.0,0.2498315363881401,0.7501684636118598,0.7804364975019721,1.3717633388356076,0.0672260999999707,0.0001553185557065,0.0002634999235003
full-identity-reference,oracle,oracle-assumption,full-identity-reference,2,5a1a0d9face92aec0a0f641341aa62346ee1398565778501f38bf6cc267e64e8,,1,6,1.0,0.5,0.5,0.5,0.5,0.5,0.484,-0.9,-0.9000000000000002,-0.9000000000000001,-0.9000000000000001,-0.8999999999999999,1.0,1.0,plan-c,1.0,1.0,0.0,0.0,0.516,4.721322918786227,0.3477433000080054,0.0,1.5944966299623313e-05
non-private-reference,oracle,non-private,diagnostic,2,5a1a0d9face92aec0a0f641341aa62346ee1398565778501f38bf6cc267e64e8,,1,6,1.0,0.5,0.5,0.5,0.5,0.5,0.484,-0.9,-0.9000000000000002,-0.9000000000000001,-0.9000000000000001,-0.8999999999999999,,,non-private,0.0,1.0,0.0,0.0,0.0,inf,0.0630553999944822,1.1015862190418904e-05,1.1015862190418904e-05
naive-claimed-c,this-work,unsafe-diagnostic,diagnostic,2,5a1a0d9face92aec0a0f641341aa62346ee1398565778501f38bf6cc267e64e8,,1,6,1.0,0.5,0.5,0.5,0.5,0.5,0.484,-0.9,-0.9000000000000002,-0.9000000000000001,-0.9000000000000001,-0.8999999999999999,,2.0,unsafe-diagnostic,1.0,1.0,0.2498315363881401,0.7501684636118598,0.7804364975019721,2.7435266776712157,0.0594587999948998,0.0001553185557065,0.0001934642733038
stable-local-fallback,this-work,user-certified,primary,3,5a1a0d9face92aec0a0f641341aa62346ee1398565778501f38bf6cc267e64e8,0.0,1,6,1.0,0.5,0.5,0.5,0.5,0.5,0.508,-0.9,-0.9000000000000004,-0.9000000000000001,-0.9000000000000001,-0.8999999999999999,1.0,1.0,plan-c,1.0,1.0,0.0,1.0,1.0,0.7050961059273406,0.0528707000048598,0.0001985960963886,0.0002026367481265
handle-only-drop-residual,this-work,user-certified,primary,3,5a1a0d9face92aec0a0f641341aa62346ee1398565778501f38bf6cc267e64e8,1.0,1,6,1.0,0.5,0.5,0.5,0.5,0.5,0.508,-0.9,-0.9000000000000004,-0.9000000000000001,-0.9000000000000001,-0.8999999999999999,1.0,1.0,plan-c,1.0,0.248342175066313,0.248342175066313,0.0,0.171,2.614602755717951,0.0756445000006351,0.0001806201120965,0.0001881488976382
unitscope-equal,this-work,user-certified,primary,3,5a1a0d9face92aec0a0f641341aa62346ee1398565778501f38bf6cc267e64e8,0.1428571428571428,1,6,1.0,0.5,0.5,0.5,0.5,0.5,0.508,-0.9,-0.9000000000000004,-0.9000000000000001,-0.9000000000000001,-0.8999999999999999,1.0,1.0,plan-c,1.0,1.0,0.248342175066313,0.751657824933687,1.0,1.0284655261866489,0.0613574000017251,0.0001761617300703,0.0001819984614313
unitscope-tuned,this-work,user-certified,primary,3,5a1a0d9face92aec0a0f641341aa62346ee1398565778501f38bf6cc267e64e8,0.9,1,6,1.0,0.5,0.5,0.5,0.5,0.5,0.508,-0.9,-0.9000000000000004,-0.9000000000000001,-0.9000000000000001,-0.8999999999999999,1.0,1.0,plan-c,1.0,1.0,0.248342175066313,0.751657824933687,0.7843953185955787,2.52271300940505,0.0614891000004718,0.0001692135437748,0.0001771300483523
naive-recalibrated-2c,this-work,user-certified,primary,3,5a1a0d9face92aec0a0f641341aa62346ee1398565778501f38bf6cc267e64e8,,1,6,1.0,0.5,0.5,0.5,0.5,0.5,0.508,-0.9,-0.9000000000000004,-0.9000000000000001,-0.9000000000000001,-0.8999999999999999,2.0,2.0,plan-delta,2.0,1.0,0.248342175066313,0.751657824933687,0.7843953185955787,1.459207258981604,0.0666928999999072,0.0001216773546201,0.0001695931035315
full-identity-reference,oracle,oracle-assumption,full-identity-reference,3,5a1a0d9face92aec0a0f641341aa62346ee1398565778501f38bf6cc267e64e8,,1,6,1.0,0.5,0.5,0.5,0.5,0.5,0.508,-0.9,-0.9000000000000004,-0.9000000000000001,-0.9000000000000001,-0.8999999999999999,1.0,1.0,plan-c,1.0,1.0,0.0,0.0,0.492,4.429773747791029,0.3499066000076709,0.0,1.4295995470253785e-05
non-private-reference,oracle,non-private,diagnostic,3,5a1a0d9face92aec0a0f641341aa62346ee1398565778501f38bf6cc267e64e8,,1,6,1.0,0.5,0.5,0.5,0.5,0.5,0.508,-0.9,-0.9000000000000004,-0.9000000000000001,-0.9000000000000001,-0.8999999999999999,,,non-private,0.0,1.0,0.0,0.0,0.0,inf,0.0511879999976372,7.887719572790727e-06,7.887719572790727e-06
naive-claimed-c,this-work,unsafe-diagnostic,diagnostic,3,5a1a0d9face92aec0a0f641341aa62346ee1398565778501f38bf6cc267e64e8,,1,6,1.0,0.5,0.5,0.5,0.5,0.5,0.508,-0.9,-0.9000000000000004,-0.9000000000000001,-0.9000000000000001,-0.8999999999999999,,2.0,unsafe-diagnostic,1.0,1.0,0.248342175066313,0.751657824933687,0.7843953185955787,2.918414517963208,0.0809821000002557,0.0001216773546201,0.0001313392336055
stable-local-fallback,this-work,user-certified,primary,4,5a1a0d9face92aec0a0f641341aa62346ee1398565778501f38bf6cc267e64e8,0.0,1,6,1.0,0.5,0.5,0.5,0.5,0.5,0.502,-0.9,-0.9000000000000001,-0.9000000000000001,-0.9000000000000001,-0.8999999999999999,1.0,1.0,plan-c,1.0,1.0,0.0,1.0,1.0,0.7146678014478992,0.0602928000007523,0.0002141112207767,0.000210740432692
handle-only-drop-residual,this-work,user-certified,primary,4,5a1a0d9face92aec0a0f641341aa62346ee1398565778501f38bf6cc267e64e8,1.0,1,6,1.0,0.5,0.5,0.5,0.5,0.5,0.502,-0.9,-0.9000000000000001,-0.9000000000000001,-0.9000000000000001,-0.8999999999999999,1.0,1.0,plan-c,1.0,0.2470039946737683,0.2470039946737683,0.0,0.158,2.5312096038571807,0.0599303000053623,0.0002073047500283,0.0002118473857797
unitscope-equal,this-work,user-certified,primary,4,5a1a0d9face92aec0a0f641341aa62346ee1398565778501f38bf6cc267e64e8,0.1428571428571428,1,6,1.0,0.5,0.5,0.5,0.5,0.5,0.502,-0.9,-0.9000000000000001,-0.9000000000000001,-0.9000000000000001,-0.8999999999999999,1.0,1.0,plan-c,1.0,1.0,0.2470039946737683,0.7529960053262317,1.0,0.9769933058580568,0.061934299999848,0.0001939469738929,0.0001946667060924
unitscope-tuned,this-work,user-certified,primary,4,5a1a0d9face92aec0a0f641341aa62346ee1398565778501f38bf6cc267e64e8,0.9,1,6,1.0,0.5,0.5,0.5,0.5,0.5,0.502,-0.9,-0.9000000000000001,-0.9000000000000001,-0.9000000000000001,-0.8999999999999999,1.0,1.0,plan-c,1.0,1.0,0.2470039946737683,0.7529960053262317,0.781071242849714,2.441941568605471,0.0820410000014817,0.0001946310425048,0.000199613621501
naive-recalibrated-2c,this-work,user-certified,primary,4,5a1a0d9face92aec0a0f641341aa62346ee1398565778501f38bf6cc267e64e8,,1,6,1.0,0.5,0.5,0.5,0.5,0.5,0.502,-0.9,-0.9000000000000001,-0.9000000000000001,-0.9000000000000001,-0.8999999999999999,2.0,2.0,plan-delta,2.0,1.0,0.2470039946737683,0.7529960053262317,0.781071242849714,1.414615578279219,0.0634227999980794,0.0001397488967174,0.0001879092475807
full-identity-reference,oracle,oracle-assumption,full-identity-reference,4,5a1a0d9face92aec0a0f641341aa62346ee1398565778501f38bf6cc267e64e8,,1,6,1.0,0.5,0.5,0.5,0.5,0.5,0.502,-0.9,-0.9000000000000001,-0.9000000000000001,-0.9000000000000001,-0.8999999999999999,1.0,1.0,plan-c,1.0,1.0,0.0,0.0,0.498,4.406583363971453,0.3526719000074081,0.0,1.568847969346736e-05
non-private-reference,oracle,non-private,diagnostic,4,5a1a0d9face92aec0a0f641341aa62346ee1398565778501f38bf6cc267e64e8,,1,6,1.0,0.5,0.5,0.5,0.5,0.5,0.502,-0.9,-0.9000000000000001,-0.9000000000000001,-0.9000000000000001,-0.8999999999999999,,,non-private,0.0,1.0,0.0,0.0,0.0,inf,0.049807100003818,1.0537361302677552e-05,1.0537361302677552e-05
naive-claimed-c,this-work,unsafe-diagnostic,diagnostic,4,5a1a0d9face92aec0a0f641341aa62346ee1398565778501f38bf6cc267e64e8,,1,6,1.0,0.5,0.5,0.5,0.5,0.5,0.502,-0.9,-0.9000000000000001,-0.9000000000000001,-0.9000000000000001,-0.8999999999999999,,2.0,unsafe-diagnostic,1.0,1.0,0.2470039946737683,0.7529960053262317,0.781071242849714,2.829231156558438,0.0668759999971371,0.0001397488967174,0.0001481405924556
stable-local-fallback,this-work,user-certified,primary,5,5a1a0d9face92aec0a0f641341aa62346ee1398565778501f38bf6cc267e64e8,0.0,1,6,1.0,0.5,0.5,0.5,0.5,0.5,0.5045,-0.9,-0.9000000000000002,-0.9000000000000001,-0.9000000000000001,-0.8999999999999999,1.0,1.0,plan-c,1.0,1.0,0.0,1.0,1.0,0.6089912968355456,0.0510002000082749,0.0002139666060941,0.0002104764093818
handle-only-drop-residual,this-work,user-certified,primary,5,5a1a0d9face92aec0a0f641341aa62346ee1398565778501f38bf6cc267e64e8,1.0,1,6,1.0,0.5,0.5,0.5,0.5,0.5,0.5045,-0.9,-0.9000000000000002,-0.9000000000000001,-0.9000000000000001,-0.8999999999999999,1.0,1.0,plan-c,1.0,0.2497507477567298,0.2497507477567298,0.0,0.171,2.172704529903186,0.058543200007989,0.0001797746789044,0.000171601609741
unitscope-equal,this-work,user-certified,primary,5,5a1a0d9face92aec0a0f641341aa62346ee1398565778501f38bf6cc267e64e8,0.1428571428571428,1,6,1.0,0.5,0.5,0.5,0.5,0.5,0.5045,-0.9,-0.9000000000000002,-0.9000000000000001,-0.9000000000000001,-0.8999999999999999,1.0,1.0,plan-c,1.0,1.0,0.2497507477567298,0.7502492522432702,1.0,0.9425335681901852,0.0624340000067604,0.000181569358584,0.0001789434170332
unitscope-tuned,this-work,user-certified,primary,5,5a1a0d9face92aec0a0f641341aa62346ee1398565778501f38bf6cc267e64e8,0.9,1,6,1.0,0.5,0.5,0.5,0.5,0.5,0.5045,-0.9,-0.9000000000000002,-0.9000000000000001,-0.9000000000000001,-0.8999999999999999,1.0,1.0,plan-c,1.0,1.0,0.2497507477567298,0.7502492522432702,0.7840020844189682,2.1092208504883527,0.0666885999962687,0.0001688889840125,0.000161086108055
naive-recalibrated-2c,this-work,user-certified,primary,5,5a1a0d9face92aec0a0f641341aa62346ee1398565778501f38bf6cc267e64e8,,1,6,1.0,0.5,0.5,0.5,0.5,0.5,0.5045,-0.9,-0.9000000000000002,-0.9000000000000001,-0.9000000000000001,-0.8999999999999999,2.0,2.0,plan-delta,2.0,1.0,0.2497507477567298,0.7502492522432702,0.7840020844189682,1.2371517802326448,0.0826049000024795,0.0001189227158331,0.000151663645057
full-identity-reference,oracle,oracle-assumption,full-identity-reference,5,5a1a0d9face92aec0a0f641341aa62346ee1398565778501f38bf6cc267e64e8,,1,6,1.0,0.5,0.5,0.5,0.5,0.5,0.5045,-0.9,-0.9000000000000002,-0.9000000000000001,-0.9000000000000001,-0.8999999999999999,1.0,1.0,plan-c,1.0,1.0,0.0,0.0,0.4955,3.8202736264399024,0.3455517999973381,0.0,2.072019138122691e-05
non-private-reference,oracle,non-private,diagnostic,5,5a1a0d9face92aec0a0f641341aa62346ee1398565778501f38bf6cc267e64e8,,1,6,1.0,0.5,0.5,0.5,0.5,0.5,0.5045,-0.9,-0.9000000000000002,-0.9000000000000001,-0.9000000000000001,-0.8999999999999999,,,non-private,0.0,1.0,0.0,0.0,0.0,inf,0.0489582000009249,8.711941169206713e-06,8.711941169206713e-06
naive-claimed-c,this-work,unsafe-diagnostic,diagnostic,5,5a1a0d9face92aec0a0f641341aa62346ee1398565778501f38bf6cc267e64e8,,1,6,1.0,0.5,0.5,0.5,0.5,0.5,0.5045,-0.9,-0.9000000000000002,-0.9000000000000001,-0.9000000000000001,-0.8999999999999999,,2.0,unsafe-diagnostic,1.0,1.0,0.2497507477567298,0.7502492522432702,0.7840020844189682,2.4743035604652897,0.0614123000123072,0.0001189227158331,0.0001145729890638
stable-local-fallback,this-work,user-certified,primary,6,5a1a0d9face92aec0a0f641341aa62346ee1398565778501f38bf6cc267e64e8,0.0,1,6,1.0,0.5,0.5,0.5,0.5,0.5,0.509,-0.9,-0.9000000000000002,-0.9000000000000001,-0.9000000000000001,-0.8999999999999999,1.0,1.0,plan-c,1.0,1.0,0.0,1.0,1.0,0.8056516586821371,0.0513704000040888,0.0002271992682883,0.0002147873825951
handle-only-drop-residual,this-work,user-certified,primary,6,5a1a0d9face92aec0a0f641341aa62346ee1398565778501f38bf6cc267e64e8,1.0,1,6,1.0,0.5,0.5,0.5,0.5,0.5,0.509,-0.9,-0.9000000000000002,-0.9000000000000001,-0.9000000000000001,-0.8999999999999999,1.0,1.0,plan-c,1.0,0.25,0.25,0.0,0.171,2.388877077224348,0.0585073999973246,0.0002410968446275,0.0002423429251395
unitscope-equal,this-work,user-certified,primary,6,5a1a0d9face92aec0a0f641341aa62346ee1398565778501f38bf6cc267e64e8,0.1428571428571428,1,6,1.0,0.5,0.5,0.5,0.5,0.5,0.509,-0.9,-0.9000000000000002,-0.9000000000000001,-0.9000000000000001,-0.8999999999999999,1.0,1.0,plan-c,1.0,1.0,0.25,0.75,1.0,1.075756595449969,0.0647594000038225,0.0002091842682921,0.0001979780010313
unitscope-tuned,this-work,user-certified,primary,6,5a1a0d9face92aec0a0f641341aa62346ee1398565778501f38bf6cc267e64e8,0.9,1,6,1.0,0.5,0.5,0.5,0.5,0.5,0.509,-0.9,-0.9000000000000002,-0.9000000000000001,-0.9000000000000001,-0.8999999999999999,1.0,1.0,plan-c,1.0,1.0,0.25,0.75,0.7845074083701585,2.303535502235452,0.0648369999980786,0.000226153485009,0.0002268979106202
naive-recalibrated-2c,this-work,user-certified,primary,6,5a1a0d9face92aec0a0f641341aa62346ee1398565778501f38bf6cc267e64e8,,1,6,1.0,0.5,0.5,0.5,0.5,0.5,0.509,-0.9,-0.9000000000000002,-0.9000000000000001,-0.9000000000000001,-0.8999999999999999,2.0,2.0,plan-delta,2.0,1.0,0.25,0.75,0.7845074083701585,1.3659466586725035,0.0632922999939182,0.000161057801324,0.0001962370097269
full-identity-reference,oracle,oracle-assumption,full-identity-reference,6,5a1a0d9face92aec0a0f641341aa62346ee1398565778501f38bf6cc267e64e8,,1,6,1.0,0.5,0.5,0.5,0.5,0.5,0.509,-0.9,-0.9000000000000002,-0.9000000000000001,-0.9000000000000001,-0.8999999999999999,1.0,1.0,plan-c,1.0,1.0,0.0,0.0,0.491,5.007544947809914,0.3579219000093872,0.0,1.2850918528840272e-05
non-private-reference,oracle,non-private,diagnostic,6,5a1a0d9face92aec0a0f641341aa62346ee1398565778501f38bf6cc267e64e8,,1,6,1.0,0.5,0.5,0.5,0.5,0.5,0.509,-0.9,-0.9000000000000002,-0.9000000000000001,-0.9000000000000001,-0.8999999999999999,,,non-private,0.0,1.0,0.0,0.0,0.0,inf,0.0483217000000877,1.0277714121627626e-05,1.0277714121627626e-05
naive-claimed-c,this-work,unsafe-diagnostic,diagnostic,6,5a1a0d9face92aec0a0f641341aa62346ee1398565778501f38bf6cc267e64e8,,1,6,1.0,0.5,0.5,0.5,0.5,0.5,0.509,-0.9,-0.9000000000000002,-0.9000000000000001,-0.9000000000000001,-0.8999999999999999,,2.0,unsafe-diagnostic,1.0,1.0,0.25,0.75,0.7845074083701585,2.731893317345007,0.0625256000057561,0.000161057801324,0.0001657964869966
stable-local-fallback,this-work,user-certified,primary,7,5a1a0d9face92aec0a0f641341aa62346ee1398565778501f38bf6cc267e64e8,0.0,1,6,1.0,0.5,0.5,0.5,0.5,0.5,0.486,-0.9,-0.9000000000000001,-0.9000000000000002,-0.9000000000000001,-0.8999999999999999,1.0,1.0,plan-c,1.0,1.0,0.0,1.0,1.0,0.6673649659772528,0.0667569999932311,0.0001753766093662,0.0001711594768394
handle-only-drop-residual,this-work,user-certified,primary,7,5a1a0d9face92aec0a0f641341aa62346ee1398565778501f38bf6cc267e64e8,1.0,1,6,1.0,0.5,0.5,0.5,0.5,0.5,0.486,-0.9,-0.9000000000000001,-0.9000000000000002,-0.9000000000000001,-0.8999999999999999,1.0,1.0,plan-c,1.0,0.2489905787348587,0.2489905787348587,0.0,0.159,2.33989292530921,0.0583322000020416,0.0002008280128428,0.0001921698225633
unitscope-equal,this-work,user-certified,primary,7,5a1a0d9face92aec0a0f641341aa62346ee1398565778501f38bf6cc267e64e8,0.1428571428571428,1,6,1.0,0.5,0.5,0.5,0.5,0.5,0.486,-0.9,-0.9000000000000001,-0.9000000000000002,-0.9000000000000001,-0.8999999999999999,1.0,1.0,plan-c,1.0,1.0,0.2489905787348587,0.7510094212651414,1.0,0.936705796464013,0.0603418999962741,0.0001582332097558,0.0001539755536724
unitscope-tuned,this-work,user-certified,primary,7,5a1a0d9face92aec0a0f641341aa62346ee1398565778501f38bf6cc267e64e8,0.9,1,6,1.0,0.5,0.5,0.5,0.5,0.5,0.486,-0.9,-0.9000000000000001,-0.9000000000000002,-0.9000000000000001,-0.8999999999999999,1.0,1.0,plan-c,1.0,1.0,0.2489905787348587,0.7510094212651414,0.7794387621295568,2.252915719523022,0.062236900004791,0.0001860177081813,0.0001784300373569
naive-recalibrated-2c,this-work,user-certified,primary,7,5a1a0d9face92aec0a0f641341aa62346ee1398565778501f38bf6cc267e64e8,,1,6,1.0,0.5,0.5,0.5,0.5,0.5,0.486,-0.9,-0.9000000000000001,-0.9000000000000002,-0.9000000000000001,-0.8999999999999999,2.0,2.0,plan-delta,2.0,1.0,0.2489905787348587,0.7510094212651414,0.7794387621295568,1.2786002113384682,0.0622601000068243,0.000134896493605,0.0001562462505091
full-identity-reference,oracle,oracle-assumption,full-identity-reference,7,5a1a0d9face92aec0a0f641341aa62346ee1398565778501f38bf6cc267e64e8,,1,6,1.0,0.5,0.5,0.5,0.5,0.5,0.486,-0.9,-0.9000000000000001,-0.9000000000000002,-0.9000000000000001,-0.8999999999999999,1.0,1.0,plan-c,1.0,1.0,0.0,0.0,0.514,4.139420899117204,0.348423500006902,0.0,1.4522739286817308e-05
non-private-reference,oracle,non-private,diagnostic,7,5a1a0d9face92aec0a0f641341aa62346ee1398565778501f38bf6cc267e64e8,,1,6,1.0,0.5,0.5,0.5,0.5,0.5,0.486,-0.9,-0.9000000000000001,-0.9000000000000002,-0.9000000000000001,-0.8999999999999999,,,non-private,0.0,1.0,0.0,0.0,0.0,inf,0.0626154000055976,8.61192651333319e-06,8.61192651333319e-06
naive-claimed-c,this-work,unsafe-diagnostic,diagnostic,7,5a1a0d9face92aec0a0f641341aa62346ee1398565778501f38bf6cc267e64e8,,1,6,1.0,0.5,0.5,0.5,0.5,0.5,0.486,-0.9,-0.9000000000000001,-0.9000000000000002,-0.9000000000000001,-0.8999999999999999,,2.0,unsafe-diagnostic,1.0,1.0,0.2489905787348587,0.7510094212651414,0.7794387621295568,2.5572004226769365,0.0629007999959867,0.000134896493605,0.0001310486327702
stable-local-fallback,this-work,user-certified,primary,8,5a1a0d9face92aec0a0f641341aa62346ee1398565778501f38bf6cc267e64e8,0.0,1,6,1.0,0.5,0.5,0.5,0.5,0.5,0.4875,-0.9,-0.9000000000000002,-0.9000000000000001,-0.9000000000000001,-0.8999999999999999,1.0,1.0,plan-c,1.0,1.0,0.0,1.0,1.0,0.70740862337,0.0516483999963384,0.0002443127206381,0.0002932012082954
handle-only-drop-residual,this-work,user-certified,primary,8,5a1a0d9face92aec0a0f641341aa62346ee1398565778501f38bf6cc267e64e8,1.0,1,6,1.0,0.5,0.5,0.5,0.5,0.5,0.4875,-0.9,-0.9000000000000002,-0.9000000000000001,-0.9000000000000001,-0.8999999999999999,1.0,1.0,plan-c,1.0,0.2510924369747899,0.2510924369747899,0.0,0.139,2.081113865470906,0.0599526999867521,0.0003161066678387,0.0003601490882329
unitscope-equal,this-work,user-certified,primary,8,5a1a0d9face92aec0a0f641341aa62346ee1398565778501f38bf6cc267e64e8,0.1428571428571428,1,6,1.0,0.5,0.5,0.5,0.5,0.5,0.4875,-0.9,-0.9000000000000002,-0.9000000000000001,-0.9000000000000001,-0.8999999999999999,1.0,1.0,plan-c,1.0,1.0,0.2510924369747899,0.7489075630252101,1.0,0.9700963129740018,0.0765508000040426,0.0002234465676276,0.0002689238445682
unitscope-tuned,this-work,user-certified,primary,8,5a1a0d9face92aec0a0f641341aa62346ee1398565778501f38bf6cc267e64e8,0.9,1,6,1.0,0.5,0.5,0.5,0.5,0.5,0.4875,-0.9,-0.9000000000000002,-0.9000000000000001,-0.9000000000000001,-0.8999999999999999,1.0,1.0,plan-c,1.0,1.0,0.2510924369747899,0.7489075630252101,0.7755474452554745,2.0227400993312417,0.060977000001003,0.0002968735572318,0.0003401856762305
naive-recalibrated-2c,this-work,user-certified,primary,8,5a1a0d9face92aec0a0f641341aa62346ee1398565778501f38bf6cc267e64e8,,1,6,1.0,0.5,0.5,0.5,0.5,0.5,0.4875,-0.9,-0.9000000000000002,-0.9000000000000001,-0.9000000000000001,-0.8999999999999999,2.0,2.0,plan-delta,2.0,1.0,0.2510924369747899,0.7489075630252101,0.7755474452554745,1.1591674179848082,0.0620709000068018,0.0002185310576946,0.0003301810526791
full-identity-reference,oracle,oracle-assumption,full-identity-reference,8,5a1a0d9face92aec0a0f641341aa62346ee1398565778501f38bf6cc267e64e8,,1,6,1.0,0.5,0.5,0.5,0.5,0.5,0.4875,-0.9,-0.9000000000000002,-0.9000000000000001,-0.9000000000000001,-0.8999999999999999,1.0,1.0,plan-c,1.0,1.0,0.0,0.0,0.5125,4.423228776295361,0.341809599995031,0.0,1.7675969185463054e-05
non-private-reference,oracle,non-private,diagnostic,8,5a1a0d9face92aec0a0f641341aa62346ee1398565778501f38bf6cc267e64e8,,1,6,1.0,0.5,0.5,0.5,0.5,0.5,0.4875,-0.9,-0.9000000000000002,-0.9000000000000001,-0.9000000000000001,-0.8999999999999999,,,non-private,0.0,1.0,0.0,0.0,0.0,inf,0.0475463999900966,9.773197954811966e-06,9.773197954811966e-06
naive-claimed-c,this-work,unsafe-diagnostic,diagnostic,8,5a1a0d9face92aec0a0f641341aa62346ee1398565778501f38bf6cc267e64e8,,1,6,1.0,0.5,0.5,0.5,0.5,0.5,0.4875,-0.9,-0.9000000000000002,-0.9000000000000001,-0.9000000000000001,-0.8999999999999999,,2.0,unsafe-diagnostic,1.0,1.0,0.2510924369747899,0.7489075630252101,0.7755474452554745,2.3183348359696163,0.0768910999904619,0.0002185310576946,0.0002566800860014
stable-local-fallback,this-work,user-certified,primary,9,5a1a0d9face92aec0a0f641341aa62346ee1398565778501f38bf6cc267e64e8,0.0,1,6,1.0,0.5,0.5,0.5,0.5,0.5,0.506,-0.9,-0.9000000000000001,-0.9000000000000001,-0.9000000000000001,-0.8999999999999999,1.0,1.0,plan-c,1.0,1.0,0.0,1.0,1.0,0.8622896716045529,0.0514250999985961,0.0002700390665074,0.000300292235828
handle-only-drop-residual,this-work,user-certified,primary,9,5a1a0d9face92aec0a0f641341aa62346ee1398565778501f38bf6cc267e64e8,1.0,1,6,1.0,0.5,0.5,0.5,0.5,0.5,0.506,-0.9,-0.9000000000000001,-0.9000000000000001,-0.9000000000000001,-0.8999999999999999,1.0,1.0,plan-c,1.0,0.2481739707835325,0.2481739707835325,0.0,0.157,2.95917343755417,0.0587192999955732,0.0002619858885559,0.0002871222695008
unitscope-equal,this-work,user-certified,primary,9,5a1a0d9face92aec0a0f641341aa62346ee1398565778501f38bf6cc267e64e8,0.1428571428571428,1,6,1.0,0.5,0.5,0.5,0.5,0.5,0.506,-0.9,-0.9000000000000001,-0.9000000000000001,-0.9000000000000001,-0.8999999999999999,1.0,1.0,plan-c,1.0,1.0,0.2481739707835325,0.7518260292164675,1.0,1.217179597171531,0.0604843999899458,0.0002370977145532,0.0002667376123627
unitscope-tuned,this-work,user-certified,primary,9,5a1a0d9face92aec0a0f641341aa62346ee1398565778501f38bf6cc267e64e8,0.9,1,6,1.0,0.5,0.5,0.5,0.5,0.5,0.506,-0.9,-0.9000000000000001,-0.9000000000000001,-0.9000000000000001,-0.8999999999999999,1.0,1.0,plan-c,1.0,1.0,0.2481739707835325,0.7518260292164675,0.7813229571984436,2.838703172240574,0.0803907999943476,0.0002428537583333,0.0002684066872067
naive-recalibrated-2c,this-work,user-certified,primary,9,5a1a0d9face92aec0a0f641341aa62346ee1398565778501f38bf6cc267e64e8,,1,6,1.0,0.5,0.5,0.5,0.5,0.5,0.506,-0.9,-0.9000000000000001,-0.9000000000000001,-0.9000000000000001,-0.8999999999999999,2.0,2.0,plan-delta,2.0,1.0,0.2481739707835325,0.7518260292164675,0.7813229571984436,1.6556245995629084,0.0613833999959751,0.0001721163577698,0.0002447580579458
full-identity-reference,oracle,oracle-assumption,full-identity-reference,9,5a1a0d9face92aec0a0f641341aa62346ee1398565778501f38bf6cc267e64e8,,1,6,1.0,0.5,0.5,0.5,0.5,0.5,0.506,-0.9,-0.9000000000000001,-0.9000000000000001,-0.9000000000000001,-0.8999999999999999,1.0,1.0,plan-c,1.0,1.0,0.0,0.0,0.494,5.378413301974939,0.3409868999879109,0.0,1.3227335642052286e-05
non-private-reference,oracle,non-private,diagnostic,9,5a1a0d9face92aec0a0f641341aa62346ee1398565778501f38bf6cc267e64e8,,1,6,1.0,0.5,0.5,0.5,0.5,0.5,0.506,-0.9,-0.9000000000000001,-0.9000000000000001,-0.9000000000000001,-0.8999999999999999,,,non-private,0.0,1.0,0.0,0.0,0.0,inf,0.0471242999919923,1.1004814177123736e-05,1.1004814177123736e-05
naive-claimed-c,this-work,unsafe-diagnostic,diagnostic,9,5a1a0d9face92aec0a0f641341aa62346ee1398565778501f38bf6cc267e64e8,,1,6,1.0,0.5,0.5,0.5,0.5,0.5,0.506,-0.9,-0.9000000000000001,-0.9000000000000001,-0.9000000000000001,-0.8999999999999999,,2.0,unsafe-diagnostic,1.0,1.0,0.2481739707835325,0.7518260292164675,0.7813229571984436,3.311249199125817,0.0640299999940907,0.0001721163577698,0.0001952098722157
stable-local-fallback,this-work,user-certified,primary,0,93c520cd7e498c8db2c59c43bfe745e28e8103590125d2671272306cbecb1e2f,0.0,1,6,1.0,0.5,0.5,0.5,0.5,0.5,0.499,-0.9,-0.9000000000000001,-0.9000000000000001,-0.9000000000000001,-0.8999999999999999,1.0,1.0,plan-c,1.0,1.0,0.0,1.0,1.0,0.6757877894230436,0.0511508999916259,0.0002477644874864,0.0002607007223644
handle-only-drop-residual,this-work,user-certified,primary,0,93c520cd7e498c8db2c59c43bfe745e28e8103590125d2671272306cbecb1e2f,1.0,1,6,1.0,0.5,0.5,0.5,0.5,0.5,0.499,-0.9,-0.9000000000000001,-0.9000000000000001,-0.9000000000000001,-0.8999999999999999,1.0,1.0,plan-c,1.0,0.2483322214809873,0.2483322214809873,0.0,0.157,2.13321114138306,0.058774799996172,0.0002668521475403,0.000288601320314
unitscope-equal,this-work,user-certified,primary,0,93c520cd7e498c8db2c59c43bfe745e28e8103590125d2671272306cbecb1e2f,0.1428571428571428,1,6,1.0,0.5,0.5,0.5,0.5,0.5,0.499,-0.9,-0.9000000000000001,-0.9000000000000001,-0.9000000000000001,-0.8999999999999999,1.0,1.0,plan-c,1.0,1.0,0.2483322214809873,0.7516677785190127,1.0,1.0117150486576512,0.0608709000080125,0.0002094368609105,0.0002230543752492
unitscope-tuned,this-work,user-certified,primary,0,93c520cd7e498c8db2c59c43bfe745e28e8103590125d2671272306cbecb1e2f,1.0,1,6,1.0,0.5,0.5,0.5,0.5,0.5,0.499,-0.9,-0.9000000000000001,-0.9000000000000001,-0.9000000000000001,-0.8999999999999999,1.0,1.0,plan-c,1.0,0.2483322214809873,0.2483322214809873,0.0,0.157,2.13321114138306,0.059963499996229,0.0002668521475403,0.000288601320314
naive-recalibrated-2c,this-work,user-certified,primary,0,93c520cd7e498c8db2c59c43bfe745e28e8103590125d2671272306cbecb1e2f,,1,6,1.0,0.5,0.5,0.5,0.5,0.5,0.499,-0.9,-0.9000000000000001,-0.9000000000000001,-0.9000000000000001,-0.8999999999999999,2.0,2.0,plan-delta,2.0,1.0,0.2483322214809873,0.7516677785190127,0.7805259047123145,1.2140971274181849,0.0791778000129852,0.0001736592668315,0.000259237964416
full-identity-reference,oracle,oracle-assumption,full-identity-reference,0,93c520cd7e498c8db2c59c43bfe745e28e8103590125d2671272306cbecb1e2f,,1,6,1.0,0.5,0.5,0.5,0.5,0.5,0.499,-0.9,-0.9000000000000001,-0.9000000000000001,-0.9000000000000001,-0.8999999999999999,1.0,1.0,plan-c,1.0,1.0,0.0,0.0,0.501,4.200305670656881,0.3458155999978771,0.0,1.992534756221455e-05
non-private-reference,oracle,non-private,diagnostic,0,93c520cd7e498c8db2c59c43bfe745e28e8103590125d2671272306cbecb1e2f,,1,6,1.0,0.5,0.5,0.5,0.5,0.5,0.499,-0.9,-0.9000000000000001,-0.9000000000000001,-0.9000000000000001,-0.8999999999999999,,,non-private,0.0,1.0,0.0,0.0,0.0,inf,0.0515326000022469,1.0601839338403172e-05,1.0601839338403172e-05
naive-claimed-c,this-work,unsafe-diagnostic,diagnostic,0,93c520cd7e498c8db2c59c43bfe745e28e8103590125d2671272306cbecb1e2f,,1,6,1.0,0.5,0.5,0.5,0.5,0.5,0.499,-0.9,-0.9000000000000001,-0.9000000000000001,-0.9000000000000001,-0.8999999999999999,,2.0,unsafe-diagnostic,1.0,1.0,0.2483322214809873,0.7516677785190127,0.7805259047123145,2.4281942548363697,0.0608474000036949,0.0001736592668315,0.0001965232680616
stable-local-fallback,this-work,user-certified,primary,1,93c520cd7e498c8db2c59c43bfe745e28e8103590125d2671272306cbecb1e2f,0.0,1,6,1.0,0.5,0.5,0.5,0.5,0.5,0.4995,-0.9,-0.9000000000000001,-0.9000000000000001,-0.9000000000000001,-0.8999999999999999,1.0,1.0,plan-c,1.0,1.0,0.0,1.0,1.0,0.7778436826179813,0.0626355999993393,0.0002367675073307,0.0002682490709432
handle-only-drop-residual,this-work,user-certified,primary,1,93c520cd7e498c8db2c59c43bfe745e28e8103590125d2671272306cbecb1e2f,1.0,1,6,1.0,0.5,0.5,0.5,0.5,0.5,0.4995,-0.9,-0.9000000000000001,-0.9000000000000001,-0.9000000000000001,-0.8999999999999999,1.0,1.0,plan-c,1.0,0.2504168056018673,0.2504168056018673,0.0,0.178,2.6641411218966917,0.075292299996363,0.0001957888563194,0.0002247010905176
unitscope-equal,this-work,user-certified,primary,1,93c520cd7e498c8db2c59c43bfe745e28e8103590125d2671272306cbecb1e2f,0.1428571428571428,1,6,1.0,0.5,0.5,0.5,0.5,0.5,0.4995,-0.9,-0.9000000000000001,-0.9000000000000001,-0.9000000000000001,-0.8999999999999999,1.0,1.0,plan-c,1.0,1.0,0.2504168056018673,0.7495831943981327,1.0,1.0742832461703866,0.0769298000086564,0.000212853508404,0.0002444087532097
unitscope-tuned,this-work,user-certified,primary,1,93c520cd7e498c8db2c59c43bfe745e28e8103590125d2671272306cbecb1e2f,1.0,1,6,1.0,0.5,0.5,0.5,0.5,0.5,0.4995,-0.9,-0.9000000000000001,-0.9000000000000001,-0.9000000000000001,-0.8999999999999999,1.0,1.0,plan-c,1.0,0.2504168056018673,0.2504168056018673,0.0,0.178,2.6641411218966917,0.06134590000147,0.0001957888563194,0.0002247010905176
naive-recalibrated-2c,this-work,user-certified,primary,1,93c520cd7e498c8db2c59c43bfe745e28e8103590125d2671272306cbecb1e2f,,1,6,1.0,0.5,0.5,0.5,0.5,0.5,0.4995,-0.9,-0.9000000000000001,-0.9000000000000001,-0.9000000000000001,-0.8999999999999999,2.0,2.0,plan-delta,2.0,1.0,0.2504168056018673,0.7495831943981327,0.7848730698769956,1.51945862934414,0.0615188000083435,0.0001290284442214,0.0002104129265794
full-identity-reference,oracle,oracle-assumption,full-identity-reference,1,93c520cd7e498c8db2c59c43bfe745e28e8103590125d2671272306cbecb1e2f,,1,6,1.0,0.5,0.5,0.5,0.5,0.5,0.4995,-0.9,-0.9000000000000001,-0.9000000000000001,-0.9000000000000001,-0.8999999999999999,1.0,1.0,plan-c,1.0,1.0,0.0,0.0,0.5005,4.804208761601427,0.3615616000024602,0.0,1.4585911827834765e-05
non-private-reference,oracle,non-private,diagnostic,1,93c520cd7e498c8db2c59c43bfe745e28e8103590125d2671272306cbecb1e2f,,1,6,1.0,0.5,0.5,0.5,0.5,0.5,0.4995,-0.9,-0.9000000000000001,-0.9000000000000001,-0.9000000000000001,-0.8999999999999999,,,non-private,0.0,1.0,0.0,0.0,0.0,inf,0.0485550000012153,1.1453466996716722e-05,1.1453466996716722e-05
naive-claimed-c,this-work,unsafe-diagnostic,diagnostic,1,93c520cd7e498c8db2c59c43bfe745e28e8103590125d2671272306cbecb1e2f,,1,6,1.0,0.5,0.5,0.5,0.5,0.5,0.4995,-0.9,-0.9000000000000001,-0.9000000000000001,-0.9000000000000001,-0.8999999999999999,,2.0,unsafe-diagnostic,1.0,1.0,0.2504168056018673,0.7495831943981327,0.7848730698769956,3.03891725868828,0.0631051999953342,0.0001290284442214,0.0001551347735726
stable-local-fallback,this-work,user-certified,primary,2,93c520cd7e498c8db2c59c43bfe745e28e8103590125d2671272306cbecb1e2f,0.0,1,6,1.0,0.5,0.5,0.5,0.5,0.5,0.484,-0.9,-0.9000000000000002,-0.9000000000000001,-0.9000000000000001,-0.8999999999999999,1.0,1.0,plan-c,1.0,1.0,0.0,1.0,1.0,0.7612380472731914,0.0505178999883355,0.0002503055181106,0.0002877044798026
handle-only-drop-residual,this-work,user-certified,primary,2,93c520cd7e498c8db2c59c43bfe745e28e8103590125d2671272306cbecb1e2f,1.0,1,6,1.0,0.5,0.5,0.5,0.5,0.5,0.484,-0.9,-0.9000000000000002,-0.9000000000000001,-0.9000000000000001,-0.8999999999999999,1.0,1.0,plan-c,1.0,0.2498315363881401,0.2498315363881401,0.0,0.165,2.368271626270829,0.0737802999938139,0.0002333962478932,0.0002751690865785
unitscope-equal,this-work,user-certified,primary,2,93c520cd7e498c8db2c59c43bfe745e28e8103590125d2671272306cbecb1e2f,0.1428571428571428,1,6,1.0,0.5,0.5,0.5,0.5,0.5,0.484,-0.9,-0.9000000000000002,-0.9000000000000001,-0.9000000000000001,-0.8999999999999999,1.0,1.0,plan-c,1.0,1.0,0.2498315363881401,0.7501684636118598,1.0,1.0452491249782294,0.0617446000105701,0.0002255055605467,0.0002636059639231
unitscope-tuned,this-work,user-certified,primary,2,93c520cd7e498c8db2c59c43bfe745e28e8103590125d2671272306cbecb1e2f,1.0,1,6,1.0,0.5,0.5,0.5,0.5,0.5,0.484,-0.9,-0.9000000000000002,-0.9000000000000001,-0.9000000000000001,-0.8999999999999999,1.0,1.0,plan-c,1.0,0.2498315363881401,0.2498315363881401,0.0,0.165,2.368271626270829,0.0592053000000305,0.0002333962478932,0.0002751690865785
naive-recalibrated-2c,this-work,user-certified,primary,2,93c520cd7e498c8db2c59c43bfe745e28e8103590125d2671272306cbecb1e2f,,1,6,1.0,0.5,0.5,0.5,0.5,0.5,0.484,-0.9,-0.9000000000000002,-0.9000000000000001,-0.9000000000000001,-0.8999999999999999,2.0,2.0,plan-delta,2.0,1.0,0.2498315363881401,0.7501684636118598,0.7804364975019721,1.3717633388356076,0.0624772000010125,0.0001553185557065,0.0002634999235003
full-identity-reference,oracle,oracle-assumption,full-identity-reference,2,93c520cd7e498c8db2c59c43bfe745e28e8103590125d2671272306cbecb1e2f,,1,6,1.0,0.5,0.5,0.5,0.5,0.5,0.484,-0.9,-0.9000000000000002,-0.9000000000000001,-0.9000000000000001,-0.8999999999999999,1.0,1.0,plan-c,1.0,1.0,0.0,0.0,0.516,4.721322918786227,0.3470328000112204,0.0,1.5944966299623313e-05
non-private-reference,oracle,non-private,diagnostic,2,93c520cd7e498c8db2c59c43bfe745e28e8103590125d2671272306cbecb1e2f,,1,6,1.0,0.5,0.5,0.5,0.5,0.5,0.484,-0.9,-0.9000000000000002,-0.9000000000000001,-0.9000000000000001,-0.8999999999999999,,,non-private,0.0,1.0,0.0,0.0,0.0,inf,0.0620187000022269,1.1015862190418904e-05,1.1015862190418904e-05
naive-claimed-c,this-work,unsafe-diagnostic,diagnostic,2,93c520cd7e498c8db2c59c43bfe745e28e8103590125d2671272306cbecb1e2f,,1,6,1.0,0.5,0.5,0.5,0.5,0.5,0.484,-0.9,-0.9000000000000002,-0.9000000000000001,-0.9000000000000001,-0.8999999999999999,,2.0,unsafe-diagnostic,1.0,1.0,0.2498315363881401,0.7501684636118598,0.7804364975019721,2.7435266776712157,0.0695559000014327,0.0001553185557065,0.0001934642733038
stable-local-fallback,this-work,user-certified,primary,3,93c520cd7e498c8db2c59c43bfe745e28e8103590125d2671272306cbecb1e2f,0.0,1,6,1.0,0.5,0.5,0.5,0.5,0.5,0.508,-0.9,-0.9000000000000004,-0.9000000000000001,-0.9000000000000001,-0.8999999999999999,1.0,1.0,plan-c,1.0,1.0,0.0,1.0,1.0,0.7050961059273406,0.0520895999943604,0.0001985960963886,0.0002026367481265
handle-only-drop-residual,this-work,user-certified,primary,3,93c520cd7e498c8db2c59c43bfe745e28e8103590125d2671272306cbecb1e2f,1.0,1,6,1.0,0.5,0.5,0.5,0.5,0.5,0.508,-0.9,-0.9000000000000004,-0.9000000000000001,-0.9000000000000001,-0.8999999999999999,1.0,1.0,plan-c,1.0,0.248342175066313,0.248342175066313,0.0,0.171,2.614602755717951,0.060117100001662,0.0001806201120965,0.0001881488976382
unitscope-equal,this-work,user-certified,primary,3,93c520cd7e498c8db2c59c43bfe745e28e8103590125d2671272306cbecb1e2f,0.1428571428571428,1,6,1.0,0.5,0.5,0.5,0.5,0.5,0.508,-0.9,-0.9000000000000004,-0.9000000000000001,-0.9000000000000001,-0.8999999999999999,1.0,1.0,plan-c,1.0,1.0,0.248342175066313,0.751657824933687,1.0,1.0284655261866489,0.0797441999893635,0.0001761617300703,0.0001819984614313
unitscope-tuned,this-work,user-certified,primary,3,93c520cd7e498c8db2c59c43bfe745e28e8103590125d2671272306cbecb1e2f,1.0,1,6,1.0,0.5,0.5,0.5,0.5,0.5,0.508,-0.9,-0.9000000000000004,-0.9000000000000001,-0.9000000000000001,-0.8999999999999999,1.0,1.0,plan-c,1.0,0.248342175066313,0.248342175066313,0.0,0.171,2.614602755717951,0.0613418000139063,0.0001806201120965,0.0001881488976382
naive-recalibrated-2c,this-work,user-certified,primary,3,93c520cd7e498c8db2c59c43bfe745e28e8103590125d2671272306cbecb1e2f,,1,6,1.0,0.5,0.5,0.5,0.5,0.5,0.508,-0.9,-0.9000000000000004,-0.9000000000000001,-0.9000000000000001,-0.8999999999999999,2.0,2.0,plan-delta,2.0,1.0,0.248342175066313,0.751657824933687,0.7843953185955787,1.459207258981604,0.065738200006308,0.0001216773546201,0.0001695931035315
full-identity-reference,oracle,oracle-assumption,full-identity-reference,3,93c520cd7e498c8db2c59c43bfe745e28e8103590125d2671272306cbecb1e2f,,1,6,1.0,0.5,0.5,0.5,0.5,0.5,0.508,-0.9,-0.9000000000000004,-0.9000000000000001,-0.9000000000000001,-0.8999999999999999,1.0,1.0,plan-c,1.0,1.0,0.0,0.0,0.492,4.429773747791029,0.3411824999930104,0.0,1.4295995470253785e-05
non-private-reference,oracle,non-private,diagnostic,3,93c520cd7e498c8db2c59c43bfe745e28e8103590125d2671272306cbecb1e2f,,1,6,1.0,0.5,0.5,0.5,0.5,0.5,0.508,-0.9,-0.9000000000000004,-0.9000000000000001,-0.9000000000000001,-0.8999999999999999,,,non-private,0.0,1.0,0.0,0.0,0.0,inf,0.0478978999890387,7.887719572790727e-06,7.887719572790727e-06
naive-claimed-c,this-work,unsafe-diagnostic,diagnostic,3,93c520cd7e498c8db2c59c43bfe745e28e8103590125d2671272306cbecb1e2f,,1,6,1.0,0.5,0.5,0.5,0.5,0.5,0.508,-0.9,-0.9000000000000004,-0.9000000000000001,-0.9000000000000001,-0.8999999999999999,,2.0,unsafe-diagnostic,1.0,1.0,0.248342175066313,0.751657824933687,0.7843953185955787,2.918414517963208,0.0823600000003352,0.0001216773546201,0.0001313392336055
stable-local-fallback,this-work,user-certified,primary,4,93c520cd7e498c8db2c59c43bfe745e28e8103590125d2671272306cbecb1e2f,0.0,1,6,1.0,0.5,0.5,0.5,0.5,0.5,0.502,-0.9,-0.9000000000000001,-0.9000000000000001,-0.9000000000000001,-0.8999999999999999,1.0,1.0,plan-c,1.0,1.0,0.0,1.0,1.0,0.7146678014478992,0.0553539999964414,0.0002141112207767,0.000210740432692
handle-only-drop-residual,this-work,user-certified,primary,4,93c520cd7e498c8db2c59c43bfe745e28e8103590125d2671272306cbecb1e2f,1.0,1,6,1.0,0.5,0.5,0.5,0.5,0.5,0.502,-0.9,-0.9000000000000001,-0.9000000000000001,-0.9000000000000001,-0.8999999999999999,1.0,1.0,plan-c,1.0,0.2470039946737683,0.2470039946737683,0.0,0.158,2.5312096038571807,0.0721625999867683,0.0002073047500283,0.0002118473857797
unitscope-equal,this-work,user-certified,primary,4,93c520cd7e498c8db2c59c43bfe745e28e8103590125d2671272306cbecb1e2f,0.1428571428571428,1,6,1.0,0.5,0.5,0.5,0.5,0.5,0.502,-0.9,-0.9000000000000001,-0.9000000000000001,-0.9000000000000001,-0.8999999999999999,1.0,1.0,plan-c,1.0,1.0,0.2470039946737683,0.7529960053262317,1.0,0.9769933058580568,0.0772119000030215,0.0001939469738929,0.0001946667060924
unitscope-tuned,this-work,user-certified,primary,4,93c520cd7e498c8db2c59c43bfe745e28e8103590125d2671272306cbecb1e2f,1.0,1,6,1.0,0.5,0.5,0.5,0.5,0.5,0.502,-0.9,-0.9000000000000001,-0.9000000000000001,-0.9000000000000001,-0.8999999999999999,1.0,1.0,plan-c,1.0,0.2470039946737683,0.2470039946737683,0.0,0.158,2.5312096038571807,0.0872018999943975,0.0002073047500283,0.0002118473857797
naive-recalibrated-2c,this-work,user-certified,primary,4,93c520cd7e498c8db2c59c43bfe745e28e8103590125d2671272306cbecb1e2f,,1,6,1.0,0.5,0.5,0.5,0.5,0.5,0.502,-0.9,-0.9000000000000001,-0.9000000000000001,-0.9000000000000001,-0.8999999999999999,2.0,2.0,plan-delta,2.0,1.0,0.2470039946737683,0.7529960053262317,0.781071242849714,1.414615578279219,0.0628700999950524,0.0001397488967174,0.0001879092475807
full-identity-reference,oracle,oracle-assumption,full-identity-reference,4,93c520cd7e498c8db2c59c43bfe745e28e8103590125d2671272306cbecb1e2f,,1,6,1.0,0.5,0.5,0.5,0.5,0.5,0.502,-0.9,-0.9000000000000001,-0.9000000000000001,-0.9000000000000001,-0.8999999999999999,1.0,1.0,plan-c,1.0,1.0,0.0,0.0,0.498,4.406583363971453,0.3547447000019019,0.0,1.568847969346736e-05
non-private-reference,oracle,non-private,diagnostic,4,93c520cd7e498c8db2c59c43bfe745e28e8103590125d2671272306cbecb1e2f,,1,6,1.0,0.5,0.5,0.5,0.5,0.5,0.502,-0.9,-0.9000000000000001,-0.9000000000000001,-0.9000000000000001,-0.8999999999999999,,,non-private,0.0,1.0,0.0,0.0,0.0,inf,0.0481437999987974,1.0537361302677552e-05,1.0537361302677552e-05
naive-claimed-c,this-work,unsafe-diagnostic,diagnostic,4,93c520cd7e498c8db2c59c43bfe745e28e8103590125d2671272306cbecb1e2f,,1,6,1.0,0.5,0.5,0.5,0.5,0.5,0.502,-0.9,-0.9000000000000001,-0.9000000000000001,-0.9000000000000001,-0.8999999999999999,,2.0,unsafe-diagnostic,1.0,1.0,0.2470039946737683,0.7529960053262317,0.781071242849714,2.829231156558438,0.0611685000039869,0.0001397488967174,0.0001481405924556
stable-local-fallback,this-work,user-certified,primary,5,93c520cd7e498c8db2c59c43bfe745e28e8103590125d2671272306cbecb1e2f,0.0,1,6,1.0,0.5,0.5,0.5,0.5,0.5,0.5045,-0.9,-0.9000000000000002,-0.9000000000000001,-0.9000000000000001,-0.8999999999999999,1.0,1.0,plan-c,1.0,1.0,0.0,1.0,1.0,0.6089912968355456,0.0550656999985221,0.0002139666060941,0.0002104764093818
handle-only-drop-residual,this-work,user-certified,primary,5,93c520cd7e498c8db2c59c43bfe745e28e8103590125d2671272306cbecb1e2f,1.0,1,6,1.0,0.5,0.5,0.5,0.5,0.5,0.5045,-0.9,-0.9000000000000002,-0.9000000000000001,-0.9000000000000001,-0.8999999999999999,1.0,1.0,plan-c,1.0,0.2497507477567298,0.2497507477567298,0.0,0.171,2.172704529903186,0.0596515000070212,0.0001797746789044,0.000171601609741
unitscope-equal,this-work,user-certified,primary,5,93c520cd7e498c8db2c59c43bfe745e28e8103590125d2671272306cbecb1e2f,0.1428571428571428,1,6,1.0,0.5,0.5,0.5,0.5,0.5,0.5045,-0.9,-0.9000000000000002,-0.9000000000000001,-0.9000000000000001,-0.8999999999999999,1.0,1.0,plan-c,1.0,1.0,0.2497507477567298,0.7502492522432702,1.0,0.9425335681901852,0.0628722999972524,0.000181569358584,0.0001789434170332
unitscope-tuned,this-work,user-certified,primary,5,93c520cd7e498c8db2c59c43bfe745e28e8103590125d2671272306cbecb1e2f,1.0,1,6,1.0,0.5,0.5,0.5,0.5,0.5,0.5045,-0.9,-0.9000000000000002,-0.9000000000000001,-0.9000000000000001,-0.8999999999999999,1.0,1.0,plan-c,1.0,0.2497507477567298,0.2497507477567298,0.0,0.171,2.172704529903186,0.0614782000047853,0.0001797746789044,0.000171601609741
naive-recalibrated-2c,this-work,user-certified,primary,5,93c520cd7e498c8db2c59c43bfe745e28e8103590125d2671272306cbecb1e2f,,1,6,1.0,0.5,0.5,0.5,0.5,0.5,0.5045,-0.9,-0.9000000000000002,-0.9000000000000001,-0.9000000000000001,-0.8999999999999999,2.0,2.0,plan-delta,2.0,1.0,0.2497507477567298,0.7502492522432702,0.7840020844189682,1.2371517802326448,0.0787102000031154,0.0001189227158331,0.000151663645057
full-identity-reference,oracle,oracle-assumption,full-identity-reference,5,93c520cd7e498c8db2c59c43bfe745e28e8103590125d2671272306cbecb1e2f,,1,6,1.0,0.5,0.5,0.5,0.5,0.5,0.5045,-0.9,-0.9000000000000002,-0.9000000000000001,-0.9000000000000001,-0.8999999999999999,1.0,1.0,plan-c,1.0,1.0,0.0,0.0,0.4955,3.8202736264399024,0.34593809999933,0.0,2.072019138122691e-05
non-private-reference,oracle,non-private,diagnostic,5,93c520cd7e498c8db2c59c43bfe745e28e8103590125d2671272306cbecb1e2f,,1,6,1.0,0.5,0.5,0.5,0.5,0.5,0.5045,-0.9,-0.9000000000000002,-0.9000000000000001,-0.9000000000000001,-0.8999999999999999,,,non-private,0.0,1.0,0.0,0.0,0.0,inf,0.0484412999940104,8.711941169206713e-06,8.711941169206713e-06
naive-claimed-c,this-work,unsafe-diagnostic,diagnostic,5,93c520cd7e498c8db2c59c43bfe745e28e8103590125d2671272306cbecb1e2f,,1,6,1.0,0.5,0.5,0.5,0.5,0.5,0.5045,-0.9,-0.9000000000000002,-0.9000000000000001,-0.9000000000000001,-0.8999999999999999,,2.0,unsafe-diagnostic,1.0,1.0,0.2497507477567298,0.7502492522432702,0.7840020844189682,2.4743035604652897,0.0610939000034704,0.0001189227158331,0.0001145729890638
stable-local-fallback,this-work,user-certified,primary,6,93c520cd7e498c8db2c59c43bfe745e28e8103590125d2671272306cbecb1e2f,0.0,1,6,1.0,0.5,0.5,0.5,0.5,0.5,0.509,-0.9,-0.9000000000000002,-0.9000000000000001,-0.9000000000000001,-0.8999999999999999,1.0,1.0,plan-c,1.0,1.0,0.0,1.0,1.0,0.8056516586821371,0.0665401000005658,0.0002271992682883,0.0002147873825951
handle-only-drop-residual,this-work,user-certified,primary,6,93c520cd7e498c8db2c59c43bfe745e28e8103590125d2671272306cbecb1e2f,1.0,1,6,1.0,0.5,0.5,0.5,0.5,0.5,0.509,-0.9,-0.9000000000000002,-0.9000000000000001,-0.9000000000000001,-0.8999999999999999,1.0,1.0,plan-c,1.0,0.25,0.25,0.0,0.171,2.388877077224348,0.0610593000019434,0.0002410968446275,0.0002423429251395
unitscope-equal,this-work,user-certified,primary,6,93c520cd7e498c8db2c59c43bfe745e28e8103590125d2671272306cbecb1e2f,0.1428571428571428,1,6,1.0,0.5,0.5,0.5,0.5,0.5,0.509,-0.9,-0.9000000000000002,-0.9000000000000001,-0.9000000000000001,-0.8999999999999999,1.0,1.0,plan-c,1.0,1.0,0.25,0.75,1.0,1.075756595449969,0.0646942000021226,0.0002091842682921,0.0001979780010313
unitscope-tuned,this-work,user-certified,primary,6,93c520cd7e498c8db2c59c43bfe745e28e8103590125d2671272306cbecb1e2f,1.0,1,6,1.0,0.5,0.5,0.5,0.5,0.5,0.509,-0.9,-0.9000000000000002,-0.9000000000000001,-0.9000000000000001,-0.8999999999999999,1.0,1.0,plan-c,1.0,0.25,0.25,0.0,0.171,2.388877077224348,0.0609683000075165,0.0002410968446275,0.0002423429251395
naive-recalibrated-2c,this-work,user-certified,primary,6,93c520cd7e498c8db2c59c43bfe745e28e8103590125d2671272306cbecb1e2f,,1,6,1.0,0.5,0.5,0.5,0.5,0.5,0.509,-0.9,-0.9000000000000002,-0.9000000000000001,-0.9000000000000001,-0.8999999999999999,2.0,2.0,plan-delta,2.0,1.0,0.25,0.75,0.7845074083701585,1.3659466586725035,0.0639574999950127,0.000161057801324,0.0001962370097269
full-identity-reference,oracle,oracle-assumption,full-identity-reference,6,93c520cd7e498c8db2c59c43bfe745e28e8103590125d2671272306cbecb1e2f,,1,6,1.0,0.5,0.5,0.5,0.5,0.5,0.509,-0.9,-0.9000000000000002,-0.9000000000000001,-0.9000000000000001,-0.8999999999999999,1.0,1.0,plan-c,1.0,1.0,0.0,0.0,0.491,5.007544947809914,0.3456307999877026,0.0,1.2850918528840272e-05
non-private-reference,oracle,non-private,diagnostic,6,93c520cd7e498c8db2c59c43bfe745e28e8103590125d2671272306cbecb1e2f,,1,6,1.0,0.5,0.5,0.5,0.5,0.5,0.509,-0.9,-0.9000000000000002,-0.9000000000000001,-0.9000000000000001,-0.8999999999999999,,,non-private,0.0,1.0,0.0,0.0,0.0,inf,0.0644077000033576,1.0277714121627626e-05,1.0277714121627626e-05
naive-claimed-c,this-work,unsafe-diagnostic,diagnostic,6,93c520cd7e498c8db2c59c43bfe745e28e8103590125d2671272306cbecb1e2f,,1,6,1.0,0.5,0.5,0.5,0.5,0.5,0.509,-0.9,-0.9000000000000002,-0.9000000000000001,-0.9000000000000001,-0.8999999999999999,,2.0,unsafe-diagnostic,1.0,1.0,0.25,0.75,0.7845074083701585,2.731893317345007,0.06209979999403,0.000161057801324,0.0001657964869966
stable-local-fallback,this-work,user-certified,primary,7,93c520cd7e498c8db2c59c43bfe745e28e8103590125d2671272306cbecb1e2f,0.0,1,6,1.0,0.5,0.5,0.5,0.5,0.5,0.486,-0.9,-0.9000000000000001,-0.9000000000000002,-0.9000000000000001,-0.8999999999999999,1.0,1.0,plan-c,1.0,1.0,0.0,1.0,1.0,0.6673649659772528,0.0516725000052247,0.0001753766093662,0.0001711594768394
handle-only-drop-residual,this-work,user-certified,primary,7,93c520cd7e498c8db2c59c43bfe745e28e8103590125d2671272306cbecb1e2f,1.0,1,6,1.0,0.5,0.5,0.5,0.5,0.5,0.486,-0.9,-0.9000000000000001,-0.9000000000000002,-0.9000000000000001,-0.8999999999999999,1.0,1.0,plan-c,1.0,0.2489905787348587,0.2489905787348587,0.0,0.159,2.33989292530921,0.0762232999986736,0.0002008280128428,0.0001921698225633
unitscope-equal,this-work,user-certified,primary,7,93c520cd7e498c8db2c59c43bfe745e28e8103590125d2671272306cbecb1e2f,0.1428571428571428,1,6,1.0,0.5,0.5,0.5,0.5,0.5,0.486,-0.9,-0.9000000000000001,-0.9000000000000002,-0.9000000000000001,-0.8999999999999999,1.0,1.0,plan-c,1.0,1.0,0.2489905787348587,0.7510094212651414,1.0,0.936705796464013,0.0647850999957881,0.0001582332097558,0.0001539755536724
unitscope-tuned,this-work,user-certified,primary,7,93c520cd7e498c8db2c59c43bfe745e28e8103590125d2671272306cbecb1e2f,1.0,1,6,1.0,0.5,0.5,0.5,0.5,0.5,0.486,-0.9,-0.9000000000000001,-0.9000000000000002,-0.9000000000000001,-0.8999999999999999,1.0,1.0,plan-c,1.0,0.2489905787348587,0.2489905787348587,0.0,0.159,2.33989292530921,0.0635201999975834,0.0002008280128428,0.0001921698225633
naive-recalibrated-2c,this-work,user-certified,primary,7,93c520cd7e498c8db2c59c43bfe745e28e8103590125d2671272306cbecb1e2f,,1,6,1.0,0.5,0.5,0.5,0.5,0.5,0.486,-0.9,-0.9000000000000001,-0.9000000000000002,-0.9000000000000001,-0.8999999999999999,2.0,2.0,plan-delta,2.0,1.0,0.2489905787348587,0.7510094212651414,0.7794387621295568,1.2786002113384682,0.0656050000106915,0.000134896493605,0.0001562462505091
full-identity-reference,oracle,oracle-assumption,full-identity-reference,7,93c520cd7e498c8db2c59c43bfe745e28e8103590125d2671272306cbecb1e2f,,1,6,1.0,0.5,0.5,0.5,0.5,0.5,0.486,-0.9,-0.9000000000000001,-0.9000000000000002,-0.9000000000000001,-0.8999999999999999,1.0,1.0,plan-c,1.0,1.0,0.0,0.0,0.514,4.139420899117204,0.354342299993732,0.0,1.4522739286817308e-05
non-private-reference,oracle,non-private,diagnostic,7,93c520cd7e498c8db2c59c43bfe745e28e8103590125d2671272306cbecb1e2f,,1,6,1.0,0.5,0.5,0.5,0.5,0.5,0.486,-0.9,-0.9000000000000001,-0.9000000000000002,-0.9000000000000001,-0.8999999999999999,,,non-private,0.0,1.0,0.0,0.0,0.0,inf,0.0479020999919157,8.61192651333319e-06,8.61192651333319e-06
naive-claimed-c,this-work,unsafe-diagnostic,diagnostic,7,93c520cd7e498c8db2c59c43bfe745e28e8103590125d2671272306cbecb1e2f,,1,6,1.0,0.5,0.5,0.5,0.5,0.5,0.486,-0.9,-0.9000000000000001,-0.9000000000000002,-0.9000000000000001,-0.8999999999999999,,2.0,unsafe-diagnostic,1.0,1.0,0.2489905787348587,0.7510094212651414,0.7794387621295568,2.5572004226769365,0.0756193999986862,0.000134896493605,0.0001310486327702
stable-local-fallback,this-work,user-certified,primary,8,93c520cd7e498c8db2c59c43bfe745e28e8103590125d2671272306cbecb1e2f,0.0,1,6,1.0,0.5,0.5,0.5,0.5,0.5,0.4875,-0.9,-0.9000000000000002,-0.9000000000000001,-0.9000000000000001,-0.8999999999999999,1.0,1.0,plan-c,1.0,1.0,0.0,1.0,1.0,0.70740862337,0.0515047000080812,0.0002443127206381,0.0002932012082954
handle-only-drop-residual,this-work,user-certified,primary,8,93c520cd7e498c8db2c59c43bfe745e28e8103590125d2671272306cbecb1e2f,1.0,1,6,1.0,0.5,0.5,0.5,0.5,0.5,0.4875,-0.9,-0.9000000000000002,-0.9000000000000001,-0.9000000000000001,-0.8999999999999999,1.0,1.0,plan-c,1.0,0.2510924369747899,0.2510924369747899,0.0,0.139,2.081113865470906,0.0592182999971555,0.0003161066678387,0.0003601490882329
unitscope-equal,this-work,user-certified,primary,8,93c520cd7e498c8db2c59c43bfe745e28e8103590125d2671272306cbecb1e2f,0.1428571428571428,1,6,1.0,0.5,0.5,0.5,0.5,0.5,0.4875,-0.9,-0.9000000000000002,-0.9000000000000001,-0.9000000000000001,-0.8999999999999999,1.0,1.0,plan-c,1.0,1.0,0.2510924369747899,0.7489075630252101,1.0,0.9700963129740018,0.0783427000133087,0.0002234465676276,0.0002689238445682
unitscope-tuned,this-work,user-certified,primary,8,93c520cd7e498c8db2c59c43bfe745e28e8103590125d2671272306cbecb1e2f,1.0,1,6,1.0,0.5,0.5,0.5,0.5,0.5,0.4875,-0.9,-0.9000000000000002,-0.9000000000000001,-0.9000000000000001,-0.8999999999999999,1.0,1.0,plan-c,1.0,0.2510924369747899,0.2510924369747899,0.0,0.139,2.081113865470906,0.0590297000017017,0.0003161066678387,0.0003601490882329
naive-recalibrated-2c,this-work,user-certified,primary,8,93c520cd7e498c8db2c59c43bfe745e28e8103590125d2671272306cbecb1e2f,,1,6,1.0,0.5,0.5,0.5,0.5,0.5,0.4875,-0.9,-0.9000000000000002,-0.9000000000000001,-0.9000000000000001,-0.8999999999999999,2.0,2.0,plan-delta,2.0,1.0,0.2510924369747899,0.7489075630252101,0.7755474452554745,1.1591674179848082,0.062573400005931,0.0002185310576946,0.0003301810526791
full-identity-reference,oracle,oracle-assumption,full-identity-reference,8,93c520cd7e498c8db2c59c43bfe745e28e8103590125d2671272306cbecb1e2f,,1,6,1.0,0.5,0.5,0.5,0.5,0.5,0.4875,-0.9,-0.9000000000000002,-0.9000000000000001,-0.9000000000000001,-0.8999999999999999,1.0,1.0,plan-c,1.0,1.0,0.0,0.0,0.5125,4.423228776295361,0.3474382999993395,0.0,1.7675969185463054e-05
non-private-reference,oracle,non-private,diagnostic,8,93c520cd7e498c8db2c59c43bfe745e28e8103590125d2671272306cbecb1e2f,,1,6,1.0,0.5,0.5,0.5,0.5,0.5,0.4875,-0.9,-0.9000000000000002,-0.9000000000000001,-0.9000000000000001,-0.8999999999999999,,,non-private,0.0,1.0,0.0,0.0,0.0,inf,0.0509703000134322,9.773197954811966e-06,9.773197954811966e-06
naive-claimed-c,this-work,unsafe-diagnostic,diagnostic,8,93c520cd7e498c8db2c59c43bfe745e28e8103590125d2671272306cbecb1e2f,,1,6,1.0,0.5,0.5,0.5,0.5,0.5,0.4875,-0.9,-0.9000000000000002,-0.9000000000000001,-0.9000000000000001,-0.8999999999999999,,2.0,unsafe-diagnostic,1.0,1.0,0.2510924369747899,0.7489075630252101,0.7755474452554745,2.3183348359696163,0.0627642000035848,0.0002185310576946,0.0002566800860014
stable-local-fallback,this-work,user-certified,primary,9,93c520cd7e498c8db2c59c43bfe745e28e8103590125d2671272306cbecb1e2f,0.0,1,6,1.0,0.5,0.5,0.5,0.5,0.5,0.506,-0.9,-0.9000000000000001,-0.9000000000000001,-0.9000000000000001,-0.8999999999999999,1.0,1.0,plan-c,1.0,1.0,0.0,1.0,1.0,0.8622896716045529,0.0529034999926807,0.0002700390665074,0.000300292235828
handle-only-drop-residual,this-work,user-certified,primary,9,93c520cd7e498c8db2c59c43bfe745e28e8103590125d2671272306cbecb1e2f,1.0,1,6,1.0,0.5,0.5,0.5,0.5,0.5,0.506,-0.9,-0.9000000000000001,-0.9000000000000001,-0.9000000000000001,-0.8999999999999999,1.0,1.0,plan-c,1.0,0.2481739707835325,0.2481739707835325,0.0,0.157,2.95917343755417,0.0602014000032795,0.0002619858885559,0.0002871222695008
unitscope-equal,this-work,user-certified,primary,9,93c520cd7e498c8db2c59c43bfe745e28e8103590125d2671272306cbecb1e2f,0.1428571428571428,1,6,1.0,0.5,0.5,0.5,0.5,0.5,0.506,-0.9,-0.9000000000000001,-0.9000000000000001,-0.9000000000000001,-0.8999999999999999,1.0,1.0,plan-c,1.0,1.0,0.2481739707835325,0.7518260292164675,1.0,1.217179597171531,0.0618407000001752,0.0002370977145532,0.0002667376123627
unitscope-tuned,this-work,user-certified,primary,9,93c520cd7e498c8db2c59c43bfe745e28e8103590125d2671272306cbecb1e2f,1.0,1,6,1.0,0.5,0.5,0.5,0.5,0.5,0.506,-0.9,-0.9000000000000001,-0.9000000000000001,-0.9000000000000001,-0.8999999999999999,1.0,1.0,plan-c,1.0,0.2481739707835325,0.2481739707835325,0.0,0.157,2.95917343755417,0.0854036999953677,0.0002619858885559,0.0002871222695008
naive-recalibrated-2c,this-work,user-certified,primary,9,93c520cd7e498c8db2c59c43bfe745e28e8103590125d2671272306cbecb1e2f,,1,6,1.0,0.5,0.5,0.5,0.5,0.5,0.506,-0.9,-0.9000000000000001,-0.9000000000000001,-0.9000000000000001,-0.8999999999999999,2.0,2.0,plan-delta,2.0,1.0,0.2481739707835325,0.7518260292164675,0.7813229571984436,1.6556245995629084,0.0630151999939698,0.0001721163577698,0.0002447580579458
full-identity-reference,oracle,oracle-assumption,full-identity-reference,9,93c520cd7e498c8db2c59c43bfe745e28e8103590125d2671272306cbecb1e2f,,1,6,1.0,0.5,0.5,0.5,0.5,0.5,0.506,-0.9,-0.9000000000000001,-0.9000000000000001,-0.9000000000000001,-0.8999999999999999,1.0,1.0,plan-c,1.0,1.0,0.0,0.0,0.494,5.378413301974939,0.350683199998457,0.0,1.3227335642052286e-05
non-private-reference,oracle,non-private,diagnostic,9,93c520cd7e498c8db2c59c43bfe745e28e8103590125d2671272306cbecb1e2f,,1,6,1.0,0.5,0.5,0.5,0.5,0.5,0.506,-0.9,-0.9000000000000001,-0.9000000000000001,-0.9000000000000001,-0.8999999999999999,,,non-private,0.0,1.0,0.0,0.0,0.0,inf,0.0482264999882318,1.1004814177123736e-05,1.1004814177123736e-05
naive-claimed-c,this-work,unsafe-diagnostic,diagnostic,9,93c520cd7e498c8db2c59c43bfe745e28e8103590125d2671272306cbecb1e2f,,1,6,1.0,0.5,0.5,0.5,0.5,0.5,0.506,-0.9,-0.9000000000000001,-0.9000000000000001,-0.9000000000000001,-0.8999999999999999,,2.0,unsafe-diagnostic,1.0,1.0,0.2481739707835325,0.7518260292164675,0.7813229571984436,3.311249199125817,0.0646594999998342,0.0001721163577698,0.0001952098722157
