B,C,H,aggregate_snr,certificate_type,certified_sensitivity,clip_fraction,comparison_tier,complete_units,config_hash,contributing_record_gradient_evaluations,dataset,delta,diagnostic_gradient_seconds,diagnostic_record_gradient_evaluations,dropped_units,effective_record_utilization,epsilon,evidence_seed,evidence_view,gradient_distortion_l2,group_gradient_evaluations,handle_users_fully_covered_fraction,handle_users_with_residual_fraction,implementation_provenance,lambda,local_atom_units,local_mixed_units,manifest_hash,mean_residual_records_per_handle_user,method,metric_name,metric_value,noise_multiplier,noise_seed,noise_sensitivity,noisy_releases,non_dummy_record_gradient_evaluations,oracle_audit_seconds,overlap_probability,partial_clip_fraction,partial_gradient_distortion_l2,partial_handle_record_fraction,partial_handle_units,patient_or_user_auprc,plan_config_hash,privacy_semantics,public_normalizer,q_record_given_handle,q_record_given_handle_pooled,q_record_given_handle_requested,q_record_total,q_user,q_user_requested,realized_overlap_fraction,record_gradient_evaluations,residual_clip_fraction,residual_gradient_distortion_l2,residual_record_fraction,run_id,sample_accuracy,scenario,schedule_seed,seed,split_seed,structural_sensitivity_bound,topology_seed,user_macro_accuracy,validation_pass,wall_time_seconds,replicate
6,1.0,1,0.004470215921986712,plan-c,1.0,0.9999999856948852,diagnostic,0,cec0b640d1e77bff2229948df926be3a3c2e353c80684d8dd2817ef4d510ad58,25600,femnist,1e-05,0.0,0,0,1.0,4.0,71001,controlled,0.6945005394518375,21399,0.0,1.0,this-work,0.9,1601,0,12e5e1898ab70274c6b11f9cc979b8ad70d14f8819f00186e04c63ca5a092b0b,15.990769230769232,unitscope-lambda-sweep,user_macro_accuracy,0.12,9.214933748786253,1091001,1.0,50,25600,0.08181990016601048,0.5,0.9999999856948852,0.1963662888854742,0.250234375,325,,85e2c0f67dd26b6eb06bd8a9d1355cd162f47ba512379568bb155acfe11a2c54,user-certified,512.0,0.4999384615384616,0.49995189069566054,0.5,0.24989179050642044,0.5,0.5,0.5,25600,0.9999999880790711,0.5416803522408009,0.749765625,68a7b0d8a96defd95f6e855b4ea422cd859c27b7eab8c3133ad058a5f392a08c,0.12,controlled-middle,81101,100,51001,1.0,61001,0.12,True,15.10034249984892,0
6,1.0,1,0.005466922704487014,plan-delta,2.0,0.9999535822868347,primary,0,cec0b640d1e77bff2229948df926be3a3c2e353c80684d8dd2817ef4d510ad58,25600,femnist,1e-05,0.0,0,0,1.0,4.0,71001,controlled,5.212539642751217,21399,0.0,1.0,this-work,,1601,0,12e5e1898ab70274c6b11f9cc979b8ad70d14f8819f00186e04c63ca5a092b0b,15.990769230769232,naive-recalibrated-2c,user_macro_accuracy,0.10203125,9.214933748786253,1091001,2.0,50,25600,0.07405339990509674,0.5,0.9998076784610749,1.381370511725545,0.250234375,325,,85e2c0f67dd26b6eb06bd8a9d1355cd162f47ba512379568bb155acfe11a2c54,user-certified,512.0,0.4999384615384616,0.49995189069566054,0.5,0.24989179050642044,0.5,0.5,0.5,25600,0.9999999880790711,3.905076054632664,0.749765625,7bdd3998c02540f5010c796100026d93cdfa584a3f3b0c8dcbc858f49fa406a1,0.10203125,controlled-middle,81101,100,51001,2.0,61001,0.10203125,True,14.71607680010493,0
6,1.0,1,0.004798191767128583,plan-c,1.0,0.9999999856948852,primary,0,cec0b640d1e77bff2229948df926be3a3c2e353c80684d8dd2817ef4d510ad58,6406,femnist,1e-05,9.375819899869384,25600,1601,0.250234375,4.0,71001,controlled,0.6842995028197766,5376,0.0,1.0,this-work,1.0,0,0,12e5e1898ab70274c6b11f9cc979b8ad70d14f8819f00186e04c63ca5a092b0b,15.990769230769232,handle-only-drop-residual,user_macro_accuracy,0.12265625,9.214933748786253,1091001,1.0,50,6406,0.1843898001825437,0.5,0.9999999856948852,0.1918375674262643,0.250234375,325,,85e2c0f67dd26b6eb06bd8a9d1355cd162f47ba512379568bb155acfe11a2c54,user-certified,512.0,0.4999384615384616,0.49995189069566054,0.5,0.24989179050642044,0.5,0.5,0.5,25600,0.0,0.5360420279204845,0.0,9ac33c2e187c0cd785535074dc7c21e42a62486cc46ee0aa70cf696f637d066e,0.12265625,controlled-middle,81101,100,51001,1.0,61001,0.12265625,True,15.54737119996571,0
6,1.0,1,0.0025975760481746868,plan-c,1.0,0.9999999952316284,primary,0,cec0b640d1e77bff2229948df926be3a3c2e353c80684d8dd2817ef4d510ad58,25600,femnist,1e-05,0.0,0,0,1.0,4.0,71001,controlled,0.7895383501052856,20505,0.0,1.0,this-work,0.0,1604,0,12e5e1898ab70274c6b11f9cc979b8ad70d14f8819f00186e04c63ca5a092b0b,15.990769230769232,stable-local-fallback,user_macro_accuracy,0.1128125,9.214933748786253,1091001,1.0,50,25600,0.0696179001533892,0.5,0.0,0.0,0.0,0,,85e2c0f67dd26b6eb06bd8a9d1355cd162f47ba512379568bb155acfe11a2c54,user-certified,512.0,0.4999384615384616,0.49995189069566054,0.5,0.24989179050642044,0.5,0.5,0.5,25600,0.9999999952316284,0.7895383501052856,1.0,f9b9cd0a2beff8c5be6c8a4d408b96762b2391d4342486425c412d7da4372cce,0.1128125,controlled-middle,81101,100,51001,1.0,61001,0.1128125,True,17.163834599836264,0
6,1.0,1,0.00415568466590436,plan-c,1.0,0.9999999821186065,diagnostic,0,510b6f1bdd5ba40ab06a9823e41d96e27c9c42a56845ae25c5e5f852ad4047cc,25600,femnist,1e-05,0.0,0,0,1.0,4.0,71002,controlled,0.9820653040707111,21422,0.0,1.0,this-work,0.9,1652,0,b389cacbcc2d7a60be1596bd94efd6086e1263adb707c46ae6d72f38d6acdcbc,16.0,unitscope-lambda-sweep,user_macro_accuracy,0.1725,9.214933748786253,1101001,1.0,50,25600,0.07053000005544163,0.5,0.9999999833106995,0.26515915218740704,0.2530859375,325,,85e2c0f67dd26b6eb06bd8a9d1355cd162f47ba512379568bb155acfe11a2c54,user-certified,512.0,0.5,0.5,0.5,0.2503008423586041,0.5,0.5,0.5,25600,0.9999999868869781,0.7943926374614239,0.7469140625,5889cabc190f96905ee5c7008032f38b88bf71d38e07a8bdaa04055cd6b57ca3,0.1725,controlled-middle,81102,101,51002,1.0,61002,0.1725,True,14.474725199950626,1
6,1.0,1,0.004497901089433463,plan-c,1.0,0.9999999833106995,primary,0,510b6f1bdd5ba40ab06a9823e41d96e27c9c42a56845ae25c5e5f852ad4047cc,6479,femnist,1e-05,9.359146800008602,25600,1652,0.2530859375,4.0,71002,controlled,0.9836648443341255,5414,0.0,1.0,this-work,1.0,0,0,b389cacbcc2d7a60be1596bd94efd6086e1263adb707c46ae6d72f38d6acdcbc,16.0,handle-only-drop-residual,user_macro_accuracy,0.17265625,9.214933748786253,1101001,1.0,50,6479,0.07469419998233207,0.5,0.9999999833106995,0.2620994072780013,0.2530859375,325,,85e2c0f67dd26b6eb06bd8a9d1355cd162f47ba512379568bb155acfe11a2c54,user-certified,512.0,0.5,0.5,0.5,0.2503008423586041,0.5,0.5,0.5,25600,0.0,0.7977167569100857,0.0,76fd286b01742bf0ba3108690ecab163aa5e8e7a676524964fc75e6e183f7831,0.17265625,controlled-middle,81102,101,51002,1.0,61002,0.17265625,True,14.384533800010104,1
6,1.0,1,0.005945029270681836,plan-delta,2.0,0.9999517893791199,primary,0,510b6f1bdd5ba40ab06a9823e41d96e27c9c42a56845ae25c5e5f852ad4047cc,25600,femnist,1e-05,0.0,0,0,1.0,4.0,71002,controlled,9.512417596131563,21422,0.0,1.0,this-work,,1652,0,b389cacbcc2d7a60be1596bd94efd6086e1263adb707c46ae6d72f38d6acdcbc,16.0,naive-recalibrated-2c,user_macro_accuracy,0.146875,9.214933748786253,1101001,2.0,50,25600,0.0697348998801317,0.5,0.9998130679130555,2.353203948363662,0.2530859375,325,,85e2c0f67dd26b6eb06bd8a9d1355cd162f47ba512379568bb155acfe11a2c54,user-certified,512.0,0.5,0.5,0.5,0.2503008423586041,0.5,0.5,0.5,25600,0.9999999868869781,7.275703482329845,0.7469140625,ab6b156e4ea70f9e9933fc56dddc3fb26bf29a3443d42b08ae0b5aab9ea63bdb,0.146875,controlled-middle,81102,101,51002,2.0,61002,0.146875,True,14.578310500102816,1
6,1.0,1,0.0023571716742571205,plan-c,1.0,0.9999999952316284,primary,0,510b6f1bdd5ba40ab06a9823e41d96e27c9c42a56845ae25c5e5f852ad4047cc,25600,femnist,1e-05,0.0,0,0,1.0,4.0,71002,controlled,0.9549904172122479,20598,0.0,1.0,this-work,0.0,1655,0,b389cacbcc2d7a60be1596bd94efd6086e1263adb707c46ae6d72f38d6acdcbc,16.0,stable-local-fallback,user_macro_accuracy,0.15390625,9.214933748786253,1101001,1.0,50,25600,0.06727939995471388,0.5,0.0,0.0,0.0,0,,85e2c0f67dd26b6eb06bd8a9d1355cd162f47ba512379568bb155acfe11a2c54,user-certified,512.0,0.5,0.5,0.5,0.2503008423586041,0.5,0.5,0.5,25600,0.9999999952316284,0.9549904172122479,1.0,fc55456e89c1fa3de6e0cd673d7c2166054fc7a94d1d710373366b5dd15f90c8,0.15390625,controlled-middle,81102,101,51002,1.0,61002,0.15390625,True,15.885128000052646,1
6,1.0,1,0.00465759077105782,plan-c,1.0,0.9999999773502349,diagnostic,0,7e36e58947a84df3ef64de6febfa22b4f269925fbcfa2923abb24aacecbe2edb,25600,femnist,1e-05,0.0,0,0,1.0,4.0,71003,controlled,0.9900297363102436,21320,0.0,1.0,this-work,0.9,1600,0,39b4aaccdaf43af918db70e59265013dd17a67ce949552aba60413d27f9a2610,16.0,unitscope-lambda-sweep,user_macro_accuracy,0.168125,9.214933748786253,1111001,1.0,50,25600,0.0659949999244418,0.5,0.9999999880790711,0.27723782002925873,0.2533203125,325,,85e2c0f67dd26b6eb06bd8a9d1355cd162f47ba512379568bb155acfe11a2c54,user-certified,512.0,0.5,0.5,0.5,0.2502165335386392,0.5,0.5,0.5,25600,0.9999999856948852,0.7725011359155178,0.7466796875,0f71d15ddc43f7111732431ee3ae5158d6a39bcda3d201f2c0f4adc4445ee020,0.168125,controlled-middle,81103,102,51003,1.0,61003,0.168125,True,14.027909600059502,2
6,1.0,1,0.005000801404383233,plan-c,1.0,0.9999999880790711,primary,0,7e36e58947a84df3ef64de6febfa22b4f269925fbcfa2923abb24aacecbe2edb,6485,femnist,1e-05,9.101772199996049,25600,1600,0.2533203125,4.0,71003,controlled,0.9816192024946213,5376,0.0,1.0,this-work,1.0,0,0,39b4aaccdaf43af918db70e59265013dd17a67ce949552aba60413d27f9a2610,16.0,handle-only-drop-residual,user_macro_accuracy,0.16625,9.214933748786253,1111001,1.0,50,6485,0.0633275999862235,0.5,0.9999999880790711,0.27411133447661995,0.2533203125,325,,85e2c0f67dd26b6eb06bd8a9d1355cd162f47ba512379568bb155acfe11a2c54,user-certified,512.0,0.5,0.5,0.5,0.2502165335386392,0.5,0.5,0.5,25600,0.0,0.7675937481224537,0.0,37dff7c58dc81d1152b68a2cb89376583a6f1fb4a886e7446789ea4e42436437,0.16625,controlled-middle,81103,102,51003,1.0,61003,0.16625,True,13.997453100018902,2
6,1.0,1,0.0028367352172824433,plan-c,1.0,0.9999999988079071,primary,0,7e36e58947a84df3ef64de6febfa22b4f269925fbcfa2923abb24aacecbe2edb,25600,femnist,1e-05,0.0,0,0,1.0,4.0,71003,controlled,1.0988010232150556,20518,0.0,1.0,this-work,0.0,1606,0,39b4aaccdaf43af918db70e59265013dd17a67ce949552aba60413d27f9a2610,16.0,stable-local-fallback,user_macro_accuracy,0.16015625,9.214933748786253,1111001,1.0,50,25600,0.06326759999501519,0.5,0.0,0.0,0.0,0,,85e2c0f67dd26b6eb06bd8a9d1355cd162f47ba512379568bb155acfe11a2c54,user-certified,512.0,0.5,0.5,0.5,0.2502165335386392,0.5,0.5,0.5,25600,0.9999999988079071,1.0988010232150556,1.0,8b2c270d619f23218eab61732d0e808abe25f46205a6a71b142f3b232b538309,0.16015625,controlled-middle,81103,102,51003,1.0,61003,0.16015625,True,15.392786399985198,2
6,1.0,1,0.006482417902305152,plan-delta,2.0,0.9992910957336426,primary,0,7e36e58947a84df3ef64de6febfa22b4f269925fbcfa2923abb24aacecbe2edb,25600,femnist,1e-05,0.0,0,0,1.0,4.0,71003,controlled,12.057855873852969,21320,0.0,1.0,this-work,,1600,0,39b4aaccdaf43af918db70e59265013dd17a67ce949552aba60413d27f9a2610,16.0,naive-recalibrated-2c,user_macro_accuracy,0.109375,9.214933748786253,1111001,2.0,50,25600,0.06577489987830631,0.5,0.998862954378128,3.0578487517870965,0.2533203125,325,,85e2c0f67dd26b6eb06bd8a9d1355cd162f47ba512379568bb155acfe11a2c54,user-certified,512.0,0.5,0.5,0.5,0.2502165335386392,0.5,0.5,0.5,25600,0.9994387078285217,9.112833057194948,0.7466796875,f4a6211c8f179b7aceaec099a1533a9f62281b8089dbb05d7cf9a35bbbacf7b2,0.109375,controlled-middle,81103,102,51003,2.0,61003,0.109375,True,13.93295150011545,2
6,1.0,1,0.0042277061141007,plan-c,1.0,0.9999999821186065,diagnostic,0,7e5a7b1076ff2cb16324c00267a273a1d37e60817c0c3a0697dfe7dbe151f94a,25600,femnist,1e-05,0.0,0,0,1.0,4.0,71004,controlled,0.7032464873790741,21258,0.0,1.0,this-work,0.9,1595,0,51ac3532ef9ca78f2f3bcdd5cf5188833d4ca28719ee2705bcdaba84c0f1fcfa,16.0,unitscope-lambda-sweep,user_macro_accuracy,0.12578125,9.214933748786253,1121001,1.0,50,25600,0.06621370001812465,0.5,0.9999999904632568,0.19908741932362317,0.2493359375,325,,85e2c0f67dd26b6eb06bd8a9d1355cd162f47ba512379568bb155acfe11a2c54,user-certified,512.0,0.5,0.5,0.5,0.2503008423586041,0.5,0.5,0.5,25600,0.9999999928474427,0.5518925480544568,0.7506640625,1dd25609375ed5a4203f9d89eff0275703a754cf7ca550f6c4ba7407f614f353,0.12578125,controlled-middle,81104,103,51004,1.0,61004,0.12578125,True,16.47789159999229,3
6,1.0,1,0.0054678172834765285,plan-delta,2.0,0.9999999821186065,primary,0,7e5a7b1076ff2cb16324c00267a273a1d37e60817c0c3a0697dfe7dbe151f94a,25600,femnist,1e-05,0.0,0,0,1.0,4.0,71004,controlled,6.055866495668888,21258,0.0,1.0,this-work,,1595,0,51ac3532ef9ca78f2f3bcdd5cf5188833d4ca28719ee2705bcdaba84c0f1fcfa,16.0,naive-recalibrated-2c,user_macro_accuracy,0.1384375,9.214933748786253,1121001,2.0,50,25600,0.06575260005774908,0.5,0.9999999904632568,1.5796144254505635,0.2493359375,325,,85e2c0f67dd26b6eb06bd8a9d1355cd162f47ba512379568bb155acfe11a2c54,user-certified,512.0,0.5,0.5,0.5,0.2503008423586041,0.5,0.5,0.5,25600,0.9999999928474427,4.559303283542395,0.7506640625,284ed59ab6831b5acf28ab3b080628cfdf51e14b398be8c726bb6bc2bafd0516,0.1384375,controlled-middle,81104,103,51004,2.0,61004,0.1384375,True,16.753762899927096,3
6,1.0,1,0.004516713091928664,plan-c,1.0,0.9999999904632568,primary,0,7e5a7b1076ff2cb16324c00267a273a1d37e60817c0c3a0697dfe7dbe151f94a,6383,femnist,1e-05,11.028094000095734,25600,1595,0.2493359375,4.0,71004,controlled,0.6957456636428833,5315,0.0,1.0,this-work,1.0,0,0,51ac3532ef9ca78f2f3bcdd5cf5188833d4ca28719ee2705bcdaba84c0f1fcfa,16.0,handle-only-drop-residual,user_macro_accuracy,0.12765625,9.214933748786253,1121001,1.0,50,6383,0.1610000999935437,0.5,0.9999999904632568,0.19494359783828258,0.2493359375,325,,85e2c0f67dd26b6eb06bd8a9d1355cd162f47ba512379568bb155acfe11a2c54,user-certified,512.0,0.5,0.5,0.5,0.2503008423586041,0.5,0.5,0.5,25600,0.0,0.5487931604683399,0.0,867c7c9c4639a5264113153b8958db94568b7259c2b70c97842809dedfdad758,0.12765625,controlled-middle,81104,103,51004,1.0,61004,0.12765625,True,16.998570599913364,3
6,1.0,1,0.0026081198266288967,plan-c,1.0,0.9999999952316284,primary,0,7e5a7b1076ff2cb16324c00267a273a1d37e60817c0c3a0697dfe7dbe151f94a,25600,femnist,1e-05,0.0,0,0,1.0,4.0,71004,controlled,0.845100090354681,20445,0.0,1.0,this-work,0.0,1597,0,51ac3532ef9ca78f2f3bcdd5cf5188833d4ca28719ee2705bcdaba84c0f1fcfa,16.0,stable-local-fallback,user_macro_accuracy,0.10453125,9.214933748786253,1121001,1.0,50,25600,0.05959739998797886,0.5,0.0,0.0,0.0,0,,85e2c0f67dd26b6eb06bd8a9d1355cd162f47ba512379568bb155acfe11a2c54,user-certified,512.0,0.5,0.5,0.5,0.2503008423586041,0.5,0.5,0.5,25600,0.9999999952316284,0.845100090354681,1.0,da811f04ad1646e7ed4b420483f2ac79724081c6032facf38c40c84bcd6079ea,0.10453125,controlled-middle,81104,103,51004,1.0,61004,0.10453125,True,15.94587710002088,3
6,1.0,1,0.004860181661470959,plan-c,1.0,0.9999999809265137,primary,0,23da1c0c692ae454db6e5ea6da7f66613b3e4f16585e6290e7b23790c012af36,6436,femnist,1e-05,10.913740599906305,25600,1651,0.25140625,4.0,71005,controlled,1.0243232992291451,5351,0.0,1.0,this-work,1.0,0,0,93f00606b8597402a8af246bcc5aea00fb4d7d96dde7040f4a708855d24f6b35,15.972307692307693,handle-only-drop-residual,user_macro_accuracy,0.18015625,9.214933748786253,1131001,1.0,50,6436,0.06513519983855076,0.5,0.9999999809265137,0.28909049682319166,0.25140625,325,,85e2c0f67dd26b6eb06bd8a9d1355cd162f47ba512379568bb155acfe11a2c54,user-certified,512.0,0.5,0.5,0.5,0.2497834664613608,0.5,0.5,0.5,25600,0.0,0.795699048191309,0.0,016be35071ac2855c33f1b606b4ebe3ad00199180d82109cce9fb141209397bf,0.18015625,controlled-middle,81105,104,51005,1.0,61005,0.18015625,True,15.807329100265633,4
6,1.0,1,0.005972935072888494,plan-delta,2.0,0.999015451669693,primary,0,23da1c0c692ae454db6e5ea6da7f66613b3e4f16585e6290e7b23790c012af36,25600,femnist,1e-05,0.0,0,0,1.0,4.0,71005,controlled,10.328901191651822,21383,0.0,1.0,this-work,,1651,0,93f00606b8597402a8af246bcc5aea00fb4d7d96dde7040f4a708855d24f6b35,15.972307692307693,naive-recalibrated-2c,user_macro_accuracy,0.1628125,9.214933748786253,1131001,2.0,50,25600,0.06778159996611066,0.5,0.9975371825695037,2.638050736784935,0.25140625,325,,85e2c0f67dd26b6eb06bd8a9d1355cd162f47ba512379568bb155acfe11a2c54,user-certified,512.0,0.5,0.5,0.5,0.2497834664613608,0.5,0.5,0.5,25600,0.9995043754577637,7.805301158279181,0.74859375,4227e7e8d6bc95667baabfd8f207fcb184ca2b0ec5f58579615820cee003e3e9,0.1628125,controlled-middle,81105,104,51005,2.0,61005,0.1628125,True,15.999604900018312,4
6,1.0,1,0.004516693362546309,plan-c,1.0,0.9999999880790711,diagnostic,0,23da1c0c692ae454db6e5ea6da7f66613b3e4f16585e6290e7b23790c012af36,25600,femnist,1e-05,0.0,0,0,1.0,4.0,71005,controlled,1.028434106260538,21383,0.0,1.0,this-work,0.9,1651,0,93f00606b8597402a8af246bcc5aea00fb4d7d96dde7040f4a708855d24f6b35,15.972307692307693,unitscope-lambda-sweep,user_macro_accuracy,0.17609375,9.214933748786253,1131001,1.0,50,25600,0.06970510000246577,0.5,0.9999999809265137,0.2926304142922163,0.25140625,325,,85e2c0f67dd26b6eb06bd8a9d1355cd162f47ba512379568bb155acfe11a2c54,user-certified,512.0,0.5,0.5,0.5,0.2497834664613608,0.5,0.5,0.5,25600,0.9999999904632568,0.7966298782825469,0.74859375,9e394d619a46b184d547db22079135fb45c1ddc5868fa5903172940635111a2c,0.17609375,controlled-middle,81105,104,51005,1.0,61005,0.17609375,True,15.910469700000249,4
6,1.0,1,0.002665096172903685,plan-c,1.0,0.9999999976158143,primary,0,23da1c0c692ae454db6e5ea6da7f66613b3e4f16585e6290e7b23790c012af36,25600,femnist,1e-05,0.0,0,0,1.0,4.0,71005,controlled,1.0949643449485302,20632,0.0,1.0,this-work,0.0,1653,0,93f00606b8597402a8af246bcc5aea00fb4d7d96dde7040f4a708855d24f6b35,15.972307692307693,stable-local-fallback,user_macro_accuracy,0.16296875,9.214933748786253,1131001,1.0,50,25600,0.058707599848276004,0.5,0.0,0.0,0.0,0,,85e2c0f67dd26b6eb06bd8a9d1355cd162f47ba512379568bb155acfe11a2c54,user-certified,512.0,0.5,0.5,0.5,0.2497834664613608,0.5,0.5,0.5,25600,0.9999999976158143,1.0949643449485302,1.0,ed0ceace9841a4953c88e969125a192b819bd224e2b08afc985c5e5b4e88af06,0.16296875,controlled-middle,81105,104,51005,1.0,61005,0.16296875,True,15.790864800161216,4
6,1.0,1,0.004698346368957848,plan-c,1.0,0.9999999797344208,primary,0,fdabbf02ba53d26ae82af264523418cecad0114b6cf92fb0952c4473155d2077,6447,femnist,1e-05,10.970259900117526,25600,1607,0.2518359375,4.0,71006,controlled,0.5237206429243088,5395,0.0,1.0,this-work,1.0,0,0,c4f7fb6b8945781448ecfcea03fde91fe23419e8e7342f04ba7523036c57ea76,16.0,handle-only-drop-residual,user_macro_accuracy,0.17180803571428568,9.214933748786253,1141001,1.0,50,6447,0.0644958000339102,0.5,0.9999999797344208,0.14693277163431048,0.2518359375,325,,85e2c0f67dd26b6eb06bd8a9d1355cd162f47ba512379568bb155acfe11a2c54,user-certified,512.0,0.5,0.5,0.5,0.2500841629394508,0.5,0.5,0.5,25600,0.0,0.4163294862210751,0.0,0c90f5b48c19e22dd0040c80c600757a6f95eedf753dbe85c5b344b2d3d7f8af,0.17188968975242871,controlled-middle,81106,105,51006,1.0,61006,0.17180803571428568,True,15.783591499843169,5
6,1.0,1,0.005119493064427868,plan-delta,2.0,0.9996192240715027,primary,0,fdabbf02ba53d26ae82af264523418cecad0114b6cf92fb0952c4473155d2077,25600,femnist,1e-05,0.0,0,0,1.0,4.0,71006,controlled,5.373957549482584,21305,0.0,1.0,this-work,,1607,0,c4f7fb6b8945781448ecfcea03fde91fe23419e8e7342f04ba7523036c57ea76,16.0,naive-recalibrated-2c,user_macro_accuracy,0.1791517857142857,9.214933748786253,1141001,2.0,50,25600,0.06657560003804974,0.5,0.9987163138389588,1.423199583310634,0.2518359375,325,,85e2c0f67dd26b6eb06bd8a9d1355cd162f47ba512379568bb155acfe11a2c54,user-certified,512.0,0.5,0.5,0.5,0.2500841629394508,0.5,0.5,0.5,25600,0.999935884475708,4.038691068887711,0.7481640625,522b44257f96a7fce91dffc8d1d9f34dec843d3f5c2e983cc7c175365daea01f,0.17925415230335318,controlled-middle,81106,105,51006,2.0,61006,0.1791517857142857,True,16.094021699973382,5
6,1.0,1,0.004340842831924702,plan-c,1.0,0.9999999833106995,diagnostic,0,fdabbf02ba53d26ae82af264523418cecad0114b6cf92fb0952c4473155d2077,25600,femnist,1e-05,0.0,0,0,1.0,4.0,71006,controlled,0.5237568770349026,21305,0.0,1.0,this-work,0.9,1607,0,c4f7fb6b8945781448ecfcea03fde91fe23419e8e7342f04ba7523036c57ea76,16.0,unitscope-lambda-sweep,user_macro_accuracy,0.16560267857142857,9.214933748786253,1141001,1.0,50,25600,0.06521470000734553,0.5,0.9999999797344208,0.1494616463407874,0.2518359375,325,,85e2c0f67dd26b6eb06bd8a9d1355cd162f47ba512379568bb155acfe11a2c54,user-certified,512.0,0.5,0.5,0.5,0.2500841629394508,0.5,0.5,0.5,25600,0.9999999868869781,0.4140792167186737,0.7481640625,c134a983b5d32f2b3c22041bfd4f45c9fcccf131d0b1a1558fc7e746f9e6f0ca,0.1654653713569414,controlled-middle,81106,105,51006,1.0,61006,0.16560267857142857,True,15.930863499990664,5
6,1.0,1,0.0024070583162606536,plan-c,1.0,0.9999999952316284,primary,0,fdabbf02ba53d26ae82af264523418cecad0114b6cf92fb0952c4473155d2077,25600,femnist,1e-05,0.0,0,0,1.0,4.0,71006,controlled,0.5642533122003078,20526,0.0,1.0,this-work,0.0,1612,0,c4f7fb6b8945781448ecfcea03fde91fe23419e8e7342f04ba7523036c57ea76,16.0,stable-local-fallback,user_macro_accuracy,0.12825892857142857,9.214933748786253,1141001,1.0,50,25600,0.06048670000745915,0.5,0.0,0.0,0.0,0,,85e2c0f67dd26b6eb06bd8a9d1355cd162f47ba512379568bb155acfe11a2c54,user-certified,512.0,0.5,0.5,0.5,0.2500841629394508,0.5,0.5,0.5,25600,0.9999999952316284,0.5642533122003078,1.0,ec0e153348e6729958c883e7615f15a53333b78452c44d3d91c014cdde681ae5,0.1280162958320276,controlled-middle,81106,105,51006,1.0,61006,0.12825892857142857,True,15.844409499986796,5
6,1.0,1,0.004944355462160459,plan-c,1.0,0.9999999904632568,primary,0,b1b1309a33b1e34d0b618a5ca7f6d5da0c564696d660c2a71f16b95a403a7027,6359,femnist,1e-05,10.886255199991865,25600,1601,0.2483984375,4.0,71007,controlled,0.7582202799618244,5327,0.0,1.0,this-work,1.0,0,0,4877aad21fbf48f8f803732459aa7538e01a3bc1a4af70c1d08c54946ba291a3,16.0,handle-only-drop-residual,user_macro_accuracy,0.2424330357142857,9.214933748786253,1151001,1.0,50,6359,0.16264480003155768,0.5,0.9999999904632568,0.20996159370988607,0.2483984375,325,,85e2c0f67dd26b6eb06bd8a9d1355cd162f47ba512379568bb155acfe11a2c54,user-certified,512.0,0.5,0.5,0.5,0.25,0.5,0.5,0.5,25600,0.0,0.5974790415167809,0.0,05e2e38a6ef9909d38552d66f41bacf75a7b13d9a3410fc5fa0463f932092c50,0.24298039215686273,controlled-middle,81107,106,51007,1.0,61007,0.2424330357142857,True,15.674814099969808,6
6,1.0,1,0.005734833797004881,plan-delta,2.0,0.9996238744258881,primary,0,b1b1309a33b1e34d0b618a5ca7f6d5da0c564696d660c2a71f16b95a403a7027,25600,femnist,1e-05,0.0,0,0,1.0,4.0,71007,controlled,6.937300199121236,21277,0.0,1.0,this-work,,1601,0,4877aad21fbf48f8f803732459aa7538e01a3bc1a4af70c1d08c54946ba291a3,16.0,naive-recalibrated-2c,user_macro_accuracy,0.20062232142857142,9.214933748786253,1151001,2.0,50,25600,0.06643059983616695,0.5,0.9992560231685639,1.7654406924173236,0.2483984375,325,,85e2c0f67dd26b6eb06bd8a9d1355cd162f47ba512379568bb155acfe11a2c54,user-certified,512.0,0.5,0.5,0.5,0.25,0.5,0.5,0.5,25600,0.9997492372989655,5.2590044683218,0.7516015625,3a028efe1b47c894b6c7282b2f40ea9d188cf3a5cfc1dbd09f05efb3f88e4ae9,0.20047058823529412,controlled-middle,81107,106,51007,2.0,61007,0.20062232142857142,True,15.91991730016889,6
6,1.0,1,0.0025573103125290015,plan-c,1.0,0.9999999976158143,primary,0,b1b1309a33b1e34d0b618a5ca7f6d5da0c564696d660c2a71f16b95a403a7027,25600,femnist,1e-05,0.0,0,0,1.0,4.0,71007,controlled,0.7723749078810215,20468,0.0,1.0,this-work,0.0,1607,0,4877aad21fbf48f8f803732459aa7538e01a3bc1a4af70c1d08c54946ba291a3,16.0,stable-local-fallback,user_macro_accuracy,0.19903928571428572,9.214933748786253,1151001,1.0,50,25600,0.060420399968279526,0.5,0.0,0.0,0.0,0,,85e2c0f67dd26b6eb06bd8a9d1355cd162f47ba512379568bb155acfe11a2c54,user-certified,512.0,0.5,0.5,0.5,0.25,0.5,0.5,0.5,25600,0.9999999976158143,0.7723749078810215,1.0,cf2ce295130cfa881da79b264a2034bd0154729f2963453e971d8c10b7af2143,0.19937254901960785,controlled-middle,81107,106,51007,1.0,61007,0.19903928571428572,True,15.860575400030939,6
6,1.0,1,0.0045782041197626275,plan-c,1.0,0.9999999809265137,diagnostic,0,b1b1309a33b1e34d0b618a5ca7f6d5da0c564696d660c2a71f16b95a403a7027,25600,femnist,1e-05,0.0,0,0,1.0,4.0,71007,controlled,0.7596053463220597,21277,0.0,1.0,this-work,0.9,1601,0,4877aad21fbf48f8f803732459aa7538e01a3bc1a4af70c1d08c54946ba291a3,16.0,unitscope-lambda-sweep,user_macro_accuracy,0.2375892857142857,9.214933748786253,1151001,1.0,50,25600,0.0665426999621559,0.5,0.9999999904632568,0.21236904956400393,0.2483984375,325,,85e2c0f67dd26b6eb06bd8a9d1355cd162f47ba512379568bb155acfe11a2c54,user-certified,512.0,0.5,0.5,0.5,0.25,0.5,0.5,0.5,25600,0.9999999880790711,0.5969540509581566,0.7516015625,e586fb6252f7548ffc8c730928d9016f4a7103df7b7aeeca951d821e273926d9,0.23811764705882352,controlled-middle,81107,106,51007,1.0,61007,0.2375892857142857,True,15.837220200017327,6
6,1.0,1,0.00236699722159752,plan-c,1.0,0.9999999952316284,primary,0,47bc3a072f4f6debcc9399a2d5f308966d5bc60ad94c25c6e0db86cba685c7ff,25600,femnist,1e-05,0.0,0,0,1.0,4.0,71008,controlled,0.7403012919425964,20520,0.0,1.0,this-work,0.0,1629,0,c7a3dcf7f246db13a3bedaf19e1d21ba6f4713a25c46dcd8355ace10c82c69df,16.0,stable-local-fallback,user_macro_accuracy,0.14399375,9.214933748786253,1161001,1.0,50,25600,0.062022100057220086,0.5,0.0,0.0,0.0,0,,85e2c0f67dd26b6eb06bd8a9d1355cd162f47ba512379568bb155acfe11a2c54,user-certified,512.0,0.5,0.5,0.5,0.25,0.5,0.5,0.5,25600,0.9999999952316284,0.7403012919425964,1.0,a9954cb576b77b5a9a1ae97f09c53767bac1bb19faec690c9595e74a13242d91,0.14406381980290944,controlled-middle,81108,107,51008,1.0,61008,0.14399375,True,15.729027999943355,7
6,1.0,1,0.005403675442987862,plan-delta,2.0,0.9999069535732269,primary,0,47bc3a072f4f6debcc9399a2d5f308966d5bc60ad94c25c6e0db86cba685c7ff,25600,femnist,1e-05,0.0,0,0,1.0,4.0,71008,controlled,6.235311284959316,21353,0.0,1.0,this-work,,1625,0,c7a3dcf7f246db13a3bedaf19e1d21ba6f4713a25c46dcd8355ace10c82c69df,16.0,naive-recalibrated-2c,user_macro_accuracy,0.207225,9.214933748786253,1161001,2.0,50,25600,0.16744310001377016,0.5,0.9999999833106995,1.5692368916235864,0.246875,325,,85e2c0f67dd26b6eb06bd8a9d1355cd162f47ba512379568bb155acfe11a2c54,user-certified,512.0,0.5,0.5,0.5,0.25,0.5,0.5,0.5,25600,0.9998802304267883,4.76288140013814,0.753125,ba0fa1c878d3ea106cf90e572c0a2ebf22d5078badbae6b45d9200c83d211871,0.20710151728452997,controlled-middle,81108,107,51008,2.0,61008,0.207225,True,14.120910400000867,7
6,1.0,1,0.004080109694606338,plan-c,1.0,0.9999999773502349,diagnostic,0,47bc3a072f4f6debcc9399a2d5f308966d5bc60ad94c25c6e0db86cba685c7ff,25600,femnist,1e-05,0.0,0,0,1.0,4.0,71008,controlled,0.6837743446230888,21353,0.0,1.0,this-work,0.9,1625,0,c7a3dcf7f246db13a3bedaf19e1d21ba6f4713a25c46dcd8355ace10c82c69df,16.0,unitscope-lambda-sweep,user_macro_accuracy,0.20615625,9.214933748786253,1161001,1.0,50,25600,0.06546739998157136,0.5,0.9999999833106995,0.1818621486797929,0.246875,325,,85e2c0f67dd26b6eb06bd8a9d1355cd162f47ba512379568bb155acfe11a2c54,user-certified,512.0,0.5,0.5,0.5,0.25,0.5,0.5,0.5,25600,0.9999999904632568,0.554605800807476,0.753125,df48ee2b8f2b7d9a3a6db84fb148ae9f3816f8f207e73fba776a4d48035e04d7,0.20616299077115596,controlled-middle,81108,107,51008,1.0,61008,0.20615625,True,14.233400400000392,7
6,1.0,1,0.004419689908510211,plan-c,1.0,0.9999999833106995,primary,0,47bc3a072f4f6debcc9399a2d5f308966d5bc60ad94c25c6e0db86cba685c7ff,6320,femnist,1e-05,9.395254500006558,25600,1625,0.246875,4.0,71008,controlled,0.67681988671422,5255,0.0,1.0,this-work,1.0,0,0,c7a3dcf7f246db13a3bedaf19e1d21ba6f4713a25c46dcd8355ace10c82c69df,16.0,handle-only-drop-residual,user_macro_accuracy,0.20725000000000002,9.214933748786253,1161001,1.0,50,6320,0.16408449996379204,0.5,0.9999999833106995,0.17921404713764788,0.246875,325,,85e2c0f67dd26b6eb06bd8a9d1355cd162f47ba512379568bb155acfe11a2c54,user-certified,512.0,0.5,0.5,0.5,0.25,0.5,0.5,0.5,25600,0.0,0.549942669570446,0.0,f32c2d4e2b4f64af00aad8c958ae2855446a40053a8cd5fc83ae4091f7da5158,0.2072579383700923,controlled-middle,81108,107,51008,1.0,61008,0.20725000000000002,True,14.377168700040784,7
6,1.0,1,0.006325818343414002,plan-delta,2.0,0.9991236186027527,primary,0,0d1428ea55029c12d63b6caab4711b6938954355549e30f850545306af209bdc,25600,femnist,1e-05,0.0,0,0,1.0,4.0,71009,controlled,9.437746565937996,21288,0.0,1.0,this-work,,1581,0,334a188aabc69b0ea94c98b30cfe43f46214ac86f9ffab6793ab498ae7a38205,15.990769230769232,naive-recalibrated-2c,user_macro_accuracy,0.0934375,9.214933748786253,1171001,2.0,50,25600,0.16577880003023893,0.5,0.9983564341068267,2.3857851219922304,0.2487109375,325,,85e2c0f67dd26b6eb06bd8a9d1355cd162f47ba512379568bb155acfe11a2c54,user-certified,512.0,0.4999384615384616,0.49995189069566054,0.5,0.24989179050642044,0.5,0.5,0.5,25600,0.9993920814990997,7.1499199913442135,0.7512890625,90cb81e40ee9c4206eca4d294d3832c8cdfc7396d85bfdae1af23096c1ab1a96,0.0934375,controlled-middle,81109,108,51009,2.0,61009,0.0934375,True,16.03651899995748,8
6,1.0,1,0.004580770578495332,plan-c,1.0,0.9999999797344208,diagnostic,0,0d1428ea55029c12d63b6caab4711b6938954355549e30f850545306af209bdc,25600,femnist,1e-05,0.0,0,0,1.0,4.0,71009,controlled,0.8942975477874279,21288,0.0,1.0,this-work,0.9,1581,0,334a188aabc69b0ea94c98b30cfe43f46214ac86f9ffab6793ab498ae7a38205,15.990769230769232,unitscope-lambda-sweep,user_macro_accuracy,0.11046875,9.214933748786253,1171001,1.0,50,25600,0.06660570003441535,0.5,0.9999999856948852,0.25523271922022106,0.2487109375,325,,85e2c0f67dd26b6eb06bd8a9d1355cd162f47ba512379568bb155acfe11a2c54,user-certified,512.0,0.4999384615384616,0.49995189069566054,0.5,0.24989179050642044,0.5,0.5,0.5,25600,0.9999999845027924,0.7004855945706367,0.7512890625,cf7163d1bab31d5632a8641eac3887222e288748e9861b2c0614660e3394fb86,0.11046875,controlled-middle,81109,108,51009,1.0,61009,0.11046875,True,15.401011399953859,8
6,1.0,1,0.0027028328208996344,plan-c,1.0,0.9999999976158143,primary,0,0d1428ea55029c12d63b6caab4711b6938954355549e30f850545306af209bdc,25600,femnist,1e-05,0.0,0,0,1.0,4.0,71009,controlled,0.9773440636694432,20416,0.0,1.0,this-work,0.0,1584,0,334a188aabc69b0ea94c98b30cfe43f46214ac86f9ffab6793ab498ae7a38205,15.990769230769232,stable-local-fallback,user_macro_accuracy,0.0965625,9.214933748786253,1171001,1.0,50,25600,0.061201099917525426,0.5,0.0,0.0,0.0,0,,85e2c0f67dd26b6eb06bd8a9d1355cd162f47ba512379568bb155acfe11a2c54,user-certified,512.0,0.4999384615384616,0.49995189069566054,0.5,0.24989179050642044,0.5,0.5,0.5,25600,0.9999999976158143,0.9773440636694432,1.0,d50bcbf2a399ea538b68561cce5d3606371aaae05b6af9e08fe35652e9738424,0.0965625,controlled-middle,81109,108,51009,1.0,61009,0.0965625,True,15.822737900103675,8
6,1.0,1,0.0049294568973685185,plan-c,1.0,0.9999999856948852,primary,0,0d1428ea55029c12d63b6caab4711b6938954355549e30f850545306af209bdc,6367,femnist,1e-05,11.039990399993258,25600,1581,0.2487109375,4.0,71009,controlled,0.8883779615163803,5310,0.0,1.0,this-work,1.0,0,0,334a188aabc69b0ea94c98b30cfe43f46214ac86f9ffab6793ab498ae7a38205,15.990769230769232,handle-only-drop-residual,user_macro_accuracy,0.1140625,9.214933748786253,1171001,1.0,50,6367,0.06490989998565055,0.5,0.9999999856948852,0.2519221360236406,0.2487109375,325,,85e2c0f67dd26b6eb06bd8a9d1355cd162f47ba512379568bb155acfe11a2c54,user-certified,512.0,0.4999384615384616,0.49995189069566054,0.5,0.24989179050642044,0.5,0.5,0.5,25600,0.0,0.6976248437166214,0.0,e009cf8b1c0353bc2db71f03fd7df21c0dda6c8ddd3914cfca7ddd4f53fc2bc3,0.1140625,controlled-middle,81109,108,51009,1.0,61009,0.1140625,True,15.619249600043986,8
6,1.0,1,0.004666769887531513,plan-c,1.0,0.9999999868869781,primary,0,c11287c63edf9f0e7f9de1fa6038f0ae2c680647b80e4e42adfe4648025f90b8,6326,femnist,1e-05,9.324145500053419,25600,1618,0.247109375,4.0,71010,controlled,0.6043867218494415,5279,0.0,1.0,this-work,1.0,0,0,6e5f6364b86e002f39a502f51ca55280a282ab2ce5a4a39e960778079c489966,15.963076923076922,handle-only-drop-residual,user_macro_accuracy,0.13796875,9.214933748786253,1181001,1.0,50,6326,0.06423299995367415,0.5,0.9999999868869781,0.16342673007398845,0.247109375,325,,85e2c0f67dd26b6eb06bd8a9d1355cd162f47ba512379568bb155acfe11a2c54,user-certified,512.0,0.4999384615384616,0.4999518072289157,0.5,0.2496750902527076,0.5,0.5,0.5,25600,0.0,0.482298474162817,0.0,182f921db7f10cc38d88323f6881862aa0d2951cd4ccba93f51b5ce0e23017b5,0.13796875,controlled-middle,81110,109,51010,1.0,61010,0.13796875,True,13.908505900006276,9
6,1.0,1,0.004342308555822996,plan-c,1.0,0.9999999785423279,diagnostic,0,c11287c63edf9f0e7f9de1fa6038f0ae2c680647b80e4e42adfe4648025f90b8,25600,femnist,1e-05,0.0,0,0,1.0,4.0,71010,controlled,0.6125934083759784,21229,0.0,1.0,this-work,0.9,1618,0,6e5f6364b86e002f39a502f51ca55280a282ab2ce5a4a39e960778079c489966,15.963076923076922,unitscope-lambda-sweep,user_macro_accuracy,0.13203125,9.214933748786253,1181001,1.0,50,25600,0.06465089999255724,0.5,0.9999999868869781,0.16804528512060643,0.247109375,325,,85e2c0f67dd26b6eb06bd8a9d1355cd162f47ba512379568bb155acfe11a2c54,user-certified,512.0,0.4999384615384616,0.4999518072289157,0.5,0.2496750902527076,0.5,0.5,0.5,25600,0.9999999833106995,0.4862639291584492,0.752890625,60f7cd35d748765bb222513a3fd02a9b094df5f201ec3c4d375671c53d1afc80,0.13203125,controlled-middle,81110,109,51010,1.0,61010,0.13203125,True,14.023571800003992,9
6,1.0,1,0.0025331444096781276,plan-c,1.0,0.9999999952316284,primary,0,c11287c63edf9f0e7f9de1fa6038f0ae2c680647b80e4e42adfe4648025f90b8,25600,femnist,1e-05,0.0,0,0,1.0,4.0,71010,controlled,0.6895601788163185,20471,0.0,1.0,this-work,0.0,1624,0,6e5f6364b86e002f39a502f51ca55280a282ab2ce5a4a39e960778079c489966,15.963076923076922,stable-local-fallback,user_macro_accuracy,0.09828125,9.214933748786253,1181001,1.0,50,25600,0.06000059994403273,0.5,0.0,0.0,0.0,0,,85e2c0f67dd26b6eb06bd8a9d1355cd162f47ba512379568bb155acfe11a2c54,user-certified,512.0,0.4999384615384616,0.4999518072289157,0.5,0.2496750902527076,0.5,0.5,0.5,25600,0.9999999952316284,0.6895601788163185,1.0,98af70179a6f68c958f66ef139157c9b883fa7e007118e2a67c6db1a7e851380,0.09828125,controlled-middle,81110,109,51010,1.0,61010,0.09828125,True,15.434549200057518,9
6,1.0,1,0.005576815078944157,plan-delta,2.0,0.9999516689777375,primary,0,c11287c63edf9f0e7f9de1fa6038f0ae2c680647b80e4e42adfe4648025f90b8,25600,femnist,1e-05,0.0,0,0,1.0,4.0,71010,controlled,6.156624971181154,21229,0.0,1.0,this-work,,1618,0,6e5f6364b86e002f39a502f51ca55280a282ab2ce5a4a39e960778079c489966,15.963076923076922,naive-recalibrated-2c,user_macro_accuracy,0.11296875,9.214933748786253,1181001,2.0,50,25600,0.06780959997558966,0.5,0.9998058128356934,1.5340626686438918,0.247109375,325,,85e2c0f67dd26b6eb06bd8a9d1355cd162f47ba512379568bb155acfe11a2c54,user-certified,512.0,0.4999384615384616,0.4999518072289157,0.5,0.2496750902527076,0.5,0.5,0.5,25600,0.9999999833106995,4.70598581135273,0.752890625,f7d11b57592c5e17a7ee640a39d04cef7c8706d1072958b76a45dd5b0f93b560,0.11296875,controlled-middle,81110,109,51010,2.0,61010,0.11296875,True,14.306163400033256,9
6,1.0,1,0.0044031478617567,plan-c,1.0,0.9999999797344208,diagnostic,0,749e27f77a7037d0c81454e1313a6f04615d48371ccd43731678247050eb93bf,25600,femnist,1e-05,0.0,0,0,1.0,4.0,71011,controlled,0.6631029164791107,21388,0.0,1.0,this-work,0.9,1683,0,ee665dc7fd6d2d18678ee212c3234cf5625aa53f3b5851a57b923a357f1c9547,16.0,unitscope-lambda-sweep,user_macro_accuracy,0.17140625,9.214933748786253,1191001,1.0,50,25600,0.06550210015848279,0.5,0.9999999856948852,0.202378573641181,0.255078125,325,,85e2c0f67dd26b6eb06bd8a9d1355cd162f47ba512379568bb155acfe11a2c54,user-certified,512.0,0.5,0.5,0.5,0.2500841629394508,0.5,0.5,0.5,25600,0.9999999904632568,0.5126300796866416,0.744921875,1ca7d3a95e104dae54527f1d8cdf8e03673199af3e1c56a36b6a048b36bb229a,0.17140625,controlled-middle,81111,110,51011,1.0,61011,0.17140625,True,15.700376299821073,10
6,1.0,1,0.0047721686554468516,plan-c,1.0,0.9999999856948852,primary,0,749e27f77a7037d0c81454e1313a6f04615d48371ccd43731678247050eb93bf,6530,femnist,1e-05,10.873275099904276,25600,1683,0.255078125,4.0,71011,controlled,0.6641427712142467,5456,0.0,1.0,this-work,1.0,0,0,ee665dc7fd6d2d18678ee212c3234cf5625aa53f3b5851a57b923a357f1c9547,16.0,handle-only-drop-residual,user_macro_accuracy,0.18046875,9.214933748786253,1191001,1.0,50,6530,0.0651658000133466,0.5,0.9999999856948852,0.200296121686697,0.255078125,325,,85e2c0f67dd26b6eb06bd8a9d1355cd162f47ba512379568bb155acfe11a2c54,user-certified,512.0,0.5,0.5,0.5,0.2500841629394508,0.5,0.5,0.5,25600,0.0,0.5149935819208622,0.0,349cee50aa38197817aa039a0337797b25d5b478d243e9b1864220d85db3b167,0.18046875,controlled-middle,81111,110,51011,1.0,61011,0.18046875,True,15.748479500092799,10
6,1.0,1,0.0024060793075235134,plan-c,1.0,0.9999999916553497,primary,0,749e27f77a7037d0c81454e1313a6f04615d48371ccd43731678247050eb93bf,25600,femnist,1e-05,0.0,0,0,1.0,4.0,71011,controlled,0.7061878868937492,20632,0.0,1.0,this-work,0.0,1687,0,ee665dc7fd6d2d18678ee212c3234cf5625aa53f3b5851a57b923a357f1c9547,16.0,stable-local-fallback,user_macro_accuracy,0.13328125,9.214933748786253,1191001,1.0,50,25600,0.06214500006171875,0.5,0.0,0.0,0.0,0,,85e2c0f67dd26b6eb06bd8a9d1355cd162f47ba512379568bb155acfe11a2c54,user-certified,512.0,0.5,0.5,0.5,0.2500841629394508,0.5,0.5,0.5,25600,0.9999999916553497,0.7061878868937492,1.0,bc0cd1d6f4dad12723dc87ade342a7118c22c4a8b63835589feca03718bd61b7,0.13328125,controlled-middle,81111,110,51011,1.0,61011,0.13328125,True,16.05661599992891,10
6,1.0,1,0.005837560452184324,plan-delta,2.0,0.9999999797344208,primary,0,749e27f77a7037d0c81454e1313a6f04615d48371ccd43731678247050eb93bf,25600,femnist,1e-05,0.0,0,0,1.0,4.0,71011,controlled,6.341721488684416,21388,0.0,1.0,this-work,,1683,0,ee665dc7fd6d2d18678ee212c3234cf5625aa53f3b5851a57b923a357f1c9547,16.0,naive-recalibrated-2c,user_macro_accuracy,0.14203125,9.214933748786253,1191001,2.0,50,25600,0.16237759997602552,0.5,0.9999999856948852,1.6717648946121335,0.255078125,325,,85e2c0f67dd26b6eb06bd8a9d1355cd162f47ba512379568bb155acfe11a2c54,user-certified,512.0,0.5,0.5,0.5,0.2500841629394508,0.5,0.5,0.5,25600,0.9999999904632568,4.750921788364649,0.744921875,e5baa7646fdec7d8a36eec28d216653a11fa380fc4eb345a7361943231fe21fa,0.14203125,controlled-middle,81111,110,51011,2.0,61011,0.14203125,True,15.886466800031485,10
6,1.0,1,0.005059433167334931,plan-delta,2.0,0.999953464269638,primary,0,e960eefb0789e65fbf2afefc8bc87bc264aba51c1fcc10bef86d17e7263e5b50,25600,femnist,1e-05,0.0,0,0,1.0,4.0,71012,controlled,4.128742560893297,21430,0.0,1.0,this-work,,1617,0,a25aa3f3bcce4684fb83cb15b59236e2dc7a1c6295a20aa5f6e282567ab1d195,16.0,naive-recalibrated-2c,user_macro_accuracy,0.12703125,9.214933748786253,1201001,2.0,50,25600,0.06540750013664365,0.5,0.9998076772689819,1.0690961735881865,0.25109375,325,,85e2c0f67dd26b6eb06bd8a9d1355cd162f47ba512379568bb155acfe11a2c54,user-certified,512.0,0.5,0.5,0.5,0.2503008423586041,0.5,0.5,0.5,25600,0.9999999904632568,3.1368907351791857,0.74890625,03b6715521bd38bed97bc20413715e58198452b2359b42fb317400ca9e3dbe30,0.12703125,controlled-middle,81112,111,51012,2.0,61012,0.12703125,True,13.878832399874227,11
6,1.0,1,0.0025539967279159886,plan-c,1.0,0.9999999976158143,primary,0,e960eefb0789e65fbf2afefc8bc87bc264aba51c1fcc10bef86d17e7263e5b50,25600,femnist,1e-05,0.0,0,0,1.0,4.0,71012,controlled,0.6649737545847892,20555,0.0,1.0,this-work,0.0,1618,0,a25aa3f3bcce4684fb83cb15b59236e2dc7a1c6295a20aa5f6e282567ab1d195,16.0,stable-local-fallback,user_macro_accuracy,0.1115625,9.214933748786253,1201001,1.0,50,25600,0.06046340015018359,0.5,0.0,0.0,0.0,0,,85e2c0f67dd26b6eb06bd8a9d1355cd162f47ba512379568bb155acfe11a2c54,user-certified,512.0,0.5,0.5,0.5,0.2503008423586041,0.5,0.5,0.5,25600,0.9999999976158143,0.6649737545847892,1.0,5fee05816b5370c912d1a91721224a8395222d40fa0266ac5325ec80d7422b43,0.1115625,controlled-middle,81112,111,51012,1.0,61012,0.1115625,True,15.54712969987304,11
6,1.0,1,0.004691443899615718,plan-c,1.0,0.9999999845027924,primary,0,e960eefb0789e65fbf2afefc8bc87bc264aba51c1fcc10bef86d17e7263e5b50,6428,femnist,1e-05,9.141880899958778,25600,1617,0.25109375,4.0,71012,controlled,0.6045572051405906,5329,0.0,1.0,this-work,1.0,0,0,a25aa3f3bcce4684fb83cb15b59236e2dc7a1c6295a20aa5f6e282567ab1d195,16.0,handle-only-drop-residual,user_macro_accuracy,0.12078125,9.214933748786253,1201001,1.0,50,6428,0.16323269996792078,0.5,0.9999999845027924,0.16185046708211304,0.25109375,325,,85e2c0f67dd26b6eb06bd8a9d1355cd162f47ba512379568bb155acfe11a2c54,user-certified,512.0,0.5,0.5,0.5,0.2503008423586041,0.5,0.5,0.5,25600,0.0,0.47943268328905103,0.0,94857926effd48c897729f3a8dc1e06ec1d10908ca8f16a0f9bea1d5b2ede99d,0.12078125,controlled-middle,81112,111,51012,1.0,61012,0.12078125,True,13.762412900046911,11
6,1.0,1,0.004363322370740156,plan-c,1.0,0.9999999761581421,diagnostic,0,e960eefb0789e65fbf2afefc8bc87bc264aba51c1fcc10bef86d17e7263e5b50,25600,femnist,1e-05,0.0,0,0,1.0,4.0,71012,controlled,0.6081933271884918,21430,0.0,1.0,this-work,0.9,1617,0,a25aa3f3bcce4684fb83cb15b59236e2dc7a1c6295a20aa5f6e282567ab1d195,16.0,unitscope-lambda-sweep,user_macro_accuracy,0.12078125,9.214933748786253,1201001,1.0,50,25600,0.06475560006219894,0.5,0.9999999845027924,0.16531653184443712,0.25109375,325,,85e2c0f67dd26b6eb06bd8a9d1355cd162f47ba512379568bb155acfe11a2c54,user-certified,512.0,0.5,0.5,0.5,0.2503008423586041,0.5,0.5,0.5,25600,0.9999999904632568,0.4798705489933491,0.74890625,e91f284004d705d9e2130255636f64d67e32f7ef945343241fa3081255e61e76,0.12078125,controlled-middle,81112,111,51012,1.0,61012,0.12078125,True,13.829219599952921,11
6,1.0,1,0.005608557174648943,plan-delta,2.0,0.9999519062042236,primary,0,8ef342ee954aa08f30f70996253356a686d3a55d6ec6d8e7278f1dca8394cb25,25600,femnist,1e-05,0.0,0,0,1.0,4.0,71013,controlled,6.478461343795061,21172,0.0,1.0,this-work,,1575,0,f613cfaa7511de5347eaabd386933783087e80e1e92312107e04998a29f73271,15.972307692307693,naive-recalibrated-2c,user_macro_accuracy,0.12825625000000002,9.214933748786253,1211001,2.0,50,25600,0.06563320005079731,0.5,0.999803911447525,1.6470226964354515,0.252734375,325,,85e2c0f67dd26b6eb06bd8a9d1355cd162f47ba512379568bb155acfe11a2c54,user-certified,512.0,0.5,0.5,0.5,0.2497834664613608,0.5,0.5,0.5,25600,0.9999999940395355,4.92800023958087,0.747265625,27eacf3d74d9696fd5eef5e49d65699ba1cfc1896337641bbec78906b4c67c3e,0.1282652901611137,controlled-middle,81113,112,51013,2.0,61013,0.12825625000000002,True,16.11814719994436,12
6,1.0,1,0.004902992590226227,plan-c,1.0,0.999999989271164,primary,0,8ef342ee954aa08f30f70996253356a686d3a55d6ec6d8e7278f1dca8394cb25,6470,femnist,1e-05,10.987880200060317,25600,1575,0.252734375,4.0,71013,controlled,0.8241603384912014,5361,0.0,1.0,this-work,1.0,0,0,f613cfaa7511de5347eaabd386933783087e80e1e92312107e04998a29f73271,15.972307692307693,handle-only-drop-residual,user_macro_accuracy,0.14019375,9.214933748786253,1211001,1.0,50,6470,0.06351889981306158,0.5,0.999999989271164,0.24502173401415347,0.252734375,325,,85e2c0f67dd26b6eb06bd8a9d1355cd162f47ba512379568bb155acfe11a2c54,user-certified,512.0,0.5,0.5,0.5,0.2497834664613608,0.5,0.5,0.5,25600,0.0,0.6418226248025894,0.0,323ad38db2ff8f6e06a121bd9e61805b1660bd62651f190d14c727ff65f9f53a,0.13999687157828875,controlled-middle,81113,112,51013,1.0,61013,0.14019375,True,15.590873300126987,12
6,1.0,1,0.004525446797447266,plan-c,1.0,0.9999999821186065,diagnostic,0,8ef342ee954aa08f30f70996253356a686d3a55d6ec6d8e7278f1dca8394cb25,25600,femnist,1e-05,0.0,0,0,1.0,4.0,71013,controlled,0.8192410242557525,21172,0.0,1.0,this-work,0.9,1575,0,f613cfaa7511de5347eaabd386933783087e80e1e92312107e04998a29f73271,15.972307692307693,unitscope-lambda-sweep,user_macro_accuracy,0.137225,9.214933748786253,1211001,1.0,50,25600,0.06519839988322929,0.5,0.999999989271164,0.24654351979494094,0.252734375,325,,85e2c0f67dd26b6eb06bd8a9d1355cd162f47ba512379568bb155acfe11a2c54,user-certified,512.0,0.5,0.5,0.5,0.2497834664613608,0.5,0.5,0.5,25600,0.9999999940395355,0.6358021500706673,0.747265625,bf63381e524a201d50aa0c51010f294f8e0e7a5897565d1c8876997485d38442,0.1370248709526044,controlled-middle,81113,112,51013,1.0,61013,0.137225,True,15.671126200119033,12
6,1.0,1,0.0024066213855144483,plan-c,1.0,0.9999999952316284,primary,0,8ef342ee954aa08f30f70996253356a686d3a55d6ec6d8e7278f1dca8394cb25,25600,femnist,1e-05,0.0,0,0,1.0,4.0,71013,controlled,0.815050003528595,20398,0.0,1.0,this-work,0.0,1581,0,f613cfaa7511de5347eaabd386933783087e80e1e92312107e04998a29f73271,15.972307692307693,stable-local-fallback,user_macro_accuracy,0.11751875,9.214933748786253,1211001,1.0,50,25600,0.06002130010165274,0.5,0.0,0.0,0.0,0,,85e2c0f67dd26b6eb06bd8a9d1355cd162f47ba512379568bb155acfe11a2c54,user-certified,512.0,0.5,0.5,0.5,0.2497834664613608,0.5,0.5,0.5,25600,0.9999999952316284,0.815050003528595,1.0,e9dcd1aa509be2584c15606529c5706a02dd78d144548afc0aceb8a31367bb28,0.11747223525731268,controlled-middle,81113,112,51013,1.0,61013,0.11751875,True,16.076343399909092,12
6,1.0,1,0.0024411596443276755,plan-c,1.0,0.9999999940395355,primary,0,c8dde836a082a7722481d04b62477f6e8786b83268904e25ed53794ca5a4b91a,25600,femnist,1e-05,0.0,0,0,1.0,4.0,71014,controlled,0.8067163215577602,20516,0.0,1.0,this-work,0.0,1582,0,91359308fdc1bcc2b1f47bf27bcb73490c8bb8b52c4151a20362348a15ddeb79,15.963076923076922,stable-local-fallback,user_macro_accuracy,0.12015625,9.214933748786253,1221001,1.0,50,25600,0.06283370003802702,0.5,0.0,0.0,0.0,0,,85e2c0f67dd26b6eb06bd8a9d1355cd162f47ba512379568bb155acfe11a2c54,user-certified,512.0,0.4999384615384616,0.4999518072289157,0.5,0.2496750902527076,0.5,0.5,0.5,25600,0.9999999940395355,0.8067163215577602,1.0,9b15e8200d68fdca7b3691c60a8c369d0c0a6a846dc2df64d4455b191f90a7ed,0.12015625,controlled-middle,81114,113,51014,1.0,61014,0.12015625,True,16.122602899966296,13
6,1.0,1,0.0044673147088596064,plan-c,1.0,0.9999999928474427,primary,0,c8dde836a082a7722481d04b62477f6e8786b83268904e25ed53794ca5a4b91a,6378,femnist,1e-05,10.9818871000316,25600,1580,0.249140625,4.0,71014,controlled,0.7266819851100444,5345,0.0,1.0,this-work,1.0,0,0,91359308fdc1bcc2b1f47bf27bcb73490c8bb8b52c4151a20362348a15ddeb79,15.963076923076922,handle-only-drop-residual,user_macro_accuracy,0.11328125,9.214933748786253,1221001,1.0,50,6378,0.06694300007075071,0.5,0.9999999928474427,0.20169625379145145,0.249140625,325,,85e2c0f67dd26b6eb06bd8a9d1355cd162f47ba512379568bb155acfe11a2c54,user-certified,512.0,0.4999384615384616,0.4999518072289157,0.5,0.2496750902527076,0.5,0.5,0.5,25600,0.0,0.571839501708746,0.0,b75f05db2d0fb65b4c508f46cb5ef9e0abf4d01072cdcd98a0b8b36f251219d2,0.11328125,controlled-middle,81114,113,51014,1.0,61014,0.11328125,True,15.829005999898072,13
6,1.0,1,0.004166009806982103,plan-c,1.0,0.9999999821186065,diagnostic,0,c8dde836a082a7722481d04b62477f6e8786b83268904e25ed53794ca5a4b91a,25600,femnist,1e-05,0.0,0,0,1.0,4.0,71014,controlled,0.7351538795232773,21425,0.0,1.0,this-work,0.9,1580,0,91359308fdc1bcc2b1f47bf27bcb73490c8bb8b52c4151a20362348a15ddeb79,15.963076923076922,unitscope-lambda-sweep,user_macro_accuracy,0.11265625,9.214933748786253,1221001,1.0,50,25600,0.0712529000302311,0.5,0.9999999928474427,0.20626323856413364,0.249140625,325,,85e2c0f67dd26b6eb06bd8a9d1355cd162f47ba512379568bb155acfe11a2c54,user-certified,512.0,0.4999384615384616,0.4999518072289157,0.5,0.2496750902527076,0.5,0.5,0.5,25600,0.9999999904632568,0.5764617145061492,0.750859375,c749108b0b6e551e3317ce95d7054949747e6086203850f9e0d6ccfd7578e9cf,0.11265625,controlled-middle,81114,113,51014,1.0,61014,0.11265625,True,16.317110199976014,13
6,1.0,1,0.005616322879096507,plan-delta,2.0,0.9999999821186065,primary,0,c8dde836a082a7722481d04b62477f6e8786b83268904e25ed53794ca5a4b91a,25600,femnist,1e-05,0.0,0,0,1.0,4.0,71014,controlled,6.6841905589401724,21425,0.0,1.0,this-work,,1580,0,91359308fdc1bcc2b1f47bf27bcb73490c8bb8b52c4151a20362348a15ddeb79,15.963076923076922,naive-recalibrated-2c,user_macro_accuracy,0.0815625,9.214933748786253,1221001,2.0,50,25600,0.06820200005313382,0.5,0.9999999928474427,1.7391500236093997,0.249140625,325,,85e2c0f67dd26b6eb06bd8a9d1355cd162f47ba512379568bb155acfe11a2c54,user-certified,512.0,0.4999384615384616,0.4999518072289157,0.5,0.2496750902527076,0.5,0.5,0.5,25600,0.9999999904632568,5.031058684438467,0.750859375,e52417bcf5ebb219b7bfdd90aa07a77244adf4dc8896ab8d3b30466a84cb37a1,0.0815625,controlled-middle,81114,113,51014,2.0,61014,0.0815625,True,15.981275799946161,13
6,1.0,1,0.0061905282144810005,plan-delta,2.0,0.9998165786266326,primary,0,4bfe85a41fbcb8a44c2f9e8db8b327338e76e0ebfdcb115e9358a4e62f7ba8b0,25600,femnist,1e-05,0.0,0,0,1.0,4.0,71015,controlled,8.164035203009844,21387,0.0,1.0,this-work,,1678,0,ead4ae4ed46fd0e72077766c6f92270f044f95e3b69a971c9a28d251b74ed4b0,15.963076923076922,naive-recalibrated-2c,user_macro_accuracy,0.08328125,9.214933748786253,1231001,2.0,50,25600,0.1613843000959605,0.5,0.9996314966678619,2.12074636682868,0.2536328125,325,,85e2c0f67dd26b6eb06bd8a9d1355cd162f47ba512379568bb155acfe11a2c54,user-certified,512.0,0.4999384615384616,0.4999518072289157,0.5,0.2496750902527076,0.5,0.5,0.5,25600,0.9998798668384552,6.140601237118244,0.7463671875,063884e070740a698cf333c902e9ef0bcde6d0060126c735a312dca8b0b8a969,0.08328125,controlled-middle,81115,114,51015,2.0,61015,0.08328125,True,17.030831999902148,14
6,1.0,1,0.0047375279678133556,plan-c,1.0,0.9999999880790711,primary,0,4bfe85a41fbcb8a44c2f9e8db8b327338e76e0ebfdcb115e9358a4e62f7ba8b0,6493,femnist,1e-05,11.02587169999606,25600,1678,0.2536328125,4.0,71015,controlled,0.959348886758089,5398,0.0,1.0,this-work,1.0,0,0,ead4ae4ed46fd0e72077766c6f92270f044f95e3b69a971c9a28d251b74ed4b0,15.963076923076922,handle-only-drop-residual,user_macro_accuracy,0.09140625,9.214933748786253,1231001,1.0,50,6493,0.0646594998834189,0.5,0.9999999880790711,0.2679634166508913,0.2536328125,325,,85e2c0f67dd26b6eb06bd8a9d1355cd162f47ba512379568bb155acfe11a2c54,user-certified,512.0,0.4999384615384616,0.4999518072289157,0.5,0.2496750902527076,0.5,0.5,0.5,25600,0.0,0.7471349021792412,0.0,2c7b5b944d322faf5e046ecb5a9b25a4f87faae02a890f9440228af4f6048256,0.09140625,controlled-middle,81115,114,51015,1.0,61015,0.09140625,True,16.567627600132255,14
6,1.0,1,0.004400871759555993,plan-c,1.0,0.9999999797344208,diagnostic,0,4bfe85a41fbcb8a44c2f9e8db8b327338e76e0ebfdcb115e9358a4e62f7ba8b0,25600,femnist,1e-05,0.0,0,0,1.0,4.0,71015,controlled,0.9712651173770428,21387,0.0,1.0,this-work,0.9,1678,0,ead4ae4ed46fd0e72077766c6f92270f044f95e3b69a971c9a28d251b74ed4b0,15.963076923076922,unitscope-lambda-sweep,user_macro_accuracy,0.090625,9.214933748786253,1231001,1.0,50,25600,0.0662177000194788,0.5,0.9999999880790711,0.2733754575997591,0.2536328125,325,,85e2c0f67dd26b6eb06bd8a9d1355cd162f47ba512379568bb155acfe11a2c54,user-certified,512.0,0.4999384615384616,0.4999518072289157,0.5,0.2496750902527076,0.5,0.5,0.5,25600,0.9999999904632568,0.7541455756127834,0.7463671875,53404c704497389ed18fef697891d9dc0c2796f1334e6e5c01079bb36af3c0e0,0.090625,controlled-middle,81115,114,51015,1.0,61015,0.090625,True,16.931319399969652,14
6,1.0,1,0.002556103428795445,plan-c,1.0,0.9999999964237213,primary,0,4bfe85a41fbcb8a44c2f9e8db8b327338e76e0ebfdcb115e9358a4e62f7ba8b0,25600,femnist,1e-05,0.0,0,0,1.0,4.0,71015,controlled,1.0661110064387322,20623,0.0,1.0,this-work,0.0,1683,0,ead4ae4ed46fd0e72077766c6f92270f044f95e3b69a971c9a28d251b74ed4b0,15.963076923076922,stable-local-fallback,user_macro_accuracy,0.08859375,9.214933748786253,1231001,1.0,50,25600,0.062495100079104304,0.5,0.0,0.0,0.0,0,,85e2c0f67dd26b6eb06bd8a9d1355cd162f47ba512379568bb155acfe11a2c54,user-certified,512.0,0.4999384615384616,0.4999518072289157,0.5,0.2496750902527076,0.5,0.5,0.5,25600,0.9999999964237213,1.0661110064387322,1.0,db30dad41818124e0f621caef4e22a4c96d51efd697c92d346683a2116b0f628,0.08859375,controlled-middle,81115,114,51015,1.0,61015,0.08859375,True,15.991681399929803,14
6,1.0,1,0.005319436088325537,plan-delta,2.0,0.9999511992931366,primary,0,45ce8903c962c236722196bc8247c61031be171c2c53d735f2e87cea68ce8910,25600,femnist,1e-05,0.0,0,0,1.0,4.0,71016,controlled,4.8465207962691785,21160,0.0,1.0,this-work,,1596,0,c7947280712a1dc7a33fd266c98f55fe069cf14488d72f473c746bf5998089e8,16.0,naive-recalibrated-2c,user_macro_accuracy,0.1296875,9.214933748786253,1241001,2.0,50,25600,0.06589340002392419,0.5,0.9997979676723481,1.2531909469142557,0.2490625,325,,85e2c0f67dd26b6eb06bd8a9d1355cd162f47ba512379568bb155acfe11a2c54,user-certified,512.0,0.5,0.5,0.5,0.2502165335386392,0.5,0.5,0.5,25600,0.9999999904632568,3.695280537456274,0.7509375,195cb5f6028016b80840601fa5464cd8ca8d61dfa163828acc36612c19591df7,0.1296875,controlled-middle,81116,115,51016,2.0,61016,0.1296875,True,15.794118599966168,15
6,1.0,1,0.0044267761674986255,plan-c,1.0,0.9999999797344208,diagnostic,0,45ce8903c962c236722196bc8247c61031be171c2c53d735f2e87cea68ce8910,25600,femnist,1e-05,0.0,0,0,1.0,4.0,71016,controlled,0.7340035566687584,21160,0.0,1.0,this-work,0.9,1596,0,c7947280712a1dc7a33fd266c98f55fe069cf14488d72f473c746bf5998089e8,16.0,unitscope-lambda-sweep,user_macro_accuracy,0.17078125,9.214933748786253,1241001,1.0,50,25600,0.06945519990404136,0.5,0.9999999880790711,0.20968052580952645,0.2490625,325,,85e2c0f67dd26b6eb06bd8a9d1355cd162f47ba512379568bb155acfe11a2c54,user-certified,512.0,0.5,0.5,0.5,0.2502165335386392,0.5,0.5,0.5,25600,0.9999999904632568,0.5832008858025074,0.7509375,acdd2e075417ba4330c10096e5a73087304695ffccf0b654f20061f3000b6bbd,0.17078125,controlled-middle,81116,115,51016,1.0,61016,0.17078125,True,15.668638000119245,15
6,1.0,1,0.002592770939683238,plan-c,1.0,0.9999999976158143,primary,0,45ce8903c962c236722196bc8247c61031be171c2c53d735f2e87cea68ce8910,25600,femnist,1e-05,0.0,0,0,1.0,4.0,71016,controlled,0.8252394250035286,20488,0.0,1.0,this-work,0.0,1601,0,c7947280712a1dc7a33fd266c98f55fe069cf14488d72f473c746bf5998089e8,16.0,stable-local-fallback,user_macro_accuracy,0.1221875,9.214933748786253,1241001,1.0,50,25600,0.06094320004922338,0.5,0.0,0.0,0.0,0,,85e2c0f67dd26b6eb06bd8a9d1355cd162f47ba512379568bb155acfe11a2c54,user-certified,512.0,0.5,0.5,0.5,0.2502165335386392,0.5,0.5,0.5,25600,0.9999999976158143,0.8252394250035286,1.0,b1c93f29575e3054a583bf1dc9d5073ff72531cc8e4ff6a844894852f76889ec,0.1221875,controlled-middle,81116,115,51016,1.0,61016,0.1221875,True,15.826266899937764,15
6,1.0,1,0.0047598388581628764,plan-c,1.0,0.9999999880790711,primary,0,45ce8903c962c236722196bc8247c61031be171c2c53d735f2e87cea68ce8910,6376,femnist,1e-05,10.864407299930463,25600,1596,0.2490625,4.0,71016,controlled,0.7309770432114601,5324,0.0,1.0,this-work,1.0,0,0,c7947280712a1dc7a33fd266c98f55fe069cf14488d72f473c746bf5998089e8,16.0,handle-only-drop-residual,user_macro_accuracy,0.176875,9.214933748786253,1241001,1.0,50,6376,0.15653420021408238,0.5,0.9999999880790711,0.20593394946306945,0.2490625,325,,85e2c0f67dd26b6eb06bd8a9d1355cd162f47ba512379568bb155acfe11a2c54,user-certified,512.0,0.5,0.5,0.5,0.2502165335386392,0.5,0.5,0.5,25600,0.0,0.5831152684986591,0.0,d29f95dfc5adf0761ebf611a3fffef43739c239cde3cc826e42cc57b3e1c1f94,0.176875,controlled-middle,81116,115,51016,1.0,61016,0.176875,True,15.62570639984915,15
6,1.0,1,0.004500470917826517,plan-c,1.0,0.9999999856948852,diagnostic,0,9815ecbe72958d8f98fa0c8ea102ec4650eddc0e990042d487341c0df152a1b4,25600,femnist,1e-05,0.0,0,0,1.0,4.0,71017,controlled,0.9830867904424667,21269,0.0,1.0,this-work,0.9,1592,0,a49d49a356e9c0b2a5f4c3ba6ff8c1af085311c6c14925462eb30ccf3834aa1c,16.0,unitscope-lambda-sweep,user_macro_accuracy,0.191875,9.214933748786253,1251001,1.0,50,25600,0.06562039998243563,0.5,0.9999999880790711,0.26790146589279173,0.25046875,325,,85e2c0f67dd26b6eb06bd8a9d1355cd162f47ba512379568bb155acfe11a2c54,user-certified,512.0,0.5,0.5,0.5,0.25,0.5,0.5,0.5,25600,0.9999999868869781,0.7654455560445785,0.74953125,03f65d101546077f425d081c516f153556c83dc4285fa277d3fef18747149454,0.19208509307054591,controlled-middle,81117,116,51017,1.0,61017,0.191875,True,14.221251800016034,16
6,1.0,1,0.004814115263218147,plan-c,1.0,0.9999999880790711,primary,0,9815ecbe72958d8f98fa0c8ea102ec4650eddc0e990042d487341c0df152a1b4,6412,femnist,1e-05,9.57862190011656,25600,1592,0.25046875,4.0,71017,controlled,0.9719148434698581,5336,0.0,1.0,this-work,1.0,0,0,a49d49a356e9c0b2a5f4c3ba6ff8c1af085311c6c14925462eb30ccf3834aa1c,16.0,handle-only-drop-residual,user_macro_accuracy,0.19890625,9.214933748786253,1251001,1.0,50,6412,0.06487910001305863,0.5,0.9999999880790711,0.2621117250993848,0.25046875,325,,85e2c0f67dd26b6eb06bd8a9d1355cd162f47ba512379568bb155acfe11a2c54,user-certified,512.0,0.5,0.5,0.5,0.25,0.5,0.5,0.5,25600,0.0,0.7598826619982719,0.0,47c1d6c0fb149d8c2454148e7dc399f8d289e17c6b42f82859a953184e0aa154,0.19912404192085092,controlled-middle,81117,116,51017,1.0,61017,0.19890625,True,14.324366799846757,16
6,1.0,1,0.0028364999442814787,plan-c,1.0,0.9999999964237213,primary,0,9815ecbe72958d8f98fa0c8ea102ec4650eddc0e990042d487341c0df152a1b4,25600,femnist,1e-05,0.0,0,0,1.0,4.0,71017,controlled,1.117747840732336,20478,0.0,1.0,this-work,0.0,1598,0,a49d49a356e9c0b2a5f4c3ba6ff8c1af085311c6c14925462eb30ccf3834aa1c,16.0,stable-local-fallback,user_macro_accuracy,0.13984375,9.214933748786253,1251001,1.0,50,25600,0.061303700087592006,0.5,0.0,0.0,0.0,0,,85e2c0f67dd26b6eb06bd8a9d1355cd162f47ba512379568bb155acfe11a2c54,user-certified,512.0,0.5,0.5,0.5,0.25,0.5,0.5,0.5,25600,0.9999999964237213,1.117747840732336,1.0,a61da825db3331d124a8e69aabd48adac33df6012c21ccd5a3dbf646d7c9865b,0.13999687157828875,controlled-middle,81117,116,51017,1.0,61017,0.13984375,True,15.683592599903932,16
6,1.0,1,0.0066219814747170095,plan-delta,2.0,0.9998610973358154,primary,0,9815ecbe72958d8f98fa0c8ea102ec4650eddc0e990042d487341c0df152a1b4,25600,femnist,1e-05,0.0,0,0,1.0,4.0,71017,controlled,9.559306627213955,21269,0.0,1.0,this-work,,1592,0,a49d49a356e9c0b2a5f4c3ba6ff8c1af085311c6c14925462eb30ccf3834aa1c,16.0,naive-recalibrated-2c,user_macro_accuracy,0.19977499999999998,9.214933748786253,1251001,2.0,50,25600,0.1654499000578653,0.5,0.9994827461242676,2.4434569350630047,0.25046875,325,,85e2c0f67dd26b6eb06bd8a9d1355cd162f47ba512379568bb155acfe11a2c54,user-certified,512.0,0.5,0.5,0.5,0.25,0.5,0.5,0.5,25600,0.9999999868869781,7.1954840424656865,0.74953125,c058ebaa08a6e2f2daf694bcb54b1a54bdeb47de801782898a278728b97f75da,0.1999061473486626,controlled-middle,81117,116,51017,2.0,61017,0.19977499999999998,True,14.488090199942235,16
6,1.0,1,0.0026858167863644724,plan-c,1.0,1.0,primary,0,748c53e38bccd2af41a1dc34564556148da1675b9e3f34d81303db7c73781cc0,25600,femnist,1e-05,0.0,0,0,1.0,4.0,71018,controlled,0.8757507479190827,20444,0.0,1.0,this-work,0.0,1603,0,1428a41ab2f7e3a719eea7dad4309688cc6b09c6a1d4f02a88d49c9cae9fd2b7,16.0,stable-local-fallback,user_macro_accuracy,0.16223214285714285,9.214933748786253,1261001,1.0,50,25600,0.06294810009421781,0.5,0.0,0.0,0.0,0,,85e2c0f67dd26b6eb06bd8a9d1355cd162f47ba512379568bb155acfe11a2c54,user-certified,512.0,0.5,0.5,0.5,0.25,0.5,0.5,0.5,25600,1.0,0.8757507479190827,1.0,08a0a334fe7d33d2d6dabbe4d0b704fd88b1c9983c19d60006aae26552a99dbf,0.16248824819805704,controlled-middle,81118,117,51018,1.0,61018,0.16223214285714285,True,16.13689449991216,17
6,1.0,1,0.004471244555105143,plan-c,1.0,0.9999999833106995,diagnostic,0,748c53e38bccd2af41a1dc34564556148da1675b9e3f34d81303db7c73781cc0,25600,femnist,1e-05,0.0,0,0,1.0,4.0,71018,controlled,0.7802409048378468,21335,0.0,1.0,this-work,0.9,1601,0,1428a41ab2f7e3a719eea7dad4309688cc6b09c6a1d4f02a88d49c9cae9fd2b7,16.0,unitscope-lambda-sweep,user_macro_accuracy,0.2024330357142857,9.214933748786253,1261001,1.0,50,25600,0.06416579999495298,0.5,0.9999999868869781,0.2129363428801298,0.24828125,325,,85e2c0f67dd26b6eb06bd8a9d1355cd162f47ba512379568bb155acfe11a2c54,user-certified,512.0,0.5,0.5,0.5,0.25,0.5,0.5,0.5,25600,0.9999999880790711,0.6155646288394928,0.75171875,0db1a02e3c35a2870d0a94cdd3d8ac4f767fffbc9286dde766fc3f8824121917,0.2026010654967095,controlled-middle,81118,117,51018,1.0,61018,0.2024330357142857,True,15.276055000023916,17
6,1.0,1,0.0057753297998560235,plan-delta,2.0,0.9998099613189697,primary,0,748c53e38bccd2af41a1dc34564556148da1675b9e3f34d81303db7c73781cc0,25600,femnist,1e-05,0.0,0,0,1.0,4.0,71018,controlled,6.9406560750305655,21335,0.0,1.0,this-work,,1601,0,1428a41ab2f7e3a719eea7dad4309688cc6b09c6a1d4f02a88d49c9cae9fd2b7,16.0,naive-recalibrated-2c,user_macro_accuracy,0.17488839285714286,9.214933748786253,1261001,2.0,50,25600,0.0662536000018008,0.5,0.9995938003063202,1.7666210947930814,0.24828125,325,,85e2c0f67dd26b6eb06bd8a9d1355cd162f47ba512379568bb155acfe11a2c54,user-certified,512.0,0.5,0.5,0.5,0.25,0.5,0.5,0.5,25600,0.9998759555816651,5.267138515859842,0.75171875,899478505e16f7ec6286e724ea7cf0fc45252a36cb12a2bdd484082cdca95424,0.17518019429645879,controlled-middle,81118,117,51018,2.0,61018,0.17488839285714286,True,15.38866009999765,17
6,1.0,1,0.004814073872045423,plan-c,1.0,0.9999999868869781,primary,0,748c53e38bccd2af41a1dc34564556148da1675b9e3f34d81303db7c73781cc0,6356,femnist,1e-05,9.612724400009029,25600,1601,0.24828125,4.0,71018,controlled,0.772416714578867,5291,0.0,1.0,this-work,1.0,0,0,1428a41ab2f7e3a719eea7dad4309688cc6b09c6a1d4f02a88d49c9cae9fd2b7,16.0,handle-only-drop-residual,user_macro_accuracy,0.20712053571428568,9.214933748786253,1261001,1.0,50,6356,0.06355089994031005,0.5,0.9999999868869781,0.20937508411705494,0.24828125,325,,85e2c0f67dd26b6eb06bd8a9d1355cd162f47ba512379568bb155acfe11a2c54,user-certified,512.0,0.5,0.5,0.5,0.25,0.5,0.5,0.5,25600,0.0,0.611144942343235,0.0,af11140694280e6c3fd8c1958eb08483ba75fb69c3897c52551c0f092964c7d7,0.20730178627389534,controlled-middle,81118,117,51018,1.0,61018,0.20712053571428568,True,15.2426954000548,17
6,1.0,1,0.004857288214238196,plan-c,1.0,0.999999989271164,primary,0,79b7475f9bfd7bbb881366c3c49df9f60e9635c4b0e0e814bd7897d00b676e15,6398,femnist,1e-05,8.94508629993652,25600,1640,0.249921875,4.0,71019,controlled,0.7573301991820336,5364,0.0,1.0,this-work,1.0,0,0,f558f226ce7f3613336035907e7f4a58a432a59d95facf33da7a97db4f800422,15.972307692307693,handle-only-drop-residual,user_macro_accuracy,0.13,9.214933748786253,1271001,1.0,50,6398,0.06526550010312349,0.5,0.999999989271164,0.21918728299438953,0.249921875,325,,85e2c0f67dd26b6eb06bd8a9d1355cd162f47ba512379568bb155acfe11a2c54,user-certified,512.0,0.5,0.5,0.5,0.2497834664613608,0.5,0.5,0.5,25600,0.0,0.5903171943128109,0.0,041f14a5491192206e473fa943780752cec6c6b2a8e4229f40f4078e3a9e7382,0.13,controlled-middle,81119,118,51019,1.0,61019,0.13,True,13.74306409995188,18
6,1.0,1,0.0045047397623535716,plan-c,1.0,0.9999999821186065,diagnostic,0,79b7475f9bfd7bbb881366c3c49df9f60e9635c4b0e0e814bd7897d00b676e15,25600,femnist,1e-05,0.0,0,0,1.0,4.0,71019,controlled,0.7590389075875282,21338,0.0,1.0,this-work,0.9,1640,0,f558f226ce7f3613336035907e7f4a58a432a59d95facf33da7a97db4f800422,15.972307692307693,unitscope-lambda-sweep,user_macro_accuracy,0.1259375,9.214933748786253,1271001,1.0,50,25600,0.06520179990911856,0.5,0.999999989271164,0.22305096372961997,0.249921875,325,,85e2c0f67dd26b6eb06bd8a9d1355cd162f47ba512379568bb155acfe11a2c54,user-certified,512.0,0.5,0.5,0.5,0.2497834664613608,0.5,0.5,0.5,25600,0.9999999952316284,0.5889588962495327,0.750078125,6701209d41b53c13a6937c24e100ab60d547f2e9749221dd3ddc4120d2555989,0.1259375,controlled-middle,81119,118,51019,1.0,61019,0.1259375,True,13.894577700091759,18
6,1.0,1,0.006675201543438794,plan-delta,2.0,0.999904807806015,primary,0,79b7475f9bfd7bbb881366c3c49df9f60e9635c4b0e0e814bd7897d00b676e15,25600,femnist,1e-05,0.0,0,0,1.0,4.0,71019,controlled,8.526939074695111,21338,0.0,1.0,this-work,,1640,0,f558f226ce7f3613336035907e7f4a58a432a59d95facf33da7a97db4f800422,15.972307692307693,naive-recalibrated-2c,user_macro_accuracy,0.11875,9.214933748786253,1271001,2.0,50,25600,0.06633880009758286,0.5,0.9998130738735199,2.1522606832534077,0.249921875,325,,85e2c0f67dd26b6eb06bd8a9d1355cd162f47ba512379568bb155acfe11a2c54,user-certified,512.0,0.5,0.5,0.5,0.2497834664613608,0.5,0.5,0.5,25600,0.9999352705478668,6.443240848183632,0.750078125,8cc8e5639dc74d550f0fa0a9b7454f7bcbb99715fa84a79545b4581ce2fb80b2,0.11875,controlled-middle,81119,118,51019,2.0,61019,0.11875,True,13.961212699883617,18
6,1.0,1,0.002490821639547481,plan-c,1.0,0.9999999940395355,primary,0,79b7475f9bfd7bbb881366c3c49df9f60e9635c4b0e0e814bd7897d00b676e15,25600,femnist,1e-05,0.0,0,0,1.0,4.0,71019,controlled,0.8360854288935662,20587,0.0,1.0,this-work,0.0,1643,0,f558f226ce7f3613336035907e7f4a58a432a59d95facf33da7a97db4f800422,15.972307692307693,stable-local-fallback,user_macro_accuracy,0.1075,9.214933748786253,1271001,1.0,50,25600,0.06168349998188205,0.5,0.0,0.0,0.0,0,,85e2c0f67dd26b6eb06bd8a9d1355cd162f47ba512379568bb155acfe11a2c54,user-certified,512.0,0.5,0.5,0.5,0.2497834664613608,0.5,0.5,0.5,25600,0.9999999940395355,0.8360854288935662,1.0,ee0bc513b4d44b2153ab7a54cea3dd7c8ac73c796e41cab145193f4c88b52a87,0.1075,controlled-middle,81119,118,51019,1.0,61019,0.1075,True,15.376548300002469,18
6,1.0,1,0.0055572740813800495,plan-delta,2.0,0.9998578834533691,primary,0,8c609628a48c2926d0761e77dbc17d1bc1be4a7345b13c52e896fedd56bbf5a9,25600,femnist,1e-05,0.0,0,0,1.0,4.0,71020,controlled,7.446873147189617,21390,0.0,1.0,this-work,,1637,0,37d7b6b3f962b0e716410bd6b7d7d06d92a30a06f9303f0bebd2e57e0b9d3187,15.972307692307693,naive-recalibrated-2c,user_macro_accuracy,0.1571875,9.214933748786253,1281001,2.0,50,25600,0.06555679999291897,0.5,0.9996153700351715,1.865307856425643,0.2483203125,325,,85e2c0f67dd26b6eb06bd8a9d1355cd162f47ba512379568bb155acfe11a2c54,user-certified,512.0,0.5,0.5,0.5,0.2498676293622142,0.5,0.5,0.5,25600,0.9999401009082795,5.69722260966897,0.7516796875,18c96d57231d6c47caca4f95a1990529b43c46baa871c6aacca0d6318f802faf,0.1571875,controlled-middle,81120,119,51020,2.0,61020,0.1571875,True,15.102386299986392,19
6,1.0,1,0.004449513996198429,plan-c,1.0,0.9999999856948852,diagnostic,0,8c609628a48c2926d0761e77dbc17d1bc1be4a7345b13c52e896fedd56bbf5a9,25600,femnist,1e-05,0.0,0,0,1.0,4.0,71020,controlled,0.9621711188554763,21390,0.0,1.0,this-work,0.9,1637,0,37d7b6b3f962b0e716410bd6b7d7d06d92a30a06f9303f0bebd2e57e0b9d3187,15.972307692307693,unitscope-lambda-sweep,user_macro_accuracy,0.15984375,9.214933748786253,1281001,1.0,50,25600,0.06508429994573817,0.5,0.9999999845027924,0.27666671730577946,0.2483203125,325,,85e2c0f67dd26b6eb06bd8a9d1355cd162f47ba512379568bb155acfe11a2c54,user-certified,512.0,0.5,0.5,0.5,0.2498676293622142,0.5,0.5,0.5,25600,0.9999999809265137,0.7446604445576668,0.7516796875,72608e265b9c9a2c1bbbf53557268fe663135160e5a13ca2e9b7a96794bc3218,0.15984375,controlled-middle,81120,119,51020,1.0,61020,0.15984375,True,15.339284800051246,19
6,1.0,1,0.004796168436034818,plan-c,1.0,0.9999999845027924,primary,0,8c609628a48c2926d0761e77dbc17d1bc1be4a7345b13c52e896fedd56bbf5a9,6357,femnist,1e-05,9.720946500019636,25600,1637,0.2483203125,4.0,71020,controlled,0.9467479598522186,5317,0.0,1.0,this-work,1.0,0,0,37d7b6b3f962b0e716410bd6b7d7d06d92a30a06f9303f0bebd2e57e0b9d3187,15.972307692307693,handle-only-drop-residual,user_macro_accuracy,0.16109375,9.214933748786253,1281001,1.0,50,6357,0.06537709996337071,0.5,0.9999999845027924,0.2698993267863989,0.2483203125,325,,85e2c0f67dd26b6eb06bd8a9d1355cd162f47ba512379568bb155acfe11a2c54,user-certified,512.0,0.5,0.5,0.5,0.2498676293622142,0.5,0.5,0.5,25600,0.0,0.7356578633189201,0.0,8c6a4c6e428a6654bf9f6d091d3adbd062bbb5654b9c33e617cf666b5bd7721a,0.16109375,controlled-middle,81120,119,51020,1.0,61020,0.16109375,True,15.34537850000197,19
6,1.0,1,0.0025817987586544675,plan-c,1.0,0.9999999940395355,primary,0,8c609628a48c2926d0761e77dbc17d1bc1be4a7345b13c52e896fedd56bbf5a9,25600,femnist,1e-05,0.0,0,0,1.0,4.0,71020,controlled,1.156973927617073,20539,0.0,1.0,this-work,0.0,1640,0,37d7b6b3f962b0e716410bd6b7d7d06d92a30a06f9303f0bebd2e57e0b9d3187,15.972307692307693,stable-local-fallback,user_macro_accuracy,0.1484375,9.214933748786253,1281001,1.0,50,25600,0.06107919997884892,0.5,0.0,0.0,0.0,0,,85e2c0f67dd26b6eb06bd8a9d1355cd162f47ba512379568bb155acfe11a2c54,user-certified,512.0,0.5,0.5,0.5,0.2498676293622142,0.5,0.5,0.5,25600,0.9999999940395355,1.156973927617073,1.0,8fc5cd57f3798ce7cdf40d85b93a452e4cfacf44524f19931d61d149dc3dfc8b,0.1484375,controlled-middle,81120,119,51020,1.0,61020,0.1484375,True,15.478425000037532,19
6,1.0,1,0.10370656261359916,plan-c,1.0,0.5834094285964966,primary,0,1932967ad2395558afb7e794f868d26de6f9ad9f47f4251962a49f0431895609,25600,synthea,1e-05,0.0,0,0,1.0,4.0,71001,health-card,0.7288008438795806,22810,0.48893293690122236,0.5110670630987777,this-work,0.0,7797,0,4e7b46915c81b9891a8477cb6016ba6b48ad4b6f2bf3607e0cf02535c4a1dd35,1.503138420878758,stable-local-fallback,patient_or_user_auprc,0.17728684489817723,9.214933748786253,1091001,1.0,50,25600,0.08944399992469698,,0.0,0.0,0.0,0,0.17728684489817723,61d649166984bbc4b3b1697dbb3feceab227bde59848b62626d8fddfe73f6bf9,user-certified,512.0,0.7438866351607437,0.5907905387175105,,0.399307033007112,0.5456020187454939,,0.36607786589762076,25600,0.5834094285964966,0.7288008438795806,1.0,0545827d655b0d934571ad773716b4dc61fcd010f86d6ce3ca5d1316abfce0e0,0.7621110673493502,policy-grounded,81101,100,51001,1.0,61001,0.7779730521382543,True,19.035796000098344,0
6,1.0,1,0.09363759007346475,plan-c,1.0,0.7169725167751312,diagnostic,0,1932967ad2395558afb7e794f868d26de6f9ad9f47f4251962a49f0431895609,25600,synthea,1e-05,0.0,0,0,1.0,4.0,71001,health-card,0.5228957404196263,23087,0.48893293690122236,0.5110670630987777,this-work,0.9,5025,0,4e7b46915c81b9891a8477cb6016ba6b48ad4b6f2bf3607e0cf02535c4a1dd35,1.503138420878758,unitscope-lambda-sweep,patient_or_user_auprc,0.1987258757981466,9.214933748786253,1091001,1.0,50,25600,0.0904874000698328,,0.29612892866134644,0.21472856536507606,0.395,3027,0.1987258757981466,61d649166984bbc4b3b1697dbb3feceab227bde59848b62626d8fddfe73f6bf9,user-certified,512.0,0.7438866351607437,0.5907905387175105,,0.399307033007112,0.5456020187454939,,0.36607786589762076,25600,0.9999999964237213,0.3120420192927122,0.605,2dcfd0ed3ede5061aee5a614456761c818ef83ee61a194b903dcfdef8343bb95,0.7621110673493502,policy-grounded,81101,100,51001,1.0,61001,0.7779730521382543,True,16.268644299940206,0
6,1.0,1,0.05586935119570852,plan-delta,2.0,0.5866963356733322,primary,0,1932967ad2395558afb7e794f868d26de6f9ad9f47f4251962a49f0431895609,25600,synthea,1e-05,0.0,0,0,1.0,4.0,71001,health-card,0.749490487575531,23087,0.48893293690122236,0.5110670630987777,this-work,,5025,0,4e7b46915c81b9891a8477cb6016ba6b48ad4b6f2bf3607e0cf02535c4a1dd35,1.503138420878758,naive-recalibrated-2c,patient_or_user_auprc,0.1864827062486708,9.214933748786253,1091001,2.0,50,25600,0.08722089999355376,,0.277770009636879,0.27912076471373437,0.395,3027,0.1864827062486708,61d649166984bbc4b3b1697dbb3feceab227bde59848b62626d8fddfe73f6bf9,user-certified,512.0,0.7438866351607437,0.5907905387175105,,0.399307033007112,0.5456020187454939,,0.36607786589762076,25600,0.7945899099111557,0.4721678645908833,0.605,a4dcad1f52a400ffe7feee08799ceed27ce4410b67fcb3ef21d6dfebbf6284f9,0.7621110673493502,policy-grounded,81101,100,51001,2.0,61001,0.7779730521382543,True,16.130799100006698,0
6,1.0,1,0.09405915461396336,plan-c,1.0,0.2830551341176033,primary,0,1932967ad2395558afb7e794f868d26de6f9ad9f47f4251962a49f0431895609,10112,synthea,1e-05,5.163353099924279,25600,5025,0.395,4.0,71001,health-card,0.47080480434000493,9254,0.48893293690122236,0.5110670630987777,this-work,1.0,0,0,4e7b46915c81b9891a8477cb6016ba6b48ad4b6f2bf3607e0cf02535c4a1dd35,1.503138420878758,handle-only-drop-residual,patient_or_user_auprc,0.20534203813690965,9.214933748786253,1091001,1.0,50,10112,0.08791850000852719,,0.2830551341176033,0.19634868931025268,0.395,3027,0.20534203813690965,61d649166984bbc4b3b1697dbb3feceab227bde59848b62626d8fddfe73f6bf9,user-certified,512.0,0.7438866351607437,0.5907905387175105,,0.399307033007112,0.5456020187454939,,0.36607786589762076,25600,0.0,0.27859059505164624,0.0,c0729d34e5324b4f0f6739b75573508b8c1b4c51cbbbcfe62036c646815e0a59,0.7621110673493502,policy-grounded,81101,100,51001,1.0,61001,0.7779730521382543,True,16.33187710007769,0
6,1.0,1,0.10039901953217178,plan-c,1.0,0.5683737164735794,primary,0,71a2ab32e02aa99f2b1e1037959252124cea8700a7ecb84257fdee0a068a1f28,25600,synthea,1e-05,0.0,0,0,1.0,4.0,71002,health-card,0.6741402724385261,22940,0.4815059445178336,0.5184940554821664,this-work,0.0,7871,0,d47d9840cf1f863ccc4467e3960742269cff651da137710b743be64ecd6787d1,1.440554821664465,stable-local-fallback,patient_or_user_auprc,0.2523435352559713,9.214933748786253,1101001,1.0,50,25600,0.17926190016441979,,0.0,0.0,0.0,0,0.2523435352559713,61d649166984bbc4b3b1697dbb3feceab227bde59848b62626d8fddfe73f6bf9,user-certified,512.0,0.7400106496152525,0.6029853463183763,,0.4007379627389306,0.5457822638788753,,0.3779740447007931,25600,0.5683737164735794,0.6741402724385261,1.0,5ce554b680858a9147e5b14d654ace7c1bf1327f17f2837a50180a8b2e527729,0.6619532428355958,policy-grounded,81102,101,51002,1.0,61002,0.7644991212653779,True,18.449291799828643,1
6,1.0,1,0.0595219748160953,plan-delta,2.0,0.5101601803302764,primary,0,71a2ab32e02aa99f2b1e1037959252124cea8700a7ecb84257fdee0a068a1f28,25600,synthea,1e-05,0.0,0,0,1.0,4.0,71002,health-card,0.7233171875774861,23223,0.4815059445178336,0.5184940554821664,this-work,,5101,0,d47d9840cf1f863ccc4467e3960742269cff651da137710b743be64ecd6787d1,1.440554821664465,naive-recalibrated-2c,patient_or_user_auprc,0.326665909258729,9.214933748786253,1101001,2.0,50,25600,0.07956739992368966,,0.26035758048295976,0.268955542370677,0.399609375,3028,0.326665909258729,61d649166984bbc4b3b1697dbb3feceab227bde59848b62626d8fddfe73f6bf9,user-certified,512.0,0.7400106496152525,0.6029853463183763,,0.4007379627389306,0.5457822638788753,,0.3779740447007931,25600,0.6734570121765137,0.4585502729937434,0.600390625,9edfd049cb2e17e8941ea5fa5f7d7f54f13d0384e4cde5113b9a5369a8acf303,0.6619532428355958,policy-grounded,81102,101,51002,2.0,61002,0.7644991212653779,True,15.840151900076307,1
6,1.0,1,0.09423405929428907,plan-c,1.0,0.271733275949955,primary,0,71a2ab32e02aa99f2b1e1037959252124cea8700a7ecb84257fdee0a068a1f28,10230,synthea,1e-05,5.573855300113792,25600,5101,0.399609375,4.0,71002,health-card,0.4728568730503321,9208,0.4815059445178336,0.5184940554821664,this-work,1.0,0,0,d47d9840cf1f863ccc4467e3960742269cff651da137710b743be64ecd6787d1,1.440554821664465,handle-only-drop-residual,patient_or_user_auprc,0.3197085780974224,9.214933748786253,1101001,1.0,50,10230,0.08175889987614937,,0.271733275949955,0.19320539198815823,0.399609375,3028,0.3197085780974224,61d649166984bbc4b3b1697dbb3feceab227bde59848b62626d8fddfe73f6bf9,user-certified,512.0,0.7400106496152525,0.6029853463183763,,0.4007379627389306,0.5457822638788753,,0.3779740447007931,25600,0.0,0.28616738982498646,0.0,d475a5a944e182d157b49bfc5159f16b65a05edd38b6ae69063a7a34c805b0ab,0.6619532428355958,policy-grounded,81102,101,51002,1.0,61002,0.7644991212653779,True,16.23739240001305,1
6,1.0,1,0.09375031394601617,plan-c,1.0,0.7133101522922516,diagnostic,0,71a2ab32e02aa99f2b1e1037959252124cea8700a7ecb84257fdee0a068a1f28,25600,synthea,1e-05,0.0,0,0,1.0,4.0,71002,health-card,0.5175026446580887,23223,0.4815059445178336,0.5184940554821664,this-work,0.9,5101,0,d47d9840cf1f863ccc4467e3960742269cff651da137710b743be64ecd6787d1,1.440554821664465,unitscope-lambda-sweep,patient_or_user_auprc,0.31566955899479665,9.214933748786253,1101001,1.0,50,25600,0.08039180003106594,,0.2784067130088806,0.20797690138220787,0.399609375,3028,0.31566955899479665,61d649166984bbc4b3b1697dbb3feceab227bde59848b62626d8fddfe73f6bf9,user-certified,512.0,0.7400106496152525,0.6029853463183763,,0.4007379627389306,0.5457822638788753,,0.3779740447007931,25600,1.0,0.31515607960522174,0.600390625,d637ef19b93353ef1611a3c9a60382d850e453dc428f229e190793d3d632235c,0.6619532428355958,policy-grounded,81102,101,51002,1.0,61002,0.7644991212653779,True,16.137380599975586,1
6,1.0,1,0.09484974401412877,plan-c,1.0,0.28004005044698715,primary,0,4128b7dd897a92a7b94ce632e2e28a1ef50373aa78f58a331653e0dbfd742834,10020,synthea,1e-05,6.629344799963292,25600,4999,0.39140625,4.0,71003,health-card,0.3827647157758474,9162,0.4976973684210526,0.5023026315789474,this-work,1.0,0,0,1a4c9e60426f03552fe699bf889820a082a3290e2b1563ae24c07fca6d971562,1.3789473684210527,handle-only-drop-residual,patient_or_user_auprc,0.2522094833701445,9.214933748786253,1111001,1.0,50,10020,0.08654039993416518,,0.28004005044698715,0.15535033001564444,0.39140625,3040,0.2522094833701445,61d649166984bbc4b3b1697dbb3feceab227bde59848b62626d8fddfe73f6bf9,user-certified,512.0,0.7459996112900766,0.5998472699503627,,0.3950958817981767,0.547945205479452,,0.36661860129776497,25600,0.0,0.23277707628905772,0.0,002b228316170b3c6ba3df78ba87fa7f150546feecefa83b8527126012756062,0.7372393247269117,policy-grounded,81103,102,51003,1.0,61003,0.7820738137082601,True,16.562260700098705,2
6,1.0,1,0.0961810792342544,plan-c,1.0,0.7218910646438599,diagnostic,0,4128b7dd897a92a7b94ce632e2e28a1ef50373aa78f58a331653e0dbfd742834,25600,synthea,1e-05,0.0,0,0,1.0,4.0,71003,health-card,0.4313269081711769,23220,0.4976973684210526,0.5023026315789474,this-work,0.9,4999,0,1a4c9e60426f03552fe699bf889820a082a3290e2b1563ae24c07fca6d971562,1.3789473684210527,unitscope-lambda-sweep,patient_or_user_auprc,0.25042093865307846,9.214933748786253,1111001,1.0,50,25600,0.0941698998794891,,0.29543128490448,0.1719003227725625,0.39140625,3040,0.25042093865307846,61d649166984bbc4b3b1697dbb3feceab227bde59848b62626d8fddfe73f6bf9,user-certified,512.0,0.7459996112900766,0.5998472699503627,,0.3950958817981767,0.547945205479452,,0.36661860129776497,25600,0.9999999940395355,0.26455158337950707,0.60859375,1efa53cee6392284c7da765ae60d8a2894854e7b99f60dc0b13d1246459bc2ba,0.7372393247269117,policy-grounded,81103,102,51003,1.0,61003,0.7820738137082601,True,16.642513700120617,2
6,1.0,1,0.06358240315897255,plan-delta,2.0,0.641224988102913,primary,0,4128b7dd897a92a7b94ce632e2e28a1ef50373aa78f58a331653e0dbfd742834,25600,synthea,1e-05,0.0,0,0,1.0,4.0,71003,health-card,0.6699867880344391,23220,0.4976973684210526,0.5023026315789474,this-work,,4999,0,1a4c9e60426f03552fe699bf889820a082a3290e2b1563ae24c07fca6d971562,1.3789473684210527,naive-recalibrated-2c,patient_or_user_auprc,0.25946621478151366,9.214933748786253,1111001,2.0,50,25600,0.08823069997015409,,0.2739091426134109,0.24000302652828395,0.39140625,3040,0.25946621478151366,61d649166984bbc4b3b1697dbb3feceab227bde59848b62626d8fddfe73f6bf9,user-certified,512.0,0.7459996112900766,0.5998472699503627,,0.3950958817981767,0.547945205479452,,0.36661860129776497,25600,0.8796472334861756,0.4335954398661852,0.60859375,69357ffe0565d122e42212b92b8b76057c3330780bb9970448561e572de058b3,0.7372393247269117,policy-grounded,81103,102,51003,2.0,61003,0.7820738137082601,True,16.603665600036038,2
6,1.0,1,0.11708141039520199,plan-c,1.0,0.6288174492120743,primary,0,4128b7dd897a92a7b94ce632e2e28a1ef50373aa78f58a331653e0dbfd742834,25600,synthea,1e-05,0.0,0,0,1.0,4.0,71003,health-card,0.6400401925295591,23048,0.4976973684210526,0.5023026315789474,this-work,0.0,7791,0,1a4c9e60426f03552fe699bf889820a082a3290e2b1563ae24c07fca6d971562,1.3789473684210527,stable-local-fallback,patient_or_user_auprc,0.23148953308163087,9.214933748786253,1111001,1.0,50,25600,0.18493799993302673,,0.0,0.0,0.0,0,0.23148953308163087,61d649166984bbc4b3b1697dbb3feceab227bde59848b62626d8fddfe73f6bf9,user-certified,512.0,0.7459996112900766,0.5998472699503627,,0.3950958817981767,0.547945205479452,,0.36661860129776497,25600,0.6288174492120743,0.6400401925295591,1.0,c937f3e5425b1490b90ab688f010e80712240e1689758cca4f82306adba7063c,0.7372393247269117,policy-grounded,81103,102,51003,1.0,61003,0.7820738137082601,True,17.72128350008279,2
6,1.0,1,0.09619945990983082,plan-c,1.0,0.5396526315808297,primary,0,fee41d625ab60e8fb87422413820a729026c86555b4a416d9bbcdc5aff048173,25600,synthea,1e-05,0.0,0,0,1.0,4.0,71004,health-card,0.6808502055704594,22933,0.4983670803396473,0.5016329196603527,this-work,0.0,7799,0,a3af7a0c2f13acec24a33f1fa64907709abcf8ad2fd5ae7663b80fec10f4f742,1.3853690398432397,stable-local-fallback,patient_or_user_auprc,0.24076093630527848,9.214933748786253,1121001,1.0,50,25600,0.0761772999248933,,0.0,0.0,0.0,0,0.24076093630527848,61d649166984bbc4b3b1697dbb3feceab227bde59848b62626d8fddfe73f6bf9,user-certified,512.0,0.7494440382351683,0.6105398457583547,,0.4120708885859462,0.5519105984138428,,0.3658976207642394,25600,0.5396526315808297,0.6808502055704594,1.0,1f23a488c9c2f867df3d13011c7202ea30f9034ae189cb477cec3876aed96d98,0.7303882725832013,policy-grounded,81104,103,51004,1.0,61004,0.789103690685413,True,17.176619200065034,3
6,1.0,1,0.050269073583703756,plan-delta,2.0,0.5893066930770874,primary,0,fee41d625ab60e8fb87422413820a729026c86555b4a416d9bbcdc5aff048173,25600,synthea,1e-05,0.0,0,0,1.0,4.0,71004,health-card,0.6040771260112524,23219,0.4983670803396473,0.5016329196603527,this-work,,4974,0,a3af7a0c2f13acec24a33f1fa64907709abcf8ad2fd5ae7663b80fec10f4f742,1.3853690398432397,naive-recalibrated-2c,patient_or_user_auprc,0.2849907543202577,9.214933748786253,1121001,2.0,50,25600,0.07816949998959899,,0.26832771331071853,0.24820577893406154,0.4112109375,3062,0.2849907543202577,61d649166984bbc4b3b1697dbb3feceab227bde59848b62626d8fddfe73f6bf9,user-certified,512.0,0.7494440382351683,0.6105398457583547,,0.4120708885859462,0.5519105984138428,,0.3658976207642394,25600,0.8086521720886231,0.3600984588265419,0.5887890625,adaa76612708b6beb6d7ba06c683cb948d4e989e206976fc955cf9c9057a660e,0.7303882725832013,policy-grounded,81104,103,51004,2.0,61004,0.789103690685413,True,15.413342500018189,3
6,1.0,1,0.083960624641867,plan-c,1.0,0.7066243469715119,diagnostic,0,fee41d625ab60e8fb87422413820a729026c86555b4a416d9bbcdc5aff048173,25600,synthea,1e-05,0.0,0,0,1.0,4.0,71004,health-card,0.4260434547066689,23219,0.4983670803396473,0.5016329196603527,this-work,0.9,4974,0,a3af7a0c2f13acec24a33f1fa64907709abcf8ad2fd5ae7663b80fec10f4f742,1.3853690398432397,unitscope-lambda-sweep,patient_or_user_auprc,0.28725254714140697,9.214933748786253,1121001,1.0,50,25600,0.07973389996914193,,0.2785262590646744,0.19851806323975324,0.4112109375,3062,0.28725254714140697,61d649166984bbc4b3b1697dbb3feceab227bde59848b62626d8fddfe73f6bf9,user-certified,512.0,0.7494440382351683,0.6105398457583547,,0.4120708885859462,0.5519105984138428,,0.3658976207642394,25600,0.9999999964237213,0.2363157307356596,0.5887890625,e7b9c0ddc95f0483b0218a9f184931ec24862ae473c432c8315298253d0b04dc,0.7303882725832013,policy-grounded,81104,103,51004,1.0,61004,0.789103690685413,True,15.515850300027523,3
6,1.0,1,0.08413735076222134,plan-c,1.0,0.2751181873679161,primary,0,fee41d625ab60e8fb87422413820a729026c86555b4a416d9bbcdc5aff048173,10527,synthea,1e-05,5.263447200093651,25600,4974,0.4112109375,4.0,71004,health-card,0.37300893567502497,9442,0.4983670803396473,0.5016329196603527,this-work,1.0,0,0,a3af7a0c2f13acec24a33f1fa64907709abcf8ad2fd5ae7663b80fec10f4f742,1.3853690398432397,handle-only-drop-residual,patient_or_user_auprc,0.2921569552355765,9.214933748786253,1121001,1.0,50,10527,0.07768039996153675,,0.2751181873679161,0.1788920773938298,0.4112109375,3062,0.2921569552355765,61d649166984bbc4b3b1697dbb3feceab227bde59848b62626d8fddfe73f6bf9,user-certified,512.0,0.7494440382351683,0.6105398457583547,,0.4120708885859462,0.5519105984138428,,0.3658976207642394,25600,0.0,0.20454515904188156,0.0,fe2d2ad0f1db134217bc430d5553c1e67a9ae62493eb14aaa37bce470d61a13f,0.7303882725832013,policy-grounded,81104,103,51004,1.0,61004,0.789103690685413,True,15.630209399940213,3
6,1.0,1,0.09654472487408677,plan-c,1.0,0.7222891390323639,diagnostic,0,09435ef626cc3fb66a02206edb5bcfe63e78317108f232c3195e7b195e4ad649,25600,synthea,1e-05,0.0,0,0,1.0,4.0,71005,health-card,0.4959201949834824,23336,0.4857142857142857,0.5142857142857142,this-work,0.9,5042,0,7947901a305c28ab4f5269453d68fa2d24ba73e6fe110002401349b8eaf42ff5,1.5027914614121511,unitscope-lambda-sweep,patient_or_user_auprc,0.3099538314022771,9.214933748786253,1131001,1.0,50,25600,0.08001709991367534,,0.3018484926223755,0.21282172426581383,0.396875,3045,0.3099538314022771,61d649166984bbc4b3b1697dbb3feceab227bde59848b62626d8fddfe73f6bf9,user-certified,512.0,0.7414859732531878,0.5880817355297506,,0.3979169204531612,0.548846431146359,,0.37022350396539294,25600,0.9999999964237213,0.29201016269624236,0.603125,18f3843351efb7cc8f627b7c4b80b1aec99ed5a9b9ecf07658911e899c8aa956,0.7631418713212909,policy-grounded,81105,104,51005,1.0,61005,0.79203280609256,True,15.812544300075388,4
6,1.0,1,0.10733348736299134,plan-c,1.0,0.612051605284214,primary,0,09435ef626cc3fb66a02206edb5bcfe63e78317108f232c3195e7b195e4ad649,25600,synthea,1e-05,0.0,0,0,1.0,4.0,71005,health-card,0.6871135871857404,23053,0.4857142857142857,0.5142857142857142,this-work,0.0,7832,0,7947901a305c28ab4f5269453d68fa2d24ba73e6fe110002401349b8eaf42ff5,1.5027914614121511,stable-local-fallback,patient_or_user_auprc,0.1924241857277387,9.214933748786253,1131001,1.0,50,25600,0.07748980011092499,,0.0,0.0,0.0,0,0.1924241857277387,61d649166984bbc4b3b1697dbb3feceab227bde59848b62626d8fddfe73f6bf9,user-certified,512.0,0.7414859732531878,0.5880817355297506,,0.3979169204531612,0.548846431146359,,0.37022350396539294,25600,0.612051605284214,0.6871135871857404,1.0,361475a07061c4b6f604bafcb2804f6088311fba0374840d637868c16c3af922,0.7631418713212909,policy-grounded,81105,104,51005,1.0,61005,0.79203280609256,True,16.86556459989515,4
6,1.0,1,0.0968563009019335,plan-c,1.0,0.29025123924016955,primary,0,09435ef626cc3fb66a02206edb5bcfe63e78317108f232c3195e7b195e4ad649,10160,synthea,1e-05,5.263325399981113,25600,5042,0.396875,4.0,71005,health-card,0.44492986261844636,9271,0.4857142857142857,0.5142857142857142,this-work,1.0,0,0,7947901a305c28ab4f5269453d68fa2d24ba73e6fe110002401349b8eaf42ff5,1.5027914614121511,handle-only-drop-residual,patient_or_user_auprc,0.3192792847011362,9.214933748786253,1131001,1.0,50,10160,0.082112499861978,,0.29025123924016955,0.19529787354171277,0.396875,3045,0.3192792847011362,61d649166984bbc4b3b1697dbb3feceab227bde59848b62626d8fddfe73f6bf9,user-certified,512.0,0.7414859732531878,0.5880817355297506,,0.3979169204531612,0.548846431146359,,0.37022350396539294,25600,0.0,0.25945579893887044,0.0,3e8d488eff344a8688d1a1d92615877c44246e8a01ea5e99d048010dbf232884,0.7631418713212909,policy-grounded,81105,104,51005,1.0,61005,0.79203280609256,True,15.580833000160055,4
6,1.0,1,0.06137778000270198,plan-delta,2.0,0.5984519696235657,primary,0,09435ef626cc3fb66a02206edb5bcfe63e78317108f232c3195e7b195e4ad649,25600,synthea,1e-05,0.0,0,0,1.0,4.0,71005,health-card,0.7697779235243797,23336,0.4857142857142857,0.5142857142857142,this-work,,5042,0,7947901a305c28ab4f5269453d68fa2d24ba73e6fe110002401349b8eaf42ff5,1.5027914614121511,naive-recalibrated-2c,patient_or_user_auprc,0.32921916697981946,9.214933748786253,1131001,2.0,50,25600,0.07960329981870018,,0.2893237242102623,0.3036913796514273,0.396875,3045,0.32921916697981946,61d649166984bbc4b3b1697dbb3feceab227bde59848b62626d8fddfe73f6bf9,user-certified,512.0,0.7414859732531878,0.5880817355297506,,0.3979169204531612,0.548846431146359,,0.37022350396539294,25600,0.8022881656885147,0.4739685238152742,0.603125,ad749c2536201ca1492eda6b28115722011e87a19ddaabf22ba322aa16404000,0.7631418713212909,policy-grounded,81105,104,51005,2.0,61005,0.79203280609256,True,15.417056100181071,4
6,1.0,1,0.08530525824551301,plan-c,1.0,0.28126851677894593,primary,0,ab5dfaa5f4fb3282f59854f280b023a9d1fa6db3eabed86ddc4f6f526ab7597b,10269,synthea,1e-05,6.512982500134967,25600,5046,0.4011328125,4.0,71006,health-card,0.5094112227857113,9123,0.48928453676228156,0.5107154632377184,this-work,1.0,0,0,686f8a645239beda528ca99b217b3948576cb34aaa985676ebd2ed01d4c31448,1.4038905374216948,handle-only-drop-residual,patient_or_user_auprc,0.25037198407778766,9.214933748786253,1141001,1.0,50,10269,0.07856110006105155,,0.28126851677894593,0.19516955028288066,0.4011328125,3033,0.25037198407778766,61d649166984bbc4b3b1697dbb3feceab227bde59848b62626d8fddfe73f6bf9,user-certified,512.0,0.7445434741017173,0.6120980231392913,,0.40466152734280897,0.5466834895457823,,0.3698630136986301,25600,0.0,0.315771317332983,0.0,43348e5ad9eb38e32a528186471d6a97a0c4f305665c35a62a63467a945a953f,0.7393090569561158,policy-grounded,81106,105,51006,1.0,61006,0.7943760984182777,True,16.90708289979375,5
6,1.0,1,0.053129412981362444,plan-delta,2.0,0.5520805305242539,primary,0,ab5dfaa5f4fb3282f59854f280b023a9d1fa6db3eabed86ddc4f6f526ab7597b,25600,synthea,1e-05,0.0,0,0,1.0,4.0,71006,health-card,0.7544869154691696,23031,0.48928453676228156,0.5107154632377184,this-work,,5046,0,686f8a645239beda528ca99b217b3948576cb34aaa985676ebd2ed01d4c31448,1.4038905374216948,naive-recalibrated-2c,patient_or_user_auprc,0.2546550745981105,9.214933748786253,1141001,2.0,50,25600,0.0797941000200808,,0.2733497285842896,0.2660315947420895,0.4011328125,3033,0.2546550745981105,61d649166984bbc4b3b1697dbb3feceab227bde59848b62626d8fddfe73f6bf9,user-certified,512.0,0.7445434741017173,0.6120980231392913,,0.40466152734280897,0.5466834895457823,,0.3698630136986301,25600,0.7355686753988266,0.49045726269483564,0.5988671875,59fa99cabfb42a31f16812eaf7249a1b34c5f6654724023cd9620d8fe274b497,0.7393090569561158,policy-grounded,81106,105,51006,2.0,61006,0.7943760984182777,True,16.84693009997136,5
6,1.0,1,0.0845921605918252,plan-c,1.0,0.7190503227710724,diagnostic,0,ab5dfaa5f4fb3282f59854f280b023a9d1fa6db3eabed86ddc4f6f526ab7597b,25600,synthea,1e-05,0.0,0,0,1.0,4.0,71006,health-card,0.5615098069608212,23031,0.48928453676228156,0.5107154632377184,this-work,0.9,5046,0,686f8a645239beda528ca99b217b3948576cb34aaa985676ebd2ed01d4c31448,1.4038905374216948,unitscope-lambda-sweep,patient_or_user_auprc,0.24637205939838178,9.214933748786253,1141001,1.0,50,25600,0.08579919999465346,,0.29066679149866104,0.2138028696551919,0.4011328125,3033,0.24637205939838178,61d649166984bbc4b3b1697dbb3feceab227bde59848b62626d8fddfe73f6bf9,user-certified,512.0,0.7445434741017173,0.6120980231392913,,0.40466152734280897,0.5466834895457823,,0.3698630136986301,25600,0.9999999976158143,0.34917129546403886,0.5988671875,7706a68ed24d177e5bec6b3c02a93f29f207f27d090cd487db9326c763be0181,0.7393090569561158,policy-grounded,81106,105,51006,1.0,61006,0.7943760984182777,True,16.879470300016692,5
6,1.0,1,0.09393034589259486,plan-c,1.0,0.5535420814156532,primary,0,ab5dfaa5f4fb3282f59854f280b023a9d1fa6db3eabed86ddc4f6f526ab7597b,25600,synthea,1e-05,0.0,0,0,1.0,4.0,71006,health-card,0.7604221571981907,22777,0.48928453676228156,0.5107154632377184,this-work,0.0,7833,0,686f8a645239beda528ca99b217b3948576cb34aaa985676ebd2ed01d4c31448,1.4038905374216948,stable-local-fallback,patient_or_user_auprc,0.21198828730523725,9.214933748786253,1141001,1.0,50,25600,0.17349679983453825,,0.0,0.0,0.0,0,0.21198828730523725,61d649166984bbc4b3b1697dbb3feceab227bde59848b62626d8fddfe73f6bf9,user-certified,512.0,0.7445434741017173,0.6120980231392913,,0.40466152734280897,0.5466834895457823,,0.3698630136986301,25600,0.5535420814156532,0.7604221571981907,1.0,ecd43de62eb02b13301f6faa140eb6415eb0bdf135d1ad21ea082dcb3eedd768,0.7393090569561158,policy-grounded,81106,105,51006,1.0,61006,0.7943760984182777,True,18.272101400158135,5
6,1.0,1,0.09027038044401252,plan-c,1.0,0.2788162562251091,primary,0,3882b760de9f14f69895a52425b97408c2c30624af4be0d25aa30aa0ef81736f,10289,synthea,1e-05,6.174995900015347,25600,5015,0.4019140625,4.0,71007,health-card,0.4987786833941936,9390,0.49080761654629024,0.5091923834537098,this-work,1.0,0,0,0d8983bf3f91abab348ead86af872231c494a3f5ff363e2c6a5ffcff4ef4cf19,1.4241628365068943,handle-only-drop-residual,patient_or_user_auprc,0.2933512652017657,9.214933748786253,1151001,1.0,50,10289,0.07881309988442808,,0.2788162562251091,0.20103858947753905,0.4019140625,3046,0.2933512652017657,61d649166984bbc4b3b1697dbb3feceab227bde59848b62626d8fddfe73f6bf9,user-certified,512.0,0.7446105871712998,0.6012134583563155,,0.40218928725170655,0.5490266762797404,,0.3711247296322999,25600,0.0,0.30292847998440264,0.0,083ed49adb7a8dded9b622454c51098f4d58a78b2d4b4ff65ebb414bce03565e,0.746031746031746,policy-grounded,81107,106,51007,1.0,61007,0.7961335676625659,True,16.5782174000924,6
6,1.0,1,0.09823178179367589,plan-c,1.0,0.5670854765176773,primary,0,3882b760de9f14f69895a52425b97408c2c30624af4be0d25aa30aa0ef81736f,25600,synthea,1e-05,0.0,0,0,1.0,4.0,71007,health-card,0.7538021817803383,22964,0.49080761654629024,0.5091923834537098,this-work,0.0,7833,0,0d8983bf3f91abab348ead86af872231c494a3f5ff363e2c6a5ffcff4ef4cf19,1.4241628365068943,stable-local-fallback,patient_or_user_auprc,0.21384686560310376,9.214933748786253,1151001,1.0,50,25600,0.07688019989291206,,0.0,0.0,0.0,0,0.21384686560310376,61d649166984bbc4b3b1697dbb3feceab227bde59848b62626d8fddfe73f6bf9,user-certified,512.0,0.7446105871712998,0.6012134583563155,,0.40218928725170655,0.5490266762797404,,0.3711247296322999,25600,0.5670854765176773,0.7538021817803383,1.0,1883e7d4119b74722a15b063e1fcddf2925536eac884f53602ddba2a5ea8cae3,0.746031746031746,policy-grounded,81107,106,51007,1.0,61007,0.7961335676625659,True,17.112964000116335,6
6,1.0,1,0.05931685105504675,plan-delta,2.0,0.5437149113416672,primary,0,3882b760de9f14f69895a52425b97408c2c30624af4be0d25aa30aa0ef81736f,25600,synthea,1e-05,0.0,0,0,1.0,4.0,71007,health-card,0.7824651642888785,23242,0.49080761654629024,0.5091923834537098,this-work,,5015,0,0d8983bf3f91abab348ead86af872231c494a3f5ff363e2c6a5ffcff4ef4cf19,1.4241628365068943,naive-recalibrated-2c,patient_or_user_auprc,0.3220972128896721,9.214933748786253,1151001,2.0,50,25600,0.07829529995797202,,0.27209527492523194,0.2893066980317235,0.4019140625,3046,0.3220972128896721,61d649166984bbc4b3b1697dbb3feceab227bde59848b62626d8fddfe73f6bf9,user-certified,512.0,0.7446105871712998,0.6012134583563155,,0.40218928725170655,0.5490266762797404,,0.3711247296322999,25600,0.726684786081314,0.4968040471524,0.5980859375,74f1e578a9577a03f54b8b0d96a1b5a20f045b9c3b5a940c25e04f5bdf36ab2b,0.746031746031746,policy-grounded,81107,106,51007,2.0,61007,0.7961335676625659,True,15.6604375000461,6
6,1.0,1,0.09020147790142564,plan-c,1.0,0.7131956279277801,diagnostic,0,3882b760de9f14f69895a52425b97408c2c30624af4be0d25aa30aa0ef81736f,25600,synthea,1e-05,0.0,0,0,1.0,4.0,71007,health-card,0.5530340306460857,23242,0.49080761654629024,0.5091923834537098,this-work,0.9,5015,0,0d8983bf3f91abab348ead86af872231c494a3f5ff363e2c6a5ffcff4ef4cf19,1.4241628365068943,unitscope-lambda-sweep,patient_or_user_auprc,0.2878878818610777,9.214933748786253,1151001,1.0,50,25600,0.08196939996560104,,0.2896356290578842,0.22004264079034327,0.4019140625,3046,0.2878878818610777,61d649166984bbc4b3b1697dbb3feceab227bde59848b62626d8fddfe73f6bf9,user-certified,512.0,0.7446105871712998,0.6012134583563155,,0.40218928725170655,0.5490266762797404,,0.3711247296322999,25600,0.9999999952316284,0.337670159265399,0.5980859375,b7d00e868c190ff56fed5674f71e54b547cb2682b4ac36c0b86cb55ef96a93c3,0.746031746031746,policy-grounded,81107,106,51007,1.0,61007,0.7961335676625659,True,16.189366200036602,6
6,1.0,1,0.10357265709315533,plan-c,1.0,0.5679574769735336,primary,0,1c4e14ad48d74fa6b210debb720ceff6ebdddeb7c287da2155105a431a78c88c,25600,synthea,1e-05,0.0,0,0,1.0,4.0,71008,health-card,0.6700011610984802,23139,0.49454545454545457,0.5054545454545455,this-work,0.0,7823,0,8b8d9d38c4222ded42590c743865263e022941c236dac8a285a56041ff05a926,1.3533884297520662,stable-local-fallback,patient_or_user_auprc,0.20107472972991738,9.214933748786253,1161001,1.0,50,25600,0.07530029994086362,,0.0,0.0,0.0,0,0.20107472972991738,61d649166984bbc4b3b1697dbb3feceab227bde59848b62626d8fddfe73f6bf9,user-certified,512.0,0.7449748862017432,0.6135183611819126,,0.4047455938220091,0.5452415284787311,,0.36679884643114635,25600,0.5679574769735336,0.6700011610984802,1.0,06213a9ac64f97a9f689718da9dd33a1a1a2cec08759803eb717d5c6157ad747,0.705805972917826,policy-grounded,81108,107,51008,1.0,61008,0.786174575278266,True,17.5340911000676,7
6,1.0,1,0.05657542824872999,plan-delta,2.0,0.5257886356115341,primary,0,1c4e14ad48d74fa6b210debb720ceff6ebdddeb7c287da2155105a431a78c88c,25600,synthea,1e-05,0.0,0,0,1.0,4.0,71008,health-card,0.6739467670023441,23417,0.49454545454545457,0.5054545454545455,this-work,,5020,0,8b8d9d38c4222ded42590c743865263e022941c236dac8a285a56041ff05a926,1.3533884297520662,naive-recalibrated-2c,patient_or_user_auprc,0.23758001251533667,9.214933748786253,1161001,2.0,50,25600,0.0803597999329213,,0.2650598421692848,0.25270165748894213,0.40640625,3025,0.23758001251533667,61d649166984bbc4b3b1697dbb3feceab227bde59848b62626d8fddfe73f6bf9,user-certified,512.0,0.7449748862017432,0.6135183611819126,,0.4047455938220091,0.5452415284787311,,0.36679884643114635,25600,0.6980235284566879,0.4250294857472181,0.59359375,1aea2dc9c7bc850be4c277da5efde6e9d3c8d4c442933482cc4f5fe714d944be,0.705805972917826,policy-grounded,81108,107,51008,2.0,61008,0.786174575278266,True,15.982621300063329,7
6,1.0,1,0.09302583073567018,plan-c,1.0,0.2712876257300377,primary,0,1c4e14ad48d74fa6b210debb720ceff6ebdddeb7c287da2155105a431a78c88c,10404,synthea,1e-05,5.251188500144053,25600,5020,0.40640625,4.0,71008,health-card,0.4187737490981817,9348,0.49454545454545457,0.5054545454545455,this-work,1.0,0,0,8b8d9d38c4222ded42590c743865263e022941c236dac8a285a56041ff05a926,1.3533884297520662,handle-only-drop-residual,patient_or_user_auprc,0.22335363710070505,9.214933748786253,1161001,1.0,50,10404,0.09252439995179884,,0.2712876257300377,0.17572628848254682,0.40640625,3025,0.22335363710070505,61d649166984bbc4b3b1697dbb3feceab227bde59848b62626d8fddfe73f6bf9,user-certified,512.0,0.7449748862017432,0.6135183611819126,,0.4047455938220091,0.5452415284787311,,0.36679884643114635,25600,0.0,0.24904128842055798,0.0,3b1a9360179fc640988a9e4131050cb7e950e32ed94f8cc2d1b0f361ce8db562,0.705805972917826,policy-grounded,81108,107,51008,1.0,61008,0.786174575278266,True,16.08016279991716,7
6,1.0,1,0.09288621854303104,plan-c,1.0,0.714273761510849,diagnostic,0,1c4e14ad48d74fa6b210debb720ceff6ebdddeb7c287da2155105a431a78c88c,25600,synthea,1e-05,0.0,0,0,1.0,4.0,71008,health-card,0.46652805000543596,23417,0.49454545454545457,0.5054545454545455,this-work,0.9,5020,0,8b8d9d38c4222ded42590c743865263e022941c236dac8a285a56041ff05a926,1.3533884297520662,unitscope-lambda-sweep,patient_or_user_auprc,0.22086640859575063,9.214933748786253,1161001,1.0,50,25600,0.07909279997693375,,0.2821490189433098,0.19256839491426944,0.40640625,3025,0.22086640859575063,61d649166984bbc4b3b1697dbb3feceab227bde59848b62626d8fddfe73f6bf9,user-certified,512.0,0.7449748862017432,0.6135183611819126,,0.4047455938220091,0.5452415284787311,,0.36679884643114635,25600,0.9999999916553497,0.2796316430717707,0.59359375,5e44624c3082a105586a0edac79b1bee903e22ad89bf29d955f957bf0b01ee38,0.705805972917826,policy-grounded,81108,107,51008,1.0,61008,0.786174575278266,True,16.11758360004751,7
6,1.0,1,0.07919028239614394,plan-c,1.0,0.7113813292980194,diagnostic,0,afc56ee9720c064cdf5d49f598493d9497fe56e6a7cf9ff44e5e2722c579eb9b,25600,synthea,1e-05,0.0,0,0,1.0,4.0,71009,health-card,0.5995214978605509,23161,0.4922773578705225,0.5077226421294775,this-work,0.9,5044,0,97ffa3cc126694a8655fc999a497f289955a5acfd73e12a85d1544404d51c555,1.4692737430167597,unitscope-lambda-sweep,patient_or_user_auprc,0.18410995501548447,9.214933748786253,1171001,1.0,50,25600,0.07887730002403259,,0.28202585071325303,0.23498577550053595,0.4057421875,3043,0.18410995501548447,61d649166984bbc4b3b1697dbb3feceab227bde59848b62626d8fddfe73f6bf9,user-certified,512.0,0.7450365143851455,0.5989774867701139,,0.4020711662351737,0.5484859408795962,,0.37292718096611394,25600,0.9999999988079071,0.36814281418919564,0.5942578125,15544f3b3120a45bad37709c2d6c03e8a5c3caae4d9e217349d2f788f5a59eb9,0.7204491725768322,policy-grounded,81109,108,51009,1.0,61009,0.79203280609256,True,15.646079099999042,8
6,1.0,1,0.08021143887650449,plan-c,1.0,0.27269270360469816,primary,0,afc56ee9720c064cdf5d49f598493d9497fe56e6a7cf9ff44e5e2722c579eb9b,10387,synthea,1e-05,5.692544900201028,25600,5044,0.4057421875,4.0,71009,health-card,0.552033960968256,9327,0.4922773578705225,0.5077226421294775,this-work,1.0,0,0,97ffa3cc126694a8655fc999a497f289955a5acfd73e12a85d1544404d51c555,1.4692737430167597,handle-only-drop-residual,patient_or_user_auprc,0.18865189796807502,9.214933748786253,1171001,1.0,50,10387,0.08076659997459501,,0.27269270360469816,0.2186591823026538,0.4057421875,3043,0.18865189796807502,61d649166984bbc4b3b1697dbb3feceab227bde59848b62626d8fddfe73f6bf9,user-certified,512.0,0.7450365143851455,0.5989774867701139,,0.4020711662351737,0.5484859408795962,,0.37292718096611394,25600,0.0,0.33735767759382723,0.0,463bd8dda0bb0f0e9c9583754a2fe6d36190aea40f930fb5886ebf87f0670f01,0.7204491725768322,policy-grounded,81109,108,51009,1.0,61009,0.79203280609256,True,16.171276299806777,8
6,1.0,1,0.04907934091656365,plan-delta,2.0,0.5214424467086792,primary,0,afc56ee9720c064cdf5d49f598493d9497fe56e6a7cf9ff44e5e2722c579eb9b,25600,synthea,1e-05,0.0,0,0,1.0,4.0,71009,health-card,0.7845062863826752,23161,0.4922773578705225,0.5077226421294775,this-work,,5044,0,97ffa3cc126694a8655fc999a497f289955a5acfd73e12a85d1544404d51c555,1.4692737430167597,naive-recalibrated-2c,patient_or_user_auprc,0.2184961232656347,9.214933748786253,1171001,2.0,50,25600,0.08125099996686913,,0.2669185444712639,0.2839106187783182,0.4057421875,3043,0.2184961232656347,61d649166984bbc4b3b1697dbb3feceab227bde59848b62626d8fddfe73f6bf9,user-certified,512.0,0.7450365143851455,0.5989774867701139,,0.4020711662351737,0.5484859408795962,,0.37292718096611394,25600,0.692541823387146,0.5023785190284252,0.5942578125,6954bc05acf9bd5bd4fccdc7138dc138431612c094a5666c6d0ad49edd043afb,0.7204491725768322,policy-grounded,81109,108,51009,2.0,61009,0.79203280609256,True,15.421883400034858,8
6,1.0,1,0.08640014989749366,plan-c,1.0,0.5068663415312767,primary,0,afc56ee9720c064cdf5d49f598493d9497fe56e6a7cf9ff44e5e2722c579eb9b,25600,synthea,1e-05,0.0,0,0,1.0,4.0,71009,health-card,0.7971546545624733,22869,0.4922773578705225,0.5077226421294775,this-work,0.0,7844,0,97ffa3cc126694a8655fc999a497f289955a5acfd73e12a85d1544404d51c555,1.4692737430167597,stable-local-fallback,patient_or_user_auprc,0.17040393595254594,9.214933748786253,1171001,1.0,50,25600,0.07545440015383065,,0.0,0.0,0.0,0,0.17040393595254594,61d649166984bbc4b3b1697dbb3feceab227bde59848b62626d8fddfe73f6bf9,user-certified,512.0,0.7450365143851455,0.5989774867701139,,0.4020711662351737,0.5484859408795962,,0.37292718096611394,25600,0.5068663415312767,0.7971546545624733,1.0,f9f6d193b85e08056437788aa857f4822ab228d03a515e06e46ec8b90c7bf3b2,0.7204491725768322,policy-grounded,81109,108,51009,1.0,61009,0.79203280609256,True,17.200723199843196,8
6,1.0,1,0.07974844225012755,plan-c,1.0,0.7117132604122162,diagnostic,0,186b5fd7103428594f4d15131c931154f1eb064164a2c439bc7536ddc6b2ecd4,25600,synthea,1e-05,0.0,0,0,1.0,4.0,71010,health-card,0.49181417271494865,23194,0.49060955518945637,0.5093904448105436,this-work,0.9,5058,0,9c324111db24d910387bdbc34db5eded94a9f758cbe6cd6acadf10aadd2f84c0,1.4197693574958814,unitscope-lambda-sweep,patient_or_user_auprc,0.3118362868417796,9.214933748786253,1181001,1.0,50,25600,0.08221479982603341,,0.27738501638174057,0.19089319195598364,0.4003125,3035,0.3118362868417796,61d649166984bbc4b3b1697dbb3feceab227bde59848b62626d8fddfe73f6bf9,user-certified,512.0,0.7452709434079171,0.6051136363636364,,0.402843023610518,0.547043979812545,,0.37292718096611394,25600,0.9999999976158143,0.309150911308825,0.5996875,2317801666149dd1fca05f55c5559ac4db9acf21fb0ce6c72fdfebd576e9c758,0.6908554572271386,policy-grounded,81110,109,51010,1.0,61010,0.7809021675454013,True,15.71308100016904,9
6,1.0,1,0.07950967189513014,plan-c,1.0,0.26786390036344526,primary,0,186b5fd7103428594f4d15131c931154f1eb064164a2c439bc7536ddc6b2ecd4,10248,synthea,1e-05,5.418184899928747,25600,5058,0.4003125,4.0,71010,health-card,0.44116999983787536,9264,0.49060955518945637,0.5093904448105436,this-work,1.0,0,0,9c324111db24d910387bdbc34db5eded94a9f758cbe6cd6acadf10aadd2f84c0,1.4197693574958814,handle-only-drop-residual,patient_or_user_auprc,0.31274439053994385,9.214933748786253,1181001,1.0,50,10248,0.07842890004394576,,0.26786390036344526,0.17415400682017207,0.4003125,3035,0.31274439053994385,61d649166984bbc4b3b1697dbb3feceab227bde59848b62626d8fddfe73f6bf9,user-certified,512.0,0.7452709434079171,0.6051136363636364,,0.402843023610518,0.547043979812545,,0.37292718096611394,25600,0.0,0.2757728089019656,0.0,6919bc3d40013330cd2e02a48e7cd6f8da4b3458e6ef528ea4831e795dceb6ad,0.6908554572271386,policy-grounded,81110,109,51010,1.0,61010,0.7809021675454013,True,16.020912500011036,9
6,1.0,1,0.09451172765425296,plan-c,1.0,0.5462024372816086,primary,0,186b5fd7103428594f4d15131c931154f1eb064164a2c439bc7536ddc6b2ecd4,25600,synthea,1e-05,0.0,0,0,1.0,4.0,71010,health-card,0.7209225309640169,22911,0.49060955518945637,0.5093904448105436,this-work,0.0,7855,0,9c324111db24d910387bdbc34db5eded94a9f758cbe6cd6acadf10aadd2f84c0,1.4197693574958814,stable-local-fallback,patient_or_user_auprc,0.289666846026418,9.214933748786253,1181001,1.0,50,25600,0.07546939997700974,,0.0,0.0,0.0,0,0.289666846026418,61d649166984bbc4b3b1697dbb3feceab227bde59848b62626d8fddfe73f6bf9,user-certified,512.0,0.7452709434079171,0.6051136363636364,,0.402843023610518,0.547043979812545,,0.37292718096611394,25600,0.5462024372816086,0.7209225309640169,1.0,933ce4a772f426c9d5e1b56e5f46f11fa5d29719198b87e3e8060578c7d850d5,0.6908554572271386,policy-grounded,81110,109,51010,1.0,61010,0.7809021675454013,True,17.39397020000615,9
6,1.0,1,0.04810670935854579,plan-delta,2.0,0.58110287129879,primary,0,186b5fd7103428594f4d15131c931154f1eb064164a2c439bc7536ddc6b2ecd4,25600,synthea,1e-05,0.0,0,0,1.0,4.0,71010,health-card,0.6500164811313153,23194,0.49060955518945637,0.5093904448105436,this-work,,5058,0,9c324111db24d910387bdbc34db5eded94a9f758cbe6cd6acadf10aadd2f84c0,1.4197693574958814,naive-recalibrated-2c,patient_or_user_auprc,0.32073219971513417,9.214933748786253,1181001,2.0,50,25600,0.08315260006929748,,0.2600382009148598,0.22808629123494029,0.4003125,3035,0.32073219971513417,61d649166984bbc4b3b1697dbb3feceab227bde59848b62626d8fddfe73f6bf9,user-certified,512.0,0.7452709434079171,0.6051136363636364,,0.402843023610518,0.547043979812545,,0.37292718096611394,25600,0.7946504670381546,0.4280185934901237,0.5996875,ae310ddaf44482ce102e1123e401b4acc05274dd875e30166adac7a2cd93ad42,0.6908554572271386,policy-grounded,81110,109,51010,2.0,61010,0.7809021675454013,True,15.796170999936294,9
6,1.0,1,0.09205415832799098,plan-c,1.0,0.7101538753509522,diagnostic,0,e96943b4a75c52e0274f8248cc952d1da4ec5944a007b8845ab49d2a6bac947b,25600,synthea,1e-05,0.0,0,0,1.0,4.0,71011,health-card,0.47055061429739,23457,0.4886848146933421,0.5113151853066579,this-work,0.9,5047,0,b5bccfad02180d10dad217c6b81315066a50fd20c40640315b52ee971a918e66,1.355854378484749,unitscope-lambda-sweep,patient_or_user_auprc,0.2865078699555262,9.214933748786253,1191001,1.0,50,25600,0.08121340002981015,,0.282984285056591,0.2086626998335123,0.4090234375,3049,0.2865078699555262,61d649166984bbc4b3b1697dbb3feceab227bde59848b62626d8fddfe73f6bf9,user-certified,512.0,0.7442817175387767,0.6136087484811664,,0.40931479518673236,0.5495674116798847,,0.3754506128334535,25600,0.9999999976158143,0.26722742028534413,0.5909765625,04a84ae5f4226b44c34a0e485432a49d60c61321ce3ee16b8517dabb2cd4598a,0.7289703005513072,policy-grounded,81111,110,51011,1.0,61011,0.7826596367896895,True,16.085210899967933,10
6,1.0,1,0.055068422727095154,plan-delta,2.0,0.5981754177808761,primary,0,e96943b4a75c52e0274f8248cc952d1da4ec5944a007b8845ab49d2a6bac947b,25600,synthea,1e-05,0.0,0,0,1.0,4.0,71011,health-card,0.652259047999978,23457,0.4886848146933421,0.5113151853066579,this-work,,5047,0,b5bccfad02180d10dad217c6b81315066a50fd20c40640315b52ee971a918e66,1.355854378484749,naive-recalibrated-2c,patient_or_user_auprc,0.31392395160899594,9.214933748786253,1191001,2.0,50,25600,0.0808842999394983,,0.26634897470474245,0.26140197582542896,0.4090234375,3049,0.31392395160899594,61d649166984bbc4b3b1697dbb3feceab227bde59848b62626d8fddfe73f6bf9,user-certified,512.0,0.7442817175387767,0.6136087484811664,,0.40931479518673236,0.5495674116798847,,0.3754506128334535,25600,0.8236444538831711,0.39584424294531345,0.5909765625,0fb0c4e222d87f7b4f2d7c1a8519cf7ea7cc52bedfaef24d7cdc88e9f8e87835,0.7289703005513072,policy-grounded,81111,110,51011,2.0,61011,0.7826596367896895,True,16.515033100062283,10
6,1.0,1,0.10655435322652833,plan-c,1.0,0.5599715736508369,primary,0,e96943b4a75c52e0274f8248cc952d1da4ec5944a007b8845ab49d2a6bac947b,25600,synthea,1e-05,0.0,0,0,1.0,4.0,71011,health-card,0.7044099818915128,23224,0.4886848146933421,0.5113151853066579,this-work,0.0,7867,0,b5bccfad02180d10dad217c6b81315066a50fd20c40640315b52ee971a918e66,1.355854378484749,stable-local-fallback,patient_or_user_auprc,0.23765110245270837,9.214933748786253,1191001,1.0,50,25600,0.07602760012377985,,0.0,0.0,0.0,0,0.23765110245270837,61d649166984bbc4b3b1697dbb3feceab227bde59848b62626d8fddfe73f6bf9,user-certified,512.0,0.7442817175387767,0.6136087484811664,,0.40931479518673236,0.5495674116798847,,0.3754506128334535,25600,0.5599715736508369,0.7044099818915128,1.0,80685b57a236b8e7ec04e982e6ccec3b825e7ad8b6f9083cdbdb3c444a546d16,0.7289703005513072,policy-grounded,81111,110,51011,1.0,61011,0.7826596367896895,True,18.008179099851986,10
6,1.0,1,0.09186890325216358,plan-c,1.0,0.27106567710638046,primary,0,e96943b4a75c52e0274f8248cc952d1da4ec5944a007b8845ab49d2a6bac947b,10471,synthea,1e-05,5.580881800065981,25600,5047,0.4090234375,4.0,71011,health-card,0.41763874657452105,9493,0.4886848146933421,0.5113151853066579,this-work,1.0,0,0,b5bccfad02180d10dad217c6b81315066a50fd20c40640315b52ee971a918e66,1.355854378484749,handle-only-drop-residual,patient_or_user_auprc,0.29136944961460565,9.214933748786253,1191001,1.0,50,10471,0.0807347999070771,,0.27106567710638046,0.18956217385828494,0.4090234375,3049,0.29136944961460565,61d649166984bbc4b3b1697dbb3feceab227bde59848b62626d8fddfe73f6bf9,user-certified,512.0,0.7442817175387767,0.6136087484811664,,0.40931479518673236,0.5495674116798847,,0.3754506128334535,25600,0.0,0.23407778181135655,0.0,a4c2e7d589727262983a70b2ce8311cc4a707d56eee5c6e9430875f32f54acd9,0.7289703005513072,policy-grounded,81111,110,51011,1.0,61011,0.7826596367896895,True,16.7566692000255,10
6,1.0,1,0.08689028387835648,plan-c,1.0,0.2694262519478798,primary,0,e053a3f1a4ed3327554ff80483edfb100213ce8501889316627382d3f2e524b2,10218,synthea,1e-05,5.458091200067429,25600,5014,0.399140625,4.0,71012,health-card,0.4364229470491409,9218,0.4860701409373976,0.5139298590626025,this-work,1.0,0,0,1953a2bb925ae406c80b3f3157866c11bc303bf94cbd6b01291ba2d53f76d1c6,1.4962307440183547,handle-only-drop-residual,patient_or_user_auprc,0.2505836577893135,9.214933748786253,1201001,1.0,50,10218,0.08045820001279935,,0.2694262519478798,0.18090242579579352,0.399140625,3051,0.2505836577893135,61d649166984bbc4b3b1697dbb3feceab227bde59848b62626d8fddfe73f6bf9,user-certified,512.0,0.7396903184208883,0.5891458914589146,,0.3953137266743161,0.5499279019466474,,0.3747296322999279,25600,0.0,0.2600662783905864,0.0,250ce4a380cb9f6cd23b10761532e3a1f89826fb971aff4c0b98f78420393b37,0.7466487935656837,policy-grounded,81112,111,51012,1.0,61012,0.7832454598711189,True,16.273718199925497,11
6,1.0,1,0.0992439133734796,plan-c,1.0,0.538991582095623,primary,0,e053a3f1a4ed3327554ff80483edfb100213ce8501889316627382d3f2e524b2,25600,synthea,1e-05,0.0,0,0,1.0,4.0,71012,health-card,0.6886448534578085,22765,0.4860701409373976,0.5139298590626025,this-work,0.0,7845,0,1953a2bb925ae406c80b3f3157866c11bc303bf94cbd6b01291ba2d53f76d1c6,1.4962307440183547,stable-local-fallback,patient_or_user_auprc,0.19733652859218917,9.214933748786253,1201001,1.0,50,25600,0.07544160005636513,,0.0,0.0,0.0,0,0.19733652859218917,61d649166984bbc4b3b1697dbb3feceab227bde59848b62626d8fddfe73f6bf9,user-certified,512.0,0.7396903184208883,0.5891458914589146,,0.3953137266743161,0.5499279019466474,,0.3747296322999279,25600,0.538991582095623,0.6886448534578085,1.0,4467129e864fa25fe9d613061c9ec3b344058599b0a97cf86e8337ee319f44dc,0.7466487935656837,policy-grounded,81112,111,51012,1.0,61012,0.7832454598711189,True,17.536149599938653,11
6,1.0,1,0.055001552500465484,plan-delta,2.0,0.5596080940961837,primary,0,e053a3f1a4ed3327554ff80483edfb100213ce8501889316627382d3f2e524b2,25600,synthea,1e-05,0.0,0,0,1.0,4.0,71012,health-card,0.6903684398531914,23018,0.4860701409373976,0.5139298590626025,this-work,,5014,0,1953a2bb925ae406c80b3f3157866c11bc303bf94cbd6b01291ba2d53f76d1c6,1.4962307440183547,naive-recalibrated-2c,patient_or_user_auprc,0.19878295470942509,9.214933748786253,1201001,2.0,50,25600,0.07924460005597211,,0.26097858399152757,0.25368116721510886,0.399140625,3051,0.19878295470942509,61d649166984bbc4b3b1697dbb3feceab227bde59848b62626d8fddfe73f6bf9,user-certified,512.0,0.7396903184208883,0.5891458914589146,,0.3953137266743161,0.5499279019466474,,0.3747296322999279,25600,0.7601762861013412,0.43959699288010595,0.600859375,b8182dfeac629265c4b4f8eda799d97cc60efa2596b683b7196adaf70b51fb0d,0.7466487935656837,policy-grounded,81112,111,51012,2.0,61012,0.7832454598711189,True,16.201765099947806,11
6,1.0,1,0.08692180598309968,plan-c,1.0,0.7104013299942017,diagnostic,0,e053a3f1a4ed3327554ff80483edfb100213ce8501889316627382d3f2e524b2,25600,synthea,1e-05,0.0,0,0,1.0,4.0,71012,health-card,0.4842920366674662,23018,0.4860701409373976,0.5139298590626025,this-work,0.9,5014,0,1953a2bb925ae406c80b3f3157866c11bc303bf94cbd6b01291ba2d53f76d1c6,1.4962307440183547,unitscope-lambda-sweep,patient_or_user_auprc,0.24297421712210557,9.214933748786253,1201001,1.0,50,25600,0.08050649985671043,,0.2762339106202126,0.19712652273476125,0.399140625,3051,0.24297421712210557,61d649166984bbc4b3b1697dbb3feceab227bde59848b62626d8fddfe73f6bf9,user-certified,512.0,0.7396903184208883,0.5891458914589146,,0.3953137266743161,0.5499279019466474,,0.3747296322999279,25600,0.9999999976158143,0.2913976015150547,0.600859375,eebf1f1750586f34abca6096ab4b6f855cbcd43ce290c2b6b92dc8f8e52da4b9,0.7466487935656837,policy-grounded,81112,111,51012,1.0,61012,0.7832454598711189,True,16.07419210014632,11
6,1.0,1,0.10839907867045731,plan-c,1.0,0.5983662700653076,primary,0,f5d1b7326bf49a8dea1be089663a275898dc61ac42d570c677f60bd9c3355d98,25600,synthea,1e-05,0.0,0,0,1.0,4.0,71013,health-card,0.7246649643778801,22428,0.4940983606557377,0.5059016393442622,this-work,0.0,7831,0,273f0171b0413d70a85549a3ff6832a3d60a963851d8ffdb14a0f5a3eac4b794,1.561311475409836,stable-local-fallback,patient_or_user_auprc,0.20665344781184508,9.214933748786253,1211001,1.0,50,25600,0.07721970009151846,,0.0,0.0,0.0,0,0.20665344781184508,61d649166984bbc4b3b1697dbb3feceab227bde59848b62626d8fddfe73f6bf9,user-certified,512.0,0.7458475306347893,0.5942745164863253,,0.40713285080551015,0.5497476568132661,,0.3713049747656813,25600,0.5983662700653076,0.7246649643778801,1.0,15b0b364aebcc21923d2403841e32edc71b010c68f5f0217c18d7de45effcaf8,0.7311510031678986,policy-grounded,81113,112,51013,1.0,61013,0.7650849443468073,True,17.384995299915317,12
6,1.0,1,0.05853989409968003,plan-delta,2.0,0.6326374465227127,primary,0,f5d1b7326bf49a8dea1be089663a275898dc61ac42d570c677f60bd9c3355d98,25600,synthea,1e-05,0.0,0,0,1.0,4.0,71013,health-card,0.7271499741077423,22732,0.4940983606557377,0.5059016393442622,this-work,,5032,0,273f0171b0413d70a85549a3ff6832a3d60a963851d8ffdb14a0f5a3eac4b794,1.561311475409836,naive-recalibrated-2c,patient_or_user_auprc,0.22606491585572458,9.214933748786253,1211001,2.0,50,25600,0.18623539980035275,,0.2808269587159157,0.2821319627203047,0.4081640625,3050,0.22606491585572458,61d649166984bbc4b3b1697dbb3feceab227bde59848b62626d8fddfe73f6bf9,user-certified,512.0,0.7458475306347893,0.5942745164863253,,0.40713285080551015,0.5497476568132661,,0.3713049747656813,25600,0.8707992780208588,0.44807498417794706,0.5918359375,4b405379ff998275b72daf45392c7c844133fe806fa2008cc0bfec6c88b30a6e,0.7311510031678986,policy-grounded,81113,112,51013,2.0,61013,0.7650849443468073,True,16.214197900204454,12
6,1.0,1,0.09353287728845615,plan-c,1.0,0.7200564074516297,diagnostic,0,f5d1b7326bf49a8dea1be089663a275898dc61ac42d570c677f60bd9c3355d98,25600,synthea,1e-05,0.0,0,0,1.0,4.0,71013,health-card,0.5231185042113066,22732,0.4940983606557377,0.5059016393442622,this-work,0.9,5032,0,273f0171b0413d70a85549a3ff6832a3d60a963851d8ffdb14a0f5a3eac4b794,1.561311475409836,unitscope-lambda-sweep,patient_or_user_auprc,0.22503632987102887,9.214933748786253,1211001,1.0,50,25600,0.08137100006570108,,0.3069738993048668,0.22166708284989,0.4081640625,3050,0.22503632987102887,61d649166984bbc4b3b1697dbb3feceab227bde59848b62626d8fddfe73f6bf9,user-certified,512.0,0.7458475306347893,0.5942745164863253,,0.40713285080551015,0.5497476568132661,,0.3713049747656813,25600,0.9999999988079071,0.3064740406349301,0.5918359375,812831d6fd3f02ac13b31ddfbcb08558f5947a01d5e7e33733fe9c8989411a31,0.7311510031678986,policy-grounded,81113,112,51013,1.0,61013,0.7650849443468073,True,16.33248749995255,12
6,1.0,1,0.09338146040463897,plan-c,1.0,0.29588227689266206,primary,0,f5d1b7326bf49a8dea1be089663a275898dc61ac42d570c677f60bd9c3355d98,10449,synthea,1e-05,6.636750000092434,25600,5032,0.4081640625,4.0,71013,health-card,0.4705781580507755,9178,0.4940983606557377,0.5059016393442622,this-work,1.0,0,0,273f0171b0413d70a85549a3ff6832a3d60a963851d8ffdb14a0f5a3eac4b794,1.561311475409836,handle-only-drop-residual,patient_or_user_auprc,0.22706610600736105,9.214933748786253,1211001,1.0,50,10449,0.07930150011088699,,0.29588227689266206,0.20280756659805774,0.4081640625,3050,0.22706610600736105,61d649166984bbc4b3b1697dbb3feceab227bde59848b62626d8fddfe73f6bf9,user-certified,512.0,0.7458475306347893,0.5942745164863253,,0.40713285080551015,0.5497476568132661,,0.3713049747656813,25600,0.0,0.27314357038587334,0.0,8222a5e3deb1c76a140679eeb33c1e0c584876b7db64c5af8360c0ba0937ba84,0.7311510031678986,policy-grounded,81113,112,51013,1.0,61013,0.7650849443468073,True,16.500242299807724,12
6,1.0,1,0.07657354732039434,plan-c,1.0,0.709118605852127,diagnostic,0,c6f64944409e52d4e37c9d97fd68dd3e7c3960251fa7fcfbf293c2b583450189,25600,synthea,1e-05,0.0,0,0,1.0,4.0,71014,health-card,0.5307425109297037,23096,0.48778103616813295,0.512218963831867,this-work,0.9,5017,0,243733cf0c4348a2edac51c5325e5722c6ce5295c76b9b3f8442b1f0f7c7034c,1.3919843597262953,unitscope-lambda-sweep,patient_or_user_auprc,0.2342317601813482,9.214933748786253,1221001,1.0,50,25600,0.18486349994782358,,0.283528625369072,0.22539632502943277,0.412421875,3069,0.2342317601813482,61d649166984bbc4b3b1697dbb3feceab227bde59848b62626d8fddfe73f6bf9,user-certified,512.0,0.7443752080148477,0.6146838639848471,,0.41233059051306875,0.5531723143475126,,0.3734679163662581,25600,0.9999999988079071,0.30832068748772146,0.587578125,03b0ad2482393741ad87927c7ec9d5c4d68d60ce0c7d484590bf7c137f4af2c5,0.7509767633148262,policy-grounded,81114,113,51014,1.0,61014,0.7826596367896895,True,16.214942300051916,13
6,1.0,1,0.04446283053513093,plan-delta,2.0,0.5698892396688461,primary,0,c6f64944409e52d4e37c9d97fd68dd3e7c3960251fa7fcfbf293c2b583450189,25600,synthea,1e-05,0.0,0,0,1.0,4.0,71014,health-card,0.7597667264938355,23096,0.48778103616813295,0.512218963831867,this-work,,5017,0,243733cf0c4348a2edac51c5325e5722c6ce5295c76b9b3f8442b1f0f7c7034c,1.3919843597262953,naive-recalibrated-2c,patient_or_user_auprc,0.2623397537683245,9.214933748786253,1221001,2.0,50,25600,0.18230140002560802,,0.2667471781373024,0.29318980403244493,0.412421875,3069,0.2623397537683245,61d649166984bbc4b3b1697dbb3feceab227bde59848b62626d8fddfe73f6bf9,user-certified,512.0,0.7443752080148477,0.6146838639848471,,0.41233059051306875,0.5531723143475126,,0.3734679163662581,25600,0.7794278234243393,0.46838382706046106,0.587578125,1616c6a5c80fff087e189230ba44f18f18afa62a1b7de45416b79b6199a5f504,0.7509767633148262,policy-grounded,81114,113,51014,2.0,61014,0.7826596367896895,True,16.26679559997865,13
6,1.0,1,0.08990088893746029,plan-c,1.0,0.522488622367382,primary,0,c6f64944409e52d4e37c9d97fd68dd3e7c3960251fa7fcfbf293c2b583450189,25600,synthea,1e-05,0.0,0,0,1.0,4.0,71014,health-card,0.7772956311702728,22769,0.48778103616813295,0.512218963831867,this-work,0.0,7840,0,243733cf0c4348a2edac51c5325e5722c6ce5295c76b9b3f8442b1f0f7c7034c,1.3919843597262953,stable-local-fallback,patient_or_user_auprc,0.18494125639158976,9.214933748786253,1221001,1.0,50,25600,0.07722049998119473,,0.0,0.0,0.0,0,0.18494125639158976,61d649166984bbc4b3b1697dbb3feceab227bde59848b62626d8fddfe73f6bf9,user-certified,512.0,0.7443752080148477,0.6146838639848471,,0.41233059051306875,0.5531723143475126,,0.3734679163662581,25600,0.522488622367382,0.7772956311702728,1.0,a58a358b7201dafdb143b78ccbaa615cc3384d0e6b688e773214ac9d4a3214bd,0.7509767633148262,policy-grounded,81114,113,51014,1.0,61014,0.7826596367896895,True,17.33436580002308,13
6,1.0,1,0.07746574942384712,plan-c,1.0,0.27549511939287186,primary,0,c6f64944409e52d4e37c9d97fd68dd3e7c3960251fa7fcfbf293c2b583450189,10558,synthea,1e-05,6.520824399980484,25600,5017,0.412421875,4.0,71014,health-card,0.47728564210236074,9391,0.48778103616813295,0.512218963831867,this-work,1.0,0,0,243733cf0c4348a2edac51c5325e5722c6ce5295c76b9b3f8442b1f0f7c7034c,1.3919843597262953,handle-only-drop-residual,patient_or_user_auprc,0.24287644998046737,9.214933748786253,1221001,1.0,50,10558,0.08067530006519519,,0.27549511939287186,0.20586999446153642,0.412421875,3069,0.24287644998046737,61d649166984bbc4b3b1697dbb3feceab227bde59848b62626d8fddfe73f6bf9,user-certified,512.0,0.7443752080148477,0.6146838639848471,,0.41233059051306875,0.5531723143475126,,0.3734679163662581,25600,0.0,0.2746067517623305,0.0,cd6ebd9ab94bd4e2f7cea5a13f2f4ab5c791e87a125b3473de59a80ea51aa1cf,0.7509767633148262,policy-grounded,81114,113,51014,1.0,61014,0.7826596367896895,True,16.501494899974205,13
6,1.0,1,0.05976648479790612,plan-delta,2.0,0.6286121994256973,primary,0,aec31288e825f5b6202f899202a2da072d686b037db9f111c097a0add687dd49,25600,synthea,1e-05,0.0,0,0,1.0,4.0,71015,health-card,0.521794925108552,22901,0.48991735537190084,0.5100826446280992,this-work,,5050,0,9624e16ea72be9a34c37979c936745767daab848dff31ebf56dcbaa1d213fc87,1.4522314049586778,naive-recalibrated-2c,patient_or_user_auprc,0.23906559518869255,9.214933748786253,1231001,2.0,50,25600,0.08039079999434762,,0.2632988965511322,0.188220310844481,0.4080078125,3025,0.23906559518869255,61d649166984bbc4b3b1697dbb3feceab227bde59848b62626d8fddfe73f6bf9,user-certified,512.0,0.7439806249272854,0.60653828929691,,0.4073628488931665,0.5452415284787311,,0.36950252343186735,25600,0.8757257044315339,0.33708725102245807,0.5919921875,25423685fbe853d2cd01d00e216f9f848baf12e3fd92fa410b0603be0251356e,0.7504794783275796,policy-grounded,81115,114,51015,2.0,61015,0.7867603983596954,True,16.828983899991727,14
6,1.0,1,0.0932305693683554,plan-c,1.0,0.274830157160759,primary,0,aec31288e825f5b6202f899202a2da072d686b037db9f111c097a0add687dd49,10445,synthea,1e-05,6.549425799952587,25600,5050,0.4080078125,4.0,71015,health-card,0.2952120976522565,9225,0.48991735537190084,0.5100826446280992,this-work,1.0,0,0,9624e16ea72be9a34c37979c936745767daab848dff31ebf56dcbaa1d213fc87,1.4522314049586778,handle-only-drop-residual,patient_or_user_auprc,0.25276749043212166,9.214933748786253,1231001,1.0,50,10445,0.07989850002923049,,0.274830157160759,0.12093848772346974,0.4080078125,3025,0.25276749043212166,61d649166984bbc4b3b1697dbb3feceab227bde59848b62626d8fddfe73f6bf9,user-certified,512.0,0.7439806249272854,0.60653828929691,,0.4073628488931665,0.5452415284787311,,0.36950252343186735,25600,0.0,0.17987752705812454,0.0,875cb2b82261676e5cc4a2ce9e40e15c52f1f9a4ec0802a3c18bef28eee2987d,0.7504794783275796,policy-grounded,81115,114,51015,1.0,61015,0.7867603983596954,True,16.902516600006493,14
6,1.0,1,0.0945584989544933,plan-c,1.0,0.7115329122543335,diagnostic,0,aec31288e825f5b6202f899202a2da072d686b037db9f111c097a0add687dd49,25600,synthea,1e-05,0.0,0,0,1.0,4.0,71015,health-card,0.34011948224157096,22901,0.48991735537190084,0.5100826446280992,this-work,0.9,5050,0,9624e16ea72be9a34c37979c936745767daab848dff31ebf56dcbaa1d213fc87,1.4522314049586778,unitscope-lambda-sweep,patient_or_user_auprc,0.2510491324631347,9.214933748786253,1231001,1.0,50,25600,0.08315469993976876,,0.2848187518119812,0.13728425186127424,0.4080078125,3025,0.2510491324631347,61d649166984bbc4b3b1697dbb3feceab227bde59848b62626d8fddfe73f6bf9,user-certified,512.0,0.7439806249272854,0.60653828929691,,0.4073628488931665,0.5452415284787311,,0.36950252343186735,25600,0.9999999952316284,0.20819475777447224,0.5919921875,9d1ef8519c8194dd2796e3d5aff733a1acc5fd13dd419d9c9241b1c0e0990177,0.7504794783275796,policy-grounded,81115,114,51015,1.0,61015,0.7867603983596954,True,17.008469900058117,14
6,1.0,1,0.11857096215674319,plan-c,1.0,0.6379980039596558,primary,0,aec31288e825f5b6202f899202a2da072d686b037db9f111c097a0add687dd49,25600,synthea,1e-05,0.0,0,0,1.0,4.0,71015,health-card,0.5260236246138811,22581,0.48991735537190084,0.5100826446280992,this-work,0.0,7812,0,9624e16ea72be9a34c37979c936745767daab848dff31ebf56dcbaa1d213fc87,1.4522314049586778,stable-local-fallback,patient_or_user_auprc,0.21030745233044157,9.214933748786253,1231001,1.0,50,25600,0.07662840007105842,,0.0,0.0,0.0,0,0.21030745233044157,61d649166984bbc4b3b1697dbb3feceab227bde59848b62626d8fddfe73f6bf9,user-certified,512.0,0.7439806249272854,0.60653828929691,,0.4073628488931665,0.5452415284787311,,0.36950252343186735,25600,0.6379980039596558,0.5260236246138811,1.0,d5e1d4a217fb9847cf25f2fcb2b2d4bb60d0362f9f44878260002430e2ba885d,0.7504794783275796,policy-grounded,81115,114,51015,1.0,61015,0.7867603983596954,True,18.14369969992549,14
6,1.0,1,0.0884269610840222,plan-c,1.0,0.28622606962919234,primary,0,1431da2b4d2703cd0b28dd3e6d833089515657a374b57494394b999ff0497ef1,9937,synthea,1e-05,6.505338400078472,25600,5086,0.3881640625,4.0,71016,health-card,0.48119016870856285,8888,0.48923484597548855,0.5107651540245114,this-work,1.0,0,0,df488753cf8c8718822a31904944b2c214e9493fad2f618a3844873f68b5ddf1,1.5862868499503147,handle-only-drop-residual,patient_or_user_auprc,0.26774772606319885,9.214933748786253,1241001,1.0,50,9937,0.07800489992951043,,0.28622606962919234,0.1800284580886364,0.3881640625,3019,0.26774772606319885,61d649166984bbc4b3b1697dbb3feceab227bde59848b62626d8fddfe73f6bf9,user-certified,512.0,0.7396424311415429,0.5818562821968043,,0.39357429718875503,0.5441600576784427,,0.3731074260994953,25600,0.0,0.3062067188322544,0.0,0961e354f3638620799c2558495a6446876d07303eaa21fd506c1696e6bb02c9,0.7142564522736583,policy-grounded,81116,115,51016,1.0,61016,0.7832454598711189,True,16.475356999988435,15
6,1.0,1,0.08845310148762621,plan-c,1.0,0.7255620813369751,diagnostic,0,1431da2b4d2703cd0b28dd3e6d833089515657a374b57494394b999ff0497ef1,25600,synthea,1e-05,0.0,0,0,1.0,4.0,71016,health-card,0.5316535934433341,22886,0.48923484597548855,0.5107651540245114,this-work,0.9,5086,0,df488753cf8c8718822a31904944b2c214e9493fad2f618a3844873f68b5ddf1,1.5862868499503147,unitscope-lambda-sweep,patient_or_user_auprc,0.2627871099329052,9.214933748786253,1241001,1.0,50,25600,0.08184689990594052,,0.2959509015083313,0.19704097233712672,0.3881640625,3019,0.2627871099329052,61d649166984bbc4b3b1697dbb3feceab227bde59848b62626d8fddfe73f6bf9,user-certified,512.0,0.7396424311415429,0.5818562821968043,,0.39357429718875503,0.5441600576784427,,0.3731074260994953,25600,0.9999999976158143,0.33935701340436936,0.6118359375,15096976f0a59aba78b28db236ed62e45ac0cfd43b854fb3cea3c6a6d49d0e82,0.7142564522736583,policy-grounded,81116,115,51016,1.0,61016,0.7832454598711189,True,16.524776300095255,15
6,1.0,1,0.09947481167549434,plan-c,1.0,0.5819757348299026,primary,0,1431da2b4d2703cd0b28dd3e6d833089515657a374b57494394b999ff0497ef1,25600,synthea,1e-05,0.0,0,0,1.0,4.0,71016,health-card,0.7192946599423885,22601,0.48923484597548855,0.5107651540245114,this-work,0.0,7859,0,df488753cf8c8718822a31904944b2c214e9493fad2f618a3844873f68b5ddf1,1.5862868499503147,stable-local-fallback,patient_or_user_auprc,0.19925998087351154,9.214933748786253,1241001,1.0,50,25600,0.0771318000042811,,0.0,0.0,0.0,0,0.19925998087351154,61d649166984bbc4b3b1697dbb3feceab227bde59848b62626d8fddfe73f6bf9,user-certified,512.0,0.7396424311415429,0.5818562821968043,,0.39357429718875503,0.5441600576784427,,0.3731074260994953,25600,0.5819757348299026,0.7192946599423885,1.0,4db28a107d66be81becebc74f3323e3d057db1800d70f508bffdddeeaef8cd88,0.7142564522736583,policy-grounded,81116,115,51016,1.0,61016,0.7832454598711189,True,17.26738419997855,15
6,1.0,1,0.0571291553842419,plan-delta,2.0,0.5623099634051323,primary,0,1431da2b4d2703cd0b28dd3e6d833089515657a374b57494394b999ff0497ef1,25600,synthea,1e-05,0.0,0,0,1.0,4.0,71016,health-card,0.7187096135318279,22886,0.48923484597548855,0.5107651540245114,this-work,,5086,0,df488753cf8c8718822a31904944b2c214e9493fad2f618a3844873f68b5ddf1,1.5862868499503147,naive-recalibrated-2c,patient_or_user_auprc,0.25276993695160016,9.214933748786253,1241001,2.0,50,25600,0.18982439991668798,,0.27167953431606295,0.24630896214395762,0.3881640625,3019,0.25276993695160016,61d649166984bbc4b3b1697dbb3feceab227bde59848b62626d8fddfe73f6bf9,user-certified,512.0,0.7396424311415429,0.5818562821968043,,0.39357429718875503,0.5441600576784427,,0.3731074260994953,25600,0.7494469499588012,0.4761705116182566,0.6118359375,d4149b79aa2ef3b610dade710c18c4596e4a3e4a615fcb6d7ed5fdf3b381f5e0,0.7142564522736583,policy-grounded,81116,115,51016,2.0,61016,0.7832454598711189,True,16.340727600094397,15
6,1.0,1,0.05670493291069227,plan-delta,2.0,0.6258224940299988,primary,0,e58ef83359425f44d62846069e651fa2ba0aa4885bab44eb48b36989d4a1da92,25600,synthea,1e-05,0.0,0,0,1.0,4.0,71017,health-card,0.6420889462530613,23091,0.4972067039106145,0.5027932960893855,this-work,,5046,0,e1a85066ec8400ca20de0254eac318b12024508f8246e666e0e012454aa2d513,1.40124876766349,naive-recalibrated-2c,patient_or_user_auprc,0.25558790448414337,9.214933748786253,1251001,2.0,50,25600,0.07678110001143068,,0.2659503373503685,0.23281052660197019,0.404609375,3043,0.25558790448414337,61d649166984bbc4b3b1697dbb3feceab227bde59848b62626d8fddfe73f6bf9,user-certified,512.0,0.7460226035744527,0.606895915921453,,0.40349371743794055,0.5484859408795962,,0.3720259552992069,25600,0.8672441589832306,0.4117099415510893,0.595390625,09929b0e914cbfd7781daafa402f30618e710bd5ec2b5beada1a0d3d93e9079d,0.7381407804131599,policy-grounded,81117,116,51017,2.0,61017,0.7973052138254247,True,16.687800599989714,16
6,1.0,1,0.08641981063225983,plan-c,1.0,0.2734829324483872,primary,0,e58ef83359425f44d62846069e651fa2ba0aa4885bab44eb48b36989d4a1da92,10358,synthea,1e-05,5.206504600093467,25600,5046,0.404609375,4.0,71017,health-card,0.41855122081935403,9282,0.4972067039106145,0.5027932960893855,this-work,1.0,0,0,e1a85066ec8400ca20de0254eac318b12024508f8246e666e0e012454aa2d513,1.40124876766349,handle-only-drop-residual,patient_or_user_auprc,0.2637668454891209,9.214933748786253,1251001,1.0,50,10358,0.07873869995819405,,0.2734829324483872,0.17047981042414903,0.404609375,3043,0.2637668454891209,61d649166984bbc4b3b1697dbb3feceab227bde59848b62626d8fddfe73f6bf9,user-certified,512.0,0.7460226035744527,0.606895915921453,,0.40349371743794055,0.5484859408795962,,0.3720259552992069,25600,0.0,0.2508942414075136,0.0,65e85bd58334ed99246a0dac66cba4b299a2af6efcca75566743fa9cb4dbad90,0.7381407804131599,policy-grounded,81117,116,51017,1.0,61017,0.7973052138254247,True,16.03494839995983,16
6,1.0,1,0.08751945773820799,plan-c,1.0,0.711223315000534,diagnostic,0,e58ef83359425f44d62846069e651fa2ba0aa4885bab44eb48b36989d4a1da92,25600,synthea,1e-05,0.0,0,0,1.0,4.0,71017,health-card,0.4699337227642536,23091,0.4972067039106145,0.5027932960893855,this-work,0.9,5046,0,e1a85066ec8400ca20de0254eac318b12024508f8246e666e0e012454aa2d513,1.40124876766349,unitscope-lambda-sweep,patient_or_user_auprc,0.26177069525360874,9.214933748786253,1251001,1.0,50,25600,0.07986929998151027,,0.28050280928611754,0.18831375490874053,0.404609375,3043,0.26177069525360874,61d649166984bbc4b3b1697dbb3feceab227bde59848b62626d8fddfe73f6bf9,user-certified,512.0,0.7460226035744527,0.606895915921453,,0.40349371743794055,0.5484859408795962,,0.3720259552992069,25600,0.9999999988079071,0.283897313028574,0.595390625,7218ec43addaa06ccd5449bb840efdd7b6ca388f32b90507a1684e42d51e5d1e,0.7381407804131599,policy-grounded,81117,116,51017,1.0,61017,0.7973052138254247,True,16.14476680001826,16
6,1.0,1,0.10558815686307142,plan-c,1.0,0.5683924630284309,primary,0,e58ef83359425f44d62846069e651fa2ba0aa4885bab44eb48b36989d4a1da92,25600,synthea,1e-05,0.0,0,0,1.0,4.0,71017,health-card,0.6809535031765699,22828,0.4972067039106145,0.5027932960893855,this-work,0.0,7833,0,e1a85066ec8400ca20de0254eac318b12024508f8246e666e0e012454aa2d513,1.40124876766349,stable-local-fallback,patient_or_user_auprc,0.21283384941317868,9.214933748786253,1251001,1.0,50,25600,0.07582100009312853,,0.0,0.0,0.0,0,0.21283384941317868,61d649166984bbc4b3b1697dbb3feceab227bde59848b62626d8fddfe73f6bf9,user-certified,512.0,0.7460226035744527,0.606895915921453,,0.40349371743794055,0.5484859408795962,,0.3720259552992069,25600,0.5683924630284309,0.6809535031765699,1.0,a7d0b174b72eebd28f163f7b13818cb63f697eece40fd6fe8b01ac4261228bfa,0.7381407804131599,policy-grounded,81117,116,51017,1.0,61017,0.7973052138254247,True,17.48526329989545,16
6,1.0,1,0.09594002392819698,plan-c,1.0,0.5704743239283562,primary,0,d70a180f5508e7573ecbb4d014534797d3f0d72e20743a993062ff461f2c9abc,25600,synthea,1e-05,0.0,0,0,1.0,4.0,71018,health-card,0.7972243303060531,22518,0.4849586776859504,0.5150413223140495,this-work,0.0,7818,0,dc8ae69739f1bb85efb58d3452bd826b7b667ca1ff7d19b8f6f67c4debb2ddf4,1.4816528925619834,stable-local-fallback,patient_or_user_auprc,0.23724847774880956,9.214933748786253,1261001,1.0,50,25600,0.178799299930688,,0.0,0.0,0.0,0,0.23724847774880956,61d649166984bbc4b3b1697dbb3feceab227bde59848b62626d8fddfe73f6bf9,user-certified,512.0,0.7412227956713008,0.5966522678185745,,0.39884497383143835,0.5452415284787311,,0.3691420331651045,25600,0.5704743239283562,0.7972243303060531,1.0,5433bfa4718597c783de0172bc6ee6e0020f974e5c5b6ffd61d46dbdf950bbad,0.7802075611564122,policy-grounded,81118,117,51018,1.0,61018,0.7756297598125366,True,17.791121600050246,17
6,1.0,1,0.09388381072247984,plan-c,1.0,0.7275438535213471,diagnostic,0,d70a180f5508e7573ecbb4d014534797d3f0d72e20743a993062ff461f2c9abc,25600,synthea,1e-05,0.0,0,0,1.0,4.0,71018,health-card,0.6153021979331971,22799,0.4849586776859504,0.5150413223140495,this-work,0.9,5022,0,dc8ae69739f1bb85efb58d3452bd826b7b667ca1ff7d19b8f6f67c4debb2ddf4,1.4816528925619834,unitscope-lambda-sweep,patient_or_user_auprc,0.3005818255637043,9.214933748786253,1261001,1.0,50,25600,0.08167629985837266,,0.3153924706578255,0.24376275531947614,0.400234375,3025,0.3005818255637043,61d649166984bbc4b3b1697dbb3feceab227bde59848b62626d8fddfe73f6bf9,user-certified,512.0,0.7412227956713008,0.5966522678185745,,0.39884497383143835,0.5452415284787311,,0.3691420331651045,25600,0.9999999976158143,0.3774942764639854,0.599765625,628ed30064e940c363143d547b3b5dac9f463404712a8480afdd05299302be5f,0.7802075611564122,policy-grounded,81118,117,51018,1.0,61018,0.7756297598125366,True,16.492405300115934,17
6,1.0,1,0.058998873994761565,plan-delta,2.0,0.5457143986225128,primary,0,d70a180f5508e7573ecbb4d014534797d3f0d72e20743a993062ff461f2c9abc,25600,synthea,1e-05,0.0,0,0,1.0,4.0,71018,health-card,0.8399344651401043,22799,0.4849586776859504,0.5150413223140495,this-work,,5022,0,dc8ae69739f1bb85efb58d3452bd826b7b667ca1ff7d19b8f6f67c4debb2ddf4,1.4816528925619834,naive-recalibrated-2c,patient_or_user_auprc,0.31319379325863633,9.214933748786253,1261001,2.0,50,25600,0.08096769990515895,,0.29201962918043134,0.3129911474324763,0.400234375,3025,0.31319379325863633,61d649166984bbc4b3b1697dbb3feceab227bde59848b62626d8fddfe73f6bf9,user-certified,512.0,0.7412227956713008,0.5966522678185745,,0.39884497383143835,0.5452415284787311,,0.3691420331651045,25600,0.7135801315307617,0.5328750132024288,0.599765625,d0c7c58b952f2bc138f7f023ee9e71f32c1bc47ff130179d8f01317bc4464db8,0.7802075611564122,policy-grounded,81118,117,51018,2.0,61018,0.7756297598125366,True,16.28554530008114,17
6,1.0,1,0.09448675511303622,plan-c,1.0,0.3043420523405075,primary,0,d70a180f5508e7573ecbb4d014534797d3f0d72e20743a993062ff461f2c9abc,10246,synthea,1e-05,5.351752799964743,25600,5022,0.400234375,4.0,71018,health-card,0.5638856210559606,9087,0.4849586776859504,0.5150413223140495,this-work,1.0,0,0,dc8ae69739f1bb85efb58d3452bd826b7b667ca1ff7d19b8f6f67c4debb2ddf4,1.4816528925619834,handle-only-drop-residual,patient_or_user_auprc,0.30026158750895793,9.214933748786253,1261001,1.0,50,10246,0.08108170007471927,,0.3043420523405075,0.2263775385171175,0.400234375,3025,0.30026158750895793,61d649166984bbc4b3b1697dbb3feceab227bde59848b62626d8fddfe73f6bf9,user-certified,512.0,0.7412227956713008,0.5966522678185745,,0.39884497383143835,0.5452415284787311,,0.3691420331651045,25600,0.0,0.3444890385866165,0.0,d138cd30776ec3cb33c2b55f28161a23c2e521f1d683a73dbf69de62d962cc5f,0.7802075611564122,policy-grounded,81118,117,51018,1.0,61018,0.7756297598125366,True,16.291527699970175,17
6,1.0,1,0.07998056152141095,plan-c,1.0,0.7130245888233184,diagnostic,0,f8d14b468eb5d6f8cc61da45173a493c266cae5a600402dfaa43e4012c536b22,25600,synthea,1e-05,0.0,0,0,1.0,4.0,71019,health-card,0.4575961245968938,23083,0.48798156075074084,0.5120184392492592,this-work,0.9,5041,0,94390c8363d564548ef1a80d6eeeb0139460934e7162c830f503235f285f8b82,1.4665788607178136,unitscope-lambda-sweep,patient_or_user_auprc,0.2494560040276432,9.214933748786253,1271001,1.0,50,25600,0.07978520001051947,,0.2791635927557945,0.19754419017583133,0.4096484375,3037,0.2494560040276432,61d649166984bbc4b3b1697dbb3feceab227bde59848b62626d8fddfe73f6bf9,user-certified,512.0,0.7392174090725174,0.6039480704250401,,0.40992214376244795,0.5474044700793078,,0.36896178803172314,25600,0.9999999964237213,0.2655068939179182,0.5903515625,2dbc15ce7d8826b5dd08bd92284cec074dbad3ee9af46c937e9ab5469a70ef62,0.751025430680886,policy-grounded,81119,118,51019,1.0,61019,0.7926186291739895,True,16.226087199989706,18
6,1.0,1,0.05127607094980046,plan-delta,2.0,0.5495532989501953,primary,0,f8d14b468eb5d6f8cc61da45173a493c266cae5a600402dfaa43e4012c536b22,25600,synthea,1e-05,0.0,0,0,1.0,4.0,71019,health-card,0.6784067352116108,23083,0.48798156075074084,0.5120184392492592,this-work,,5041,0,94390c8363d564548ef1a80d6eeeb0139460934e7162c830f503235f285f8b82,1.4665788607178136,naive-recalibrated-2c,patient_or_user_auprc,0.26198409912460935,9.214933748786253,1271001,2.0,50,25600,0.07853029991383664,,0.2625349050760269,0.2685448027029633,0.4096484375,3037,0.26198409912460935,61d649166984bbc4b3b1697dbb3feceab227bde59848b62626d8fddfe73f6bf9,user-certified,512.0,0.7392174090725174,0.6039480704250401,,0.40992214376244795,0.5474044700793078,,0.36896178803172314,25600,0.7398776668310165,0.41344674833118916,0.5903515625,2f4bda50b523888260129846a44700f322dafe9c70c0d9b197935a906ce3171f,0.751025430680886,policy-grounded,81119,118,51019,2.0,61019,0.7926186291739895,True,16.326190800085897,18
6,1.0,1,0.07977915978126213,plan-c,1.0,0.2697389084100723,primary,0,f8d14b468eb5d6f8cc61da45173a493c266cae5a600402dfaa43e4012c536b22,10487,synthea,1e-05,6.420484900008887,25600,5041,0.4096484375,4.0,71019,health-card,0.4059818211942911,9191,0.48798156075074084,0.5120184392492592,this-work,1.0,0,0,94390c8363d564548ef1a80d6eeeb0139460934e7162c830f503235f285f8b82,1.4665788607178136,handle-only-drop-residual,patient_or_user_auprc,0.2503798535848558,9.214933748786253,1271001,1.0,50,10487,0.07778410008177161,,0.2697389084100723,0.1784268106892705,0.4096484375,3037,0.2503798535848558,61d649166984bbc4b3b1697dbb3feceab227bde59848b62626d8fddfe73f6bf9,user-certified,512.0,0.7392174090725174,0.6039480704250401,,0.40992214376244795,0.5474044700793078,,0.36896178803172314,25600,0.0,0.23339993584901095,0.0,3e3957c266de5e3177dc96d5b572e455d00f50c1d33323a10d8d2892d876f335,0.751025430680886,policy-grounded,81119,118,51019,1.0,61019,0.7926186291739895,True,16.423145199922146,18
6,1.0,1,0.09251513690877915,plan-c,1.0,0.5503459545969963,primary,0,f8d14b468eb5d6f8cc61da45173a493c266cae5a600402dfaa43e4012c536b22,25600,synthea,1e-05,0.0,0,0,1.0,4.0,71019,health-card,0.6863389287889003,22803,0.48798156075074084,0.5120184392492592,this-work,0.0,7813,0,94390c8363d564548ef1a80d6eeeb0139460934e7162c830f503235f285f8b82,1.4665788607178136,stable-local-fallback,patient_or_user_auprc,0.23956055563456213,9.214933748786253,1271001,1.0,50,25600,0.07598950003739446,,0.0,0.0,0.0,0,0.23956055563456213,61d649166984bbc4b3b1697dbb3feceab227bde59848b62626d8fddfe73f6bf9,user-certified,512.0,0.7392174090725174,0.6039480704250401,,0.40992214376244795,0.5474044700793078,,0.36896178803172314,25600,0.5503459545969963,0.6863389287889003,1.0,e8ca339e0c1aaa5898c118393d34bd16ab092b6dc019240f5e6bf795fd7e8fa7,0.751025430680886,policy-grounded,81119,118,51019,1.0,61019,0.7926186291739895,True,17.642124499951024,18
6,1.0,1,0.09252644383014327,plan-c,1.0,0.5070382392406464,primary,0,bbba70590c7087a7717ba711525322ef392ba21329c5b66580f486f63609b6aa,25600,synthea,1e-05,0.0,0,0,1.0,4.0,71020,health-card,0.6855071352422237,23339,0.49424909628655933,0.5057509037134407,this-work,0.0,7841,0,46f1bcf9533d052a3369db5f76dd9cc170c1f0580c7b5baef1bbc28b01938e51,1.3489976996385147,stable-local-fallback,patient_or_user_auprc,0.21079899966170804,9.214933748786253,1281001,1.0,50,25600,0.07654249996994622,,0.0,0.0,0.0,0,0.21079899966170804,61d649166984bbc4b3b1697dbb3feceab227bde59848b62626d8fddfe73f6bf9,user-certified,512.0,0.7478180860993454,0.6189547943933909,,0.41576256391071204,0.5484859408795962,,0.37076423936553715,25600,0.5070382392406464,0.6855071352422237,1.0,3220b8584e50deee197cd5895bcc13c7749a35b386b12b9296b2fa3eeb184ece,0.668450184501845,policy-grounded,81120,119,51020,1.0,61020,0.7908611599297012,True,18.40241170002264,19
6,1.0,1,0.04525810650015266,plan-delta,2.0,0.554678144454956,primary,0,bbba70590c7087a7717ba711525322ef392ba21329c5b66580f486f63609b6aa,25600,synthea,1e-05,0.0,0,0,1.0,4.0,71020,health-card,0.6197371983528137,23602,0.49424909628655933,0.5057509037134407,this-work,,5024,0,46f1bcf9533d052a3369db5f76dd9cc170c1f0580c7b5baef1bbc28b01938e51,1.3489976996385147,naive-recalibrated-2c,patient_or_user_auprc,0.24446704810199593,9.214933748786253,1281001,2.0,50,25600,0.07890140009112656,,0.2499259653687477,0.24470446959137918,0.416953125,3043,0.24446704810199593,61d649166984bbc4b3b1697dbb3feceab227bde59848b62626d8fddfe73f6bf9,user-certified,512.0,0.7478180860993454,0.6189547943933909,,0.41576256391071204,0.5484859408795962,,0.37076423936553715,25600,0.766773893237114,0.3788815554231405,0.583046875,38b6c574507db17ef076300115736283d7c0964b0cc33cca940820abc4b2d5d7,0.668450184501845,policy-grounded,81120,119,51020,2.0,61020,0.7908611599297012,True,16.985981699894182,19
6,1.0,1,0.0761372239885481,plan-c,1.0,0.2554010984301567,primary,0,bbba70590c7087a7717ba711525322ef392ba21329c5b66580f486f63609b6aa,10674,synthea,1e-05,6.4102059000579175,25600,5024,0.416953125,4.0,71020,health-card,0.3770897489786148,9683,0.49424909628655933,0.5057509037134407,this-work,1.0,0,0,46f1bcf9533d052a3369db5f76dd9cc170c1f0580c7b5baef1bbc28b01938e51,1.3489976996385147,handle-only-drop-residual,patient_or_user_auprc,0.22568974421732368,9.214933748786253,1281001,1.0,50,10674,0.07822319996193983,,0.2554010984301567,0.1712473652511835,0.416953125,3043,0.22568974421732368,61d649166984bbc4b3b1697dbb3feceab227bde59848b62626d8fddfe73f6bf9,user-certified,512.0,0.7478180860993454,0.6189547943933909,,0.41576256391071204,0.5484859408795962,,0.37076423936553715,25600,0.0,0.2149645833671093,0.0,d52261966eec573e7c01d36df172b15628c3836e55045540dde454a62b8f0f2a,0.668450184501845,policy-grounded,81120,119,51020,1.0,61020,0.7908611599297012,True,17.144821899972158,19
6,1.0,1,0.07617704287816447,plan-c,1.0,0.6980854463577271,diagnostic,0,bbba70590c7087a7717ba711525322ef392ba21329c5b66580f486f63609b6aa,25600,synthea,1e-05,0.0,0,0,1.0,4.0,71020,health-card,0.42759608149528505,23602,0.49424909628655933,0.5057509037134407,this-work,0.9,5024,0,46f1bcf9533d052a3369db5f76dd9cc170c1f0580c7b5baef1bbc28b01938e51,1.3489976996385147,unitscope-lambda-sweep,patient_or_user_auprc,0.22153726727224393,9.214933748786253,1281001,1.0,50,25600,0.08216779999202117,,0.2639091244339943,0.19011392161250115,0.416953125,3043,0.22153726727224393,61d649166984bbc4b3b1697dbb3feceab227bde59848b62626d8fddfe73f6bf9,user-certified,512.0,0.7478180860993454,0.6189547943933909,,0.41576256391071204,0.5484859408795962,,0.37076423936553715,25600,0.9999999964237213,0.24594556897878647,0.583046875,f40c516ab07c3973372d1f7a88996897ef35bacdd38380d806fd99030f230470,0.668450184501845,policy-grounded,81120,119,51020,1.0,61020,0.7908611599297012,True,17.031948500021826,19
