dataset,threshold,entity_id,deleted_records,touched_components,touched_records,deleted_group_tags,inserted_group_tags,witnessed_wur,changed_surviving_records
febrl1,0.72,223,2,1,2,1,0,1,0
febrl1,0.72,122,2,1,2,1,0,1,0
febrl1,0.72,373,2,1,2,1,0,1,0
febrl1,0.72,10,2,1,2,1,0,1,0
febrl1,0.72,227,2,1,2,1,0,1,0
febrl1,0.72,6,2,1,2,1,0,1,0
febrl1,0.72,190,2,1,2,1,0,1,0
febrl1,0.72,294,2,1,2,1,0,1,0
febrl1,0.72,206,2,1,2,1,0,1,0
febrl1,0.72,344,2,1,2,1,0,1,0
febrl1,0.72,81,2,1,2,1,0,1,0
febrl1,0.72,34,2,1,2,1,0,1,0
febrl1,0.72,478,2,1,2,1,0,1,0
febrl1,0.72,225,2,1,2,1,0,1,0
febrl1,0.72,452,2,1,2,1,0,1,0
febrl1,0.72,67,2,1,2,1,0,1,0
febrl1,0.72,286,2,1,2,1,0,1,0
febrl1,0.72,251,2,1,2,1,0,1,0
febrl1,0.72,335,2,1,2,1,0,1,0
febrl1,0.72,439,2,1,2,1,0,1,0
febrl1,0.72,409,2,1,2,1,0,1,0
febrl1,0.72,125,2,1,2,1,0,1,0
febrl1,0.72,70,2,1,2,1,0,1,0
febrl1,0.72,145,2,1,2,1,0,1,0
febrl1,0.72,73,2,1,2,1,0,1,0
febrl1,0.72,284,2,1,2,1,0,1,0
febrl1,0.72,186,2,1,2,1,0,1,0
febrl1,0.72,58,2,1,2,1,0,1,0
febrl1,0.72,381,2,1,2,1,0,1,0
febrl1,0.72,305,2,1,2,1,0,1,0
febrl1,0.72,149,2,1,2,1,0,1,0
febrl1,0.72,140,2,1,2,1,0,1,0
febrl1,0.72,364,2,1,2,1,0,1,0
febrl1,0.72,361,2,1,4,1,1,2,2
febrl1,0.72,23,2,1,2,1,0,1,0
febrl1,0.72,254,2,1,2,1,0,1,0
febrl1,0.72,173,2,1,2,1,0,1,0
febrl1,0.72,456,2,1,2,1,0,1,0
febrl1,0.72,403,2,1,2,1,0,1,0
febrl1,0.72,382,2,1,2,1,0,1,0
febrl1,0.72,320,2,1,2,1,0,1,0
febrl1,0.72,167,2,1,2,1,0,1,0
febrl1,0.72,419,2,1,4,1,1,2,2
febrl1,0.72,262,2,1,2,1,0,1,0
febrl1,0.72,91,2,1,2,1,0,1,0
febrl1,0.72,19,2,1,2,1,0,1,0
febrl1,0.72,78,2,1,2,1,0,1,0
febrl1,0.72,440,2,1,2,1,0,1,0
febrl1,0.72,350,2,1,2,1,0,1,0
febrl1,0.72,113,2,1,2,1,0,1,0
febrl1,0.72,291,2,1,2,1,0,1,0
febrl1,0.72,370,2,1,2,1,0,1,0
febrl1,0.72,152,2,1,2,1,0,1,0
febrl1,0.72,99,2,1,2,1,0,1,0
febrl1,0.72,32,2,1,2,1,0,1,0
febrl1,0.72,77,2,1,2,1,0,1,0
febrl1,0.72,183,2,1,2,1,0,1,0
febrl1,0.72,383,2,1,2,1,0,1,0
febrl1,0.72,179,2,1,2,1,0,1,0
febrl1,0.72,68,2,1,2,1,0,1,0
febrl1,0.72,385,2,1,2,1,0,1,0
febrl1,0.72,464,2,1,2,1,0,1,0
febrl1,0.72,482,2,1,2,1,0,1,0
febrl1,0.72,351,2,1,2,1,0,1,0
febrl1,0.72,287,2,1,2,1,0,1,0
febrl1,0.72,302,2,1,2,1,0,1,0
febrl1,0.72,457,2,1,2,1,0,1,0
febrl1,0.72,94,2,1,2,1,0,1,0
febrl1,0.72,102,2,1,2,1,0,1,0
febrl1,0.72,490,2,1,2,1,0,1,0
febrl1,0.72,449,2,1,2,1,0,1,0
febrl1,0.72,172,2,1,2,1,0,1,0
febrl1,0.72,323,2,1,2,1,0,1,0
febrl1,0.72,484,2,1,2,1,0,1,0
febrl1,0.72,312,2,1,2,1,0,1,0
febrl1,0.72,69,2,1,2,1,0,1,0
febrl1,0.72,157,2,1,2,1,0,1,0
febrl1,0.72,280,2,1,2,1,0,1,0
febrl1,0.72,187,2,1,2,1,0,1,0
febrl1,0.72,232,2,1,2,1,0,1,0
febrl1,0.72,133,2,2,2,2,0,2,0
febrl1,0.72,128,2,1,2,1,0,1,0
febrl1,0.72,250,2,1,2,1,0,1,0
febrl1,0.72,483,2,1,2,1,0,1,0
febrl1,0.72,218,2,1,2,1,0,1,0
febrl1,0.72,338,2,1,2,1,0,1,0
febrl1,0.72,486,2,1,2,1,0,1,0
febrl1,0.72,420,2,1,2,1,0,1,0
febrl1,0.72,333,2,1,2,1,0,1,0
febrl1,0.72,401,2,1,2,1,0,1,0
febrl1,0.72,61,2,1,2,1,0,1,0
febrl1,0.72,432,2,1,2,1,0,1,0
febrl1,0.72,428,2,1,2,1,0,1,0
febrl1,0.72,38,2,1,2,1,0,1,0
febrl1,0.72,480,2,1,2,1,0,1,0
febrl1,0.72,199,2,1,2,1,0,1,0
febrl1,0.72,17,2,1,4,1,1,2,2
febrl1,0.72,162,2,1,2,1,0,1,0
febrl1,0.72,62,2,1,2,1,0,1,0
febrl1,0.72,181,2,1,2,1,0,1,0
febrl1,0.72,307,2,1,2,1,0,1,0
febrl1,0.72,271,2,1,2,1,0,1,0
febrl1,0.72,418,2,1,2,1,0,1,0
febrl1,0.72,130,2,1,2,1,0,1,0
febrl1,0.72,44,2,1,2,1,0,1,0
febrl1,0.72,138,2,1,2,1,0,1,0
febrl1,0.72,165,2,1,2,1,0,1,0
febrl1,0.72,203,2,1,2,1,0,1,0
febrl1,0.72,22,2,1,2,1,0,1,0
febrl1,0.72,85,2,1,2,1,0,1,0
febrl1,0.72,316,2,1,2,1,0,1,0
febrl1,0.72,279,2,1,2,1,0,1,0
febrl1,0.72,108,2,1,2,1,0,1,0
febrl1,0.72,325,2,1,2,1,0,1,0
febrl1,0.72,384,2,1,2,1,0,1,0
febrl1,0.72,274,2,1,2,1,0,1,0
febrl1,0.72,261,2,1,2,1,0,1,0
febrl1,0.72,207,2,1,2,1,0,1,0
febrl1,0.72,339,2,1,2,1,0,1,0
febrl1,0.72,224,2,1,4,1,1,2,2
febrl1,0.72,196,2,1,2,1,0,1,0
febrl1,0.72,283,2,1,4,1,1,2,2
febrl1,0.72,243,2,1,2,1,0,1,0
febrl1,0.72,258,2,1,2,1,0,1,0
febrl1,0.72,229,2,1,2,1,0,1,0
febrl1,0.72,247,2,1,2,1,0,1,0
febrl1,0.72,89,2,1,2,1,0,1,0
febrl1,0.72,394,2,1,2,1,0,1,0
febrl1,0.72,82,2,1,2,1,0,1,0
febrl1,0.72,444,2,1,2,1,0,1,0
febrl1,0.72,147,2,1,2,1,0,1,0
febrl1,0.72,178,2,1,2,1,0,1,0
febrl1,0.72,239,2,1,2,1,0,1,0
febrl1,0.72,240,2,1,2,1,0,1,0
febrl1,0.72,3,2,1,2,1,0,1,0
febrl1,0.72,154,2,1,2,1,0,1,0
febrl1,0.72,53,2,1,2,1,0,1,0
febrl1,0.72,417,2,1,2,1,0,1,0
febrl1,0.72,313,2,1,2,1,0,1,0
febrl1,0.72,468,2,1,2,1,0,1,0
febrl1,0.72,182,2,1,2,1,0,1,0
febrl1,0.72,26,2,1,2,1,0,1,0
febrl1,0.72,202,2,1,2,1,0,1,0
febrl1,0.72,30,2,1,2,1,0,1,0
febrl1,0.72,92,2,1,4,1,1,2,2
febrl1,0.72,136,2,1,2,1,0,1,0
febrl1,0.72,13,2,1,2,1,0,1,0
febrl1,0.72,492,2,1,2,1,0,1,0
febrl1,0.72,143,2,1,2,1,0,1,0
febrl1,0.72,118,2,1,2,1,0,1,0
febrl1,0.72,290,2,1,2,1,0,1,0
febrl1,0.72,31,2,1,2,1,0,1,0
febrl1,0.72,141,2,1,2,1,0,1,0
febrl1,0.72,485,2,1,2,1,0,1,0
febrl1,0.72,18,2,1,4,1,1,2,2
febrl1,0.72,346,2,1,2,1,0,1,0
febrl1,0.72,304,2,1,2,1,0,1,0
febrl1,0.72,471,2,1,2,1,0,1,0
febrl1,0.72,105,2,1,2,1,0,1,0
febrl1,0.72,336,2,1,2,1,0,1,0
febrl1,0.72,75,2,1,2,1,0,1,0
febrl1,0.72,166,2,1,2,1,0,1,0
febrl1,0.72,414,2,1,2,1,0,1,0
febrl1,0.72,421,2,1,2,1,0,1,0
febrl1,0.72,159,2,1,2,1,0,1,0
febrl1,0.72,429,2,1,2,1,0,1,0
febrl1,0.72,49,2,1,2,1,0,1,0
febrl1,0.72,301,2,1,2,1,0,1,0
febrl1,0.72,95,2,1,2,1,0,1,0
febrl1,0.72,263,2,1,2,1,0,1,0
febrl1,0.72,156,2,1,2,1,0,1,0
febrl1,0.72,453,2,1,2,1,0,1,0
febrl1,0.72,481,2,1,2,1,0,1,0
febrl1,0.72,210,2,1,2,1,0,1,0
febrl1,0.72,317,2,1,2,1,0,1,0
febrl1,0.72,255,2,1,2,1,0,1,0
febrl1,0.72,150,2,1,2,1,0,1,0
febrl1,0.72,65,2,1,2,1,0,1,0
febrl1,0.72,60,2,1,2,1,0,1,0
febrl1,0.72,28,2,1,2,1,0,1,0
febrl1,0.72,404,2,1,2,1,0,1,0
febrl1,0.72,127,2,1,2,1,0,1,0
febrl1,0.72,450,2,1,2,1,0,1,0
febrl1,0.72,278,2,1,2,1,0,1,0
febrl1,0.72,276,2,1,2,1,0,1,0
febrl1,0.72,109,2,1,2,1,0,1,0
febrl1,0.72,42,2,1,2,1,0,1,0
febrl1,0.72,155,2,1,2,1,0,1,0
febrl1,0.72,228,2,1,2,1,0,1,0
febrl1,0.72,244,2,1,2,1,0,1,0
febrl1,0.72,249,2,1,2,1,0,1,0
febrl1,0.72,372,2,1,2,1,0,1,0
febrl1,0.72,1,2,1,2,1,0,1,0
febrl1,0.72,71,2,1,2,1,0,1,0
febrl1,0.72,170,2,1,2,1,0,1,0
febrl1,0.72,33,2,1,2,1,0,1,0
febrl1,0.72,395,2,1,2,1,0,1,0
febrl1,0.72,246,2,2,2,2,0,2,0
febrl1,0.72,329,2,1,2,1,0,1,0
febrl1,0.72,455,2,1,2,1,0,1,0
febrl1,0.72,332,2,2,2,2,0,2,0
febrl1,0.72,241,2,1,2,1,0,1,0
febrl1,0.72,475,2,1,2,1,0,1,0
febrl1,0.72,488,2,1,2,1,0,1,0
febrl1,0.72,134,2,1,2,1,0,1,0
febrl1,0.72,177,2,1,2,1,0,1,0
febrl1,0.72,357,2,1,2,1,0,1,0
febrl1,0.72,120,2,1,2,1,0,1,0
febrl1,0.72,245,2,1,2,1,0,1,0
febrl1,0.72,27,2,1,2,1,0,1,0
febrl1,0.72,98,2,1,2,1,0,1,0
febrl1,0.72,285,2,1,2,1,0,1,0
febrl1,0.72,292,2,1,2,1,0,1,0
febrl1,0.72,213,2,1,2,1,0,1,0
febrl1,0.72,41,2,1,2,1,0,1,0
febrl1,0.72,43,2,1,2,1,0,1,0
febrl1,0.72,389,2,1,2,1,0,1,0
febrl1,0.72,160,2,1,2,1,0,1,0
febrl1,0.72,115,2,1,2,1,0,1,0
febrl1,0.72,56,2,1,2,1,0,1,0
febrl1,0.72,360,2,1,2,1,0,1,0
febrl1,0.72,324,2,1,2,1,0,1,0
febrl1,0.72,314,2,1,2,1,0,1,0
febrl1,0.72,231,2,1,2,1,0,1,0
febrl1,0.72,303,2,1,4,1,1,2,2
febrl1,0.72,36,2,1,2,1,0,1,0
febrl1,0.72,40,2,1,4,1,1,2,2
febrl1,0.72,322,2,1,2,1,0,1,0
febrl1,0.72,425,2,2,2,2,0,2,0
febrl1,0.72,293,2,1,2,1,0,1,0
febrl1,0.72,110,2,1,2,1,0,1,0
febrl1,0.72,334,2,1,2,1,0,1,0
febrl1,0.72,270,2,1,2,1,0,1,0
febrl1,0.72,47,2,1,2,1,0,1,0
febrl1,0.72,470,2,1,2,1,0,1,0
febrl1,0.72,214,2,1,2,1,0,1,0
febrl1,0.72,221,2,1,2,1,0,1,0
febrl1,0.72,79,2,1,2,1,0,1,0
febrl1,0.72,198,2,1,2,1,0,1,0
febrl1,0.72,375,2,1,2,1,0,1,0
febrl1,0.72,45,2,1,2,1,0,1,0
febrl1,0.72,230,2,1,2,1,0,1,0
febrl1,0.72,168,2,1,2,1,0,1,0
febrl1,0.72,465,2,1,2,1,0,1,0
febrl1,0.72,443,2,1,2,1,0,1,0
febrl1,0.72,359,2,1,2,1,0,1,0
febrl1,0.72,352,2,1,2,1,0,1,0
febrl1,0.72,204,2,1,2,1,0,1,0
febrl1,0.72,219,2,1,2,1,0,1,0
febrl1,0.72,306,2,1,4,1,1,2,2
febrl1,0.72,54,2,1,2,1,0,1,0
febrl1,0.72,63,2,1,2,1,0,1,0
febrl1,0.72,86,2,1,2,1,0,1,0
febrl1,0.72,497,2,1,2,1,0,1,0
febrl1,0.72,412,2,1,2,1,0,1,0
febrl1,0.72,197,2,1,4,1,1,2,2
febrl1,0.72,59,2,1,2,1,0,1,0
febrl1,0.72,66,2,1,2,1,0,1,0
febrl1,0.72,248,2,1,2,1,0,1,0
febrl1,0.72,29,2,1,2,1,0,1,0
febrl1,0.72,72,2,2,2,2,0,2,0
febrl1,0.72,76,2,1,2,1,0,1,0
febrl1,0.72,331,2,1,2,1,0,1,0
febrl1,0.72,479,2,1,2,1,0,1,0
febrl1,0.72,158,2,1,2,1,0,1,0
febrl1,0.72,191,2,1,2,1,0,1,0
febrl1,0.72,495,2,1,2,1,0,1,0
febrl1,0.72,200,2,1,2,1,0,1,0
febrl1,0.72,473,2,1,2,1,0,1,0
febrl1,0.72,101,2,1,4,1,1,2,2
febrl1,0.72,9,2,1,2,1,0,1,0
febrl1,0.72,235,2,1,2,1,0,1,0
febrl1,0.72,21,2,1,2,1,0,1,0
febrl1,0.72,374,2,1,2,1,0,1,0
febrl1,0.72,161,2,1,2,1,0,1,0
febrl1,0.72,114,2,1,2,1,0,1,0
febrl1,0.72,438,2,1,2,1,0,1,0
febrl1,0.72,93,2,1,4,1,1,2,2
febrl1,0.72,348,2,1,2,1,0,1,0
febrl1,0.72,24,2,1,2,1,0,1,0
febrl1,0.72,142,2,1,2,1,0,1,0
febrl1,0.72,469,2,1,2,1,0,1,0
febrl1,0.72,137,2,1,2,1,0,1,0
febrl1,0.72,256,2,1,2,1,0,1,0
febrl1,0.72,379,2,1,2,1,0,1,0
febrl1,0.72,135,2,1,2,1,0,1,0
febrl1,0.72,39,2,1,2,1,0,1,0
febrl1,0.72,356,2,1,2,1,0,1,0
febrl1,0.72,467,2,1,2,1,0,1,0
febrl1,0.72,257,2,1,2,1,0,1,0
febrl1,0.72,192,2,1,2,1,0,1,0
febrl1,0.72,326,2,1,2,1,0,1,0
febrl1,0.72,220,2,1,2,1,0,1,0
febrl1,0.72,139,2,1,2,1,0,1,0
febrl1,0.72,74,2,1,2,1,0,1,0
febrl1,0.72,253,2,1,2,1,0,1,0
febrl1,0.72,153,2,1,2,1,0,1,0
febrl1,0.72,15,2,1,2,1,0,1,0
febrl1,0.72,378,2,1,2,1,0,1,0
febrl1,0.72,387,2,1,2,1,0,1,0
febrl1,0.72,466,2,1,2,1,0,1,0
febrl1,0.72,424,2,1,2,1,0,1,0
febrl1,0.72,84,2,1,2,1,0,1,0
febrl1,0.72,297,2,1,2,1,0,1,0
febrl1,0.72,459,2,1,2,1,0,1,0
febrl1,0.72,436,2,1,2,1,0,1,0
febrl1,0.72,50,2,1,2,1,0,1,0
febrl1,0.72,96,2,1,2,1,0,1,0
febrl1,0.72,216,2,1,2,1,0,1,0
febrl1,0.72,295,2,1,2,1,0,1,0
febrl1,0.72,362,2,1,2,1,0,1,0
febrl1,0.72,386,2,1,2,1,0,1,0
febrl1,0.72,116,2,1,2,1,0,1,0
febrl1,0.72,277,2,1,2,1,0,1,0
febrl1,0.72,447,2,1,2,1,0,1,0
febrl1,0.72,337,2,1,2,1,0,1,0
febrl1,0.72,119,2,1,2,1,0,1,0
febrl1,0.72,266,2,1,2,1,0,1,0
febrl1,0.72,211,2,1,2,1,0,1,0
febrl1,0.72,124,2,1,2,1,0,1,0
febrl1,0.72,461,2,1,2,1,0,1,0
febrl1,0.72,51,2,1,2,1,0,1,0
febrl1,0.72,269,2,1,4,1,1,2,2
febrl1,0.72,393,2,1,6,1,1,2,4
febrl1,0.72,169,2,1,2,1,0,1,0
febrl1,0.72,390,2,1,2,1,0,1,0
febrl1,0.72,288,2,1,2,1,0,1,0
febrl1,0.72,423,2,1,2,1,0,1,0
febrl1,0.72,80,2,1,2,1,0,1,0
febrl1,0.72,215,2,1,2,1,0,1,0
febrl1,0.72,411,2,1,2,1,0,1,0
febrl1,0.72,354,2,1,2,1,0,1,0
febrl1,0.72,112,2,1,2,1,0,1,0
febrl1,0.72,445,2,1,2,1,0,1,0
febrl1,0.72,416,2,1,2,1,0,1,0
febrl1,0.72,340,2,1,2,1,0,1,0
febrl1,0.72,275,2,1,2,1,0,1,0
febrl1,0.72,399,2,1,2,1,0,1,0
febrl1,0.72,273,2,2,2,2,0,2,0
febrl1,0.72,209,2,1,2,1,0,1,0
febrl1,0.72,194,2,1,2,1,0,1,0
febrl1,0.72,458,2,1,2,1,0,1,0
febrl1,0.72,448,2,1,2,1,0,1,0
febrl1,0.72,126,2,1,2,1,0,1,0
febrl1,0.72,446,2,1,2,1,0,1,0
febrl1,0.72,163,2,1,2,1,0,1,0
febrl1,0.72,174,2,1,4,1,1,2,2
febrl1,0.72,176,2,1,2,1,0,1,0
febrl1,0.72,131,2,1,2,1,0,1,0
febrl1,0.72,406,2,1,2,1,0,1,0
febrl1,0.72,433,2,1,2,1,0,1,0
febrl1,0.72,434,2,1,2,1,0,1,0
febrl1,0.72,151,2,1,2,1,0,1,0
febrl1,0.72,164,2,1,2,1,0,1,0
febrl1,0.72,451,2,1,2,1,0,1,0
febrl1,0.72,37,2,2,2,2,0,2,0
febrl1,0.72,4,2,1,2,1,0,1,0
febrl1,0.72,330,2,1,2,1,0,1,0
febrl1,0.72,355,2,1,2,1,0,1,0
febrl1,0.72,496,2,1,2,1,0,1,0
febrl1,0.72,268,2,1,2,1,0,1,0
febrl1,0.72,238,2,1,2,1,0,1,0
febrl1,0.72,259,2,1,2,1,0,1,0
febrl1,0.72,426,2,1,2,1,0,1,0
febrl1,0.72,400,2,1,2,1,0,1,0
febrl1,0.72,289,2,1,2,1,0,1,0
febrl1,0.72,397,2,1,2,1,0,1,0
febrl1,0.72,380,2,2,2,2,0,2,0
febrl1,0.72,35,2,1,2,1,0,1,0
febrl1,0.72,442,2,1,2,1,0,1,0
febrl1,0.72,14,2,1,2,1,0,1,0
febrl1,0.72,281,2,1,2,1,0,1,0
febrl1,0.72,388,2,1,2,1,0,1,0
febrl1,0.72,226,2,1,2,1,0,1,0
febrl1,0.72,365,2,1,2,1,0,1,0
febrl1,0.72,296,2,1,2,1,0,1,0
febrl1,0.72,20,2,1,2,1,0,1,0
febrl1,0.72,431,2,1,2,1,0,1,0
febrl1,0.72,111,2,1,2,1,0,1,0
febrl1,0.72,88,2,1,2,1,0,1,0
febrl1,0.72,398,2,1,2,1,0,1,0
febrl1,0.72,171,2,1,2,1,0,1,0
febrl1,0.72,267,2,1,2,1,0,1,0
febrl1,0.72,377,2,1,2,1,0,1,0
febrl1,0.72,472,2,1,2,1,0,1,0
febrl1,0.72,391,2,1,2,1,0,1,0
febrl1,0.72,493,2,1,2,1,0,1,0
febrl1,0.72,396,2,1,2,1,0,1,0
febrl1,0.72,46,2,1,2,1,0,1,0
febrl1,0.72,208,2,1,2,1,0,1,0
febrl1,0.72,476,2,1,2,1,0,1,0
febrl1,0.72,422,2,1,2,1,0,1,0
febrl1,0.72,260,2,1,2,1,0,1,0
febrl1,0.72,363,2,1,2,1,0,1,0
febrl1,0.72,185,2,1,2,1,0,1,0
febrl1,0.72,265,2,1,2,1,0,1,0
febrl1,0.72,175,2,1,2,1,0,1,0
febrl1,0.72,123,2,1,2,1,0,1,0
febrl1,0.72,315,2,1,2,1,0,1,0
febrl1,0.72,435,2,1,2,1,0,1,0
febrl1,0.72,410,2,1,2,1,0,1,0
febrl1,0.72,463,2,1,2,1,0,1,0
febrl1,0.72,366,2,1,2,1,0,1,0
febrl1,0.72,460,2,1,2,1,0,1,0
febrl1,0.72,319,2,1,2,1,0,1,0
febrl1,0.72,237,2,1,2,1,0,1,0
febrl1,0.72,100,2,2,2,2,0,2,0
febrl1,0.72,499,2,1,2,1,0,1,0
febrl1,0.72,189,2,1,2,1,0,1,0
febrl1,0.72,121,2,1,2,1,0,1,0
febrl1,0.72,201,2,1,2,1,0,1,0
febrl1,0.72,342,2,1,2,1,0,1,0
febrl1,0.72,392,2,1,2,1,0,1,0
febrl1,0.72,217,2,1,2,1,0,1,0
febrl1,0.72,212,2,1,2,1,0,1,0
febrl1,0.72,233,2,1,2,1,0,1,0
febrl1,0.72,454,2,1,2,1,0,1,0
febrl1,0.72,0,2,1,2,1,0,1,0
febrl1,0.72,347,2,1,2,1,0,1,0
febrl1,0.72,477,2,1,2,1,0,1,0
febrl1,0.72,11,2,1,2,1,0,1,0
febrl1,0.72,55,2,1,2,1,0,1,0
febrl1,0.72,144,2,1,6,1,2,3,4
febrl1,0.72,369,2,1,2,1,0,1,0
febrl1,0.72,487,2,1,2,1,0,1,0
febrl1,0.72,106,2,1,2,1,0,1,0
febrl1,0.72,441,2,1,2,1,0,1,0
febrl1,0.72,408,2,1,2,1,0,1,0
febrl1,0.72,353,2,1,4,1,1,2,2
febrl1,0.72,413,2,1,2,1,0,1,0
febrl1,0.72,97,2,1,2,1,0,1,0
febrl1,0.72,311,2,1,2,1,0,1,0
febrl1,0.72,327,2,1,6,1,1,2,4
febrl1,0.72,12,2,1,2,1,0,1,0
febrl1,0.72,64,2,1,2,1,0,1,0
febrl1,0.72,188,2,1,2,1,0,1,0
febrl1,0.72,376,2,2,2,2,0,2,0
febrl1,0.72,349,2,1,2,1,0,1,0
febrl1,0.72,272,2,1,2,1,0,1,0
febrl1,0.72,371,2,1,2,1,0,1,0
febrl1,0.72,129,2,1,2,1,0,1,0
febrl1,0.72,462,2,1,2,1,0,1,0
febrl1,0.72,494,2,1,2,1,0,1,0
febrl1,0.72,328,2,1,2,1,0,1,0
febrl1,0.72,358,2,1,2,1,0,1,0
febrl1,0.72,321,2,1,2,1,0,1,0
febrl1,0.72,193,2,2,2,2,0,2,0
febrl1,0.72,234,2,1,2,1,0,1,0
febrl1,0.72,308,2,1,2,1,0,1,0
febrl1,0.72,341,2,1,2,1,0,1,0
febrl1,0.72,148,2,1,2,1,0,1,0
febrl1,0.72,415,2,1,2,1,0,1,0
febrl1,0.72,205,2,1,2,1,0,1,0
febrl1,0.72,57,2,1,2,1,0,1,0
febrl1,0.72,5,2,1,2,1,0,1,0
febrl1,0.72,90,2,1,2,1,0,1,0
febrl1,0.72,407,2,1,2,1,0,1,0
febrl1,0.72,2,2,1,2,1,0,1,0
febrl1,0.72,368,2,1,4,1,1,2,2
febrl1,0.72,405,2,1,2,1,0,1,0
febrl1,0.72,402,2,1,2,1,0,1,0
febrl1,0.72,367,2,1,2,1,0,1,0
febrl1,0.72,103,2,1,2,1,0,1,0
febrl1,0.72,52,2,1,4,1,1,2,2
febrl1,0.72,146,2,1,2,1,0,1,0
febrl1,0.72,195,2,1,2,1,0,1,0
febrl1,0.72,184,2,1,2,1,0,1,0
febrl1,0.72,489,2,1,2,1,0,1,0
febrl1,0.72,252,2,1,2,1,0,1,0
febrl1,0.72,87,2,1,2,1,0,1,0
febrl1,0.72,180,2,1,2,1,0,1,0
febrl1,0.72,300,2,1,2,1,0,1,0
febrl1,0.72,117,2,1,2,1,0,1,0
febrl1,0.72,25,2,1,2,1,0,1,0
febrl1,0.72,343,2,1,2,1,0,1,0
febrl1,0.72,7,2,1,2,1,0,1,0
febrl1,0.72,430,2,1,2,1,0,1,0
febrl1,0.72,48,2,1,2,1,0,1,0
febrl1,0.72,427,2,1,2,1,0,1,0
febrl1,0.72,104,2,1,2,1,0,1,0
febrl1,0.72,310,2,1,2,1,0,1,0
febrl1,0.72,242,2,1,2,1,0,1,0
febrl1,0.72,298,2,1,2,1,0,1,0
febrl1,0.72,345,2,1,2,1,0,1,0
febrl1,0.72,16,2,1,2,1,0,1,0
febrl1,0.72,318,2,1,2,1,0,1,0
febrl1,0.72,437,2,1,2,1,0,1,0
febrl1,0.72,282,2,1,2,1,0,1,0
febrl1,0.72,107,2,1,2,1,0,1,0
febrl1,0.72,309,2,1,2,1,0,1,0
febrl1,0.72,236,2,1,2,1,0,1,0
febrl1,0.72,299,2,1,2,1,0,1,0
febrl1,0.72,491,2,1,2,1,0,1,0
febrl1,0.72,474,2,1,2,1,0,1,0
febrl1,0.72,264,2,1,2,1,0,1,0
febrl1,0.72,132,2,1,2,1,0,1,0
febrl1,0.72,498,2,1,2,1,0,1,0
febrl1,0.72,8,2,1,2,1,0,1,0
febrl1,0.72,222,2,1,2,1,0,1,0
febrl1,0.72,83,2,1,2,1,0,1,0
febrl1,0.76,223,2,1,2,1,0,1,0
febrl1,0.76,122,2,1,2,1,0,1,0
febrl1,0.76,373,2,1,2,1,0,1,0
febrl1,0.76,10,2,1,2,1,0,1,0
febrl1,0.76,227,2,1,2,1,0,1,0
febrl1,0.76,6,2,1,2,1,0,1,0
febrl1,0.76,190,2,1,2,1,0,1,0
febrl1,0.76,294,2,1,2,1,0,1,0
febrl1,0.76,206,2,1,2,1,0,1,0
febrl1,0.76,344,2,1,2,1,0,1,0
febrl1,0.76,81,2,1,2,1,0,1,0
febrl1,0.76,34,2,1,2,1,0,1,0
febrl1,0.76,478,2,1,2,1,0,1,0
febrl1,0.76,225,2,1,2,1,0,1,0
febrl1,0.76,452,2,1,2,1,0,1,0
febrl1,0.76,67,2,1,2,1,0,1,0
febrl1,0.76,286,2,1,2,1,0,1,0
febrl1,0.76,251,2,1,2,1,0,1,0
febrl1,0.76,335,2,1,2,1,0,1,0
febrl1,0.76,439,2,1,2,1,0,1,0
febrl1,0.76,409,2,1,2,1,0,1,0
febrl1,0.76,125,2,1,2,1,0,1,0
febrl1,0.76,70,2,1,2,1,0,1,0
febrl1,0.76,145,2,1,2,1,0,1,0
febrl1,0.76,73,2,1,2,1,0,1,0
febrl1,0.76,284,2,1,2,1,0,1,0
febrl1,0.76,186,2,1,2,1,0,1,0
febrl1,0.76,58,2,1,2,1,0,1,0
febrl1,0.76,381,2,1,2,1,0,1,0
febrl1,0.76,305,2,1,2,1,0,1,0
febrl1,0.76,149,2,1,2,1,0,1,0
febrl1,0.76,140,2,1,2,1,0,1,0
febrl1,0.76,364,2,1,2,1,0,1,0
febrl1,0.76,361,2,1,2,1,0,1,0
febrl1,0.76,23,2,1,2,1,0,1,0
febrl1,0.76,254,2,1,2,1,0,1,0
febrl1,0.76,173,2,1,2,1,0,1,0
febrl1,0.76,456,2,1,2,1,0,1,0
febrl1,0.76,403,2,1,2,1,0,1,0
febrl1,0.76,382,2,1,2,1,0,1,0
febrl1,0.76,320,2,1,2,1,0,1,0
febrl1,0.76,167,2,1,2,1,0,1,0
febrl1,0.76,419,2,1,2,1,0,1,0
febrl1,0.76,262,2,1,2,1,0,1,0
febrl1,0.76,91,2,2,2,2,0,2,0
febrl1,0.76,19,2,1,2,1,0,1,0
febrl1,0.76,78,2,1,2,1,0,1,0
febrl1,0.76,440,2,1,2,1,0,1,0
febrl1,0.76,350,2,1,2,1,0,1,0
febrl1,0.76,113,2,1,2,1,0,1,0
febrl1,0.76,291,2,1,2,1,0,1,0
febrl1,0.76,370,2,1,2,1,0,1,0
febrl1,0.76,152,2,1,2,1,0,1,0
febrl1,0.76,99,2,1,2,1,0,1,0
febrl1,0.76,32,2,1,2,1,0,1,0
febrl1,0.76,77,2,1,2,1,0,1,0
febrl1,0.76,183,2,1,2,1,0,1,0
febrl1,0.76,383,2,1,2,1,0,1,0
febrl1,0.76,179,2,1,2,1,0,1,0
febrl1,0.76,68,2,1,2,1,0,1,0
febrl1,0.76,385,2,1,2,1,0,1,0
febrl1,0.76,464,2,1,2,1,0,1,0
febrl1,0.76,482,2,1,2,1,0,1,0
febrl1,0.76,351,2,1,2,1,0,1,0
febrl1,0.76,287,2,1,2,1,0,1,0
febrl1,0.76,302,2,1,2,1,0,1,0
febrl1,0.76,457,2,1,2,1,0,1,0
febrl1,0.76,94,2,1,2,1,0,1,0
febrl1,0.76,102,2,1,2,1,0,1,0
febrl1,0.76,490,2,1,2,1,0,1,0
febrl1,0.76,449,2,1,2,1,0,1,0
febrl1,0.76,172,2,1,2,1,0,1,0
febrl1,0.76,323,2,1,2,1,0,1,0
febrl1,0.76,484,2,1,2,1,0,1,0
febrl1,0.76,312,2,1,2,1,0,1,0
febrl1,0.76,69,2,1,2,1,0,1,0
febrl1,0.76,157,2,1,2,1,0,1,0
febrl1,0.76,280,2,1,2,1,0,1,0
febrl1,0.76,187,2,1,2,1,0,1,0
febrl1,0.76,232,2,1,2,1,0,1,0
febrl1,0.76,133,2,2,2,2,0,2,0
febrl1,0.76,128,2,1,2,1,0,1,0
febrl1,0.76,250,2,1,2,1,0,1,0
febrl1,0.76,483,2,1,2,1,0,1,0
febrl1,0.76,218,2,1,2,1,0,1,0
febrl1,0.76,338,2,1,2,1,0,1,0
febrl1,0.76,486,2,1,2,1,0,1,0
febrl1,0.76,420,2,1,2,1,0,1,0
febrl1,0.76,333,2,1,2,1,0,1,0
febrl1,0.76,401,2,1,2,1,0,1,0
febrl1,0.76,61,2,1,2,1,0,1,0
febrl1,0.76,432,2,1,2,1,0,1,0
febrl1,0.76,428,2,1,2,1,0,1,0
febrl1,0.76,38,2,1,2,1,0,1,0
febrl1,0.76,480,2,1,2,1,0,1,0
febrl1,0.76,199,2,1,2,1,0,1,0
febrl1,0.76,17,2,1,2,1,0,1,0
febrl1,0.76,162,2,1,2,1,0,1,0
febrl1,0.76,62,2,1,2,1,0,1,0
febrl1,0.76,181,2,1,2,1,0,1,0
febrl1,0.76,307,2,1,2,1,0,1,0
febrl1,0.76,271,2,1,2,1,0,1,0
febrl1,0.76,418,2,1,2,1,0,1,0
febrl1,0.76,130,2,1,2,1,0,1,0
febrl1,0.76,44,2,1,2,1,0,1,0
febrl1,0.76,138,2,1,2,1,0,1,0
febrl1,0.76,165,2,1,2,1,0,1,0
febrl1,0.76,203,2,1,2,1,0,1,0
febrl1,0.76,22,2,1,2,1,0,1,0
febrl1,0.76,85,2,1,2,1,0,1,0
febrl1,0.76,316,2,1,2,1,0,1,0
febrl1,0.76,279,2,1,2,1,0,1,0
febrl1,0.76,108,2,1,2,1,0,1,0
febrl1,0.76,325,2,1,2,1,0,1,0
febrl1,0.76,384,2,1,2,1,0,1,0
febrl1,0.76,274,2,1,2,1,0,1,0
febrl1,0.76,261,2,1,2,1,0,1,0
febrl1,0.76,207,2,1,2,1,0,1,0
febrl1,0.76,339,2,1,2,1,0,1,0
febrl1,0.76,224,2,1,2,1,0,1,0
febrl1,0.76,196,2,1,2,1,0,1,0
febrl1,0.76,283,2,1,2,1,0,1,0
febrl1,0.76,243,2,1,2,1,0,1,0
febrl1,0.76,258,2,1,2,1,0,1,0
febrl1,0.76,229,2,1,2,1,0,1,0
febrl1,0.76,247,2,1,2,1,0,1,0
febrl1,0.76,89,2,1,2,1,0,1,0
febrl1,0.76,394,2,1,2,1,0,1,0
febrl1,0.76,82,2,1,2,1,0,1,0
febrl1,0.76,444,2,1,2,1,0,1,0
febrl1,0.76,147,2,1,2,1,0,1,0
febrl1,0.76,178,2,1,2,1,0,1,0
febrl1,0.76,239,2,1,2,1,0,1,0
febrl1,0.76,240,2,1,2,1,0,1,0
febrl1,0.76,3,2,2,2,2,0,2,0
febrl1,0.76,154,2,1,2,1,0,1,0
febrl1,0.76,53,2,1,2,1,0,1,0
febrl1,0.76,417,2,1,2,1,0,1,0
febrl1,0.76,313,2,1,2,1,0,1,0
febrl1,0.76,468,2,1,2,1,0,1,0
febrl1,0.76,182,2,1,2,1,0,1,0
febrl1,0.76,26,2,1,2,1,0,1,0
febrl1,0.76,202,2,1,2,1,0,1,0
febrl1,0.76,30,2,1,2,1,0,1,0
febrl1,0.76,92,2,1,2,1,0,1,0
febrl1,0.76,136,2,1,2,1,0,1,0
febrl1,0.76,13,2,1,2,1,0,1,0
febrl1,0.76,492,2,1,2,1,0,1,0
febrl1,0.76,143,2,1,2,1,0,1,0
febrl1,0.76,118,2,1,2,1,0,1,0
febrl1,0.76,290,2,1,2,1,0,1,0
febrl1,0.76,31,2,1,2,1,0,1,0
febrl1,0.76,141,2,1,2,1,0,1,0
febrl1,0.76,485,2,1,2,1,0,1,0
febrl1,0.76,18,2,1,2,1,0,1,0
febrl1,0.76,346,2,1,2,1,0,1,0
febrl1,0.76,304,2,1,2,1,0,1,0
febrl1,0.76,471,2,1,2,1,0,1,0
febrl1,0.76,105,2,1,2,1,0,1,0
febrl1,0.76,336,2,1,2,1,0,1,0
febrl1,0.76,75,2,1,2,1,0,1,0
febrl1,0.76,166,2,1,2,1,0,1,0
febrl1,0.76,414,2,1,2,1,0,1,0
febrl1,0.76,421,2,1,2,1,0,1,0
febrl1,0.76,159,2,1,2,1,0,1,0
febrl1,0.76,429,2,1,2,1,0,1,0
febrl1,0.76,49,2,1,2,1,0,1,0
febrl1,0.76,301,2,1,2,1,0,1,0
febrl1,0.76,95,2,1,2,1,0,1,0
febrl1,0.76,263,2,1,2,1,0,1,0
febrl1,0.76,156,2,1,2,1,0,1,0
febrl1,0.76,453,2,1,2,1,0,1,0
febrl1,0.76,481,2,1,2,1,0,1,0
febrl1,0.76,210,2,1,2,1,0,1,0
febrl1,0.76,317,2,1,2,1,0,1,0
febrl1,0.76,255,2,1,2,1,0,1,0
febrl1,0.76,150,2,1,2,1,0,1,0
febrl1,0.76,65,2,1,2,1,0,1,0
febrl1,0.76,60,2,1,2,1,0,1,0
febrl1,0.76,28,2,1,2,1,0,1,0
febrl1,0.76,404,2,1,2,1,0,1,0
febrl1,0.76,127,2,1,2,1,0,1,0
febrl1,0.76,450,2,1,2,1,0,1,0
febrl1,0.76,278,2,1,2,1,0,1,0
febrl1,0.76,276,2,1,2,1,0,1,0
febrl1,0.76,109,2,1,2,1,0,1,0
febrl1,0.76,42,2,1,2,1,0,1,0
febrl1,0.76,155,2,1,2,1,0,1,0
febrl1,0.76,228,2,1,2,1,0,1,0
febrl1,0.76,244,2,1,2,1,0,1,0
febrl1,0.76,249,2,1,2,1,0,1,0
febrl1,0.76,372,2,1,2,1,0,1,0
febrl1,0.76,1,2,1,2,1,0,1,0
febrl1,0.76,71,2,1,2,1,0,1,0
febrl1,0.76,170,2,1,2,1,0,1,0
febrl1,0.76,33,2,1,2,1,0,1,0
febrl1,0.76,395,2,1,2,1,0,1,0
febrl1,0.76,246,2,2,2,2,0,2,0
febrl1,0.76,329,2,1,2,1,0,1,0
febrl1,0.76,455,2,1,2,1,0,1,0
febrl1,0.76,332,2,2,2,2,0,2,0
febrl1,0.76,241,2,1,2,1,0,1,0
febrl1,0.76,475,2,1,2,1,0,1,0
febrl1,0.76,488,2,1,2,1,0,1,0
febrl1,0.76,134,2,1,2,1,0,1,0
febrl1,0.76,177,2,1,2,1,0,1,0
febrl1,0.76,357,2,1,2,1,0,1,0
febrl1,0.76,120,2,1,2,1,0,1,0
febrl1,0.76,245,2,1,2,1,0,1,0
febrl1,0.76,27,2,1,2,1,0,1,0
febrl1,0.76,98,2,1,2,1,0,1,0
febrl1,0.76,285,2,1,2,1,0,1,0
febrl1,0.76,292,2,1,2,1,0,1,0
febrl1,0.76,213,2,1,2,1,0,1,0
febrl1,0.76,41,2,1,2,1,0,1,0
febrl1,0.76,43,2,1,2,1,0,1,0
febrl1,0.76,389,2,1,2,1,0,1,0
febrl1,0.76,160,2,1,2,1,0,1,0
febrl1,0.76,115,2,1,2,1,0,1,0
febrl1,0.76,56,2,1,2,1,0,1,0
febrl1,0.76,360,2,1,2,1,0,1,0
febrl1,0.76,324,2,1,2,1,0,1,0
febrl1,0.76,314,2,1,2,1,0,1,0
febrl1,0.76,231,2,1,2,1,0,1,0
febrl1,0.76,303,2,1,2,1,0,1,0
febrl1,0.76,36,2,1,2,1,0,1,0
febrl1,0.76,40,2,1,2,1,0,1,0
febrl1,0.76,322,2,1,2,1,0,1,0
febrl1,0.76,425,2,2,2,2,0,2,0
febrl1,0.76,293,2,1,2,1,0,1,0
febrl1,0.76,110,2,1,2,1,0,1,0
febrl1,0.76,334,2,1,2,1,0,1,0
febrl1,0.76,270,2,1,2,1,0,1,0
febrl1,0.76,47,2,1,2,1,0,1,0
febrl1,0.76,470,2,1,2,1,0,1,0
febrl1,0.76,214,2,1,2,1,0,1,0
febrl1,0.76,221,2,1,2,1,0,1,0
febrl1,0.76,79,2,1,2,1,0,1,0
febrl1,0.76,198,2,1,2,1,0,1,0
febrl1,0.76,375,2,1,2,1,0,1,0
febrl1,0.76,45,2,1,2,1,0,1,0
febrl1,0.76,230,2,1,2,1,0,1,0
febrl1,0.76,168,2,1,2,1,0,1,0
febrl1,0.76,465,2,1,2,1,0,1,0
febrl1,0.76,443,2,1,2,1,0,1,0
febrl1,0.76,359,2,1,2,1,0,1,0
febrl1,0.76,352,2,1,2,1,0,1,0
febrl1,0.76,204,2,1,2,1,0,1,0
febrl1,0.76,219,2,1,2,1,0,1,0
febrl1,0.76,306,2,1,2,1,0,1,0
febrl1,0.76,54,2,1,2,1,0,1,0
febrl1,0.76,63,2,1,2,1,0,1,0
febrl1,0.76,86,2,1,2,1,0,1,0
febrl1,0.76,497,2,1,2,1,0,1,0
febrl1,0.76,412,2,1,2,1,0,1,0
febrl1,0.76,197,2,1,2,1,0,1,0
febrl1,0.76,59,2,1,2,1,0,1,0
febrl1,0.76,66,2,1,2,1,0,1,0
febrl1,0.76,248,2,1,2,1,0,1,0
febrl1,0.76,29,2,1,2,1,0,1,0
febrl1,0.76,72,2,2,2,2,0,2,0
febrl1,0.76,76,2,1,2,1,0,1,0
febrl1,0.76,331,2,1,2,1,0,1,0
febrl1,0.76,479,2,1,2,1,0,1,0
febrl1,0.76,158,2,2,2,2,0,2,0
febrl1,0.76,191,2,1,2,1,0,1,0
febrl1,0.76,495,2,1,2,1,0,1,0
febrl1,0.76,200,2,1,2,1,0,1,0
febrl1,0.76,473,2,1,2,1,0,1,0
febrl1,0.76,101,2,1,2,1,0,1,0
febrl1,0.76,9,2,1,2,1,0,1,0
febrl1,0.76,235,2,2,2,2,0,2,0
febrl1,0.76,21,2,1,2,1,0,1,0
febrl1,0.76,374,2,1,2,1,0,1,0
febrl1,0.76,161,2,1,2,1,0,1,0
febrl1,0.76,114,2,1,2,1,0,1,0
febrl1,0.76,438,2,1,2,1,0,1,0
febrl1,0.76,93,2,1,2,1,0,1,0
febrl1,0.76,348,2,1,2,1,0,1,0
febrl1,0.76,24,2,1,2,1,0,1,0
febrl1,0.76,142,2,1,2,1,0,1,0
febrl1,0.76,469,2,1,2,1,0,1,0
febrl1,0.76,137,2,1,2,1,0,1,0
febrl1,0.76,256,2,1,2,1,0,1,0
febrl1,0.76,379,2,1,2,1,0,1,0
febrl1,0.76,135,2,1,2,1,0,1,0
febrl1,0.76,39,2,1,2,1,0,1,0
febrl1,0.76,356,2,1,2,1,0,1,0
febrl1,0.76,467,2,1,2,1,0,1,0
febrl1,0.76,257,2,1,2,1,0,1,0
febrl1,0.76,192,2,1,2,1,0,1,0
febrl1,0.76,326,2,1,2,1,0,1,0
febrl1,0.76,220,2,1,2,1,0,1,0
febrl1,0.76,139,2,1,2,1,0,1,0
febrl1,0.76,74,2,1,2,1,0,1,0
febrl1,0.76,253,2,1,2,1,0,1,0
febrl1,0.76,153,2,1,2,1,0,1,0
febrl1,0.76,15,2,1,2,1,0,1,0
febrl1,0.76,378,2,1,2,1,0,1,0
febrl1,0.76,387,2,1,2,1,0,1,0
febrl1,0.76,466,2,1,2,1,0,1,0
febrl1,0.76,424,2,1,2,1,0,1,0
febrl1,0.76,84,2,1,2,1,0,1,0
febrl1,0.76,297,2,1,2,1,0,1,0
febrl1,0.76,459,2,1,2,1,0,1,0
febrl1,0.76,436,2,1,2,1,0,1,0
febrl1,0.76,50,2,1,2,1,0,1,0
febrl1,0.76,96,2,1,2,1,0,1,0
febrl1,0.76,216,2,1,2,1,0,1,0
febrl1,0.76,295,2,1,2,1,0,1,0
febrl1,0.76,362,2,1,2,1,0,1,0
febrl1,0.76,386,2,1,2,1,0,1,0
febrl1,0.76,116,2,1,2,1,0,1,0
febrl1,0.76,277,2,1,2,1,0,1,0
febrl1,0.76,447,2,1,2,1,0,1,0
febrl1,0.76,337,2,1,2,1,0,1,0
febrl1,0.76,119,2,1,2,1,0,1,0
febrl1,0.76,266,2,1,2,1,0,1,0
febrl1,0.76,211,2,1,2,1,0,1,0
febrl1,0.76,124,2,1,2,1,0,1,0
febrl1,0.76,461,2,1,2,1,0,1,0
febrl1,0.76,51,2,1,2,1,0,1,0
febrl1,0.76,269,2,1,2,1,0,1,0
febrl1,0.76,393,2,1,2,1,0,1,0
febrl1,0.76,169,2,1,2,1,0,1,0
febrl1,0.76,390,2,1,2,1,0,1,0
febrl1,0.76,288,2,1,2,1,0,1,0
febrl1,0.76,423,2,1,2,1,0,1,0
febrl1,0.76,80,2,1,2,1,0,1,0
febrl1,0.76,215,2,1,2,1,0,1,0
febrl1,0.76,411,2,1,2,1,0,1,0
febrl1,0.76,354,2,1,2,1,0,1,0
febrl1,0.76,112,2,1,2,1,0,1,0
febrl1,0.76,445,2,1,2,1,0,1,0
febrl1,0.76,416,2,1,2,1,0,1,0
febrl1,0.76,340,2,1,2,1,0,1,0
febrl1,0.76,275,2,1,2,1,0,1,0
febrl1,0.76,399,2,1,2,1,0,1,0
febrl1,0.76,273,2,2,2,2,0,2,0
febrl1,0.76,209,2,1,2,1,0,1,0
febrl1,0.76,194,2,1,2,1,0,1,0
febrl1,0.76,458,2,1,2,1,0,1,0
febrl1,0.76,448,2,1,2,1,0,1,0
febrl1,0.76,126,2,1,2,1,0,1,0
febrl1,0.76,446,2,1,2,1,0,1,0
febrl1,0.76,163,2,1,2,1,0,1,0
febrl1,0.76,174,2,1,2,1,0,1,0
febrl1,0.76,176,2,1,2,1,0,1,0
febrl1,0.76,131,2,1,2,1,0,1,0
febrl1,0.76,406,2,1,2,1,0,1,0
febrl1,0.76,433,2,1,2,1,0,1,0
febrl1,0.76,434,2,1,2,1,0,1,0
febrl1,0.76,151,2,1,2,1,0,1,0
febrl1,0.76,164,2,1,2,1,0,1,0
febrl1,0.76,451,2,1,2,1,0,1,0
febrl1,0.76,37,2,2,2,2,0,2,0
febrl1,0.76,4,2,1,2,1,0,1,0
febrl1,0.76,330,2,1,2,1,0,1,0
febrl1,0.76,355,2,1,2,1,0,1,0
febrl1,0.76,496,2,1,2,1,0,1,0
febrl1,0.76,268,2,1,2,1,0,1,0
febrl1,0.76,238,2,1,2,1,0,1,0
febrl1,0.76,259,2,1,2,1,0,1,0
febrl1,0.76,426,2,1,2,1,0,1,0
febrl1,0.76,400,2,1,2,1,0,1,0
febrl1,0.76,289,2,1,2,1,0,1,0
febrl1,0.76,397,2,1,2,1,0,1,0
febrl1,0.76,380,2,2,2,2,0,2,0
febrl1,0.76,35,2,1,2,1,0,1,0
febrl1,0.76,442,2,1,2,1,0,1,0
febrl1,0.76,14,2,1,2,1,0,1,0
febrl1,0.76,281,2,1,2,1,0,1,0
febrl1,0.76,388,2,1,2,1,0,1,0
febrl1,0.76,226,2,1,2,1,0,1,0
febrl1,0.76,365,2,1,2,1,0,1,0
febrl1,0.76,296,2,1,2,1,0,1,0
febrl1,0.76,20,2,1,2,1,0,1,0
febrl1,0.76,431,2,1,2,1,0,1,0
febrl1,0.76,111,2,1,2,1,0,1,0
febrl1,0.76,88,2,1,2,1,0,1,0
febrl1,0.76,398,2,1,2,1,0,1,0
febrl1,0.76,171,2,1,2,1,0,1,0
febrl1,0.76,267,2,1,2,1,0,1,0
febrl1,0.76,377,2,1,2,1,0,1,0
febrl1,0.76,472,2,1,2,1,0,1,0
febrl1,0.76,391,2,1,2,1,0,1,0
febrl1,0.76,493,2,1,2,1,0,1,0
febrl1,0.76,396,2,1,2,1,0,1,0
febrl1,0.76,46,2,1,2,1,0,1,0
febrl1,0.76,208,2,1,2,1,0,1,0
febrl1,0.76,476,2,1,2,1,0,1,0
febrl1,0.76,422,2,1,2,1,0,1,0
febrl1,0.76,260,2,1,2,1,0,1,0
febrl1,0.76,363,2,1,2,1,0,1,0
febrl1,0.76,185,2,1,2,1,0,1,0
febrl1,0.76,265,2,1,2,1,0,1,0
febrl1,0.76,175,2,1,2,1,0,1,0
febrl1,0.76,123,2,1,2,1,0,1,0
febrl1,0.76,315,2,1,2,1,0,1,0
febrl1,0.76,435,2,1,2,1,0,1,0
febrl1,0.76,410,2,1,2,1,0,1,0
febrl1,0.76,463,2,1,2,1,0,1,0
febrl1,0.76,366,2,1,2,1,0,1,0
febrl1,0.76,460,2,1,2,1,0,1,0
febrl1,0.76,319,2,1,2,1,0,1,0
febrl1,0.76,237,2,1,2,1,0,1,0
febrl1,0.76,100,2,2,2,2,0,2,0
febrl1,0.76,499,2,1,2,1,0,1,0
febrl1,0.76,189,2,1,2,1,0,1,0
febrl1,0.76,121,2,1,2,1,0,1,0
febrl1,0.76,201,2,1,2,1,0,1,0
febrl1,0.76,342,2,1,2,1,0,1,0
febrl1,0.76,392,2,1,2,1,0,1,0
febrl1,0.76,217,2,1,2,1,0,1,0
febrl1,0.76,212,2,1,2,1,0,1,0
febrl1,0.76,233,2,1,2,1,0,1,0
febrl1,0.76,454,2,1,2,1,0,1,0
febrl1,0.76,0,2,1,2,1,0,1,0
febrl1,0.76,347,2,1,2,1,0,1,0
febrl1,0.76,477,2,1,2,1,0,1,0
febrl1,0.76,11,2,1,2,1,0,1,0
febrl1,0.76,55,2,1,2,1,0,1,0
febrl1,0.76,144,2,1,2,1,0,1,0
febrl1,0.76,369,2,1,2,1,0,1,0
febrl1,0.76,487,2,1,2,1,0,1,0
febrl1,0.76,106,2,1,2,1,0,1,0
febrl1,0.76,441,2,1,2,1,0,1,0
febrl1,0.76,408,2,1,2,1,0,1,0
febrl1,0.76,353,2,1,2,1,0,1,0
febrl1,0.76,413,2,1,2,1,0,1,0
febrl1,0.76,97,2,1,2,1,0,1,0
febrl1,0.76,311,2,1,2,1,0,1,0
febrl1,0.76,327,2,1,2,1,0,1,0
febrl1,0.76,12,2,1,2,1,0,1,0
febrl1,0.76,64,2,1,2,1,0,1,0
febrl1,0.76,188,2,1,2,1,0,1,0
febrl1,0.76,376,2,2,2,2,0,2,0
febrl1,0.76,349,2,1,2,1,0,1,0
febrl1,0.76,272,2,1,2,1,0,1,0
febrl1,0.76,371,2,1,2,1,0,1,0
febrl1,0.76,129,2,1,2,1,0,1,0
febrl1,0.76,462,2,1,2,1,0,1,0
febrl1,0.76,494,2,1,2,1,0,1,0
febrl1,0.76,328,2,1,2,1,0,1,0
febrl1,0.76,358,2,1,2,1,0,1,0
febrl1,0.76,321,2,1,2,1,0,1,0
febrl1,0.76,193,2,2,2,2,0,2,0
febrl1,0.76,234,2,1,2,1,0,1,0
febrl1,0.76,308,2,1,2,1,0,1,0
febrl1,0.76,341,2,1,2,1,0,1,0
febrl1,0.76,148,2,1,2,1,0,1,0
febrl1,0.76,415,2,1,2,1,0,1,0
febrl1,0.76,205,2,1,2,1,0,1,0
febrl1,0.76,57,2,1,2,1,0,1,0
febrl1,0.76,5,2,1,2,1,0,1,0
febrl1,0.76,90,2,1,2,1,0,1,0
febrl1,0.76,407,2,1,2,1,0,1,0
febrl1,0.76,2,2,1,2,1,0,1,0
febrl1,0.76,368,2,1,2,1,0,1,0
febrl1,0.76,405,2,1,2,1,0,1,0
febrl1,0.76,402,2,1,2,1,0,1,0
febrl1,0.76,367,2,1,2,1,0,1,0
febrl1,0.76,103,2,1,2,1,0,1,0
febrl1,0.76,52,2,1,2,1,0,1,0
febrl1,0.76,146,2,1,2,1,0,1,0
febrl1,0.76,195,2,1,2,1,0,1,0
febrl1,0.76,184,2,1,2,1,0,1,0
febrl1,0.76,489,2,1,2,1,0,1,0
febrl1,0.76,252,2,1,2,1,0,1,0
febrl1,0.76,87,2,1,2,1,0,1,0
febrl1,0.76,180,2,1,2,1,0,1,0
febrl1,0.76,300,2,1,2,1,0,1,0
febrl1,0.76,117,2,1,2,1,0,1,0
febrl1,0.76,25,2,1,2,1,0,1,0
febrl1,0.76,343,2,1,2,1,0,1,0
febrl1,0.76,7,2,1,2,1,0,1,0
febrl1,0.76,430,2,1,2,1,0,1,0
febrl1,0.76,48,2,1,2,1,0,1,0
febrl1,0.76,427,2,1,2,1,0,1,0
febrl1,0.76,104,2,1,2,1,0,1,0
febrl1,0.76,310,2,1,2,1,0,1,0
febrl1,0.76,242,2,1,2,1,0,1,0
febrl1,0.76,298,2,1,2,1,0,1,0
febrl1,0.76,345,2,1,2,1,0,1,0
febrl1,0.76,16,2,1,2,1,0,1,0
febrl1,0.76,318,2,1,2,1,0,1,0
febrl1,0.76,437,2,1,2,1,0,1,0
febrl1,0.76,282,2,1,2,1,0,1,0
febrl1,0.76,107,2,1,2,1,0,1,0
febrl1,0.76,309,2,1,2,1,0,1,0
febrl1,0.76,236,2,1,2,1,0,1,0
febrl1,0.76,299,2,1,2,1,0,1,0
febrl1,0.76,491,2,1,2,1,0,1,0
febrl1,0.76,474,2,1,2,1,0,1,0
febrl1,0.76,264,2,1,2,1,0,1,0
febrl1,0.76,132,2,1,2,1,0,1,0
febrl1,0.76,498,2,1,2,1,0,1,0
febrl1,0.76,8,2,1,2,1,0,1,0
febrl1,0.76,222,2,1,2,1,0,1,0
febrl1,0.76,83,2,1,2,1,0,1,0
febrl1,0.8,223,2,1,2,1,0,1,0
febrl1,0.8,122,2,1,2,1,0,1,0
febrl1,0.8,373,2,1,2,1,0,1,0
febrl1,0.8,10,2,1,2,1,0,1,0
febrl1,0.8,227,2,1,2,1,0,1,0
febrl1,0.8,6,2,1,2,1,0,1,0
febrl1,0.8,190,2,1,2,1,0,1,0
febrl1,0.8,294,2,1,2,1,0,1,0
febrl1,0.8,206,2,1,2,1,0,1,0
febrl1,0.8,344,2,1,2,1,0,1,0
febrl1,0.8,81,2,1,2,1,0,1,0
febrl1,0.8,34,2,1,2,1,0,1,0
febrl1,0.8,478,2,1,2,1,0,1,0
febrl1,0.8,225,2,1,2,1,0,1,0
febrl1,0.8,452,2,1,2,1,0,1,0
febrl1,0.8,67,2,1,2,1,0,1,0
febrl1,0.8,286,2,1,2,1,0,1,0
febrl1,0.8,251,2,1,2,1,0,1,0
febrl1,0.8,335,2,1,2,1,0,1,0
febrl1,0.8,439,2,1,2,1,0,1,0
febrl1,0.8,409,2,1,2,1,0,1,0
febrl1,0.8,125,2,1,2,1,0,1,0
febrl1,0.8,70,2,1,2,1,0,1,0
febrl1,0.8,145,2,1,2,1,0,1,0
febrl1,0.8,73,2,1,2,1,0,1,0
febrl1,0.8,284,2,1,2,1,0,1,0
febrl1,0.8,186,2,1,2,1,0,1,0
febrl1,0.8,58,2,1,2,1,0,1,0
febrl1,0.8,381,2,1,2,1,0,1,0
febrl1,0.8,305,2,1,2,1,0,1,0
febrl1,0.8,149,2,2,2,2,0,2,0
febrl1,0.8,140,2,1,2,1,0,1,0
febrl1,0.8,364,2,1,2,1,0,1,0
febrl1,0.8,361,2,1,2,1,0,1,0
febrl1,0.8,23,2,1,2,1,0,1,0
febrl1,0.8,254,2,1,2,1,0,1,0
febrl1,0.8,173,2,1,2,1,0,1,0
febrl1,0.8,456,2,1,2,1,0,1,0
febrl1,0.8,403,2,1,2,1,0,1,0
febrl1,0.8,382,2,1,2,1,0,1,0
febrl1,0.8,320,2,1,2,1,0,1,0
febrl1,0.8,167,2,1,2,1,0,1,0
febrl1,0.8,419,2,1,2,1,0,1,0
febrl1,0.8,262,2,1,2,1,0,1,0
febrl1,0.8,91,2,2,2,2,0,2,0
febrl1,0.8,19,2,1,2,1,0,1,0
febrl1,0.8,78,2,1,2,1,0,1,0
febrl1,0.8,440,2,1,2,1,0,1,0
febrl1,0.8,350,2,1,2,1,0,1,0
febrl1,0.8,113,2,1,2,1,0,1,0
febrl1,0.8,291,2,1,2,1,0,1,0
febrl1,0.8,370,2,1,2,1,0,1,0
febrl1,0.8,152,2,1,2,1,0,1,0
febrl1,0.8,99,2,1,2,1,0,1,0
febrl1,0.8,32,2,1,2,1,0,1,0
febrl1,0.8,77,2,1,2,1,0,1,0
febrl1,0.8,183,2,1,2,1,0,1,0
febrl1,0.8,383,2,1,2,1,0,1,0
febrl1,0.8,179,2,1,2,1,0,1,0
febrl1,0.8,68,2,1,2,1,0,1,0
febrl1,0.8,385,2,1,2,1,0,1,0
febrl1,0.8,464,2,1,2,1,0,1,0
febrl1,0.8,482,2,1,2,1,0,1,0
febrl1,0.8,351,2,1,2,1,0,1,0
febrl1,0.8,287,2,1,2,1,0,1,0
febrl1,0.8,302,2,1,2,1,0,1,0
febrl1,0.8,457,2,1,2,1,0,1,0
febrl1,0.8,94,2,1,2,1,0,1,0
febrl1,0.8,102,2,2,2,2,0,2,0
febrl1,0.8,490,2,1,2,1,0,1,0
febrl1,0.8,449,2,1,2,1,0,1,0
febrl1,0.8,172,2,1,2,1,0,1,0
febrl1,0.8,323,2,1,2,1,0,1,0
febrl1,0.8,484,2,1,2,1,0,1,0
febrl1,0.8,312,2,1,2,1,0,1,0
febrl1,0.8,69,2,1,2,1,0,1,0
febrl1,0.8,157,2,1,2,1,0,1,0
febrl1,0.8,280,2,1,2,1,0,1,0
febrl1,0.8,187,2,1,2,1,0,1,0
febrl1,0.8,232,2,1,2,1,0,1,0
febrl1,0.8,133,2,2,2,2,0,2,0
febrl1,0.8,128,2,1,2,1,0,1,0
febrl1,0.8,250,2,1,2,1,0,1,0
febrl1,0.8,483,2,1,2,1,0,1,0
febrl1,0.8,218,2,1,2,1,0,1,0
febrl1,0.8,338,2,1,2,1,0,1,0
febrl1,0.8,486,2,1,2,1,0,1,0
febrl1,0.8,420,2,1,2,1,0,1,0
febrl1,0.8,333,2,1,2,1,0,1,0
febrl1,0.8,401,2,1,2,1,0,1,0
febrl1,0.8,61,2,1,2,1,0,1,0
febrl1,0.8,432,2,1,2,1,0,1,0
febrl1,0.8,428,2,1,2,1,0,1,0
febrl1,0.8,38,2,1,2,1,0,1,0
febrl1,0.8,480,2,1,2,1,0,1,0
febrl1,0.8,199,2,1,2,1,0,1,0
febrl1,0.8,17,2,1,2,1,0,1,0
febrl1,0.8,162,2,1,2,1,0,1,0
febrl1,0.8,62,2,1,2,1,0,1,0
febrl1,0.8,181,2,1,2,1,0,1,0
febrl1,0.8,307,2,1,2,1,0,1,0
febrl1,0.8,271,2,1,2,1,0,1,0
febrl1,0.8,418,2,1,2,1,0,1,0
febrl1,0.8,130,2,1,2,1,0,1,0
febrl1,0.8,44,2,1,2,1,0,1,0
febrl1,0.8,138,2,1,2,1,0,1,0
febrl1,0.8,165,2,1,2,1,0,1,0
febrl1,0.8,203,2,1,2,1,0,1,0
febrl1,0.8,22,2,1,2,1,0,1,0
febrl1,0.8,85,2,1,2,1,0,1,0
febrl1,0.8,316,2,1,2,1,0,1,0
febrl1,0.8,279,2,1,2,1,0,1,0
febrl1,0.8,108,2,1,2,1,0,1,0
febrl1,0.8,325,2,1,2,1,0,1,0
febrl1,0.8,384,2,1,2,1,0,1,0
febrl1,0.8,274,2,1,2,1,0,1,0
febrl1,0.8,261,2,1,2,1,0,1,0
febrl1,0.8,207,2,1,2,1,0,1,0
febrl1,0.8,339,2,1,2,1,0,1,0
febrl1,0.8,224,2,1,2,1,0,1,0
febrl1,0.8,196,2,1,2,1,0,1,0
febrl1,0.8,283,2,1,2,1,0,1,0
febrl1,0.8,243,2,1,2,1,0,1,0
febrl1,0.8,258,2,1,2,1,0,1,0
febrl1,0.8,229,2,1,2,1,0,1,0
febrl1,0.8,247,2,1,2,1,0,1,0
febrl1,0.8,89,2,1,2,1,0,1,0
febrl1,0.8,394,2,1,2,1,0,1,0
febrl1,0.8,82,2,1,2,1,0,1,0
febrl1,0.8,444,2,1,2,1,0,1,0
febrl1,0.8,147,2,1,2,1,0,1,0
febrl1,0.8,178,2,1,2,1,0,1,0
febrl1,0.8,239,2,1,2,1,0,1,0
febrl1,0.8,240,2,1,2,1,0,1,0
febrl1,0.8,3,2,2,2,2,0,2,0
febrl1,0.8,154,2,1,2,1,0,1,0
febrl1,0.8,53,2,1,2,1,0,1,0
febrl1,0.8,417,2,1,2,1,0,1,0
febrl1,0.8,313,2,1,2,1,0,1,0
febrl1,0.8,468,2,1,2,1,0,1,0
febrl1,0.8,182,2,1,2,1,0,1,0
febrl1,0.8,26,2,1,2,1,0,1,0
febrl1,0.8,202,2,1,2,1,0,1,0
febrl1,0.8,30,2,1,2,1,0,1,0
febrl1,0.8,92,2,1,2,1,0,1,0
febrl1,0.8,136,2,1,2,1,0,1,0
febrl1,0.8,13,2,1,2,1,0,1,0
febrl1,0.8,492,2,2,2,2,0,2,0
febrl1,0.8,143,2,1,2,1,0,1,0
febrl1,0.8,118,2,1,2,1,0,1,0
febrl1,0.8,290,2,1,2,1,0,1,0
febrl1,0.8,31,2,1,2,1,0,1,0
febrl1,0.8,141,2,1,2,1,0,1,0
febrl1,0.8,485,2,1,2,1,0,1,0
febrl1,0.8,18,2,1,2,1,0,1,0
febrl1,0.8,346,2,1,2,1,0,1,0
febrl1,0.8,304,2,1,2,1,0,1,0
febrl1,0.8,471,2,1,2,1,0,1,0
febrl1,0.8,105,2,1,2,1,0,1,0
febrl1,0.8,336,2,1,2,1,0,1,0
febrl1,0.8,75,2,1,2,1,0,1,0
febrl1,0.8,166,2,1,2,1,0,1,0
febrl1,0.8,414,2,1,2,1,0,1,0
febrl1,0.8,421,2,1,2,1,0,1,0
febrl1,0.8,159,2,1,2,1,0,1,0
febrl1,0.8,429,2,1,2,1,0,1,0
febrl1,0.8,49,2,1,2,1,0,1,0
febrl1,0.8,301,2,2,2,2,0,2,0
febrl1,0.8,95,2,2,2,2,0,2,0
febrl1,0.8,263,2,1,2,1,0,1,0
febrl1,0.8,156,2,1,2,1,0,1,0
febrl1,0.8,453,2,1,2,1,0,1,0
febrl1,0.8,481,2,1,2,1,0,1,0
febrl1,0.8,210,2,1,2,1,0,1,0
febrl1,0.8,317,2,1,2,1,0,1,0
febrl1,0.8,255,2,1,2,1,0,1,0
febrl1,0.8,150,2,1,2,1,0,1,0
febrl1,0.8,65,2,1,2,1,0,1,0
febrl1,0.8,60,2,1,2,1,0,1,0
febrl1,0.8,28,2,1,2,1,0,1,0
febrl1,0.8,404,2,1,2,1,0,1,0
febrl1,0.8,127,2,1,2,1,0,1,0
febrl1,0.8,450,2,1,2,1,0,1,0
febrl1,0.8,278,2,1,2,1,0,1,0
febrl1,0.8,276,2,1,2,1,0,1,0
febrl1,0.8,109,2,1,2,1,0,1,0
febrl1,0.8,42,2,1,2,1,0,1,0
febrl1,0.8,155,2,1,2,1,0,1,0
febrl1,0.8,228,2,1,2,1,0,1,0
febrl1,0.8,244,2,1,2,1,0,1,0
febrl1,0.8,249,2,1,2,1,0,1,0
febrl1,0.8,372,2,1,2,1,0,1,0
febrl1,0.8,1,2,1,2,1,0,1,0
febrl1,0.8,71,2,1,2,1,0,1,0
febrl1,0.8,170,2,1,2,1,0,1,0
febrl1,0.8,33,2,1,2,1,0,1,0
febrl1,0.8,395,2,1,2,1,0,1,0
febrl1,0.8,246,2,2,2,2,0,2,0
febrl1,0.8,329,2,1,2,1,0,1,0
febrl1,0.8,455,2,1,2,1,0,1,0
febrl1,0.8,332,2,2,2,2,0,2,0
febrl1,0.8,241,2,1,2,1,0,1,0
febrl1,0.8,475,2,1,2,1,0,1,0
febrl1,0.8,488,2,1,2,1,0,1,0
febrl1,0.8,134,2,1,2,1,0,1,0
febrl1,0.8,177,2,1,2,1,0,1,0
febrl1,0.8,357,2,1,2,1,0,1,0
febrl1,0.8,120,2,1,2,1,0,1,0
febrl1,0.8,245,2,1,2,1,0,1,0
febrl1,0.8,27,2,1,2,1,0,1,0
febrl1,0.8,98,2,1,2,1,0,1,0
febrl1,0.8,285,2,1,2,1,0,1,0
febrl1,0.8,292,2,1,2,1,0,1,0
febrl1,0.8,213,2,2,2,2,0,2,0
febrl1,0.8,41,2,1,2,1,0,1,0
febrl1,0.8,43,2,1,2,1,0,1,0
febrl1,0.8,389,2,1,2,1,0,1,0
febrl1,0.8,160,2,1,2,1,0,1,0
febrl1,0.8,115,2,1,2,1,0,1,0
febrl1,0.8,56,2,1,2,1,0,1,0
febrl1,0.8,360,2,1,2,1,0,1,0
febrl1,0.8,324,2,1,2,1,0,1,0
febrl1,0.8,314,2,1,2,1,0,1,0
febrl1,0.8,231,2,1,2,1,0,1,0
febrl1,0.8,303,2,1,2,1,0,1,0
febrl1,0.8,36,2,1,2,1,0,1,0
febrl1,0.8,40,2,1,2,1,0,1,0
febrl1,0.8,322,2,1,2,1,0,1,0
febrl1,0.8,425,2,2,2,2,0,2,0
febrl1,0.8,293,2,1,2,1,0,1,0
febrl1,0.8,110,2,1,2,1,0,1,0
febrl1,0.8,334,2,1,2,1,0,1,0
febrl1,0.8,270,2,1,2,1,0,1,0
febrl1,0.8,47,2,1,2,1,0,1,0
febrl1,0.8,470,2,1,2,1,0,1,0
febrl1,0.8,214,2,1,2,1,0,1,0
febrl1,0.8,221,2,1,2,1,0,1,0
febrl1,0.8,79,2,1,2,1,0,1,0
febrl1,0.8,198,2,1,2,1,0,1,0
febrl1,0.8,375,2,1,2,1,0,1,0
febrl1,0.8,45,2,1,2,1,0,1,0
febrl1,0.8,230,2,1,2,1,0,1,0
febrl1,0.8,168,2,1,2,1,0,1,0
febrl1,0.8,465,2,1,2,1,0,1,0
febrl1,0.8,443,2,1,2,1,0,1,0
febrl1,0.8,359,2,1,2,1,0,1,0
febrl1,0.8,352,2,1,2,1,0,1,0
febrl1,0.8,204,2,1,2,1,0,1,0
febrl1,0.8,219,2,1,2,1,0,1,0
febrl1,0.8,306,2,1,2,1,0,1,0
febrl1,0.8,54,2,1,2,1,0,1,0
febrl1,0.8,63,2,1,2,1,0,1,0
febrl1,0.8,86,2,1,2,1,0,1,0
febrl1,0.8,497,2,1,2,1,0,1,0
febrl1,0.8,412,2,1,2,1,0,1,0
febrl1,0.8,197,2,1,2,1,0,1,0
febrl1,0.8,59,2,1,2,1,0,1,0
febrl1,0.8,66,2,1,2,1,0,1,0
febrl1,0.8,248,2,1,2,1,0,1,0
febrl1,0.8,29,2,1,2,1,0,1,0
febrl1,0.8,72,2,2,2,2,0,2,0
febrl1,0.8,76,2,1,2,1,0,1,0
febrl1,0.8,331,2,1,2,1,0,1,0
febrl1,0.8,479,2,1,2,1,0,1,0
febrl1,0.8,158,2,2,2,2,0,2,0
febrl1,0.8,191,2,1,2,1,0,1,0
febrl1,0.8,495,2,1,2,1,0,1,0
febrl1,0.8,200,2,1,2,1,0,1,0
febrl1,0.8,473,2,1,2,1,0,1,0
febrl1,0.8,101,2,1,2,1,0,1,0
febrl1,0.8,9,2,1,2,1,0,1,0
febrl1,0.8,235,2,2,2,2,0,2,0
febrl1,0.8,21,2,1,2,1,0,1,0
febrl1,0.8,374,2,1,2,1,0,1,0
febrl1,0.8,161,2,1,2,1,0,1,0
febrl1,0.8,114,2,1,2,1,0,1,0
febrl1,0.8,438,2,1,2,1,0,1,0
febrl1,0.8,93,2,1,2,1,0,1,0
febrl1,0.8,348,2,1,2,1,0,1,0
febrl1,0.8,24,2,1,2,1,0,1,0
febrl1,0.8,142,2,1,2,1,0,1,0
febrl1,0.8,469,2,1,2,1,0,1,0
febrl1,0.8,137,2,1,2,1,0,1,0
febrl1,0.8,256,2,1,2,1,0,1,0
febrl1,0.8,379,2,1,2,1,0,1,0
febrl1,0.8,135,2,1,2,1,0,1,0
febrl1,0.8,39,2,1,2,1,0,1,0
febrl1,0.8,356,2,1,2,1,0,1,0
febrl1,0.8,467,2,1,2,1,0,1,0
febrl1,0.8,257,2,1,2,1,0,1,0
febrl1,0.8,192,2,2,2,2,0,2,0
febrl1,0.8,326,2,1,2,1,0,1,0
febrl1,0.8,220,2,2,2,2,0,2,0
febrl1,0.8,139,2,1,2,1,0,1,0
febrl1,0.8,74,2,1,2,1,0,1,0
febrl1,0.8,253,2,1,2,1,0,1,0
febrl1,0.8,153,2,1,2,1,0,1,0
febrl1,0.8,15,2,1,2,1,0,1,0
febrl1,0.8,378,2,1,2,1,0,1,0
febrl1,0.8,387,2,1,2,1,0,1,0
febrl1,0.8,466,2,1,2,1,0,1,0
febrl1,0.8,424,2,1,2,1,0,1,0
febrl1,0.8,84,2,1,2,1,0,1,0
febrl1,0.8,297,2,1,2,1,0,1,0
febrl1,0.8,459,2,1,2,1,0,1,0
febrl1,0.8,436,2,1,2,1,0,1,0
febrl1,0.8,50,2,1,2,1,0,1,0
febrl1,0.8,96,2,1,2,1,0,1,0
febrl1,0.8,216,2,1,2,1,0,1,0
febrl1,0.8,295,2,1,2,1,0,1,0
febrl1,0.8,362,2,1,2,1,0,1,0
febrl1,0.8,386,2,1,2,1,0,1,0
febrl1,0.8,116,2,1,2,1,0,1,0
febrl1,0.8,277,2,1,2,1,0,1,0
febrl1,0.8,447,2,1,2,1,0,1,0
febrl1,0.8,337,2,1,2,1,0,1,0
febrl1,0.8,119,2,1,2,1,0,1,0
febrl1,0.8,266,2,1,2,1,0,1,0
febrl1,0.8,211,2,1,2,1,0,1,0
febrl1,0.8,124,2,1,2,1,0,1,0
febrl1,0.8,461,2,1,2,1,0,1,0
febrl1,0.8,51,2,1,2,1,0,1,0
febrl1,0.8,269,2,1,2,1,0,1,0
febrl1,0.8,393,2,1,2,1,0,1,0
febrl1,0.8,169,2,1,2,1,0,1,0
febrl1,0.8,390,2,1,2,1,0,1,0
febrl1,0.8,288,2,1,2,1,0,1,0
febrl1,0.8,423,2,1,2,1,0,1,0
febrl1,0.8,80,2,1,2,1,0,1,0
febrl1,0.8,215,2,1,2,1,0,1,0
febrl1,0.8,411,2,1,2,1,0,1,0
febrl1,0.8,354,2,1,2,1,0,1,0
febrl1,0.8,112,2,1,2,1,0,1,0
febrl1,0.8,445,2,1,2,1,0,1,0
febrl1,0.8,416,2,1,2,1,0,1,0
febrl1,0.8,340,2,1,2,1,0,1,0
febrl1,0.8,275,2,1,2,1,0,1,0
febrl1,0.8,399,2,1,2,1,0,1,0
febrl1,0.8,273,2,2,2,2,0,2,0
febrl1,0.8,209,2,1,2,1,0,1,0
febrl1,0.8,194,2,1,2,1,0,1,0
febrl1,0.8,458,2,1,2,1,0,1,0
febrl1,0.8,448,2,1,2,1,0,1,0
febrl1,0.8,126,2,1,2,1,0,1,0
febrl1,0.8,446,2,1,2,1,0,1,0
febrl1,0.8,163,2,1,2,1,0,1,0
febrl1,0.8,174,2,1,2,1,0,1,0
febrl1,0.8,176,2,1,2,1,0,1,0
febrl1,0.8,131,2,1,2,1,0,1,0
febrl1,0.8,406,2,1,2,1,0,1,0
febrl1,0.8,433,2,2,2,2,0,2,0
febrl1,0.8,434,2,1,2,1,0,1,0
febrl1,0.8,151,2,1,2,1,0,1,0
febrl1,0.8,164,2,1,2,1,0,1,0
febrl1,0.8,451,2,1,2,1,0,1,0
febrl1,0.8,37,2,2,2,2,0,2,0
febrl1,0.8,4,2,1,2,1,0,1,0
febrl1,0.8,330,2,1,2,1,0,1,0
febrl1,0.8,355,2,1,2,1,0,1,0
febrl1,0.8,496,2,1,2,1,0,1,0
febrl1,0.8,268,2,1,2,1,0,1,0
febrl1,0.8,238,2,1,2,1,0,1,0
febrl1,0.8,259,2,1,2,1,0,1,0
febrl1,0.8,426,2,1,2,1,0,1,0
febrl1,0.8,400,2,1,2,1,0,1,0
febrl1,0.8,289,2,1,2,1,0,1,0
febrl1,0.8,397,2,1,2,1,0,1,0
febrl1,0.8,380,2,2,2,2,0,2,0
febrl1,0.8,35,2,1,2,1,0,1,0
febrl1,0.8,442,2,1,2,1,0,1,0
febrl1,0.8,14,2,1,2,1,0,1,0
febrl1,0.8,281,2,1,2,1,0,1,0
febrl1,0.8,388,2,1,2,1,0,1,0
febrl1,0.8,226,2,1,2,1,0,1,0
febrl1,0.8,365,2,1,2,1,0,1,0
febrl1,0.8,296,2,1,2,1,0,1,0
febrl1,0.8,20,2,1,2,1,0,1,0
febrl1,0.8,431,2,1,2,1,0,1,0
febrl1,0.8,111,2,1,2,1,0,1,0
febrl1,0.8,88,2,1,2,1,0,1,0
febrl1,0.8,398,2,1,2,1,0,1,0
febrl1,0.8,171,2,1,2,1,0,1,0
febrl1,0.8,267,2,1,2,1,0,1,0
febrl1,0.8,377,2,1,2,1,0,1,0
febrl1,0.8,472,2,1,2,1,0,1,0
febrl1,0.8,391,2,2,2,2,0,2,0
febrl1,0.8,493,2,1,2,1,0,1,0
febrl1,0.8,396,2,1,2,1,0,1,0
febrl1,0.8,46,2,1,2,1,0,1,0
febrl1,0.8,208,2,1,2,1,0,1,0
febrl1,0.8,476,2,1,2,1,0,1,0
febrl1,0.8,422,2,1,2,1,0,1,0
febrl1,0.8,260,2,1,2,1,0,1,0
febrl1,0.8,363,2,1,2,1,0,1,0
febrl1,0.8,185,2,1,2,1,0,1,0
febrl1,0.8,265,2,1,2,1,0,1,0
febrl1,0.8,175,2,1,2,1,0,1,0
febrl1,0.8,123,2,1,2,1,0,1,0
febrl1,0.8,315,2,1,2,1,0,1,0
febrl1,0.8,435,2,1,2,1,0,1,0
febrl1,0.8,410,2,1,2,1,0,1,0
febrl1,0.8,463,2,1,2,1,0,1,0
febrl1,0.8,366,2,1,2,1,0,1,0
febrl1,0.8,460,2,1,2,1,0,1,0
febrl1,0.8,319,2,1,2,1,0,1,0
febrl1,0.8,237,2,1,2,1,0,1,0
febrl1,0.8,100,2,2,2,2,0,2,0
febrl1,0.8,499,2,1,2,1,0,1,0
febrl1,0.8,189,2,1,2,1,0,1,0
febrl1,0.8,121,2,1,2,1,0,1,0
febrl1,0.8,201,2,1,2,1,0,1,0
febrl1,0.8,342,2,1,2,1,0,1,0
febrl1,0.8,392,2,1,2,1,0,1,0
febrl1,0.8,217,2,1,2,1,0,1,0
febrl1,0.8,212,2,1,2,1,0,1,0
febrl1,0.8,233,2,1,2,1,0,1,0
febrl1,0.8,454,2,1,2,1,0,1,0
febrl1,0.8,0,2,2,2,2,0,2,0
febrl1,0.8,347,2,1,2,1,0,1,0
febrl1,0.8,477,2,1,2,1,0,1,0
febrl1,0.8,11,2,1,2,1,0,1,0
febrl1,0.8,55,2,1,2,1,0,1,0
febrl1,0.8,144,2,1,2,1,0,1,0
febrl1,0.8,369,2,1,2,1,0,1,0
febrl1,0.8,487,2,1,2,1,0,1,0
febrl1,0.8,106,2,1,2,1,0,1,0
febrl1,0.8,441,2,1,2,1,0,1,0
febrl1,0.8,408,2,1,2,1,0,1,0
febrl1,0.8,353,2,1,2,1,0,1,0
febrl1,0.8,413,2,1,2,1,0,1,0
febrl1,0.8,97,2,1,2,1,0,1,0
febrl1,0.8,311,2,1,2,1,0,1,0
febrl1,0.8,327,2,1,2,1,0,1,0
febrl1,0.8,12,2,1,2,1,0,1,0
febrl1,0.8,64,2,1,2,1,0,1,0
febrl1,0.8,188,2,1,2,1,0,1,0
febrl1,0.8,376,2,2,2,2,0,2,0
febrl1,0.8,349,2,1,2,1,0,1,0
febrl1,0.8,272,2,1,2,1,0,1,0
febrl1,0.8,371,2,1,2,1,0,1,0
febrl1,0.8,129,2,1,2,1,0,1,0
febrl1,0.8,462,2,1,2,1,0,1,0
febrl1,0.8,494,2,1,2,1,0,1,0
febrl1,0.8,328,2,1,2,1,0,1,0
febrl1,0.8,358,2,1,2,1,0,1,0
febrl1,0.8,321,2,1,2,1,0,1,0
febrl1,0.8,193,2,2,2,2,0,2,0
febrl1,0.8,234,2,1,2,1,0,1,0
febrl1,0.8,308,2,1,2,1,0,1,0
febrl1,0.8,341,2,1,2,1,0,1,0
febrl1,0.8,148,2,1,2,1,0,1,0
febrl1,0.8,415,2,1,2,1,0,1,0
febrl1,0.8,205,2,1,2,1,0,1,0
febrl1,0.8,57,2,1,2,1,0,1,0
febrl1,0.8,5,2,1,2,1,0,1,0
febrl1,0.8,90,2,1,2,1,0,1,0
febrl1,0.8,407,2,1,2,1,0,1,0
febrl1,0.8,2,2,1,2,1,0,1,0
febrl1,0.8,368,2,1,2,1,0,1,0
febrl1,0.8,405,2,1,2,1,0,1,0
febrl1,0.8,402,2,1,2,1,0,1,0
febrl1,0.8,367,2,1,2,1,0,1,0
febrl1,0.8,103,2,1,2,1,0,1,0
febrl1,0.8,52,2,1,2,1,0,1,0
febrl1,0.8,146,2,1,2,1,0,1,0
febrl1,0.8,195,2,1,2,1,0,1,0
febrl1,0.8,184,2,1,2,1,0,1,0
febrl1,0.8,489,2,1,2,1,0,1,0
febrl1,0.8,252,2,1,2,1,0,1,0
febrl1,0.8,87,2,1,2,1,0,1,0
febrl1,0.8,180,2,1,2,1,0,1,0
febrl1,0.8,300,2,1,2,1,0,1,0
febrl1,0.8,117,2,1,2,1,0,1,0
febrl1,0.8,25,2,1,2,1,0,1,0
febrl1,0.8,343,2,1,2,1,0,1,0
febrl1,0.8,7,2,1,2,1,0,1,0
febrl1,0.8,430,2,1,2,1,0,1,0
febrl1,0.8,48,2,1,2,1,0,1,0
febrl1,0.8,427,2,1,2,1,0,1,0
febrl1,0.8,104,2,1,2,1,0,1,0
febrl1,0.8,310,2,1,2,1,0,1,0
febrl1,0.8,242,2,1,2,1,0,1,0
febrl1,0.8,298,2,1,2,1,0,1,0
febrl1,0.8,345,2,1,2,1,0,1,0
febrl1,0.8,16,2,1,2,1,0,1,0
febrl1,0.8,318,2,1,2,1,0,1,0
febrl1,0.8,437,2,1,2,1,0,1,0
febrl1,0.8,282,2,1,2,1,0,1,0
febrl1,0.8,107,2,1,2,1,0,1,0
febrl1,0.8,309,2,1,2,1,0,1,0
febrl1,0.8,236,2,1,2,1,0,1,0
febrl1,0.8,299,2,1,2,1,0,1,0
febrl1,0.8,491,2,1,2,1,0,1,0
febrl1,0.8,474,2,1,2,1,0,1,0
febrl1,0.8,264,2,1,2,1,0,1,0
febrl1,0.8,132,2,1,2,1,0,1,0
febrl1,0.8,498,2,1,2,1,0,1,0
febrl1,0.8,8,2,1,2,1,0,1,0
febrl1,0.8,222,2,1,2,1,0,1,0
febrl1,0.8,83,2,1,2,1,0,1,0
febrl1,0.84,223,2,1,2,1,0,1,0
febrl1,0.84,122,2,1,2,1,0,1,0
febrl1,0.84,373,2,1,2,1,0,1,0
febrl1,0.84,10,2,1,2,1,0,1,0
febrl1,0.84,227,2,2,2,2,0,2,0
febrl1,0.84,6,2,1,2,1,0,1,0
febrl1,0.84,190,2,1,2,1,0,1,0
febrl1,0.84,294,2,1,2,1,0,1,0
febrl1,0.84,206,2,1,2,1,0,1,0
febrl1,0.84,344,2,2,2,2,0,2,0
febrl1,0.84,81,2,1,2,1,0,1,0
febrl1,0.84,34,2,1,2,1,0,1,0
febrl1,0.84,478,2,2,2,2,0,2,0
febrl1,0.84,225,2,1,2,1,0,1,0
febrl1,0.84,452,2,1,2,1,0,1,0
febrl1,0.84,67,2,1,2,1,0,1,0
febrl1,0.84,286,2,1,2,1,0,1,0
febrl1,0.84,251,2,1,2,1,0,1,0
febrl1,0.84,335,2,1,2,1,0,1,0
febrl1,0.84,439,2,1,2,1,0,1,0
febrl1,0.84,409,2,2,2,2,0,2,0
febrl1,0.84,125,2,1,2,1,0,1,0
febrl1,0.84,70,2,1,2,1,0,1,0
febrl1,0.84,145,2,1,2,1,0,1,0
febrl1,0.84,73,2,1,2,1,0,1,0
febrl1,0.84,284,2,1,2,1,0,1,0
febrl1,0.84,186,2,1,2,1,0,1,0
febrl1,0.84,58,2,1,2,1,0,1,0
febrl1,0.84,381,2,1,2,1,0,1,0
febrl1,0.84,305,2,1,2,1,0,1,0
febrl1,0.84,149,2,2,2,2,0,2,0
febrl1,0.84,140,2,1,2,1,0,1,0
febrl1,0.84,364,2,1,2,1,0,1,0
febrl1,0.84,361,2,1,2,1,0,1,0
febrl1,0.84,23,2,1,2,1,0,1,0
febrl1,0.84,254,2,2,2,2,0,2,0
febrl1,0.84,173,2,1,2,1,0,1,0
febrl1,0.84,456,2,1,2,1,0,1,0
febrl1,0.84,403,2,1,2,1,0,1,0
febrl1,0.84,382,2,1,2,1,0,1,0
febrl1,0.84,320,2,1,2,1,0,1,0
febrl1,0.84,167,2,1,2,1,0,1,0
febrl1,0.84,419,2,1,2,1,0,1,0
febrl1,0.84,262,2,1,2,1,0,1,0
febrl1,0.84,91,2,2,2,2,0,2,0
febrl1,0.84,19,2,1,2,1,0,1,0
febrl1,0.84,78,2,1,2,1,0,1,0
febrl1,0.84,440,2,1,2,1,0,1,0
febrl1,0.84,350,2,1,2,1,0,1,0
febrl1,0.84,113,2,1,2,1,0,1,0
febrl1,0.84,291,2,1,2,1,0,1,0
febrl1,0.84,370,2,1,2,1,0,1,0
febrl1,0.84,152,2,1,2,1,0,1,0
febrl1,0.84,99,2,1,2,1,0,1,0
febrl1,0.84,32,2,1,2,1,0,1,0
febrl1,0.84,77,2,1,2,1,0,1,0
febrl1,0.84,183,2,1,2,1,0,1,0
febrl1,0.84,383,2,1,2,1,0,1,0
febrl1,0.84,179,2,1,2,1,0,1,0
febrl1,0.84,68,2,1,2,1,0,1,0
febrl1,0.84,385,2,1,2,1,0,1,0
febrl1,0.84,464,2,1,2,1,0,1,0
febrl1,0.84,482,2,1,2,1,0,1,0
febrl1,0.84,351,2,1,2,1,0,1,0
febrl1,0.84,287,2,1,2,1,0,1,0
febrl1,0.84,302,2,1,2,1,0,1,0
febrl1,0.84,457,2,1,2,1,0,1,0
febrl1,0.84,94,2,1,2,1,0,1,0
febrl1,0.84,102,2,2,2,2,0,2,0
febrl1,0.84,490,2,1,2,1,0,1,0
febrl1,0.84,449,2,2,2,2,0,2,0
febrl1,0.84,172,2,1,2,1,0,1,0
febrl1,0.84,323,2,1,2,1,0,1,0
febrl1,0.84,484,2,1,2,1,0,1,0
febrl1,0.84,312,2,1,2,1,0,1,0
febrl1,0.84,69,2,1,2,1,0,1,0
febrl1,0.84,157,2,1,2,1,0,1,0
febrl1,0.84,280,2,1,2,1,0,1,0
febrl1,0.84,187,2,1,2,1,0,1,0
febrl1,0.84,232,2,1,2,1,0,1,0
febrl1,0.84,133,2,2,2,2,0,2,0
febrl1,0.84,128,2,1,2,1,0,1,0
febrl1,0.84,250,2,1,2,1,0,1,0
febrl1,0.84,483,2,1,2,1,0,1,0
febrl1,0.84,218,2,2,2,2,0,2,0
febrl1,0.84,338,2,1,2,1,0,1,0
febrl1,0.84,486,2,1,2,1,0,1,0
febrl1,0.84,420,2,1,2,1,0,1,0
febrl1,0.84,333,2,2,2,2,0,2,0
febrl1,0.84,401,2,2,2,2,0,2,0
febrl1,0.84,61,2,1,2,1,0,1,0
febrl1,0.84,432,2,1,2,1,0,1,0
febrl1,0.84,428,2,1,2,1,0,1,0
febrl1,0.84,38,2,1,2,1,0,1,0
febrl1,0.84,480,2,1,2,1,0,1,0
febrl1,0.84,199,2,1,2,1,0,1,0
febrl1,0.84,17,2,1,2,1,0,1,0
febrl1,0.84,162,2,1,2,1,0,1,0
febrl1,0.84,62,2,1,2,1,0,1,0
febrl1,0.84,181,2,1,2,1,0,1,0
febrl1,0.84,307,2,2,2,2,0,2,0
febrl1,0.84,271,2,1,2,1,0,1,0
febrl1,0.84,418,2,1,2,1,0,1,0
febrl1,0.84,130,2,1,2,1,0,1,0
febrl1,0.84,44,2,2,2,2,0,2,0
febrl1,0.84,138,2,1,2,1,0,1,0
febrl1,0.84,165,2,1,2,1,0,1,0
febrl1,0.84,203,2,1,2,1,0,1,0
febrl1,0.84,22,2,2,2,2,0,2,0
febrl1,0.84,85,2,2,2,2,0,2,0
febrl1,0.84,316,2,1,2,1,0,1,0
febrl1,0.84,279,2,1,2,1,0,1,0
febrl1,0.84,108,2,1,2,1,0,1,0
febrl1,0.84,325,2,1,2,1,0,1,0
febrl1,0.84,384,2,1,2,1,0,1,0
febrl1,0.84,274,2,1,2,1,0,1,0
febrl1,0.84,261,2,1,2,1,0,1,0
febrl1,0.84,207,2,1,2,1,0,1,0
febrl1,0.84,339,2,1,2,1,0,1,0
febrl1,0.84,224,2,1,2,1,0,1,0
febrl1,0.84,196,2,1,2,1,0,1,0
febrl1,0.84,283,2,1,2,1,0,1,0
febrl1,0.84,243,2,1,2,1,0,1,0
febrl1,0.84,258,2,1,2,1,0,1,0
febrl1,0.84,229,2,1,2,1,0,1,0
febrl1,0.84,247,2,1,2,1,0,1,0
febrl1,0.84,89,2,1,2,1,0,1,0
febrl1,0.84,394,2,2,2,2,0,2,0
febrl1,0.84,82,2,1,2,1,0,1,0
febrl1,0.84,444,2,1,2,1,0,1,0
febrl1,0.84,147,2,1,2,1,0,1,0
febrl1,0.84,178,2,1,2,1,0,1,0
febrl1,0.84,239,2,1,2,1,0,1,0
febrl1,0.84,240,2,1,2,1,0,1,0
febrl1,0.84,3,2,2,2,2,0,2,0
febrl1,0.84,154,2,1,2,1,0,1,0
febrl1,0.84,53,2,1,2,1,0,1,0
febrl1,0.84,417,2,1,2,1,0,1,0
febrl1,0.84,313,2,1,2,1,0,1,0
febrl1,0.84,468,2,1,2,1,0,1,0
febrl1,0.84,182,2,1,2,1,0,1,0
febrl1,0.84,26,2,1,2,1,0,1,0
febrl1,0.84,202,2,1,2,1,0,1,0
febrl1,0.84,30,2,1,2,1,0,1,0
febrl1,0.84,92,2,1,2,1,0,1,0
febrl1,0.84,136,2,1,2,1,0,1,0
febrl1,0.84,13,2,1,2,1,0,1,0
febrl1,0.84,492,2,2,2,2,0,2,0
febrl1,0.84,143,2,1,2,1,0,1,0
febrl1,0.84,118,2,1,2,1,0,1,0
febrl1,0.84,290,2,1,2,1,0,1,0
febrl1,0.84,31,2,1,2,1,0,1,0
febrl1,0.84,141,2,1,2,1,0,1,0
febrl1,0.84,485,2,1,2,1,0,1,0
febrl1,0.84,18,2,1,2,1,0,1,0
febrl1,0.84,346,2,1,2,1,0,1,0
febrl1,0.84,304,2,1,2,1,0,1,0
febrl1,0.84,471,2,1,2,1,0,1,0
febrl1,0.84,105,2,1,2,1,0,1,0
febrl1,0.84,336,2,1,2,1,0,1,0
febrl1,0.84,75,2,1,2,1,0,1,0
febrl1,0.84,166,2,1,2,1,0,1,0
febrl1,0.84,414,2,1,2,1,0,1,0
febrl1,0.84,421,2,2,2,2,0,2,0
febrl1,0.84,159,2,1,2,1,0,1,0
febrl1,0.84,429,2,1,2,1,0,1,0
febrl1,0.84,49,2,1,2,1,0,1,0
febrl1,0.84,301,2,2,2,2,0,2,0
febrl1,0.84,95,2,2,2,2,0,2,0
febrl1,0.84,263,2,1,2,1,0,1,0
febrl1,0.84,156,2,1,2,1,0,1,0
febrl1,0.84,453,2,1,2,1,0,1,0
febrl1,0.84,481,2,1,2,1,0,1,0
febrl1,0.84,210,2,1,2,1,0,1,0
febrl1,0.84,317,2,1,2,1,0,1,0
febrl1,0.84,255,2,1,2,1,0,1,0
febrl1,0.84,150,2,1,2,1,0,1,0
febrl1,0.84,65,2,2,2,2,0,2,0
febrl1,0.84,60,2,1,2,1,0,1,0
febrl1,0.84,28,2,1,2,1,0,1,0
febrl1,0.84,404,2,1,2,1,0,1,0
febrl1,0.84,127,2,1,2,1,0,1,0
febrl1,0.84,450,2,1,2,1,0,1,0
febrl1,0.84,278,2,1,2,1,0,1,0
febrl1,0.84,276,2,1,2,1,0,1,0
febrl1,0.84,109,2,1,2,1,0,1,0
febrl1,0.84,42,2,1,2,1,0,1,0
febrl1,0.84,155,2,1,2,1,0,1,0
febrl1,0.84,228,2,1,2,1,0,1,0
febrl1,0.84,244,2,1,2,1,0,1,0
febrl1,0.84,249,2,1,2,1,0,1,0
febrl1,0.84,372,2,1,2,1,0,1,0
febrl1,0.84,1,2,1,2,1,0,1,0
febrl1,0.84,71,2,1,2,1,0,1,0
febrl1,0.84,170,2,2,2,2,0,2,0
febrl1,0.84,33,2,1,2,1,0,1,0
febrl1,0.84,395,2,1,2,1,0,1,0
febrl1,0.84,246,2,2,2,2,0,2,0
febrl1,0.84,329,2,1,2,1,0,1,0
febrl1,0.84,455,2,1,2,1,0,1,0
febrl1,0.84,332,2,2,2,2,0,2,0
febrl1,0.84,241,2,1,2,1,0,1,0
febrl1,0.84,475,2,1,2,1,0,1,0
febrl1,0.84,488,2,1,2,1,0,1,0
febrl1,0.84,134,2,2,2,2,0,2,0
febrl1,0.84,177,2,2,2,2,0,2,0
febrl1,0.84,357,2,1,2,1,0,1,0
febrl1,0.84,120,2,1,2,1,0,1,0
febrl1,0.84,245,2,1,2,1,0,1,0
febrl1,0.84,27,2,1,2,1,0,1,0
febrl1,0.84,98,2,1,2,1,0,1,0
febrl1,0.84,285,2,1,2,1,0,1,0
febrl1,0.84,292,2,1,2,1,0,1,0
febrl1,0.84,213,2,2,2,2,0,2,0
febrl1,0.84,41,2,1,2,1,0,1,0
febrl1,0.84,43,2,1,2,1,0,1,0
febrl1,0.84,389,2,1,2,1,0,1,0
febrl1,0.84,160,2,1,2,1,0,1,0
febrl1,0.84,115,2,1,2,1,0,1,0
febrl1,0.84,56,2,1,2,1,0,1,0
febrl1,0.84,360,2,1,2,1,0,1,0
febrl1,0.84,324,2,1,2,1,0,1,0
febrl1,0.84,314,2,1,2,1,0,1,0
febrl1,0.84,231,2,1,2,1,0,1,0
febrl1,0.84,303,2,1,2,1,0,1,0
febrl1,0.84,36,2,1,2,1,0,1,0
febrl1,0.84,40,2,1,2,1,0,1,0
febrl1,0.84,322,2,1,2,1,0,1,0
febrl1,0.84,425,2,2,2,2,0,2,0
febrl1,0.84,293,2,1,2,1,0,1,0
febrl1,0.84,110,2,1,2,1,0,1,0
febrl1,0.84,334,2,1,2,1,0,1,0
febrl1,0.84,270,2,1,2,1,0,1,0
febrl1,0.84,47,2,1,2,1,0,1,0
febrl1,0.84,470,2,1,2,1,0,1,0
febrl1,0.84,214,2,1,2,1,0,1,0
febrl1,0.84,221,2,1,2,1,0,1,0
febrl1,0.84,79,2,1,2,1,0,1,0
febrl1,0.84,198,2,1,2,1,0,1,0
febrl1,0.84,375,2,1,2,1,0,1,0
febrl1,0.84,45,2,1,2,1,0,1,0
febrl1,0.84,230,2,1,2,1,0,1,0
febrl1,0.84,168,2,1,2,1,0,1,0
febrl1,0.84,465,2,1,2,1,0,1,0
febrl1,0.84,443,2,1,2,1,0,1,0
febrl1,0.84,359,2,1,2,1,0,1,0
febrl1,0.84,352,2,1,2,1,0,1,0
febrl1,0.84,204,2,1,2,1,0,1,0
febrl1,0.84,219,2,1,2,1,0,1,0
febrl1,0.84,306,2,2,2,2,0,2,0
febrl1,0.84,54,2,1,2,1,0,1,0
febrl1,0.84,63,2,1,2,1,0,1,0
febrl1,0.84,86,2,1,2,1,0,1,0
febrl1,0.84,497,2,1,2,1,0,1,0
febrl1,0.84,412,2,1,2,1,0,1,0
febrl1,0.84,197,2,1,2,1,0,1,0
febrl1,0.84,59,2,1,2,1,0,1,0
febrl1,0.84,66,2,1,2,1,0,1,0
febrl1,0.84,248,2,1,2,1,0,1,0
febrl1,0.84,29,2,1,2,1,0,1,0
febrl1,0.84,72,2,2,2,2,0,2,0
febrl1,0.84,76,2,1,2,1,0,1,0
febrl1,0.84,331,2,1,2,1,0,1,0
febrl1,0.84,479,2,1,2,1,0,1,0
febrl1,0.84,158,2,2,2,2,0,2,0
febrl1,0.84,191,2,1,2,1,0,1,0
febrl1,0.84,495,2,1,2,1,0,1,0
febrl1,0.84,200,2,1,2,1,0,1,0
febrl1,0.84,473,2,2,2,2,0,2,0
febrl1,0.84,101,2,1,2,1,0,1,0
febrl1,0.84,9,2,1,2,1,0,1,0
febrl1,0.84,235,2,2,2,2,0,2,0
febrl1,0.84,21,2,1,2,1,0,1,0
febrl1,0.84,374,2,1,2,1,0,1,0
febrl1,0.84,161,2,1,2,1,0,1,0
febrl1,0.84,114,2,1,2,1,0,1,0
febrl1,0.84,438,2,1,2,1,0,1,0
febrl1,0.84,93,2,2,2,2,0,2,0
febrl1,0.84,348,2,1,2,1,0,1,0
febrl1,0.84,24,2,1,2,1,0,1,0
febrl1,0.84,142,2,1,2,1,0,1,0
febrl1,0.84,469,2,2,2,2,0,2,0
febrl1,0.84,137,2,1,2,1,0,1,0
febrl1,0.84,256,2,1,2,1,0,1,0
febrl1,0.84,379,2,1,2,1,0,1,0
febrl1,0.84,135,2,1,2,1,0,1,0
febrl1,0.84,39,2,1,2,1,0,1,0
febrl1,0.84,356,2,1,2,1,0,1,0
febrl1,0.84,467,2,1,2,1,0,1,0
febrl1,0.84,257,2,1,2,1,0,1,0
febrl1,0.84,192,2,2,2,2,0,2,0
febrl1,0.84,326,2,1,2,1,0,1,0
febrl1,0.84,220,2,2,2,2,0,2,0
febrl1,0.84,139,2,1,2,1,0,1,0
febrl1,0.84,74,2,2,2,2,0,2,0
febrl1,0.84,253,2,1,2,1,0,1,0
febrl1,0.84,153,2,1,2,1,0,1,0
febrl1,0.84,15,2,1,2,1,0,1,0
febrl1,0.84,378,2,1,2,1,0,1,0
febrl1,0.84,387,2,1,2,1,0,1,0
febrl1,0.84,466,2,1,2,1,0,1,0
febrl1,0.84,424,2,1,2,1,0,1,0
febrl1,0.84,84,2,1,2,1,0,1,0
febrl1,0.84,297,2,1,2,1,0,1,0
febrl1,0.84,459,2,1,2,1,0,1,0
febrl1,0.84,436,2,1,2,1,0,1,0
febrl1,0.84,50,2,1,2,1,0,1,0
febrl1,0.84,96,2,1,2,1,0,1,0
febrl1,0.84,216,2,1,2,1,0,1,0
febrl1,0.84,295,2,1,2,1,0,1,0
febrl1,0.84,362,2,1,2,1,0,1,0
febrl1,0.84,386,2,1,2,1,0,1,0
febrl1,0.84,116,2,2,2,2,0,2,0
febrl1,0.84,277,2,1,2,1,0,1,0
febrl1,0.84,447,2,1,2,1,0,1,0
febrl1,0.84,337,2,1,2,1,0,1,0
febrl1,0.84,119,2,1,2,1,0,1,0
febrl1,0.84,266,2,1,2,1,0,1,0
febrl1,0.84,211,2,1,2,1,0,1,0
febrl1,0.84,124,2,1,2,1,0,1,0
febrl1,0.84,461,2,1,2,1,0,1,0
febrl1,0.84,51,2,1,2,1,0,1,0
febrl1,0.84,269,2,1,2,1,0,1,0
febrl1,0.84,393,2,1,2,1,0,1,0
febrl1,0.84,169,2,1,2,1,0,1,0
febrl1,0.84,390,2,1,2,1,0,1,0
febrl1,0.84,288,2,1,2,1,0,1,0
febrl1,0.84,423,2,1,2,1,0,1,0
febrl1,0.84,80,2,1,2,1,0,1,0
febrl1,0.84,215,2,1,2,1,0,1,0
febrl1,0.84,411,2,1,2,1,0,1,0
febrl1,0.84,354,2,1,2,1,0,1,0
febrl1,0.84,112,2,1,2,1,0,1,0
febrl1,0.84,445,2,1,2,1,0,1,0
febrl1,0.84,416,2,1,2,1,0,1,0
febrl1,0.84,340,2,2,2,2,0,2,0
febrl1,0.84,275,2,1,2,1,0,1,0
febrl1,0.84,399,2,1,2,1,0,1,0
febrl1,0.84,273,2,2,2,2,0,2,0
febrl1,0.84,209,2,1,2,1,0,1,0
febrl1,0.84,194,2,1,2,1,0,1,0
febrl1,0.84,458,2,1,2,1,0,1,0
febrl1,0.84,448,2,1,2,1,0,1,0
febrl1,0.84,126,2,1,2,1,0,1,0
febrl1,0.84,446,2,1,2,1,0,1,0
febrl1,0.84,163,2,2,2,2,0,2,0
febrl1,0.84,174,2,1,2,1,0,1,0
febrl1,0.84,176,2,1,2,1,0,1,0
febrl1,0.84,131,2,1,2,1,0,1,0
febrl1,0.84,406,2,1,2,1,0,1,0
febrl1,0.84,433,2,2,2,2,0,2,0
febrl1,0.84,434,2,1,2,1,0,1,0
febrl1,0.84,151,2,1,2,1,0,1,0
febrl1,0.84,164,2,1,2,1,0,1,0
febrl1,0.84,451,2,1,2,1,0,1,0
febrl1,0.84,37,2,2,2,2,0,2,0
febrl1,0.84,4,2,1,2,1,0,1,0
febrl1,0.84,330,2,1,2,1,0,1,0
febrl1,0.84,355,2,1,2,1,0,1,0
febrl1,0.84,496,2,1,2,1,0,1,0
febrl1,0.84,268,2,1,2,1,0,1,0
febrl1,0.84,238,2,1,2,1,0,1,0
febrl1,0.84,259,2,1,2,1,0,1,0
febrl1,0.84,426,2,1,2,1,0,1,0
febrl1,0.84,400,2,1,2,1,0,1,0
febrl1,0.84,289,2,1,2,1,0,1,0
febrl1,0.84,397,2,1,2,1,0,1,0
febrl1,0.84,380,2,2,2,2,0,2,0
febrl1,0.84,35,2,1,2,1,0,1,0
febrl1,0.84,442,2,1,2,1,0,1,0
febrl1,0.84,14,2,1,2,1,0,1,0
febrl1,0.84,281,2,1,2,1,0,1,0
febrl1,0.84,388,2,1,2,1,0,1,0
febrl1,0.84,226,2,1,2,1,0,1,0
febrl1,0.84,365,2,1,2,1,0,1,0
febrl1,0.84,296,2,1,2,1,0,1,0
febrl1,0.84,20,2,1,2,1,0,1,0
febrl1,0.84,431,2,1,2,1,0,1,0
febrl1,0.84,111,2,1,2,1,0,1,0
febrl1,0.84,88,2,1,2,1,0,1,0
febrl1,0.84,398,2,2,2,2,0,2,0
febrl1,0.84,171,2,1,2,1,0,1,0
febrl1,0.84,267,2,1,2,1,0,1,0
febrl1,0.84,377,2,1,2,1,0,1,0
febrl1,0.84,472,2,1,2,1,0,1,0
febrl1,0.84,391,2,2,2,2,0,2,0
febrl1,0.84,493,2,1,2,1,0,1,0
febrl1,0.84,396,2,1,2,1,0,1,0
febrl1,0.84,46,2,1,2,1,0,1,0
febrl1,0.84,208,2,1,2,1,0,1,0
febrl1,0.84,476,2,1,2,1,0,1,0
febrl1,0.84,422,2,1,2,1,0,1,0
febrl1,0.84,260,2,1,2,1,0,1,0
febrl1,0.84,363,2,1,2,1,0,1,0
febrl1,0.84,185,2,2,2,2,0,2,0
febrl1,0.84,265,2,1,2,1,0,1,0
febrl1,0.84,175,2,1,2,1,0,1,0
febrl1,0.84,123,2,1,2,1,0,1,0
febrl1,0.84,315,2,1,2,1,0,1,0
febrl1,0.84,435,2,1,2,1,0,1,0
febrl1,0.84,410,2,1,2,1,0,1,0
febrl1,0.84,463,2,1,2,1,0,1,0
febrl1,0.84,366,2,1,2,1,0,1,0
febrl1,0.84,460,2,1,2,1,0,1,0
febrl1,0.84,319,2,1,2,1,0,1,0
febrl1,0.84,237,2,1,2,1,0,1,0
febrl1,0.84,100,2,2,2,2,0,2,0
febrl1,0.84,499,2,1,2,1,0,1,0
febrl1,0.84,189,2,1,2,1,0,1,0
febrl1,0.84,121,2,1,2,1,0,1,0
febrl1,0.84,201,2,1,2,1,0,1,0
febrl1,0.84,342,2,1,2,1,0,1,0
febrl1,0.84,392,2,1,2,1,0,1,0
febrl1,0.84,217,2,1,2,1,0,1,0
febrl1,0.84,212,2,1,2,1,0,1,0
febrl1,0.84,233,2,1,2,1,0,1,0
febrl1,0.84,454,2,1,2,1,0,1,0
febrl1,0.84,0,2,2,2,2,0,2,0
febrl1,0.84,347,2,1,2,1,0,1,0
febrl1,0.84,477,2,1,2,1,0,1,0
febrl1,0.84,11,2,1,2,1,0,1,0
febrl1,0.84,55,2,1,2,1,0,1,0
febrl1,0.84,144,2,1,2,1,0,1,0
febrl1,0.84,369,2,1,2,1,0,1,0
febrl1,0.84,487,2,1,2,1,0,1,0
febrl1,0.84,106,2,2,2,2,0,2,0
febrl1,0.84,441,2,1,2,1,0,1,0
febrl1,0.84,408,2,1,2,1,0,1,0
febrl1,0.84,353,2,1,2,1,0,1,0
febrl1,0.84,413,2,1,2,1,0,1,0
febrl1,0.84,97,2,1,2,1,0,1,0
febrl1,0.84,311,2,1,2,1,0,1,0
febrl1,0.84,327,2,1,2,1,0,1,0
febrl1,0.84,12,2,1,2,1,0,1,0
febrl1,0.84,64,2,1,2,1,0,1,0
febrl1,0.84,188,2,1,2,1,0,1,0
febrl1,0.84,376,2,2,2,2,0,2,0
febrl1,0.84,349,2,1,2,1,0,1,0
febrl1,0.84,272,2,1,2,1,0,1,0
febrl1,0.84,371,2,1,2,1,0,1,0
febrl1,0.84,129,2,1,2,1,0,1,0
febrl1,0.84,462,2,1,2,1,0,1,0
febrl1,0.84,494,2,1,2,1,0,1,0
febrl1,0.84,328,2,1,2,1,0,1,0
febrl1,0.84,358,2,1,2,1,0,1,0
febrl1,0.84,321,2,1,2,1,0,1,0
febrl1,0.84,193,2,2,2,2,0,2,0
febrl1,0.84,234,2,1,2,1,0,1,0
febrl1,0.84,308,2,1,2,1,0,1,0
febrl1,0.84,341,2,1,2,1,0,1,0
febrl1,0.84,148,2,1,2,1,0,1,0
febrl1,0.84,415,2,2,2,2,0,2,0
febrl1,0.84,205,2,1,2,1,0,1,0
febrl1,0.84,57,2,1,2,1,0,1,0
febrl1,0.84,5,2,1,2,1,0,1,0
febrl1,0.84,90,2,1,2,1,0,1,0
febrl1,0.84,407,2,1,2,1,0,1,0
febrl1,0.84,2,2,1,2,1,0,1,0
febrl1,0.84,368,2,1,2,1,0,1,0
febrl1,0.84,405,2,1,2,1,0,1,0
febrl1,0.84,402,2,1,2,1,0,1,0
febrl1,0.84,367,2,1,2,1,0,1,0
febrl1,0.84,103,2,1,2,1,0,1,0
febrl1,0.84,52,2,1,2,1,0,1,0
febrl1,0.84,146,2,1,2,1,0,1,0
febrl1,0.84,195,2,1,2,1,0,1,0
febrl1,0.84,184,2,1,2,1,0,1,0
febrl1,0.84,489,2,1,2,1,0,1,0
febrl1,0.84,252,2,1,2,1,0,1,0
febrl1,0.84,87,2,1,2,1,0,1,0
febrl1,0.84,180,2,1,2,1,0,1,0
febrl1,0.84,300,2,1,2,1,0,1,0
febrl1,0.84,117,2,1,2,1,0,1,0
febrl1,0.84,25,2,1,2,1,0,1,0
febrl1,0.84,343,2,1,2,1,0,1,0
febrl1,0.84,7,2,1,2,1,0,1,0
febrl1,0.84,430,2,1,2,1,0,1,0
febrl1,0.84,48,2,1,2,1,0,1,0
febrl1,0.84,427,2,1,2,1,0,1,0
febrl1,0.84,104,2,1,2,1,0,1,0
febrl1,0.84,310,2,1,2,1,0,1,0
febrl1,0.84,242,2,2,2,2,0,2,0
febrl1,0.84,298,2,1,2,1,0,1,0
febrl1,0.84,345,2,1,2,1,0,1,0
febrl1,0.84,16,2,1,2,1,0,1,0
febrl1,0.84,318,2,1,2,1,0,1,0
febrl1,0.84,437,2,1,2,1,0,1,0
febrl1,0.84,282,2,1,2,1,0,1,0
febrl1,0.84,107,2,1,2,1,0,1,0
febrl1,0.84,309,2,1,2,1,0,1,0
febrl1,0.84,236,2,1,2,1,0,1,0
febrl1,0.84,299,2,1,2,1,0,1,0
febrl1,0.84,491,2,1,2,1,0,1,0
febrl1,0.84,474,2,2,2,2,0,2,0
febrl1,0.84,264,2,1,2,1,0,1,0
febrl1,0.84,132,2,1,2,1,0,1,0
febrl1,0.84,498,2,1,2,1,0,1,0
febrl1,0.84,8,2,1,2,1,0,1,0
febrl1,0.84,222,2,1,2,1,0,1,0
febrl1,0.84,83,2,1,2,1,0,1,0
febrl1,0.88,223,2,1,2,1,0,1,0
febrl1,0.88,122,2,1,2,1,0,1,0
febrl1,0.88,373,2,1,2,1,0,1,0
febrl1,0.88,10,2,1,2,1,0,1,0
febrl1,0.88,227,2,2,2,2,0,2,0
febrl1,0.88,6,2,1,2,1,0,1,0
febrl1,0.88,190,2,1,2,1,0,1,0
febrl1,0.88,294,2,1,2,1,0,1,0
febrl1,0.88,206,2,1,2,1,0,1,0
febrl1,0.88,344,2,2,2,2,0,2,0
febrl1,0.88,81,2,1,2,1,0,1,0
febrl1,0.88,34,2,1,2,1,0,1,0
febrl1,0.88,478,2,2,2,2,0,2,0
febrl1,0.88,225,2,1,2,1,0,1,0
febrl1,0.88,452,2,1,2,1,0,1,0
febrl1,0.88,67,2,1,2,1,0,1,0
febrl1,0.88,286,2,1,2,1,0,1,0
febrl1,0.88,251,2,1,2,1,0,1,0
febrl1,0.88,335,2,1,2,1,0,1,0
febrl1,0.88,439,2,1,2,1,0,1,0
febrl1,0.88,409,2,2,2,2,0,2,0
febrl1,0.88,125,2,1,2,1,0,1,0
febrl1,0.88,70,2,1,2,1,0,1,0
febrl1,0.88,145,2,1,2,1,0,1,0
febrl1,0.88,73,2,1,2,1,0,1,0
febrl1,0.88,284,2,1,2,1,0,1,0
febrl1,0.88,186,2,1,2,1,0,1,0
febrl1,0.88,58,2,1,2,1,0,1,0
febrl1,0.88,381,2,1,2,1,0,1,0
febrl1,0.88,305,2,2,2,2,0,2,0
febrl1,0.88,149,2,2,2,2,0,2,0
febrl1,0.88,140,2,1,2,1,0,1,0
febrl1,0.88,364,2,1,2,1,0,1,0
febrl1,0.88,361,2,1,2,1,0,1,0
febrl1,0.88,23,2,1,2,1,0,1,0
febrl1,0.88,254,2,2,2,2,0,2,0
febrl1,0.88,173,2,1,2,1,0,1,0
febrl1,0.88,456,2,1,2,1,0,1,0
febrl1,0.88,403,2,1,2,1,0,1,0
febrl1,0.88,382,2,1,2,1,0,1,0
febrl1,0.88,320,2,1,2,1,0,1,0
febrl1,0.88,167,2,1,2,1,0,1,0
febrl1,0.88,419,2,1,2,1,0,1,0
febrl1,0.88,262,2,1,2,1,0,1,0
febrl1,0.88,91,2,2,2,2,0,2,0
febrl1,0.88,19,2,1,2,1,0,1,0
febrl1,0.88,78,2,1,2,1,0,1,0
febrl1,0.88,440,2,1,2,1,0,1,0
febrl1,0.88,350,2,1,2,1,0,1,0
febrl1,0.88,113,2,1,2,1,0,1,0
febrl1,0.88,291,2,1,2,1,0,1,0
febrl1,0.88,370,2,1,2,1,0,1,0
febrl1,0.88,152,2,1,2,1,0,1,0
febrl1,0.88,99,2,1,2,1,0,1,0
febrl1,0.88,32,2,1,2,1,0,1,0
febrl1,0.88,77,2,1,2,1,0,1,0
febrl1,0.88,183,2,1,2,1,0,1,0
febrl1,0.88,383,2,1,2,1,0,1,0
febrl1,0.88,179,2,2,2,2,0,2,0
febrl1,0.88,68,2,1,2,1,0,1,0
febrl1,0.88,385,2,1,2,1,0,1,0
febrl1,0.88,464,2,1,2,1,0,1,0
febrl1,0.88,482,2,1,2,1,0,1,0
febrl1,0.88,351,2,1,2,1,0,1,0
febrl1,0.88,287,2,1,2,1,0,1,0
febrl1,0.88,302,2,1,2,1,0,1,0
febrl1,0.88,457,2,1,2,1,0,1,0
febrl1,0.88,94,2,1,2,1,0,1,0
febrl1,0.88,102,2,2,2,2,0,2,0
febrl1,0.88,490,2,1,2,1,0,1,0
febrl1,0.88,449,2,2,2,2,0,2,0
febrl1,0.88,172,2,1,2,1,0,1,0
febrl1,0.88,323,2,2,2,2,0,2,0
febrl1,0.88,484,2,1,2,1,0,1,0
febrl1,0.88,312,2,1,2,1,0,1,0
febrl1,0.88,69,2,1,2,1,0,1,0
febrl1,0.88,157,2,1,2,1,0,1,0
febrl1,0.88,280,2,1,2,1,0,1,0
febrl1,0.88,187,2,1,2,1,0,1,0
febrl1,0.88,232,2,1,2,1,0,1,0
febrl1,0.88,133,2,2,2,2,0,2,0
febrl1,0.88,128,2,1,2,1,0,1,0
febrl1,0.88,250,2,1,2,1,0,1,0
febrl1,0.88,483,2,1,2,1,0,1,0
febrl1,0.88,218,2,2,2,2,0,2,0
febrl1,0.88,338,2,1,2,1,0,1,0
febrl1,0.88,486,2,1,2,1,0,1,0
febrl1,0.88,420,2,1,2,1,0,1,0
febrl1,0.88,333,2,2,2,2,0,2,0
febrl1,0.88,401,2,2,2,2,0,2,0
febrl1,0.88,61,2,1,2,1,0,1,0
febrl1,0.88,432,2,1,2,1,0,1,0
febrl1,0.88,428,2,1,2,1,0,1,0
febrl1,0.88,38,2,1,2,1,0,1,0
febrl1,0.88,480,2,1,2,1,0,1,0
febrl1,0.88,199,2,1,2,1,0,1,0
febrl1,0.88,17,2,1,2,1,0,1,0
febrl1,0.88,162,2,1,2,1,0,1,0
febrl1,0.88,62,2,1,2,1,0,1,0
febrl1,0.88,181,2,1,2,1,0,1,0
febrl1,0.88,307,2,2,2,2,0,2,0
febrl1,0.88,271,2,1,2,1,0,1,0
febrl1,0.88,418,2,2,2,2,0,2,0
febrl1,0.88,130,2,1,2,1,0,1,0
febrl1,0.88,44,2,2,2,2,0,2,0
febrl1,0.88,138,2,1,2,1,0,1,0
febrl1,0.88,165,2,1,2,1,0,1,0
febrl1,0.88,203,2,1,2,1,0,1,0
febrl1,0.88,22,2,2,2,2,0,2,0
febrl1,0.88,85,2,2,2,2,0,2,0
febrl1,0.88,316,2,1,2,1,0,1,0
febrl1,0.88,279,2,1,2,1,0,1,0
febrl1,0.88,108,2,1,2,1,0,1,0
febrl1,0.88,325,2,1,2,1,0,1,0
febrl1,0.88,384,2,1,2,1,0,1,0
febrl1,0.88,274,2,1,2,1,0,1,0
febrl1,0.88,261,2,1,2,1,0,1,0
febrl1,0.88,207,2,1,2,1,0,1,0
febrl1,0.88,339,2,1,2,1,0,1,0
febrl1,0.88,224,2,1,2,1,0,1,0
febrl1,0.88,196,2,1,2,1,0,1,0
febrl1,0.88,283,2,1,2,1,0,1,0
febrl1,0.88,243,2,1,2,1,0,1,0
febrl1,0.88,258,2,2,2,2,0,2,0
febrl1,0.88,229,2,1,2,1,0,1,0
febrl1,0.88,247,2,1,2,1,0,1,0
febrl1,0.88,89,2,1,2,1,0,1,0
febrl1,0.88,394,2,2,2,2,0,2,0
febrl1,0.88,82,2,1,2,1,0,1,0
febrl1,0.88,444,2,1,2,1,0,1,0
febrl1,0.88,147,2,1,2,1,0,1,0
febrl1,0.88,178,2,1,2,1,0,1,0
febrl1,0.88,239,2,1,2,1,0,1,0
febrl1,0.88,240,2,1,2,1,0,1,0
febrl1,0.88,3,2,2,2,2,0,2,0
febrl1,0.88,154,2,1,2,1,0,1,0
febrl1,0.88,53,2,1,2,1,0,1,0
febrl1,0.88,417,2,1,2,1,0,1,0
febrl1,0.88,313,2,1,2,1,0,1,0
febrl1,0.88,468,2,1,2,1,0,1,0
febrl1,0.88,182,2,1,2,1,0,1,0
febrl1,0.88,26,2,1,2,1,0,1,0
febrl1,0.88,202,2,1,2,1,0,1,0
febrl1,0.88,30,2,1,2,1,0,1,0
febrl1,0.88,92,2,1,2,1,0,1,0
febrl1,0.88,136,2,1,2,1,0,1,0
febrl1,0.88,13,2,1,2,1,0,1,0
febrl1,0.88,492,2,2,2,2,0,2,0
febrl1,0.88,143,2,1,2,1,0,1,0
febrl1,0.88,118,2,1,2,1,0,1,0
febrl1,0.88,290,2,1,2,1,0,1,0
febrl1,0.88,31,2,1,2,1,0,1,0
febrl1,0.88,141,2,1,2,1,0,1,0
febrl1,0.88,485,2,1,2,1,0,1,0
febrl1,0.88,18,2,1,2,1,0,1,0
febrl1,0.88,346,2,1,2,1,0,1,0
febrl1,0.88,304,2,1,2,1,0,1,0
febrl1,0.88,471,2,1,2,1,0,1,0
febrl1,0.88,105,2,1,2,1,0,1,0
febrl1,0.88,336,2,1,2,1,0,1,0
febrl1,0.88,75,2,1,2,1,0,1,0
febrl1,0.88,166,2,1,2,1,0,1,0
febrl1,0.88,414,2,1,2,1,0,1,0
febrl1,0.88,421,2,2,2,2,0,2,0
febrl1,0.88,159,2,1,2,1,0,1,0
febrl1,0.88,429,2,1,2,1,0,1,0
febrl1,0.88,49,2,1,2,1,0,1,0
febrl1,0.88,301,2,2,2,2,0,2,0
febrl1,0.88,95,2,2,2,2,0,2,0
febrl1,0.88,263,2,1,2,1,0,1,0
febrl1,0.88,156,2,1,2,1,0,1,0
febrl1,0.88,453,2,1,2,1,0,1,0
febrl1,0.88,481,2,1,2,1,0,1,0
febrl1,0.88,210,2,1,2,1,0,1,0
febrl1,0.88,317,2,1,2,1,0,1,0
febrl1,0.88,255,2,1,2,1,0,1,0
febrl1,0.88,150,2,1,2,1,0,1,0
febrl1,0.88,65,2,2,2,2,0,2,0
febrl1,0.88,60,2,1,2,1,0,1,0
febrl1,0.88,28,2,1,2,1,0,1,0
febrl1,0.88,404,2,1,2,1,0,1,0
febrl1,0.88,127,2,1,2,1,0,1,0
febrl1,0.88,450,2,1,2,1,0,1,0
febrl1,0.88,278,2,1,2,1,0,1,0
febrl1,0.88,276,2,1,2,1,0,1,0
febrl1,0.88,109,2,1,2,1,0,1,0
febrl1,0.88,42,2,2,2,2,0,2,0
febrl1,0.88,155,2,1,2,1,0,1,0
febrl1,0.88,228,2,1,2,1,0,1,0
febrl1,0.88,244,2,1,2,1,0,1,0
febrl1,0.88,249,2,1,2,1,0,1,0
febrl1,0.88,372,2,1,2,1,0,1,0
febrl1,0.88,1,2,1,2,1,0,1,0
febrl1,0.88,71,2,1,2,1,0,1,0
febrl1,0.88,170,2,2,2,2,0,2,0
febrl1,0.88,33,2,1,2,1,0,1,0
febrl1,0.88,395,2,1,2,1,0,1,0
febrl1,0.88,246,2,2,2,2,0,2,0
febrl1,0.88,329,2,1,2,1,0,1,0
febrl1,0.88,455,2,1,2,1,0,1,0
febrl1,0.88,332,2,2,2,2,0,2,0
febrl1,0.88,241,2,1,2,1,0,1,0
febrl1,0.88,475,2,1,2,1,0,1,0
febrl1,0.88,488,2,1,2,1,0,1,0
febrl1,0.88,134,2,2,2,2,0,2,0
febrl1,0.88,177,2,2,2,2,0,2,0
febrl1,0.88,357,2,1,2,1,0,1,0
febrl1,0.88,120,2,1,2,1,0,1,0
febrl1,0.88,245,2,1,2,1,0,1,0
febrl1,0.88,27,2,1,2,1,0,1,0
febrl1,0.88,98,2,1,2,1,0,1,0
febrl1,0.88,285,2,1,2,1,0,1,0
febrl1,0.88,292,2,1,2,1,0,1,0
febrl1,0.88,213,2,2,2,2,0,2,0
febrl1,0.88,41,2,1,2,1,0,1,0
febrl1,0.88,43,2,1,2,1,0,1,0
febrl1,0.88,389,2,1,2,1,0,1,0
febrl1,0.88,160,2,1,2,1,0,1,0
febrl1,0.88,115,2,1,2,1,0,1,0
febrl1,0.88,56,2,1,2,1,0,1,0
febrl1,0.88,360,2,1,2,1,0,1,0
febrl1,0.88,324,2,1,2,1,0,1,0
febrl1,0.88,314,2,1,2,1,0,1,0
febrl1,0.88,231,2,1,2,1,0,1,0
febrl1,0.88,303,2,1,2,1,0,1,0
febrl1,0.88,36,2,1,2,1,0,1,0
febrl1,0.88,40,2,1,2,1,0,1,0
febrl1,0.88,322,2,1,2,1,0,1,0
febrl1,0.88,425,2,2,2,2,0,2,0
febrl1,0.88,293,2,1,2,1,0,1,0
febrl1,0.88,110,2,1,2,1,0,1,0
febrl1,0.88,334,2,1,2,1,0,1,0
febrl1,0.88,270,2,1,2,1,0,1,0
febrl1,0.88,47,2,1,2,1,0,1,0
febrl1,0.88,470,2,1,2,1,0,1,0
febrl1,0.88,214,2,1,2,1,0,1,0
febrl1,0.88,221,2,1,2,1,0,1,0
febrl1,0.88,79,2,1,2,1,0,1,0
febrl1,0.88,198,2,1,2,1,0,1,0
febrl1,0.88,375,2,1,2,1,0,1,0
febrl1,0.88,45,2,1,2,1,0,1,0
febrl1,0.88,230,2,1,2,1,0,1,0
febrl1,0.88,168,2,1,2,1,0,1,0
febrl1,0.88,465,2,1,2,1,0,1,0
febrl1,0.88,443,2,1,2,1,0,1,0
febrl1,0.88,359,2,1,2,1,0,1,0
febrl1,0.88,352,2,1,2,1,0,1,0
febrl1,0.88,204,2,1,2,1,0,1,0
febrl1,0.88,219,2,1,2,1,0,1,0
febrl1,0.88,306,2,2,2,2,0,2,0
febrl1,0.88,54,2,1,2,1,0,1,0
febrl1,0.88,63,2,1,2,1,0,1,0
febrl1,0.88,86,2,1,2,1,0,1,0
febrl1,0.88,497,2,1,2,1,0,1,0
febrl1,0.88,412,2,1,2,1,0,1,0
febrl1,0.88,197,2,1,2,1,0,1,0
febrl1,0.88,59,2,1,2,1,0,1,0
febrl1,0.88,66,2,1,2,1,0,1,0
febrl1,0.88,248,2,1,2,1,0,1,0
febrl1,0.88,29,2,1,2,1,0,1,0
febrl1,0.88,72,2,2,2,2,0,2,0
febrl1,0.88,76,2,1,2,1,0,1,0
febrl1,0.88,331,2,1,2,1,0,1,0
febrl1,0.88,479,2,1,2,1,0,1,0
febrl1,0.88,158,2,2,2,2,0,2,0
febrl1,0.88,191,2,1,2,1,0,1,0
febrl1,0.88,495,2,1,2,1,0,1,0
febrl1,0.88,200,2,1,2,1,0,1,0
febrl1,0.88,473,2,2,2,2,0,2,0
febrl1,0.88,101,2,2,2,2,0,2,0
febrl1,0.88,9,2,1,2,1,0,1,0
febrl1,0.88,235,2,2,2,2,0,2,0
febrl1,0.88,21,2,1,2,1,0,1,0
febrl1,0.88,374,2,1,2,1,0,1,0
febrl1,0.88,161,2,1,2,1,0,1,0
febrl1,0.88,114,2,1,2,1,0,1,0
febrl1,0.88,438,2,1,2,1,0,1,0
febrl1,0.88,93,2,2,2,2,0,2,0
febrl1,0.88,348,2,1,2,1,0,1,0
febrl1,0.88,24,2,1,2,1,0,1,0
febrl1,0.88,142,2,1,2,1,0,1,0
febrl1,0.88,469,2,2,2,2,0,2,0
febrl1,0.88,137,2,1,2,1,0,1,0
febrl1,0.88,256,2,1,2,1,0,1,0
febrl1,0.88,379,2,1,2,1,0,1,0
febrl1,0.88,135,2,1,2,1,0,1,0
febrl1,0.88,39,2,1,2,1,0,1,0
febrl1,0.88,356,2,1,2,1,0,1,0
febrl1,0.88,467,2,1,2,1,0,1,0
febrl1,0.88,257,2,1,2,1,0,1,0
febrl1,0.88,192,2,2,2,2,0,2,0
febrl1,0.88,326,2,1,2,1,0,1,0
febrl1,0.88,220,2,2,2,2,0,2,0
febrl1,0.88,139,2,1,2,1,0,1,0
febrl1,0.88,74,2,2,2,2,0,2,0
febrl1,0.88,253,2,1,2,1,0,1,0
febrl1,0.88,153,2,1,2,1,0,1,0
febrl1,0.88,15,2,1,2,1,0,1,0
febrl1,0.88,378,2,1,2,1,0,1,0
febrl1,0.88,387,2,1,2,1,0,1,0
febrl1,0.88,466,2,1,2,1,0,1,0
febrl1,0.88,424,2,1,2,1,0,1,0
febrl1,0.88,84,2,1,2,1,0,1,0
febrl1,0.88,297,2,1,2,1,0,1,0
febrl1,0.88,459,2,1,2,1,0,1,0
febrl1,0.88,436,2,1,2,1,0,1,0
febrl1,0.88,50,2,1,2,1,0,1,0
febrl1,0.88,96,2,1,2,1,0,1,0
febrl1,0.88,216,2,1,2,1,0,1,0
febrl1,0.88,295,2,1,2,1,0,1,0
febrl1,0.88,362,2,1,2,1,0,1,0
febrl1,0.88,386,2,1,2,1,0,1,0
febrl1,0.88,116,2,2,2,2,0,2,0
febrl1,0.88,277,2,1,2,1,0,1,0
febrl1,0.88,447,2,1,2,1,0,1,0
febrl1,0.88,337,2,1,2,1,0,1,0
febrl1,0.88,119,2,1,2,1,0,1,0
febrl1,0.88,266,2,1,2,1,0,1,0
febrl1,0.88,211,2,1,2,1,0,1,0
febrl1,0.88,124,2,1,2,1,0,1,0
febrl1,0.88,461,2,1,2,1,0,1,0
febrl1,0.88,51,2,1,2,1,0,1,0
febrl1,0.88,269,2,1,2,1,0,1,0
febrl1,0.88,393,2,1,2,1,0,1,0
febrl1,0.88,169,2,2,2,2,0,2,0
febrl1,0.88,390,2,1,2,1,0,1,0
febrl1,0.88,288,2,1,2,1,0,1,0
febrl1,0.88,423,2,1,2,1,0,1,0
febrl1,0.88,80,2,1,2,1,0,1,0
febrl1,0.88,215,2,1,2,1,0,1,0
febrl1,0.88,411,2,1,2,1,0,1,0
febrl1,0.88,354,2,1,2,1,0,1,0
febrl1,0.88,112,2,1,2,1,0,1,0
febrl1,0.88,445,2,1,2,1,0,1,0
febrl1,0.88,416,2,1,2,1,0,1,0
febrl1,0.88,340,2,2,2,2,0,2,0
febrl1,0.88,275,2,1,2,1,0,1,0
febrl1,0.88,399,2,1,2,1,0,1,0
febrl1,0.88,273,2,2,2,2,0,2,0
febrl1,0.88,209,2,1,2,1,0,1,0
febrl1,0.88,194,2,1,2,1,0,1,0
febrl1,0.88,458,2,1,2,1,0,1,0
febrl1,0.88,448,2,1,2,1,0,1,0
febrl1,0.88,126,2,1,2,1,0,1,0
febrl1,0.88,446,2,1,2,1,0,1,0
febrl1,0.88,163,2,2,2,2,0,2,0
febrl1,0.88,174,2,1,2,1,0,1,0
febrl1,0.88,176,2,1,2,1,0,1,0
febrl1,0.88,131,2,1,2,1,0,1,0
febrl1,0.88,406,2,1,2,1,0,1,0
febrl1,0.88,433,2,2,2,2,0,2,0
febrl1,0.88,434,2,1,2,1,0,1,0
febrl1,0.88,151,2,1,2,1,0,1,0
febrl1,0.88,164,2,1,2,1,0,1,0
febrl1,0.88,451,2,1,2,1,0,1,0
febrl1,0.88,37,2,2,2,2,0,2,0
febrl1,0.88,4,2,1,2,1,0,1,0
febrl1,0.88,330,2,1,2,1,0,1,0
febrl1,0.88,355,2,1,2,1,0,1,0
febrl1,0.88,496,2,1,2,1,0,1,0
febrl1,0.88,268,2,1,2,1,0,1,0
febrl1,0.88,238,2,1,2,1,0,1,0
febrl1,0.88,259,2,1,2,1,0,1,0
febrl1,0.88,426,2,1,2,1,0,1,0
febrl1,0.88,400,2,1,2,1,0,1,0
febrl1,0.88,289,2,1,2,1,0,1,0
febrl1,0.88,397,2,1,2,1,0,1,0
febrl1,0.88,380,2,2,2,2,0,2,0
febrl1,0.88,35,2,1,2,1,0,1,0
febrl1,0.88,442,2,1,2,1,0,1,0
febrl1,0.88,14,2,1,2,1,0,1,0
febrl1,0.88,281,2,1,2,1,0,1,0
febrl1,0.88,388,2,1,2,1,0,1,0
febrl1,0.88,226,2,1,2,1,0,1,0
febrl1,0.88,365,2,1,2,1,0,1,0
febrl1,0.88,296,2,1,2,1,0,1,0
febrl1,0.88,20,2,1,2,1,0,1,0
febrl1,0.88,431,2,1,2,1,0,1,0
febrl1,0.88,111,2,1,2,1,0,1,0
febrl1,0.88,88,2,1,2,1,0,1,0
febrl1,0.88,398,2,2,2,2,0,2,0
febrl1,0.88,171,2,1,2,1,0,1,0
febrl1,0.88,267,2,1,2,1,0,1,0
febrl1,0.88,377,2,1,2,1,0,1,0
febrl1,0.88,472,2,1,2,1,0,1,0
febrl1,0.88,391,2,2,2,2,0,2,0
febrl1,0.88,493,2,1,2,1,0,1,0
febrl1,0.88,396,2,1,2,1,0,1,0
febrl1,0.88,46,2,1,2,1,0,1,0
febrl1,0.88,208,2,1,2,1,0,1,0
febrl1,0.88,476,2,1,2,1,0,1,0
febrl1,0.88,422,2,1,2,1,0,1,0
febrl1,0.88,260,2,1,2,1,0,1,0
febrl1,0.88,363,2,1,2,1,0,1,0
febrl1,0.88,185,2,2,2,2,0,2,0
febrl1,0.88,265,2,1,2,1,0,1,0
febrl1,0.88,175,2,1,2,1,0,1,0
febrl1,0.88,123,2,1,2,1,0,1,0
febrl1,0.88,315,2,1,2,1,0,1,0
febrl1,0.88,435,2,1,2,1,0,1,0
febrl1,0.88,410,2,1,2,1,0,1,0
febrl1,0.88,463,2,1,2,1,0,1,0
febrl1,0.88,366,2,1,2,1,0,1,0
febrl1,0.88,460,2,1,2,1,0,1,0
febrl1,0.88,319,2,1,2,1,0,1,0
febrl1,0.88,237,2,1,2,1,0,1,0
febrl1,0.88,100,2,2,2,2,0,2,0
febrl1,0.88,499,2,1,2,1,0,1,0
febrl1,0.88,189,2,1,2,1,0,1,0
febrl1,0.88,121,2,1,2,1,0,1,0
febrl1,0.88,201,2,1,2,1,0,1,0
febrl1,0.88,342,2,1,2,1,0,1,0
febrl1,0.88,392,2,1,2,1,0,1,0
febrl1,0.88,217,2,1,2,1,0,1,0
febrl1,0.88,212,2,1,2,1,0,1,0
febrl1,0.88,233,2,1,2,1,0,1,0
febrl1,0.88,454,2,1,2,1,0,1,0
febrl1,0.88,0,2,2,2,2,0,2,0
febrl1,0.88,347,2,1,2,1,0,1,0
febrl1,0.88,477,2,1,2,1,0,1,0
febrl1,0.88,11,2,2,2,2,0,2,0
febrl1,0.88,55,2,1,2,1,0,1,0
febrl1,0.88,144,2,1,2,1,0,1,0
febrl1,0.88,369,2,1,2,1,0,1,0
febrl1,0.88,487,2,1,2,1,0,1,0
febrl1,0.88,106,2,2,2,2,0,2,0
febrl1,0.88,441,2,1,2,1,0,1,0
febrl1,0.88,408,2,1,2,1,0,1,0
febrl1,0.88,353,2,1,2,1,0,1,0
febrl1,0.88,413,2,1,2,1,0,1,0
febrl1,0.88,97,2,1,2,1,0,1,0
febrl1,0.88,311,2,1,2,1,0,1,0
febrl1,0.88,327,2,1,2,1,0,1,0
febrl1,0.88,12,2,1,2,1,0,1,0
febrl1,0.88,64,2,1,2,1,0,1,0
febrl1,0.88,188,2,1,2,1,0,1,0
febrl1,0.88,376,2,2,2,2,0,2,0
febrl1,0.88,349,2,2,2,2,0,2,0
febrl1,0.88,272,2,1,2,1,0,1,0
febrl1,0.88,371,2,1,2,1,0,1,0
febrl1,0.88,129,2,1,2,1,0,1,0
febrl1,0.88,462,2,1,2,1,0,1,0
febrl1,0.88,494,2,1,2,1,0,1,0
febrl1,0.88,328,2,1,2,1,0,1,0
febrl1,0.88,358,2,1,2,1,0,1,0
febrl1,0.88,321,2,1,2,1,0,1,0
febrl1,0.88,193,2,2,2,2,0,2,0
febrl1,0.88,234,2,1,2,1,0,1,0
febrl1,0.88,308,2,1,2,1,0,1,0
febrl1,0.88,341,2,2,2,2,0,2,0
febrl1,0.88,148,2,1,2,1,0,1,0
febrl1,0.88,415,2,2,2,2,0,2,0
febrl1,0.88,205,2,2,2,2,0,2,0
febrl1,0.88,57,2,2,2,2,0,2,0
febrl1,0.88,5,2,1,2,1,0,1,0
febrl1,0.88,90,2,1,2,1,0,1,0
febrl1,0.88,407,2,1,2,1,0,1,0
febrl1,0.88,2,2,1,2,1,0,1,0
febrl1,0.88,368,2,1,2,1,0,1,0
febrl1,0.88,405,2,1,2,1,0,1,0
febrl1,0.88,402,2,1,2,1,0,1,0
febrl1,0.88,367,2,1,2,1,0,1,0
febrl1,0.88,103,2,1,2,1,0,1,0
febrl1,0.88,52,2,1,2,1,0,1,0
febrl1,0.88,146,2,1,2,1,0,1,0
febrl1,0.88,195,2,2,2,2,0,2,0
febrl1,0.88,184,2,1,2,1,0,1,0
febrl1,0.88,489,2,1,2,1,0,1,0
febrl1,0.88,252,2,1,2,1,0,1,0
febrl1,0.88,87,2,1,2,1,0,1,0
febrl1,0.88,180,2,2,2,2,0,2,0
febrl1,0.88,300,2,1,2,1,0,1,0
febrl1,0.88,117,2,1,2,1,0,1,0
febrl1,0.88,25,2,1,2,1,0,1,0
febrl1,0.88,343,2,1,2,1,0,1,0
febrl1,0.88,7,2,1,2,1,0,1,0
febrl1,0.88,430,2,1,2,1,0,1,0
febrl1,0.88,48,2,1,2,1,0,1,0
febrl1,0.88,427,2,1,2,1,0,1,0
febrl1,0.88,104,2,1,2,1,0,1,0
febrl1,0.88,310,2,1,2,1,0,1,0
febrl1,0.88,242,2,2,2,2,0,2,0
febrl1,0.88,298,2,1,2,1,0,1,0
febrl1,0.88,345,2,1,2,1,0,1,0
febrl1,0.88,16,2,1,2,1,0,1,0
febrl1,0.88,318,2,1,2,1,0,1,0
febrl1,0.88,437,2,1,2,1,0,1,0
febrl1,0.88,282,2,1,2,1,0,1,0
febrl1,0.88,107,2,1,2,1,0,1,0
febrl1,0.88,309,2,1,2,1,0,1,0
febrl1,0.88,236,2,1,2,1,0,1,0
febrl1,0.88,299,2,1,2,1,0,1,0
febrl1,0.88,491,2,1,2,1,0,1,0
febrl1,0.88,474,2,2,2,2,0,2,0
febrl1,0.88,264,2,1,2,1,0,1,0
febrl1,0.88,132,2,1,2,1,0,1,0
febrl1,0.88,498,2,1,2,1,0,1,0
febrl1,0.88,8,2,1,2,1,0,1,0
febrl1,0.88,222,2,1,2,1,0,1,0
febrl1,0.88,83,2,1,2,1,0,1,0
febrl2,0.72,2778,1,1,1,1,0,1,0
febrl2,0.72,712,4,1,4,1,0,1,0
febrl2,0.72,1321,1,1,1,1,0,1,0
febrl2,0.72,3004,1,1,1,1,0,1,0
febrl2,0.72,1384,1,1,1,1,0,1,0
febrl2,0.72,3981,1,1,1,1,0,1,0
febrl2,0.72,916,1,1,1,1,0,1,0
febrl2,0.72,1684,4,1,4,1,0,1,0
febrl2,0.72,63,3,1,3,1,0,1,0
febrl2,0.72,3808,1,1,1,1,0,1,0
febrl2,0.72,112,2,1,2,1,0,1,0
febrl2,0.72,3297,1,1,1,1,0,1,0
febrl2,0.72,1315,1,1,1,1,0,1,0
febrl2,0.72,1050,1,1,1,1,0,1,0
febrl2,0.72,2116,1,1,1,1,0,1,0
febrl2,0.72,3232,1,1,1,1,0,1,0
febrl2,0.72,1900,4,1,4,1,0,1,0
febrl2,0.72,2460,6,1,6,1,0,1,0
febrl2,0.72,3123,2,1,2,1,0,1,0
febrl2,0.72,2166,1,1,1,1,0,1,0
febrl2,0.72,1155,1,1,1,1,0,1,0
febrl2,0.72,1485,1,1,1,1,0,1,0
febrl2,0.72,2852,3,2,3,2,0,2,0
febrl2,0.72,707,1,1,1,1,0,1,0
febrl2,0.72,3499,1,1,1,1,0,1,0
febrl2,0.72,2153,1,1,1,1,0,1,0
febrl2,0.72,1665,5,1,5,1,0,1,0
febrl2,0.72,35,4,1,4,1,0,1,0
febrl2,0.72,78,1,1,1,1,0,1,0
febrl2,0.72,3116,1,1,1,1,0,1,0
febrl2,0.72,3103,1,1,1,1,0,1,0
febrl2,0.72,500,1,1,1,1,0,1,0
febrl2,0.72,3594,1,1,1,1,0,1,0
febrl2,0.72,3552,1,1,1,1,0,1,0
febrl2,0.72,248,1,1,1,1,0,1,0
febrl2,0.72,2564,1,1,1,1,0,1,0
febrl2,0.72,386,3,1,3,1,0,1,0
febrl2,0.72,847,1,1,1,1,0,1,0
febrl2,0.72,1425,1,1,1,1,0,1,0
febrl2,0.72,1428,1,1,1,1,0,1,0
febrl2,0.72,2376,1,1,1,1,0,1,0
febrl2,0.72,901,3,1,4,1,1,2,1
febrl2,0.72,833,3,1,3,1,0,1,0
febrl2,0.72,2499,1,1,1,1,0,1,0
febrl2,0.72,937,1,1,1,1,0,1,0
febrl2,0.72,1372,1,1,1,1,0,1,0
febrl2,0.72,3443,1,1,1,1,0,1,0
febrl2,0.72,685,1,1,1,1,0,1,0
febrl2,0.72,644,2,1,3,1,1,2,1
febrl2,0.72,1728,1,1,1,1,0,1,0
febrl2,0.72,954,3,2,3,2,0,2,0
febrl2,0.72,209,2,2,2,2,0,2,0
febrl2,0.72,401,1,1,1,1,0,1,0
febrl2,0.72,897,1,1,1,1,0,1,0
febrl2,0.72,2647,1,1,1,1,0,1,0
febrl2,0.72,450,1,1,1,1,0,1,0
febrl2,0.72,519,1,1,3,1,1,2,2
febrl2,0.72,444,1,1,1,1,0,1,0
febrl2,0.72,2222,1,1,1,1,0,1,0
febrl2,0.72,313,1,1,1,1,0,1,0
febrl2,0.72,1442,4,1,5,1,1,2,1
febrl2,0.72,3686,1,1,1,1,0,1,0
febrl2,0.72,936,1,1,1,1,0,1,0
febrl2,0.72,3176,1,1,1,1,0,1,0
febrl2,0.72,13,1,1,1,1,0,1,0
febrl2,0.72,968,1,1,1,1,0,1,0
febrl2,0.72,2770,1,1,1,1,0,1,0
febrl2,0.72,669,1,1,1,1,0,1,0
febrl2,0.72,923,2,1,4,1,1,2,2
febrl2,0.72,3641,1,1,1,1,0,1,0
febrl2,0.72,2784,1,1,1,1,0,1,0
febrl2,0.72,3371,1,1,1,1,0,1,0
febrl2,0.72,651,6,1,6,1,0,1,0
febrl2,0.72,3619,1,1,1,1,0,1,0
febrl2,0.72,2777,1,1,1,1,0,1,0
febrl2,0.72,844,1,1,1,1,0,1,0
febrl2,0.72,259,1,1,1,1,0,1,0
febrl2,0.72,1441,1,1,1,1,0,1,0
febrl2,0.72,723,1,1,1,1,0,1,0
febrl2,0.72,1874,1,1,1,1,0,1,0
febrl2,0.72,1496,1,1,2,1,1,2,1
febrl2,0.72,2691,5,1,5,1,0,1,0
febrl2,0.72,892,5,1,5,1,0,1,0
febrl2,0.72,2633,5,1,5,1,0,1,0
febrl2,0.72,874,5,1,5,1,0,1,0
febrl2,0.72,1378,1,1,1,1,0,1,0
febrl2,0.72,891,5,1,6,1,1,2,1
febrl2,0.72,157,1,1,1,1,0,1,0
febrl2,0.72,3574,2,1,2,1,0,1,0
febrl2,0.72,984,1,1,1,1,0,1,0
febrl2,0.72,106,3,1,5,1,1,2,2
febrl2,0.72,442,1,1,1,1,0,1,0
febrl2,0.72,328,1,1,1,1,0,1,0
febrl2,0.72,457,1,1,1,1,0,1,0
febrl2,0.72,1894,5,1,5,1,0,1,0
febrl2,0.72,3042,1,1,1,1,0,1,0
febrl2,0.72,2964,1,1,1,1,0,1,0
febrl2,0.72,203,1,1,1,1,0,1,0
febrl2,0.72,2727,1,1,1,1,0,1,0
febrl2,0.72,294,1,1,1,1,0,1,0
febrl2,0.72,2391,1,1,1,1,0,1,0
febrl2,0.72,1178,1,1,1,1,0,1,0
febrl2,0.72,1166,1,1,1,1,0,1,0
febrl2,0.72,243,1,1,1,1,0,1,0
febrl2,0.72,2131,1,1,1,1,0,1,0
febrl2,0.72,236,2,1,2,1,0,1,0
febrl2,0.72,2889,4,1,4,1,0,1,0
febrl2,0.72,1388,1,1,1,1,0,1,0
febrl2,0.72,3792,1,1,1,1,0,1,0
febrl2,0.72,3277,1,1,1,1,0,1,0
febrl2,0.72,189,1,1,1,1,0,1,0
febrl2,0.72,2627,1,1,1,1,0,1,0
febrl2,0.72,2254,4,1,4,1,0,1,0
febrl2,0.72,3762,1,1,1,1,0,1,0
febrl2,0.72,1211,1,1,1,1,0,1,0
febrl2,0.72,2765,1,1,1,1,0,1,0
febrl2,0.72,1959,1,1,3,1,2,3,2
febrl2,0.72,807,2,1,2,1,0,1,0
febrl2,0.72,1233,1,1,1,1,0,1,0
febrl2,0.72,718,1,1,1,1,0,1,0
febrl2,0.72,3707,4,1,4,1,0,1,0
febrl2,0.72,2439,3,1,3,1,0,1,0
febrl2,0.72,2244,1,1,1,1,0,1,0
febrl2,0.72,813,1,1,1,1,0,1,0
febrl2,0.72,2109,1,1,6,1,2,3,5
febrl2,0.72,1583,1,1,1,1,0,1,0
febrl2,0.72,181,1,1,1,1,0,1,0
febrl2,0.72,843,1,1,1,1,0,1,0
febrl2,0.72,2398,1,1,1,1,0,1,0
febrl2,0.72,3861,1,1,1,1,0,1,0
febrl2,0.72,172,1,1,1,1,0,1,0
febrl2,0.72,3835,1,1,1,1,0,1,0
febrl2,0.72,2925,5,1,5,1,0,1,0
febrl2,0.72,3284,4,1,4,1,0,1,0
febrl2,0.72,3295,1,1,1,1,0,1,0
febrl2,0.72,3316,1,1,1,1,0,1,0
febrl2,0.72,466,2,1,2,1,0,1,0
febrl2,0.72,310,1,1,1,1,0,1,0
febrl2,0.72,3437,1,1,1,1,0,1,0
febrl2,0.72,1591,1,1,1,1,0,1,0
febrl2,0.72,2496,5,1,5,1,0,1,0
febrl2,0.72,2828,1,1,1,1,0,1,0
febrl2,0.72,848,3,1,3,1,0,1,0
febrl2,0.72,3418,1,1,1,1,0,1,0
febrl2,0.72,2837,1,1,1,1,0,1,0
febrl2,0.72,2152,1,1,1,1,0,1,0
febrl2,0.72,596,6,1,6,1,0,1,0
febrl2,0.72,258,1,1,1,1,0,1,0
febrl2,0.72,1478,1,1,1,1,0,1,0
febrl2,0.72,3829,1,1,1,1,0,1,0
febrl2,0.72,3272,6,1,6,1,0,1,0
febrl2,0.72,2961,1,1,1,1,0,1,0
febrl2,0.72,2640,1,1,1,1,0,1,0
febrl2,0.72,242,3,1,3,1,0,1,0
febrl2,0.72,3252,1,1,1,1,0,1,0
febrl2,0.72,3752,2,1,2,1,0,1,0
febrl2,0.72,3606,1,1,1,1,0,1,0
febrl2,0.72,3542,5,1,5,1,0,1,0
febrl2,0.72,88,3,1,3,1,0,1,0
febrl2,0.72,1729,1,1,1,1,0,1,0
febrl2,0.72,3267,1,1,1,1,0,1,0
febrl2,0.72,1430,5,1,5,1,0,1,0
febrl2,0.72,2993,1,1,1,1,0,1,0
febrl2,0.72,3652,3,1,3,1,0,1,0
febrl2,0.72,1855,1,1,1,1,0,1,0
febrl2,0.72,1724,1,1,1,1,0,1,0
febrl2,0.72,232,2,1,2,1,0,1,0
febrl2,0.72,1985,1,1,1,1,0,1,0
febrl2,0.72,858,1,1,1,1,0,1,0
febrl2,0.72,3811,1,1,1,1,0,1,0
febrl2,0.72,2260,1,1,1,1,0,1,0
febrl2,0.72,3914,1,1,1,1,0,1,0
febrl2,0.72,1065,1,1,1,1,0,1,0
febrl2,0.72,1599,1,1,1,1,0,1,0
febrl2,0.72,3833,1,1,1,1,0,1,0
febrl2,0.72,3872,1,1,3,1,2,3,2
febrl2,0.72,3680,1,1,1,1,0,1,0
febrl2,0.72,1356,1,1,1,1,0,1,0
febrl2,0.72,3513,1,1,1,1,0,1,0
febrl2,0.72,3510,1,1,1,1,0,1,0
febrl2,0.72,1662,1,1,1,1,0,1,0
febrl2,0.72,2262,1,1,1,1,0,1,0
febrl2,0.72,814,4,1,4,1,0,1,0
febrl2,0.72,1274,1,1,1,1,0,1,0
febrl2,0.72,704,1,1,1,1,0,1,0
febrl2,0.72,619,1,1,1,1,0,1,0
febrl2,0.72,3956,1,1,1,1,0,1,0
febrl2,0.72,2050,6,2,6,2,0,2,0
febrl2,0.72,2234,2,1,2,1,0,1,0
febrl2,0.72,1781,4,1,4,1,0,1,0
febrl2,0.72,402,1,1,1,1,0,1,0
febrl2,0.72,3495,1,1,1,1,0,1,0
febrl2,0.72,2413,1,1,1,1,0,1,0
febrl2,0.72,3923,1,1,1,1,0,1,0
febrl2,0.72,3029,1,1,1,1,0,1,0
febrl2,0.72,1752,1,1,3,1,1,2,2
febrl2,0.72,2265,1,1,1,1,0,1,0
febrl2,0.72,1312,1,1,1,1,0,1,0
febrl2,0.72,1445,1,1,1,1,0,1,0
febrl2,0.72,2119,4,1,4,1,0,1,0
febrl2,0.72,1785,1,1,1,1,0,1,0
febrl2,0.72,155,1,1,1,1,0,1,0
febrl2,0.72,2236,1,1,1,1,0,1,0
febrl2,0.72,3248,1,1,1,1,0,1,0
febrl2,0.72,2176,1,1,1,1,0,1,0
febrl2,0.72,2645,1,1,1,1,0,1,0
febrl2,0.72,899,1,1,1,1,0,1,0
febrl2,0.72,3314,4,1,5,1,1,2,1
febrl2,0.72,1282,4,1,4,1,0,1,0
febrl2,0.72,3857,1,1,1,1,0,1,0
febrl2,0.72,292,1,1,1,1,0,1,0
febrl2,0.72,1423,1,1,1,1,0,1,0
febrl2,0.72,3558,1,1,1,1,0,1,0
febrl2,0.72,337,1,1,1,1,0,1,0
febrl2,0.72,320,4,1,4,1,0,1,0
febrl2,0.72,237,1,1,1,1,0,1,0
febrl2,0.72,2273,1,1,1,1,0,1,0
febrl2,0.72,1963,1,1,1,1,0,1,0
febrl2,0.72,1854,1,1,1,1,0,1,0
febrl2,0.72,1893,2,1,2,1,0,1,0
febrl2,0.72,2416,1,1,4,1,1,2,3
febrl2,0.72,976,1,1,1,1,0,1,0
febrl2,0.72,2369,1,1,1,1,0,1,0
febrl2,0.72,922,1,1,1,1,0,1,0
febrl2,0.72,1600,1,1,1,1,0,1,0
febrl2,0.72,1687,5,1,5,1,0,1,0
febrl2,0.72,2058,1,1,1,1,0,1,0
febrl2,0.72,3891,3,1,3,1,0,1,0
febrl2,0.72,1433,1,1,1,1,0,1,0
febrl2,0.72,3458,1,1,1,1,0,1,0
febrl2,0.72,3860,1,1,1,1,0,1,0
febrl2,0.72,54,1,1,1,1,0,1,0
febrl2,0.72,1563,1,1,1,1,0,1,0
febrl2,0.72,2276,1,1,1,1,0,1,0
febrl2,0.72,1843,1,1,1,1,0,1,0
febrl2,0.72,274,1,1,1,1,0,1,0
febrl2,0.72,2483,1,1,2,1,1,2,1
febrl2,0.72,633,4,1,4,1,0,1,0
febrl2,0.72,2912,1,1,2,1,1,2,1
febrl2,0.72,2753,1,1,1,1,0,1,0
febrl2,0.72,3562,1,1,1,1,0,1,0
febrl2,0.72,2738,1,1,1,1,0,1,0
febrl2,0.72,2965,1,1,1,1,0,1,0
febrl2,0.72,2733,6,1,6,1,0,1,0
febrl2,0.72,2367,1,1,1,1,0,1,0
febrl2,0.72,534,5,1,5,1,0,1,0
febrl2,0.72,1557,1,1,1,1,0,1,0
febrl2,0.72,623,2,1,2,1,0,1,0
febrl2,0.72,3166,3,1,3,1,0,1,0
febrl2,0.72,107,5,1,5,1,0,1,0
febrl2,0.72,2093,1,1,2,1,1,2,1
febrl2,0.72,3451,1,1,1,1,0,1,0
febrl2,0.72,717,1,1,1,1,0,1,0
febrl2,0.72,3072,1,1,1,1,0,1,0
febrl2,0.72,3947,1,1,1,1,0,1,0
febrl2,0.72,455,6,1,6,1,0,1,0
febrl2,0.72,1080,1,1,1,1,0,1,0
febrl2,0.72,626,3,1,3,1,0,1,0
febrl2,0.72,1706,1,1,1,1,0,1,0
febrl2,0.72,2351,1,1,1,1,0,1,0
febrl2,0.72,2731,3,2,3,2,0,2,0
febrl2,0.72,1592,1,1,1,1,0,1,0
febrl2,0.72,3517,1,1,1,1,0,1,0
febrl2,0.72,182,3,1,3,1,0,1,0
febrl2,0.72,219,1,1,1,1,0,1,0
febrl2,0.72,2745,1,1,1,1,0,1,0
febrl2,0.72,2669,1,1,1,1,0,1,0
febrl2,0.72,6,4,1,4,1,0,1,0
febrl2,0.72,1934,1,1,1,1,0,1,0
febrl2,0.72,859,1,1,1,1,0,1,0
febrl2,0.72,1476,1,1,1,1,0,1,0
febrl2,0.72,2306,1,1,1,1,0,1,0
febrl2,0.72,2630,1,1,1,1,0,1,0
febrl2,0.72,3733,1,1,1,1,0,1,0
febrl2,0.72,2972,1,1,1,1,0,1,0
febrl2,0.72,1908,1,1,1,1,0,1,0
febrl2,0.72,79,1,1,1,1,0,1,0
febrl2,0.72,1109,1,1,1,1,0,1,0
febrl2,0.72,581,1,1,1,1,0,1,0
febrl2,0.72,2406,1,1,1,1,0,1,0
febrl2,0.72,2590,1,1,1,1,0,1,0
febrl2,0.72,1235,1,1,1,1,0,1,0
febrl2,0.72,207,1,1,1,1,0,1,0
febrl2,0.72,201,6,2,6,2,0,2,0
febrl2,0.72,3878,2,1,2,1,0,1,0
febrl2,0.72,1860,1,1,2,1,1,2,1
febrl2,0.72,2249,1,1,1,1,0,1,0
febrl2,0.72,1903,1,1,1,1,0,1,0
febrl2,0.72,985,1,1,1,1,0,1,0
febrl2,0.72,1873,1,1,1,1,0,1,0
febrl2,0.72,3329,1,1,1,1,0,1,0
febrl2,0.72,3214,1,1,1,1,0,1,0
febrl2,0.72,482,2,1,2,1,0,1,0
febrl2,0.72,1152,1,1,1,1,0,1,0
febrl2,0.72,2077,1,1,1,1,0,1,0
febrl2,0.72,3796,1,1,1,1,0,1,0
febrl2,0.72,1304,1,1,1,1,0,1,0
febrl2,0.72,2875,1,1,2,1,1,2,1
febrl2,0.72,2011,1,1,1,1,0,1,0
febrl2,0.72,1200,1,1,1,1,0,1,0
febrl2,0.72,151,3,1,3,1,0,1,0
febrl2,0.72,2845,1,1,1,1,0,1,0
febrl2,0.72,522,1,1,1,1,0,1,0
febrl2,0.72,1383,1,1,1,1,0,1,0
febrl2,0.72,765,1,1,1,1,0,1,0
febrl2,0.72,1670,1,1,1,1,0,1,0
febrl2,0.72,2822,4,1,5,1,1,2,1
febrl2,0.72,698,1,1,1,1,0,1,0
febrl2,0.72,488,1,1,1,1,0,1,0
febrl2,0.72,2618,1,1,1,1,0,1,0
febrl2,0.72,1319,3,1,3,1,0,1,0
febrl2,0.72,1577,1,1,1,1,0,1,0
febrl2,0.72,84,1,1,1,1,0,1,0
febrl2,0.72,3876,1,1,1,1,0,1,0
febrl2,0.72,1711,1,1,1,1,0,1,0
febrl2,0.72,1215,1,1,1,1,0,1,0
febrl2,0.72,3424,1,1,1,1,0,1,0
febrl2,0.72,2800,1,1,1,1,0,1,0
febrl2,0.72,2960,3,1,3,1,0,1,0
febrl2,0.72,2232,1,1,1,1,0,1,0
febrl2,0.72,805,1,1,2,1,1,2,1
febrl2,0.72,1704,1,1,1,1,0,1,0
febrl2,0.72,3367,1,1,1,1,0,1,0
febrl2,0.72,2211,4,1,4,1,0,1,0
febrl2,0.72,3236,3,1,3,1,0,1,0
febrl2,0.72,3588,3,1,3,1,0,1,0
febrl2,0.72,3074,1,1,1,1,0,1,0
febrl2,0.72,3875,3,1,3,1,0,1,0
febrl2,0.72,3932,3,1,3,1,0,1,0
febrl2,0.72,2626,1,1,1,1,0,1,0
febrl2,0.72,1198,1,1,1,1,0,1,0
febrl2,0.72,21,1,1,2,1,1,2,1
febrl2,0.72,1398,1,1,2,1,1,2,1
febrl2,0.72,672,3,1,4,1,1,2,1
febrl2,0.72,3041,1,1,1,1,0,1,0
febrl2,0.72,2874,2,1,2,1,0,1,0
febrl2,0.72,2129,1,1,1,1,0,1,0
febrl2,0.72,582,1,1,1,1,0,1,0
febrl2,0.72,1256,1,1,1,1,0,1,0
febrl2,0.72,1556,1,1,1,1,0,1,0
febrl2,0.72,2014,1,1,1,1,0,1,0
febrl2,0.72,1695,1,1,1,1,0,1,0
febrl2,0.72,1761,1,1,1,1,0,1,0
febrl2,0.72,3639,1,1,1,1,0,1,0
febrl2,0.72,3141,1,1,1,1,0,1,0
febrl2,0.72,3630,1,1,1,1,0,1,0
febrl2,0.72,1308,1,1,1,1,0,1,0
febrl2,0.72,819,5,1,5,1,0,1,0
febrl2,0.72,3251,1,1,1,1,0,1,0
febrl2,0.72,2763,1,1,2,1,1,2,1
febrl2,0.72,1204,1,1,1,1,0,1,0
febrl2,0.72,2022,1,1,1,1,0,1,0
febrl2,0.72,877,1,1,1,1,0,1,0
febrl2,0.72,2151,6,1,6,1,0,1,0
febrl2,0.72,3738,2,1,2,1,0,1,0
febrl2,0.72,2540,1,1,1,1,0,1,0
febrl2,0.72,1,1,1,1,1,0,1,0
febrl2,0.72,451,1,1,1,1,0,1,0
febrl2,0.72,1942,1,1,1,1,0,1,0
febrl2,0.72,649,3,1,3,1,0,1,0
febrl2,0.72,449,1,1,1,1,0,1,0
febrl2,0.72,44,5,1,5,1,0,1,0
febrl2,0.72,128,1,1,1,1,0,1,0
febrl2,0.72,3710,3,1,3,1,0,1,0
febrl2,0.72,2899,1,1,1,1,0,1,0
febrl2,0.72,1298,3,1,3,1,0,1,0
febrl2,0.72,3425,1,1,1,1,0,1,0
febrl2,0.72,1114,1,1,1,1,0,1,0
febrl2,0.72,2718,1,1,1,1,0,1,0
febrl2,0.72,3322,4,1,4,1,0,1,0
febrl2,0.72,1562,1,1,1,1,0,1,0
febrl2,0.72,3280,1,1,1,1,0,1,0
febrl2,0.72,2624,2,2,2,2,0,2,0
febrl2,0.72,50,5,1,6,1,1,2,1
febrl2,0.72,1377,1,1,1,1,0,1,0
febrl2,0.72,1039,1,1,1,1,0,1,0
febrl2,0.72,1015,1,1,1,1,0,1,0
febrl2,0.72,412,1,1,1,1,0,1,0
febrl2,0.72,3146,1,1,1,1,0,1,0
febrl2,0.72,3066,1,1,1,1,0,1,0
febrl2,0.72,1411,2,1,2,1,0,1,0
febrl2,0.72,3031,1,1,4,1,1,2,3
febrl2,0.72,578,1,1,1,1,0,1,0
febrl2,0.72,822,1,1,2,1,1,2,1
febrl2,0.72,1460,1,1,1,1,0,1,0
febrl2,0.72,3910,1,1,4,1,2,3,3
febrl2,0.72,2549,1,1,1,1,0,1,0
febrl2,0.72,3977,1,1,1,1,0,1,0
febrl2,0.72,3059,1,1,1,1,0,1,0
febrl2,0.72,3084,4,1,6,1,1,2,2
febrl2,0.72,417,1,1,1,1,0,1,0
febrl2,0.72,832,1,1,1,1,0,1,0
febrl2,0.72,552,3,1,3,1,0,1,0
febrl2,0.72,895,1,1,1,1,0,1,0
febrl2,0.72,3731,4,1,5,1,1,2,1
febrl2,0.72,2943,1,1,1,1,0,1,0
febrl2,0.72,428,1,1,1,1,0,1,0
febrl2,0.72,2675,1,1,1,1,0,1,0
febrl2,0.72,2353,4,1,4,1,0,1,0
febrl2,0.72,1609,3,1,3,1,0,1,0
febrl2,0.72,2136,1,1,1,1,0,1,0
febrl2,0.72,2523,1,1,1,1,0,1,0
febrl2,0.72,1268,1,1,1,1,0,1,0
febrl2,0.72,549,1,1,1,1,0,1,0
febrl2,0.72,2434,1,1,1,1,0,1,0
febrl2,0.72,2175,1,1,2,1,1,2,1
febrl2,0.72,856,1,1,1,1,0,1,0
febrl2,0.72,3851,1,1,1,1,0,1,0
febrl2,0.72,639,3,1,3,1,0,1,0
febrl2,0.72,3149,1,1,1,1,0,1,0
febrl2,0.72,3530,4,1,9,1,2,3,5
febrl2,0.72,3051,1,1,1,1,0,1,0
febrl2,0.72,2321,5,1,5,1,0,1,0
febrl2,0.72,1151,4,1,4,1,0,1,0
febrl2,0.72,3626,1,1,1,1,0,1,0
febrl2,0.72,729,1,1,3,1,2,3,2
febrl2,0.72,363,1,1,1,1,0,1,0
febrl2,0.72,1523,1,1,1,1,0,1,0
febrl2,0.72,3778,1,1,1,1,0,1,0
febrl2,0.72,2046,1,1,1,1,0,1,0
febrl2,0.72,297,1,1,1,1,0,1,0
febrl2,0.72,2924,5,1,5,1,0,1,0
febrl2,0.72,3817,1,1,1,1,0,1,0
febrl2,0.72,3889,1,1,3,1,1,2,2
febrl2,0.72,2165,2,1,2,1,0,1,0
febrl2,0.72,3768,1,1,1,1,0,1,0
febrl2,0.72,3584,2,1,2,1,0,1,0
febrl2,0.72,3332,1,1,1,1,0,1,0
febrl2,0.72,528,1,1,1,1,0,1,0
febrl2,0.72,12,1,1,1,1,0,1,0
febrl2,0.72,387,1,1,1,1,0,1,0
febrl2,0.72,1652,1,1,1,1,0,1,0
febrl2,0.72,2183,4,1,4,1,0,1,0
febrl2,0.72,1416,1,1,1,1,0,1,0
febrl2,0.72,3779,4,2,4,2,0,2,0
febrl2,0.72,2168,1,1,1,1,0,1,0
febrl2,0.72,1598,1,1,1,1,0,1,0
febrl2,0.72,880,1,1,1,1,0,1,0
febrl2,0.72,2883,3,1,3,1,0,1,0
febrl2,0.72,3572,1,1,1,1,0,1,0
febrl2,0.72,2818,1,1,5,1,1,2,4
febrl2,0.72,1784,1,1,1,1,0,1,0
febrl2,0.72,3460,1,1,1,1,0,1,0
febrl2,0.72,3925,1,1,1,1,0,1,0
febrl2,0.72,1316,4,1,4,1,0,1,0
febrl2,0.72,3870,1,1,1,1,0,1,0
febrl2,0.72,2134,1,1,1,1,0,1,0
febrl2,0.72,1432,5,1,5,1,0,1,0
febrl2,0.72,2991,3,1,3,1,0,1,0
febrl2,0.72,677,1,1,1,1,0,1,0
febrl2,0.72,1327,1,1,1,1,0,1,0
febrl2,0.72,129,1,1,1,1,0,1,0
febrl2,0.72,3608,2,1,2,1,0,1,0
febrl2,0.72,1443,2,1,2,1,0,1,0
febrl2,0.72,2676,1,1,1,1,0,1,0
febrl2,0.72,3318,5,1,5,1,0,1,0
febrl2,0.72,1158,1,1,1,1,0,1,0
febrl2,0.72,3294,1,1,1,1,0,1,0
febrl2,0.72,3772,1,1,1,1,0,1,0
febrl2,0.72,1380,1,1,1,1,0,1,0
febrl2,0.72,3525,1,1,1,1,0,1,0
febrl2,0.72,641,5,1,5,1,0,1,0
febrl2,0.72,567,4,1,4,1,0,1,0
febrl2,0.72,3841,2,1,2,1,0,1,0
febrl2,0.72,2366,1,1,1,1,0,1,0
febrl2,0.72,2654,1,1,1,1,0,1,0
febrl2,0.72,3643,1,1,1,1,0,1,0
febrl2,0.72,2987,1,1,3,1,1,2,2
febrl2,0.72,1385,1,1,1,1,0,1,0
febrl2,0.72,2108,4,1,6,1,2,3,2
febrl2,0.72,486,3,1,3,1,0,1,0
febrl2,0.72,2169,5,1,5,1,0,1,0
febrl2,0.72,1870,1,1,1,1,0,1,0
febrl2,0.72,1177,1,1,1,1,0,1,0
febrl2,0.72,1477,4,1,4,1,0,1,0
febrl2,0.72,2368,4,1,4,1,0,1,0
febrl2,0.72,2916,3,1,3,1,0,1,0
febrl2,0.72,2023,1,1,1,1,0,1,0
febrl2,0.72,1544,6,2,6,2,0,2,0
febrl2,0.72,2407,1,1,1,1,0,1,0
febrl2,0.72,3753,1,1,1,1,0,1,0
febrl2,0.72,3563,5,1,5,1,0,1,0
febrl2,0.72,2490,1,1,1,1,0,1,0
febrl2,0.72,95,1,1,1,1,0,1,0
febrl2,0.72,3370,1,1,1,1,0,1,0
febrl2,0.72,3035,1,1,1,1,0,1,0
febrl2,0.72,3428,2,1,2,1,0,1,0
febrl2,0.72,218,5,1,5,1,0,1,0
febrl2,0.72,2710,1,1,1,1,0,1,0
febrl2,0.72,3193,6,1,6,1,0,1,0
febrl2,0.72,3397,1,1,1,1,0,1,0
febrl2,0.72,3911,1,1,1,1,0,1,0
febrl2,0.72,2044,5,1,5,1,0,1,0
febrl2,0.72,3514,1,1,1,1,0,1,0
febrl2,0.72,597,1,1,1,1,0,1,0
febrl2,0.72,3411,1,1,1,1,0,1,0
febrl2,0.72,1302,1,1,1,1,0,1,0
febrl2,0.72,299,1,1,1,1,0,1,0
febrl2,0.72,3877,1,1,1,1,0,1,0
febrl2,0.72,2126,4,1,4,1,0,1,0
febrl2,0.72,3456,1,1,1,1,0,1,0
febrl2,0.72,3551,1,1,1,1,0,1,0
febrl2,0.72,948,1,1,1,1,0,1,0
febrl2,0.72,2644,1,1,1,1,0,1,0
febrl2,0.72,2272,1,1,1,1,0,1,0
febrl2,0.72,760,1,1,1,1,0,1,0
febrl2,0.72,504,1,1,1,1,0,1,0
febrl2,0.72,370,3,1,3,1,0,1,0
febrl2,0.72,3096,1,1,1,1,0,1,0
febrl2,0.72,764,1,1,1,1,0,1,0
febrl2,0.72,3219,1,1,10,1,2,3,9
febrl2,0.72,3597,1,1,2,1,1,2,1
febrl2,0.72,2029,4,1,4,1,0,1,0
febrl2,0.72,3385,1,1,1,1,0,1,0
febrl2,0.72,3157,1,1,1,1,0,1,0
febrl2,0.72,2789,1,1,1,1,0,1,0
febrl2,0.72,1490,1,1,1,1,0,1,0
febrl2,0.72,740,1,1,1,1,0,1,0
febrl2,0.72,194,3,1,3,1,0,1,0
febrl2,0.72,3682,1,1,1,1,0,1,0
febrl2,0.72,2162,1,1,1,1,0,1,0
febrl2,0.72,1882,4,1,4,1,0,1,0
febrl2,0.72,1341,1,1,1,1,0,1,0
febrl2,0.72,3064,1,1,1,1,0,1,0
febrl2,0.72,3645,1,1,1,1,0,1,0
febrl2,0.72,134,4,2,4,2,0,2,0
febrl2,0.72,2609,1,1,1,1,0,1,0
febrl2,0.72,1888,2,1,3,1,1,2,1
febrl2,0.72,102,1,1,2,1,1,2,1
febrl2,0.72,3346,1,1,2,1,1,2,1
febrl2,0.72,2756,2,1,2,1,0,1,0
febrl2,0.72,620,4,1,6,1,1,2,2
febrl2,0.72,815,1,1,1,1,0,1,0
febrl2,0.72,1758,1,1,1,1,0,1,0
febrl2,0.72,763,1,1,1,1,0,1,0
febrl2,0.72,2927,2,1,2,1,0,1,0
febrl2,0.72,3033,3,1,3,1,0,1,0
febrl2,0.72,2339,1,1,1,1,0,1,0
febrl2,0.72,1517,1,1,2,1,1,2,1
febrl2,0.72,2895,1,1,1,1,0,1,0
febrl2,0.72,1964,3,1,3,1,0,1,0
febrl2,0.72,3675,1,1,1,1,0,1,0
febrl2,0.72,3720,1,1,1,1,0,1,0
febrl2,0.72,1565,1,1,1,1,0,1,0
febrl2,0.72,2635,3,1,3,1,0,1,0
febrl2,0.72,131,1,1,1,1,0,1,0
febrl2,0.72,868,1,1,1,1,0,1,0
febrl2,0.72,3709,1,1,1,1,0,1,0
febrl2,0.72,1077,4,1,4,1,0,1,0
febrl2,0.72,1848,1,1,1,1,0,1,0
febrl2,0.72,705,6,1,8,1,2,3,2
febrl2,0.72,481,1,1,1,1,0,1,0
febrl2,0.72,1347,1,1,1,1,0,1,0
febrl2,0.72,3978,1,1,10,1,3,4,9
febrl2,0.72,3507,5,1,5,1,0,1,0
febrl2,0.72,2657,3,1,3,1,0,1,0
febrl2,0.72,3333,1,1,1,1,0,1,0
febrl2,0.72,1880,1,1,1,1,0,1,0
febrl2,0.72,1495,1,1,1,1,0,1,0
febrl2,0.72,3593,1,1,1,1,0,1,0
febrl2,0.72,1736,1,1,1,1,0,1,0
febrl2,0.72,1471,1,1,1,1,0,1,0
febrl2,0.72,2099,1,1,1,1,0,1,0
febrl2,0.72,3262,1,1,1,1,0,1,0
febrl2,0.72,2291,1,1,1,1,0,1,0
febrl2,0.72,876,1,1,1,1,0,1,0
febrl2,0.72,3919,1,1,1,1,0,1,0
febrl2,0.72,1391,1,1,1,1,0,1,0
febrl2,0.72,3902,1,1,1,1,0,1,0
febrl2,0.72,229,1,1,1,1,0,1,0
febrl2,0.72,324,1,1,1,1,0,1,0
febrl2,0.72,148,1,1,1,1,0,1,0
febrl2,0.72,1967,1,1,1,1,0,1,0
febrl2,0.72,3999,1,1,1,1,0,1,0
febrl2,0.72,3642,1,1,1,1,0,1,0
febrl2,0.72,3114,1,1,1,1,0,1,0
febrl2,0.72,1480,1,1,1,1,0,1,0
febrl2,0.72,2155,1,1,1,1,0,1,0
febrl2,0.72,1962,1,1,1,1,0,1,0
febrl2,0.72,1622,1,1,1,1,0,1,0
febrl2,0.72,1845,2,1,3,1,1,2,1
febrl2,0.72,2893,1,1,2,1,1,2,1
febrl2,0.72,3921,1,1,1,1,0,1,0
febrl2,0.72,1404,1,1,1,1,0,1,0
febrl2,0.72,343,1,1,1,1,0,1,0
febrl2,0.72,109,1,1,1,1,0,1,0
febrl2,0.72,3785,4,1,4,1,0,1,0
febrl2,0.72,81,1,1,1,1,0,1,0
febrl2,0.72,3994,1,1,1,1,0,1,0
febrl2,0.72,675,1,1,1,1,0,1,0
febrl2,0.72,2732,1,1,1,1,0,1,0
febrl2,0.72,1179,1,1,1,1,0,1,0
febrl2,0.72,2546,1,1,1,1,0,1,0
febrl2,0.72,2930,1,1,1,1,0,1,0
febrl2,0.72,1625,1,1,1,1,0,1,0
febrl2,0.72,1042,1,1,1,1,0,1,0
febrl2,0.72,2469,1,1,1,1,0,1,0
febrl2,0.72,314,1,1,1,1,0,1,0
febrl2,0.72,325,1,1,3,1,1,2,2
febrl2,0.72,3099,4,1,4,1,0,1,0
febrl2,0.72,1574,3,1,3,1,0,1,0
febrl2,0.72,1012,1,1,1,1,0,1,0
febrl2,0.72,3019,1,1,1,1,0,1,0
febrl2,0.72,2497,1,1,1,1,0,1,0
febrl2,0.72,3564,1,1,1,1,0,1,0
febrl2,0.72,2106,1,1,1,1,0,1,0
febrl2,0.72,1865,1,1,1,1,0,1,0
febrl2,0.72,3995,1,1,1,1,0,1,0
febrl2,0.72,1094,1,1,1,1,0,1,0
febrl2,0.72,536,1,1,1,1,0,1,0
febrl2,0.72,1047,1,1,1,1,0,1,0
febrl2,0.72,192,1,1,1,1,0,1,0
febrl2,0.72,184,1,1,2,1,1,2,1
febrl2,0.72,3301,5,1,5,1,0,1,0
febrl2,0.72,1164,1,1,1,1,0,1,0
febrl2,0.72,1814,1,1,1,1,0,1,0
febrl2,0.72,478,5,1,5,1,0,1,0
febrl2,0.72,2856,1,1,1,1,0,1,0
febrl2,0.72,761,1,1,1,1,0,1,0
febrl2,0.72,3163,3,1,3,1,0,1,0
febrl2,0.72,1193,4,1,4,1,0,1,0
febrl2,0.72,2860,1,1,1,1,0,1,0
febrl2,0.72,3843,1,1,1,1,0,1,0
febrl2,0.72,1930,1,1,1,1,0,1,0
febrl2,0.72,2200,1,1,1,1,0,1,0
febrl2,0.72,3143,1,1,1,1,0,1,0
febrl2,0.72,2658,1,1,1,1,0,1,0
febrl2,0.72,714,1,1,1,1,0,1,0
febrl2,0.72,300,1,1,1,1,0,1,0
febrl2,0.72,1651,1,1,2,1,1,2,1
febrl2,0.72,1142,1,1,1,1,0,1,0
febrl2,0.72,869,1,1,1,1,0,1,0
febrl2,0.72,2458,1,1,1,1,0,1,0
febrl2,0.72,1265,2,1,2,1,0,1,0
febrl2,0.72,3698,1,1,1,1,0,1,0
febrl2,0.72,3830,1,1,4,1,1,2,3
febrl2,0.72,3907,1,1,1,1,0,1,0
febrl2,0.72,98,1,1,1,1,0,1,0
febrl2,0.72,2219,1,1,1,1,0,1,0
febrl2,0.72,2891,4,1,4,1,0,1,0
febrl2,0.72,3070,1,1,1,1,0,1,0
febrl2,0.72,1213,6,1,6,1,0,1,0
febrl2,0.72,1061,3,1,3,1,0,1,0
febrl2,0.72,2595,1,1,1,1,0,1,0
febrl2,0.72,23,1,1,1,1,0,1,0
febrl2,0.72,2610,1,1,1,1,0,1,0
febrl2,0.72,1636,1,1,1,1,0,1,0
febrl2,0.72,1288,1,1,1,1,0,1,0
febrl2,0.72,3092,1,1,1,1,0,1,0
febrl2,0.72,3344,1,1,2,1,1,2,1
febrl2,0.72,3838,2,1,2,1,0,1,0
febrl2,0.72,3883,1,1,1,1,0,1,0
febrl2,0.72,1753,1,1,1,1,0,1,0
febrl2,0.72,2299,1,1,1,1,0,1,0
febrl2,0.72,1295,1,1,1,1,0,1,0
febrl2,0.72,2097,1,1,1,1,0,1,0
febrl2,0.72,1322,1,1,1,1,0,1,0
febrl2,0.72,2386,1,1,1,1,0,1,0
febrl2,0.72,2613,1,1,1,1,0,1,0
febrl2,0.72,2372,1,1,1,1,0,1,0
febrl2,0.72,2558,1,1,1,1,0,1,0
febrl2,0.72,1838,1,1,1,1,0,1,0
febrl2,0.72,2066,1,1,1,1,0,1,0
febrl2,0.72,3826,1,1,1,1,0,1,0
febrl2,0.72,1750,4,1,4,1,0,1,0
febrl2,0.72,1223,1,1,1,1,0,1,0
febrl2,0.72,693,1,1,1,1,0,1,0
febrl2,0.72,174,1,1,1,1,0,1,0
febrl2,0.72,2054,1,1,1,1,0,1,0
febrl2,0.72,3241,4,1,4,1,0,1,0
febrl2,0.72,3663,1,1,1,1,0,1,0
febrl2,0.72,356,4,1,4,1,0,1,0
febrl2,0.72,3067,1,1,1,1,0,1,0
febrl2,0.72,996,2,1,2,1,0,1,0
febrl2,0.72,3327,1,1,1,1,0,1,0
febrl2,0.72,912,1,1,1,1,0,1,0
febrl2,0.72,2510,1,1,1,1,0,1,0
febrl2,0.72,113,5,1,5,1,0,1,0
febrl2,0.72,790,1,1,1,1,0,1,0
febrl2,0.72,2403,5,2,5,2,0,2,0
febrl2,0.72,2502,1,1,1,1,0,1,0
febrl2,0.72,627,1,1,1,1,0,1,0
febrl2,0.72,835,1,1,1,1,0,1,0
febrl2,0.72,1156,1,1,1,1,0,1,0
febrl2,0.72,3222,1,1,1,1,0,1,0
febrl2,0.72,3121,1,1,1,1,0,1,0
febrl2,0.72,3104,1,1,1,1,0,1,0
febrl2,0.72,505,1,1,1,1,0,1,0
febrl2,0.72,1474,1,1,1,1,0,1,0
febrl2,0.72,1859,1,1,1,1,0,1,0
febrl2,0.72,3790,1,1,1,1,0,1,0
febrl2,0.72,2488,1,1,1,1,0,1,0
febrl2,0.72,3205,1,1,1,1,0,1,0
febrl2,0.72,1006,1,1,1,1,0,1,0
febrl2,0.72,1891,1,1,1,1,0,1,0
febrl2,0.72,3591,1,1,1,1,0,1,0
febrl2,0.72,2064,1,1,1,1,0,1,0
febrl2,0.72,3440,1,1,1,1,0,1,0
febrl2,0.72,1915,2,1,2,1,0,1,0
febrl2,0.72,3138,3,2,3,2,0,2,0
febrl2,0.72,1638,1,1,1,1,0,1,0
febrl2,0.72,1554,3,1,3,1,0,1,0
febrl2,0.72,2508,1,1,1,1,0,1,0
febrl2,0.72,3171,1,1,1,1,0,1,0
febrl2,0.72,1100,1,1,1,1,0,1,0
febrl2,0.72,609,1,1,1,1,0,1,0
febrl2,0.72,1948,1,1,1,1,0,1,0
febrl2,0.72,683,1,1,1,1,0,1,0
febrl2,0.72,503,4,1,4,1,0,1,0
febrl2,0.72,2418,3,1,3,1,0,1,0
febrl2,0.72,3208,1,1,1,1,0,1,0
febrl2,0.72,3927,3,1,3,1,0,1,0
febrl2,0.72,3056,1,1,1,1,0,1,0
febrl2,0.72,3430,1,1,1,1,0,1,0
febrl2,0.72,3580,1,1,1,1,0,1,0
febrl2,0.72,3993,1,1,1,1,0,1,0
febrl2,0.72,1456,1,1,1,1,0,1,0
febrl2,0.72,3299,1,1,1,1,0,1,0
febrl2,0.72,298,1,1,1,1,0,1,0
febrl2,0.72,86,3,1,4,1,1,2,1
febrl2,0.72,3500,1,1,5,1,1,2,4
febrl2,0.72,1762,1,1,1,1,0,1,0
febrl2,0.72,1660,1,1,1,1,0,1,0
febrl2,0.72,398,1,1,1,1,0,1,0
febrl2,0.72,2163,1,1,3,1,1,2,2
febrl2,0.72,2798,1,1,1,1,0,1,0
febrl2,0.72,1021,1,1,1,1,0,1,0
febrl2,0.72,1740,1,1,1,1,0,1,0
febrl2,0.72,3788,1,1,1,1,0,1,0
febrl2,0.72,1530,3,1,3,1,0,1,0
febrl2,0.72,1579,2,1,2,1,0,1,0
febrl2,0.72,2229,1,1,1,1,0,1,0
febrl2,0.72,2226,1,1,2,1,1,2,1
febrl2,0.72,2796,1,1,1,1,0,1,0
febrl2,0.72,1082,1,1,2,1,1,2,1
febrl2,0.72,2892,3,1,3,1,0,1,0
febrl2,0.72,1149,1,1,1,1,0,1,0
febrl2,0.72,2695,1,1,1,1,0,1,0
febrl2,0.72,2783,1,1,1,1,0,1,0
febrl2,0.72,2570,1,1,1,1,0,1,0
febrl2,0.72,1629,4,1,4,1,0,1,0
febrl2,0.72,2160,1,1,1,1,0,1,0
febrl2,0.72,211,1,1,1,1,0,1,0
febrl2,0.72,1509,1,1,1,1,0,1,0
febrl2,0.72,2881,1,1,6,1,1,2,5
febrl2,0.72,2779,3,1,3,1,0,1,0
febrl2,0.72,1921,1,1,1,1,0,1,0
febrl2,0.72,1919,1,1,1,1,0,1,0
febrl2,0.72,3509,1,1,1,1,0,1,0
febrl2,0.72,1438,1,1,1,1,0,1,0
febrl2,0.72,2402,1,1,1,1,0,1,0
febrl2,0.72,3621,1,1,1,1,0,1,0
febrl2,0.72,255,1,1,1,1,0,1,0
febrl2,0.72,2642,1,1,1,1,0,1,0
febrl2,0.72,575,4,1,4,1,0,1,0
febrl2,0.72,2670,1,1,1,1,0,1,0
febrl2,0.72,3694,1,1,1,1,0,1,0
febrl2,0.72,3850,3,1,3,1,0,1,0
febrl2,0.72,3083,1,1,1,1,0,1,0
febrl2,0.72,89,4,1,4,1,0,1,0
febrl2,0.72,285,1,1,1,1,0,1,0
febrl2,0.72,1049,1,1,1,1,0,1,0
febrl2,0.72,3592,1,1,1,1,0,1,0
febrl2,0.72,2817,1,1,1,1,0,1,0
febrl2,0.72,2829,1,1,1,1,0,1,0
febrl2,0.72,2953,1,1,7,1,1,2,6
febrl2,0.72,1981,1,1,1,1,0,1,0
febrl2,0.72,369,1,1,1,1,0,1,0
febrl2,0.72,413,5,1,6,1,1,2,1
febrl2,0.72,1693,1,1,1,1,0,1,0
febrl2,0.72,2473,1,1,1,1,0,1,0
febrl2,0.72,969,4,1,4,1,0,1,0
febrl2,0.72,1721,1,1,1,1,0,1,0
febrl2,0.72,1516,1,1,1,1,0,1,0
febrl2,0.72,1630,1,1,1,1,0,1,0
febrl2,0.72,46,1,1,1,1,0,1,0
febrl2,0.72,2848,1,1,1,1,0,1,0
febrl2,0.72,1925,1,1,1,1,0,1,0
febrl2,0.72,909,1,1,1,1,0,1,0
febrl2,0.72,138,3,1,3,1,0,1,0
febrl2,0.72,2830,1,1,1,1,0,1,0
febrl2,0.72,2027,1,1,1,1,0,1,0
febrl2,0.72,2954,1,1,1,1,0,1,0
febrl2,0.72,1472,1,1,1,1,0,1,0
febrl2,0.72,3326,1,1,1,1,0,1,0
febrl2,0.72,1529,1,1,1,1,0,1,0
febrl2,0.72,3866,1,1,1,1,0,1,0
febrl2,0.72,2651,1,1,1,1,0,1,0
febrl2,0.72,2461,3,1,3,1,0,1,0
febrl2,0.72,2922,1,1,1,1,0,1,0
febrl2,0.72,3414,1,1,1,1,0,1,0
febrl2,0.72,1581,4,1,4,1,0,1,0
febrl2,0.72,906,1,1,1,1,0,1,0
febrl2,0.72,3730,1,1,1,1,0,1,0
febrl2,0.72,1408,1,1,1,1,0,1,0
febrl2,0.72,3656,1,1,1,1,0,1,0
febrl2,0.72,3207,1,1,1,1,0,1,0
febrl2,0.72,3881,2,1,2,1,0,1,0
febrl2,0.72,3950,1,1,1,1,0,1,0
febrl2,0.72,3060,1,1,1,1,0,1,0
febrl2,0.72,2310,3,1,3,1,0,1,0
febrl2,0.72,1801,1,1,1,1,0,1,0
febrl2,0.72,3491,1,1,1,1,0,1,0
febrl2,0.72,1575,1,1,1,1,0,1,0
febrl2,0.72,3420,1,1,1,1,0,1,0
febrl2,0.72,2447,4,1,4,1,0,1,0
febrl2,0.72,3077,1,1,1,1,0,1,0
febrl2,0.72,2566,1,1,1,1,0,1,0
febrl2,0.72,544,4,1,4,1,0,1,0
febrl2,0.72,409,1,1,1,1,0,1,0
febrl2,0.72,2686,4,1,4,1,0,1,0
febrl2,0.72,2572,5,1,5,1,0,1,0
febrl2,0.72,2934,4,1,4,1,0,1,0
febrl2,0.72,2950,1,1,1,1,0,1,0
febrl2,0.72,3216,1,1,1,1,0,1,0
febrl2,0.72,2713,1,1,1,1,0,1,0
febrl2,0.72,2597,1,1,1,1,0,1,0
febrl2,0.72,3482,1,1,1,1,0,1,0
febrl2,0.72,2833,1,1,1,1,0,1,0
febrl2,0.72,2506,1,1,1,1,0,1,0
febrl2,0.72,3160,3,1,3,1,0,1,0
febrl2,0.72,1364,1,1,1,1,0,1,0
febrl2,0.72,2375,1,1,1,1,0,1,0
febrl2,0.72,1990,1,1,1,1,0,1,0
febrl2,0.72,2400,1,1,1,1,0,1,0
febrl2,0.72,2476,1,1,1,1,0,1,0
febrl2,0.72,3699,1,1,1,1,0,1,0
febrl2,0.72,3928,1,1,1,1,0,1,0
febrl2,0.72,3527,1,1,1,1,0,1,0
febrl2,0.72,126,1,1,1,1,0,1,0
febrl2,0.72,1698,3,1,3,1,0,1,0
febrl2,0.72,367,1,1,1,1,0,1,0
febrl2,0.72,2075,1,1,1,1,0,1,0
febrl2,0.72,1069,1,1,1,1,0,1,0
febrl2,0.72,1809,1,1,1,1,0,1,0
febrl2,0.72,694,4,1,4,1,0,1,0
febrl2,0.72,3985,1,1,1,1,0,1,0
febrl2,0.72,3452,4,1,4,1,0,1,0
febrl2,0.72,2170,1,1,1,1,0,1,0
febrl2,0.72,1328,1,1,1,1,0,1,0
febrl2,0.72,2468,1,1,1,1,0,1,0
febrl2,0.72,688,1,1,1,1,0,1,0
febrl2,0.72,2698,1,1,1,1,0,1,0
febrl2,0.72,3285,1,1,1,1,0,1,0
febrl2,0.72,2949,1,1,1,1,0,1,0
febrl2,0.72,887,2,1,2,1,0,1,0
febrl2,0.72,861,1,1,1,1,0,1,0
febrl2,0.72,905,1,1,1,1,0,1,0
febrl2,0.72,83,1,1,1,1,0,1,0
febrl2,0.72,1234,1,1,2,1,1,2,1
febrl2,0.72,1549,1,1,1,1,0,1,0
febrl2,0.72,489,1,1,1,1,0,1,0
febrl2,0.72,1446,1,1,1,1,0,1,0
febrl2,0.72,2694,1,1,1,1,0,1,0
febrl2,0.72,1452,1,1,1,1,0,1,0
febrl2,0.72,824,1,1,1,1,0,1,0
febrl2,0.72,2767,1,1,1,1,0,1,0
febrl2,0.72,1242,1,1,1,1,0,1,0
febrl2,0.72,2998,3,1,3,1,0,1,0
febrl2,0.72,1113,1,1,1,1,0,1,0
febrl2,0.72,654,1,1,1,1,0,1,0
febrl2,0.72,2125,1,1,1,1,0,1,0
febrl2,0.72,334,1,1,1,1,0,1,0
febrl2,0.72,3139,1,1,1,1,0,1,0
febrl2,0.72,408,1,1,1,1,0,1,0
febrl2,0.72,1045,4,1,4,1,0,1,0
febrl2,0.72,902,3,1,3,1,0,1,0
febrl2,0.72,2666,1,1,3,1,1,2,2
febrl2,0.72,1056,1,1,1,1,0,1,0
febrl2,0.72,415,1,1,1,1,0,1,0
febrl2,0.72,2332,1,1,1,1,0,1,0
febrl2,0.72,1104,1,1,1,1,0,1,0
febrl2,0.72,3273,1,1,1,1,0,1,0
febrl2,0.72,1331,1,1,1,1,0,1,0
febrl2,0.72,1389,1,1,1,1,0,1,0
febrl2,0.72,2750,1,1,1,1,0,1,0
febrl2,0.72,2414,1,1,1,1,0,1,0
febrl2,0.72,2024,1,1,1,1,0,1,0
febrl2,0.72,1091,1,1,1,1,0,1,0
febrl2,0.72,1796,1,1,1,1,0,1,0
febrl2,0.72,1074,1,1,1,1,0,1,0
febrl2,0.72,3693,1,1,1,1,0,1,0
febrl2,0.72,1953,1,1,1,1,0,1,0
febrl2,0.72,3741,4,1,4,1,0,1,0
febrl2,0.72,1232,1,1,1,1,0,1,0
febrl2,0.72,2217,1,1,3,1,2,3,2
febrl2,0.72,99,1,1,1,1,0,1,0
febrl2,0.72,801,1,1,1,1,0,1,0
febrl2,0.72,2586,1,1,1,1,0,1,0
febrl2,0.72,2426,1,1,1,1,0,1,0
febrl2,0.72,995,1,1,1,1,0,1,0
febrl2,0.72,594,5,1,5,1,0,1,0
febrl2,0.72,2038,1,1,1,1,0,1,0
febrl2,0.72,3618,1,1,1,1,0,1,0
febrl2,0.72,3032,1,1,1,1,0,1,0
febrl2,0.72,2768,1,1,1,1,0,1,0
febrl2,0.72,1505,1,1,1,1,0,1,0
febrl2,0.72,447,5,1,5,1,0,1,0
febrl2,0.72,1190,1,1,1,1,0,1,0
febrl2,0.72,432,1,1,2,1,1,2,1
febrl2,0.72,1005,1,1,1,1,0,1,0
febrl2,0.72,280,1,1,1,1,0,1,0
febrl2,0.72,3598,1,1,1,1,0,1,0
febrl2,0.72,2868,1,1,1,1,0,1,0
febrl2,0.72,1655,1,1,1,1,0,1,0
febrl2,0.72,2092,1,1,1,1,0,1,0
febrl2,0.72,1246,1,1,1,1,0,1,0
febrl2,0.72,914,1,1,1,1,0,1,0
febrl2,0.72,1222,1,1,1,1,0,1,0
febrl2,0.72,2552,1,1,1,1,0,1,0
febrl2,0.72,553,1,1,1,1,0,1,0
febrl2,0.72,2298,1,1,1,1,0,1,0
febrl2,0.72,3217,1,1,1,1,0,1,0
febrl2,0.72,2600,1,1,1,1,0,1,0
febrl2,0.72,924,1,1,1,1,0,1,0
febrl2,0.72,3739,3,1,3,1,0,1,0
febrl2,0.72,1343,3,1,3,1,0,1,0
febrl2,0.72,1576,2,1,2,1,0,1,0
febrl2,0.72,1194,1,1,1,1,0,1,0
febrl2,0.72,865,1,1,1,1,0,1,0
febrl2,0.72,1879,1,1,1,1,0,1,0
febrl2,0.72,2604,1,1,1,1,0,1,0
febrl2,0.72,1746,1,1,1,1,0,1,0
febrl2,0.72,2773,1,1,1,1,0,1,0
febrl2,0.72,1188,1,1,1,1,0,1,0
febrl2,0.72,2161,1,1,1,1,0,1,0
febrl2,0.72,2028,1,1,1,1,0,1,0
febrl2,0.72,543,1,1,1,1,0,1,0
febrl2,0.72,2688,1,1,1,1,0,1,0
febrl2,0.72,643,1,1,1,1,0,1,0
febrl2,0.72,2932,1,1,1,1,0,1,0
febrl2,0.72,2882,1,1,1,1,0,1,0
febrl2,0.72,1989,1,1,1,1,0,1,0
febrl2,0.72,721,6,1,7,1,1,2,1
febrl2,0.72,2526,1,1,1,1,0,1,0
febrl2,0.72,2639,1,1,1,1,0,1,0
febrl2,0.72,2846,5,1,6,1,1,2,1
febrl2,0.72,90,1,1,1,1,0,1,0
febrl2,0.72,2199,1,1,1,1,0,1,0
febrl2,0.72,2205,1,1,4,1,1,2,3
febrl2,0.72,1108,1,1,1,1,0,1,0
febrl2,0.72,2201,2,1,2,1,0,1,0
febrl2,0.72,3951,1,1,1,1,0,1,0
febrl2,0.72,1175,1,1,1,1,0,1,0
febrl2,0.72,2410,1,1,1,1,0,1,0
febrl2,0.72,1334,1,1,1,1,0,1,0
febrl2,0.72,2086,1,1,1,1,0,1,0
febrl2,0.72,2379,2,1,2,1,0,1,0
febrl2,0.72,3302,1,1,1,1,0,1,0
febrl2,0.72,276,1,1,1,1,0,1,0
febrl2,0.72,3736,1,1,1,1,0,1,0
febrl2,0.72,1863,1,1,1,1,0,1,0
febrl2,0.72,3117,1,1,1,1,0,1,0
febrl2,0.72,1437,4,2,4,2,0,2,0
febrl2,0.72,68,1,1,1,1,0,1,0
febrl2,0.72,527,3,1,4,1,1,2,1
febrl2,0.72,3524,2,1,2,1,0,1,0
febrl2,0.72,2568,1,1,1,1,0,1,0
febrl2,0.72,1255,1,1,1,1,0,1,0
febrl2,0.72,1718,1,1,1,1,0,1,0
febrl2,0.72,3015,1,1,1,1,0,1,0
febrl2,0.72,605,1,1,1,1,0,1,0
febrl2,0.72,2844,1,1,1,1,0,1,0
febrl2,0.72,3590,1,1,1,1,0,1,0
febrl2,0.72,429,1,1,1,1,0,1,0
febrl2,0.72,1440,1,1,1,1,0,1,0
febrl2,0.72,3239,3,1,3,1,0,1,0
febrl2,0.72,2370,3,1,3,1,0,1,0
febrl2,0.72,1087,1,1,1,1,0,1,0
febrl2,0.72,1236,1,1,1,1,0,1,0
febrl2,0.72,2002,1,1,1,1,0,1,0
febrl2,0.72,1002,1,1,1,1,0,1,0
febrl2,0.72,3022,1,1,1,1,0,1,0
febrl2,0.72,898,1,1,1,1,0,1,0
febrl2,0.72,1747,1,1,1,1,0,1,0
febrl2,0.72,1613,1,1,1,1,0,1,0
febrl2,0.72,3718,1,1,2,1,1,2,1
febrl2,0.72,2127,2,1,2,1,0,1,0
febrl2,0.72,2701,1,1,1,1,0,1,0
febrl2,0.72,3610,1,1,2,1,1,2,1
febrl2,0.72,2346,1,1,1,1,0,1,0
febrl2,0.72,150,2,1,2,1,0,1,0
febrl2,0.72,929,1,1,1,1,0,1,0
febrl2,0.72,3818,1,1,1,1,0,1,0
febrl2,0.72,3607,1,1,1,1,0,1,0
febrl2,0.72,268,1,1,1,1,0,1,0
febrl2,0.72,2672,1,1,1,1,0,1,0
febrl2,0.72,637,1,1,1,1,0,1,0
febrl2,0.72,3677,4,1,6,1,1,2,2
febrl2,0.72,1138,1,1,1,1,0,1,0
febrl2,0.72,1610,1,1,1,1,0,1,0
febrl2,0.72,167,1,1,1,1,0,1,0
febrl2,0.72,2945,1,1,1,1,0,1,0
febrl2,0.72,252,1,1,1,1,0,1,0
febrl2,0.72,261,3,1,3,1,0,1,0
febrl2,0.72,2098,1,1,1,1,0,1,0
febrl2,0.72,3774,2,1,3,1,1,2,1
febrl2,0.72,3298,1,1,1,1,0,1,0
febrl2,0.72,2448,1,1,1,1,0,1,0
febrl2,0.72,233,1,1,1,1,0,1,0
febrl2,0.72,2620,1,1,1,1,0,1,0
febrl2,0.72,2269,1,1,1,1,0,1,0
febrl2,0.72,3803,1,1,1,1,0,1,0
febrl2,0.72,1447,1,1,1,1,0,1,0
febrl2,0.72,1422,1,1,1,1,0,1,0
febrl2,0.72,1899,1,1,1,1,0,1,0
febrl2,0.72,2314,2,1,2,1,0,1,0
febrl2,0.72,1603,1,1,1,1,0,1,0
febrl2,0.72,524,1,1,2,1,1,2,1
febrl2,0.72,1763,1,1,1,1,0,1,0
febrl2,0.72,1323,3,1,3,1,0,1,0
febrl2,0.72,2532,3,1,3,1,0,1,0
febrl2,0.72,2571,5,1,5,1,0,1,0
febrl2,0.72,1844,1,1,1,1,0,1,0
febrl2,0.72,959,1,1,4,1,1,2,3
febrl2,0.72,2585,1,1,2,1,1,2,1
febrl2,0.72,1160,1,1,1,1,0,1,0
febrl2,0.72,904,1,1,1,1,0,1,0
febrl2,0.72,3767,1,1,1,1,0,1,0
febrl2,0.72,1961,1,1,1,1,0,1,0
febrl2,0.72,1305,1,1,1,1,0,1,0
febrl2,0.72,1201,1,1,1,1,0,1,0
febrl2,0.72,3038,1,1,1,1,0,1,0
febrl2,0.72,419,4,1,4,1,0,1,0
febrl2,0.72,3571,1,1,3,1,1,2,2
febrl2,0.72,2668,1,1,1,1,0,1,0
febrl2,0.72,2015,1,1,1,1,0,1,0
febrl2,0.72,2419,1,1,1,1,0,1,0
febrl2,0.72,2154,1,1,1,1,0,1,0
febrl2,0.72,2794,1,1,1,1,0,1,0
febrl2,0.72,2802,3,1,3,1,0,1,0
febrl2,0.72,838,1,1,1,1,0,1,0
febrl2,0.72,96,1,1,1,1,0,1,0
febrl2,0.72,1291,1,1,1,1,0,1,0
febrl2,0.72,829,1,1,1,1,0,1,0
febrl2,0.72,2142,1,1,1,1,0,1,0
febrl2,0.72,100,4,1,4,1,0,1,0
febrl2,0.72,1489,1,1,1,1,0,1,0
febrl2,0.72,1997,1,1,1,1,0,1,0
febrl2,0.72,1453,1,1,1,1,0,1,0
febrl2,0.72,3980,2,1,4,1,1,2,2
febrl2,0.72,239,1,1,1,1,0,1,0
febrl2,0.72,3288,1,1,2,1,1,2,1
febrl2,0.72,1719,1,1,1,1,0,1,0
febrl2,0.72,3054,4,1,4,1,0,1,0
febrl2,0.72,2673,3,1,3,1,0,1,0
febrl2,0.72,3087,1,1,1,1,0,1,0
febrl2,0.72,1513,1,1,1,1,0,1,0
febrl2,0.72,3409,3,1,3,1,0,1,0
febrl2,0.72,1259,1,1,1,1,0,1,0
febrl2,0.72,1090,1,1,1,1,0,1,0
febrl2,0.72,1786,1,1,1,1,0,1,0
febrl2,0.72,1019,1,1,1,1,0,1,0
febrl2,0.72,3436,4,1,4,1,0,1,0
febrl2,0.72,3462,1,1,1,1,0,1,0
febrl2,0.72,1536,1,1,1,1,0,1,0
febrl2,0.72,119,1,1,1,1,0,1,0
febrl2,0.72,1774,1,1,1,1,0,1,0
febrl2,0.72,933,1,1,1,1,0,1,0
febrl2,0.72,332,1,1,1,1,0,1,0
febrl2,0.72,3335,1,1,2,1,1,2,1
febrl2,0.72,70,1,1,1,1,0,1,0
febrl2,0.72,2293,1,1,1,1,0,1,0
febrl2,0.72,3632,1,1,1,1,0,1,0
febrl2,0.72,2143,4,1,5,1,1,2,1
febrl2,0.72,2963,1,1,1,1,0,1,0
febrl2,0.72,31,1,1,1,1,0,1,0
febrl2,0.72,1756,1,1,1,1,0,1,0
febrl2,0.72,2992,1,1,1,1,0,1,0
febrl2,0.72,479,1,1,1,1,0,1,0
febrl2,0.72,2081,1,1,1,1,0,1,0
febrl2,0.72,768,2,1,2,1,0,1,0
febrl2,0.72,3520,1,1,1,1,0,1,0
febrl2,0.72,372,1,1,4,1,2,3,3
febrl2,0.72,2678,1,1,1,1,0,1,0
febrl2,0.72,1016,1,1,1,1,0,1,0
febrl2,0.72,736,1,1,1,1,0,1,0
febrl2,0.72,1757,1,1,1,1,0,1,0
febrl2,0.72,2716,1,1,1,1,0,1,0
febrl2,0.72,2714,1,1,1,1,0,1,0
febrl2,0.72,3256,1,1,1,1,0,1,0
febrl2,0.72,2267,2,1,6,1,1,2,4
febrl2,0.72,1000,1,1,1,1,0,1,0
febrl2,0.72,2328,2,1,2,1,0,1,0
febrl2,0.72,1782,1,1,1,1,0,1,0
febrl2,0.72,1157,1,1,1,1,0,1,0
febrl2,0.72,864,4,1,4,1,0,1,0
febrl2,0.72,190,1,1,1,1,0,1,0
febrl2,0.72,3069,1,1,1,1,0,1,0
febrl2,0.72,29,1,1,1,1,0,1,0
febrl2,0.72,1889,2,1,2,1,0,1,0
febrl2,0.72,3362,1,1,1,1,0,1,0
febrl2,0.72,3782,1,1,1,1,0,1,0
febrl2,0.72,2638,1,1,1,1,0,1,0
febrl2,0.72,445,1,1,1,1,0,1,0
febrl2,0.72,1009,1,1,1,1,0,1,0
febrl2,0.72,2729,1,1,1,1,0,1,0
febrl2,0.72,1154,3,1,3,1,0,1,0
febrl2,0.72,1977,1,1,1,1,0,1,0
febrl2,0.72,2519,1,1,1,1,0,1,0
febrl2,0.72,2319,1,1,1,1,0,1,0
febrl2,0.72,360,1,1,1,1,0,1,0
febrl2,0.72,1956,1,1,1,1,0,1,0
febrl2,0.72,3317,1,1,1,1,0,1,0
febrl2,0.72,3348,1,1,1,1,0,1,0
febrl2,0.72,2241,1,1,1,1,0,1,0
febrl2,0.72,1010,5,1,5,1,0,1,0
febrl2,0.72,3045,1,1,1,1,0,1,0
febrl2,0.72,1335,1,1,1,1,0,1,0
febrl2,0.72,3755,1,1,1,1,0,1,0
febrl2,0.72,535,1,1,1,1,0,1,0
febrl2,0.72,2324,1,1,1,1,0,1,0
febrl2,0.72,1147,1,1,10,1,2,3,9
febrl2,0.72,3444,1,1,1,1,0,1,0
febrl2,0.72,1957,1,1,1,1,0,1,0
febrl2,0.72,3769,3,1,3,1,0,1,0
febrl2,0.72,1161,3,1,4,1,1,2,1
febrl2,0.72,1290,1,1,1,1,0,1,0
febrl2,0.72,540,4,1,4,1,0,1,0
febrl2,0.72,2878,1,1,1,1,0,1,0
febrl2,0.72,3952,1,1,1,1,0,1,0
febrl2,0.72,3646,1,1,1,1,0,1,0
febrl2,0.72,3962,1,1,1,1,0,1,0
febrl2,0.72,1294,1,1,1,1,0,1,0
febrl2,0.72,3837,1,1,1,1,0,1,0
febrl2,0.72,3167,2,1,2,1,0,1,0
febrl2,0.72,2235,1,1,1,1,0,1,0
febrl2,0.72,1628,1,1,1,1,0,1,0
febrl2,0.72,1022,1,1,4,1,1,2,3
febrl2,0.72,2076,1,1,1,1,0,1,0
febrl2,0.72,1303,1,1,1,1,0,1,0
febrl2,0.72,2771,1,1,1,1,0,1,0
febrl2,0.72,3533,4,1,5,1,1,2,1
febrl2,0.72,687,1,1,1,1,0,1,0
febrl2,0.72,3461,1,1,1,1,0,1,0
febrl2,0.72,1699,1,1,1,1,0,1,0
febrl2,0.72,1191,1,1,1,1,0,1,0
febrl2,0.72,3717,1,1,1,1,0,1,0
febrl2,0.72,404,1,1,1,1,0,1,0
febrl2,0.72,1731,1,1,1,1,0,1,0
febrl2,0.72,986,1,1,1,1,0,1,0
febrl2,0.72,3226,1,1,1,1,0,1,0
febrl2,0.72,2919,1,1,1,1,0,1,0
febrl2,0.72,2489,1,1,1,1,0,1,0
febrl2,0.72,394,1,1,1,1,0,1,0
febrl2,0.72,2445,1,1,1,1,0,1,0
febrl2,0.72,640,6,1,6,1,0,1,0
febrl2,0.72,1488,1,1,1,1,0,1,0
febrl2,0.72,3410,1,1,1,1,0,1,0
febrl2,0.72,3154,1,1,1,1,0,1,0
febrl2,0.72,2903,1,1,1,1,0,1,0
febrl2,0.72,2565,4,1,4,1,0,1,0
febrl2,0.72,3972,2,1,2,1,0,1,0
febrl2,0.72,1776,1,1,1,1,0,1,0
febrl2,0.72,266,1,1,1,1,0,1,0
febrl2,0.72,443,1,1,1,1,0,1,0
febrl2,0.72,3550,3,1,3,1,0,1,0
febrl2,0.72,1189,1,1,1,1,0,1,0
febrl2,0.72,1918,1,1,1,1,0,1,0
febrl2,0.72,782,1,1,1,1,0,1,0
febrl2,0.72,2522,4,2,4,2,0,2,0
febrl2,0.72,3691,1,1,1,1,0,1,0
febrl2,0.72,2560,1,1,1,1,0,1,0
febrl2,0.72,2531,1,1,1,1,0,1,0
febrl2,0.72,3379,5,1,5,1,0,1,0
febrl2,0.72,362,1,1,2,1,1,2,1
febrl2,0.72,981,1,1,1,1,0,1,0
febrl2,0.72,3263,1,1,1,1,0,1,0
febrl2,0.72,2607,4,1,6,1,1,2,2
febrl2,0.72,1275,1,1,1,1,0,1,0
febrl2,0.72,517,6,1,6,1,0,1,0
febrl2,0.72,952,1,1,1,1,0,1,0
febrl2,0.72,2268,1,1,1,1,0,1,0
febrl2,0.72,2320,1,1,1,1,0,1,0
febrl2,0.72,1126,1,1,1,1,0,1,0
febrl2,0.72,497,1,1,2,1,1,2,1
febrl2,0.72,2466,1,1,1,1,0,1,0
febrl2,0.72,979,3,1,3,1,0,1,0
febrl2,0.72,3446,1,1,1,1,0,1,0
febrl2,0.72,3766,1,1,1,1,0,1,0
febrl2,0.72,3330,1,1,1,1,0,1,0
febrl2,0.72,2423,1,1,1,1,0,1,0
febrl2,0.72,28,1,1,1,1,0,1,0
febrl2,0.72,7,1,1,1,1,0,1,0
febrl2,0.72,2902,1,1,1,1,0,1,0
febrl2,0.72,2443,1,1,1,1,0,1,0
febrl2,0.72,1978,1,1,1,1,0,1,0
febrl2,0.72,1898,1,1,1,1,0,1,0
febrl2,0.72,977,2,1,3,1,1,2,1
febrl2,0.72,1663,3,1,10,1,2,3,7
febrl2,0.72,2928,3,1,3,1,0,1,0
febrl2,0.72,1682,1,1,1,1,0,1,0
febrl2,0.72,3320,1,1,1,1,0,1,0
febrl2,0.72,1955,1,1,1,1,0,1,0
febrl2,0.72,1692,4,1,10,1,1,2,6
febrl2,0.72,364,1,1,1,1,0,1,0
febrl2,0.72,1301,1,1,1,1,0,1,0
febrl2,0.72,2356,1,1,1,1,0,1,0
febrl2,0.72,780,2,1,2,1,0,1,0
febrl2,0.72,350,1,1,1,1,0,1,0
febrl2,0.72,1595,1,1,1,1,0,1,0
febrl2,0.72,48,1,1,1,1,0,1,0
febrl2,0.72,739,1,1,1,1,0,1,0
febrl2,0.72,2063,1,1,1,1,0,1,0
febrl2,0.72,2264,3,1,3,1,0,1,0
febrl2,0.72,632,1,1,1,1,0,1,0
febrl2,0.72,699,1,1,2,1,1,2,1
febrl2,0.72,2348,1,1,1,1,0,1,0
febrl2,0.72,1258,2,1,2,1,0,1,0
febrl2,0.72,2404,1,1,2,1,1,2,1
febrl2,0.72,2811,1,1,5,1,1,2,4
febrl2,0.72,2261,1,1,1,1,0,1,0
febrl2,0.72,2755,1,1,1,1,0,1,0
febrl2,0.72,3221,1,1,1,1,0,1,0
febrl2,0.72,616,1,1,1,1,0,1,0
febrl2,0.72,2842,1,1,1,1,0,1,0
febrl2,0.72,2985,1,1,1,1,0,1,0
febrl2,0.72,1519,3,1,3,1,0,1,0
febrl2,0.72,399,1,1,1,1,0,1,0
febrl2,0.72,2660,1,1,1,1,0,1,0
febrl2,0.72,2880,1,1,1,1,0,1,0
febrl2,0.72,3057,1,1,1,1,0,1,0
febrl2,0.72,3653,3,1,3,1,0,1,0
febrl2,0.72,1808,1,1,1,1,0,1,0
febrl2,0.72,589,5,1,5,1,0,1,0
febrl2,0.72,2938,4,1,4,1,0,1,0
febrl2,0.72,1078,1,1,1,1,0,1,0
febrl2,0.72,846,3,1,3,1,0,1,0
febrl2,0.72,3506,1,1,1,1,0,1,0
febrl2,0.72,351,1,1,1,1,0,1,0
febrl2,0.72,3839,4,1,4,1,0,1,0
febrl2,0.72,1135,1,1,10,1,2,3,9
febrl2,0.72,345,1,1,1,1,0,1,0
febrl2,0.72,513,1,1,1,1,0,1,0
febrl2,0.72,47,1,1,1,1,0,1,0
febrl2,0.72,1192,1,1,1,1,0,1,0
febrl2,0.72,228,1,1,1,1,0,1,0
febrl2,0.72,1271,1,1,1,1,0,1,0
febrl2,0.72,682,1,1,1,1,0,1,0
febrl2,0.72,1524,1,1,1,1,0,1,0
febrl2,0.72,2873,1,1,1,1,0,1,0
febrl2,0.72,2274,1,1,1,1,0,1,0
febrl2,0.72,1988,1,1,1,1,0,1,0
febrl2,0.72,2484,1,1,1,1,0,1,0
febrl2,0.72,329,1,1,2,1,1,2,1
febrl2,0.72,2280,1,1,1,1,0,1,0
febrl2,0.72,3244,1,1,2,1,1,2,1
febrl2,0.72,2004,1,1,1,1,0,1,0
febrl2,0.72,2224,1,1,1,1,0,1,0
febrl2,0.72,1306,3,1,3,1,0,1,0
febrl2,0.72,3088,1,1,1,1,0,1,0
febrl2,0.72,3516,1,1,1,1,0,1,0
febrl2,0.72,2625,1,1,1,1,0,1,0
febrl2,0.72,1168,1,1,1,1,0,1,0
febrl2,0.72,2653,1,1,1,1,0,1,0
febrl2,0.72,3412,1,1,1,1,0,1,0
febrl2,0.72,2392,1,1,10,1,2,3,9
febrl2,0.72,2772,1,1,1,1,0,1,0
febrl2,0.72,3734,1,1,1,1,0,1,0
febrl2,0.72,3142,4,1,4,1,0,1,0
febrl2,0.72,702,1,1,1,1,0,1,0
febrl2,0.72,745,1,1,1,1,0,1,0
febrl2,0.72,311,1,1,1,1,0,1,0
febrl2,0.72,2563,1,1,1,1,0,1,0
febrl2,0.72,2297,1,1,1,1,0,1,0
febrl2,0.72,1209,1,1,2,1,1,2,1
febrl2,0.72,1679,1,1,1,1,0,1,0
febrl2,0.72,1569,1,1,1,1,0,1,0
febrl2,0.72,3360,1,1,1,1,0,1,0
febrl2,0.72,1937,1,1,1,1,0,1,0
febrl2,0.72,3075,1,1,6,1,1,2,5
febrl2,0.72,3529,1,1,1,1,0,1,0
febrl2,0.72,3450,1,1,1,1,0,1,0
febrl2,0.72,993,1,1,2,1,1,2,1
febrl2,0.72,1905,1,1,1,1,0,1,0
febrl2,0.72,1641,1,1,1,1,0,1,0
febrl2,0.72,3081,1,1,1,1,0,1,0
febrl2,0.72,487,1,1,1,1,0,1,0
febrl2,0.72,1097,1,1,1,1,0,1,0
febrl2,0.72,1240,1,1,1,1,0,1,0
febrl2,0.72,674,1,1,1,1,0,1,0
febrl2,0.72,2677,1,1,1,1,0,1,0
febrl2,0.72,2906,1,1,1,1,0,1,0
febrl2,0.72,926,1,1,1,1,0,1,0
febrl2,0.72,3810,1,1,1,1,0,1,0
febrl2,0.72,3287,1,1,1,1,0,1,0
febrl2,0.72,3776,1,1,1,1,0,1,0
febrl2,0.72,3548,1,1,1,1,0,1,0
febrl2,0.72,33,1,1,1,1,0,1,0
febrl2,0.72,1700,1,1,1,1,0,1,0
febrl2,0.72,2465,1,1,1,1,0,1,0
febrl2,0.72,1901,1,1,1,1,0,1,0
febrl2,0.72,1269,2,1,2,1,0,1,0
febrl2,0.72,2708,1,1,1,1,0,1,0
febrl2,0.72,1467,1,1,1,1,0,1,0
febrl2,0.72,352,3,1,3,1,0,1,0
febrl2,0.72,532,1,1,1,1,0,1,0
febrl2,0.72,3068,1,1,1,1,0,1,0
febrl2,0.72,537,1,1,2,1,1,2,1
febrl2,0.72,507,1,1,1,1,0,1,0
febrl2,0.72,931,1,1,2,1,1,2,1
febrl2,0.72,3097,2,1,2,1,0,1,0
febrl2,0.72,359,1,1,1,1,0,1,0
febrl2,0.72,2682,1,1,1,1,0,1,0
febrl2,0.72,1197,1,1,1,1,0,1,0
febrl2,0.72,1539,1,1,1,1,0,1,0
febrl2,0.72,910,1,1,1,1,0,1,0
febrl2,0.72,2707,1,1,1,1,0,1,0
febrl2,0.72,548,1,1,1,1,0,1,0
febrl2,0.72,1673,1,1,1,1,0,1,0
febrl2,0.72,1725,1,1,1,1,0,1,0
febrl2,0.72,1769,1,1,1,1,0,1,0
febrl2,0.72,2467,6,1,6,1,0,1,0
febrl2,0.72,1458,1,1,1,1,0,1,0
febrl2,0.72,2863,1,1,1,1,0,1,0
febrl2,0.72,1765,1,1,1,1,0,1,0
febrl2,0.72,2608,1,1,1,1,0,1,0
febrl2,0.72,1150,1,1,1,1,0,1,0
febrl2,0.72,1024,1,1,1,1,0,1,0
febrl2,0.72,1454,1,1,1,1,0,1,0
febrl2,0.72,1435,1,1,4,1,2,3,3
febrl2,0.72,655,1,1,1,1,0,1,0
febrl2,0.72,2735,1,1,1,1,0,1,0
febrl2,0.72,472,1,1,1,1,0,1,0
febrl2,0.72,3082,1,1,1,1,0,1,0
febrl2,0.72,3783,1,1,1,1,0,1,0
febrl2,0.72,1336,4,1,4,1,0,1,0
febrl2,0.72,2853,4,1,4,1,0,1,0
febrl2,0.72,3383,1,1,1,1,0,1,0
febrl2,0.72,3583,1,1,1,1,0,1,0
febrl2,0.72,1085,1,1,1,1,0,1,0
febrl2,0.72,2137,1,1,1,1,0,1,0
febrl2,0.72,393,1,1,1,1,0,1,0
febrl2,0.72,3427,1,1,1,1,0,1,0
febrl2,0.72,889,1,1,1,1,0,1,0
febrl2,0.72,3884,1,1,1,1,0,1,0
febrl2,0.72,2697,1,1,1,1,0,1,0
febrl2,0.72,3110,1,1,1,1,0,1,0
febrl2,0.72,1502,1,1,1,1,0,1,0
febrl2,0.72,747,1,1,1,1,0,1,0
febrl2,0.72,1819,1,1,1,1,0,1,0
febrl2,0.72,1053,1,1,1,1,0,1,0
febrl2,0.72,1455,1,1,1,1,0,1,0
febrl2,0.72,1332,1,1,1,1,0,1,0
febrl2,0.72,1245,1,1,1,1,0,1,0
febrl2,0.72,2527,1,1,1,1,0,1,0
febrl2,0.72,2258,1,1,1,1,0,1,0
febrl2,0.72,802,2,1,2,1,0,1,0
febrl2,0.72,3654,1,1,2,1,1,2,1
febrl2,0.72,3023,1,1,1,1,0,1,0
febrl2,0.72,2245,1,1,1,1,0,1,0
febrl2,0.72,1420,1,1,1,1,0,1,0
febrl2,0.72,793,1,1,1,1,0,1,0
febrl2,0.72,2612,1,1,1,1,0,1,0
febrl2,0.72,2344,1,1,1,1,0,1,0
febrl2,0.72,653,1,1,1,1,0,1,0
febrl2,0.72,2814,1,1,1,1,0,1,0
febrl2,0.72,956,4,1,4,1,0,1,0
febrl2,0.72,3014,1,1,1,1,0,1,0
febrl2,0.72,3313,1,1,1,1,0,1,0
febrl2,0.72,418,1,1,1,1,0,1,0
febrl2,0.72,2202,1,1,1,1,0,1,0
febrl2,0.72,2283,2,1,2,1,0,1,0
febrl2,0.72,1929,1,1,1,1,0,1,0
febrl2,0.72,110,1,1,1,1,0,1,0
febrl2,0.72,3200,1,1,1,1,0,1,0
febrl2,0.72,3144,1,1,2,1,1,2,1
febrl2,0.72,1475,1,1,1,1,0,1,0
febrl2,0.72,942,1,1,1,1,0,1,0
febrl2,0.72,1289,1,1,1,1,0,1,0
febrl2,0.72,1239,1,1,1,1,0,1,0
febrl2,0.72,3089,1,1,2,1,1,2,1
febrl2,0.72,3668,1,1,1,1,0,1,0
febrl2,0.72,2721,1,1,1,1,0,1,0
febrl2,0.72,2065,1,1,1,1,0,1,0
febrl2,0.72,3706,1,1,1,1,0,1,0
febrl2,0.72,3429,1,1,1,1,0,1,0
febrl2,0.72,230,1,1,1,1,0,1,0
febrl2,0.72,2256,1,1,1,1,0,1,0
febrl2,0.72,3274,1,1,2,1,1,2,1
febrl2,0.72,163,1,1,1,1,0,1,0
febrl2,0.72,2594,1,1,1,1,0,1,0
febrl2,0.72,997,1,1,1,1,0,1,0
febrl2,0.72,560,1,1,1,1,0,1,0
febrl2,0.72,738,1,1,1,1,0,1,0
febrl2,0.72,1512,1,1,1,1,0,1,0
febrl2,0.72,2689,1,1,1,1,0,1,0
febrl2,0.72,3569,1,1,1,1,0,1,0
febrl2,0.72,625,1,1,1,1,0,1,0
febrl2,0.72,3191,1,1,1,1,0,1,0
febrl2,0.72,3336,1,1,1,1,0,1,0
febrl2,0.72,3372,1,1,1,1,0,1,0
febrl2,0.72,460,1,1,1,1,0,1,0
febrl2,0.72,2013,1,1,1,1,0,1,0
febrl2,0.72,3269,1,1,1,1,0,1,0
febrl2,0.72,3253,1,1,1,1,0,1,0
febrl2,0.72,2100,1,1,1,1,0,1,0
febrl2,0.72,830,1,1,1,1,0,1,0
febrl2,0.72,1976,1,1,1,1,0,1,0
febrl2,0.72,2494,1,1,2,1,1,2,1
febrl2,0.72,76,4,1,4,1,0,1,0
febrl2,0.72,863,1,1,1,1,0,1,0
febrl2,0.72,3238,1,1,1,1,0,1,0
febrl2,0.72,1118,1,1,1,1,0,1,0
febrl2,0.72,1349,3,2,4,2,1,3,1
febrl2,0.72,291,1,1,1,1,0,1,0
febrl2,0.72,2741,1,1,1,1,0,1,0
febrl2,0.72,3954,1,1,1,1,0,1,0
febrl2,0.72,1392,1,1,1,1,0,1,0
febrl2,0.72,2997,1,1,1,1,0,1,0
febrl2,0.72,3276,1,1,1,1,0,1,0
febrl2,0.72,2554,1,1,1,1,0,1,0
febrl2,0.72,3464,1,1,1,1,0,1,0
febrl2,0.72,3703,5,1,5,1,0,1,0
febrl2,0.72,1775,2,1,2,1,0,1,0
febrl2,0.72,1057,1,1,1,1,0,1,0
febrl2,0.72,629,1,1,1,1,0,1,0
febrl2,0.72,3404,3,1,3,1,0,1,0
febrl2,0.72,894,1,1,1,1,0,1,0
febrl2,0.72,1493,4,1,4,1,0,1,0
febrl2,0.72,56,1,1,1,1,0,1,0
febrl2,0.72,3791,3,1,3,1,0,1,0
febrl2,0.72,1073,1,1,1,1,0,1,0
febrl2,0.72,542,2,1,2,1,0,1,0
febrl2,0.72,1333,1,1,1,1,0,1,0
febrl2,0.72,2792,1,1,1,1,0,1,0
febrl2,0.72,3986,1,1,1,1,0,1,0
febrl2,0.72,3711,1,1,2,1,1,2,1
febrl2,0.72,3704,5,1,5,1,0,1,0
febrl2,0.72,852,1,1,1,1,0,1,0
febrl2,0.72,568,1,1,1,1,0,1,0
febrl2,0.72,634,1,1,1,1,0,1,0
febrl2,0.72,2431,1,1,1,1,0,1,0
febrl2,0.72,1457,5,1,5,1,0,1,0
febrl2,0.72,392,1,1,1,1,0,1,0
febrl2,0.72,3438,1,1,1,1,0,1,0
febrl2,0.72,953,1,1,1,1,0,1,0
febrl2,0.72,831,1,1,1,1,0,1,0
febrl2,0.72,3596,1,1,2,1,1,2,1
febrl2,0.72,234,1,1,1,1,0,1,0
febrl2,0.72,796,3,1,3,1,0,1,0
febrl2,0.72,855,1,1,1,1,0,1,0
febrl2,0.72,2335,1,1,1,1,0,1,0
febrl2,0.72,1421,1,1,1,1,0,1,0
febrl2,0.72,2679,4,1,4,1,0,1,0
febrl2,0.72,279,1,1,1,1,0,1,0
febrl2,0.72,820,1,1,2,1,1,2,1
febrl2,0.72,759,1,1,1,1,0,1,0
febrl2,0.72,2968,1,1,1,1,0,1,0
febrl2,0.72,2381,1,1,1,1,0,1,0
febrl2,0.72,2287,1,1,1,1,0,1,0
febrl2,0.72,175,1,1,1,1,0,1,0
febrl2,0.72,3231,4,1,4,1,0,1,0
febrl2,0.72,3827,4,1,4,1,0,1,0
febrl2,0.72,1913,1,1,1,1,0,1,0
febrl2,0.72,1521,2,1,2,1,0,1,0
febrl2,0.72,3447,2,1,2,1,0,1,0
febrl2,0.72,183,3,1,3,1,0,1,0
febrl2,0.72,601,1,1,1,1,0,1,0
febrl2,0.72,1212,1,1,1,1,0,1,0
febrl2,0.72,105,1,1,1,1,0,1,0
febrl2,0.72,2053,1,1,1,1,0,1,0
febrl2,0.72,2995,1,1,1,1,0,1,0
febrl2,0.72,1527,1,1,1,1,0,1,0
febrl2,0.72,3140,1,1,1,1,0,1,0
febrl2,0.72,1040,1,1,1,1,0,1,0
febrl2,0.72,3007,1,1,1,1,0,1,0
febrl2,0.72,2212,1,1,1,1,0,1,0
febrl2,0.72,1171,1,1,1,1,0,1,0
febrl2,0.72,1995,1,1,1,1,0,1,0
febrl2,0.72,1469,1,1,1,1,0,1,0
febrl2,0.72,2766,1,1,2,1,1,2,1
febrl2,0.72,2428,1,1,1,1,0,1,0
febrl2,0.72,1644,1,1,1,1,0,1,0
febrl2,0.72,169,1,1,1,1,0,1,0
febrl2,0.72,2337,3,1,3,1,0,1,0
febrl2,0.72,315,1,1,6,1,1,2,5
febrl2,0.72,3834,1,1,1,1,0,1,0
febrl2,0.72,3184,1,1,1,1,0,1,0
febrl2,0.72,3946,1,1,1,1,0,1,0
febrl2,0.72,1585,5,1,5,1,0,1,0
febrl2,0.72,2451,1,1,1,1,0,1,0
febrl2,0.72,3323,1,1,1,1,0,1,0
febrl2,0.72,1076,1,1,1,1,0,1,0
febrl2,0.72,2847,1,1,2,1,1,2,1
febrl2,0.72,42,1,1,1,1,0,1,0
febrl2,0.72,3011,1,1,1,1,0,1,0
febrl2,0.72,732,1,1,1,1,0,1,0
febrl2,0.72,2213,1,1,1,1,0,1,0
febrl2,0.72,2983,1,1,1,1,0,1,0
febrl2,0.72,2562,1,1,1,1,0,1,0
febrl2,0.72,2920,1,1,1,1,0,1,0
febrl2,0.72,223,1,1,2,1,1,2,1
febrl2,0.72,3984,1,1,1,1,0,1,0
febrl2,0.72,900,1,1,1,1,0,1,0
febrl2,0.72,1363,1,1,1,1,0,1,0
febrl2,0.72,752,1,1,1,1,0,1,0
febrl2,0.72,2962,1,1,2,1,1,2,1
febrl2,0.72,946,1,1,1,1,0,1,0
febrl2,0.72,2589,1,1,1,1,0,1,0
febrl2,0.72,1749,1,1,1,1,0,1,0
febrl2,0.72,1403,1,1,1,1,0,1,0
febrl2,0.72,492,3,2,3,2,0,2,0
febrl2,0.72,3266,1,1,1,1,0,1,0
febrl2,0.72,406,1,1,1,1,0,1,0
febrl2,0.72,2452,1,1,1,1,0,1,0
febrl2,0.72,1133,2,1,2,1,0,1,0
febrl2,0.72,3789,1,1,1,1,0,1,0
febrl2,0.72,3204,1,1,1,1,0,1,0
febrl2,0.72,1373,1,1,1,1,0,1,0
febrl2,0.72,3998,1,1,1,1,0,1,0
febrl2,0.72,1862,1,1,1,1,0,1,0
febrl2,0.72,2364,1,1,1,1,0,1,0
febrl2,0.72,1044,1,1,1,1,0,1,0
febrl2,0.72,1359,1,1,1,1,0,1,0
febrl2,0.72,949,1,1,1,1,0,1,0
febrl2,0.72,1367,1,1,1,1,0,1,0
febrl2,0.72,2573,1,1,1,1,0,1,0
febrl2,0.72,135,1,1,1,1,0,1,0
febrl2,0.72,2259,1,1,1,1,0,1,0
febrl2,0.72,3128,1,1,1,1,0,1,0
febrl2,0.72,2578,1,1,1,1,0,1,0
febrl2,0.72,1172,3,1,3,1,0,1,0
febrl2,0.72,2021,1,1,1,1,0,1,0
febrl2,0.72,1307,1,1,1,1,0,1,0
febrl2,0.72,2648,1,1,1,1,0,1,0
febrl2,0.72,2761,1,1,2,1,1,2,1
febrl2,0.72,514,1,1,1,1,0,1,0
febrl2,0.72,798,1,1,1,1,0,1,0
febrl2,0.72,3544,1,1,1,1,0,1,0
febrl2,0.72,3949,4,2,4,2,0,2,0
febrl2,0.72,2032,1,1,1,1,0,1,0
febrl2,0.72,3660,1,1,3,1,1,2,2
febrl2,0.72,2208,1,1,1,1,0,1,0
febrl2,0.72,1619,1,1,1,1,0,1,0
febrl2,0.72,615,1,1,1,1,0,1,0
febrl2,0.72,2347,1,1,1,1,0,1,0
febrl2,0.72,2786,1,1,1,1,0,1,0
febrl2,0.72,1712,4,1,4,1,0,1,0
febrl2,0.72,3137,1,1,1,1,0,1,0
febrl2,0.72,2611,1,1,1,1,0,1,0
febrl2,0.72,1567,1,1,1,1,0,1,0
febrl2,0.72,2825,1,1,1,1,0,1,0
febrl2,0.72,1897,1,1,1,1,0,1,0
febrl2,0.72,886,1,1,1,1,0,1,0
febrl2,0.72,652,1,1,1,1,0,1,0
febrl2,0.72,62,3,1,6,1,1,2,3
febrl2,0.72,733,1,1,1,1,0,1,0
febrl2,0.72,2495,1,1,1,1,0,1,0
febrl2,0.72,3494,1,1,1,1,0,1,0
febrl2,0.72,1618,1,1,1,1,0,1,0
febrl2,0.72,684,1,1,1,1,0,1,0
febrl2,0.72,2072,1,1,1,1,0,1,0
febrl2,0.72,3787,1,1,1,1,0,1,0
febrl2,0.72,2952,1,1,1,1,0,1,0
febrl2,0.72,2112,1,1,1,1,0,1,0
febrl2,0.72,338,1,1,1,1,0,1,0
febrl2,0.72,879,1,1,2,1,1,2,1
febrl2,0.72,2427,3,1,9,1,1,2,6
febrl2,0.72,1463,1,1,1,1,0,1,0
febrl2,0.72,1816,1,1,1,1,0,1,0
febrl2,0.72,2048,1,1,1,1,0,1,0
febrl2,0.72,3442,1,1,1,1,0,1,0
febrl2,0.72,1608,1,1,1,1,0,1,0
febrl2,0.72,2132,1,1,1,1,0,1,0
febrl2,0.72,710,1,1,1,1,0,1,0
febrl2,0.72,1252,3,1,3,1,0,1,0
febrl2,0.72,3406,2,1,3,1,1,2,1
febrl2,0.72,1589,1,1,1,1,0,1,0
febrl2,0.72,1917,1,1,1,1,0,1,0
febrl2,0.72,1631,1,1,1,1,0,1,0
febrl2,0.72,140,1,1,1,1,0,1,0
febrl2,0.72,2384,3,1,3,1,0,1,0
febrl2,0.72,2815,4,1,4,1,0,1,0
febrl2,0.72,1491,1,1,1,1,0,1,0
febrl2,0.72,728,1,1,1,1,0,1,0
febrl2,0.72,2060,1,1,1,1,0,1,0
febrl2,0.72,873,1,1,1,1,0,1,0
febrl2,0.72,1501,1,1,1,1,0,1,0
febrl2,0.72,485,1,1,1,1,0,1,0
febrl2,0.72,1883,1,1,1,1,0,1,0
febrl2,0.72,2145,3,1,3,1,0,1,0
febrl2,0.72,1355,4,1,4,1,0,1,0
febrl2,0.72,3970,3,1,3,1,0,1,0
febrl2,0.72,1815,1,1,1,1,0,1,0
febrl2,0.72,3225,1,1,1,1,0,1,0
febrl2,0.72,2621,1,1,1,1,0,1,0
febrl2,0.72,1561,1,1,1,1,0,1,0
febrl2,0.72,3441,1,1,1,1,0,1,0
febrl2,0.72,166,1,1,1,1,0,1,0
febrl2,0.72,878,3,1,3,1,0,1,0
febrl2,0.72,1003,1,1,1,1,0,1,0
febrl2,0.72,3969,1,1,1,1,0,1,0
febrl2,0.72,51,1,1,1,1,0,1,0
febrl2,0.72,3917,1,1,1,1,0,1,0
febrl2,0.72,1025,1,1,1,1,0,1,0
febrl2,0.72,2365,1,1,1,1,0,1,0
febrl2,0.72,1835,1,1,1,1,0,1,0
febrl2,0.72,3331,1,1,1,1,0,1,0
febrl2,0.72,335,1,1,1,1,0,1,0
febrl2,0.72,3567,1,1,1,1,0,1,0
febrl2,0.72,1744,1,1,1,1,0,1,0
febrl2,0.72,1542,1,1,1,1,0,1,0
febrl2,0.72,2886,1,1,1,1,0,1,0
febrl2,0.72,287,3,1,3,1,0,1,0
febrl2,0.72,1606,1,1,1,1,0,1,0
febrl2,0.72,2966,1,1,1,1,0,1,0
febrl2,0.72,1799,1,1,1,1,0,1,0
febrl2,0.72,1683,1,1,1,1,0,1,0
febrl2,0.72,289,2,1,2,1,0,1,0
febrl2,0.72,3742,1,1,1,1,0,1,0
febrl2,0.72,2955,1,1,1,1,0,1,0
febrl2,0.72,3662,1,1,1,1,0,1,0
febrl2,0.72,2018,1,1,1,1,0,1,0
febrl2,0.72,3388,1,1,1,1,0,1,0
febrl2,0.72,2225,1,1,1,1,0,1,0
febrl2,0.72,3992,1,1,1,1,0,1,0
febrl2,0.72,811,1,1,1,1,0,1,0
febrl2,0.72,3819,1,1,1,1,0,1,0
febrl2,0.72,381,1,1,1,1,0,1,0
febrl2,0.72,3565,4,1,4,1,0,1,0
febrl2,0.72,2752,1,1,2,1,1,2,1
febrl2,0.72,962,1,1,1,1,0,1,0
febrl2,0.72,3050,1,1,1,1,0,1,0
febrl2,0.72,1982,1,1,1,1,0,1,0
febrl2,0.72,2056,1,1,1,1,0,1,0
febrl2,0.72,1931,1,1,1,1,0,1,0
febrl2,0.72,2138,1,1,1,1,0,1,0
febrl2,0.72,689,1,1,1,1,0,1,0
febrl2,0.72,1418,1,1,1,1,0,1,0
febrl2,0.72,3093,1,1,1,1,0,1,0
febrl2,0.72,1227,1,1,1,1,0,1,0
febrl2,0.72,156,1,1,1,1,0,1,0
febrl2,0.72,1914,1,1,1,1,0,1,0
febrl2,0.72,2969,1,1,1,1,0,1,0
febrl2,0.72,3212,1,1,1,1,0,1,0
febrl2,0.72,1806,1,1,1,1,0,1,0
febrl2,0.72,563,1,1,1,1,0,1,0
febrl2,0.72,2399,1,1,1,1,0,1,0
febrl2,0.72,3900,1,1,1,1,0,1,0
febrl2,0.72,2055,1,1,1,1,0,1,0
febrl2,0.72,2315,1,1,1,1,0,1,0
febrl2,0.72,3098,1,1,1,1,0,1,0
febrl2,0.72,2894,1,1,1,1,0,1,0
febrl2,0.72,2910,1,1,1,1,0,1,0
febrl2,0.72,278,1,1,1,1,0,1,0
febrl2,0.72,3559,1,1,1,1,0,1,0
febrl2,0.72,2782,1,1,1,1,0,1,0
febrl2,0.72,602,1,1,1,1,0,1,0
febrl2,0.72,3844,1,1,1,1,0,1,0
febrl2,0.72,2769,1,1,1,1,0,1,0
febrl2,0.72,8,1,1,1,1,0,1,0
febrl2,0.72,2544,5,1,5,1,0,1,0
febrl2,0.72,1395,1,1,1,1,0,1,0
febrl2,0.72,3338,1,1,1,1,0,1,0
febrl2,0.72,2988,1,1,1,1,0,1,0
febrl2,0.72,247,3,1,3,1,0,1,0
febrl2,0.72,2464,1,1,1,1,0,1,0
febrl2,0.72,464,1,1,1,1,0,1,0
febrl2,0.72,3625,1,1,1,1,0,1,0
febrl2,0.72,250,1,1,1,1,0,1,0
febrl2,0.72,16,1,1,1,1,0,1,0
febrl2,0.72,3953,1,1,2,1,1,2,1
febrl2,0.72,3283,1,1,1,1,0,1,0
febrl2,0.72,2478,1,1,1,1,0,1,0
febrl2,0.72,127,1,1,1,1,0,1,0
febrl2,0.72,2196,4,1,4,1,0,1,0
febrl2,0.72,975,1,1,1,1,0,1,0
febrl2,0.72,3849,1,1,1,1,0,1,0
febrl2,0.72,725,1,1,1,1,0,1,0
febrl2,0.72,2001,1,1,1,1,0,1,0
febrl2,0.72,554,1,1,1,1,0,1,0
febrl2,0.72,1716,1,1,1,1,0,1,0
febrl2,0.72,3780,1,1,1,1,0,1,0
febrl2,0.72,1116,1,1,2,1,1,2,1
febrl2,0.72,133,1,1,1,1,0,1,0
febrl2,0.72,159,1,1,1,1,0,1,0
febrl2,0.72,2144,1,1,1,1,0,1,0
febrl2,0.72,1677,4,1,4,1,0,1,0
febrl2,0.72,1352,1,1,1,1,0,1,0
febrl2,0.72,2167,1,1,1,1,0,1,0
febrl2,0.72,1185,1,1,1,1,0,1,0
febrl2,0.72,3145,1,1,1,1,0,1,0
febrl2,0.72,1503,1,1,1,1,0,1,0
febrl2,0.72,1792,1,1,1,1,0,1,0
febrl2,0.72,1717,1,1,5,1,2,3,4
febrl2,0.72,2068,1,1,5,1,1,2,4
febrl2,0.72,1837,1,1,1,1,0,1,0
febrl2,0.72,3915,1,1,1,1,0,1,0
febrl2,0.72,1672,2,2,2,2,0,2,0
febrl2,0.72,3127,1,1,1,1,0,1,0
febrl2,0.72,3893,1,1,1,1,0,1,0
febrl2,0.72,3293,1,1,1,1,0,1,0
febrl2,0.72,2534,1,1,1,1,0,1,0
febrl2,0.72,2749,1,1,1,1,0,1,0
febrl2,0.72,3431,1,1,1,1,0,1,0
febrl2,0.72,333,1,1,1,1,0,1,0
febrl2,0.72,2158,1,1,1,1,0,1,0
febrl2,0.72,3357,1,1,1,1,0,1,0
febrl2,0.72,462,1,1,1,1,0,1,0
febrl2,0.72,857,1,1,1,1,0,1,0
febrl2,0.72,458,1,1,1,1,0,1,0
febrl2,0.72,2033,1,1,1,1,0,1,0
febrl2,0.72,3356,1,1,1,1,0,1,0
febrl2,0.72,448,1,1,1,1,0,1,0
febrl2,0.72,2649,1,1,1,1,0,1,0
febrl2,0.72,1745,3,1,3,1,0,1,0
febrl2,0.72,2704,1,1,1,1,0,1,0
febrl2,0.72,1884,1,1,1,1,0,1,0
febrl2,0.72,1826,1,1,1,1,0,1,0
febrl2,0.72,1681,1,1,1,1,0,1,0
febrl2,0.72,2781,1,1,1,1,0,1,0
febrl2,0.72,3802,1,1,1,1,0,1,0
febrl2,0.72,3821,1,1,1,1,0,1,0
febrl2,0.72,3017,1,1,1,1,0,1,0
febrl2,0.72,1510,2,1,2,1,0,1,0
febrl2,0.72,2984,1,1,1,1,0,1,0
febrl2,0.72,1093,1,1,1,1,0,1,0
febrl2,0.72,2629,1,1,1,1,0,1,0
febrl2,0.72,3073,3,1,3,1,0,1,0
febrl2,0.72,1270,1,1,1,1,0,1,0
febrl2,0.72,3600,2,1,2,1,0,1,0
febrl2,0.72,3936,1,1,1,1,0,1,0
febrl2,0.72,2599,1,1,1,1,0,1,0
febrl2,0.72,1943,4,1,4,1,0,1,0
febrl2,0.72,3589,1,1,1,1,0,1,0
febrl2,0.72,441,1,1,2,1,1,2,1
febrl2,0.72,2787,1,1,1,1,0,1,0
febrl2,0.72,3942,1,1,1,1,0,1,0
febrl2,0.72,424,1,1,1,1,0,1,0
febrl2,0.72,3224,1,1,1,1,0,1,0
febrl2,0.72,57,1,1,1,1,0,1,0
febrl2,0.72,434,1,1,1,1,0,1,0
febrl2,0.72,3449,1,1,1,1,0,1,0
febrl2,0.72,433,1,1,1,1,0,1,0
febrl2,0.72,3053,1,1,1,1,0,1,0
febrl2,0.72,662,1,1,1,1,0,1,0
febrl2,0.72,2237,1,1,2,1,1,2,1
febrl2,0.72,1325,1,1,1,1,0,1,0
febrl2,0.72,2104,1,1,1,1,0,1,0
febrl2,0.72,104,1,1,1,1,0,1,0
febrl2,0.72,1634,1,1,1,1,0,1,0
febrl2,0.72,3422,1,1,1,1,0,1,0
febrl2,0.72,3465,1,1,1,1,0,1,0
febrl2,0.72,2876,1,1,1,1,0,1,0
febrl2,0.72,1055,1,1,1,1,0,1,0
febrl2,0.72,2858,1,1,1,1,0,1,0
febrl2,0.72,160,1,1,1,1,0,1,0
febrl2,0.72,2555,1,1,1,1,0,1,0
febrl2,0.72,2180,1,1,4,1,1,2,3
febrl2,0.72,2951,1,1,1,1,0,1,0
febrl2,0.72,1128,1,1,1,1,0,1,0
febrl2,0.72,3576,1,1,1,1,0,1,0
febrl2,0.72,3908,1,1,1,1,0,1,0
febrl2,0.72,3620,1,1,1,1,0,1,0
febrl2,0.72,2879,3,1,3,1,0,1,0
febrl2,0.72,1358,1,1,1,1,0,1,0
febrl2,0.72,2662,1,1,1,1,0,1,0
febrl2,0.72,2596,1,1,1,1,0,1,0
febrl2,0.72,397,1,1,1,1,0,1,0
febrl2,0.72,1528,3,1,3,1,0,1,0
febrl2,0.72,3987,1,1,1,1,0,1,0
febrl2,0.72,3364,1,1,1,1,0,1,0
febrl2,0.72,525,1,1,2,1,1,2,1
febrl2,0.72,1410,1,1,1,1,0,1,0
febrl2,0.72,808,1,1,1,1,0,1,0
febrl2,0.72,1293,1,1,1,1,0,1,0
febrl2,0.72,564,1,1,1,1,0,1,0
febrl2,0.72,2061,1,1,1,1,0,1,0
febrl2,0.72,2542,1,1,1,1,0,1,0
febrl2,0.72,431,4,1,4,1,0,1,0
febrl2,0.72,1124,1,1,1,1,0,1,0
febrl2,0.72,2813,1,1,1,1,0,1,0
febrl2,0.72,3568,1,1,1,1,0,1,0
febrl2,0.72,3761,2,1,2,1,0,1,0
febrl2,0.72,2139,1,1,1,1,0,1,0
febrl2,0.72,1791,1,1,1,1,0,1,0
febrl2,0.72,2103,1,1,1,1,0,1,0
febrl2,0.72,1052,5,1,5,1,0,1,0
febrl2,0.72,595,1,1,1,1,0,1,0
febrl2,0.72,3485,1,1,4,1,1,2,3
febrl2,0.72,945,1,1,1,1,0,1,0
febrl2,0.72,2491,1,1,1,1,0,1,0
febrl2,0.72,1486,1,1,1,1,0,1,0
febrl2,0.72,1494,1,1,1,1,0,1,0
febrl2,0.72,1426,1,1,1,1,0,1,0
febrl2,0.72,3369,1,1,1,1,0,1,0
febrl2,0.72,2857,1,1,1,1,0,1,0
febrl2,0.72,2090,1,1,1,1,0,1,0
febrl2,0.72,579,1,1,1,1,0,1,0
febrl2,0.72,2025,1,1,1,1,0,1,0
febrl2,0.72,3615,1,1,1,1,0,1,0
febrl2,0.72,1540,1,1,1,1,0,1,0
febrl2,0.72,2736,1,1,1,1,0,1,0
febrl2,0.72,2663,1,1,1,1,0,1,0
febrl2,0.72,1550,1,1,2,1,1,2,1
febrl2,0.72,3483,1,1,1,1,0,1,0
febrl2,0.72,2035,1,1,1,1,0,1,0
febrl2,0.72,2135,3,1,3,1,0,1,0
febrl2,0.72,2747,1,1,1,1,0,1,0
febrl2,0.72,41,1,1,1,1,0,1,0
febrl2,0.72,422,1,1,1,1,0,1,0
febrl2,0.72,511,1,1,1,1,0,1,0
febrl2,0.72,1626,1,1,1,1,0,1,0
febrl2,0.72,302,1,1,1,1,0,1,0
febrl2,0.72,2036,1,1,1,1,0,1,0
febrl2,0.72,2059,1,1,1,1,0,1,0
febrl2,0.72,883,1,1,1,1,0,1,0
febrl2,0.72,2311,1,1,1,1,0,1,0
febrl2,0.72,1279,1,1,1,1,0,1,0
febrl2,0.72,323,1,1,1,1,0,1,0
febrl2,0.72,2843,1,1,1,1,0,1,0
febrl2,0.72,957,1,1,1,1,0,1,0
febrl2,0.72,2851,1,1,2,1,1,2,1
febrl2,0.72,3255,1,1,1,1,0,1,0
febrl2,0.72,1060,1,1,1,1,0,1,0
febrl2,0.72,3353,1,1,1,1,0,1,0
febrl2,0.72,186,1,1,1,1,0,1,0
febrl2,0.72,3566,3,1,4,1,1,2,1
febrl2,0.72,3864,1,1,1,1,0,1,0
febrl2,0.72,3948,1,1,1,1,0,1,0
febrl2,0.72,3381,1,1,1,1,0,1,0
febrl2,0.72,64,1,1,1,1,0,1,0
febrl2,0.72,480,1,1,1,1,0,1,0
febrl2,0.72,1273,1,1,1,1,0,1,0
febrl2,0.72,1195,1,1,1,1,0,1,0
febrl2,0.72,3175,1,1,1,1,0,1,0
febrl2,0.72,2548,1,1,1,1,0,1,0
febrl2,0.72,2302,1,1,1,1,0,1,0
febrl2,0.72,3129,1,1,1,1,0,1,0
febrl2,0.72,1543,3,1,5,1,1,2,2
febrl2,0.72,2758,1,1,1,1,0,1,0
febrl2,0.72,1573,1,1,1,1,0,1,0
febrl2,0.72,2141,1,1,1,1,0,1,0
febrl2,0.72,3515,1,1,1,1,0,1,0
febrl2,0.72,2575,1,1,1,1,0,1,0
febrl2,0.72,1102,1,1,1,1,0,1,0
febrl2,0.72,3086,3,1,3,1,0,1,0
febrl2,0.72,2744,3,1,3,1,0,1,0
febrl2,0.72,1030,1,1,1,1,0,1,0
febrl2,0.72,2757,1,1,1,1,0,1,0
febrl2,0.72,1144,1,1,1,1,0,1,0
febrl2,0.72,344,1,1,1,1,0,1,0
febrl2,0.72,3681,1,1,1,1,0,1,0
febrl2,0.72,1730,1,1,1,1,0,1,0
febrl2,0.72,17,1,1,1,1,0,1,0
febrl2,0.72,1362,1,1,1,1,0,1,0
febrl2,0.72,198,1,1,1,1,0,1,0
febrl2,0.72,2545,3,1,3,1,0,1,0
febrl2,0.72,1735,1,1,1,1,0,1,0
febrl2,0.72,3797,1,1,1,1,0,1,0
febrl2,0.72,3484,1,1,1,1,0,1,0
febrl2,0.72,3361,1,1,1,1,0,1,0
febrl2,0.72,3229,1,1,1,1,0,1,0
febrl2,0.72,2389,1,1,1,1,0,1,0
febrl2,0.72,1461,1,1,1,1,0,1,0
febrl2,0.72,845,1,1,1,1,0,1,0
febrl2,0.72,3543,1,1,1,1,0,1,0
febrl2,0.72,2948,1,1,1,1,0,1,0
febrl2,0.72,1768,1,1,1,1,0,1,0
febrl2,0.72,1920,1,1,1,1,0,1,0
febrl2,0.72,2553,1,1,1,1,0,1,0
febrl2,0.72,3649,1,1,1,1,0,1,0
febrl2,0.72,834,1,1,1,1,0,1,0
febrl2,0.72,2455,1,1,1,1,0,1,0
febrl2,0.72,1866,2,1,2,1,0,1,0
febrl2,0.72,32,1,1,1,1,0,1,0
febrl2,0.72,501,1,1,1,1,0,1,0
febrl2,0.72,2501,1,1,1,1,0,1,0
febrl2,0.72,164,1,1,1,1,0,1,0
febrl2,0.72,2184,1,1,1,1,0,1,0
febrl2,0.72,2901,1,1,1,1,0,1,0
febrl2,0.72,123,1,1,2,1,1,2,1
febrl2,0.72,1340,1,1,1,1,0,1,0
febrl2,0.72,2437,1,1,1,1,0,1,0
febrl2,0.72,1974,1,1,1,1,0,1,0
febrl2,0.72,1594,2,1,2,1,0,1,0
febrl2,0.72,1993,1,1,1,1,0,1,0
febrl2,0.72,2130,2,1,2,1,0,1,0
febrl2,0.72,600,1,1,1,1,0,1,0
febrl2,0.72,38,1,1,1,1,0,1,0
febrl2,0.72,947,1,1,1,1,0,1,0
febrl2,0.72,2250,1,1,1,1,0,1,0
febrl2,0.72,3765,3,1,3,1,0,1,0
febrl2,0.72,3854,1,1,1,1,0,1,0
febrl2,0.72,3678,1,1,1,1,0,1,0
febrl2,0.72,731,1,1,1,1,0,1,0
febrl2,0.72,1578,1,1,1,1,0,1,0
febrl2,0.72,3374,1,1,1,1,0,1,0
febrl2,0.72,3873,1,1,1,1,0,1,0
febrl2,0.72,1975,1,1,1,1,0,1,0
febrl2,0.72,1020,1,1,1,1,0,1,0
febrl2,0.72,1666,1,1,1,1,0,1,0
febrl2,0.72,1885,4,1,4,1,0,1,0
febrl2,0.72,1650,1,1,1,1,0,1,0
febrl2,0.72,496,1,1,1,1,0,1,0
febrl2,0.72,1431,1,1,2,1,1,2,1
febrl2,0.72,3498,1,1,1,1,0,1,0
febrl2,0.72,470,3,1,3,1,0,1,0
febrl2,0.72,2296,1,1,1,1,0,1,0
febrl2,0.72,1368,1,1,1,1,0,1,0
febrl2,0.72,2616,1,1,1,1,0,1,0
febrl2,0.72,2790,1,1,1,1,0,1,0
febrl2,0.72,3426,1,1,1,1,0,1,0
febrl2,0.72,2178,1,1,1,1,0,1,0
febrl2,0.72,3688,1,1,1,1,0,1,0
febrl2,0.72,267,1,1,1,1,0,1,0
febrl2,0.72,459,1,1,1,1,0,1,0
febrl2,0.72,2429,1,1,1,1,0,1,0
febrl2,0.72,3976,6,1,6,1,0,1,0
febrl2,0.72,2977,1,1,1,1,0,1,0
febrl2,0.72,1597,1,1,2,1,1,2,1
febrl2,0.72,147,1,1,1,1,0,1,0
febrl2,0.72,3478,1,1,1,1,0,1,0
febrl2,0.72,742,1,1,1,1,0,1,0
febrl2,0.72,842,3,1,3,1,0,1,0
febrl2,0.72,253,1,1,1,1,0,1,0
febrl2,0.72,3445,1,1,1,1,0,1,0
febrl2,0.72,73,1,1,1,1,0,1,0
febrl2,0.72,2140,1,1,1,1,0,1,0
febrl2,0.72,882,1,1,1,1,0,1,0
febrl2,0.72,2377,1,1,1,1,0,1,0
febrl2,0.72,2278,1,1,1,1,0,1,0
febrl2,0.72,3786,1,1,1,1,0,1,0
febrl2,0.72,2457,1,1,1,1,0,1,0
febrl2,0.72,3824,1,1,1,1,0,1,0
febrl2,0.72,3760,1,1,1,1,0,1,0
febrl2,0.72,26,1,1,2,1,1,2,1
febrl2,0.72,1605,1,1,1,1,0,1,0
febrl2,0.72,336,1,1,1,1,0,1,0
febrl2,0.72,3282,1,1,1,1,0,1,0
febrl2,0.72,566,1,1,1,1,0,1,0
febrl2,0.72,3100,1,1,1,1,0,1,0
febrl2,0.72,3828,1,1,1,1,0,1,0
febrl2,0.72,2309,1,1,2,1,1,2,1
febrl2,0.72,1434,1,1,1,1,0,1,0
febrl2,0.72,3026,1,1,1,1,0,1,0
febrl2,0.72,3275,1,1,1,1,0,1,0
febrl2,0.72,1272,1,1,1,1,0,1,0
febrl2,0.72,598,1,1,1,1,0,1,0
febrl2,0.72,2363,1,1,1,1,0,1,0
febrl2,0.72,3065,1,1,2,1,1,2,1
febrl2,0.72,1370,1,1,1,1,0,1,0
febrl2,0.72,1743,1,1,1,1,0,1,0
febrl2,0.72,1847,1,1,1,1,0,1,0
febrl2,0.72,3281,1,1,1,1,0,1,0
febrl2,0.72,3845,1,1,1,1,0,1,0
febrl2,0.72,2801,1,1,1,1,0,1,0
febrl2,0.72,420,1,1,1,1,0,1,0
febrl2,0.72,2083,1,1,1,1,0,1,0
febrl2,0.72,3933,1,1,3,1,1,2,2
febrl2,0.72,1083,1,1,1,1,0,1,0
febrl2,0.72,1535,1,1,1,1,0,1,0
febrl2,0.72,1904,1,1,1,1,0,1,0
febrl2,0.72,1066,1,1,1,1,0,1,0
febrl2,0.72,1311,1,1,1,1,0,1,0
febrl2,0.72,2859,1,1,1,1,0,1,0
febrl2,0.72,3938,1,1,1,1,0,1,0
febrl2,0.72,357,1,1,1,1,0,1,0
febrl2,0.72,2793,3,1,3,1,0,1,0
febrl2,0.72,2967,1,1,1,1,0,1,0
febrl2,0.72,785,1,1,1,1,0,1,0
febrl2,0.72,3519,1,1,1,1,0,1,0
febrl2,0.72,1637,1,1,1,1,0,1,0
febrl2,0.72,171,1,1,1,1,0,1,0
febrl2,0.72,3848,1,1,1,1,0,1,0
febrl2,0.72,2804,1,1,1,1,0,1,0
febrl2,0.72,15,3,1,3,1,0,1,0
febrl2,0.72,3865,1,1,1,1,0,1,0
febrl2,0.72,2281,1,1,1,1,0,1,0
febrl2,0.72,2981,1,1,1,1,0,1,0
febrl2,0.72,1984,1,1,1,1,0,1,0
febrl2,0.72,2999,1,1,1,1,0,1,0
febrl2,0.72,3982,1,1,1,1,0,1,0
febrl2,0.72,1324,1,1,1,1,0,1,0
febrl2,0.72,1691,1,1,1,1,0,1,0
febrl2,0.72,1220,1,1,1,1,0,1,0
febrl2,0.72,3747,1,1,1,1,0,1,0
febrl2,0.72,2122,4,1,4,1,0,1,0
febrl2,0.72,3390,1,1,1,1,0,1,0
febrl2,0.72,199,1,1,1,1,0,1,0
febrl2,0.72,1824,1,1,1,1,0,1,0
febrl2,0.72,1148,1,1,1,1,0,1,0
febrl2,0.72,3545,1,1,1,1,0,1,0
febrl2,0.72,2887,1,1,1,1,0,1,0
febrl2,0.72,1694,1,1,1,1,0,1,0
febrl2,0.72,2885,1,1,1,1,0,1,0
febrl2,0.72,2430,1,1,1,1,0,1,0
febrl2,0.72,1514,1,1,1,1,0,1,0
febrl2,0.72,3158,1,1,1,1,0,1,0
febrl2,0.72,3270,1,1,1,1,0,1,0
febrl2,0.72,27,1,1,1,1,0,1,0
febrl2,0.72,1098,1,1,1,1,0,1,0
febrl2,0.72,1229,1,1,1,1,0,1,0
febrl2,0.72,1330,1,1,1,1,0,1,0
febrl2,0.72,741,1,1,1,1,0,1,0
febrl2,0.72,2696,1,1,1,1,0,1,0
febrl2,0.72,3537,1,1,1,1,0,1,0
febrl2,0.72,217,1,1,1,1,0,1,0
febrl2,0.72,3748,3,1,10,1,2,3,7
febrl2,0.72,1417,1,1,1,1,0,1,0
febrl2,0.72,2440,2,1,2,1,0,1,0
febrl2,0.72,691,1,1,1,1,0,1,0
febrl2,0.72,2340,1,1,1,1,0,1,0
febrl2,0.72,2810,3,1,3,1,0,1,0
febrl2,0.72,3354,1,1,4,1,2,3,3
febrl2,0.72,1586,2,1,2,1,0,1,0
febrl2,0.72,1892,1,1,1,1,0,1,0
febrl2,0.72,3384,1,1,1,1,0,1,0
febrl2,0.72,1468,1,1,1,1,0,1,0
febrl2,0.72,2982,1,1,1,1,0,1,0
febrl2,0.72,1909,1,1,1,1,0,1,0
febrl2,0.72,2329,1,1,1,1,0,1,0
febrl2,0.72,3666,1,1,1,1,0,1,0
febrl2,0.72,3366,1,1,1,1,0,1,0
febrl2,0.72,727,1,1,1,1,0,1,0
febrl2,0.72,1470,1,1,1,1,0,1,0
febrl2,0.72,145,1,1,1,1,0,1,0
febrl2,0.72,1935,1,1,1,1,0,1,0
febrl2,0.72,3856,1,1,1,1,0,1,0
febrl2,0.72,1659,1,1,1,1,0,1,0
febrl2,0.72,599,3,1,3,1,0,1,0
febrl2,0.72,944,1,1,1,1,0,1,0
febrl2,0.72,1766,1,1,1,1,0,1,0
febrl2,0.72,1254,1,1,1,1,0,1,0
febrl2,0.72,2517,1,1,1,1,0,1,0
febrl2,0.72,1058,1,1,1,1,0,1,0
febrl2,0.72,3189,1,1,1,1,0,1,0
febrl2,0.72,2719,1,1,1,1,0,1,0
febrl2,0.72,2539,1,1,1,1,0,1,0
febrl2,0.72,1987,1,1,1,1,0,1,0
febrl2,0.72,1466,1,1,1,1,0,1,0
febrl2,0.72,3076,1,1,1,1,0,1,0
febrl2,0.72,1647,1,1,1,1,0,1,0
febrl2,0.72,1560,1,1,1,1,0,1,0
febrl2,0.72,3721,4,1,4,1,0,1,0
febrl2,0.72,3831,1,1,1,1,0,1,0
febrl2,0.72,3687,1,1,1,1,0,1,0
febrl2,0.72,24,1,1,1,1,0,1,0
febrl2,0.72,1465,1,1,1,1,0,1,0
febrl2,0.72,3636,1,1,1,1,0,1,0
febrl2,0.72,2449,1,1,1,1,0,1,0
febrl2,0.72,659,1,1,1,1,0,1,0
febrl2,0.72,1588,1,1,1,1,0,1,0
febrl2,0.72,1668,1,1,1,1,0,1,0
febrl2,0.72,2088,1,1,4,1,2,3,3
febrl2,0.72,2120,1,1,1,1,0,1,0
febrl2,0.72,2358,1,1,1,1,0,1,0
febrl2,0.72,1534,1,1,1,1,0,1,0
febrl2,0.72,1936,1,1,1,1,0,1,0
febrl2,0.72,1450,1,1,1,1,0,1,0
febrl2,0.72,1916,1,1,1,1,0,1,0
febrl2,0.72,666,1,1,1,1,0,1,0
febrl2,0.72,2976,1,1,1,1,0,1,0
febrl2,0.72,3561,2,1,2,1,0,1,0
febrl2,0.72,2331,1,1,1,1,0,1,0
febrl2,0.72,191,1,1,1,1,0,1,0
febrl2,0.72,586,1,1,1,1,0,1,0
febrl2,0.72,2042,1,1,1,1,0,1,0
febrl2,0.72,2940,1,1,1,1,0,1,0
febrl2,0.72,3842,1,1,1,1,0,1,0
febrl2,0.72,414,1,1,1,1,0,1,0
febrl2,0.72,3044,1,1,1,1,0,1,0
febrl2,0.72,2216,1,1,1,1,0,1,0
febrl2,0.72,1187,1,1,1,1,0,1,0
febrl2,0.72,918,1,1,1,1,0,1,0
febrl2,0.72,3109,2,1,2,1,0,1,0
febrl2,0.72,2556,1,1,1,1,0,1,0
febrl2,0.72,10,1,1,1,1,0,1,0
febrl2,0.72,3228,4,2,4,2,0,2,0
febrl2,0.72,2821,1,1,1,1,0,1,0
febrl2,0.72,3435,1,1,1,1,0,1,0
febrl2,0.72,1086,1,1,1,1,0,1,0
febrl2,0.72,657,1,1,1,1,0,1,0
febrl2,0.72,281,1,1,1,1,0,1,0
febrl2,0.72,770,1,1,1,1,0,1,0
febrl2,0.72,1632,1,1,1,1,0,1,0
febrl2,0.72,799,1,1,1,1,0,1,0
febrl2,0.72,3546,1,1,1,1,0,1,0
febrl2,0.72,2725,1,1,1,1,0,1,0
febrl2,0.72,3303,1,1,1,1,0,1,0
febrl2,0.72,3968,3,1,3,1,0,1,0
febrl2,0.72,2156,1,1,1,1,0,1,0
febrl2,0.72,622,1,1,1,1,0,1,0
febrl2,0.72,583,1,1,1,1,0,1,0
febrl2,0.72,1406,1,1,1,1,0,1,0
febrl2,0.72,3247,2,1,2,1,0,1,0
febrl2,0.72,463,1,1,1,1,0,1,0
febrl2,0.72,1669,1,1,1,1,0,1,0
febrl2,0.72,2190,1,1,1,1,0,1,0
febrl2,0.72,3408,1,1,1,1,0,1,0
febrl2,0.72,2474,1,1,1,1,0,1,0
febrl2,0.72,3363,2,1,2,1,0,1,0
febrl2,0.72,3159,1,1,1,1,0,1,0
febrl2,0.72,2805,1,1,1,1,0,1,0
febrl2,0.72,3365,1,1,1,1,0,1,0
febrl2,0.72,1522,1,1,1,1,0,1,0
febrl2,0.72,823,4,1,5,1,1,2,1
febrl2,0.72,2760,1,1,1,1,0,1,0
febrl2,0.72,967,1,1,1,1,0,1,0
febrl2,0.72,636,1,1,1,1,0,1,0
febrl2,0.72,531,1,1,1,1,0,1,0
febrl2,0.72,3062,1,1,1,1,0,1,0
febrl2,0.72,2921,1,1,1,1,0,1,0
febrl2,0.72,2994,1,1,1,1,0,1,0
febrl2,0.72,789,3,1,3,1,0,1,0
febrl2,0.72,3728,1,1,1,1,0,1,0
febrl2,0.72,772,1,1,1,1,0,1,0
febrl2,0.72,103,1,1,1,1,0,1,0
febrl2,0.72,907,1,1,1,1,0,1,0
febrl2,0.72,2307,1,1,1,1,0,1,0
febrl2,0.72,3945,1,1,1,1,0,1,0
febrl2,0.72,2239,1,1,1,1,0,1,0
febrl2,0.72,2827,1,1,1,1,0,1,0
febrl2,0.72,821,1,1,1,1,0,1,0
febrl2,0.72,3489,1,1,1,1,0,1,0
febrl2,0.72,3376,1,1,1,1,0,1,0
febrl2,0.72,2529,1,1,1,1,0,1,0
febrl2,0.72,390,1,1,1,1,0,1,0
febrl2,0.72,1760,1,1,1,1,0,1,0
febrl2,0.72,1733,1,1,1,1,0,1,0
febrl2,0.72,3722,1,1,1,1,0,1,0
febrl2,0.72,1379,1,1,1,1,0,1,0
febrl2,0.72,2935,2,1,2,1,0,1,0
febrl2,0.72,3553,1,1,1,1,0,1,0
febrl2,0.72,2480,1,1,1,1,0,1,0
febrl2,0.72,77,1,1,1,1,0,1,0
febrl2,0.72,2598,3,1,3,1,0,1,0
febrl2,0.72,2711,1,1,1,1,0,1,0
febrl2,0.72,757,1,1,1,1,0,1,0
febrl2,0.72,2164,1,1,1,1,0,1,0
febrl2,0.72,3505,1,1,1,1,0,1,0
febrl2,0.72,37,1,1,1,1,0,1,0
febrl2,0.72,3759,1,1,1,1,0,1,0
febrl2,0.72,3197,2,1,2,1,0,1,0
febrl2,0.72,446,1,1,1,1,0,1,0
febrl2,0.72,2498,1,1,1,1,0,1,0
febrl2,0.72,516,1,1,1,1,0,1,0
febrl2,0.72,551,1,1,1,1,0,1,0
febrl2,0.72,1708,1,1,1,1,0,1,0
febrl2,0.72,3692,1,1,10,1,1,2,9
febrl2,0.72,3130,1,1,1,1,0,1,0
febrl2,0.72,3616,1,1,1,1,0,1,0
febrl2,0.72,978,1,1,1,1,0,1,0
febrl2,0.72,3777,1,1,1,1,0,1,0
febrl2,0.72,2290,1,1,1,1,0,1,0
febrl2,0.72,1159,1,1,1,1,0,1,0
febrl2,0.72,2528,1,1,1,1,0,1,0
febrl2,0.72,1120,1,1,1,1,0,1,0
febrl2,0.72,875,1,1,1,1,0,1,0
febrl2,0.72,735,1,1,1,1,0,1,0
febrl2,0.72,1951,1,1,1,1,0,1,0
febrl2,0.72,69,4,1,4,1,0,1,0
febrl2,0.72,2113,1,1,1,1,0,1,0
febrl2,0.72,1186,1,1,1,1,0,1,0
febrl2,0.72,1018,1,1,1,1,0,1,0
febrl2,0.72,3177,1,1,1,1,0,1,0
febrl2,0.72,271,1,1,1,1,0,1,0
febrl2,0.72,3599,1,1,1,1,0,1,0
febrl2,0.72,1807,1,1,1,1,0,1,0
febrl2,0.72,2580,1,1,1,1,0,1,0
febrl2,0.72,1720,1,1,1,1,0,1,0
febrl2,0.72,1300,1,1,1,1,0,1,0
febrl2,0.72,1038,1,1,1,1,0,1,0
febrl2,0.72,1742,1,1,5,1,1,2,4
febrl2,0.72,2816,1,1,1,1,0,1,0
febrl2,0.72,1407,1,1,1,1,0,1,0
febrl2,0.72,748,3,1,4,1,1,2,1
febrl2,0.72,3245,1,1,1,1,0,1,0
febrl2,0.72,3815,1,1,1,1,0,1,0
febrl2,0.72,1342,1,1,1,1,0,1,0
febrl2,0.72,713,1,1,1,1,0,1,0
febrl2,0.72,743,1,1,1,1,0,1,0
febrl2,0.72,3679,1,1,1,1,0,1,0
febrl2,0.72,476,1,1,1,1,0,1,0
febrl2,0.72,1945,3,1,3,1,0,1,0
febrl2,0.72,3181,2,1,2,1,0,1,0
febrl2,0.72,3334,1,1,1,1,0,1,0
febrl2,0.72,3453,1,1,2,1,1,2,1
febrl2,0.72,1872,1,1,1,1,0,1,0
febrl2,0.72,3601,1,1,1,1,0,1,0
febrl2,0.72,1992,1,1,1,1,0,1,0
febrl2,0.72,1122,1,1,1,1,0,1,0
febrl2,0.72,3939,4,1,4,1,0,1,0
febrl2,0.72,645,1,1,2,1,1,2,1
febrl2,0.72,2360,1,1,1,1,0,1,0
febrl2,0.72,3201,1,1,1,1,0,1,0
febrl2,0.72,1996,1,1,1,1,0,1,0
febrl2,0.72,3749,2,1,2,1,0,1,0
febrl2,0.72,871,1,1,1,1,0,1,0
febrl2,0.72,999,1,1,1,1,0,1,0
febrl2,0.72,14,1,1,1,1,0,1,0
febrl2,0.72,3575,1,1,1,1,0,1,0
febrl2,0.72,2277,1,1,1,1,0,1,0
febrl2,0.72,2173,1,1,1,1,0,1,0
febrl2,0.72,3605,1,1,1,1,0,1,0
febrl2,0.72,2071,1,1,1,1,0,1,0
febrl2,0.72,1685,3,1,3,1,0,1,0
febrl2,0.72,1986,1,1,5,1,1,2,4
febrl2,0.72,692,1,1,1,1,0,1,0
febrl2,0.72,1667,1,1,1,1,0,1,0
febrl2,0.72,3448,1,1,1,1,0,1,0
febrl2,0.72,3996,4,1,4,1,0,1,0
febrl2,0.72,1979,1,1,1,1,0,1,0
febrl2,0.72,317,1,1,1,1,0,1,0
febrl2,0.72,2996,1,1,1,1,0,1,0
febrl2,0.72,556,1,1,1,1,0,1,0
febrl2,0.72,1710,1,1,1,1,0,1,0
febrl2,0.72,1125,1,1,1,1,0,1,0
febrl2,0.72,1063,1,1,1,1,0,1,0
febrl2,0.72,1401,1,1,1,1,0,1,0
febrl2,0.72,2671,1,1,1,1,0,1,0
febrl2,0.72,3526,2,1,2,1,0,1,0
febrl2,0.72,1399,2,1,2,1,0,1,0
febrl2,0.72,2751,1,1,1,1,0,1,0
febrl2,0.72,1726,1,1,1,1,0,1,0
febrl2,0.72,571,1,1,1,1,0,1,0
febrl2,0.72,3000,2,1,2,1,0,1,0
febrl2,0.72,3009,1,1,1,1,0,1,0
febrl2,0.72,925,1,1,1,1,0,1,0
febrl2,0.72,3178,2,1,2,1,0,1,0
febrl2,0.72,1823,1,1,1,1,0,1,0
febrl2,0.72,638,1,1,1,1,0,1,0
febrl2,0.72,744,1,1,1,1,0,1,0
febrl2,0.72,3664,1,1,1,1,0,1,0
febrl2,0.72,355,1,1,1,1,0,1,0
febrl2,0.72,992,1,1,1,1,0,1,0
febrl2,0.72,1545,1,1,1,1,0,1,0
febrl2,0.72,767,2,1,2,1,0,1,0
febrl2,0.72,305,1,1,1,1,0,1,0
febrl2,0.72,2619,1,1,1,1,0,1,0
febrl2,0.72,374,1,1,1,1,0,1,0
febrl2,0.72,2349,1,1,1,1,0,1,0
febrl2,0.72,251,1,1,1,1,0,1,0
febrl2,0.72,2855,1,1,1,1,0,1,0
febrl2,0.72,2832,1,1,1,1,0,1,0
febrl2,0.72,2444,1,1,1,1,0,1,0
febrl2,0.72,943,1,1,1,1,0,1,0
febrl2,0.72,1070,1,1,1,1,0,1,0
febrl2,0.72,2388,1,1,1,1,0,1,0
febrl2,0.72,3300,1,1,1,1,0,1,0
febrl2,0.72,2026,1,1,1,1,0,1,0
febrl2,0.72,1132,2,1,2,1,0,1,0
febrl2,0.72,2089,1,1,1,1,0,1,0
febrl2,0.72,663,1,1,1,1,0,1,0
febrl2,0.72,2904,1,1,1,1,0,1,0
febrl2,0.72,3727,2,1,2,1,0,1,0
febrl2,0.72,3382,1,1,1,1,0,1,0
febrl2,0.72,3400,3,1,3,1,0,1,0
febrl2,0.72,1617,1,1,1,1,0,1,0
febrl2,0.72,2652,1,1,1,1,0,1,0
febrl2,0.72,803,1,1,1,1,0,1,0
febrl2,0.72,378,1,1,1,1,0,1,0
febrl2,0.72,1580,1,1,1,1,0,1,0
febrl2,0.72,950,1,1,1,1,0,1,0
febrl2,0.72,1400,1,1,1,1,0,1,0
febrl2,0.72,1804,1,1,1,1,0,1,0
febrl2,0.72,1284,1,1,1,1,0,1,0
febrl2,0.72,1869,1,1,1,1,0,1,0
febrl2,0.72,3028,1,1,1,1,0,1,0
febrl2,0.72,2979,1,1,1,1,0,1,0
febrl2,0.72,188,1,1,1,1,0,1,0
febrl2,0.72,273,1,1,1,1,0,1,0
febrl2,0.72,3258,1,1,1,1,0,1,0
febrl2,0.72,3991,1,1,1,1,0,1,0
febrl2,0.72,3034,1,1,1,1,0,1,0
febrl2,0.72,1832,1,1,1,1,0,1,0
febrl2,0.72,777,1,1,1,1,0,1,0
febrl2,0.72,403,1,1,4,1,1,2,3
febrl2,0.72,3155,1,1,1,1,0,1,0
febrl2,0.72,2121,1,1,1,1,0,1,0
febrl2,0.72,2931,3,1,3,1,0,1,0
febrl2,0.72,3486,1,1,1,1,0,1,0
febrl2,0.72,1095,1,1,3,1,1,2,2
febrl2,0.72,720,1,1,1,1,0,1,0
febrl2,0.72,3227,1,1,1,1,0,1,0
febrl2,0.72,3624,1,1,1,1,0,1,0
febrl2,0.72,3467,1,1,1,1,0,1,0
febrl2,0.72,697,1,1,1,1,0,1,0
febrl2,0.72,94,2,1,2,1,0,1,0
febrl2,0.72,2958,1,1,1,1,0,1,0
febrl2,0.72,348,1,1,1,1,0,1,0
febrl2,0.72,2650,1,1,1,1,0,1,0
febrl2,0.72,2926,1,1,1,1,0,1,0
febrl2,0.72,1790,1,1,1,1,0,1,0
febrl2,0.72,3965,1,1,1,1,0,1,0
febrl2,0.72,132,1,1,1,1,0,1,0
febrl2,0.72,804,1,1,1,1,0,1,0
febrl2,0.72,3001,1,1,1,1,0,1,0
febrl2,0.72,2709,1,1,1,1,0,1,0
febrl2,0.72,837,1,1,1,1,0,1,0
febrl2,0.72,938,1,1,1,1,0,1,0
febrl2,0.72,3858,1,1,1,1,0,1,0
febrl2,0.72,2417,1,1,1,1,0,1,0
febrl2,0.72,1548,1,1,1,1,0,1,0
febrl2,0.72,282,1,1,1,1,0,1,0
febrl2,0.72,2937,1,1,10,1,1,2,9
febrl2,0.72,1099,2,1,2,1,0,1,0
febrl2,0.72,610,1,1,1,1,0,1,0
febrl2,0.72,3701,1,1,1,1,0,1,0
febrl2,0.72,2361,1,1,1,1,0,1,0
febrl2,0.72,2515,1,1,1,1,0,1,0
febrl2,0.72,2973,3,1,3,1,0,1,0
febrl2,0.72,2323,1,1,1,1,0,1,0
febrl2,0.72,3235,1,1,1,1,0,1,0
febrl2,0.72,1497,1,1,1,1,0,1,0
febrl2,0.72,1007,1,1,1,1,0,1,0
febrl2,0.72,3405,1,1,1,1,0,1,0
febrl2,0.72,3964,2,1,2,1,0,1,0
febrl2,0.72,2583,1,1,1,1,0,1,0
febrl2,0.72,2247,1,1,1,1,0,1,0
febrl2,0.72,2477,1,1,1,1,0,1,0
febrl2,0.72,1857,1,1,2,1,1,2,1
febrl2,0.72,1601,1,1,1,1,0,1,0
febrl2,0.72,3169,2,1,2,1,0,1,0
febrl2,0.72,1281,1,1,1,1,0,1,0
febrl2,0.72,225,1,1,1,1,0,1,0
febrl2,0.72,2929,1,1,1,1,0,1,0
febrl2,0.72,2270,1,1,1,1,0,1,0
febrl2,0.72,136,1,1,1,1,0,1,0
febrl2,0.72,3825,1,1,1,1,0,1,0
febrl2,0.72,2342,1,1,1,1,0,1,0
febrl2,0.72,3213,1,1,1,1,0,1,0
febrl2,0.72,3168,1,1,1,1,0,1,0
febrl2,0.72,1224,1,1,1,1,0,1,0
febrl2,0.72,3377,1,1,1,1,0,1,0
febrl2,0.72,2538,1,1,1,1,0,1,0
febrl2,0.72,3254,2,1,2,1,0,1,0
febrl2,0.72,512,1,1,1,1,0,1,0
febrl2,0.72,3903,1,1,1,1,0,1,0
febrl2,0.72,493,1,1,1,1,0,1,0
febrl2,0.72,58,1,1,1,1,0,1,0
febrl2,0.72,3018,1,1,1,1,0,1,0
febrl2,0.72,3702,1,1,1,1,0,1,0
febrl2,0.72,773,1,1,1,1,0,1,0
febrl2,0.72,1703,1,1,1,1,0,1,0
febrl2,0.72,983,1,1,1,1,0,1,0
febrl2,0.72,3659,1,1,1,1,0,1,0
febrl2,0.72,11,1,1,1,1,0,1,0
febrl2,0.72,1261,1,1,1,1,0,1,0
febrl2,0.72,3989,1,1,1,1,0,1,0
febrl2,0.72,3604,1,1,1,1,0,1,0
febrl2,0.72,185,1,1,1,1,0,1,0
febrl2,0.72,1748,1,1,1,1,0,1,0
febrl2,0.72,2305,1,1,1,1,0,1,0
febrl2,0.72,2849,1,1,3,1,2,3,2
febrl2,0.72,3906,1,1,1,1,0,1,0
febrl2,0.72,1206,1,1,1,1,0,1,0
febrl2,0.72,872,1,1,6,1,1,2,5
febrl2,0.72,346,1,1,1,1,0,1,0
febrl2,0.72,2230,3,1,3,1,0,1,0
febrl2,0.72,3924,1,1,1,1,0,1,0
febrl2,0.72,1286,1,1,1,1,0,1,0
febrl2,0.72,658,1,1,1,1,0,1,0
febrl2,0.72,2030,1,1,1,1,0,1,0
febrl2,0.72,1877,1,1,1,1,0,1,0
febrl2,0.72,3407,1,1,2,1,1,2,1
febrl2,0.72,533,1,1,1,1,0,1,0
febrl2,0.72,508,1,1,1,1,0,1,0
febrl2,0.72,438,1,1,1,1,0,1,0
febrl2,0.72,1464,1,1,2,1,1,2,1
febrl2,0.72,2500,1,1,1,1,0,1,0
febrl2,0.72,2799,1,1,1,1,0,1,0
febrl2,0.72,3813,1,1,1,1,0,1,0
febrl2,0.72,939,1,1,1,1,0,1,0
febrl2,0.72,3148,1,1,1,1,0,1,0
febrl2,0.72,3164,1,1,1,1,0,1,0
febrl2,0.72,783,2,1,2,1,0,1,0
febrl2,0.72,1297,1,1,1,1,0,1,0
febrl2,0.72,2659,1,1,1,1,0,1,0
febrl2,0.72,262,1,1,2,1,1,2,1
febrl2,0.72,3202,1,1,1,1,0,1,0
febrl2,0.72,569,1,1,1,1,0,1,0
febrl2,0.72,3105,1,1,1,1,0,1,0
febrl2,0.72,3627,1,1,1,1,0,1,0
febrl2,0.72,1014,1,1,1,1,0,1,0
febrl2,0.72,2888,1,1,1,1,0,1,0
febrl2,0.72,120,2,1,2,1,0,1,0
febrl2,0.72,1658,1,1,1,1,0,1,0
febrl2,0.72,1141,1,1,1,1,0,1,0
febrl2,0.72,1026,1,1,1,1,0,1,0
febrl2,0.72,1767,1,1,1,1,0,1,0
febrl2,0.72,2085,1,1,1,1,0,1,0
febrl2,0.72,612,1,1,1,1,0,1,0
febrl2,0.72,2693,1,1,1,1,0,1,0
febrl2,0.72,71,1,1,6,1,1,2,5
febrl2,0.72,3673,1,1,1,1,0,1,0
febrl2,0.72,3048,1,1,1,1,0,1,0
febrl2,0.72,3658,1,1,1,1,0,1,0
febrl2,0.72,1357,1,1,1,1,0,1,0
febrl2,0.72,1237,6,1,6,1,0,1,0
febrl2,0.72,1867,1,1,1,1,0,1,0
febrl2,0.72,3391,1,1,1,1,0,1,0
febrl2,0.72,2295,1,1,1,1,0,1,0
febrl2,0.72,2110,1,1,1,1,0,1,0
febrl2,0.72,256,1,1,1,1,0,1,0
febrl2,0.72,776,1,1,1,1,0,1,0
febrl2,0.72,1419,1,1,1,1,0,1,0
febrl2,0.72,1960,1,1,1,1,0,1,0
febrl2,0.72,3967,1,1,1,1,0,1,0
febrl2,0.72,3897,1,1,1,1,0,1,0
febrl2,0.72,3321,1,1,2,1,1,2,1
febrl2,0.72,3770,1,1,1,1,0,1,0
febrl2,0.72,791,1,1,1,1,0,1,0
febrl2,0.72,1167,1,1,1,1,0,1,0
febrl2,0.72,3773,1,1,1,1,0,1,0
febrl2,0.72,2463,1,1,1,1,0,1,0
febrl2,0.72,2191,3,1,3,1,0,1,0
febrl2,0.72,3183,1,1,1,1,0,1,0
febrl2,0.72,2401,1,1,2,1,1,2,1
febrl2,0.72,1902,1,1,1,1,0,1,0
febrl2,0.72,358,1,1,1,1,0,1,0
febrl2,0.72,3211,1,1,1,1,0,1,0
febrl2,0.72,158,1,1,1,1,0,1,0
febrl2,0.72,2956,1,1,1,1,0,1,0
febrl2,0.72,2989,1,1,1,1,0,1,0
febrl2,0.72,1034,1,1,1,1,0,1,0
febrl2,0.72,2301,1,1,1,1,0,1,0
febrl2,0.72,3547,1,1,1,1,0,1,0
febrl2,0.72,3871,1,1,1,1,0,1,0
febrl2,0.72,3368,1,1,1,1,0,1,0
febrl2,0.72,3890,4,1,4,1,0,1,0
febrl2,0.72,2220,1,1,1,1,0,1,0
febrl2,0.72,1511,1,1,1,1,0,1,0
febrl2,0.72,3419,1,1,1,1,0,1,0
febrl2,0.72,3929,1,1,1,1,0,1,0
febrl2,0.72,3131,2,1,2,1,0,1,0
febrl2,0.72,3528,1,1,1,1,0,1,0
febrl2,0.72,2286,1,1,1,1,0,1,0
febrl2,0.72,1912,2,1,2,1,0,1,0
febrl2,0.72,2240,1,1,1,1,0,1,0
febrl2,0.72,2409,1,1,1,1,0,1,0
febrl2,0.72,118,1,1,1,1,0,1,0
febrl2,0.72,380,1,1,1,1,0,1,0
febrl2,0.72,3959,1,1,1,1,0,1,0
febrl2,0.72,3905,1,1,1,1,0,1,0
febrl2,0.72,558,1,1,1,1,0,1,0
febrl2,0.72,941,1,1,1,1,0,1,0
febrl2,0.72,254,3,1,3,1,0,1,0
febrl2,0.72,3763,1,1,3,1,1,2,2
febrl2,0.72,2181,1,1,1,1,0,1,0
febrl2,0.72,665,1,1,1,1,0,1,0
febrl2,0.72,1764,3,1,3,1,0,1,0
febrl2,0.72,1137,1,1,1,1,0,1,0
febrl2,0.72,1473,1,1,1,1,0,1,0
febrl2,0.72,2238,1,1,1,1,0,1,0
febrl2,0.72,3115,1,1,1,1,0,1,0
febrl2,0.72,1145,1,1,1,1,0,1,0
febrl2,0.72,3090,1,1,1,1,0,1,0
febrl2,0.72,987,1,1,1,1,0,1,0
febrl2,0.72,2746,1,1,1,1,0,1,0
febrl2,0.72,3635,1,1,1,1,0,1,0
febrl2,0.72,734,1,1,1,1,0,1,0
febrl2,0.72,1409,1,1,1,1,0,1,0
febrl2,0.72,2074,1,1,1,1,0,1,0
febrl2,0.72,646,1,1,1,1,0,1,0
febrl2,0.72,2052,1,1,1,1,0,1,0
febrl2,0.72,1932,1,1,2,1,1,2,1
febrl2,0.72,951,1,1,1,1,0,1,0
febrl2,0.72,2453,1,1,1,1,0,1,0
febrl2,0.72,1374,1,1,1,1,0,1,0
febrl2,0.72,3672,1,1,1,1,0,1,0
febrl2,0.72,2978,1,1,1,1,0,1,0
febrl2,0.72,1568,1,1,1,1,0,1,0
febrl2,0.72,3614,1,1,1,1,0,1,0
febrl2,0.72,2336,1,1,1,1,0,1,0
febrl2,0.72,3342,1,1,2,1,1,2,1
febrl2,0.72,2354,1,1,1,1,0,1,0
febrl2,0.72,2622,1,1,1,1,0,1,0
febrl2,0.72,3349,1,1,1,1,0,1,0
febrl2,0.72,1221,1,1,1,1,0,1,0
febrl2,0.72,896,1,1,1,1,0,1,0
febrl2,0.72,222,1,1,1,1,0,1,0
febrl2,0.72,3416,1,1,1,1,0,1,0
febrl2,0.72,3312,1,1,1,1,0,1,0
febrl2,0.72,2581,1,1,1,1,0,1,0
febrl2,0.72,2374,1,1,1,1,0,1,0
febrl2,0.72,2936,1,1,1,1,0,1,0
febrl2,0.72,3579,1,1,1,1,0,1,0
febrl2,0.72,3043,1,1,3,1,1,2,2
febrl2,0.72,3623,1,1,1,1,0,1,0
febrl2,0.72,3934,1,1,1,1,0,1,0
febrl2,0.72,4,1,1,1,1,0,1,0
febrl2,0.72,1596,1,1,1,1,0,1,0
febrl2,0.72,1970,1,1,1,1,0,1,0
febrl2,0.72,3025,1,1,5,1,1,2,4
febrl2,0.72,587,1,1,1,1,0,1,0
febrl2,0.72,2683,1,1,1,1,0,1,0
febrl2,0.72,2617,2,1,2,1,0,1,0
febrl2,0.72,2559,1,1,1,1,0,1,0
febrl2,0.72,3389,1,1,1,1,0,1,0
febrl2,0.72,3732,1,1,1,1,0,1,0
febrl2,0.72,3027,1,1,1,1,0,1,0
febrl2,0.72,2834,1,1,1,1,0,1,0
febrl2,0.72,354,1,1,1,1,0,1,0
febrl2,0.72,3347,1,1,1,1,0,1,0
febrl2,0.72,1081,1,1,1,1,0,1,0
febrl2,0.72,3134,1,1,1,1,0,1,0
febrl2,0.72,1827,1,1,1,1,0,1,0
febrl2,0.72,170,1,1,1,1,0,1,0
febrl2,0.72,3417,3,1,3,1,0,1,0
febrl2,0.72,1633,1,1,9,1,1,2,8
febrl2,0.72,1393,1,1,1,1,0,1,0
febrl2,0.72,1552,1,1,2,1,1,2,1
febrl2,0.72,989,1,1,1,1,0,1,0
febrl2,0.72,97,1,1,1,1,0,1,0
febrl2,0.72,60,1,1,1,1,0,1,0
febrl2,0.72,2715,1,1,1,1,0,1,0
febrl2,0.72,1266,1,1,1,1,0,1,0
febrl2,0.72,2579,1,1,1,1,0,1,0
febrl2,0.72,2909,1,1,1,1,0,1,0
febrl2,0.72,1499,1,1,1,1,0,1,0
febrl2,0.72,349,1,1,1,1,0,1,0
febrl2,0.72,20,1,1,1,1,0,1,0
febrl2,0.72,2174,1,1,1,1,0,1,0
febrl2,0.72,173,1,1,1,1,0,1,0
febrl2,0.72,1366,1,1,1,1,0,1,0
febrl2,0.72,1973,1,1,2,1,1,2,1
febrl2,0.72,195,1,1,1,1,0,1,0
febrl2,0.72,2512,1,1,1,1,0,1,0
febrl2,0.72,3885,1,1,1,1,0,1,0
febrl2,0.72,2775,1,1,1,1,0,1,0
febrl2,0.72,1170,1,1,1,1,0,1,0
febrl2,0.72,2209,1,1,1,1,0,1,0
febrl2,0.72,3511,1,1,1,1,0,1,0
febrl2,0.72,730,1,1,1,1,0,1,0
febrl2,0.72,2632,1,1,5,1,1,2,4
febrl2,0.72,885,1,1,1,1,0,1,0
febrl2,0.72,3386,1,1,1,1,0,1,0
febrl2,0.72,1310,1,1,1,1,0,1,0
febrl2,0.72,521,1,1,1,1,0,1,0
febrl2,0.72,2824,1,1,1,1,0,1,0
febrl2,0.72,2251,1,1,1,1,0,1,0
febrl2,0.72,2171,1,1,1,1,0,1,0
febrl2,0.72,3151,1,1,1,1,0,1,0
febrl2,0.72,1675,1,1,1,1,0,1,0
febrl2,0.72,2722,1,1,1,1,0,1,0
febrl2,0.72,1531,1,1,1,1,0,1,0
febrl2,0.72,2809,1,1,1,1,0,1,0
febrl2,0.72,2195,1,1,1,1,0,1,0
febrl2,0.72,3474,1,1,1,1,0,1,0
febrl2,0.72,389,1,1,1,1,0,1,0
febrl2,0.72,238,1,1,1,1,0,1,0
febrl2,0.72,3290,1,1,1,1,0,1,0
febrl2,0.72,818,1,1,1,1,0,1,0
febrl2,0.72,3466,1,1,1,1,0,1,0
febrl2,0.72,3080,1,1,1,1,0,1,0
febrl2,0.72,3387,1,1,1,1,0,1,0
febrl2,0.72,101,1,1,1,1,0,1,0
febrl2,0.72,1136,1,1,1,1,0,1,0
febrl2,0.72,130,1,1,1,1,0,1,0
febrl2,0.72,695,1,1,1,1,0,1,0
febrl2,0.72,2667,5,1,5,1,0,1,0
febrl2,0.72,1013,1,1,1,1,0,1,0
febrl2,0.72,2070,1,1,1,1,0,1,0
febrl2,0.72,213,1,1,1,1,0,1,0
febrl2,0.72,3888,1,1,1,1,0,1,0
febrl2,0.72,3899,1,1,1,1,0,1,0
febrl2,0.72,588,4,1,4,1,0,1,0
febrl2,0.72,3534,1,1,1,1,0,1,0
febrl2,0.72,3504,1,1,1,1,0,1,0
febrl2,0.72,1339,1,1,1,1,0,1,0
febrl2,0.72,1850,1,1,1,1,0,1,0
febrl2,0.72,1645,1,1,1,1,0,1,0
febrl2,0.72,3393,1,1,1,1,0,1,0
febrl2,0.72,3395,1,1,4,1,2,3,3
febrl2,0.72,2742,1,1,1,1,0,1,0
febrl2,0.72,849,1,1,1,1,0,1,0
febrl2,0.72,2795,1,1,1,1,0,1,0
febrl2,0.72,3487,1,1,1,1,0,1,0
febrl2,0.72,2221,1,1,1,1,0,1,0
febrl2,0.72,3063,1,1,1,1,0,1,0
febrl2,0.72,3700,1,1,1,1,0,1,0
febrl2,0.72,2040,1,1,1,1,0,1,0
febrl2,0.72,1032,1,1,1,1,0,1,0
febrl2,0.72,1640,1,1,1,1,0,1,0
febrl2,0.72,960,1,1,1,1,0,1,0
febrl2,0.72,1075,1,1,1,1,0,1,0
febrl2,0.72,935,1,1,1,1,0,1,0
febrl2,0.72,2470,1,1,1,1,0,1,0
febrl2,0.72,3305,1,1,1,1,0,1,0
febrl2,0.72,3880,1,1,1,1,0,1,0
febrl2,0.72,153,1,1,1,1,0,1,0
febrl2,0.72,555,1,1,1,1,0,1,0
febrl2,0.72,982,1,1,1,1,0,1,0
febrl2,0.72,786,1,1,1,1,0,1,0
febrl2,0.72,117,1,1,1,1,0,1,0
febrl2,0.72,3628,1,1,1,1,0,1,0
febrl2,0.72,215,1,1,1,1,0,1,0
febrl2,0.72,2514,1,1,1,1,0,1,0
febrl2,0.72,593,1,1,1,1,0,1,0
febrl2,0.72,2177,1,1,1,1,0,1,0
febrl2,0.72,2159,1,1,1,1,0,1,0
febrl2,0.72,275,1,1,1,1,0,1,0
febrl2,0.72,246,1,1,1,1,0,1,0
febrl2,0.72,2475,1,1,1,1,0,1,0
febrl2,0.72,913,1,1,1,1,0,1,0
febrl2,0.72,2204,1,1,1,1,0,1,0
febrl2,0.72,3373,1,1,1,1,0,1,0
febrl2,0.72,3040,1,1,1,1,0,1,0
febrl2,0.72,3806,1,1,1,1,0,1,0
febrl2,0.72,781,1,1,1,1,0,1,0
febrl2,0.72,1564,3,1,3,1,0,1,0
febrl2,0.72,3392,1,1,1,1,0,1,0
febrl2,0.72,2808,1,1,1,1,0,1,0
febrl2,0.72,2986,1,1,1,1,0,1,0
febrl2,0.72,928,1,1,1,1,0,1,0
febrl2,0.72,3394,1,1,1,1,0,1,0
febrl2,0.72,1771,1,1,1,1,0,1,0
febrl2,0.72,1481,1,1,1,1,0,1,0
febrl2,0.72,475,1,1,1,1,0,1,0
febrl2,0.72,1382,1,1,1,1,0,1,0
febrl2,0.72,3867,1,1,1,1,0,1,0
febrl2,0.72,2279,1,1,1,1,0,1,0
febrl2,0.72,2908,1,1,1,1,0,1,0
febrl2,0.72,795,1,1,1,1,0,1,0
febrl2,0.72,3832,4,1,4,1,0,1,0
febrl2,0.72,2507,1,1,1,1,0,1,0
febrl2,0.72,321,1,1,1,1,0,1,0
febrl2,0.72,3337,1,1,1,1,0,1,0
febrl2,0.72,3021,1,1,1,1,0,1,0
febrl2,0.72,3775,1,1,1,1,0,1,0
febrl2,0.72,339,1,1,1,1,0,1,0
febrl2,0.72,2271,1,1,1,1,0,1,0
febrl2,0.72,930,2,1,2,1,0,1,0
febrl2,0.72,1439,1,1,1,1,0,1,0
febrl2,0.72,2316,1,1,1,1,0,1,0
febrl2,0.72,1130,1,1,1,1,0,1,0
febrl2,0.72,2516,2,1,2,1,0,1,0
febrl2,0.72,1821,1,1,1,1,0,1,0
febrl2,0.72,3199,1,1,1,1,0,1,0
febrl2,0.72,3319,1,1,1,1,0,1,0
febrl2,0.72,1033,1,1,1,1,0,1,0
febrl2,0.72,115,1,1,1,1,0,1,0
febrl2,0.72,2006,1,1,1,1,0,1,0
febrl2,0.72,825,1,1,1,1,0,1,0
febrl2,0.72,2047,1,1,1,1,0,1,0
febrl2,0.72,3754,1,1,1,1,0,1,0
febrl2,0.72,3931,1,1,1,1,0,1,0
febrl2,0.72,40,1,1,1,1,0,1,0
febrl2,0.72,2233,1,1,1,1,0,1,0
febrl2,0.72,187,1,1,1,1,0,1,0
febrl2,0.72,385,1,1,1,1,0,1,0
febrl2,0.72,3328,1,1,1,1,0,1,0
febrl2,0.72,1479,1,1,1,1,0,1,0
febrl2,0.72,1230,1,1,1,1,0,1,0
febrl2,0.72,779,1,1,2,1,1,2,1
febrl2,0.72,2263,1,1,1,1,0,1,0
febrl2,0.72,1051,1,1,1,1,0,1,0
febrl2,0.72,2479,1,1,1,1,0,1,0
febrl2,0.72,3094,1,1,1,1,0,1,0
febrl2,0.72,1825,1,1,1,1,0,1,0
febrl2,0.72,1593,1,1,1,1,0,1,0
febrl2,0.72,1944,1,1,1,1,0,1,0
febrl2,0.72,421,1,1,1,1,0,1,0
febrl2,0.72,1326,1,1,1,1,0,1,0
febrl2,0.72,2378,1,1,1,1,0,1,0
febrl2,0.72,3085,1,1,1,1,0,1,0
febrl2,0.72,494,1,1,1,1,0,1,0
febrl2,0.72,2172,1,1,1,1,0,1,0
febrl2,0.72,3855,1,1,1,1,0,1,0
febrl2,0.72,2385,1,1,1,1,0,1,0
febrl2,0.72,2890,1,1,1,1,0,1,0
febrl2,0.72,1381,1,1,1,1,0,1,0
febrl2,0.72,2045,1,1,1,1,0,1,0
febrl2,0.72,59,1,1,1,1,0,1,0
febrl2,0.72,3916,1,1,1,1,0,1,0
febrl2,0.72,647,1,1,1,1,0,1,0
febrl2,0.72,2415,1,1,2,1,1,2,1
febrl2,0.72,3173,1,1,1,1,0,1,0
febrl2,0.72,1878,1,1,1,1,0,1,0
febrl2,0.72,2884,1,1,1,1,0,1,0
febrl2,0.72,3108,1,1,1,1,0,1,0
febrl2,0.72,3531,1,1,1,1,0,1,0
febrl2,0.72,411,1,1,1,1,0,1,0
febrl2,0.72,22,1,1,1,1,0,1,0
febrl2,0.72,3960,1,1,1,1,0,1,0
febrl2,0.72,1309,1,1,2,1,1,2,1
febrl2,0.72,3473,1,1,1,1,0,1,0
febrl2,0.72,3291,2,1,2,1,0,1,0
febrl2,0.72,1068,1,1,1,1,0,1,0
febrl2,0.72,3974,1,1,1,1,0,1,0
febrl2,0.72,2425,1,1,2,1,1,2,1
febrl2,0.72,1244,1,1,1,1,0,1,0
febrl2,0.72,1228,1,1,1,1,0,1,0
febrl2,0.72,1738,1,1,1,1,0,1,0
febrl2,0.72,72,1,1,1,1,0,1,0
febrl2,0.72,1219,1,1,1,1,0,1,0
febrl2,0.72,3457,1,1,1,1,0,1,0
febrl2,0.72,240,1,1,1,1,0,1,0
febrl2,0.72,3398,1,1,1,1,0,1,0
febrl2,0.72,523,1,1,3,1,1,2,2
febrl2,0.72,515,1,1,1,1,0,1,0
febrl2,0.72,2493,1,1,1,1,0,1,0
febrl2,0.72,1707,1,1,1,1,0,1,0
febrl2,0.72,1139,1,1,1,1,0,1,0
febrl2,0.72,1648,1,1,1,1,0,1,0
febrl2,0.72,1890,1,1,1,1,0,1,0
febrl2,0.72,2867,1,1,1,1,0,1,0
febrl2,0.72,2034,1,1,1,1,0,1,0
febrl2,0.72,2959,1,1,1,1,0,1,0
febrl2,0.72,1649,1,1,1,1,0,1,0
febrl2,0.72,1842,1,1,1,1,0,1,0
febrl2,0.72,2687,1,1,1,1,0,1,0
febrl2,0.72,546,1,1,1,1,0,1,0
febrl2,0.72,3488,1,1,1,1,0,1,0
febrl2,0.72,2754,1,1,1,1,0,1,0
febrl2,0.72,690,1,1,1,1,0,1,0
febrl2,0.72,3185,1,1,1,1,0,1,0
febrl2,0.72,613,1,1,1,1,0,1,0
febrl2,0.72,681,1,1,1,1,0,1,0
febrl2,0.72,3471,1,1,1,1,0,1,0
febrl2,0.72,973,1,1,1,1,0,1,0
febrl2,0.72,1797,1,1,3,1,1,2,2
febrl2,0.72,2459,1,1,1,1,0,1,0
febrl2,0.72,2803,1,1,1,1,0,1,0
febrl2,0.72,3415,1,1,1,1,0,1,0
febrl2,0.72,1794,1,1,1,1,0,1,0
febrl2,0.72,618,1,1,1,1,0,1,0
febrl2,0.72,1829,1,1,1,1,0,1,0
febrl2,0.72,2041,1,1,1,1,0,1,0
febrl2,0.72,751,1,1,1,1,0,1,0
febrl2,0.72,3187,1,1,1,1,0,1,0
febrl2,0.72,3308,1,1,1,1,0,1,0
febrl2,0.72,3716,1,1,1,1,0,1,0
febrl2,0.72,3912,1,1,1,1,0,1,0
febrl2,0.72,1778,1,1,1,1,0,1,0
febrl2,0.72,347,1,1,1,1,0,1,0
febrl2,0.72,465,1,1,1,1,0,1,0
febrl2,0.72,1129,1,1,1,1,0,1,0
febrl2,0.72,3862,1,1,1,1,0,1,0
febrl2,0.72,3037,2,1,2,1,0,1,0
febrl2,0.72,2185,1,1,1,1,0,1,0
febrl2,0.72,179,1,1,1,1,0,1,0
febrl2,0.72,290,1,1,1,1,0,1,0
febrl2,0.72,1515,1,1,1,1,0,1,0
febrl2,0.72,3868,1,1,1,1,0,1,0
febrl2,0.72,436,1,1,1,1,0,1,0
febrl2,0.72,667,1,1,1,1,0,1,0
febrl2,0.72,3512,1,1,1,1,0,1,0
febrl2,0.72,423,1,1,1,1,0,1,0
febrl2,0.72,1243,1,1,1,1,0,1,0
febrl2,0.72,2839,1,1,1,1,0,1,0
febrl2,0.72,146,1,1,1,1,0,1,0
febrl2,0.72,1264,1,1,1,1,0,1,0
febrl2,0.72,1849,1,1,1,1,0,1,0
febrl2,0.72,2535,1,1,1,1,0,1,0
febrl2,0.72,196,1,1,1,1,0,1,0
febrl2,0.72,2078,1,1,1,1,0,1,0
febrl2,0.72,3573,1,1,1,1,0,1,0
febrl2,0.72,454,1,1,1,1,0,1,0
febrl2,0.72,1338,1,1,1,1,0,1,0
febrl2,0.72,2393,1,1,1,1,0,1,0
febrl2,0.72,557,1,1,1,1,0,1,0
febrl2,0.72,3805,1,1,2,1,1,2,1
febrl2,0.72,3401,1,1,1,1,0,1,0
febrl2,0.72,400,3,1,3,1,0,1,0
febrl2,0.72,1968,1,1,1,1,0,1,0
febrl2,0.72,3595,1,1,1,1,0,1,0
febrl2,0.72,2082,1,1,1,1,0,1,0
febrl2,0.72,3358,1,1,1,1,0,1,0
febrl2,0.72,762,1,1,1,1,0,1,0
febrl2,0.72,1571,1,1,1,1,0,1,0
febrl2,0.72,3613,1,1,1,1,0,1,0
febrl2,0.72,1701,1,1,1,1,0,1,0
febrl2,0.72,3859,1,1,2,1,1,2,1
febrl2,0.72,2582,1,1,1,1,0,1,0
febrl2,0.72,722,1,1,1,1,0,1,0
febrl2,0.72,3237,1,1,1,1,0,1,0
febrl2,0.72,1017,1,1,1,1,0,1,0
febrl2,0.72,1656,1,1,1,1,0,1,0
febrl2,0.72,224,1,1,1,1,0,1,0
febrl2,0.72,1949,1,1,1,1,0,1,0
febrl2,0.72,3729,1,1,1,1,0,1,0
febrl2,0.72,2285,1,1,1,1,0,1,0
febrl2,0.72,2101,2,1,2,1,0,1,0
febrl2,0.72,1062,1,1,1,1,0,1,0
febrl2,0.72,286,1,1,1,1,0,1,0
febrl2,0.72,570,1,1,1,1,0,1,0
febrl2,0.72,1946,1,1,1,1,0,1,0
febrl2,0.72,368,1,1,1,1,0,1,0
febrl2,0.72,1508,1,1,1,1,0,1,0
febrl2,0.72,2806,1,1,1,1,0,1,0
febrl2,0.72,2266,1,1,1,1,0,1,0
febrl2,0.72,2408,1,1,1,1,0,1,0
febrl2,0.72,3246,1,1,1,1,0,1,0
febrl2,0.72,3046,1,1,1,1,0,1,0
febrl2,0.72,1318,1,1,1,1,0,1,0
febrl2,0.72,1390,1,1,1,1,0,1,0
febrl2,0.72,3629,1,1,1,1,0,1,0
febrl2,0.72,495,1,1,1,1,0,1,0
febrl2,0.72,2435,1,1,1,1,0,1,0
febrl2,0.72,0,1,1,1,1,0,1,0
febrl2,0.72,1096,2,1,2,1,0,1,0
febrl2,0.72,756,1,1,1,1,0,1,0
febrl2,0.72,3118,1,1,1,1,0,1,0
febrl2,0.72,2728,1,1,1,1,0,1,0
febrl2,0.72,61,1,1,1,1,0,1,0
febrl2,0.72,2355,1,1,1,1,0,1,0
febrl2,0.72,3174,1,1,1,1,0,1,0
febrl2,0.72,1436,1,1,1,1,0,1,0
febrl2,0.72,3101,1,1,1,1,0,1,0
febrl2,0.72,2227,1,1,1,1,0,1,0
febrl2,0.72,988,1,1,1,1,0,1,0
febrl2,0.72,3324,1,1,1,1,0,1,0
febrl2,0.72,2505,1,1,1,1,0,1,0
febrl2,0.72,484,1,1,1,1,0,1,0
febrl2,0.72,384,1,1,1,1,0,1,0
febrl2,0.72,2740,1,1,1,1,0,1,0
febrl2,0.72,3497,1,1,4,1,1,2,3
febrl2,0.72,604,1,1,1,1,0,1,0
febrl2,0.72,3172,1,1,1,1,0,1,0
febrl2,0.72,998,1,1,1,1,0,1,0
febrl2,0.72,3602,1,1,1,1,0,1,0
febrl2,0.72,1886,1,1,1,1,0,1,0
febrl2,0.72,2584,1,1,2,1,1,2,1
febrl2,0.72,3886,1,1,1,1,0,1,0
febrl2,0.72,1459,1,1,1,1,0,1,0
febrl2,0.72,3125,1,1,1,1,0,1,0
febrl2,0.72,2069,1,1,1,1,0,1,0
febrl2,0.72,2312,1,1,1,1,0,1,0
febrl2,0.72,3309,1,1,1,1,0,1,0
febrl2,0.72,2341,1,1,1,1,0,1,0
febrl2,0.72,3750,1,1,1,1,0,1,0
febrl2,0.72,226,1,1,1,1,0,1,0
febrl2,0.72,371,1,1,1,1,0,1,0
febrl2,0.72,2411,1,1,6,1,1,2,5
febrl2,0.72,1980,1,1,1,1,0,1,0
febrl2,0.72,327,1,1,1,1,0,1,0
febrl2,0.72,1257,1,1,1,1,0,1,0
febrl2,0.72,1938,1,1,1,1,0,1,0
febrl2,0.72,3937,1,1,1,1,0,1,0
febrl2,0.72,800,1,1,1,1,0,1,0
febrl2,0.72,2019,2,1,2,1,0,1,0
febrl2,0.72,307,1,1,1,1,0,1,0
febrl2,0.72,774,1,1,2,1,1,2,1
febrl2,0.72,1046,1,1,1,1,0,1,0
febrl2,0.72,143,2,1,6,1,1,2,4
febrl2,0.72,2345,1,1,1,1,0,1,0
febrl2,0.72,2436,3,1,3,1,0,1,0
febrl2,0.72,2043,1,1,1,1,0,1,0
febrl2,0.72,3940,1,1,1,1,0,1,0
febrl2,0.72,2646,1,1,1,1,0,1,0
febrl2,0.72,1202,1,1,1,1,0,1,0
febrl2,0.72,2318,1,1,1,1,0,1,0
febrl2,0.72,2215,1,1,1,1,0,1,0
febrl2,0.72,1654,1,1,1,1,0,1,0
febrl2,0.72,1582,1,1,1,1,0,1,0
febrl2,0.72,1777,1,1,1,1,0,1,0
febrl2,0.72,2591,1,1,1,1,0,1,0
febrl2,0.72,758,1,1,1,1,0,1,0
febrl2,0.72,3612,1,1,1,1,0,1,0
febrl2,0.72,2557,1,1,1,1,0,1,0
febrl2,0.72,3203,1,1,1,1,0,1,0
febrl2,0.72,980,1,1,1,1,0,1,0
febrl2,0.72,3799,1,1,1,1,0,1,0
febrl2,0.72,3113,1,1,1,1,0,1,0
febrl2,0.72,3657,1,1,1,1,0,1,0
febrl2,0.72,1184,1,1,1,1,0,1,0
febrl2,0.72,1101,1,1,1,1,0,1,0
febrl2,0.72,3708,1,1,1,1,0,1,0
febrl2,0.72,3396,1,1,1,1,0,1,0
febrl2,0.72,65,1,1,1,1,0,1,0
febrl2,0.72,18,4,1,4,1,0,1,0
febrl2,0.72,55,1,1,1,1,0,1,0
febrl2,0.72,2974,1,1,1,1,0,1,0
febrl2,0.72,2080,1,1,1,1,0,1,0
febrl2,0.72,3210,1,1,1,1,0,1,0
febrl2,0.72,391,1,1,2,1,1,2,1
febrl2,0.72,3196,1,1,1,1,0,1,0
febrl2,0.72,1621,1,1,1,1,0,1,0
febrl2,0.72,1365,1,1,1,1,0,1,0
febrl2,0.72,124,1,1,3,1,2,3,2
febrl2,0.72,3403,1,1,1,1,0,1,0
febrl2,0.72,2823,1,1,1,1,0,1,0
febrl2,0.72,934,1,1,1,1,0,1,0
febrl2,0.72,3622,4,1,4,1,0,1,0
febrl2,0.72,580,1,1,3,1,1,2,2
febrl2,0.72,3339,1,1,8,1,1,2,7
febrl2,0.72,375,1,1,1,1,0,1,0
febrl2,0.72,1207,1,1,1,1,0,1,0
febrl2,0.72,3479,1,1,6,1,1,2,5
febrl2,0.72,3013,1,1,1,1,0,1,0
febrl2,0.72,80,1,1,1,1,0,1,0
febrl2,0.72,2543,1,1,1,1,0,1,0
febrl2,0.72,2149,1,1,2,1,1,2,1
febrl2,0.72,2593,1,1,1,1,0,1,0
febrl2,0.72,1314,1,1,1,1,0,1,0
febrl2,0.72,1966,1,1,1,1,0,1,0
febrl2,0.72,708,1,1,1,1,0,1,0
febrl2,0.72,2918,1,1,2,1,1,2,1
febrl2,0.72,2905,1,1,1,1,0,1,0
febrl2,0.72,1162,1,1,1,1,0,1,0
febrl2,0.72,1653,1,1,2,1,1,2,1
febrl2,0.72,3492,1,1,1,1,0,1,0
febrl2,0.72,2326,3,1,3,1,0,1,0
febrl2,0.72,2970,1,1,1,1,0,1,0
febrl2,0.72,2000,1,1,1,1,0,1,0
febrl2,0.72,2865,1,1,1,1,0,1,0
febrl2,0.72,3481,1,1,1,1,0,1,0
febrl2,0.72,220,1,1,1,1,0,1,0
febrl2,0.72,2192,1,1,1,1,0,1,0
febrl2,0.72,2643,1,1,1,1,0,1,0
febrl2,0.72,592,1,1,1,1,0,1,0
febrl2,0.72,590,1,1,1,1,0,1,0
febrl2,0.72,1722,1,1,1,1,0,1,0
febrl2,0.72,584,1,1,1,1,0,1,0
febrl2,0.72,3973,1,1,1,1,0,1,0
febrl2,0.72,3156,1,1,1,1,0,1,0
febrl2,0.72,2442,1,1,1,1,0,1,0
febrl2,0.72,3840,1,1,1,1,0,1,0
febrl2,0.72,1424,1,1,1,1,0,1,0
febrl2,0.72,1831,1,1,1,1,0,1,0
febrl2,0.72,703,2,1,2,1,0,1,0
febrl2,0.72,1822,1,1,1,1,0,1,0
febrl2,0.72,917,1,1,3,1,1,2,2
febrl2,0.72,3705,1,1,1,1,0,1,0
febrl2,0.72,2242,1,1,1,1,0,1,0
febrl2,0.72,2820,1,1,1,1,0,1,0
febrl2,0.72,660,1,1,1,1,0,1,0
febrl2,0.72,2907,1,1,1,1,0,1,0
febrl2,0.72,920,1,1,1,1,0,1,0
febrl2,0.72,2785,1,1,1,1,0,1,0
febrl2,0.72,2105,1,1,1,1,0,1,0
febrl2,0.72,3343,1,1,1,1,0,1,0
febrl2,0.72,269,1,1,1,1,0,1,0
febrl2,0.72,2681,1,1,1,1,0,1,0
febrl2,0.72,3689,1,1,2,1,1,2,1
febrl2,0.72,3243,1,1,1,1,0,1,0
febrl2,0.72,1759,1,1,1,1,0,1,0
febrl2,0.72,5,1,1,1,1,0,1,0
febrl2,0.72,1462,1,1,1,1,0,1,0
febrl2,0.72,915,1,1,1,1,0,1,0
febrl2,0.72,2628,1,1,1,1,0,1,0
febrl2,0.72,241,1,1,1,1,0,1,0
febrl2,0.72,353,1,1,1,1,0,1,0
febrl2,0.72,775,1,1,1,1,0,1,0
febrl2,0.72,1153,1,1,1,1,0,1,0
febrl2,0.72,3578,1,1,1,1,0,1,0
febrl2,0.72,288,1,1,1,1,0,1,0
febrl2,0.72,1276,1,1,1,1,0,1,0
febrl2,0.72,3793,1,1,1,1,0,1,0
febrl2,0.72,3895,1,1,1,1,0,1,0
febrl2,0.72,2471,1,1,1,1,0,1,0
febrl2,0.72,1351,1,1,1,1,0,1,0
febrl2,0.72,1064,1,1,1,1,0,1,0
febrl2,0.72,3271,1,1,1,1,0,1,0
febrl2,0.72,3816,1,1,1,1,0,1,0
febrl2,0.72,3002,1,1,1,1,0,1,0
febrl2,0.72,826,1,1,1,1,0,1,0
febrl2,0.72,1546,1,1,1,1,0,1,0
febrl2,0.72,2567,1,1,1,1,0,1,0
febrl2,0.72,624,1,1,1,1,0,1,0
febrl2,0.72,1387,1,1,1,1,0,1,0
febrl2,0.72,3683,1,1,1,1,0,1,0
febrl2,0.72,1623,1,1,1,1,0,1,0
febrl2,0.72,2739,1,1,1,1,0,1,0
febrl2,0.72,3852,1,1,1,1,0,1,0
febrl2,0.72,3784,1,1,1,1,0,1,0
febrl2,0.72,1614,1,1,1,1,0,1,0
febrl2,0.72,2051,1,1,1,1,0,1,0
febrl2,0.72,2107,1,1,1,1,0,1,0
febrl2,0.72,561,1,1,1,1,0,1,0
febrl2,0.72,810,1,1,1,1,0,1,0
febrl2,0.72,2382,1,1,1,1,0,1,0
febrl2,0.72,1907,1,1,1,1,0,1,0
febrl2,0.72,676,1,1,1,1,0,1,0
febrl2,0.72,1394,1,1,1,1,0,1,0
febrl2,0.72,326,1,1,1,1,0,1,0
febrl2,0.72,1971,1,1,1,1,0,1,0
febrl2,0.72,114,1,1,1,1,0,1,0
febrl2,0.72,3432,1,1,1,1,0,1,0
febrl2,0.72,1941,1,1,1,1,0,1,0
febrl2,0.72,3898,1,1,1,1,0,1,0
febrl2,0.72,260,1,1,2,1,1,2,1
febrl2,0.72,2188,1,1,1,1,0,1,0
febrl2,0.72,970,1,1,1,1,0,1,0
febrl2,0.72,3006,1,1,1,1,0,1,0
febrl2,0.72,1214,1,1,1,1,0,1,0
febrl2,0.72,221,1,1,1,1,0,1,0
febrl2,0.72,1803,1,1,1,1,0,1,0
febrl2,0.72,2980,1,1,1,1,0,1,0
febrl2,0.72,3743,1,1,1,1,0,1,0
febrl2,0.72,3540,1,1,1,1,0,1,0
febrl2,0.72,3941,1,1,1,1,0,1,0
febrl2,0.72,3501,1,1,1,1,0,1,0
febrl2,0.72,1607,1,1,1,1,0,1,0
febrl2,0.72,265,1,1,1,1,0,1,0
febrl2,0.72,3758,1,1,1,1,0,1,0
febrl2,0.72,2248,1,1,1,1,0,1,0
febrl2,0.72,547,1,1,1,1,0,1,0
febrl2,0.72,2383,1,1,1,1,0,1,0
febrl2,0.72,3971,1,1,1,1,0,1,0
febrl2,0.72,1714,1,1,1,1,0,1,0
febrl2,0.72,591,1,1,1,1,0,1,0
febrl2,0.72,2252,1,1,1,1,0,1,0
febrl2,0.72,1415,1,1,1,1,0,1,0
febrl2,0.72,3638,1,1,4,1,2,3,3
febrl2,0.72,680,1,1,1,1,0,1,0
febrl2,0.72,3751,1,1,1,1,0,1,0
febrl2,0.72,2776,1,1,1,1,0,1,0
febrl2,0.72,2194,1,1,2,1,1,2,1
febrl2,0.72,2157,1,1,1,1,0,1,0
febrl2,0.72,1238,1,1,1,1,0,1,0
febrl2,0.72,1754,1,1,1,1,0,1,0
febrl2,0.72,2601,1,1,1,1,0,1,0
febrl2,0.72,3380,1,1,1,1,0,1,0
febrl2,0.72,840,1,1,1,1,0,1,0
febrl2,0.72,2957,1,1,1,1,0,1,0
febrl2,0.72,3640,1,1,1,1,0,1,0
febrl2,0.72,3194,1,1,1,1,0,1,0
febrl2,0.72,1023,1,1,1,1,0,1,0
febrl2,0.72,850,1,1,1,1,0,1,0
febrl2,0.72,2872,1,1,1,1,0,1,0
febrl2,0.72,3234,1,1,1,1,0,1,0
febrl2,0.72,2343,1,1,1,1,0,1,0
febrl2,0.72,2788,1,1,1,1,0,1,0
febrl2,0.72,2520,1,1,1,1,0,1,0
febrl2,0.72,2432,1,1,1,1,0,1,0
febrl2,0.72,3106,1,1,1,1,0,1,0
febrl2,0.72,1615,1,1,1,1,0,1,0
febrl2,0.72,2485,1,1,1,1,0,1,0
febrl2,0.72,2835,1,1,1,1,0,1,0
febrl2,0.72,3541,1,1,1,1,0,1,0
febrl2,0.72,2322,3,1,3,1,0,1,0
febrl2,0.72,1375,1,1,1,1,0,1,0
febrl2,0.72,1620,1,1,1,1,0,1,0
febrl2,0.72,3648,1,1,1,1,0,1,0
febrl2,0.72,2203,1,1,1,1,0,1,0
febrl2,0.72,3661,1,1,1,1,0,1,0
febrl2,0.72,3582,1,1,1,1,0,1,0
febrl2,0.72,1624,1,1,1,1,0,1,0
febrl2,0.72,91,1,1,1,1,0,1,0
febrl2,0.72,165,1,1,1,1,0,1,0
febrl2,0.72,1611,1,1,1,1,0,1,0
febrl2,0.72,2456,1,1,1,1,0,1,0
febrl2,0.72,3413,1,1,1,1,0,1,0
febrl2,0.72,2655,1,1,1,1,0,1,0
febrl2,0.72,1354,1,1,1,1,0,1,0
febrl2,0.72,3655,1,1,1,1,0,1,0
febrl2,0.72,961,1,1,1,1,0,1,0
febrl2,0.72,1584,1,1,1,1,0,1,0
febrl2,0.72,2395,1,1,1,1,0,1,0
febrl2,0.72,2275,1,1,1,1,0,1,0
febrl2,0.72,2300,1,1,1,1,0,1,0
febrl2,0.72,3209,1,1,1,1,0,1,0
febrl2,0.72,3957,1,1,1,1,0,1,0
febrl2,0.72,3230,1,1,1,1,0,1,0
febrl2,0.72,2253,1,1,4,1,1,2,3
febrl2,0.72,1520,1,1,1,1,0,1,0
febrl2,0.72,1277,1,1,1,1,0,1,0
febrl2,0.72,1247,1,1,1,1,0,1,0
febrl2,0.72,2292,1,1,1,1,0,1,0
febrl2,0.72,3795,1,1,6,1,1,2,5
febrl2,0.72,1263,1,1,1,1,0,1,0
febrl2,0.72,1059,1,1,1,1,0,1,0
febrl2,0.72,1887,1,1,1,1,0,1,0
febrl2,0.72,2511,1,1,1,1,0,1,0
febrl2,0.72,1337,1,1,1,1,0,1,0
febrl2,0.72,66,1,1,1,1,0,1,0
febrl2,0.72,2010,1,1,1,1,0,1,0
febrl2,0.72,3286,1,1,1,1,0,1,0
febrl2,0.72,607,1,1,1,1,0,1,0
febrl2,0.72,2720,1,1,1,1,0,1,0
febrl2,0.72,1071,1,1,1,1,0,1,0
febrl2,0.72,701,1,1,1,1,0,1,0
febrl2,0.72,1723,1,1,1,1,0,1,0
febrl2,0.72,3820,1,1,1,1,0,1,0
febrl2,0.72,1671,1,1,1,1,0,1,0
febrl2,0.72,809,1,1,1,1,0,1,0
febrl2,0.72,3609,1,1,1,1,0,1,0
febrl2,0.72,1635,1,1,1,1,0,1,0
febrl2,0.72,2530,1,1,6,1,2,3,5
febrl2,0.72,2674,1,1,1,1,0,1,0
febrl2,0.72,1830,1,1,1,1,0,1,0
febrl2,0.72,1841,1,1,1,1,0,1,0
febrl2,0.72,453,1,1,1,1,0,1,0
febrl2,0.72,3822,1,1,1,1,0,1,0
febrl2,0.72,3961,1,1,1,1,0,1,0
febrl2,0.72,3475,1,1,1,1,0,1,0
febrl2,0.72,3052,1,1,1,1,0,1,0
febrl2,0.72,816,1,1,1,1,0,1,0
febrl2,0.72,3926,1,1,1,1,0,1,0
febrl2,0.72,3122,2,1,2,1,0,1,0
febrl2,0.72,2117,1,1,2,1,1,2,1
febrl2,0.72,3997,1,1,1,1,0,1,0
febrl2,0.72,3943,1,1,1,1,0,1,0
febrl2,0.72,2971,1,1,1,1,0,1,0
febrl2,0.72,3807,1,1,1,1,0,1,0
febrl2,0.72,3111,1,1,1,1,0,1,0
febrl2,0.72,2623,1,1,1,1,0,1,0
febrl2,0.72,2246,1,1,1,1,0,1,0
febrl2,0.72,469,1,1,1,1,0,1,0
febrl2,0.72,1811,1,1,1,1,0,1,0
febrl2,0.72,477,1,1,1,1,0,1,0
febrl2,0.72,1216,4,1,4,1,0,1,0
febrl2,0.72,210,1,1,1,1,0,1,0
febrl2,0.72,3470,1,1,1,1,0,1,0
febrl2,0.72,611,1,1,1,1,0,1,0
febrl2,0.72,92,1,1,1,1,0,1,0
febrl2,0.72,1861,1,1,1,1,0,1,0
febrl2,0.72,1500,1,1,1,1,0,1,0
febrl2,0.72,3079,1,1,1,1,0,1,0
febrl2,0.72,483,1,1,1,1,0,1,0
febrl2,0.72,726,1,1,1,1,0,1,0
febrl2,0.72,828,1,1,1,1,0,1,0
febrl2,0.72,1413,1,1,1,1,0,1,0
febrl2,0.72,3532,1,1,1,1,0,1,0
febrl2,0.72,2743,1,1,1,1,0,1,0
febrl2,0.72,416,1,1,1,1,0,1,0
febrl2,0.72,1067,1,1,2,1,1,2,1
febrl2,0.72,585,1,1,1,1,0,1,0
febrl2,0.72,3296,1,1,1,1,0,1,0
febrl2,0.72,3359,1,1,1,1,0,1,0
febrl2,0.72,2605,1,1,1,1,0,1,0
febrl2,0.72,1688,1,1,1,1,0,1,0
febrl2,0.72,737,1,1,1,1,0,1,0
febrl2,0.72,2421,1,1,1,1,0,1,0
febrl2,0.72,1525,1,1,1,1,0,1,0
febrl2,0.72,766,1,1,1,1,0,1,0
febrl2,0.72,2536,1,1,1,1,0,1,0
febrl2,0.72,3279,1,1,1,1,0,1,0
febrl2,0.72,3882,1,1,1,1,0,1,0
febrl2,0.72,1572,1,1,1,1,0,1,0
febrl2,0.72,1547,1,1,1,1,0,1,0
febrl2,0.72,3539,1,1,1,1,0,1,0
febrl2,0.72,3242,1,1,6,1,1,2,5
febrl2,0.72,1163,1,1,1,1,0,1,0
febrl2,0.72,1386,1,1,1,1,0,1,0
febrl2,0.72,3259,1,1,1,1,0,1,0
febrl2,0.72,2482,1,1,1,1,0,1,0
febrl2,0.72,1783,1,1,1,1,0,1,0
febrl2,0.72,2854,1,1,1,1,0,1,0
febrl2,0.72,2680,1,1,2,1,1,2,1
febrl2,0.72,3719,1,1,1,1,0,1,0
febrl2,0.72,2939,1,1,1,1,0,1,0
febrl2,0.72,2603,1,1,5,1,1,2,4
febrl2,0.72,2308,1,1,1,1,0,1,0
febrl2,0.72,1262,1,1,1,1,0,1,0
febrl2,0.72,1117,1,1,1,1,0,1,0
febrl2,0.72,3423,1,1,2,1,1,2,1
febrl2,0.72,1676,1,1,1,1,0,1,0
febrl2,0.72,1702,1,1,1,1,0,1,0
febrl2,0.72,1079,1,1,1,1,0,1,0
febrl2,0.72,3257,1,1,1,1,0,1,0
febrl2,0.72,1965,1,1,1,1,0,1,0
febrl2,0.72,3725,1,1,1,1,0,1,0
febrl2,0.72,2020,1,1,1,1,0,1,0
febrl2,0.72,3522,1,1,1,1,0,1,0
febrl2,0.72,893,1,1,1,1,0,1,0
febrl2,0.72,1998,1,1,1,1,0,1,0
febrl2,0.72,628,1,1,1,1,0,1,0
febrl2,0.72,630,1,1,1,1,0,1,0
febrl2,0.72,3920,1,1,10,1,1,2,9
febrl2,0.72,161,1,1,4,1,2,3,3
febrl2,0.72,1429,1,1,1,1,0,1,0
febrl2,0.72,3310,1,1,1,1,0,1,0
febrl2,0.72,3922,1,1,1,1,0,1,0
febrl2,0.72,1353,1,1,1,1,0,1,0
febrl2,0.72,2481,1,1,1,1,0,1,0
febrl2,0.72,3853,1,1,1,1,0,1,0
febrl2,0.72,2420,1,1,8,1,1,2,7
febrl2,0.72,3726,1,1,1,1,0,1,0
febrl2,0.72,921,1,1,1,1,0,1,0
febrl2,0.72,1037,1,1,1,1,0,1,0
febrl2,0.72,2067,1,1,1,1,0,1,0
febrl2,0.72,550,1,1,1,1,0,1,0
febrl2,0.72,152,1,1,1,1,0,1,0
febrl2,0.72,787,1,1,1,1,0,1,0
febrl2,0.72,2317,1,1,1,1,0,1,0
febrl2,0.72,2862,1,1,1,1,0,1,0
febrl2,0.72,82,1,1,1,1,0,1,0
febrl2,0.72,1251,1,1,1,1,0,1,0
febrl2,0.72,3150,1,1,1,1,0,1,0
febrl2,0.72,753,1,1,1,1,0,1,0
febrl2,0.72,430,1,1,1,1,0,1,0
febrl2,0.72,3304,3,1,3,1,0,1,0
febrl2,0.72,1983,1,1,1,1,0,1,0
febrl2,0.72,178,1,1,1,1,0,1,0
febrl2,0.72,1587,1,1,1,1,0,1,0
febrl2,0.72,2214,1,1,1,1,0,1,0
febrl2,0.72,231,1,1,1,1,0,1,0
febrl2,0.72,1028,1,1,1,1,0,1,0
febrl2,0.72,3223,1,1,1,1,0,1,0
febrl2,0.72,797,1,1,1,1,0,1,0
febrl2,0.72,1412,1,1,1,1,0,1,0
febrl2,0.72,1602,1,1,1,1,0,1,0
febrl2,0.72,309,1,1,1,1,0,1,0
febrl2,0.72,1994,1,1,1,1,0,1,0
febrl2,0.72,1553,1,1,1,1,0,1,0
febrl2,0.72,2807,1,1,1,1,0,1,0
febrl2,0.72,3039,1,1,1,1,0,1,0
febrl2,0.72,116,1,1,2,1,1,2,1
febrl2,0.72,3190,1,1,1,1,0,1,0
febrl2,0.72,3469,1,1,1,1,0,1,0
febrl2,0.72,2602,1,1,1,1,0,1,0
febrl2,0.72,36,1,1,1,1,0,1,0
febrl2,0.72,2547,1,1,1,1,0,1,0
febrl2,0.72,1852,1,1,1,1,0,1,0
febrl2,0.72,425,1,1,1,1,0,1,0
febrl2,0.72,1029,1,1,1,1,0,1,0
febrl2,0.72,141,3,1,3,1,0,1,0
febrl2,0.72,1344,1,1,2,1,1,2,1
febrl2,0.72,3555,1,1,1,1,0,1,0
febrl2,0.72,1846,1,1,1,1,0,1,0
febrl2,0.72,1616,1,1,1,1,0,1,0
febrl2,0.72,1895,1,1,1,1,0,1,0
febrl2,0.72,3132,1,1,1,1,0,1,0
febrl2,0.72,2294,1,1,1,1,0,1,0
febrl2,0.72,3345,1,1,1,1,0,1,0
febrl2,0.72,3439,1,1,1,1,0,1,0
febrl2,0.72,3126,1,1,1,1,0,1,0
febrl2,0.72,340,1,1,1,1,0,1,0
febrl2,0.72,2723,1,1,1,1,0,1,0
febrl2,0.72,572,1,1,1,1,0,1,0
febrl2,0.72,866,1,1,1,1,0,1,0
febrl2,0.72,839,1,1,1,1,0,1,0
febrl2,0.72,1555,1,1,1,1,0,1,0
febrl2,0.72,2791,1,1,1,1,0,1,0
febrl2,0.72,2780,1,1,1,1,0,1,0
febrl2,0.72,3665,1,1,2,1,1,2,1
febrl2,0.72,1812,1,1,1,1,0,1,0
febrl2,0.72,3340,1,1,1,1,0,1,0
febrl2,0.72,2812,1,1,1,1,0,1,0
febrl2,0.72,2641,1,1,1,1,0,1,0
febrl2,0.72,1969,1,1,1,1,0,1,0
febrl2,0.72,749,1,1,1,1,0,1,0
febrl2,0.72,3325,1,1,2,1,1,2,1
febrl2,0.72,25,1,1,1,1,0,1,0
febrl2,0.72,862,1,1,1,1,0,1,0
febrl2,0.72,2016,1,1,1,1,0,1,0
febrl2,0.72,1448,1,1,1,1,0,1,0
febrl2,0.72,2218,1,1,1,1,0,1,0
febrl2,0.72,2325,1,1,1,1,0,1,0
febrl2,0.72,3894,1,1,1,1,0,1,0
febrl2,0.72,836,1,1,1,1,0,1,0
febrl2,0.72,1173,1,1,1,1,0,1,0
febrl2,0.72,2405,1,1,1,1,0,1,0
febrl2,0.72,2371,1,1,1,1,0,1,0
febrl2,0.72,3644,1,1,1,1,0,1,0
febrl2,0.72,3182,1,1,1,1,0,1,0
febrl2,0.72,2898,1,1,1,1,0,1,0
febrl2,0.72,788,1,1,4,1,2,3,3
febrl2,0.72,1780,1,1,1,1,0,1,0
febrl2,0.72,2692,1,1,1,1,0,1,0
febrl2,0.72,3958,1,1,1,1,0,1,0
febrl2,0.72,2111,1,1,1,1,0,1,0
febrl2,0.72,1737,1,1,1,1,0,1,0
febrl2,0.72,860,1,1,1,1,0,1,0
febrl2,0.72,2700,1,1,1,1,0,1,0
febrl2,0.72,3801,1,1,1,1,0,1,0
febrl2,0.72,974,1,1,1,1,0,1,0
febrl2,0.72,2147,1,1,1,1,0,1,0
febrl2,0.72,1208,1,1,1,1,0,1,0
febrl2,0.72,2897,1,1,1,1,0,1,0
febrl2,0.72,621,1,1,1,1,0,1,0
febrl2,0.72,377,1,1,1,1,0,1,0
febrl2,0.72,2588,1,1,1,1,0,1,0
febrl2,0.72,3874,1,1,1,1,0,1,0
febrl2,0.72,1551,1,1,1,1,0,1,0
febrl2,0.72,709,1,1,1,1,0,1,0
febrl2,0.72,888,1,1,4,1,1,2,3
febrl2,0.72,3047,1,1,1,1,0,1,0
febrl2,0.72,3198,1,1,1,1,0,1,0
febrl2,0.72,1176,1,1,1,1,0,1,0
febrl2,0.72,410,1,1,1,1,0,1,0
febrl2,0.72,216,1,1,1,1,0,1,0
febrl2,0.72,1174,1,1,1,1,0,1,0
febrl2,0.72,137,1,1,1,1,0,1,0
febrl2,0.72,1875,1,1,1,1,0,1,0
febrl2,0.72,1864,1,1,1,1,0,1,0
febrl2,0.72,2690,1,1,1,1,0,1,0
febrl2,0.72,3557,1,1,1,1,0,1,0
febrl2,0.72,3740,1,1,1,1,0,1,0
febrl2,0.72,49,1,1,1,1,0,1,0
febrl2,0.72,2207,1,1,2,1,1,2,1
febrl2,0.72,716,1,1,1,1,0,1,0
febrl2,0.72,2487,1,1,1,1,0,1,0
febrl2,0.72,1107,1,1,1,1,0,1,0
febrl2,0.72,3049,1,1,1,1,0,1,0
febrl2,0.72,562,1,1,1,1,0,1,0
febrl2,0.72,3136,1,1,1,1,0,1,0
febrl2,0.72,559,1,1,2,1,1,2,1
febrl2,0.72,245,1,1,1,1,0,1,0
febrl2,0.72,162,1,1,1,1,0,1,0
febrl2,0.72,1115,1,1,1,1,0,1,0
febrl2,0.72,911,1,1,1,1,0,1,0
febrl2,0.72,382,1,1,4,1,1,2,3
febrl2,0.72,1182,1,1,1,1,0,1,0
febrl2,0.72,439,1,1,1,1,0,1,0
febrl2,0.72,1361,1,1,1,1,0,1,0
febrl2,0.72,778,1,1,1,1,0,1,0
febrl2,0.72,34,1,1,1,1,0,1,0
febrl2,0.72,2861,1,1,1,1,0,1,0
febrl2,0.72,318,1,1,2,1,1,2,1
febrl2,0.72,3744,1,1,1,1,0,1,0
febrl2,0.72,1570,1,1,1,1,0,1,0
febrl2,0.72,2656,1,1,1,1,0,1,0
febrl2,0.72,3477,1,1,1,1,0,1,0
febrl2,0.72,966,1,1,1,1,0,1,0
febrl2,0.72,1210,1,1,2,1,1,2,1
febrl2,0.72,2146,1,1,1,1,0,1,0
febrl2,0.72,603,1,1,1,1,0,1,0
febrl2,0.72,750,1,1,1,1,0,1,0
febrl2,0.72,1788,1,1,1,1,0,1,0
febrl2,0.72,3112,1,1,1,1,0,1,0
febrl2,0.72,3955,1,1,1,1,0,1,0
febrl2,0.72,491,1,1,1,1,0,1,0
febrl2,0.72,30,1,1,1,1,0,1,0
febrl2,0.72,3165,1,1,1,1,0,1,0
febrl2,0.72,1834,1,1,1,1,0,1,0
febrl2,0.72,405,1,1,1,1,0,1,0
febrl2,0.72,2550,1,1,2,1,1,2,1
febrl2,0.72,700,1,1,1,1,0,1,0
febrl2,0.72,468,1,1,1,1,0,1,0
febrl2,0.72,1924,1,1,1,1,0,1,0
febrl2,0.72,520,1,1,1,1,0,1,0
febrl2,0.72,3264,1,1,1,1,0,1,0
febrl2,0.72,673,1,1,1,1,0,1,0
febrl2,0.72,2838,1,1,1,1,0,1,0
febrl2,0.72,1350,1,1,1,1,0,1,0
febrl2,0.72,2737,1,1,1,1,0,1,0
febrl2,0.72,263,1,1,1,1,0,1,0
febrl2,0.72,3024,1,1,1,1,0,1,0
febrl2,0.72,3979,1,1,1,1,0,1,0
febrl2,0.72,2946,1,1,1,1,0,1,0
febrl2,0.72,1923,1,1,1,1,0,1,0
febrl2,0.72,1181,1,1,1,1,0,1,0
febrl2,0.72,1802,1,1,1,1,0,1,0
febrl2,0.72,1741,1,1,1,1,0,1,0
febrl2,0.72,202,1,1,1,1,0,1,0
febrl2,0.72,3016,1,1,1,1,0,1,0
febrl2,0.72,1031,1,1,1,1,0,1,0
febrl2,0.72,1526,1,1,1,1,0,1,0
febrl2,0.72,706,1,1,1,1,0,1,0
febrl2,0.72,154,1,1,1,1,0,1,0
febrl2,0.72,1405,1,1,1,1,0,1,0
febrl2,0.72,3179,1,1,1,1,0,1,0
febrl2,0.72,296,1,1,1,1,0,1,0
febrl2,0.72,312,1,1,1,1,0,1,0
febrl2,0.72,1121,1,1,1,1,0,1,0
febrl2,0.72,1952,1,1,1,1,0,1,0
febrl2,0.72,812,1,1,1,1,0,1,0
febrl2,0.72,2079,1,1,1,1,0,1,0
febrl2,0.72,1927,1,1,1,1,0,1,0
febrl2,0.72,650,1,1,1,1,0,1,0
febrl2,0.72,2231,1,1,1,1,0,1,0
febrl2,0.72,379,1,1,1,1,0,1,0
febrl2,0.72,3617,1,1,1,1,0,1,0
febrl2,0.72,1820,1,1,1,1,0,1,0
febrl2,0.72,1292,1,1,3,1,2,3,2
febrl2,0.72,2730,1,1,1,1,0,1,0
febrl2,0.72,214,1,1,1,1,0,1,0
febrl2,0.72,3161,1,1,1,1,0,1,0
febrl2,0.72,2826,1,1,1,1,0,1,0
febrl2,0.72,1911,1,1,1,1,0,1,0
febrl2,0.72,1853,1,1,1,1,0,1,0
febrl2,0.72,2533,1,1,1,1,0,1,0
febrl2,0.72,870,1,1,1,1,0,1,0
febrl2,0.72,3071,1,1,1,1,0,1,0
febrl2,0.72,2911,1,1,1,1,0,1,0
febrl2,0.72,2397,1,1,1,1,0,1,0
febrl2,0.72,1280,1,1,1,1,0,1,0
febrl2,0.72,1203,1,1,4,1,1,2,3
febrl2,0.72,2450,1,1,1,1,0,1,0
febrl2,0.72,2587,1,1,1,1,0,1,0
febrl2,0.72,3091,1,1,1,1,0,1,0
febrl2,0.72,2438,1,1,1,1,0,1,0
febrl2,0.72,648,1,1,1,1,0,1,0
febrl2,0.72,1928,1,1,1,1,0,1,0
febrl2,0.72,754,1,1,1,1,0,1,0
febrl2,0.72,2524,1,1,2,1,1,2,1
febrl2,0.72,3265,1,1,1,1,0,1,0
febrl2,0.72,2577,1,1,1,1,0,1,0
febrl2,0.72,1414,1,1,1,1,0,1,0
febrl2,0.72,270,1,1,1,1,0,1,0
febrl2,0.72,2866,1,1,1,1,0,1,0
febrl2,0.72,361,1,1,1,1,0,1,0
febrl2,0.72,2049,1,1,2,1,1,2,1
febrl2,0.72,2095,1,1,1,1,0,1,0
febrl2,0.72,3577,1,1,1,1,0,1,0
febrl2,0.72,2124,1,1,1,1,0,1,0
febrl2,0.72,437,1,1,1,1,0,1,0
febrl2,0.72,383,1,1,1,1,0,1,0
febrl2,0.72,2115,1,1,1,1,0,1,0
febrl2,0.72,3724,1,1,1,1,0,1,0
febrl2,0.72,1035,3,1,3,1,0,1,0
febrl2,0.72,1360,1,1,1,1,0,1,0
febrl2,0.72,3012,1,1,1,1,0,1,0
febrl2,0.72,293,1,1,1,1,0,1,0
febrl2,0.72,614,1,1,1,1,0,1,0
febrl2,0.72,1709,1,1,1,1,0,1,0
febrl2,0.72,2257,1,1,1,1,0,1,0
febrl2,0.72,1260,1,1,1,1,0,1,0
febrl2,0.72,2412,1,1,1,1,0,1,0
febrl2,0.72,3944,1,1,1,1,0,1,0
febrl2,0.72,2561,1,1,1,1,0,1,0
febrl2,0.72,2864,1,1,1,1,0,1,0
febrl2,0.72,2380,1,1,2,1,1,2,1
febrl2,0.72,206,1,1,1,1,0,1,0
febrl2,0.72,467,1,1,1,1,0,1,0
febrl2,0.72,3538,1,1,1,1,0,1,0
febrl2,0.72,1134,1,1,1,1,0,1,0
febrl2,0.72,1225,1,1,1,1,0,1,0
febrl2,0.72,2441,1,1,1,1,0,1,0
febrl2,0.72,1689,1,1,1,1,0,1,0
febrl2,0.72,851,1,1,1,1,0,1,0
febrl2,0.72,3463,1,1,1,1,0,1,0
febrl2,0.72,1643,1,1,1,1,0,1,0
febrl2,0.72,53,1,1,1,1,0,1,0
febrl2,0.72,1110,1,1,1,1,0,1,0
febrl2,0.72,1165,1,1,1,1,0,1,0
febrl2,0.72,212,1,1,1,1,0,1,0
febrl2,0.72,1793,1,1,1,1,0,1,0
febrl2,0.72,1798,1,1,1,1,0,1,0
febrl2,0.72,3549,1,1,1,1,0,1,0
febrl2,0.72,2819,1,1,1,1,0,1,0
febrl2,0.72,471,1,1,1,1,0,1,0
febrl2,0.72,2189,1,1,1,1,0,1,0
febrl2,0.72,2702,1,1,1,1,0,1,0
febrl2,0.72,927,1,1,1,1,0,1,0
febrl2,0.72,2304,1,1,1,1,0,1,0
febrl2,0.72,3206,1,1,1,1,0,1,0
febrl2,0.72,2726,1,1,1,1,0,1,0
febrl2,0.72,2634,1,1,1,1,0,1,0
febrl2,0.72,19,1,1,1,1,0,1,0
febrl2,0.72,2037,1,1,1,1,0,1,0
febrl2,0.72,122,1,1,1,1,0,1,0
febrl2,0.72,1813,1,1,1,1,0,1,0
febrl2,0.72,2915,2,1,2,1,0,1,0
febrl2,0.72,529,1,1,1,1,0,1,0
febrl2,0.72,1954,1,1,1,1,0,1,0
febrl2,0.72,2094,1,1,1,1,0,1,0
febrl2,0.72,1664,1,1,1,1,0,1,0
febrl2,0.72,3490,1,1,2,1,1,2,1
febrl2,0.72,678,2,1,2,1,0,1,0
febrl2,0.72,2975,1,1,1,1,0,1,0
febrl2,0.72,197,1,1,1,1,0,1,0
febrl2,0.72,264,1,1,2,1,1,2,1
febrl2,0.72,3454,1,1,1,1,0,1,0
febrl2,0.72,3518,1,1,1,1,0,1,0
febrl2,0.72,679,1,1,1,1,0,1,0
febrl2,0.72,1483,1,1,1,1,0,1,0
febrl2,0.72,1779,1,1,1,1,0,1,0
febrl2,0.72,530,1,1,5,1,2,3,4
febrl2,0.72,3869,1,1,2,1,1,2,1
febrl2,0.72,168,1,1,1,1,0,1,0
febrl2,0.72,784,1,1,1,1,0,1,0
febrl2,0.72,1538,1,1,1,1,0,1,0
febrl2,0.72,108,1,1,1,1,0,1,0
febrl2,0.72,1402,1,1,1,1,0,1,0
febrl2,0.72,2223,1,1,1,1,0,1,0
febrl2,0.72,2387,1,1,2,1,1,2,1
febrl2,0.72,1674,1,1,1,1,0,1,0
febrl2,0.72,125,1,1,1,1,0,1,0
febrl2,0.72,827,1,1,1,1,0,1,0
febrl2,0.72,3493,1,1,1,1,0,1,0
febrl2,0.72,2684,1,1,1,1,0,1,0
febrl2,0.72,2396,1,1,1,1,0,1,0
febrl2,0.72,958,1,1,1,1,0,1,0
febrl2,0.72,121,1,1,1,1,0,1,0
febrl2,0.72,3809,1,1,1,1,0,1,0
febrl2,0.72,2870,1,1,1,1,0,1,0
febrl2,0.72,2338,1,1,10,1,1,2,9
febrl2,0.72,1218,1,1,1,1,0,1,0
febrl2,0.72,1518,1,1,1,1,0,1,0
febrl2,0.72,3078,1,1,1,1,0,1,0
febrl2,0.72,3030,1,1,1,1,0,1,0
febrl2,0.72,3289,1,1,1,1,0,1,0
febrl2,0.72,257,1,1,1,1,0,1,0
febrl2,0.72,3351,1,1,1,1,0,1,0
febrl2,0.72,205,1,1,1,1,0,1,0
febrl2,0.72,461,1,1,1,1,0,1,0
febrl2,0.72,1896,1,1,1,1,0,1,0
febrl2,0.72,1922,1,1,1,1,0,1,0
febrl2,0.72,2706,1,1,1,1,0,1,0
febrl2,0.72,193,1,1,1,1,0,1,0
febrl2,0.72,1713,1,1,1,1,0,1,0
febrl2,0.72,2352,1,1,1,1,0,1,0
febrl2,0.72,3055,1,1,1,1,0,1,0
febrl2,0.72,2521,1,1,1,1,0,1,0
febrl2,0.72,3378,1,1,1,1,0,1,0
febrl2,0.72,1787,1,1,1,1,0,1,0
febrl2,0.72,3250,1,1,6,1,2,3,5
febrl2,0.72,2057,1,1,1,1,0,1,0
febrl2,0.72,1739,1,1,1,1,0,1,0
febrl2,0.72,2288,1,1,1,1,0,1,0
febrl2,0.72,965,1,1,1,1,0,1,0
febrl2,0.72,2,1,1,1,1,0,1,0
febrl2,0.72,3220,1,1,1,1,0,1,0
febrl2,0.72,3737,1,1,1,1,0,1,0
febrl2,0.72,3669,1,1,1,1,0,1,0
febrl2,0.72,3350,1,1,1,1,0,1,0
febrl2,0.72,2947,1,1,1,1,0,1,0
febrl2,0.72,3010,1,1,1,1,0,1,0
febrl2,0.72,1296,1,1,1,1,0,1,0
febrl2,0.72,52,1,1,1,1,0,1,0
febrl2,0.72,3535,1,1,1,1,0,1,0
febrl2,0.72,2193,1,1,1,1,0,1,0
febrl2,0.72,1715,1,1,1,1,0,1,0
febrl2,0.72,85,1,1,1,1,0,1,0
febrl2,0.72,1532,1,1,1,1,0,1,0
febrl2,0.72,1250,2,1,2,1,0,1,0
febrl2,0.72,853,1,1,1,1,0,1,0
febrl2,0.72,1345,1,1,1,1,0,1,0
febrl2,0.72,2841,1,1,2,1,1,2,1
febrl2,0.72,3186,1,1,1,1,0,1,0
febrl2,0.72,2187,1,1,1,1,0,1,0
febrl2,0.72,3502,1,1,1,1,0,1,0
febrl2,0.72,3975,1,1,2,1,1,2,1
febrl2,0.72,9,1,1,1,1,0,1,0
febrl2,0.72,2243,1,1,1,1,0,1,0
febrl2,0.72,3712,1,1,1,1,0,1,0
febrl2,0.72,308,1,1,1,1,0,1,0
febrl2,0.72,963,1,1,1,1,0,1,0
febrl2,0.72,1851,1,1,2,1,1,2,1
febrl2,0.72,642,1,1,1,1,0,1,0
febrl2,0.72,3676,1,1,1,1,0,1,0
febrl2,0.72,2509,1,1,1,1,0,1,0
febrl2,0.72,1054,1,1,1,1,0,1,0
febrl2,0.72,2759,1,1,1,1,0,1,0
febrl2,0.72,2091,1,1,1,1,0,1,0
febrl2,0.72,1933,1,1,1,1,0,1,0
febrl2,0.72,2492,1,1,1,1,0,1,0
febrl2,0.72,1253,1,1,1,1,0,1,0
febrl2,0.72,2422,1,1,1,1,0,1,0
febrl2,0.72,2472,1,1,1,1,0,1,0
febrl2,0.72,3240,1,1,1,1,0,1,0
febrl2,0.72,2917,1,1,1,1,0,1,0
febrl2,0.72,498,1,1,1,1,0,1,0
febrl2,0.72,427,1,1,1,1,0,1,0
febrl2,0.72,1105,1,1,1,1,0,1,0
febrl2,0.72,3315,1,1,4,1,1,2,3
febrl2,0.72,1498,1,1,1,1,0,1,0
febrl2,0.72,2614,1,1,1,1,0,1,0
febrl2,0.72,3714,1,1,1,1,0,1,0
febrl2,0.72,277,1,1,1,1,0,1,0
febrl2,0.72,2102,1,1,1,1,0,1,0
febrl2,0.72,1449,1,1,1,1,0,1,0
febrl2,0.72,3153,1,1,1,1,0,1,0
febrl2,0.72,2913,1,1,1,1,0,1,0
febrl2,0.72,1910,1,1,1,1,0,1,0
febrl2,0.72,1283,1,1,3,1,1,2,2
febrl2,0.72,87,1,1,1,1,0,1,0
febrl2,0.72,3930,1,1,1,1,0,1,0
febrl2,0.72,1004,1,1,1,1,0,1,0
febrl2,0.72,2362,1,1,2,1,1,2,1
febrl2,0.72,2012,1,1,1,1,0,1,0
febrl2,0.72,2764,1,1,1,1,0,1,0
febrl2,0.72,2836,1,1,1,1,0,1,0
febrl2,0.72,1112,1,1,1,1,0,1,0
febrl2,0.72,2504,1,1,1,1,0,1,0
febrl2,0.72,3536,1,1,1,1,0,1,0
febrl2,0.72,2944,1,1,1,1,0,1,0
febrl2,0.72,1504,1,1,1,1,0,1,0
febrl2,0.72,3781,1,1,1,1,0,1,0
febrl2,0.72,792,1,1,1,1,0,1,0
febrl2,0.72,3667,1,1,1,1,0,1,0
febrl2,0.72,2685,1,1,1,1,0,1,0
febrl2,0.72,1180,1,1,1,1,0,1,0
febrl2,0.72,1828,1,1,1,1,0,1,0
febrl2,0.72,1906,1,1,1,1,0,1,0
febrl2,0.72,817,1,1,1,1,0,1,0
febrl2,0.72,3095,1,1,1,1,0,1,0
febrl2,0.72,1231,1,1,1,1,0,1,0
febrl2,0.72,3586,1,1,1,1,0,1,0
febrl2,0.72,1196,1,1,1,1,0,1,0
febrl2,0.72,1329,1,1,1,1,0,1,0
febrl2,0.72,806,1,1,1,1,0,1,0
febrl2,0.72,1041,1,1,1,1,0,1,0
febrl2,0.72,1427,1,1,1,1,0,1,0
febrl2,0.72,435,1,1,1,1,0,1,0
febrl2,0.72,177,1,1,1,1,0,1,0
febrl2,0.72,1705,1,1,1,1,0,1,0
febrl2,0.72,1451,1,1,1,1,0,1,0
febrl2,0.72,3581,1,1,1,1,0,1,0
febrl2,0.72,3794,1,1,1,1,0,1,0
febrl2,0.72,2699,1,1,1,1,0,1,0
febrl2,0.72,3863,1,1,1,1,0,1,0
febrl2,0.72,3233,1,1,1,1,0,1,0
febrl2,0.72,867,1,1,1,1,0,1,0
febrl2,0.72,1566,1,1,1,1,0,1,0
febrl2,0.72,2462,1,1,1,1,0,1,0
febrl2,0.72,474,1,1,1,1,0,1,0
febrl2,0.72,2008,1,1,1,1,0,1,0
febrl2,0.72,3746,1,1,1,1,0,1,0
febrl2,0.72,2990,1,1,4,1,1,2,3
febrl2,0.72,510,1,1,1,1,0,1,0
febrl2,0.72,2357,1,1,1,1,0,1,0
febrl2,0.72,1558,1,1,1,1,0,1,0
febrl2,0.72,1590,1,1,1,1,0,1,0
febrl2,0.72,656,1,1,1,1,0,1,0
febrl2,0.72,3735,1,1,1,1,0,1,0
febrl2,0.72,1751,1,1,1,1,0,1,0
febrl2,0.72,3,1,1,2,1,1,2,1
febrl2,0.72,3963,1,1,1,1,0,1,0
febrl2,0.72,3058,1,1,1,1,0,1,0
febrl2,0.72,1686,1,1,1,1,0,1,0
febrl2,0.72,1320,1,1,1,1,0,1,0
febrl2,0.72,1285,1,1,1,1,0,1,0
febrl2,0.72,1317,1,1,1,1,0,1,0
febrl2,0.72,3195,1,1,1,1,0,1,0
febrl2,0.72,1840,1,1,1,1,0,1,0
febrl2,0.72,3135,1,1,1,1,0,1,0
febrl2,0.72,940,1,1,1,1,0,1,0
febrl2,0.72,2615,1,1,1,1,0,1,0
febrl2,0.72,1084,1,1,1,1,0,1,0
febrl2,0.72,3268,1,1,1,1,0,1,0
febrl2,0.72,3798,1,1,1,1,0,1,0
febrl2,0.72,3003,1,1,1,1,0,1,0
febrl2,0.72,1732,1,1,1,1,0,1,0
febrl2,0.72,2631,1,1,1,1,0,1,0
febrl2,0.72,2606,1,1,1,1,0,1,0
febrl2,0.72,3690,1,1,1,1,0,1,0
febrl2,0.72,2454,1,1,1,1,0,1,0
febrl2,0.72,3399,1,1,1,1,0,1,0
febrl2,0.72,2537,1,1,1,1,0,1,0
febrl2,0.72,2114,1,1,1,1,0,1,0
febrl2,0.72,139,1,1,1,1,0,1,0
febrl2,0.72,3570,1,1,1,1,0,1,0
febrl2,0.72,2186,1,1,1,1,0,1,0
febrl2,0.72,2198,1,1,1,1,0,1,0
febrl2,0.72,3421,1,1,1,1,0,1,0
febrl2,0.72,2850,1,1,1,1,0,1,0
febrl2,0.72,631,1,1,1,1,0,1,0
febrl2,0.72,1103,1,1,1,1,0,1,0
febrl2,0.72,3670,1,1,1,1,0,1,0
febrl2,0.72,3966,1,1,1,1,0,1,0
febrl2,0.72,502,1,1,1,1,0,1,0
febrl2,0.72,2148,1,1,1,1,0,1,0
febrl2,0.72,3556,1,1,1,1,0,1,0
febrl2,0.72,2717,1,1,1,1,0,1,0
febrl2,0.72,932,1,1,2,1,1,2,1
febrl2,0.72,2900,1,1,1,1,0,1,0
febrl2,0.72,2394,1,1,2,1,1,2,1
febrl2,0.72,1947,1,1,4,1,1,2,3
febrl2,0.72,3634,1,1,1,1,0,1,0
febrl2,0.72,1999,1,1,1,1,0,1,0
febrl2,0.72,3913,1,1,1,1,0,1,0
febrl2,0.72,1818,1,1,1,1,0,1,0
febrl2,0.72,3918,1,1,1,1,0,1,0
febrl2,0.72,3124,1,1,1,1,0,1,0
febrl2,0.72,1205,1,1,1,1,0,1,0
febrl2,0.72,2703,1,1,1,1,0,1,0
febrl2,0.72,577,1,1,1,1,0,1,0
febrl2,0.72,1950,1,1,1,1,0,1,0
febrl2,0.72,1817,1,1,1,1,0,1,0
febrl2,0.72,2664,1,1,1,1,0,1,0
febrl2,0.72,2637,1,1,1,1,0,1,0
febrl2,0.72,3685,1,1,1,1,0,1,0
febrl2,0.72,2774,1,1,1,1,0,1,0
febrl2,0.72,2503,1,1,1,1,0,1,0
febrl2,0.72,1089,1,1,1,1,0,1,0
febrl2,0.72,1226,1,1,1,1,0,1,0
febrl2,0.72,180,1,1,1,1,0,1,0
febrl2,0.72,565,1,1,1,1,0,1,0
febrl2,0.72,1131,1,1,1,1,0,1,0
febrl2,0.72,1169,1,1,1,1,0,1,0
febrl2,0.72,244,1,1,1,1,0,1,0
febrl2,0.72,1836,1,1,1,1,0,1,0
febrl2,0.72,1088,1,1,1,1,0,1,0
febrl2,0.72,3904,1,1,1,1,0,1,0
febrl2,0.72,3162,1,1,1,1,0,1,0
febrl2,0.72,319,1,1,1,1,0,1,0
febrl2,0.72,144,1,1,1,1,0,1,0
febrl2,0.72,1348,1,1,1,1,0,1,0
febrl2,0.72,3764,1,1,1,1,0,1,0
febrl2,0.72,272,1,1,1,1,0,1,0
febrl2,0.72,1533,1,1,1,1,0,1,0
febrl2,0.72,2712,1,1,1,1,0,1,0
febrl2,0.72,3375,1,1,1,1,0,1,0
febrl2,0.72,3476,1,1,1,1,0,1,0
febrl2,0.72,2797,1,1,1,1,0,1,0
febrl2,0.72,526,2,1,2,1,0,1,0
febrl2,0.72,2486,1,1,1,1,0,1,0
febrl2,0.72,1690,1,1,1,1,0,1,0
febrl2,0.72,1396,1,1,1,1,0,1,0
febrl2,0.72,1199,1,1,4,1,1,2,3
febrl2,0.72,2179,1,1,1,1,0,1,0
febrl2,0.72,1881,1,1,2,1,1,2,1
febrl2,0.72,1939,1,1,1,1,0,1,0
febrl2,0.72,39,1,1,1,1,0,1,0
febrl2,0.72,111,1,1,2,1,1,2,1
febrl2,0.72,1839,1,1,1,1,0,1,0
febrl2,0.72,3651,1,1,1,1,0,1,0
febrl2,0.72,3180,1,1,1,1,0,1,0
febrl2,0.72,3107,1,1,1,1,0,1,0
febrl2,0.72,2197,1,1,1,1,0,1,0
febrl2,0.72,1140,1,1,1,1,0,1,0
febrl2,0.72,2005,1,1,1,1,0,1,0
febrl2,0.72,664,1,1,1,1,0,1,0
febrl2,0.72,2128,1,1,1,1,0,1,0
febrl2,0.72,3147,1,1,1,1,0,1,0
febrl2,0.72,295,1,1,1,1,0,1,0
febrl2,0.72,3887,1,1,9,1,2,3,8
febrl2,0.72,2118,1,1,1,1,0,1,0
febrl2,0.72,771,1,1,1,1,0,1,0
febrl2,0.72,711,1,1,1,1,0,1,0
febrl2,0.72,3757,1,1,1,1,0,1,0
febrl2,0.72,2576,1,1,10,1,2,3,9
febrl2,0.72,576,1,1,1,1,0,1,0
febrl2,0.72,671,1,1,1,1,0,1,0
febrl2,0.72,3814,1,1,1,1,0,1,0
febrl2,0.72,794,1,1,1,1,0,1,0
febrl2,0.72,93,1,1,1,1,0,1,0
febrl2,0.72,3745,1,1,2,1,1,2,1
febrl2,0.72,1376,1,1,1,1,0,1,0
febrl2,0.72,2665,1,1,1,1,0,1,0
febrl2,0.72,538,1,1,1,1,0,1,0
febrl2,0.72,884,1,1,1,1,0,1,0
febrl2,0.72,1940,1,1,1,1,0,1,0
febrl2,0.72,3611,1,1,1,1,0,1,0
febrl2,0.72,1506,1,1,1,1,0,1,0
febrl2,0.72,3560,1,1,1,1,0,1,0
febrl2,0.72,1789,1,1,1,1,0,1,0
febrl2,0.72,1267,1,1,1,1,0,1,0
febrl2,0.72,3800,1,1,1,1,0,1,0
febrl2,0.72,955,1,1,1,1,0,1,0
febrl2,0.72,1123,1,1,1,1,0,1,0
febrl2,0.72,3472,1,1,4,1,1,2,3
febrl2,0.72,426,1,1,1,1,0,1,0
febrl2,0.72,373,1,1,1,1,0,1,0
febrl2,0.72,3633,1,1,1,1,0,1,0
febrl2,0.72,149,1,1,2,1,1,2,1
febrl2,0.72,1001,1,1,1,1,0,1,0
febrl2,0.72,3278,1,1,1,1,0,1,0
febrl2,0.72,2914,1,1,1,1,0,1,0
febrl2,0.72,574,1,1,1,1,0,1,0
febrl2,0.72,2748,1,1,1,1,0,1,0
febrl2,0.72,365,1,1,1,1,0,1,0
febrl2,0.72,2182,1,1,1,1,0,1,0
febrl2,0.72,3133,1,1,3,1,1,2,2
febrl2,0.72,541,1,1,1,1,0,1,0
febrl2,0.72,301,1,1,1,1,0,1,0
febrl2,0.72,3935,1,1,4,1,2,3,3
febrl2,0.72,3341,1,1,1,1,0,1,0
febrl2,0.72,1612,1,1,1,1,0,1,0
febrl2,0.72,1241,1,1,1,1,0,1,0
febrl2,0.72,2446,1,1,1,1,0,1,0
febrl2,0.72,1008,1,1,1,1,0,1,0
febrl2,0.72,1657,1,1,1,1,0,1,0
febrl2,0.72,3715,1,1,1,1,0,1,0
febrl2,0.72,3480,1,1,1,1,0,1,0
febrl2,0.72,3306,1,1,1,1,0,1,0
febrl2,0.72,617,1,1,1,1,0,1,0
febrl2,0.72,2087,1,1,1,1,0,1,0
febrl2,0.72,3988,1,1,1,1,0,1,0
febrl2,0.72,2923,1,1,6,1,2,3,5
febrl2,0.72,2123,1,1,1,1,0,1,0
febrl2,0.72,284,1,1,1,1,0,1,0
febrl2,0.72,45,1,1,1,1,0,1,0
febrl2,0.72,1346,1,1,1,1,0,1,0
febrl2,0.72,1492,1,1,1,1,0,1,0
febrl2,0.72,142,1,1,1,1,0,1,0
febrl2,0.72,204,1,1,1,1,0,1,0
febrl2,0.72,176,1,1,1,1,0,1,0
febrl2,0.72,456,1,1,1,1,0,1,0
febrl2,0.72,919,1,1,1,1,0,1,0
febrl2,0.72,2871,1,1,1,1,0,1,0
febrl2,0.72,2592,1,1,1,1,0,1,0
febrl2,0.72,686,1,1,1,1,0,1,0
febrl2,0.72,2390,1,1,1,1,0,1,0
febrl2,0.72,3192,1,1,1,1,0,1,0
febrl2,0.72,3119,1,1,1,1,0,1,0
febrl2,0.72,1805,1,1,1,1,0,1,0
febrl2,0.72,1727,1,1,1,1,0,1,0
febrl2,0.72,3696,1,1,1,1,0,1,0
febrl2,0.72,2039,1,1,1,1,0,1,0
febrl2,0.72,3637,1,1,1,1,0,1,0
febrl2,0.72,3631,1,1,1,1,0,1,0
febrl2,0.72,2330,1,1,1,1,0,1,0
febrl2,0.72,1800,1,1,3,1,1,2,2
febrl2,0.72,2289,1,1,1,1,0,1,0
febrl2,0.72,1661,1,1,1,1,0,1,0
febrl2,0.72,3823,1,1,1,1,0,1,0
febrl2,0.72,3523,1,1,1,1,0,1,0
febrl2,0.72,573,1,1,1,1,0,1,0
febrl2,0.72,903,1,1,1,1,0,1,0
febrl2,0.72,696,1,1,1,1,0,1,0
febrl2,0.72,606,1,1,1,1,0,1,0
febrl2,0.72,1795,1,1,1,1,0,1,0
febrl2,0.72,1755,1,1,1,1,0,1,0
febrl2,0.72,1011,1,1,1,1,0,1,0
febrl2,0.72,1541,1,1,1,1,0,1,0
febrl2,0.72,1127,1,1,1,1,0,1,0
febrl2,0.72,509,1,1,1,1,0,1,0
febrl2,0.72,670,1,1,3,1,1,2,2
febrl2,0.72,3879,1,1,1,1,0,1,0
febrl2,0.72,3804,1,1,1,1,0,1,0
febrl2,0.72,366,1,1,1,1,0,1,0
febrl2,0.72,2084,1,1,1,1,0,1,0
febrl2,0.72,249,1,1,1,1,0,1,0
febrl2,0.72,1397,1,1,1,1,0,1,0
febrl2,0.72,3170,1,1,1,1,0,1,0
febrl2,0.72,2007,1,1,1,1,0,1,0
febrl2,0.72,2359,1,1,1,1,0,1,0
febrl2,0.72,991,1,1,1,1,0,1,0
febrl2,0.72,1484,1,1,1,1,0,1,0
febrl2,0.72,1043,1,1,1,1,0,1,0
febrl2,0.72,3020,1,1,1,1,0,1,0
febrl2,0.72,3008,1,1,1,1,0,1,0
febrl2,0.72,755,1,1,1,1,0,1,0
febrl2,0.72,2313,1,1,1,1,0,1,0
febrl2,0.72,2031,1,1,2,1,1,2,1
febrl2,0.72,3554,1,1,1,1,0,1,0
febrl2,0.72,3684,1,1,1,1,0,1,0
febrl2,0.72,1507,1,1,1,1,0,1,0
febrl2,0.72,3459,1,1,1,1,0,1,0
febrl2,0.72,67,1,1,1,1,0,1,0
febrl2,0.72,1734,1,1,1,1,0,1,0
febrl2,0.72,2831,1,1,1,1,0,1,0
febrl2,0.72,2327,1,1,1,1,0,1,0
febrl2,0.72,1678,1,1,1,1,0,1,0
febrl2,0.72,1092,1,1,1,1,0,1,0
febrl2,0.72,1444,1,1,4,1,2,3,3
febrl2,0.72,2551,1,1,1,1,0,1,0
febrl2,0.72,769,1,1,1,1,0,1,0
febrl2,0.72,452,1,1,1,1,0,1,0
febrl2,0.72,3585,1,1,1,1,0,1,0
febrl2,0.72,1991,1,1,1,1,0,1,0
febrl2,0.72,2569,1,1,1,1,0,1,0
febrl2,0.72,2661,1,1,1,1,0,1,0
febrl2,0.72,2133,1,1,1,1,0,1,0
febrl2,0.72,1111,1,1,1,1,0,1,0
febrl2,0.72,2073,1,1,1,1,0,1,0
febrl2,0.72,1627,1,1,1,1,0,1,0
febrl2,0.72,3771,1,1,1,1,0,1,0
febrl2,0.72,3468,1,1,1,1,0,1,0
febrl2,0.72,499,1,1,1,1,0,1,0
febrl2,0.72,994,1,1,1,1,0,1,0
febrl2,0.72,1369,1,1,1,1,0,1,0
febrl2,0.72,3647,1,1,1,1,0,1,0
febrl2,0.72,3697,1,1,1,1,0,1,0
febrl2,0.72,3671,1,1,1,1,0,1,0
febrl2,0.72,746,1,1,1,1,0,1,0
febrl2,0.72,3061,1,1,1,1,0,1,0
febrl2,0.72,3521,1,1,1,1,0,1,0
febrl2,0.72,396,1,1,1,1,0,1,0
febrl2,0.72,2096,1,1,1,1,0,1,0
febrl2,0.72,1183,1,1,1,1,0,1,0
febrl2,0.72,841,1,1,1,1,0,1,0
febrl2,0.72,2424,1,1,1,1,0,1,0
febrl2,0.72,3352,1,1,1,1,0,1,0
febrl2,0.72,2762,1,1,1,1,0,1,0
febrl2,0.72,1810,1,1,1,1,0,1,0
febrl2,0.72,2877,1,1,1,1,0,1,0
febrl2,0.72,668,1,1,1,1,0,1,0
febrl2,0.72,2525,1,1,1,1,0,1,0
febrl2,0.72,3434,1,1,1,1,0,1,0
febrl2,0.72,2255,1,1,1,1,0,1,0
febrl2,0.72,506,1,1,1,1,0,1,0
febrl2,0.72,1371,1,1,1,1,0,1,0
febrl2,0.72,3847,1,1,1,1,0,1,0
febrl2,0.72,2373,1,1,1,1,0,1,0
febrl2,0.72,518,1,1,1,1,0,1,0
febrl2,0.72,3674,1,1,1,1,0,1,0
febrl2,0.72,2228,1,1,1,1,0,1,0
febrl2,0.72,304,1,1,1,1,0,1,0
febrl2,0.72,2003,1,1,2,1,1,2,1
febrl2,0.72,1249,1,1,1,1,0,1,0
febrl2,0.72,3603,1,1,1,1,0,1,0
febrl2,0.72,3901,1,1,1,1,0,1,0
febrl2,0.72,1537,1,1,1,1,0,1,0
febrl2,0.72,1027,1,1,1,1,0,1,0
febrl2,0.72,2541,1,1,1,1,0,1,0
febrl2,0.72,539,1,1,1,1,0,1,0
febrl2,0.72,1604,1,1,1,1,0,1,0
febrl2,0.72,208,1,1,1,1,0,1,0
febrl2,0.72,3261,1,1,1,1,0,1,0
febrl2,0.72,3508,1,1,1,1,0,1,0
febrl2,0.72,341,1,1,1,1,0,1,0
febrl2,0.72,2896,1,1,1,1,0,1,0
febrl2,0.72,3896,1,1,1,1,0,1,0
febrl2,0.72,1646,1,1,1,1,0,1,0
febrl2,0.72,3503,1,1,1,1,0,1,0
febrl2,0.72,3695,1,1,4,1,1,2,3
febrl2,0.72,200,1,1,1,1,0,1,0
febrl2,0.72,1248,1,1,1,1,0,1,0
febrl2,0.72,3402,1,1,1,1,0,1,0
febrl2,0.72,3188,1,1,1,1,0,1,0
febrl2,0.72,1833,1,1,1,1,0,1,0
febrl2,0.72,3292,1,1,1,1,0,1,0
febrl2,0.72,3723,1,1,1,1,0,1,0
febrl2,0.72,1106,1,1,1,1,0,1,0
febrl2,0.72,490,1,1,1,1,0,1,0
febrl2,0.72,545,1,1,1,1,0,1,0
febrl2,0.72,3036,1,1,1,1,0,1,0
febrl2,0.72,971,1,1,1,1,0,1,0
febrl2,0.72,1119,1,1,1,1,0,1,0
febrl2,0.72,2933,1,1,1,1,0,1,0
febrl2,0.72,854,1,1,2,1,1,2,1
febrl2,0.72,1639,1,1,1,1,0,1,0
febrl2,0.72,1299,1,1,1,1,0,1,0
febrl2,0.72,1697,1,1,1,1,0,1,0
febrl2,0.72,395,1,1,1,1,0,1,0
febrl2,0.72,407,1,1,1,1,0,1,0
febrl2,0.72,3249,1,1,1,1,0,1,0
febrl2,0.72,2869,1,1,1,1,0,1,0
febrl2,0.72,3892,1,1,1,1,0,1,0
febrl2,0.72,283,1,1,1,1,0,1,0
febrl2,0.72,635,1,1,1,1,0,1,0
febrl2,0.72,3355,1,1,1,1,0,1,0
febrl2,0.72,719,1,1,1,1,0,1,0
febrl2,0.72,1868,1,1,1,1,0,1,0
febrl2,0.72,1680,1,1,1,1,0,1,0
febrl2,0.72,3756,1,1,1,1,0,1,0
febrl2,0.72,2282,1,1,1,1,0,1,0
febrl2,0.72,3496,1,1,1,1,0,1,0
febrl2,0.72,3152,1,1,1,1,0,1,0
febrl2,0.72,388,1,1,1,1,0,1,0
febrl2,0.72,1770,1,1,1,1,0,1,0
febrl2,0.72,1696,1,1,1,1,0,1,0
febrl2,0.72,2210,1,1,1,1,0,1,0
febrl2,0.72,3836,1,1,1,1,0,1,0
febrl2,0.72,972,1,1,1,1,0,1,0
febrl2,0.72,715,1,1,1,1,0,1,0
febrl2,0.72,2333,1,1,1,1,0,1,0
febrl2,0.72,2017,1,1,1,1,0,1,0
febrl2,0.72,473,1,1,1,1,0,1,0
febrl2,0.72,1642,1,1,1,1,0,1,0
febrl2,0.72,1876,1,1,1,1,0,1,0
febrl2,0.72,2942,1,1,1,1,0,1,0
febrl2,0.72,440,1,1,1,1,0,1,0
febrl2,0.72,1958,1,1,1,1,0,1,0
febrl2,0.72,306,1,1,1,1,0,1,0
febrl2,0.72,1773,1,1,1,1,0,1,0
febrl2,0.72,2062,1,1,1,1,0,1,0
febrl2,0.72,1482,1,1,1,1,0,1,0
febrl2,0.72,3990,1,1,1,1,0,1,0
febrl2,0.72,3983,1,1,1,1,0,1,0
febrl2,0.72,2574,1,1,1,1,0,1,0
febrl2,0.72,43,1,1,1,1,0,1,0
febrl2,0.72,3215,1,1,1,1,0,1,0
febrl2,0.72,3909,1,1,1,1,0,1,0
febrl2,0.72,2150,1,1,1,1,0,1,0
febrl2,0.72,330,1,1,1,1,0,1,0
febrl2,0.72,2705,1,1,1,1,0,1,0
febrl2,0.72,2518,1,1,1,1,0,1,0
febrl2,0.72,376,1,1,1,1,0,1,0
febrl2,0.72,2724,1,1,1,1,0,1,0
febrl2,0.72,1217,1,1,1,1,0,1,0
febrl2,0.72,964,1,1,1,1,0,1,0
febrl2,0.72,2513,1,1,1,1,0,1,0
febrl2,0.72,1072,1,1,1,1,0,1,0
febrl2,0.72,331,1,1,1,1,0,1,0
febrl2,0.72,3713,1,1,1,1,0,1,0
febrl2,0.72,990,1,1,1,1,0,1,0
febrl2,0.72,1926,1,1,1,1,0,1,0
febrl2,0.72,1048,1,1,1,1,0,1,0
febrl2,0.72,608,1,1,1,1,0,1,0
febrl2,0.72,1146,1,1,1,1,0,1,0
febrl2,0.72,3218,1,1,1,1,0,1,0
febrl2,0.72,3846,1,1,1,1,0,1,0
febrl2,0.72,3311,1,1,1,1,0,1,0
febrl2,0.72,316,1,1,1,1,0,1,0
febrl2,0.72,1287,1,1,1,1,0,1,0
febrl2,0.72,342,1,1,1,1,0,1,0
febrl2,0.72,1858,1,1,1,1,0,1,0
febrl2,0.72,661,1,1,1,1,0,1,0
febrl2,0.72,890,1,1,2,1,1,2,1
febrl2,0.72,2334,1,1,1,1,0,1,0
febrl2,0.72,1871,1,1,1,1,0,1,0
febrl2,0.72,3260,1,1,1,1,0,1,0
febrl2,0.72,74,1,1,1,1,0,1,0
febrl2,0.72,1036,1,1,1,1,0,1,0
febrl2,0.72,2941,1,1,1,1,0,1,0
febrl2,0.72,3455,1,1,1,1,0,1,0
febrl2,0.72,2009,1,1,2,1,1,2,1
febrl2,0.72,75,1,1,1,1,0,1,0
febrl2,0.72,1559,1,1,1,1,0,1,0
febrl2,0.72,3102,1,1,1,1,0,1,0
febrl2,0.72,2840,1,1,1,1,0,1,0
febrl2,0.72,2734,1,1,1,1,0,1,0
febrl2,0.72,908,1,1,1,1,0,1,0
febrl2,0.72,2350,1,1,1,1,0,1,0
febrl2,0.72,3650,1,1,2,1,1,2,1
febrl2,0.72,1278,1,1,1,1,0,1,0
febrl2,0.72,724,1,1,1,1,0,1,0
febrl2,0.72,3120,1,1,1,1,0,1,0
febrl2,0.72,881,1,1,1,1,0,1,0
febrl2,0.72,2303,1,1,1,1,0,1,0
febrl2,0.72,1772,1,1,1,1,0,1,0
febrl2,0.72,3587,1,1,1,1,0,1,0
febrl2,0.72,3005,1,1,1,1,0,1,0
febrl2,0.72,2636,1,1,1,1,0,1,0
febrl2,0.72,235,1,1,1,1,0,1,0
febrl2,0.72,322,1,1,1,1,0,1,0
febrl2,0.72,1972,1,1,1,1,0,1,0
febrl2,0.72,3433,1,1,1,1,0,1,0
febrl2,0.72,1313,1,1,1,1,0,1,0
febrl2,0.72,2206,1,1,1,1,0,1,0
febrl2,0.72,2433,1,1,1,1,0,1,0
febrl2,0.72,3812,1,1,1,1,0,1,0
febrl2,0.72,303,1,1,1,1,0,1,0
febrl2,0.72,2284,1,1,1,1,0,1,0
febrl2,0.72,1487,1,1,1,1,0,1,0
febrl2,0.72,1856,1,1,1,1,0,1,0
febrl2,0.72,3307,1,1,1,1,0,1,0
febrl2,0.72,227,1,1,1,1,0,1,0
febrl2,0.72,1143,1,1,1,1,0,1,0
febrl2,0.76,2778,1,1,1,1,0,1,0
febrl2,0.76,712,4,1,4,1,0,1,0
febrl2,0.76,1321,1,1,1,1,0,1,0
febrl2,0.76,3004,1,1,1,1,0,1,0
febrl2,0.76,1384,1,1,1,1,0,1,0
febrl2,0.76,3981,1,1,1,1,0,1,0
febrl2,0.76,916,1,1,1,1,0,1,0
febrl2,0.76,1684,4,1,4,1,0,1,0
febrl2,0.76,63,3,1,3,1,0,1,0
febrl2,0.76,3808,1,1,1,1,0,1,0
febrl2,0.76,112,2,1,2,1,0,1,0
febrl2,0.76,3297,1,1,1,1,0,1,0
febrl2,0.76,1315,1,1,1,1,0,1,0
febrl2,0.76,1050,1,1,1,1,0,1,0
febrl2,0.76,2116,1,1,1,1,0,1,0
febrl2,0.76,3232,1,1,1,1,0,1,0
febrl2,0.76,1900,4,1,4,1,0,1,0
febrl2,0.76,2460,6,1,6,1,0,1,0
febrl2,0.76,3123,2,1,2,1,0,1,0
febrl2,0.76,2166,1,1,1,1,0,1,0
febrl2,0.76,1155,1,1,1,1,0,1,0
febrl2,0.76,1485,1,1,1,1,0,1,0
febrl2,0.76,2852,3,2,3,2,0,2,0
febrl2,0.76,707,1,1,1,1,0,1,0
febrl2,0.76,3499,1,1,1,1,0,1,0
febrl2,0.76,2153,1,1,1,1,0,1,0
febrl2,0.76,1665,5,1,5,1,0,1,0
febrl2,0.76,35,4,1,4,1,0,1,0
febrl2,0.76,78,1,1,1,1,0,1,0
febrl2,0.76,3116,1,1,1,1,0,1,0
febrl2,0.76,3103,1,1,1,1,0,1,0
febrl2,0.76,500,1,1,1,1,0,1,0
febrl2,0.76,3594,1,1,1,1,0,1,0
febrl2,0.76,3552,1,1,1,1,0,1,0
febrl2,0.76,248,1,1,1,1,0,1,0
febrl2,0.76,2564,1,1,1,1,0,1,0
febrl2,0.76,386,3,1,3,1,0,1,0
febrl2,0.76,847,1,1,1,1,0,1,0
febrl2,0.76,1425,1,1,1,1,0,1,0
febrl2,0.76,1428,1,1,1,1,0,1,0
febrl2,0.76,2376,1,1,1,1,0,1,0
febrl2,0.76,901,3,1,3,1,0,1,0
febrl2,0.76,833,3,1,3,1,0,1,0
febrl2,0.76,2499,1,1,1,1,0,1,0
febrl2,0.76,937,1,1,1,1,0,1,0
febrl2,0.76,1372,1,1,1,1,0,1,0
febrl2,0.76,3443,1,1,1,1,0,1,0
febrl2,0.76,685,1,1,1,1,0,1,0
febrl2,0.76,644,2,1,2,1,0,1,0
febrl2,0.76,1728,1,1,1,1,0,1,0
febrl2,0.76,954,3,2,3,2,0,2,0
febrl2,0.76,209,2,2,2,2,0,2,0
febrl2,0.76,401,1,1,1,1,0,1,0
febrl2,0.76,897,1,1,1,1,0,1,0
febrl2,0.76,2647,1,1,1,1,0,1,0
febrl2,0.76,450,1,1,1,1,0,1,0
febrl2,0.76,519,1,1,2,1,1,2,1
febrl2,0.76,444,1,1,1,1,0,1,0
febrl2,0.76,2222,1,1,1,1,0,1,0
febrl2,0.76,313,1,1,1,1,0,1,0
febrl2,0.76,1442,4,1,4,1,0,1,0
febrl2,0.76,3686,1,1,1,1,0,1,0
febrl2,0.76,936,1,1,1,1,0,1,0
febrl2,0.76,3176,1,1,1,1,0,1,0
febrl2,0.76,13,1,1,1,1,0,1,0
febrl2,0.76,968,1,1,1,1,0,1,0
febrl2,0.76,2770,1,1,1,1,0,1,0
febrl2,0.76,669,1,1,1,1,0,1,0
febrl2,0.76,923,2,1,2,1,0,1,0
febrl2,0.76,3641,1,1,1,1,0,1,0
febrl2,0.76,2784,1,1,1,1,0,1,0
febrl2,0.76,3371,1,1,1,1,0,1,0
febrl2,0.76,651,6,1,6,1,0,1,0
febrl2,0.76,3619,1,1,1,1,0,1,0
febrl2,0.76,2777,1,1,1,1,0,1,0
febrl2,0.76,844,1,1,1,1,0,1,0
febrl2,0.76,259,1,1,1,1,0,1,0
febrl2,0.76,1441,1,1,1,1,0,1,0
febrl2,0.76,723,1,1,1,1,0,1,0
febrl2,0.76,1874,1,1,1,1,0,1,0
febrl2,0.76,1496,1,1,1,1,0,1,0
febrl2,0.76,2691,5,1,5,1,0,1,0
febrl2,0.76,892,5,1,5,1,0,1,0
febrl2,0.76,2633,5,1,5,1,0,1,0
febrl2,0.76,874,5,1,5,1,0,1,0
febrl2,0.76,1378,1,1,1,1,0,1,0
febrl2,0.76,891,5,1,5,1,0,1,0
febrl2,0.76,157,1,1,1,1,0,1,0
febrl2,0.76,3574,2,1,2,1,0,1,0
febrl2,0.76,984,1,1,1,1,0,1,0
febrl2,0.76,106,3,1,3,1,0,1,0
febrl2,0.76,442,1,1,1,1,0,1,0
febrl2,0.76,328,1,1,1,1,0,1,0
febrl2,0.76,457,1,1,1,1,0,1,0
febrl2,0.76,1894,5,1,5,1,0,1,0
febrl2,0.76,3042,1,1,1,1,0,1,0
febrl2,0.76,2964,1,1,1,1,0,1,0
febrl2,0.76,203,1,1,1,1,0,1,0
febrl2,0.76,2727,1,1,1,1,0,1,0
febrl2,0.76,294,1,1,1,1,0,1,0
febrl2,0.76,2391,1,1,1,1,0,1,0
febrl2,0.76,1178,1,1,1,1,0,1,0
febrl2,0.76,1166,1,1,1,1,0,1,0
febrl2,0.76,243,1,1,1,1,0,1,0
febrl2,0.76,2131,1,1,1,1,0,1,0
febrl2,0.76,236,2,1,2,1,0,1,0
febrl2,0.76,2889,4,1,4,1,0,1,0
febrl2,0.76,1388,1,1,1,1,0,1,0
febrl2,0.76,3792,1,1,1,1,0,1,0
febrl2,0.76,3277,1,1,1,1,0,1,0
febrl2,0.76,189,1,1,1,1,0,1,0
febrl2,0.76,2627,1,1,1,1,0,1,0
febrl2,0.76,2254,4,1,4,1,0,1,0
febrl2,0.76,3762,1,1,1,1,0,1,0
febrl2,0.76,1211,1,1,1,1,0,1,0
febrl2,0.76,2765,1,1,1,1,0,1,0
febrl2,0.76,1959,1,1,2,1,1,2,1
febrl2,0.76,807,2,1,2,1,0,1,0
febrl2,0.76,1233,1,1,1,1,0,1,0
febrl2,0.76,718,1,1,1,1,0,1,0
febrl2,0.76,3707,4,1,4,1,0,1,0
febrl2,0.76,2439,3,1,3,1,0,1,0
febrl2,0.76,2244,1,1,1,1,0,1,0
febrl2,0.76,813,1,1,1,1,0,1,0
febrl2,0.76,2109,1,1,3,1,1,2,2
febrl2,0.76,1583,1,1,1,1,0,1,0
febrl2,0.76,181,1,1,1,1,0,1,0
febrl2,0.76,843,1,1,1,1,0,1,0
febrl2,0.76,2398,1,1,1,1,0,1,0
febrl2,0.76,3861,1,1,1,1,0,1,0
febrl2,0.76,172,1,1,1,1,0,1,0
febrl2,0.76,3835,1,1,1,1,0,1,0
febrl2,0.76,2925,5,1,5,1,0,1,0
febrl2,0.76,3284,4,1,4,1,0,1,0
febrl2,0.76,3295,1,1,1,1,0,1,0
febrl2,0.76,3316,1,1,1,1,0,1,0
febrl2,0.76,466,2,1,2,1,0,1,0
febrl2,0.76,310,1,1,1,1,0,1,0
febrl2,0.76,3437,1,1,1,1,0,1,0
febrl2,0.76,1591,1,1,1,1,0,1,0
febrl2,0.76,2496,5,2,5,2,0,2,0
febrl2,0.76,2828,1,1,1,1,0,1,0
febrl2,0.76,848,3,1,3,1,0,1,0
febrl2,0.76,3418,1,1,1,1,0,1,0
febrl2,0.76,2837,1,1,1,1,0,1,0
febrl2,0.76,2152,1,1,1,1,0,1,0
febrl2,0.76,596,6,1,6,1,0,1,0
febrl2,0.76,258,1,1,1,1,0,1,0
febrl2,0.76,1478,1,1,1,1,0,1,0
febrl2,0.76,3829,1,1,1,1,0,1,0
febrl2,0.76,3272,6,1,6,1,0,1,0
febrl2,0.76,2961,1,1,1,1,0,1,0
febrl2,0.76,2640,1,1,1,1,0,1,0
febrl2,0.76,242,3,1,3,1,0,1,0
febrl2,0.76,3252,1,1,1,1,0,1,0
febrl2,0.76,3752,2,1,2,1,0,1,0
febrl2,0.76,3606,1,1,1,1,0,1,0
febrl2,0.76,3542,5,1,5,1,0,1,0
febrl2,0.76,88,3,1,3,1,0,1,0
febrl2,0.76,1729,1,1,1,1,0,1,0
febrl2,0.76,3267,1,1,1,1,0,1,0
febrl2,0.76,1430,5,1,5,1,0,1,0
febrl2,0.76,2993,1,1,1,1,0,1,0
febrl2,0.76,3652,3,1,3,1,0,1,0
febrl2,0.76,1855,1,1,1,1,0,1,0
febrl2,0.76,1724,1,1,1,1,0,1,0
febrl2,0.76,232,2,1,2,1,0,1,0
febrl2,0.76,1985,1,1,1,1,0,1,0
febrl2,0.76,858,1,1,1,1,0,1,0
febrl2,0.76,3811,1,1,1,1,0,1,0
febrl2,0.76,2260,1,1,1,1,0,1,0
febrl2,0.76,3914,1,1,1,1,0,1,0
febrl2,0.76,1065,1,1,1,1,0,1,0
febrl2,0.76,1599,1,1,1,1,0,1,0
febrl2,0.76,3833,1,1,1,1,0,1,0
febrl2,0.76,3872,1,1,1,1,0,1,0
febrl2,0.76,3680,1,1,1,1,0,1,0
febrl2,0.76,1356,1,1,1,1,0,1,0
febrl2,0.76,3513,1,1,1,1,0,1,0
febrl2,0.76,3510,1,1,1,1,0,1,0
febrl2,0.76,1662,1,1,1,1,0,1,0
febrl2,0.76,2262,1,1,1,1,0,1,0
febrl2,0.76,814,4,1,4,1,0,1,0
febrl2,0.76,1274,1,1,1,1,0,1,0
febrl2,0.76,704,1,1,1,1,0,1,0
febrl2,0.76,619,1,1,1,1,0,1,0
febrl2,0.76,3956,1,1,1,1,0,1,0
febrl2,0.76,2050,6,2,6,2,0,2,0
febrl2,0.76,2234,2,1,2,1,0,1,0
febrl2,0.76,1781,4,1,4,1,0,1,0
febrl2,0.76,402,1,1,1,1,0,1,0
febrl2,0.76,3495,1,1,1,1,0,1,0
febrl2,0.76,2413,1,1,1,1,0,1,0
febrl2,0.76,3923,1,1,1,1,0,1,0
febrl2,0.76,3029,1,1,1,1,0,1,0
febrl2,0.76,1752,1,1,1,1,0,1,0
febrl2,0.76,2265,1,1,1,1,0,1,0
febrl2,0.76,1312,1,1,1,1,0,1,0
febrl2,0.76,1445,1,1,1,1,0,1,0
febrl2,0.76,2119,4,1,4,1,0,1,0
febrl2,0.76,1785,1,1,1,1,0,1,0
febrl2,0.76,155,1,1,1,1,0,1,0
febrl2,0.76,2236,1,1,1,1,0,1,0
febrl2,0.76,3248,1,1,1,1,0,1,0
febrl2,0.76,2176,1,1,1,1,0,1,0
febrl2,0.76,2645,1,1,1,1,0,1,0
febrl2,0.76,899,1,1,1,1,0,1,0
febrl2,0.76,3314,4,1,4,1,0,1,0
febrl2,0.76,1282,4,1,4,1,0,1,0
febrl2,0.76,3857,1,1,1,1,0,1,0
febrl2,0.76,292,1,1,1,1,0,1,0
febrl2,0.76,1423,1,1,1,1,0,1,0
febrl2,0.76,3558,1,1,1,1,0,1,0
febrl2,0.76,337,1,1,1,1,0,1,0
febrl2,0.76,320,4,1,4,1,0,1,0
febrl2,0.76,237,1,1,1,1,0,1,0
febrl2,0.76,2273,1,1,1,1,0,1,0
febrl2,0.76,1963,1,1,1,1,0,1,0
febrl2,0.76,1854,1,1,1,1,0,1,0
febrl2,0.76,1893,2,1,2,1,0,1,0
febrl2,0.76,2416,1,1,2,1,1,2,1
febrl2,0.76,976,1,1,1,1,0,1,0
febrl2,0.76,2369,1,1,1,1,0,1,0
febrl2,0.76,922,1,1,1,1,0,1,0
febrl2,0.76,1600,1,1,1,1,0,1,0
febrl2,0.76,1687,5,1,5,1,0,1,0
febrl2,0.76,2058,1,1,1,1,0,1,0
febrl2,0.76,3891,3,1,3,1,0,1,0
febrl2,0.76,1433,1,1,1,1,0,1,0
febrl2,0.76,3458,1,1,1,1,0,1,0
febrl2,0.76,3860,1,1,1,1,0,1,0
febrl2,0.76,54,1,1,1,1,0,1,0
febrl2,0.76,1563,1,1,1,1,0,1,0
febrl2,0.76,2276,1,1,1,1,0,1,0
febrl2,0.76,1843,1,1,1,1,0,1,0
febrl2,0.76,274,1,1,1,1,0,1,0
febrl2,0.76,2483,1,1,1,1,0,1,0
febrl2,0.76,633,4,1,4,1,0,1,0
febrl2,0.76,2912,1,1,1,1,0,1,0
febrl2,0.76,2753,1,1,1,1,0,1,0
febrl2,0.76,3562,1,1,1,1,0,1,0
febrl2,0.76,2738,1,1,1,1,0,1,0
febrl2,0.76,2965,1,1,1,1,0,1,0
febrl2,0.76,2733,6,1,6,1,0,1,0
febrl2,0.76,2367,1,1,1,1,0,1,0
febrl2,0.76,534,5,1,5,1,0,1,0
febrl2,0.76,1557,1,1,1,1,0,1,0
febrl2,0.76,623,2,1,2,1,0,1,0
febrl2,0.76,3166,3,1,3,1,0,1,0
febrl2,0.76,107,5,1,5,1,0,1,0
febrl2,0.76,2093,1,1,1,1,0,1,0
febrl2,0.76,3451,1,1,1,1,0,1,0
febrl2,0.76,717,1,1,1,1,0,1,0
febrl2,0.76,3072,1,1,1,1,0,1,0
febrl2,0.76,3947,1,1,1,1,0,1,0
febrl2,0.76,455,6,1,6,1,0,1,0
febrl2,0.76,1080,1,1,1,1,0,1,0
febrl2,0.76,626,3,1,3,1,0,1,0
febrl2,0.76,1706,1,1,1,1,0,1,0
febrl2,0.76,2351,1,1,1,1,0,1,0
febrl2,0.76,2731,3,2,3,2,0,2,0
febrl2,0.76,1592,1,1,1,1,0,1,0
febrl2,0.76,3517,1,1,1,1,0,1,0
febrl2,0.76,182,3,1,3,1,0,1,0
febrl2,0.76,219,1,1,1,1,0,1,0
febrl2,0.76,2745,1,1,1,1,0,1,0
febrl2,0.76,2669,1,1,1,1,0,1,0
febrl2,0.76,6,4,1,4,1,0,1,0
febrl2,0.76,1934,1,1,1,1,0,1,0
febrl2,0.76,859,1,1,1,1,0,1,0
febrl2,0.76,1476,1,1,1,1,0,1,0
febrl2,0.76,2306,1,1,1,1,0,1,0
febrl2,0.76,2630,1,1,1,1,0,1,0
febrl2,0.76,3733,1,1,1,1,0,1,0
febrl2,0.76,2972,1,1,1,1,0,1,0
febrl2,0.76,1908,1,1,1,1,0,1,0
febrl2,0.76,79,1,1,1,1,0,1,0
febrl2,0.76,1109,1,1,1,1,0,1,0
febrl2,0.76,581,1,1,1,1,0,1,0
febrl2,0.76,2406,1,1,1,1,0,1,0
febrl2,0.76,2590,1,1,1,1,0,1,0
febrl2,0.76,1235,1,1,1,1,0,1,0
febrl2,0.76,207,1,1,1,1,0,1,0
febrl2,0.76,201,6,2,6,2,0,2,0
febrl2,0.76,3878,2,1,2,1,0,1,0
febrl2,0.76,1860,1,1,1,1,0,1,0
febrl2,0.76,2249,1,1,1,1,0,1,0
febrl2,0.76,1903,1,1,1,1,0,1,0
febrl2,0.76,985,1,1,1,1,0,1,0
febrl2,0.76,1873,1,1,1,1,0,1,0
febrl2,0.76,3329,1,1,1,1,0,1,0
febrl2,0.76,3214,1,1,1,1,0,1,0
febrl2,0.76,482,2,2,2,2,0,2,0
febrl2,0.76,1152,1,1,1,1,0,1,0
febrl2,0.76,2077,1,1,1,1,0,1,0
febrl2,0.76,3796,1,1,1,1,0,1,0
febrl2,0.76,1304,1,1,1,1,0,1,0
febrl2,0.76,2875,1,1,1,1,0,1,0
febrl2,0.76,2011,1,1,1,1,0,1,0
febrl2,0.76,1200,1,1,1,1,0,1,0
febrl2,0.76,151,3,1,3,1,0,1,0
febrl2,0.76,2845,1,1,1,1,0,1,0
febrl2,0.76,522,1,1,1,1,0,1,0
febrl2,0.76,1383,1,1,1,1,0,1,0
febrl2,0.76,765,1,1,1,1,0,1,0
febrl2,0.76,1670,1,1,1,1,0,1,0
febrl2,0.76,2822,4,1,4,1,0,1,0
febrl2,0.76,698,1,1,1,1,0,1,0
febrl2,0.76,488,1,1,1,1,0,1,0
febrl2,0.76,2618,1,1,1,1,0,1,0
febrl2,0.76,1319,3,1,3,1,0,1,0
febrl2,0.76,1577,1,1,1,1,0,1,0
febrl2,0.76,84,1,1,1,1,0,1,0
febrl2,0.76,3876,1,1,1,1,0,1,0
febrl2,0.76,1711,1,1,1,1,0,1,0
febrl2,0.76,1215,1,1,1,1,0,1,0
febrl2,0.76,3424,1,1,1,1,0,1,0
febrl2,0.76,2800,1,1,1,1,0,1,0
febrl2,0.76,2960,3,1,3,1,0,1,0
febrl2,0.76,2232,1,1,1,1,0,1,0
febrl2,0.76,805,1,1,1,1,0,1,0
febrl2,0.76,1704,1,1,1,1,0,1,0
febrl2,0.76,3367,1,1,1,1,0,1,0
febrl2,0.76,2211,4,1,4,1,0,1,0
febrl2,0.76,3236,3,1,3,1,0,1,0
febrl2,0.76,3588,3,1,3,1,0,1,0
febrl2,0.76,3074,1,1,1,1,0,1,0
febrl2,0.76,3875,3,1,3,1,0,1,0
febrl2,0.76,3932,3,1,3,1,0,1,0
febrl2,0.76,2626,1,1,1,1,0,1,0
febrl2,0.76,1198,1,1,1,1,0,1,0
febrl2,0.76,21,1,1,2,1,1,2,1
febrl2,0.76,1398,1,1,1,1,0,1,0
febrl2,0.76,672,3,1,4,1,1,2,1
febrl2,0.76,3041,1,1,1,1,0,1,0
febrl2,0.76,2874,2,1,2,1,0,1,0
febrl2,0.76,2129,1,1,1,1,0,1,0
febrl2,0.76,582,1,1,1,1,0,1,0
febrl2,0.76,1256,1,1,1,1,0,1,0
febrl2,0.76,1556,1,1,1,1,0,1,0
febrl2,0.76,2014,1,1,1,1,0,1,0
febrl2,0.76,1695,1,1,1,1,0,1,0
febrl2,0.76,1761,1,1,1,1,0,1,0
febrl2,0.76,3639,1,1,1,1,0,1,0
febrl2,0.76,3141,1,1,1,1,0,1,0
febrl2,0.76,3630,1,1,1,1,0,1,0
febrl2,0.76,1308,1,1,1,1,0,1,0
febrl2,0.76,819,5,1,5,1,0,1,0
febrl2,0.76,3251,1,1,1,1,0,1,0
febrl2,0.76,2763,1,1,1,1,0,1,0
febrl2,0.76,1204,1,1,1,1,0,1,0
febrl2,0.76,2022,1,1,1,1,0,1,0
febrl2,0.76,877,1,1,1,1,0,1,0
febrl2,0.76,2151,6,1,6,1,0,1,0
febrl2,0.76,3738,2,1,2,1,0,1,0
febrl2,0.76,2540,1,1,1,1,0,1,0
febrl2,0.76,1,1,1,1,1,0,1,0
febrl2,0.76,451,1,1,1,1,0,1,0
febrl2,0.76,1942,1,1,1,1,0,1,0
febrl2,0.76,649,3,1,3,1,0,1,0
febrl2,0.76,449,1,1,1,1,0,1,0
febrl2,0.76,44,5,1,5,1,0,1,0
febrl2,0.76,128,1,1,1,1,0,1,0
febrl2,0.76,3710,3,1,3,1,0,1,0
febrl2,0.76,2899,1,1,1,1,0,1,0
febrl2,0.76,1298,3,1,3,1,0,1,0
febrl2,0.76,3425,1,1,1,1,0,1,0
febrl2,0.76,1114,1,1,1,1,0,1,0
febrl2,0.76,2718,1,1,1,1,0,1,0
febrl2,0.76,3322,4,1,4,1,0,1,0
febrl2,0.76,1562,1,1,1,1,0,1,0
febrl2,0.76,3280,1,1,1,1,0,1,0
febrl2,0.76,2624,2,2,2,2,0,2,0
febrl2,0.76,50,5,1,5,1,0,1,0
febrl2,0.76,1377,1,1,1,1,0,1,0
febrl2,0.76,1039,1,1,1,1,0,1,0
febrl2,0.76,1015,1,1,1,1,0,1,0
febrl2,0.76,412,1,1,1,1,0,1,0
febrl2,0.76,3146,1,1,1,1,0,1,0
febrl2,0.76,3066,1,1,1,1,0,1,0
febrl2,0.76,1411,2,1,2,1,0,1,0
febrl2,0.76,3031,1,1,1,1,0,1,0
febrl2,0.76,578,1,1,1,1,0,1,0
febrl2,0.76,822,1,1,1,1,0,1,0
febrl2,0.76,1460,1,1,1,1,0,1,0
febrl2,0.76,3910,1,1,1,1,0,1,0
febrl2,0.76,2549,1,1,1,1,0,1,0
febrl2,0.76,3977,1,1,1,1,0,1,0
febrl2,0.76,3059,1,1,1,1,0,1,0
febrl2,0.76,3084,4,1,6,1,1,2,2
febrl2,0.76,417,1,1,1,1,0,1,0
febrl2,0.76,832,1,1,1,1,0,1,0
febrl2,0.76,552,3,1,3,1,0,1,0
febrl2,0.76,895,1,1,1,1,0,1,0
febrl2,0.76,3731,4,1,5,1,1,2,1
febrl2,0.76,2943,1,1,1,1,0,1,0
febrl2,0.76,428,1,1,1,1,0,1,0
febrl2,0.76,2675,1,1,1,1,0,1,0
febrl2,0.76,2353,4,1,4,1,0,1,0
febrl2,0.76,1609,3,1,3,1,0,1,0
febrl2,0.76,2136,1,1,1,1,0,1,0
febrl2,0.76,2523,1,1,1,1,0,1,0
febrl2,0.76,1268,1,1,1,1,0,1,0
febrl2,0.76,549,1,1,1,1,0,1,0
febrl2,0.76,2434,1,1,1,1,0,1,0
febrl2,0.76,2175,1,1,2,1,1,2,1
febrl2,0.76,856,1,1,1,1,0,1,0
febrl2,0.76,3851,1,1,1,1,0,1,0
febrl2,0.76,639,3,1,3,1,0,1,0
febrl2,0.76,3149,1,1,1,1,0,1,0
febrl2,0.76,3530,4,1,4,1,0,1,0
febrl2,0.76,3051,1,1,1,1,0,1,0
febrl2,0.76,2321,5,1,5,1,0,1,0
febrl2,0.76,1151,4,1,4,1,0,1,0
febrl2,0.76,3626,1,1,1,1,0,1,0
febrl2,0.76,729,1,1,2,1,1,2,1
febrl2,0.76,363,1,1,1,1,0,1,0
febrl2,0.76,1523,1,1,1,1,0,1,0
febrl2,0.76,3778,1,1,1,1,0,1,0
febrl2,0.76,2046,1,1,1,1,0,1,0
febrl2,0.76,297,1,1,1,1,0,1,0
febrl2,0.76,2924,5,1,5,1,0,1,0
febrl2,0.76,3817,1,1,1,1,0,1,0
febrl2,0.76,3889,1,1,1,1,0,1,0
febrl2,0.76,2165,2,1,2,1,0,1,0
febrl2,0.76,3768,1,1,1,1,0,1,0
febrl2,0.76,3584,2,1,2,1,0,1,0
febrl2,0.76,3332,1,1,1,1,0,1,0
febrl2,0.76,528,1,1,1,1,0,1,0
febrl2,0.76,12,1,1,1,1,0,1,0
febrl2,0.76,387,1,1,1,1,0,1,0
febrl2,0.76,1652,1,1,1,1,0,1,0
febrl2,0.76,2183,4,1,4,1,0,1,0
febrl2,0.76,1416,1,1,1,1,0,1,0
febrl2,0.76,3779,4,2,4,2,0,2,0
febrl2,0.76,2168,1,1,1,1,0,1,0
febrl2,0.76,1598,1,1,1,1,0,1,0
febrl2,0.76,880,1,1,1,1,0,1,0
febrl2,0.76,2883,3,1,3,1,0,1,0
febrl2,0.76,3572,1,1,1,1,0,1,0
febrl2,0.76,2818,1,1,1,1,0,1,0
febrl2,0.76,1784,1,1,1,1,0,1,0
febrl2,0.76,3460,1,1,1,1,0,1,0
febrl2,0.76,3925,1,1,1,1,0,1,0
febrl2,0.76,1316,4,1,4,1,0,1,0
febrl2,0.76,3870,1,1,1,1,0,1,0
febrl2,0.76,2134,1,1,1,1,0,1,0
febrl2,0.76,1432,5,1,5,1,0,1,0
febrl2,0.76,2991,3,1,3,1,0,1,0
febrl2,0.76,677,1,1,1,1,0,1,0
febrl2,0.76,1327,1,1,1,1,0,1,0
febrl2,0.76,129,1,1,1,1,0,1,0
febrl2,0.76,3608,2,1,2,1,0,1,0
febrl2,0.76,1443,2,2,2,2,0,2,0
febrl2,0.76,2676,1,1,1,1,0,1,0
febrl2,0.76,3318,5,1,5,1,0,1,0
febrl2,0.76,1158,1,1,1,1,0,1,0
febrl2,0.76,3294,1,1,1,1,0,1,0
febrl2,0.76,3772,1,1,1,1,0,1,0
febrl2,0.76,1380,1,1,1,1,0,1,0
febrl2,0.76,3525,1,1,1,1,0,1,0
febrl2,0.76,641,5,1,5,1,0,1,0
febrl2,0.76,567,4,1,4,1,0,1,0
febrl2,0.76,3841,2,1,2,1,0,1,0
febrl2,0.76,2366,1,1,1,1,0,1,0
febrl2,0.76,2654,1,1,1,1,0,1,0
febrl2,0.76,3643,1,1,1,1,0,1,0
febrl2,0.76,2987,1,1,1,1,0,1,0
febrl2,0.76,1385,1,1,1,1,0,1,0
febrl2,0.76,2108,4,1,4,1,0,1,0
febrl2,0.76,486,3,1,3,1,0,1,0
febrl2,0.76,2169,5,1,5,1,0,1,0
febrl2,0.76,1870,1,1,1,1,0,1,0
febrl2,0.76,1177,1,1,1,1,0,1,0
febrl2,0.76,1477,4,1,4,1,0,1,0
febrl2,0.76,2368,4,1,4,1,0,1,0
febrl2,0.76,2916,3,1,3,1,0,1,0
febrl2,0.76,2023,1,1,1,1,0,1,0
febrl2,0.76,1544,6,2,6,2,0,2,0
febrl2,0.76,2407,1,1,1,1,0,1,0
febrl2,0.76,3753,1,1,1,1,0,1,0
febrl2,0.76,3563,5,1,5,1,0,1,0
febrl2,0.76,2490,1,1,1,1,0,1,0
febrl2,0.76,95,1,1,1,1,0,1,0
febrl2,0.76,3370,1,1,1,1,0,1,0
febrl2,0.76,3035,1,1,1,1,0,1,0
febrl2,0.76,3428,2,1,2,1,0,1,0
febrl2,0.76,218,5,1,5,1,0,1,0
febrl2,0.76,2710,1,1,1,1,0,1,0
febrl2,0.76,3193,6,1,6,1,0,1,0
febrl2,0.76,3397,1,1,1,1,0,1,0
febrl2,0.76,3911,1,1,1,1,0,1,0
febrl2,0.76,2044,5,1,5,1,0,1,0
febrl2,0.76,3514,1,1,1,1,0,1,0
febrl2,0.76,597,1,1,1,1,0,1,0
febrl2,0.76,3411,1,1,1,1,0,1,0
febrl2,0.76,1302,1,1,1,1,0,1,0
febrl2,0.76,299,1,1,1,1,0,1,0
febrl2,0.76,3877,1,1,1,1,0,1,0
febrl2,0.76,2126,4,1,4,1,0,1,0
febrl2,0.76,3456,1,1,1,1,0,1,0
febrl2,0.76,3551,1,1,1,1,0,1,0
febrl2,0.76,948,1,1,1,1,0,1,0
febrl2,0.76,2644,1,1,1,1,0,1,0
febrl2,0.76,2272,1,1,1,1,0,1,0
febrl2,0.76,760,1,1,1,1,0,1,0
febrl2,0.76,504,1,1,1,1,0,1,0
febrl2,0.76,370,3,1,3,1,0,1,0
febrl2,0.76,3096,1,1,1,1,0,1,0
febrl2,0.76,764,1,1,1,1,0,1,0
febrl2,0.76,3219,1,1,1,1,0,1,0
febrl2,0.76,3597,1,1,1,1,0,1,0
febrl2,0.76,2029,4,2,4,2,0,2,0
febrl2,0.76,3385,1,1,1,1,0,1,0
febrl2,0.76,3157,1,1,1,1,0,1,0
febrl2,0.76,2789,1,1,1,1,0,1,0
febrl2,0.76,1490,1,1,1,1,0,1,0
febrl2,0.76,740,1,1,1,1,0,1,0
febrl2,0.76,194,3,1,3,1,0,1,0
febrl2,0.76,3682,1,1,1,1,0,1,0
febrl2,0.76,2162,1,1,1,1,0,1,0
febrl2,0.76,1882,4,1,4,1,0,1,0
febrl2,0.76,1341,1,1,1,1,0,1,0
febrl2,0.76,3064,1,1,1,1,0,1,0
febrl2,0.76,3645,1,1,1,1,0,1,0
febrl2,0.76,134,4,2,4,2,0,2,0
febrl2,0.76,2609,1,1,1,1,0,1,0
febrl2,0.76,1888,2,1,2,1,0,1,0
febrl2,0.76,102,1,1,2,1,1,2,1
febrl2,0.76,3346,1,1,2,1,1,2,1
febrl2,0.76,2756,2,1,2,1,0,1,0
febrl2,0.76,620,4,1,4,1,0,1,0
febrl2,0.76,815,1,1,1,1,0,1,0
febrl2,0.76,1758,1,1,1,1,0,1,0
febrl2,0.76,763,1,1,1,1,0,1,0
febrl2,0.76,2927,2,1,2,1,0,1,0
febrl2,0.76,3033,3,1,3,1,0,1,0
febrl2,0.76,2339,1,1,1,1,0,1,0
febrl2,0.76,1517,1,1,1,1,0,1,0
febrl2,0.76,2895,1,1,1,1,0,1,0
febrl2,0.76,1964,3,1,3,1,0,1,0
febrl2,0.76,3675,1,1,1,1,0,1,0
febrl2,0.76,3720,1,1,1,1,0,1,0
febrl2,0.76,1565,1,1,1,1,0,1,0
febrl2,0.76,2635,3,1,3,1,0,1,0
febrl2,0.76,131,1,1,1,1,0,1,0
febrl2,0.76,868,1,1,1,1,0,1,0
febrl2,0.76,3709,1,1,1,1,0,1,0
febrl2,0.76,1077,4,1,4,1,0,1,0
febrl2,0.76,1848,1,1,1,1,0,1,0
febrl2,0.76,705,6,1,6,1,0,1,0
febrl2,0.76,481,1,1,1,1,0,1,0
febrl2,0.76,1347,1,1,1,1,0,1,0
febrl2,0.76,3978,1,1,3,1,2,3,2
febrl2,0.76,3507,5,1,5,1,0,1,0
febrl2,0.76,2657,3,1,3,1,0,1,0
febrl2,0.76,3333,1,1,1,1,0,1,0
febrl2,0.76,1880,1,1,1,1,0,1,0
febrl2,0.76,1495,1,1,1,1,0,1,0
febrl2,0.76,3593,1,1,1,1,0,1,0
febrl2,0.76,1736,1,1,1,1,0,1,0
febrl2,0.76,1471,1,1,1,1,0,1,0
febrl2,0.76,2099,1,1,1,1,0,1,0
febrl2,0.76,3262,1,1,1,1,0,1,0
febrl2,0.76,2291,1,1,1,1,0,1,0
febrl2,0.76,876,1,1,1,1,0,1,0
febrl2,0.76,3919,1,1,1,1,0,1,0
febrl2,0.76,1391,1,1,1,1,0,1,0
febrl2,0.76,3902,1,1,1,1,0,1,0
febrl2,0.76,229,1,1,1,1,0,1,0
febrl2,0.76,324,1,1,1,1,0,1,0
febrl2,0.76,148,1,1,1,1,0,1,0
febrl2,0.76,1967,1,1,1,1,0,1,0
febrl2,0.76,3999,1,1,1,1,0,1,0
febrl2,0.76,3642,1,1,1,1,0,1,0
febrl2,0.76,3114,1,1,1,1,0,1,0
febrl2,0.76,1480,1,1,1,1,0,1,0
febrl2,0.76,2155,1,1,1,1,0,1,0
febrl2,0.76,1962,1,1,1,1,0,1,0
febrl2,0.76,1622,1,1,1,1,0,1,0
febrl2,0.76,1845,2,1,2,1,0,1,0
febrl2,0.76,2893,1,1,1,1,0,1,0
febrl2,0.76,3921,1,1,1,1,0,1,0
febrl2,0.76,1404,1,1,1,1,0,1,0
febrl2,0.76,343,1,1,1,1,0,1,0
febrl2,0.76,109,1,1,1,1,0,1,0
febrl2,0.76,3785,4,1,4,1,0,1,0
febrl2,0.76,81,1,1,1,1,0,1,0
febrl2,0.76,3994,1,1,1,1,0,1,0
febrl2,0.76,675,1,1,1,1,0,1,0
febrl2,0.76,2732,1,1,1,1,0,1,0
febrl2,0.76,1179,1,1,1,1,0,1,0
febrl2,0.76,2546,1,1,1,1,0,1,0
febrl2,0.76,2930,1,1,1,1,0,1,0
febrl2,0.76,1625,1,1,1,1,0,1,0
febrl2,0.76,1042,1,1,1,1,0,1,0
febrl2,0.76,2469,1,1,1,1,0,1,0
febrl2,0.76,314,1,1,1,1,0,1,0
febrl2,0.76,325,1,1,1,1,0,1,0
febrl2,0.76,3099,4,1,4,1,0,1,0
febrl2,0.76,1574,3,1,3,1,0,1,0
febrl2,0.76,1012,1,1,1,1,0,1,0
febrl2,0.76,3019,1,1,1,1,0,1,0
febrl2,0.76,2497,1,1,1,1,0,1,0
febrl2,0.76,3564,1,1,1,1,0,1,0
febrl2,0.76,2106,1,1,1,1,0,1,0
febrl2,0.76,1865,1,1,1,1,0,1,0
febrl2,0.76,3995,1,1,1,1,0,1,0
febrl2,0.76,1094,1,1,1,1,0,1,0
febrl2,0.76,536,1,1,1,1,0,1,0
febrl2,0.76,1047,1,1,1,1,0,1,0
febrl2,0.76,192,1,1,1,1,0,1,0
febrl2,0.76,184,1,1,1,1,0,1,0
febrl2,0.76,3301,5,1,5,1,0,1,0
febrl2,0.76,1164,1,1,1,1,0,1,0
febrl2,0.76,1814,1,1,1,1,0,1,0
febrl2,0.76,478,5,1,5,1,0,1,0
febrl2,0.76,2856,1,1,1,1,0,1,0
febrl2,0.76,761,1,1,1,1,0,1,0
febrl2,0.76,3163,3,1,3,1,0,1,0
febrl2,0.76,1193,4,1,4,1,0,1,0
febrl2,0.76,2860,1,1,1,1,0,1,0
febrl2,0.76,3843,1,1,1,1,0,1,0
febrl2,0.76,1930,1,1,1,1,0,1,0
febrl2,0.76,2200,1,1,1,1,0,1,0
febrl2,0.76,3143,1,1,1,1,0,1,0
febrl2,0.76,2658,1,1,1,1,0,1,0
febrl2,0.76,714,1,1,1,1,0,1,0
febrl2,0.76,300,1,1,1,1,0,1,0
febrl2,0.76,1651,1,1,2,1,1,2,1
febrl2,0.76,1142,1,1,1,1,0,1,0
febrl2,0.76,869,1,1,1,1,0,1,0
febrl2,0.76,2458,1,1,1,1,0,1,0
febrl2,0.76,1265,2,1,2,1,0,1,0
febrl2,0.76,3698,1,1,1,1,0,1,0
febrl2,0.76,3830,1,1,2,1,1,2,1
febrl2,0.76,3907,1,1,1,1,0,1,0
febrl2,0.76,98,1,1,1,1,0,1,0
febrl2,0.76,2219,1,1,1,1,0,1,0
febrl2,0.76,2891,4,1,4,1,0,1,0
febrl2,0.76,3070,1,1,1,1,0,1,0
febrl2,0.76,1213,6,1,6,1,0,1,0
febrl2,0.76,1061,3,1,3,1,0,1,0
febrl2,0.76,2595,1,1,1,1,0,1,0
febrl2,0.76,23,1,1,1,1,0,1,0
febrl2,0.76,2610,1,1,1,1,0,1,0
febrl2,0.76,1636,1,1,1,1,0,1,0
febrl2,0.76,1288,1,1,1,1,0,1,0
febrl2,0.76,3092,1,1,1,1,0,1,0
febrl2,0.76,3344,1,1,1,1,0,1,0
febrl2,0.76,3838,2,1,2,1,0,1,0
febrl2,0.76,3883,1,1,1,1,0,1,0
febrl2,0.76,1753,1,1,1,1,0,1,0
febrl2,0.76,2299,1,1,1,1,0,1,0
febrl2,0.76,1295,1,1,1,1,0,1,0
febrl2,0.76,2097,1,1,1,1,0,1,0
febrl2,0.76,1322,1,1,1,1,0,1,0
febrl2,0.76,2386,1,1,1,1,0,1,0
febrl2,0.76,2613,1,1,1,1,0,1,0
febrl2,0.76,2372,1,1,1,1,0,1,0
febrl2,0.76,2558,1,1,1,1,0,1,0
febrl2,0.76,1838,1,1,1,1,0,1,0
febrl2,0.76,2066,1,1,1,1,0,1,0
febrl2,0.76,3826,1,1,1,1,0,1,0
febrl2,0.76,1750,4,1,4,1,0,1,0
febrl2,0.76,1223,1,1,1,1,0,1,0
febrl2,0.76,693,1,1,1,1,0,1,0
febrl2,0.76,174,1,1,1,1,0,1,0
febrl2,0.76,2054,1,1,1,1,0,1,0
febrl2,0.76,3241,4,1,4,1,0,1,0
febrl2,0.76,3663,1,1,1,1,0,1,0
febrl2,0.76,356,4,1,4,1,0,1,0
febrl2,0.76,3067,1,1,1,1,0,1,0
febrl2,0.76,996,2,1,2,1,0,1,0
febrl2,0.76,3327,1,1,1,1,0,1,0
febrl2,0.76,912,1,1,1,1,0,1,0
febrl2,0.76,2510,1,1,1,1,0,1,0
febrl2,0.76,113,5,1,5,1,0,1,0
febrl2,0.76,790,1,1,1,1,0,1,0
febrl2,0.76,2403,5,2,5,2,0,2,0
febrl2,0.76,2502,1,1,1,1,0,1,0
febrl2,0.76,627,1,1,1,1,0,1,0
febrl2,0.76,835,1,1,1,1,0,1,0
febrl2,0.76,1156,1,1,1,1,0,1,0
febrl2,0.76,3222,1,1,1,1,0,1,0
febrl2,0.76,3121,1,1,1,1,0,1,0
febrl2,0.76,3104,1,1,1,1,0,1,0
febrl2,0.76,505,1,1,1,1,0,1,0
febrl2,0.76,1474,1,1,1,1,0,1,0
febrl2,0.76,1859,1,1,1,1,0,1,0
febrl2,0.76,3790,1,1,1,1,0,1,0
febrl2,0.76,2488,1,1,1,1,0,1,0
febrl2,0.76,3205,1,1,1,1,0,1,0
febrl2,0.76,1006,1,1,1,1,0,1,0
febrl2,0.76,1891,1,1,1,1,0,1,0
febrl2,0.76,3591,1,1,1,1,0,1,0
febrl2,0.76,2064,1,1,1,1,0,1,0
febrl2,0.76,3440,1,1,1,1,0,1,0
febrl2,0.76,1915,2,1,2,1,0,1,0
febrl2,0.76,3138,3,2,3,2,0,2,0
febrl2,0.76,1638,1,1,1,1,0,1,0
febrl2,0.76,1554,3,1,3,1,0,1,0
febrl2,0.76,2508,1,1,1,1,0,1,0
febrl2,0.76,3171,1,1,1,1,0,1,0
febrl2,0.76,1100,1,1,1,1,0,1,0
febrl2,0.76,609,1,1,1,1,0,1,0
febrl2,0.76,1948,1,1,1,1,0,1,0
febrl2,0.76,683,1,1,1,1,0,1,0
febrl2,0.76,503,4,1,4,1,0,1,0
febrl2,0.76,2418,3,1,3,1,0,1,0
febrl2,0.76,3208,1,1,1,1,0,1,0
febrl2,0.76,3927,3,1,3,1,0,1,0
febrl2,0.76,3056,1,1,1,1,0,1,0
febrl2,0.76,3430,1,1,1,1,0,1,0
febrl2,0.76,3580,1,1,1,1,0,1,0
febrl2,0.76,3993,1,1,1,1,0,1,0
febrl2,0.76,1456,1,1,1,1,0,1,0
febrl2,0.76,3299,1,1,1,1,0,1,0
febrl2,0.76,298,1,1,1,1,0,1,0
febrl2,0.76,86,3,1,3,1,0,1,0
febrl2,0.76,3500,1,1,1,1,0,1,0
febrl2,0.76,1762,1,1,1,1,0,1,0
febrl2,0.76,1660,1,1,1,1,0,1,0
febrl2,0.76,398,1,1,1,1,0,1,0
febrl2,0.76,2163,1,1,1,1,0,1,0
febrl2,0.76,2798,1,1,1,1,0,1,0
febrl2,0.76,1021,1,1,1,1,0,1,0
febrl2,0.76,1740,1,1,1,1,0,1,0
febrl2,0.76,3788,1,1,1,1,0,1,0
febrl2,0.76,1530,3,1,3,1,0,1,0
febrl2,0.76,1579,2,1,2,1,0,1,0
febrl2,0.76,2229,1,1,1,1,0,1,0
febrl2,0.76,2226,1,1,1,1,0,1,0
febrl2,0.76,2796,1,1,1,1,0,1,0
febrl2,0.76,1082,1,1,1,1,0,1,0
febrl2,0.76,2892,3,1,3,1,0,1,0
febrl2,0.76,1149,1,1,1,1,0,1,0
febrl2,0.76,2695,1,1,1,1,0,1,0
febrl2,0.76,2783,1,1,1,1,0,1,0
febrl2,0.76,2570,1,1,1,1,0,1,0
febrl2,0.76,1629,4,1,4,1,0,1,0
febrl2,0.76,2160,1,1,1,1,0,1,0
febrl2,0.76,211,1,1,1,1,0,1,0
febrl2,0.76,1509,1,1,1,1,0,1,0
febrl2,0.76,2881,1,1,1,1,0,1,0
febrl2,0.76,2779,3,1,3,1,0,1,0
febrl2,0.76,1921,1,1,1,1,0,1,0
febrl2,0.76,1919,1,1,1,1,0,1,0
febrl2,0.76,3509,1,1,1,1,0,1,0
febrl2,0.76,1438,1,1,1,1,0,1,0
febrl2,0.76,2402,1,1,1,1,0,1,0
febrl2,0.76,3621,1,1,1,1,0,1,0
febrl2,0.76,255,1,1,1,1,0,1,0
febrl2,0.76,2642,1,1,1,1,0,1,0
febrl2,0.76,575,4,1,4,1,0,1,0
febrl2,0.76,2670,1,1,1,1,0,1,0
febrl2,0.76,3694,1,1,1,1,0,1,0
febrl2,0.76,3850,3,1,3,1,0,1,0
febrl2,0.76,3083,1,1,1,1,0,1,0
febrl2,0.76,89,4,1,4,1,0,1,0
febrl2,0.76,285,1,1,1,1,0,1,0
febrl2,0.76,1049,1,1,1,1,0,1,0
febrl2,0.76,3592,1,1,1,1,0,1,0
febrl2,0.76,2817,1,1,1,1,0,1,0
febrl2,0.76,2829,1,1,1,1,0,1,0
febrl2,0.76,2953,1,1,1,1,0,1,0
febrl2,0.76,1981,1,1,1,1,0,1,0
febrl2,0.76,369,1,1,1,1,0,1,0
febrl2,0.76,413,5,1,5,1,0,1,0
febrl2,0.76,1693,1,1,1,1,0,1,0
febrl2,0.76,2473,1,1,1,1,0,1,0
febrl2,0.76,969,4,1,4,1,0,1,0
febrl2,0.76,1721,1,1,1,1,0,1,0
febrl2,0.76,1516,1,1,1,1,0,1,0
febrl2,0.76,1630,1,1,1,1,0,1,0
febrl2,0.76,46,1,1,1,1,0,1,0
febrl2,0.76,2848,1,1,1,1,0,1,0
febrl2,0.76,1925,1,1,1,1,0,1,0
febrl2,0.76,909,1,1,1,1,0,1,0
febrl2,0.76,138,3,1,3,1,0,1,0
febrl2,0.76,2830,1,1,1,1,0,1,0
febrl2,0.76,2027,1,1,1,1,0,1,0
febrl2,0.76,2954,1,1,1,1,0,1,0
febrl2,0.76,1472,1,1,1,1,0,1,0
febrl2,0.76,3326,1,1,1,1,0,1,0
febrl2,0.76,1529,1,1,1,1,0,1,0
febrl2,0.76,3866,1,1,1,1,0,1,0
febrl2,0.76,2651,1,1,1,1,0,1,0
febrl2,0.76,2461,3,1,3,1,0,1,0
febrl2,0.76,2922,1,1,1,1,0,1,0
febrl2,0.76,3414,1,1,1,1,0,1,0
febrl2,0.76,1581,4,1,4,1,0,1,0
febrl2,0.76,906,1,1,1,1,0,1,0
febrl2,0.76,3730,1,1,1,1,0,1,0
febrl2,0.76,1408,1,1,1,1,0,1,0
febrl2,0.76,3656,1,1,1,1,0,1,0
febrl2,0.76,3207,1,1,1,1,0,1,0
febrl2,0.76,3881,2,1,2,1,0,1,0
febrl2,0.76,3950,1,1,1,1,0,1,0
febrl2,0.76,3060,1,1,1,1,0,1,0
febrl2,0.76,2310,3,1,3,1,0,1,0
febrl2,0.76,1801,1,1,1,1,0,1,0
febrl2,0.76,3491,1,1,1,1,0,1,0
febrl2,0.76,1575,1,1,1,1,0,1,0
febrl2,0.76,3420,1,1,1,1,0,1,0
febrl2,0.76,2447,4,1,4,1,0,1,0
febrl2,0.76,3077,1,1,1,1,0,1,0
febrl2,0.76,2566,1,1,1,1,0,1,0
febrl2,0.76,544,4,1,4,1,0,1,0
febrl2,0.76,409,1,1,1,1,0,1,0
febrl2,0.76,2686,4,1,4,1,0,1,0
febrl2,0.76,2572,5,1,5,1,0,1,0
febrl2,0.76,2934,4,1,4,1,0,1,0
febrl2,0.76,2950,1,1,1,1,0,1,0
febrl2,0.76,3216,1,1,1,1,0,1,0
febrl2,0.76,2713,1,1,1,1,0,1,0
febrl2,0.76,2597,1,1,1,1,0,1,0
febrl2,0.76,3482,1,1,1,1,0,1,0
febrl2,0.76,2833,1,1,1,1,0,1,0
febrl2,0.76,2506,1,1,1,1,0,1,0
febrl2,0.76,3160,3,1,3,1,0,1,0
febrl2,0.76,1364,1,1,1,1,0,1,0
febrl2,0.76,2375,1,1,1,1,0,1,0
febrl2,0.76,1990,1,1,1,1,0,1,0
febrl2,0.76,2400,1,1,1,1,0,1,0
febrl2,0.76,2476,1,1,1,1,0,1,0
febrl2,0.76,3699,1,1,1,1,0,1,0
febrl2,0.76,3928,1,1,1,1,0,1,0
febrl2,0.76,3527,1,1,1,1,0,1,0
febrl2,0.76,126,1,1,1,1,0,1,0
febrl2,0.76,1698,3,1,3,1,0,1,0
febrl2,0.76,367,1,1,1,1,0,1,0
febrl2,0.76,2075,1,1,1,1,0,1,0
febrl2,0.76,1069,1,1,1,1,0,1,0
febrl2,0.76,1809,1,1,1,1,0,1,0
febrl2,0.76,694,4,1,4,1,0,1,0
febrl2,0.76,3985,1,1,1,1,0,1,0
febrl2,0.76,3452,4,1,4,1,0,1,0
febrl2,0.76,2170,1,1,1,1,0,1,0
febrl2,0.76,1328,1,1,1,1,0,1,0
febrl2,0.76,2468,1,1,1,1,0,1,0
febrl2,0.76,688,1,1,1,1,0,1,0
febrl2,0.76,2698,1,1,1,1,0,1,0
febrl2,0.76,3285,1,1,1,1,0,1,0
febrl2,0.76,2949,1,1,1,1,0,1,0
febrl2,0.76,887,2,1,2,1,0,1,0
febrl2,0.76,861,1,1,1,1,0,1,0
febrl2,0.76,905,1,1,1,1,0,1,0
febrl2,0.76,83,1,1,1,1,0,1,0
febrl2,0.76,1234,1,1,1,1,0,1,0
febrl2,0.76,1549,1,1,1,1,0,1,0
febrl2,0.76,489,1,1,1,1,0,1,0
febrl2,0.76,1446,1,1,1,1,0,1,0
febrl2,0.76,2694,1,1,1,1,0,1,0
febrl2,0.76,1452,1,1,1,1,0,1,0
febrl2,0.76,824,1,1,1,1,0,1,0
febrl2,0.76,2767,1,1,1,1,0,1,0
febrl2,0.76,1242,1,1,1,1,0,1,0
febrl2,0.76,2998,3,1,3,1,0,1,0
febrl2,0.76,1113,1,1,1,1,0,1,0
febrl2,0.76,654,1,1,1,1,0,1,0
febrl2,0.76,2125,1,1,1,1,0,1,0
febrl2,0.76,334,1,1,1,1,0,1,0
febrl2,0.76,3139,1,1,1,1,0,1,0
febrl2,0.76,408,1,1,1,1,0,1,0
febrl2,0.76,1045,4,1,4,1,0,1,0
febrl2,0.76,902,3,1,3,1,0,1,0
febrl2,0.76,2666,1,1,1,1,0,1,0
febrl2,0.76,1056,1,1,1,1,0,1,0
febrl2,0.76,415,1,1,1,1,0,1,0
febrl2,0.76,2332,1,1,1,1,0,1,0
febrl2,0.76,1104,1,1,1,1,0,1,0
febrl2,0.76,3273,1,1,1,1,0,1,0
febrl2,0.76,1331,1,1,1,1,0,1,0
febrl2,0.76,1389,1,1,1,1,0,1,0
febrl2,0.76,2750,1,1,1,1,0,1,0
febrl2,0.76,2414,1,1,1,1,0,1,0
febrl2,0.76,2024,1,1,1,1,0,1,0
febrl2,0.76,1091,1,1,1,1,0,1,0
febrl2,0.76,1796,1,1,1,1,0,1,0
febrl2,0.76,1074,1,1,1,1,0,1,0
febrl2,0.76,3693,1,1,1,1,0,1,0
febrl2,0.76,1953,1,1,1,1,0,1,0
febrl2,0.76,3741,4,1,4,1,0,1,0
febrl2,0.76,1232,1,1,1,1,0,1,0
febrl2,0.76,2217,1,1,2,1,1,2,1
febrl2,0.76,99,1,1,1,1,0,1,0
febrl2,0.76,801,1,1,1,1,0,1,0
febrl2,0.76,2586,1,1,1,1,0,1,0
febrl2,0.76,2426,1,1,1,1,0,1,0
febrl2,0.76,995,1,1,1,1,0,1,0
febrl2,0.76,594,5,1,5,1,0,1,0
febrl2,0.76,2038,1,1,1,1,0,1,0
febrl2,0.76,3618,1,1,1,1,0,1,0
febrl2,0.76,3032,1,1,1,1,0,1,0
febrl2,0.76,2768,1,1,1,1,0,1,0
febrl2,0.76,1505,1,1,1,1,0,1,0
febrl2,0.76,447,5,1,5,1,0,1,0
febrl2,0.76,1190,1,1,1,1,0,1,0
febrl2,0.76,432,1,1,1,1,0,1,0
febrl2,0.76,1005,1,1,1,1,0,1,0
febrl2,0.76,280,1,1,1,1,0,1,0
febrl2,0.76,3598,1,1,1,1,0,1,0
febrl2,0.76,2868,1,1,1,1,0,1,0
febrl2,0.76,1655,1,1,1,1,0,1,0
febrl2,0.76,2092,1,1,1,1,0,1,0
febrl2,0.76,1246,1,1,1,1,0,1,0
febrl2,0.76,914,1,1,1,1,0,1,0
febrl2,0.76,1222,1,1,1,1,0,1,0
febrl2,0.76,2552,1,1,1,1,0,1,0
febrl2,0.76,553,1,1,1,1,0,1,0
febrl2,0.76,2298,1,1,1,1,0,1,0
febrl2,0.76,3217,1,1,1,1,0,1,0
febrl2,0.76,2600,1,1,1,1,0,1,0
febrl2,0.76,924,1,1,1,1,0,1,0
febrl2,0.76,3739,3,1,3,1,0,1,0
febrl2,0.76,1343,3,1,3,1,0,1,0
febrl2,0.76,1576,2,1,2,1,0,1,0
febrl2,0.76,1194,1,1,1,1,0,1,0
febrl2,0.76,865,1,1,1,1,0,1,0
febrl2,0.76,1879,1,1,1,1,0,1,0
febrl2,0.76,2604,1,1,1,1,0,1,0
febrl2,0.76,1746,1,1,1,1,0,1,0
febrl2,0.76,2773,1,1,1,1,0,1,0
febrl2,0.76,1188,1,1,1,1,0,1,0
febrl2,0.76,2161,1,1,1,1,0,1,0
febrl2,0.76,2028,1,1,1,1,0,1,0
febrl2,0.76,543,1,1,1,1,0,1,0
febrl2,0.76,2688,1,1,1,1,0,1,0
febrl2,0.76,643,1,1,1,1,0,1,0
febrl2,0.76,2932,1,1,1,1,0,1,0
febrl2,0.76,2882,1,1,1,1,0,1,0
febrl2,0.76,1989,1,1,1,1,0,1,0
febrl2,0.76,721,6,1,6,1,0,1,0
febrl2,0.76,2526,1,1,1,1,0,1,0
febrl2,0.76,2639,1,1,1,1,0,1,0
febrl2,0.76,2846,5,1,5,1,0,1,0
febrl2,0.76,90,1,1,1,1,0,1,0
febrl2,0.76,2199,1,1,1,1,0,1,0
febrl2,0.76,2205,1,1,1,1,0,1,0
febrl2,0.76,1108,1,1,1,1,0,1,0
febrl2,0.76,2201,2,1,2,1,0,1,0
febrl2,0.76,3951,1,1,1,1,0,1,0
febrl2,0.76,1175,1,1,1,1,0,1,0
febrl2,0.76,2410,1,1,1,1,0,1,0
febrl2,0.76,1334,1,1,1,1,0,1,0
febrl2,0.76,2086,1,1,1,1,0,1,0
febrl2,0.76,2379,2,1,2,1,0,1,0
febrl2,0.76,3302,1,1,1,1,0,1,0
febrl2,0.76,276,1,1,1,1,0,1,0
febrl2,0.76,3736,1,1,1,1,0,1,0
febrl2,0.76,1863,1,1,1,1,0,1,0
febrl2,0.76,3117,1,1,1,1,0,1,0
febrl2,0.76,1437,4,2,4,2,0,2,0
febrl2,0.76,68,1,1,1,1,0,1,0
febrl2,0.76,527,3,1,4,1,1,2,1
febrl2,0.76,3524,2,1,2,1,0,1,0
febrl2,0.76,2568,1,1,1,1,0,1,0
febrl2,0.76,1255,1,1,1,1,0,1,0
febrl2,0.76,1718,1,1,1,1,0,1,0
febrl2,0.76,3015,1,1,1,1,0,1,0
febrl2,0.76,605,1,1,1,1,0,1,0
febrl2,0.76,2844,1,1,1,1,0,1,0
febrl2,0.76,3590,1,1,1,1,0,1,0
febrl2,0.76,429,1,1,1,1,0,1,0
febrl2,0.76,1440,1,1,1,1,0,1,0
febrl2,0.76,3239,3,1,3,1,0,1,0
febrl2,0.76,2370,3,1,3,1,0,1,0
febrl2,0.76,1087,1,1,1,1,0,1,0
febrl2,0.76,1236,1,1,1,1,0,1,0
febrl2,0.76,2002,1,1,1,1,0,1,0
febrl2,0.76,1002,1,1,1,1,0,1,0
febrl2,0.76,3022,1,1,1,1,0,1,0
febrl2,0.76,898,1,1,1,1,0,1,0
febrl2,0.76,1747,1,1,1,1,0,1,0
febrl2,0.76,1613,1,1,1,1,0,1,0
febrl2,0.76,3718,1,1,1,1,0,1,0
febrl2,0.76,2127,2,1,2,1,0,1,0
febrl2,0.76,2701,1,1,1,1,0,1,0
febrl2,0.76,3610,1,1,1,1,0,1,0
febrl2,0.76,2346,1,1,1,1,0,1,0
febrl2,0.76,150,2,1,2,1,0,1,0
febrl2,0.76,929,1,1,1,1,0,1,0
febrl2,0.76,3818,1,1,1,1,0,1,0
febrl2,0.76,3607,1,1,1,1,0,1,0
febrl2,0.76,268,1,1,1,1,0,1,0
febrl2,0.76,2672,1,1,1,1,0,1,0
febrl2,0.76,637,1,1,1,1,0,1,0
febrl2,0.76,3677,4,1,4,1,0,1,0
febrl2,0.76,1138,1,1,1,1,0,1,0
febrl2,0.76,1610,1,1,1,1,0,1,0
febrl2,0.76,167,1,1,1,1,0,1,0
febrl2,0.76,2945,1,1,1,1,0,1,0
febrl2,0.76,252,1,1,1,1,0,1,0
febrl2,0.76,261,3,1,3,1,0,1,0
febrl2,0.76,2098,1,1,1,1,0,1,0
febrl2,0.76,3774,2,1,2,1,0,1,0
febrl2,0.76,3298,1,1,1,1,0,1,0
febrl2,0.76,2448,1,1,1,1,0,1,0
febrl2,0.76,233,1,1,1,1,0,1,0
febrl2,0.76,2620,1,1,1,1,0,1,0
febrl2,0.76,2269,1,1,1,1,0,1,0
febrl2,0.76,3803,1,1,1,1,0,1,0
febrl2,0.76,1447,1,1,1,1,0,1,0
febrl2,0.76,1422,1,1,1,1,0,1,0
febrl2,0.76,1899,1,1,1,1,0,1,0
febrl2,0.76,2314,2,1,2,1,0,1,0
febrl2,0.76,1603,1,1,1,1,0,1,0
febrl2,0.76,524,1,1,1,1,0,1,0
febrl2,0.76,1763,1,1,1,1,0,1,0
febrl2,0.76,1323,3,1,3,1,0,1,0
febrl2,0.76,2532,3,1,3,1,0,1,0
febrl2,0.76,2571,5,1,5,1,0,1,0
febrl2,0.76,1844,1,1,1,1,0,1,0
febrl2,0.76,959,1,1,4,1,1,2,3
febrl2,0.76,2585,1,1,2,1,1,2,1
febrl2,0.76,1160,1,1,1,1,0,1,0
febrl2,0.76,904,1,1,1,1,0,1,0
febrl2,0.76,3767,1,1,1,1,0,1,0
febrl2,0.76,1961,1,1,1,1,0,1,0
febrl2,0.76,1305,1,1,1,1,0,1,0
febrl2,0.76,1201,1,1,1,1,0,1,0
febrl2,0.76,3038,1,1,1,1,0,1,0
febrl2,0.76,419,4,1,4,1,0,1,0
febrl2,0.76,3571,1,1,1,1,0,1,0
febrl2,0.76,2668,1,1,1,1,0,1,0
febrl2,0.76,2015,1,1,1,1,0,1,0
febrl2,0.76,2419,1,1,1,1,0,1,0
febrl2,0.76,2154,1,1,1,1,0,1,0
febrl2,0.76,2794,1,1,1,1,0,1,0
febrl2,0.76,2802,3,1,3,1,0,1,0
febrl2,0.76,838,1,1,1,1,0,1,0
febrl2,0.76,96,1,1,1,1,0,1,0
febrl2,0.76,1291,1,1,1,1,0,1,0
febrl2,0.76,829,1,1,1,1,0,1,0
febrl2,0.76,2142,1,1,1,1,0,1,0
febrl2,0.76,100,4,1,4,1,0,1,0
febrl2,0.76,1489,1,1,1,1,0,1,0
febrl2,0.76,1997,1,1,1,1,0,1,0
febrl2,0.76,1453,1,1,1,1,0,1,0
febrl2,0.76,3980,2,1,2,1,0,1,0
febrl2,0.76,239,1,1,1,1,0,1,0
febrl2,0.76,3288,1,1,1,1,0,1,0
febrl2,0.76,1719,1,1,1,1,0,1,0
febrl2,0.76,3054,4,1,4,1,0,1,0
febrl2,0.76,2673,3,1,3,1,0,1,0
febrl2,0.76,3087,1,1,1,1,0,1,0
febrl2,0.76,1513,1,1,1,1,0,1,0
febrl2,0.76,3409,3,1,3,1,0,1,0
febrl2,0.76,1259,1,1,1,1,0,1,0
febrl2,0.76,1090,1,1,1,1,0,1,0
febrl2,0.76,1786,1,1,1,1,0,1,0
febrl2,0.76,1019,1,1,1,1,0,1,0
febrl2,0.76,3436,4,1,4,1,0,1,0
febrl2,0.76,3462,1,1,1,1,0,1,0
febrl2,0.76,1536,1,1,1,1,0,1,0
febrl2,0.76,119,1,1,1,1,0,1,0
febrl2,0.76,1774,1,1,1,1,0,1,0
febrl2,0.76,933,1,1,1,1,0,1,0
febrl2,0.76,332,1,1,1,1,0,1,0
febrl2,0.76,3335,1,1,1,1,0,1,0
febrl2,0.76,70,1,1,1,1,0,1,0
febrl2,0.76,2293,1,1,1,1,0,1,0
febrl2,0.76,3632,1,1,1,1,0,1,0
febrl2,0.76,2143,4,1,4,1,0,1,0
febrl2,0.76,2963,1,1,1,1,0,1,0
febrl2,0.76,31,1,1,1,1,0,1,0
febrl2,0.76,1756,1,1,1,1,0,1,0
febrl2,0.76,2992,1,1,1,1,0,1,0
febrl2,0.76,479,1,1,1,1,0,1,0
febrl2,0.76,2081,1,1,1,1,0,1,0
febrl2,0.76,768,2,1,2,1,0,1,0
febrl2,0.76,3520,1,1,1,1,0,1,0
febrl2,0.76,372,1,1,1,1,0,1,0
febrl2,0.76,2678,1,1,1,1,0,1,0
febrl2,0.76,1016,1,1,1,1,0,1,0
febrl2,0.76,736,1,1,1,1,0,1,0
febrl2,0.76,1757,1,1,1,1,0,1,0
febrl2,0.76,2716,1,1,1,1,0,1,0
febrl2,0.76,2714,1,1,1,1,0,1,0
febrl2,0.76,3256,1,1,1,1,0,1,0
febrl2,0.76,2267,2,1,2,1,0,1,0
febrl2,0.76,1000,1,1,1,1,0,1,0
febrl2,0.76,2328,2,1,2,1,0,1,0
febrl2,0.76,1782,1,1,1,1,0,1,0
febrl2,0.76,1157,1,1,1,1,0,1,0
febrl2,0.76,864,4,1,4,1,0,1,0
febrl2,0.76,190,1,1,1,1,0,1,0
febrl2,0.76,3069,1,1,1,1,0,1,0
febrl2,0.76,29,1,1,1,1,0,1,0
febrl2,0.76,1889,2,1,2,1,0,1,0
febrl2,0.76,3362,1,1,1,1,0,1,0
febrl2,0.76,3782,1,1,1,1,0,1,0
febrl2,0.76,2638,1,1,1,1,0,1,0
febrl2,0.76,445,1,1,1,1,0,1,0
febrl2,0.76,1009,1,1,1,1,0,1,0
febrl2,0.76,2729,1,1,1,1,0,1,0
febrl2,0.76,1154,3,1,3,1,0,1,0
febrl2,0.76,1977,1,1,1,1,0,1,0
febrl2,0.76,2519,1,1,1,1,0,1,0
febrl2,0.76,2319,1,1,1,1,0,1,0
febrl2,0.76,360,1,1,1,1,0,1,0
febrl2,0.76,1956,1,1,1,1,0,1,0
febrl2,0.76,3317,1,1,1,1,0,1,0
febrl2,0.76,3348,1,1,1,1,0,1,0
febrl2,0.76,2241,1,1,1,1,0,1,0
febrl2,0.76,1010,5,1,5,1,0,1,0
febrl2,0.76,3045,1,1,1,1,0,1,0
febrl2,0.76,1335,1,1,1,1,0,1,0
febrl2,0.76,3755,1,1,1,1,0,1,0
febrl2,0.76,535,1,1,1,1,0,1,0
febrl2,0.76,2324,1,1,1,1,0,1,0
febrl2,0.76,1147,1,1,1,1,0,1,0
febrl2,0.76,3444,1,1,1,1,0,1,0
febrl2,0.76,1957,1,1,1,1,0,1,0
febrl2,0.76,3769,3,1,3,1,0,1,0
febrl2,0.76,1161,3,1,4,1,1,2,1
febrl2,0.76,1290,1,1,1,1,0,1,0
febrl2,0.76,540,4,1,4,1,0,1,0
febrl2,0.76,2878,1,1,1,1,0,1,0
febrl2,0.76,3952,1,1,1,1,0,1,0
febrl2,0.76,3646,1,1,1,1,0,1,0
febrl2,0.76,3962,1,1,1,1,0,1,0
febrl2,0.76,1294,1,1,1,1,0,1,0
febrl2,0.76,3837,1,1,1,1,0,1,0
febrl2,0.76,3167,2,1,2,1,0,1,0
febrl2,0.76,2235,1,1,1,1,0,1,0
febrl2,0.76,1628,1,1,1,1,0,1,0
febrl2,0.76,1022,1,1,4,1,1,2,3
febrl2,0.76,2076,1,1,1,1,0,1,0
febrl2,0.76,1303,1,1,1,1,0,1,0
febrl2,0.76,2771,1,1,1,1,0,1,0
febrl2,0.76,3533,4,1,4,1,0,1,0
febrl2,0.76,687,1,1,1,1,0,1,0
febrl2,0.76,3461,1,1,1,1,0,1,0
febrl2,0.76,1699,1,1,1,1,0,1,0
febrl2,0.76,1191,1,1,1,1,0,1,0
febrl2,0.76,3717,1,1,1,1,0,1,0
febrl2,0.76,404,1,1,1,1,0,1,0
febrl2,0.76,1731,1,1,1,1,0,1,0
febrl2,0.76,986,1,1,1,1,0,1,0
febrl2,0.76,3226,1,1,1,1,0,1,0
febrl2,0.76,2919,1,1,1,1,0,1,0
febrl2,0.76,2489,1,1,1,1,0,1,0
febrl2,0.76,394,1,1,1,1,0,1,0
febrl2,0.76,2445,1,1,1,1,0,1,0
febrl2,0.76,640,6,1,6,1,0,1,0
febrl2,0.76,1488,1,1,1,1,0,1,0
febrl2,0.76,3410,1,1,1,1,0,1,0
febrl2,0.76,3154,1,1,1,1,0,1,0
febrl2,0.76,2903,1,1,1,1,0,1,0
febrl2,0.76,2565,4,1,4,1,0,1,0
febrl2,0.76,3972,2,1,2,1,0,1,0
febrl2,0.76,1776,1,1,1,1,0,1,0
febrl2,0.76,266,1,1,1,1,0,1,0
febrl2,0.76,443,1,1,1,1,0,1,0
febrl2,0.76,3550,3,1,3,1,0,1,0
febrl2,0.76,1189,1,1,1,1,0,1,0
febrl2,0.76,1918,1,1,1,1,0,1,0
febrl2,0.76,782,1,1,1,1,0,1,0
febrl2,0.76,2522,4,2,4,2,0,2,0
febrl2,0.76,3691,1,1,1,1,0,1,0
febrl2,0.76,2560,1,1,1,1,0,1,0
febrl2,0.76,2531,1,1,1,1,0,1,0
febrl2,0.76,3379,5,1,5,1,0,1,0
febrl2,0.76,362,1,1,1,1,0,1,0
febrl2,0.76,981,1,1,1,1,0,1,0
febrl2,0.76,3263,1,1,1,1,0,1,0
febrl2,0.76,2607,4,1,5,1,1,2,1
febrl2,0.76,1275,1,1,1,1,0,1,0
febrl2,0.76,517,6,1,6,1,0,1,0
febrl2,0.76,952,1,1,1,1,0,1,0
febrl2,0.76,2268,1,1,1,1,0,1,0
febrl2,0.76,2320,1,1,1,1,0,1,0
febrl2,0.76,1126,1,1,1,1,0,1,0
febrl2,0.76,497,1,1,1,1,0,1,0
febrl2,0.76,2466,1,1,1,1,0,1,0
febrl2,0.76,979,3,1,3,1,0,1,0
febrl2,0.76,3446,1,1,1,1,0,1,0
febrl2,0.76,3766,1,1,1,1,0,1,0
febrl2,0.76,3330,1,1,1,1,0,1,0
febrl2,0.76,2423,1,1,1,1,0,1,0
febrl2,0.76,28,1,1,1,1,0,1,0
febrl2,0.76,7,1,1,1,1,0,1,0
febrl2,0.76,2902,1,1,1,1,0,1,0
febrl2,0.76,2443,1,1,1,1,0,1,0
febrl2,0.76,1978,1,1,1,1,0,1,0
febrl2,0.76,1898,1,1,1,1,0,1,0
febrl2,0.76,977,2,1,2,1,0,1,0
febrl2,0.76,1663,3,1,3,1,0,1,0
febrl2,0.76,2928,3,1,3,1,0,1,0
febrl2,0.76,1682,1,1,1,1,0,1,0
febrl2,0.76,3320,1,1,1,1,0,1,0
febrl2,0.76,1955,1,1,1,1,0,1,0
febrl2,0.76,1692,4,1,4,1,0,1,0
febrl2,0.76,364,1,1,1,1,0,1,0
febrl2,0.76,1301,1,1,1,1,0,1,0
febrl2,0.76,2356,1,1,1,1,0,1,0
febrl2,0.76,780,2,1,2,1,0,1,0
febrl2,0.76,350,1,1,1,1,0,1,0
febrl2,0.76,1595,1,1,1,1,0,1,0
febrl2,0.76,48,1,1,1,1,0,1,0
febrl2,0.76,739,1,1,1,1,0,1,0
febrl2,0.76,2063,1,1,1,1,0,1,0
febrl2,0.76,2264,3,1,3,1,0,1,0
febrl2,0.76,632,1,1,1,1,0,1,0
febrl2,0.76,699,1,1,1,1,0,1,0
febrl2,0.76,2348,1,1,1,1,0,1,0
febrl2,0.76,1258,2,1,2,1,0,1,0
febrl2,0.76,2404,1,1,1,1,0,1,0
febrl2,0.76,2811,1,1,1,1,0,1,0
febrl2,0.76,2261,1,1,1,1,0,1,0
febrl2,0.76,2755,1,1,1,1,0,1,0
febrl2,0.76,3221,1,1,1,1,0,1,0
febrl2,0.76,616,1,1,1,1,0,1,0
febrl2,0.76,2842,1,1,1,1,0,1,0
febrl2,0.76,2985,1,1,1,1,0,1,0
febrl2,0.76,1519,3,1,3,1,0,1,0
febrl2,0.76,399,1,1,1,1,0,1,0
febrl2,0.76,2660,1,1,1,1,0,1,0
febrl2,0.76,2880,1,1,1,1,0,1,0
febrl2,0.76,3057,1,1,1,1,0,1,0
febrl2,0.76,3653,3,1,3,1,0,1,0
febrl2,0.76,1808,1,1,1,1,0,1,0
febrl2,0.76,589,5,1,5,1,0,1,0
febrl2,0.76,2938,4,1,4,1,0,1,0
febrl2,0.76,1078,1,1,1,1,0,1,0
febrl2,0.76,846,3,1,3,1,0,1,0
febrl2,0.76,3506,1,1,1,1,0,1,0
febrl2,0.76,351,1,1,1,1,0,1,0
febrl2,0.76,3839,4,1,4,1,0,1,0
febrl2,0.76,1135,1,1,4,1,1,2,3
febrl2,0.76,345,1,1,1,1,0,1,0
febrl2,0.76,513,1,1,1,1,0,1,0
febrl2,0.76,47,1,1,1,1,0,1,0
febrl2,0.76,1192,1,1,1,1,0,1,0
febrl2,0.76,228,1,1,1,1,0,1,0
febrl2,0.76,1271,1,1,1,1,0,1,0
febrl2,0.76,682,1,1,1,1,0,1,0
febrl2,0.76,1524,1,1,1,1,0,1,0
febrl2,0.76,2873,1,1,1,1,0,1,0
febrl2,0.76,2274,1,1,1,1,0,1,0
febrl2,0.76,1988,1,1,1,1,0,1,0
febrl2,0.76,2484,1,1,1,1,0,1,0
febrl2,0.76,329,1,1,1,1,0,1,0
febrl2,0.76,2280,1,1,1,1,0,1,0
febrl2,0.76,3244,1,1,1,1,0,1,0
febrl2,0.76,2004,1,1,1,1,0,1,0
febrl2,0.76,2224,1,1,1,1,0,1,0
febrl2,0.76,1306,3,1,3,1,0,1,0
febrl2,0.76,3088,1,1,1,1,0,1,0
febrl2,0.76,3516,1,1,1,1,0,1,0
febrl2,0.76,2625,1,1,1,1,0,1,0
febrl2,0.76,1168,1,1,1,1,0,1,0
febrl2,0.76,2653,1,1,1,1,0,1,0
febrl2,0.76,3412,1,1,1,1,0,1,0
febrl2,0.76,2392,1,1,1,1,0,1,0
febrl2,0.76,2772,1,1,1,1,0,1,0
febrl2,0.76,3734,1,1,1,1,0,1,0
febrl2,0.76,3142,4,1,4,1,0,1,0
febrl2,0.76,702,1,1,1,1,0,1,0
febrl2,0.76,745,1,1,1,1,0,1,0
febrl2,0.76,311,1,1,1,1,0,1,0
febrl2,0.76,2563,1,1,1,1,0,1,0
febrl2,0.76,2297,1,1,1,1,0,1,0
febrl2,0.76,1209,1,1,1,1,0,1,0
febrl2,0.76,1679,1,1,1,1,0,1,0
febrl2,0.76,1569,1,1,1,1,0,1,0
febrl2,0.76,3360,1,1,1,1,0,1,0
febrl2,0.76,1937,1,1,1,1,0,1,0
febrl2,0.76,3075,1,1,3,1,1,2,2
febrl2,0.76,3529,1,1,1,1,0,1,0
febrl2,0.76,3450,1,1,1,1,0,1,0
febrl2,0.76,993,1,1,1,1,0,1,0
febrl2,0.76,1905,1,1,1,1,0,1,0
febrl2,0.76,1641,1,1,1,1,0,1,0
febrl2,0.76,3081,1,1,1,1,0,1,0
febrl2,0.76,487,1,1,1,1,0,1,0
febrl2,0.76,1097,1,1,1,1,0,1,0
febrl2,0.76,1240,1,1,1,1,0,1,0
febrl2,0.76,674,1,1,1,1,0,1,0
febrl2,0.76,2677,1,1,1,1,0,1,0
febrl2,0.76,2906,1,1,1,1,0,1,0
febrl2,0.76,926,1,1,1,1,0,1,0
febrl2,0.76,3810,1,1,1,1,0,1,0
febrl2,0.76,3287,1,1,1,1,0,1,0
febrl2,0.76,3776,1,1,1,1,0,1,0
febrl2,0.76,3548,1,1,1,1,0,1,0
febrl2,0.76,33,1,1,1,1,0,1,0
febrl2,0.76,1700,1,1,1,1,0,1,0
febrl2,0.76,2465,1,1,1,1,0,1,0
febrl2,0.76,1901,1,1,1,1,0,1,0
febrl2,0.76,1269,2,1,2,1,0,1,0
febrl2,0.76,2708,1,1,1,1,0,1,0
febrl2,0.76,1467,1,1,1,1,0,1,0
febrl2,0.76,352,3,1,3,1,0,1,0
febrl2,0.76,532,1,1,1,1,0,1,0
febrl2,0.76,3068,1,1,1,1,0,1,0
febrl2,0.76,537,1,1,1,1,0,1,0
febrl2,0.76,507,1,1,1,1,0,1,0
febrl2,0.76,931,1,1,1,1,0,1,0
febrl2,0.76,3097,2,1,2,1,0,1,0
febrl2,0.76,359,1,1,1,1,0,1,0
febrl2,0.76,2682,1,1,1,1,0,1,0
febrl2,0.76,1197,1,1,1,1,0,1,0
febrl2,0.76,1539,1,1,1,1,0,1,0
febrl2,0.76,910,1,1,1,1,0,1,0
febrl2,0.76,2707,1,1,1,1,0,1,0
febrl2,0.76,548,1,1,1,1,0,1,0
febrl2,0.76,1673,1,1,1,1,0,1,0
febrl2,0.76,1725,1,1,1,1,0,1,0
febrl2,0.76,1769,1,1,1,1,0,1,0
febrl2,0.76,2467,6,1,6,1,0,1,0
febrl2,0.76,1458,1,1,1,1,0,1,0
febrl2,0.76,2863,1,1,1,1,0,1,0
febrl2,0.76,1765,1,1,1,1,0,1,0
febrl2,0.76,2608,1,1,1,1,0,1,0
febrl2,0.76,1150,1,1,1,1,0,1,0
febrl2,0.76,1024,1,1,1,1,0,1,0
febrl2,0.76,1454,1,1,1,1,0,1,0
febrl2,0.76,1435,1,1,2,1,1,2,1
febrl2,0.76,655,1,1,1,1,0,1,0
febrl2,0.76,2735,1,1,1,1,0,1,0
febrl2,0.76,472,1,1,1,1,0,1,0
febrl2,0.76,3082,1,1,1,1,0,1,0
febrl2,0.76,3783,1,1,1,1,0,1,0
febrl2,0.76,1336,4,1,4,1,0,1,0
febrl2,0.76,2853,4,1,4,1,0,1,0
febrl2,0.76,3383,1,1,1,1,0,1,0
febrl2,0.76,3583,1,1,1,1,0,1,0
febrl2,0.76,1085,1,1,1,1,0,1,0
febrl2,0.76,2137,1,1,1,1,0,1,0
febrl2,0.76,393,1,1,1,1,0,1,0
febrl2,0.76,3427,1,1,1,1,0,1,0
febrl2,0.76,889,1,1,1,1,0,1,0
febrl2,0.76,3884,1,1,1,1,0,1,0
febrl2,0.76,2697,1,1,1,1,0,1,0
febrl2,0.76,3110,1,1,1,1,0,1,0
febrl2,0.76,1502,1,1,1,1,0,1,0
febrl2,0.76,747,1,1,1,1,0,1,0
febrl2,0.76,1819,1,1,1,1,0,1,0
febrl2,0.76,1053,1,1,1,1,0,1,0
febrl2,0.76,1455,1,1,1,1,0,1,0
febrl2,0.76,1332,1,1,1,1,0,1,0
febrl2,0.76,1245,1,1,1,1,0,1,0
febrl2,0.76,2527,1,1,1,1,0,1,0
febrl2,0.76,2258,1,1,1,1,0,1,0
febrl2,0.76,802,2,1,2,1,0,1,0
febrl2,0.76,3654,1,1,1,1,0,1,0
febrl2,0.76,3023,1,1,1,1,0,1,0
febrl2,0.76,2245,1,1,1,1,0,1,0
febrl2,0.76,1420,1,1,1,1,0,1,0
febrl2,0.76,793,1,1,1,1,0,1,0
febrl2,0.76,2612,1,1,1,1,0,1,0
febrl2,0.76,2344,1,1,1,1,0,1,0
febrl2,0.76,653,1,1,1,1,0,1,0
febrl2,0.76,2814,1,1,1,1,0,1,0
febrl2,0.76,956,4,1,4,1,0,1,0
febrl2,0.76,3014,1,1,1,1,0,1,0
febrl2,0.76,3313,1,1,1,1,0,1,0
febrl2,0.76,418,1,1,1,1,0,1,0
febrl2,0.76,2202,1,1,1,1,0,1,0
febrl2,0.76,2283,2,1,2,1,0,1,0
febrl2,0.76,1929,1,1,1,1,0,1,0
febrl2,0.76,110,1,1,1,1,0,1,0
febrl2,0.76,3200,1,1,1,1,0,1,0
febrl2,0.76,3144,1,1,1,1,0,1,0
febrl2,0.76,1475,1,1,1,1,0,1,0
febrl2,0.76,942,1,1,1,1,0,1,0
febrl2,0.76,1289,1,1,1,1,0,1,0
febrl2,0.76,1239,1,1,1,1,0,1,0
febrl2,0.76,3089,1,1,2,1,1,2,1
febrl2,0.76,3668,1,1,1,1,0,1,0
febrl2,0.76,2721,1,1,1,1,0,1,0
febrl2,0.76,2065,1,1,1,1,0,1,0
febrl2,0.76,3706,1,1,1,1,0,1,0
febrl2,0.76,3429,1,1,1,1,0,1,0
febrl2,0.76,230,1,1,1,1,0,1,0
febrl2,0.76,2256,1,1,1,1,0,1,0
febrl2,0.76,3274,1,1,2,1,1,2,1
febrl2,0.76,163,1,1,1,1,0,1,0
febrl2,0.76,2594,1,1,1,1,0,1,0
febrl2,0.76,997,1,1,1,1,0,1,0
febrl2,0.76,560,1,1,1,1,0,1,0
febrl2,0.76,738,1,1,1,1,0,1,0
febrl2,0.76,1512,1,1,1,1,0,1,0
febrl2,0.76,2689,1,1,1,1,0,1,0
febrl2,0.76,3569,1,1,1,1,0,1,0
febrl2,0.76,625,1,1,1,1,0,1,0
febrl2,0.76,3191,1,1,1,1,0,1,0
febrl2,0.76,3336,1,1,1,1,0,1,0
febrl2,0.76,3372,1,1,1,1,0,1,0
febrl2,0.76,460,1,1,1,1,0,1,0
febrl2,0.76,2013,1,1,1,1,0,1,0
febrl2,0.76,3269,1,1,1,1,0,1,0
febrl2,0.76,3253,1,1,1,1,0,1,0
febrl2,0.76,2100,1,1,1,1,0,1,0
febrl2,0.76,830,1,1,1,1,0,1,0
febrl2,0.76,1976,1,1,1,1,0,1,0
febrl2,0.76,2494,1,1,1,1,0,1,0
febrl2,0.76,76,4,1,4,1,0,1,0
febrl2,0.76,863,1,1,1,1,0,1,0
febrl2,0.76,3238,1,1,1,1,0,1,0
febrl2,0.76,1118,1,1,1,1,0,1,0
febrl2,0.76,1349,3,2,3,2,0,2,0
febrl2,0.76,291,1,1,1,1,0,1,0
febrl2,0.76,2741,1,1,1,1,0,1,0
febrl2,0.76,3954,1,1,1,1,0,1,0
febrl2,0.76,1392,1,1,1,1,0,1,0
febrl2,0.76,2997,1,1,1,1,0,1,0
febrl2,0.76,3276,1,1,1,1,0,1,0
febrl2,0.76,2554,1,1,1,1,0,1,0
febrl2,0.76,3464,1,1,1,1,0,1,0
febrl2,0.76,3703,5,1,5,1,0,1,0
febrl2,0.76,1775,2,1,2,1,0,1,0
febrl2,0.76,1057,1,1,1,1,0,1,0
febrl2,0.76,629,1,1,1,1,0,1,0
febrl2,0.76,3404,3,1,3,1,0,1,0
febrl2,0.76,894,1,1,1,1,0,1,0
febrl2,0.76,1493,4,1,4,1,0,1,0
febrl2,0.76,56,1,1,1,1,0,1,0
febrl2,0.76,3791,3,1,3,1,0,1,0
febrl2,0.76,1073,1,1,1,1,0,1,0
febrl2,0.76,542,2,1,2,1,0,1,0
febrl2,0.76,1333,1,1,1,1,0,1,0
febrl2,0.76,2792,1,1,1,1,0,1,0
febrl2,0.76,3986,1,1,1,1,0,1,0
febrl2,0.76,3711,1,1,1,1,0,1,0
febrl2,0.76,3704,5,1,5,1,0,1,0
febrl2,0.76,852,1,1,1,1,0,1,0
febrl2,0.76,568,1,1,1,1,0,1,0
febrl2,0.76,634,1,1,1,1,0,1,0
febrl2,0.76,2431,1,1,1,1,0,1,0
febrl2,0.76,1457,5,1,5,1,0,1,0
febrl2,0.76,392,1,1,1,1,0,1,0
febrl2,0.76,3438,1,1,1,1,0,1,0
febrl2,0.76,953,1,1,1,1,0,1,0
febrl2,0.76,831,1,1,1,1,0,1,0
febrl2,0.76,3596,1,1,1,1,0,1,0
febrl2,0.76,234,1,1,1,1,0,1,0
febrl2,0.76,796,3,1,3,1,0,1,0
febrl2,0.76,855,1,1,1,1,0,1,0
febrl2,0.76,2335,1,1,1,1,0,1,0
febrl2,0.76,1421,1,1,1,1,0,1,0
febrl2,0.76,2679,4,1,4,1,0,1,0
febrl2,0.76,279,1,1,1,1,0,1,0
febrl2,0.76,820,1,1,1,1,0,1,0
febrl2,0.76,759,1,1,1,1,0,1,0
febrl2,0.76,2968,1,1,1,1,0,1,0
febrl2,0.76,2381,1,1,1,1,0,1,0
febrl2,0.76,2287,1,1,1,1,0,1,0
febrl2,0.76,175,1,1,1,1,0,1,0
febrl2,0.76,3231,4,1,4,1,0,1,0
febrl2,0.76,3827,4,1,4,1,0,1,0
febrl2,0.76,1913,1,1,1,1,0,1,0
febrl2,0.76,1521,2,1,2,1,0,1,0
febrl2,0.76,3447,2,1,2,1,0,1,0
febrl2,0.76,183,3,1,3,1,0,1,0
febrl2,0.76,601,1,1,1,1,0,1,0
febrl2,0.76,1212,1,1,1,1,0,1,0
febrl2,0.76,105,1,1,1,1,0,1,0
febrl2,0.76,2053,1,1,1,1,0,1,0
febrl2,0.76,2995,1,1,1,1,0,1,0
febrl2,0.76,1527,1,1,1,1,0,1,0
febrl2,0.76,3140,1,1,1,1,0,1,0
febrl2,0.76,1040,1,1,1,1,0,1,0
febrl2,0.76,3007,1,1,1,1,0,1,0
febrl2,0.76,2212,1,1,1,1,0,1,0
febrl2,0.76,1171,1,1,1,1,0,1,0
febrl2,0.76,1995,1,1,1,1,0,1,0
febrl2,0.76,1469,1,1,1,1,0,1,0
febrl2,0.76,2766,1,1,2,1,1,2,1
febrl2,0.76,2428,1,1,1,1,0,1,0
febrl2,0.76,1644,1,1,1,1,0,1,0
febrl2,0.76,169,1,1,1,1,0,1,0
febrl2,0.76,2337,3,1,3,1,0,1,0
febrl2,0.76,315,1,1,1,1,0,1,0
febrl2,0.76,3834,1,1,1,1,0,1,0
febrl2,0.76,3184,1,1,1,1,0,1,0
febrl2,0.76,3946,1,1,1,1,0,1,0
febrl2,0.76,1585,5,1,5,1,0,1,0
febrl2,0.76,2451,1,1,1,1,0,1,0
febrl2,0.76,3323,1,1,1,1,0,1,0
febrl2,0.76,1076,1,1,1,1,0,1,0
febrl2,0.76,2847,1,1,1,1,0,1,0
febrl2,0.76,42,1,1,1,1,0,1,0
febrl2,0.76,3011,1,1,1,1,0,1,0
febrl2,0.76,732,1,1,1,1,0,1,0
febrl2,0.76,2213,1,1,1,1,0,1,0
febrl2,0.76,2983,1,1,1,1,0,1,0
febrl2,0.76,2562,1,1,1,1,0,1,0
febrl2,0.76,2920,1,1,1,1,0,1,0
febrl2,0.76,223,1,1,1,1,0,1,0
febrl2,0.76,3984,1,1,1,1,0,1,0
febrl2,0.76,900,1,1,1,1,0,1,0
febrl2,0.76,1363,1,1,1,1,0,1,0
febrl2,0.76,752,1,1,1,1,0,1,0
febrl2,0.76,2962,1,1,1,1,0,1,0
febrl2,0.76,946,1,1,1,1,0,1,0
febrl2,0.76,2589,1,1,1,1,0,1,0
febrl2,0.76,1749,1,1,1,1,0,1,0
febrl2,0.76,1403,1,1,1,1,0,1,0
febrl2,0.76,492,3,2,3,2,0,2,0
febrl2,0.76,3266,1,1,1,1,0,1,0
febrl2,0.76,406,1,1,1,1,0,1,0
febrl2,0.76,2452,1,1,1,1,0,1,0
febrl2,0.76,1133,2,1,2,1,0,1,0
febrl2,0.76,3789,1,1,1,1,0,1,0
febrl2,0.76,3204,1,1,1,1,0,1,0
febrl2,0.76,1373,1,1,1,1,0,1,0
febrl2,0.76,3998,1,1,1,1,0,1,0
febrl2,0.76,1862,1,1,1,1,0,1,0
febrl2,0.76,2364,1,1,1,1,0,1,0
febrl2,0.76,1044,1,1,1,1,0,1,0
febrl2,0.76,1359,1,1,1,1,0,1,0
febrl2,0.76,949,1,1,1,1,0,1,0
febrl2,0.76,1367,1,1,1,1,0,1,0
febrl2,0.76,2573,1,1,1,1,0,1,0
febrl2,0.76,135,1,1,1,1,0,1,0
febrl2,0.76,2259,1,1,1,1,0,1,0
febrl2,0.76,3128,1,1,1,1,0,1,0
febrl2,0.76,2578,1,1,1,1,0,1,0
febrl2,0.76,1172,3,1,3,1,0,1,0
febrl2,0.76,2021,1,1,1,1,0,1,0
febrl2,0.76,1307,1,1,1,1,0,1,0
febrl2,0.76,2648,1,1,1,1,0,1,0
febrl2,0.76,2761,1,1,2,1,1,2,1
febrl2,0.76,514,1,1,1,1,0,1,0
febrl2,0.76,798,1,1,1,1,0,1,0
febrl2,0.76,3544,1,1,1,1,0,1,0
febrl2,0.76,3949,4,2,4,2,0,2,0
febrl2,0.76,2032,1,1,1,1,0,1,0
febrl2,0.76,3660,1,1,1,1,0,1,0
febrl2,0.76,2208,1,1,1,1,0,1,0
febrl2,0.76,1619,1,1,1,1,0,1,0
febrl2,0.76,615,1,1,1,1,0,1,0
febrl2,0.76,2347,1,1,1,1,0,1,0
febrl2,0.76,2786,1,1,1,1,0,1,0
febrl2,0.76,1712,4,1,4,1,0,1,0
febrl2,0.76,3137,1,1,1,1,0,1,0
febrl2,0.76,2611,1,1,1,1,0,1,0
febrl2,0.76,1567,1,1,1,1,0,1,0
febrl2,0.76,2825,1,1,1,1,0,1,0
febrl2,0.76,1897,1,1,1,1,0,1,0
febrl2,0.76,886,1,1,1,1,0,1,0
febrl2,0.76,652,1,1,1,1,0,1,0
febrl2,0.76,62,3,1,3,1,0,1,0
febrl2,0.76,733,1,1,1,1,0,1,0
febrl2,0.76,2495,1,1,1,1,0,1,0
febrl2,0.76,3494,1,1,1,1,0,1,0
febrl2,0.76,1618,1,1,1,1,0,1,0
febrl2,0.76,684,1,1,1,1,0,1,0
febrl2,0.76,2072,1,1,1,1,0,1,0
febrl2,0.76,3787,1,1,1,1,0,1,0
febrl2,0.76,2952,1,1,1,1,0,1,0
febrl2,0.76,2112,1,1,1,1,0,1,0
febrl2,0.76,338,1,1,1,1,0,1,0
febrl2,0.76,879,1,1,1,1,0,1,0
febrl2,0.76,2427,3,1,3,1,0,1,0
febrl2,0.76,1463,1,1,1,1,0,1,0
febrl2,0.76,1816,1,1,1,1,0,1,0
febrl2,0.76,2048,1,1,1,1,0,1,0
febrl2,0.76,3442,1,1,1,1,0,1,0
febrl2,0.76,1608,1,1,1,1,0,1,0
febrl2,0.76,2132,1,1,1,1,0,1,0
febrl2,0.76,710,1,1,1,1,0,1,0
febrl2,0.76,1252,3,1,3,1,0,1,0
febrl2,0.76,3406,2,1,2,1,0,1,0
febrl2,0.76,1589,1,1,1,1,0,1,0
febrl2,0.76,1917,1,1,1,1,0,1,0
febrl2,0.76,1631,1,1,1,1,0,1,0
febrl2,0.76,140,1,1,1,1,0,1,0
febrl2,0.76,2384,3,1,3,1,0,1,0
febrl2,0.76,2815,4,1,4,1,0,1,0
febrl2,0.76,1491,1,1,1,1,0,1,0
febrl2,0.76,728,1,1,1,1,0,1,0
febrl2,0.76,2060,1,1,1,1,0,1,0
febrl2,0.76,873,1,1,1,1,0,1,0
febrl2,0.76,1501,1,1,1,1,0,1,0
febrl2,0.76,485,1,1,1,1,0,1,0
febrl2,0.76,1883,1,1,1,1,0,1,0
febrl2,0.76,2145,3,1,3,1,0,1,0
febrl2,0.76,1355,4,1,4,1,0,1,0
febrl2,0.76,3970,3,1,3,1,0,1,0
febrl2,0.76,1815,1,1,1,1,0,1,0
febrl2,0.76,3225,1,1,1,1,0,1,0
febrl2,0.76,2621,1,1,1,1,0,1,0
febrl2,0.76,1561,1,1,1,1,0,1,0
febrl2,0.76,3441,1,1,1,1,0,1,0
febrl2,0.76,166,1,1,1,1,0,1,0
febrl2,0.76,878,3,1,3,1,0,1,0
febrl2,0.76,1003,1,1,1,1,0,1,0
febrl2,0.76,3969,1,1,1,1,0,1,0
febrl2,0.76,51,1,1,1,1,0,1,0
febrl2,0.76,3917,1,1,1,1,0,1,0
febrl2,0.76,1025,1,1,1,1,0,1,0
febrl2,0.76,2365,1,1,1,1,0,1,0
febrl2,0.76,1835,1,1,1,1,0,1,0
febrl2,0.76,3331,1,1,1,1,0,1,0
febrl2,0.76,335,1,1,1,1,0,1,0
febrl2,0.76,3567,1,1,1,1,0,1,0
febrl2,0.76,1744,1,1,1,1,0,1,0
febrl2,0.76,1542,1,1,1,1,0,1,0
febrl2,0.76,2886,1,1,1,1,0,1,0
febrl2,0.76,287,3,1,3,1,0,1,0
febrl2,0.76,1606,1,1,1,1,0,1,0
febrl2,0.76,2966,1,1,1,1,0,1,0
febrl2,0.76,1799,1,1,1,1,0,1,0
febrl2,0.76,1683,1,1,1,1,0,1,0
febrl2,0.76,289,2,1,2,1,0,1,0
febrl2,0.76,3742,1,1,1,1,0,1,0
febrl2,0.76,2955,1,1,1,1,0,1,0
febrl2,0.76,3662,1,1,1,1,0,1,0
febrl2,0.76,2018,1,1,1,1,0,1,0
febrl2,0.76,3388,1,1,1,1,0,1,0
febrl2,0.76,2225,1,1,1,1,0,1,0
febrl2,0.76,3992,1,1,1,1,0,1,0
febrl2,0.76,811,1,1,1,1,0,1,0
febrl2,0.76,3819,1,1,1,1,0,1,0
febrl2,0.76,381,1,1,1,1,0,1,0
febrl2,0.76,3565,4,1,4,1,0,1,0
febrl2,0.76,2752,1,1,1,1,0,1,0
febrl2,0.76,962,1,1,1,1,0,1,0
febrl2,0.76,3050,1,1,1,1,0,1,0
febrl2,0.76,1982,1,1,1,1,0,1,0
febrl2,0.76,2056,1,1,1,1,0,1,0
febrl2,0.76,1931,1,1,1,1,0,1,0
febrl2,0.76,2138,1,1,1,1,0,1,0
febrl2,0.76,689,1,1,1,1,0,1,0
febrl2,0.76,1418,1,1,1,1,0,1,0
febrl2,0.76,3093,1,1,1,1,0,1,0
febrl2,0.76,1227,1,1,1,1,0,1,0
febrl2,0.76,156,1,1,1,1,0,1,0
febrl2,0.76,1914,1,1,1,1,0,1,0
febrl2,0.76,2969,1,1,1,1,0,1,0
febrl2,0.76,3212,1,1,1,1,0,1,0
febrl2,0.76,1806,1,1,1,1,0,1,0
febrl2,0.76,563,1,1,1,1,0,1,0
febrl2,0.76,2399,1,1,1,1,0,1,0
febrl2,0.76,3900,1,1,1,1,0,1,0
febrl2,0.76,2055,1,1,1,1,0,1,0
febrl2,0.76,2315,1,1,1,1,0,1,0
febrl2,0.76,3098,1,1,1,1,0,1,0
febrl2,0.76,2894,1,1,1,1,0,1,0
febrl2,0.76,2910,1,1,1,1,0,1,0
febrl2,0.76,278,1,1,1,1,0,1,0
febrl2,0.76,3559,1,1,1,1,0,1,0
febrl2,0.76,2782,1,1,1,1,0,1,0
febrl2,0.76,602,1,1,1,1,0,1,0
febrl2,0.76,3844,1,1,1,1,0,1,0
febrl2,0.76,2769,1,1,1,1,0,1,0
febrl2,0.76,8,1,1,1,1,0,1,0
febrl2,0.76,2544,5,1,5,1,0,1,0
febrl2,0.76,1395,1,1,1,1,0,1,0
febrl2,0.76,3338,1,1,1,1,0,1,0
febrl2,0.76,2988,1,1,1,1,0,1,0
febrl2,0.76,247,3,1,3,1,0,1,0
febrl2,0.76,2464,1,1,1,1,0,1,0
febrl2,0.76,464,1,1,1,1,0,1,0
febrl2,0.76,3625,1,1,1,1,0,1,0
febrl2,0.76,250,1,1,1,1,0,1,0
febrl2,0.76,16,1,1,1,1,0,1,0
febrl2,0.76,3953,1,1,1,1,0,1,0
febrl2,0.76,3283,1,1,1,1,0,1,0
febrl2,0.76,2478,1,1,1,1,0,1,0
febrl2,0.76,127,1,1,1,1,0,1,0
febrl2,0.76,2196,4,1,4,1,0,1,0
febrl2,0.76,975,1,1,1,1,0,1,0
febrl2,0.76,3849,1,1,1,1,0,1,0
febrl2,0.76,725,1,1,1,1,0,1,0
febrl2,0.76,2001,1,1,1,1,0,1,0
febrl2,0.76,554,1,1,1,1,0,1,0
febrl2,0.76,1716,1,1,1,1,0,1,0
febrl2,0.76,3780,1,1,1,1,0,1,0
febrl2,0.76,1116,1,1,1,1,0,1,0
febrl2,0.76,133,1,1,1,1,0,1,0
febrl2,0.76,159,1,1,1,1,0,1,0
febrl2,0.76,2144,1,1,1,1,0,1,0
febrl2,0.76,1677,4,1,4,1,0,1,0
febrl2,0.76,1352,1,1,1,1,0,1,0
febrl2,0.76,2167,1,1,1,1,0,1,0
febrl2,0.76,1185,1,1,1,1,0,1,0
febrl2,0.76,3145,1,1,1,1,0,1,0
febrl2,0.76,1503,1,1,1,1,0,1,0
febrl2,0.76,1792,1,1,1,1,0,1,0
febrl2,0.76,1717,1,1,1,1,0,1,0
febrl2,0.76,2068,1,1,1,1,0,1,0
febrl2,0.76,1837,1,1,1,1,0,1,0
febrl2,0.76,3915,1,1,1,1,0,1,0
febrl2,0.76,1672,2,2,2,2,0,2,0
febrl2,0.76,3127,1,1,1,1,0,1,0
febrl2,0.76,3893,1,1,1,1,0,1,0
febrl2,0.76,3293,1,1,1,1,0,1,0
febrl2,0.76,2534,1,1,1,1,0,1,0
febrl2,0.76,2749,1,1,1,1,0,1,0
febrl2,0.76,3431,1,1,1,1,0,1,0
febrl2,0.76,333,1,1,1,1,0,1,0
febrl2,0.76,2158,1,1,1,1,0,1,0
febrl2,0.76,3357,1,1,1,1,0,1,0
febrl2,0.76,462,1,1,1,1,0,1,0
febrl2,0.76,857,1,1,1,1,0,1,0
febrl2,0.76,458,1,1,1,1,0,1,0
febrl2,0.76,2033,1,1,1,1,0,1,0
febrl2,0.76,3356,1,1,1,1,0,1,0
febrl2,0.76,448,1,1,1,1,0,1,0
febrl2,0.76,2649,1,1,1,1,0,1,0
febrl2,0.76,1745,3,1,3,1,0,1,0
febrl2,0.76,2704,1,1,1,1,0,1,0
febrl2,0.76,1884,1,1,1,1,0,1,0
febrl2,0.76,1826,1,1,1,1,0,1,0
febrl2,0.76,1681,1,1,1,1,0,1,0
febrl2,0.76,2781,1,1,1,1,0,1,0
febrl2,0.76,3802,1,1,1,1,0,1,0
febrl2,0.76,3821,1,1,1,1,0,1,0
febrl2,0.76,3017,1,1,1,1,0,1,0
febrl2,0.76,1510,2,1,2,1,0,1,0
febrl2,0.76,2984,1,1,1,1,0,1,0
febrl2,0.76,1093,1,1,1,1,0,1,0
febrl2,0.76,2629,1,1,1,1,0,1,0
febrl2,0.76,3073,3,1,3,1,0,1,0
febrl2,0.76,1270,1,1,1,1,0,1,0
febrl2,0.76,3600,2,1,2,1,0,1,0
febrl2,0.76,3936,1,1,1,1,0,1,0
febrl2,0.76,2599,1,1,1,1,0,1,0
febrl2,0.76,1943,4,1,4,1,0,1,0
febrl2,0.76,3589,1,1,1,1,0,1,0
febrl2,0.76,441,1,1,1,1,0,1,0
febrl2,0.76,2787,1,1,1,1,0,1,0
febrl2,0.76,3942,1,1,1,1,0,1,0
febrl2,0.76,424,1,1,1,1,0,1,0
febrl2,0.76,3224,1,1,1,1,0,1,0
febrl2,0.76,57,1,1,1,1,0,1,0
febrl2,0.76,434,1,1,1,1,0,1,0
febrl2,0.76,3449,1,1,1,1,0,1,0
febrl2,0.76,433,1,1,1,1,0,1,0
febrl2,0.76,3053,1,1,1,1,0,1,0
febrl2,0.76,662,1,1,1,1,0,1,0
febrl2,0.76,2237,1,1,1,1,0,1,0
febrl2,0.76,1325,1,1,1,1,0,1,0
febrl2,0.76,2104,1,1,1,1,0,1,0
febrl2,0.76,104,1,1,1,1,0,1,0
febrl2,0.76,1634,1,1,1,1,0,1,0
febrl2,0.76,3422,1,1,1,1,0,1,0
febrl2,0.76,3465,1,1,1,1,0,1,0
febrl2,0.76,2876,1,1,1,1,0,1,0
febrl2,0.76,1055,1,1,1,1,0,1,0
febrl2,0.76,2858,1,1,1,1,0,1,0
febrl2,0.76,160,1,1,1,1,0,1,0
febrl2,0.76,2555,1,1,1,1,0,1,0
febrl2,0.76,2180,1,1,1,1,0,1,0
febrl2,0.76,2951,1,1,1,1,0,1,0
febrl2,0.76,1128,1,1,1,1,0,1,0
febrl2,0.76,3576,1,1,1,1,0,1,0
febrl2,0.76,3908,1,1,1,1,0,1,0
febrl2,0.76,3620,1,1,1,1,0,1,0
febrl2,0.76,2879,3,1,3,1,0,1,0
febrl2,0.76,1358,1,1,1,1,0,1,0
febrl2,0.76,2662,1,1,1,1,0,1,0
febrl2,0.76,2596,1,1,1,1,0,1,0
febrl2,0.76,397,1,1,1,1,0,1,0
febrl2,0.76,1528,3,1,3,1,0,1,0
febrl2,0.76,3987,1,1,1,1,0,1,0
febrl2,0.76,3364,1,1,1,1,0,1,0
febrl2,0.76,525,1,1,2,1,1,2,1
febrl2,0.76,1410,1,1,1,1,0,1,0
febrl2,0.76,808,1,1,1,1,0,1,0
febrl2,0.76,1293,1,1,1,1,0,1,0
febrl2,0.76,564,1,1,1,1,0,1,0
febrl2,0.76,2061,1,1,1,1,0,1,0
febrl2,0.76,2542,1,1,1,1,0,1,0
febrl2,0.76,431,4,1,4,1,0,1,0
febrl2,0.76,1124,1,1,1,1,0,1,0
febrl2,0.76,2813,1,1,1,1,0,1,0
febrl2,0.76,3568,1,1,1,1,0,1,0
febrl2,0.76,3761,2,1,2,1,0,1,0
febrl2,0.76,2139,1,1,1,1,0,1,0
febrl2,0.76,1791,1,1,1,1,0,1,0
febrl2,0.76,2103,1,1,1,1,0,1,0
febrl2,0.76,1052,5,1,5,1,0,1,0
febrl2,0.76,595,1,1,1,1,0,1,0
febrl2,0.76,3485,1,1,1,1,0,1,0
febrl2,0.76,945,1,1,1,1,0,1,0
febrl2,0.76,2491,1,1,1,1,0,1,0
febrl2,0.76,1486,1,1,1,1,0,1,0
febrl2,0.76,1494,1,1,1,1,0,1,0
febrl2,0.76,1426,1,1,1,1,0,1,0
febrl2,0.76,3369,1,1,1,1,0,1,0
febrl2,0.76,2857,1,1,1,1,0,1,0
febrl2,0.76,2090,1,1,1,1,0,1,0
febrl2,0.76,579,1,1,1,1,0,1,0
febrl2,0.76,2025,1,1,1,1,0,1,0
febrl2,0.76,3615,1,1,1,1,0,1,0
febrl2,0.76,1540,1,1,1,1,0,1,0
febrl2,0.76,2736,1,1,1,1,0,1,0
febrl2,0.76,2663,1,1,1,1,0,1,0
febrl2,0.76,1550,1,1,1,1,0,1,0
febrl2,0.76,3483,1,1,1,1,0,1,0
febrl2,0.76,2035,1,1,1,1,0,1,0
febrl2,0.76,2135,3,1,3,1,0,1,0
febrl2,0.76,2747,1,1,1,1,0,1,0
febrl2,0.76,41,1,1,1,1,0,1,0
febrl2,0.76,422,1,1,1,1,0,1,0
febrl2,0.76,511,1,1,1,1,0,1,0
febrl2,0.76,1626,1,1,1,1,0,1,0
febrl2,0.76,302,1,1,1,1,0,1,0
febrl2,0.76,2036,1,1,1,1,0,1,0
febrl2,0.76,2059,1,1,1,1,0,1,0
febrl2,0.76,883,1,1,1,1,0,1,0
febrl2,0.76,2311,1,1,1,1,0,1,0
febrl2,0.76,1279,1,1,1,1,0,1,0
febrl2,0.76,323,1,1,1,1,0,1,0
febrl2,0.76,2843,1,1,1,1,0,1,0
febrl2,0.76,957,1,1,1,1,0,1,0
febrl2,0.76,2851,1,1,1,1,0,1,0
febrl2,0.76,3255,1,1,1,1,0,1,0
febrl2,0.76,1060,1,1,1,1,0,1,0
febrl2,0.76,3353,1,1,1,1,0,1,0
febrl2,0.76,186,1,1,1,1,0,1,0
febrl2,0.76,3566,3,1,3,1,0,1,0
febrl2,0.76,3864,1,1,1,1,0,1,0
febrl2,0.76,3948,1,1,1,1,0,1,0
febrl2,0.76,3381,1,1,1,1,0,1,0
febrl2,0.76,64,1,1,1,1,0,1,0
febrl2,0.76,480,1,1,1,1,0,1,0
febrl2,0.76,1273,1,1,1,1,0,1,0
febrl2,0.76,1195,1,1,1,1,0,1,0
febrl2,0.76,3175,1,1,1,1,0,1,0
febrl2,0.76,2548,1,1,1,1,0,1,0
febrl2,0.76,2302,1,1,1,1,0,1,0
febrl2,0.76,3129,1,1,1,1,0,1,0
febrl2,0.76,1543,3,1,3,1,0,1,0
febrl2,0.76,2758,1,1,1,1,0,1,0
febrl2,0.76,1573,1,1,1,1,0,1,0
febrl2,0.76,2141,1,1,1,1,0,1,0
febrl2,0.76,3515,1,1,1,1,0,1,0
febrl2,0.76,2575,1,1,1,1,0,1,0
febrl2,0.76,1102,1,1,1,1,0,1,0
febrl2,0.76,3086,3,1,3,1,0,1,0
febrl2,0.76,2744,3,1,3,1,0,1,0
febrl2,0.76,1030,1,1,1,1,0,1,0
febrl2,0.76,2757,1,1,1,1,0,1,0
febrl2,0.76,1144,1,1,1,1,0,1,0
febrl2,0.76,344,1,1,1,1,0,1,0
febrl2,0.76,3681,1,1,1,1,0,1,0
febrl2,0.76,1730,1,1,1,1,0,1,0
febrl2,0.76,17,1,1,1,1,0,1,0
febrl2,0.76,1362,1,1,1,1,0,1,0
febrl2,0.76,198,1,1,1,1,0,1,0
febrl2,0.76,2545,3,1,3,1,0,1,0
febrl2,0.76,1735,1,1,1,1,0,1,0
febrl2,0.76,3797,1,1,1,1,0,1,0
febrl2,0.76,3484,1,1,1,1,0,1,0
febrl2,0.76,3361,1,1,1,1,0,1,0
febrl2,0.76,3229,1,1,1,1,0,1,0
febrl2,0.76,2389,1,1,1,1,0,1,0
febrl2,0.76,1461,1,1,1,1,0,1,0
febrl2,0.76,845,1,1,1,1,0,1,0
febrl2,0.76,3543,1,1,1,1,0,1,0
febrl2,0.76,2948,1,1,1,1,0,1,0
febrl2,0.76,1768,1,1,1,1,0,1,0
febrl2,0.76,1920,1,1,1,1,0,1,0
febrl2,0.76,2553,1,1,1,1,0,1,0
febrl2,0.76,3649,1,1,1,1,0,1,0
febrl2,0.76,834,1,1,1,1,0,1,0
febrl2,0.76,2455,1,1,1,1,0,1,0
febrl2,0.76,1866,2,1,2,1,0,1,0
febrl2,0.76,32,1,1,1,1,0,1,0
febrl2,0.76,501,1,1,1,1,0,1,0
febrl2,0.76,2501,1,1,1,1,0,1,0
febrl2,0.76,164,1,1,1,1,0,1,0
febrl2,0.76,2184,1,1,1,1,0,1,0
febrl2,0.76,2901,1,1,1,1,0,1,0
febrl2,0.76,123,1,1,1,1,0,1,0
febrl2,0.76,1340,1,1,1,1,0,1,0
febrl2,0.76,2437,1,1,1,1,0,1,0
febrl2,0.76,1974,1,1,1,1,0,1,0
febrl2,0.76,1594,2,1,2,1,0,1,0
febrl2,0.76,1993,1,1,1,1,0,1,0
febrl2,0.76,2130,2,1,2,1,0,1,0
febrl2,0.76,600,1,1,1,1,0,1,0
febrl2,0.76,38,1,1,1,1,0,1,0
febrl2,0.76,947,1,1,1,1,0,1,0
febrl2,0.76,2250,1,1,1,1,0,1,0
febrl2,0.76,3765,3,1,3,1,0,1,0
febrl2,0.76,3854,1,1,1,1,0,1,0
febrl2,0.76,3678,1,1,1,1,0,1,0
febrl2,0.76,731,1,1,1,1,0,1,0
febrl2,0.76,1578,1,1,1,1,0,1,0
febrl2,0.76,3374,1,1,1,1,0,1,0
febrl2,0.76,3873,1,1,1,1,0,1,0
febrl2,0.76,1975,1,1,1,1,0,1,0
febrl2,0.76,1020,1,1,1,1,0,1,0
febrl2,0.76,1666,1,1,1,1,0,1,0
febrl2,0.76,1885,4,1,4,1,0,1,0
febrl2,0.76,1650,1,1,1,1,0,1,0
febrl2,0.76,496,1,1,1,1,0,1,0
febrl2,0.76,1431,1,1,1,1,0,1,0
febrl2,0.76,3498,1,1,1,1,0,1,0
febrl2,0.76,470,3,1,3,1,0,1,0
febrl2,0.76,2296,1,1,1,1,0,1,0
febrl2,0.76,1368,1,1,1,1,0,1,0
febrl2,0.76,2616,1,1,1,1,0,1,0
febrl2,0.76,2790,1,1,1,1,0,1,0
febrl2,0.76,3426,1,1,1,1,0,1,0
febrl2,0.76,2178,1,1,1,1,0,1,0
febrl2,0.76,3688,1,1,1,1,0,1,0
febrl2,0.76,267,1,1,1,1,0,1,0
febrl2,0.76,459,1,1,1,1,0,1,0
febrl2,0.76,2429,1,1,1,1,0,1,0
febrl2,0.76,3976,6,1,6,1,0,1,0
febrl2,0.76,2977,1,1,1,1,0,1,0
febrl2,0.76,1597,1,1,1,1,0,1,0
febrl2,0.76,147,1,1,1,1,0,1,0
febrl2,0.76,3478,1,1,1,1,0,1,0
febrl2,0.76,742,1,1,1,1,0,1,0
febrl2,0.76,842,3,1,3,1,0,1,0
febrl2,0.76,253,1,1,1,1,0,1,0
febrl2,0.76,3445,1,1,1,1,0,1,0
febrl2,0.76,73,1,1,1,1,0,1,0
febrl2,0.76,2140,1,1,1,1,0,1,0
febrl2,0.76,882,1,1,1,1,0,1,0
febrl2,0.76,2377,1,1,1,1,0,1,0
febrl2,0.76,2278,1,1,1,1,0,1,0
febrl2,0.76,3786,1,1,1,1,0,1,0
febrl2,0.76,2457,1,1,1,1,0,1,0
febrl2,0.76,3824,1,1,1,1,0,1,0
febrl2,0.76,3760,1,1,1,1,0,1,0
febrl2,0.76,26,1,1,1,1,0,1,0
febrl2,0.76,1605,1,1,1,1,0,1,0
febrl2,0.76,336,1,1,1,1,0,1,0
febrl2,0.76,3282,1,1,1,1,0,1,0
febrl2,0.76,566,1,1,1,1,0,1,0
febrl2,0.76,3100,1,1,1,1,0,1,0
febrl2,0.76,3828,1,1,1,1,0,1,0
febrl2,0.76,2309,1,1,2,1,1,2,1
febrl2,0.76,1434,1,1,1,1,0,1,0
febrl2,0.76,3026,1,1,1,1,0,1,0
febrl2,0.76,3275,1,1,1,1,0,1,0
febrl2,0.76,1272,1,1,1,1,0,1,0
febrl2,0.76,598,1,1,1,1,0,1,0
febrl2,0.76,2363,1,1,1,1,0,1,0
febrl2,0.76,3065,1,1,1,1,0,1,0
febrl2,0.76,1370,1,1,1,1,0,1,0
febrl2,0.76,1743,1,1,1,1,0,1,0
febrl2,0.76,1847,1,1,1,1,0,1,0
febrl2,0.76,3281,1,1,1,1,0,1,0
febrl2,0.76,3845,1,1,1,1,0,1,0
febrl2,0.76,2801,1,1,1,1,0,1,0
febrl2,0.76,420,1,1,1,1,0,1,0
febrl2,0.76,2083,1,1,1,1,0,1,0
febrl2,0.76,3933,1,1,1,1,0,1,0
febrl2,0.76,1083,1,1,1,1,0,1,0
febrl2,0.76,1535,1,1,1,1,0,1,0
febrl2,0.76,1904,1,1,1,1,0,1,0
febrl2,0.76,1066,1,1,1,1,0,1,0
febrl2,0.76,1311,1,1,1,1,0,1,0
febrl2,0.76,2859,1,1,1,1,0,1,0
febrl2,0.76,3938,1,1,1,1,0,1,0
febrl2,0.76,357,1,1,1,1,0,1,0
febrl2,0.76,2793,3,1,3,1,0,1,0
febrl2,0.76,2967,1,1,1,1,0,1,0
febrl2,0.76,785,1,1,1,1,0,1,0
febrl2,0.76,3519,1,1,1,1,0,1,0
febrl2,0.76,1637,1,1,1,1,0,1,0
febrl2,0.76,171,1,1,1,1,0,1,0
febrl2,0.76,3848,1,1,1,1,0,1,0
febrl2,0.76,2804,1,1,1,1,0,1,0
febrl2,0.76,15,3,1,3,1,0,1,0
febrl2,0.76,3865,1,1,1,1,0,1,0
febrl2,0.76,2281,1,1,1,1,0,1,0
febrl2,0.76,2981,1,1,1,1,0,1,0
febrl2,0.76,1984,1,1,1,1,0,1,0
febrl2,0.76,2999,1,1,1,1,0,1,0
febrl2,0.76,3982,1,1,1,1,0,1,0
febrl2,0.76,1324,1,1,1,1,0,1,0
febrl2,0.76,1691,1,1,1,1,0,1,0
febrl2,0.76,1220,1,1,1,1,0,1,0
febrl2,0.76,3747,1,1,1,1,0,1,0
febrl2,0.76,2122,4,1,4,1,0,1,0
febrl2,0.76,3390,1,1,1,1,0,1,0
febrl2,0.76,199,1,1,1,1,0,1,0
febrl2,0.76,1824,1,1,1,1,0,1,0
febrl2,0.76,1148,1,1,1,1,0,1,0
febrl2,0.76,3545,1,1,1,1,0,1,0
febrl2,0.76,2887,1,1,1,1,0,1,0
febrl2,0.76,1694,1,1,1,1,0,1,0
febrl2,0.76,2885,1,1,1,1,0,1,0
febrl2,0.76,2430,1,1,1,1,0,1,0
febrl2,0.76,1514,1,1,1,1,0,1,0
febrl2,0.76,3158,1,1,1,1,0,1,0
febrl2,0.76,3270,1,1,1,1,0,1,0
febrl2,0.76,27,1,1,1,1,0,1,0
febrl2,0.76,1098,1,1,1,1,0,1,0
febrl2,0.76,1229,1,1,1,1,0,1,0
febrl2,0.76,1330,1,1,1,1,0,1,0
febrl2,0.76,741,1,1,1,1,0,1,0
febrl2,0.76,2696,1,1,1,1,0,1,0
febrl2,0.76,3537,1,1,1,1,0,1,0
febrl2,0.76,217,1,1,1,1,0,1,0
febrl2,0.76,3748,3,1,4,1,1,2,1
febrl2,0.76,1417,1,1,1,1,0,1,0
febrl2,0.76,2440,2,1,2,1,0,1,0
febrl2,0.76,691,1,1,1,1,0,1,0
febrl2,0.76,2340,1,1,1,1,0,1,0
febrl2,0.76,2810,3,1,3,1,0,1,0
febrl2,0.76,3354,1,1,1,1,0,1,0
febrl2,0.76,1586,2,1,2,1,0,1,0
febrl2,0.76,1892,1,1,1,1,0,1,0
febrl2,0.76,3384,1,1,1,1,0,1,0
febrl2,0.76,1468,1,1,1,1,0,1,0
febrl2,0.76,2982,1,1,1,1,0,1,0
febrl2,0.76,1909,1,1,1,1,0,1,0
febrl2,0.76,2329,1,1,1,1,0,1,0
febrl2,0.76,3666,1,1,1,1,0,1,0
febrl2,0.76,3366,1,1,1,1,0,1,0
febrl2,0.76,727,1,1,1,1,0,1,0
febrl2,0.76,1470,1,1,1,1,0,1,0
febrl2,0.76,145,1,1,1,1,0,1,0
febrl2,0.76,1935,1,1,1,1,0,1,0
febrl2,0.76,3856,1,1,1,1,0,1,0
febrl2,0.76,1659,1,1,1,1,0,1,0
febrl2,0.76,599,3,1,3,1,0,1,0
febrl2,0.76,944,1,1,1,1,0,1,0
febrl2,0.76,1766,1,1,1,1,0,1,0
febrl2,0.76,1254,1,1,1,1,0,1,0
febrl2,0.76,2517,1,1,1,1,0,1,0
febrl2,0.76,1058,1,1,1,1,0,1,0
febrl2,0.76,3189,1,1,1,1,0,1,0
febrl2,0.76,2719,1,1,1,1,0,1,0
febrl2,0.76,2539,1,1,1,1,0,1,0
febrl2,0.76,1987,1,1,1,1,0,1,0
febrl2,0.76,1466,1,1,1,1,0,1,0
febrl2,0.76,3076,1,1,1,1,0,1,0
febrl2,0.76,1647,1,1,1,1,0,1,0
febrl2,0.76,1560,1,1,1,1,0,1,0
febrl2,0.76,3721,4,1,4,1,0,1,0
febrl2,0.76,3831,1,1,1,1,0,1,0
febrl2,0.76,3687,1,1,1,1,0,1,0
febrl2,0.76,24,1,1,1,1,0,1,0
febrl2,0.76,1465,1,1,1,1,0,1,0
febrl2,0.76,3636,1,1,1,1,0,1,0
febrl2,0.76,2449,1,1,1,1,0,1,0
febrl2,0.76,659,1,1,1,1,0,1,0
febrl2,0.76,1588,1,1,1,1,0,1,0
febrl2,0.76,1668,1,1,1,1,0,1,0
febrl2,0.76,2088,1,1,1,1,0,1,0
febrl2,0.76,2120,1,1,1,1,0,1,0
febrl2,0.76,2358,1,1,1,1,0,1,0
febrl2,0.76,1534,1,1,1,1,0,1,0
febrl2,0.76,1936,1,1,1,1,0,1,0
febrl2,0.76,1450,1,1,1,1,0,1,0
febrl2,0.76,1916,1,1,1,1,0,1,0
febrl2,0.76,666,1,1,1,1,0,1,0
febrl2,0.76,2976,1,1,1,1,0,1,0
febrl2,0.76,3561,2,1,2,1,0,1,0
febrl2,0.76,2331,1,1,1,1,0,1,0
febrl2,0.76,191,1,1,1,1,0,1,0
febrl2,0.76,586,1,1,1,1,0,1,0
febrl2,0.76,2042,1,1,1,1,0,1,0
febrl2,0.76,2940,1,1,1,1,0,1,0
febrl2,0.76,3842,1,1,1,1,0,1,0
febrl2,0.76,414,1,1,1,1,0,1,0
febrl2,0.76,3044,1,1,1,1,0,1,0
febrl2,0.76,2216,1,1,1,1,0,1,0
febrl2,0.76,1187,1,1,1,1,0,1,0
febrl2,0.76,918,1,1,1,1,0,1,0
febrl2,0.76,3109,2,1,2,1,0,1,0
febrl2,0.76,2556,1,1,1,1,0,1,0
febrl2,0.76,10,1,1,1,1,0,1,0
febrl2,0.76,3228,4,2,4,2,0,2,0
febrl2,0.76,2821,1,1,1,1,0,1,0
febrl2,0.76,3435,1,1,1,1,0,1,0
febrl2,0.76,1086,1,1,1,1,0,1,0
febrl2,0.76,657,1,1,1,1,0,1,0
febrl2,0.76,281,1,1,1,1,0,1,0
febrl2,0.76,770,1,1,1,1,0,1,0
febrl2,0.76,1632,1,1,1,1,0,1,0
febrl2,0.76,799,1,1,1,1,0,1,0
febrl2,0.76,3546,1,1,1,1,0,1,0
febrl2,0.76,2725,1,1,1,1,0,1,0
febrl2,0.76,3303,1,1,1,1,0,1,0
febrl2,0.76,3968,3,1,3,1,0,1,0
febrl2,0.76,2156,1,1,1,1,0,1,0
febrl2,0.76,622,1,1,1,1,0,1,0
febrl2,0.76,583,1,1,1,1,0,1,0
febrl2,0.76,1406,1,1,1,1,0,1,0
febrl2,0.76,3247,2,1,2,1,0,1,0
febrl2,0.76,463,1,1,1,1,0,1,0
febrl2,0.76,1669,1,1,1,1,0,1,0
febrl2,0.76,2190,1,1,1,1,0,1,0
febrl2,0.76,3408,1,1,1,1,0,1,0
febrl2,0.76,2474,1,1,1,1,0,1,0
febrl2,0.76,3363,2,1,2,1,0,1,0
febrl2,0.76,3159,1,1,1,1,0,1,0
febrl2,0.76,2805,1,1,1,1,0,1,0
febrl2,0.76,3365,1,1,1,1,0,1,0
febrl2,0.76,1522,1,1,1,1,0,1,0
febrl2,0.76,823,4,1,4,1,0,1,0
febrl2,0.76,2760,1,1,1,1,0,1,0
febrl2,0.76,967,1,1,1,1,0,1,0
febrl2,0.76,636,1,1,1,1,0,1,0
febrl2,0.76,531,1,1,1,1,0,1,0
febrl2,0.76,3062,1,1,1,1,0,1,0
febrl2,0.76,2921,1,1,1,1,0,1,0
febrl2,0.76,2994,1,1,1,1,0,1,0
febrl2,0.76,789,3,1,3,1,0,1,0
febrl2,0.76,3728,1,1,1,1,0,1,0
febrl2,0.76,772,1,1,1,1,0,1,0
febrl2,0.76,103,1,1,1,1,0,1,0
febrl2,0.76,907,1,1,1,1,0,1,0
febrl2,0.76,2307,1,1,1,1,0,1,0
febrl2,0.76,3945,1,1,1,1,0,1,0
febrl2,0.76,2239,1,1,1,1,0,1,0
febrl2,0.76,2827,1,1,1,1,0,1,0
febrl2,0.76,821,1,1,1,1,0,1,0
febrl2,0.76,3489,1,1,1,1,0,1,0
febrl2,0.76,3376,1,1,1,1,0,1,0
febrl2,0.76,2529,1,1,1,1,0,1,0
febrl2,0.76,390,1,1,1,1,0,1,0
febrl2,0.76,1760,1,1,1,1,0,1,0
febrl2,0.76,1733,1,1,1,1,0,1,0
febrl2,0.76,3722,1,1,1,1,0,1,0
febrl2,0.76,1379,1,1,1,1,0,1,0
febrl2,0.76,2935,2,1,2,1,0,1,0
febrl2,0.76,3553,1,1,1,1,0,1,0
febrl2,0.76,2480,1,1,1,1,0,1,0
febrl2,0.76,77,1,1,1,1,0,1,0
febrl2,0.76,2598,3,1,3,1,0,1,0
febrl2,0.76,2711,1,1,1,1,0,1,0
febrl2,0.76,757,1,1,1,1,0,1,0
febrl2,0.76,2164,1,1,1,1,0,1,0
febrl2,0.76,3505,1,1,1,1,0,1,0
febrl2,0.76,37,1,1,1,1,0,1,0
febrl2,0.76,3759,1,1,1,1,0,1,0
febrl2,0.76,3197,2,1,2,1,0,1,0
febrl2,0.76,446,1,1,1,1,0,1,0
febrl2,0.76,2498,1,1,1,1,0,1,0
febrl2,0.76,516,1,1,1,1,0,1,0
febrl2,0.76,551,1,1,1,1,0,1,0
febrl2,0.76,1708,1,1,1,1,0,1,0
febrl2,0.76,3692,1,1,1,1,0,1,0
febrl2,0.76,3130,1,1,1,1,0,1,0
febrl2,0.76,3616,1,1,1,1,0,1,0
febrl2,0.76,978,1,1,1,1,0,1,0
febrl2,0.76,3777,1,1,1,1,0,1,0
febrl2,0.76,2290,1,1,1,1,0,1,0
febrl2,0.76,1159,1,1,1,1,0,1,0
febrl2,0.76,2528,1,1,1,1,0,1,0
febrl2,0.76,1120,1,1,1,1,0,1,0
febrl2,0.76,875,1,1,1,1,0,1,0
febrl2,0.76,735,1,1,1,1,0,1,0
febrl2,0.76,1951,1,1,1,1,0,1,0
febrl2,0.76,69,4,1,4,1,0,1,0
febrl2,0.76,2113,1,1,1,1,0,1,0
febrl2,0.76,1186,1,1,1,1,0,1,0
febrl2,0.76,1018,1,1,1,1,0,1,0
febrl2,0.76,3177,1,1,1,1,0,1,0
febrl2,0.76,271,1,1,1,1,0,1,0
febrl2,0.76,3599,1,1,1,1,0,1,0
febrl2,0.76,1807,1,1,1,1,0,1,0
febrl2,0.76,2580,1,1,1,1,0,1,0
febrl2,0.76,1720,1,1,1,1,0,1,0
febrl2,0.76,1300,1,1,1,1,0,1,0
febrl2,0.76,1038,1,1,1,1,0,1,0
febrl2,0.76,1742,1,1,1,1,0,1,0
febrl2,0.76,2816,1,1,1,1,0,1,0
febrl2,0.76,1407,1,1,1,1,0,1,0
febrl2,0.76,748,3,1,4,1,1,2,1
febrl2,0.76,3245,1,1,1,1,0,1,0
febrl2,0.76,3815,1,1,1,1,0,1,0
febrl2,0.76,1342,1,1,1,1,0,1,0
febrl2,0.76,713,1,1,1,1,0,1,0
febrl2,0.76,743,1,1,1,1,0,1,0
febrl2,0.76,3679,1,1,1,1,0,1,0
febrl2,0.76,476,1,1,1,1,0,1,0
febrl2,0.76,1945,3,1,3,1,0,1,0
febrl2,0.76,3181,2,1,2,1,0,1,0
febrl2,0.76,3334,1,1,1,1,0,1,0
febrl2,0.76,3453,1,1,1,1,0,1,0
febrl2,0.76,1872,1,1,1,1,0,1,0
febrl2,0.76,3601,1,1,1,1,0,1,0
febrl2,0.76,1992,1,1,1,1,0,1,0
febrl2,0.76,1122,1,1,1,1,0,1,0
febrl2,0.76,3939,4,1,4,1,0,1,0
febrl2,0.76,645,1,1,1,1,0,1,0
febrl2,0.76,2360,1,1,1,1,0,1,0
febrl2,0.76,3201,1,1,1,1,0,1,0
febrl2,0.76,1996,1,1,1,1,0,1,0
febrl2,0.76,3749,2,1,2,1,0,1,0
febrl2,0.76,871,1,1,1,1,0,1,0
febrl2,0.76,999,1,1,1,1,0,1,0
febrl2,0.76,14,1,1,1,1,0,1,0
febrl2,0.76,3575,1,1,1,1,0,1,0
febrl2,0.76,2277,1,1,1,1,0,1,0
febrl2,0.76,2173,1,1,1,1,0,1,0
febrl2,0.76,3605,1,1,1,1,0,1,0
febrl2,0.76,2071,1,1,1,1,0,1,0
febrl2,0.76,1685,3,1,3,1,0,1,0
febrl2,0.76,1986,1,1,2,1,1,2,1
febrl2,0.76,692,1,1,1,1,0,1,0
febrl2,0.76,1667,1,1,1,1,0,1,0
febrl2,0.76,3448,1,1,1,1,0,1,0
febrl2,0.76,3996,4,1,4,1,0,1,0
febrl2,0.76,1979,1,1,1,1,0,1,0
febrl2,0.76,317,1,1,1,1,0,1,0
febrl2,0.76,2996,1,1,1,1,0,1,0
febrl2,0.76,556,1,1,1,1,0,1,0
febrl2,0.76,1710,1,1,1,1,0,1,0
febrl2,0.76,1125,1,1,1,1,0,1,0
febrl2,0.76,1063,1,1,1,1,0,1,0
febrl2,0.76,1401,1,1,1,1,0,1,0
febrl2,0.76,2671,1,1,1,1,0,1,0
febrl2,0.76,3526,2,1,2,1,0,1,0
febrl2,0.76,1399,2,1,2,1,0,1,0
febrl2,0.76,2751,1,1,1,1,0,1,0
febrl2,0.76,1726,1,1,1,1,0,1,0
febrl2,0.76,571,1,1,1,1,0,1,0
febrl2,0.76,3000,2,1,2,1,0,1,0
febrl2,0.76,3009,1,1,1,1,0,1,0
febrl2,0.76,925,1,1,1,1,0,1,0
febrl2,0.76,3178,2,1,2,1,0,1,0
febrl2,0.76,1823,1,1,1,1,0,1,0
febrl2,0.76,638,1,1,1,1,0,1,0
febrl2,0.76,744,1,1,1,1,0,1,0
febrl2,0.76,3664,1,1,1,1,0,1,0
febrl2,0.76,355,1,1,1,1,0,1,0
febrl2,0.76,992,1,1,1,1,0,1,0
febrl2,0.76,1545,1,1,1,1,0,1,0
febrl2,0.76,767,2,1,2,1,0,1,0
febrl2,0.76,305,1,1,1,1,0,1,0
febrl2,0.76,2619,1,1,1,1,0,1,0
febrl2,0.76,374,1,1,1,1,0,1,0
febrl2,0.76,2349,1,1,1,1,0,1,0
febrl2,0.76,251,1,1,1,1,0,1,0
febrl2,0.76,2855,1,1,1,1,0,1,0
febrl2,0.76,2832,1,1,1,1,0,1,0
febrl2,0.76,2444,1,1,1,1,0,1,0
febrl2,0.76,943,1,1,1,1,0,1,0
febrl2,0.76,1070,1,1,1,1,0,1,0
febrl2,0.76,2388,1,1,1,1,0,1,0
febrl2,0.76,3300,1,1,1,1,0,1,0
febrl2,0.76,2026,1,1,1,1,0,1,0
febrl2,0.76,1132,2,1,2,1,0,1,0
febrl2,0.76,2089,1,1,1,1,0,1,0
febrl2,0.76,663,1,1,1,1,0,1,0
febrl2,0.76,2904,1,1,1,1,0,1,0
febrl2,0.76,3727,2,1,2,1,0,1,0
febrl2,0.76,3382,1,1,1,1,0,1,0
febrl2,0.76,3400,3,1,3,1,0,1,0
febrl2,0.76,1617,1,1,1,1,0,1,0
febrl2,0.76,2652,1,1,1,1,0,1,0
febrl2,0.76,803,1,1,1,1,0,1,0
febrl2,0.76,378,1,1,1,1,0,1,0
febrl2,0.76,1580,1,1,1,1,0,1,0
febrl2,0.76,950,1,1,1,1,0,1,0
febrl2,0.76,1400,1,1,1,1,0,1,0
febrl2,0.76,1804,1,1,1,1,0,1,0
febrl2,0.76,1284,1,1,1,1,0,1,0
febrl2,0.76,1869,1,1,1,1,0,1,0
febrl2,0.76,3028,1,1,1,1,0,1,0
febrl2,0.76,2979,1,1,1,1,0,1,0
febrl2,0.76,188,1,1,1,1,0,1,0
febrl2,0.76,273,1,1,1,1,0,1,0
febrl2,0.76,3258,1,1,1,1,0,1,0
febrl2,0.76,3991,1,1,1,1,0,1,0
febrl2,0.76,3034,1,1,1,1,0,1,0
febrl2,0.76,1832,1,1,1,1,0,1,0
febrl2,0.76,777,1,1,1,1,0,1,0
febrl2,0.76,403,1,1,1,1,0,1,0
febrl2,0.76,3155,1,1,1,1,0,1,0
febrl2,0.76,2121,1,1,1,1,0,1,0
febrl2,0.76,2931,3,1,3,1,0,1,0
febrl2,0.76,3486,1,1,1,1,0,1,0
febrl2,0.76,1095,1,1,2,1,1,2,1
febrl2,0.76,720,1,1,1,1,0,1,0
febrl2,0.76,3227,1,1,1,1,0,1,0
febrl2,0.76,3624,1,1,1,1,0,1,0
febrl2,0.76,3467,1,1,1,1,0,1,0
febrl2,0.76,697,1,1,1,1,0,1,0
febrl2,0.76,94,2,1,2,1,0,1,0
febrl2,0.76,2958,1,1,1,1,0,1,0
febrl2,0.76,348,1,1,1,1,0,1,0
febrl2,0.76,2650,1,1,1,1,0,1,0
febrl2,0.76,2926,1,1,1,1,0,1,0
febrl2,0.76,1790,1,1,1,1,0,1,0
febrl2,0.76,3965,1,1,1,1,0,1,0
febrl2,0.76,132,1,1,1,1,0,1,0
febrl2,0.76,804,1,1,1,1,0,1,0
febrl2,0.76,3001,1,1,1,1,0,1,0
febrl2,0.76,2709,1,1,1,1,0,1,0
febrl2,0.76,837,1,1,1,1,0,1,0
febrl2,0.76,938,1,1,1,1,0,1,0
febrl2,0.76,3858,1,1,1,1,0,1,0
febrl2,0.76,2417,1,1,1,1,0,1,0
febrl2,0.76,1548,1,1,1,1,0,1,0
febrl2,0.76,282,1,1,1,1,0,1,0
febrl2,0.76,2937,1,1,1,1,0,1,0
febrl2,0.76,1099,2,1,2,1,0,1,0
febrl2,0.76,610,1,1,1,1,0,1,0
febrl2,0.76,3701,1,1,1,1,0,1,0
febrl2,0.76,2361,1,1,1,1,0,1,0
febrl2,0.76,2515,1,1,1,1,0,1,0
febrl2,0.76,2973,3,1,3,1,0,1,0
febrl2,0.76,2323,1,1,1,1,0,1,0
febrl2,0.76,3235,1,1,1,1,0,1,0
febrl2,0.76,1497,1,1,1,1,0,1,0
febrl2,0.76,1007,1,1,1,1,0,1,0
febrl2,0.76,3405,1,1,1,1,0,1,0
febrl2,0.76,3964,2,1,2,1,0,1,0
febrl2,0.76,2583,1,1,1,1,0,1,0
febrl2,0.76,2247,1,1,1,1,0,1,0
febrl2,0.76,2477,1,1,1,1,0,1,0
febrl2,0.76,1857,1,1,1,1,0,1,0
febrl2,0.76,1601,1,1,1,1,0,1,0
febrl2,0.76,3169,2,1,2,1,0,1,0
febrl2,0.76,1281,1,1,1,1,0,1,0
febrl2,0.76,225,1,1,1,1,0,1,0
febrl2,0.76,2929,1,1,1,1,0,1,0
febrl2,0.76,2270,1,1,1,1,0,1,0
febrl2,0.76,136,1,1,1,1,0,1,0
febrl2,0.76,3825,1,1,1,1,0,1,0
febrl2,0.76,2342,1,1,1,1,0,1,0
febrl2,0.76,3213,1,1,1,1,0,1,0
febrl2,0.76,3168,1,1,1,1,0,1,0
febrl2,0.76,1224,1,1,1,1,0,1,0
febrl2,0.76,3377,1,1,1,1,0,1,0
febrl2,0.76,2538,1,1,1,1,0,1,0
febrl2,0.76,3254,2,1,2,1,0,1,0
febrl2,0.76,512,1,1,1,1,0,1,0
febrl2,0.76,3903,1,1,1,1,0,1,0
febrl2,0.76,493,1,1,1,1,0,1,0
febrl2,0.76,58,1,1,1,1,0,1,0
febrl2,0.76,3018,1,1,1,1,0,1,0
febrl2,0.76,3702,1,1,1,1,0,1,0
febrl2,0.76,773,1,1,1,1,0,1,0
febrl2,0.76,1703,1,1,1,1,0,1,0
febrl2,0.76,983,1,1,1,1,0,1,0
febrl2,0.76,3659,1,1,1,1,0,1,0
febrl2,0.76,11,1,1,1,1,0,1,0
febrl2,0.76,1261,1,1,1,1,0,1,0
febrl2,0.76,3989,1,1,1,1,0,1,0
febrl2,0.76,3604,1,1,1,1,0,1,0
febrl2,0.76,185,1,1,1,1,0,1,0
febrl2,0.76,1748,1,1,1,1,0,1,0
febrl2,0.76,2305,1,1,1,1,0,1,0
febrl2,0.76,2849,1,1,1,1,0,1,0
febrl2,0.76,3906,1,1,1,1,0,1,0
febrl2,0.76,1206,1,1,1,1,0,1,0
febrl2,0.76,872,1,1,1,1,0,1,0
febrl2,0.76,346,1,1,1,1,0,1,0
febrl2,0.76,2230,3,1,3,1,0,1,0
febrl2,0.76,3924,1,1,1,1,0,1,0
febrl2,0.76,1286,1,1,1,1,0,1,0
febrl2,0.76,658,1,1,1,1,0,1,0
febrl2,0.76,2030,1,1,1,1,0,1,0
febrl2,0.76,1877,1,1,1,1,0,1,0
febrl2,0.76,3407,1,1,1,1,0,1,0
febrl2,0.76,533,1,1,1,1,0,1,0
febrl2,0.76,508,1,1,1,1,0,1,0
febrl2,0.76,438,1,1,1,1,0,1,0
febrl2,0.76,1464,1,1,1,1,0,1,0
febrl2,0.76,2500,1,1,1,1,0,1,0
febrl2,0.76,2799,1,1,1,1,0,1,0
febrl2,0.76,3813,1,1,1,1,0,1,0
febrl2,0.76,939,1,1,1,1,0,1,0
febrl2,0.76,3148,1,1,1,1,0,1,0
febrl2,0.76,3164,1,1,1,1,0,1,0
febrl2,0.76,783,2,1,2,1,0,1,0
febrl2,0.76,1297,1,1,1,1,0,1,0
febrl2,0.76,2659,1,1,1,1,0,1,0
febrl2,0.76,262,1,1,1,1,0,1,0
febrl2,0.76,3202,1,1,1,1,0,1,0
febrl2,0.76,569,1,1,1,1,0,1,0
febrl2,0.76,3105,1,1,1,1,0,1,0
febrl2,0.76,3627,1,1,1,1,0,1,0
febrl2,0.76,1014,1,1,1,1,0,1,0
febrl2,0.76,2888,1,1,1,1,0,1,0
febrl2,0.76,120,2,1,2,1,0,1,0
febrl2,0.76,1658,1,1,1,1,0,1,0
febrl2,0.76,1141,1,1,1,1,0,1,0
febrl2,0.76,1026,1,1,1,1,0,1,0
febrl2,0.76,1767,1,1,1,1,0,1,0
febrl2,0.76,2085,1,1,1,1,0,1,0
febrl2,0.76,612,1,1,1,1,0,1,0
febrl2,0.76,2693,1,1,1,1,0,1,0
febrl2,0.76,71,1,1,1,1,0,1,0
febrl2,0.76,3673,1,1,1,1,0,1,0
febrl2,0.76,3048,1,1,1,1,0,1,0
febrl2,0.76,3658,1,1,1,1,0,1,0
febrl2,0.76,1357,1,1,1,1,0,1,0
febrl2,0.76,1237,6,1,6,1,0,1,0
febrl2,0.76,1867,1,1,1,1,0,1,0
febrl2,0.76,3391,1,1,1,1,0,1,0
febrl2,0.76,2295,1,1,1,1,0,1,0
febrl2,0.76,2110,1,1,1,1,0,1,0
febrl2,0.76,256,1,1,1,1,0,1,0
febrl2,0.76,776,1,1,1,1,0,1,0
febrl2,0.76,1419,1,1,1,1,0,1,0
febrl2,0.76,1960,1,1,1,1,0,1,0
febrl2,0.76,3967,1,1,1,1,0,1,0
febrl2,0.76,3897,1,1,1,1,0,1,0
febrl2,0.76,3321,1,1,1,1,0,1,0
febrl2,0.76,3770,1,1,1,1,0,1,0
febrl2,0.76,791,1,1,1,1,0,1,0
febrl2,0.76,1167,1,1,1,1,0,1,0
febrl2,0.76,3773,1,1,1,1,0,1,0
febrl2,0.76,2463,1,1,1,1,0,1,0
febrl2,0.76,2191,3,1,3,1,0,1,0
febrl2,0.76,3183,1,1,1,1,0,1,0
febrl2,0.76,2401,1,1,1,1,0,1,0
febrl2,0.76,1902,1,1,1,1,0,1,0
febrl2,0.76,358,1,1,1,1,0,1,0
febrl2,0.76,3211,1,1,1,1,0,1,0
febrl2,0.76,158,1,1,1,1,0,1,0
febrl2,0.76,2956,1,1,1,1,0,1,0
febrl2,0.76,2989,1,1,1,1,0,1,0
febrl2,0.76,1034,1,1,1,1,0,1,0
febrl2,0.76,2301,1,1,1,1,0,1,0
febrl2,0.76,3547,1,1,1,1,0,1,0
febrl2,0.76,3871,1,1,1,1,0,1,0
febrl2,0.76,3368,1,1,1,1,0,1,0
febrl2,0.76,3890,4,1,4,1,0,1,0
febrl2,0.76,2220,1,1,1,1,0,1,0
febrl2,0.76,1511,1,1,1,1,0,1,0
febrl2,0.76,3419,1,1,1,1,0,1,0
febrl2,0.76,3929,1,1,1,1,0,1,0
febrl2,0.76,3131,2,1,2,1,0,1,0
febrl2,0.76,3528,1,1,1,1,0,1,0
febrl2,0.76,2286,1,1,1,1,0,1,0
febrl2,0.76,1912,2,1,2,1,0,1,0
febrl2,0.76,2240,1,1,1,1,0,1,0
febrl2,0.76,2409,1,1,1,1,0,1,0
febrl2,0.76,118,1,1,1,1,0,1,0
febrl2,0.76,380,1,1,1,1,0,1,0
febrl2,0.76,3959,1,1,1,1,0,1,0
febrl2,0.76,3905,1,1,1,1,0,1,0
febrl2,0.76,558,1,1,1,1,0,1,0
febrl2,0.76,941,1,1,1,1,0,1,0
febrl2,0.76,254,3,1,3,1,0,1,0
febrl2,0.76,3763,1,1,1,1,0,1,0
febrl2,0.76,2181,1,1,1,1,0,1,0
febrl2,0.76,665,1,1,1,1,0,1,0
febrl2,0.76,1764,3,1,3,1,0,1,0
febrl2,0.76,1137,1,1,1,1,0,1,0
febrl2,0.76,1473,1,1,1,1,0,1,0
febrl2,0.76,2238,1,1,1,1,0,1,0
febrl2,0.76,3115,1,1,1,1,0,1,0
febrl2,0.76,1145,1,1,1,1,0,1,0
febrl2,0.76,3090,1,1,1,1,0,1,0
febrl2,0.76,987,1,1,1,1,0,1,0
febrl2,0.76,2746,1,1,1,1,0,1,0
febrl2,0.76,3635,1,1,1,1,0,1,0
febrl2,0.76,734,1,1,1,1,0,1,0
febrl2,0.76,1409,1,1,1,1,0,1,0
febrl2,0.76,2074,1,1,1,1,0,1,0
febrl2,0.76,646,1,1,1,1,0,1,0
febrl2,0.76,2052,1,1,1,1,0,1,0
febrl2,0.76,1932,1,1,1,1,0,1,0
febrl2,0.76,951,1,1,1,1,0,1,0
febrl2,0.76,2453,1,1,1,1,0,1,0
febrl2,0.76,1374,1,1,1,1,0,1,0
febrl2,0.76,3672,1,1,1,1,0,1,0
febrl2,0.76,2978,1,1,1,1,0,1,0
febrl2,0.76,1568,1,1,1,1,0,1,0
febrl2,0.76,3614,1,1,1,1,0,1,0
febrl2,0.76,2336,1,1,1,1,0,1,0
febrl2,0.76,3342,1,1,1,1,0,1,0
febrl2,0.76,2354,1,1,1,1,0,1,0
febrl2,0.76,2622,1,1,1,1,0,1,0
febrl2,0.76,3349,1,1,1,1,0,1,0
febrl2,0.76,1221,1,1,1,1,0,1,0
febrl2,0.76,896,1,1,1,1,0,1,0
febrl2,0.76,222,1,1,1,1,0,1,0
febrl2,0.76,3416,1,1,1,1,0,1,0
febrl2,0.76,3312,1,1,1,1,0,1,0
febrl2,0.76,2581,1,1,1,1,0,1,0
febrl2,0.76,2374,1,1,1,1,0,1,0
febrl2,0.76,2936,1,1,1,1,0,1,0
febrl2,0.76,3579,1,1,1,1,0,1,0
febrl2,0.76,3043,1,1,1,1,0,1,0
febrl2,0.76,3623,1,1,1,1,0,1,0
febrl2,0.76,3934,1,1,1,1,0,1,0
febrl2,0.76,4,1,1,1,1,0,1,0
febrl2,0.76,1596,1,1,1,1,0,1,0
febrl2,0.76,1970,1,1,1,1,0,1,0
febrl2,0.76,3025,1,1,5,1,1,2,4
febrl2,0.76,587,1,1,1,1,0,1,0
febrl2,0.76,2683,1,1,1,1,0,1,0
febrl2,0.76,2617,2,1,2,1,0,1,0
febrl2,0.76,2559,1,1,1,1,0,1,0
febrl2,0.76,3389,1,1,1,1,0,1,0
febrl2,0.76,3732,1,1,1,1,0,1,0
febrl2,0.76,3027,1,1,1,1,0,1,0
febrl2,0.76,2834,1,1,1,1,0,1,0
febrl2,0.76,354,1,1,1,1,0,1,0
febrl2,0.76,3347,1,1,1,1,0,1,0
febrl2,0.76,1081,1,1,1,1,0,1,0
febrl2,0.76,3134,1,1,1,1,0,1,0
febrl2,0.76,1827,1,1,1,1,0,1,0
febrl2,0.76,170,1,1,1,1,0,1,0
febrl2,0.76,3417,3,1,3,1,0,1,0
febrl2,0.76,1633,1,1,1,1,0,1,0
febrl2,0.76,1393,1,1,1,1,0,1,0
febrl2,0.76,1552,1,1,1,1,0,1,0
febrl2,0.76,989,1,1,1,1,0,1,0
febrl2,0.76,97,1,1,1,1,0,1,0
febrl2,0.76,60,1,1,1,1,0,1,0
febrl2,0.76,2715,1,1,1,1,0,1,0
febrl2,0.76,1266,1,1,1,1,0,1,0
febrl2,0.76,2579,1,1,1,1,0,1,0
febrl2,0.76,2909,1,1,1,1,0,1,0
febrl2,0.76,1499,1,1,1,1,0,1,0
febrl2,0.76,349,1,1,1,1,0,1,0
febrl2,0.76,20,1,1,1,1,0,1,0
febrl2,0.76,2174,1,1,1,1,0,1,0
febrl2,0.76,173,1,1,1,1,0,1,0
febrl2,0.76,1366,1,1,1,1,0,1,0
febrl2,0.76,1973,1,1,2,1,1,2,1
febrl2,0.76,195,1,1,1,1,0,1,0
febrl2,0.76,2512,1,1,1,1,0,1,0
febrl2,0.76,3885,1,1,1,1,0,1,0
febrl2,0.76,2775,1,1,1,1,0,1,0
febrl2,0.76,1170,1,1,1,1,0,1,0
febrl2,0.76,2209,1,1,1,1,0,1,0
febrl2,0.76,3511,1,1,1,1,0,1,0
febrl2,0.76,730,1,1,1,1,0,1,0
febrl2,0.76,2632,1,1,1,1,0,1,0
febrl2,0.76,885,1,1,1,1,0,1,0
febrl2,0.76,3386,1,1,1,1,0,1,0
febrl2,0.76,1310,1,1,1,1,0,1,0
febrl2,0.76,521,1,1,1,1,0,1,0
febrl2,0.76,2824,1,1,1,1,0,1,0
febrl2,0.76,2251,1,1,1,1,0,1,0
febrl2,0.76,2171,1,1,1,1,0,1,0
febrl2,0.76,3151,1,1,1,1,0,1,0
febrl2,0.76,1675,1,1,1,1,0,1,0
febrl2,0.76,2722,1,1,1,1,0,1,0
febrl2,0.76,1531,1,1,1,1,0,1,0
febrl2,0.76,2809,1,1,1,1,0,1,0
febrl2,0.76,2195,1,1,1,1,0,1,0
febrl2,0.76,3474,1,1,1,1,0,1,0
febrl2,0.76,389,1,1,1,1,0,1,0
febrl2,0.76,238,1,1,1,1,0,1,0
febrl2,0.76,3290,1,1,1,1,0,1,0
febrl2,0.76,818,1,1,1,1,0,1,0
febrl2,0.76,3466,1,1,1,1,0,1,0
febrl2,0.76,3080,1,1,1,1,0,1,0
febrl2,0.76,3387,1,1,1,1,0,1,0
febrl2,0.76,101,1,1,1,1,0,1,0
febrl2,0.76,1136,1,1,1,1,0,1,0
febrl2,0.76,130,1,1,1,1,0,1,0
febrl2,0.76,695,1,1,1,1,0,1,0
febrl2,0.76,2667,5,1,5,1,0,1,0
febrl2,0.76,1013,1,1,1,1,0,1,0
febrl2,0.76,2070,1,1,1,1,0,1,0
febrl2,0.76,213,1,1,1,1,0,1,0
febrl2,0.76,3888,1,1,1,1,0,1,0
febrl2,0.76,3899,1,1,1,1,0,1,0
febrl2,0.76,588,4,1,4,1,0,1,0
febrl2,0.76,3534,1,1,1,1,0,1,0
febrl2,0.76,3504,1,1,1,1,0,1,0
febrl2,0.76,1339,1,1,1,1,0,1,0
febrl2,0.76,1850,1,1,1,1,0,1,0
febrl2,0.76,1645,1,1,1,1,0,1,0
febrl2,0.76,3393,1,1,1,1,0,1,0
febrl2,0.76,3395,1,1,1,1,0,1,0
febrl2,0.76,2742,1,1,1,1,0,1,0
febrl2,0.76,849,1,1,1,1,0,1,0
febrl2,0.76,2795,1,1,1,1,0,1,0
febrl2,0.76,3487,1,1,1,1,0,1,0
febrl2,0.76,2221,1,1,1,1,0,1,0
febrl2,0.76,3063,1,1,1,1,0,1,0
febrl2,0.76,3700,1,1,1,1,0,1,0
febrl2,0.76,2040,1,1,1,1,0,1,0
febrl2,0.76,1032,1,1,1,1,0,1,0
febrl2,0.76,1640,1,1,1,1,0,1,0
febrl2,0.76,960,1,1,1,1,0,1,0
febrl2,0.76,1075,1,1,1,1,0,1,0
febrl2,0.76,935,1,1,1,1,0,1,0
febrl2,0.76,2470,1,1,1,1,0,1,0
febrl2,0.76,3305,1,1,1,1,0,1,0
febrl2,0.76,3880,1,1,1,1,0,1,0
febrl2,0.76,153,1,1,1,1,0,1,0
febrl2,0.76,555,1,1,1,1,0,1,0
febrl2,0.76,982,1,1,1,1,0,1,0
febrl2,0.76,786,1,1,1,1,0,1,0
febrl2,0.76,117,1,1,1,1,0,1,0
febrl2,0.76,3628,1,1,1,1,0,1,0
febrl2,0.76,215,1,1,1,1,0,1,0
febrl2,0.76,2514,1,1,1,1,0,1,0
febrl2,0.76,593,1,1,1,1,0,1,0
febrl2,0.76,2177,1,1,1,1,0,1,0
febrl2,0.76,2159,1,1,1,1,0,1,0
febrl2,0.76,275,1,1,1,1,0,1,0
febrl2,0.76,246,1,1,1,1,0,1,0
febrl2,0.76,2475,1,1,1,1,0,1,0
febrl2,0.76,913,1,1,1,1,0,1,0
febrl2,0.76,2204,1,1,1,1,0,1,0
febrl2,0.76,3373,1,1,1,1,0,1,0
febrl2,0.76,3040,1,1,1,1,0,1,0
febrl2,0.76,3806,1,1,1,1,0,1,0
febrl2,0.76,781,1,1,1,1,0,1,0
febrl2,0.76,1564,3,1,3,1,0,1,0
febrl2,0.76,3392,1,1,1,1,0,1,0
febrl2,0.76,2808,1,1,1,1,0,1,0
febrl2,0.76,2986,1,1,1,1,0,1,0
febrl2,0.76,928,1,1,1,1,0,1,0
febrl2,0.76,3394,1,1,1,1,0,1,0
febrl2,0.76,1771,1,1,1,1,0,1,0
febrl2,0.76,1481,1,1,1,1,0,1,0
febrl2,0.76,475,1,1,1,1,0,1,0
febrl2,0.76,1382,1,1,1,1,0,1,0
febrl2,0.76,3867,1,1,1,1,0,1,0
febrl2,0.76,2279,1,1,1,1,0,1,0
febrl2,0.76,2908,1,1,1,1,0,1,0
febrl2,0.76,795,1,1,1,1,0,1,0
febrl2,0.76,3832,4,1,4,1,0,1,0
febrl2,0.76,2507,1,1,1,1,0,1,0
febrl2,0.76,321,1,1,1,1,0,1,0
febrl2,0.76,3337,1,1,1,1,0,1,0
febrl2,0.76,3021,1,1,1,1,0,1,0
febrl2,0.76,3775,1,1,1,1,0,1,0
febrl2,0.76,339,1,1,1,1,0,1,0
febrl2,0.76,2271,1,1,1,1,0,1,0
febrl2,0.76,930,2,1,2,1,0,1,0
febrl2,0.76,1439,1,1,1,1,0,1,0
febrl2,0.76,2316,1,1,1,1,0,1,0
febrl2,0.76,1130,1,1,1,1,0,1,0
febrl2,0.76,2516,2,1,2,1,0,1,0
febrl2,0.76,1821,1,1,1,1,0,1,0
febrl2,0.76,3199,1,1,1,1,0,1,0
febrl2,0.76,3319,1,1,1,1,0,1,0
febrl2,0.76,1033,1,1,1,1,0,1,0
febrl2,0.76,115,1,1,1,1,0,1,0
febrl2,0.76,2006,1,1,1,1,0,1,0
febrl2,0.76,825,1,1,1,1,0,1,0
febrl2,0.76,2047,1,1,1,1,0,1,0
febrl2,0.76,3754,1,1,1,1,0,1,0
febrl2,0.76,3931,1,1,1,1,0,1,0
febrl2,0.76,40,1,1,1,1,0,1,0
febrl2,0.76,2233,1,1,1,1,0,1,0
febrl2,0.76,187,1,1,1,1,0,1,0
febrl2,0.76,385,1,1,1,1,0,1,0
febrl2,0.76,3328,1,1,1,1,0,1,0
febrl2,0.76,1479,1,1,1,1,0,1,0
febrl2,0.76,1230,1,1,1,1,0,1,0
febrl2,0.76,779,1,1,1,1,0,1,0
febrl2,0.76,2263,1,1,1,1,0,1,0
febrl2,0.76,1051,1,1,1,1,0,1,0
febrl2,0.76,2479,1,1,1,1,0,1,0
febrl2,0.76,3094,1,1,1,1,0,1,0
febrl2,0.76,1825,1,1,1,1,0,1,0
febrl2,0.76,1593,1,1,1,1,0,1,0
febrl2,0.76,1944,1,1,1,1,0,1,0
febrl2,0.76,421,1,1,1,1,0,1,0
febrl2,0.76,1326,1,1,1,1,0,1,0
febrl2,0.76,2378,1,1,1,1,0,1,0
febrl2,0.76,3085,1,1,1,1,0,1,0
febrl2,0.76,494,1,1,1,1,0,1,0
febrl2,0.76,2172,1,1,1,1,0,1,0
febrl2,0.76,3855,1,1,1,1,0,1,0
febrl2,0.76,2385,1,1,1,1,0,1,0
febrl2,0.76,2890,1,1,1,1,0,1,0
febrl2,0.76,1381,1,1,1,1,0,1,0
febrl2,0.76,2045,1,1,1,1,0,1,0
febrl2,0.76,59,1,1,1,1,0,1,0
febrl2,0.76,3916,1,1,1,1,0,1,0
febrl2,0.76,647,1,1,1,1,0,1,0
febrl2,0.76,2415,1,1,1,1,0,1,0
febrl2,0.76,3173,1,1,1,1,0,1,0
febrl2,0.76,1878,1,1,1,1,0,1,0
febrl2,0.76,2884,1,1,1,1,0,1,0
febrl2,0.76,3108,1,1,1,1,0,1,0
febrl2,0.76,3531,1,1,1,1,0,1,0
febrl2,0.76,411,1,1,1,1,0,1,0
febrl2,0.76,22,1,1,1,1,0,1,0
febrl2,0.76,3960,1,1,1,1,0,1,0
febrl2,0.76,1309,1,1,1,1,0,1,0
febrl2,0.76,3473,1,1,1,1,0,1,0
febrl2,0.76,3291,2,1,2,1,0,1,0
febrl2,0.76,1068,1,1,1,1,0,1,0
febrl2,0.76,3974,1,1,1,1,0,1,0
febrl2,0.76,2425,1,1,1,1,0,1,0
febrl2,0.76,1244,1,1,1,1,0,1,0
febrl2,0.76,1228,1,1,1,1,0,1,0
febrl2,0.76,1738,1,1,1,1,0,1,0
febrl2,0.76,72,1,1,1,1,0,1,0
febrl2,0.76,1219,1,1,1,1,0,1,0
febrl2,0.76,3457,1,1,1,1,0,1,0
febrl2,0.76,240,1,1,1,1,0,1,0
febrl2,0.76,3398,1,1,1,1,0,1,0
febrl2,0.76,523,1,1,2,1,1,2,1
febrl2,0.76,515,1,1,1,1,0,1,0
febrl2,0.76,2493,1,1,1,1,0,1,0
febrl2,0.76,1707,1,1,1,1,0,1,0
febrl2,0.76,1139,1,1,1,1,0,1,0
febrl2,0.76,1648,1,1,1,1,0,1,0
febrl2,0.76,1890,1,1,1,1,0,1,0
febrl2,0.76,2867,1,1,1,1,0,1,0
febrl2,0.76,2034,1,1,1,1,0,1,0
febrl2,0.76,2959,1,1,1,1,0,1,0
febrl2,0.76,1649,1,1,1,1,0,1,0
febrl2,0.76,1842,1,1,1,1,0,1,0
febrl2,0.76,2687,1,1,1,1,0,1,0
febrl2,0.76,546,1,1,1,1,0,1,0
febrl2,0.76,3488,1,1,1,1,0,1,0
febrl2,0.76,2754,1,1,1,1,0,1,0
febrl2,0.76,690,1,1,1,1,0,1,0
febrl2,0.76,3185,1,1,1,1,0,1,0
febrl2,0.76,613,1,1,1,1,0,1,0
febrl2,0.76,681,1,1,1,1,0,1,0
febrl2,0.76,3471,1,1,1,1,0,1,0
febrl2,0.76,973,1,1,1,1,0,1,0
febrl2,0.76,1797,1,1,2,1,1,2,1
febrl2,0.76,2459,1,1,1,1,0,1,0
febrl2,0.76,2803,1,1,1,1,0,1,0
febrl2,0.76,3415,1,1,1,1,0,1,0
febrl2,0.76,1794,1,1,1,1,0,1,0
febrl2,0.76,618,1,1,1,1,0,1,0
febrl2,0.76,1829,1,1,1,1,0,1,0
febrl2,0.76,2041,1,1,1,1,0,1,0
febrl2,0.76,751,1,1,1,1,0,1,0
febrl2,0.76,3187,1,1,1,1,0,1,0
febrl2,0.76,3308,1,1,1,1,0,1,0
febrl2,0.76,3716,1,1,1,1,0,1,0
febrl2,0.76,3912,1,1,1,1,0,1,0
febrl2,0.76,1778,1,1,1,1,0,1,0
febrl2,0.76,347,1,1,1,1,0,1,0
febrl2,0.76,465,1,1,1,1,0,1,0
febrl2,0.76,1129,1,1,1,1,0,1,0
febrl2,0.76,3862,1,1,1,1,0,1,0
febrl2,0.76,3037,2,1,2,1,0,1,0
febrl2,0.76,2185,1,1,1,1,0,1,0
febrl2,0.76,179,1,1,1,1,0,1,0
febrl2,0.76,290,1,1,1,1,0,1,0
febrl2,0.76,1515,1,1,1,1,0,1,0
febrl2,0.76,3868,1,1,1,1,0,1,0
febrl2,0.76,436,1,1,1,1,0,1,0
febrl2,0.76,667,1,1,1,1,0,1,0
febrl2,0.76,3512,1,1,1,1,0,1,0
febrl2,0.76,423,1,1,1,1,0,1,0
febrl2,0.76,1243,1,1,1,1,0,1,0
febrl2,0.76,2839,1,1,1,1,0,1,0
febrl2,0.76,146,1,1,1,1,0,1,0
febrl2,0.76,1264,1,1,1,1,0,1,0
febrl2,0.76,1849,1,1,1,1,0,1,0
febrl2,0.76,2535,1,1,1,1,0,1,0
febrl2,0.76,196,1,1,1,1,0,1,0
febrl2,0.76,2078,1,1,1,1,0,1,0
febrl2,0.76,3573,1,1,1,1,0,1,0
febrl2,0.76,454,1,1,1,1,0,1,0
febrl2,0.76,1338,1,1,1,1,0,1,0
febrl2,0.76,2393,1,1,1,1,0,1,0
febrl2,0.76,557,1,1,1,1,0,1,0
febrl2,0.76,3805,1,1,1,1,0,1,0
febrl2,0.76,3401,1,1,1,1,0,1,0
febrl2,0.76,400,3,1,3,1,0,1,0
febrl2,0.76,1968,1,1,1,1,0,1,0
febrl2,0.76,3595,1,1,1,1,0,1,0
febrl2,0.76,2082,1,1,1,1,0,1,0
febrl2,0.76,3358,1,1,1,1,0,1,0
febrl2,0.76,762,1,1,1,1,0,1,0
febrl2,0.76,1571,1,1,1,1,0,1,0
febrl2,0.76,3613,1,1,1,1,0,1,0
febrl2,0.76,1701,1,1,1,1,0,1,0
febrl2,0.76,3859,1,1,1,1,0,1,0
febrl2,0.76,2582,1,1,1,1,0,1,0
febrl2,0.76,722,1,1,1,1,0,1,0
febrl2,0.76,3237,1,1,1,1,0,1,0
febrl2,0.76,1017,1,1,1,1,0,1,0
febrl2,0.76,1656,1,1,1,1,0,1,0
febrl2,0.76,224,1,1,1,1,0,1,0
febrl2,0.76,1949,1,1,1,1,0,1,0
febrl2,0.76,3729,1,1,1,1,0,1,0
febrl2,0.76,2285,1,1,1,1,0,1,0
febrl2,0.76,2101,2,1,2,1,0,1,0
febrl2,0.76,1062,1,1,1,1,0,1,0
febrl2,0.76,286,1,1,1,1,0,1,0
febrl2,0.76,570,1,1,1,1,0,1,0
febrl2,0.76,1946,1,1,1,1,0,1,0
febrl2,0.76,368,1,1,1,1,0,1,0
febrl2,0.76,1508,1,1,1,1,0,1,0
febrl2,0.76,2806,1,1,1,1,0,1,0
febrl2,0.76,2266,1,1,1,1,0,1,0
febrl2,0.76,2408,1,1,1,1,0,1,0
febrl2,0.76,3246,1,1,1,1,0,1,0
febrl2,0.76,3046,1,1,1,1,0,1,0
febrl2,0.76,1318,1,1,1,1,0,1,0
febrl2,0.76,1390,1,1,1,1,0,1,0
febrl2,0.76,3629,1,1,1,1,0,1,0
febrl2,0.76,495,1,1,1,1,0,1,0
febrl2,0.76,2435,1,1,1,1,0,1,0
febrl2,0.76,0,1,1,1,1,0,1,0
febrl2,0.76,1096,2,1,2,1,0,1,0
febrl2,0.76,756,1,1,1,1,0,1,0
febrl2,0.76,3118,1,1,1,1,0,1,0
febrl2,0.76,2728,1,1,1,1,0,1,0
febrl2,0.76,61,1,1,1,1,0,1,0
febrl2,0.76,2355,1,1,1,1,0,1,0
febrl2,0.76,3174,1,1,1,1,0,1,0
febrl2,0.76,1436,1,1,1,1,0,1,0
febrl2,0.76,3101,1,1,1,1,0,1,0
febrl2,0.76,2227,1,1,1,1,0,1,0
febrl2,0.76,988,1,1,1,1,0,1,0
febrl2,0.76,3324,1,1,1,1,0,1,0
febrl2,0.76,2505,1,1,1,1,0,1,0
febrl2,0.76,484,1,1,1,1,0,1,0
febrl2,0.76,384,1,1,1,1,0,1,0
febrl2,0.76,2740,1,1,1,1,0,1,0
febrl2,0.76,3497,1,1,1,1,0,1,0
febrl2,0.76,604,1,1,1,1,0,1,0
febrl2,0.76,3172,1,1,1,1,0,1,0
febrl2,0.76,998,1,1,1,1,0,1,0
febrl2,0.76,3602,1,1,1,1,0,1,0
febrl2,0.76,1886,1,1,1,1,0,1,0
febrl2,0.76,2584,1,1,1,1,0,1,0
febrl2,0.76,3886,1,1,1,1,0,1,0
febrl2,0.76,1459,1,1,1,1,0,1,0
febrl2,0.76,3125,1,1,1,1,0,1,0
febrl2,0.76,2069,1,1,1,1,0,1,0
febrl2,0.76,2312,1,1,1,1,0,1,0
febrl2,0.76,3309,1,1,1,1,0,1,0
febrl2,0.76,2341,1,1,1,1,0,1,0
febrl2,0.76,3750,1,1,1,1,0,1,0
febrl2,0.76,226,1,1,1,1,0,1,0
febrl2,0.76,371,1,1,1,1,0,1,0
febrl2,0.76,2411,1,1,1,1,0,1,0
febrl2,0.76,1980,1,1,1,1,0,1,0
febrl2,0.76,327,1,1,1,1,0,1,0
febrl2,0.76,1257,1,1,1,1,0,1,0
febrl2,0.76,1938,1,1,1,1,0,1,0
febrl2,0.76,3937,1,1,1,1,0,1,0
febrl2,0.76,800,1,1,1,1,0,1,0
febrl2,0.76,2019,2,1,2,1,0,1,0
febrl2,0.76,307,1,1,1,1,0,1,0
febrl2,0.76,774,1,1,1,1,0,1,0
febrl2,0.76,1046,1,1,1,1,0,1,0
febrl2,0.76,143,2,1,6,1,1,2,4
febrl2,0.76,2345,1,1,1,1,0,1,0
febrl2,0.76,2436,3,1,3,1,0,1,0
febrl2,0.76,2043,1,1,1,1,0,1,0
febrl2,0.76,3940,1,1,1,1,0,1,0
febrl2,0.76,2646,1,1,1,1,0,1,0
febrl2,0.76,1202,1,1,1,1,0,1,0
febrl2,0.76,2318,1,1,1,1,0,1,0
febrl2,0.76,2215,1,1,1,1,0,1,0
febrl2,0.76,1654,1,1,1,1,0,1,0
febrl2,0.76,1582,1,1,1,1,0,1,0
febrl2,0.76,1777,1,1,1,1,0,1,0
febrl2,0.76,2591,1,1,1,1,0,1,0
febrl2,0.76,758,1,1,1,1,0,1,0
febrl2,0.76,3612,1,1,1,1,0,1,0
febrl2,0.76,2557,1,1,1,1,0,1,0
febrl2,0.76,3203,1,1,1,1,0,1,0
febrl2,0.76,980,1,1,1,1,0,1,0
febrl2,0.76,3799,1,1,1,1,0,1,0
febrl2,0.76,3113,1,1,1,1,0,1,0
febrl2,0.76,3657,1,1,1,1,0,1,0
febrl2,0.76,1184,1,1,1,1,0,1,0
febrl2,0.76,1101,1,1,1,1,0,1,0
febrl2,0.76,3708,1,1,1,1,0,1,0
febrl2,0.76,3396,1,1,1,1,0,1,0
febrl2,0.76,65,1,1,1,1,0,1,0
febrl2,0.76,18,4,1,4,1,0,1,0
febrl2,0.76,55,1,1,1,1,0,1,0
febrl2,0.76,2974,1,1,1,1,0,1,0
febrl2,0.76,2080,1,1,1,1,0,1,0
febrl2,0.76,3210,1,1,1,1,0,1,0
febrl2,0.76,391,1,1,1,1,0,1,0
febrl2,0.76,3196,1,1,1,1,0,1,0
febrl2,0.76,1621,1,1,1,1,0,1,0
febrl2,0.76,1365,1,1,1,1,0,1,0
febrl2,0.76,124,1,1,2,1,1,2,1
febrl2,0.76,3403,1,1,1,1,0,1,0
febrl2,0.76,2823,1,1,1,1,0,1,0
febrl2,0.76,934,1,1,1,1,0,1,0
febrl2,0.76,3622,4,1,4,1,0,1,0
febrl2,0.76,580,1,1,1,1,0,1,0
febrl2,0.76,3339,1,1,1,1,0,1,0
febrl2,0.76,375,1,1,1,1,0,1,0
febrl2,0.76,1207,1,1,1,1,0,1,0
febrl2,0.76,3479,1,1,1,1,0,1,0
febrl2,0.76,3013,1,1,1,1,0,1,0
febrl2,0.76,80,1,1,1,1,0,1,0
febrl2,0.76,2543,1,1,1,1,0,1,0
febrl2,0.76,2149,1,1,1,1,0,1,0
febrl2,0.76,2593,1,1,1,1,0,1,0
febrl2,0.76,1314,1,1,1,1,0,1,0
febrl2,0.76,1966,1,1,1,1,0,1,0
febrl2,0.76,708,1,1,1,1,0,1,0
febrl2,0.76,2918,1,1,2,1,1,2,1
febrl2,0.76,2905,1,1,1,1,0,1,0
febrl2,0.76,1162,1,1,1,1,0,1,0
febrl2,0.76,1653,1,1,1,1,0,1,0
febrl2,0.76,3492,1,1,1,1,0,1,0
febrl2,0.76,2326,3,1,3,1,0,1,0
febrl2,0.76,2970,1,1,1,1,0,1,0
febrl2,0.76,2000,1,1,1,1,0,1,0
febrl2,0.76,2865,1,1,1,1,0,1,0
febrl2,0.76,3481,1,1,1,1,0,1,0
febrl2,0.76,220,1,1,1,1,0,1,0
febrl2,0.76,2192,1,1,1,1,0,1,0
febrl2,0.76,2643,1,1,1,1,0,1,0
febrl2,0.76,592,1,1,1,1,0,1,0
febrl2,0.76,590,1,1,1,1,0,1,0
febrl2,0.76,1722,1,1,1,1,0,1,0
febrl2,0.76,584,1,1,1,1,0,1,0
febrl2,0.76,3973,1,1,1,1,0,1,0
febrl2,0.76,3156,1,1,1,1,0,1,0
febrl2,0.76,2442,1,1,1,1,0,1,0
febrl2,0.76,3840,1,1,1,1,0,1,0
febrl2,0.76,1424,1,1,1,1,0,1,0
febrl2,0.76,1831,1,1,1,1,0,1,0
febrl2,0.76,703,2,1,2,1,0,1,0
febrl2,0.76,1822,1,1,1,1,0,1,0
febrl2,0.76,917,1,1,2,1,1,2,1
febrl2,0.76,3705,1,1,1,1,0,1,0
febrl2,0.76,2242,1,1,1,1,0,1,0
febrl2,0.76,2820,1,1,1,1,0,1,0
febrl2,0.76,660,1,1,1,1,0,1,0
febrl2,0.76,2907,1,1,1,1,0,1,0
febrl2,0.76,920,1,1,1,1,0,1,0
febrl2,0.76,2785,1,1,1,1,0,1,0
febrl2,0.76,2105,1,1,1,1,0,1,0
febrl2,0.76,3343,1,1,1,1,0,1,0
febrl2,0.76,269,1,1,1,1,0,1,0
febrl2,0.76,2681,1,1,1,1,0,1,0
febrl2,0.76,3689,1,1,1,1,0,1,0
febrl2,0.76,3243,1,1,1,1,0,1,0
febrl2,0.76,1759,1,1,1,1,0,1,0
febrl2,0.76,5,1,1,1,1,0,1,0
febrl2,0.76,1462,1,1,1,1,0,1,0
febrl2,0.76,915,1,1,1,1,0,1,0
febrl2,0.76,2628,1,1,1,1,0,1,0
febrl2,0.76,241,1,1,1,1,0,1,0
febrl2,0.76,353,1,1,1,1,0,1,0
febrl2,0.76,775,1,1,1,1,0,1,0
febrl2,0.76,1153,1,1,1,1,0,1,0
febrl2,0.76,3578,1,1,1,1,0,1,0
febrl2,0.76,288,1,1,1,1,0,1,0
febrl2,0.76,1276,1,1,1,1,0,1,0
febrl2,0.76,3793,1,1,1,1,0,1,0
febrl2,0.76,3895,1,1,1,1,0,1,0
febrl2,0.76,2471,1,1,1,1,0,1,0
febrl2,0.76,1351,1,1,1,1,0,1,0
febrl2,0.76,1064,1,1,1,1,0,1,0
febrl2,0.76,3271,1,1,1,1,0,1,0
febrl2,0.76,3816,1,1,1,1,0,1,0
febrl2,0.76,3002,1,1,1,1,0,1,0
febrl2,0.76,826,1,1,1,1,0,1,0
febrl2,0.76,1546,1,1,1,1,0,1,0
febrl2,0.76,2567,1,1,1,1,0,1,0
febrl2,0.76,624,1,1,1,1,0,1,0
febrl2,0.76,1387,1,1,1,1,0,1,0
febrl2,0.76,3683,1,1,1,1,0,1,0
febrl2,0.76,1623,1,1,1,1,0,1,0
febrl2,0.76,2739,1,1,1,1,0,1,0
febrl2,0.76,3852,1,1,1,1,0,1,0
febrl2,0.76,3784,1,1,1,1,0,1,0
febrl2,0.76,1614,1,1,1,1,0,1,0
febrl2,0.76,2051,1,1,1,1,0,1,0
febrl2,0.76,2107,1,1,1,1,0,1,0
febrl2,0.76,561,1,1,1,1,0,1,0
febrl2,0.76,810,1,1,1,1,0,1,0
febrl2,0.76,2382,1,1,1,1,0,1,0
febrl2,0.76,1907,1,1,1,1,0,1,0
febrl2,0.76,676,1,1,1,1,0,1,0
febrl2,0.76,1394,1,1,1,1,0,1,0
febrl2,0.76,326,1,1,1,1,0,1,0
febrl2,0.76,1971,1,1,1,1,0,1,0
febrl2,0.76,114,1,1,1,1,0,1,0
febrl2,0.76,3432,1,1,1,1,0,1,0
febrl2,0.76,1941,1,1,1,1,0,1,0
febrl2,0.76,3898,1,1,1,1,0,1,0
febrl2,0.76,260,1,1,1,1,0,1,0
febrl2,0.76,2188,1,1,1,1,0,1,0
febrl2,0.76,970,1,1,1,1,0,1,0
febrl2,0.76,3006,1,1,1,1,0,1,0
febrl2,0.76,1214,1,1,1,1,0,1,0
febrl2,0.76,221,1,1,1,1,0,1,0
febrl2,0.76,1803,1,1,1,1,0,1,0
febrl2,0.76,2980,1,1,1,1,0,1,0
febrl2,0.76,3743,1,1,1,1,0,1,0
febrl2,0.76,3540,1,1,1,1,0,1,0
febrl2,0.76,3941,1,1,1,1,0,1,0
febrl2,0.76,3501,1,1,1,1,0,1,0
febrl2,0.76,1607,1,1,1,1,0,1,0
febrl2,0.76,265,1,1,1,1,0,1,0
febrl2,0.76,3758,1,1,1,1,0,1,0
febrl2,0.76,2248,1,1,1,1,0,1,0
febrl2,0.76,547,1,1,1,1,0,1,0
febrl2,0.76,2383,1,1,1,1,0,1,0
febrl2,0.76,3971,1,1,1,1,0,1,0
febrl2,0.76,1714,1,1,1,1,0,1,0
febrl2,0.76,591,1,1,1,1,0,1,0
febrl2,0.76,2252,1,1,1,1,0,1,0
febrl2,0.76,1415,1,1,1,1,0,1,0
febrl2,0.76,3638,1,1,2,1,1,2,1
febrl2,0.76,680,1,1,1,1,0,1,0
febrl2,0.76,3751,1,1,1,1,0,1,0
febrl2,0.76,2776,1,1,1,1,0,1,0
febrl2,0.76,2194,1,1,2,1,1,2,1
febrl2,0.76,2157,1,1,1,1,0,1,0
febrl2,0.76,1238,1,1,1,1,0,1,0
febrl2,0.76,1754,1,1,1,1,0,1,0
febrl2,0.76,2601,1,1,1,1,0,1,0
febrl2,0.76,3380,1,1,1,1,0,1,0
febrl2,0.76,840,1,1,1,1,0,1,0
febrl2,0.76,2957,1,1,1,1,0,1,0
febrl2,0.76,3640,1,1,1,1,0,1,0
febrl2,0.76,3194,1,1,1,1,0,1,0
febrl2,0.76,1023,1,1,1,1,0,1,0
febrl2,0.76,850,1,1,1,1,0,1,0
febrl2,0.76,2872,1,1,1,1,0,1,0
febrl2,0.76,3234,1,1,1,1,0,1,0
febrl2,0.76,2343,1,1,1,1,0,1,0
febrl2,0.76,2788,1,1,1,1,0,1,0
febrl2,0.76,2520,1,1,1,1,0,1,0
febrl2,0.76,2432,1,1,1,1,0,1,0
febrl2,0.76,3106,1,1,1,1,0,1,0
febrl2,0.76,1615,1,1,1,1,0,1,0
febrl2,0.76,2485,1,1,1,1,0,1,0
febrl2,0.76,2835,1,1,1,1,0,1,0
febrl2,0.76,3541,1,1,1,1,0,1,0
febrl2,0.76,2322,3,1,3,1,0,1,0
febrl2,0.76,1375,1,1,1,1,0,1,0
febrl2,0.76,1620,1,1,1,1,0,1,0
febrl2,0.76,3648,1,1,1,1,0,1,0
febrl2,0.76,2203,1,1,1,1,0,1,0
febrl2,0.76,3661,1,1,1,1,0,1,0
febrl2,0.76,3582,1,1,1,1,0,1,0
febrl2,0.76,1624,1,1,1,1,0,1,0
febrl2,0.76,91,1,1,1,1,0,1,0
febrl2,0.76,165,1,1,1,1,0,1,0
febrl2,0.76,1611,1,1,1,1,0,1,0
febrl2,0.76,2456,1,1,1,1,0,1,0
febrl2,0.76,3413,1,1,1,1,0,1,0
febrl2,0.76,2655,1,1,1,1,0,1,0
febrl2,0.76,1354,1,1,1,1,0,1,0
febrl2,0.76,3655,1,1,1,1,0,1,0
febrl2,0.76,961,1,1,1,1,0,1,0
febrl2,0.76,1584,1,1,1,1,0,1,0
febrl2,0.76,2395,1,1,1,1,0,1,0
febrl2,0.76,2275,1,1,1,1,0,1,0
febrl2,0.76,2300,1,1,1,1,0,1,0
febrl2,0.76,3209,1,1,1,1,0,1,0
febrl2,0.76,3957,1,1,1,1,0,1,0
febrl2,0.76,3230,1,1,1,1,0,1,0
febrl2,0.76,2253,1,1,4,1,1,2,3
febrl2,0.76,1520,1,1,1,1,0,1,0
febrl2,0.76,1277,1,1,1,1,0,1,0
febrl2,0.76,1247,1,1,1,1,0,1,0
febrl2,0.76,2292,1,1,1,1,0,1,0
febrl2,0.76,3795,1,1,1,1,0,1,0
febrl2,0.76,1263,1,1,1,1,0,1,0
febrl2,0.76,1059,1,1,1,1,0,1,0
febrl2,0.76,1887,1,1,1,1,0,1,0
febrl2,0.76,2511,1,1,1,1,0,1,0
febrl2,0.76,1337,1,1,1,1,0,1,0
febrl2,0.76,66,1,1,1,1,0,1,0
febrl2,0.76,2010,1,1,1,1,0,1,0
febrl2,0.76,3286,1,1,1,1,0,1,0
febrl2,0.76,607,1,1,1,1,0,1,0
febrl2,0.76,2720,1,1,1,1,0,1,0
febrl2,0.76,1071,1,1,1,1,0,1,0
febrl2,0.76,701,1,1,1,1,0,1,0
febrl2,0.76,1723,1,1,1,1,0,1,0
febrl2,0.76,3820,1,1,1,1,0,1,0
febrl2,0.76,1671,1,1,1,1,0,1,0
febrl2,0.76,809,1,1,1,1,0,1,0
febrl2,0.76,3609,1,1,1,1,0,1,0
febrl2,0.76,1635,1,1,1,1,0,1,0
febrl2,0.76,2530,1,1,3,1,2,3,2
febrl2,0.76,2674,1,1,1,1,0,1,0
febrl2,0.76,1830,1,1,1,1,0,1,0
febrl2,0.76,1841,1,1,1,1,0,1,0
febrl2,0.76,453,1,1,1,1,0,1,0
febrl2,0.76,3822,1,1,1,1,0,1,0
febrl2,0.76,3961,1,1,1,1,0,1,0
febrl2,0.76,3475,1,1,1,1,0,1,0
febrl2,0.76,3052,1,1,1,1,0,1,0
febrl2,0.76,816,1,1,1,1,0,1,0
febrl2,0.76,3926,1,1,1,1,0,1,0
febrl2,0.76,3122,2,1,2,1,0,1,0
febrl2,0.76,2117,1,1,1,1,0,1,0
febrl2,0.76,3997,1,1,1,1,0,1,0
febrl2,0.76,3943,1,1,1,1,0,1,0
febrl2,0.76,2971,1,1,1,1,0,1,0
febrl2,0.76,3807,1,1,1,1,0,1,0
febrl2,0.76,3111,1,1,1,1,0,1,0
febrl2,0.76,2623,1,1,1,1,0,1,0
febrl2,0.76,2246,1,1,1,1,0,1,0
febrl2,0.76,469,1,1,1,1,0,1,0
febrl2,0.76,1811,1,1,1,1,0,1,0
febrl2,0.76,477,1,1,1,1,0,1,0
febrl2,0.76,1216,4,1,4,1,0,1,0
febrl2,0.76,210,1,1,1,1,0,1,0
febrl2,0.76,3470,1,1,1,1,0,1,0
febrl2,0.76,611,1,1,1,1,0,1,0
febrl2,0.76,92,1,1,1,1,0,1,0
febrl2,0.76,1861,1,1,1,1,0,1,0
febrl2,0.76,1500,1,1,1,1,0,1,0
febrl2,0.76,3079,1,1,1,1,0,1,0
febrl2,0.76,483,1,1,1,1,0,1,0
febrl2,0.76,726,1,1,1,1,0,1,0
febrl2,0.76,828,1,1,1,1,0,1,0
febrl2,0.76,1413,1,1,1,1,0,1,0
febrl2,0.76,3532,1,1,1,1,0,1,0
febrl2,0.76,2743,1,1,1,1,0,1,0
febrl2,0.76,416,1,1,1,1,0,1,0
febrl2,0.76,1067,1,1,1,1,0,1,0
febrl2,0.76,585,1,1,1,1,0,1,0
febrl2,0.76,3296,1,1,1,1,0,1,0
febrl2,0.76,3359,1,1,1,1,0,1,0
febrl2,0.76,2605,1,1,1,1,0,1,0
febrl2,0.76,1688,1,1,1,1,0,1,0
febrl2,0.76,737,1,1,1,1,0,1,0
febrl2,0.76,2421,1,1,1,1,0,1,0
febrl2,0.76,1525,1,1,1,1,0,1,0
febrl2,0.76,766,1,1,1,1,0,1,0
febrl2,0.76,2536,1,1,1,1,0,1,0
febrl2,0.76,3279,1,1,1,1,0,1,0
febrl2,0.76,3882,1,1,1,1,0,1,0
febrl2,0.76,1572,1,1,1,1,0,1,0
febrl2,0.76,1547,1,1,1,1,0,1,0
febrl2,0.76,3539,1,1,1,1,0,1,0
febrl2,0.76,3242,1,1,1,1,0,1,0
febrl2,0.76,1163,1,1,1,1,0,1,0
febrl2,0.76,1386,1,1,1,1,0,1,0
febrl2,0.76,3259,1,1,1,1,0,1,0
febrl2,0.76,2482,1,1,1,1,0,1,0
febrl2,0.76,1783,1,1,1,1,0,1,0
febrl2,0.76,2854,1,1,1,1,0,1,0
febrl2,0.76,2680,1,1,2,1,1,2,1
febrl2,0.76,3719,1,1,1,1,0,1,0
febrl2,0.76,2939,1,1,1,1,0,1,0
febrl2,0.76,2603,1,1,1,1,0,1,0
febrl2,0.76,2308,1,1,1,1,0,1,0
febrl2,0.76,1262,1,1,1,1,0,1,0
febrl2,0.76,1117,1,1,1,1,0,1,0
febrl2,0.76,3423,1,1,1,1,0,1,0
febrl2,0.76,1676,1,1,1,1,0,1,0
febrl2,0.76,1702,1,1,1,1,0,1,0
febrl2,0.76,1079,1,1,1,1,0,1,0
febrl2,0.76,3257,1,1,1,1,0,1,0
febrl2,0.76,1965,1,1,1,1,0,1,0
febrl2,0.76,3725,1,1,1,1,0,1,0
febrl2,0.76,2020,1,1,1,1,0,1,0
febrl2,0.76,3522,1,1,1,1,0,1,0
febrl2,0.76,893,1,1,1,1,0,1,0
febrl2,0.76,1998,1,1,1,1,0,1,0
febrl2,0.76,628,1,1,1,1,0,1,0
febrl2,0.76,630,1,1,1,1,0,1,0
febrl2,0.76,3920,1,1,1,1,0,1,0
febrl2,0.76,161,1,1,1,1,0,1,0
febrl2,0.76,1429,1,1,1,1,0,1,0
febrl2,0.76,3310,1,1,1,1,0,1,0
febrl2,0.76,3922,1,1,1,1,0,1,0
febrl2,0.76,1353,1,1,1,1,0,1,0
febrl2,0.76,2481,1,1,1,1,0,1,0
febrl2,0.76,3853,1,1,1,1,0,1,0
febrl2,0.76,2420,1,1,1,1,0,1,0
febrl2,0.76,3726,1,1,1,1,0,1,0
febrl2,0.76,921,1,1,1,1,0,1,0
febrl2,0.76,1037,1,1,1,1,0,1,0
febrl2,0.76,2067,1,1,1,1,0,1,0
febrl2,0.76,550,1,1,1,1,0,1,0
febrl2,0.76,152,1,1,1,1,0,1,0
febrl2,0.76,787,1,1,1,1,0,1,0
febrl2,0.76,2317,1,1,1,1,0,1,0
febrl2,0.76,2862,1,1,1,1,0,1,0
febrl2,0.76,82,1,1,1,1,0,1,0
febrl2,0.76,1251,1,1,1,1,0,1,0
febrl2,0.76,3150,1,1,1,1,0,1,0
febrl2,0.76,753,1,1,1,1,0,1,0
febrl2,0.76,430,1,1,1,1,0,1,0
febrl2,0.76,3304,3,1,3,1,0,1,0
febrl2,0.76,1983,1,1,1,1,0,1,0
febrl2,0.76,178,1,1,1,1,0,1,0
febrl2,0.76,1587,1,1,1,1,0,1,0
febrl2,0.76,2214,1,1,1,1,0,1,0
febrl2,0.76,231,1,1,1,1,0,1,0
febrl2,0.76,1028,1,1,1,1,0,1,0
febrl2,0.76,3223,1,1,1,1,0,1,0
febrl2,0.76,797,1,1,1,1,0,1,0
febrl2,0.76,1412,1,1,1,1,0,1,0
febrl2,0.76,1602,1,1,1,1,0,1,0
febrl2,0.76,309,1,1,1,1,0,1,0
febrl2,0.76,1994,1,1,1,1,0,1,0
febrl2,0.76,1553,1,1,1,1,0,1,0
febrl2,0.76,2807,1,1,1,1,0,1,0
febrl2,0.76,3039,1,1,1,1,0,1,0
febrl2,0.76,116,1,1,1,1,0,1,0
febrl2,0.76,3190,1,1,1,1,0,1,0
febrl2,0.76,3469,1,1,1,1,0,1,0
febrl2,0.76,2602,1,1,1,1,0,1,0
febrl2,0.76,36,1,1,1,1,0,1,0
febrl2,0.76,2547,1,1,1,1,0,1,0
febrl2,0.76,1852,1,1,1,1,0,1,0
febrl2,0.76,425,1,1,1,1,0,1,0
febrl2,0.76,1029,1,1,1,1,0,1,0
febrl2,0.76,141,3,1,3,1,0,1,0
febrl2,0.76,1344,1,1,2,1,1,2,1
febrl2,0.76,3555,1,1,1,1,0,1,0
febrl2,0.76,1846,1,1,1,1,0,1,0
febrl2,0.76,1616,1,1,1,1,0,1,0
febrl2,0.76,1895,1,1,1,1,0,1,0
febrl2,0.76,3132,1,1,1,1,0,1,0
febrl2,0.76,2294,1,1,1,1,0,1,0
febrl2,0.76,3345,1,1,1,1,0,1,0
febrl2,0.76,3439,1,1,1,1,0,1,0
febrl2,0.76,3126,1,1,1,1,0,1,0
febrl2,0.76,340,1,1,1,1,0,1,0
febrl2,0.76,2723,1,1,1,1,0,1,0
febrl2,0.76,572,1,1,1,1,0,1,0
febrl2,0.76,866,1,1,1,1,0,1,0
febrl2,0.76,839,1,1,1,1,0,1,0
febrl2,0.76,1555,1,1,1,1,0,1,0
febrl2,0.76,2791,1,1,1,1,0,1,0
febrl2,0.76,2780,1,1,1,1,0,1,0
febrl2,0.76,3665,1,1,1,1,0,1,0
febrl2,0.76,1812,1,1,1,1,0,1,0
febrl2,0.76,3340,1,1,1,1,0,1,0
febrl2,0.76,2812,1,1,1,1,0,1,0
febrl2,0.76,2641,1,1,1,1,0,1,0
febrl2,0.76,1969,1,1,1,1,0,1,0
febrl2,0.76,749,1,1,1,1,0,1,0
febrl2,0.76,3325,1,1,1,1,0,1,0
febrl2,0.76,25,1,1,1,1,0,1,0
febrl2,0.76,862,1,1,1,1,0,1,0
febrl2,0.76,2016,1,1,1,1,0,1,0
febrl2,0.76,1448,1,1,1,1,0,1,0
febrl2,0.76,2218,1,1,1,1,0,1,0
febrl2,0.76,2325,1,1,1,1,0,1,0
febrl2,0.76,3894,1,1,1,1,0,1,0
febrl2,0.76,836,1,1,1,1,0,1,0
febrl2,0.76,1173,1,1,1,1,0,1,0
febrl2,0.76,2405,1,1,1,1,0,1,0
febrl2,0.76,2371,1,1,1,1,0,1,0
febrl2,0.76,3644,1,1,1,1,0,1,0
febrl2,0.76,3182,1,1,1,1,0,1,0
febrl2,0.76,2898,1,1,1,1,0,1,0
febrl2,0.76,788,1,1,1,1,0,1,0
febrl2,0.76,1780,1,1,1,1,0,1,0
febrl2,0.76,2692,1,1,1,1,0,1,0
febrl2,0.76,3958,1,1,1,1,0,1,0
febrl2,0.76,2111,1,1,1,1,0,1,0
febrl2,0.76,1737,1,1,1,1,0,1,0
febrl2,0.76,860,1,1,1,1,0,1,0
febrl2,0.76,2700,1,1,1,1,0,1,0
febrl2,0.76,3801,1,1,1,1,0,1,0
febrl2,0.76,974,1,1,1,1,0,1,0
febrl2,0.76,2147,1,1,1,1,0,1,0
febrl2,0.76,1208,1,1,1,1,0,1,0
febrl2,0.76,2897,1,1,1,1,0,1,0
febrl2,0.76,621,1,1,1,1,0,1,0
febrl2,0.76,377,1,1,1,1,0,1,0
febrl2,0.76,2588,1,1,1,1,0,1,0
febrl2,0.76,3874,1,1,1,1,0,1,0
febrl2,0.76,1551,1,1,1,1,0,1,0
febrl2,0.76,709,1,1,1,1,0,1,0
febrl2,0.76,888,1,1,1,1,0,1,0
febrl2,0.76,3047,1,1,1,1,0,1,0
febrl2,0.76,3198,1,1,1,1,0,1,0
febrl2,0.76,1176,1,1,1,1,0,1,0
febrl2,0.76,410,1,1,1,1,0,1,0
febrl2,0.76,216,1,1,1,1,0,1,0
febrl2,0.76,1174,1,1,1,1,0,1,0
febrl2,0.76,137,1,1,1,1,0,1,0
febrl2,0.76,1875,1,1,1,1,0,1,0
febrl2,0.76,1864,1,1,1,1,0,1,0
febrl2,0.76,2690,1,1,1,1,0,1,0
febrl2,0.76,3557,1,1,1,1,0,1,0
febrl2,0.76,3740,1,1,1,1,0,1,0
febrl2,0.76,49,1,1,1,1,0,1,0
febrl2,0.76,2207,1,1,1,1,0,1,0
febrl2,0.76,716,1,1,1,1,0,1,0
febrl2,0.76,2487,1,1,1,1,0,1,0
febrl2,0.76,1107,1,1,1,1,0,1,0
febrl2,0.76,3049,1,1,1,1,0,1,0
febrl2,0.76,562,1,1,1,1,0,1,0
febrl2,0.76,3136,1,1,1,1,0,1,0
febrl2,0.76,559,1,1,2,1,1,2,1
febrl2,0.76,245,1,1,1,1,0,1,0
febrl2,0.76,162,1,1,1,1,0,1,0
febrl2,0.76,1115,1,1,1,1,0,1,0
febrl2,0.76,911,1,1,1,1,0,1,0
febrl2,0.76,382,1,1,2,1,1,2,1
febrl2,0.76,1182,1,1,1,1,0,1,0
febrl2,0.76,439,1,1,1,1,0,1,0
febrl2,0.76,1361,1,1,1,1,0,1,0
febrl2,0.76,778,1,1,1,1,0,1,0
febrl2,0.76,34,1,1,1,1,0,1,0
febrl2,0.76,2861,1,1,1,1,0,1,0
febrl2,0.76,318,1,1,1,1,0,1,0
febrl2,0.76,3744,1,1,1,1,0,1,0
febrl2,0.76,1570,1,1,1,1,0,1,0
febrl2,0.76,2656,1,1,1,1,0,1,0
febrl2,0.76,3477,1,1,1,1,0,1,0
febrl2,0.76,966,1,1,1,1,0,1,0
febrl2,0.76,1210,1,1,2,1,1,2,1
febrl2,0.76,2146,1,1,1,1,0,1,0
febrl2,0.76,603,1,1,1,1,0,1,0
febrl2,0.76,750,1,1,1,1,0,1,0
febrl2,0.76,1788,1,1,1,1,0,1,0
febrl2,0.76,3112,1,1,1,1,0,1,0
febrl2,0.76,3955,1,1,1,1,0,1,0
febrl2,0.76,491,1,1,1,1,0,1,0
febrl2,0.76,30,1,1,1,1,0,1,0
febrl2,0.76,3165,1,1,1,1,0,1,0
febrl2,0.76,1834,1,1,1,1,0,1,0
febrl2,0.76,405,1,1,1,1,0,1,0
febrl2,0.76,2550,1,1,1,1,0,1,0
febrl2,0.76,700,1,1,1,1,0,1,0
febrl2,0.76,468,1,1,1,1,0,1,0
febrl2,0.76,1924,1,1,1,1,0,1,0
febrl2,0.76,520,1,1,1,1,0,1,0
febrl2,0.76,3264,1,1,1,1,0,1,0
febrl2,0.76,673,1,1,1,1,0,1,0
febrl2,0.76,2838,1,1,1,1,0,1,0
febrl2,0.76,1350,1,1,1,1,0,1,0
febrl2,0.76,2737,1,1,1,1,0,1,0
febrl2,0.76,263,1,1,1,1,0,1,0
febrl2,0.76,3024,1,1,1,1,0,1,0
febrl2,0.76,3979,1,1,1,1,0,1,0
febrl2,0.76,2946,1,1,1,1,0,1,0
febrl2,0.76,1923,1,1,1,1,0,1,0
febrl2,0.76,1181,1,1,1,1,0,1,0
febrl2,0.76,1802,1,1,1,1,0,1,0
febrl2,0.76,1741,1,1,1,1,0,1,0
febrl2,0.76,202,1,1,1,1,0,1,0
febrl2,0.76,3016,1,1,1,1,0,1,0
febrl2,0.76,1031,1,1,1,1,0,1,0
febrl2,0.76,1526,1,1,1,1,0,1,0
febrl2,0.76,706,1,1,1,1,0,1,0
febrl2,0.76,154,1,1,1,1,0,1,0
febrl2,0.76,1405,1,1,1,1,0,1,0
febrl2,0.76,3179,1,1,1,1,0,1,0
febrl2,0.76,296,1,1,1,1,0,1,0
febrl2,0.76,312,1,1,1,1,0,1,0
febrl2,0.76,1121,1,1,1,1,0,1,0
febrl2,0.76,1952,1,1,1,1,0,1,0
febrl2,0.76,812,1,1,1,1,0,1,0
febrl2,0.76,2079,1,1,1,1,0,1,0
febrl2,0.76,1927,1,1,1,1,0,1,0
febrl2,0.76,650,1,1,1,1,0,1,0
febrl2,0.76,2231,1,1,1,1,0,1,0
febrl2,0.76,379,1,1,1,1,0,1,0
febrl2,0.76,3617,1,1,1,1,0,1,0
febrl2,0.76,1820,1,1,1,1,0,1,0
febrl2,0.76,1292,1,1,2,1,1,2,1
febrl2,0.76,2730,1,1,1,1,0,1,0
febrl2,0.76,214,1,1,1,1,0,1,0
febrl2,0.76,3161,1,1,1,1,0,1,0
febrl2,0.76,2826,1,1,1,1,0,1,0
febrl2,0.76,1911,1,1,1,1,0,1,0
febrl2,0.76,1853,1,1,1,1,0,1,0
febrl2,0.76,2533,1,1,1,1,0,1,0
febrl2,0.76,870,1,1,1,1,0,1,0
febrl2,0.76,3071,1,1,1,1,0,1,0
febrl2,0.76,2911,1,1,1,1,0,1,0
febrl2,0.76,2397,1,1,1,1,0,1,0
febrl2,0.76,1280,1,1,1,1,0,1,0
febrl2,0.76,1203,1,1,2,1,1,2,1
febrl2,0.76,2450,1,1,1,1,0,1,0
febrl2,0.76,2587,1,1,1,1,0,1,0
febrl2,0.76,3091,1,1,1,1,0,1,0
febrl2,0.76,2438,1,1,1,1,0,1,0
febrl2,0.76,648,1,1,1,1,0,1,0
febrl2,0.76,1928,1,1,1,1,0,1,0
febrl2,0.76,754,1,1,1,1,0,1,0
febrl2,0.76,2524,1,1,1,1,0,1,0
febrl2,0.76,3265,1,1,1,1,0,1,0
febrl2,0.76,2577,1,1,1,1,0,1,0
febrl2,0.76,1414,1,1,1,1,0,1,0
febrl2,0.76,270,1,1,1,1,0,1,0
febrl2,0.76,2866,1,1,1,1,0,1,0
febrl2,0.76,361,1,1,1,1,0,1,0
febrl2,0.76,2049,1,1,1,1,0,1,0
febrl2,0.76,2095,1,1,1,1,0,1,0
febrl2,0.76,3577,1,1,1,1,0,1,0
febrl2,0.76,2124,1,1,1,1,0,1,0
febrl2,0.76,437,1,1,1,1,0,1,0
febrl2,0.76,383,1,1,1,1,0,1,0
febrl2,0.76,2115,1,1,1,1,0,1,0
febrl2,0.76,3724,1,1,1,1,0,1,0
febrl2,0.76,1035,3,1,3,1,0,1,0
febrl2,0.76,1360,1,1,1,1,0,1,0
febrl2,0.76,3012,1,1,1,1,0,1,0
febrl2,0.76,293,1,1,1,1,0,1,0
febrl2,0.76,614,1,1,1,1,0,1,0
febrl2,0.76,1709,1,1,1,1,0,1,0
febrl2,0.76,2257,1,1,1,1,0,1,0
febrl2,0.76,1260,1,1,1,1,0,1,0
febrl2,0.76,2412,1,1,1,1,0,1,0
febrl2,0.76,3944,1,1,1,1,0,1,0
febrl2,0.76,2561,1,1,1,1,0,1,0
febrl2,0.76,2864,1,1,1,1,0,1,0
febrl2,0.76,2380,1,1,1,1,0,1,0
febrl2,0.76,206,1,1,1,1,0,1,0
febrl2,0.76,467,1,1,1,1,0,1,0
febrl2,0.76,3538,1,1,1,1,0,1,0
febrl2,0.76,1134,1,1,1,1,0,1,0
febrl2,0.76,1225,1,1,1,1,0,1,0
febrl2,0.76,2441,1,1,1,1,0,1,0
febrl2,0.76,1689,1,1,1,1,0,1,0
febrl2,0.76,851,1,1,1,1,0,1,0
febrl2,0.76,3463,1,1,1,1,0,1,0
febrl2,0.76,1643,1,1,1,1,0,1,0
febrl2,0.76,53,1,1,1,1,0,1,0
febrl2,0.76,1110,1,1,1,1,0,1,0
febrl2,0.76,1165,1,1,1,1,0,1,0
febrl2,0.76,212,1,1,1,1,0,1,0
febrl2,0.76,1793,1,1,1,1,0,1,0
febrl2,0.76,1798,1,1,1,1,0,1,0
febrl2,0.76,3549,1,1,1,1,0,1,0
febrl2,0.76,2819,1,1,1,1,0,1,0
febrl2,0.76,471,1,1,1,1,0,1,0
febrl2,0.76,2189,1,1,1,1,0,1,0
febrl2,0.76,2702,1,1,1,1,0,1,0
febrl2,0.76,927,1,1,1,1,0,1,0
febrl2,0.76,2304,1,1,1,1,0,1,0
febrl2,0.76,3206,1,1,1,1,0,1,0
febrl2,0.76,2726,1,1,1,1,0,1,0
febrl2,0.76,2634,1,1,1,1,0,1,0
febrl2,0.76,19,1,1,1,1,0,1,0
febrl2,0.76,2037,1,1,1,1,0,1,0
febrl2,0.76,122,1,1,1,1,0,1,0
febrl2,0.76,1813,1,1,1,1,0,1,0
febrl2,0.76,2915,2,1,2,1,0,1,0
febrl2,0.76,529,1,1,1,1,0,1,0
febrl2,0.76,1954,1,1,1,1,0,1,0
febrl2,0.76,2094,1,1,1,1,0,1,0
febrl2,0.76,1664,1,1,1,1,0,1,0
febrl2,0.76,3490,1,1,1,1,0,1,0
febrl2,0.76,678,2,1,2,1,0,1,0
febrl2,0.76,2975,1,1,1,1,0,1,0
febrl2,0.76,197,1,1,1,1,0,1,0
febrl2,0.76,264,1,1,1,1,0,1,0
febrl2,0.76,3454,1,1,1,1,0,1,0
febrl2,0.76,3518,1,1,1,1,0,1,0
febrl2,0.76,679,1,1,1,1,0,1,0
febrl2,0.76,1483,1,1,1,1,0,1,0
febrl2,0.76,1779,1,1,1,1,0,1,0
febrl2,0.76,530,1,1,2,1,1,2,1
febrl2,0.76,3869,1,1,1,1,0,1,0
febrl2,0.76,168,1,1,1,1,0,1,0
febrl2,0.76,784,1,1,1,1,0,1,0
febrl2,0.76,1538,1,1,1,1,0,1,0
febrl2,0.76,108,1,1,1,1,0,1,0
febrl2,0.76,1402,1,1,1,1,0,1,0
febrl2,0.76,2223,1,1,1,1,0,1,0
febrl2,0.76,2387,1,1,1,1,0,1,0
febrl2,0.76,1674,1,1,1,1,0,1,0
febrl2,0.76,125,1,1,1,1,0,1,0
febrl2,0.76,827,1,1,1,1,0,1,0
febrl2,0.76,3493,1,1,1,1,0,1,0
febrl2,0.76,2684,1,1,1,1,0,1,0
febrl2,0.76,2396,1,1,1,1,0,1,0
febrl2,0.76,958,1,1,1,1,0,1,0
febrl2,0.76,121,1,1,1,1,0,1,0
febrl2,0.76,3809,1,1,1,1,0,1,0
febrl2,0.76,2870,1,1,1,1,0,1,0
febrl2,0.76,2338,1,1,3,1,1,2,2
febrl2,0.76,1218,1,1,1,1,0,1,0
febrl2,0.76,1518,1,1,1,1,0,1,0
febrl2,0.76,3078,1,1,1,1,0,1,0
febrl2,0.76,3030,1,1,1,1,0,1,0
febrl2,0.76,3289,1,1,1,1,0,1,0
febrl2,0.76,257,1,1,1,1,0,1,0
febrl2,0.76,3351,1,1,1,1,0,1,0
febrl2,0.76,205,1,1,1,1,0,1,0
febrl2,0.76,461,1,1,1,1,0,1,0
febrl2,0.76,1896,1,1,1,1,0,1,0
febrl2,0.76,1922,1,1,1,1,0,1,0
febrl2,0.76,2706,1,1,1,1,0,1,0
febrl2,0.76,193,1,1,1,1,0,1,0
febrl2,0.76,1713,1,1,1,1,0,1,0
febrl2,0.76,2352,1,1,1,1,0,1,0
febrl2,0.76,3055,1,1,1,1,0,1,0
febrl2,0.76,2521,1,1,1,1,0,1,0
febrl2,0.76,3378,1,1,1,1,0,1,0
febrl2,0.76,1787,1,1,1,1,0,1,0
febrl2,0.76,3250,1,1,1,1,0,1,0
febrl2,0.76,2057,1,1,1,1,0,1,0
febrl2,0.76,1739,1,1,1,1,0,1,0
febrl2,0.76,2288,1,1,1,1,0,1,0
febrl2,0.76,965,1,1,1,1,0,1,0
febrl2,0.76,2,1,1,1,1,0,1,0
febrl2,0.76,3220,1,1,1,1,0,1,0
febrl2,0.76,3737,1,1,1,1,0,1,0
febrl2,0.76,3669,1,1,1,1,0,1,0
febrl2,0.76,3350,1,1,1,1,0,1,0
febrl2,0.76,2947,1,1,1,1,0,1,0
febrl2,0.76,3010,1,1,1,1,0,1,0
febrl2,0.76,1296,1,1,1,1,0,1,0
febrl2,0.76,52,1,1,1,1,0,1,0
febrl2,0.76,3535,1,1,1,1,0,1,0
febrl2,0.76,2193,1,1,1,1,0,1,0
febrl2,0.76,1715,1,1,1,1,0,1,0
febrl2,0.76,85,1,1,1,1,0,1,0
febrl2,0.76,1532,1,1,1,1,0,1,0
febrl2,0.76,1250,2,1,2,1,0,1,0
febrl2,0.76,853,1,1,1,1,0,1,0
febrl2,0.76,1345,1,1,1,1,0,1,0
febrl2,0.76,2841,1,1,1,1,0,1,0
febrl2,0.76,3186,1,1,1,1,0,1,0
febrl2,0.76,2187,1,1,1,1,0,1,0
febrl2,0.76,3502,1,1,1,1,0,1,0
febrl2,0.76,3975,1,1,1,1,0,1,0
febrl2,0.76,9,1,1,1,1,0,1,0
febrl2,0.76,2243,1,1,1,1,0,1,0
febrl2,0.76,3712,1,1,1,1,0,1,0
febrl2,0.76,308,1,1,1,1,0,1,0
febrl2,0.76,963,1,1,1,1,0,1,0
febrl2,0.76,1851,1,1,1,1,0,1,0
febrl2,0.76,642,1,1,1,1,0,1,0
febrl2,0.76,3676,1,1,1,1,0,1,0
febrl2,0.76,2509,1,1,1,1,0,1,0
febrl2,0.76,1054,1,1,1,1,0,1,0
febrl2,0.76,2759,1,1,1,1,0,1,0
febrl2,0.76,2091,1,1,1,1,0,1,0
febrl2,0.76,1933,1,1,1,1,0,1,0
febrl2,0.76,2492,1,1,1,1,0,1,0
febrl2,0.76,1253,1,1,1,1,0,1,0
febrl2,0.76,2422,1,1,1,1,0,1,0
febrl2,0.76,2472,1,1,1,1,0,1,0
febrl2,0.76,3240,1,1,1,1,0,1,0
febrl2,0.76,2917,1,1,1,1,0,1,0
febrl2,0.76,498,1,1,1,1,0,1,0
febrl2,0.76,427,1,1,1,1,0,1,0
febrl2,0.76,1105,1,1,1,1,0,1,0
febrl2,0.76,3315,1,1,4,1,1,2,3
febrl2,0.76,1498,1,1,1,1,0,1,0
febrl2,0.76,2614,1,1,1,1,0,1,0
febrl2,0.76,3714,1,1,1,1,0,1,0
febrl2,0.76,277,1,1,1,1,0,1,0
febrl2,0.76,2102,1,1,1,1,0,1,0
febrl2,0.76,1449,1,1,1,1,0,1,0
febrl2,0.76,3153,1,1,1,1,0,1,0
febrl2,0.76,2913,1,1,1,1,0,1,0
febrl2,0.76,1910,1,1,1,1,0,1,0
febrl2,0.76,1283,1,1,1,1,0,1,0
febrl2,0.76,87,1,1,1,1,0,1,0
febrl2,0.76,3930,1,1,1,1,0,1,0
febrl2,0.76,1004,1,1,1,1,0,1,0
febrl2,0.76,2362,1,1,2,1,1,2,1
febrl2,0.76,2012,1,1,1,1,0,1,0
febrl2,0.76,2764,1,1,1,1,0,1,0
febrl2,0.76,2836,1,1,1,1,0,1,0
febrl2,0.76,1112,1,1,1,1,0,1,0
febrl2,0.76,2504,1,1,1,1,0,1,0
febrl2,0.76,3536,1,1,1,1,0,1,0
febrl2,0.76,2944,1,1,1,1,0,1,0
febrl2,0.76,1504,1,1,1,1,0,1,0
febrl2,0.76,3781,1,1,1,1,0,1,0
febrl2,0.76,792,1,1,1,1,0,1,0
febrl2,0.76,3667,1,1,1,1,0,1,0
febrl2,0.76,2685,1,1,1,1,0,1,0
febrl2,0.76,1180,1,1,1,1,0,1,0
febrl2,0.76,1828,1,1,1,1,0,1,0
febrl2,0.76,1906,1,1,1,1,0,1,0
febrl2,0.76,817,1,1,1,1,0,1,0
febrl2,0.76,3095,1,1,1,1,0,1,0
febrl2,0.76,1231,1,1,1,1,0,1,0
febrl2,0.76,3586,1,1,1,1,0,1,0
febrl2,0.76,1196,1,1,1,1,0,1,0
febrl2,0.76,1329,1,1,1,1,0,1,0
febrl2,0.76,806,1,1,1,1,0,1,0
febrl2,0.76,1041,1,1,1,1,0,1,0
febrl2,0.76,1427,1,1,1,1,0,1,0
febrl2,0.76,435,1,1,1,1,0,1,0
febrl2,0.76,177,1,1,1,1,0,1,0
febrl2,0.76,1705,1,1,1,1,0,1,0
febrl2,0.76,1451,1,1,1,1,0,1,0
febrl2,0.76,3581,1,1,1,1,0,1,0
febrl2,0.76,3794,1,1,1,1,0,1,0
febrl2,0.76,2699,1,1,1,1,0,1,0
febrl2,0.76,3863,1,1,1,1,0,1,0
febrl2,0.76,3233,1,1,1,1,0,1,0
febrl2,0.76,867,1,1,1,1,0,1,0
febrl2,0.76,1566,1,1,1,1,0,1,0
febrl2,0.76,2462,1,1,1,1,0,1,0
febrl2,0.76,474,1,1,1,1,0,1,0
febrl2,0.76,2008,1,1,1,1,0,1,0
febrl2,0.76,3746,1,1,1,1,0,1,0
febrl2,0.76,2990,1,1,1,1,0,1,0
febrl2,0.76,510,1,1,1,1,0,1,0
febrl2,0.76,2357,1,1,1,1,0,1,0
febrl2,0.76,1558,1,1,1,1,0,1,0
febrl2,0.76,1590,1,1,1,1,0,1,0
febrl2,0.76,656,1,1,1,1,0,1,0
febrl2,0.76,3735,1,1,1,1,0,1,0
febrl2,0.76,1751,1,1,1,1,0,1,0
febrl2,0.76,3,1,1,1,1,0,1,0
febrl2,0.76,3963,1,1,1,1,0,1,0
febrl2,0.76,3058,1,1,1,1,0,1,0
febrl2,0.76,1686,1,1,1,1,0,1,0
febrl2,0.76,1320,1,1,1,1,0,1,0
febrl2,0.76,1285,1,1,1,1,0,1,0
febrl2,0.76,1317,1,1,1,1,0,1,0
febrl2,0.76,3195,1,1,1,1,0,1,0
febrl2,0.76,1840,1,1,1,1,0,1,0
febrl2,0.76,3135,1,1,1,1,0,1,0
febrl2,0.76,940,1,1,1,1,0,1,0
febrl2,0.76,2615,1,1,1,1,0,1,0
febrl2,0.76,1084,1,1,1,1,0,1,0
febrl2,0.76,3268,1,1,1,1,0,1,0
febrl2,0.76,3798,1,1,1,1,0,1,0
febrl2,0.76,3003,1,1,1,1,0,1,0
febrl2,0.76,1732,1,1,1,1,0,1,0
febrl2,0.76,2631,1,1,1,1,0,1,0
febrl2,0.76,2606,1,1,1,1,0,1,0
febrl2,0.76,3690,1,1,1,1,0,1,0
febrl2,0.76,2454,1,1,1,1,0,1,0
febrl2,0.76,3399,1,1,1,1,0,1,0
febrl2,0.76,2537,1,1,1,1,0,1,0
febrl2,0.76,2114,1,1,1,1,0,1,0
febrl2,0.76,139,1,1,1,1,0,1,0
febrl2,0.76,3570,1,1,1,1,0,1,0
febrl2,0.76,2186,1,1,1,1,0,1,0
febrl2,0.76,2198,1,1,1,1,0,1,0
febrl2,0.76,3421,1,1,1,1,0,1,0
febrl2,0.76,2850,1,1,1,1,0,1,0
febrl2,0.76,631,1,1,1,1,0,1,0
febrl2,0.76,1103,1,1,1,1,0,1,0
febrl2,0.76,3670,1,1,1,1,0,1,0
febrl2,0.76,3966,1,1,1,1,0,1,0
febrl2,0.76,502,1,1,1,1,0,1,0
febrl2,0.76,2148,1,1,1,1,0,1,0
febrl2,0.76,3556,1,1,1,1,0,1,0
febrl2,0.76,2717,1,1,1,1,0,1,0
febrl2,0.76,932,1,1,1,1,0,1,0
febrl2,0.76,2900,1,1,1,1,0,1,0
febrl2,0.76,2394,1,1,1,1,0,1,0
febrl2,0.76,1947,1,1,1,1,0,1,0
febrl2,0.76,3634,1,1,1,1,0,1,0
febrl2,0.76,1999,1,1,1,1,0,1,0
febrl2,0.76,3913,1,1,1,1,0,1,0
febrl2,0.76,1818,1,1,1,1,0,1,0
febrl2,0.76,3918,1,1,1,1,0,1,0
febrl2,0.76,3124,1,1,1,1,0,1,0
febrl2,0.76,1205,1,1,1,1,0,1,0
febrl2,0.76,2703,1,1,1,1,0,1,0
febrl2,0.76,577,1,1,1,1,0,1,0
febrl2,0.76,1950,1,1,1,1,0,1,0
febrl2,0.76,1817,1,1,1,1,0,1,0
febrl2,0.76,2664,1,1,1,1,0,1,0
febrl2,0.76,2637,1,1,1,1,0,1,0
febrl2,0.76,3685,1,1,1,1,0,1,0
febrl2,0.76,2774,1,1,1,1,0,1,0
febrl2,0.76,2503,1,1,1,1,0,1,0
febrl2,0.76,1089,1,1,1,1,0,1,0
febrl2,0.76,1226,1,1,1,1,0,1,0
febrl2,0.76,180,1,1,1,1,0,1,0
febrl2,0.76,565,1,1,1,1,0,1,0
febrl2,0.76,1131,1,1,1,1,0,1,0
febrl2,0.76,1169,1,1,1,1,0,1,0
febrl2,0.76,244,1,1,1,1,0,1,0
febrl2,0.76,1836,1,1,1,1,0,1,0
febrl2,0.76,1088,1,1,1,1,0,1,0
febrl2,0.76,3904,1,1,1,1,0,1,0
febrl2,0.76,3162,1,1,1,1,0,1,0
febrl2,0.76,319,1,1,1,1,0,1,0
febrl2,0.76,144,1,1,1,1,0,1,0
febrl2,0.76,1348,1,1,1,1,0,1,0
febrl2,0.76,3764,1,1,1,1,0,1,0
febrl2,0.76,272,1,1,1,1,0,1,0
febrl2,0.76,1533,1,1,1,1,0,1,0
febrl2,0.76,2712,1,1,1,1,0,1,0
febrl2,0.76,3375,1,1,1,1,0,1,0
febrl2,0.76,3476,1,1,1,1,0,1,0
febrl2,0.76,2797,1,1,1,1,0,1,0
febrl2,0.76,526,2,1,2,1,0,1,0
febrl2,0.76,2486,1,1,1,1,0,1,0
febrl2,0.76,1690,1,1,1,1,0,1,0
febrl2,0.76,1396,1,1,1,1,0,1,0
febrl2,0.76,1199,1,1,2,1,1,2,1
febrl2,0.76,2179,1,1,1,1,0,1,0
febrl2,0.76,1881,1,1,1,1,0,1,0
febrl2,0.76,1939,1,1,1,1,0,1,0
febrl2,0.76,39,1,1,1,1,0,1,0
febrl2,0.76,111,1,1,1,1,0,1,0
febrl2,0.76,1839,1,1,1,1,0,1,0
febrl2,0.76,3651,1,1,1,1,0,1,0
febrl2,0.76,3180,1,1,1,1,0,1,0
febrl2,0.76,3107,1,1,1,1,0,1,0
febrl2,0.76,2197,1,1,1,1,0,1,0
febrl2,0.76,1140,1,1,1,1,0,1,0
febrl2,0.76,2005,1,1,1,1,0,1,0
febrl2,0.76,664,1,1,1,1,0,1,0
febrl2,0.76,2128,1,1,1,1,0,1,0
febrl2,0.76,3147,1,1,1,1,0,1,0
febrl2,0.76,295,1,1,1,1,0,1,0
febrl2,0.76,3887,1,1,1,1,0,1,0
febrl2,0.76,2118,1,1,1,1,0,1,0
febrl2,0.76,771,1,1,1,1,0,1,0
febrl2,0.76,711,1,1,1,1,0,1,0
febrl2,0.76,3757,1,1,1,1,0,1,0
febrl2,0.76,2576,1,1,3,1,1,2,2
febrl2,0.76,576,1,1,1,1,0,1,0
febrl2,0.76,671,1,1,1,1,0,1,0
febrl2,0.76,3814,1,1,1,1,0,1,0
febrl2,0.76,794,1,1,1,1,0,1,0
febrl2,0.76,93,1,1,1,1,0,1,0
febrl2,0.76,3745,1,1,1,1,0,1,0
febrl2,0.76,1376,1,1,1,1,0,1,0
febrl2,0.76,2665,1,1,1,1,0,1,0
febrl2,0.76,538,1,1,1,1,0,1,0
febrl2,0.76,884,1,1,1,1,0,1,0
febrl2,0.76,1940,1,1,1,1,0,1,0
febrl2,0.76,3611,1,1,1,1,0,1,0
febrl2,0.76,1506,1,1,1,1,0,1,0
febrl2,0.76,3560,1,1,1,1,0,1,0
febrl2,0.76,1789,1,1,1,1,0,1,0
febrl2,0.76,1267,1,1,1,1,0,1,0
febrl2,0.76,3800,1,1,1,1,0,1,0
febrl2,0.76,955,1,1,1,1,0,1,0
febrl2,0.76,1123,1,1,1,1,0,1,0
febrl2,0.76,3472,1,1,1,1,0,1,0
febrl2,0.76,426,1,1,1,1,0,1,0
febrl2,0.76,373,1,1,1,1,0,1,0
febrl2,0.76,3633,1,1,1,1,0,1,0
febrl2,0.76,149,1,1,1,1,0,1,0
febrl2,0.76,1001,1,1,1,1,0,1,0
febrl2,0.76,3278,1,1,1,1,0,1,0
febrl2,0.76,2914,1,1,1,1,0,1,0
febrl2,0.76,574,1,1,1,1,0,1,0
febrl2,0.76,2748,1,1,1,1,0,1,0
febrl2,0.76,365,1,1,1,1,0,1,0
febrl2,0.76,2182,1,1,1,1,0,1,0
febrl2,0.76,3133,1,1,1,1,0,1,0
febrl2,0.76,541,1,1,1,1,0,1,0
febrl2,0.76,301,1,1,1,1,0,1,0
febrl2,0.76,3935,1,1,1,1,0,1,0
febrl2,0.76,3341,1,1,1,1,0,1,0
febrl2,0.76,1612,1,1,1,1,0,1,0
febrl2,0.76,1241,1,1,1,1,0,1,0
febrl2,0.76,2446,1,1,1,1,0,1,0
febrl2,0.76,1008,1,1,1,1,0,1,0
febrl2,0.76,1657,1,1,1,1,0,1,0
febrl2,0.76,3715,1,1,1,1,0,1,0
febrl2,0.76,3480,1,1,1,1,0,1,0
febrl2,0.76,3306,1,1,1,1,0,1,0
febrl2,0.76,617,1,1,1,1,0,1,0
febrl2,0.76,2087,1,1,1,1,0,1,0
febrl2,0.76,3988,1,1,1,1,0,1,0
febrl2,0.76,2923,1,1,5,1,1,2,4
febrl2,0.76,2123,1,1,1,1,0,1,0
febrl2,0.76,284,1,1,1,1,0,1,0
febrl2,0.76,45,1,1,1,1,0,1,0
febrl2,0.76,1346,1,1,1,1,0,1,0
febrl2,0.76,1492,1,1,1,1,0,1,0
febrl2,0.76,142,1,1,1,1,0,1,0
febrl2,0.76,204,1,1,1,1,0,1,0
febrl2,0.76,176,1,1,1,1,0,1,0
febrl2,0.76,456,1,1,1,1,0,1,0
febrl2,0.76,919,1,1,1,1,0,1,0
febrl2,0.76,2871,1,1,1,1,0,1,0
febrl2,0.76,2592,1,1,1,1,0,1,0
febrl2,0.76,686,1,1,1,1,0,1,0
febrl2,0.76,2390,1,1,1,1,0,1,0
febrl2,0.76,3192,1,1,1,1,0,1,0
febrl2,0.76,3119,1,1,1,1,0,1,0
febrl2,0.76,1805,1,1,1,1,0,1,0
febrl2,0.76,1727,1,1,1,1,0,1,0
febrl2,0.76,3696,1,1,1,1,0,1,0
febrl2,0.76,2039,1,1,1,1,0,1,0
febrl2,0.76,3637,1,1,1,1,0,1,0
febrl2,0.76,3631,1,1,1,1,0,1,0
febrl2,0.76,2330,1,1,1,1,0,1,0
febrl2,0.76,1800,1,1,1,1,0,1,0
febrl2,0.76,2289,1,1,1,1,0,1,0
febrl2,0.76,1661,1,1,1,1,0,1,0
febrl2,0.76,3823,1,1,1,1,0,1,0
febrl2,0.76,3523,1,1,1,1,0,1,0
febrl2,0.76,573,1,1,1,1,0,1,0
febrl2,0.76,903,1,1,1,1,0,1,0
febrl2,0.76,696,1,1,1,1,0,1,0
febrl2,0.76,606,1,1,1,1,0,1,0
febrl2,0.76,1795,1,1,1,1,0,1,0
febrl2,0.76,1755,1,1,1,1,0,1,0
febrl2,0.76,1011,1,1,1,1,0,1,0
febrl2,0.76,1541,1,1,1,1,0,1,0
febrl2,0.76,1127,1,1,1,1,0,1,0
febrl2,0.76,509,1,1,1,1,0,1,0
febrl2,0.76,670,1,1,1,1,0,1,0
febrl2,0.76,3879,1,1,1,1,0,1,0
febrl2,0.76,3804,1,1,1,1,0,1,0
febrl2,0.76,366,1,1,1,1,0,1,0
febrl2,0.76,2084,1,1,1,1,0,1,0
febrl2,0.76,249,1,1,1,1,0,1,0
febrl2,0.76,1397,1,1,1,1,0,1,0
febrl2,0.76,3170,1,1,1,1,0,1,0
febrl2,0.76,2007,1,1,1,1,0,1,0
febrl2,0.76,2359,1,1,1,1,0,1,0
febrl2,0.76,991,1,1,1,1,0,1,0
febrl2,0.76,1484,1,1,1,1,0,1,0
febrl2,0.76,1043,1,1,1,1,0,1,0
febrl2,0.76,3020,1,1,1,1,0,1,0
febrl2,0.76,3008,1,1,1,1,0,1,0
febrl2,0.76,755,1,1,1,1,0,1,0
febrl2,0.76,2313,1,1,1,1,0,1,0
febrl2,0.76,2031,1,1,1,1,0,1,0
febrl2,0.76,3554,1,1,1,1,0,1,0
febrl2,0.76,3684,1,1,1,1,0,1,0
febrl2,0.76,1507,1,1,1,1,0,1,0
febrl2,0.76,3459,1,1,1,1,0,1,0
febrl2,0.76,67,1,1,1,1,0,1,0
febrl2,0.76,1734,1,1,1,1,0,1,0
febrl2,0.76,2831,1,1,1,1,0,1,0
febrl2,0.76,2327,1,1,1,1,0,1,0
febrl2,0.76,1678,1,1,1,1,0,1,0
febrl2,0.76,1092,1,1,1,1,0,1,0
febrl2,0.76,1444,1,1,2,1,1,2,1
febrl2,0.76,2551,1,1,1,1,0,1,0
febrl2,0.76,769,1,1,1,1,0,1,0
febrl2,0.76,452,1,1,1,1,0,1,0
febrl2,0.76,3585,1,1,1,1,0,1,0
febrl2,0.76,1991,1,1,1,1,0,1,0
febrl2,0.76,2569,1,1,1,1,0,1,0
febrl2,0.76,2661,1,1,1,1,0,1,0
febrl2,0.76,2133,1,1,1,1,0,1,0
febrl2,0.76,1111,1,1,1,1,0,1,0
febrl2,0.76,2073,1,1,1,1,0,1,0
febrl2,0.76,1627,1,1,1,1,0,1,0
febrl2,0.76,3771,1,1,1,1,0,1,0
febrl2,0.76,3468,1,1,1,1,0,1,0
febrl2,0.76,499,1,1,1,1,0,1,0
febrl2,0.76,994,1,1,1,1,0,1,0
febrl2,0.76,1369,1,1,1,1,0,1,0
febrl2,0.76,3647,1,1,1,1,0,1,0
febrl2,0.76,3697,1,1,1,1,0,1,0
febrl2,0.76,3671,1,1,1,1,0,1,0
febrl2,0.76,746,1,1,1,1,0,1,0
febrl2,0.76,3061,1,1,1,1,0,1,0
febrl2,0.76,3521,1,1,1,1,0,1,0
febrl2,0.76,396,1,1,1,1,0,1,0
febrl2,0.76,2096,1,1,1,1,0,1,0
febrl2,0.76,1183,1,1,1,1,0,1,0
febrl2,0.76,841,1,1,1,1,0,1,0
febrl2,0.76,2424,1,1,1,1,0,1,0
febrl2,0.76,3352,1,1,1,1,0,1,0
febrl2,0.76,2762,1,1,1,1,0,1,0
febrl2,0.76,1810,1,1,1,1,0,1,0
febrl2,0.76,2877,1,1,1,1,0,1,0
febrl2,0.76,668,1,1,1,1,0,1,0
febrl2,0.76,2525,1,1,1,1,0,1,0
febrl2,0.76,3434,1,1,1,1,0,1,0
febrl2,0.76,2255,1,1,1,1,0,1,0
febrl2,0.76,506,1,1,1,1,0,1,0
febrl2,0.76,1371,1,1,1,1,0,1,0
febrl2,0.76,3847,1,1,1,1,0,1,0
febrl2,0.76,2373,1,1,1,1,0,1,0
febrl2,0.76,518,1,1,1,1,0,1,0
febrl2,0.76,3674,1,1,1,1,0,1,0
febrl2,0.76,2228,1,1,1,1,0,1,0
febrl2,0.76,304,1,1,1,1,0,1,0
febrl2,0.76,2003,1,1,1,1,0,1,0
febrl2,0.76,1249,1,1,1,1,0,1,0
febrl2,0.76,3603,1,1,1,1,0,1,0
febrl2,0.76,3901,1,1,1,1,0,1,0
febrl2,0.76,1537,1,1,1,1,0,1,0
febrl2,0.76,1027,1,1,1,1,0,1,0
febrl2,0.76,2541,1,1,1,1,0,1,0
febrl2,0.76,539,1,1,1,1,0,1,0
febrl2,0.76,1604,1,1,1,1,0,1,0
febrl2,0.76,208,1,1,1,1,0,1,0
febrl2,0.76,3261,1,1,1,1,0,1,0
febrl2,0.76,3508,1,1,1,1,0,1,0
febrl2,0.76,341,1,1,1,1,0,1,0
febrl2,0.76,2896,1,1,1,1,0,1,0
febrl2,0.76,3896,1,1,1,1,0,1,0
febrl2,0.76,1646,1,1,1,1,0,1,0
febrl2,0.76,3503,1,1,1,1,0,1,0
febrl2,0.76,3695,1,1,1,1,0,1,0
febrl2,0.76,200,1,1,1,1,0,1,0
febrl2,0.76,1248,1,1,1,1,0,1,0
febrl2,0.76,3402,1,1,1,1,0,1,0
febrl2,0.76,3188,1,1,1,1,0,1,0
febrl2,0.76,1833,1,1,1,1,0,1,0
febrl2,0.76,3292,1,1,1,1,0,1,0
febrl2,0.76,3723,1,1,1,1,0,1,0
febrl2,0.76,1106,1,1,1,1,0,1,0
febrl2,0.76,490,1,1,1,1,0,1,0
febrl2,0.76,545,1,1,1,1,0,1,0
febrl2,0.76,3036,1,1,1,1,0,1,0
febrl2,0.76,971,1,1,1,1,0,1,0
febrl2,0.76,1119,1,1,1,1,0,1,0
febrl2,0.76,2933,1,1,1,1,0,1,0
febrl2,0.76,854,1,1,1,1,0,1,0
febrl2,0.76,1639,1,1,1,1,0,1,0
febrl2,0.76,1299,1,1,1,1,0,1,0
febrl2,0.76,1697,1,1,1,1,0,1,0
febrl2,0.76,395,1,1,1,1,0,1,0
febrl2,0.76,407,1,1,1,1,0,1,0
febrl2,0.76,3249,1,1,1,1,0,1,0
febrl2,0.76,2869,1,1,1,1,0,1,0
febrl2,0.76,3892,1,1,1,1,0,1,0
febrl2,0.76,283,1,1,1,1,0,1,0
febrl2,0.76,635,1,1,1,1,0,1,0
febrl2,0.76,3355,1,1,1,1,0,1,0
febrl2,0.76,719,1,1,1,1,0,1,0
febrl2,0.76,1868,1,1,1,1,0,1,0
febrl2,0.76,1680,1,1,1,1,0,1,0
febrl2,0.76,3756,1,1,1,1,0,1,0
febrl2,0.76,2282,1,1,1,1,0,1,0
febrl2,0.76,3496,1,1,1,1,0,1,0
febrl2,0.76,3152,1,1,1,1,0,1,0
febrl2,0.76,388,1,1,1,1,0,1,0
febrl2,0.76,1770,1,1,1,1,0,1,0
febrl2,0.76,1696,1,1,1,1,0,1,0
febrl2,0.76,2210,1,1,1,1,0,1,0
febrl2,0.76,3836,1,1,1,1,0,1,0
febrl2,0.76,972,1,1,1,1,0,1,0
febrl2,0.76,715,1,1,1,1,0,1,0
febrl2,0.76,2333,1,1,1,1,0,1,0
febrl2,0.76,2017,1,1,1,1,0,1,0
febrl2,0.76,473,1,1,1,1,0,1,0
febrl2,0.76,1642,1,1,1,1,0,1,0
febrl2,0.76,1876,1,1,1,1,0,1,0
febrl2,0.76,2942,1,1,1,1,0,1,0
febrl2,0.76,440,1,1,1,1,0,1,0
febrl2,0.76,1958,1,1,1,1,0,1,0
febrl2,0.76,306,1,1,1,1,0,1,0
febrl2,0.76,1773,1,1,1,1,0,1,0
febrl2,0.76,2062,1,1,1,1,0,1,0
febrl2,0.76,1482,1,1,1,1,0,1,0
febrl2,0.76,3990,1,1,1,1,0,1,0
febrl2,0.76,3983,1,1,1,1,0,1,0
febrl2,0.76,2574,1,1,1,1,0,1,0
febrl2,0.76,43,1,1,1,1,0,1,0
febrl2,0.76,3215,1,1,1,1,0,1,0
febrl2,0.76,3909,1,1,1,1,0,1,0
febrl2,0.76,2150,1,1,1,1,0,1,0
febrl2,0.76,330,1,1,1,1,0,1,0
febrl2,0.76,2705,1,1,1,1,0,1,0
febrl2,0.76,2518,1,1,1,1,0,1,0
febrl2,0.76,376,1,1,1,1,0,1,0
febrl2,0.76,2724,1,1,1,1,0,1,0
febrl2,0.76,1217,1,1,1,1,0,1,0
febrl2,0.76,964,1,1,1,1,0,1,0
febrl2,0.76,2513,1,1,1,1,0,1,0
febrl2,0.76,1072,1,1,1,1,0,1,0
febrl2,0.76,331,1,1,1,1,0,1,0
febrl2,0.76,3713,1,1,1,1,0,1,0
febrl2,0.76,990,1,1,1,1,0,1,0
febrl2,0.76,1926,1,1,1,1,0,1,0
febrl2,0.76,1048,1,1,1,1,0,1,0
febrl2,0.76,608,1,1,1,1,0,1,0
febrl2,0.76,1146,1,1,1,1,0,1,0
febrl2,0.76,3218,1,1,1,1,0,1,0
febrl2,0.76,3846,1,1,1,1,0,1,0
febrl2,0.76,3311,1,1,1,1,0,1,0
febrl2,0.76,316,1,1,1,1,0,1,0
febrl2,0.76,1287,1,1,1,1,0,1,0
febrl2,0.76,342,1,1,1,1,0,1,0
febrl2,0.76,1858,1,1,1,1,0,1,0
febrl2,0.76,661,1,1,1,1,0,1,0
febrl2,0.76,890,1,1,1,1,0,1,0
febrl2,0.76,2334,1,1,1,1,0,1,0
febrl2,0.76,1871,1,1,1,1,0,1,0
febrl2,0.76,3260,1,1,1,1,0,1,0
febrl2,0.76,74,1,1,1,1,0,1,0
febrl2,0.76,1036,1,1,1,1,0,1,0
febrl2,0.76,2941,1,1,1,1,0,1,0
febrl2,0.76,3455,1,1,1,1,0,1,0
febrl2,0.76,2009,1,1,1,1,0,1,0
febrl2,0.76,75,1,1,1,1,0,1,0
febrl2,0.76,1559,1,1,1,1,0,1,0
febrl2,0.76,3102,1,1,1,1,0,1,0
febrl2,0.76,2840,1,1,1,1,0,1,0
febrl2,0.76,2734,1,1,1,1,0,1,0
febrl2,0.76,908,1,1,1,1,0,1,0
febrl2,0.76,2350,1,1,1,1,0,1,0
febrl2,0.76,3650,1,1,1,1,0,1,0
febrl2,0.76,1278,1,1,1,1,0,1,0
febrl2,0.76,724,1,1,1,1,0,1,0
febrl2,0.76,3120,1,1,1,1,0,1,0
febrl2,0.76,881,1,1,1,1,0,1,0
febrl2,0.76,2303,1,1,1,1,0,1,0
febrl2,0.76,1772,1,1,1,1,0,1,0
febrl2,0.76,3587,1,1,1,1,0,1,0
febrl2,0.76,3005,1,1,1,1,0,1,0
febrl2,0.76,2636,1,1,1,1,0,1,0
febrl2,0.76,235,1,1,1,1,0,1,0
febrl2,0.76,322,1,1,1,1,0,1,0
febrl2,0.76,1972,1,1,1,1,0,1,0
febrl2,0.76,3433,1,1,1,1,0,1,0
febrl2,0.76,1313,1,1,1,1,0,1,0
febrl2,0.76,2206,1,1,1,1,0,1,0
febrl2,0.76,2433,1,1,1,1,0,1,0
febrl2,0.76,3812,1,1,1,1,0,1,0
febrl2,0.76,303,1,1,1,1,0,1,0
febrl2,0.76,2284,1,1,1,1,0,1,0
febrl2,0.76,1487,1,1,1,1,0,1,0
febrl2,0.76,1856,1,1,1,1,0,1,0
febrl2,0.76,3307,1,1,1,1,0,1,0
febrl2,0.76,227,1,1,1,1,0,1,0
febrl2,0.76,1143,1,1,1,1,0,1,0
febrl2,0.8,2778,1,1,1,1,0,1,0
febrl2,0.8,712,4,1,4,1,0,1,0
febrl2,0.8,1321,1,1,1,1,0,1,0
febrl2,0.8,3004,1,1,1,1,0,1,0
febrl2,0.8,1384,1,1,1,1,0,1,0
febrl2,0.8,3981,1,1,1,1,0,1,0
febrl2,0.8,916,1,1,1,1,0,1,0
febrl2,0.8,1684,4,2,4,2,0,2,0
febrl2,0.8,63,3,1,3,1,0,1,0
febrl2,0.8,3808,1,1,1,1,0,1,0
febrl2,0.8,112,2,1,2,1,0,1,0
febrl2,0.8,3297,1,1,1,1,0,1,0
febrl2,0.8,1315,1,1,1,1,0,1,0
febrl2,0.8,1050,1,1,1,1,0,1,0
febrl2,0.8,2116,1,1,1,1,0,1,0
febrl2,0.8,3232,1,1,1,1,0,1,0
febrl2,0.8,1900,4,1,4,1,0,1,0
febrl2,0.8,2460,6,1,6,1,0,1,0
febrl2,0.8,3123,2,1,2,1,0,1,0
febrl2,0.8,2166,1,1,1,1,0,1,0
febrl2,0.8,1155,1,1,1,1,0,1,0
febrl2,0.8,1485,1,1,1,1,0,1,0
febrl2,0.8,2852,3,2,3,2,0,2,0
febrl2,0.8,707,1,1,1,1,0,1,0
febrl2,0.8,3499,1,1,1,1,0,1,0
febrl2,0.8,2153,1,1,1,1,0,1,0
febrl2,0.8,1665,5,1,5,1,0,1,0
febrl2,0.8,35,4,1,4,1,0,1,0
febrl2,0.8,78,1,1,1,1,0,1,0
febrl2,0.8,3116,1,1,1,1,0,1,0
febrl2,0.8,3103,1,1,1,1,0,1,0
febrl2,0.8,500,1,1,1,1,0,1,0
febrl2,0.8,3594,1,1,1,1,0,1,0
febrl2,0.8,3552,1,1,1,1,0,1,0
febrl2,0.8,248,1,1,1,1,0,1,0
febrl2,0.8,2564,1,1,1,1,0,1,0
febrl2,0.8,386,3,1,3,1,0,1,0
febrl2,0.8,847,1,1,1,1,0,1,0
febrl2,0.8,1425,1,1,1,1,0,1,0
febrl2,0.8,1428,1,1,1,1,0,1,0
febrl2,0.8,2376,1,1,1,1,0,1,0
febrl2,0.8,901,3,1,3,1,0,1,0
febrl2,0.8,833,3,1,3,1,0,1,0
febrl2,0.8,2499,1,1,1,1,0,1,0
febrl2,0.8,937,1,1,1,1,0,1,0
febrl2,0.8,1372,1,1,1,1,0,1,0
febrl2,0.8,3443,1,1,1,1,0,1,0
febrl2,0.8,685,1,1,1,1,0,1,0
febrl2,0.8,644,2,1,2,1,0,1,0
febrl2,0.8,1728,1,1,1,1,0,1,0
febrl2,0.8,954,3,2,3,2,0,2,0
febrl2,0.8,209,2,2,2,2,0,2,0
febrl2,0.8,401,1,1,1,1,0,1,0
febrl2,0.8,897,1,1,1,1,0,1,0
febrl2,0.8,2647,1,1,1,1,0,1,0
febrl2,0.8,450,1,1,1,1,0,1,0
febrl2,0.8,519,1,1,1,1,0,1,0
febrl2,0.8,444,1,1,1,1,0,1,0
febrl2,0.8,2222,1,1,1,1,0,1,0
febrl2,0.8,313,1,1,1,1,0,1,0
febrl2,0.8,1442,4,1,4,1,0,1,0
febrl2,0.8,3686,1,1,1,1,0,1,0
febrl2,0.8,936,1,1,1,1,0,1,0
febrl2,0.8,3176,1,1,1,1,0,1,0
febrl2,0.8,13,1,1,1,1,0,1,0
febrl2,0.8,968,1,1,1,1,0,1,0
febrl2,0.8,2770,1,1,1,1,0,1,0
febrl2,0.8,669,1,1,1,1,0,1,0
febrl2,0.8,923,2,1,2,1,0,1,0
febrl2,0.8,3641,1,1,1,1,0,1,0
febrl2,0.8,2784,1,1,1,1,0,1,0
febrl2,0.8,3371,1,1,1,1,0,1,0
febrl2,0.8,651,6,1,6,1,0,1,0
febrl2,0.8,3619,1,1,1,1,0,1,0
febrl2,0.8,2777,1,1,1,1,0,1,0
febrl2,0.8,844,1,1,1,1,0,1,0
febrl2,0.8,259,1,1,1,1,0,1,0
febrl2,0.8,1441,1,1,1,1,0,1,0
febrl2,0.8,723,1,1,1,1,0,1,0
febrl2,0.8,1874,1,1,1,1,0,1,0
febrl2,0.8,1496,1,1,1,1,0,1,0
febrl2,0.8,2691,5,1,5,1,0,1,0
febrl2,0.8,892,5,1,5,1,0,1,0
febrl2,0.8,2633,5,2,5,2,0,2,0
febrl2,0.8,874,5,1,5,1,0,1,0
febrl2,0.8,1378,1,1,1,1,0,1,0
febrl2,0.8,891,5,2,5,2,0,2,0
febrl2,0.8,157,1,1,1,1,0,1,0
febrl2,0.8,3574,2,1,2,1,0,1,0
febrl2,0.8,984,1,1,1,1,0,1,0
febrl2,0.8,106,3,1,3,1,0,1,0
febrl2,0.8,442,1,1,1,1,0,1,0
febrl2,0.8,328,1,1,1,1,0,1,0
febrl2,0.8,457,1,1,1,1,0,1,0
febrl2,0.8,1894,5,1,5,1,0,1,0
febrl2,0.8,3042,1,1,1,1,0,1,0
febrl2,0.8,2964,1,1,1,1,0,1,0
febrl2,0.8,203,1,1,1,1,0,1,0
febrl2,0.8,2727,1,1,1,1,0,1,0
febrl2,0.8,294,1,1,1,1,0,1,0
febrl2,0.8,2391,1,1,1,1,0,1,0
febrl2,0.8,1178,1,1,1,1,0,1,0
febrl2,0.8,1166,1,1,1,1,0,1,0
febrl2,0.8,243,1,1,1,1,0,1,0
febrl2,0.8,2131,1,1,1,1,0,1,0
febrl2,0.8,236,2,1,2,1,0,1,0
febrl2,0.8,2889,4,1,4,1,0,1,0
febrl2,0.8,1388,1,1,1,1,0,1,0
febrl2,0.8,3792,1,1,1,1,0,1,0
febrl2,0.8,3277,1,1,1,1,0,1,0
febrl2,0.8,189,1,1,1,1,0,1,0
febrl2,0.8,2627,1,1,1,1,0,1,0
febrl2,0.8,2254,4,1,4,1,0,1,0
febrl2,0.8,3762,1,1,1,1,0,1,0
febrl2,0.8,1211,1,1,1,1,0,1,0
febrl2,0.8,2765,1,1,1,1,0,1,0
febrl2,0.8,1959,1,1,1,1,0,1,0
febrl2,0.8,807,2,1,2,1,0,1,0
febrl2,0.8,1233,1,1,1,1,0,1,0
febrl2,0.8,718,1,1,1,1,0,1,0
febrl2,0.8,3707,4,1,4,1,0,1,0
febrl2,0.8,2439,3,1,3,1,0,1,0
febrl2,0.8,2244,1,1,1,1,0,1,0
febrl2,0.8,813,1,1,1,1,0,1,0
febrl2,0.8,2109,1,1,1,1,0,1,0
febrl2,0.8,1583,1,1,1,1,0,1,0
febrl2,0.8,181,1,1,1,1,0,1,0
febrl2,0.8,843,1,1,1,1,0,1,0
febrl2,0.8,2398,1,1,1,1,0,1,0
febrl2,0.8,3861,1,1,1,1,0,1,0
febrl2,0.8,172,1,1,1,1,0,1,0
febrl2,0.8,3835,1,1,1,1,0,1,0
febrl2,0.8,2925,5,1,5,1,0,1,0
febrl2,0.8,3284,4,1,4,1,0,1,0
febrl2,0.8,3295,1,1,1,1,0,1,0
febrl2,0.8,3316,1,1,1,1,0,1,0
febrl2,0.8,466,2,1,2,1,0,1,0
febrl2,0.8,310,1,1,1,1,0,1,0
febrl2,0.8,3437,1,1,1,1,0,1,0
febrl2,0.8,1591,1,1,1,1,0,1,0
febrl2,0.8,2496,5,2,5,2,0,2,0
febrl2,0.8,2828,1,1,1,1,0,1,0
febrl2,0.8,848,3,1,3,1,0,1,0
febrl2,0.8,3418,1,1,1,1,0,1,0
febrl2,0.8,2837,1,1,1,1,0,1,0
febrl2,0.8,2152,1,1,1,1,0,1,0
febrl2,0.8,596,6,2,6,2,0,2,0
febrl2,0.8,258,1,1,1,1,0,1,0
febrl2,0.8,1478,1,1,1,1,0,1,0
febrl2,0.8,3829,1,1,1,1,0,1,0
febrl2,0.8,3272,6,1,6,1,0,1,0
febrl2,0.8,2961,1,1,1,1,0,1,0
febrl2,0.8,2640,1,1,1,1,0,1,0
febrl2,0.8,242,3,1,3,1,0,1,0
febrl2,0.8,3252,1,1,1,1,0,1,0
febrl2,0.8,3752,2,1,2,1,0,1,0
febrl2,0.8,3606,1,1,1,1,0,1,0
febrl2,0.8,3542,5,1,5,1,0,1,0
febrl2,0.8,88,3,1,3,1,0,1,0
febrl2,0.8,1729,1,1,1,1,0,1,0
febrl2,0.8,3267,1,1,1,1,0,1,0
febrl2,0.8,1430,5,1,5,1,0,1,0
febrl2,0.8,2993,1,1,1,1,0,1,0
febrl2,0.8,3652,3,1,3,1,0,1,0
febrl2,0.8,1855,1,1,1,1,0,1,0
febrl2,0.8,1724,1,1,1,1,0,1,0
febrl2,0.8,232,2,1,2,1,0,1,0
febrl2,0.8,1985,1,1,1,1,0,1,0
febrl2,0.8,858,1,1,1,1,0,1,0
febrl2,0.8,3811,1,1,1,1,0,1,0
febrl2,0.8,2260,1,1,1,1,0,1,0
febrl2,0.8,3914,1,1,1,1,0,1,0
febrl2,0.8,1065,1,1,1,1,0,1,0
febrl2,0.8,1599,1,1,1,1,0,1,0
febrl2,0.8,3833,1,1,1,1,0,1,0
febrl2,0.8,3872,1,1,1,1,0,1,0
febrl2,0.8,3680,1,1,1,1,0,1,0
febrl2,0.8,1356,1,1,1,1,0,1,0
febrl2,0.8,3513,1,1,1,1,0,1,0
febrl2,0.8,3510,1,1,1,1,0,1,0
febrl2,0.8,1662,1,1,1,1,0,1,0
febrl2,0.8,2262,1,1,1,1,0,1,0
febrl2,0.8,814,4,1,4,1,0,1,0
febrl2,0.8,1274,1,1,1,1,0,1,0
febrl2,0.8,704,1,1,1,1,0,1,0
febrl2,0.8,619,1,1,1,1,0,1,0
febrl2,0.8,3956,1,1,1,1,0,1,0
febrl2,0.8,2050,6,2,6,2,0,2,0
febrl2,0.8,2234,2,1,2,1,0,1,0
febrl2,0.8,1781,4,1,4,1,0,1,0
febrl2,0.8,402,1,1,1,1,0,1,0
febrl2,0.8,3495,1,1,1,1,0,1,0
febrl2,0.8,2413,1,1,1,1,0,1,0
febrl2,0.8,3923,1,1,1,1,0,1,0
febrl2,0.8,3029,1,1,1,1,0,1,0
febrl2,0.8,1752,1,1,1,1,0,1,0
febrl2,0.8,2265,1,1,1,1,0,1,0
febrl2,0.8,1312,1,1,1,1,0,1,0
febrl2,0.8,1445,1,1,1,1,0,1,0
febrl2,0.8,2119,4,1,4,1,0,1,0
febrl2,0.8,1785,1,1,1,1,0,1,0
febrl2,0.8,155,1,1,1,1,0,1,0
febrl2,0.8,2236,1,1,1,1,0,1,0
febrl2,0.8,3248,1,1,1,1,0,1,0
febrl2,0.8,2176,1,1,1,1,0,1,0
febrl2,0.8,2645,1,1,1,1,0,1,0
febrl2,0.8,899,1,1,1,1,0,1,0
febrl2,0.8,3314,4,2,4,2,0,2,0
febrl2,0.8,1282,4,1,4,1,0,1,0
febrl2,0.8,3857,1,1,1,1,0,1,0
febrl2,0.8,292,1,1,1,1,0,1,0
febrl2,0.8,1423,1,1,1,1,0,1,0
febrl2,0.8,3558,1,1,1,1,0,1,0
febrl2,0.8,337,1,1,1,1,0,1,0
febrl2,0.8,320,4,1,4,1,0,1,0
febrl2,0.8,237,1,1,1,1,0,1,0
febrl2,0.8,2273,1,1,1,1,0,1,0
febrl2,0.8,1963,1,1,1,1,0,1,0
febrl2,0.8,1854,1,1,1,1,0,1,0
febrl2,0.8,1893,2,1,2,1,0,1,0
febrl2,0.8,2416,1,1,1,1,0,1,0
febrl2,0.8,976,1,1,1,1,0,1,0
febrl2,0.8,2369,1,1,1,1,0,1,0
febrl2,0.8,922,1,1,1,1,0,1,0
febrl2,0.8,1600,1,1,1,1,0,1,0
febrl2,0.8,1687,5,1,5,1,0,1,0
febrl2,0.8,2058,1,1,1,1,0,1,0
febrl2,0.8,3891,3,1,3,1,0,1,0
febrl2,0.8,1433,1,1,1,1,0,1,0
febrl2,0.8,3458,1,1,1,1,0,1,0
febrl2,0.8,3860,1,1,1,1,0,1,0
febrl2,0.8,54,1,1,1,1,0,1,0
febrl2,0.8,1563,1,1,1,1,0,1,0
febrl2,0.8,2276,1,1,1,1,0,1,0
febrl2,0.8,1843,1,1,1,1,0,1,0
febrl2,0.8,274,1,1,1,1,0,1,0
febrl2,0.8,2483,1,1,1,1,0,1,0
febrl2,0.8,633,4,1,4,1,0,1,0
febrl2,0.8,2912,1,1,1,1,0,1,0
febrl2,0.8,2753,1,1,1,1,0,1,0
febrl2,0.8,3562,1,1,1,1,0,1,0
febrl2,0.8,2738,1,1,1,1,0,1,0
febrl2,0.8,2965,1,1,1,1,0,1,0
febrl2,0.8,2733,6,1,6,1,0,1,0
febrl2,0.8,2367,1,1,1,1,0,1,0
febrl2,0.8,534,5,1,5,1,0,1,0
febrl2,0.8,1557,1,1,1,1,0,1,0
febrl2,0.8,623,2,1,2,1,0,1,0
febrl2,0.8,3166,3,1,3,1,0,1,0
febrl2,0.8,107,5,1,5,1,0,1,0
febrl2,0.8,2093,1,1,1,1,0,1,0
febrl2,0.8,3451,1,1,1,1,0,1,0
febrl2,0.8,717,1,1,1,1,0,1,0
febrl2,0.8,3072,1,1,1,1,0,1,0
febrl2,0.8,3947,1,1,1,1,0,1,0
febrl2,0.8,455,6,1,6,1,0,1,0
febrl2,0.8,1080,1,1,1,1,0,1,0
febrl2,0.8,626,3,1,3,1,0,1,0
febrl2,0.8,1706,1,1,1,1,0,1,0
febrl2,0.8,2351,1,1,1,1,0,1,0
febrl2,0.8,2731,3,2,3,2,0,2,0
febrl2,0.8,1592,1,1,1,1,0,1,0
febrl2,0.8,3517,1,1,1,1,0,1,0
febrl2,0.8,182,3,1,3,1,0,1,0
febrl2,0.8,219,1,1,1,1,0,1,0
febrl2,0.8,2745,1,1,1,1,0,1,0
febrl2,0.8,2669,1,1,1,1,0,1,0
febrl2,0.8,6,4,1,4,1,0,1,0
febrl2,0.8,1934,1,1,1,1,0,1,0
febrl2,0.8,859,1,1,1,1,0,1,0
febrl2,0.8,1476,1,1,1,1,0,1,0
febrl2,0.8,2306,1,1,1,1,0,1,0
febrl2,0.8,2630,1,1,1,1,0,1,0
febrl2,0.8,3733,1,1,1,1,0,1,0
febrl2,0.8,2972,1,1,1,1,0,1,0
febrl2,0.8,1908,1,1,1,1,0,1,0
febrl2,0.8,79,1,1,1,1,0,1,0
febrl2,0.8,1109,1,1,1,1,0,1,0
febrl2,0.8,581,1,1,1,1,0,1,0
febrl2,0.8,2406,1,1,1,1,0,1,0
febrl2,0.8,2590,1,1,1,1,0,1,0
febrl2,0.8,1235,1,1,1,1,0,1,0
febrl2,0.8,207,1,1,1,1,0,1,0
febrl2,0.8,201,6,2,6,2,0,2,0
febrl2,0.8,3878,2,1,2,1,0,1,0
febrl2,0.8,1860,1,1,1,1,0,1,0
febrl2,0.8,2249,1,1,1,1,0,1,0
febrl2,0.8,1903,1,1,1,1,0,1,0
febrl2,0.8,985,1,1,1,1,0,1,0
febrl2,0.8,1873,1,1,1,1,0,1,0
febrl2,0.8,3329,1,1,1,1,0,1,0
febrl2,0.8,3214,1,1,1,1,0,1,0
febrl2,0.8,482,2,2,2,2,0,2,0
febrl2,0.8,1152,1,1,1,1,0,1,0
febrl2,0.8,2077,1,1,1,1,0,1,0
febrl2,0.8,3796,1,1,1,1,0,1,0
febrl2,0.8,1304,1,1,1,1,0,1,0
febrl2,0.8,2875,1,1,1,1,0,1,0
febrl2,0.8,2011,1,1,1,1,0,1,0
febrl2,0.8,1200,1,1,1,1,0,1,0
febrl2,0.8,151,3,1,3,1,0,1,0
febrl2,0.8,2845,1,1,1,1,0,1,0
febrl2,0.8,522,1,1,1,1,0,1,0
febrl2,0.8,1383,1,1,1,1,0,1,0
febrl2,0.8,765,1,1,1,1,0,1,0
febrl2,0.8,1670,1,1,1,1,0,1,0
febrl2,0.8,2822,4,1,4,1,0,1,0
febrl2,0.8,698,1,1,1,1,0,1,0
febrl2,0.8,488,1,1,1,1,0,1,0
febrl2,0.8,2618,1,1,1,1,0,1,0
febrl2,0.8,1319,3,2,3,2,0,2,0
febrl2,0.8,1577,1,1,1,1,0,1,0
febrl2,0.8,84,1,1,1,1,0,1,0
febrl2,0.8,3876,1,1,1,1,0,1,0
febrl2,0.8,1711,1,1,1,1,0,1,0
febrl2,0.8,1215,1,1,1,1,0,1,0
febrl2,0.8,3424,1,1,1,1,0,1,0
febrl2,0.8,2800,1,1,1,1,0,1,0
febrl2,0.8,2960,3,1,3,1,0,1,0
febrl2,0.8,2232,1,1,1,1,0,1,0
febrl2,0.8,805,1,1,1,1,0,1,0
febrl2,0.8,1704,1,1,1,1,0,1,0
febrl2,0.8,3367,1,1,1,1,0,1,0
febrl2,0.8,2211,4,1,4,1,0,1,0
febrl2,0.8,3236,3,1,3,1,0,1,0
febrl2,0.8,3588,3,1,3,1,0,1,0
febrl2,0.8,3074,1,1,1,1,0,1,0
febrl2,0.8,3875,3,1,3,1,0,1,0
febrl2,0.8,3932,3,1,3,1,0,1,0
febrl2,0.8,2626,1,1,1,1,0,1,0
febrl2,0.8,1198,1,1,1,1,0,1,0
febrl2,0.8,21,1,1,1,1,0,1,0
febrl2,0.8,1398,1,1,1,1,0,1,0
febrl2,0.8,672,3,1,3,1,0,1,0
febrl2,0.8,3041,1,1,1,1,0,1,0
febrl2,0.8,2874,2,1,2,1,0,1,0
febrl2,0.8,2129,1,1,1,1,0,1,0
febrl2,0.8,582,1,1,1,1,0,1,0
febrl2,0.8,1256,1,1,1,1,0,1,0
febrl2,0.8,1556,1,1,1,1,0,1,0
febrl2,0.8,2014,1,1,1,1,0,1,0
febrl2,0.8,1695,1,1,1,1,0,1,0
febrl2,0.8,1761,1,1,1,1,0,1,0
febrl2,0.8,3639,1,1,1,1,0,1,0
febrl2,0.8,3141,1,1,1,1,0,1,0
febrl2,0.8,3630,1,1,1,1,0,1,0
febrl2,0.8,1308,1,1,1,1,0,1,0
febrl2,0.8,819,5,1,5,1,0,1,0
febrl2,0.8,3251,1,1,1,1,0,1,0
febrl2,0.8,2763,1,1,1,1,0,1,0
febrl2,0.8,1204,1,1,1,1,0,1,0
febrl2,0.8,2022,1,1,1,1,0,1,0
febrl2,0.8,877,1,1,1,1,0,1,0
febrl2,0.8,2151,6,1,6,1,0,1,0
febrl2,0.8,3738,2,1,2,1,0,1,0
febrl2,0.8,2540,1,1,1,1,0,1,0
febrl2,0.8,1,1,1,1,1,0,1,0
febrl2,0.8,451,1,1,1,1,0,1,0
febrl2,0.8,1942,1,1,1,1,0,1,0
febrl2,0.8,649,3,1,3,1,0,1,0
febrl2,0.8,449,1,1,1,1,0,1,0
febrl2,0.8,44,5,1,5,1,0,1,0
febrl2,0.8,128,1,1,1,1,0,1,0
febrl2,0.8,3710,3,1,3,1,0,1,0
febrl2,0.8,2899,1,1,1,1,0,1,0
febrl2,0.8,1298,3,1,3,1,0,1,0
febrl2,0.8,3425,1,1,1,1,0,1,0
febrl2,0.8,1114,1,1,1,1,0,1,0
febrl2,0.8,2718,1,1,1,1,0,1,0
febrl2,0.8,3322,4,1,4,1,0,1,0
febrl2,0.8,1562,1,1,1,1,0,1,0
febrl2,0.8,3280,1,1,1,1,0,1,0
febrl2,0.8,2624,2,2,2,2,0,2,0
febrl2,0.8,50,5,1,5,1,0,1,0
febrl2,0.8,1377,1,1,1,1,0,1,0
febrl2,0.8,1039,1,1,1,1,0,1,0
febrl2,0.8,1015,1,1,1,1,0,1,0
febrl2,0.8,412,1,1,1,1,0,1,0
febrl2,0.8,3146,1,1,1,1,0,1,0
febrl2,0.8,3066,1,1,1,1,0,1,0
febrl2,0.8,1411,2,1,2,1,0,1,0
febrl2,0.8,3031,1,1,1,1,0,1,0
febrl2,0.8,578,1,1,1,1,0,1,0
febrl2,0.8,822,1,1,1,1,0,1,0
febrl2,0.8,1460,1,1,1,1,0,1,0
febrl2,0.8,3910,1,1,1,1,0,1,0
febrl2,0.8,2549,1,1,1,1,0,1,0
febrl2,0.8,3977,1,1,1,1,0,1,0
febrl2,0.8,3059,1,1,1,1,0,1,0
febrl2,0.8,3084,4,1,4,1,0,1,0
febrl2,0.8,417,1,1,1,1,0,1,0
febrl2,0.8,832,1,1,1,1,0,1,0
febrl2,0.8,552,3,1,3,1,0,1,0
febrl2,0.8,895,1,1,1,1,0,1,0
febrl2,0.8,3731,4,1,4,1,0,1,0
febrl2,0.8,2943,1,1,1,1,0,1,0
febrl2,0.8,428,1,1,1,1,0,1,0
febrl2,0.8,2675,1,1,1,1,0,1,0
febrl2,0.8,2353,4,1,4,1,0,1,0
febrl2,0.8,1609,3,1,3,1,0,1,0
febrl2,0.8,2136,1,1,1,1,0,1,0
febrl2,0.8,2523,1,1,1,1,0,1,0
febrl2,0.8,1268,1,1,1,1,0,1,0
febrl2,0.8,549,1,1,1,1,0,1,0
febrl2,0.8,2434,1,1,1,1,0,1,0
febrl2,0.8,2175,1,1,1,1,0,1,0
febrl2,0.8,856,1,1,1,1,0,1,0
febrl2,0.8,3851,1,1,1,1,0,1,0
febrl2,0.8,639,3,1,3,1,0,1,0
febrl2,0.8,3149,1,1,1,1,0,1,0
febrl2,0.8,3530,4,1,4,1,0,1,0
febrl2,0.8,3051,1,1,1,1,0,1,0
febrl2,0.8,2321,5,1,5,1,0,1,0
febrl2,0.8,1151,4,1,4,1,0,1,0
febrl2,0.8,3626,1,1,1,1,0,1,0
febrl2,0.8,729,1,1,1,1,0,1,0
febrl2,0.8,363,1,1,1,1,0,1,0
febrl2,0.8,1523,1,1,1,1,0,1,0
febrl2,0.8,3778,1,1,1,1,0,1,0
febrl2,0.8,2046,1,1,1,1,0,1,0
febrl2,0.8,297,1,1,1,1,0,1,0
febrl2,0.8,2924,5,1,5,1,0,1,0
febrl2,0.8,3817,1,1,1,1,0,1,0
febrl2,0.8,3889,1,1,1,1,0,1,0
febrl2,0.8,2165,2,1,2,1,0,1,0
febrl2,0.8,3768,1,1,1,1,0,1,0
febrl2,0.8,3584,2,1,2,1,0,1,0
febrl2,0.8,3332,1,1,1,1,0,1,0
febrl2,0.8,528,1,1,1,1,0,1,0
febrl2,0.8,12,1,1,1,1,0,1,0
febrl2,0.8,387,1,1,1,1,0,1,0
febrl2,0.8,1652,1,1,1,1,0,1,0
febrl2,0.8,2183,4,1,4,1,0,1,0
febrl2,0.8,1416,1,1,1,1,0,1,0
febrl2,0.8,3779,4,2,4,2,0,2,0
febrl2,0.8,2168,1,1,1,1,0,1,0
febrl2,0.8,1598,1,1,1,1,0,1,0
febrl2,0.8,880,1,1,1,1,0,1,0
febrl2,0.8,2883,3,1,3,1,0,1,0
febrl2,0.8,3572,1,1,1,1,0,1,0
febrl2,0.8,2818,1,1,1,1,0,1,0
febrl2,0.8,1784,1,1,1,1,0,1,0
febrl2,0.8,3460,1,1,1,1,0,1,0
febrl2,0.8,3925,1,1,1,1,0,1,0
febrl2,0.8,1316,4,1,4,1,0,1,0
febrl2,0.8,3870,1,1,1,1,0,1,0
febrl2,0.8,2134,1,1,1,1,0,1,0
febrl2,0.8,1432,5,1,5,1,0,1,0
febrl2,0.8,2991,3,1,3,1,0,1,0
febrl2,0.8,677,1,1,1,1,0,1,0
febrl2,0.8,1327,1,1,1,1,0,1,0
febrl2,0.8,129,1,1,1,1,0,1,0
febrl2,0.8,3608,2,2,2,2,0,2,0
febrl2,0.8,1443,2,2,2,2,0,2,0
febrl2,0.8,2676,1,1,1,1,0,1,0
febrl2,0.8,3318,5,1,5,1,0,1,0
febrl2,0.8,1158,1,1,1,1,0,1,0
febrl2,0.8,3294,1,1,1,1,0,1,0
febrl2,0.8,3772,1,1,1,1,0,1,0
febrl2,0.8,1380,1,1,1,1,0,1,0
febrl2,0.8,3525,1,1,1,1,0,1,0
febrl2,0.8,641,5,1,5,1,0,1,0
febrl2,0.8,567,4,1,4,1,0,1,0
febrl2,0.8,3841,2,1,2,1,0,1,0
febrl2,0.8,2366,1,1,1,1,0,1,0
febrl2,0.8,2654,1,1,1,1,0,1,0
febrl2,0.8,3643,1,1,1,1,0,1,0
febrl2,0.8,2987,1,1,1,1,0,1,0
febrl2,0.8,1385,1,1,1,1,0,1,0
febrl2,0.8,2108,4,1,4,1,0,1,0
febrl2,0.8,486,3,1,3,1,0,1,0
febrl2,0.8,2169,5,1,5,1,0,1,0
febrl2,0.8,1870,1,1,1,1,0,1,0
febrl2,0.8,1177,1,1,1,1,0,1,0
febrl2,0.8,1477,4,1,4,1,0,1,0
febrl2,0.8,2368,4,1,4,1,0,1,0
febrl2,0.8,2916,3,1,3,1,0,1,0
febrl2,0.8,2023,1,1,1,1,0,1,0
febrl2,0.8,1544,6,2,6,2,0,2,0
febrl2,0.8,2407,1,1,1,1,0,1,0
febrl2,0.8,3753,1,1,1,1,0,1,0
febrl2,0.8,3563,5,1,5,1,0,1,0
febrl2,0.8,2490,1,1,1,1,0,1,0
febrl2,0.8,95,1,1,1,1,0,1,0
febrl2,0.8,3370,1,1,1,1,0,1,0
febrl2,0.8,3035,1,1,1,1,0,1,0
febrl2,0.8,3428,2,1,2,1,0,1,0
febrl2,0.8,218,5,1,5,1,0,1,0
febrl2,0.8,2710,1,1,1,1,0,1,0
febrl2,0.8,3193,6,1,6,1,0,1,0
febrl2,0.8,3397,1,1,1,1,0,1,0
febrl2,0.8,3911,1,1,1,1,0,1,0
febrl2,0.8,2044,5,1,5,1,0,1,0
febrl2,0.8,3514,1,1,1,1,0,1,0
febrl2,0.8,597,1,1,1,1,0,1,0
febrl2,0.8,3411,1,1,1,1,0,1,0
febrl2,0.8,1302,1,1,1,1,0,1,0
febrl2,0.8,299,1,1,1,1,0,1,0
febrl2,0.8,3877,1,1,1,1,0,1,0
febrl2,0.8,2126,4,1,4,1,0,1,0
febrl2,0.8,3456,1,1,1,1,0,1,0
febrl2,0.8,3551,1,1,1,1,0,1,0
febrl2,0.8,948,1,1,1,1,0,1,0
febrl2,0.8,2644,1,1,1,1,0,1,0
febrl2,0.8,2272,1,1,1,1,0,1,0
febrl2,0.8,760,1,1,1,1,0,1,0
febrl2,0.8,504,1,1,1,1,0,1,0
febrl2,0.8,370,3,1,3,1,0,1,0
febrl2,0.8,3096,1,1,1,1,0,1,0
febrl2,0.8,764,1,1,1,1,0,1,0
febrl2,0.8,3219,1,1,1,1,0,1,0
febrl2,0.8,3597,1,1,1,1,0,1,0
febrl2,0.8,2029,4,2,4,2,0,2,0
febrl2,0.8,3385,1,1,1,1,0,1,0
febrl2,0.8,3157,1,1,1,1,0,1,0
febrl2,0.8,2789,1,1,1,1,0,1,0
febrl2,0.8,1490,1,1,1,1,0,1,0
febrl2,0.8,740,1,1,1,1,0,1,0
febrl2,0.8,194,3,1,3,1,0,1,0
febrl2,0.8,3682,1,1,1,1,0,1,0
febrl2,0.8,2162,1,1,1,1,0,1,0
febrl2,0.8,1882,4,1,4,1,0,1,0
febrl2,0.8,1341,1,1,1,1,0,1,0
febrl2,0.8,3064,1,1,1,1,0,1,0
febrl2,0.8,3645,1,1,1,1,0,1,0
febrl2,0.8,134,4,2,4,2,0,2,0
febrl2,0.8,2609,1,1,1,1,0,1,0
febrl2,0.8,1888,2,1,2,1,0,1,0
febrl2,0.8,102,1,1,1,1,0,1,0
febrl2,0.8,3346,1,1,1,1,0,1,0
febrl2,0.8,2756,2,1,2,1,0,1,0
febrl2,0.8,620,4,1,4,1,0,1,0
febrl2,0.8,815,1,1,1,1,0,1,0
febrl2,0.8,1758,1,1,1,1,0,1,0
febrl2,0.8,763,1,1,1,1,0,1,0
febrl2,0.8,2927,2,1,2,1,0,1,0
febrl2,0.8,3033,3,1,3,1,0,1,0
febrl2,0.8,2339,1,1,1,1,0,1,0
febrl2,0.8,1517,1,1,1,1,0,1,0
febrl2,0.8,2895,1,1,1,1,0,1,0
febrl2,0.8,1964,3,1,3,1,0,1,0
febrl2,0.8,3675,1,1,1,1,0,1,0
febrl2,0.8,3720,1,1,1,1,0,1,0
febrl2,0.8,1565,1,1,1,1,0,1,0
febrl2,0.8,2635,3,1,3,1,0,1,0
febrl2,0.8,131,1,1,1,1,0,1,0
febrl2,0.8,868,1,1,1,1,0,1,0
febrl2,0.8,3709,1,1,1,1,0,1,0
febrl2,0.8,1077,4,1,4,1,0,1,0
febrl2,0.8,1848,1,1,1,1,0,1,0
febrl2,0.8,705,6,1,6,1,0,1,0
febrl2,0.8,481,1,1,1,1,0,1,0
febrl2,0.8,1347,1,1,1,1,0,1,0
febrl2,0.8,3978,1,1,1,1,0,1,0
febrl2,0.8,3507,5,2,5,2,0,2,0
febrl2,0.8,2657,3,1,3,1,0,1,0
febrl2,0.8,3333,1,1,1,1,0,1,0
febrl2,0.8,1880,1,1,1,1,0,1,0
febrl2,0.8,1495,1,1,1,1,0,1,0
febrl2,0.8,3593,1,1,1,1,0,1,0
febrl2,0.8,1736,1,1,1,1,0,1,0
febrl2,0.8,1471,1,1,1,1,0,1,0
febrl2,0.8,2099,1,1,1,1,0,1,0
febrl2,0.8,3262,1,1,1,1,0,1,0
febrl2,0.8,2291,1,1,1,1,0,1,0
febrl2,0.8,876,1,1,1,1,0,1,0
febrl2,0.8,3919,1,1,1,1,0,1,0
febrl2,0.8,1391,1,1,1,1,0,1,0
febrl2,0.8,3902,1,1,1,1,0,1,0
febrl2,0.8,229,1,1,1,1,0,1,0
febrl2,0.8,324,1,1,1,1,0,1,0
febrl2,0.8,148,1,1,1,1,0,1,0
febrl2,0.8,1967,1,1,1,1,0,1,0
febrl2,0.8,3999,1,1,1,1,0,1,0
febrl2,0.8,3642,1,1,1,1,0,1,0
febrl2,0.8,3114,1,1,1,1,0,1,0
febrl2,0.8,1480,1,1,1,1,0,1,0
febrl2,0.8,2155,1,1,1,1,0,1,0
febrl2,0.8,1962,1,1,1,1,0,1,0
febrl2,0.8,1622,1,1,1,1,0,1,0
febrl2,0.8,1845,2,1,2,1,0,1,0
febrl2,0.8,2893,1,1,1,1,0,1,0
febrl2,0.8,3921,1,1,1,1,0,1,0
febrl2,0.8,1404,1,1,1,1,0,1,0
febrl2,0.8,343,1,1,1,1,0,1,0
febrl2,0.8,109,1,1,1,1,0,1,0
febrl2,0.8,3785,4,2,4,2,0,2,0
febrl2,0.8,81,1,1,1,1,0,1,0
febrl2,0.8,3994,1,1,1,1,0,1,0
febrl2,0.8,675,1,1,1,1,0,1,0
febrl2,0.8,2732,1,1,1,1,0,1,0
febrl2,0.8,1179,1,1,1,1,0,1,0
febrl2,0.8,2546,1,1,1,1,0,1,0
febrl2,0.8,2930,1,1,1,1,0,1,0
febrl2,0.8,1625,1,1,1,1,0,1,0
febrl2,0.8,1042,1,1,1,1,0,1,0
febrl2,0.8,2469,1,1,1,1,0,1,0
febrl2,0.8,314,1,1,1,1,0,1,0
febrl2,0.8,325,1,1,1,1,0,1,0
febrl2,0.8,3099,4,1,4,1,0,1,0
febrl2,0.8,1574,3,1,3,1,0,1,0
febrl2,0.8,1012,1,1,1,1,0,1,0
febrl2,0.8,3019,1,1,1,1,0,1,0
febrl2,0.8,2497,1,1,1,1,0,1,0
febrl2,0.8,3564,1,1,1,1,0,1,0
febrl2,0.8,2106,1,1,1,1,0,1,0
febrl2,0.8,1865,1,1,1,1,0,1,0
febrl2,0.8,3995,1,1,1,1,0,1,0
febrl2,0.8,1094,1,1,1,1,0,1,0
febrl2,0.8,536,1,1,1,1,0,1,0
febrl2,0.8,1047,1,1,1,1,0,1,0
febrl2,0.8,192,1,1,1,1,0,1,0
febrl2,0.8,184,1,1,1,1,0,1,0
febrl2,0.8,3301,5,1,5,1,0,1,0
febrl2,0.8,1164,1,1,1,1,0,1,0
febrl2,0.8,1814,1,1,1,1,0,1,0
febrl2,0.8,478,5,1,5,1,0,1,0
febrl2,0.8,2856,1,1,1,1,0,1,0
febrl2,0.8,761,1,1,1,1,0,1,0
febrl2,0.8,3163,3,1,3,1,0,1,0
febrl2,0.8,1193,4,1,4,1,0,1,0
febrl2,0.8,2860,1,1,1,1,0,1,0
febrl2,0.8,3843,1,1,1,1,0,1,0
febrl2,0.8,1930,1,1,1,1,0,1,0
febrl2,0.8,2200,1,1,1,1,0,1,0
febrl2,0.8,3143,1,1,1,1,0,1,0
febrl2,0.8,2658,1,1,1,1,0,1,0
febrl2,0.8,714,1,1,1,1,0,1,0
febrl2,0.8,300,1,1,1,1,0,1,0
febrl2,0.8,1651,1,1,1,1,0,1,0
febrl2,0.8,1142,1,1,1,1,0,1,0
febrl2,0.8,869,1,1,1,1,0,1,0
febrl2,0.8,2458,1,1,1,1,0,1,0
febrl2,0.8,1265,2,1,2,1,0,1,0
febrl2,0.8,3698,1,1,1,1,0,1,0
febrl2,0.8,3830,1,1,1,1,0,1,0
febrl2,0.8,3907,1,1,1,1,0,1,0
febrl2,0.8,98,1,1,1,1,0,1,0
febrl2,0.8,2219,1,1,1,1,0,1,0
febrl2,0.8,2891,4,1,4,1,0,1,0
febrl2,0.8,3070,1,1,1,1,0,1,0
febrl2,0.8,1213,6,1,6,1,0,1,0
febrl2,0.8,1061,3,1,3,1,0,1,0
febrl2,0.8,2595,1,1,1,1,0,1,0
febrl2,0.8,23,1,1,1,1,0,1,0
febrl2,0.8,2610,1,1,1,1,0,1,0
febrl2,0.8,1636,1,1,1,1,0,1,0
febrl2,0.8,1288,1,1,1,1,0,1,0
febrl2,0.8,3092,1,1,1,1,0,1,0
febrl2,0.8,3344,1,1,1,1,0,1,0
febrl2,0.8,3838,2,1,2,1,0,1,0
febrl2,0.8,3883,1,1,1,1,0,1,0
febrl2,0.8,1753,1,1,1,1,0,1,0
febrl2,0.8,2299,1,1,1,1,0,1,0
febrl2,0.8,1295,1,1,1,1,0,1,0
febrl2,0.8,2097,1,1,1,1,0,1,0
febrl2,0.8,1322,1,1,1,1,0,1,0
febrl2,0.8,2386,1,1,1,1,0,1,0
febrl2,0.8,2613,1,1,1,1,0,1,0
febrl2,0.8,2372,1,1,1,1,0,1,0
febrl2,0.8,2558,1,1,1,1,0,1,0
febrl2,0.8,1838,1,1,1,1,0,1,0
febrl2,0.8,2066,1,1,1,1,0,1,0
febrl2,0.8,3826,1,1,1,1,0,1,0
febrl2,0.8,1750,4,1,4,1,0,1,0
febrl2,0.8,1223,1,1,1,1,0,1,0
febrl2,0.8,693,1,1,1,1,0,1,0
febrl2,0.8,174,1,1,1,1,0,1,0
febrl2,0.8,2054,1,1,1,1,0,1,0
febrl2,0.8,3241,4,1,4,1,0,1,0
febrl2,0.8,3663,1,1,1,1,0,1,0
febrl2,0.8,356,4,1,4,1,0,1,0
febrl2,0.8,3067,1,1,1,1,0,1,0
febrl2,0.8,996,2,1,2,1,0,1,0
febrl2,0.8,3327,1,1,1,1,0,1,0
febrl2,0.8,912,1,1,1,1,0,1,0
febrl2,0.8,2510,1,1,1,1,0,1,0
febrl2,0.8,113,5,2,5,2,0,2,0
febrl2,0.8,790,1,1,1,1,0,1,0
febrl2,0.8,2403,5,2,5,2,0,2,0
febrl2,0.8,2502,1,1,1,1,0,1,0
febrl2,0.8,627,1,1,1,1,0,1,0
febrl2,0.8,835,1,1,1,1,0,1,0
febrl2,0.8,1156,1,1,1,1,0,1,0
febrl2,0.8,3222,1,1,1,1,0,1,0
febrl2,0.8,3121,1,1,1,1,0,1,0
febrl2,0.8,3104,1,1,1,1,0,1,0
febrl2,0.8,505,1,1,1,1,0,1,0
febrl2,0.8,1474,1,1,1,1,0,1,0
febrl2,0.8,1859,1,1,1,1,0,1,0
febrl2,0.8,3790,1,1,1,1,0,1,0
febrl2,0.8,2488,1,1,1,1,0,1,0
febrl2,0.8,3205,1,1,1,1,0,1,0
febrl2,0.8,1006,1,1,1,1,0,1,0
febrl2,0.8,1891,1,1,1,1,0,1,0
febrl2,0.8,3591,1,1,1,1,0,1,0
febrl2,0.8,2064,1,1,1,1,0,1,0
febrl2,0.8,3440,1,1,1,1,0,1,0
febrl2,0.8,1915,2,1,2,1,0,1,0
febrl2,0.8,3138,3,2,3,2,0,2,0
febrl2,0.8,1638,1,1,1,1,0,1,0
febrl2,0.8,1554,3,1,3,1,0,1,0
febrl2,0.8,2508,1,1,1,1,0,1,0
febrl2,0.8,3171,1,1,1,1,0,1,0
febrl2,0.8,1100,1,1,1,1,0,1,0
febrl2,0.8,609,1,1,1,1,0,1,0
febrl2,0.8,1948,1,1,1,1,0,1,0
febrl2,0.8,683,1,1,1,1,0,1,0
febrl2,0.8,503,4,1,4,1,0,1,0
febrl2,0.8,2418,3,1,3,1,0,1,0
febrl2,0.8,3208,1,1,1,1,0,1,0
febrl2,0.8,3927,3,1,3,1,0,1,0
febrl2,0.8,3056,1,1,1,1,0,1,0
febrl2,0.8,3430,1,1,1,1,0,1,0
febrl2,0.8,3580,1,1,1,1,0,1,0
febrl2,0.8,3993,1,1,1,1,0,1,0
febrl2,0.8,1456,1,1,1,1,0,1,0
febrl2,0.8,3299,1,1,1,1,0,1,0
febrl2,0.8,298,1,1,1,1,0,1,0
febrl2,0.8,86,3,1,3,1,0,1,0
febrl2,0.8,3500,1,1,1,1,0,1,0
febrl2,0.8,1762,1,1,1,1,0,1,0
febrl2,0.8,1660,1,1,1,1,0,1,0
febrl2,0.8,398,1,1,1,1,0,1,0
febrl2,0.8,2163,1,1,1,1,0,1,0
febrl2,0.8,2798,1,1,1,1,0,1,0
febrl2,0.8,1021,1,1,1,1,0,1,0
febrl2,0.8,1740,1,1,1,1,0,1,0
febrl2,0.8,3788,1,1,1,1,0,1,0
febrl2,0.8,1530,3,1,3,1,0,1,0
febrl2,0.8,1579,2,2,2,2,0,2,0
febrl2,0.8,2229,1,1,1,1,0,1,0
febrl2,0.8,2226,1,1,1,1,0,1,0
febrl2,0.8,2796,1,1,1,1,0,1,0
febrl2,0.8,1082,1,1,1,1,0,1,0
febrl2,0.8,2892,3,1,3,1,0,1,0
febrl2,0.8,1149,1,1,1,1,0,1,0
febrl2,0.8,2695,1,1,1,1,0,1,0
febrl2,0.8,2783,1,1,1,1,0,1,0
febrl2,0.8,2570,1,1,1,1,0,1,0
febrl2,0.8,1629,4,1,4,1,0,1,0
febrl2,0.8,2160,1,1,1,1,0,1,0
febrl2,0.8,211,1,1,1,1,0,1,0
febrl2,0.8,1509,1,1,1,1,0,1,0
febrl2,0.8,2881,1,1,1,1,0,1,0
febrl2,0.8,2779,3,1,3,1,0,1,0
febrl2,0.8,1921,1,1,1,1,0,1,0
febrl2,0.8,1919,1,1,1,1,0,1,0
febrl2,0.8,3509,1,1,1,1,0,1,0
febrl2,0.8,1438,1,1,1,1,0,1,0
febrl2,0.8,2402,1,1,1,1,0,1,0
febrl2,0.8,3621,1,1,1,1,0,1,0
febrl2,0.8,255,1,1,1,1,0,1,0
febrl2,0.8,2642,1,1,1,1,0,1,0
febrl2,0.8,575,4,1,4,1,0,1,0
febrl2,0.8,2670,1,1,1,1,0,1,0
febrl2,0.8,3694,1,1,1,1,0,1,0
febrl2,0.8,3850,3,1,3,1,0,1,0
febrl2,0.8,3083,1,1,1,1,0,1,0
febrl2,0.8,89,4,1,4,1,0,1,0
febrl2,0.8,285,1,1,1,1,0,1,0
febrl2,0.8,1049,1,1,1,1,0,1,0
febrl2,0.8,3592,1,1,1,1,0,1,0
febrl2,0.8,2817,1,1,1,1,0,1,0
febrl2,0.8,2829,1,1,1,1,0,1,0
febrl2,0.8,2953,1,1,1,1,0,1,0
febrl2,0.8,1981,1,1,1,1,0,1,0
febrl2,0.8,369,1,1,1,1,0,1,0
febrl2,0.8,413,5,1,5,1,0,1,0
febrl2,0.8,1693,1,1,1,1,0,1,0
febrl2,0.8,2473,1,1,1,1,0,1,0
febrl2,0.8,969,4,1,4,1,0,1,0
febrl2,0.8,1721,1,1,1,1,0,1,0
febrl2,0.8,1516,1,1,1,1,0,1,0
febrl2,0.8,1630,1,1,1,1,0,1,0
febrl2,0.8,46,1,1,1,1,0,1,0
febrl2,0.8,2848,1,1,1,1,0,1,0
febrl2,0.8,1925,1,1,1,1,0,1,0
febrl2,0.8,909,1,1,1,1,0,1,0
febrl2,0.8,138,3,1,3,1,0,1,0
febrl2,0.8,2830,1,1,1,1,0,1,0
febrl2,0.8,2027,1,1,1,1,0,1,0
febrl2,0.8,2954,1,1,1,1,0,1,0
febrl2,0.8,1472,1,1,1,1,0,1,0
febrl2,0.8,3326,1,1,1,1,0,1,0
febrl2,0.8,1529,1,1,1,1,0,1,0
febrl2,0.8,3866,1,1,1,1,0,1,0
febrl2,0.8,2651,1,1,1,1,0,1,0
febrl2,0.8,2461,3,1,3,1,0,1,0
febrl2,0.8,2922,1,1,1,1,0,1,0
febrl2,0.8,3414,1,1,1,1,0,1,0
febrl2,0.8,1581,4,1,4,1,0,1,0
febrl2,0.8,906,1,1,1,1,0,1,0
febrl2,0.8,3730,1,1,1,1,0,1,0
febrl2,0.8,1408,1,1,1,1,0,1,0
febrl2,0.8,3656,1,1,1,1,0,1,0
febrl2,0.8,3207,1,1,1,1,0,1,0
febrl2,0.8,3881,2,1,2,1,0,1,0
febrl2,0.8,3950,1,1,1,1,0,1,0
febrl2,0.8,3060,1,1,1,1,0,1,0
febrl2,0.8,2310,3,1,3,1,0,1,0
febrl2,0.8,1801,1,1,1,1,0,1,0
febrl2,0.8,3491,1,1,1,1,0,1,0
febrl2,0.8,1575,1,1,1,1,0,1,0
febrl2,0.8,3420,1,1,1,1,0,1,0
febrl2,0.8,2447,4,1,4,1,0,1,0
febrl2,0.8,3077,1,1,1,1,0,1,0
febrl2,0.8,2566,1,1,1,1,0,1,0
febrl2,0.8,544,4,1,4,1,0,1,0
febrl2,0.8,409,1,1,1,1,0,1,0
febrl2,0.8,2686,4,1,4,1,0,1,0
febrl2,0.8,2572,5,1,5,1,0,1,0
febrl2,0.8,2934,4,1,4,1,0,1,0
febrl2,0.8,2950,1,1,1,1,0,1,0
febrl2,0.8,3216,1,1,1,1,0,1,0
febrl2,0.8,2713,1,1,1,1,0,1,0
febrl2,0.8,2597,1,1,1,1,0,1,0
febrl2,0.8,3482,1,1,1,1,0,1,0
febrl2,0.8,2833,1,1,1,1,0,1,0
febrl2,0.8,2506,1,1,1,1,0,1,0
febrl2,0.8,3160,3,1,3,1,0,1,0
febrl2,0.8,1364,1,1,1,1,0,1,0
febrl2,0.8,2375,1,1,1,1,0,1,0
febrl2,0.8,1990,1,1,1,1,0,1,0
febrl2,0.8,2400,1,1,1,1,0,1,0
febrl2,0.8,2476,1,1,1,1,0,1,0
febrl2,0.8,3699,1,1,1,1,0,1,0
febrl2,0.8,3928,1,1,1,1,0,1,0
febrl2,0.8,3527,1,1,1,1,0,1,0
febrl2,0.8,126,1,1,1,1,0,1,0
febrl2,0.8,1698,3,1,3,1,0,1,0
febrl2,0.8,367,1,1,1,1,0,1,0
febrl2,0.8,2075,1,1,1,1,0,1,0
febrl2,0.8,1069,1,1,1,1,0,1,0
febrl2,0.8,1809,1,1,1,1,0,1,0
febrl2,0.8,694,4,1,4,1,0,1,0
febrl2,0.8,3985,1,1,1,1,0,1,0
febrl2,0.8,3452,4,1,4,1,0,1,0
febrl2,0.8,2170,1,1,1,1,0,1,0
febrl2,0.8,1328,1,1,1,1,0,1,0
febrl2,0.8,2468,1,1,1,1,0,1,0
febrl2,0.8,688,1,1,1,1,0,1,0
febrl2,0.8,2698,1,1,1,1,0,1,0
febrl2,0.8,3285,1,1,1,1,0,1,0
febrl2,0.8,2949,1,1,1,1,0,1,0
febrl2,0.8,887,2,1,2,1,0,1,0
febrl2,0.8,861,1,1,1,1,0,1,0
febrl2,0.8,905,1,1,1,1,0,1,0
febrl2,0.8,83,1,1,1,1,0,1,0
febrl2,0.8,1234,1,1,1,1,0,1,0
febrl2,0.8,1549,1,1,1,1,0,1,0
febrl2,0.8,489,1,1,1,1,0,1,0
febrl2,0.8,1446,1,1,1,1,0,1,0
febrl2,0.8,2694,1,1,1,1,0,1,0
febrl2,0.8,1452,1,1,1,1,0,1,0
febrl2,0.8,824,1,1,1,1,0,1,0
febrl2,0.8,2767,1,1,1,1,0,1,0
febrl2,0.8,1242,1,1,1,1,0,1,0
febrl2,0.8,2998,3,1,3,1,0,1,0
febrl2,0.8,1113,1,1,1,1,0,1,0
febrl2,0.8,654,1,1,1,1,0,1,0
febrl2,0.8,2125,1,1,1,1,0,1,0
febrl2,0.8,334,1,1,1,1,0,1,0
febrl2,0.8,3139,1,1,1,1,0,1,0
febrl2,0.8,408,1,1,1,1,0,1,0
febrl2,0.8,1045,4,1,4,1,0,1,0
febrl2,0.8,902,3,1,3,1,0,1,0
febrl2,0.8,2666,1,1,1,1,0,1,0
febrl2,0.8,1056,1,1,1,1,0,1,0
febrl2,0.8,415,1,1,1,1,0,1,0
febrl2,0.8,2332,1,1,1,1,0,1,0
febrl2,0.8,1104,1,1,1,1,0,1,0
febrl2,0.8,3273,1,1,1,1,0,1,0
febrl2,0.8,1331,1,1,1,1,0,1,0
febrl2,0.8,1389,1,1,1,1,0,1,0
febrl2,0.8,2750,1,1,1,1,0,1,0
febrl2,0.8,2414,1,1,1,1,0,1,0
febrl2,0.8,2024,1,1,1,1,0,1,0
febrl2,0.8,1091,1,1,1,1,0,1,0
febrl2,0.8,1796,1,1,1,1,0,1,0
febrl2,0.8,1074,1,1,1,1,0,1,0
febrl2,0.8,3693,1,1,1,1,0,1,0
febrl2,0.8,1953,1,1,1,1,0,1,0
febrl2,0.8,3741,4,1,4,1,0,1,0
febrl2,0.8,1232,1,1,1,1,0,1,0
febrl2,0.8,2217,1,1,1,1,0,1,0
febrl2,0.8,99,1,1,1,1,0,1,0
febrl2,0.8,801,1,1,1,1,0,1,0
febrl2,0.8,2586,1,1,1,1,0,1,0
febrl2,0.8,2426,1,1,1,1,0,1,0
febrl2,0.8,995,1,1,1,1,0,1,0
febrl2,0.8,594,5,1,5,1,0,1,0
febrl2,0.8,2038,1,1,1,1,0,1,0
febrl2,0.8,3618,1,1,1,1,0,1,0
febrl2,0.8,3032,1,1,1,1,0,1,0
febrl2,0.8,2768,1,1,1,1,0,1,0
febrl2,0.8,1505,1,1,1,1,0,1,0
febrl2,0.8,447,5,1,5,1,0,1,0
febrl2,0.8,1190,1,1,1,1,0,1,0
febrl2,0.8,432,1,1,1,1,0,1,0
febrl2,0.8,1005,1,1,1,1,0,1,0
febrl2,0.8,280,1,1,1,1,0,1,0
febrl2,0.8,3598,1,1,1,1,0,1,0
febrl2,0.8,2868,1,1,1,1,0,1,0
febrl2,0.8,1655,1,1,1,1,0,1,0
febrl2,0.8,2092,1,1,1,1,0,1,0
febrl2,0.8,1246,1,1,1,1,0,1,0
febrl2,0.8,914,1,1,1,1,0,1,0
febrl2,0.8,1222,1,1,1,1,0,1,0
febrl2,0.8,2552,1,1,1,1,0,1,0
febrl2,0.8,553,1,1,1,1,0,1,0
febrl2,0.8,2298,1,1,1,1,0,1,0
febrl2,0.8,3217,1,1,1,1,0,1,0
febrl2,0.8,2600,1,1,1,1,0,1,0
febrl2,0.8,924,1,1,1,1,0,1,0
febrl2,0.8,3739,3,1,3,1,0,1,0
febrl2,0.8,1343,3,1,3,1,0,1,0
febrl2,0.8,1576,2,1,2,1,0,1,0
febrl2,0.8,1194,1,1,1,1,0,1,0
febrl2,0.8,865,1,1,1,1,0,1,0
febrl2,0.8,1879,1,1,1,1,0,1,0
febrl2,0.8,2604,1,1,1,1,0,1,0
febrl2,0.8,1746,1,1,1,1,0,1,0
febrl2,0.8,2773,1,1,1,1,0,1,0
febrl2,0.8,1188,1,1,1,1,0,1,0
febrl2,0.8,2161,1,1,1,1,0,1,0
febrl2,0.8,2028,1,1,1,1,0,1,0
febrl2,0.8,543,1,1,1,1,0,1,0
febrl2,0.8,2688,1,1,1,1,0,1,0
febrl2,0.8,643,1,1,1,1,0,1,0
febrl2,0.8,2932,1,1,1,1,0,1,0
febrl2,0.8,2882,1,1,1,1,0,1,0
febrl2,0.8,1989,1,1,1,1,0,1,0
febrl2,0.8,721,6,1,6,1,0,1,0
febrl2,0.8,2526,1,1,1,1,0,1,0
febrl2,0.8,2639,1,1,1,1,0,1,0
febrl2,0.8,2846,5,1,5,1,0,1,0
febrl2,0.8,90,1,1,1,1,0,1,0
febrl2,0.8,2199,1,1,1,1,0,1,0
febrl2,0.8,2205,1,1,1,1,0,1,0
febrl2,0.8,1108,1,1,1,1,0,1,0
febrl2,0.8,2201,2,1,2,1,0,1,0
febrl2,0.8,3951,1,1,1,1,0,1,0
febrl2,0.8,1175,1,1,1,1,0,1,0
febrl2,0.8,2410,1,1,1,1,0,1,0
febrl2,0.8,1334,1,1,1,1,0,1,0
febrl2,0.8,2086,1,1,1,1,0,1,0
febrl2,0.8,2379,2,1,2,1,0,1,0
febrl2,0.8,3302,1,1,1,1,0,1,0
febrl2,0.8,276,1,1,1,1,0,1,0
febrl2,0.8,3736,1,1,1,1,0,1,0
febrl2,0.8,1863,1,1,1,1,0,1,0
febrl2,0.8,3117,1,1,1,1,0,1,0
febrl2,0.8,1437,4,2,4,2,0,2,0
febrl2,0.8,68,1,1,1,1,0,1,0
febrl2,0.8,527,3,1,3,1,0,1,0
febrl2,0.8,3524,2,1,2,1,0,1,0
febrl2,0.8,2568,1,1,1,1,0,1,0
febrl2,0.8,1255,1,1,1,1,0,1,0
febrl2,0.8,1718,1,1,1,1,0,1,0
febrl2,0.8,3015,1,1,1,1,0,1,0
febrl2,0.8,605,1,1,1,1,0,1,0
febrl2,0.8,2844,1,1,1,1,0,1,0
febrl2,0.8,3590,1,1,1,1,0,1,0
febrl2,0.8,429,1,1,1,1,0,1,0
febrl2,0.8,1440,1,1,1,1,0,1,0
febrl2,0.8,3239,3,1,3,1,0,1,0
febrl2,0.8,2370,3,1,3,1,0,1,0
febrl2,0.8,1087,1,1,1,1,0,1,0
febrl2,0.8,1236,1,1,1,1,0,1,0
febrl2,0.8,2002,1,1,1,1,0,1,0
febrl2,0.8,1002,1,1,1,1,0,1,0
febrl2,0.8,3022,1,1,1,1,0,1,0
febrl2,0.8,898,1,1,1,1,0,1,0
febrl2,0.8,1747,1,1,1,1,0,1,0
febrl2,0.8,1613,1,1,1,1,0,1,0
febrl2,0.8,3718,1,1,1,1,0,1,0
febrl2,0.8,2127,2,1,2,1,0,1,0
febrl2,0.8,2701,1,1,1,1,0,1,0
febrl2,0.8,3610,1,1,1,1,0,1,0
febrl2,0.8,2346,1,1,1,1,0,1,0
febrl2,0.8,150,2,2,2,2,0,2,0
febrl2,0.8,929,1,1,1,1,0,1,0
febrl2,0.8,3818,1,1,1,1,0,1,0
febrl2,0.8,3607,1,1,1,1,0,1,0
febrl2,0.8,268,1,1,1,1,0,1,0
febrl2,0.8,2672,1,1,1,1,0,1,0
febrl2,0.8,637,1,1,1,1,0,1,0
febrl2,0.8,3677,4,1,4,1,0,1,0
febrl2,0.8,1138,1,1,1,1,0,1,0
febrl2,0.8,1610,1,1,1,1,0,1,0
febrl2,0.8,167,1,1,1,1,0,1,0
febrl2,0.8,2945,1,1,1,1,0,1,0
febrl2,0.8,252,1,1,1,1,0,1,0
febrl2,0.8,261,3,1,3,1,0,1,0
febrl2,0.8,2098,1,1,1,1,0,1,0
febrl2,0.8,3774,2,1,2,1,0,1,0
febrl2,0.8,3298,1,1,1,1,0,1,0
febrl2,0.8,2448,1,1,1,1,0,1,0
febrl2,0.8,233,1,1,1,1,0,1,0
febrl2,0.8,2620,1,1,1,1,0,1,0
febrl2,0.8,2269,1,1,1,1,0,1,0
febrl2,0.8,3803,1,1,1,1,0,1,0
febrl2,0.8,1447,1,1,1,1,0,1,0
febrl2,0.8,1422,1,1,1,1,0,1,0
febrl2,0.8,1899,1,1,1,1,0,1,0
febrl2,0.8,2314,2,1,2,1,0,1,0
febrl2,0.8,1603,1,1,1,1,0,1,0
febrl2,0.8,524,1,1,1,1,0,1,0
febrl2,0.8,1763,1,1,1,1,0,1,0
febrl2,0.8,1323,3,1,3,1,0,1,0
febrl2,0.8,2532,3,1,3,1,0,1,0
febrl2,0.8,2571,5,1,5,1,0,1,0
febrl2,0.8,1844,1,1,1,1,0,1,0
febrl2,0.8,959,1,1,1,1,0,1,0
febrl2,0.8,2585,1,1,1,1,0,1,0
febrl2,0.8,1160,1,1,1,1,0,1,0
febrl2,0.8,904,1,1,1,1,0,1,0
febrl2,0.8,3767,1,1,1,1,0,1,0
febrl2,0.8,1961,1,1,1,1,0,1,0
febrl2,0.8,1305,1,1,1,1,0,1,0
febrl2,0.8,1201,1,1,1,1,0,1,0
febrl2,0.8,3038,1,1,1,1,0,1,0
febrl2,0.8,419,4,1,4,1,0,1,0
febrl2,0.8,3571,1,1,1,1,0,1,0
febrl2,0.8,2668,1,1,1,1,0,1,0
febrl2,0.8,2015,1,1,1,1,0,1,0
febrl2,0.8,2419,1,1,1,1,0,1,0
febrl2,0.8,2154,1,1,1,1,0,1,0
febrl2,0.8,2794,1,1,1,1,0,1,0
febrl2,0.8,2802,3,1,3,1,0,1,0
febrl2,0.8,838,1,1,1,1,0,1,0
febrl2,0.8,96,1,1,1,1,0,1,0
febrl2,0.8,1291,1,1,1,1,0,1,0
febrl2,0.8,829,1,1,1,1,0,1,0
febrl2,0.8,2142,1,1,1,1,0,1,0
febrl2,0.8,100,4,1,4,1,0,1,0
febrl2,0.8,1489,1,1,1,1,0,1,0
febrl2,0.8,1997,1,1,1,1,0,1,0
febrl2,0.8,1453,1,1,1,1,0,1,0
febrl2,0.8,3980,2,1,2,1,0,1,0
febrl2,0.8,239,1,1,1,1,0,1,0
febrl2,0.8,3288,1,1,1,1,0,1,0
febrl2,0.8,1719,1,1,1,1,0,1,0
febrl2,0.8,3054,4,1,4,1,0,1,0
febrl2,0.8,2673,3,1,3,1,0,1,0
febrl2,0.8,3087,1,1,1,1,0,1,0
febrl2,0.8,1513,1,1,1,1,0,1,0
febrl2,0.8,3409,3,1,3,1,0,1,0
febrl2,0.8,1259,1,1,1,1,0,1,0
febrl2,0.8,1090,1,1,1,1,0,1,0
febrl2,0.8,1786,1,1,1,1,0,1,0
febrl2,0.8,1019,1,1,1,1,0,1,0
febrl2,0.8,3436,4,1,4,1,0,1,0
febrl2,0.8,3462,1,1,1,1,0,1,0
febrl2,0.8,1536,1,1,1,1,0,1,0
febrl2,0.8,119,1,1,1,1,0,1,0
febrl2,0.8,1774,1,1,1,1,0,1,0
febrl2,0.8,933,1,1,1,1,0,1,0
febrl2,0.8,332,1,1,1,1,0,1,0
febrl2,0.8,3335,1,1,1,1,0,1,0
febrl2,0.8,70,1,1,1,1,0,1,0
febrl2,0.8,2293,1,1,1,1,0,1,0
febrl2,0.8,3632,1,1,1,1,0,1,0
febrl2,0.8,2143,4,1,4,1,0,1,0
febrl2,0.8,2963,1,1,1,1,0,1,0
febrl2,0.8,31,1,1,1,1,0,1,0
febrl2,0.8,1756,1,1,1,1,0,1,0
febrl2,0.8,2992,1,1,1,1,0,1,0
febrl2,0.8,479,1,1,1,1,0,1,0
febrl2,0.8,2081,1,1,1,1,0,1,0
febrl2,0.8,768,2,1,2,1,0,1,0
febrl2,0.8,3520,1,1,1,1,0,1,0
febrl2,0.8,372,1,1,1,1,0,1,0
febrl2,0.8,2678,1,1,1,1,0,1,0
febrl2,0.8,1016,1,1,1,1,0,1,0
febrl2,0.8,736,1,1,1,1,0,1,0
febrl2,0.8,1757,1,1,1,1,0,1,0
febrl2,0.8,2716,1,1,1,1,0,1,0
febrl2,0.8,2714,1,1,1,1,0,1,0
febrl2,0.8,3256,1,1,1,1,0,1,0
febrl2,0.8,2267,2,1,2,1,0,1,0
febrl2,0.8,1000,1,1,1,1,0,1,0
febrl2,0.8,2328,2,1,2,1,0,1,0
febrl2,0.8,1782,1,1,1,1,0,1,0
febrl2,0.8,1157,1,1,1,1,0,1,0
febrl2,0.8,864,4,1,4,1,0,1,0
febrl2,0.8,190,1,1,1,1,0,1,0
febrl2,0.8,3069,1,1,1,1,0,1,0
febrl2,0.8,29,1,1,1,1,0,1,0
febrl2,0.8,1889,2,1,2,1,0,1,0
febrl2,0.8,3362,1,1,1,1,0,1,0
febrl2,0.8,3782,1,1,1,1,0,1,0
febrl2,0.8,2638,1,1,1,1,0,1,0
febrl2,0.8,445,1,1,1,1,0,1,0
febrl2,0.8,1009,1,1,1,1,0,1,0
febrl2,0.8,2729,1,1,1,1,0,1,0
febrl2,0.8,1154,3,1,3,1,0,1,0
febrl2,0.8,1977,1,1,1,1,0,1,0
febrl2,0.8,2519,1,1,1,1,0,1,0
febrl2,0.8,2319,1,1,1,1,0,1,0
febrl2,0.8,360,1,1,1,1,0,1,0
febrl2,0.8,1956,1,1,1,1,0,1,0
febrl2,0.8,3317,1,1,1,1,0,1,0
febrl2,0.8,3348,1,1,1,1,0,1,0
febrl2,0.8,2241,1,1,1,1,0,1,0
febrl2,0.8,1010,5,1,5,1,0,1,0
febrl2,0.8,3045,1,1,1,1,0,1,0
febrl2,0.8,1335,1,1,1,1,0,1,0
febrl2,0.8,3755,1,1,1,1,0,1,0
febrl2,0.8,535,1,1,1,1,0,1,0
febrl2,0.8,2324,1,1,1,1,0,1,0
febrl2,0.8,1147,1,1,1,1,0,1,0
febrl2,0.8,3444,1,1,1,1,0,1,0
febrl2,0.8,1957,1,1,1,1,0,1,0
febrl2,0.8,3769,3,1,3,1,0,1,0
febrl2,0.8,1161,3,1,3,1,0,1,0
febrl2,0.8,1290,1,1,1,1,0,1,0
febrl2,0.8,540,4,1,4,1,0,1,0
febrl2,0.8,2878,1,1,1,1,0,1,0
febrl2,0.8,3952,1,1,1,1,0,1,0
febrl2,0.8,3646,1,1,1,1,0,1,0
febrl2,0.8,3962,1,1,1,1,0,1,0
febrl2,0.8,1294,1,1,1,1,0,1,0
febrl2,0.8,3837,1,1,1,1,0,1,0
febrl2,0.8,3167,2,1,2,1,0,1,0
febrl2,0.8,2235,1,1,1,1,0,1,0
febrl2,0.8,1628,1,1,1,1,0,1,0
febrl2,0.8,1022,1,1,1,1,0,1,0
febrl2,0.8,2076,1,1,1,1,0,1,0
febrl2,0.8,1303,1,1,1,1,0,1,0
febrl2,0.8,2771,1,1,1,1,0,1,0
febrl2,0.8,3533,4,2,4,2,0,2,0
febrl2,0.8,687,1,1,1,1,0,1,0
febrl2,0.8,3461,1,1,1,1,0,1,0
febrl2,0.8,1699,1,1,1,1,0,1,0
febrl2,0.8,1191,1,1,1,1,0,1,0
febrl2,0.8,3717,1,1,1,1,0,1,0
febrl2,0.8,404,1,1,1,1,0,1,0
febrl2,0.8,1731,1,1,1,1,0,1,0
febrl2,0.8,986,1,1,1,1,0,1,0
febrl2,0.8,3226,1,1,1,1,0,1,0
febrl2,0.8,2919,1,1,1,1,0,1,0
febrl2,0.8,2489,1,1,1,1,0,1,0
febrl2,0.8,394,1,1,1,1,0,1,0
febrl2,0.8,2445,1,1,1,1,0,1,0
febrl2,0.8,640,6,1,6,1,0,1,0
febrl2,0.8,1488,1,1,1,1,0,1,0
febrl2,0.8,3410,1,1,1,1,0,1,0
febrl2,0.8,3154,1,1,1,1,0,1,0
febrl2,0.8,2903,1,1,1,1,0,1,0
febrl2,0.8,2565,4,1,4,1,0,1,0
febrl2,0.8,3972,2,1,2,1,0,1,0
febrl2,0.8,1776,1,1,1,1,0,1,0
febrl2,0.8,266,1,1,1,1,0,1,0
febrl2,0.8,443,1,1,1,1,0,1,0
febrl2,0.8,3550,3,1,3,1,0,1,0
febrl2,0.8,1189,1,1,1,1,0,1,0
febrl2,0.8,1918,1,1,1,1,0,1,0
febrl2,0.8,782,1,1,1,1,0,1,0
febrl2,0.8,2522,4,2,4,2,0,2,0
febrl2,0.8,3691,1,1,1,1,0,1,0
febrl2,0.8,2560,1,1,1,1,0,1,0
febrl2,0.8,2531,1,1,1,1,0,1,0
febrl2,0.8,3379,5,2,5,2,0,2,0
febrl2,0.8,362,1,1,1,1,0,1,0
febrl2,0.8,981,1,1,1,1,0,1,0
febrl2,0.8,3263,1,1,1,1,0,1,0
febrl2,0.8,2607,4,1,4,1,0,1,0
febrl2,0.8,1275,1,1,1,1,0,1,0
febrl2,0.8,517,6,1,6,1,0,1,0
febrl2,0.8,952,1,1,1,1,0,1,0
febrl2,0.8,2268,1,1,1,1,0,1,0
febrl2,0.8,2320,1,1,1,1,0,1,0
febrl2,0.8,1126,1,1,1,1,0,1,0
febrl2,0.8,497,1,1,1,1,0,1,0
febrl2,0.8,2466,1,1,1,1,0,1,0
febrl2,0.8,979,3,1,3,1,0,1,0
febrl2,0.8,3446,1,1,1,1,0,1,0
febrl2,0.8,3766,1,1,1,1,0,1,0
febrl2,0.8,3330,1,1,1,1,0,1,0
febrl2,0.8,2423,1,1,1,1,0,1,0
febrl2,0.8,28,1,1,1,1,0,1,0
febrl2,0.8,7,1,1,1,1,0,1,0
febrl2,0.8,2902,1,1,1,1,0,1,0
febrl2,0.8,2443,1,1,1,1,0,1,0
febrl2,0.8,1978,1,1,1,1,0,1,0
febrl2,0.8,1898,1,1,1,1,0,1,0
febrl2,0.8,977,2,1,2,1,0,1,0
febrl2,0.8,1663,3,1,3,1,0,1,0
febrl2,0.8,2928,3,2,3,2,0,2,0
febrl2,0.8,1682,1,1,1,1,0,1,0
febrl2,0.8,3320,1,1,1,1,0,1,0
febrl2,0.8,1955,1,1,1,1,0,1,0
febrl2,0.8,1692,4,1,4,1,0,1,0
febrl2,0.8,364,1,1,1,1,0,1,0
febrl2,0.8,1301,1,1,1,1,0,1,0
febrl2,0.8,2356,1,1,1,1,0,1,0
febrl2,0.8,780,2,1,2,1,0,1,0
febrl2,0.8,350,1,1,1,1,0,1,0
febrl2,0.8,1595,1,1,1,1,0,1,0
febrl2,0.8,48,1,1,1,1,0,1,0
febrl2,0.8,739,1,1,1,1,0,1,0
febrl2,0.8,2063,1,1,1,1,0,1,0
febrl2,0.8,2264,3,1,3,1,0,1,0
febrl2,0.8,632,1,1,1,1,0,1,0
febrl2,0.8,699,1,1,1,1,0,1,0
febrl2,0.8,2348,1,1,1,1,0,1,0
febrl2,0.8,1258,2,1,2,1,0,1,0
febrl2,0.8,2404,1,1,1,1,0,1,0
febrl2,0.8,2811,1,1,1,1,0,1,0
febrl2,0.8,2261,1,1,1,1,0,1,0
febrl2,0.8,2755,1,1,1,1,0,1,0
febrl2,0.8,3221,1,1,1,1,0,1,0
febrl2,0.8,616,1,1,1,1,0,1,0
febrl2,0.8,2842,1,1,1,1,0,1,0
febrl2,0.8,2985,1,1,1,1,0,1,0
febrl2,0.8,1519,3,1,3,1,0,1,0
febrl2,0.8,399,1,1,1,1,0,1,0
febrl2,0.8,2660,1,1,1,1,0,1,0
febrl2,0.8,2880,1,1,1,1,0,1,0
febrl2,0.8,3057,1,1,1,1,0,1,0
febrl2,0.8,3653,3,1,3,1,0,1,0
febrl2,0.8,1808,1,1,1,1,0,1,0
febrl2,0.8,589,5,1,5,1,0,1,0
febrl2,0.8,2938,4,1,4,1,0,1,0
febrl2,0.8,1078,1,1,1,1,0,1,0
febrl2,0.8,846,3,1,3,1,0,1,0
febrl2,0.8,3506,1,1,1,1,0,1,0
febrl2,0.8,351,1,1,1,1,0,1,0
febrl2,0.8,3839,4,1,4,1,0,1,0
febrl2,0.8,1135,1,1,1,1,0,1,0
febrl2,0.8,345,1,1,1,1,0,1,0
febrl2,0.8,513,1,1,1,1,0,1,0
febrl2,0.8,47,1,1,1,1,0,1,0
febrl2,0.8,1192,1,1,1,1,0,1,0
febrl2,0.8,228,1,1,1,1,0,1,0
febrl2,0.8,1271,1,1,1,1,0,1,0
febrl2,0.8,682,1,1,1,1,0,1,0
febrl2,0.8,1524,1,1,1,1,0,1,0
febrl2,0.8,2873,1,1,1,1,0,1,0
febrl2,0.8,2274,1,1,1,1,0,1,0
febrl2,0.8,1988,1,1,1,1,0,1,0
febrl2,0.8,2484,1,1,1,1,0,1,0
febrl2,0.8,329,1,1,1,1,0,1,0
febrl2,0.8,2280,1,1,1,1,0,1,0
febrl2,0.8,3244,1,1,1,1,0,1,0
febrl2,0.8,2004,1,1,1,1,0,1,0
febrl2,0.8,2224,1,1,1,1,0,1,0
febrl2,0.8,1306,3,1,3,1,0,1,0
febrl2,0.8,3088,1,1,1,1,0,1,0
febrl2,0.8,3516,1,1,1,1,0,1,0
febrl2,0.8,2625,1,1,1,1,0,1,0
febrl2,0.8,1168,1,1,1,1,0,1,0
febrl2,0.8,2653,1,1,1,1,0,1,0
febrl2,0.8,3412,1,1,1,1,0,1,0
febrl2,0.8,2392,1,1,1,1,0,1,0
febrl2,0.8,2772,1,1,1,1,0,1,0
febrl2,0.8,3734,1,1,1,1,0,1,0
febrl2,0.8,3142,4,1,4,1,0,1,0
febrl2,0.8,702,1,1,1,1,0,1,0
febrl2,0.8,745,1,1,1,1,0,1,0
febrl2,0.8,311,1,1,1,1,0,1,0
febrl2,0.8,2563,1,1,1,1,0,1,0
febrl2,0.8,2297,1,1,1,1,0,1,0
febrl2,0.8,1209,1,1,1,1,0,1,0
febrl2,0.8,1679,1,1,1,1,0,1,0
febrl2,0.8,1569,1,1,1,1,0,1,0
febrl2,0.8,3360,1,1,1,1,0,1,0
febrl2,0.8,1937,1,1,1,1,0,1,0
febrl2,0.8,3075,1,1,1,1,0,1,0
febrl2,0.8,3529,1,1,1,1,0,1,0
febrl2,0.8,3450,1,1,1,1,0,1,0
febrl2,0.8,993,1,1,1,1,0,1,0
febrl2,0.8,1905,1,1,1,1,0,1,0
febrl2,0.8,1641,1,1,1,1,0,1,0
febrl2,0.8,3081,1,1,1,1,0,1,0
febrl2,0.8,487,1,1,1,1,0,1,0
febrl2,0.8,1097,1,1,1,1,0,1,0
febrl2,0.8,1240,1,1,1,1,0,1,0
febrl2,0.8,674,1,1,1,1,0,1,0
febrl2,0.8,2677,1,1,1,1,0,1,0
febrl2,0.8,2906,1,1,1,1,0,1,0
febrl2,0.8,926,1,1,1,1,0,1,0
febrl2,0.8,3810,1,1,1,1,0,1,0
febrl2,0.8,3287,1,1,1,1,0,1,0
febrl2,0.8,3776,1,1,1,1,0,1,0
febrl2,0.8,3548,1,1,1,1,0,1,0
febrl2,0.8,33,1,1,1,1,0,1,0
febrl2,0.8,1700,1,1,1,1,0,1,0
febrl2,0.8,2465,1,1,1,1,0,1,0
febrl2,0.8,1901,1,1,1,1,0,1,0
febrl2,0.8,1269,2,1,2,1,0,1,0
febrl2,0.8,2708,1,1,1,1,0,1,0
febrl2,0.8,1467,1,1,1,1,0,1,0
febrl2,0.8,352,3,1,3,1,0,1,0
febrl2,0.8,532,1,1,1,1,0,1,0
febrl2,0.8,3068,1,1,1,1,0,1,0
febrl2,0.8,537,1,1,1,1,0,1,0
febrl2,0.8,507,1,1,1,1,0,1,0
febrl2,0.8,931,1,1,1,1,0,1,0
febrl2,0.8,3097,2,1,2,1,0,1,0
febrl2,0.8,359,1,1,1,1,0,1,0
febrl2,0.8,2682,1,1,1,1,0,1,0
febrl2,0.8,1197,1,1,1,1,0,1,0
febrl2,0.8,1539,1,1,1,1,0,1,0
febrl2,0.8,910,1,1,1,1,0,1,0
febrl2,0.8,2707,1,1,1,1,0,1,0
febrl2,0.8,548,1,1,1,1,0,1,0
febrl2,0.8,1673,1,1,1,1,0,1,0
febrl2,0.8,1725,1,1,1,1,0,1,0
febrl2,0.8,1769,1,1,1,1,0,1,0
febrl2,0.8,2467,6,1,6,1,0,1,0
febrl2,0.8,1458,1,1,1,1,0,1,0
febrl2,0.8,2863,1,1,1,1,0,1,0
febrl2,0.8,1765,1,1,1,1,0,1,0
febrl2,0.8,2608,1,1,1,1,0,1,0
febrl2,0.8,1150,1,1,1,1,0,1,0
febrl2,0.8,1024,1,1,1,1,0,1,0
febrl2,0.8,1454,1,1,1,1,0,1,0
febrl2,0.8,1435,1,1,1,1,0,1,0
febrl2,0.8,655,1,1,1,1,0,1,0
febrl2,0.8,2735,1,1,1,1,0,1,0
febrl2,0.8,472,1,1,1,1,0,1,0
febrl2,0.8,3082,1,1,1,1,0,1,0
febrl2,0.8,3783,1,1,1,1,0,1,0
febrl2,0.8,1336,4,1,4,1,0,1,0
febrl2,0.8,2853,4,1,4,1,0,1,0
febrl2,0.8,3383,1,1,1,1,0,1,0
febrl2,0.8,3583,1,1,1,1,0,1,0
febrl2,0.8,1085,1,1,1,1,0,1,0
febrl2,0.8,2137,1,1,1,1,0,1,0
febrl2,0.8,393,1,1,1,1,0,1,0
febrl2,0.8,3427,1,1,1,1,0,1,0
febrl2,0.8,889,1,1,1,1,0,1,0
febrl2,0.8,3884,1,1,1,1,0,1,0
febrl2,0.8,2697,1,1,1,1,0,1,0
febrl2,0.8,3110,1,1,1,1,0,1,0
febrl2,0.8,1502,1,1,1,1,0,1,0
febrl2,0.8,747,1,1,1,1,0,1,0
febrl2,0.8,1819,1,1,1,1,0,1,0
febrl2,0.8,1053,1,1,1,1,0,1,0
febrl2,0.8,1455,1,1,1,1,0,1,0
febrl2,0.8,1332,1,1,1,1,0,1,0
febrl2,0.8,1245,1,1,1,1,0,1,0
febrl2,0.8,2527,1,1,1,1,0,1,0
febrl2,0.8,2258,1,1,1,1,0,1,0
febrl2,0.8,802,2,1,2,1,0,1,0
febrl2,0.8,3654,1,1,1,1,0,1,0
febrl2,0.8,3023,1,1,1,1,0,1,0
febrl2,0.8,2245,1,1,1,1,0,1,0
febrl2,0.8,1420,1,1,1,1,0,1,0
febrl2,0.8,793,1,1,1,1,0,1,0
febrl2,0.8,2612,1,1,1,1,0,1,0
febrl2,0.8,2344,1,1,1,1,0,1,0
febrl2,0.8,653,1,1,1,1,0,1,0
febrl2,0.8,2814,1,1,1,1,0,1,0
febrl2,0.8,956,4,1,4,1,0,1,0
febrl2,0.8,3014,1,1,1,1,0,1,0
febrl2,0.8,3313,1,1,1,1,0,1,0
febrl2,0.8,418,1,1,1,1,0,1,0
febrl2,0.8,2202,1,1,1,1,0,1,0
febrl2,0.8,2283,2,1,2,1,0,1,0
febrl2,0.8,1929,1,1,1,1,0,1,0
febrl2,0.8,110,1,1,1,1,0,1,0
febrl2,0.8,3200,1,1,1,1,0,1,0
febrl2,0.8,3144,1,1,1,1,0,1,0
febrl2,0.8,1475,1,1,1,1,0,1,0
febrl2,0.8,942,1,1,1,1,0,1,0
febrl2,0.8,1289,1,1,1,1,0,1,0
febrl2,0.8,1239,1,1,1,1,0,1,0
febrl2,0.8,3089,1,1,1,1,0,1,0
febrl2,0.8,3668,1,1,1,1,0,1,0
febrl2,0.8,2721,1,1,1,1,0,1,0
febrl2,0.8,2065,1,1,1,1,0,1,0
febrl2,0.8,3706,1,1,1,1,0,1,0
febrl2,0.8,3429,1,1,1,1,0,1,0
febrl2,0.8,230,1,1,1,1,0,1,0
febrl2,0.8,2256,1,1,1,1,0,1,0
febrl2,0.8,3274,1,1,1,1,0,1,0
febrl2,0.8,163,1,1,1,1,0,1,0
febrl2,0.8,2594,1,1,1,1,0,1,0
febrl2,0.8,997,1,1,1,1,0,1,0
febrl2,0.8,560,1,1,1,1,0,1,0
febrl2,0.8,738,1,1,1,1,0,1,0
febrl2,0.8,1512,1,1,1,1,0,1,0
febrl2,0.8,2689,1,1,1,1,0,1,0
febrl2,0.8,3569,1,1,1,1,0,1,0
febrl2,0.8,625,1,1,1,1,0,1,0
febrl2,0.8,3191,1,1,1,1,0,1,0
febrl2,0.8,3336,1,1,1,1,0,1,0
febrl2,0.8,3372,1,1,1,1,0,1,0
febrl2,0.8,460,1,1,1,1,0,1,0
febrl2,0.8,2013,1,1,1,1,0,1,0
febrl2,0.8,3269,1,1,1,1,0,1,0
febrl2,0.8,3253,1,1,1,1,0,1,0
febrl2,0.8,2100,1,1,1,1,0,1,0
febrl2,0.8,830,1,1,1,1,0,1,0
febrl2,0.8,1976,1,1,1,1,0,1,0
febrl2,0.8,2494,1,1,1,1,0,1,0
febrl2,0.8,76,4,1,4,1,0,1,0
febrl2,0.8,863,1,1,1,1,0,1,0
febrl2,0.8,3238,1,1,1,1,0,1,0
febrl2,0.8,1118,1,1,1,1,0,1,0
febrl2,0.8,1349,3,2,3,2,0,2,0
febrl2,0.8,291,1,1,1,1,0,1,0
febrl2,0.8,2741,1,1,1,1,0,1,0
febrl2,0.8,3954,1,1,1,1,0,1,0
febrl2,0.8,1392,1,1,1,1,0,1,0
febrl2,0.8,2997,1,1,1,1,0,1,0
febrl2,0.8,3276,1,1,1,1,0,1,0
febrl2,0.8,2554,1,1,1,1,0,1,0
febrl2,0.8,3464,1,1,1,1,0,1,0
febrl2,0.8,3703,5,1,5,1,0,1,0
febrl2,0.8,1775,2,1,2,1,0,1,0
febrl2,0.8,1057,1,1,1,1,0,1,0
febrl2,0.8,629,1,1,1,1,0,1,0
febrl2,0.8,3404,3,1,3,1,0,1,0
febrl2,0.8,894,1,1,1,1,0,1,0
febrl2,0.8,1493,4,1,4,1,0,1,0
febrl2,0.8,56,1,1,1,1,0,1,0
febrl2,0.8,3791,3,1,3,1,0,1,0
febrl2,0.8,1073,1,1,1,1,0,1,0
febrl2,0.8,542,2,1,2,1,0,1,0
febrl2,0.8,1333,1,1,1,1,0,1,0
febrl2,0.8,2792,1,1,1,1,0,1,0
febrl2,0.8,3986,1,1,1,1,0,1,0
febrl2,0.8,3711,1,1,1,1,0,1,0
febrl2,0.8,3704,5,1,5,1,0,1,0
febrl2,0.8,852,1,1,1,1,0,1,0
febrl2,0.8,568,1,1,1,1,0,1,0
febrl2,0.8,634,1,1,1,1,0,1,0
febrl2,0.8,2431,1,1,1,1,0,1,0
febrl2,0.8,1457,5,1,5,1,0,1,0
febrl2,0.8,392,1,1,1,1,0,1,0
febrl2,0.8,3438,1,1,1,1,0,1,0
febrl2,0.8,953,1,1,1,1,0,1,0
febrl2,0.8,831,1,1,1,1,0,1,0
febrl2,0.8,3596,1,1,1,1,0,1,0
febrl2,0.8,234,1,1,1,1,0,1,0
febrl2,0.8,796,3,1,3,1,0,1,0
febrl2,0.8,855,1,1,1,1,0,1,0
febrl2,0.8,2335,1,1,1,1,0,1,0
febrl2,0.8,1421,1,1,1,1,0,1,0
febrl2,0.8,2679,4,1,4,1,0,1,0
febrl2,0.8,279,1,1,1,1,0,1,0
febrl2,0.8,820,1,1,1,1,0,1,0
febrl2,0.8,759,1,1,1,1,0,1,0
febrl2,0.8,2968,1,1,1,1,0,1,0
febrl2,0.8,2381,1,1,1,1,0,1,0
febrl2,0.8,2287,1,1,1,1,0,1,0
febrl2,0.8,175,1,1,1,1,0,1,0
febrl2,0.8,3231,4,1,4,1,0,1,0
febrl2,0.8,3827,4,1,4,1,0,1,0
febrl2,0.8,1913,1,1,1,1,0,1,0
febrl2,0.8,1521,2,1,2,1,0,1,0
febrl2,0.8,3447,2,1,2,1,0,1,0
febrl2,0.8,183,3,1,3,1,0,1,0
febrl2,0.8,601,1,1,1,1,0,1,0
febrl2,0.8,1212,1,1,1,1,0,1,0
febrl2,0.8,105,1,1,1,1,0,1,0
febrl2,0.8,2053,1,1,1,1,0,1,0
febrl2,0.8,2995,1,1,1,1,0,1,0
febrl2,0.8,1527,1,1,1,1,0,1,0
febrl2,0.8,3140,1,1,1,1,0,1,0
febrl2,0.8,1040,1,1,1,1,0,1,0
febrl2,0.8,3007,1,1,1,1,0,1,0
febrl2,0.8,2212,1,1,1,1,0,1,0
febrl2,0.8,1171,1,1,1,1,0,1,0
febrl2,0.8,1995,1,1,1,1,0,1,0
febrl2,0.8,1469,1,1,1,1,0,1,0
febrl2,0.8,2766,1,1,1,1,0,1,0
febrl2,0.8,2428,1,1,1,1,0,1,0
febrl2,0.8,1644,1,1,1,1,0,1,0
febrl2,0.8,169,1,1,1,1,0,1,0
febrl2,0.8,2337,3,1,3,1,0,1,0
febrl2,0.8,315,1,1,1,1,0,1,0
febrl2,0.8,3834,1,1,1,1,0,1,0
febrl2,0.8,3184,1,1,1,1,0,1,0
febrl2,0.8,3946,1,1,1,1,0,1,0
febrl2,0.8,1585,5,1,5,1,0,1,0
febrl2,0.8,2451,1,1,1,1,0,1,0
febrl2,0.8,3323,1,1,1,1,0,1,0
febrl2,0.8,1076,1,1,1,1,0,1,0
febrl2,0.8,2847,1,1,1,1,0,1,0
febrl2,0.8,42,1,1,1,1,0,1,0
febrl2,0.8,3011,1,1,1,1,0,1,0
febrl2,0.8,732,1,1,1,1,0,1,0
febrl2,0.8,2213,1,1,1,1,0,1,0
febrl2,0.8,2983,1,1,1,1,0,1,0
febrl2,0.8,2562,1,1,1,1,0,1,0
febrl2,0.8,2920,1,1,1,1,0,1,0
febrl2,0.8,223,1,1,1,1,0,1,0
febrl2,0.8,3984,1,1,1,1,0,1,0
febrl2,0.8,900,1,1,1,1,0,1,0
febrl2,0.8,1363,1,1,1,1,0,1,0
febrl2,0.8,752,1,1,1,1,0,1,0
febrl2,0.8,2962,1,1,1,1,0,1,0
febrl2,0.8,946,1,1,1,1,0,1,0
febrl2,0.8,2589,1,1,1,1,0,1,0
febrl2,0.8,1749,1,1,1,1,0,1,0
febrl2,0.8,1403,1,1,1,1,0,1,0
febrl2,0.8,492,3,2,3,2,0,2,0
febrl2,0.8,3266,1,1,1,1,0,1,0
febrl2,0.8,406,1,1,1,1,0,1,0
febrl2,0.8,2452,1,1,1,1,0,1,0
febrl2,0.8,1133,2,1,2,1,0,1,0
febrl2,0.8,3789,1,1,1,1,0,1,0
febrl2,0.8,3204,1,1,1,1,0,1,0
febrl2,0.8,1373,1,1,1,1,0,1,0
febrl2,0.8,3998,1,1,1,1,0,1,0
febrl2,0.8,1862,1,1,1,1,0,1,0
febrl2,0.8,2364,1,1,1,1,0,1,0
febrl2,0.8,1044,1,1,1,1,0,1,0
febrl2,0.8,1359,1,1,1,1,0,1,0
febrl2,0.8,949,1,1,1,1,0,1,0
febrl2,0.8,1367,1,1,1,1,0,1,0
febrl2,0.8,2573,1,1,1,1,0,1,0
febrl2,0.8,135,1,1,1,1,0,1,0
febrl2,0.8,2259,1,1,1,1,0,1,0
febrl2,0.8,3128,1,1,1,1,0,1,0
febrl2,0.8,2578,1,1,1,1,0,1,0
febrl2,0.8,1172,3,1,3,1,0,1,0
febrl2,0.8,2021,1,1,1,1,0,1,0
febrl2,0.8,1307,1,1,1,1,0,1,0
febrl2,0.8,2648,1,1,1,1,0,1,0
febrl2,0.8,2761,1,1,1,1,0,1,0
febrl2,0.8,514,1,1,1,1,0,1,0
febrl2,0.8,798,1,1,1,1,0,1,0
febrl2,0.8,3544,1,1,1,1,0,1,0
febrl2,0.8,3949,4,2,4,2,0,2,0
febrl2,0.8,2032,1,1,1,1,0,1,0
febrl2,0.8,3660,1,1,1,1,0,1,0
febrl2,0.8,2208,1,1,1,1,0,1,0
febrl2,0.8,1619,1,1,1,1,0,1,0
febrl2,0.8,615,1,1,1,1,0,1,0
febrl2,0.8,2347,1,1,1,1,0,1,0
febrl2,0.8,2786,1,1,1,1,0,1,0
febrl2,0.8,1712,4,1,4,1,0,1,0
febrl2,0.8,3137,1,1,1,1,0,1,0
febrl2,0.8,2611,1,1,1,1,0,1,0
febrl2,0.8,1567,1,1,1,1,0,1,0
febrl2,0.8,2825,1,1,1,1,0,1,0
febrl2,0.8,1897,1,1,1,1,0,1,0
febrl2,0.8,886,1,1,1,1,0,1,0
febrl2,0.8,652,1,1,1,1,0,1,0
febrl2,0.8,62,3,1,3,1,0,1,0
febrl2,0.8,733,1,1,1,1,0,1,0
febrl2,0.8,2495,1,1,1,1,0,1,0
febrl2,0.8,3494,1,1,1,1,0,1,0
febrl2,0.8,1618,1,1,1,1,0,1,0
febrl2,0.8,684,1,1,1,1,0,1,0
febrl2,0.8,2072,1,1,1,1,0,1,0
febrl2,0.8,3787,1,1,1,1,0,1,0
febrl2,0.8,2952,1,1,1,1,0,1,0
febrl2,0.8,2112,1,1,1,1,0,1,0
febrl2,0.8,338,1,1,1,1,0,1,0
febrl2,0.8,879,1,1,1,1,0,1,0
febrl2,0.8,2427,3,1,3,1,0,1,0
febrl2,0.8,1463,1,1,1,1,0,1,0
febrl2,0.8,1816,1,1,1,1,0,1,0
febrl2,0.8,2048,1,1,1,1,0,1,0
febrl2,0.8,3442,1,1,1,1,0,1,0
febrl2,0.8,1608,1,1,1,1,0,1,0
febrl2,0.8,2132,1,1,1,1,0,1,0
febrl2,0.8,710,1,1,1,1,0,1,0
febrl2,0.8,1252,3,1,3,1,0,1,0
febrl2,0.8,3406,2,1,2,1,0,1,0
febrl2,0.8,1589,1,1,1,1,0,1,0
febrl2,0.8,1917,1,1,1,1,0,1,0
febrl2,0.8,1631,1,1,1,1,0,1,0
febrl2,0.8,140,1,1,1,1,0,1,0
febrl2,0.8,2384,3,1,3,1,0,1,0
febrl2,0.8,2815,4,1,4,1,0,1,0
febrl2,0.8,1491,1,1,1,1,0,1,0
febrl2,0.8,728,1,1,1,1,0,1,0
febrl2,0.8,2060,1,1,1,1,0,1,0
febrl2,0.8,873,1,1,1,1,0,1,0
febrl2,0.8,1501,1,1,1,1,0,1,0
febrl2,0.8,485,1,1,1,1,0,1,0
febrl2,0.8,1883,1,1,1,1,0,1,0
febrl2,0.8,2145,3,1,3,1,0,1,0
febrl2,0.8,1355,4,1,4,1,0,1,0
febrl2,0.8,3970,3,1,3,1,0,1,0
febrl2,0.8,1815,1,1,1,1,0,1,0
febrl2,0.8,3225,1,1,1,1,0,1,0
febrl2,0.8,2621,1,1,1,1,0,1,0
febrl2,0.8,1561,1,1,1,1,0,1,0
febrl2,0.8,3441,1,1,1,1,0,1,0
febrl2,0.8,166,1,1,1,1,0,1,0
febrl2,0.8,878,3,1,3,1,0,1,0
febrl2,0.8,1003,1,1,1,1,0,1,0
febrl2,0.8,3969,1,1,1,1,0,1,0
febrl2,0.8,51,1,1,1,1,0,1,0
febrl2,0.8,3917,1,1,1,1,0,1,0
febrl2,0.8,1025,1,1,1,1,0,1,0
febrl2,0.8,2365,1,1,1,1,0,1,0
febrl2,0.8,1835,1,1,1,1,0,1,0
febrl2,0.8,3331,1,1,1,1,0,1,0
febrl2,0.8,335,1,1,1,1,0,1,0
febrl2,0.8,3567,1,1,1,1,0,1,0
febrl2,0.8,1744,1,1,1,1,0,1,0
febrl2,0.8,1542,1,1,1,1,0,1,0
febrl2,0.8,2886,1,1,1,1,0,1,0
febrl2,0.8,287,3,1,3,1,0,1,0
febrl2,0.8,1606,1,1,1,1,0,1,0
febrl2,0.8,2966,1,1,1,1,0,1,0
febrl2,0.8,1799,1,1,1,1,0,1,0
febrl2,0.8,1683,1,1,1,1,0,1,0
febrl2,0.8,289,2,1,2,1,0,1,0
febrl2,0.8,3742,1,1,1,1,0,1,0
febrl2,0.8,2955,1,1,1,1,0,1,0
febrl2,0.8,3662,1,1,1,1,0,1,0
febrl2,0.8,2018,1,1,1,1,0,1,0
febrl2,0.8,3388,1,1,1,1,0,1,0
febrl2,0.8,2225,1,1,1,1,0,1,0
febrl2,0.8,3992,1,1,1,1,0,1,0
febrl2,0.8,811,1,1,1,1,0,1,0
febrl2,0.8,3819,1,1,1,1,0,1,0
febrl2,0.8,381,1,1,1,1,0,1,0
febrl2,0.8,3565,4,1,4,1,0,1,0
febrl2,0.8,2752,1,1,1,1,0,1,0
febrl2,0.8,962,1,1,1,1,0,1,0
febrl2,0.8,3050,1,1,1,1,0,1,0
febrl2,0.8,1982,1,1,1,1,0,1,0
febrl2,0.8,2056,1,1,1,1,0,1,0
febrl2,0.8,1931,1,1,1,1,0,1,0
febrl2,0.8,2138,1,1,1,1,0,1,0
febrl2,0.8,689,1,1,1,1,0,1,0
febrl2,0.8,1418,1,1,1,1,0,1,0
febrl2,0.8,3093,1,1,1,1,0,1,0
febrl2,0.8,1227,1,1,1,1,0,1,0
febrl2,0.8,156,1,1,1,1,0,1,0
febrl2,0.8,1914,1,1,1,1,0,1,0
febrl2,0.8,2969,1,1,1,1,0,1,0
febrl2,0.8,3212,1,1,1,1,0,1,0
febrl2,0.8,1806,1,1,1,1,0,1,0
febrl2,0.8,563,1,1,1,1,0,1,0
febrl2,0.8,2399,1,1,1,1,0,1,0
febrl2,0.8,3900,1,1,1,1,0,1,0
febrl2,0.8,2055,1,1,1,1,0,1,0
febrl2,0.8,2315,1,1,1,1,0,1,0
febrl2,0.8,3098,1,1,1,1,0,1,0
febrl2,0.8,2894,1,1,1,1,0,1,0
febrl2,0.8,2910,1,1,1,1,0,1,0
febrl2,0.8,278,1,1,1,1,0,1,0
febrl2,0.8,3559,1,1,1,1,0,1,0
febrl2,0.8,2782,1,1,1,1,0,1,0
febrl2,0.8,602,1,1,1,1,0,1,0
febrl2,0.8,3844,1,1,1,1,0,1,0
febrl2,0.8,2769,1,1,1,1,0,1,0
febrl2,0.8,8,1,1,1,1,0,1,0
febrl2,0.8,2544,5,1,5,1,0,1,0
febrl2,0.8,1395,1,1,1,1,0,1,0
febrl2,0.8,3338,1,1,1,1,0,1,0
febrl2,0.8,2988,1,1,1,1,0,1,0
febrl2,0.8,247,3,1,3,1,0,1,0
febrl2,0.8,2464,1,1,1,1,0,1,0
febrl2,0.8,464,1,1,1,1,0,1,0
febrl2,0.8,3625,1,1,1,1,0,1,0
febrl2,0.8,250,1,1,1,1,0,1,0
febrl2,0.8,16,1,1,1,1,0,1,0
febrl2,0.8,3953,1,1,1,1,0,1,0
febrl2,0.8,3283,1,1,1,1,0,1,0
febrl2,0.8,2478,1,1,1,1,0,1,0
febrl2,0.8,127,1,1,1,1,0,1,0
febrl2,0.8,2196,4,1,4,1,0,1,0
febrl2,0.8,975,1,1,1,1,0,1,0
febrl2,0.8,3849,1,1,1,1,0,1,0
febrl2,0.8,725,1,1,1,1,0,1,0
febrl2,0.8,2001,1,1,1,1,0,1,0
febrl2,0.8,554,1,1,1,1,0,1,0
febrl2,0.8,1716,1,1,1,1,0,1,0
febrl2,0.8,3780,1,1,1,1,0,1,0
febrl2,0.8,1116,1,1,1,1,0,1,0
febrl2,0.8,133,1,1,1,1,0,1,0
febrl2,0.8,159,1,1,1,1,0,1,0
febrl2,0.8,2144,1,1,1,1,0,1,0
febrl2,0.8,1677,4,1,4,1,0,1,0
febrl2,0.8,1352,1,1,1,1,0,1,0
febrl2,0.8,2167,1,1,1,1,0,1,0
febrl2,0.8,1185,1,1,1,1,0,1,0
febrl2,0.8,3145,1,1,1,1,0,1,0
febrl2,0.8,1503,1,1,1,1,0,1,0
febrl2,0.8,1792,1,1,1,1,0,1,0
febrl2,0.8,1717,1,1,1,1,0,1,0
febrl2,0.8,2068,1,1,1,1,0,1,0
febrl2,0.8,1837,1,1,1,1,0,1,0
febrl2,0.8,3915,1,1,1,1,0,1,0
febrl2,0.8,1672,2,2,2,2,0,2,0
febrl2,0.8,3127,1,1,1,1,0,1,0
febrl2,0.8,3893,1,1,1,1,0,1,0
febrl2,0.8,3293,1,1,1,1,0,1,0
febrl2,0.8,2534,1,1,1,1,0,1,0
febrl2,0.8,2749,1,1,1,1,0,1,0
febrl2,0.8,3431,1,1,1,1,0,1,0
febrl2,0.8,333,1,1,1,1,0,1,0
febrl2,0.8,2158,1,1,1,1,0,1,0
febrl2,0.8,3357,1,1,1,1,0,1,0
febrl2,0.8,462,1,1,1,1,0,1,0
febrl2,0.8,857,1,1,1,1,0,1,0
febrl2,0.8,458,1,1,1,1,0,1,0
febrl2,0.8,2033,1,1,1,1,0,1,0
febrl2,0.8,3356,1,1,1,1,0,1,0
febrl2,0.8,448,1,1,1,1,0,1,0
febrl2,0.8,2649,1,1,1,1,0,1,0
febrl2,0.8,1745,3,1,3,1,0,1,0
febrl2,0.8,2704,1,1,1,1,0,1,0
febrl2,0.8,1884,1,1,1,1,0,1,0
febrl2,0.8,1826,1,1,1,1,0,1,0
febrl2,0.8,1681,1,1,1,1,0,1,0
febrl2,0.8,2781,1,1,1,1,0,1,0
febrl2,0.8,3802,1,1,1,1,0,1,0
febrl2,0.8,3821,1,1,1,1,0,1,0
febrl2,0.8,3017,1,1,1,1,0,1,0
febrl2,0.8,1510,2,1,2,1,0,1,0
febrl2,0.8,2984,1,1,1,1,0,1,0
febrl2,0.8,1093,1,1,1,1,0,1,0
febrl2,0.8,2629,1,1,1,1,0,1,0
febrl2,0.8,3073,3,1,3,1,0,1,0
febrl2,0.8,1270,1,1,1,1,0,1,0
febrl2,0.8,3600,2,1,2,1,0,1,0
febrl2,0.8,3936,1,1,1,1,0,1,0
febrl2,0.8,2599,1,1,1,1,0,1,0
febrl2,0.8,1943,4,1,4,1,0,1,0
febrl2,0.8,3589,1,1,1,1,0,1,0
febrl2,0.8,441,1,1,1,1,0,1,0
febrl2,0.8,2787,1,1,1,1,0,1,0
febrl2,0.8,3942,1,1,1,1,0,1,0
febrl2,0.8,424,1,1,1,1,0,1,0
febrl2,0.8,3224,1,1,1,1,0,1,0
febrl2,0.8,57,1,1,1,1,0,1,0
febrl2,0.8,434,1,1,1,1,0,1,0
febrl2,0.8,3449,1,1,1,1,0,1,0
febrl2,0.8,433,1,1,1,1,0,1,0
febrl2,0.8,3053,1,1,1,1,0,1,0
febrl2,0.8,662,1,1,1,1,0,1,0
febrl2,0.8,2237,1,1,1,1,0,1,0
febrl2,0.8,1325,1,1,1,1,0,1,0
febrl2,0.8,2104,1,1,1,1,0,1,0
febrl2,0.8,104,1,1,1,1,0,1,0
febrl2,0.8,1634,1,1,1,1,0,1,0
febrl2,0.8,3422,1,1,1,1,0,1,0
febrl2,0.8,3465,1,1,1,1,0,1,0
febrl2,0.8,2876,1,1,1,1,0,1,0
febrl2,0.8,1055,1,1,1,1,0,1,0
febrl2,0.8,2858,1,1,1,1,0,1,0
febrl2,0.8,160,1,1,1,1,0,1,0
febrl2,0.8,2555,1,1,1,1,0,1,0
febrl2,0.8,2180,1,1,1,1,0,1,0
febrl2,0.8,2951,1,1,1,1,0,1,0
febrl2,0.8,1128,1,1,1,1,0,1,0
febrl2,0.8,3576,1,1,1,1,0,1,0
febrl2,0.8,3908,1,1,1,1,0,1,0
febrl2,0.8,3620,1,1,1,1,0,1,0
febrl2,0.8,2879,3,2,3,2,0,2,0
febrl2,0.8,1358,1,1,1,1,0,1,0
febrl2,0.8,2662,1,1,1,1,0,1,0
febrl2,0.8,2596,1,1,1,1,0,1,0
febrl2,0.8,397,1,1,1,1,0,1,0
febrl2,0.8,1528,3,1,3,1,0,1,0
febrl2,0.8,3987,1,1,1,1,0,1,0
febrl2,0.8,3364,1,1,1,1,0,1,0
febrl2,0.8,525,1,1,1,1,0,1,0
febrl2,0.8,1410,1,1,1,1,0,1,0
febrl2,0.8,808,1,1,1,1,0,1,0
febrl2,0.8,1293,1,1,1,1,0,1,0
febrl2,0.8,564,1,1,1,1,0,1,0
febrl2,0.8,2061,1,1,1,1,0,1,0
febrl2,0.8,2542,1,1,1,1,0,1,0
febrl2,0.8,431,4,1,4,1,0,1,0
febrl2,0.8,1124,1,1,1,1,0,1,0
febrl2,0.8,2813,1,1,1,1,0,1,0
febrl2,0.8,3568,1,1,1,1,0,1,0
febrl2,0.8,3761,2,1,2,1,0,1,0
febrl2,0.8,2139,1,1,1,1,0,1,0
febrl2,0.8,1791,1,1,1,1,0,1,0
febrl2,0.8,2103,1,1,1,1,0,1,0
febrl2,0.8,1052,5,1,5,1,0,1,0
febrl2,0.8,595,1,1,1,1,0,1,0
febrl2,0.8,3485,1,1,1,1,0,1,0
febrl2,0.8,945,1,1,1,1,0,1,0
febrl2,0.8,2491,1,1,1,1,0,1,0
febrl2,0.8,1486,1,1,1,1,0,1,0
febrl2,0.8,1494,1,1,1,1,0,1,0
febrl2,0.8,1426,1,1,1,1,0,1,0
febrl2,0.8,3369,1,1,1,1,0,1,0
febrl2,0.8,2857,1,1,1,1,0,1,0
febrl2,0.8,2090,1,1,1,1,0,1,0
febrl2,0.8,579,1,1,1,1,0,1,0
febrl2,0.8,2025,1,1,1,1,0,1,0
febrl2,0.8,3615,1,1,1,1,0,1,0
febrl2,0.8,1540,1,1,1,1,0,1,0
febrl2,0.8,2736,1,1,1,1,0,1,0
febrl2,0.8,2663,1,1,1,1,0,1,0
febrl2,0.8,1550,1,1,1,1,0,1,0
febrl2,0.8,3483,1,1,1,1,0,1,0
febrl2,0.8,2035,1,1,1,1,0,1,0
febrl2,0.8,2135,3,1,3,1,0,1,0
febrl2,0.8,2747,1,1,1,1,0,1,0
febrl2,0.8,41,1,1,1,1,0,1,0
febrl2,0.8,422,1,1,1,1,0,1,0
febrl2,0.8,511,1,1,1,1,0,1,0
febrl2,0.8,1626,1,1,1,1,0,1,0
febrl2,0.8,302,1,1,1,1,0,1,0
febrl2,0.8,2036,1,1,1,1,0,1,0
febrl2,0.8,2059,1,1,1,1,0,1,0
febrl2,0.8,883,1,1,1,1,0,1,0
febrl2,0.8,2311,1,1,1,1,0,1,0
febrl2,0.8,1279,1,1,1,1,0,1,0
febrl2,0.8,323,1,1,1,1,0,1,0
febrl2,0.8,2843,1,1,1,1,0,1,0
febrl2,0.8,957,1,1,1,1,0,1,0
febrl2,0.8,2851,1,1,1,1,0,1,0
febrl2,0.8,3255,1,1,1,1,0,1,0
febrl2,0.8,1060,1,1,1,1,0,1,0
febrl2,0.8,3353,1,1,1,1,0,1,0
febrl2,0.8,186,1,1,1,1,0,1,0
febrl2,0.8,3566,3,1,3,1,0,1,0
febrl2,0.8,3864,1,1,1,1,0,1,0
febrl2,0.8,3948,1,1,1,1,0,1,0
febrl2,0.8,3381,1,1,1,1,0,1,0
febrl2,0.8,64,1,1,1,1,0,1,0
febrl2,0.8,480,1,1,1,1,0,1,0
febrl2,0.8,1273,1,1,1,1,0,1,0
febrl2,0.8,1195,1,1,1,1,0,1,0
febrl2,0.8,3175,1,1,1,1,0,1,0
febrl2,0.8,2548,1,1,1,1,0,1,0
febrl2,0.8,2302,1,1,1,1,0,1,0
febrl2,0.8,3129,1,1,1,1,0,1,0
febrl2,0.8,1543,3,1,3,1,0,1,0
febrl2,0.8,2758,1,1,1,1,0,1,0
febrl2,0.8,1573,1,1,1,1,0,1,0
febrl2,0.8,2141,1,1,1,1,0,1,0
febrl2,0.8,3515,1,1,1,1,0,1,0
febrl2,0.8,2575,1,1,1,1,0,1,0
febrl2,0.8,1102,1,1,1,1,0,1,0
febrl2,0.8,3086,3,1,3,1,0,1,0
febrl2,0.8,2744,3,1,3,1,0,1,0
febrl2,0.8,1030,1,1,1,1,0,1,0
febrl2,0.8,2757,1,1,1,1,0,1,0
febrl2,0.8,1144,1,1,1,1,0,1,0
febrl2,0.8,344,1,1,1,1,0,1,0
febrl2,0.8,3681,1,1,1,1,0,1,0
febrl2,0.8,1730,1,1,1,1,0,1,0
febrl2,0.8,17,1,1,1,1,0,1,0
febrl2,0.8,1362,1,1,1,1,0,1,0
febrl2,0.8,198,1,1,1,1,0,1,0
febrl2,0.8,2545,3,2,3,2,0,2,0
febrl2,0.8,1735,1,1,1,1,0,1,0
febrl2,0.8,3797,1,1,1,1,0,1,0
febrl2,0.8,3484,1,1,1,1,0,1,0
febrl2,0.8,3361,1,1,1,1,0,1,0
febrl2,0.8,3229,1,1,1,1,0,1,0
febrl2,0.8,2389,1,1,1,1,0,1,0
febrl2,0.8,1461,1,1,1,1,0,1,0
febrl2,0.8,845,1,1,1,1,0,1,0
febrl2,0.8,3543,1,1,1,1,0,1,0
febrl2,0.8,2948,1,1,1,1,0,1,0
febrl2,0.8,1768,1,1,1,1,0,1,0
febrl2,0.8,1920,1,1,1,1,0,1,0
febrl2,0.8,2553,1,1,1,1,0,1,0
febrl2,0.8,3649,1,1,1,1,0,1,0
febrl2,0.8,834,1,1,1,1,0,1,0
febrl2,0.8,2455,1,1,1,1,0,1,0
febrl2,0.8,1866,2,1,2,1,0,1,0
febrl2,0.8,32,1,1,1,1,0,1,0
febrl2,0.8,501,1,1,1,1,0,1,0
febrl2,0.8,2501,1,1,1,1,0,1,0
febrl2,0.8,164,1,1,1,1,0,1,0
febrl2,0.8,2184,1,1,1,1,0,1,0
febrl2,0.8,2901,1,1,1,1,0,1,0
febrl2,0.8,123,1,1,1,1,0,1,0
febrl2,0.8,1340,1,1,1,1,0,1,0
febrl2,0.8,2437,1,1,1,1,0,1,0
febrl2,0.8,1974,1,1,1,1,0,1,0
febrl2,0.8,1594,2,1,2,1,0,1,0
febrl2,0.8,1993,1,1,1,1,0,1,0
febrl2,0.8,2130,2,1,2,1,0,1,0
febrl2,0.8,600,1,1,1,1,0,1,0
febrl2,0.8,38,1,1,1,1,0,1,0
febrl2,0.8,947,1,1,1,1,0,1,0
febrl2,0.8,2250,1,1,1,1,0,1,0
febrl2,0.8,3765,3,1,3,1,0,1,0
febrl2,0.8,3854,1,1,1,1,0,1,0
febrl2,0.8,3678,1,1,1,1,0,1,0
febrl2,0.8,731,1,1,1,1,0,1,0
febrl2,0.8,1578,1,1,1,1,0,1,0
febrl2,0.8,3374,1,1,1,1,0,1,0
febrl2,0.8,3873,1,1,1,1,0,1,0
febrl2,0.8,1975,1,1,1,1,0,1,0
febrl2,0.8,1020,1,1,1,1,0,1,0
febrl2,0.8,1666,1,1,1,1,0,1,0
febrl2,0.8,1885,4,1,4,1,0,1,0
febrl2,0.8,1650,1,1,1,1,0,1,0
febrl2,0.8,496,1,1,1,1,0,1,0
febrl2,0.8,1431,1,1,1,1,0,1,0
febrl2,0.8,3498,1,1,1,1,0,1,0
febrl2,0.8,470,3,1,3,1,0,1,0
febrl2,0.8,2296,1,1,1,1,0,1,0
febrl2,0.8,1368,1,1,1,1,0,1,0
febrl2,0.8,2616,1,1,1,1,0,1,0
febrl2,0.8,2790,1,1,1,1,0,1,0
febrl2,0.8,3426,1,1,1,1,0,1,0
febrl2,0.8,2178,1,1,1,1,0,1,0
febrl2,0.8,3688,1,1,1,1,0,1,0
febrl2,0.8,267,1,1,1,1,0,1,0
febrl2,0.8,459,1,1,1,1,0,1,0
febrl2,0.8,2429,1,1,1,1,0,1,0
febrl2,0.8,3976,6,1,6,1,0,1,0
febrl2,0.8,2977,1,1,1,1,0,1,0
febrl2,0.8,1597,1,1,1,1,0,1,0
febrl2,0.8,147,1,1,1,1,0,1,0
febrl2,0.8,3478,1,1,1,1,0,1,0
febrl2,0.8,742,1,1,1,1,0,1,0
febrl2,0.8,842,3,1,3,1,0,1,0
febrl2,0.8,253,1,1,1,1,0,1,0
febrl2,0.8,3445,1,1,1,1,0,1,0
febrl2,0.8,73,1,1,1,1,0,1,0
febrl2,0.8,2140,1,1,1,1,0,1,0
febrl2,0.8,882,1,1,1,1,0,1,0
febrl2,0.8,2377,1,1,1,1,0,1,0
febrl2,0.8,2278,1,1,1,1,0,1,0
febrl2,0.8,3786,1,1,1,1,0,1,0
febrl2,0.8,2457,1,1,1,1,0,1,0
febrl2,0.8,3824,1,1,1,1,0,1,0
febrl2,0.8,3760,1,1,1,1,0,1,0
febrl2,0.8,26,1,1,1,1,0,1,0
febrl2,0.8,1605,1,1,1,1,0,1,0
febrl2,0.8,336,1,1,1,1,0,1,0
febrl2,0.8,3282,1,1,1,1,0,1,0
febrl2,0.8,566,1,1,1,1,0,1,0
febrl2,0.8,3100,1,1,1,1,0,1,0
febrl2,0.8,3828,1,1,1,1,0,1,0
febrl2,0.8,2309,1,1,1,1,0,1,0
febrl2,0.8,1434,1,1,1,1,0,1,0
febrl2,0.8,3026,1,1,1,1,0,1,0
febrl2,0.8,3275,1,1,1,1,0,1,0
febrl2,0.8,1272,1,1,1,1,0,1,0
febrl2,0.8,598,1,1,1,1,0,1,0
febrl2,0.8,2363,1,1,1,1,0,1,0
febrl2,0.8,3065,1,1,1,1,0,1,0
febrl2,0.8,1370,1,1,1,1,0,1,0
febrl2,0.8,1743,1,1,1,1,0,1,0
febrl2,0.8,1847,1,1,1,1,0,1,0
febrl2,0.8,3281,1,1,1,1,0,1,0
febrl2,0.8,3845,1,1,1,1,0,1,0
febrl2,0.8,2801,1,1,1,1,0,1,0
febrl2,0.8,420,1,1,1,1,0,1,0
febrl2,0.8,2083,1,1,1,1,0,1,0
febrl2,0.8,3933,1,1,1,1,0,1,0
febrl2,0.8,1083,1,1,1,1,0,1,0
febrl2,0.8,1535,1,1,1,1,0,1,0
febrl2,0.8,1904,1,1,1,1,0,1,0
febrl2,0.8,1066,1,1,1,1,0,1,0
febrl2,0.8,1311,1,1,1,1,0,1,0
febrl2,0.8,2859,1,1,1,1,0,1,0
febrl2,0.8,3938,1,1,1,1,0,1,0
febrl2,0.8,357,1,1,1,1,0,1,0
febrl2,0.8,2793,3,1,3,1,0,1,0
febrl2,0.8,2967,1,1,1,1,0,1,0
febrl2,0.8,785,1,1,1,1,0,1,0
febrl2,0.8,3519,1,1,1,1,0,1,0
febrl2,0.8,1637,1,1,1,1,0,1,0
febrl2,0.8,171,1,1,1,1,0,1,0
febrl2,0.8,3848,1,1,1,1,0,1,0
febrl2,0.8,2804,1,1,1,1,0,1,0
febrl2,0.8,15,3,1,3,1,0,1,0
febrl2,0.8,3865,1,1,1,1,0,1,0
febrl2,0.8,2281,1,1,1,1,0,1,0
febrl2,0.8,2981,1,1,1,1,0,1,0
febrl2,0.8,1984,1,1,1,1,0,1,0
febrl2,0.8,2999,1,1,1,1,0,1,0
febrl2,0.8,3982,1,1,1,1,0,1,0
febrl2,0.8,1324,1,1,1,1,0,1,0
febrl2,0.8,1691,1,1,1,1,0,1,0
febrl2,0.8,1220,1,1,1,1,0,1,0
febrl2,0.8,3747,1,1,1,1,0,1,0
febrl2,0.8,2122,4,1,4,1,0,1,0
febrl2,0.8,3390,1,1,1,1,0,1,0
febrl2,0.8,199,1,1,1,1,0,1,0
febrl2,0.8,1824,1,1,1,1,0,1,0
febrl2,0.8,1148,1,1,1,1,0,1,0
febrl2,0.8,3545,1,1,1,1,0,1,0
febrl2,0.8,2887,1,1,1,1,0,1,0
febrl2,0.8,1694,1,1,1,1,0,1,0
febrl2,0.8,2885,1,1,1,1,0,1,0
febrl2,0.8,2430,1,1,1,1,0,1,0
febrl2,0.8,1514,1,1,1,1,0,1,0
febrl2,0.8,3158,1,1,1,1,0,1,0
febrl2,0.8,3270,1,1,1,1,0,1,0
febrl2,0.8,27,1,1,1,1,0,1,0
febrl2,0.8,1098,1,1,1,1,0,1,0
febrl2,0.8,1229,1,1,1,1,0,1,0
febrl2,0.8,1330,1,1,1,1,0,1,0
febrl2,0.8,741,1,1,1,1,0,1,0
febrl2,0.8,2696,1,1,1,1,0,1,0
febrl2,0.8,3537,1,1,1,1,0,1,0
febrl2,0.8,217,1,1,1,1,0,1,0
febrl2,0.8,3748,3,2,3,2,0,2,0
febrl2,0.8,1417,1,1,1,1,0,1,0
febrl2,0.8,2440,2,1,2,1,0,1,0
febrl2,0.8,691,1,1,1,1,0,1,0
febrl2,0.8,2340,1,1,1,1,0,1,0
febrl2,0.8,2810,3,1,3,1,0,1,0
febrl2,0.8,3354,1,1,1,1,0,1,0
febrl2,0.8,1586,2,1,2,1,0,1,0
febrl2,0.8,1892,1,1,1,1,0,1,0
febrl2,0.8,3384,1,1,1,1,0,1,0
febrl2,0.8,1468,1,1,1,1,0,1,0
febrl2,0.8,2982,1,1,1,1,0,1,0
febrl2,0.8,1909,1,1,1,1,0,1,0
febrl2,0.8,2329,1,1,1,1,0,1,0
febrl2,0.8,3666,1,1,1,1,0,1,0
febrl2,0.8,3366,1,1,1,1,0,1,0
febrl2,0.8,727,1,1,1,1,0,1,0
febrl2,0.8,1470,1,1,1,1,0,1,0
febrl2,0.8,145,1,1,1,1,0,1,0
febrl2,0.8,1935,1,1,1,1,0,1,0
febrl2,0.8,3856,1,1,1,1,0,1,0
febrl2,0.8,1659,1,1,1,1,0,1,0
febrl2,0.8,599,3,1,3,1,0,1,0
febrl2,0.8,944,1,1,1,1,0,1,0
febrl2,0.8,1766,1,1,1,1,0,1,0
febrl2,0.8,1254,1,1,1,1,0,1,0
febrl2,0.8,2517,1,1,1,1,0,1,0
febrl2,0.8,1058,1,1,1,1,0,1,0
febrl2,0.8,3189,1,1,1,1,0,1,0
febrl2,0.8,2719,1,1,1,1,0,1,0
febrl2,0.8,2539,1,1,1,1,0,1,0
febrl2,0.8,1987,1,1,1,1,0,1,0
febrl2,0.8,1466,1,1,1,1,0,1,0
febrl2,0.8,3076,1,1,1,1,0,1,0
febrl2,0.8,1647,1,1,1,1,0,1,0
febrl2,0.8,1560,1,1,1,1,0,1,0
febrl2,0.8,3721,4,1,4,1,0,1,0
febrl2,0.8,3831,1,1,1,1,0,1,0
febrl2,0.8,3687,1,1,1,1,0,1,0
febrl2,0.8,24,1,1,1,1,0,1,0
febrl2,0.8,1465,1,1,1,1,0,1,0
febrl2,0.8,3636,1,1,1,1,0,1,0
febrl2,0.8,2449,1,1,1,1,0,1,0
febrl2,0.8,659,1,1,1,1,0,1,0
febrl2,0.8,1588,1,1,1,1,0,1,0
febrl2,0.8,1668,1,1,1,1,0,1,0
febrl2,0.8,2088,1,1,1,1,0,1,0
febrl2,0.8,2120,1,1,1,1,0,1,0
febrl2,0.8,2358,1,1,1,1,0,1,0
febrl2,0.8,1534,1,1,1,1,0,1,0
febrl2,0.8,1936,1,1,1,1,0,1,0
febrl2,0.8,1450,1,1,1,1,0,1,0
febrl2,0.8,1916,1,1,1,1,0,1,0
febrl2,0.8,666,1,1,1,1,0,1,0
febrl2,0.8,2976,1,1,1,1,0,1,0
febrl2,0.8,3561,2,1,2,1,0,1,0
febrl2,0.8,2331,1,1,1,1,0,1,0
febrl2,0.8,191,1,1,1,1,0,1,0
febrl2,0.8,586,1,1,1,1,0,1,0
febrl2,0.8,2042,1,1,1,1,0,1,0
febrl2,0.8,2940,1,1,1,1,0,1,0
febrl2,0.8,3842,1,1,1,1,0,1,0
febrl2,0.8,414,1,1,1,1,0,1,0
febrl2,0.8,3044,1,1,1,1,0,1,0
febrl2,0.8,2216,1,1,1,1,0,1,0
febrl2,0.8,1187,1,1,1,1,0,1,0
febrl2,0.8,918,1,1,1,1,0,1,0
febrl2,0.8,3109,2,1,2,1,0,1,0
febrl2,0.8,2556,1,1,1,1,0,1,0
febrl2,0.8,10,1,1,1,1,0,1,0
febrl2,0.8,3228,4,2,4,2,0,2,0
febrl2,0.8,2821,1,1,1,1,0,1,0
febrl2,0.8,3435,1,1,1,1,0,1,0
febrl2,0.8,1086,1,1,1,1,0,1,0
febrl2,0.8,657,1,1,1,1,0,1,0
febrl2,0.8,281,1,1,1,1,0,1,0
febrl2,0.8,770,1,1,1,1,0,1,0
febrl2,0.8,1632,1,1,1,1,0,1,0
febrl2,0.8,799,1,1,1,1,0,1,0
febrl2,0.8,3546,1,1,1,1,0,1,0
febrl2,0.8,2725,1,1,1,1,0,1,0
febrl2,0.8,3303,1,1,1,1,0,1,0
febrl2,0.8,3968,3,1,3,1,0,1,0
febrl2,0.8,2156,1,1,1,1,0,1,0
febrl2,0.8,622,1,1,1,1,0,1,0
febrl2,0.8,583,1,1,1,1,0,1,0
febrl2,0.8,1406,1,1,1,1,0,1,0
febrl2,0.8,3247,2,1,2,1,0,1,0
febrl2,0.8,463,1,1,1,1,0,1,0
febrl2,0.8,1669,1,1,1,1,0,1,0
febrl2,0.8,2190,1,1,1,1,0,1,0
febrl2,0.8,3408,1,1,1,1,0,1,0
febrl2,0.8,2474,1,1,1,1,0,1,0
febrl2,0.8,3363,2,1,2,1,0,1,0
febrl2,0.8,3159,1,1,1,1,0,1,0
febrl2,0.8,2805,1,1,1,1,0,1,0
febrl2,0.8,3365,1,1,1,1,0,1,0
febrl2,0.8,1522,1,1,1,1,0,1,0
febrl2,0.8,823,4,1,4,1,0,1,0
febrl2,0.8,2760,1,1,1,1,0,1,0
febrl2,0.8,967,1,1,1,1,0,1,0
febrl2,0.8,636,1,1,1,1,0,1,0
febrl2,0.8,531,1,1,1,1,0,1,0
febrl2,0.8,3062,1,1,1,1,0,1,0
febrl2,0.8,2921,1,1,1,1,0,1,0
febrl2,0.8,2994,1,1,1,1,0,1,0
febrl2,0.8,789,3,1,3,1,0,1,0
febrl2,0.8,3728,1,1,1,1,0,1,0
febrl2,0.8,772,1,1,1,1,0,1,0
febrl2,0.8,103,1,1,1,1,0,1,0
febrl2,0.8,907,1,1,1,1,0,1,0
febrl2,0.8,2307,1,1,1,1,0,1,0
febrl2,0.8,3945,1,1,1,1,0,1,0
febrl2,0.8,2239,1,1,1,1,0,1,0
febrl2,0.8,2827,1,1,1,1,0,1,0
febrl2,0.8,821,1,1,1,1,0,1,0
febrl2,0.8,3489,1,1,1,1,0,1,0
febrl2,0.8,3376,1,1,1,1,0,1,0
febrl2,0.8,2529,1,1,1,1,0,1,0
febrl2,0.8,390,1,1,1,1,0,1,0
febrl2,0.8,1760,1,1,1,1,0,1,0
febrl2,0.8,1733,1,1,1,1,0,1,0
febrl2,0.8,3722,1,1,1,1,0,1,0
febrl2,0.8,1379,1,1,1,1,0,1,0
febrl2,0.8,2935,2,1,2,1,0,1,0
febrl2,0.8,3553,1,1,1,1,0,1,0
febrl2,0.8,2480,1,1,1,1,0,1,0
febrl2,0.8,77,1,1,1,1,0,1,0
febrl2,0.8,2598,3,1,3,1,0,1,0
febrl2,0.8,2711,1,1,1,1,0,1,0
febrl2,0.8,757,1,1,1,1,0,1,0
febrl2,0.8,2164,1,1,1,1,0,1,0
febrl2,0.8,3505,1,1,1,1,0,1,0
febrl2,0.8,37,1,1,1,1,0,1,0
febrl2,0.8,3759,1,1,1,1,0,1,0
febrl2,0.8,3197,2,1,2,1,0,1,0
febrl2,0.8,446,1,1,1,1,0,1,0
febrl2,0.8,2498,1,1,1,1,0,1,0
febrl2,0.8,516,1,1,1,1,0,1,0
febrl2,0.8,551,1,1,1,1,0,1,0
febrl2,0.8,1708,1,1,1,1,0,1,0
febrl2,0.8,3692,1,1,1,1,0,1,0
febrl2,0.8,3130,1,1,1,1,0,1,0
febrl2,0.8,3616,1,1,1,1,0,1,0
febrl2,0.8,978,1,1,1,1,0,1,0
febrl2,0.8,3777,1,1,1,1,0,1,0
febrl2,0.8,2290,1,1,1,1,0,1,0
febrl2,0.8,1159,1,1,1,1,0,1,0
febrl2,0.8,2528,1,1,1,1,0,1,0
febrl2,0.8,1120,1,1,1,1,0,1,0
febrl2,0.8,875,1,1,1,1,0,1,0
febrl2,0.8,735,1,1,1,1,0,1,0
febrl2,0.8,1951,1,1,1,1,0,1,0
febrl2,0.8,69,4,1,4,1,0,1,0
febrl2,0.8,2113,1,1,1,1,0,1,0
febrl2,0.8,1186,1,1,1,1,0,1,0
febrl2,0.8,1018,1,1,1,1,0,1,0
febrl2,0.8,3177,1,1,1,1,0,1,0
febrl2,0.8,271,1,1,1,1,0,1,0
febrl2,0.8,3599,1,1,1,1,0,1,0
febrl2,0.8,1807,1,1,1,1,0,1,0
febrl2,0.8,2580,1,1,1,1,0,1,0
febrl2,0.8,1720,1,1,1,1,0,1,0
febrl2,0.8,1300,1,1,1,1,0,1,0
febrl2,0.8,1038,1,1,1,1,0,1,0
febrl2,0.8,1742,1,1,1,1,0,1,0
febrl2,0.8,2816,1,1,1,1,0,1,0
febrl2,0.8,1407,1,1,1,1,0,1,0
febrl2,0.8,748,3,1,3,1,0,1,0
febrl2,0.8,3245,1,1,1,1,0,1,0
febrl2,0.8,3815,1,1,1,1,0,1,0
febrl2,0.8,1342,1,1,1,1,0,1,0
febrl2,0.8,713,1,1,1,1,0,1,0
febrl2,0.8,743,1,1,1,1,0,1,0
febrl2,0.8,3679,1,1,1,1,0,1,0
febrl2,0.8,476,1,1,1,1,0,1,0
febrl2,0.8,1945,3,1,3,1,0,1,0
febrl2,0.8,3181,2,1,2,1,0,1,0
febrl2,0.8,3334,1,1,1,1,0,1,0
febrl2,0.8,3453,1,1,1,1,0,1,0
febrl2,0.8,1872,1,1,1,1,0,1,0
febrl2,0.8,3601,1,1,1,1,0,1,0
febrl2,0.8,1992,1,1,1,1,0,1,0
febrl2,0.8,1122,1,1,1,1,0,1,0
febrl2,0.8,3939,4,1,4,1,0,1,0
febrl2,0.8,645,1,1,1,1,0,1,0
febrl2,0.8,2360,1,1,1,1,0,1,0
febrl2,0.8,3201,1,1,1,1,0,1,0
febrl2,0.8,1996,1,1,1,1,0,1,0
febrl2,0.8,3749,2,1,2,1,0,1,0
febrl2,0.8,871,1,1,1,1,0,1,0
febrl2,0.8,999,1,1,1,1,0,1,0
febrl2,0.8,14,1,1,1,1,0,1,0
febrl2,0.8,3575,1,1,1,1,0,1,0
febrl2,0.8,2277,1,1,1,1,0,1,0
febrl2,0.8,2173,1,1,1,1,0,1,0
febrl2,0.8,3605,1,1,1,1,0,1,0
febrl2,0.8,2071,1,1,1,1,0,1,0
febrl2,0.8,1685,3,1,3,1,0,1,0
febrl2,0.8,1986,1,1,1,1,0,1,0
febrl2,0.8,692,1,1,1,1,0,1,0
febrl2,0.8,1667,1,1,1,1,0,1,0
febrl2,0.8,3448,1,1,1,1,0,1,0
febrl2,0.8,3996,4,1,4,1,0,1,0
febrl2,0.8,1979,1,1,1,1,0,1,0
febrl2,0.8,317,1,1,1,1,0,1,0
febrl2,0.8,2996,1,1,1,1,0,1,0
febrl2,0.8,556,1,1,1,1,0,1,0
febrl2,0.8,1710,1,1,1,1,0,1,0
febrl2,0.8,1125,1,1,1,1,0,1,0
febrl2,0.8,1063,1,1,1,1,0,1,0
febrl2,0.8,1401,1,1,1,1,0,1,0
febrl2,0.8,2671,1,1,1,1,0,1,0
febrl2,0.8,3526,2,1,2,1,0,1,0
febrl2,0.8,1399,2,1,2,1,0,1,0
febrl2,0.8,2751,1,1,1,1,0,1,0
febrl2,0.8,1726,1,1,1,1,0,1,0
febrl2,0.8,571,1,1,1,1,0,1,0
febrl2,0.8,3000,2,1,2,1,0,1,0
febrl2,0.8,3009,1,1,1,1,0,1,0
febrl2,0.8,925,1,1,1,1,0,1,0
febrl2,0.8,3178,2,1,2,1,0,1,0
febrl2,0.8,1823,1,1,1,1,0,1,0
febrl2,0.8,638,1,1,1,1,0,1,0
febrl2,0.8,744,1,1,1,1,0,1,0
febrl2,0.8,3664,1,1,1,1,0,1,0
febrl2,0.8,355,1,1,1,1,0,1,0
febrl2,0.8,992,1,1,1,1,0,1,0
febrl2,0.8,1545,1,1,1,1,0,1,0
febrl2,0.8,767,2,1,2,1,0,1,0
febrl2,0.8,305,1,1,1,1,0,1,0
febrl2,0.8,2619,1,1,1,1,0,1,0
febrl2,0.8,374,1,1,1,1,0,1,0
febrl2,0.8,2349,1,1,1,1,0,1,0
febrl2,0.8,251,1,1,1,1,0,1,0
febrl2,0.8,2855,1,1,1,1,0,1,0
febrl2,0.8,2832,1,1,1,1,0,1,0
febrl2,0.8,2444,1,1,1,1,0,1,0
febrl2,0.8,943,1,1,1,1,0,1,0
febrl2,0.8,1070,1,1,1,1,0,1,0
febrl2,0.8,2388,1,1,1,1,0,1,0
febrl2,0.8,3300,1,1,1,1,0,1,0
febrl2,0.8,2026,1,1,1,1,0,1,0
febrl2,0.8,1132,2,1,2,1,0,1,0
febrl2,0.8,2089,1,1,1,1,0,1,0
febrl2,0.8,663,1,1,1,1,0,1,0
febrl2,0.8,2904,1,1,1,1,0,1,0
febrl2,0.8,3727,2,1,2,1,0,1,0
febrl2,0.8,3382,1,1,1,1,0,1,0
febrl2,0.8,3400,3,1,3,1,0,1,0
febrl2,0.8,1617,1,1,1,1,0,1,0
febrl2,0.8,2652,1,1,1,1,0,1,0
febrl2,0.8,803,1,1,1,1,0,1,0
febrl2,0.8,378,1,1,1,1,0,1,0
febrl2,0.8,1580,1,1,1,1,0,1,0
febrl2,0.8,950,1,1,1,1,0,1,0
febrl2,0.8,1400,1,1,1,1,0,1,0
febrl2,0.8,1804,1,1,1,1,0,1,0
febrl2,0.8,1284,1,1,1,1,0,1,0
febrl2,0.8,1869,1,1,1,1,0,1,0
febrl2,0.8,3028,1,1,1,1,0,1,0
febrl2,0.8,2979,1,1,1,1,0,1,0
febrl2,0.8,188,1,1,1,1,0,1,0
febrl2,0.8,273,1,1,1,1,0,1,0
febrl2,0.8,3258,1,1,1,1,0,1,0
febrl2,0.8,3991,1,1,1,1,0,1,0
febrl2,0.8,3034,1,1,1,1,0,1,0
febrl2,0.8,1832,1,1,1,1,0,1,0
febrl2,0.8,777,1,1,1,1,0,1,0
febrl2,0.8,403,1,1,1,1,0,1,0
febrl2,0.8,3155,1,1,1,1,0,1,0
febrl2,0.8,2121,1,1,1,1,0,1,0
febrl2,0.8,2931,3,1,3,1,0,1,0
febrl2,0.8,3486,1,1,1,1,0,1,0
febrl2,0.8,1095,1,1,1,1,0,1,0
febrl2,0.8,720,1,1,1,1,0,1,0
febrl2,0.8,3227,1,1,1,1,0,1,0
febrl2,0.8,3624,1,1,1,1,0,1,0
febrl2,0.8,3467,1,1,1,1,0,1,0
febrl2,0.8,697,1,1,1,1,0,1,0
febrl2,0.8,94,2,1,2,1,0,1,0
febrl2,0.8,2958,1,1,1,1,0,1,0
febrl2,0.8,348,1,1,1,1,0,1,0
febrl2,0.8,2650,1,1,1,1,0,1,0
febrl2,0.8,2926,1,1,1,1,0,1,0
febrl2,0.8,1790,1,1,1,1,0,1,0
febrl2,0.8,3965,1,1,1,1,0,1,0
febrl2,0.8,132,1,1,1,1,0,1,0
febrl2,0.8,804,1,1,1,1,0,1,0
febrl2,0.8,3001,1,1,1,1,0,1,0
febrl2,0.8,2709,1,1,1,1,0,1,0
febrl2,0.8,837,1,1,1,1,0,1,0
febrl2,0.8,938,1,1,1,1,0,1,0
febrl2,0.8,3858,1,1,1,1,0,1,0
febrl2,0.8,2417,1,1,1,1,0,1,0
febrl2,0.8,1548,1,1,1,1,0,1,0
febrl2,0.8,282,1,1,1,1,0,1,0
febrl2,0.8,2937,1,1,1,1,0,1,0
febrl2,0.8,1099,2,1,2,1,0,1,0
febrl2,0.8,610,1,1,1,1,0,1,0
febrl2,0.8,3701,1,1,1,1,0,1,0
febrl2,0.8,2361,1,1,1,1,0,1,0
febrl2,0.8,2515,1,1,1,1,0,1,0
febrl2,0.8,2973,3,1,3,1,0,1,0
febrl2,0.8,2323,1,1,1,1,0,1,0
febrl2,0.8,3235,1,1,1,1,0,1,0
febrl2,0.8,1497,1,1,1,1,0,1,0
febrl2,0.8,1007,1,1,1,1,0,1,0
febrl2,0.8,3405,1,1,1,1,0,1,0
febrl2,0.8,3964,2,1,2,1,0,1,0
febrl2,0.8,2583,1,1,1,1,0,1,0
febrl2,0.8,2247,1,1,1,1,0,1,0
febrl2,0.8,2477,1,1,1,1,0,1,0
febrl2,0.8,1857,1,1,1,1,0,1,0
febrl2,0.8,1601,1,1,1,1,0,1,0
febrl2,0.8,3169,2,1,2,1,0,1,0
febrl2,0.8,1281,1,1,1,1,0,1,0
febrl2,0.8,225,1,1,1,1,0,1,0
febrl2,0.8,2929,1,1,1,1,0,1,0
febrl2,0.8,2270,1,1,1,1,0,1,0
febrl2,0.8,136,1,1,1,1,0,1,0
febrl2,0.8,3825,1,1,1,1,0,1,0
febrl2,0.8,2342,1,1,1,1,0,1,0
febrl2,0.8,3213,1,1,1,1,0,1,0
febrl2,0.8,3168,1,1,1,1,0,1,0
febrl2,0.8,1224,1,1,1,1,0,1,0
febrl2,0.8,3377,1,1,1,1,0,1,0
febrl2,0.8,2538,1,1,1,1,0,1,0
febrl2,0.8,3254,2,1,2,1,0,1,0
febrl2,0.8,512,1,1,1,1,0,1,0
febrl2,0.8,3903,1,1,1,1,0,1,0
febrl2,0.8,493,1,1,1,1,0,1,0
febrl2,0.8,58,1,1,1,1,0,1,0
febrl2,0.8,3018,1,1,1,1,0,1,0
febrl2,0.8,3702,1,1,1,1,0,1,0
febrl2,0.8,773,1,1,1,1,0,1,0
febrl2,0.8,1703,1,1,1,1,0,1,0
febrl2,0.8,983,1,1,1,1,0,1,0
febrl2,0.8,3659,1,1,1,1,0,1,0
febrl2,0.8,11,1,1,1,1,0,1,0
febrl2,0.8,1261,1,1,1,1,0,1,0
febrl2,0.8,3989,1,1,1,1,0,1,0
febrl2,0.8,3604,1,1,1,1,0,1,0
febrl2,0.8,185,1,1,1,1,0,1,0
febrl2,0.8,1748,1,1,1,1,0,1,0
febrl2,0.8,2305,1,1,1,1,0,1,0
febrl2,0.8,2849,1,1,1,1,0,1,0
febrl2,0.8,3906,1,1,1,1,0,1,0
febrl2,0.8,1206,1,1,1,1,0,1,0
febrl2,0.8,872,1,1,1,1,0,1,0
febrl2,0.8,346,1,1,1,1,0,1,0
febrl2,0.8,2230,3,1,3,1,0,1,0
febrl2,0.8,3924,1,1,1,1,0,1,0
febrl2,0.8,1286,1,1,1,1,0,1,0
febrl2,0.8,658,1,1,1,1,0,1,0
febrl2,0.8,2030,1,1,1,1,0,1,0
febrl2,0.8,1877,1,1,1,1,0,1,0
febrl2,0.8,3407,1,1,1,1,0,1,0
febrl2,0.8,533,1,1,1,1,0,1,0
febrl2,0.8,508,1,1,1,1,0,1,0
febrl2,0.8,438,1,1,1,1,0,1,0
febrl2,0.8,1464,1,1,1,1,0,1,0
febrl2,0.8,2500,1,1,1,1,0,1,0
febrl2,0.8,2799,1,1,1,1,0,1,0
febrl2,0.8,3813,1,1,1,1,0,1,0
febrl2,0.8,939,1,1,1,1,0,1,0
febrl2,0.8,3148,1,1,1,1,0,1,0
febrl2,0.8,3164,1,1,1,1,0,1,0
febrl2,0.8,783,2,1,2,1,0,1,0
febrl2,0.8,1297,1,1,1,1,0,1,0
febrl2,0.8,2659,1,1,1,1,0,1,0
febrl2,0.8,262,1,1,1,1,0,1,0
febrl2,0.8,3202,1,1,1,1,0,1,0
febrl2,0.8,569,1,1,1,1,0,1,0
febrl2,0.8,3105,1,1,1,1,0,1,0
febrl2,0.8,3627,1,1,1,1,0,1,0
febrl2,0.8,1014,1,1,1,1,0,1,0
febrl2,0.8,2888,1,1,1,1,0,1,0
febrl2,0.8,120,2,1,2,1,0,1,0
febrl2,0.8,1658,1,1,1,1,0,1,0
febrl2,0.8,1141,1,1,1,1,0,1,0
febrl2,0.8,1026,1,1,1,1,0,1,0
febrl2,0.8,1767,1,1,1,1,0,1,0
febrl2,0.8,2085,1,1,1,1,0,1,0
febrl2,0.8,612,1,1,1,1,0,1,0
febrl2,0.8,2693,1,1,1,1,0,1,0
febrl2,0.8,71,1,1,1,1,0,1,0
febrl2,0.8,3673,1,1,1,1,0,1,0
febrl2,0.8,3048,1,1,1,1,0,1,0
febrl2,0.8,3658,1,1,1,1,0,1,0
febrl2,0.8,1357,1,1,1,1,0,1,0
febrl2,0.8,1237,6,1,6,1,0,1,0
febrl2,0.8,1867,1,1,1,1,0,1,0
febrl2,0.8,3391,1,1,1,1,0,1,0
febrl2,0.8,2295,1,1,1,1,0,1,0
febrl2,0.8,2110,1,1,1,1,0,1,0
febrl2,0.8,256,1,1,1,1,0,1,0
febrl2,0.8,776,1,1,1,1,0,1,0
febrl2,0.8,1419,1,1,1,1,0,1,0
febrl2,0.8,1960,1,1,1,1,0,1,0
febrl2,0.8,3967,1,1,1,1,0,1,0
febrl2,0.8,3897,1,1,1,1,0,1,0
febrl2,0.8,3321,1,1,1,1,0,1,0
febrl2,0.8,3770,1,1,1,1,0,1,0
febrl2,0.8,791,1,1,1,1,0,1,0
febrl2,0.8,1167,1,1,1,1,0,1,0
febrl2,0.8,3773,1,1,1,1,0,1,0
febrl2,0.8,2463,1,1,1,1,0,1,0
febrl2,0.8,2191,3,1,3,1,0,1,0
febrl2,0.8,3183,1,1,1,1,0,1,0
febrl2,0.8,2401,1,1,1,1,0,1,0
febrl2,0.8,1902,1,1,1,1,0,1,0
febrl2,0.8,358,1,1,1,1,0,1,0
febrl2,0.8,3211,1,1,1,1,0,1,0
febrl2,0.8,158,1,1,1,1,0,1,0
febrl2,0.8,2956,1,1,1,1,0,1,0
febrl2,0.8,2989,1,1,1,1,0,1,0
febrl2,0.8,1034,1,1,1,1,0,1,0
febrl2,0.8,2301,1,1,1,1,0,1,0
febrl2,0.8,3547,1,1,1,1,0,1,0
febrl2,0.8,3871,1,1,1,1,0,1,0
febrl2,0.8,3368,1,1,1,1,0,1,0
febrl2,0.8,3890,4,1,4,1,0,1,0
febrl2,0.8,2220,1,1,1,1,0,1,0
febrl2,0.8,1511,1,1,1,1,0,1,0
febrl2,0.8,3419,1,1,1,1,0,1,0
febrl2,0.8,3929,1,1,1,1,0,1,0
febrl2,0.8,3131,2,1,2,1,0,1,0
febrl2,0.8,3528,1,1,1,1,0,1,0
febrl2,0.8,2286,1,1,1,1,0,1,0
febrl2,0.8,1912,2,1,2,1,0,1,0
febrl2,0.8,2240,1,1,1,1,0,1,0
febrl2,0.8,2409,1,1,1,1,0,1,0
febrl2,0.8,118,1,1,1,1,0,1,0
febrl2,0.8,380,1,1,1,1,0,1,0
febrl2,0.8,3959,1,1,1,1,0,1,0
febrl2,0.8,3905,1,1,1,1,0,1,0
febrl2,0.8,558,1,1,1,1,0,1,0
febrl2,0.8,941,1,1,1,1,0,1,0
febrl2,0.8,254,3,1,3,1,0,1,0
febrl2,0.8,3763,1,1,1,1,0,1,0
febrl2,0.8,2181,1,1,1,1,0,1,0
febrl2,0.8,665,1,1,1,1,0,1,0
febrl2,0.8,1764,3,1,3,1,0,1,0
febrl2,0.8,1137,1,1,1,1,0,1,0
febrl2,0.8,1473,1,1,1,1,0,1,0
febrl2,0.8,2238,1,1,1,1,0,1,0
febrl2,0.8,3115,1,1,1,1,0,1,0
febrl2,0.8,1145,1,1,1,1,0,1,0
febrl2,0.8,3090,1,1,1,1,0,1,0
febrl2,0.8,987,1,1,1,1,0,1,0
febrl2,0.8,2746,1,1,1,1,0,1,0
febrl2,0.8,3635,1,1,1,1,0,1,0
febrl2,0.8,734,1,1,1,1,0,1,0
febrl2,0.8,1409,1,1,1,1,0,1,0
febrl2,0.8,2074,1,1,1,1,0,1,0
febrl2,0.8,646,1,1,1,1,0,1,0
febrl2,0.8,2052,1,1,1,1,0,1,0
febrl2,0.8,1932,1,1,1,1,0,1,0
febrl2,0.8,951,1,1,1,1,0,1,0
febrl2,0.8,2453,1,1,1,1,0,1,0
febrl2,0.8,1374,1,1,1,1,0,1,0
febrl2,0.8,3672,1,1,1,1,0,1,0
febrl2,0.8,2978,1,1,1,1,0,1,0
febrl2,0.8,1568,1,1,1,1,0,1,0
febrl2,0.8,3614,1,1,1,1,0,1,0
febrl2,0.8,2336,1,1,1,1,0,1,0
febrl2,0.8,3342,1,1,1,1,0,1,0
febrl2,0.8,2354,1,1,1,1,0,1,0
febrl2,0.8,2622,1,1,1,1,0,1,0
febrl2,0.8,3349,1,1,1,1,0,1,0
febrl2,0.8,1221,1,1,1,1,0,1,0
febrl2,0.8,896,1,1,1,1,0,1,0
febrl2,0.8,222,1,1,1,1,0,1,0
febrl2,0.8,3416,1,1,1,1,0,1,0
febrl2,0.8,3312,1,1,1,1,0,1,0
febrl2,0.8,2581,1,1,1,1,0,1,0
febrl2,0.8,2374,1,1,1,1,0,1,0
febrl2,0.8,2936,1,1,1,1,0,1,0
febrl2,0.8,3579,1,1,1,1,0,1,0
febrl2,0.8,3043,1,1,1,1,0,1,0
febrl2,0.8,3623,1,1,1,1,0,1,0
febrl2,0.8,3934,1,1,1,1,0,1,0
febrl2,0.8,4,1,1,1,1,0,1,0
febrl2,0.8,1596,1,1,1,1,0,1,0
febrl2,0.8,1970,1,1,1,1,0,1,0
febrl2,0.8,3025,1,1,1,1,0,1,0
febrl2,0.8,587,1,1,1,1,0,1,0
febrl2,0.8,2683,1,1,1,1,0,1,0
febrl2,0.8,2617,2,1,2,1,0,1,0
febrl2,0.8,2559,1,1,1,1,0,1,0
febrl2,0.8,3389,1,1,1,1,0,1,0
febrl2,0.8,3732,1,1,1,1,0,1,0
febrl2,0.8,3027,1,1,1,1,0,1,0
febrl2,0.8,2834,1,1,1,1,0,1,0
febrl2,0.8,354,1,1,1,1,0,1,0
febrl2,0.8,3347,1,1,1,1,0,1,0
febrl2,0.8,1081,1,1,1,1,0,1,0
febrl2,0.8,3134,1,1,1,1,0,1,0
febrl2,0.8,1827,1,1,1,1,0,1,0
febrl2,0.8,170,1,1,1,1,0,1,0
febrl2,0.8,3417,3,1,3,1,0,1,0
febrl2,0.8,1633,1,1,1,1,0,1,0
febrl2,0.8,1393,1,1,1,1,0,1,0
febrl2,0.8,1552,1,1,1,1,0,1,0
febrl2,0.8,989,1,1,1,1,0,1,0
febrl2,0.8,97,1,1,1,1,0,1,0
febrl2,0.8,60,1,1,1,1,0,1,0
febrl2,0.8,2715,1,1,1,1,0,1,0
febrl2,0.8,1266,1,1,1,1,0,1,0
febrl2,0.8,2579,1,1,1,1,0,1,0
febrl2,0.8,2909,1,1,1,1,0,1,0
febrl2,0.8,1499,1,1,1,1,0,1,0
febrl2,0.8,349,1,1,1,1,0,1,0
febrl2,0.8,20,1,1,1,1,0,1,0
febrl2,0.8,2174,1,1,1,1,0,1,0
febrl2,0.8,173,1,1,1,1,0,1,0
febrl2,0.8,1366,1,1,1,1,0,1,0
febrl2,0.8,1973,1,1,1,1,0,1,0
febrl2,0.8,195,1,1,1,1,0,1,0
febrl2,0.8,2512,1,1,1,1,0,1,0
febrl2,0.8,3885,1,1,1,1,0,1,0
febrl2,0.8,2775,1,1,1,1,0,1,0
febrl2,0.8,1170,1,1,1,1,0,1,0
febrl2,0.8,2209,1,1,1,1,0,1,0
febrl2,0.8,3511,1,1,1,1,0,1,0
febrl2,0.8,730,1,1,1,1,0,1,0
febrl2,0.8,2632,1,1,1,1,0,1,0
febrl2,0.8,885,1,1,1,1,0,1,0
febrl2,0.8,3386,1,1,1,1,0,1,0
febrl2,0.8,1310,1,1,1,1,0,1,0
febrl2,0.8,521,1,1,1,1,0,1,0
febrl2,0.8,2824,1,1,1,1,0,1,0
febrl2,0.8,2251,1,1,1,1,0,1,0
febrl2,0.8,2171,1,1,1,1,0,1,0
febrl2,0.8,3151,1,1,1,1,0,1,0
febrl2,0.8,1675,1,1,1,1,0,1,0
febrl2,0.8,2722,1,1,1,1,0,1,0
febrl2,0.8,1531,1,1,1,1,0,1,0
febrl2,0.8,2809,1,1,1,1,0,1,0
febrl2,0.8,2195,1,1,1,1,0,1,0
febrl2,0.8,3474,1,1,1,1,0,1,0
febrl2,0.8,389,1,1,1,1,0,1,0
febrl2,0.8,238,1,1,1,1,0,1,0
febrl2,0.8,3290,1,1,1,1,0,1,0
febrl2,0.8,818,1,1,1,1,0,1,0
febrl2,0.8,3466,1,1,1,1,0,1,0
febrl2,0.8,3080,1,1,1,1,0,1,0
febrl2,0.8,3387,1,1,1,1,0,1,0
febrl2,0.8,101,1,1,1,1,0,1,0
febrl2,0.8,1136,1,1,1,1,0,1,0
febrl2,0.8,130,1,1,1,1,0,1,0
febrl2,0.8,695,1,1,1,1,0,1,0
febrl2,0.8,2667,5,1,5,1,0,1,0
febrl2,0.8,1013,1,1,1,1,0,1,0
febrl2,0.8,2070,1,1,1,1,0,1,0
febrl2,0.8,213,1,1,1,1,0,1,0
febrl2,0.8,3888,1,1,1,1,0,1,0
febrl2,0.8,3899,1,1,1,1,0,1,0
febrl2,0.8,588,4,1,4,1,0,1,0
febrl2,0.8,3534,1,1,1,1,0,1,0
febrl2,0.8,3504,1,1,1,1,0,1,0
febrl2,0.8,1339,1,1,1,1,0,1,0
febrl2,0.8,1850,1,1,1,1,0,1,0
febrl2,0.8,1645,1,1,1,1,0,1,0
febrl2,0.8,3393,1,1,1,1,0,1,0
febrl2,0.8,3395,1,1,1,1,0,1,0
febrl2,0.8,2742,1,1,1,1,0,1,0
febrl2,0.8,849,1,1,1,1,0,1,0
febrl2,0.8,2795,1,1,1,1,0,1,0
febrl2,0.8,3487,1,1,1,1,0,1,0
febrl2,0.8,2221,1,1,1,1,0,1,0
febrl2,0.8,3063,1,1,1,1,0,1,0
febrl2,0.8,3700,1,1,1,1,0,1,0
febrl2,0.8,2040,1,1,1,1,0,1,0
febrl2,0.8,1032,1,1,1,1,0,1,0
febrl2,0.8,1640,1,1,1,1,0,1,0
febrl2,0.8,960,1,1,1,1,0,1,0
febrl2,0.8,1075,1,1,1,1,0,1,0
febrl2,0.8,935,1,1,1,1,0,1,0
febrl2,0.8,2470,1,1,1,1,0,1,0
febrl2,0.8,3305,1,1,1,1,0,1,0
febrl2,0.8,3880,1,1,1,1,0,1,0
febrl2,0.8,153,1,1,1,1,0,1,0
febrl2,0.8,555,1,1,1,1,0,1,0
febrl2,0.8,982,1,1,1,1,0,1,0
febrl2,0.8,786,1,1,1,1,0,1,0
febrl2,0.8,117,1,1,1,1,0,1,0
febrl2,0.8,3628,1,1,1,1,0,1,0
febrl2,0.8,215,1,1,1,1,0,1,0
febrl2,0.8,2514,1,1,1,1,0,1,0
febrl2,0.8,593,1,1,1,1,0,1,0
febrl2,0.8,2177,1,1,1,1,0,1,0
febrl2,0.8,2159,1,1,1,1,0,1,0
febrl2,0.8,275,1,1,1,1,0,1,0
febrl2,0.8,246,1,1,1,1,0,1,0
febrl2,0.8,2475,1,1,1,1,0,1,0
febrl2,0.8,913,1,1,1,1,0,1,0
febrl2,0.8,2204,1,1,1,1,0,1,0
febrl2,0.8,3373,1,1,1,1,0,1,0
febrl2,0.8,3040,1,1,1,1,0,1,0
febrl2,0.8,3806,1,1,1,1,0,1,0
febrl2,0.8,781,1,1,1,1,0,1,0
febrl2,0.8,1564,3,1,3,1,0,1,0
febrl2,0.8,3392,1,1,1,1,0,1,0
febrl2,0.8,2808,1,1,1,1,0,1,0
febrl2,0.8,2986,1,1,1,1,0,1,0
febrl2,0.8,928,1,1,1,1,0,1,0
febrl2,0.8,3394,1,1,1,1,0,1,0
febrl2,0.8,1771,1,1,1,1,0,1,0
febrl2,0.8,1481,1,1,1,1,0,1,0
febrl2,0.8,475,1,1,1,1,0,1,0
febrl2,0.8,1382,1,1,1,1,0,1,0
febrl2,0.8,3867,1,1,1,1,0,1,0
febrl2,0.8,2279,1,1,1,1,0,1,0
febrl2,0.8,2908,1,1,1,1,0,1,0
febrl2,0.8,795,1,1,1,1,0,1,0
febrl2,0.8,3832,4,1,4,1,0,1,0
febrl2,0.8,2507,1,1,1,1,0,1,0
febrl2,0.8,321,1,1,1,1,0,1,0
febrl2,0.8,3337,1,1,1,1,0,1,0
febrl2,0.8,3021,1,1,1,1,0,1,0
febrl2,0.8,3775,1,1,1,1,0,1,0
febrl2,0.8,339,1,1,1,1,0,1,0
febrl2,0.8,2271,1,1,1,1,0,1,0
febrl2,0.8,930,2,1,2,1,0,1,0
febrl2,0.8,1439,1,1,1,1,0,1,0
febrl2,0.8,2316,1,1,1,1,0,1,0
febrl2,0.8,1130,1,1,1,1,0,1,0
febrl2,0.8,2516,2,1,2,1,0,1,0
febrl2,0.8,1821,1,1,1,1,0,1,0
febrl2,0.8,3199,1,1,1,1,0,1,0
febrl2,0.8,3319,1,1,1,1,0,1,0
febrl2,0.8,1033,1,1,1,1,0,1,0
febrl2,0.8,115,1,1,1,1,0,1,0
febrl2,0.8,2006,1,1,1,1,0,1,0
febrl2,0.8,825,1,1,1,1,0,1,0
febrl2,0.8,2047,1,1,1,1,0,1,0
febrl2,0.8,3754,1,1,1,1,0,1,0
febrl2,0.8,3931,1,1,1,1,0,1,0
febrl2,0.8,40,1,1,1,1,0,1,0
febrl2,0.8,2233,1,1,1,1,0,1,0
febrl2,0.8,187,1,1,1,1,0,1,0
febrl2,0.8,385,1,1,1,1,0,1,0
febrl2,0.8,3328,1,1,1,1,0,1,0
febrl2,0.8,1479,1,1,1,1,0,1,0
febrl2,0.8,1230,1,1,1,1,0,1,0
febrl2,0.8,779,1,1,1,1,0,1,0
febrl2,0.8,2263,1,1,1,1,0,1,0
febrl2,0.8,1051,1,1,1,1,0,1,0
febrl2,0.8,2479,1,1,1,1,0,1,0
febrl2,0.8,3094,1,1,1,1,0,1,0
febrl2,0.8,1825,1,1,1,1,0,1,0
febrl2,0.8,1593,1,1,1,1,0,1,0
febrl2,0.8,1944,1,1,1,1,0,1,0
febrl2,0.8,421,1,1,1,1,0,1,0
febrl2,0.8,1326,1,1,1,1,0,1,0
febrl2,0.8,2378,1,1,1,1,0,1,0
febrl2,0.8,3085,1,1,1,1,0,1,0
febrl2,0.8,494,1,1,1,1,0,1,0
febrl2,0.8,2172,1,1,1,1,0,1,0
febrl2,0.8,3855,1,1,1,1,0,1,0
febrl2,0.8,2385,1,1,1,1,0,1,0
febrl2,0.8,2890,1,1,1,1,0,1,0
febrl2,0.8,1381,1,1,1,1,0,1,0
febrl2,0.8,2045,1,1,1,1,0,1,0
febrl2,0.8,59,1,1,1,1,0,1,0
febrl2,0.8,3916,1,1,1,1,0,1,0
febrl2,0.8,647,1,1,1,1,0,1,0
febrl2,0.8,2415,1,1,1,1,0,1,0
febrl2,0.8,3173,1,1,1,1,0,1,0
febrl2,0.8,1878,1,1,1,1,0,1,0
febrl2,0.8,2884,1,1,1,1,0,1,0
febrl2,0.8,3108,1,1,1,1,0,1,0
febrl2,0.8,3531,1,1,1,1,0,1,0
febrl2,0.8,411,1,1,1,1,0,1,0
febrl2,0.8,22,1,1,1,1,0,1,0
febrl2,0.8,3960,1,1,1,1,0,1,0
febrl2,0.8,1309,1,1,1,1,0,1,0
febrl2,0.8,3473,1,1,1,1,0,1,0
febrl2,0.8,3291,2,1,2,1,0,1,0
febrl2,0.8,1068,1,1,1,1,0,1,0
febrl2,0.8,3974,1,1,1,1,0,1,0
febrl2,0.8,2425,1,1,1,1,0,1,0
febrl2,0.8,1244,1,1,1,1,0,1,0
febrl2,0.8,1228,1,1,1,1,0,1,0
febrl2,0.8,1738,1,1,1,1,0,1,0
febrl2,0.8,72,1,1,1,1,0,1,0
febrl2,0.8,1219,1,1,1,1,0,1,0
febrl2,0.8,3457,1,1,1,1,0,1,0
febrl2,0.8,240,1,1,1,1,0,1,0
febrl2,0.8,3398,1,1,1,1,0,1,0
febrl2,0.8,523,1,1,1,1,0,1,0
febrl2,0.8,515,1,1,1,1,0,1,0
febrl2,0.8,2493,1,1,1,1,0,1,0
febrl2,0.8,1707,1,1,1,1,0,1,0
febrl2,0.8,1139,1,1,1,1,0,1,0
febrl2,0.8,1648,1,1,1,1,0,1,0
febrl2,0.8,1890,1,1,1,1,0,1,0
febrl2,0.8,2867,1,1,1,1,0,1,0
febrl2,0.8,2034,1,1,1,1,0,1,0
febrl2,0.8,2959,1,1,1,1,0,1,0
febrl2,0.8,1649,1,1,1,1,0,1,0
febrl2,0.8,1842,1,1,1,1,0,1,0
febrl2,0.8,2687,1,1,1,1,0,1,0
febrl2,0.8,546,1,1,1,1,0,1,0
febrl2,0.8,3488,1,1,1,1,0,1,0
febrl2,0.8,2754,1,1,1,1,0,1,0
febrl2,0.8,690,1,1,1,1,0,1,0
febrl2,0.8,3185,1,1,1,1,0,1,0
febrl2,0.8,613,1,1,1,1,0,1,0
febrl2,0.8,681,1,1,1,1,0,1,0
febrl2,0.8,3471,1,1,1,1,0,1,0
febrl2,0.8,973,1,1,1,1,0,1,0
febrl2,0.8,1797,1,1,1,1,0,1,0
febrl2,0.8,2459,1,1,1,1,0,1,0
febrl2,0.8,2803,1,1,1,1,0,1,0
febrl2,0.8,3415,1,1,1,1,0,1,0
febrl2,0.8,1794,1,1,1,1,0,1,0
febrl2,0.8,618,1,1,1,1,0,1,0
febrl2,0.8,1829,1,1,1,1,0,1,0
febrl2,0.8,2041,1,1,1,1,0,1,0
febrl2,0.8,751,1,1,1,1,0,1,0
febrl2,0.8,3187,1,1,1,1,0,1,0
febrl2,0.8,3308,1,1,1,1,0,1,0
febrl2,0.8,3716,1,1,1,1,0,1,0
febrl2,0.8,3912,1,1,1,1,0,1,0
febrl2,0.8,1778,1,1,1,1,0,1,0
febrl2,0.8,347,1,1,1,1,0,1,0
febrl2,0.8,465,1,1,1,1,0,1,0
febrl2,0.8,1129,1,1,1,1,0,1,0
febrl2,0.8,3862,1,1,1,1,0,1,0
febrl2,0.8,3037,2,1,2,1,0,1,0
febrl2,0.8,2185,1,1,1,1,0,1,0
febrl2,0.8,179,1,1,1,1,0,1,0
febrl2,0.8,290,1,1,1,1,0,1,0
febrl2,0.8,1515,1,1,1,1,0,1,0
febrl2,0.8,3868,1,1,1,1,0,1,0
febrl2,0.8,436,1,1,1,1,0,1,0
febrl2,0.8,667,1,1,1,1,0,1,0
febrl2,0.8,3512,1,1,1,1,0,1,0
febrl2,0.8,423,1,1,1,1,0,1,0
febrl2,0.8,1243,1,1,1,1,0,1,0
febrl2,0.8,2839,1,1,1,1,0,1,0
febrl2,0.8,146,1,1,1,1,0,1,0
febrl2,0.8,1264,1,1,1,1,0,1,0
febrl2,0.8,1849,1,1,1,1,0,1,0
febrl2,0.8,2535,1,1,1,1,0,1,0
febrl2,0.8,196,1,1,1,1,0,1,0
febrl2,0.8,2078,1,1,1,1,0,1,0
febrl2,0.8,3573,1,1,1,1,0,1,0
febrl2,0.8,454,1,1,1,1,0,1,0
febrl2,0.8,1338,1,1,1,1,0,1,0
febrl2,0.8,2393,1,1,1,1,0,1,0
febrl2,0.8,557,1,1,1,1,0,1,0
febrl2,0.8,3805,1,1,1,1,0,1,0
febrl2,0.8,3401,1,1,1,1,0,1,0
febrl2,0.8,400,3,1,3,1,0,1,0
febrl2,0.8,1968,1,1,1,1,0,1,0
febrl2,0.8,3595,1,1,1,1,0,1,0
febrl2,0.8,2082,1,1,1,1,0,1,0
febrl2,0.8,3358,1,1,1,1,0,1,0
febrl2,0.8,762,1,1,1,1,0,1,0
febrl2,0.8,1571,1,1,1,1,0,1,0
febrl2,0.8,3613,1,1,1,1,0,1,0
febrl2,0.8,1701,1,1,1,1,0,1,0
febrl2,0.8,3859,1,1,1,1,0,1,0
febrl2,0.8,2582,1,1,1,1,0,1,0
febrl2,0.8,722,1,1,1,1,0,1,0
febrl2,0.8,3237,1,1,1,1,0,1,0
febrl2,0.8,1017,1,1,1,1,0,1,0
febrl2,0.8,1656,1,1,1,1,0,1,0
febrl2,0.8,224,1,1,1,1,0,1,0
febrl2,0.8,1949,1,1,1,1,0,1,0
febrl2,0.8,3729,1,1,1,1,0,1,0
febrl2,0.8,2285,1,1,1,1,0,1,0
febrl2,0.8,2101,2,1,2,1,0,1,0
febrl2,0.8,1062,1,1,1,1,0,1,0
febrl2,0.8,286,1,1,1,1,0,1,0
febrl2,0.8,570,1,1,1,1,0,1,0
febrl2,0.8,1946,1,1,1,1,0,1,0
febrl2,0.8,368,1,1,1,1,0,1,0
febrl2,0.8,1508,1,1,1,1,0,1,0
febrl2,0.8,2806,1,1,1,1,0,1,0
febrl2,0.8,2266,1,1,1,1,0,1,0
febrl2,0.8,2408,1,1,1,1,0,1,0
febrl2,0.8,3246,1,1,1,1,0,1,0
febrl2,0.8,3046,1,1,1,1,0,1,0
febrl2,0.8,1318,1,1,1,1,0,1,0
febrl2,0.8,1390,1,1,1,1,0,1,0
febrl2,0.8,3629,1,1,1,1,0,1,0
febrl2,0.8,495,1,1,1,1,0,1,0
febrl2,0.8,2435,1,1,1,1,0,1,0
febrl2,0.8,0,1,1,1,1,0,1,0
febrl2,0.8,1096,2,1,2,1,0,1,0
febrl2,0.8,756,1,1,1,1,0,1,0
febrl2,0.8,3118,1,1,1,1,0,1,0
febrl2,0.8,2728,1,1,1,1,0,1,0
febrl2,0.8,61,1,1,1,1,0,1,0
febrl2,0.8,2355,1,1,1,1,0,1,0
febrl2,0.8,3174,1,1,1,1,0,1,0
febrl2,0.8,1436,1,1,1,1,0,1,0
febrl2,0.8,3101,1,1,1,1,0,1,0
febrl2,0.8,2227,1,1,1,1,0,1,0
febrl2,0.8,988,1,1,1,1,0,1,0
febrl2,0.8,3324,1,1,1,1,0,1,0
febrl2,0.8,2505,1,1,1,1,0,1,0
febrl2,0.8,484,1,1,1,1,0,1,0
febrl2,0.8,384,1,1,1,1,0,1,0
febrl2,0.8,2740,1,1,1,1,0,1,0
febrl2,0.8,3497,1,1,1,1,0,1,0
febrl2,0.8,604,1,1,1,1,0,1,0
febrl2,0.8,3172,1,1,1,1,0,1,0
febrl2,0.8,998,1,1,1,1,0,1,0
febrl2,0.8,3602,1,1,1,1,0,1,0
febrl2,0.8,1886,1,1,1,1,0,1,0
febrl2,0.8,2584,1,1,1,1,0,1,0
febrl2,0.8,3886,1,1,1,1,0,1,0
febrl2,0.8,1459,1,1,1,1,0,1,0
febrl2,0.8,3125,1,1,1,1,0,1,0
febrl2,0.8,2069,1,1,1,1,0,1,0
febrl2,0.8,2312,1,1,1,1,0,1,0
febrl2,0.8,3309,1,1,1,1,0,1,0
febrl2,0.8,2341,1,1,1,1,0,1,0
febrl2,0.8,3750,1,1,1,1,0,1,0
febrl2,0.8,226,1,1,1,1,0,1,0
febrl2,0.8,371,1,1,1,1,0,1,0
febrl2,0.8,2411,1,1,1,1,0,1,0
febrl2,0.8,1980,1,1,1,1,0,1,0
febrl2,0.8,327,1,1,1,1,0,1,0
febrl2,0.8,1257,1,1,1,1,0,1,0
febrl2,0.8,1938,1,1,1,1,0,1,0
febrl2,0.8,3937,1,1,1,1,0,1,0
febrl2,0.8,800,1,1,1,1,0,1,0
febrl2,0.8,2019,2,1,2,1,0,1,0
febrl2,0.8,307,1,1,1,1,0,1,0
febrl2,0.8,774,1,1,1,1,0,1,0
febrl2,0.8,1046,1,1,1,1,0,1,0
febrl2,0.8,143,2,1,2,1,0,1,0
febrl2,0.8,2345,1,1,1,1,0,1,0
febrl2,0.8,2436,3,1,3,1,0,1,0
febrl2,0.8,2043,1,1,1,1,0,1,0
febrl2,0.8,3940,1,1,1,1,0,1,0
febrl2,0.8,2646,1,1,1,1,0,1,0
febrl2,0.8,1202,1,1,1,1,0,1,0
febrl2,0.8,2318,1,1,1,1,0,1,0
febrl2,0.8,2215,1,1,1,1,0,1,0
febrl2,0.8,1654,1,1,1,1,0,1,0
febrl2,0.8,1582,1,1,1,1,0,1,0
febrl2,0.8,1777,1,1,1,1,0,1,0
febrl2,0.8,2591,1,1,1,1,0,1,0
febrl2,0.8,758,1,1,1,1,0,1,0
febrl2,0.8,3612,1,1,1,1,0,1,0
febrl2,0.8,2557,1,1,1,1,0,1,0
febrl2,0.8,3203,1,1,1,1,0,1,0
febrl2,0.8,980,1,1,1,1,0,1,0
febrl2,0.8,3799,1,1,1,1,0,1,0
febrl2,0.8,3113,1,1,1,1,0,1,0
febrl2,0.8,3657,1,1,1,1,0,1,0
febrl2,0.8,1184,1,1,1,1,0,1,0
febrl2,0.8,1101,1,1,1,1,0,1,0
febrl2,0.8,3708,1,1,1,1,0,1,0
febrl2,0.8,3396,1,1,1,1,0,1,0
febrl2,0.8,65,1,1,1,1,0,1,0
febrl2,0.8,18,4,1,4,1,0,1,0
febrl2,0.8,55,1,1,1,1,0,1,0
febrl2,0.8,2974,1,1,1,1,0,1,0
febrl2,0.8,2080,1,1,1,1,0,1,0
febrl2,0.8,3210,1,1,1,1,0,1,0
febrl2,0.8,391,1,1,1,1,0,1,0
febrl2,0.8,3196,1,1,1,1,0,1,0
febrl2,0.8,1621,1,1,1,1,0,1,0
febrl2,0.8,1365,1,1,1,1,0,1,0
febrl2,0.8,124,1,1,1,1,0,1,0
febrl2,0.8,3403,1,1,1,1,0,1,0
febrl2,0.8,2823,1,1,1,1,0,1,0
febrl2,0.8,934,1,1,1,1,0,1,0
febrl2,0.8,3622,4,1,4,1,0,1,0
febrl2,0.8,580,1,1,1,1,0,1,0
febrl2,0.8,3339,1,1,1,1,0,1,0
febrl2,0.8,375,1,1,1,1,0,1,0
febrl2,0.8,1207,1,1,1,1,0,1,0
febrl2,0.8,3479,1,1,1,1,0,1,0
febrl2,0.8,3013,1,1,1,1,0,1,0
febrl2,0.8,80,1,1,1,1,0,1,0
febrl2,0.8,2543,1,1,1,1,0,1,0
febrl2,0.8,2149,1,1,1,1,0,1,0
febrl2,0.8,2593,1,1,1,1,0,1,0
febrl2,0.8,1314,1,1,1,1,0,1,0
febrl2,0.8,1966,1,1,1,1,0,1,0
febrl2,0.8,708,1,1,1,1,0,1,0
febrl2,0.8,2918,1,1,1,1,0,1,0
febrl2,0.8,2905,1,1,1,1,0,1,0
febrl2,0.8,1162,1,1,1,1,0,1,0
febrl2,0.8,1653,1,1,1,1,0,1,0
febrl2,0.8,3492,1,1,1,1,0,1,0
febrl2,0.8,2326,3,1,3,1,0,1,0
febrl2,0.8,2970,1,1,1,1,0,1,0
febrl2,0.8,2000,1,1,1,1,0,1,0
febrl2,0.8,2865,1,1,1,1,0,1,0
febrl2,0.8,3481,1,1,1,1,0,1,0
febrl2,0.8,220,1,1,1,1,0,1,0
febrl2,0.8,2192,1,1,1,1,0,1,0
febrl2,0.8,2643,1,1,1,1,0,1,0
febrl2,0.8,592,1,1,1,1,0,1,0
febrl2,0.8,590,1,1,1,1,0,1,0
febrl2,0.8,1722,1,1,1,1,0,1,0
febrl2,0.8,584,1,1,1,1,0,1,0
febrl2,0.8,3973,1,1,1,1,0,1,0
febrl2,0.8,3156,1,1,1,1,0,1,0
febrl2,0.8,2442,1,1,1,1,0,1,0
febrl2,0.8,3840,1,1,1,1,0,1,0
febrl2,0.8,1424,1,1,1,1,0,1,0
febrl2,0.8,1831,1,1,1,1,0,1,0
febrl2,0.8,703,2,1,2,1,0,1,0
febrl2,0.8,1822,1,1,1,1,0,1,0
febrl2,0.8,917,1,1,1,1,0,1,0
febrl2,0.8,3705,1,1,1,1,0,1,0
febrl2,0.8,2242,1,1,1,1,0,1,0
febrl2,0.8,2820,1,1,1,1,0,1,0
febrl2,0.8,660,1,1,1,1,0,1,0
febrl2,0.8,2907,1,1,1,1,0,1,0
febrl2,0.8,920,1,1,1,1,0,1,0
febrl2,0.8,2785,1,1,1,1,0,1,0
febrl2,0.8,2105,1,1,1,1,0,1,0
febrl2,0.8,3343,1,1,1,1,0,1,0
febrl2,0.8,269,1,1,1,1,0,1,0
febrl2,0.8,2681,1,1,1,1,0,1,0
febrl2,0.8,3689,1,1,1,1,0,1,0
febrl2,0.8,3243,1,1,1,1,0,1,0
febrl2,0.8,1759,1,1,1,1,0,1,0
febrl2,0.8,5,1,1,1,1,0,1,0
febrl2,0.8,1462,1,1,1,1,0,1,0
febrl2,0.8,915,1,1,1,1,0,1,0
febrl2,0.8,2628,1,1,1,1,0,1,0
febrl2,0.8,241,1,1,1,1,0,1,0
febrl2,0.8,353,1,1,1,1,0,1,0
febrl2,0.8,775,1,1,1,1,0,1,0
febrl2,0.8,1153,1,1,1,1,0,1,0
febrl2,0.8,3578,1,1,1,1,0,1,0
febrl2,0.8,288,1,1,1,1,0,1,0
febrl2,0.8,1276,1,1,1,1,0,1,0
febrl2,0.8,3793,1,1,1,1,0,1,0
febrl2,0.8,3895,1,1,1,1,0,1,0
febrl2,0.8,2471,1,1,1,1,0,1,0
febrl2,0.8,1351,1,1,1,1,0,1,0
febrl2,0.8,1064,1,1,1,1,0,1,0
febrl2,0.8,3271,1,1,1,1,0,1,0
febrl2,0.8,3816,1,1,1,1,0,1,0
febrl2,0.8,3002,1,1,1,1,0,1,0
febrl2,0.8,826,1,1,1,1,0,1,0
febrl2,0.8,1546,1,1,1,1,0,1,0
febrl2,0.8,2567,1,1,1,1,0,1,0
febrl2,0.8,624,1,1,1,1,0,1,0
febrl2,0.8,1387,1,1,1,1,0,1,0
febrl2,0.8,3683,1,1,1,1,0,1,0
febrl2,0.8,1623,1,1,1,1,0,1,0
febrl2,0.8,2739,1,1,1,1,0,1,0
febrl2,0.8,3852,1,1,1,1,0,1,0
febrl2,0.8,3784,1,1,1,1,0,1,0
febrl2,0.8,1614,1,1,1,1,0,1,0
febrl2,0.8,2051,1,1,1,1,0,1,0
febrl2,0.8,2107,1,1,1,1,0,1,0
febrl2,0.8,561,1,1,1,1,0,1,0
febrl2,0.8,810,1,1,1,1,0,1,0
febrl2,0.8,2382,1,1,1,1,0,1,0
febrl2,0.8,1907,1,1,1,1,0,1,0
febrl2,0.8,676,1,1,1,1,0,1,0
febrl2,0.8,1394,1,1,1,1,0,1,0
febrl2,0.8,326,1,1,1,1,0,1,0
febrl2,0.8,1971,1,1,1,1,0,1,0
febrl2,0.8,114,1,1,1,1,0,1,0
febrl2,0.8,3432,1,1,1,1,0,1,0
febrl2,0.8,1941,1,1,1,1,0,1,0
febrl2,0.8,3898,1,1,1,1,0,1,0
febrl2,0.8,260,1,1,1,1,0,1,0
febrl2,0.8,2188,1,1,1,1,0,1,0
febrl2,0.8,970,1,1,1,1,0,1,0
febrl2,0.8,3006,1,1,1,1,0,1,0
febrl2,0.8,1214,1,1,1,1,0,1,0
febrl2,0.8,221,1,1,1,1,0,1,0
febrl2,0.8,1803,1,1,1,1,0,1,0
febrl2,0.8,2980,1,1,1,1,0,1,0
febrl2,0.8,3743,1,1,1,1,0,1,0
febrl2,0.8,3540,1,1,1,1,0,1,0
febrl2,0.8,3941,1,1,1,1,0,1,0
febrl2,0.8,3501,1,1,1,1,0,1,0
febrl2,0.8,1607,1,1,1,1,0,1,0
febrl2,0.8,265,1,1,1,1,0,1,0
febrl2,0.8,3758,1,1,1,1,0,1,0
febrl2,0.8,2248,1,1,1,1,0,1,0
febrl2,0.8,547,1,1,1,1,0,1,0
febrl2,0.8,2383,1,1,1,1,0,1,0
febrl2,0.8,3971,1,1,1,1,0,1,0
febrl2,0.8,1714,1,1,1,1,0,1,0
febrl2,0.8,591,1,1,1,1,0,1,0
febrl2,0.8,2252,1,1,1,1,0,1,0
febrl2,0.8,1415,1,1,1,1,0,1,0
febrl2,0.8,3638,1,1,2,1,1,2,1
febrl2,0.8,680,1,1,1,1,0,1,0
febrl2,0.8,3751,1,1,1,1,0,1,0
febrl2,0.8,2776,1,1,1,1,0,1,0
febrl2,0.8,2194,1,1,1,1,0,1,0
febrl2,0.8,2157,1,1,1,1,0,1,0
febrl2,0.8,1238,1,1,1,1,0,1,0
febrl2,0.8,1754,1,1,1,1,0,1,0
febrl2,0.8,2601,1,1,1,1,0,1,0
febrl2,0.8,3380,1,1,1,1,0,1,0
febrl2,0.8,840,1,1,1,1,0,1,0
febrl2,0.8,2957,1,1,1,1,0,1,0
febrl2,0.8,3640,1,1,1,1,0,1,0
febrl2,0.8,3194,1,1,1,1,0,1,0
febrl2,0.8,1023,1,1,1,1,0,1,0
febrl2,0.8,850,1,1,1,1,0,1,0
febrl2,0.8,2872,1,1,1,1,0,1,0
febrl2,0.8,3234,1,1,1,1,0,1,0
febrl2,0.8,2343,1,1,1,1,0,1,0
febrl2,0.8,2788,1,1,1,1,0,1,0
febrl2,0.8,2520,1,1,1,1,0,1,0
febrl2,0.8,2432,1,1,1,1,0,1,0
febrl2,0.8,3106,1,1,1,1,0,1,0
febrl2,0.8,1615,1,1,1,1,0,1,0
febrl2,0.8,2485,1,1,1,1,0,1,0
febrl2,0.8,2835,1,1,1,1,0,1,0
febrl2,0.8,3541,1,1,1,1,0,1,0
febrl2,0.8,2322,3,1,3,1,0,1,0
febrl2,0.8,1375,1,1,1,1,0,1,0
febrl2,0.8,1620,1,1,1,1,0,1,0
febrl2,0.8,3648,1,1,1,1,0,1,0
febrl2,0.8,2203,1,1,1,1,0,1,0
febrl2,0.8,3661,1,1,1,1,0,1,0
febrl2,0.8,3582,1,1,1,1,0,1,0
febrl2,0.8,1624,1,1,1,1,0,1,0
febrl2,0.8,91,1,1,1,1,0,1,0
febrl2,0.8,165,1,1,1,1,0,1,0
febrl2,0.8,1611,1,1,1,1,0,1,0
febrl2,0.8,2456,1,1,1,1,0,1,0
febrl2,0.8,3413,1,1,1,1,0,1,0
febrl2,0.8,2655,1,1,1,1,0,1,0
febrl2,0.8,1354,1,1,1,1,0,1,0
febrl2,0.8,3655,1,1,1,1,0,1,0
febrl2,0.8,961,1,1,1,1,0,1,0
febrl2,0.8,1584,1,1,1,1,0,1,0
febrl2,0.8,2395,1,1,1,1,0,1,0
febrl2,0.8,2275,1,1,1,1,0,1,0
febrl2,0.8,2300,1,1,1,1,0,1,0
febrl2,0.8,3209,1,1,1,1,0,1,0
febrl2,0.8,3957,1,1,1,1,0,1,0
febrl2,0.8,3230,1,1,1,1,0,1,0
febrl2,0.8,2253,1,1,1,1,0,1,0
febrl2,0.8,1520,1,1,1,1,0,1,0
febrl2,0.8,1277,1,1,1,1,0,1,0
febrl2,0.8,1247,1,1,1,1,0,1,0
febrl2,0.8,2292,1,1,1,1,0,1,0
febrl2,0.8,3795,1,1,1,1,0,1,0
febrl2,0.8,1263,1,1,1,1,0,1,0
febrl2,0.8,1059,1,1,1,1,0,1,0
febrl2,0.8,1887,1,1,1,1,0,1,0
febrl2,0.8,2511,1,1,1,1,0,1,0
febrl2,0.8,1337,1,1,1,1,0,1,0
febrl2,0.8,66,1,1,1,1,0,1,0
febrl2,0.8,2010,1,1,1,1,0,1,0
febrl2,0.8,3286,1,1,1,1,0,1,0
febrl2,0.8,607,1,1,1,1,0,1,0
febrl2,0.8,2720,1,1,1,1,0,1,0
febrl2,0.8,1071,1,1,1,1,0,1,0
febrl2,0.8,701,1,1,1,1,0,1,0
febrl2,0.8,1723,1,1,1,1,0,1,0
febrl2,0.8,3820,1,1,1,1,0,1,0
febrl2,0.8,1671,1,1,1,1,0,1,0
febrl2,0.8,809,1,1,1,1,0,1,0
febrl2,0.8,3609,1,1,1,1,0,1,0
febrl2,0.8,1635,1,1,1,1,0,1,0
febrl2,0.8,2530,1,1,1,1,0,1,0
febrl2,0.8,2674,1,1,1,1,0,1,0
febrl2,0.8,1830,1,1,1,1,0,1,0
febrl2,0.8,1841,1,1,1,1,0,1,0
febrl2,0.8,453,1,1,1,1,0,1,0
febrl2,0.8,3822,1,1,1,1,0,1,0
febrl2,0.8,3961,1,1,1,1,0,1,0
febrl2,0.8,3475,1,1,1,1,0,1,0
febrl2,0.8,3052,1,1,1,1,0,1,0
febrl2,0.8,816,1,1,1,1,0,1,0
febrl2,0.8,3926,1,1,1,1,0,1,0
febrl2,0.8,3122,2,1,2,1,0,1,0
febrl2,0.8,2117,1,1,1,1,0,1,0
febrl2,0.8,3997,1,1,1,1,0,1,0
febrl2,0.8,3943,1,1,1,1,0,1,0
febrl2,0.8,2971,1,1,1,1,0,1,0
febrl2,0.8,3807,1,1,1,1,0,1,0
febrl2,0.8,3111,1,1,1,1,0,1,0
febrl2,0.8,2623,1,1,1,1,0,1,0
febrl2,0.8,2246,1,1,1,1,0,1,0
febrl2,0.8,469,1,1,1,1,0,1,0
febrl2,0.8,1811,1,1,1,1,0,1,0
febrl2,0.8,477,1,1,1,1,0,1,0
febrl2,0.8,1216,4,1,4,1,0,1,0
febrl2,0.8,210,1,1,1,1,0,1,0
febrl2,0.8,3470,1,1,1,1,0,1,0
febrl2,0.8,611,1,1,1,1,0,1,0
febrl2,0.8,92,1,1,1,1,0,1,0
febrl2,0.8,1861,1,1,1,1,0,1,0
febrl2,0.8,1500,1,1,1,1,0,1,0
febrl2,0.8,3079,1,1,1,1,0,1,0
febrl2,0.8,483,1,1,1,1,0,1,0
febrl2,0.8,726,1,1,1,1,0,1,0
febrl2,0.8,828,1,1,1,1,0,1,0
febrl2,0.8,1413,1,1,1,1,0,1,0
febrl2,0.8,3532,1,1,1,1,0,1,0
febrl2,0.8,2743,1,1,1,1,0,1,0
febrl2,0.8,416,1,1,1,1,0,1,0
febrl2,0.8,1067,1,1,1,1,0,1,0
febrl2,0.8,585,1,1,1,1,0,1,0
febrl2,0.8,3296,1,1,1,1,0,1,0
febrl2,0.8,3359,1,1,1,1,0,1,0
febrl2,0.8,2605,1,1,1,1,0,1,0
febrl2,0.8,1688,1,1,1,1,0,1,0
febrl2,0.8,737,1,1,1,1,0,1,0
febrl2,0.8,2421,1,1,1,1,0,1,0
febrl2,0.8,1525,1,1,1,1,0,1,0
febrl2,0.8,766,1,1,1,1,0,1,0
febrl2,0.8,2536,1,1,1,1,0,1,0
febrl2,0.8,3279,1,1,1,1,0,1,0
febrl2,0.8,3882,1,1,1,1,0,1,0
febrl2,0.8,1572,1,1,1,1,0,1,0
febrl2,0.8,1547,1,1,1,1,0,1,0
febrl2,0.8,3539,1,1,1,1,0,1,0
febrl2,0.8,3242,1,1,1,1,0,1,0
febrl2,0.8,1163,1,1,1,1,0,1,0
febrl2,0.8,1386,1,1,1,1,0,1,0
febrl2,0.8,3259,1,1,1,1,0,1,0
febrl2,0.8,2482,1,1,1,1,0,1,0
febrl2,0.8,1783,1,1,1,1,0,1,0
febrl2,0.8,2854,1,1,1,1,0,1,0
febrl2,0.8,2680,1,1,1,1,0,1,0
febrl2,0.8,3719,1,1,1,1,0,1,0
febrl2,0.8,2939,1,1,1,1,0,1,0
febrl2,0.8,2603,1,1,1,1,0,1,0
febrl2,0.8,2308,1,1,1,1,0,1,0
febrl2,0.8,1262,1,1,1,1,0,1,0
febrl2,0.8,1117,1,1,1,1,0,1,0
febrl2,0.8,3423,1,1,1,1,0,1,0
febrl2,0.8,1676,1,1,1,1,0,1,0
febrl2,0.8,1702,1,1,1,1,0,1,0
febrl2,0.8,1079,1,1,1,1,0,1,0
febrl2,0.8,3257,1,1,1,1,0,1,0
febrl2,0.8,1965,1,1,1,1,0,1,0
febrl2,0.8,3725,1,1,1,1,0,1,0
febrl2,0.8,2020,1,1,1,1,0,1,0
febrl2,0.8,3522,1,1,1,1,0,1,0
febrl2,0.8,893,1,1,1,1,0,1,0
febrl2,0.8,1998,1,1,1,1,0,1,0
febrl2,0.8,628,1,1,1,1,0,1,0
febrl2,0.8,630,1,1,1,1,0,1,0
febrl2,0.8,3920,1,1,1,1,0,1,0
febrl2,0.8,161,1,1,1,1,0,1,0
febrl2,0.8,1429,1,1,1,1,0,1,0
febrl2,0.8,3310,1,1,1,1,0,1,0
febrl2,0.8,3922,1,1,1,1,0,1,0
febrl2,0.8,1353,1,1,1,1,0,1,0
febrl2,0.8,2481,1,1,1,1,0,1,0
febrl2,0.8,3853,1,1,1,1,0,1,0
febrl2,0.8,2420,1,1,1,1,0,1,0
febrl2,0.8,3726,1,1,1,1,0,1,0
febrl2,0.8,921,1,1,1,1,0,1,0
febrl2,0.8,1037,1,1,1,1,0,1,0
febrl2,0.8,2067,1,1,1,1,0,1,0
febrl2,0.8,550,1,1,1,1,0,1,0
febrl2,0.8,152,1,1,1,1,0,1,0
febrl2,0.8,787,1,1,1,1,0,1,0
febrl2,0.8,2317,1,1,1,1,0,1,0
febrl2,0.8,2862,1,1,1,1,0,1,0
febrl2,0.8,82,1,1,1,1,0,1,0
febrl2,0.8,1251,1,1,1,1,0,1,0
febrl2,0.8,3150,1,1,1,1,0,1,0
febrl2,0.8,753,1,1,1,1,0,1,0
febrl2,0.8,430,1,1,1,1,0,1,0
febrl2,0.8,3304,3,1,3,1,0,1,0
febrl2,0.8,1983,1,1,1,1,0,1,0
febrl2,0.8,178,1,1,1,1,0,1,0
febrl2,0.8,1587,1,1,1,1,0,1,0
febrl2,0.8,2214,1,1,1,1,0,1,0
febrl2,0.8,231,1,1,1,1,0,1,0
febrl2,0.8,1028,1,1,1,1,0,1,0
febrl2,0.8,3223,1,1,1,1,0,1,0
febrl2,0.8,797,1,1,1,1,0,1,0
febrl2,0.8,1412,1,1,1,1,0,1,0
febrl2,0.8,1602,1,1,1,1,0,1,0
febrl2,0.8,309,1,1,1,1,0,1,0
febrl2,0.8,1994,1,1,1,1,0,1,0
febrl2,0.8,1553,1,1,1,1,0,1,0
febrl2,0.8,2807,1,1,1,1,0,1,0
febrl2,0.8,3039,1,1,1,1,0,1,0
febrl2,0.8,116,1,1,1,1,0,1,0
febrl2,0.8,3190,1,1,1,1,0,1,0
febrl2,0.8,3469,1,1,1,1,0,1,0
febrl2,0.8,2602,1,1,1,1,0,1,0
febrl2,0.8,36,1,1,1,1,0,1,0
febrl2,0.8,2547,1,1,1,1,0,1,0
febrl2,0.8,1852,1,1,1,1,0,1,0
febrl2,0.8,425,1,1,1,1,0,1,0
febrl2,0.8,1029,1,1,1,1,0,1,0
febrl2,0.8,141,3,1,3,1,0,1,0
febrl2,0.8,1344,1,1,1,1,0,1,0
febrl2,0.8,3555,1,1,1,1,0,1,0
febrl2,0.8,1846,1,1,1,1,0,1,0
febrl2,0.8,1616,1,1,1,1,0,1,0
febrl2,0.8,1895,1,1,1,1,0,1,0
febrl2,0.8,3132,1,1,1,1,0,1,0
febrl2,0.8,2294,1,1,1,1,0,1,0
febrl2,0.8,3345,1,1,1,1,0,1,0
febrl2,0.8,3439,1,1,1,1,0,1,0
febrl2,0.8,3126,1,1,1,1,0,1,0
febrl2,0.8,340,1,1,1,1,0,1,0
febrl2,0.8,2723,1,1,1,1,0,1,0
febrl2,0.8,572,1,1,1,1,0,1,0
febrl2,0.8,866,1,1,1,1,0,1,0
febrl2,0.8,839,1,1,1,1,0,1,0
febrl2,0.8,1555,1,1,1,1,0,1,0
febrl2,0.8,2791,1,1,1,1,0,1,0
febrl2,0.8,2780,1,1,1,1,0,1,0
febrl2,0.8,3665,1,1,1,1,0,1,0
febrl2,0.8,1812,1,1,1,1,0,1,0
febrl2,0.8,3340,1,1,1,1,0,1,0
febrl2,0.8,2812,1,1,1,1,0,1,0
febrl2,0.8,2641,1,1,1,1,0,1,0
febrl2,0.8,1969,1,1,1,1,0,1,0
febrl2,0.8,749,1,1,1,1,0,1,0
febrl2,0.8,3325,1,1,1,1,0,1,0
febrl2,0.8,25,1,1,1,1,0,1,0
febrl2,0.8,862,1,1,1,1,0,1,0
febrl2,0.8,2016,1,1,1,1,0,1,0
febrl2,0.8,1448,1,1,1,1,0,1,0
febrl2,0.8,2218,1,1,1,1,0,1,0
febrl2,0.8,2325,1,1,1,1,0,1,0
febrl2,0.8,3894,1,1,1,1,0,1,0
febrl2,0.8,836,1,1,1,1,0,1,0
febrl2,0.8,1173,1,1,1,1,0,1,0
febrl2,0.8,2405,1,1,1,1,0,1,0
febrl2,0.8,2371,1,1,1,1,0,1,0
febrl2,0.8,3644,1,1,1,1,0,1,0
febrl2,0.8,3182,1,1,1,1,0,1,0
febrl2,0.8,2898,1,1,1,1,0,1,0
febrl2,0.8,788,1,1,1,1,0,1,0
febrl2,0.8,1780,1,1,1,1,0,1,0
febrl2,0.8,2692,1,1,1,1,0,1,0
febrl2,0.8,3958,1,1,1,1,0,1,0
febrl2,0.8,2111,1,1,1,1,0,1,0
febrl2,0.8,1737,1,1,1,1,0,1,0
febrl2,0.8,860,1,1,1,1,0,1,0
febrl2,0.8,2700,1,1,1,1,0,1,0
febrl2,0.8,3801,1,1,1,1,0,1,0
febrl2,0.8,974,1,1,1,1,0,1,0
febrl2,0.8,2147,1,1,1,1,0,1,0
febrl2,0.8,1208,1,1,1,1,0,1,0
febrl2,0.8,2897,1,1,1,1,0,1,0
febrl2,0.8,621,1,1,1,1,0,1,0
febrl2,0.8,377,1,1,1,1,0,1,0
febrl2,0.8,2588,1,1,1,1,0,1,0
febrl2,0.8,3874,1,1,1,1,0,1,0
febrl2,0.8,1551,1,1,1,1,0,1,0
febrl2,0.8,709,1,1,1,1,0,1,0
febrl2,0.8,888,1,1,1,1,0,1,0
febrl2,0.8,3047,1,1,1,1,0,1,0
febrl2,0.8,3198,1,1,1,1,0,1,0
febrl2,0.8,1176,1,1,1,1,0,1,0
febrl2,0.8,410,1,1,1,1,0,1,0
febrl2,0.8,216,1,1,1,1,0,1,0
febrl2,0.8,1174,1,1,1,1,0,1,0
febrl2,0.8,137,1,1,1,1,0,1,0
febrl2,0.8,1875,1,1,1,1,0,1,0
febrl2,0.8,1864,1,1,1,1,0,1,0
febrl2,0.8,2690,1,1,1,1,0,1,0
febrl2,0.8,3557,1,1,1,1,0,1,0
febrl2,0.8,3740,1,1,1,1,0,1,0
febrl2,0.8,49,1,1,1,1,0,1,0
febrl2,0.8,2207,1,1,1,1,0,1,0
febrl2,0.8,716,1,1,1,1,0,1,0
febrl2,0.8,2487,1,1,1,1,0,1,0
febrl2,0.8,1107,1,1,1,1,0,1,0
febrl2,0.8,3049,1,1,1,1,0,1,0
febrl2,0.8,562,1,1,1,1,0,1,0
febrl2,0.8,3136,1,1,1,1,0,1,0
febrl2,0.8,559,1,1,1,1,0,1,0
febrl2,0.8,245,1,1,1,1,0,1,0
febrl2,0.8,162,1,1,1,1,0,1,0
febrl2,0.8,1115,1,1,1,1,0,1,0
febrl2,0.8,911,1,1,1,1,0,1,0
febrl2,0.8,382,1,1,2,1,1,2,1
febrl2,0.8,1182,1,1,1,1,0,1,0
febrl2,0.8,439,1,1,1,1,0,1,0
febrl2,0.8,1361,1,1,1,1,0,1,0
febrl2,0.8,778,1,1,1,1,0,1,0
febrl2,0.8,34,1,1,1,1,0,1,0
febrl2,0.8,2861,1,1,1,1,0,1,0
febrl2,0.8,318,1,1,1,1,0,1,0
febrl2,0.8,3744,1,1,1,1,0,1,0
febrl2,0.8,1570,1,1,1,1,0,1,0
febrl2,0.8,2656,1,1,1,1,0,1,0
febrl2,0.8,3477,1,1,1,1,0,1,0
febrl2,0.8,966,1,1,1,1,0,1,0
febrl2,0.8,1210,1,1,1,1,0,1,0
febrl2,0.8,2146,1,1,1,1,0,1,0
febrl2,0.8,603,1,1,1,1,0,1,0
febrl2,0.8,750,1,1,1,1,0,1,0
febrl2,0.8,1788,1,1,1,1,0,1,0
febrl2,0.8,3112,1,1,1,1,0,1,0
febrl2,0.8,3955,1,1,1,1,0,1,0
febrl2,0.8,491,1,1,1,1,0,1,0
febrl2,0.8,30,1,1,1,1,0,1,0
febrl2,0.8,3165,1,1,1,1,0,1,0
febrl2,0.8,1834,1,1,1,1,0,1,0
febrl2,0.8,405,1,1,1,1,0,1,0
febrl2,0.8,2550,1,1,1,1,0,1,0
febrl2,0.8,700,1,1,1,1,0,1,0
febrl2,0.8,468,1,1,1,1,0,1,0
febrl2,0.8,1924,1,1,1,1,0,1,0
febrl2,0.8,520,1,1,1,1,0,1,0
febrl2,0.8,3264,1,1,1,1,0,1,0
febrl2,0.8,673,1,1,1,1,0,1,0
febrl2,0.8,2838,1,1,1,1,0,1,0
febrl2,0.8,1350,1,1,1,1,0,1,0
febrl2,0.8,2737,1,1,1,1,0,1,0
febrl2,0.8,263,1,1,1,1,0,1,0
febrl2,0.8,3024,1,1,1,1,0,1,0
febrl2,0.8,3979,1,1,1,1,0,1,0
febrl2,0.8,2946,1,1,1,1,0,1,0
febrl2,0.8,1923,1,1,1,1,0,1,0
febrl2,0.8,1181,1,1,1,1,0,1,0
febrl2,0.8,1802,1,1,1,1,0,1,0
febrl2,0.8,1741,1,1,1,1,0,1,0
febrl2,0.8,202,1,1,1,1,0,1,0
febrl2,0.8,3016,1,1,1,1,0,1,0
febrl2,0.8,1031,1,1,1,1,0,1,0
febrl2,0.8,1526,1,1,1,1,0,1,0
febrl2,0.8,706,1,1,1,1,0,1,0
febrl2,0.8,154,1,1,1,1,0,1,0
febrl2,0.8,1405,1,1,1,1,0,1,0
febrl2,0.8,3179,1,1,1,1,0,1,0
febrl2,0.8,296,1,1,1,1,0,1,0
febrl2,0.8,312,1,1,1,1,0,1,0
febrl2,0.8,1121,1,1,1,1,0,1,0
febrl2,0.8,1952,1,1,1,1,0,1,0
febrl2,0.8,812,1,1,1,1,0,1,0
febrl2,0.8,2079,1,1,1,1,0,1,0
febrl2,0.8,1927,1,1,1,1,0,1,0
febrl2,0.8,650,1,1,1,1,0,1,0
febrl2,0.8,2231,1,1,1,1,0,1,0
febrl2,0.8,379,1,1,1,1,0,1,0
febrl2,0.8,3617,1,1,1,1,0,1,0
febrl2,0.8,1820,1,1,1,1,0,1,0
febrl2,0.8,1292,1,1,1,1,0,1,0
febrl2,0.8,2730,1,1,1,1,0,1,0
febrl2,0.8,214,1,1,1,1,0,1,0
febrl2,0.8,3161,1,1,1,1,0,1,0
febrl2,0.8,2826,1,1,1,1,0,1,0
febrl2,0.8,1911,1,1,1,1,0,1,0
febrl2,0.8,1853,1,1,1,1,0,1,0
febrl2,0.8,2533,1,1,1,1,0,1,0
febrl2,0.8,870,1,1,1,1,0,1,0
febrl2,0.8,3071,1,1,1,1,0,1,0
febrl2,0.8,2911,1,1,1,1,0,1,0
febrl2,0.8,2397,1,1,1,1,0,1,0
febrl2,0.8,1280,1,1,1,1,0,1,0
febrl2,0.8,1203,1,1,1,1,0,1,0
febrl2,0.8,2450,1,1,1,1,0,1,0
febrl2,0.8,2587,1,1,1,1,0,1,0
febrl2,0.8,3091,1,1,1,1,0,1,0
febrl2,0.8,2438,1,1,1,1,0,1,0
febrl2,0.8,648,1,1,1,1,0,1,0
febrl2,0.8,1928,1,1,1,1,0,1,0
febrl2,0.8,754,1,1,1,1,0,1,0
febrl2,0.8,2524,1,1,1,1,0,1,0
febrl2,0.8,3265,1,1,1,1,0,1,0
febrl2,0.8,2577,1,1,1,1,0,1,0
febrl2,0.8,1414,1,1,1,1,0,1,0
febrl2,0.8,270,1,1,1,1,0,1,0
febrl2,0.8,2866,1,1,1,1,0,1,0
febrl2,0.8,361,1,1,1,1,0,1,0
febrl2,0.8,2049,1,1,1,1,0,1,0
febrl2,0.8,2095,1,1,1,1,0,1,0
febrl2,0.8,3577,1,1,1,1,0,1,0
febrl2,0.8,2124,1,1,1,1,0,1,0
febrl2,0.8,437,1,1,1,1,0,1,0
febrl2,0.8,383,1,1,1,1,0,1,0
febrl2,0.8,2115,1,1,1,1,0,1,0
febrl2,0.8,3724,1,1,1,1,0,1,0
febrl2,0.8,1035,3,1,3,1,0,1,0
febrl2,0.8,1360,1,1,1,1,0,1,0
febrl2,0.8,3012,1,1,1,1,0,1,0
febrl2,0.8,293,1,1,1,1,0,1,0
febrl2,0.8,614,1,1,1,1,0,1,0
febrl2,0.8,1709,1,1,1,1,0,1,0
febrl2,0.8,2257,1,1,1,1,0,1,0
febrl2,0.8,1260,1,1,1,1,0,1,0
febrl2,0.8,2412,1,1,1,1,0,1,0
febrl2,0.8,3944,1,1,1,1,0,1,0
febrl2,0.8,2561,1,1,1,1,0,1,0
febrl2,0.8,2864,1,1,1,1,0,1,0
febrl2,0.8,2380,1,1,1,1,0,1,0
febrl2,0.8,206,1,1,1,1,0,1,0
febrl2,0.8,467,1,1,1,1,0,1,0
febrl2,0.8,3538,1,1,1,1,0,1,0
febrl2,0.8,1134,1,1,1,1,0,1,0
febrl2,0.8,1225,1,1,1,1,0,1,0
febrl2,0.8,2441,1,1,1,1,0,1,0
febrl2,0.8,1689,1,1,1,1,0,1,0
febrl2,0.8,851,1,1,1,1,0,1,0
febrl2,0.8,3463,1,1,1,1,0,1,0
febrl2,0.8,1643,1,1,1,1,0,1,0
febrl2,0.8,53,1,1,1,1,0,1,0
febrl2,0.8,1110,1,1,1,1,0,1,0
febrl2,0.8,1165,1,1,1,1,0,1,0
febrl2,0.8,212,1,1,1,1,0,1,0
febrl2,0.8,1793,1,1,1,1,0,1,0
febrl2,0.8,1798,1,1,1,1,0,1,0
febrl2,0.8,3549,1,1,1,1,0,1,0
febrl2,0.8,2819,1,1,1,1,0,1,0
febrl2,0.8,471,1,1,1,1,0,1,0
febrl2,0.8,2189,1,1,1,1,0,1,0
febrl2,0.8,2702,1,1,1,1,0,1,0
febrl2,0.8,927,1,1,1,1,0,1,0
febrl2,0.8,2304,1,1,1,1,0,1,0
febrl2,0.8,3206,1,1,1,1,0,1,0
febrl2,0.8,2726,1,1,1,1,0,1,0
febrl2,0.8,2634,1,1,1,1,0,1,0
febrl2,0.8,19,1,1,1,1,0,1,0
febrl2,0.8,2037,1,1,1,1,0,1,0
febrl2,0.8,122,1,1,1,1,0,1,0
febrl2,0.8,1813,1,1,1,1,0,1,0
febrl2,0.8,2915,2,1,2,1,0,1,0
febrl2,0.8,529,1,1,1,1,0,1,0
febrl2,0.8,1954,1,1,1,1,0,1,0
febrl2,0.8,2094,1,1,1,1,0,1,0
febrl2,0.8,1664,1,1,1,1,0,1,0
febrl2,0.8,3490,1,1,1,1,0,1,0
febrl2,0.8,678,2,1,2,1,0,1,0
febrl2,0.8,2975,1,1,1,1,0,1,0
febrl2,0.8,197,1,1,1,1,0,1,0
febrl2,0.8,264,1,1,1,1,0,1,0
febrl2,0.8,3454,1,1,1,1,0,1,0
febrl2,0.8,3518,1,1,1,1,0,1,0
febrl2,0.8,679,1,1,1,1,0,1,0
febrl2,0.8,1483,1,1,1,1,0,1,0
febrl2,0.8,1779,1,1,1,1,0,1,0
febrl2,0.8,530,1,1,1,1,0,1,0
febrl2,0.8,3869,1,1,1,1,0,1,0
febrl2,0.8,168,1,1,1,1,0,1,0
febrl2,0.8,784,1,1,1,1,0,1,0
febrl2,0.8,1538,1,1,1,1,0,1,0
febrl2,0.8,108,1,1,1,1,0,1,0
febrl2,0.8,1402,1,1,1,1,0,1,0
febrl2,0.8,2223,1,1,1,1,0,1,0
febrl2,0.8,2387,1,1,1,1,0,1,0
febrl2,0.8,1674,1,1,1,1,0,1,0
febrl2,0.8,125,1,1,1,1,0,1,0
febrl2,0.8,827,1,1,1,1,0,1,0
febrl2,0.8,3493,1,1,1,1,0,1,0
febrl2,0.8,2684,1,1,1,1,0,1,0
febrl2,0.8,2396,1,1,1,1,0,1,0
febrl2,0.8,958,1,1,1,1,0,1,0
febrl2,0.8,121,1,1,1,1,0,1,0
febrl2,0.8,3809,1,1,1,1,0,1,0
febrl2,0.8,2870,1,1,1,1,0,1,0
febrl2,0.8,2338,1,1,1,1,0,1,0
febrl2,0.8,1218,1,1,1,1,0,1,0
febrl2,0.8,1518,1,1,1,1,0,1,0
febrl2,0.8,3078,1,1,1,1,0,1,0
febrl2,0.8,3030,1,1,1,1,0,1,0
febrl2,0.8,3289,1,1,1,1,0,1,0
febrl2,0.8,257,1,1,1,1,0,1,0
febrl2,0.8,3351,1,1,1,1,0,1,0
febrl2,0.8,205,1,1,1,1,0,1,0
febrl2,0.8,461,1,1,1,1,0,1,0
febrl2,0.8,1896,1,1,1,1,0,1,0
febrl2,0.8,1922,1,1,1,1,0,1,0
febrl2,0.8,2706,1,1,1,1,0,1,0
febrl2,0.8,193,1,1,1,1,0,1,0
febrl2,0.8,1713,1,1,1,1,0,1,0
febrl2,0.8,2352,1,1,1,1,0,1,0
febrl2,0.8,3055,1,1,1,1,0,1,0
febrl2,0.8,2521,1,1,1,1,0,1,0
febrl2,0.8,3378,1,1,1,1,0,1,0
febrl2,0.8,1787,1,1,1,1,0,1,0
febrl2,0.8,3250,1,1,1,1,0,1,0
febrl2,0.8,2057,1,1,1,1,0,1,0
febrl2,0.8,1739,1,1,1,1,0,1,0
febrl2,0.8,2288,1,1,1,1,0,1,0
febrl2,0.8,965,1,1,1,1,0,1,0
febrl2,0.8,2,1,1,1,1,0,1,0
febrl2,0.8,3220,1,1,1,1,0,1,0
febrl2,0.8,3737,1,1,1,1,0,1,0
febrl2,0.8,3669,1,1,1,1,0,1,0
febrl2,0.8,3350,1,1,1,1,0,1,0
febrl2,0.8,2947,1,1,1,1,0,1,0
febrl2,0.8,3010,1,1,1,1,0,1,0
febrl2,0.8,1296,1,1,1,1,0,1,0
febrl2,0.8,52,1,1,1,1,0,1,0
febrl2,0.8,3535,1,1,1,1,0,1,0
febrl2,0.8,2193,1,1,1,1,0,1,0
febrl2,0.8,1715,1,1,1,1,0,1,0
febrl2,0.8,85,1,1,1,1,0,1,0
febrl2,0.8,1532,1,1,1,1,0,1,0
febrl2,0.8,1250,2,1,2,1,0,1,0
febrl2,0.8,853,1,1,1,1,0,1,0
febrl2,0.8,1345,1,1,1,1,0,1,0
febrl2,0.8,2841,1,1,1,1,0,1,0
febrl2,0.8,3186,1,1,1,1,0,1,0
febrl2,0.8,2187,1,1,1,1,0,1,0
febrl2,0.8,3502,1,1,1,1,0,1,0
febrl2,0.8,3975,1,1,1,1,0,1,0
febrl2,0.8,9,1,1,1,1,0,1,0
febrl2,0.8,2243,1,1,1,1,0,1,0
febrl2,0.8,3712,1,1,1,1,0,1,0
febrl2,0.8,308,1,1,1,1,0,1,0
febrl2,0.8,963,1,1,1,1,0,1,0
febrl2,0.8,1851,1,1,1,1,0,1,0
febrl2,0.8,642,1,1,1,1,0,1,0
febrl2,0.8,3676,1,1,1,1,0,1,0
febrl2,0.8,2509,1,1,1,1,0,1,0
febrl2,0.8,1054,1,1,1,1,0,1,0
febrl2,0.8,2759,1,1,1,1,0,1,0
febrl2,0.8,2091,1,1,1,1,0,1,0
febrl2,0.8,1933,1,1,1,1,0,1,0
febrl2,0.8,2492,1,1,1,1,0,1,0
febrl2,0.8,1253,1,1,1,1,0,1,0
febrl2,0.8,2422,1,1,1,1,0,1,0
febrl2,0.8,2472,1,1,1,1,0,1,0
febrl2,0.8,3240,1,1,1,1,0,1,0
febrl2,0.8,2917,1,1,1,1,0,1,0
febrl2,0.8,498,1,1,1,1,0,1,0
febrl2,0.8,427,1,1,1,1,0,1,0
febrl2,0.8,1105,1,1,1,1,0,1,0
febrl2,0.8,3315,1,1,1,1,0,1,0
febrl2,0.8,1498,1,1,1,1,0,1,0
febrl2,0.8,2614,1,1,1,1,0,1,0
febrl2,0.8,3714,1,1,1,1,0,1,0
febrl2,0.8,277,1,1,1,1,0,1,0
febrl2,0.8,2102,1,1,1,1,0,1,0
febrl2,0.8,1449,1,1,1,1,0,1,0
febrl2,0.8,3153,1,1,1,1,0,1,0
febrl2,0.8,2913,1,1,1,1,0,1,0
febrl2,0.8,1910,1,1,1,1,0,1,0
febrl2,0.8,1283,1,1,1,1,0,1,0
febrl2,0.8,87,1,1,1,1,0,1,0
febrl2,0.8,3930,1,1,1,1,0,1,0
febrl2,0.8,1004,1,1,1,1,0,1,0
febrl2,0.8,2362,1,1,1,1,0,1,0
febrl2,0.8,2012,1,1,1,1,0,1,0
febrl2,0.8,2764,1,1,1,1,0,1,0
febrl2,0.8,2836,1,1,1,1,0,1,0
febrl2,0.8,1112,1,1,1,1,0,1,0
febrl2,0.8,2504,1,1,1,1,0,1,0
febrl2,0.8,3536,1,1,1,1,0,1,0
febrl2,0.8,2944,1,1,1,1,0,1,0
febrl2,0.8,1504,1,1,1,1,0,1,0
febrl2,0.8,3781,1,1,1,1,0,1,0
febrl2,0.8,792,1,1,1,1,0,1,0
febrl2,0.8,3667,1,1,1,1,0,1,0
febrl2,0.8,2685,1,1,1,1,0,1,0
febrl2,0.8,1180,1,1,1,1,0,1,0
febrl2,0.8,1828,1,1,1,1,0,1,0
febrl2,0.8,1906,1,1,1,1,0,1,0
febrl2,0.8,817,1,1,1,1,0,1,0
febrl2,0.8,3095,1,1,1,1,0,1,0
febrl2,0.8,1231,1,1,1,1,0,1,0
febrl2,0.8,3586,1,1,1,1,0,1,0
febrl2,0.8,1196,1,1,1,1,0,1,0
febrl2,0.8,1329,1,1,1,1,0,1,0
febrl2,0.8,806,1,1,1,1,0,1,0
febrl2,0.8,1041,1,1,1,1,0,1,0
febrl2,0.8,1427,1,1,1,1,0,1,0
febrl2,0.8,435,1,1,1,1,0,1,0
febrl2,0.8,177,1,1,1,1,0,1,0
febrl2,0.8,1705,1,1,1,1,0,1,0
febrl2,0.8,1451,1,1,1,1,0,1,0
febrl2,0.8,3581,1,1,1,1,0,1,0
febrl2,0.8,3794,1,1,1,1,0,1,0
febrl2,0.8,2699,1,1,1,1,0,1,0
febrl2,0.8,3863,1,1,1,1,0,1,0
febrl2,0.8,3233,1,1,1,1,0,1,0
febrl2,0.8,867,1,1,1,1,0,1,0
febrl2,0.8,1566,1,1,1,1,0,1,0
febrl2,0.8,2462,1,1,1,1,0,1,0
febrl2,0.8,474,1,1,1,1,0,1,0
febrl2,0.8,2008,1,1,1,1,0,1,0
febrl2,0.8,3746,1,1,1,1,0,1,0
febrl2,0.8,2990,1,1,1,1,0,1,0
febrl2,0.8,510,1,1,1,1,0,1,0
febrl2,0.8,2357,1,1,1,1,0,1,0
febrl2,0.8,1558,1,1,1,1,0,1,0
febrl2,0.8,1590,1,1,1,1,0,1,0
febrl2,0.8,656,1,1,1,1,0,1,0
febrl2,0.8,3735,1,1,1,1,0,1,0
febrl2,0.8,1751,1,1,1,1,0,1,0
febrl2,0.8,3,1,1,1,1,0,1,0
febrl2,0.8,3963,1,1,1,1,0,1,0
febrl2,0.8,3058,1,1,1,1,0,1,0
febrl2,0.8,1686,1,1,1,1,0,1,0
febrl2,0.8,1320,1,1,1,1,0,1,0
febrl2,0.8,1285,1,1,1,1,0,1,0
febrl2,0.8,1317,1,1,1,1,0,1,0
febrl2,0.8,3195,1,1,1,1,0,1,0
febrl2,0.8,1840,1,1,1,1,0,1,0
febrl2,0.8,3135,1,1,1,1,0,1,0
febrl2,0.8,940,1,1,1,1,0,1,0
febrl2,0.8,2615,1,1,1,1,0,1,0
febrl2,0.8,1084,1,1,1,1,0,1,0
febrl2,0.8,3268,1,1,1,1,0,1,0
febrl2,0.8,3798,1,1,1,1,0,1,0
febrl2,0.8,3003,1,1,1,1,0,1,0
febrl2,0.8,1732,1,1,1,1,0,1,0
febrl2,0.8,2631,1,1,1,1,0,1,0
febrl2,0.8,2606,1,1,1,1,0,1,0
febrl2,0.8,3690,1,1,1,1,0,1,0
febrl2,0.8,2454,1,1,1,1,0,1,0
febrl2,0.8,3399,1,1,1,1,0,1,0
febrl2,0.8,2537,1,1,1,1,0,1,0
febrl2,0.8,2114,1,1,1,1,0,1,0
febrl2,0.8,139,1,1,1,1,0,1,0
febrl2,0.8,3570,1,1,1,1,0,1,0
febrl2,0.8,2186,1,1,1,1,0,1,0
febrl2,0.8,2198,1,1,1,1,0,1,0
febrl2,0.8,3421,1,1,1,1,0,1,0
febrl2,0.8,2850,1,1,1,1,0,1,0
febrl2,0.8,631,1,1,1,1,0,1,0
febrl2,0.8,1103,1,1,1,1,0,1,0
febrl2,0.8,3670,1,1,1,1,0,1,0
febrl2,0.8,3966,1,1,1,1,0,1,0
febrl2,0.8,502,1,1,1,1,0,1,0
febrl2,0.8,2148,1,1,1,1,0,1,0
febrl2,0.8,3556,1,1,1,1,0,1,0
febrl2,0.8,2717,1,1,1,1,0,1,0
febrl2,0.8,932,1,1,1,1,0,1,0
febrl2,0.8,2900,1,1,1,1,0,1,0
febrl2,0.8,2394,1,1,1,1,0,1,0
febrl2,0.8,1947,1,1,1,1,0,1,0
febrl2,0.8,3634,1,1,1,1,0,1,0
febrl2,0.8,1999,1,1,1,1,0,1,0
febrl2,0.8,3913,1,1,1,1,0,1,0
febrl2,0.8,1818,1,1,1,1,0,1,0
febrl2,0.8,3918,1,1,1,1,0,1,0
febrl2,0.8,3124,1,1,1,1,0,1,0
febrl2,0.8,1205,1,1,1,1,0,1,0
febrl2,0.8,2703,1,1,1,1,0,1,0
febrl2,0.8,577,1,1,1,1,0,1,0
febrl2,0.8,1950,1,1,1,1,0,1,0
febrl2,0.8,1817,1,1,1,1,0,1,0
febrl2,0.8,2664,1,1,1,1,0,1,0
febrl2,0.8,2637,1,1,1,1,0,1,0
febrl2,0.8,3685,1,1,1,1,0,1,0
febrl2,0.8,2774,1,1,1,1,0,1,0
febrl2,0.8,2503,1,1,1,1,0,1,0
febrl2,0.8,1089,1,1,1,1,0,1,0
febrl2,0.8,1226,1,1,1,1,0,1,0
febrl2,0.8,180,1,1,1,1,0,1,0
febrl2,0.8,565,1,1,1,1,0,1,0
febrl2,0.8,1131,1,1,1,1,0,1,0
febrl2,0.8,1169,1,1,1,1,0,1,0
febrl2,0.8,244,1,1,1,1,0,1,0
febrl2,0.8,1836,1,1,1,1,0,1,0
febrl2,0.8,1088,1,1,1,1,0,1,0
febrl2,0.8,3904,1,1,1,1,0,1,0
febrl2,0.8,3162,1,1,1,1,0,1,0
febrl2,0.8,319,1,1,1,1,0,1,0
febrl2,0.8,144,1,1,1,1,0,1,0
febrl2,0.8,1348,1,1,1,1,0,1,0
febrl2,0.8,3764,1,1,1,1,0,1,0
febrl2,0.8,272,1,1,1,1,0,1,0
febrl2,0.8,1533,1,1,1,1,0,1,0
febrl2,0.8,2712,1,1,1,1,0,1,0
febrl2,0.8,3375,1,1,1,1,0,1,0
febrl2,0.8,3476,1,1,1,1,0,1,0
febrl2,0.8,2797,1,1,1,1,0,1,0
febrl2,0.8,526,2,1,2,1,0,1,0
febrl2,0.8,2486,1,1,1,1,0,1,0
febrl2,0.8,1690,1,1,1,1,0,1,0
febrl2,0.8,1396,1,1,1,1,0,1,0
febrl2,0.8,1199,1,1,1,1,0,1,0
febrl2,0.8,2179,1,1,1,1,0,1,0
febrl2,0.8,1881,1,1,1,1,0,1,0
febrl2,0.8,1939,1,1,1,1,0,1,0
febrl2,0.8,39,1,1,1,1,0,1,0
febrl2,0.8,111,1,1,1,1,0,1,0
febrl2,0.8,1839,1,1,1,1,0,1,0
febrl2,0.8,3651,1,1,1,1,0,1,0
febrl2,0.8,3180,1,1,1,1,0,1,0
febrl2,0.8,3107,1,1,1,1,0,1,0
febrl2,0.8,2197,1,1,1,1,0,1,0
febrl2,0.8,1140,1,1,1,1,0,1,0
febrl2,0.8,2005,1,1,1,1,0,1,0
febrl2,0.8,664,1,1,1,1,0,1,0
febrl2,0.8,2128,1,1,1,1,0,1,0
febrl2,0.8,3147,1,1,1,1,0,1,0
febrl2,0.8,295,1,1,1,1,0,1,0
febrl2,0.8,3887,1,1,1,1,0,1,0
febrl2,0.8,2118,1,1,1,1,0,1,0
febrl2,0.8,771,1,1,1,1,0,1,0
febrl2,0.8,711,1,1,1,1,0,1,0
febrl2,0.8,3757,1,1,1,1,0,1,0
febrl2,0.8,2576,1,1,1,1,0,1,0
febrl2,0.8,576,1,1,1,1,0,1,0
febrl2,0.8,671,1,1,1,1,0,1,0
febrl2,0.8,3814,1,1,1,1,0,1,0
febrl2,0.8,794,1,1,1,1,0,1,0
febrl2,0.8,93,1,1,1,1,0,1,0
febrl2,0.8,3745,1,1,1,1,0,1,0
febrl2,0.8,1376,1,1,1,1,0,1,0
febrl2,0.8,2665,1,1,1,1,0,1,0
febrl2,0.8,538,1,1,1,1,0,1,0
febrl2,0.8,884,1,1,1,1,0,1,0
febrl2,0.8,1940,1,1,1,1,0,1,0
febrl2,0.8,3611,1,1,1,1,0,1,0
febrl2,0.8,1506,1,1,1,1,0,1,0
febrl2,0.8,3560,1,1,1,1,0,1,0
febrl2,0.8,1789,1,1,1,1,0,1,0
febrl2,0.8,1267,1,1,1,1,0,1,0
febrl2,0.8,3800,1,1,1,1,0,1,0
febrl2,0.8,955,1,1,1,1,0,1,0
febrl2,0.8,1123,1,1,1,1,0,1,0
febrl2,0.8,3472,1,1,1,1,0,1,0
febrl2,0.8,426,1,1,1,1,0,1,0
febrl2,0.8,373,1,1,1,1,0,1,0
febrl2,0.8,3633,1,1,1,1,0,1,0
febrl2,0.8,149,1,1,1,1,0,1,0
febrl2,0.8,1001,1,1,1,1,0,1,0
febrl2,0.8,3278,1,1,1,1,0,1,0
febrl2,0.8,2914,1,1,1,1,0,1,0
febrl2,0.8,574,1,1,1,1,0,1,0
febrl2,0.8,2748,1,1,1,1,0,1,0
febrl2,0.8,365,1,1,1,1,0,1,0
febrl2,0.8,2182,1,1,1,1,0,1,0
febrl2,0.8,3133,1,1,1,1,0,1,0
febrl2,0.8,541,1,1,1,1,0,1,0
febrl2,0.8,301,1,1,1,1,0,1,0
febrl2,0.8,3935,1,1,1,1,0,1,0
febrl2,0.8,3341,1,1,1,1,0,1,0
febrl2,0.8,1612,1,1,1,1,0,1,0
febrl2,0.8,1241,1,1,1,1,0,1,0
febrl2,0.8,2446,1,1,1,1,0,1,0
febrl2,0.8,1008,1,1,1,1,0,1,0
febrl2,0.8,1657,1,1,1,1,0,1,0
febrl2,0.8,3715,1,1,1,1,0,1,0
febrl2,0.8,3480,1,1,1,1,0,1,0
febrl2,0.8,3306,1,1,1,1,0,1,0
febrl2,0.8,617,1,1,1,1,0,1,0
febrl2,0.8,2087,1,1,1,1,0,1,0
febrl2,0.8,3988,1,1,1,1,0,1,0
febrl2,0.8,2923,1,1,1,1,0,1,0
febrl2,0.8,2123,1,1,1,1,0,1,0
febrl2,0.8,284,1,1,1,1,0,1,0
febrl2,0.8,45,1,1,1,1,0,1,0
febrl2,0.8,1346,1,1,1,1,0,1,0
febrl2,0.8,1492,1,1,1,1,0,1,0
febrl2,0.8,142,1,1,1,1,0,1,0
febrl2,0.8,204,1,1,1,1,0,1,0
febrl2,0.8,176,1,1,1,1,0,1,0
febrl2,0.8,456,1,1,1,1,0,1,0
febrl2,0.8,919,1,1,1,1,0,1,0
febrl2,0.8,2871,1,1,1,1,0,1,0
febrl2,0.8,2592,1,1,1,1,0,1,0
febrl2,0.8,686,1,1,1,1,0,1,0
febrl2,0.8,2390,1,1,1,1,0,1,0
febrl2,0.8,3192,1,1,1,1,0,1,0
febrl2,0.8,3119,1,1,1,1,0,1,0
febrl2,0.8,1805,1,1,1,1,0,1,0
febrl2,0.8,1727,1,1,1,1,0,1,0
febrl2,0.8,3696,1,1,1,1,0,1,0
febrl2,0.8,2039,1,1,1,1,0,1,0
febrl2,0.8,3637,1,1,1,1,0,1,0
febrl2,0.8,3631,1,1,1,1,0,1,0
febrl2,0.8,2330,1,1,1,1,0,1,0
febrl2,0.8,1800,1,1,1,1,0,1,0
febrl2,0.8,2289,1,1,1,1,0,1,0
febrl2,0.8,1661,1,1,1,1,0,1,0
febrl2,0.8,3823,1,1,1,1,0,1,0
febrl2,0.8,3523,1,1,1,1,0,1,0
febrl2,0.8,573,1,1,1,1,0,1,0
febrl2,0.8,903,1,1,1,1,0,1,0
febrl2,0.8,696,1,1,1,1,0,1,0
febrl2,0.8,606,1,1,1,1,0,1,0
febrl2,0.8,1795,1,1,1,1,0,1,0
febrl2,0.8,1755,1,1,1,1,0,1,0
febrl2,0.8,1011,1,1,1,1,0,1,0
febrl2,0.8,1541,1,1,1,1,0,1,0
febrl2,0.8,1127,1,1,1,1,0,1,0
febrl2,0.8,509,1,1,1,1,0,1,0
febrl2,0.8,670,1,1,1,1,0,1,0
febrl2,0.8,3879,1,1,1,1,0,1,0
febrl2,0.8,3804,1,1,1,1,0,1,0
febrl2,0.8,366,1,1,1,1,0,1,0
febrl2,0.8,2084,1,1,1,1,0,1,0
febrl2,0.8,249,1,1,1,1,0,1,0
febrl2,0.8,1397,1,1,1,1,0,1,0
febrl2,0.8,3170,1,1,1,1,0,1,0
febrl2,0.8,2007,1,1,1,1,0,1,0
febrl2,0.8,2359,1,1,1,1,0,1,0
febrl2,0.8,991,1,1,1,1,0,1,0
febrl2,0.8,1484,1,1,1,1,0,1,0
febrl2,0.8,1043,1,1,1,1,0,1,0
febrl2,0.8,3020,1,1,1,1,0,1,0
febrl2,0.8,3008,1,1,1,1,0,1,0
febrl2,0.8,755,1,1,1,1,0,1,0
febrl2,0.8,2313,1,1,1,1,0,1,0
febrl2,0.8,2031,1,1,1,1,0,1,0
febrl2,0.8,3554,1,1,1,1,0,1,0
febrl2,0.8,3684,1,1,1,1,0,1,0
febrl2,0.8,1507,1,1,1,1,0,1,0
febrl2,0.8,3459,1,1,1,1,0,1,0
febrl2,0.8,67,1,1,1,1,0,1,0
febrl2,0.8,1734,1,1,1,1,0,1,0
febrl2,0.8,2831,1,1,1,1,0,1,0
febrl2,0.8,2327,1,1,1,1,0,1,0
febrl2,0.8,1678,1,1,1,1,0,1,0
febrl2,0.8,1092,1,1,1,1,0,1,0
febrl2,0.8,1444,1,1,1,1,0,1,0
febrl2,0.8,2551,1,1,1,1,0,1,0
febrl2,0.8,769,1,1,1,1,0,1,0
febrl2,0.8,452,1,1,1,1,0,1,0
febrl2,0.8,3585,1,1,1,1,0,1,0
febrl2,0.8,1991,1,1,1,1,0,1,0
febrl2,0.8,2569,1,1,1,1,0,1,0
febrl2,0.8,2661,1,1,1,1,0,1,0
febrl2,0.8,2133,1,1,1,1,0,1,0
febrl2,0.8,1111,1,1,1,1,0,1,0
febrl2,0.8,2073,1,1,1,1,0,1,0
febrl2,0.8,1627,1,1,1,1,0,1,0
febrl2,0.8,3771,1,1,1,1,0,1,0
febrl2,0.8,3468,1,1,1,1,0,1,0
febrl2,0.8,499,1,1,1,1,0,1,0
febrl2,0.8,994,1,1,1,1,0,1,0
febrl2,0.8,1369,1,1,1,1,0,1,0
febrl2,0.8,3647,1,1,1,1,0,1,0
febrl2,0.8,3697,1,1,1,1,0,1,0
febrl2,0.8,3671,1,1,1,1,0,1,0
febrl2,0.8,746,1,1,1,1,0,1,0
febrl2,0.8,3061,1,1,1,1,0,1,0
febrl2,0.8,3521,1,1,1,1,0,1,0
febrl2,0.8,396,1,1,1,1,0,1,0
febrl2,0.8,2096,1,1,1,1,0,1,0
febrl2,0.8,1183,1,1,1,1,0,1,0
febrl2,0.8,841,1,1,1,1,0,1,0
febrl2,0.8,2424,1,1,1,1,0,1,0
febrl2,0.8,3352,1,1,1,1,0,1,0
febrl2,0.8,2762,1,1,1,1,0,1,0
febrl2,0.8,1810,1,1,1,1,0,1,0
febrl2,0.8,2877,1,1,1,1,0,1,0
febrl2,0.8,668,1,1,1,1,0,1,0
febrl2,0.8,2525,1,1,1,1,0,1,0
febrl2,0.8,3434,1,1,1,1,0,1,0
febrl2,0.8,2255,1,1,1,1,0,1,0
febrl2,0.8,506,1,1,1,1,0,1,0
febrl2,0.8,1371,1,1,1,1,0,1,0
febrl2,0.8,3847,1,1,1,1,0,1,0
febrl2,0.8,2373,1,1,1,1,0,1,0
febrl2,0.8,518,1,1,1,1,0,1,0
febrl2,0.8,3674,1,1,1,1,0,1,0
febrl2,0.8,2228,1,1,1,1,0,1,0
febrl2,0.8,304,1,1,1,1,0,1,0
febrl2,0.8,2003,1,1,1,1,0,1,0
febrl2,0.8,1249,1,1,1,1,0,1,0
febrl2,0.8,3603,1,1,1,1,0,1,0
febrl2,0.8,3901,1,1,1,1,0,1,0
febrl2,0.8,1537,1,1,1,1,0,1,0
febrl2,0.8,1027,1,1,1,1,0,1,0
febrl2,0.8,2541,1,1,1,1,0,1,0
febrl2,0.8,539,1,1,1,1,0,1,0
febrl2,0.8,1604,1,1,1,1,0,1,0
febrl2,0.8,208,1,1,1,1,0,1,0
febrl2,0.8,3261,1,1,1,1,0,1,0
febrl2,0.8,3508,1,1,1,1,0,1,0
febrl2,0.8,341,1,1,1,1,0,1,0
febrl2,0.8,2896,1,1,1,1,0,1,0
febrl2,0.8,3896,1,1,1,1,0,1,0
febrl2,0.8,1646,1,1,1,1,0,1,0
febrl2,0.8,3503,1,1,1,1,0,1,0
febrl2,0.8,3695,1,1,1,1,0,1,0
febrl2,0.8,200,1,1,1,1,0,1,0
febrl2,0.8,1248,1,1,1,1,0,1,0
febrl2,0.8,3402,1,1,1,1,0,1,0
febrl2,0.8,3188,1,1,1,1,0,1,0
febrl2,0.8,1833,1,1,1,1,0,1,0
febrl2,0.8,3292,1,1,1,1,0,1,0
febrl2,0.8,3723,1,1,1,1,0,1,0
febrl2,0.8,1106,1,1,1,1,0,1,0
febrl2,0.8,490,1,1,1,1,0,1,0
febrl2,0.8,545,1,1,1,1,0,1,0
febrl2,0.8,3036,1,1,1,1,0,1,0
febrl2,0.8,971,1,1,1,1,0,1,0
febrl2,0.8,1119,1,1,1,1,0,1,0
febrl2,0.8,2933,1,1,1,1,0,1,0
febrl2,0.8,854,1,1,1,1,0,1,0
febrl2,0.8,1639,1,1,1,1,0,1,0
febrl2,0.8,1299,1,1,1,1,0,1,0
febrl2,0.8,1697,1,1,1,1,0,1,0
febrl2,0.8,395,1,1,1,1,0,1,0
febrl2,0.8,407,1,1,1,1,0,1,0
febrl2,0.8,3249,1,1,1,1,0,1,0
febrl2,0.8,2869,1,1,1,1,0,1,0
febrl2,0.8,3892,1,1,1,1,0,1,0
febrl2,0.8,283,1,1,1,1,0,1,0
febrl2,0.8,635,1,1,1,1,0,1,0
febrl2,0.8,3355,1,1,1,1,0,1,0
febrl2,0.8,719,1,1,1,1,0,1,0
febrl2,0.8,1868,1,1,1,1,0,1,0
febrl2,0.8,1680,1,1,1,1,0,1,0
febrl2,0.8,3756,1,1,1,1,0,1,0
febrl2,0.8,2282,1,1,1,1,0,1,0
febrl2,0.8,3496,1,1,1,1,0,1,0
febrl2,0.8,3152,1,1,1,1,0,1,0
febrl2,0.8,388,1,1,1,1,0,1,0
febrl2,0.8,1770,1,1,1,1,0,1,0
febrl2,0.8,1696,1,1,1,1,0,1,0
febrl2,0.8,2210,1,1,1,1,0,1,0
febrl2,0.8,3836,1,1,1,1,0,1,0
febrl2,0.8,972,1,1,1,1,0,1,0
febrl2,0.8,715,1,1,1,1,0,1,0
febrl2,0.8,2333,1,1,1,1,0,1,0
febrl2,0.8,2017,1,1,1,1,0,1,0
febrl2,0.8,473,1,1,1,1,0,1,0
febrl2,0.8,1642,1,1,1,1,0,1,0
febrl2,0.8,1876,1,1,1,1,0,1,0
febrl2,0.8,2942,1,1,1,1,0,1,0
febrl2,0.8,440,1,1,1,1,0,1,0
febrl2,0.8,1958,1,1,1,1,0,1,0
febrl2,0.8,306,1,1,1,1,0,1,0
febrl2,0.8,1773,1,1,1,1,0,1,0
febrl2,0.8,2062,1,1,1,1,0,1,0
febrl2,0.8,1482,1,1,1,1,0,1,0
febrl2,0.8,3990,1,1,1,1,0,1,0
febrl2,0.8,3983,1,1,1,1,0,1,0
febrl2,0.8,2574,1,1,1,1,0,1,0
febrl2,0.8,43,1,1,1,1,0,1,0
febrl2,0.8,3215,1,1,1,1,0,1,0
febrl2,0.8,3909,1,1,1,1,0,1,0
febrl2,0.8,2150,1,1,1,1,0,1,0
febrl2,0.8,330,1,1,1,1,0,1,0
febrl2,0.8,2705,1,1,1,1,0,1,0
febrl2,0.8,2518,1,1,1,1,0,1,0
febrl2,0.8,376,1,1,1,1,0,1,0
febrl2,0.8,2724,1,1,1,1,0,1,0
febrl2,0.8,1217,1,1,1,1,0,1,0
febrl2,0.8,964,1,1,1,1,0,1,0
febrl2,0.8,2513,1,1,1,1,0,1,0
febrl2,0.8,1072,1,1,1,1,0,1,0
febrl2,0.8,331,1,1,1,1,0,1,0
febrl2,0.8,3713,1,1,1,1,0,1,0
febrl2,0.8,990,1,1,1,1,0,1,0
febrl2,0.8,1926,1,1,1,1,0,1,0
febrl2,0.8,1048,1,1,1,1,0,1,0
febrl2,0.8,608,1,1,1,1,0,1,0
febrl2,0.8,1146,1,1,1,1,0,1,0
febrl2,0.8,3218,1,1,1,1,0,1,0
febrl2,0.8,3846,1,1,1,1,0,1,0
febrl2,0.8,3311,1,1,1,1,0,1,0
febrl2,0.8,316,1,1,1,1,0,1,0
febrl2,0.8,1287,1,1,1,1,0,1,0
febrl2,0.8,342,1,1,1,1,0,1,0
febrl2,0.8,1858,1,1,1,1,0,1,0
febrl2,0.8,661,1,1,1,1,0,1,0
febrl2,0.8,890,1,1,1,1,0,1,0
febrl2,0.8,2334,1,1,1,1,0,1,0
febrl2,0.8,1871,1,1,1,1,0,1,0
febrl2,0.8,3260,1,1,1,1,0,1,0
febrl2,0.8,74,1,1,1,1,0,1,0
febrl2,0.8,1036,1,1,1,1,0,1,0
febrl2,0.8,2941,1,1,1,1,0,1,0
febrl2,0.8,3455,1,1,1,1,0,1,0
febrl2,0.8,2009,1,1,1,1,0,1,0
febrl2,0.8,75,1,1,1,1,0,1,0
febrl2,0.8,1559,1,1,1,1,0,1,0
febrl2,0.8,3102,1,1,1,1,0,1,0
febrl2,0.8,2840,1,1,1,1,0,1,0
febrl2,0.8,2734,1,1,1,1,0,1,0
febrl2,0.8,908,1,1,1,1,0,1,0
febrl2,0.8,2350,1,1,1,1,0,1,0
febrl2,0.8,3650,1,1,1,1,0,1,0
febrl2,0.8,1278,1,1,1,1,0,1,0
febrl2,0.8,724,1,1,1,1,0,1,0
febrl2,0.8,3120,1,1,1,1,0,1,0
febrl2,0.8,881,1,1,1,1,0,1,0
febrl2,0.8,2303,1,1,1,1,0,1,0
febrl2,0.8,1772,1,1,1,1,0,1,0
febrl2,0.8,3587,1,1,1,1,0,1,0
febrl2,0.8,3005,1,1,1,1,0,1,0
febrl2,0.8,2636,1,1,1,1,0,1,0
febrl2,0.8,235,1,1,1,1,0,1,0
febrl2,0.8,322,1,1,1,1,0,1,0
febrl2,0.8,1972,1,1,1,1,0,1,0
febrl2,0.8,3433,1,1,1,1,0,1,0
febrl2,0.8,1313,1,1,1,1,0,1,0
febrl2,0.8,2206,1,1,1,1,0,1,0
febrl2,0.8,2433,1,1,1,1,0,1,0
febrl2,0.8,3812,1,1,1,1,0,1,0
febrl2,0.8,303,1,1,1,1,0,1,0
febrl2,0.8,2284,1,1,1,1,0,1,0
febrl2,0.8,1487,1,1,1,1,0,1,0
febrl2,0.8,1856,1,1,1,1,0,1,0
febrl2,0.8,3307,1,1,1,1,0,1,0
febrl2,0.8,227,1,1,1,1,0,1,0
febrl2,0.8,1143,1,1,1,1,0,1,0
febrl2,0.84,2778,1,1,1,1,0,1,0
febrl2,0.84,712,4,1,4,1,0,1,0
febrl2,0.84,1321,1,1,1,1,0,1,0
febrl2,0.84,3004,1,1,1,1,0,1,0
febrl2,0.84,1384,1,1,1,1,0,1,0
febrl2,0.84,3981,1,1,1,1,0,1,0
febrl2,0.84,916,1,1,1,1,0,1,0
febrl2,0.84,1684,4,2,4,2,0,2,0
febrl2,0.84,63,3,1,3,1,0,1,0
febrl2,0.84,3808,1,1,1,1,0,1,0
febrl2,0.84,112,2,1,2,1,0,1,0
febrl2,0.84,3297,1,1,1,1,0,1,0
febrl2,0.84,1315,1,1,1,1,0,1,0
febrl2,0.84,1050,1,1,1,1,0,1,0
febrl2,0.84,2116,1,1,1,1,0,1,0
febrl2,0.84,3232,1,1,1,1,0,1,0
febrl2,0.84,1900,4,1,4,1,0,1,0
febrl2,0.84,2460,6,1,6,1,0,1,0
febrl2,0.84,3123,2,1,2,1,0,1,0
febrl2,0.84,2166,1,1,1,1,0,1,0
febrl2,0.84,1155,1,1,1,1,0,1,0
febrl2,0.84,1485,1,1,1,1,0,1,0
febrl2,0.84,2852,3,2,3,2,0,2,0
febrl2,0.84,707,1,1,1,1,0,1,0
febrl2,0.84,3499,1,1,1,1,0,1,0
febrl2,0.84,2153,1,1,1,1,0,1,0
febrl2,0.84,1665,5,1,5,1,0,1,0
febrl2,0.84,35,4,1,4,1,0,1,0
febrl2,0.84,78,1,1,1,1,0,1,0
febrl2,0.84,3116,1,1,1,1,0,1,0
febrl2,0.84,3103,1,1,1,1,0,1,0
febrl2,0.84,500,1,1,1,1,0,1,0
febrl2,0.84,3594,1,1,1,1,0,1,0
febrl2,0.84,3552,1,1,1,1,0,1,0
febrl2,0.84,248,1,1,1,1,0,1,0
febrl2,0.84,2564,1,1,1,1,0,1,0
febrl2,0.84,386,3,1,3,1,0,1,0
febrl2,0.84,847,1,1,1,1,0,1,0
febrl2,0.84,1425,1,1,1,1,0,1,0
febrl2,0.84,1428,1,1,1,1,0,1,0
febrl2,0.84,2376,1,1,1,1,0,1,0
febrl2,0.84,901,3,1,3,1,0,1,0
febrl2,0.84,833,3,1,3,1,0,1,0
febrl2,0.84,2499,1,1,1,1,0,1,0
febrl2,0.84,937,1,1,1,1,0,1,0
febrl2,0.84,1372,1,1,1,1,0,1,0
febrl2,0.84,3443,1,1,1,1,0,1,0
febrl2,0.84,685,1,1,1,1,0,1,0
febrl2,0.84,644,2,1,2,1,0,1,0
febrl2,0.84,1728,1,1,1,1,0,1,0
febrl2,0.84,954,3,2,3,2,0,2,0
febrl2,0.84,209,2,2,2,2,0,2,0
febrl2,0.84,401,1,1,1,1,0,1,0
febrl2,0.84,897,1,1,1,1,0,1,0
febrl2,0.84,2647,1,1,1,1,0,1,0
febrl2,0.84,450,1,1,1,1,0,1,0
febrl2,0.84,519,1,1,1,1,0,1,0
febrl2,0.84,444,1,1,1,1,0,1,0
febrl2,0.84,2222,1,1,1,1,0,1,0
febrl2,0.84,313,1,1,1,1,0,1,0
febrl2,0.84,1442,4,1,4,1,0,1,0
febrl2,0.84,3686,1,1,1,1,0,1,0
febrl2,0.84,936,1,1,1,1,0,1,0
febrl2,0.84,3176,1,1,1,1,0,1,0
febrl2,0.84,13,1,1,1,1,0,1,0
febrl2,0.84,968,1,1,1,1,0,1,0
febrl2,0.84,2770,1,1,1,1,0,1,0
febrl2,0.84,669,1,1,1,1,0,1,0
febrl2,0.84,923,2,1,2,1,0,1,0
febrl2,0.84,3641,1,1,1,1,0,1,0
febrl2,0.84,2784,1,1,1,1,0,1,0
febrl2,0.84,3371,1,1,1,1,0,1,0
febrl2,0.84,651,6,2,6,2,0,2,0
febrl2,0.84,3619,1,1,1,1,0,1,0
febrl2,0.84,2777,1,1,1,1,0,1,0
febrl2,0.84,844,1,1,1,1,0,1,0
febrl2,0.84,259,1,1,1,1,0,1,0
febrl2,0.84,1441,1,1,1,1,0,1,0
febrl2,0.84,723,1,1,1,1,0,1,0
febrl2,0.84,1874,1,1,1,1,0,1,0
febrl2,0.84,1496,1,1,1,1,0,1,0
febrl2,0.84,2691,5,2,5,2,0,2,0
febrl2,0.84,892,5,1,5,1,0,1,0
febrl2,0.84,2633,5,2,5,2,0,2,0
febrl2,0.84,874,5,2,5,2,0,2,0
febrl2,0.84,1378,1,1,1,1,0,1,0
febrl2,0.84,891,5,2,5,2,0,2,0
febrl2,0.84,157,1,1,1,1,0,1,0
febrl2,0.84,3574,2,1,2,1,0,1,0
febrl2,0.84,984,1,1,1,1,0,1,0
febrl2,0.84,106,3,1,3,1,0,1,0
febrl2,0.84,442,1,1,1,1,0,1,0
febrl2,0.84,328,1,1,1,1,0,1,0
febrl2,0.84,457,1,1,1,1,0,1,0
febrl2,0.84,1894,5,1,5,1,0,1,0
febrl2,0.84,3042,1,1,1,1,0,1,0
febrl2,0.84,2964,1,1,1,1,0,1,0
febrl2,0.84,203,1,1,1,1,0,1,0
febrl2,0.84,2727,1,1,1,1,0,1,0
febrl2,0.84,294,1,1,1,1,0,1,0
febrl2,0.84,2391,1,1,1,1,0,1,0
febrl2,0.84,1178,1,1,1,1,0,1,0
febrl2,0.84,1166,1,1,1,1,0,1,0
febrl2,0.84,243,1,1,1,1,0,1,0
febrl2,0.84,2131,1,1,1,1,0,1,0
febrl2,0.84,236,2,1,2,1,0,1,0
febrl2,0.84,2889,4,1,4,1,0,1,0
febrl2,0.84,1388,1,1,1,1,0,1,0
febrl2,0.84,3792,1,1,1,1,0,1,0
febrl2,0.84,3277,1,1,1,1,0,1,0
febrl2,0.84,189,1,1,1,1,0,1,0
febrl2,0.84,2627,1,1,1,1,0,1,0
febrl2,0.84,2254,4,2,4,2,0,2,0
febrl2,0.84,3762,1,1,1,1,0,1,0
febrl2,0.84,1211,1,1,1,1,0,1,0
febrl2,0.84,2765,1,1,1,1,0,1,0
febrl2,0.84,1959,1,1,1,1,0,1,0
febrl2,0.84,807,2,1,2,1,0,1,0
febrl2,0.84,1233,1,1,1,1,0,1,0
febrl2,0.84,718,1,1,1,1,0,1,0
febrl2,0.84,3707,4,1,4,1,0,1,0
febrl2,0.84,2439,3,1,3,1,0,1,0
febrl2,0.84,2244,1,1,1,1,0,1,0
febrl2,0.84,813,1,1,1,1,0,1,0
febrl2,0.84,2109,1,1,1,1,0,1,0
febrl2,0.84,1583,1,1,1,1,0,1,0
febrl2,0.84,181,1,1,1,1,0,1,0
febrl2,0.84,843,1,1,1,1,0,1,0
febrl2,0.84,2398,1,1,1,1,0,1,0
febrl2,0.84,3861,1,1,1,1,0,1,0
febrl2,0.84,172,1,1,1,1,0,1,0
febrl2,0.84,3835,1,1,1,1,0,1,0
febrl2,0.84,2925,5,2,5,2,0,2,0
febrl2,0.84,3284,4,2,4,2,0,2,0
febrl2,0.84,3295,1,1,1,1,0,1,0
febrl2,0.84,3316,1,1,1,1,0,1,0
febrl2,0.84,466,2,1,2,1,0,1,0
febrl2,0.84,310,1,1,1,1,0,1,0
febrl2,0.84,3437,1,1,1,1,0,1,0
febrl2,0.84,1591,1,1,1,1,0,1,0
febrl2,0.84,2496,5,2,5,2,0,2,0
febrl2,0.84,2828,1,1,1,1,0,1,0
febrl2,0.84,848,3,1,3,1,0,1,0
febrl2,0.84,3418,1,1,1,1,0,1,0
febrl2,0.84,2837,1,1,1,1,0,1,0
febrl2,0.84,2152,1,1,1,1,0,1,0
febrl2,0.84,596,6,2,6,2,0,2,0
febrl2,0.84,258,1,1,1,1,0,1,0
febrl2,0.84,1478,1,1,1,1,0,1,0
febrl2,0.84,3829,1,1,1,1,0,1,0
febrl2,0.84,3272,6,2,6,2,0,2,0
febrl2,0.84,2961,1,1,1,1,0,1,0
febrl2,0.84,2640,1,1,1,1,0,1,0
febrl2,0.84,242,3,1,3,1,0,1,0
febrl2,0.84,3252,1,1,1,1,0,1,0
febrl2,0.84,3752,2,1,2,1,0,1,0
febrl2,0.84,3606,1,1,1,1,0,1,0
febrl2,0.84,3542,5,1,5,1,0,1,0
febrl2,0.84,88,3,1,3,1,0,1,0
febrl2,0.84,1729,1,1,1,1,0,1,0
febrl2,0.84,3267,1,1,1,1,0,1,0
febrl2,0.84,1430,5,2,5,2,0,2,0
febrl2,0.84,2993,1,1,1,1,0,1,0
febrl2,0.84,3652,3,1,3,1,0,1,0
febrl2,0.84,1855,1,1,1,1,0,1,0
febrl2,0.84,1724,1,1,1,1,0,1,0
febrl2,0.84,232,2,1,2,1,0,1,0
febrl2,0.84,1985,1,1,1,1,0,1,0
febrl2,0.84,858,1,1,1,1,0,1,0
febrl2,0.84,3811,1,1,1,1,0,1,0
febrl2,0.84,2260,1,1,1,1,0,1,0
febrl2,0.84,3914,1,1,1,1,0,1,0
febrl2,0.84,1065,1,1,1,1,0,1,0
febrl2,0.84,1599,1,1,1,1,0,1,0
febrl2,0.84,3833,1,1,1,1,0,1,0
febrl2,0.84,3872,1,1,1,1,0,1,0
febrl2,0.84,3680,1,1,1,1,0,1,0
febrl2,0.84,1356,1,1,1,1,0,1,0
febrl2,0.84,3513,1,1,1,1,0,1,0
febrl2,0.84,3510,1,1,1,1,0,1,0
febrl2,0.84,1662,1,1,1,1,0,1,0
febrl2,0.84,2262,1,1,1,1,0,1,0
febrl2,0.84,814,4,1,4,1,0,1,0
febrl2,0.84,1274,1,1,1,1,0,1,0
febrl2,0.84,704,1,1,1,1,0,1,0
febrl2,0.84,619,1,1,1,1,0,1,0
febrl2,0.84,3956,1,1,1,1,0,1,0
febrl2,0.84,2050,6,2,6,2,0,2,0
febrl2,0.84,2234,2,1,2,1,0,1,0
febrl2,0.84,1781,4,1,4,1,0,1,0
febrl2,0.84,402,1,1,1,1,0,1,0
febrl2,0.84,3495,1,1,1,1,0,1,0
febrl2,0.84,2413,1,1,1,1,0,1,0
febrl2,0.84,3923,1,1,1,1,0,1,0
febrl2,0.84,3029,1,1,1,1,0,1,0
febrl2,0.84,1752,1,1,1,1,0,1,0
febrl2,0.84,2265,1,1,1,1,0,1,0
febrl2,0.84,1312,1,1,1,1,0,1,0
febrl2,0.84,1445,1,1,1,1,0,1,0
febrl2,0.84,2119,4,1,4,1,0,1,0
febrl2,0.84,1785,1,1,1,1,0,1,0
febrl2,0.84,155,1,1,1,1,0,1,0
febrl2,0.84,2236,1,1,1,1,0,1,0
febrl2,0.84,3248,1,1,1,1,0,1,0
febrl2,0.84,2176,1,1,1,1,0,1,0
febrl2,0.84,2645,1,1,1,1,0,1,0
febrl2,0.84,899,1,1,1,1,0,1,0
febrl2,0.84,3314,4,2,4,2,0,2,0
febrl2,0.84,1282,4,1,4,1,0,1,0
febrl2,0.84,3857,1,1,1,1,0,1,0
febrl2,0.84,292,1,1,1,1,0,1,0
febrl2,0.84,1423,1,1,1,1,0,1,0
febrl2,0.84,3558,1,1,1,1,0,1,0
febrl2,0.84,337,1,1,1,1,0,1,0
febrl2,0.84,320,4,1,4,1,0,1,0
febrl2,0.84,237,1,1,1,1,0,1,0
febrl2,0.84,2273,1,1,1,1,0,1,0
febrl2,0.84,1963,1,1,1,1,0,1,0
febrl2,0.84,1854,1,1,1,1,0,1,0
febrl2,0.84,1893,2,1,2,1,0,1,0
febrl2,0.84,2416,1,1,1,1,0,1,0
febrl2,0.84,976,1,1,1,1,0,1,0
febrl2,0.84,2369,1,1,1,1,0,1,0
febrl2,0.84,922,1,1,1,1,0,1,0
febrl2,0.84,1600,1,1,1,1,0,1,0
febrl2,0.84,1687,5,1,5,1,0,1,0
febrl2,0.84,2058,1,1,1,1,0,1,0
febrl2,0.84,3891,3,1,3,1,0,1,0
febrl2,0.84,1433,1,1,1,1,0,1,0
febrl2,0.84,3458,1,1,1,1,0,1,0
febrl2,0.84,3860,1,1,1,1,0,1,0
febrl2,0.84,54,1,1,1,1,0,1,0
febrl2,0.84,1563,1,1,1,1,0,1,0
febrl2,0.84,2276,1,1,1,1,0,1,0
febrl2,0.84,1843,1,1,1,1,0,1,0
febrl2,0.84,274,1,1,1,1,0,1,0
febrl2,0.84,2483,1,1,1,1,0,1,0
febrl2,0.84,633,4,1,4,1,0,1,0
febrl2,0.84,2912,1,1,1,1,0,1,0
febrl2,0.84,2753,1,1,1,1,0,1,0
febrl2,0.84,3562,1,1,1,1,0,1,0
febrl2,0.84,2738,1,1,1,1,0,1,0
febrl2,0.84,2965,1,1,1,1,0,1,0
febrl2,0.84,2733,6,2,6,2,0,2,0
febrl2,0.84,2367,1,1,1,1,0,1,0
febrl2,0.84,534,5,1,5,1,0,1,0
febrl2,0.84,1557,1,1,1,1,0,1,0
febrl2,0.84,623,2,1,2,1,0,1,0
febrl2,0.84,3166,3,1,3,1,0,1,0
febrl2,0.84,107,5,1,5,1,0,1,0
febrl2,0.84,2093,1,1,1,1,0,1,0
febrl2,0.84,3451,1,1,1,1,0,1,0
febrl2,0.84,717,1,1,1,1,0,1,0
febrl2,0.84,3072,1,1,1,1,0,1,0
febrl2,0.84,3947,1,1,1,1,0,1,0
febrl2,0.84,455,6,2,6,2,0,2,0
febrl2,0.84,1080,1,1,1,1,0,1,0
febrl2,0.84,626,3,1,3,1,0,1,0
febrl2,0.84,1706,1,1,1,1,0,1,0
febrl2,0.84,2351,1,1,1,1,0,1,0
febrl2,0.84,2731,3,2,3,2,0,2,0
febrl2,0.84,1592,1,1,1,1,0,1,0
febrl2,0.84,3517,1,1,1,1,0,1,0
febrl2,0.84,182,3,1,3,1,0,1,0
febrl2,0.84,219,1,1,1,1,0,1,0
febrl2,0.84,2745,1,1,1,1,0,1,0
febrl2,0.84,2669,1,1,1,1,0,1,0
febrl2,0.84,6,4,1,4,1,0,1,0
febrl2,0.84,1934,1,1,1,1,0,1,0
febrl2,0.84,859,1,1,1,1,0,1,0
febrl2,0.84,1476,1,1,1,1,0,1,0
febrl2,0.84,2306,1,1,1,1,0,1,0
febrl2,0.84,2630,1,1,1,1,0,1,0
febrl2,0.84,3733,1,1,1,1,0,1,0
febrl2,0.84,2972,1,1,1,1,0,1,0
febrl2,0.84,1908,1,1,1,1,0,1,0
febrl2,0.84,79,1,1,1,1,0,1,0
febrl2,0.84,1109,1,1,1,1,0,1,0
febrl2,0.84,581,1,1,1,1,0,1,0
febrl2,0.84,2406,1,1,1,1,0,1,0
febrl2,0.84,2590,1,1,1,1,0,1,0
febrl2,0.84,1235,1,1,1,1,0,1,0
febrl2,0.84,207,1,1,1,1,0,1,0
febrl2,0.84,201,6,2,6,2,0,2,0
febrl2,0.84,3878,2,1,2,1,0,1,0
febrl2,0.84,1860,1,1,1,1,0,1,0
febrl2,0.84,2249,1,1,1,1,0,1,0
febrl2,0.84,1903,1,1,1,1,0,1,0
febrl2,0.84,985,1,1,1,1,0,1,0
febrl2,0.84,1873,1,1,1,1,0,1,0
febrl2,0.84,3329,1,1,1,1,0,1,0
febrl2,0.84,3214,1,1,1,1,0,1,0
febrl2,0.84,482,2,2,2,2,0,2,0
febrl2,0.84,1152,1,1,1,1,0,1,0
febrl2,0.84,2077,1,1,1,1,0,1,0
febrl2,0.84,3796,1,1,1,1,0,1,0
febrl2,0.84,1304,1,1,1,1,0,1,0
febrl2,0.84,2875,1,1,1,1,0,1,0
febrl2,0.84,2011,1,1,1,1,0,1,0
febrl2,0.84,1200,1,1,1,1,0,1,0
febrl2,0.84,151,3,1,3,1,0,1,0
febrl2,0.84,2845,1,1,1,1,0,1,0
febrl2,0.84,522,1,1,1,1,0,1,0
febrl2,0.84,1383,1,1,1,1,0,1,0
febrl2,0.84,765,1,1,1,1,0,1,0
febrl2,0.84,1670,1,1,1,1,0,1,0
febrl2,0.84,2822,4,1,4,1,0,1,0
febrl2,0.84,698,1,1,1,1,0,1,0
febrl2,0.84,488,1,1,1,1,0,1,0
febrl2,0.84,2618,1,1,1,1,0,1,0
febrl2,0.84,1319,3,2,3,2,0,2,0
febrl2,0.84,1577,1,1,1,1,0,1,0
febrl2,0.84,84,1,1,1,1,0,1,0
febrl2,0.84,3876,1,1,1,1,0,1,0
febrl2,0.84,1711,1,1,1,1,0,1,0
febrl2,0.84,1215,1,1,1,1,0,1,0
febrl2,0.84,3424,1,1,1,1,0,1,0
febrl2,0.84,2800,1,1,1,1,0,1,0
febrl2,0.84,2960,3,1,3,1,0,1,0
febrl2,0.84,2232,1,1,1,1,0,1,0
febrl2,0.84,805,1,1,1,1,0,1,0
febrl2,0.84,1704,1,1,1,1,0,1,0
febrl2,0.84,3367,1,1,1,1,0,1,0
febrl2,0.84,2211,4,2,4,2,0,2,0
febrl2,0.84,3236,3,1,3,1,0,1,0
febrl2,0.84,3588,3,1,3,1,0,1,0
febrl2,0.84,3074,1,1,1,1,0,1,0
febrl2,0.84,3875,3,1,3,1,0,1,0
febrl2,0.84,3932,3,1,3,1,0,1,0
febrl2,0.84,2626,1,1,1,1,0,1,0
febrl2,0.84,1198,1,1,1,1,0,1,0
febrl2,0.84,21,1,1,1,1,0,1,0
febrl2,0.84,1398,1,1,1,1,0,1,0
febrl2,0.84,672,3,2,3,2,0,2,0
febrl2,0.84,3041,1,1,1,1,0,1,0
febrl2,0.84,2874,2,1,2,1,0,1,0
febrl2,0.84,2129,1,1,1,1,0,1,0
febrl2,0.84,582,1,1,1,1,0,1,0
febrl2,0.84,1256,1,1,1,1,0,1,0
febrl2,0.84,1556,1,1,1,1,0,1,0
febrl2,0.84,2014,1,1,1,1,0,1,0
febrl2,0.84,1695,1,1,1,1,0,1,0
febrl2,0.84,1761,1,1,1,1,0,1,0
febrl2,0.84,3639,1,1,1,1,0,1,0
febrl2,0.84,3141,1,1,1,1,0,1,0
febrl2,0.84,3630,1,1,1,1,0,1,0
febrl2,0.84,1308,1,1,1,1,0,1,0
febrl2,0.84,819,5,1,5,1,0,1,0
febrl2,0.84,3251,1,1,1,1,0,1,0
febrl2,0.84,2763,1,1,1,1,0,1,0
febrl2,0.84,1204,1,1,1,1,0,1,0
febrl2,0.84,2022,1,1,1,1,0,1,0
febrl2,0.84,877,1,1,1,1,0,1,0
febrl2,0.84,2151,6,1,6,1,0,1,0
febrl2,0.84,3738,2,1,2,1,0,1,0
febrl2,0.84,2540,1,1,1,1,0,1,0
febrl2,0.84,1,1,1,1,1,0,1,0
febrl2,0.84,451,1,1,1,1,0,1,0
febrl2,0.84,1942,1,1,1,1,0,1,0
febrl2,0.84,649,3,1,3,1,0,1,0
febrl2,0.84,449,1,1,1,1,0,1,0
febrl2,0.84,44,5,1,5,1,0,1,0
febrl2,0.84,128,1,1,1,1,0,1,0
febrl2,0.84,3710,3,1,3,1,0,1,0
febrl2,0.84,2899,1,1,1,1,0,1,0
febrl2,0.84,1298,3,1,3,1,0,1,0
febrl2,0.84,3425,1,1,1,1,0,1,0
febrl2,0.84,1114,1,1,1,1,0,1,0
febrl2,0.84,2718,1,1,1,1,0,1,0
febrl2,0.84,3322,4,1,4,1,0,1,0
febrl2,0.84,1562,1,1,1,1,0,1,0
febrl2,0.84,3280,1,1,1,1,0,1,0
febrl2,0.84,2624,2,2,2,2,0,2,0
febrl2,0.84,50,5,2,5,2,0,2,0
febrl2,0.84,1377,1,1,1,1,0,1,0
febrl2,0.84,1039,1,1,1,1,0,1,0
febrl2,0.84,1015,1,1,1,1,0,1,0
febrl2,0.84,412,1,1,1,1,0,1,0
febrl2,0.84,3146,1,1,1,1,0,1,0
febrl2,0.84,3066,1,1,1,1,0,1,0
febrl2,0.84,1411,2,1,2,1,0,1,0
febrl2,0.84,3031,1,1,1,1,0,1,0
febrl2,0.84,578,1,1,1,1,0,1,0
febrl2,0.84,822,1,1,1,1,0,1,0
febrl2,0.84,1460,1,1,1,1,0,1,0
febrl2,0.84,3910,1,1,1,1,0,1,0
febrl2,0.84,2549,1,1,1,1,0,1,0
febrl2,0.84,3977,1,1,1,1,0,1,0
febrl2,0.84,3059,1,1,1,1,0,1,0
febrl2,0.84,3084,4,1,4,1,0,1,0
febrl2,0.84,417,1,1,1,1,0,1,0
febrl2,0.84,832,1,1,1,1,0,1,0
febrl2,0.84,552,3,1,3,1,0,1,0
febrl2,0.84,895,1,1,1,1,0,1,0
febrl2,0.84,3731,4,1,4,1,0,1,0
febrl2,0.84,2943,1,1,1,1,0,1,0
febrl2,0.84,428,1,1,1,1,0,1,0
febrl2,0.84,2675,1,1,1,1,0,1,0
febrl2,0.84,2353,4,1,4,1,0,1,0
febrl2,0.84,1609,3,1,3,1,0,1,0
febrl2,0.84,2136,1,1,1,1,0,1,0
febrl2,0.84,2523,1,1,1,1,0,1,0
febrl2,0.84,1268,1,1,1,1,0,1,0
febrl2,0.84,549,1,1,1,1,0,1,0
febrl2,0.84,2434,1,1,1,1,0,1,0
febrl2,0.84,2175,1,1,1,1,0,1,0
febrl2,0.84,856,1,1,1,1,0,1,0
febrl2,0.84,3851,1,1,1,1,0,1,0
febrl2,0.84,639,3,1,3,1,0,1,0
febrl2,0.84,3149,1,1,1,1,0,1,0
febrl2,0.84,3530,4,1,4,1,0,1,0
febrl2,0.84,3051,1,1,1,1,0,1,0
febrl2,0.84,2321,5,1,5,1,0,1,0
febrl2,0.84,1151,4,1,4,1,0,1,0
febrl2,0.84,3626,1,1,1,1,0,1,0
febrl2,0.84,729,1,1,1,1,0,1,0
febrl2,0.84,363,1,1,1,1,0,1,0
febrl2,0.84,1523,1,1,1,1,0,1,0
febrl2,0.84,3778,1,1,1,1,0,1,0
febrl2,0.84,2046,1,1,1,1,0,1,0
febrl2,0.84,297,1,1,1,1,0,1,0
febrl2,0.84,2924,5,1,5,1,0,1,0
febrl2,0.84,3817,1,1,1,1,0,1,0
febrl2,0.84,3889,1,1,1,1,0,1,0
febrl2,0.84,2165,2,1,2,1,0,1,0
febrl2,0.84,3768,1,1,1,1,0,1,0
febrl2,0.84,3584,2,1,2,1,0,1,0
febrl2,0.84,3332,1,1,1,1,0,1,0
febrl2,0.84,528,1,1,1,1,0,1,0
febrl2,0.84,12,1,1,1,1,0,1,0
febrl2,0.84,387,1,1,1,1,0,1,0
febrl2,0.84,1652,1,1,1,1,0,1,0
febrl2,0.84,2183,4,1,4,1,0,1,0
febrl2,0.84,1416,1,1,1,1,0,1,0
febrl2,0.84,3779,4,2,4,2,0,2,0
febrl2,0.84,2168,1,1,1,1,0,1,0
febrl2,0.84,1598,1,1,1,1,0,1,0
febrl2,0.84,880,1,1,1,1,0,1,0
febrl2,0.84,2883,3,1,3,1,0,1,0
febrl2,0.84,3572,1,1,1,1,0,1,0
febrl2,0.84,2818,1,1,1,1,0,1,0
febrl2,0.84,1784,1,1,1,1,0,1,0
febrl2,0.84,3460,1,1,1,1,0,1,0
febrl2,0.84,3925,1,1,1,1,0,1,0
febrl2,0.84,1316,4,1,4,1,0,1,0
febrl2,0.84,3870,1,1,1,1,0,1,0
febrl2,0.84,2134,1,1,1,1,0,1,0
febrl2,0.84,1432,5,1,5,1,0,1,0
febrl2,0.84,2991,3,1,3,1,0,1,0
febrl2,0.84,677,1,1,1,1,0,1,0
febrl2,0.84,1327,1,1,1,1,0,1,0
febrl2,0.84,129,1,1,1,1,0,1,0
febrl2,0.84,3608,2,2,2,2,0,2,0
febrl2,0.84,1443,2,2,2,2,0,2,0
febrl2,0.84,2676,1,1,1,1,0,1,0
febrl2,0.84,3318,5,1,5,1,0,1,0
febrl2,0.84,1158,1,1,1,1,0,1,0
febrl2,0.84,3294,1,1,1,1,0,1,0
febrl2,0.84,3772,1,1,1,1,0,1,0
febrl2,0.84,1380,1,1,1,1,0,1,0
febrl2,0.84,3525,1,1,1,1,0,1,0
febrl2,0.84,641,5,2,5,2,0,2,0
febrl2,0.84,567,4,2,4,2,0,2,0
febrl2,0.84,3841,2,1,2,1,0,1,0
febrl2,0.84,2366,1,1,1,1,0,1,0
febrl2,0.84,2654,1,1,1,1,0,1,0
febrl2,0.84,3643,1,1,1,1,0,1,0
febrl2,0.84,2987,1,1,1,1,0,1,0
febrl2,0.84,1385,1,1,1,1,0,1,0
febrl2,0.84,2108,4,1,4,1,0,1,0
febrl2,0.84,486,3,2,3,2,0,2,0
febrl2,0.84,2169,5,1,5,1,0,1,0
febrl2,0.84,1870,1,1,1,1,0,1,0
febrl2,0.84,1177,1,1,1,1,0,1,0
febrl2,0.84,1477,4,1,4,1,0,1,0
febrl2,0.84,2368,4,1,4,1,0,1,0
febrl2,0.84,2916,3,1,3,1,0,1,0
febrl2,0.84,2023,1,1,1,1,0,1,0
febrl2,0.84,1544,6,2,6,2,0,2,0
febrl2,0.84,2407,1,1,1,1,0,1,0
febrl2,0.84,3753,1,1,1,1,0,1,0
febrl2,0.84,3563,5,1,5,1,0,1,0
febrl2,0.84,2490,1,1,1,1,0,1,0
febrl2,0.84,95,1,1,1,1,0,1,0
febrl2,0.84,3370,1,1,1,1,0,1,0
febrl2,0.84,3035,1,1,1,1,0,1,0
febrl2,0.84,3428,2,1,2,1,0,1,0
febrl2,0.84,218,5,1,5,1,0,1,0
febrl2,0.84,2710,1,1,1,1,0,1,0
febrl2,0.84,3193,6,2,6,2,0,2,0
febrl2,0.84,3397,1,1,1,1,0,1,0
febrl2,0.84,3911,1,1,1,1,0,1,0
febrl2,0.84,2044,5,1,5,1,0,1,0
febrl2,0.84,3514,1,1,1,1,0,1,0
febrl2,0.84,597,1,1,1,1,0,1,0
febrl2,0.84,3411,1,1,1,1,0,1,0
febrl2,0.84,1302,1,1,1,1,0,1,0
febrl2,0.84,299,1,1,1,1,0,1,0
febrl2,0.84,3877,1,1,1,1,0,1,0
febrl2,0.84,2126,4,1,4,1,0,1,0
febrl2,0.84,3456,1,1,1,1,0,1,0
febrl2,0.84,3551,1,1,1,1,0,1,0
febrl2,0.84,948,1,1,1,1,0,1,0
febrl2,0.84,2644,1,1,1,1,0,1,0
febrl2,0.84,2272,1,1,1,1,0,1,0
febrl2,0.84,760,1,1,1,1,0,1,0
febrl2,0.84,504,1,1,1,1,0,1,0
febrl2,0.84,370,3,1,3,1,0,1,0
febrl2,0.84,3096,1,1,1,1,0,1,0
febrl2,0.84,764,1,1,1,1,0,1,0
febrl2,0.84,3219,1,1,1,1,0,1,0
febrl2,0.84,3597,1,1,1,1,0,1,0
febrl2,0.84,2029,4,2,4,2,0,2,0
febrl2,0.84,3385,1,1,1,1,0,1,0
febrl2,0.84,3157,1,1,1,1,0,1,0
febrl2,0.84,2789,1,1,1,1,0,1,0
febrl2,0.84,1490,1,1,1,1,0,1,0
febrl2,0.84,740,1,1,1,1,0,1,0
febrl2,0.84,194,3,1,3,1,0,1,0
febrl2,0.84,3682,1,1,1,1,0,1,0
febrl2,0.84,2162,1,1,1,1,0,1,0
febrl2,0.84,1882,4,1,4,1,0,1,0
febrl2,0.84,1341,1,1,1,1,0,1,0
febrl2,0.84,3064,1,1,1,1,0,1,0
febrl2,0.84,3645,1,1,1,1,0,1,0
febrl2,0.84,134,4,2,4,2,0,2,0
febrl2,0.84,2609,1,1,1,1,0,1,0
febrl2,0.84,1888,2,1,2,1,0,1,0
febrl2,0.84,102,1,1,1,1,0,1,0
febrl2,0.84,3346,1,1,1,1,0,1,0
febrl2,0.84,2756,2,1,2,1,0,1,0
febrl2,0.84,620,4,1,4,1,0,1,0
febrl2,0.84,815,1,1,1,1,0,1,0
febrl2,0.84,1758,1,1,1,1,0,1,0
febrl2,0.84,763,1,1,1,1,0,1,0
febrl2,0.84,2927,2,1,2,1,0,1,0
febrl2,0.84,3033,3,1,3,1,0,1,0
febrl2,0.84,2339,1,1,1,1,0,1,0
febrl2,0.84,1517,1,1,1,1,0,1,0
febrl2,0.84,2895,1,1,1,1,0,1,0
febrl2,0.84,1964,3,1,3,1,0,1,0
febrl2,0.84,3675,1,1,1,1,0,1,0
febrl2,0.84,3720,1,1,1,1,0,1,0
febrl2,0.84,1565,1,1,1,1,0,1,0
febrl2,0.84,2635,3,1,3,1,0,1,0
febrl2,0.84,131,1,1,1,1,0,1,0
febrl2,0.84,868,1,1,1,1,0,1,0
febrl2,0.84,3709,1,1,1,1,0,1,0
febrl2,0.84,1077,4,1,4,1,0,1,0
febrl2,0.84,1848,1,1,1,1,0,1,0
febrl2,0.84,705,6,1,6,1,0,1,0
febrl2,0.84,481,1,1,1,1,0,1,0
febrl2,0.84,1347,1,1,1,1,0,1,0
febrl2,0.84,3978,1,1,1,1,0,1,0
febrl2,0.84,3507,5,2,5,2,0,2,0
febrl2,0.84,2657,3,1,3,1,0,1,0
febrl2,0.84,3333,1,1,1,1,0,1,0
febrl2,0.84,1880,1,1,1,1,0,1,0
febrl2,0.84,1495,1,1,1,1,0,1,0
febrl2,0.84,3593,1,1,1,1,0,1,0
febrl2,0.84,1736,1,1,1,1,0,1,0
febrl2,0.84,1471,1,1,1,1,0,1,0
febrl2,0.84,2099,1,1,1,1,0,1,0
febrl2,0.84,3262,1,1,1,1,0,1,0
febrl2,0.84,2291,1,1,1,1,0,1,0
febrl2,0.84,876,1,1,1,1,0,1,0
febrl2,0.84,3919,1,1,1,1,0,1,0
febrl2,0.84,1391,1,1,1,1,0,1,0
febrl2,0.84,3902,1,1,1,1,0,1,0
febrl2,0.84,229,1,1,1,1,0,1,0
febrl2,0.84,324,1,1,1,1,0,1,0
febrl2,0.84,148,1,1,1,1,0,1,0
febrl2,0.84,1967,1,1,1,1,0,1,0
febrl2,0.84,3999,1,1,1,1,0,1,0
febrl2,0.84,3642,1,1,1,1,0,1,0
febrl2,0.84,3114,1,1,1,1,0,1,0
febrl2,0.84,1480,1,1,1,1,0,1,0
febrl2,0.84,2155,1,1,1,1,0,1,0
febrl2,0.84,1962,1,1,1,1,0,1,0
febrl2,0.84,1622,1,1,1,1,0,1,0
febrl2,0.84,1845,2,1,2,1,0,1,0
febrl2,0.84,2893,1,1,1,1,0,1,0
febrl2,0.84,3921,1,1,1,1,0,1,0
febrl2,0.84,1404,1,1,1,1,0,1,0
febrl2,0.84,343,1,1,1,1,0,1,0
febrl2,0.84,109,1,1,1,1,0,1,0
febrl2,0.84,3785,4,2,4,2,0,2,0
febrl2,0.84,81,1,1,1,1,0,1,0
febrl2,0.84,3994,1,1,1,1,0,1,0
febrl2,0.84,675,1,1,1,1,0,1,0
febrl2,0.84,2732,1,1,1,1,0,1,0
febrl2,0.84,1179,1,1,1,1,0,1,0
febrl2,0.84,2546,1,1,1,1,0,1,0
febrl2,0.84,2930,1,1,1,1,0,1,0
febrl2,0.84,1625,1,1,1,1,0,1,0
febrl2,0.84,1042,1,1,1,1,0,1,0
febrl2,0.84,2469,1,1,1,1,0,1,0
febrl2,0.84,314,1,1,1,1,0,1,0
febrl2,0.84,325,1,1,1,1,0,1,0
febrl2,0.84,3099,4,1,4,1,0,1,0
febrl2,0.84,1574,3,1,3,1,0,1,0
febrl2,0.84,1012,1,1,1,1,0,1,0
febrl2,0.84,3019,1,1,1,1,0,1,0
febrl2,0.84,2497,1,1,1,1,0,1,0
febrl2,0.84,3564,1,1,1,1,0,1,0
febrl2,0.84,2106,1,1,1,1,0,1,0
febrl2,0.84,1865,1,1,1,1,0,1,0
febrl2,0.84,3995,1,1,1,1,0,1,0
febrl2,0.84,1094,1,1,1,1,0,1,0
febrl2,0.84,536,1,1,1,1,0,1,0
febrl2,0.84,1047,1,1,1,1,0,1,0
febrl2,0.84,192,1,1,1,1,0,1,0
febrl2,0.84,184,1,1,1,1,0,1,0
febrl2,0.84,3301,5,1,5,1,0,1,0
febrl2,0.84,1164,1,1,1,1,0,1,0
febrl2,0.84,1814,1,1,1,1,0,1,0
febrl2,0.84,478,5,1,5,1,0,1,0
febrl2,0.84,2856,1,1,1,1,0,1,0
febrl2,0.84,761,1,1,1,1,0,1,0
febrl2,0.84,3163,3,2,3,2,0,2,0
febrl2,0.84,1193,4,1,4,1,0,1,0
febrl2,0.84,2860,1,1,1,1,0,1,0
febrl2,0.84,3843,1,1,1,1,0,1,0
febrl2,0.84,1930,1,1,1,1,0,1,0
febrl2,0.84,2200,1,1,1,1,0,1,0
febrl2,0.84,3143,1,1,1,1,0,1,0
febrl2,0.84,2658,1,1,1,1,0,1,0
febrl2,0.84,714,1,1,1,1,0,1,0
febrl2,0.84,300,1,1,1,1,0,1,0
febrl2,0.84,1651,1,1,1,1,0,1,0
febrl2,0.84,1142,1,1,1,1,0,1,0
febrl2,0.84,869,1,1,1,1,0,1,0
febrl2,0.84,2458,1,1,1,1,0,1,0
febrl2,0.84,1265,2,1,2,1,0,1,0
febrl2,0.84,3698,1,1,1,1,0,1,0
febrl2,0.84,3830,1,1,1,1,0,1,0
febrl2,0.84,3907,1,1,1,1,0,1,0
febrl2,0.84,98,1,1,1,1,0,1,0
febrl2,0.84,2219,1,1,1,1,0,1,0
febrl2,0.84,2891,4,1,4,1,0,1,0
febrl2,0.84,3070,1,1,1,1,0,1,0
febrl2,0.84,1213,6,1,6,1,0,1,0
febrl2,0.84,1061,3,2,3,2,0,2,0
febrl2,0.84,2595,1,1,1,1,0,1,0
febrl2,0.84,23,1,1,1,1,0,1,0
febrl2,0.84,2610,1,1,1,1,0,1,0
febrl2,0.84,1636,1,1,1,1,0,1,0
febrl2,0.84,1288,1,1,1,1,0,1,0
febrl2,0.84,3092,1,1,1,1,0,1,0
febrl2,0.84,3344,1,1,1,1,0,1,0
febrl2,0.84,3838,2,1,2,1,0,1,0
febrl2,0.84,3883,1,1,1,1,0,1,0
febrl2,0.84,1753,1,1,1,1,0,1,0
febrl2,0.84,2299,1,1,1,1,0,1,0
febrl2,0.84,1295,1,1,1,1,0,1,0
febrl2,0.84,2097,1,1,1,1,0,1,0
febrl2,0.84,1322,1,1,1,1,0,1,0
febrl2,0.84,2386,1,1,1,1,0,1,0
febrl2,0.84,2613,1,1,1,1,0,1,0
febrl2,0.84,2372,1,1,1,1,0,1,0
febrl2,0.84,2558,1,1,1,1,0,1,0
febrl2,0.84,1838,1,1,1,1,0,1,0
febrl2,0.84,2066,1,1,1,1,0,1,0
febrl2,0.84,3826,1,1,1,1,0,1,0
febrl2,0.84,1750,4,1,4,1,0,1,0
febrl2,0.84,1223,1,1,1,1,0,1,0
febrl2,0.84,693,1,1,1,1,0,1,0
febrl2,0.84,174,1,1,1,1,0,1,0
febrl2,0.84,2054,1,1,1,1,0,1,0
febrl2,0.84,3241,4,1,4,1,0,1,0
febrl2,0.84,3663,1,1,1,1,0,1,0
febrl2,0.84,356,4,1,4,1,0,1,0
febrl2,0.84,3067,1,1,1,1,0,1,0
febrl2,0.84,996,2,1,2,1,0,1,0
febrl2,0.84,3327,1,1,1,1,0,1,0
febrl2,0.84,912,1,1,1,1,0,1,0
febrl2,0.84,2510,1,1,1,1,0,1,0
febrl2,0.84,113,5,3,5,3,0,3,0
febrl2,0.84,790,1,1,1,1,0,1,0
febrl2,0.84,2403,5,2,5,2,0,2,0
febrl2,0.84,2502,1,1,1,1,0,1,0
febrl2,0.84,627,1,1,1,1,0,1,0
febrl2,0.84,835,1,1,1,1,0,1,0
febrl2,0.84,1156,1,1,1,1,0,1,0
febrl2,0.84,3222,1,1,1,1,0,1,0
febrl2,0.84,3121,1,1,1,1,0,1,0
febrl2,0.84,3104,1,1,1,1,0,1,0
febrl2,0.84,505,1,1,1,1,0,1,0
febrl2,0.84,1474,1,1,1,1,0,1,0
febrl2,0.84,1859,1,1,1,1,0,1,0
febrl2,0.84,3790,1,1,1,1,0,1,0
febrl2,0.84,2488,1,1,1,1,0,1,0
febrl2,0.84,3205,1,1,1,1,0,1,0
febrl2,0.84,1006,1,1,1,1,0,1,0
febrl2,0.84,1891,1,1,1,1,0,1,0
febrl2,0.84,3591,1,1,1,1,0,1,0
febrl2,0.84,2064,1,1,1,1,0,1,0
febrl2,0.84,3440,1,1,1,1,0,1,0
febrl2,0.84,1915,2,1,2,1,0,1,0
febrl2,0.84,3138,3,2,3,2,0,2,0
febrl2,0.84,1638,1,1,1,1,0,1,0
febrl2,0.84,1554,3,1,3,1,0,1,0
febrl2,0.84,2508,1,1,1,1,0,1,0
febrl2,0.84,3171,1,1,1,1,0,1,0
febrl2,0.84,1100,1,1,1,1,0,1,0
febrl2,0.84,609,1,1,1,1,0,1,0
febrl2,0.84,1948,1,1,1,1,0,1,0
febrl2,0.84,683,1,1,1,1,0,1,0
febrl2,0.84,503,4,1,4,1,0,1,0
febrl2,0.84,2418,3,1,3,1,0,1,0
febrl2,0.84,3208,1,1,1,1,0,1,0
febrl2,0.84,3927,3,1,3,1,0,1,0
febrl2,0.84,3056,1,1,1,1,0,1,0
febrl2,0.84,3430,1,1,1,1,0,1,0
febrl2,0.84,3580,1,1,1,1,0,1,0
febrl2,0.84,3993,1,1,1,1,0,1,0
febrl2,0.84,1456,1,1,1,1,0,1,0
febrl2,0.84,3299,1,1,1,1,0,1,0
febrl2,0.84,298,1,1,1,1,0,1,0
febrl2,0.84,86,3,1,3,1,0,1,0
febrl2,0.84,3500,1,1,1,1,0,1,0
febrl2,0.84,1762,1,1,1,1,0,1,0
febrl2,0.84,1660,1,1,1,1,0,1,0
febrl2,0.84,398,1,1,1,1,0,1,0
febrl2,0.84,2163,1,1,1,1,0,1,0
febrl2,0.84,2798,1,1,1,1,0,1,0
febrl2,0.84,1021,1,1,1,1,0,1,0
febrl2,0.84,1740,1,1,1,1,0,1,0
febrl2,0.84,3788,1,1,1,1,0,1,0
febrl2,0.84,1530,3,1,3,1,0,1,0
febrl2,0.84,1579,2,2,2,2,0,2,0
febrl2,0.84,2229,1,1,1,1,0,1,0
febrl2,0.84,2226,1,1,1,1,0,1,0
febrl2,0.84,2796,1,1,1,1,0,1,0
febrl2,0.84,1082,1,1,1,1,0,1,0
febrl2,0.84,2892,3,1,3,1,0,1,0
febrl2,0.84,1149,1,1,1,1,0,1,0
febrl2,0.84,2695,1,1,1,1,0,1,0
febrl2,0.84,2783,1,1,1,1,0,1,0
febrl2,0.84,2570,1,1,1,1,0,1,0
febrl2,0.84,1629,4,1,4,1,0,1,0
febrl2,0.84,2160,1,1,1,1,0,1,0
febrl2,0.84,211,1,1,1,1,0,1,0
febrl2,0.84,1509,1,1,1,1,0,1,0
febrl2,0.84,2881,1,1,1,1,0,1,0
febrl2,0.84,2779,3,1,3,1,0,1,0
febrl2,0.84,1921,1,1,1,1,0,1,0
febrl2,0.84,1919,1,1,1,1,0,1,0
febrl2,0.84,3509,1,1,1,1,0,1,0
febrl2,0.84,1438,1,1,1,1,0,1,0
febrl2,0.84,2402,1,1,1,1,0,1,0
febrl2,0.84,3621,1,1,1,1,0,1,0
febrl2,0.84,255,1,1,1,1,0,1,0
febrl2,0.84,2642,1,1,1,1,0,1,0
febrl2,0.84,575,4,1,4,1,0,1,0
febrl2,0.84,2670,1,1,1,1,0,1,0
febrl2,0.84,3694,1,1,1,1,0,1,0
febrl2,0.84,3850,3,1,3,1,0,1,0
febrl2,0.84,3083,1,1,1,1,0,1,0
febrl2,0.84,89,4,1,4,1,0,1,0
febrl2,0.84,285,1,1,1,1,0,1,0
febrl2,0.84,1049,1,1,1,1,0,1,0
febrl2,0.84,3592,1,1,1,1,0,1,0
febrl2,0.84,2817,1,1,1,1,0,1,0
febrl2,0.84,2829,1,1,1,1,0,1,0
febrl2,0.84,2953,1,1,1,1,0,1,0
febrl2,0.84,1981,1,1,1,1,0,1,0
febrl2,0.84,369,1,1,1,1,0,1,0
febrl2,0.84,413,5,2,5,2,0,2,0
febrl2,0.84,1693,1,1,1,1,0,1,0
febrl2,0.84,2473,1,1,1,1,0,1,0
febrl2,0.84,969,4,1,4,1,0,1,0
febrl2,0.84,1721,1,1,1,1,0,1,0
febrl2,0.84,1516,1,1,1,1,0,1,0
febrl2,0.84,1630,1,1,1,1,0,1,0
febrl2,0.84,46,1,1,1,1,0,1,0
febrl2,0.84,2848,1,1,1,1,0,1,0
febrl2,0.84,1925,1,1,1,1,0,1,0
febrl2,0.84,909,1,1,1,1,0,1,0
febrl2,0.84,138,3,1,3,1,0,1,0
febrl2,0.84,2830,1,1,1,1,0,1,0
febrl2,0.84,2027,1,1,1,1,0,1,0
febrl2,0.84,2954,1,1,1,1,0,1,0
febrl2,0.84,1472,1,1,1,1,0,1,0
febrl2,0.84,3326,1,1,1,1,0,1,0
febrl2,0.84,1529,1,1,1,1,0,1,0
febrl2,0.84,3866,1,1,1,1,0,1,0
febrl2,0.84,2651,1,1,1,1,0,1,0
febrl2,0.84,2461,3,1,3,1,0,1,0
febrl2,0.84,2922,1,1,1,1,0,1,0
febrl2,0.84,3414,1,1,1,1,0,1,0
febrl2,0.84,1581,4,1,4,1,0,1,0
febrl2,0.84,906,1,1,1,1,0,1,0
febrl2,0.84,3730,1,1,1,1,0,1,0
febrl2,0.84,1408,1,1,1,1,0,1,0
febrl2,0.84,3656,1,1,1,1,0,1,0
febrl2,0.84,3207,1,1,1,1,0,1,0
febrl2,0.84,3881,2,1,2,1,0,1,0
febrl2,0.84,3950,1,1,1,1,0,1,0
febrl2,0.84,3060,1,1,1,1,0,1,0
febrl2,0.84,2310,3,1,3,1,0,1,0
febrl2,0.84,1801,1,1,1,1,0,1,0
febrl2,0.84,3491,1,1,1,1,0,1,0
febrl2,0.84,1575,1,1,1,1,0,1,0
febrl2,0.84,3420,1,1,1,1,0,1,0
febrl2,0.84,2447,4,1,4,1,0,1,0
febrl2,0.84,3077,1,1,1,1,0,1,0
febrl2,0.84,2566,1,1,1,1,0,1,0
febrl2,0.84,544,4,1,4,1,0,1,0
febrl2,0.84,409,1,1,1,1,0,1,0
febrl2,0.84,2686,4,1,4,1,0,1,0
febrl2,0.84,2572,5,1,5,1,0,1,0
febrl2,0.84,2934,4,1,4,1,0,1,0
febrl2,0.84,2950,1,1,1,1,0,1,0
febrl2,0.84,3216,1,1,1,1,0,1,0
febrl2,0.84,2713,1,1,1,1,0,1,0
febrl2,0.84,2597,1,1,1,1,0,1,0
febrl2,0.84,3482,1,1,1,1,0,1,0
febrl2,0.84,2833,1,1,1,1,0,1,0
febrl2,0.84,2506,1,1,1,1,0,1,0
febrl2,0.84,3160,3,1,3,1,0,1,0
febrl2,0.84,1364,1,1,1,1,0,1,0
febrl2,0.84,2375,1,1,1,1,0,1,0
febrl2,0.84,1990,1,1,1,1,0,1,0
febrl2,0.84,2400,1,1,1,1,0,1,0
febrl2,0.84,2476,1,1,1,1,0,1,0
febrl2,0.84,3699,1,1,1,1,0,1,0
febrl2,0.84,3928,1,1,1,1,0,1,0
febrl2,0.84,3527,1,1,1,1,0,1,0
febrl2,0.84,126,1,1,1,1,0,1,0
febrl2,0.84,1698,3,1,3,1,0,1,0
febrl2,0.84,367,1,1,1,1,0,1,0
febrl2,0.84,2075,1,1,1,1,0,1,0
febrl2,0.84,1069,1,1,1,1,0,1,0
febrl2,0.84,1809,1,1,1,1,0,1,0
febrl2,0.84,694,4,2,4,2,0,2,0
febrl2,0.84,3985,1,1,1,1,0,1,0
febrl2,0.84,3452,4,1,4,1,0,1,0
febrl2,0.84,2170,1,1,1,1,0,1,0
febrl2,0.84,1328,1,1,1,1,0,1,0
febrl2,0.84,2468,1,1,1,1,0,1,0
febrl2,0.84,688,1,1,1,1,0,1,0
febrl2,0.84,2698,1,1,1,1,0,1,0
febrl2,0.84,3285,1,1,1,1,0,1,0
febrl2,0.84,2949,1,1,1,1,0,1,0
febrl2,0.84,887,2,1,2,1,0,1,0
febrl2,0.84,861,1,1,1,1,0,1,0
febrl2,0.84,905,1,1,1,1,0,1,0
febrl2,0.84,83,1,1,1,1,0,1,0
febrl2,0.84,1234,1,1,1,1,0,1,0
febrl2,0.84,1549,1,1,1,1,0,1,0
febrl2,0.84,489,1,1,1,1,0,1,0
febrl2,0.84,1446,1,1,1,1,0,1,0
febrl2,0.84,2694,1,1,1,1,0,1,0
febrl2,0.84,1452,1,1,1,1,0,1,0
febrl2,0.84,824,1,1,1,1,0,1,0
febrl2,0.84,2767,1,1,1,1,0,1,0
febrl2,0.84,1242,1,1,1,1,0,1,0
febrl2,0.84,2998,3,1,3,1,0,1,0
febrl2,0.84,1113,1,1,1,1,0,1,0
febrl2,0.84,654,1,1,1,1,0,1,0
febrl2,0.84,2125,1,1,1,1,0,1,0
febrl2,0.84,334,1,1,1,1,0,1,0
febrl2,0.84,3139,1,1,1,1,0,1,0
febrl2,0.84,408,1,1,1,1,0,1,0
febrl2,0.84,1045,4,1,4,1,0,1,0
febrl2,0.84,902,3,1,3,1,0,1,0
febrl2,0.84,2666,1,1,1,1,0,1,0
febrl2,0.84,1056,1,1,1,1,0,1,0
febrl2,0.84,415,1,1,1,1,0,1,0
febrl2,0.84,2332,1,1,1,1,0,1,0
febrl2,0.84,1104,1,1,1,1,0,1,0
febrl2,0.84,3273,1,1,1,1,0,1,0
febrl2,0.84,1331,1,1,1,1,0,1,0
febrl2,0.84,1389,1,1,1,1,0,1,0
febrl2,0.84,2750,1,1,1,1,0,1,0
febrl2,0.84,2414,1,1,1,1,0,1,0
febrl2,0.84,2024,1,1,1,1,0,1,0
febrl2,0.84,1091,1,1,1,1,0,1,0
febrl2,0.84,1796,1,1,1,1,0,1,0
febrl2,0.84,1074,1,1,1,1,0,1,0
febrl2,0.84,3693,1,1,1,1,0,1,0
febrl2,0.84,1953,1,1,1,1,0,1,0
febrl2,0.84,3741,4,1,4,1,0,1,0
febrl2,0.84,1232,1,1,1,1,0,1,0
febrl2,0.84,2217,1,1,1,1,0,1,0
febrl2,0.84,99,1,1,1,1,0,1,0
febrl2,0.84,801,1,1,1,1,0,1,0
febrl2,0.84,2586,1,1,1,1,0,1,0
febrl2,0.84,2426,1,1,1,1,0,1,0
febrl2,0.84,995,1,1,1,1,0,1,0
febrl2,0.84,594,5,1,5,1,0,1,0
febrl2,0.84,2038,1,1,1,1,0,1,0
febrl2,0.84,3618,1,1,1,1,0,1,0
febrl2,0.84,3032,1,1,1,1,0,1,0
febrl2,0.84,2768,1,1,1,1,0,1,0
febrl2,0.84,1505,1,1,1,1,0,1,0
febrl2,0.84,447,5,1,5,1,0,1,0
febrl2,0.84,1190,1,1,1,1,0,1,0
febrl2,0.84,432,1,1,1,1,0,1,0
febrl2,0.84,1005,1,1,1,1,0,1,0
febrl2,0.84,280,1,1,1,1,0,1,0
febrl2,0.84,3598,1,1,1,1,0,1,0
febrl2,0.84,2868,1,1,1,1,0,1,0
febrl2,0.84,1655,1,1,1,1,0,1,0
febrl2,0.84,2092,1,1,1,1,0,1,0
febrl2,0.84,1246,1,1,1,1,0,1,0
febrl2,0.84,914,1,1,1,1,0,1,0
febrl2,0.84,1222,1,1,1,1,0,1,0
febrl2,0.84,2552,1,1,1,1,0,1,0
febrl2,0.84,553,1,1,1,1,0,1,0
febrl2,0.84,2298,1,1,1,1,0,1,0
febrl2,0.84,3217,1,1,1,1,0,1,0
febrl2,0.84,2600,1,1,1,1,0,1,0
febrl2,0.84,924,1,1,1,1,0,1,0
febrl2,0.84,3739,3,2,3,2,0,2,0
febrl2,0.84,1343,3,1,3,1,0,1,0
febrl2,0.84,1576,2,1,2,1,0,1,0
febrl2,0.84,1194,1,1,1,1,0,1,0
febrl2,0.84,865,1,1,1,1,0,1,0
febrl2,0.84,1879,1,1,1,1,0,1,0
febrl2,0.84,2604,1,1,1,1,0,1,0
febrl2,0.84,1746,1,1,1,1,0,1,0
febrl2,0.84,2773,1,1,1,1,0,1,0
febrl2,0.84,1188,1,1,1,1,0,1,0
febrl2,0.84,2161,1,1,1,1,0,1,0
febrl2,0.84,2028,1,1,1,1,0,1,0
febrl2,0.84,543,1,1,1,1,0,1,0
febrl2,0.84,2688,1,1,1,1,0,1,0
febrl2,0.84,643,1,1,1,1,0,1,0
febrl2,0.84,2932,1,1,1,1,0,1,0
febrl2,0.84,2882,1,1,1,1,0,1,0
febrl2,0.84,1989,1,1,1,1,0,1,0
febrl2,0.84,721,6,1,6,1,0,1,0
febrl2,0.84,2526,1,1,1,1,0,1,0
febrl2,0.84,2639,1,1,1,1,0,1,0
febrl2,0.84,2846,5,1,5,1,0,1,0
febrl2,0.84,90,1,1,1,1,0,1,0
febrl2,0.84,2199,1,1,1,1,0,1,0
febrl2,0.84,2205,1,1,1,1,0,1,0
febrl2,0.84,1108,1,1,1,1,0,1,0
febrl2,0.84,2201,2,1,2,1,0,1,0
febrl2,0.84,3951,1,1,1,1,0,1,0
febrl2,0.84,1175,1,1,1,1,0,1,0
febrl2,0.84,2410,1,1,1,1,0,1,0
febrl2,0.84,1334,1,1,1,1,0,1,0
febrl2,0.84,2086,1,1,1,1,0,1,0
febrl2,0.84,2379,2,1,2,1,0,1,0
febrl2,0.84,3302,1,1,1,1,0,1,0
febrl2,0.84,276,1,1,1,1,0,1,0
febrl2,0.84,3736,1,1,1,1,0,1,0
febrl2,0.84,1863,1,1,1,1,0,1,0
febrl2,0.84,3117,1,1,1,1,0,1,0
febrl2,0.84,1437,4,2,4,2,0,2,0
febrl2,0.84,68,1,1,1,1,0,1,0
febrl2,0.84,527,3,1,3,1,0,1,0
febrl2,0.84,3524,2,1,2,1,0,1,0
febrl2,0.84,2568,1,1,1,1,0,1,0
febrl2,0.84,1255,1,1,1,1,0,1,0
febrl2,0.84,1718,1,1,1,1,0,1,0
febrl2,0.84,3015,1,1,1,1,0,1,0
febrl2,0.84,605,1,1,1,1,0,1,0
febrl2,0.84,2844,1,1,1,1,0,1,0
febrl2,0.84,3590,1,1,1,1,0,1,0
febrl2,0.84,429,1,1,1,1,0,1,0
febrl2,0.84,1440,1,1,1,1,0,1,0
febrl2,0.84,3239,3,1,3,1,0,1,0
febrl2,0.84,2370,3,1,3,1,0,1,0
febrl2,0.84,1087,1,1,1,1,0,1,0
febrl2,0.84,1236,1,1,1,1,0,1,0
febrl2,0.84,2002,1,1,1,1,0,1,0
febrl2,0.84,1002,1,1,1,1,0,1,0
febrl2,0.84,3022,1,1,1,1,0,1,0
febrl2,0.84,898,1,1,1,1,0,1,0
febrl2,0.84,1747,1,1,1,1,0,1,0
febrl2,0.84,1613,1,1,1,1,0,1,0
febrl2,0.84,3718,1,1,1,1,0,1,0
febrl2,0.84,2127,2,1,2,1,0,1,0
febrl2,0.84,2701,1,1,1,1,0,1,0
febrl2,0.84,3610,1,1,1,1,0,1,0
febrl2,0.84,2346,1,1,1,1,0,1,0
febrl2,0.84,150,2,2,2,2,0,2,0
febrl2,0.84,929,1,1,1,1,0,1,0
febrl2,0.84,3818,1,1,1,1,0,1,0
febrl2,0.84,3607,1,1,1,1,0,1,0
febrl2,0.84,268,1,1,1,1,0,1,0
febrl2,0.84,2672,1,1,1,1,0,1,0
febrl2,0.84,637,1,1,1,1,0,1,0
febrl2,0.84,3677,4,1,4,1,0,1,0
febrl2,0.84,1138,1,1,1,1,0,1,0
febrl2,0.84,1610,1,1,1,1,0,1,0
febrl2,0.84,167,1,1,1,1,0,1,0
febrl2,0.84,2945,1,1,1,1,0,1,0
febrl2,0.84,252,1,1,1,1,0,1,0
febrl2,0.84,261,3,1,3,1,0,1,0
febrl2,0.84,2098,1,1,1,1,0,1,0
febrl2,0.84,3774,2,1,2,1,0,1,0
febrl2,0.84,3298,1,1,1,1,0,1,0
febrl2,0.84,2448,1,1,1,1,0,1,0
febrl2,0.84,233,1,1,1,1,0,1,0
febrl2,0.84,2620,1,1,1,1,0,1,0
febrl2,0.84,2269,1,1,1,1,0,1,0
febrl2,0.84,3803,1,1,1,1,0,1,0
febrl2,0.84,1447,1,1,1,1,0,1,0
febrl2,0.84,1422,1,1,1,1,0,1,0
febrl2,0.84,1899,1,1,1,1,0,1,0
febrl2,0.84,2314,2,2,2,2,0,2,0
febrl2,0.84,1603,1,1,1,1,0,1,0
febrl2,0.84,524,1,1,1,1,0,1,0
febrl2,0.84,1763,1,1,1,1,0,1,0
febrl2,0.84,1323,3,1,3,1,0,1,0
febrl2,0.84,2532,3,2,3,2,0,2,0
febrl2,0.84,2571,5,1,5,1,0,1,0
febrl2,0.84,1844,1,1,1,1,0,1,0
febrl2,0.84,959,1,1,1,1,0,1,0
febrl2,0.84,2585,1,1,1,1,0,1,0
febrl2,0.84,1160,1,1,1,1,0,1,0
febrl2,0.84,904,1,1,1,1,0,1,0
febrl2,0.84,3767,1,1,1,1,0,1,0
febrl2,0.84,1961,1,1,1,1,0,1,0
febrl2,0.84,1305,1,1,1,1,0,1,0
febrl2,0.84,1201,1,1,1,1,0,1,0
febrl2,0.84,3038,1,1,1,1,0,1,0
febrl2,0.84,419,4,2,4,2,0,2,0
febrl2,0.84,3571,1,1,1,1,0,1,0
febrl2,0.84,2668,1,1,1,1,0,1,0
febrl2,0.84,2015,1,1,1,1,0,1,0
febrl2,0.84,2419,1,1,1,1,0,1,0
febrl2,0.84,2154,1,1,1,1,0,1,0
febrl2,0.84,2794,1,1,1,1,0,1,0
febrl2,0.84,2802,3,1,3,1,0,1,0
febrl2,0.84,838,1,1,1,1,0,1,0
febrl2,0.84,96,1,1,1,1,0,1,0
febrl2,0.84,1291,1,1,1,1,0,1,0
febrl2,0.84,829,1,1,1,1,0,1,0
febrl2,0.84,2142,1,1,1,1,0,1,0
febrl2,0.84,100,4,1,4,1,0,1,0
febrl2,0.84,1489,1,1,1,1,0,1,0
febrl2,0.84,1997,1,1,1,1,0,1,0
febrl2,0.84,1453,1,1,1,1,0,1,0
febrl2,0.84,3980,2,1,2,1,0,1,0
febrl2,0.84,239,1,1,1,1,0,1,0
febrl2,0.84,3288,1,1,1,1,0,1,0
febrl2,0.84,1719,1,1,1,1,0,1,0
febrl2,0.84,3054,4,1,4,1,0,1,0
febrl2,0.84,2673,3,1,3,1,0,1,0
febrl2,0.84,3087,1,1,1,1,0,1,0
febrl2,0.84,1513,1,1,1,1,0,1,0
febrl2,0.84,3409,3,1,3,1,0,1,0
febrl2,0.84,1259,1,1,1,1,0,1,0
febrl2,0.84,1090,1,1,1,1,0,1,0
febrl2,0.84,1786,1,1,1,1,0,1,0
febrl2,0.84,1019,1,1,1,1,0,1,0
febrl2,0.84,3436,4,1,4,1,0,1,0
febrl2,0.84,3462,1,1,1,1,0,1,0
febrl2,0.84,1536,1,1,1,1,0,1,0
febrl2,0.84,119,1,1,1,1,0,1,0
febrl2,0.84,1774,1,1,1,1,0,1,0
febrl2,0.84,933,1,1,1,1,0,1,0
febrl2,0.84,332,1,1,1,1,0,1,0
febrl2,0.84,3335,1,1,1,1,0,1,0
febrl2,0.84,70,1,1,1,1,0,1,0
febrl2,0.84,2293,1,1,1,1,0,1,0
febrl2,0.84,3632,1,1,1,1,0,1,0
febrl2,0.84,2143,4,2,4,2,0,2,0
febrl2,0.84,2963,1,1,1,1,0,1,0
febrl2,0.84,31,1,1,1,1,0,1,0
febrl2,0.84,1756,1,1,1,1,0,1,0
febrl2,0.84,2992,1,1,1,1,0,1,0
febrl2,0.84,479,1,1,1,1,0,1,0
febrl2,0.84,2081,1,1,1,1,0,1,0
febrl2,0.84,768,2,1,2,1,0,1,0
febrl2,0.84,3520,1,1,1,1,0,1,0
febrl2,0.84,372,1,1,1,1,0,1,0
febrl2,0.84,2678,1,1,1,1,0,1,0
febrl2,0.84,1016,1,1,1,1,0,1,0
febrl2,0.84,736,1,1,1,1,0,1,0
febrl2,0.84,1757,1,1,1,1,0,1,0
febrl2,0.84,2716,1,1,1,1,0,1,0
febrl2,0.84,2714,1,1,1,1,0,1,0
febrl2,0.84,3256,1,1,1,1,0,1,0
febrl2,0.84,2267,2,1,2,1,0,1,0
febrl2,0.84,1000,1,1,1,1,0,1,0
febrl2,0.84,2328,2,1,2,1,0,1,0
febrl2,0.84,1782,1,1,1,1,0,1,0
febrl2,0.84,1157,1,1,1,1,0,1,0
febrl2,0.84,864,4,1,4,1,0,1,0
febrl2,0.84,190,1,1,1,1,0,1,0
febrl2,0.84,3069,1,1,1,1,0,1,0
febrl2,0.84,29,1,1,1,1,0,1,0
febrl2,0.84,1889,2,1,2,1,0,1,0
febrl2,0.84,3362,1,1,1,1,0,1,0
febrl2,0.84,3782,1,1,1,1,0,1,0
febrl2,0.84,2638,1,1,1,1,0,1,0
febrl2,0.84,445,1,1,1,1,0,1,0
febrl2,0.84,1009,1,1,1,1,0,1,0
febrl2,0.84,2729,1,1,1,1,0,1,0
febrl2,0.84,1154,3,2,3,2,0,2,0
febrl2,0.84,1977,1,1,1,1,0,1,0
febrl2,0.84,2519,1,1,1,1,0,1,0
febrl2,0.84,2319,1,1,1,1,0,1,0
febrl2,0.84,360,1,1,1,1,0,1,0
febrl2,0.84,1956,1,1,1,1,0,1,0
febrl2,0.84,3317,1,1,1,1,0,1,0
febrl2,0.84,3348,1,1,1,1,0,1,0
febrl2,0.84,2241,1,1,1,1,0,1,0
febrl2,0.84,1010,5,2,5,2,0,2,0
febrl2,0.84,3045,1,1,1,1,0,1,0
febrl2,0.84,1335,1,1,1,1,0,1,0
febrl2,0.84,3755,1,1,1,1,0,1,0
febrl2,0.84,535,1,1,1,1,0,1,0
febrl2,0.84,2324,1,1,1,1,0,1,0
febrl2,0.84,1147,1,1,1,1,0,1,0
febrl2,0.84,3444,1,1,1,1,0,1,0
febrl2,0.84,1957,1,1,1,1,0,1,0
febrl2,0.84,3769,3,1,3,1,0,1,0
febrl2,0.84,1161,3,1,3,1,0,1,0
febrl2,0.84,1290,1,1,1,1,0,1,0
febrl2,0.84,540,4,1,4,1,0,1,0
febrl2,0.84,2878,1,1,1,1,0,1,0
febrl2,0.84,3952,1,1,1,1,0,1,0
febrl2,0.84,3646,1,1,1,1,0,1,0
febrl2,0.84,3962,1,1,1,1,0,1,0
febrl2,0.84,1294,1,1,1,1,0,1,0
febrl2,0.84,3837,1,1,1,1,0,1,0
febrl2,0.84,3167,2,1,2,1,0,1,0
febrl2,0.84,2235,1,1,1,1,0,1,0
febrl2,0.84,1628,1,1,1,1,0,1,0
febrl2,0.84,1022,1,1,1,1,0,1,0
febrl2,0.84,2076,1,1,1,1,0,1,0
febrl2,0.84,1303,1,1,1,1,0,1,0
febrl2,0.84,2771,1,1,1,1,0,1,0
febrl2,0.84,3533,4,2,4,2,0,2,0
febrl2,0.84,687,1,1,1,1,0,1,0
febrl2,0.84,3461,1,1,1,1,0,1,0
febrl2,0.84,1699,1,1,1,1,0,1,0
febrl2,0.84,1191,1,1,1,1,0,1,0
febrl2,0.84,3717,1,1,1,1,0,1,0
febrl2,0.84,404,1,1,1,1,0,1,0
febrl2,0.84,1731,1,1,1,1,0,1,0
febrl2,0.84,986,1,1,1,1,0,1,0
febrl2,0.84,3226,1,1,1,1,0,1,0
febrl2,0.84,2919,1,1,1,1,0,1,0
febrl2,0.84,2489,1,1,1,1,0,1,0
febrl2,0.84,394,1,1,1,1,0,1,0
febrl2,0.84,2445,1,1,1,1,0,1,0
febrl2,0.84,640,6,1,6,1,0,1,0
febrl2,0.84,1488,1,1,1,1,0,1,0
febrl2,0.84,3410,1,1,1,1,0,1,0
febrl2,0.84,3154,1,1,1,1,0,1,0
febrl2,0.84,2903,1,1,1,1,0,1,0
febrl2,0.84,2565,4,1,4,1,0,1,0
febrl2,0.84,3972,2,1,2,1,0,1,0
febrl2,0.84,1776,1,1,1,1,0,1,0
febrl2,0.84,266,1,1,1,1,0,1,0
febrl2,0.84,443,1,1,1,1,0,1,0
febrl2,0.84,3550,3,1,3,1,0,1,0
febrl2,0.84,1189,1,1,1,1,0,1,0
febrl2,0.84,1918,1,1,1,1,0,1,0
febrl2,0.84,782,1,1,1,1,0,1,0
febrl2,0.84,2522,4,2,4,2,0,2,0
febrl2,0.84,3691,1,1,1,1,0,1,0
febrl2,0.84,2560,1,1,1,1,0,1,0
febrl2,0.84,2531,1,1,1,1,0,1,0
febrl2,0.84,3379,5,2,5,2,0,2,0
febrl2,0.84,362,1,1,1,1,0,1,0
febrl2,0.84,981,1,1,1,1,0,1,0
febrl2,0.84,3263,1,1,1,1,0,1,0
febrl2,0.84,2607,4,2,4,2,0,2,0
febrl2,0.84,1275,1,1,1,1,0,1,0
febrl2,0.84,517,6,1,6,1,0,1,0
febrl2,0.84,952,1,1,1,1,0,1,0
febrl2,0.84,2268,1,1,1,1,0,1,0
febrl2,0.84,2320,1,1,1,1,0,1,0
febrl2,0.84,1126,1,1,1,1,0,1,0
febrl2,0.84,497,1,1,1,1,0,1,0
febrl2,0.84,2466,1,1,1,1,0,1,0
febrl2,0.84,979,3,1,3,1,0,1,0
febrl2,0.84,3446,1,1,1,1,0,1,0
febrl2,0.84,3766,1,1,1,1,0,1,0
febrl2,0.84,3330,1,1,1,1,0,1,0
febrl2,0.84,2423,1,1,1,1,0,1,0
febrl2,0.84,28,1,1,1,1,0,1,0
febrl2,0.84,7,1,1,1,1,0,1,0
febrl2,0.84,2902,1,1,1,1,0,1,0
febrl2,0.84,2443,1,1,1,1,0,1,0
febrl2,0.84,1978,1,1,1,1,0,1,0
febrl2,0.84,1898,1,1,1,1,0,1,0
febrl2,0.84,977,2,1,2,1,0,1,0
febrl2,0.84,1663,3,1,3,1,0,1,0
febrl2,0.84,2928,3,2,3,2,0,2,0
febrl2,0.84,1682,1,1,1,1,0,1,0
febrl2,0.84,3320,1,1,1,1,0,1,0
febrl2,0.84,1955,1,1,1,1,0,1,0
febrl2,0.84,1692,4,1,4,1,0,1,0
febrl2,0.84,364,1,1,1,1,0,1,0
febrl2,0.84,1301,1,1,1,1,0,1,0
febrl2,0.84,2356,1,1,1,1,0,1,0
febrl2,0.84,780,2,1,2,1,0,1,0
febrl2,0.84,350,1,1,1,1,0,1,0
febrl2,0.84,1595,1,1,1,1,0,1,0
febrl2,0.84,48,1,1,1,1,0,1,0
febrl2,0.84,739,1,1,1,1,0,1,0
febrl2,0.84,2063,1,1,1,1,0,1,0
febrl2,0.84,2264,3,1,3,1,0,1,0
febrl2,0.84,632,1,1,1,1,0,1,0
febrl2,0.84,699,1,1,1,1,0,1,0
febrl2,0.84,2348,1,1,1,1,0,1,0
febrl2,0.84,1258,2,1,2,1,0,1,0
febrl2,0.84,2404,1,1,1,1,0,1,0
febrl2,0.84,2811,1,1,1,1,0,1,0
febrl2,0.84,2261,1,1,1,1,0,1,0
febrl2,0.84,2755,1,1,1,1,0,1,0
febrl2,0.84,3221,1,1,1,1,0,1,0
febrl2,0.84,616,1,1,1,1,0,1,0
febrl2,0.84,2842,1,1,1,1,0,1,0
febrl2,0.84,2985,1,1,1,1,0,1,0
febrl2,0.84,1519,3,1,3,1,0,1,0
febrl2,0.84,399,1,1,1,1,0,1,0
febrl2,0.84,2660,1,1,1,1,0,1,0
febrl2,0.84,2880,1,1,1,1,0,1,0
febrl2,0.84,3057,1,1,1,1,0,1,0
febrl2,0.84,3653,3,2,3,2,0,2,0
febrl2,0.84,1808,1,1,1,1,0,1,0
febrl2,0.84,589,5,1,5,1,0,1,0
febrl2,0.84,2938,4,1,4,1,0,1,0
febrl2,0.84,1078,1,1,1,1,0,1,0
febrl2,0.84,846,3,1,3,1,0,1,0
febrl2,0.84,3506,1,1,1,1,0,1,0
febrl2,0.84,351,1,1,1,1,0,1,0
febrl2,0.84,3839,4,1,4,1,0,1,0
febrl2,0.84,1135,1,1,1,1,0,1,0
febrl2,0.84,345,1,1,1,1,0,1,0
febrl2,0.84,513,1,1,1,1,0,1,0
febrl2,0.84,47,1,1,1,1,0,1,0
febrl2,0.84,1192,1,1,1,1,0,1,0
febrl2,0.84,228,1,1,1,1,0,1,0
febrl2,0.84,1271,1,1,1,1,0,1,0
febrl2,0.84,682,1,1,1,1,0,1,0
febrl2,0.84,1524,1,1,1,1,0,1,0
febrl2,0.84,2873,1,1,1,1,0,1,0
febrl2,0.84,2274,1,1,1,1,0,1,0
febrl2,0.84,1988,1,1,1,1,0,1,0
febrl2,0.84,2484,1,1,1,1,0,1,0
febrl2,0.84,329,1,1,1,1,0,1,0
febrl2,0.84,2280,1,1,1,1,0,1,0
febrl2,0.84,3244,1,1,1,1,0,1,0
febrl2,0.84,2004,1,1,1,1,0,1,0
febrl2,0.84,2224,1,1,1,1,0,1,0
febrl2,0.84,1306,3,1,3,1,0,1,0
febrl2,0.84,3088,1,1,1,1,0,1,0
febrl2,0.84,3516,1,1,1,1,0,1,0
febrl2,0.84,2625,1,1,1,1,0,1,0
febrl2,0.84,1168,1,1,1,1,0,1,0
febrl2,0.84,2653,1,1,1,1,0,1,0
febrl2,0.84,3412,1,1,1,1,0,1,0
febrl2,0.84,2392,1,1,1,1,0,1,0
febrl2,0.84,2772,1,1,1,1,0,1,0
febrl2,0.84,3734,1,1,1,1,0,1,0
febrl2,0.84,3142,4,1,4,1,0,1,0
febrl2,0.84,702,1,1,1,1,0,1,0
febrl2,0.84,745,1,1,1,1,0,1,0
febrl2,0.84,311,1,1,1,1,0,1,0
febrl2,0.84,2563,1,1,1,1,0,1,0
febrl2,0.84,2297,1,1,1,1,0,1,0
febrl2,0.84,1209,1,1,1,1,0,1,0
febrl2,0.84,1679,1,1,1,1,0,1,0
febrl2,0.84,1569,1,1,1,1,0,1,0
febrl2,0.84,3360,1,1,1,1,0,1,0
febrl2,0.84,1937,1,1,1,1,0,1,0
febrl2,0.84,3075,1,1,1,1,0,1,0
febrl2,0.84,3529,1,1,1,1,0,1,0
febrl2,0.84,3450,1,1,1,1,0,1,0
febrl2,0.84,993,1,1,1,1,0,1,0
febrl2,0.84,1905,1,1,1,1,0,1,0
febrl2,0.84,1641,1,1,1,1,0,1,0
febrl2,0.84,3081,1,1,1,1,0,1,0
febrl2,0.84,487,1,1,1,1,0,1,0
febrl2,0.84,1097,1,1,1,1,0,1,0
febrl2,0.84,1240,1,1,1,1,0,1,0
febrl2,0.84,674,1,1,1,1,0,1,0
febrl2,0.84,2677,1,1,1,1,0,1,0
febrl2,0.84,2906,1,1,1,1,0,1,0
febrl2,0.84,926,1,1,1,1,0,1,0
febrl2,0.84,3810,1,1,1,1,0,1,0
febrl2,0.84,3287,1,1,1,1,0,1,0
febrl2,0.84,3776,1,1,1,1,0,1,0
febrl2,0.84,3548,1,1,1,1,0,1,0
febrl2,0.84,33,1,1,1,1,0,1,0
febrl2,0.84,1700,1,1,1,1,0,1,0
febrl2,0.84,2465,1,1,1,1,0,1,0
febrl2,0.84,1901,1,1,1,1,0,1,0
febrl2,0.84,1269,2,1,2,1,0,1,0
febrl2,0.84,2708,1,1,1,1,0,1,0
febrl2,0.84,1467,1,1,1,1,0,1,0
febrl2,0.84,352,3,2,3,2,0,2,0
febrl2,0.84,532,1,1,1,1,0,1,0
febrl2,0.84,3068,1,1,1,1,0,1,0
febrl2,0.84,537,1,1,1,1,0,1,0
febrl2,0.84,507,1,1,1,1,0,1,0
febrl2,0.84,931,1,1,1,1,0,1,0
febrl2,0.84,3097,2,1,2,1,0,1,0
febrl2,0.84,359,1,1,1,1,0,1,0
febrl2,0.84,2682,1,1,1,1,0,1,0
febrl2,0.84,1197,1,1,1,1,0,1,0
febrl2,0.84,1539,1,1,1,1,0,1,0
febrl2,0.84,910,1,1,1,1,0,1,0
febrl2,0.84,2707,1,1,1,1,0,1,0
febrl2,0.84,548,1,1,1,1,0,1,0
febrl2,0.84,1673,1,1,1,1,0,1,0
febrl2,0.84,1725,1,1,1,1,0,1,0
febrl2,0.84,1769,1,1,1,1,0,1,0
febrl2,0.84,2467,6,1,6,1,0,1,0
febrl2,0.84,1458,1,1,1,1,0,1,0
febrl2,0.84,2863,1,1,1,1,0,1,0
febrl2,0.84,1765,1,1,1,1,0,1,0
febrl2,0.84,2608,1,1,1,1,0,1,0
febrl2,0.84,1150,1,1,1,1,0,1,0
febrl2,0.84,1024,1,1,1,1,0,1,0
febrl2,0.84,1454,1,1,1,1,0,1,0
febrl2,0.84,1435,1,1,1,1,0,1,0
febrl2,0.84,655,1,1,1,1,0,1,0
febrl2,0.84,2735,1,1,1,1,0,1,0
febrl2,0.84,472,1,1,1,1,0,1,0
febrl2,0.84,3082,1,1,1,1,0,1,0
febrl2,0.84,3783,1,1,1,1,0,1,0
febrl2,0.84,1336,4,1,4,1,0,1,0
febrl2,0.84,2853,4,1,4,1,0,1,0
febrl2,0.84,3383,1,1,1,1,0,1,0
febrl2,0.84,3583,1,1,1,1,0,1,0
febrl2,0.84,1085,1,1,1,1,0,1,0
febrl2,0.84,2137,1,1,1,1,0,1,0
febrl2,0.84,393,1,1,1,1,0,1,0
febrl2,0.84,3427,1,1,1,1,0,1,0
febrl2,0.84,889,1,1,1,1,0,1,0
febrl2,0.84,3884,1,1,1,1,0,1,0
febrl2,0.84,2697,1,1,1,1,0,1,0
febrl2,0.84,3110,1,1,1,1,0,1,0
febrl2,0.84,1502,1,1,1,1,0,1,0
febrl2,0.84,747,1,1,1,1,0,1,0
febrl2,0.84,1819,1,1,1,1,0,1,0
febrl2,0.84,1053,1,1,1,1,0,1,0
febrl2,0.84,1455,1,1,1,1,0,1,0
febrl2,0.84,1332,1,1,1,1,0,1,0
febrl2,0.84,1245,1,1,1,1,0,1,0
febrl2,0.84,2527,1,1,1,1,0,1,0
febrl2,0.84,2258,1,1,1,1,0,1,0
febrl2,0.84,802,2,1,2,1,0,1,0
febrl2,0.84,3654,1,1,1,1,0,1,0
febrl2,0.84,3023,1,1,1,1,0,1,0
febrl2,0.84,2245,1,1,1,1,0,1,0
febrl2,0.84,1420,1,1,1,1,0,1,0
febrl2,0.84,793,1,1,1,1,0,1,0
febrl2,0.84,2612,1,1,1,1,0,1,0
febrl2,0.84,2344,1,1,1,1,0,1,0
febrl2,0.84,653,1,1,1,1,0,1,0
febrl2,0.84,2814,1,1,1,1,0,1,0
febrl2,0.84,956,4,1,4,1,0,1,0
febrl2,0.84,3014,1,1,1,1,0,1,0
febrl2,0.84,3313,1,1,1,1,0,1,0
febrl2,0.84,418,1,1,1,1,0,1,0
febrl2,0.84,2202,1,1,1,1,0,1,0
febrl2,0.84,2283,2,1,2,1,0,1,0
febrl2,0.84,1929,1,1,1,1,0,1,0
febrl2,0.84,110,1,1,1,1,0,1,0
febrl2,0.84,3200,1,1,1,1,0,1,0
febrl2,0.84,3144,1,1,1,1,0,1,0
febrl2,0.84,1475,1,1,1,1,0,1,0
febrl2,0.84,942,1,1,1,1,0,1,0
febrl2,0.84,1289,1,1,1,1,0,1,0
febrl2,0.84,1239,1,1,1,1,0,1,0
febrl2,0.84,3089,1,1,1,1,0,1,0
febrl2,0.84,3668,1,1,1,1,0,1,0
febrl2,0.84,2721,1,1,1,1,0,1,0
febrl2,0.84,2065,1,1,1,1,0,1,0
febrl2,0.84,3706,1,1,1,1,0,1,0
febrl2,0.84,3429,1,1,1,1,0,1,0
febrl2,0.84,230,1,1,1,1,0,1,0
febrl2,0.84,2256,1,1,1,1,0,1,0
febrl2,0.84,3274,1,1,1,1,0,1,0
febrl2,0.84,163,1,1,1,1,0,1,0
febrl2,0.84,2594,1,1,1,1,0,1,0
febrl2,0.84,997,1,1,1,1,0,1,0
febrl2,0.84,560,1,1,1,1,0,1,0
febrl2,0.84,738,1,1,1,1,0,1,0
febrl2,0.84,1512,1,1,1,1,0,1,0
febrl2,0.84,2689,1,1,1,1,0,1,0
febrl2,0.84,3569,1,1,1,1,0,1,0
febrl2,0.84,625,1,1,1,1,0,1,0
febrl2,0.84,3191,1,1,1,1,0,1,0
febrl2,0.84,3336,1,1,1,1,0,1,0
febrl2,0.84,3372,1,1,1,1,0,1,0
febrl2,0.84,460,1,1,1,1,0,1,0
febrl2,0.84,2013,1,1,1,1,0,1,0
febrl2,0.84,3269,1,1,1,1,0,1,0
febrl2,0.84,3253,1,1,1,1,0,1,0
febrl2,0.84,2100,1,1,1,1,0,1,0
febrl2,0.84,830,1,1,1,1,0,1,0
febrl2,0.84,1976,1,1,1,1,0,1,0
febrl2,0.84,2494,1,1,1,1,0,1,0
febrl2,0.84,76,4,1,4,1,0,1,0
febrl2,0.84,863,1,1,1,1,0,1,0
febrl2,0.84,3238,1,1,1,1,0,1,0
febrl2,0.84,1118,1,1,1,1,0,1,0
febrl2,0.84,1349,3,2,3,2,0,2,0
febrl2,0.84,291,1,1,1,1,0,1,0
febrl2,0.84,2741,1,1,1,1,0,1,0
febrl2,0.84,3954,1,1,1,1,0,1,0
febrl2,0.84,1392,1,1,1,1,0,1,0
febrl2,0.84,2997,1,1,1,1,0,1,0
febrl2,0.84,3276,1,1,1,1,0,1,0
febrl2,0.84,2554,1,1,1,1,0,1,0
febrl2,0.84,3464,1,1,1,1,0,1,0
febrl2,0.84,3703,5,1,5,1,0,1,0
febrl2,0.84,1775,2,1,2,1,0,1,0
febrl2,0.84,1057,1,1,1,1,0,1,0
febrl2,0.84,629,1,1,1,1,0,1,0
febrl2,0.84,3404,3,2,3,2,0,2,0
febrl2,0.84,894,1,1,1,1,0,1,0
febrl2,0.84,1493,4,1,4,1,0,1,0
febrl2,0.84,56,1,1,1,1,0,1,0
febrl2,0.84,3791,3,2,3,2,0,2,0
febrl2,0.84,1073,1,1,1,1,0,1,0
febrl2,0.84,542,2,1,2,1,0,1,0
febrl2,0.84,1333,1,1,1,1,0,1,0
febrl2,0.84,2792,1,1,1,1,0,1,0
febrl2,0.84,3986,1,1,1,1,0,1,0
febrl2,0.84,3711,1,1,1,1,0,1,0
febrl2,0.84,3704,5,1,5,1,0,1,0
febrl2,0.84,852,1,1,1,1,0,1,0
febrl2,0.84,568,1,1,1,1,0,1,0
febrl2,0.84,634,1,1,1,1,0,1,0
febrl2,0.84,2431,1,1,1,1,0,1,0
febrl2,0.84,1457,5,1,5,1,0,1,0
febrl2,0.84,392,1,1,1,1,0,1,0
febrl2,0.84,3438,1,1,1,1,0,1,0
febrl2,0.84,953,1,1,1,1,0,1,0
febrl2,0.84,831,1,1,1,1,0,1,0
febrl2,0.84,3596,1,1,1,1,0,1,0
febrl2,0.84,234,1,1,1,1,0,1,0
febrl2,0.84,796,3,1,3,1,0,1,0
febrl2,0.84,855,1,1,1,1,0,1,0
febrl2,0.84,2335,1,1,1,1,0,1,0
febrl2,0.84,1421,1,1,1,1,0,1,0
febrl2,0.84,2679,4,1,4,1,0,1,0
febrl2,0.84,279,1,1,1,1,0,1,0
febrl2,0.84,820,1,1,1,1,0,1,0
febrl2,0.84,759,1,1,1,1,0,1,0
febrl2,0.84,2968,1,1,1,1,0,1,0
febrl2,0.84,2381,1,1,1,1,0,1,0
febrl2,0.84,2287,1,1,1,1,0,1,0
febrl2,0.84,175,1,1,1,1,0,1,0
febrl2,0.84,3231,4,2,4,2,0,2,0
febrl2,0.84,3827,4,1,4,1,0,1,0
febrl2,0.84,1913,1,1,1,1,0,1,0
febrl2,0.84,1521,2,1,2,1,0,1,0
febrl2,0.84,3447,2,1,2,1,0,1,0
febrl2,0.84,183,3,1,3,1,0,1,0
febrl2,0.84,601,1,1,1,1,0,1,0
febrl2,0.84,1212,1,1,1,1,0,1,0
febrl2,0.84,105,1,1,1,1,0,1,0
febrl2,0.84,2053,1,1,1,1,0,1,0
febrl2,0.84,2995,1,1,1,1,0,1,0
febrl2,0.84,1527,1,1,1,1,0,1,0
febrl2,0.84,3140,1,1,1,1,0,1,0
febrl2,0.84,1040,1,1,1,1,0,1,0
febrl2,0.84,3007,1,1,1,1,0,1,0
febrl2,0.84,2212,1,1,1,1,0,1,0
febrl2,0.84,1171,1,1,1,1,0,1,0
febrl2,0.84,1995,1,1,1,1,0,1,0
febrl2,0.84,1469,1,1,1,1,0,1,0
febrl2,0.84,2766,1,1,1,1,0,1,0
febrl2,0.84,2428,1,1,1,1,0,1,0
febrl2,0.84,1644,1,1,1,1,0,1,0
febrl2,0.84,169,1,1,1,1,0,1,0
febrl2,0.84,2337,3,1,3,1,0,1,0
febrl2,0.84,315,1,1,1,1,0,1,0
febrl2,0.84,3834,1,1,1,1,0,1,0
febrl2,0.84,3184,1,1,1,1,0,1,0
febrl2,0.84,3946,1,1,1,1,0,1,0
febrl2,0.84,1585,5,1,5,1,0,1,0
febrl2,0.84,2451,1,1,1,1,0,1,0
febrl2,0.84,3323,1,1,1,1,0,1,0
febrl2,0.84,1076,1,1,1,1,0,1,0
febrl2,0.84,2847,1,1,1,1,0,1,0
febrl2,0.84,42,1,1,1,1,0,1,0
febrl2,0.84,3011,1,1,1,1,0,1,0
febrl2,0.84,732,1,1,1,1,0,1,0
febrl2,0.84,2213,1,1,1,1,0,1,0
febrl2,0.84,2983,1,1,1,1,0,1,0
febrl2,0.84,2562,1,1,1,1,0,1,0
febrl2,0.84,2920,1,1,1,1,0,1,0
febrl2,0.84,223,1,1,1,1,0,1,0
febrl2,0.84,3984,1,1,1,1,0,1,0
febrl2,0.84,900,1,1,1,1,0,1,0
febrl2,0.84,1363,1,1,1,1,0,1,0
febrl2,0.84,752,1,1,1,1,0,1,0
febrl2,0.84,2962,1,1,1,1,0,1,0
febrl2,0.84,946,1,1,1,1,0,1,0
febrl2,0.84,2589,1,1,1,1,0,1,0
febrl2,0.84,1749,1,1,1,1,0,1,0
febrl2,0.84,1403,1,1,1,1,0,1,0
febrl2,0.84,492,3,2,3,2,0,2,0
febrl2,0.84,3266,1,1,1,1,0,1,0
febrl2,0.84,406,1,1,1,1,0,1,0
febrl2,0.84,2452,1,1,1,1,0,1,0
febrl2,0.84,1133,2,1,2,1,0,1,0
febrl2,0.84,3789,1,1,1,1,0,1,0
febrl2,0.84,3204,1,1,1,1,0,1,0
febrl2,0.84,1373,1,1,1,1,0,1,0
febrl2,0.84,3998,1,1,1,1,0,1,0
febrl2,0.84,1862,1,1,1,1,0,1,0
febrl2,0.84,2364,1,1,1,1,0,1,0
febrl2,0.84,1044,1,1,1,1,0,1,0
febrl2,0.84,1359,1,1,1,1,0,1,0
febrl2,0.84,949,1,1,1,1,0,1,0
febrl2,0.84,1367,1,1,1,1,0,1,0
febrl2,0.84,2573,1,1,1,1,0,1,0
febrl2,0.84,135,1,1,1,1,0,1,0
febrl2,0.84,2259,1,1,1,1,0,1,0
febrl2,0.84,3128,1,1,1,1,0,1,0
febrl2,0.84,2578,1,1,1,1,0,1,0
febrl2,0.84,1172,3,1,3,1,0,1,0
febrl2,0.84,2021,1,1,1,1,0,1,0
febrl2,0.84,1307,1,1,1,1,0,1,0
febrl2,0.84,2648,1,1,1,1,0,1,0
febrl2,0.84,2761,1,1,1,1,0,1,0
febrl2,0.84,514,1,1,1,1,0,1,0
febrl2,0.84,798,1,1,1,1,0,1,0
febrl2,0.84,3544,1,1,1,1,0,1,0
febrl2,0.84,3949,4,2,4,2,0,2,0
febrl2,0.84,2032,1,1,1,1,0,1,0
febrl2,0.84,3660,1,1,1,1,0,1,0
febrl2,0.84,2208,1,1,1,1,0,1,0
febrl2,0.84,1619,1,1,1,1,0,1,0
febrl2,0.84,615,1,1,1,1,0,1,0
febrl2,0.84,2347,1,1,1,1,0,1,0
febrl2,0.84,2786,1,1,1,1,0,1,0
febrl2,0.84,1712,4,1,4,1,0,1,0
febrl2,0.84,3137,1,1,1,1,0,1,0
febrl2,0.84,2611,1,1,1,1,0,1,0
febrl2,0.84,1567,1,1,1,1,0,1,0
febrl2,0.84,2825,1,1,1,1,0,1,0
febrl2,0.84,1897,1,1,1,1,0,1,0
febrl2,0.84,886,1,1,1,1,0,1,0
febrl2,0.84,652,1,1,1,1,0,1,0
febrl2,0.84,62,3,1,3,1,0,1,0
febrl2,0.84,733,1,1,1,1,0,1,0
febrl2,0.84,2495,1,1,1,1,0,1,0
febrl2,0.84,3494,1,1,1,1,0,1,0
febrl2,0.84,1618,1,1,1,1,0,1,0
febrl2,0.84,684,1,1,1,1,0,1,0
febrl2,0.84,2072,1,1,1,1,0,1,0
febrl2,0.84,3787,1,1,1,1,0,1,0
febrl2,0.84,2952,1,1,1,1,0,1,0
febrl2,0.84,2112,1,1,1,1,0,1,0
febrl2,0.84,338,1,1,1,1,0,1,0
febrl2,0.84,879,1,1,1,1,0,1,0
febrl2,0.84,2427,3,1,3,1,0,1,0
febrl2,0.84,1463,1,1,1,1,0,1,0
febrl2,0.84,1816,1,1,1,1,0,1,0
febrl2,0.84,2048,1,1,1,1,0,1,0
febrl2,0.84,3442,1,1,1,1,0,1,0
febrl2,0.84,1608,1,1,1,1,0,1,0
febrl2,0.84,2132,1,1,1,1,0,1,0
febrl2,0.84,710,1,1,1,1,0,1,0
febrl2,0.84,1252,3,1,3,1,0,1,0
febrl2,0.84,3406,2,1,2,1,0,1,0
febrl2,0.84,1589,1,1,1,1,0,1,0
febrl2,0.84,1917,1,1,1,1,0,1,0
febrl2,0.84,1631,1,1,1,1,0,1,0
febrl2,0.84,140,1,1,1,1,0,1,0
febrl2,0.84,2384,3,1,3,1,0,1,0
febrl2,0.84,2815,4,1,4,1,0,1,0
febrl2,0.84,1491,1,1,1,1,0,1,0
febrl2,0.84,728,1,1,1,1,0,1,0
febrl2,0.84,2060,1,1,1,1,0,1,0
febrl2,0.84,873,1,1,1,1,0,1,0
febrl2,0.84,1501,1,1,1,1,0,1,0
febrl2,0.84,485,1,1,1,1,0,1,0
febrl2,0.84,1883,1,1,1,1,0,1,0
febrl2,0.84,2145,3,1,3,1,0,1,0
febrl2,0.84,1355,4,1,4,1,0,1,0
febrl2,0.84,3970,3,1,3,1,0,1,0
febrl2,0.84,1815,1,1,1,1,0,1,0
febrl2,0.84,3225,1,1,1,1,0,1,0
febrl2,0.84,2621,1,1,1,1,0,1,0
febrl2,0.84,1561,1,1,1,1,0,1,0
febrl2,0.84,3441,1,1,1,1,0,1,0
febrl2,0.84,166,1,1,1,1,0,1,0
febrl2,0.84,878,3,1,3,1,0,1,0
febrl2,0.84,1003,1,1,1,1,0,1,0
febrl2,0.84,3969,1,1,1,1,0,1,0
febrl2,0.84,51,1,1,1,1,0,1,0
febrl2,0.84,3917,1,1,1,1,0,1,0
febrl2,0.84,1025,1,1,1,1,0,1,0
febrl2,0.84,2365,1,1,1,1,0,1,0
febrl2,0.84,1835,1,1,1,1,0,1,0
febrl2,0.84,3331,1,1,1,1,0,1,0
febrl2,0.84,335,1,1,1,1,0,1,0
febrl2,0.84,3567,1,1,1,1,0,1,0
febrl2,0.84,1744,1,1,1,1,0,1,0
febrl2,0.84,1542,1,1,1,1,0,1,0
febrl2,0.84,2886,1,1,1,1,0,1,0
febrl2,0.84,287,3,1,3,1,0,1,0
febrl2,0.84,1606,1,1,1,1,0,1,0
febrl2,0.84,2966,1,1,1,1,0,1,0
febrl2,0.84,1799,1,1,1,1,0,1,0
febrl2,0.84,1683,1,1,1,1,0,1,0
febrl2,0.84,289,2,1,2,1,0,1,0
febrl2,0.84,3742,1,1,1,1,0,1,0
febrl2,0.84,2955,1,1,1,1,0,1,0
febrl2,0.84,3662,1,1,1,1,0,1,0
febrl2,0.84,2018,1,1,1,1,0,1,0
febrl2,0.84,3388,1,1,1,1,0,1,0
febrl2,0.84,2225,1,1,1,1,0,1,0
febrl2,0.84,3992,1,1,1,1,0,1,0
febrl2,0.84,811,1,1,1,1,0,1,0
febrl2,0.84,3819,1,1,1,1,0,1,0
febrl2,0.84,381,1,1,1,1,0,1,0
febrl2,0.84,3565,4,2,4,2,0,2,0
febrl2,0.84,2752,1,1,1,1,0,1,0
febrl2,0.84,962,1,1,1,1,0,1,0
febrl2,0.84,3050,1,1,1,1,0,1,0
febrl2,0.84,1982,1,1,1,1,0,1,0
febrl2,0.84,2056,1,1,1,1,0,1,0
febrl2,0.84,1931,1,1,1,1,0,1,0
febrl2,0.84,2138,1,1,1,1,0,1,0
febrl2,0.84,689,1,1,1,1,0,1,0
febrl2,0.84,1418,1,1,1,1,0,1,0
febrl2,0.84,3093,1,1,1,1,0,1,0
febrl2,0.84,1227,1,1,1,1,0,1,0
febrl2,0.84,156,1,1,1,1,0,1,0
febrl2,0.84,1914,1,1,1,1,0,1,0
febrl2,0.84,2969,1,1,1,1,0,1,0
febrl2,0.84,3212,1,1,1,1,0,1,0
febrl2,0.84,1806,1,1,1,1,0,1,0
febrl2,0.84,563,1,1,1,1,0,1,0
febrl2,0.84,2399,1,1,1,1,0,1,0
febrl2,0.84,3900,1,1,1,1,0,1,0
febrl2,0.84,2055,1,1,1,1,0,1,0
febrl2,0.84,2315,1,1,1,1,0,1,0
febrl2,0.84,3098,1,1,1,1,0,1,0
febrl2,0.84,2894,1,1,1,1,0,1,0
febrl2,0.84,2910,1,1,1,1,0,1,0
febrl2,0.84,278,1,1,1,1,0,1,0
febrl2,0.84,3559,1,1,1,1,0,1,0
febrl2,0.84,2782,1,1,1,1,0,1,0
febrl2,0.84,602,1,1,1,1,0,1,0
febrl2,0.84,3844,1,1,1,1,0,1,0
febrl2,0.84,2769,1,1,1,1,0,1,0
febrl2,0.84,8,1,1,1,1,0,1,0
febrl2,0.84,2544,5,1,5,1,0,1,0
febrl2,0.84,1395,1,1,1,1,0,1,0
febrl2,0.84,3338,1,1,1,1,0,1,0
febrl2,0.84,2988,1,1,1,1,0,1,0
febrl2,0.84,247,3,1,3,1,0,1,0
febrl2,0.84,2464,1,1,1,1,0,1,0
febrl2,0.84,464,1,1,1,1,0,1,0
febrl2,0.84,3625,1,1,1,1,0,1,0
febrl2,0.84,250,1,1,1,1,0,1,0
febrl2,0.84,16,1,1,1,1,0,1,0
febrl2,0.84,3953,1,1,1,1,0,1,0
febrl2,0.84,3283,1,1,1,1,0,1,0
febrl2,0.84,2478,1,1,1,1,0,1,0
febrl2,0.84,127,1,1,1,1,0,1,0
febrl2,0.84,2196,4,1,4,1,0,1,0
febrl2,0.84,975,1,1,1,1,0,1,0
febrl2,0.84,3849,1,1,1,1,0,1,0
febrl2,0.84,725,1,1,1,1,0,1,0
febrl2,0.84,2001,1,1,1,1,0,1,0
febrl2,0.84,554,1,1,1,1,0,1,0
febrl2,0.84,1716,1,1,1,1,0,1,0
febrl2,0.84,3780,1,1,1,1,0,1,0
febrl2,0.84,1116,1,1,1,1,0,1,0
febrl2,0.84,133,1,1,1,1,0,1,0
febrl2,0.84,159,1,1,1,1,0,1,0
febrl2,0.84,2144,1,1,1,1,0,1,0
febrl2,0.84,1677,4,1,4,1,0,1,0
febrl2,0.84,1352,1,1,1,1,0,1,0
febrl2,0.84,2167,1,1,1,1,0,1,0
febrl2,0.84,1185,1,1,1,1,0,1,0
febrl2,0.84,3145,1,1,1,1,0,1,0
febrl2,0.84,1503,1,1,1,1,0,1,0
febrl2,0.84,1792,1,1,1,1,0,1,0
febrl2,0.84,1717,1,1,1,1,0,1,0
febrl2,0.84,2068,1,1,1,1,0,1,0
febrl2,0.84,1837,1,1,1,1,0,1,0
febrl2,0.84,3915,1,1,1,1,0,1,0
febrl2,0.84,1672,2,2,2,2,0,2,0
febrl2,0.84,3127,1,1,1,1,0,1,0
febrl2,0.84,3893,1,1,1,1,0,1,0
febrl2,0.84,3293,1,1,1,1,0,1,0
febrl2,0.84,2534,1,1,1,1,0,1,0
febrl2,0.84,2749,1,1,1,1,0,1,0
febrl2,0.84,3431,1,1,1,1,0,1,0
febrl2,0.84,333,1,1,1,1,0,1,0
febrl2,0.84,2158,1,1,1,1,0,1,0
febrl2,0.84,3357,1,1,1,1,0,1,0
febrl2,0.84,462,1,1,1,1,0,1,0
febrl2,0.84,857,1,1,1,1,0,1,0
febrl2,0.84,458,1,1,1,1,0,1,0
febrl2,0.84,2033,1,1,1,1,0,1,0
febrl2,0.84,3356,1,1,1,1,0,1,0
febrl2,0.84,448,1,1,1,1,0,1,0
febrl2,0.84,2649,1,1,1,1,0,1,0
febrl2,0.84,1745,3,1,3,1,0,1,0
febrl2,0.84,2704,1,1,1,1,0,1,0
febrl2,0.84,1884,1,1,1,1,0,1,0
febrl2,0.84,1826,1,1,1,1,0,1,0
febrl2,0.84,1681,1,1,1,1,0,1,0
febrl2,0.84,2781,1,1,1,1,0,1,0
febrl2,0.84,3802,1,1,1,1,0,1,0
febrl2,0.84,3821,1,1,1,1,0,1,0
febrl2,0.84,3017,1,1,1,1,0,1,0
febrl2,0.84,1510,2,1,2,1,0,1,0
febrl2,0.84,2984,1,1,1,1,0,1,0
febrl2,0.84,1093,1,1,1,1,0,1,0
febrl2,0.84,2629,1,1,1,1,0,1,0
febrl2,0.84,3073,3,1,3,1,0,1,0
febrl2,0.84,1270,1,1,1,1,0,1,0
febrl2,0.84,3600,2,1,2,1,0,1,0
febrl2,0.84,3936,1,1,1,1,0,1,0
febrl2,0.84,2599,1,1,1,1,0,1,0
febrl2,0.84,1943,4,1,4,1,0,1,0
febrl2,0.84,3589,1,1,1,1,0,1,0
febrl2,0.84,441,1,1,1,1,0,1,0
febrl2,0.84,2787,1,1,1,1,0,1,0
febrl2,0.84,3942,1,1,1,1,0,1,0
febrl2,0.84,424,1,1,1,1,0,1,0
febrl2,0.84,3224,1,1,1,1,0,1,0
febrl2,0.84,57,1,1,1,1,0,1,0
febrl2,0.84,434,1,1,1,1,0,1,0
febrl2,0.84,3449,1,1,1,1,0,1,0
febrl2,0.84,433,1,1,1,1,0,1,0
febrl2,0.84,3053,1,1,1,1,0,1,0
febrl2,0.84,662,1,1,1,1,0,1,0
febrl2,0.84,2237,1,1,1,1,0,1,0
febrl2,0.84,1325,1,1,1,1,0,1,0
febrl2,0.84,2104,1,1,1,1,0,1,0
febrl2,0.84,104,1,1,1,1,0,1,0
febrl2,0.84,1634,1,1,1,1,0,1,0
febrl2,0.84,3422,1,1,1,1,0,1,0
febrl2,0.84,3465,1,1,1,1,0,1,0
febrl2,0.84,2876,1,1,1,1,0,1,0
febrl2,0.84,1055,1,1,1,1,0,1,0
febrl2,0.84,2858,1,1,1,1,0,1,0
febrl2,0.84,160,1,1,1,1,0,1,0
febrl2,0.84,2555,1,1,1,1,0,1,0
febrl2,0.84,2180,1,1,1,1,0,1,0
febrl2,0.84,2951,1,1,1,1,0,1,0
febrl2,0.84,1128,1,1,1,1,0,1,0
febrl2,0.84,3576,1,1,1,1,0,1,0
febrl2,0.84,3908,1,1,1,1,0,1,0
febrl2,0.84,3620,1,1,1,1,0,1,0
febrl2,0.84,2879,3,2,3,2,0,2,0
febrl2,0.84,1358,1,1,1,1,0,1,0
febrl2,0.84,2662,1,1,1,1,0,1,0
febrl2,0.84,2596,1,1,1,1,0,1,0
febrl2,0.84,397,1,1,1,1,0,1,0
febrl2,0.84,1528,3,1,3,1,0,1,0
febrl2,0.84,3987,1,1,1,1,0,1,0
febrl2,0.84,3364,1,1,1,1,0,1,0
febrl2,0.84,525,1,1,1,1,0,1,0
febrl2,0.84,1410,1,1,1,1,0,1,0
febrl2,0.84,808,1,1,1,1,0,1,0
febrl2,0.84,1293,1,1,1,1,0,1,0
febrl2,0.84,564,1,1,1,1,0,1,0
febrl2,0.84,2061,1,1,1,1,0,1,0
febrl2,0.84,2542,1,1,1,1,0,1,0
febrl2,0.84,431,4,2,4,2,0,2,0
febrl2,0.84,1124,1,1,1,1,0,1,0
febrl2,0.84,2813,1,1,1,1,0,1,0
febrl2,0.84,3568,1,1,1,1,0,1,0
febrl2,0.84,3761,2,1,2,1,0,1,0
febrl2,0.84,2139,1,1,1,1,0,1,0
febrl2,0.84,1791,1,1,1,1,0,1,0
febrl2,0.84,2103,1,1,1,1,0,1,0
febrl2,0.84,1052,5,1,5,1,0,1,0
febrl2,0.84,595,1,1,1,1,0,1,0
febrl2,0.84,3485,1,1,1,1,0,1,0
febrl2,0.84,945,1,1,1,1,0,1,0
febrl2,0.84,2491,1,1,1,1,0,1,0
febrl2,0.84,1486,1,1,1,1,0,1,0
febrl2,0.84,1494,1,1,1,1,0,1,0
febrl2,0.84,1426,1,1,1,1,0,1,0
febrl2,0.84,3369,1,1,1,1,0,1,0
febrl2,0.84,2857,1,1,1,1,0,1,0
febrl2,0.84,2090,1,1,1,1,0,1,0
febrl2,0.84,579,1,1,1,1,0,1,0
febrl2,0.84,2025,1,1,1,1,0,1,0
febrl2,0.84,3615,1,1,1,1,0,1,0
febrl2,0.84,1540,1,1,1,1,0,1,0
febrl2,0.84,2736,1,1,1,1,0,1,0
febrl2,0.84,2663,1,1,1,1,0,1,0
febrl2,0.84,1550,1,1,1,1,0,1,0
febrl2,0.84,3483,1,1,1,1,0,1,0
febrl2,0.84,2035,1,1,1,1,0,1,0
febrl2,0.84,2135,3,1,3,1,0,1,0
febrl2,0.84,2747,1,1,1,1,0,1,0
febrl2,0.84,41,1,1,1,1,0,1,0
febrl2,0.84,422,1,1,1,1,0,1,0
febrl2,0.84,511,1,1,1,1,0,1,0
febrl2,0.84,1626,1,1,1,1,0,1,0
febrl2,0.84,302,1,1,1,1,0,1,0
febrl2,0.84,2036,1,1,1,1,0,1,0
febrl2,0.84,2059,1,1,1,1,0,1,0
febrl2,0.84,883,1,1,1,1,0,1,0
febrl2,0.84,2311,1,1,1,1,0,1,0
febrl2,0.84,1279,1,1,1,1,0,1,0
febrl2,0.84,323,1,1,1,1,0,1,0
febrl2,0.84,2843,1,1,1,1,0,1,0
febrl2,0.84,957,1,1,1,1,0,1,0
febrl2,0.84,2851,1,1,1,1,0,1,0
febrl2,0.84,3255,1,1,1,1,0,1,0
febrl2,0.84,1060,1,1,1,1,0,1,0
febrl2,0.84,3353,1,1,1,1,0,1,0
febrl2,0.84,186,1,1,1,1,0,1,0
febrl2,0.84,3566,3,1,3,1,0,1,0
febrl2,0.84,3864,1,1,1,1,0,1,0
febrl2,0.84,3948,1,1,1,1,0,1,0
febrl2,0.84,3381,1,1,1,1,0,1,0
febrl2,0.84,64,1,1,1,1,0,1,0
febrl2,0.84,480,1,1,1,1,0,1,0
febrl2,0.84,1273,1,1,1,1,0,1,0
febrl2,0.84,1195,1,1,1,1,0,1,0
febrl2,0.84,3175,1,1,1,1,0,1,0
febrl2,0.84,2548,1,1,1,1,0,1,0
febrl2,0.84,2302,1,1,1,1,0,1,0
febrl2,0.84,3129,1,1,1,1,0,1,0
febrl2,0.84,1543,3,1,3,1,0,1,0
febrl2,0.84,2758,1,1,1,1,0,1,0
febrl2,0.84,1573,1,1,1,1,0,1,0
febrl2,0.84,2141,1,1,1,1,0,1,0
febrl2,0.84,3515,1,1,1,1,0,1,0
febrl2,0.84,2575,1,1,1,1,0,1,0
febrl2,0.84,1102,1,1,1,1,0,1,0
febrl2,0.84,3086,3,1,3,1,0,1,0
febrl2,0.84,2744,3,1,3,1,0,1,0
febrl2,0.84,1030,1,1,1,1,0,1,0
febrl2,0.84,2757,1,1,1,1,0,1,0
febrl2,0.84,1144,1,1,1,1,0,1,0
febrl2,0.84,344,1,1,1,1,0,1,0
febrl2,0.84,3681,1,1,1,1,0,1,0
febrl2,0.84,1730,1,1,1,1,0,1,0
febrl2,0.84,17,1,1,1,1,0,1,0
febrl2,0.84,1362,1,1,1,1,0,1,0
febrl2,0.84,198,1,1,1,1,0,1,0
febrl2,0.84,2545,3,2,3,2,0,2,0
febrl2,0.84,1735,1,1,1,1,0,1,0
febrl2,0.84,3797,1,1,1,1,0,1,0
febrl2,0.84,3484,1,1,1,1,0,1,0
febrl2,0.84,3361,1,1,1,1,0,1,0
febrl2,0.84,3229,1,1,1,1,0,1,0
febrl2,0.84,2389,1,1,1,1,0,1,0
febrl2,0.84,1461,1,1,1,1,0,1,0
febrl2,0.84,845,1,1,1,1,0,1,0
febrl2,0.84,3543,1,1,1,1,0,1,0
febrl2,0.84,2948,1,1,1,1,0,1,0
febrl2,0.84,1768,1,1,1,1,0,1,0
febrl2,0.84,1920,1,1,1,1,0,1,0
febrl2,0.84,2553,1,1,1,1,0,1,0
febrl2,0.84,3649,1,1,1,1,0,1,0
febrl2,0.84,834,1,1,1,1,0,1,0
febrl2,0.84,2455,1,1,1,1,0,1,0
febrl2,0.84,1866,2,1,2,1,0,1,0
febrl2,0.84,32,1,1,1,1,0,1,0
febrl2,0.84,501,1,1,1,1,0,1,0
febrl2,0.84,2501,1,1,1,1,0,1,0
febrl2,0.84,164,1,1,1,1,0,1,0
febrl2,0.84,2184,1,1,1,1,0,1,0
febrl2,0.84,2901,1,1,1,1,0,1,0
febrl2,0.84,123,1,1,1,1,0,1,0
febrl2,0.84,1340,1,1,1,1,0,1,0
febrl2,0.84,2437,1,1,1,1,0,1,0
febrl2,0.84,1974,1,1,1,1,0,1,0
febrl2,0.84,1594,2,1,2,1,0,1,0
febrl2,0.84,1993,1,1,1,1,0,1,0
febrl2,0.84,2130,2,1,2,1,0,1,0
febrl2,0.84,600,1,1,1,1,0,1,0
febrl2,0.84,38,1,1,1,1,0,1,0
febrl2,0.84,947,1,1,1,1,0,1,0
febrl2,0.84,2250,1,1,1,1,0,1,0
febrl2,0.84,3765,3,1,3,1,0,1,0
febrl2,0.84,3854,1,1,1,1,0,1,0
febrl2,0.84,3678,1,1,1,1,0,1,0
febrl2,0.84,731,1,1,1,1,0,1,0
febrl2,0.84,1578,1,1,1,1,0,1,0
febrl2,0.84,3374,1,1,1,1,0,1,0
febrl2,0.84,3873,1,1,1,1,0,1,0
febrl2,0.84,1975,1,1,1,1,0,1,0
febrl2,0.84,1020,1,1,1,1,0,1,0
febrl2,0.84,1666,1,1,1,1,0,1,0
febrl2,0.84,1885,4,1,4,1,0,1,0
febrl2,0.84,1650,1,1,1,1,0,1,0
febrl2,0.84,496,1,1,1,1,0,1,0
febrl2,0.84,1431,1,1,1,1,0,1,0
febrl2,0.84,3498,1,1,1,1,0,1,0
febrl2,0.84,470,3,1,3,1,0,1,0
febrl2,0.84,2296,1,1,1,1,0,1,0
febrl2,0.84,1368,1,1,1,1,0,1,0
febrl2,0.84,2616,1,1,1,1,0,1,0
febrl2,0.84,2790,1,1,1,1,0,1,0
febrl2,0.84,3426,1,1,1,1,0,1,0
febrl2,0.84,2178,1,1,1,1,0,1,0
febrl2,0.84,3688,1,1,1,1,0,1,0
febrl2,0.84,267,1,1,1,1,0,1,0
febrl2,0.84,459,1,1,1,1,0,1,0
febrl2,0.84,2429,1,1,1,1,0,1,0
febrl2,0.84,3976,6,1,6,1,0,1,0
febrl2,0.84,2977,1,1,1,1,0,1,0
febrl2,0.84,1597,1,1,1,1,0,1,0
febrl2,0.84,147,1,1,1,1,0,1,0
febrl2,0.84,3478,1,1,1,1,0,1,0
febrl2,0.84,742,1,1,1,1,0,1,0
febrl2,0.84,842,3,1,3,1,0,1,0
febrl2,0.84,253,1,1,1,1,0,1,0
febrl2,0.84,3445,1,1,1,1,0,1,0
febrl2,0.84,73,1,1,1,1,0,1,0
febrl2,0.84,2140,1,1,1,1,0,1,0
febrl2,0.84,882,1,1,1,1,0,1,0
febrl2,0.84,2377,1,1,1,1,0,1,0
febrl2,0.84,2278,1,1,1,1,0,1,0
febrl2,0.84,3786,1,1,1,1,0,1,0
febrl2,0.84,2457,1,1,1,1,0,1,0
febrl2,0.84,3824,1,1,1,1,0,1,0
febrl2,0.84,3760,1,1,1,1,0,1,0
febrl2,0.84,26,1,1,1,1,0,1,0
febrl2,0.84,1605,1,1,1,1,0,1,0
febrl2,0.84,336,1,1,1,1,0,1,0
febrl2,0.84,3282,1,1,1,1,0,1,0
febrl2,0.84,566,1,1,1,1,0,1,0
febrl2,0.84,3100,1,1,1,1,0,1,0
febrl2,0.84,3828,1,1,1,1,0,1,0
febrl2,0.84,2309,1,1,1,1,0,1,0
febrl2,0.84,1434,1,1,1,1,0,1,0
febrl2,0.84,3026,1,1,1,1,0,1,0
febrl2,0.84,3275,1,1,1,1,0,1,0
febrl2,0.84,1272,1,1,1,1,0,1,0
febrl2,0.84,598,1,1,1,1,0,1,0
febrl2,0.84,2363,1,1,1,1,0,1,0
febrl2,0.84,3065,1,1,1,1,0,1,0
febrl2,0.84,1370,1,1,1,1,0,1,0
febrl2,0.84,1743,1,1,1,1,0,1,0
febrl2,0.84,1847,1,1,1,1,0,1,0
febrl2,0.84,3281,1,1,1,1,0,1,0
febrl2,0.84,3845,1,1,1,1,0,1,0
febrl2,0.84,2801,1,1,1,1,0,1,0
febrl2,0.84,420,1,1,1,1,0,1,0
febrl2,0.84,2083,1,1,1,1,0,1,0
febrl2,0.84,3933,1,1,1,1,0,1,0
febrl2,0.84,1083,1,1,1,1,0,1,0
febrl2,0.84,1535,1,1,1,1,0,1,0
febrl2,0.84,1904,1,1,1,1,0,1,0
febrl2,0.84,1066,1,1,1,1,0,1,0
febrl2,0.84,1311,1,1,1,1,0,1,0
febrl2,0.84,2859,1,1,1,1,0,1,0
febrl2,0.84,3938,1,1,1,1,0,1,0
febrl2,0.84,357,1,1,1,1,0,1,0
febrl2,0.84,2793,3,1,3,1,0,1,0
febrl2,0.84,2967,1,1,1,1,0,1,0
febrl2,0.84,785,1,1,1,1,0,1,0
febrl2,0.84,3519,1,1,1,1,0,1,0
febrl2,0.84,1637,1,1,1,1,0,1,0
febrl2,0.84,171,1,1,1,1,0,1,0
febrl2,0.84,3848,1,1,1,1,0,1,0
febrl2,0.84,2804,1,1,1,1,0,1,0
febrl2,0.84,15,3,1,3,1,0,1,0
febrl2,0.84,3865,1,1,1,1,0,1,0
febrl2,0.84,2281,1,1,1,1,0,1,0
febrl2,0.84,2981,1,1,1,1,0,1,0
febrl2,0.84,1984,1,1,1,1,0,1,0
febrl2,0.84,2999,1,1,1,1,0,1,0
febrl2,0.84,3982,1,1,1,1,0,1,0
febrl2,0.84,1324,1,1,1,1,0,1,0
febrl2,0.84,1691,1,1,1,1,0,1,0
febrl2,0.84,1220,1,1,1,1,0,1,0
febrl2,0.84,3747,1,1,1,1,0,1,0
febrl2,0.84,2122,4,1,4,1,0,1,0
febrl2,0.84,3390,1,1,1,1,0,1,0
febrl2,0.84,199,1,1,1,1,0,1,0
febrl2,0.84,1824,1,1,1,1,0,1,0
febrl2,0.84,1148,1,1,1,1,0,1,0
febrl2,0.84,3545,1,1,1,1,0,1,0
febrl2,0.84,2887,1,1,1,1,0,1,0
febrl2,0.84,1694,1,1,1,1,0,1,0
febrl2,0.84,2885,1,1,1,1,0,1,0
febrl2,0.84,2430,1,1,1,1,0,1,0
febrl2,0.84,1514,1,1,1,1,0,1,0
febrl2,0.84,3158,1,1,1,1,0,1,0
febrl2,0.84,3270,1,1,1,1,0,1,0
febrl2,0.84,27,1,1,1,1,0,1,0
febrl2,0.84,1098,1,1,1,1,0,1,0
febrl2,0.84,1229,1,1,1,1,0,1,0
febrl2,0.84,1330,1,1,1,1,0,1,0
febrl2,0.84,741,1,1,1,1,0,1,0
febrl2,0.84,2696,1,1,1,1,0,1,0
febrl2,0.84,3537,1,1,1,1,0,1,0
febrl2,0.84,217,1,1,1,1,0,1,0
febrl2,0.84,3748,3,2,3,2,0,2,0
febrl2,0.84,1417,1,1,1,1,0,1,0
febrl2,0.84,2440,2,1,2,1,0,1,0
febrl2,0.84,691,1,1,1,1,0,1,0
febrl2,0.84,2340,1,1,1,1,0,1,0
febrl2,0.84,2810,3,1,3,1,0,1,0
febrl2,0.84,3354,1,1,1,1,0,1,0
febrl2,0.84,1586,2,1,2,1,0,1,0
febrl2,0.84,1892,1,1,1,1,0,1,0
febrl2,0.84,3384,1,1,1,1,0,1,0
febrl2,0.84,1468,1,1,1,1,0,1,0
febrl2,0.84,2982,1,1,1,1,0,1,0
febrl2,0.84,1909,1,1,1,1,0,1,0
febrl2,0.84,2329,1,1,1,1,0,1,0
febrl2,0.84,3666,1,1,1,1,0,1,0
febrl2,0.84,3366,1,1,1,1,0,1,0
febrl2,0.84,727,1,1,1,1,0,1,0
febrl2,0.84,1470,1,1,1,1,0,1,0
febrl2,0.84,145,1,1,1,1,0,1,0
febrl2,0.84,1935,1,1,1,1,0,1,0
febrl2,0.84,3856,1,1,1,1,0,1,0
febrl2,0.84,1659,1,1,1,1,0,1,0
febrl2,0.84,599,3,1,3,1,0,1,0
febrl2,0.84,944,1,1,1,1,0,1,0
febrl2,0.84,1766,1,1,1,1,0,1,0
febrl2,0.84,1254,1,1,1,1,0,1,0
febrl2,0.84,2517,1,1,1,1,0,1,0
febrl2,0.84,1058,1,1,1,1,0,1,0
febrl2,0.84,3189,1,1,1,1,0,1,0
febrl2,0.84,2719,1,1,1,1,0,1,0
febrl2,0.84,2539,1,1,1,1,0,1,0
febrl2,0.84,1987,1,1,1,1,0,1,0
febrl2,0.84,1466,1,1,1,1,0,1,0
febrl2,0.84,3076,1,1,1,1,0,1,0
febrl2,0.84,1647,1,1,1,1,0,1,0
febrl2,0.84,1560,1,1,1,1,0,1,0
febrl2,0.84,3721,4,1,4,1,0,1,0
febrl2,0.84,3831,1,1,1,1,0,1,0
febrl2,0.84,3687,1,1,1,1,0,1,0
febrl2,0.84,24,1,1,1,1,0,1,0
febrl2,0.84,1465,1,1,1,1,0,1,0
febrl2,0.84,3636,1,1,1,1,0,1,0
febrl2,0.84,2449,1,1,1,1,0,1,0
febrl2,0.84,659,1,1,1,1,0,1,0
febrl2,0.84,1588,1,1,1,1,0,1,0
febrl2,0.84,1668,1,1,1,1,0,1,0
febrl2,0.84,2088,1,1,1,1,0,1,0
febrl2,0.84,2120,1,1,1,1,0,1,0
febrl2,0.84,2358,1,1,1,1,0,1,0
febrl2,0.84,1534,1,1,1,1,0,1,0
febrl2,0.84,1936,1,1,1,1,0,1,0
febrl2,0.84,1450,1,1,1,1,0,1,0
febrl2,0.84,1916,1,1,1,1,0,1,0
febrl2,0.84,666,1,1,1,1,0,1,0
febrl2,0.84,2976,1,1,1,1,0,1,0
febrl2,0.84,3561,2,2,2,2,0,2,0
febrl2,0.84,2331,1,1,1,1,0,1,0
febrl2,0.84,191,1,1,1,1,0,1,0
febrl2,0.84,586,1,1,1,1,0,1,0
febrl2,0.84,2042,1,1,1,1,0,1,0
febrl2,0.84,2940,1,1,1,1,0,1,0
febrl2,0.84,3842,1,1,1,1,0,1,0
febrl2,0.84,414,1,1,1,1,0,1,0
febrl2,0.84,3044,1,1,1,1,0,1,0
febrl2,0.84,2216,1,1,1,1,0,1,0
febrl2,0.84,1187,1,1,1,1,0,1,0
febrl2,0.84,918,1,1,1,1,0,1,0
febrl2,0.84,3109,2,1,2,1,0,1,0
febrl2,0.84,2556,1,1,1,1,0,1,0
febrl2,0.84,10,1,1,1,1,0,1,0
febrl2,0.84,3228,4,2,4,2,0,2,0
febrl2,0.84,2821,1,1,1,1,0,1,0
febrl2,0.84,3435,1,1,1,1,0,1,0
febrl2,0.84,1086,1,1,1,1,0,1,0
febrl2,0.84,657,1,1,1,1,0,1,0
febrl2,0.84,281,1,1,1,1,0,1,0
febrl2,0.84,770,1,1,1,1,0,1,0
febrl2,0.84,1632,1,1,1,1,0,1,0
febrl2,0.84,799,1,1,1,1,0,1,0
febrl2,0.84,3546,1,1,1,1,0,1,0
febrl2,0.84,2725,1,1,1,1,0,1,0
febrl2,0.84,3303,1,1,1,1,0,1,0
febrl2,0.84,3968,3,1,3,1,0,1,0
febrl2,0.84,2156,1,1,1,1,0,1,0
febrl2,0.84,622,1,1,1,1,0,1,0
febrl2,0.84,583,1,1,1,1,0,1,0
febrl2,0.84,1406,1,1,1,1,0,1,0
febrl2,0.84,3247,2,1,2,1,0,1,0
febrl2,0.84,463,1,1,1,1,0,1,0
febrl2,0.84,1669,1,1,1,1,0,1,0
febrl2,0.84,2190,1,1,1,1,0,1,0
febrl2,0.84,3408,1,1,1,1,0,1,0
febrl2,0.84,2474,1,1,1,1,0,1,0
febrl2,0.84,3363,2,1,2,1,0,1,0
febrl2,0.84,3159,1,1,1,1,0,1,0
febrl2,0.84,2805,1,1,1,1,0,1,0
febrl2,0.84,3365,1,1,1,1,0,1,0
febrl2,0.84,1522,1,1,1,1,0,1,0
febrl2,0.84,823,4,1,4,1,0,1,0
febrl2,0.84,2760,1,1,1,1,0,1,0
febrl2,0.84,967,1,1,1,1,0,1,0
febrl2,0.84,636,1,1,1,1,0,1,0
febrl2,0.84,531,1,1,1,1,0,1,0
febrl2,0.84,3062,1,1,1,1,0,1,0
febrl2,0.84,2921,1,1,1,1,0,1,0
febrl2,0.84,2994,1,1,1,1,0,1,0
febrl2,0.84,789,3,2,3,2,0,2,0
febrl2,0.84,3728,1,1,1,1,0,1,0
febrl2,0.84,772,1,1,1,1,0,1,0
febrl2,0.84,103,1,1,1,1,0,1,0
febrl2,0.84,907,1,1,1,1,0,1,0
febrl2,0.84,2307,1,1,1,1,0,1,0
febrl2,0.84,3945,1,1,1,1,0,1,0
febrl2,0.84,2239,1,1,1,1,0,1,0
febrl2,0.84,2827,1,1,1,1,0,1,0
febrl2,0.84,821,1,1,1,1,0,1,0
febrl2,0.84,3489,1,1,1,1,0,1,0
febrl2,0.84,3376,1,1,1,1,0,1,0
febrl2,0.84,2529,1,1,1,1,0,1,0
febrl2,0.84,390,1,1,1,1,0,1,0
febrl2,0.84,1760,1,1,1,1,0,1,0
febrl2,0.84,1733,1,1,1,1,0,1,0
febrl2,0.84,3722,1,1,1,1,0,1,0
febrl2,0.84,1379,1,1,1,1,0,1,0
febrl2,0.84,2935,2,1,2,1,0,1,0
febrl2,0.84,3553,1,1,1,1,0,1,0
febrl2,0.84,2480,1,1,1,1,0,1,0
febrl2,0.84,77,1,1,1,1,0,1,0
febrl2,0.84,2598,3,1,3,1,0,1,0
febrl2,0.84,2711,1,1,1,1,0,1,0
febrl2,0.84,757,1,1,1,1,0,1,0
febrl2,0.84,2164,1,1,1,1,0,1,0
febrl2,0.84,3505,1,1,1,1,0,1,0
febrl2,0.84,37,1,1,1,1,0,1,0
febrl2,0.84,3759,1,1,1,1,0,1,0
febrl2,0.84,3197,2,1,2,1,0,1,0
febrl2,0.84,446,1,1,1,1,0,1,0
febrl2,0.84,2498,1,1,1,1,0,1,0
febrl2,0.84,516,1,1,1,1,0,1,0
febrl2,0.84,551,1,1,1,1,0,1,0
febrl2,0.84,1708,1,1,1,1,0,1,0
febrl2,0.84,3692,1,1,1,1,0,1,0
febrl2,0.84,3130,1,1,1,1,0,1,0
febrl2,0.84,3616,1,1,1,1,0,1,0
febrl2,0.84,978,1,1,1,1,0,1,0
febrl2,0.84,3777,1,1,1,1,0,1,0
febrl2,0.84,2290,1,1,1,1,0,1,0
febrl2,0.84,1159,1,1,1,1,0,1,0
febrl2,0.84,2528,1,1,1,1,0,1,0
febrl2,0.84,1120,1,1,1,1,0,1,0
febrl2,0.84,875,1,1,1,1,0,1,0
febrl2,0.84,735,1,1,1,1,0,1,0
febrl2,0.84,1951,1,1,1,1,0,1,0
febrl2,0.84,69,4,1,4,1,0,1,0
febrl2,0.84,2113,1,1,1,1,0,1,0
febrl2,0.84,1186,1,1,1,1,0,1,0
febrl2,0.84,1018,1,1,1,1,0,1,0
febrl2,0.84,3177,1,1,1,1,0,1,0
febrl2,0.84,271,1,1,1,1,0,1,0
febrl2,0.84,3599,1,1,1,1,0,1,0
febrl2,0.84,1807,1,1,1,1,0,1,0
febrl2,0.84,2580,1,1,1,1,0,1,0
febrl2,0.84,1720,1,1,1,1,0,1,0
febrl2,0.84,1300,1,1,1,1,0,1,0
febrl2,0.84,1038,1,1,1,1,0,1,0
febrl2,0.84,1742,1,1,1,1,0,1,0
febrl2,0.84,2816,1,1,1,1,0,1,0
febrl2,0.84,1407,1,1,1,1,0,1,0
febrl2,0.84,748,3,1,3,1,0,1,0
febrl2,0.84,3245,1,1,1,1,0,1,0
febrl2,0.84,3815,1,1,1,1,0,1,0
febrl2,0.84,1342,1,1,1,1,0,1,0
febrl2,0.84,713,1,1,1,1,0,1,0
febrl2,0.84,743,1,1,1,1,0,1,0
febrl2,0.84,3679,1,1,1,1,0,1,0
febrl2,0.84,476,1,1,1,1,0,1,0
febrl2,0.84,1945,3,2,3,2,0,2,0
febrl2,0.84,3181,2,1,2,1,0,1,0
febrl2,0.84,3334,1,1,1,1,0,1,0
febrl2,0.84,3453,1,1,1,1,0,1,0
febrl2,0.84,1872,1,1,1,1,0,1,0
febrl2,0.84,3601,1,1,1,1,0,1,0
febrl2,0.84,1992,1,1,1,1,0,1,0
febrl2,0.84,1122,1,1,1,1,0,1,0
febrl2,0.84,3939,4,2,4,2,0,2,0
febrl2,0.84,645,1,1,1,1,0,1,0
febrl2,0.84,2360,1,1,1,1,0,1,0
febrl2,0.84,3201,1,1,1,1,0,1,0
febrl2,0.84,1996,1,1,1,1,0,1,0
febrl2,0.84,3749,2,1,2,1,0,1,0
febrl2,0.84,871,1,1,1,1,0,1,0
febrl2,0.84,999,1,1,1,1,0,1,0
febrl2,0.84,14,1,1,1,1,0,1,0
febrl2,0.84,3575,1,1,1,1,0,1,0
febrl2,0.84,2277,1,1,1,1,0,1,0
febrl2,0.84,2173,1,1,1,1,0,1,0
febrl2,0.84,3605,1,1,1,1,0,1,0
febrl2,0.84,2071,1,1,1,1,0,1,0
febrl2,0.84,1685,3,1,3,1,0,1,0
febrl2,0.84,1986,1,1,1,1,0,1,0
febrl2,0.84,692,1,1,1,1,0,1,0
febrl2,0.84,1667,1,1,1,1,0,1,0
febrl2,0.84,3448,1,1,1,1,0,1,0
febrl2,0.84,3996,4,1,4,1,0,1,0
febrl2,0.84,1979,1,1,1,1,0,1,0
febrl2,0.84,317,1,1,1,1,0,1,0
febrl2,0.84,2996,1,1,1,1,0,1,0
febrl2,0.84,556,1,1,1,1,0,1,0
febrl2,0.84,1710,1,1,1,1,0,1,0
febrl2,0.84,1125,1,1,1,1,0,1,0
febrl2,0.84,1063,1,1,1,1,0,1,0
febrl2,0.84,1401,1,1,1,1,0,1,0
febrl2,0.84,2671,1,1,1,1,0,1,0
febrl2,0.84,3526,2,1,2,1,0,1,0
febrl2,0.84,1399,2,1,2,1,0,1,0
febrl2,0.84,2751,1,1,1,1,0,1,0
febrl2,0.84,1726,1,1,1,1,0,1,0
febrl2,0.84,571,1,1,1,1,0,1,0
febrl2,0.84,3000,2,1,2,1,0,1,0
febrl2,0.84,3009,1,1,1,1,0,1,0
febrl2,0.84,925,1,1,1,1,0,1,0
febrl2,0.84,3178,2,1,2,1,0,1,0
febrl2,0.84,1823,1,1,1,1,0,1,0
febrl2,0.84,638,1,1,1,1,0,1,0
febrl2,0.84,744,1,1,1,1,0,1,0
febrl2,0.84,3664,1,1,1,1,0,1,0
febrl2,0.84,355,1,1,1,1,0,1,0
febrl2,0.84,992,1,1,1,1,0,1,0
febrl2,0.84,1545,1,1,1,1,0,1,0
febrl2,0.84,767,2,2,2,2,0,2,0
febrl2,0.84,305,1,1,1,1,0,1,0
febrl2,0.84,2619,1,1,1,1,0,1,0
febrl2,0.84,374,1,1,1,1,0,1,0
febrl2,0.84,2349,1,1,1,1,0,1,0
febrl2,0.84,251,1,1,1,1,0,1,0
febrl2,0.84,2855,1,1,1,1,0,1,0
febrl2,0.84,2832,1,1,1,1,0,1,0
febrl2,0.84,2444,1,1,1,1,0,1,0
febrl2,0.84,943,1,1,1,1,0,1,0
febrl2,0.84,1070,1,1,1,1,0,1,0
febrl2,0.84,2388,1,1,1,1,0,1,0
febrl2,0.84,3300,1,1,1,1,0,1,0
febrl2,0.84,2026,1,1,1,1,0,1,0
febrl2,0.84,1132,2,1,2,1,0,1,0
febrl2,0.84,2089,1,1,1,1,0,1,0
febrl2,0.84,663,1,1,1,1,0,1,0
febrl2,0.84,2904,1,1,1,1,0,1,0
febrl2,0.84,3727,2,1,2,1,0,1,0
febrl2,0.84,3382,1,1,1,1,0,1,0
febrl2,0.84,3400,3,1,3,1,0,1,0
febrl2,0.84,1617,1,1,1,1,0,1,0
febrl2,0.84,2652,1,1,1,1,0,1,0
febrl2,0.84,803,1,1,1,1,0,1,0
febrl2,0.84,378,1,1,1,1,0,1,0
febrl2,0.84,1580,1,1,1,1,0,1,0
febrl2,0.84,950,1,1,1,1,0,1,0
febrl2,0.84,1400,1,1,1,1,0,1,0
febrl2,0.84,1804,1,1,1,1,0,1,0
febrl2,0.84,1284,1,1,1,1,0,1,0
febrl2,0.84,1869,1,1,1,1,0,1,0
febrl2,0.84,3028,1,1,1,1,0,1,0
febrl2,0.84,2979,1,1,1,1,0,1,0
febrl2,0.84,188,1,1,1,1,0,1,0
febrl2,0.84,273,1,1,1,1,0,1,0
febrl2,0.84,3258,1,1,1,1,0,1,0
febrl2,0.84,3991,1,1,1,1,0,1,0
febrl2,0.84,3034,1,1,1,1,0,1,0
febrl2,0.84,1832,1,1,1,1,0,1,0
febrl2,0.84,777,1,1,1,1,0,1,0
febrl2,0.84,403,1,1,1,1,0,1,0
febrl2,0.84,3155,1,1,1,1,0,1,0
febrl2,0.84,2121,1,1,1,1,0,1,0
febrl2,0.84,2931,3,1,3,1,0,1,0
febrl2,0.84,3486,1,1,1,1,0,1,0
febrl2,0.84,1095,1,1,1,1,0,1,0
febrl2,0.84,720,1,1,1,1,0,1,0
febrl2,0.84,3227,1,1,1,1,0,1,0
febrl2,0.84,3624,1,1,1,1,0,1,0
febrl2,0.84,3467,1,1,1,1,0,1,0
febrl2,0.84,697,1,1,1,1,0,1,0
febrl2,0.84,94,2,1,2,1,0,1,0
febrl2,0.84,2958,1,1,1,1,0,1,0
febrl2,0.84,348,1,1,1,1,0,1,0
febrl2,0.84,2650,1,1,1,1,0,1,0
febrl2,0.84,2926,1,1,1,1,0,1,0
febrl2,0.84,1790,1,1,1,1,0,1,0
febrl2,0.84,3965,1,1,1,1,0,1,0
febrl2,0.84,132,1,1,1,1,0,1,0
febrl2,0.84,804,1,1,1,1,0,1,0
febrl2,0.84,3001,1,1,1,1,0,1,0
febrl2,0.84,2709,1,1,1,1,0,1,0
febrl2,0.84,837,1,1,1,1,0,1,0
febrl2,0.84,938,1,1,1,1,0,1,0
febrl2,0.84,3858,1,1,1,1,0,1,0
febrl2,0.84,2417,1,1,1,1,0,1,0
febrl2,0.84,1548,1,1,1,1,0,1,0
febrl2,0.84,282,1,1,1,1,0,1,0
febrl2,0.84,2937,1,1,1,1,0,1,0
febrl2,0.84,1099,2,1,2,1,0,1,0
febrl2,0.84,610,1,1,1,1,0,1,0
febrl2,0.84,3701,1,1,1,1,0,1,0
febrl2,0.84,2361,1,1,1,1,0,1,0
febrl2,0.84,2515,1,1,1,1,0,1,0
febrl2,0.84,2973,3,1,3,1,0,1,0
febrl2,0.84,2323,1,1,1,1,0,1,0
febrl2,0.84,3235,1,1,1,1,0,1,0
febrl2,0.84,1497,1,1,1,1,0,1,0
febrl2,0.84,1007,1,1,1,1,0,1,0
febrl2,0.84,3405,1,1,1,1,0,1,0
febrl2,0.84,3964,2,2,2,2,0,2,0
febrl2,0.84,2583,1,1,1,1,0,1,0
febrl2,0.84,2247,1,1,1,1,0,1,0
febrl2,0.84,2477,1,1,1,1,0,1,0
febrl2,0.84,1857,1,1,1,1,0,1,0
febrl2,0.84,1601,1,1,1,1,0,1,0
febrl2,0.84,3169,2,1,2,1,0,1,0
febrl2,0.84,1281,1,1,1,1,0,1,0
febrl2,0.84,225,1,1,1,1,0,1,0
febrl2,0.84,2929,1,1,1,1,0,1,0
febrl2,0.84,2270,1,1,1,1,0,1,0
febrl2,0.84,136,1,1,1,1,0,1,0
febrl2,0.84,3825,1,1,1,1,0,1,0
febrl2,0.84,2342,1,1,1,1,0,1,0
febrl2,0.84,3213,1,1,1,1,0,1,0
febrl2,0.84,3168,1,1,1,1,0,1,0
febrl2,0.84,1224,1,1,1,1,0,1,0
febrl2,0.84,3377,1,1,1,1,0,1,0
febrl2,0.84,2538,1,1,1,1,0,1,0
febrl2,0.84,3254,2,1,2,1,0,1,0
febrl2,0.84,512,1,1,1,1,0,1,0
febrl2,0.84,3903,1,1,1,1,0,1,0
febrl2,0.84,493,1,1,1,1,0,1,0
febrl2,0.84,58,1,1,1,1,0,1,0
febrl2,0.84,3018,1,1,1,1,0,1,0
febrl2,0.84,3702,1,1,1,1,0,1,0
febrl2,0.84,773,1,1,1,1,0,1,0
febrl2,0.84,1703,1,1,1,1,0,1,0
febrl2,0.84,983,1,1,1,1,0,1,0
febrl2,0.84,3659,1,1,1,1,0,1,0
febrl2,0.84,11,1,1,1,1,0,1,0
febrl2,0.84,1261,1,1,1,1,0,1,0
febrl2,0.84,3989,1,1,1,1,0,1,0
febrl2,0.84,3604,1,1,1,1,0,1,0
febrl2,0.84,185,1,1,1,1,0,1,0
febrl2,0.84,1748,1,1,1,1,0,1,0
febrl2,0.84,2305,1,1,1,1,0,1,0
febrl2,0.84,2849,1,1,1,1,0,1,0
febrl2,0.84,3906,1,1,1,1,0,1,0
febrl2,0.84,1206,1,1,1,1,0,1,0
febrl2,0.84,872,1,1,1,1,0,1,0
febrl2,0.84,346,1,1,1,1,0,1,0
febrl2,0.84,2230,3,1,3,1,0,1,0
febrl2,0.84,3924,1,1,1,1,0,1,0
febrl2,0.84,1286,1,1,1,1,0,1,0
febrl2,0.84,658,1,1,1,1,0,1,0
febrl2,0.84,2030,1,1,1,1,0,1,0
febrl2,0.84,1877,1,1,1,1,0,1,0
febrl2,0.84,3407,1,1,1,1,0,1,0
febrl2,0.84,533,1,1,1,1,0,1,0
febrl2,0.84,508,1,1,1,1,0,1,0
febrl2,0.84,438,1,1,1,1,0,1,0
febrl2,0.84,1464,1,1,1,1,0,1,0
febrl2,0.84,2500,1,1,1,1,0,1,0
febrl2,0.84,2799,1,1,1,1,0,1,0
febrl2,0.84,3813,1,1,1,1,0,1,0
febrl2,0.84,939,1,1,1,1,0,1,0
febrl2,0.84,3148,1,1,1,1,0,1,0
febrl2,0.84,3164,1,1,1,1,0,1,0
febrl2,0.84,783,2,1,2,1,0,1,0
febrl2,0.84,1297,1,1,1,1,0,1,0
febrl2,0.84,2659,1,1,1,1,0,1,0
febrl2,0.84,262,1,1,1,1,0,1,0
febrl2,0.84,3202,1,1,1,1,0,1,0
febrl2,0.84,569,1,1,1,1,0,1,0
febrl2,0.84,3105,1,1,1,1,0,1,0
febrl2,0.84,3627,1,1,1,1,0,1,0
febrl2,0.84,1014,1,1,1,1,0,1,0
febrl2,0.84,2888,1,1,1,1,0,1,0
febrl2,0.84,120,2,1,2,1,0,1,0
febrl2,0.84,1658,1,1,1,1,0,1,0
febrl2,0.84,1141,1,1,1,1,0,1,0
febrl2,0.84,1026,1,1,1,1,0,1,0
febrl2,0.84,1767,1,1,1,1,0,1,0
febrl2,0.84,2085,1,1,1,1,0,1,0
febrl2,0.84,612,1,1,1,1,0,1,0
febrl2,0.84,2693,1,1,1,1,0,1,0
febrl2,0.84,71,1,1,1,1,0,1,0
febrl2,0.84,3673,1,1,1,1,0,1,0
febrl2,0.84,3048,1,1,1,1,0,1,0
febrl2,0.84,3658,1,1,1,1,0,1,0
febrl2,0.84,1357,1,1,1,1,0,1,0
febrl2,0.84,1237,6,1,6,1,0,1,0
febrl2,0.84,1867,1,1,1,1,0,1,0
febrl2,0.84,3391,1,1,1,1,0,1,0
febrl2,0.84,2295,1,1,1,1,0,1,0
febrl2,0.84,2110,1,1,1,1,0,1,0
febrl2,0.84,256,1,1,1,1,0,1,0
febrl2,0.84,776,1,1,1,1,0,1,0
febrl2,0.84,1419,1,1,1,1,0,1,0
febrl2,0.84,1960,1,1,1,1,0,1,0
febrl2,0.84,3967,1,1,1,1,0,1,0
febrl2,0.84,3897,1,1,1,1,0,1,0
febrl2,0.84,3321,1,1,1,1,0,1,0
febrl2,0.84,3770,1,1,1,1,0,1,0
febrl2,0.84,791,1,1,1,1,0,1,0
febrl2,0.84,1167,1,1,1,1,0,1,0
febrl2,0.84,3773,1,1,1,1,0,1,0
febrl2,0.84,2463,1,1,1,1,0,1,0
febrl2,0.84,2191,3,1,3,1,0,1,0
febrl2,0.84,3183,1,1,1,1,0,1,0
febrl2,0.84,2401,1,1,1,1,0,1,0
febrl2,0.84,1902,1,1,1,1,0,1,0
febrl2,0.84,358,1,1,1,1,0,1,0
febrl2,0.84,3211,1,1,1,1,0,1,0
febrl2,0.84,158,1,1,1,1,0,1,0
febrl2,0.84,2956,1,1,1,1,0,1,0
febrl2,0.84,2989,1,1,1,1,0,1,0
febrl2,0.84,1034,1,1,1,1,0,1,0
febrl2,0.84,2301,1,1,1,1,0,1,0
febrl2,0.84,3547,1,1,1,1,0,1,0
febrl2,0.84,3871,1,1,1,1,0,1,0
febrl2,0.84,3368,1,1,1,1,0,1,0
febrl2,0.84,3890,4,1,4,1,0,1,0
febrl2,0.84,2220,1,1,1,1,0,1,0
febrl2,0.84,1511,1,1,1,1,0,1,0
febrl2,0.84,3419,1,1,1,1,0,1,0
febrl2,0.84,3929,1,1,1,1,0,1,0
febrl2,0.84,3131,2,1,2,1,0,1,0
febrl2,0.84,3528,1,1,1,1,0,1,0
febrl2,0.84,2286,1,1,1,1,0,1,0
febrl2,0.84,1912,2,1,2,1,0,1,0
febrl2,0.84,2240,1,1,1,1,0,1,0
febrl2,0.84,2409,1,1,1,1,0,1,0
febrl2,0.84,118,1,1,1,1,0,1,0
febrl2,0.84,380,1,1,1,1,0,1,0
febrl2,0.84,3959,1,1,1,1,0,1,0
febrl2,0.84,3905,1,1,1,1,0,1,0
febrl2,0.84,558,1,1,1,1,0,1,0
febrl2,0.84,941,1,1,1,1,0,1,0
febrl2,0.84,254,3,1,3,1,0,1,0
febrl2,0.84,3763,1,1,1,1,0,1,0
febrl2,0.84,2181,1,1,1,1,0,1,0
febrl2,0.84,665,1,1,1,1,0,1,0
febrl2,0.84,1764,3,1,3,1,0,1,0
febrl2,0.84,1137,1,1,1,1,0,1,0
febrl2,0.84,1473,1,1,1,1,0,1,0
febrl2,0.84,2238,1,1,1,1,0,1,0
febrl2,0.84,3115,1,1,1,1,0,1,0
febrl2,0.84,1145,1,1,1,1,0,1,0
febrl2,0.84,3090,1,1,1,1,0,1,0
febrl2,0.84,987,1,1,1,1,0,1,0
febrl2,0.84,2746,1,1,1,1,0,1,0
febrl2,0.84,3635,1,1,1,1,0,1,0
febrl2,0.84,734,1,1,1,1,0,1,0
febrl2,0.84,1409,1,1,1,1,0,1,0
febrl2,0.84,2074,1,1,1,1,0,1,0
febrl2,0.84,646,1,1,1,1,0,1,0
febrl2,0.84,2052,1,1,1,1,0,1,0
febrl2,0.84,1932,1,1,1,1,0,1,0
febrl2,0.84,951,1,1,1,1,0,1,0
febrl2,0.84,2453,1,1,1,1,0,1,0
febrl2,0.84,1374,1,1,1,1,0,1,0
febrl2,0.84,3672,1,1,1,1,0,1,0
febrl2,0.84,2978,1,1,1,1,0,1,0
febrl2,0.84,1568,1,1,1,1,0,1,0
febrl2,0.84,3614,1,1,1,1,0,1,0
febrl2,0.84,2336,1,1,1,1,0,1,0
febrl2,0.84,3342,1,1,1,1,0,1,0
febrl2,0.84,2354,1,1,1,1,0,1,0
febrl2,0.84,2622,1,1,1,1,0,1,0
febrl2,0.84,3349,1,1,1,1,0,1,0
febrl2,0.84,1221,1,1,1,1,0,1,0
febrl2,0.84,896,1,1,1,1,0,1,0
febrl2,0.84,222,1,1,1,1,0,1,0
febrl2,0.84,3416,1,1,1,1,0,1,0
febrl2,0.84,3312,1,1,1,1,0,1,0
febrl2,0.84,2581,1,1,1,1,0,1,0
febrl2,0.84,2374,1,1,1,1,0,1,0
febrl2,0.84,2936,1,1,1,1,0,1,0
febrl2,0.84,3579,1,1,1,1,0,1,0
febrl2,0.84,3043,1,1,1,1,0,1,0
febrl2,0.84,3623,1,1,1,1,0,1,0
febrl2,0.84,3934,1,1,1,1,0,1,0
febrl2,0.84,4,1,1,1,1,0,1,0
febrl2,0.84,1596,1,1,1,1,0,1,0
febrl2,0.84,1970,1,1,1,1,0,1,0
febrl2,0.84,3025,1,1,1,1,0,1,0
febrl2,0.84,587,1,1,1,1,0,1,0
febrl2,0.84,2683,1,1,1,1,0,1,0
febrl2,0.84,2617,2,1,2,1,0,1,0
febrl2,0.84,2559,1,1,1,1,0,1,0
febrl2,0.84,3389,1,1,1,1,0,1,0
febrl2,0.84,3732,1,1,1,1,0,1,0
febrl2,0.84,3027,1,1,1,1,0,1,0
febrl2,0.84,2834,1,1,1,1,0,1,0
febrl2,0.84,354,1,1,1,1,0,1,0
febrl2,0.84,3347,1,1,1,1,0,1,0
febrl2,0.84,1081,1,1,1,1,0,1,0
febrl2,0.84,3134,1,1,1,1,0,1,0
febrl2,0.84,1827,1,1,1,1,0,1,0
febrl2,0.84,170,1,1,1,1,0,1,0
febrl2,0.84,3417,3,1,3,1,0,1,0
febrl2,0.84,1633,1,1,1,1,0,1,0
febrl2,0.84,1393,1,1,1,1,0,1,0
febrl2,0.84,1552,1,1,1,1,0,1,0
febrl2,0.84,989,1,1,1,1,0,1,0
febrl2,0.84,97,1,1,1,1,0,1,0
febrl2,0.84,60,1,1,1,1,0,1,0
febrl2,0.84,2715,1,1,1,1,0,1,0
febrl2,0.84,1266,1,1,1,1,0,1,0
febrl2,0.84,2579,1,1,1,1,0,1,0
febrl2,0.84,2909,1,1,1,1,0,1,0
febrl2,0.84,1499,1,1,1,1,0,1,0
febrl2,0.84,349,1,1,1,1,0,1,0
febrl2,0.84,20,1,1,1,1,0,1,0
febrl2,0.84,2174,1,1,1,1,0,1,0
febrl2,0.84,173,1,1,1,1,0,1,0
febrl2,0.84,1366,1,1,1,1,0,1,0
febrl2,0.84,1973,1,1,1,1,0,1,0
febrl2,0.84,195,1,1,1,1,0,1,0
febrl2,0.84,2512,1,1,1,1,0,1,0
febrl2,0.84,3885,1,1,1,1,0,1,0
febrl2,0.84,2775,1,1,1,1,0,1,0
febrl2,0.84,1170,1,1,1,1,0,1,0
febrl2,0.84,2209,1,1,1,1,0,1,0
febrl2,0.84,3511,1,1,1,1,0,1,0
febrl2,0.84,730,1,1,1,1,0,1,0
febrl2,0.84,2632,1,1,1,1,0,1,0
febrl2,0.84,885,1,1,1,1,0,1,0
febrl2,0.84,3386,1,1,1,1,0,1,0
febrl2,0.84,1310,1,1,1,1,0,1,0
febrl2,0.84,521,1,1,1,1,0,1,0
febrl2,0.84,2824,1,1,1,1,0,1,0
febrl2,0.84,2251,1,1,1,1,0,1,0
febrl2,0.84,2171,1,1,1,1,0,1,0
febrl2,0.84,3151,1,1,1,1,0,1,0
febrl2,0.84,1675,1,1,1,1,0,1,0
febrl2,0.84,2722,1,1,1,1,0,1,0
febrl2,0.84,1531,1,1,1,1,0,1,0
febrl2,0.84,2809,1,1,1,1,0,1,0
febrl2,0.84,2195,1,1,1,1,0,1,0
febrl2,0.84,3474,1,1,1,1,0,1,0
febrl2,0.84,389,1,1,1,1,0,1,0
febrl2,0.84,238,1,1,1,1,0,1,0
febrl2,0.84,3290,1,1,1,1,0,1,0
febrl2,0.84,818,1,1,1,1,0,1,0
febrl2,0.84,3466,1,1,1,1,0,1,0
febrl2,0.84,3080,1,1,1,1,0,1,0
febrl2,0.84,3387,1,1,1,1,0,1,0
febrl2,0.84,101,1,1,1,1,0,1,0
febrl2,0.84,1136,1,1,1,1,0,1,0
febrl2,0.84,130,1,1,1,1,0,1,0
febrl2,0.84,695,1,1,1,1,0,1,0
febrl2,0.84,2667,5,1,5,1,0,1,0
febrl2,0.84,1013,1,1,1,1,0,1,0
febrl2,0.84,2070,1,1,1,1,0,1,0
febrl2,0.84,213,1,1,1,1,0,1,0
febrl2,0.84,3888,1,1,1,1,0,1,0
febrl2,0.84,3899,1,1,1,1,0,1,0
febrl2,0.84,588,4,1,4,1,0,1,0
febrl2,0.84,3534,1,1,1,1,0,1,0
febrl2,0.84,3504,1,1,1,1,0,1,0
febrl2,0.84,1339,1,1,1,1,0,1,0
febrl2,0.84,1850,1,1,1,1,0,1,0
febrl2,0.84,1645,1,1,1,1,0,1,0
febrl2,0.84,3393,1,1,1,1,0,1,0
febrl2,0.84,3395,1,1,1,1,0,1,0
febrl2,0.84,2742,1,1,1,1,0,1,0
febrl2,0.84,849,1,1,1,1,0,1,0
febrl2,0.84,2795,1,1,1,1,0,1,0
febrl2,0.84,3487,1,1,1,1,0,1,0
febrl2,0.84,2221,1,1,1,1,0,1,0
febrl2,0.84,3063,1,1,1,1,0,1,0
febrl2,0.84,3700,1,1,1,1,0,1,0
febrl2,0.84,2040,1,1,1,1,0,1,0
febrl2,0.84,1032,1,1,1,1,0,1,0
febrl2,0.84,1640,1,1,1,1,0,1,0
febrl2,0.84,960,1,1,1,1,0,1,0
febrl2,0.84,1075,1,1,1,1,0,1,0
febrl2,0.84,935,1,1,1,1,0,1,0
febrl2,0.84,2470,1,1,1,1,0,1,0
febrl2,0.84,3305,1,1,1,1,0,1,0
febrl2,0.84,3880,1,1,1,1,0,1,0
febrl2,0.84,153,1,1,1,1,0,1,0
febrl2,0.84,555,1,1,1,1,0,1,0
febrl2,0.84,982,1,1,1,1,0,1,0
febrl2,0.84,786,1,1,1,1,0,1,0
febrl2,0.84,117,1,1,1,1,0,1,0
febrl2,0.84,3628,1,1,1,1,0,1,0
febrl2,0.84,215,1,1,1,1,0,1,0
febrl2,0.84,2514,1,1,1,1,0,1,0
febrl2,0.84,593,1,1,1,1,0,1,0
febrl2,0.84,2177,1,1,1,1,0,1,0
febrl2,0.84,2159,1,1,1,1,0,1,0
febrl2,0.84,275,1,1,1,1,0,1,0
febrl2,0.84,246,1,1,1,1,0,1,0
febrl2,0.84,2475,1,1,1,1,0,1,0
febrl2,0.84,913,1,1,1,1,0,1,0
febrl2,0.84,2204,1,1,1,1,0,1,0
febrl2,0.84,3373,1,1,1,1,0,1,0
febrl2,0.84,3040,1,1,1,1,0,1,0
febrl2,0.84,3806,1,1,1,1,0,1,0
febrl2,0.84,781,1,1,1,1,0,1,0
febrl2,0.84,1564,3,1,3,1,0,1,0
febrl2,0.84,3392,1,1,1,1,0,1,0
febrl2,0.84,2808,1,1,1,1,0,1,0
febrl2,0.84,2986,1,1,1,1,0,1,0
febrl2,0.84,928,1,1,1,1,0,1,0
febrl2,0.84,3394,1,1,1,1,0,1,0
febrl2,0.84,1771,1,1,1,1,0,1,0
febrl2,0.84,1481,1,1,1,1,0,1,0
febrl2,0.84,475,1,1,1,1,0,1,0
febrl2,0.84,1382,1,1,1,1,0,1,0
febrl2,0.84,3867,1,1,1,1,0,1,0
febrl2,0.84,2279,1,1,1,1,0,1,0
febrl2,0.84,2908,1,1,1,1,0,1,0
febrl2,0.84,795,1,1,1,1,0,1,0
febrl2,0.84,3832,4,2,4,2,0,2,0
febrl2,0.84,2507,1,1,1,1,0,1,0
febrl2,0.84,321,1,1,1,1,0,1,0
febrl2,0.84,3337,1,1,1,1,0,1,0
febrl2,0.84,3021,1,1,1,1,0,1,0
febrl2,0.84,3775,1,1,1,1,0,1,0
febrl2,0.84,339,1,1,1,1,0,1,0
febrl2,0.84,2271,1,1,1,1,0,1,0
febrl2,0.84,930,2,1,2,1,0,1,0
febrl2,0.84,1439,1,1,1,1,0,1,0
febrl2,0.84,2316,1,1,1,1,0,1,0
febrl2,0.84,1130,1,1,1,1,0,1,0
febrl2,0.84,2516,2,1,2,1,0,1,0
febrl2,0.84,1821,1,1,1,1,0,1,0
febrl2,0.84,3199,1,1,1,1,0,1,0
febrl2,0.84,3319,1,1,1,1,0,1,0
febrl2,0.84,1033,1,1,1,1,0,1,0
febrl2,0.84,115,1,1,1,1,0,1,0
febrl2,0.84,2006,1,1,1,1,0,1,0
febrl2,0.84,825,1,1,1,1,0,1,0
febrl2,0.84,2047,1,1,1,1,0,1,0
febrl2,0.84,3754,1,1,1,1,0,1,0
febrl2,0.84,3931,1,1,1,1,0,1,0
febrl2,0.84,40,1,1,1,1,0,1,0
febrl2,0.84,2233,1,1,1,1,0,1,0
febrl2,0.84,187,1,1,1,1,0,1,0
febrl2,0.84,385,1,1,1,1,0,1,0
febrl2,0.84,3328,1,1,1,1,0,1,0
febrl2,0.84,1479,1,1,1,1,0,1,0
febrl2,0.84,1230,1,1,1,1,0,1,0
febrl2,0.84,779,1,1,1,1,0,1,0
febrl2,0.84,2263,1,1,1,1,0,1,0
febrl2,0.84,1051,1,1,1,1,0,1,0
febrl2,0.84,2479,1,1,1,1,0,1,0
febrl2,0.84,3094,1,1,1,1,0,1,0
febrl2,0.84,1825,1,1,1,1,0,1,0
febrl2,0.84,1593,1,1,1,1,0,1,0
febrl2,0.84,1944,1,1,1,1,0,1,0
febrl2,0.84,421,1,1,1,1,0,1,0
febrl2,0.84,1326,1,1,1,1,0,1,0
febrl2,0.84,2378,1,1,1,1,0,1,0
febrl2,0.84,3085,1,1,1,1,0,1,0
febrl2,0.84,494,1,1,1,1,0,1,0
febrl2,0.84,2172,1,1,1,1,0,1,0
febrl2,0.84,3855,1,1,1,1,0,1,0
febrl2,0.84,2385,1,1,1,1,0,1,0
febrl2,0.84,2890,1,1,1,1,0,1,0
febrl2,0.84,1381,1,1,1,1,0,1,0
febrl2,0.84,2045,1,1,1,1,0,1,0
febrl2,0.84,59,1,1,1,1,0,1,0
febrl2,0.84,3916,1,1,1,1,0,1,0
febrl2,0.84,647,1,1,1,1,0,1,0
febrl2,0.84,2415,1,1,1,1,0,1,0
febrl2,0.84,3173,1,1,1,1,0,1,0
febrl2,0.84,1878,1,1,1,1,0,1,0
febrl2,0.84,2884,1,1,1,1,0,1,0
febrl2,0.84,3108,1,1,1,1,0,1,0
febrl2,0.84,3531,1,1,1,1,0,1,0
febrl2,0.84,411,1,1,1,1,0,1,0
febrl2,0.84,22,1,1,1,1,0,1,0
febrl2,0.84,3960,1,1,1,1,0,1,0
febrl2,0.84,1309,1,1,1,1,0,1,0
febrl2,0.84,3473,1,1,1,1,0,1,0
febrl2,0.84,3291,2,1,2,1,0,1,0
febrl2,0.84,1068,1,1,1,1,0,1,0
febrl2,0.84,3974,1,1,1,1,0,1,0
febrl2,0.84,2425,1,1,1,1,0,1,0
febrl2,0.84,1244,1,1,1,1,0,1,0
febrl2,0.84,1228,1,1,1,1,0,1,0
febrl2,0.84,1738,1,1,1,1,0,1,0
febrl2,0.84,72,1,1,1,1,0,1,0
febrl2,0.84,1219,1,1,1,1,0,1,0
febrl2,0.84,3457,1,1,1,1,0,1,0
febrl2,0.84,240,1,1,1,1,0,1,0
febrl2,0.84,3398,1,1,1,1,0,1,0
febrl2,0.84,523,1,1,1,1,0,1,0
febrl2,0.84,515,1,1,1,1,0,1,0
febrl2,0.84,2493,1,1,1,1,0,1,0
febrl2,0.84,1707,1,1,1,1,0,1,0
febrl2,0.84,1139,1,1,1,1,0,1,0
febrl2,0.84,1648,1,1,1,1,0,1,0
febrl2,0.84,1890,1,1,1,1,0,1,0
febrl2,0.84,2867,1,1,1,1,0,1,0
febrl2,0.84,2034,1,1,1,1,0,1,0
febrl2,0.84,2959,1,1,1,1,0,1,0
febrl2,0.84,1649,1,1,1,1,0,1,0
febrl2,0.84,1842,1,1,1,1,0,1,0
febrl2,0.84,2687,1,1,1,1,0,1,0
febrl2,0.84,546,1,1,1,1,0,1,0
febrl2,0.84,3488,1,1,1,1,0,1,0
febrl2,0.84,2754,1,1,1,1,0,1,0
febrl2,0.84,690,1,1,1,1,0,1,0
febrl2,0.84,3185,1,1,1,1,0,1,0
febrl2,0.84,613,1,1,1,1,0,1,0
febrl2,0.84,681,1,1,1,1,0,1,0
febrl2,0.84,3471,1,1,1,1,0,1,0
febrl2,0.84,973,1,1,1,1,0,1,0
febrl2,0.84,1797,1,1,1,1,0,1,0
febrl2,0.84,2459,1,1,1,1,0,1,0
febrl2,0.84,2803,1,1,1,1,0,1,0
febrl2,0.84,3415,1,1,1,1,0,1,0
febrl2,0.84,1794,1,1,1,1,0,1,0
febrl2,0.84,618,1,1,1,1,0,1,0
febrl2,0.84,1829,1,1,1,1,0,1,0
febrl2,0.84,2041,1,1,1,1,0,1,0
febrl2,0.84,751,1,1,1,1,0,1,0
febrl2,0.84,3187,1,1,1,1,0,1,0
febrl2,0.84,3308,1,1,1,1,0,1,0
febrl2,0.84,3716,1,1,1,1,0,1,0
febrl2,0.84,3912,1,1,1,1,0,1,0
febrl2,0.84,1778,1,1,1,1,0,1,0
febrl2,0.84,347,1,1,1,1,0,1,0
febrl2,0.84,465,1,1,1,1,0,1,0
febrl2,0.84,1129,1,1,1,1,0,1,0
febrl2,0.84,3862,1,1,1,1,0,1,0
febrl2,0.84,3037,2,1,2,1,0,1,0
febrl2,0.84,2185,1,1,1,1,0,1,0
febrl2,0.84,179,1,1,1,1,0,1,0
febrl2,0.84,290,1,1,1,1,0,1,0
febrl2,0.84,1515,1,1,1,1,0,1,0
febrl2,0.84,3868,1,1,1,1,0,1,0
febrl2,0.84,436,1,1,1,1,0,1,0
febrl2,0.84,667,1,1,1,1,0,1,0
febrl2,0.84,3512,1,1,1,1,0,1,0
febrl2,0.84,423,1,1,1,1,0,1,0
febrl2,0.84,1243,1,1,1,1,0,1,0
febrl2,0.84,2839,1,1,1,1,0,1,0
febrl2,0.84,146,1,1,1,1,0,1,0
febrl2,0.84,1264,1,1,1,1,0,1,0
febrl2,0.84,1849,1,1,1,1,0,1,0
febrl2,0.84,2535,1,1,1,1,0,1,0
febrl2,0.84,196,1,1,1,1,0,1,0
febrl2,0.84,2078,1,1,1,1,0,1,0
febrl2,0.84,3573,1,1,1,1,0,1,0
febrl2,0.84,454,1,1,1,1,0,1,0
febrl2,0.84,1338,1,1,1,1,0,1,0
febrl2,0.84,2393,1,1,1,1,0,1,0
febrl2,0.84,557,1,1,1,1,0,1,0
febrl2,0.84,3805,1,1,1,1,0,1,0
febrl2,0.84,3401,1,1,1,1,0,1,0
febrl2,0.84,400,3,1,3,1,0,1,0
febrl2,0.84,1968,1,1,1,1,0,1,0
febrl2,0.84,3595,1,1,1,1,0,1,0
febrl2,0.84,2082,1,1,1,1,0,1,0
febrl2,0.84,3358,1,1,1,1,0,1,0
febrl2,0.84,762,1,1,1,1,0,1,0
febrl2,0.84,1571,1,1,1,1,0,1,0
febrl2,0.84,3613,1,1,1,1,0,1,0
febrl2,0.84,1701,1,1,1,1,0,1,0
febrl2,0.84,3859,1,1,1,1,0,1,0
febrl2,0.84,2582,1,1,1,1,0,1,0
febrl2,0.84,722,1,1,1,1,0,1,0
febrl2,0.84,3237,1,1,1,1,0,1,0
febrl2,0.84,1017,1,1,1,1,0,1,0
febrl2,0.84,1656,1,1,1,1,0,1,0
febrl2,0.84,224,1,1,1,1,0,1,0
febrl2,0.84,1949,1,1,1,1,0,1,0
febrl2,0.84,3729,1,1,1,1,0,1,0
febrl2,0.84,2285,1,1,1,1,0,1,0
febrl2,0.84,2101,2,1,2,1,0,1,0
febrl2,0.84,1062,1,1,1,1,0,1,0
febrl2,0.84,286,1,1,1,1,0,1,0
febrl2,0.84,570,1,1,1,1,0,1,0
febrl2,0.84,1946,1,1,1,1,0,1,0
febrl2,0.84,368,1,1,1,1,0,1,0
febrl2,0.84,1508,1,1,1,1,0,1,0
febrl2,0.84,2806,1,1,1,1,0,1,0
febrl2,0.84,2266,1,1,1,1,0,1,0
febrl2,0.84,2408,1,1,1,1,0,1,0
febrl2,0.84,3246,1,1,1,1,0,1,0
febrl2,0.84,3046,1,1,1,1,0,1,0
febrl2,0.84,1318,1,1,1,1,0,1,0
febrl2,0.84,1390,1,1,1,1,0,1,0
febrl2,0.84,3629,1,1,1,1,0,1,0
febrl2,0.84,495,1,1,1,1,0,1,0
febrl2,0.84,2435,1,1,1,1,0,1,0
febrl2,0.84,0,1,1,1,1,0,1,0
febrl2,0.84,1096,2,1,2,1,0,1,0
febrl2,0.84,756,1,1,1,1,0,1,0
febrl2,0.84,3118,1,1,1,1,0,1,0
febrl2,0.84,2728,1,1,1,1,0,1,0
febrl2,0.84,61,1,1,1,1,0,1,0
febrl2,0.84,2355,1,1,1,1,0,1,0
febrl2,0.84,3174,1,1,1,1,0,1,0
febrl2,0.84,1436,1,1,1,1,0,1,0
febrl2,0.84,3101,1,1,1,1,0,1,0
febrl2,0.84,2227,1,1,1,1,0,1,0
febrl2,0.84,988,1,1,1,1,0,1,0
febrl2,0.84,3324,1,1,1,1,0,1,0
febrl2,0.84,2505,1,1,1,1,0,1,0
febrl2,0.84,484,1,1,1,1,0,1,0
febrl2,0.84,384,1,1,1,1,0,1,0
febrl2,0.84,2740,1,1,1,1,0,1,0
febrl2,0.84,3497,1,1,1,1,0,1,0
febrl2,0.84,604,1,1,1,1,0,1,0
febrl2,0.84,3172,1,1,1,1,0,1,0
febrl2,0.84,998,1,1,1,1,0,1,0
febrl2,0.84,3602,1,1,1,1,0,1,0
febrl2,0.84,1886,1,1,1,1,0,1,0
febrl2,0.84,2584,1,1,1,1,0,1,0
febrl2,0.84,3886,1,1,1,1,0,1,0
febrl2,0.84,1459,1,1,1,1,0,1,0
febrl2,0.84,3125,1,1,1,1,0,1,0
febrl2,0.84,2069,1,1,1,1,0,1,0
febrl2,0.84,2312,1,1,1,1,0,1,0
febrl2,0.84,3309,1,1,1,1,0,1,0
febrl2,0.84,2341,1,1,1,1,0,1,0
febrl2,0.84,3750,1,1,1,1,0,1,0
febrl2,0.84,226,1,1,1,1,0,1,0
febrl2,0.84,371,1,1,1,1,0,1,0
febrl2,0.84,2411,1,1,1,1,0,1,0
febrl2,0.84,1980,1,1,1,1,0,1,0
febrl2,0.84,327,1,1,1,1,0,1,0
febrl2,0.84,1257,1,1,1,1,0,1,0
febrl2,0.84,1938,1,1,1,1,0,1,0
febrl2,0.84,3937,1,1,1,1,0,1,0
febrl2,0.84,800,1,1,1,1,0,1,0
febrl2,0.84,2019,2,1,2,1,0,1,0
febrl2,0.84,307,1,1,1,1,0,1,0
febrl2,0.84,774,1,1,1,1,0,1,0
febrl2,0.84,1046,1,1,1,1,0,1,0
febrl2,0.84,143,2,1,2,1,0,1,0
febrl2,0.84,2345,1,1,1,1,0,1,0
febrl2,0.84,2436,3,2,3,2,0,2,0
febrl2,0.84,2043,1,1,1,1,0,1,0
febrl2,0.84,3940,1,1,1,1,0,1,0
febrl2,0.84,2646,1,1,1,1,0,1,0
febrl2,0.84,1202,1,1,1,1,0,1,0
febrl2,0.84,2318,1,1,1,1,0,1,0
febrl2,0.84,2215,1,1,1,1,0,1,0
febrl2,0.84,1654,1,1,1,1,0,1,0
febrl2,0.84,1582,1,1,1,1,0,1,0
febrl2,0.84,1777,1,1,1,1,0,1,0
febrl2,0.84,2591,1,1,1,1,0,1,0
febrl2,0.84,758,1,1,1,1,0,1,0
febrl2,0.84,3612,1,1,1,1,0,1,0
febrl2,0.84,2557,1,1,1,1,0,1,0
febrl2,0.84,3203,1,1,1,1,0,1,0
febrl2,0.84,980,1,1,1,1,0,1,0
febrl2,0.84,3799,1,1,1,1,0,1,0
febrl2,0.84,3113,1,1,1,1,0,1,0
febrl2,0.84,3657,1,1,1,1,0,1,0
febrl2,0.84,1184,1,1,1,1,0,1,0
febrl2,0.84,1101,1,1,1,1,0,1,0
febrl2,0.84,3708,1,1,1,1,0,1,0
febrl2,0.84,3396,1,1,1,1,0,1,0
febrl2,0.84,65,1,1,1,1,0,1,0
febrl2,0.84,18,4,1,4,1,0,1,0
febrl2,0.84,55,1,1,1,1,0,1,0
febrl2,0.84,2974,1,1,1,1,0,1,0
febrl2,0.84,2080,1,1,1,1,0,1,0
febrl2,0.84,3210,1,1,1,1,0,1,0
febrl2,0.84,391,1,1,1,1,0,1,0
febrl2,0.84,3196,1,1,1,1,0,1,0
febrl2,0.84,1621,1,1,1,1,0,1,0
febrl2,0.84,1365,1,1,1,1,0,1,0
febrl2,0.84,124,1,1,1,1,0,1,0
febrl2,0.84,3403,1,1,1,1,0,1,0
febrl2,0.84,2823,1,1,1,1,0,1,0
febrl2,0.84,934,1,1,1,1,0,1,0
febrl2,0.84,3622,4,1,4,1,0,1,0
febrl2,0.84,580,1,1,1,1,0,1,0
febrl2,0.84,3339,1,1,1,1,0,1,0
febrl2,0.84,375,1,1,1,1,0,1,0
febrl2,0.84,1207,1,1,1,1,0,1,0
febrl2,0.84,3479,1,1,1,1,0,1,0
febrl2,0.84,3013,1,1,1,1,0,1,0
febrl2,0.84,80,1,1,1,1,0,1,0
febrl2,0.84,2543,1,1,1,1,0,1,0
febrl2,0.84,2149,1,1,1,1,0,1,0
febrl2,0.84,2593,1,1,1,1,0,1,0
febrl2,0.84,1314,1,1,1,1,0,1,0
febrl2,0.84,1966,1,1,1,1,0,1,0
febrl2,0.84,708,1,1,1,1,0,1,0
febrl2,0.84,2918,1,1,1,1,0,1,0
febrl2,0.84,2905,1,1,1,1,0,1,0
febrl2,0.84,1162,1,1,1,1,0,1,0
febrl2,0.84,1653,1,1,1,1,0,1,0
febrl2,0.84,3492,1,1,1,1,0,1,0
febrl2,0.84,2326,3,1,3,1,0,1,0
febrl2,0.84,2970,1,1,1,1,0,1,0
febrl2,0.84,2000,1,1,1,1,0,1,0
febrl2,0.84,2865,1,1,1,1,0,1,0
febrl2,0.84,3481,1,1,1,1,0,1,0
febrl2,0.84,220,1,1,1,1,0,1,0
febrl2,0.84,2192,1,1,1,1,0,1,0
febrl2,0.84,2643,1,1,1,1,0,1,0
febrl2,0.84,592,1,1,1,1,0,1,0
febrl2,0.84,590,1,1,1,1,0,1,0
febrl2,0.84,1722,1,1,1,1,0,1,0
febrl2,0.84,584,1,1,1,1,0,1,0
febrl2,0.84,3973,1,1,1,1,0,1,0
febrl2,0.84,3156,1,1,1,1,0,1,0
febrl2,0.84,2442,1,1,1,1,0,1,0
febrl2,0.84,3840,1,1,1,1,0,1,0
febrl2,0.84,1424,1,1,1,1,0,1,0
febrl2,0.84,1831,1,1,1,1,0,1,0
febrl2,0.84,703,2,1,2,1,0,1,0
febrl2,0.84,1822,1,1,1,1,0,1,0
febrl2,0.84,917,1,1,1,1,0,1,0
febrl2,0.84,3705,1,1,1,1,0,1,0
febrl2,0.84,2242,1,1,1,1,0,1,0
febrl2,0.84,2820,1,1,1,1,0,1,0
febrl2,0.84,660,1,1,1,1,0,1,0
febrl2,0.84,2907,1,1,1,1,0,1,0
febrl2,0.84,920,1,1,1,1,0,1,0
febrl2,0.84,2785,1,1,1,1,0,1,0
febrl2,0.84,2105,1,1,1,1,0,1,0
febrl2,0.84,3343,1,1,1,1,0,1,0
febrl2,0.84,269,1,1,1,1,0,1,0
febrl2,0.84,2681,1,1,1,1,0,1,0
febrl2,0.84,3689,1,1,1,1,0,1,0
febrl2,0.84,3243,1,1,1,1,0,1,0
febrl2,0.84,1759,1,1,1,1,0,1,0
febrl2,0.84,5,1,1,1,1,0,1,0
febrl2,0.84,1462,1,1,1,1,0,1,0
febrl2,0.84,915,1,1,1,1,0,1,0
febrl2,0.84,2628,1,1,1,1,0,1,0
febrl2,0.84,241,1,1,1,1,0,1,0
febrl2,0.84,353,1,1,1,1,0,1,0
febrl2,0.84,775,1,1,1,1,0,1,0
febrl2,0.84,1153,1,1,1,1,0,1,0
febrl2,0.84,3578,1,1,1,1,0,1,0
febrl2,0.84,288,1,1,1,1,0,1,0
febrl2,0.84,1276,1,1,1,1,0,1,0
febrl2,0.84,3793,1,1,1,1,0,1,0
febrl2,0.84,3895,1,1,1,1,0,1,0
febrl2,0.84,2471,1,1,1,1,0,1,0
febrl2,0.84,1351,1,1,1,1,0,1,0
febrl2,0.84,1064,1,1,1,1,0,1,0
febrl2,0.84,3271,1,1,1,1,0,1,0
febrl2,0.84,3816,1,1,1,1,0,1,0
febrl2,0.84,3002,1,1,1,1,0,1,0
febrl2,0.84,826,1,1,1,1,0,1,0
febrl2,0.84,1546,1,1,1,1,0,1,0
febrl2,0.84,2567,1,1,1,1,0,1,0
febrl2,0.84,624,1,1,1,1,0,1,0
febrl2,0.84,1387,1,1,1,1,0,1,0
febrl2,0.84,3683,1,1,1,1,0,1,0
febrl2,0.84,1623,1,1,1,1,0,1,0
febrl2,0.84,2739,1,1,1,1,0,1,0
febrl2,0.84,3852,1,1,1,1,0,1,0
febrl2,0.84,3784,1,1,1,1,0,1,0
febrl2,0.84,1614,1,1,1,1,0,1,0
febrl2,0.84,2051,1,1,1,1,0,1,0
febrl2,0.84,2107,1,1,1,1,0,1,0
febrl2,0.84,561,1,1,1,1,0,1,0
febrl2,0.84,810,1,1,1,1,0,1,0
febrl2,0.84,2382,1,1,1,1,0,1,0
febrl2,0.84,1907,1,1,1,1,0,1,0
febrl2,0.84,676,1,1,1,1,0,1,0
febrl2,0.84,1394,1,1,1,1,0,1,0
febrl2,0.84,326,1,1,1,1,0,1,0
febrl2,0.84,1971,1,1,1,1,0,1,0
febrl2,0.84,114,1,1,1,1,0,1,0
febrl2,0.84,3432,1,1,1,1,0,1,0
febrl2,0.84,1941,1,1,1,1,0,1,0
febrl2,0.84,3898,1,1,1,1,0,1,0
febrl2,0.84,260,1,1,1,1,0,1,0
febrl2,0.84,2188,1,1,1,1,0,1,0
febrl2,0.84,970,1,1,1,1,0,1,0
febrl2,0.84,3006,1,1,1,1,0,1,0
febrl2,0.84,1214,1,1,1,1,0,1,0
febrl2,0.84,221,1,1,1,1,0,1,0
febrl2,0.84,1803,1,1,1,1,0,1,0
febrl2,0.84,2980,1,1,1,1,0,1,0
febrl2,0.84,3743,1,1,1,1,0,1,0
febrl2,0.84,3540,1,1,1,1,0,1,0
febrl2,0.84,3941,1,1,1,1,0,1,0
febrl2,0.84,3501,1,1,1,1,0,1,0
febrl2,0.84,1607,1,1,1,1,0,1,0
febrl2,0.84,265,1,1,1,1,0,1,0
febrl2,0.84,3758,1,1,1,1,0,1,0
febrl2,0.84,2248,1,1,1,1,0,1,0
febrl2,0.84,547,1,1,1,1,0,1,0
febrl2,0.84,2383,1,1,1,1,0,1,0
febrl2,0.84,3971,1,1,1,1,0,1,0
febrl2,0.84,1714,1,1,1,1,0,1,0
febrl2,0.84,591,1,1,1,1,0,1,0
febrl2,0.84,2252,1,1,1,1,0,1,0
febrl2,0.84,1415,1,1,1,1,0,1,0
febrl2,0.84,3638,1,1,1,1,0,1,0
febrl2,0.84,680,1,1,1,1,0,1,0
febrl2,0.84,3751,1,1,1,1,0,1,0
febrl2,0.84,2776,1,1,1,1,0,1,0
febrl2,0.84,2194,1,1,1,1,0,1,0
febrl2,0.84,2157,1,1,1,1,0,1,0
febrl2,0.84,1238,1,1,1,1,0,1,0
febrl2,0.84,1754,1,1,1,1,0,1,0
febrl2,0.84,2601,1,1,1,1,0,1,0
febrl2,0.84,3380,1,1,1,1,0,1,0
febrl2,0.84,840,1,1,1,1,0,1,0
febrl2,0.84,2957,1,1,1,1,0,1,0
febrl2,0.84,3640,1,1,1,1,0,1,0
febrl2,0.84,3194,1,1,1,1,0,1,0
febrl2,0.84,1023,1,1,1,1,0,1,0
febrl2,0.84,850,1,1,1,1,0,1,0
febrl2,0.84,2872,1,1,1,1,0,1,0
febrl2,0.84,3234,1,1,1,1,0,1,0
febrl2,0.84,2343,1,1,1,1,0,1,0
febrl2,0.84,2788,1,1,1,1,0,1,0
febrl2,0.84,2520,1,1,1,1,0,1,0
febrl2,0.84,2432,1,1,1,1,0,1,0
febrl2,0.84,3106,1,1,1,1,0,1,0
febrl2,0.84,1615,1,1,1,1,0,1,0
febrl2,0.84,2485,1,1,1,1,0,1,0
febrl2,0.84,2835,1,1,1,1,0,1,0
febrl2,0.84,3541,1,1,1,1,0,1,0
febrl2,0.84,2322,3,1,3,1,0,1,0
febrl2,0.84,1375,1,1,1,1,0,1,0
febrl2,0.84,1620,1,1,1,1,0,1,0
febrl2,0.84,3648,1,1,1,1,0,1,0
febrl2,0.84,2203,1,1,1,1,0,1,0
febrl2,0.84,3661,1,1,1,1,0,1,0
febrl2,0.84,3582,1,1,1,1,0,1,0
febrl2,0.84,1624,1,1,1,1,0,1,0
febrl2,0.84,91,1,1,1,1,0,1,0
febrl2,0.84,165,1,1,1,1,0,1,0
febrl2,0.84,1611,1,1,1,1,0,1,0
febrl2,0.84,2456,1,1,1,1,0,1,0
febrl2,0.84,3413,1,1,1,1,0,1,0
febrl2,0.84,2655,1,1,1,1,0,1,0
febrl2,0.84,1354,1,1,1,1,0,1,0
febrl2,0.84,3655,1,1,1,1,0,1,0
febrl2,0.84,961,1,1,1,1,0,1,0
febrl2,0.84,1584,1,1,1,1,0,1,0
febrl2,0.84,2395,1,1,1,1,0,1,0
febrl2,0.84,2275,1,1,1,1,0,1,0
febrl2,0.84,2300,1,1,1,1,0,1,0
febrl2,0.84,3209,1,1,1,1,0,1,0
febrl2,0.84,3957,1,1,1,1,0,1,0
febrl2,0.84,3230,1,1,1,1,0,1,0
febrl2,0.84,2253,1,1,1,1,0,1,0
febrl2,0.84,1520,1,1,1,1,0,1,0
febrl2,0.84,1277,1,1,1,1,0,1,0
febrl2,0.84,1247,1,1,1,1,0,1,0
febrl2,0.84,2292,1,1,1,1,0,1,0
febrl2,0.84,3795,1,1,1,1,0,1,0
febrl2,0.84,1263,1,1,1,1,0,1,0
febrl2,0.84,1059,1,1,1,1,0,1,0
febrl2,0.84,1887,1,1,1,1,0,1,0
febrl2,0.84,2511,1,1,1,1,0,1,0
febrl2,0.84,1337,1,1,1,1,0,1,0
febrl2,0.84,66,1,1,1,1,0,1,0
febrl2,0.84,2010,1,1,1,1,0,1,0
febrl2,0.84,3286,1,1,1,1,0,1,0
febrl2,0.84,607,1,1,1,1,0,1,0
febrl2,0.84,2720,1,1,1,1,0,1,0
febrl2,0.84,1071,1,1,1,1,0,1,0
febrl2,0.84,701,1,1,1,1,0,1,0
febrl2,0.84,1723,1,1,1,1,0,1,0
febrl2,0.84,3820,1,1,1,1,0,1,0
febrl2,0.84,1671,1,1,1,1,0,1,0
febrl2,0.84,809,1,1,1,1,0,1,0
febrl2,0.84,3609,1,1,1,1,0,1,0
febrl2,0.84,1635,1,1,1,1,0,1,0
febrl2,0.84,2530,1,1,1,1,0,1,0
febrl2,0.84,2674,1,1,1,1,0,1,0
febrl2,0.84,1830,1,1,1,1,0,1,0
febrl2,0.84,1841,1,1,1,1,0,1,0
febrl2,0.84,453,1,1,1,1,0,1,0
febrl2,0.84,3822,1,1,1,1,0,1,0
febrl2,0.84,3961,1,1,1,1,0,1,0
febrl2,0.84,3475,1,1,1,1,0,1,0
febrl2,0.84,3052,1,1,1,1,0,1,0
febrl2,0.84,816,1,1,1,1,0,1,0
febrl2,0.84,3926,1,1,1,1,0,1,0
febrl2,0.84,3122,2,1,2,1,0,1,0
febrl2,0.84,2117,1,1,1,1,0,1,0
febrl2,0.84,3997,1,1,1,1,0,1,0
febrl2,0.84,3943,1,1,1,1,0,1,0
febrl2,0.84,2971,1,1,1,1,0,1,0
febrl2,0.84,3807,1,1,1,1,0,1,0
febrl2,0.84,3111,1,1,1,1,0,1,0
febrl2,0.84,2623,1,1,1,1,0,1,0
febrl2,0.84,2246,1,1,1,1,0,1,0
febrl2,0.84,469,1,1,1,1,0,1,0
febrl2,0.84,1811,1,1,1,1,0,1,0
febrl2,0.84,477,1,1,1,1,0,1,0
febrl2,0.84,1216,4,1,4,1,0,1,0
febrl2,0.84,210,1,1,1,1,0,1,0
febrl2,0.84,3470,1,1,1,1,0,1,0
febrl2,0.84,611,1,1,1,1,0,1,0
febrl2,0.84,92,1,1,1,1,0,1,0
febrl2,0.84,1861,1,1,1,1,0,1,0
febrl2,0.84,1500,1,1,1,1,0,1,0
febrl2,0.84,3079,1,1,1,1,0,1,0
febrl2,0.84,483,1,1,1,1,0,1,0
febrl2,0.84,726,1,1,1,1,0,1,0
febrl2,0.84,828,1,1,1,1,0,1,0
febrl2,0.84,1413,1,1,1,1,0,1,0
febrl2,0.84,3532,1,1,1,1,0,1,0
febrl2,0.84,2743,1,1,1,1,0,1,0
febrl2,0.84,416,1,1,1,1,0,1,0
febrl2,0.84,1067,1,1,1,1,0,1,0
febrl2,0.84,585,1,1,1,1,0,1,0
febrl2,0.84,3296,1,1,1,1,0,1,0
febrl2,0.84,3359,1,1,1,1,0,1,0
febrl2,0.84,2605,1,1,1,1,0,1,0
febrl2,0.84,1688,1,1,1,1,0,1,0
febrl2,0.84,737,1,1,1,1,0,1,0
febrl2,0.84,2421,1,1,1,1,0,1,0
febrl2,0.84,1525,1,1,1,1,0,1,0
febrl2,0.84,766,1,1,1,1,0,1,0
febrl2,0.84,2536,1,1,1,1,0,1,0
febrl2,0.84,3279,1,1,1,1,0,1,0
febrl2,0.84,3882,1,1,1,1,0,1,0
febrl2,0.84,1572,1,1,1,1,0,1,0
febrl2,0.84,1547,1,1,1,1,0,1,0
febrl2,0.84,3539,1,1,1,1,0,1,0
febrl2,0.84,3242,1,1,1,1,0,1,0
febrl2,0.84,1163,1,1,1,1,0,1,0
febrl2,0.84,1386,1,1,1,1,0,1,0
febrl2,0.84,3259,1,1,1,1,0,1,0
febrl2,0.84,2482,1,1,1,1,0,1,0
febrl2,0.84,1783,1,1,1,1,0,1,0
febrl2,0.84,2854,1,1,1,1,0,1,0
febrl2,0.84,2680,1,1,1,1,0,1,0
febrl2,0.84,3719,1,1,1,1,0,1,0
febrl2,0.84,2939,1,1,1,1,0,1,0
febrl2,0.84,2603,1,1,1,1,0,1,0
febrl2,0.84,2308,1,1,1,1,0,1,0
febrl2,0.84,1262,1,1,1,1,0,1,0
febrl2,0.84,1117,1,1,1,1,0,1,0
febrl2,0.84,3423,1,1,1,1,0,1,0
febrl2,0.84,1676,1,1,1,1,0,1,0
febrl2,0.84,1702,1,1,1,1,0,1,0
febrl2,0.84,1079,1,1,1,1,0,1,0
febrl2,0.84,3257,1,1,1,1,0,1,0
febrl2,0.84,1965,1,1,1,1,0,1,0
febrl2,0.84,3725,1,1,1,1,0,1,0
febrl2,0.84,2020,1,1,1,1,0,1,0
febrl2,0.84,3522,1,1,1,1,0,1,0
febrl2,0.84,893,1,1,1,1,0,1,0
febrl2,0.84,1998,1,1,1,1,0,1,0
febrl2,0.84,628,1,1,1,1,0,1,0
febrl2,0.84,630,1,1,1,1,0,1,0
febrl2,0.84,3920,1,1,1,1,0,1,0
febrl2,0.84,161,1,1,1,1,0,1,0
febrl2,0.84,1429,1,1,1,1,0,1,0
febrl2,0.84,3310,1,1,1,1,0,1,0
febrl2,0.84,3922,1,1,1,1,0,1,0
febrl2,0.84,1353,1,1,1,1,0,1,0
febrl2,0.84,2481,1,1,1,1,0,1,0
febrl2,0.84,3853,1,1,1,1,0,1,0
febrl2,0.84,2420,1,1,1,1,0,1,0
febrl2,0.84,3726,1,1,1,1,0,1,0
febrl2,0.84,921,1,1,1,1,0,1,0
febrl2,0.84,1037,1,1,1,1,0,1,0
febrl2,0.84,2067,1,1,1,1,0,1,0
febrl2,0.84,550,1,1,1,1,0,1,0
febrl2,0.84,152,1,1,1,1,0,1,0
febrl2,0.84,787,1,1,1,1,0,1,0
febrl2,0.84,2317,1,1,1,1,0,1,0
febrl2,0.84,2862,1,1,1,1,0,1,0
febrl2,0.84,82,1,1,1,1,0,1,0
febrl2,0.84,1251,1,1,1,1,0,1,0
febrl2,0.84,3150,1,1,1,1,0,1,0
febrl2,0.84,753,1,1,1,1,0,1,0
febrl2,0.84,430,1,1,1,1,0,1,0
febrl2,0.84,3304,3,1,3,1,0,1,0
febrl2,0.84,1983,1,1,1,1,0,1,0
febrl2,0.84,178,1,1,1,1,0,1,0
febrl2,0.84,1587,1,1,1,1,0,1,0
febrl2,0.84,2214,1,1,1,1,0,1,0
febrl2,0.84,231,1,1,1,1,0,1,0
febrl2,0.84,1028,1,1,1,1,0,1,0
febrl2,0.84,3223,1,1,1,1,0,1,0
febrl2,0.84,797,1,1,1,1,0,1,0
febrl2,0.84,1412,1,1,1,1,0,1,0
febrl2,0.84,1602,1,1,1,1,0,1,0
febrl2,0.84,309,1,1,1,1,0,1,0
febrl2,0.84,1994,1,1,1,1,0,1,0
febrl2,0.84,1553,1,1,1,1,0,1,0
febrl2,0.84,2807,1,1,1,1,0,1,0
febrl2,0.84,3039,1,1,1,1,0,1,0
febrl2,0.84,116,1,1,1,1,0,1,0
febrl2,0.84,3190,1,1,1,1,0,1,0
febrl2,0.84,3469,1,1,1,1,0,1,0
febrl2,0.84,2602,1,1,1,1,0,1,0
febrl2,0.84,36,1,1,1,1,0,1,0
febrl2,0.84,2547,1,1,1,1,0,1,0
febrl2,0.84,1852,1,1,1,1,0,1,0
febrl2,0.84,425,1,1,1,1,0,1,0
febrl2,0.84,1029,1,1,1,1,0,1,0
febrl2,0.84,141,3,1,3,1,0,1,0
febrl2,0.84,1344,1,1,1,1,0,1,0
febrl2,0.84,3555,1,1,1,1,0,1,0
febrl2,0.84,1846,1,1,1,1,0,1,0
febrl2,0.84,1616,1,1,1,1,0,1,0
febrl2,0.84,1895,1,1,1,1,0,1,0
febrl2,0.84,3132,1,1,1,1,0,1,0
febrl2,0.84,2294,1,1,1,1,0,1,0
febrl2,0.84,3345,1,1,1,1,0,1,0
febrl2,0.84,3439,1,1,1,1,0,1,0
febrl2,0.84,3126,1,1,1,1,0,1,0
febrl2,0.84,340,1,1,1,1,0,1,0
febrl2,0.84,2723,1,1,1,1,0,1,0
febrl2,0.84,572,1,1,1,1,0,1,0
febrl2,0.84,866,1,1,1,1,0,1,0
febrl2,0.84,839,1,1,1,1,0,1,0
febrl2,0.84,1555,1,1,1,1,0,1,0
febrl2,0.84,2791,1,1,1,1,0,1,0
febrl2,0.84,2780,1,1,1,1,0,1,0
febrl2,0.84,3665,1,1,1,1,0,1,0
febrl2,0.84,1812,1,1,1,1,0,1,0
febrl2,0.84,3340,1,1,1,1,0,1,0
febrl2,0.84,2812,1,1,1,1,0,1,0
febrl2,0.84,2641,1,1,1,1,0,1,0
febrl2,0.84,1969,1,1,1,1,0,1,0
febrl2,0.84,749,1,1,1,1,0,1,0
febrl2,0.84,3325,1,1,1,1,0,1,0
febrl2,0.84,25,1,1,1,1,0,1,0
febrl2,0.84,862,1,1,1,1,0,1,0
febrl2,0.84,2016,1,1,1,1,0,1,0
febrl2,0.84,1448,1,1,1,1,0,1,0
febrl2,0.84,2218,1,1,1,1,0,1,0
febrl2,0.84,2325,1,1,1,1,0,1,0
febrl2,0.84,3894,1,1,1,1,0,1,0
febrl2,0.84,836,1,1,1,1,0,1,0
febrl2,0.84,1173,1,1,1,1,0,1,0
febrl2,0.84,2405,1,1,1,1,0,1,0
febrl2,0.84,2371,1,1,1,1,0,1,0
febrl2,0.84,3644,1,1,1,1,0,1,0
febrl2,0.84,3182,1,1,1,1,0,1,0
febrl2,0.84,2898,1,1,1,1,0,1,0
febrl2,0.84,788,1,1,1,1,0,1,0
febrl2,0.84,1780,1,1,1,1,0,1,0
febrl2,0.84,2692,1,1,1,1,0,1,0
febrl2,0.84,3958,1,1,1,1,0,1,0
febrl2,0.84,2111,1,1,1,1,0,1,0
febrl2,0.84,1737,1,1,1,1,0,1,0
febrl2,0.84,860,1,1,1,1,0,1,0
febrl2,0.84,2700,1,1,1,1,0,1,0
febrl2,0.84,3801,1,1,1,1,0,1,0
febrl2,0.84,974,1,1,1,1,0,1,0
febrl2,0.84,2147,1,1,1,1,0,1,0
febrl2,0.84,1208,1,1,1,1,0,1,0
febrl2,0.84,2897,1,1,1,1,0,1,0
febrl2,0.84,621,1,1,1,1,0,1,0
febrl2,0.84,377,1,1,1,1,0,1,0
febrl2,0.84,2588,1,1,1,1,0,1,0
febrl2,0.84,3874,1,1,1,1,0,1,0
febrl2,0.84,1551,1,1,1,1,0,1,0
febrl2,0.84,709,1,1,1,1,0,1,0
febrl2,0.84,888,1,1,1,1,0,1,0
febrl2,0.84,3047,1,1,1,1,0,1,0
febrl2,0.84,3198,1,1,1,1,0,1,0
febrl2,0.84,1176,1,1,1,1,0,1,0
febrl2,0.84,410,1,1,1,1,0,1,0
febrl2,0.84,216,1,1,1,1,0,1,0
febrl2,0.84,1174,1,1,1,1,0,1,0
febrl2,0.84,137,1,1,1,1,0,1,0
febrl2,0.84,1875,1,1,1,1,0,1,0
febrl2,0.84,1864,1,1,1,1,0,1,0
febrl2,0.84,2690,1,1,1,1,0,1,0
febrl2,0.84,3557,1,1,1,1,0,1,0
febrl2,0.84,3740,1,1,1,1,0,1,0
febrl2,0.84,49,1,1,1,1,0,1,0
febrl2,0.84,2207,1,1,1,1,0,1,0
febrl2,0.84,716,1,1,1,1,0,1,0
febrl2,0.84,2487,1,1,1,1,0,1,0
febrl2,0.84,1107,1,1,1,1,0,1,0
febrl2,0.84,3049,1,1,1,1,0,1,0
febrl2,0.84,562,1,1,1,1,0,1,0
febrl2,0.84,3136,1,1,1,1,0,1,0
febrl2,0.84,559,1,1,1,1,0,1,0
febrl2,0.84,245,1,1,1,1,0,1,0
febrl2,0.84,162,1,1,1,1,0,1,0
febrl2,0.84,1115,1,1,1,1,0,1,0
febrl2,0.84,911,1,1,1,1,0,1,0
febrl2,0.84,382,1,1,1,1,0,1,0
febrl2,0.84,1182,1,1,1,1,0,1,0
febrl2,0.84,439,1,1,1,1,0,1,0
febrl2,0.84,1361,1,1,1,1,0,1,0
febrl2,0.84,778,1,1,1,1,0,1,0
febrl2,0.84,34,1,1,1,1,0,1,0
febrl2,0.84,2861,1,1,1,1,0,1,0
febrl2,0.84,318,1,1,1,1,0,1,0
febrl2,0.84,3744,1,1,1,1,0,1,0
febrl2,0.84,1570,1,1,1,1,0,1,0
febrl2,0.84,2656,1,1,1,1,0,1,0
febrl2,0.84,3477,1,1,1,1,0,1,0
febrl2,0.84,966,1,1,1,1,0,1,0
febrl2,0.84,1210,1,1,1,1,0,1,0
febrl2,0.84,2146,1,1,1,1,0,1,0
febrl2,0.84,603,1,1,1,1,0,1,0
febrl2,0.84,750,1,1,1,1,0,1,0
febrl2,0.84,1788,1,1,1,1,0,1,0
febrl2,0.84,3112,1,1,1,1,0,1,0
febrl2,0.84,3955,1,1,1,1,0,1,0
febrl2,0.84,491,1,1,1,1,0,1,0
febrl2,0.84,30,1,1,1,1,0,1,0
febrl2,0.84,3165,1,1,1,1,0,1,0
febrl2,0.84,1834,1,1,1,1,0,1,0
febrl2,0.84,405,1,1,1,1,0,1,0
febrl2,0.84,2550,1,1,1,1,0,1,0
febrl2,0.84,700,1,1,1,1,0,1,0
febrl2,0.84,468,1,1,1,1,0,1,0
febrl2,0.84,1924,1,1,1,1,0,1,0
febrl2,0.84,520,1,1,1,1,0,1,0
febrl2,0.84,3264,1,1,1,1,0,1,0
febrl2,0.84,673,1,1,1,1,0,1,0
febrl2,0.84,2838,1,1,1,1,0,1,0
febrl2,0.84,1350,1,1,1,1,0,1,0
febrl2,0.84,2737,1,1,1,1,0,1,0
febrl2,0.84,263,1,1,1,1,0,1,0
febrl2,0.84,3024,1,1,1,1,0,1,0
febrl2,0.84,3979,1,1,1,1,0,1,0
febrl2,0.84,2946,1,1,1,1,0,1,0
febrl2,0.84,1923,1,1,1,1,0,1,0
febrl2,0.84,1181,1,1,1,1,0,1,0
febrl2,0.84,1802,1,1,1,1,0,1,0
febrl2,0.84,1741,1,1,1,1,0,1,0
febrl2,0.84,202,1,1,1,1,0,1,0
febrl2,0.84,3016,1,1,1,1,0,1,0
febrl2,0.84,1031,1,1,1,1,0,1,0
febrl2,0.84,1526,1,1,1,1,0,1,0
febrl2,0.84,706,1,1,1,1,0,1,0
febrl2,0.84,154,1,1,1,1,0,1,0
febrl2,0.84,1405,1,1,1,1,0,1,0
febrl2,0.84,3179,1,1,1,1,0,1,0
febrl2,0.84,296,1,1,1,1,0,1,0
febrl2,0.84,312,1,1,1,1,0,1,0
febrl2,0.84,1121,1,1,1,1,0,1,0
febrl2,0.84,1952,1,1,1,1,0,1,0
febrl2,0.84,812,1,1,1,1,0,1,0
febrl2,0.84,2079,1,1,1,1,0,1,0
febrl2,0.84,1927,1,1,1,1,0,1,0
febrl2,0.84,650,1,1,1,1,0,1,0
febrl2,0.84,2231,1,1,1,1,0,1,0
febrl2,0.84,379,1,1,1,1,0,1,0
febrl2,0.84,3617,1,1,1,1,0,1,0
febrl2,0.84,1820,1,1,1,1,0,1,0
febrl2,0.84,1292,1,1,1,1,0,1,0
febrl2,0.84,2730,1,1,1,1,0,1,0
febrl2,0.84,214,1,1,1,1,0,1,0
febrl2,0.84,3161,1,1,1,1,0,1,0
febrl2,0.84,2826,1,1,1,1,0,1,0
febrl2,0.84,1911,1,1,1,1,0,1,0
febrl2,0.84,1853,1,1,1,1,0,1,0
febrl2,0.84,2533,1,1,1,1,0,1,0
febrl2,0.84,870,1,1,1,1,0,1,0
febrl2,0.84,3071,1,1,1,1,0,1,0
febrl2,0.84,2911,1,1,1,1,0,1,0
febrl2,0.84,2397,1,1,1,1,0,1,0
febrl2,0.84,1280,1,1,1,1,0,1,0
febrl2,0.84,1203,1,1,1,1,0,1,0
febrl2,0.84,2450,1,1,1,1,0,1,0
febrl2,0.84,2587,1,1,1,1,0,1,0
febrl2,0.84,3091,1,1,1,1,0,1,0
febrl2,0.84,2438,1,1,1,1,0,1,0
febrl2,0.84,648,1,1,1,1,0,1,0
febrl2,0.84,1928,1,1,1,1,0,1,0
febrl2,0.84,754,1,1,1,1,0,1,0
febrl2,0.84,2524,1,1,1,1,0,1,0
febrl2,0.84,3265,1,1,1,1,0,1,0
febrl2,0.84,2577,1,1,1,1,0,1,0
febrl2,0.84,1414,1,1,1,1,0,1,0
febrl2,0.84,270,1,1,1,1,0,1,0
febrl2,0.84,2866,1,1,1,1,0,1,0
febrl2,0.84,361,1,1,1,1,0,1,0
febrl2,0.84,2049,1,1,1,1,0,1,0
febrl2,0.84,2095,1,1,1,1,0,1,0
febrl2,0.84,3577,1,1,1,1,0,1,0
febrl2,0.84,2124,1,1,1,1,0,1,0
febrl2,0.84,437,1,1,1,1,0,1,0
febrl2,0.84,383,1,1,1,1,0,1,0
febrl2,0.84,2115,1,1,1,1,0,1,0
febrl2,0.84,3724,1,1,1,1,0,1,0
febrl2,0.84,1035,3,1,3,1,0,1,0
febrl2,0.84,1360,1,1,1,1,0,1,0
febrl2,0.84,3012,1,1,1,1,0,1,0
febrl2,0.84,293,1,1,1,1,0,1,0
febrl2,0.84,614,1,1,1,1,0,1,0
febrl2,0.84,1709,1,1,1,1,0,1,0
febrl2,0.84,2257,1,1,1,1,0,1,0
febrl2,0.84,1260,1,1,1,1,0,1,0
febrl2,0.84,2412,1,1,1,1,0,1,0
febrl2,0.84,3944,1,1,1,1,0,1,0
febrl2,0.84,2561,1,1,1,1,0,1,0
febrl2,0.84,2864,1,1,1,1,0,1,0
febrl2,0.84,2380,1,1,1,1,0,1,0
febrl2,0.84,206,1,1,1,1,0,1,0
febrl2,0.84,467,1,1,1,1,0,1,0
febrl2,0.84,3538,1,1,1,1,0,1,0
febrl2,0.84,1134,1,1,1,1,0,1,0
febrl2,0.84,1225,1,1,1,1,0,1,0
febrl2,0.84,2441,1,1,1,1,0,1,0
febrl2,0.84,1689,1,1,1,1,0,1,0
febrl2,0.84,851,1,1,1,1,0,1,0
febrl2,0.84,3463,1,1,1,1,0,1,0
febrl2,0.84,1643,1,1,1,1,0,1,0
febrl2,0.84,53,1,1,1,1,0,1,0
febrl2,0.84,1110,1,1,1,1,0,1,0
febrl2,0.84,1165,1,1,1,1,0,1,0
febrl2,0.84,212,1,1,1,1,0,1,0
febrl2,0.84,1793,1,1,1,1,0,1,0
febrl2,0.84,1798,1,1,1,1,0,1,0
febrl2,0.84,3549,1,1,1,1,0,1,0
febrl2,0.84,2819,1,1,1,1,0,1,0
febrl2,0.84,471,1,1,1,1,0,1,0
febrl2,0.84,2189,1,1,1,1,0,1,0
febrl2,0.84,2702,1,1,1,1,0,1,0
febrl2,0.84,927,1,1,1,1,0,1,0
febrl2,0.84,2304,1,1,1,1,0,1,0
febrl2,0.84,3206,1,1,1,1,0,1,0
febrl2,0.84,2726,1,1,1,1,0,1,0
febrl2,0.84,2634,1,1,1,1,0,1,0
febrl2,0.84,19,1,1,1,1,0,1,0
febrl2,0.84,2037,1,1,1,1,0,1,0
febrl2,0.84,122,1,1,1,1,0,1,0
febrl2,0.84,1813,1,1,1,1,0,1,0
febrl2,0.84,2915,2,1,2,1,0,1,0
febrl2,0.84,529,1,1,1,1,0,1,0
febrl2,0.84,1954,1,1,1,1,0,1,0
febrl2,0.84,2094,1,1,1,1,0,1,0
febrl2,0.84,1664,1,1,1,1,0,1,0
febrl2,0.84,3490,1,1,1,1,0,1,0
febrl2,0.84,678,2,1,2,1,0,1,0
febrl2,0.84,2975,1,1,1,1,0,1,0
febrl2,0.84,197,1,1,1,1,0,1,0
febrl2,0.84,264,1,1,1,1,0,1,0
febrl2,0.84,3454,1,1,1,1,0,1,0
febrl2,0.84,3518,1,1,1,1,0,1,0
febrl2,0.84,679,1,1,1,1,0,1,0
febrl2,0.84,1483,1,1,1,1,0,1,0
febrl2,0.84,1779,1,1,1,1,0,1,0
febrl2,0.84,530,1,1,1,1,0,1,0
febrl2,0.84,3869,1,1,1,1,0,1,0
febrl2,0.84,168,1,1,1,1,0,1,0
febrl2,0.84,784,1,1,1,1,0,1,0
febrl2,0.84,1538,1,1,1,1,0,1,0
febrl2,0.84,108,1,1,1,1,0,1,0
febrl2,0.84,1402,1,1,1,1,0,1,0
febrl2,0.84,2223,1,1,1,1,0,1,0
febrl2,0.84,2387,1,1,1,1,0,1,0
febrl2,0.84,1674,1,1,1,1,0,1,0
febrl2,0.84,125,1,1,1,1,0,1,0
febrl2,0.84,827,1,1,1,1,0,1,0
febrl2,0.84,3493,1,1,1,1,0,1,0
febrl2,0.84,2684,1,1,1,1,0,1,0
febrl2,0.84,2396,1,1,1,1,0,1,0
febrl2,0.84,958,1,1,1,1,0,1,0
febrl2,0.84,121,1,1,1,1,0,1,0
febrl2,0.84,3809,1,1,1,1,0,1,0
febrl2,0.84,2870,1,1,1,1,0,1,0
febrl2,0.84,2338,1,1,1,1,0,1,0
febrl2,0.84,1218,1,1,1,1,0,1,0
febrl2,0.84,1518,1,1,1,1,0,1,0
febrl2,0.84,3078,1,1,1,1,0,1,0
febrl2,0.84,3030,1,1,1,1,0,1,0
febrl2,0.84,3289,1,1,1,1,0,1,0
febrl2,0.84,257,1,1,1,1,0,1,0
febrl2,0.84,3351,1,1,1,1,0,1,0
febrl2,0.84,205,1,1,1,1,0,1,0
febrl2,0.84,461,1,1,1,1,0,1,0
febrl2,0.84,1896,1,1,1,1,0,1,0
febrl2,0.84,1922,1,1,1,1,0,1,0
febrl2,0.84,2706,1,1,1,1,0,1,0
febrl2,0.84,193,1,1,1,1,0,1,0
febrl2,0.84,1713,1,1,1,1,0,1,0
febrl2,0.84,2352,1,1,1,1,0,1,0
febrl2,0.84,3055,1,1,1,1,0,1,0
febrl2,0.84,2521,1,1,1,1,0,1,0
febrl2,0.84,3378,1,1,1,1,0,1,0
febrl2,0.84,1787,1,1,1,1,0,1,0
febrl2,0.84,3250,1,1,1,1,0,1,0
febrl2,0.84,2057,1,1,1,1,0,1,0
febrl2,0.84,1739,1,1,1,1,0,1,0
febrl2,0.84,2288,1,1,1,1,0,1,0
febrl2,0.84,965,1,1,1,1,0,1,0
febrl2,0.84,2,1,1,1,1,0,1,0
febrl2,0.84,3220,1,1,1,1,0,1,0
febrl2,0.84,3737,1,1,1,1,0,1,0
febrl2,0.84,3669,1,1,1,1,0,1,0
febrl2,0.84,3350,1,1,1,1,0,1,0
febrl2,0.84,2947,1,1,1,1,0,1,0
febrl2,0.84,3010,1,1,1,1,0,1,0
febrl2,0.84,1296,1,1,1,1,0,1,0
febrl2,0.84,52,1,1,1,1,0,1,0
febrl2,0.84,3535,1,1,1,1,0,1,0
febrl2,0.84,2193,1,1,1,1,0,1,0
febrl2,0.84,1715,1,1,1,1,0,1,0
febrl2,0.84,85,1,1,1,1,0,1,0
febrl2,0.84,1532,1,1,1,1,0,1,0
febrl2,0.84,1250,2,1,2,1,0,1,0
febrl2,0.84,853,1,1,1,1,0,1,0
febrl2,0.84,1345,1,1,1,1,0,1,0
febrl2,0.84,2841,1,1,1,1,0,1,0
febrl2,0.84,3186,1,1,1,1,0,1,0
febrl2,0.84,2187,1,1,1,1,0,1,0
febrl2,0.84,3502,1,1,1,1,0,1,0
febrl2,0.84,3975,1,1,1,1,0,1,0
febrl2,0.84,9,1,1,1,1,0,1,0
febrl2,0.84,2243,1,1,1,1,0,1,0
febrl2,0.84,3712,1,1,1,1,0,1,0
febrl2,0.84,308,1,1,1,1,0,1,0
febrl2,0.84,963,1,1,1,1,0,1,0
febrl2,0.84,1851,1,1,1,1,0,1,0
febrl2,0.84,642,1,1,1,1,0,1,0
febrl2,0.84,3676,1,1,1,1,0,1,0
febrl2,0.84,2509,1,1,1,1,0,1,0
febrl2,0.84,1054,1,1,1,1,0,1,0
febrl2,0.84,2759,1,1,1,1,0,1,0
febrl2,0.84,2091,1,1,1,1,0,1,0
febrl2,0.84,1933,1,1,1,1,0,1,0
febrl2,0.84,2492,1,1,1,1,0,1,0
febrl2,0.84,1253,1,1,1,1,0,1,0
febrl2,0.84,2422,1,1,1,1,0,1,0
febrl2,0.84,2472,1,1,1,1,0,1,0
febrl2,0.84,3240,1,1,1,1,0,1,0
febrl2,0.84,2917,1,1,1,1,0,1,0
febrl2,0.84,498,1,1,1,1,0,1,0
febrl2,0.84,427,1,1,1,1,0,1,0
febrl2,0.84,1105,1,1,1,1,0,1,0
febrl2,0.84,3315,1,1,1,1,0,1,0
febrl2,0.84,1498,1,1,1,1,0,1,0
febrl2,0.84,2614,1,1,1,1,0,1,0
febrl2,0.84,3714,1,1,1,1,0,1,0
febrl2,0.84,277,1,1,1,1,0,1,0
febrl2,0.84,2102,1,1,1,1,0,1,0
febrl2,0.84,1449,1,1,1,1,0,1,0
febrl2,0.84,3153,1,1,1,1,0,1,0
febrl2,0.84,2913,1,1,1,1,0,1,0
febrl2,0.84,1910,1,1,1,1,0,1,0
febrl2,0.84,1283,1,1,1,1,0,1,0
febrl2,0.84,87,1,1,1,1,0,1,0
febrl2,0.84,3930,1,1,1,1,0,1,0
febrl2,0.84,1004,1,1,1,1,0,1,0
febrl2,0.84,2362,1,1,1,1,0,1,0
febrl2,0.84,2012,1,1,1,1,0,1,0
febrl2,0.84,2764,1,1,1,1,0,1,0
febrl2,0.84,2836,1,1,1,1,0,1,0
febrl2,0.84,1112,1,1,1,1,0,1,0
febrl2,0.84,2504,1,1,1,1,0,1,0
febrl2,0.84,3536,1,1,1,1,0,1,0
febrl2,0.84,2944,1,1,1,1,0,1,0
febrl2,0.84,1504,1,1,1,1,0,1,0
febrl2,0.84,3781,1,1,1,1,0,1,0
febrl2,0.84,792,1,1,1,1,0,1,0
febrl2,0.84,3667,1,1,1,1,0,1,0
febrl2,0.84,2685,1,1,1,1,0,1,0
febrl2,0.84,1180,1,1,1,1,0,1,0
febrl2,0.84,1828,1,1,1,1,0,1,0
febrl2,0.84,1906,1,1,1,1,0,1,0
febrl2,0.84,817,1,1,1,1,0,1,0
febrl2,0.84,3095,1,1,1,1,0,1,0
febrl2,0.84,1231,1,1,1,1,0,1,0
febrl2,0.84,3586,1,1,1,1,0,1,0
febrl2,0.84,1196,1,1,1,1,0,1,0
febrl2,0.84,1329,1,1,1,1,0,1,0
febrl2,0.84,806,1,1,1,1,0,1,0
febrl2,0.84,1041,1,1,1,1,0,1,0
febrl2,0.84,1427,1,1,1,1,0,1,0
febrl2,0.84,435,1,1,1,1,0,1,0
febrl2,0.84,177,1,1,1,1,0,1,0
febrl2,0.84,1705,1,1,1,1,0,1,0
febrl2,0.84,1451,1,1,1,1,0,1,0
febrl2,0.84,3581,1,1,1,1,0,1,0
febrl2,0.84,3794,1,1,1,1,0,1,0
febrl2,0.84,2699,1,1,1,1,0,1,0
febrl2,0.84,3863,1,1,1,1,0,1,0
febrl2,0.84,3233,1,1,1,1,0,1,0
febrl2,0.84,867,1,1,1,1,0,1,0
febrl2,0.84,1566,1,1,1,1,0,1,0
febrl2,0.84,2462,1,1,1,1,0,1,0
febrl2,0.84,474,1,1,1,1,0,1,0
febrl2,0.84,2008,1,1,1,1,0,1,0
febrl2,0.84,3746,1,1,1,1,0,1,0
febrl2,0.84,2990,1,1,1,1,0,1,0
febrl2,0.84,510,1,1,1,1,0,1,0
febrl2,0.84,2357,1,1,1,1,0,1,0
febrl2,0.84,1558,1,1,1,1,0,1,0
febrl2,0.84,1590,1,1,1,1,0,1,0
febrl2,0.84,656,1,1,1,1,0,1,0
febrl2,0.84,3735,1,1,1,1,0,1,0
febrl2,0.84,1751,1,1,1,1,0,1,0
febrl2,0.84,3,1,1,1,1,0,1,0
febrl2,0.84,3963,1,1,1,1,0,1,0
febrl2,0.84,3058,1,1,1,1,0,1,0
febrl2,0.84,1686,1,1,1,1,0,1,0
febrl2,0.84,1320,1,1,1,1,0,1,0
febrl2,0.84,1285,1,1,1,1,0,1,0
febrl2,0.84,1317,1,1,1,1,0,1,0
febrl2,0.84,3195,1,1,1,1,0,1,0
febrl2,0.84,1840,1,1,1,1,0,1,0
febrl2,0.84,3135,1,1,1,1,0,1,0
febrl2,0.84,940,1,1,1,1,0,1,0
febrl2,0.84,2615,1,1,1,1,0,1,0
febrl2,0.84,1084,1,1,1,1,0,1,0
febrl2,0.84,3268,1,1,1,1,0,1,0
febrl2,0.84,3798,1,1,1,1,0,1,0
febrl2,0.84,3003,1,1,1,1,0,1,0
febrl2,0.84,1732,1,1,1,1,0,1,0
febrl2,0.84,2631,1,1,1,1,0,1,0
febrl2,0.84,2606,1,1,1,1,0,1,0
febrl2,0.84,3690,1,1,1,1,0,1,0
febrl2,0.84,2454,1,1,1,1,0,1,0
febrl2,0.84,3399,1,1,1,1,0,1,0
febrl2,0.84,2537,1,1,1,1,0,1,0
febrl2,0.84,2114,1,1,1,1,0,1,0
febrl2,0.84,139,1,1,1,1,0,1,0
febrl2,0.84,3570,1,1,1,1,0,1,0
febrl2,0.84,2186,1,1,1,1,0,1,0
febrl2,0.84,2198,1,1,1,1,0,1,0
febrl2,0.84,3421,1,1,1,1,0,1,0
febrl2,0.84,2850,1,1,1,1,0,1,0
febrl2,0.84,631,1,1,1,1,0,1,0
febrl2,0.84,1103,1,1,1,1,0,1,0
febrl2,0.84,3670,1,1,1,1,0,1,0
febrl2,0.84,3966,1,1,1,1,0,1,0
febrl2,0.84,502,1,1,1,1,0,1,0
febrl2,0.84,2148,1,1,1,1,0,1,0
febrl2,0.84,3556,1,1,1,1,0,1,0
febrl2,0.84,2717,1,1,1,1,0,1,0
febrl2,0.84,932,1,1,1,1,0,1,0
febrl2,0.84,2900,1,1,1,1,0,1,0
febrl2,0.84,2394,1,1,1,1,0,1,0
febrl2,0.84,1947,1,1,1,1,0,1,0
febrl2,0.84,3634,1,1,1,1,0,1,0
febrl2,0.84,1999,1,1,1,1,0,1,0
febrl2,0.84,3913,1,1,1,1,0,1,0
febrl2,0.84,1818,1,1,1,1,0,1,0
febrl2,0.84,3918,1,1,1,1,0,1,0
febrl2,0.84,3124,1,1,1,1,0,1,0
febrl2,0.84,1205,1,1,1,1,0,1,0
febrl2,0.84,2703,1,1,1,1,0,1,0
febrl2,0.84,577,1,1,1,1,0,1,0
febrl2,0.84,1950,1,1,1,1,0,1,0
febrl2,0.84,1817,1,1,1,1,0,1,0
febrl2,0.84,2664,1,1,1,1,0,1,0
febrl2,0.84,2637,1,1,1,1,0,1,0
febrl2,0.84,3685,1,1,1,1,0,1,0
febrl2,0.84,2774,1,1,1,1,0,1,0
febrl2,0.84,2503,1,1,1,1,0,1,0
febrl2,0.84,1089,1,1,1,1,0,1,0
febrl2,0.84,1226,1,1,1,1,0,1,0
febrl2,0.84,180,1,1,1,1,0,1,0
febrl2,0.84,565,1,1,1,1,0,1,0
febrl2,0.84,1131,1,1,1,1,0,1,0
febrl2,0.84,1169,1,1,1,1,0,1,0
febrl2,0.84,244,1,1,1,1,0,1,0
febrl2,0.84,1836,1,1,1,1,0,1,0
febrl2,0.84,1088,1,1,1,1,0,1,0
febrl2,0.84,3904,1,1,1,1,0,1,0
febrl2,0.84,3162,1,1,1,1,0,1,0
febrl2,0.84,319,1,1,1,1,0,1,0
febrl2,0.84,144,1,1,1,1,0,1,0
febrl2,0.84,1348,1,1,1,1,0,1,0
febrl2,0.84,3764,1,1,1,1,0,1,0
febrl2,0.84,272,1,1,1,1,0,1,0
febrl2,0.84,1533,1,1,1,1,0,1,0
febrl2,0.84,2712,1,1,1,1,0,1,0
febrl2,0.84,3375,1,1,1,1,0,1,0
febrl2,0.84,3476,1,1,1,1,0,1,0
febrl2,0.84,2797,1,1,1,1,0,1,0
febrl2,0.84,526,2,1,2,1,0,1,0
febrl2,0.84,2486,1,1,1,1,0,1,0
febrl2,0.84,1690,1,1,1,1,0,1,0
febrl2,0.84,1396,1,1,1,1,0,1,0
febrl2,0.84,1199,1,1,1,1,0,1,0
febrl2,0.84,2179,1,1,1,1,0,1,0
febrl2,0.84,1881,1,1,1,1,0,1,0
febrl2,0.84,1939,1,1,1,1,0,1,0
febrl2,0.84,39,1,1,1,1,0,1,0
febrl2,0.84,111,1,1,1,1,0,1,0
febrl2,0.84,1839,1,1,1,1,0,1,0
febrl2,0.84,3651,1,1,1,1,0,1,0
febrl2,0.84,3180,1,1,1,1,0,1,0
febrl2,0.84,3107,1,1,1,1,0,1,0
febrl2,0.84,2197,1,1,1,1,0,1,0
febrl2,0.84,1140,1,1,1,1,0,1,0
febrl2,0.84,2005,1,1,1,1,0,1,0
febrl2,0.84,664,1,1,1,1,0,1,0
febrl2,0.84,2128,1,1,1,1,0,1,0
febrl2,0.84,3147,1,1,1,1,0,1,0
febrl2,0.84,295,1,1,1,1,0,1,0
febrl2,0.84,3887,1,1,1,1,0,1,0
febrl2,0.84,2118,1,1,1,1,0,1,0
febrl2,0.84,771,1,1,1,1,0,1,0
febrl2,0.84,711,1,1,1,1,0,1,0
febrl2,0.84,3757,1,1,1,1,0,1,0
febrl2,0.84,2576,1,1,1,1,0,1,0
febrl2,0.84,576,1,1,1,1,0,1,0
febrl2,0.84,671,1,1,1,1,0,1,0
febrl2,0.84,3814,1,1,1,1,0,1,0
febrl2,0.84,794,1,1,1,1,0,1,0
febrl2,0.84,93,1,1,1,1,0,1,0
febrl2,0.84,3745,1,1,1,1,0,1,0
febrl2,0.84,1376,1,1,1,1,0,1,0
febrl2,0.84,2665,1,1,1,1,0,1,0
febrl2,0.84,538,1,1,1,1,0,1,0
febrl2,0.84,884,1,1,1,1,0,1,0
febrl2,0.84,1940,1,1,1,1,0,1,0
febrl2,0.84,3611,1,1,1,1,0,1,0
febrl2,0.84,1506,1,1,1,1,0,1,0
febrl2,0.84,3560,1,1,1,1,0,1,0
febrl2,0.84,1789,1,1,1,1,0,1,0
febrl2,0.84,1267,1,1,1,1,0,1,0
febrl2,0.84,3800,1,1,1,1,0,1,0
febrl2,0.84,955,1,1,1,1,0,1,0
febrl2,0.84,1123,1,1,1,1,0,1,0
febrl2,0.84,3472,1,1,1,1,0,1,0
febrl2,0.84,426,1,1,1,1,0,1,0
febrl2,0.84,373,1,1,1,1,0,1,0
febrl2,0.84,3633,1,1,1,1,0,1,0
febrl2,0.84,149,1,1,1,1,0,1,0
febrl2,0.84,1001,1,1,1,1,0,1,0
febrl2,0.84,3278,1,1,1,1,0,1,0
febrl2,0.84,2914,1,1,1,1,0,1,0
febrl2,0.84,574,1,1,1,1,0,1,0
febrl2,0.84,2748,1,1,1,1,0,1,0
febrl2,0.84,365,1,1,1,1,0,1,0
febrl2,0.84,2182,1,1,1,1,0,1,0
febrl2,0.84,3133,1,1,1,1,0,1,0
febrl2,0.84,541,1,1,1,1,0,1,0
febrl2,0.84,301,1,1,1,1,0,1,0
febrl2,0.84,3935,1,1,1,1,0,1,0
febrl2,0.84,3341,1,1,1,1,0,1,0
febrl2,0.84,1612,1,1,1,1,0,1,0
febrl2,0.84,1241,1,1,1,1,0,1,0
febrl2,0.84,2446,1,1,1,1,0,1,0
febrl2,0.84,1008,1,1,1,1,0,1,0
febrl2,0.84,1657,1,1,1,1,0,1,0
febrl2,0.84,3715,1,1,1,1,0,1,0
febrl2,0.84,3480,1,1,1,1,0,1,0
febrl2,0.84,3306,1,1,1,1,0,1,0
febrl2,0.84,617,1,1,1,1,0,1,0
febrl2,0.84,2087,1,1,1,1,0,1,0
febrl2,0.84,3988,1,1,1,1,0,1,0
febrl2,0.84,2923,1,1,1,1,0,1,0
febrl2,0.84,2123,1,1,1,1,0,1,0
febrl2,0.84,284,1,1,1,1,0,1,0
febrl2,0.84,45,1,1,1,1,0,1,0
febrl2,0.84,1346,1,1,1,1,0,1,0
febrl2,0.84,1492,1,1,1,1,0,1,0
febrl2,0.84,142,1,1,1,1,0,1,0
febrl2,0.84,204,1,1,1,1,0,1,0
febrl2,0.84,176,1,1,1,1,0,1,0
febrl2,0.84,456,1,1,1,1,0,1,0
febrl2,0.84,919,1,1,1,1,0,1,0
febrl2,0.84,2871,1,1,1,1,0,1,0
febrl2,0.84,2592,1,1,1,1,0,1,0
febrl2,0.84,686,1,1,1,1,0,1,0
febrl2,0.84,2390,1,1,1,1,0,1,0
febrl2,0.84,3192,1,1,1,1,0,1,0
febrl2,0.84,3119,1,1,1,1,0,1,0
febrl2,0.84,1805,1,1,1,1,0,1,0
febrl2,0.84,1727,1,1,1,1,0,1,0
febrl2,0.84,3696,1,1,1,1,0,1,0
febrl2,0.84,2039,1,1,1,1,0,1,0
febrl2,0.84,3637,1,1,1,1,0,1,0
febrl2,0.84,3631,1,1,1,1,0,1,0
febrl2,0.84,2330,1,1,1,1,0,1,0
febrl2,0.84,1800,1,1,1,1,0,1,0
febrl2,0.84,2289,1,1,1,1,0,1,0
febrl2,0.84,1661,1,1,1,1,0,1,0
febrl2,0.84,3823,1,1,1,1,0,1,0
febrl2,0.84,3523,1,1,1,1,0,1,0
febrl2,0.84,573,1,1,1,1,0,1,0
febrl2,0.84,903,1,1,1,1,0,1,0
febrl2,0.84,696,1,1,1,1,0,1,0
febrl2,0.84,606,1,1,1,1,0,1,0
febrl2,0.84,1795,1,1,1,1,0,1,0
febrl2,0.84,1755,1,1,1,1,0,1,0
febrl2,0.84,1011,1,1,1,1,0,1,0
febrl2,0.84,1541,1,1,1,1,0,1,0
febrl2,0.84,1127,1,1,1,1,0,1,0
febrl2,0.84,509,1,1,1,1,0,1,0
febrl2,0.84,670,1,1,1,1,0,1,0
febrl2,0.84,3879,1,1,1,1,0,1,0
febrl2,0.84,3804,1,1,1,1,0,1,0
febrl2,0.84,366,1,1,1,1,0,1,0
febrl2,0.84,2084,1,1,1,1,0,1,0
febrl2,0.84,249,1,1,1,1,0,1,0
febrl2,0.84,1397,1,1,1,1,0,1,0
febrl2,0.84,3170,1,1,1,1,0,1,0
febrl2,0.84,2007,1,1,1,1,0,1,0
febrl2,0.84,2359,1,1,1,1,0,1,0
febrl2,0.84,991,1,1,1,1,0,1,0
febrl2,0.84,1484,1,1,1,1,0,1,0
febrl2,0.84,1043,1,1,1,1,0,1,0
febrl2,0.84,3020,1,1,1,1,0,1,0
febrl2,0.84,3008,1,1,1,1,0,1,0
febrl2,0.84,755,1,1,1,1,0,1,0
febrl2,0.84,2313,1,1,1,1,0,1,0
febrl2,0.84,2031,1,1,1,1,0,1,0
febrl2,0.84,3554,1,1,1,1,0,1,0
febrl2,0.84,3684,1,1,1,1,0,1,0
febrl2,0.84,1507,1,1,1,1,0,1,0
febrl2,0.84,3459,1,1,1,1,0,1,0
febrl2,0.84,67,1,1,1,1,0,1,0
febrl2,0.84,1734,1,1,1,1,0,1,0
febrl2,0.84,2831,1,1,1,1,0,1,0
febrl2,0.84,2327,1,1,1,1,0,1,0
febrl2,0.84,1678,1,1,1,1,0,1,0
febrl2,0.84,1092,1,1,1,1,0,1,0
febrl2,0.84,1444,1,1,1,1,0,1,0
febrl2,0.84,2551,1,1,1,1,0,1,0
febrl2,0.84,769,1,1,1,1,0,1,0
febrl2,0.84,452,1,1,1,1,0,1,0
febrl2,0.84,3585,1,1,1,1,0,1,0
febrl2,0.84,1991,1,1,1,1,0,1,0
febrl2,0.84,2569,1,1,1,1,0,1,0
febrl2,0.84,2661,1,1,1,1,0,1,0
febrl2,0.84,2133,1,1,1,1,0,1,0
febrl2,0.84,1111,1,1,1,1,0,1,0
febrl2,0.84,2073,1,1,1,1,0,1,0
febrl2,0.84,1627,1,1,1,1,0,1,0
febrl2,0.84,3771,1,1,1,1,0,1,0
febrl2,0.84,3468,1,1,1,1,0,1,0
febrl2,0.84,499,1,1,1,1,0,1,0
febrl2,0.84,994,1,1,1,1,0,1,0
febrl2,0.84,1369,1,1,1,1,0,1,0
febrl2,0.84,3647,1,1,1,1,0,1,0
febrl2,0.84,3697,1,1,1,1,0,1,0
febrl2,0.84,3671,1,1,1,1,0,1,0
febrl2,0.84,746,1,1,1,1,0,1,0
febrl2,0.84,3061,1,1,1,1,0,1,0
febrl2,0.84,3521,1,1,1,1,0,1,0
febrl2,0.84,396,1,1,1,1,0,1,0
febrl2,0.84,2096,1,1,1,1,0,1,0
febrl2,0.84,1183,1,1,1,1,0,1,0
febrl2,0.84,841,1,1,1,1,0,1,0
febrl2,0.84,2424,1,1,1,1,0,1,0
febrl2,0.84,3352,1,1,1,1,0,1,0
febrl2,0.84,2762,1,1,1,1,0,1,0
febrl2,0.84,1810,1,1,1,1,0,1,0
febrl2,0.84,2877,1,1,1,1,0,1,0
febrl2,0.84,668,1,1,1,1,0,1,0
febrl2,0.84,2525,1,1,1,1,0,1,0
febrl2,0.84,3434,1,1,1,1,0,1,0
febrl2,0.84,2255,1,1,1,1,0,1,0
febrl2,0.84,506,1,1,1,1,0,1,0
febrl2,0.84,1371,1,1,1,1,0,1,0
febrl2,0.84,3847,1,1,1,1,0,1,0
febrl2,0.84,2373,1,1,1,1,0,1,0
febrl2,0.84,518,1,1,1,1,0,1,0
febrl2,0.84,3674,1,1,1,1,0,1,0
febrl2,0.84,2228,1,1,1,1,0,1,0
febrl2,0.84,304,1,1,1,1,0,1,0
febrl2,0.84,2003,1,1,1,1,0,1,0
febrl2,0.84,1249,1,1,1,1,0,1,0
febrl2,0.84,3603,1,1,1,1,0,1,0
febrl2,0.84,3901,1,1,1,1,0,1,0
febrl2,0.84,1537,1,1,1,1,0,1,0
febrl2,0.84,1027,1,1,1,1,0,1,0
febrl2,0.84,2541,1,1,1,1,0,1,0
febrl2,0.84,539,1,1,1,1,0,1,0
febrl2,0.84,1604,1,1,1,1,0,1,0
febrl2,0.84,208,1,1,1,1,0,1,0
febrl2,0.84,3261,1,1,1,1,0,1,0
febrl2,0.84,3508,1,1,1,1,0,1,0
febrl2,0.84,341,1,1,1,1,0,1,0
febrl2,0.84,2896,1,1,1,1,0,1,0
febrl2,0.84,3896,1,1,1,1,0,1,0
febrl2,0.84,1646,1,1,1,1,0,1,0
febrl2,0.84,3503,1,1,1,1,0,1,0
febrl2,0.84,3695,1,1,1,1,0,1,0
febrl2,0.84,200,1,1,1,1,0,1,0
febrl2,0.84,1248,1,1,1,1,0,1,0
febrl2,0.84,3402,1,1,1,1,0,1,0
febrl2,0.84,3188,1,1,1,1,0,1,0
febrl2,0.84,1833,1,1,1,1,0,1,0
febrl2,0.84,3292,1,1,1,1,0,1,0
febrl2,0.84,3723,1,1,1,1,0,1,0
febrl2,0.84,1106,1,1,1,1,0,1,0
febrl2,0.84,490,1,1,1,1,0,1,0
febrl2,0.84,545,1,1,1,1,0,1,0
febrl2,0.84,3036,1,1,1,1,0,1,0
febrl2,0.84,971,1,1,1,1,0,1,0
febrl2,0.84,1119,1,1,1,1,0,1,0
febrl2,0.84,2933,1,1,1,1,0,1,0
febrl2,0.84,854,1,1,1,1,0,1,0
febrl2,0.84,1639,1,1,1,1,0,1,0
febrl2,0.84,1299,1,1,1,1,0,1,0
febrl2,0.84,1697,1,1,1,1,0,1,0
febrl2,0.84,395,1,1,1,1,0,1,0
febrl2,0.84,407,1,1,1,1,0,1,0
febrl2,0.84,3249,1,1,1,1,0,1,0
febrl2,0.84,2869,1,1,1,1,0,1,0
febrl2,0.84,3892,1,1,1,1,0,1,0
febrl2,0.84,283,1,1,1,1,0,1,0
febrl2,0.84,635,1,1,1,1,0,1,0
febrl2,0.84,3355,1,1,1,1,0,1,0
febrl2,0.84,719,1,1,1,1,0,1,0
febrl2,0.84,1868,1,1,1,1,0,1,0
febrl2,0.84,1680,1,1,1,1,0,1,0
febrl2,0.84,3756,1,1,1,1,0,1,0
febrl2,0.84,2282,1,1,1,1,0,1,0
febrl2,0.84,3496,1,1,1,1,0,1,0
febrl2,0.84,3152,1,1,1,1,0,1,0
febrl2,0.84,388,1,1,1,1,0,1,0
febrl2,0.84,1770,1,1,1,1,0,1,0
febrl2,0.84,1696,1,1,1,1,0,1,0
febrl2,0.84,2210,1,1,1,1,0,1,0
febrl2,0.84,3836,1,1,1,1,0,1,0
febrl2,0.84,972,1,1,1,1,0,1,0
febrl2,0.84,715,1,1,1,1,0,1,0
febrl2,0.84,2333,1,1,1,1,0,1,0
febrl2,0.84,2017,1,1,1,1,0,1,0
febrl2,0.84,473,1,1,1,1,0,1,0
febrl2,0.84,1642,1,1,1,1,0,1,0
febrl2,0.84,1876,1,1,1,1,0,1,0
febrl2,0.84,2942,1,1,1,1,0,1,0
febrl2,0.84,440,1,1,1,1,0,1,0
febrl2,0.84,1958,1,1,1,1,0,1,0
febrl2,0.84,306,1,1,1,1,0,1,0
febrl2,0.84,1773,1,1,1,1,0,1,0
febrl2,0.84,2062,1,1,1,1,0,1,0
febrl2,0.84,1482,1,1,1,1,0,1,0
febrl2,0.84,3990,1,1,1,1,0,1,0
febrl2,0.84,3983,1,1,1,1,0,1,0
febrl2,0.84,2574,1,1,1,1,0,1,0
febrl2,0.84,43,1,1,1,1,0,1,0
febrl2,0.84,3215,1,1,1,1,0,1,0
febrl2,0.84,3909,1,1,1,1,0,1,0
febrl2,0.84,2150,1,1,1,1,0,1,0
febrl2,0.84,330,1,1,1,1,0,1,0
febrl2,0.84,2705,1,1,1,1,0,1,0
febrl2,0.84,2518,1,1,1,1,0,1,0
febrl2,0.84,376,1,1,1,1,0,1,0
febrl2,0.84,2724,1,1,1,1,0,1,0
febrl2,0.84,1217,1,1,1,1,0,1,0
febrl2,0.84,964,1,1,1,1,0,1,0
febrl2,0.84,2513,1,1,1,1,0,1,0
febrl2,0.84,1072,1,1,1,1,0,1,0
febrl2,0.84,331,1,1,1,1,0,1,0
febrl2,0.84,3713,1,1,1,1,0,1,0
febrl2,0.84,990,1,1,1,1,0,1,0
febrl2,0.84,1926,1,1,1,1,0,1,0
febrl2,0.84,1048,1,1,1,1,0,1,0
febrl2,0.84,608,1,1,1,1,0,1,0
febrl2,0.84,1146,1,1,1,1,0,1,0
febrl2,0.84,3218,1,1,1,1,0,1,0
febrl2,0.84,3846,1,1,1,1,0,1,0
febrl2,0.84,3311,1,1,1,1,0,1,0
febrl2,0.84,316,1,1,1,1,0,1,0
febrl2,0.84,1287,1,1,1,1,0,1,0
febrl2,0.84,342,1,1,1,1,0,1,0
febrl2,0.84,1858,1,1,1,1,0,1,0
febrl2,0.84,661,1,1,1,1,0,1,0
febrl2,0.84,890,1,1,1,1,0,1,0
febrl2,0.84,2334,1,1,1,1,0,1,0
febrl2,0.84,1871,1,1,1,1,0,1,0
febrl2,0.84,3260,1,1,1,1,0,1,0
febrl2,0.84,74,1,1,1,1,0,1,0
febrl2,0.84,1036,1,1,1,1,0,1,0
febrl2,0.84,2941,1,1,1,1,0,1,0
febrl2,0.84,3455,1,1,1,1,0,1,0
febrl2,0.84,2009,1,1,1,1,0,1,0
febrl2,0.84,75,1,1,1,1,0,1,0
febrl2,0.84,1559,1,1,1,1,0,1,0
febrl2,0.84,3102,1,1,1,1,0,1,0
febrl2,0.84,2840,1,1,1,1,0,1,0
febrl2,0.84,2734,1,1,1,1,0,1,0
febrl2,0.84,908,1,1,1,1,0,1,0
febrl2,0.84,2350,1,1,1,1,0,1,0
febrl2,0.84,3650,1,1,1,1,0,1,0
febrl2,0.84,1278,1,1,1,1,0,1,0
febrl2,0.84,724,1,1,1,1,0,1,0
febrl2,0.84,3120,1,1,1,1,0,1,0
febrl2,0.84,881,1,1,1,1,0,1,0
febrl2,0.84,2303,1,1,1,1,0,1,0
febrl2,0.84,1772,1,1,1,1,0,1,0
febrl2,0.84,3587,1,1,1,1,0,1,0
febrl2,0.84,3005,1,1,1,1,0,1,0
febrl2,0.84,2636,1,1,1,1,0,1,0
febrl2,0.84,235,1,1,1,1,0,1,0
febrl2,0.84,322,1,1,1,1,0,1,0
febrl2,0.84,1972,1,1,1,1,0,1,0
febrl2,0.84,3433,1,1,1,1,0,1,0
febrl2,0.84,1313,1,1,1,1,0,1,0
febrl2,0.84,2206,1,1,1,1,0,1,0
febrl2,0.84,2433,1,1,1,1,0,1,0
febrl2,0.84,3812,1,1,1,1,0,1,0
febrl2,0.84,303,1,1,1,1,0,1,0
febrl2,0.84,2284,1,1,1,1,0,1,0
febrl2,0.84,1487,1,1,1,1,0,1,0
febrl2,0.84,1856,1,1,1,1,0,1,0
febrl2,0.84,3307,1,1,1,1,0,1,0
febrl2,0.84,227,1,1,1,1,0,1,0
febrl2,0.84,1143,1,1,1,1,0,1,0
febrl2,0.88,2778,1,1,1,1,0,1,0
febrl2,0.88,712,4,1,4,1,0,1,0
febrl2,0.88,1321,1,1,1,1,0,1,0
febrl2,0.88,3004,1,1,1,1,0,1,0
febrl2,0.88,1384,1,1,1,1,0,1,0
febrl2,0.88,3981,1,1,1,1,0,1,0
febrl2,0.88,916,1,1,1,1,0,1,0
febrl2,0.88,1684,4,2,4,2,0,2,0
febrl2,0.88,63,3,1,3,1,0,1,0
febrl2,0.88,3808,1,1,1,1,0,1,0
febrl2,0.88,112,2,1,2,1,0,1,0
febrl2,0.88,3297,1,1,1,1,0,1,0
febrl2,0.88,1315,1,1,1,1,0,1,0
febrl2,0.88,1050,1,1,1,1,0,1,0
febrl2,0.88,2116,1,1,1,1,0,1,0
febrl2,0.88,3232,1,1,1,1,0,1,0
febrl2,0.88,1900,4,1,4,1,0,1,0
febrl2,0.88,2460,6,2,6,2,0,2,0
febrl2,0.88,3123,2,1,2,1,0,1,0
febrl2,0.88,2166,1,1,1,1,0,1,0
febrl2,0.88,1155,1,1,1,1,0,1,0
febrl2,0.88,1485,1,1,1,1,0,1,0
febrl2,0.88,2852,3,2,3,2,0,2,0
febrl2,0.88,707,1,1,1,1,0,1,0
febrl2,0.88,3499,1,1,1,1,0,1,0
febrl2,0.88,2153,1,1,1,1,0,1,0
febrl2,0.88,1665,5,1,5,1,0,1,0
febrl2,0.88,35,4,1,4,1,0,1,0
febrl2,0.88,78,1,1,1,1,0,1,0
febrl2,0.88,3116,1,1,1,1,0,1,0
febrl2,0.88,3103,1,1,1,1,0,1,0
febrl2,0.88,500,1,1,1,1,0,1,0
febrl2,0.88,3594,1,1,1,1,0,1,0
febrl2,0.88,3552,1,1,1,1,0,1,0
febrl2,0.88,248,1,1,1,1,0,1,0
febrl2,0.88,2564,1,1,1,1,0,1,0
febrl2,0.88,386,3,1,3,1,0,1,0
febrl2,0.88,847,1,1,1,1,0,1,0
febrl2,0.88,1425,1,1,1,1,0,1,0
febrl2,0.88,1428,1,1,1,1,0,1,0
febrl2,0.88,2376,1,1,1,1,0,1,0
febrl2,0.88,901,3,1,3,1,0,1,0
febrl2,0.88,833,3,1,3,1,0,1,0
febrl2,0.88,2499,1,1,1,1,0,1,0
febrl2,0.88,937,1,1,1,1,0,1,0
febrl2,0.88,1372,1,1,1,1,0,1,0
febrl2,0.88,3443,1,1,1,1,0,1,0
febrl2,0.88,685,1,1,1,1,0,1,0
febrl2,0.88,644,2,1,2,1,0,1,0
febrl2,0.88,1728,1,1,1,1,0,1,0
febrl2,0.88,954,3,2,3,2,0,2,0
febrl2,0.88,209,2,2,2,2,0,2,0
febrl2,0.88,401,1,1,1,1,0,1,0
febrl2,0.88,897,1,1,1,1,0,1,0
febrl2,0.88,2647,1,1,1,1,0,1,0
febrl2,0.88,450,1,1,1,1,0,1,0
febrl2,0.88,519,1,1,1,1,0,1,0
febrl2,0.88,444,1,1,1,1,0,1,0
febrl2,0.88,2222,1,1,1,1,0,1,0
febrl2,0.88,313,1,1,1,1,0,1,0
febrl2,0.88,1442,4,1,4,1,0,1,0
febrl2,0.88,3686,1,1,1,1,0,1,0
febrl2,0.88,936,1,1,1,1,0,1,0
febrl2,0.88,3176,1,1,1,1,0,1,0
febrl2,0.88,13,1,1,1,1,0,1,0
febrl2,0.88,968,1,1,1,1,0,1,0
febrl2,0.88,2770,1,1,1,1,0,1,0
febrl2,0.88,669,1,1,1,1,0,1,0
febrl2,0.88,923,2,1,2,1,0,1,0
febrl2,0.88,3641,1,1,1,1,0,1,0
febrl2,0.88,2784,1,1,1,1,0,1,0
febrl2,0.88,3371,1,1,1,1,0,1,0
febrl2,0.88,651,6,2,6,2,0,2,0
febrl2,0.88,3619,1,1,1,1,0,1,0
febrl2,0.88,2777,1,1,1,1,0,1,0
febrl2,0.88,844,1,1,1,1,0,1,0
febrl2,0.88,259,1,1,1,1,0,1,0
febrl2,0.88,1441,1,1,1,1,0,1,0
febrl2,0.88,723,1,1,1,1,0,1,0
febrl2,0.88,1874,1,1,1,1,0,1,0
febrl2,0.88,1496,1,1,1,1,0,1,0
febrl2,0.88,2691,5,2,5,2,0,2,0
febrl2,0.88,892,5,1,5,1,0,1,0
febrl2,0.88,2633,5,2,5,2,0,2,0
febrl2,0.88,874,5,2,5,2,0,2,0
febrl2,0.88,1378,1,1,1,1,0,1,0
febrl2,0.88,891,5,2,5,2,0,2,0
febrl2,0.88,157,1,1,1,1,0,1,0
febrl2,0.88,3574,2,1,2,1,0,1,0
febrl2,0.88,984,1,1,1,1,0,1,0
febrl2,0.88,106,3,1,3,1,0,1,0
febrl2,0.88,442,1,1,1,1,0,1,0
febrl2,0.88,328,1,1,1,1,0,1,0
febrl2,0.88,457,1,1,1,1,0,1,0
febrl2,0.88,1894,5,1,5,1,0,1,0
febrl2,0.88,3042,1,1,1,1,0,1,0
febrl2,0.88,2964,1,1,1,1,0,1,0
febrl2,0.88,203,1,1,1,1,0,1,0
febrl2,0.88,2727,1,1,1,1,0,1,0
febrl2,0.88,294,1,1,1,1,0,1,0
febrl2,0.88,2391,1,1,1,1,0,1,0
febrl2,0.88,1178,1,1,1,1,0,1,0
febrl2,0.88,1166,1,1,1,1,0,1,0
febrl2,0.88,243,1,1,1,1,0,1,0
febrl2,0.88,2131,1,1,1,1,0,1,0
febrl2,0.88,236,2,1,2,1,0,1,0
febrl2,0.88,2889,4,1,4,1,0,1,0
febrl2,0.88,1388,1,1,1,1,0,1,0
febrl2,0.88,3792,1,1,1,1,0,1,0
febrl2,0.88,3277,1,1,1,1,0,1,0
febrl2,0.88,189,1,1,1,1,0,1,0
febrl2,0.88,2627,1,1,1,1,0,1,0
febrl2,0.88,2254,4,2,4,2,0,2,0
febrl2,0.88,3762,1,1,1,1,0,1,0
febrl2,0.88,1211,1,1,1,1,0,1,0
febrl2,0.88,2765,1,1,1,1,0,1,0
febrl2,0.88,1959,1,1,1,1,0,1,0
febrl2,0.88,807,2,1,2,1,0,1,0
febrl2,0.88,1233,1,1,1,1,0,1,0
febrl2,0.88,718,1,1,1,1,0,1,0
febrl2,0.88,3707,4,1,4,1,0,1,0
febrl2,0.88,2439,3,1,3,1,0,1,0
febrl2,0.88,2244,1,1,1,1,0,1,0
febrl2,0.88,813,1,1,1,1,0,1,0
febrl2,0.88,2109,1,1,1,1,0,1,0
febrl2,0.88,1583,1,1,1,1,0,1,0
febrl2,0.88,181,1,1,1,1,0,1,0
febrl2,0.88,843,1,1,1,1,0,1,0
febrl2,0.88,2398,1,1,1,1,0,1,0
febrl2,0.88,3861,1,1,1,1,0,1,0
febrl2,0.88,172,1,1,1,1,0,1,0
febrl2,0.88,3835,1,1,1,1,0,1,0
febrl2,0.88,2925,5,2,5,2,0,2,0
febrl2,0.88,3284,4,2,4,2,0,2,0
febrl2,0.88,3295,1,1,1,1,0,1,0
febrl2,0.88,3316,1,1,1,1,0,1,0
febrl2,0.88,466,2,1,2,1,0,1,0
febrl2,0.88,310,1,1,1,1,0,1,0
febrl2,0.88,3437,1,1,1,1,0,1,0
febrl2,0.88,1591,1,1,1,1,0,1,0
febrl2,0.88,2496,5,2,5,2,0,2,0
febrl2,0.88,2828,1,1,1,1,0,1,0
febrl2,0.88,848,3,1,3,1,0,1,0
febrl2,0.88,3418,1,1,1,1,0,1,0
febrl2,0.88,2837,1,1,1,1,0,1,0
febrl2,0.88,2152,1,1,1,1,0,1,0
febrl2,0.88,596,6,2,6,2,0,2,0
febrl2,0.88,258,1,1,1,1,0,1,0
febrl2,0.88,1478,1,1,1,1,0,1,0
febrl2,0.88,3829,1,1,1,1,0,1,0
febrl2,0.88,3272,6,2,6,2,0,2,0
febrl2,0.88,2961,1,1,1,1,0,1,0
febrl2,0.88,2640,1,1,1,1,0,1,0
febrl2,0.88,242,3,1,3,1,0,1,0
febrl2,0.88,3252,1,1,1,1,0,1,0
febrl2,0.88,3752,2,1,2,1,0,1,0
febrl2,0.88,3606,1,1,1,1,0,1,0
febrl2,0.88,3542,5,2,5,2,0,2,0
febrl2,0.88,88,3,2,3,2,0,2,0
febrl2,0.88,1729,1,1,1,1,0,1,0
febrl2,0.88,3267,1,1,1,1,0,1,0
febrl2,0.88,1430,5,2,5,2,0,2,0
febrl2,0.88,2993,1,1,1,1,0,1,0
febrl2,0.88,3652,3,1,3,1,0,1,0
febrl2,0.88,1855,1,1,1,1,0,1,0
febrl2,0.88,1724,1,1,1,1,0,1,0
febrl2,0.88,232,2,1,2,1,0,1,0
febrl2,0.88,1985,1,1,1,1,0,1,0
febrl2,0.88,858,1,1,1,1,0,1,0
febrl2,0.88,3811,1,1,1,1,0,1,0
febrl2,0.88,2260,1,1,1,1,0,1,0
febrl2,0.88,3914,1,1,1,1,0,1,0
febrl2,0.88,1065,1,1,1,1,0,1,0
febrl2,0.88,1599,1,1,1,1,0,1,0
febrl2,0.88,3833,1,1,1,1,0,1,0
febrl2,0.88,3872,1,1,1,1,0,1,0
febrl2,0.88,3680,1,1,1,1,0,1,0
febrl2,0.88,1356,1,1,1,1,0,1,0
febrl2,0.88,3513,1,1,1,1,0,1,0
febrl2,0.88,3510,1,1,1,1,0,1,0
febrl2,0.88,1662,1,1,1,1,0,1,0
febrl2,0.88,2262,1,1,1,1,0,1,0
febrl2,0.88,814,4,1,4,1,0,1,0
febrl2,0.88,1274,1,1,1,1,0,1,0
febrl2,0.88,704,1,1,1,1,0,1,0
febrl2,0.88,619,1,1,1,1,0,1,0
febrl2,0.88,3956,1,1,1,1,0,1,0
febrl2,0.88,2050,6,2,6,2,0,2,0
febrl2,0.88,2234,2,1,2,1,0,1,0
febrl2,0.88,1781,4,1,4,1,0,1,0
febrl2,0.88,402,1,1,1,1,0,1,0
febrl2,0.88,3495,1,1,1,1,0,1,0
febrl2,0.88,2413,1,1,1,1,0,1,0
febrl2,0.88,3923,1,1,1,1,0,1,0
febrl2,0.88,3029,1,1,1,1,0,1,0
febrl2,0.88,1752,1,1,1,1,0,1,0
febrl2,0.88,2265,1,1,1,1,0,1,0
febrl2,0.88,1312,1,1,1,1,0,1,0
febrl2,0.88,1445,1,1,1,1,0,1,0
febrl2,0.88,2119,4,1,4,1,0,1,0
febrl2,0.88,1785,1,1,1,1,0,1,0
febrl2,0.88,155,1,1,1,1,0,1,0
febrl2,0.88,2236,1,1,1,1,0,1,0
febrl2,0.88,3248,1,1,1,1,0,1,0
febrl2,0.88,2176,1,1,1,1,0,1,0
febrl2,0.88,2645,1,1,1,1,0,1,0
febrl2,0.88,899,1,1,1,1,0,1,0
febrl2,0.88,3314,4,2,4,2,0,2,0
febrl2,0.88,1282,4,1,4,1,0,1,0
febrl2,0.88,3857,1,1,1,1,0,1,0
febrl2,0.88,292,1,1,1,1,0,1,0
febrl2,0.88,1423,1,1,1,1,0,1,0
febrl2,0.88,3558,1,1,1,1,0,1,0
febrl2,0.88,337,1,1,1,1,0,1,0
febrl2,0.88,320,4,1,4,1,0,1,0
febrl2,0.88,237,1,1,1,1,0,1,0
febrl2,0.88,2273,1,1,1,1,0,1,0
febrl2,0.88,1963,1,1,1,1,0,1,0
febrl2,0.88,1854,1,1,1,1,0,1,0
febrl2,0.88,1893,2,1,2,1,0,1,0
febrl2,0.88,2416,1,1,1,1,0,1,0
febrl2,0.88,976,1,1,1,1,0,1,0
febrl2,0.88,2369,1,1,1,1,0,1,0
febrl2,0.88,922,1,1,1,1,0,1,0
febrl2,0.88,1600,1,1,1,1,0,1,0
febrl2,0.88,1687,5,1,5,1,0,1,0
febrl2,0.88,2058,1,1,1,1,0,1,0
febrl2,0.88,3891,3,1,3,1,0,1,0
febrl2,0.88,1433,1,1,1,1,0,1,0
febrl2,0.88,3458,1,1,1,1,0,1,0
febrl2,0.88,3860,1,1,1,1,0,1,0
febrl2,0.88,54,1,1,1,1,0,1,0
febrl2,0.88,1563,1,1,1,1,0,1,0
febrl2,0.88,2276,1,1,1,1,0,1,0
febrl2,0.88,1843,1,1,1,1,0,1,0
febrl2,0.88,274,1,1,1,1,0,1,0
febrl2,0.88,2483,1,1,1,1,0,1,0
febrl2,0.88,633,4,1,4,1,0,1,0
febrl2,0.88,2912,1,1,1,1,0,1,0
febrl2,0.88,2753,1,1,1,1,0,1,0
febrl2,0.88,3562,1,1,1,1,0,1,0
febrl2,0.88,2738,1,1,1,1,0,1,0
febrl2,0.88,2965,1,1,1,1,0,1,0
febrl2,0.88,2733,6,2,6,2,0,2,0
febrl2,0.88,2367,1,1,1,1,0,1,0
febrl2,0.88,534,5,1,5,1,0,1,0
febrl2,0.88,1557,1,1,1,1,0,1,0
febrl2,0.88,623,2,1,2,1,0,1,0
febrl2,0.88,3166,3,1,3,1,0,1,0
febrl2,0.88,107,5,1,5,1,0,1,0
febrl2,0.88,2093,1,1,1,1,0,1,0
febrl2,0.88,3451,1,1,1,1,0,1,0
febrl2,0.88,717,1,1,1,1,0,1,0
febrl2,0.88,3072,1,1,1,1,0,1,0
febrl2,0.88,3947,1,1,1,1,0,1,0
febrl2,0.88,455,6,3,6,3,0,3,0
febrl2,0.88,1080,1,1,1,1,0,1,0
febrl2,0.88,626,3,1,3,1,0,1,0
febrl2,0.88,1706,1,1,1,1,0,1,0
febrl2,0.88,2351,1,1,1,1,0,1,0
febrl2,0.88,2731,3,2,3,2,0,2,0
febrl2,0.88,1592,1,1,1,1,0,1,0
febrl2,0.88,3517,1,1,1,1,0,1,0
febrl2,0.88,182,3,1,3,1,0,1,0
febrl2,0.88,219,1,1,1,1,0,1,0
febrl2,0.88,2745,1,1,1,1,0,1,0
febrl2,0.88,2669,1,1,1,1,0,1,0
febrl2,0.88,6,4,1,4,1,0,1,0
febrl2,0.88,1934,1,1,1,1,0,1,0
febrl2,0.88,859,1,1,1,1,0,1,0
febrl2,0.88,1476,1,1,1,1,0,1,0
febrl2,0.88,2306,1,1,1,1,0,1,0
febrl2,0.88,2630,1,1,1,1,0,1,0
febrl2,0.88,3733,1,1,1,1,0,1,0
febrl2,0.88,2972,1,1,1,1,0,1,0
febrl2,0.88,1908,1,1,1,1,0,1,0
febrl2,0.88,79,1,1,1,1,0,1,0
febrl2,0.88,1109,1,1,1,1,0,1,0
febrl2,0.88,581,1,1,1,1,0,1,0
febrl2,0.88,2406,1,1,1,1,0,1,0
febrl2,0.88,2590,1,1,1,1,0,1,0
febrl2,0.88,1235,1,1,1,1,0,1,0
febrl2,0.88,207,1,1,1,1,0,1,0
febrl2,0.88,201,6,2,6,2,0,2,0
febrl2,0.88,3878,2,1,2,1,0,1,0
febrl2,0.88,1860,1,1,1,1,0,1,0
febrl2,0.88,2249,1,1,1,1,0,1,0
febrl2,0.88,1903,1,1,1,1,0,1,0
febrl2,0.88,985,1,1,1,1,0,1,0
febrl2,0.88,1873,1,1,1,1,0,1,0
febrl2,0.88,3329,1,1,1,1,0,1,0
febrl2,0.88,3214,1,1,1,1,0,1,0
febrl2,0.88,482,2,2,2,2,0,2,0
febrl2,0.88,1152,1,1,1,1,0,1,0
febrl2,0.88,2077,1,1,1,1,0,1,0
febrl2,0.88,3796,1,1,1,1,0,1,0
febrl2,0.88,1304,1,1,1,1,0,1,0
febrl2,0.88,2875,1,1,1,1,0,1,0
febrl2,0.88,2011,1,1,1,1,0,1,0
febrl2,0.88,1200,1,1,1,1,0,1,0
febrl2,0.88,151,3,1,3,1,0,1,0
febrl2,0.88,2845,1,1,1,1,0,1,0
febrl2,0.88,522,1,1,1,1,0,1,0
febrl2,0.88,1383,1,1,1,1,0,1,0
febrl2,0.88,765,1,1,1,1,0,1,0
febrl2,0.88,1670,1,1,1,1,0,1,0
febrl2,0.88,2822,4,1,4,1,0,1,0
febrl2,0.88,698,1,1,1,1,0,1,0
febrl2,0.88,488,1,1,1,1,0,1,0
febrl2,0.88,2618,1,1,1,1,0,1,0
febrl2,0.88,1319,3,2,3,2,0,2,0
febrl2,0.88,1577,1,1,1,1,0,1,0
febrl2,0.88,84,1,1,1,1,0,1,0
febrl2,0.88,3876,1,1,1,1,0,1,0
febrl2,0.88,1711,1,1,1,1,0,1,0
febrl2,0.88,1215,1,1,1,1,0,1,0
febrl2,0.88,3424,1,1,1,1,0,1,0
febrl2,0.88,2800,1,1,1,1,0,1,0
febrl2,0.88,2960,3,1,3,1,0,1,0
febrl2,0.88,2232,1,1,1,1,0,1,0
febrl2,0.88,805,1,1,1,1,0,1,0
febrl2,0.88,1704,1,1,1,1,0,1,0
febrl2,0.88,3367,1,1,1,1,0,1,0
febrl2,0.88,2211,4,2,4,2,0,2,0
febrl2,0.88,3236,3,1,3,1,0,1,0
febrl2,0.88,3588,3,1,3,1,0,1,0
febrl2,0.88,3074,1,1,1,1,0,1,0
febrl2,0.88,3875,3,1,3,1,0,1,0
febrl2,0.88,3932,3,1,3,1,0,1,0
febrl2,0.88,2626,1,1,1,1,0,1,0
febrl2,0.88,1198,1,1,1,1,0,1,0
febrl2,0.88,21,1,1,1,1,0,1,0
febrl2,0.88,1398,1,1,1,1,0,1,0
febrl2,0.88,672,3,2,3,2,0,2,0
febrl2,0.88,3041,1,1,1,1,0,1,0
febrl2,0.88,2874,2,1,2,1,0,1,0
febrl2,0.88,2129,1,1,1,1,0,1,0
febrl2,0.88,582,1,1,1,1,0,1,0
febrl2,0.88,1256,1,1,1,1,0,1,0
febrl2,0.88,1556,1,1,1,1,0,1,0
febrl2,0.88,2014,1,1,1,1,0,1,0
febrl2,0.88,1695,1,1,1,1,0,1,0
febrl2,0.88,1761,1,1,1,1,0,1,0
febrl2,0.88,3639,1,1,1,1,0,1,0
febrl2,0.88,3141,1,1,1,1,0,1,0
febrl2,0.88,3630,1,1,1,1,0,1,0
febrl2,0.88,1308,1,1,1,1,0,1,0
febrl2,0.88,819,5,1,5,1,0,1,0
febrl2,0.88,3251,1,1,1,1,0,1,0
febrl2,0.88,2763,1,1,1,1,0,1,0
febrl2,0.88,1204,1,1,1,1,0,1,0
febrl2,0.88,2022,1,1,1,1,0,1,0
febrl2,0.88,877,1,1,1,1,0,1,0
febrl2,0.88,2151,6,1,6,1,0,1,0
febrl2,0.88,3738,2,1,2,1,0,1,0
febrl2,0.88,2540,1,1,1,1,0,1,0
febrl2,0.88,1,1,1,1,1,0,1,0
febrl2,0.88,451,1,1,1,1,0,1,0
febrl2,0.88,1942,1,1,1,1,0,1,0
febrl2,0.88,649,3,1,3,1,0,1,0
febrl2,0.88,449,1,1,1,1,0,1,0
febrl2,0.88,44,5,1,5,1,0,1,0
febrl2,0.88,128,1,1,1,1,0,1,0
febrl2,0.88,3710,3,1,3,1,0,1,0
febrl2,0.88,2899,1,1,1,1,0,1,0
febrl2,0.88,1298,3,1,3,1,0,1,0
febrl2,0.88,3425,1,1,1,1,0,1,0
febrl2,0.88,1114,1,1,1,1,0,1,0
febrl2,0.88,2718,1,1,1,1,0,1,0
febrl2,0.88,3322,4,1,4,1,0,1,0
febrl2,0.88,1562,1,1,1,1,0,1,0
febrl2,0.88,3280,1,1,1,1,0,1,0
febrl2,0.88,2624,2,2,2,2,0,2,0
febrl2,0.88,50,5,2,5,2,0,2,0
febrl2,0.88,1377,1,1,1,1,0,1,0
febrl2,0.88,1039,1,1,1,1,0,1,0
febrl2,0.88,1015,1,1,1,1,0,1,0
febrl2,0.88,412,1,1,1,1,0,1,0
febrl2,0.88,3146,1,1,1,1,0,1,0
febrl2,0.88,3066,1,1,1,1,0,1,0
febrl2,0.88,1411,2,1,2,1,0,1,0
febrl2,0.88,3031,1,1,1,1,0,1,0
febrl2,0.88,578,1,1,1,1,0,1,0
febrl2,0.88,822,1,1,1,1,0,1,0
febrl2,0.88,1460,1,1,1,1,0,1,0
febrl2,0.88,3910,1,1,1,1,0,1,0
febrl2,0.88,2549,1,1,1,1,0,1,0
febrl2,0.88,3977,1,1,1,1,0,1,0
febrl2,0.88,3059,1,1,1,1,0,1,0
febrl2,0.88,3084,4,1,4,1,0,1,0
febrl2,0.88,417,1,1,1,1,0,1,0
febrl2,0.88,832,1,1,1,1,0,1,0
febrl2,0.88,552,3,1,3,1,0,1,0
febrl2,0.88,895,1,1,1,1,0,1,0
febrl2,0.88,3731,4,1,4,1,0,1,0
febrl2,0.88,2943,1,1,1,1,0,1,0
febrl2,0.88,428,1,1,1,1,0,1,0
febrl2,0.88,2675,1,1,1,1,0,1,0
febrl2,0.88,2353,4,1,4,1,0,1,0
febrl2,0.88,1609,3,1,3,1,0,1,0
febrl2,0.88,2136,1,1,1,1,0,1,0
febrl2,0.88,2523,1,1,1,1,0,1,0
febrl2,0.88,1268,1,1,1,1,0,1,0
febrl2,0.88,549,1,1,1,1,0,1,0
febrl2,0.88,2434,1,1,1,1,0,1,0
febrl2,0.88,2175,1,1,1,1,0,1,0
febrl2,0.88,856,1,1,1,1,0,1,0
febrl2,0.88,3851,1,1,1,1,0,1,0
febrl2,0.88,639,3,1,3,1,0,1,0
febrl2,0.88,3149,1,1,1,1,0,1,0
febrl2,0.88,3530,4,1,4,1,0,1,0
febrl2,0.88,3051,1,1,1,1,0,1,0
febrl2,0.88,2321,5,2,5,2,0,2,0
febrl2,0.88,1151,4,1,4,1,0,1,0
febrl2,0.88,3626,1,1,1,1,0,1,0
febrl2,0.88,729,1,1,1,1,0,1,0
febrl2,0.88,363,1,1,1,1,0,1,0
febrl2,0.88,1523,1,1,1,1,0,1,0
febrl2,0.88,3778,1,1,1,1,0,1,0
febrl2,0.88,2046,1,1,1,1,0,1,0
febrl2,0.88,297,1,1,1,1,0,1,0
febrl2,0.88,2924,5,1,5,1,0,1,0
febrl2,0.88,3817,1,1,1,1,0,1,0
febrl2,0.88,3889,1,1,1,1,0,1,0
febrl2,0.88,2165,2,1,2,1,0,1,0
febrl2,0.88,3768,1,1,1,1,0,1,0
febrl2,0.88,3584,2,1,2,1,0,1,0
febrl2,0.88,3332,1,1,1,1,0,1,0
febrl2,0.88,528,1,1,1,1,0,1,0
febrl2,0.88,12,1,1,1,1,0,1,0
febrl2,0.88,387,1,1,1,1,0,1,0
febrl2,0.88,1652,1,1,1,1,0,1,0
febrl2,0.88,2183,4,2,4,2,0,2,0
febrl2,0.88,1416,1,1,1,1,0,1,0
febrl2,0.88,3779,4,2,4,2,0,2,0
febrl2,0.88,2168,1,1,1,1,0,1,0
febrl2,0.88,1598,1,1,1,1,0,1,0
febrl2,0.88,880,1,1,1,1,0,1,0
febrl2,0.88,2883,3,1,3,1,0,1,0
febrl2,0.88,3572,1,1,1,1,0,1,0
febrl2,0.88,2818,1,1,1,1,0,1,0
febrl2,0.88,1784,1,1,1,1,0,1,0
febrl2,0.88,3460,1,1,1,1,0,1,0
febrl2,0.88,3925,1,1,1,1,0,1,0
febrl2,0.88,1316,4,1,4,1,0,1,0
febrl2,0.88,3870,1,1,1,1,0,1,0
febrl2,0.88,2134,1,1,1,1,0,1,0
febrl2,0.88,1432,5,1,5,1,0,1,0
febrl2,0.88,2991,3,1,3,1,0,1,0
febrl2,0.88,677,1,1,1,1,0,1,0
febrl2,0.88,1327,1,1,1,1,0,1,0
febrl2,0.88,129,1,1,1,1,0,1,0
febrl2,0.88,3608,2,2,2,2,0,2,0
febrl2,0.88,1443,2,2,2,2,0,2,0
febrl2,0.88,2676,1,1,1,1,0,1,0
febrl2,0.88,3318,5,1,5,1,0,1,0
febrl2,0.88,1158,1,1,1,1,0,1,0
febrl2,0.88,3294,1,1,1,1,0,1,0
febrl2,0.88,3772,1,1,1,1,0,1,0
febrl2,0.88,1380,1,1,1,1,0,1,0
febrl2,0.88,3525,1,1,1,1,0,1,0
febrl2,0.88,641,5,2,5,2,0,2,0
febrl2,0.88,567,4,2,4,2,0,2,0
febrl2,0.88,3841,2,1,2,1,0,1,0
febrl2,0.88,2366,1,1,1,1,0,1,0
febrl2,0.88,2654,1,1,1,1,0,1,0
febrl2,0.88,3643,1,1,1,1,0,1,0
febrl2,0.88,2987,1,1,1,1,0,1,0
febrl2,0.88,1385,1,1,1,1,0,1,0
febrl2,0.88,2108,4,1,4,1,0,1,0
febrl2,0.88,486,3,2,3,2,0,2,0
febrl2,0.88,2169,5,1,5,1,0,1,0
febrl2,0.88,1870,1,1,1,1,0,1,0
febrl2,0.88,1177,1,1,1,1,0,1,0
febrl2,0.88,1477,4,1,4,1,0,1,0
febrl2,0.88,2368,4,1,4,1,0,1,0
febrl2,0.88,2916,3,1,3,1,0,1,0
febrl2,0.88,2023,1,1,1,1,0,1,0
febrl2,0.88,1544,6,2,6,2,0,2,0
febrl2,0.88,2407,1,1,1,1,0,1,0
febrl2,0.88,3753,1,1,1,1,0,1,0
febrl2,0.88,3563,5,1,5,1,0,1,0
febrl2,0.88,2490,1,1,1,1,0,1,0
febrl2,0.88,95,1,1,1,1,0,1,0
febrl2,0.88,3370,1,1,1,1,0,1,0
febrl2,0.88,3035,1,1,1,1,0,1,0
febrl2,0.88,3428,2,1,2,1,0,1,0
febrl2,0.88,218,5,1,5,1,0,1,0
febrl2,0.88,2710,1,1,1,1,0,1,0
febrl2,0.88,3193,6,2,6,2,0,2,0
febrl2,0.88,3397,1,1,1,1,0,1,0
febrl2,0.88,3911,1,1,1,1,0,1,0
febrl2,0.88,2044,5,1,5,1,0,1,0
febrl2,0.88,3514,1,1,1,1,0,1,0
febrl2,0.88,597,1,1,1,1,0,1,0
febrl2,0.88,3411,1,1,1,1,0,1,0
febrl2,0.88,1302,1,1,1,1,0,1,0
febrl2,0.88,299,1,1,1,1,0,1,0
febrl2,0.88,3877,1,1,1,1,0,1,0
febrl2,0.88,2126,4,1,4,1,0,1,0
febrl2,0.88,3456,1,1,1,1,0,1,0
febrl2,0.88,3551,1,1,1,1,0,1,0
febrl2,0.88,948,1,1,1,1,0,1,0
febrl2,0.88,2644,1,1,1,1,0,1,0
febrl2,0.88,2272,1,1,1,1,0,1,0
febrl2,0.88,760,1,1,1,1,0,1,0
febrl2,0.88,504,1,1,1,1,0,1,0
febrl2,0.88,370,3,1,3,1,0,1,0
febrl2,0.88,3096,1,1,1,1,0,1,0
febrl2,0.88,764,1,1,1,1,0,1,0
febrl2,0.88,3219,1,1,1,1,0,1,0
febrl2,0.88,3597,1,1,1,1,0,1,0
febrl2,0.88,2029,4,2,4,2,0,2,0
febrl2,0.88,3385,1,1,1,1,0,1,0
febrl2,0.88,3157,1,1,1,1,0,1,0
febrl2,0.88,2789,1,1,1,1,0,1,0
febrl2,0.88,1490,1,1,1,1,0,1,0
febrl2,0.88,740,1,1,1,1,0,1,0
febrl2,0.88,194,3,1,3,1,0,1,0
febrl2,0.88,3682,1,1,1,1,0,1,0
febrl2,0.88,2162,1,1,1,1,0,1,0
febrl2,0.88,1882,4,1,4,1,0,1,0
febrl2,0.88,1341,1,1,1,1,0,1,0
febrl2,0.88,3064,1,1,1,1,0,1,0
febrl2,0.88,3645,1,1,1,1,0,1,0
febrl2,0.88,134,4,2,4,2,0,2,0
febrl2,0.88,2609,1,1,1,1,0,1,0
febrl2,0.88,1888,2,1,2,1,0,1,0
febrl2,0.88,102,1,1,1,1,0,1,0
febrl2,0.88,3346,1,1,1,1,0,1,0
febrl2,0.88,2756,2,1,2,1,0,1,0
febrl2,0.88,620,4,1,4,1,0,1,0
febrl2,0.88,815,1,1,1,1,0,1,0
febrl2,0.88,1758,1,1,1,1,0,1,0
febrl2,0.88,763,1,1,1,1,0,1,0
febrl2,0.88,2927,2,1,2,1,0,1,0
febrl2,0.88,3033,3,1,3,1,0,1,0
febrl2,0.88,2339,1,1,1,1,0,1,0
febrl2,0.88,1517,1,1,1,1,0,1,0
febrl2,0.88,2895,1,1,1,1,0,1,0
febrl2,0.88,1964,3,2,3,2,0,2,0
febrl2,0.88,3675,1,1,1,1,0,1,0
febrl2,0.88,3720,1,1,1,1,0,1,0
febrl2,0.88,1565,1,1,1,1,0,1,0
febrl2,0.88,2635,3,1,3,1,0,1,0
febrl2,0.88,131,1,1,1,1,0,1,0
febrl2,0.88,868,1,1,1,1,0,1,0
febrl2,0.88,3709,1,1,1,1,0,1,0
febrl2,0.88,1077,4,1,4,1,0,1,0
febrl2,0.88,1848,1,1,1,1,0,1,0
febrl2,0.88,705,6,1,6,1,0,1,0
febrl2,0.88,481,1,1,1,1,0,1,0
febrl2,0.88,1347,1,1,1,1,0,1,0
febrl2,0.88,3978,1,1,1,1,0,1,0
febrl2,0.88,3507,5,2,5,2,0,2,0
febrl2,0.88,2657,3,1,3,1,0,1,0
febrl2,0.88,3333,1,1,1,1,0,1,0
febrl2,0.88,1880,1,1,1,1,0,1,0
febrl2,0.88,1495,1,1,1,1,0,1,0
febrl2,0.88,3593,1,1,1,1,0,1,0
febrl2,0.88,1736,1,1,1,1,0,1,0
febrl2,0.88,1471,1,1,1,1,0,1,0
febrl2,0.88,2099,1,1,1,1,0,1,0
febrl2,0.88,3262,1,1,1,1,0,1,0
febrl2,0.88,2291,1,1,1,1,0,1,0
febrl2,0.88,876,1,1,1,1,0,1,0
febrl2,0.88,3919,1,1,1,1,0,1,0
febrl2,0.88,1391,1,1,1,1,0,1,0
febrl2,0.88,3902,1,1,1,1,0,1,0
febrl2,0.88,229,1,1,1,1,0,1,0
febrl2,0.88,324,1,1,1,1,0,1,0
febrl2,0.88,148,1,1,1,1,0,1,0
febrl2,0.88,1967,1,1,1,1,0,1,0
febrl2,0.88,3999,1,1,1,1,0,1,0
febrl2,0.88,3642,1,1,1,1,0,1,0
febrl2,0.88,3114,1,1,1,1,0,1,0
febrl2,0.88,1480,1,1,1,1,0,1,0
febrl2,0.88,2155,1,1,1,1,0,1,0
febrl2,0.88,1962,1,1,1,1,0,1,0
febrl2,0.88,1622,1,1,1,1,0,1,0
febrl2,0.88,1845,2,1,2,1,0,1,0
febrl2,0.88,2893,1,1,1,1,0,1,0
febrl2,0.88,3921,1,1,1,1,0,1,0
febrl2,0.88,1404,1,1,1,1,0,1,0
febrl2,0.88,343,1,1,1,1,0,1,0
febrl2,0.88,109,1,1,1,1,0,1,0
febrl2,0.88,3785,4,2,4,2,0,2,0
febrl2,0.88,81,1,1,1,1,0,1,0
febrl2,0.88,3994,1,1,1,1,0,1,0
febrl2,0.88,675,1,1,1,1,0,1,0
febrl2,0.88,2732,1,1,1,1,0,1,0
febrl2,0.88,1179,1,1,1,1,0,1,0
febrl2,0.88,2546,1,1,1,1,0,1,0
febrl2,0.88,2930,1,1,1,1,0,1,0
febrl2,0.88,1625,1,1,1,1,0,1,0
febrl2,0.88,1042,1,1,1,1,0,1,0
febrl2,0.88,2469,1,1,1,1,0,1,0
febrl2,0.88,314,1,1,1,1,0,1,0
febrl2,0.88,325,1,1,1,1,0,1,0
febrl2,0.88,3099,4,1,4,1,0,1,0
febrl2,0.88,1574,3,2,3,2,0,2,0
febrl2,0.88,1012,1,1,1,1,0,1,0
febrl2,0.88,3019,1,1,1,1,0,1,0
febrl2,0.88,2497,1,1,1,1,0,1,0
febrl2,0.88,3564,1,1,1,1,0,1,0
febrl2,0.88,2106,1,1,1,1,0,1,0
febrl2,0.88,1865,1,1,1,1,0,1,0
febrl2,0.88,3995,1,1,1,1,0,1,0
febrl2,0.88,1094,1,1,1,1,0,1,0
febrl2,0.88,536,1,1,1,1,0,1,0
febrl2,0.88,1047,1,1,1,1,0,1,0
febrl2,0.88,192,1,1,1,1,0,1,0
febrl2,0.88,184,1,1,1,1,0,1,0
febrl2,0.88,3301,5,1,5,1,0,1,0
febrl2,0.88,1164,1,1,1,1,0,1,0
febrl2,0.88,1814,1,1,1,1,0,1,0
febrl2,0.88,478,5,1,5,1,0,1,0
febrl2,0.88,2856,1,1,1,1,0,1,0
febrl2,0.88,761,1,1,1,1,0,1,0
febrl2,0.88,3163,3,2,3,2,0,2,0
febrl2,0.88,1193,4,1,4,1,0,1,0
febrl2,0.88,2860,1,1,1,1,0,1,0
febrl2,0.88,3843,1,1,1,1,0,1,0
febrl2,0.88,1930,1,1,1,1,0,1,0
febrl2,0.88,2200,1,1,1,1,0,1,0
febrl2,0.88,3143,1,1,1,1,0,1,0
febrl2,0.88,2658,1,1,1,1,0,1,0
febrl2,0.88,714,1,1,1,1,0,1,0
febrl2,0.88,300,1,1,1,1,0,1,0
febrl2,0.88,1651,1,1,1,1,0,1,0
febrl2,0.88,1142,1,1,1,1,0,1,0
febrl2,0.88,869,1,1,1,1,0,1,0
febrl2,0.88,2458,1,1,1,1,0,1,0
febrl2,0.88,1265,2,1,2,1,0,1,0
febrl2,0.88,3698,1,1,1,1,0,1,0
febrl2,0.88,3830,1,1,1,1,0,1,0
febrl2,0.88,3907,1,1,1,1,0,1,0
febrl2,0.88,98,1,1,1,1,0,1,0
febrl2,0.88,2219,1,1,1,1,0,1,0
febrl2,0.88,2891,4,1,4,1,0,1,0
febrl2,0.88,3070,1,1,1,1,0,1,0
febrl2,0.88,1213,6,1,6,1,0,1,0
febrl2,0.88,1061,3,2,3,2,0,2,0
febrl2,0.88,2595,1,1,1,1,0,1,0
febrl2,0.88,23,1,1,1,1,0,1,0
febrl2,0.88,2610,1,1,1,1,0,1,0
febrl2,0.88,1636,1,1,1,1,0,1,0
febrl2,0.88,1288,1,1,1,1,0,1,0
febrl2,0.88,3092,1,1,1,1,0,1,0
febrl2,0.88,3344,1,1,1,1,0,1,0
febrl2,0.88,3838,2,1,2,1,0,1,0
febrl2,0.88,3883,1,1,1,1,0,1,0
febrl2,0.88,1753,1,1,1,1,0,1,0
febrl2,0.88,2299,1,1,1,1,0,1,0
febrl2,0.88,1295,1,1,1,1,0,1,0
febrl2,0.88,2097,1,1,1,1,0,1,0
febrl2,0.88,1322,1,1,1,1,0,1,0
febrl2,0.88,2386,1,1,1,1,0,1,0
febrl2,0.88,2613,1,1,1,1,0,1,0
febrl2,0.88,2372,1,1,1,1,0,1,0
febrl2,0.88,2558,1,1,1,1,0,1,0
febrl2,0.88,1838,1,1,1,1,0,1,0
febrl2,0.88,2066,1,1,1,1,0,1,0
febrl2,0.88,3826,1,1,1,1,0,1,0
febrl2,0.88,1750,4,1,4,1,0,1,0
febrl2,0.88,1223,1,1,1,1,0,1,0
febrl2,0.88,693,1,1,1,1,0,1,0
febrl2,0.88,174,1,1,1,1,0,1,0
febrl2,0.88,2054,1,1,1,1,0,1,0
febrl2,0.88,3241,4,1,4,1,0,1,0
febrl2,0.88,3663,1,1,1,1,0,1,0
febrl2,0.88,356,4,1,4,1,0,1,0
febrl2,0.88,3067,1,1,1,1,0,1,0
febrl2,0.88,996,2,1,2,1,0,1,0
febrl2,0.88,3327,1,1,1,1,0,1,0
febrl2,0.88,912,1,1,1,1,0,1,0
febrl2,0.88,2510,1,1,1,1,0,1,0
febrl2,0.88,113,5,3,5,3,0,3,0
febrl2,0.88,790,1,1,1,1,0,1,0
febrl2,0.88,2403,5,2,5,2,0,2,0
febrl2,0.88,2502,1,1,1,1,0,1,0
febrl2,0.88,627,1,1,1,1,0,1,0
febrl2,0.88,835,1,1,1,1,0,1,0
febrl2,0.88,1156,1,1,1,1,0,1,0
febrl2,0.88,3222,1,1,1,1,0,1,0
febrl2,0.88,3121,1,1,1,1,0,1,0
febrl2,0.88,3104,1,1,1,1,0,1,0
febrl2,0.88,505,1,1,1,1,0,1,0
febrl2,0.88,1474,1,1,1,1,0,1,0
febrl2,0.88,1859,1,1,1,1,0,1,0
febrl2,0.88,3790,1,1,1,1,0,1,0
febrl2,0.88,2488,1,1,1,1,0,1,0
febrl2,0.88,3205,1,1,1,1,0,1,0
febrl2,0.88,1006,1,1,1,1,0,1,0
febrl2,0.88,1891,1,1,1,1,0,1,0
febrl2,0.88,3591,1,1,1,1,0,1,0
febrl2,0.88,2064,1,1,1,1,0,1,0
febrl2,0.88,3440,1,1,1,1,0,1,0
febrl2,0.88,1915,2,1,2,1,0,1,0
febrl2,0.88,3138,3,2,3,2,0,2,0
febrl2,0.88,1638,1,1,1,1,0,1,0
febrl2,0.88,1554,3,1,3,1,0,1,0
febrl2,0.88,2508,1,1,1,1,0,1,0
febrl2,0.88,3171,1,1,1,1,0,1,0
febrl2,0.88,1100,1,1,1,1,0,1,0
febrl2,0.88,609,1,1,1,1,0,1,0
febrl2,0.88,1948,1,1,1,1,0,1,0
febrl2,0.88,683,1,1,1,1,0,1,0
febrl2,0.88,503,4,1,4,1,0,1,0
febrl2,0.88,2418,3,1,3,1,0,1,0
febrl2,0.88,3208,1,1,1,1,0,1,0
febrl2,0.88,3927,3,1,3,1,0,1,0
febrl2,0.88,3056,1,1,1,1,0,1,0
febrl2,0.88,3430,1,1,1,1,0,1,0
febrl2,0.88,3580,1,1,1,1,0,1,0
febrl2,0.88,3993,1,1,1,1,0,1,0
febrl2,0.88,1456,1,1,1,1,0,1,0
febrl2,0.88,3299,1,1,1,1,0,1,0
febrl2,0.88,298,1,1,1,1,0,1,0
febrl2,0.88,86,3,1,3,1,0,1,0
febrl2,0.88,3500,1,1,1,1,0,1,0
febrl2,0.88,1762,1,1,1,1,0,1,0
febrl2,0.88,1660,1,1,1,1,0,1,0
febrl2,0.88,398,1,1,1,1,0,1,0
febrl2,0.88,2163,1,1,1,1,0,1,0
febrl2,0.88,2798,1,1,1,1,0,1,0
febrl2,0.88,1021,1,1,1,1,0,1,0
febrl2,0.88,1740,1,1,1,1,0,1,0
febrl2,0.88,3788,1,1,1,1,0,1,0
febrl2,0.88,1530,3,1,3,1,0,1,0
febrl2,0.88,1579,2,2,2,2,0,2,0
febrl2,0.88,2229,1,1,1,1,0,1,0
febrl2,0.88,2226,1,1,1,1,0,1,0
febrl2,0.88,2796,1,1,1,1,0,1,0
febrl2,0.88,1082,1,1,1,1,0,1,0
febrl2,0.88,2892,3,1,3,1,0,1,0
febrl2,0.88,1149,1,1,1,1,0,1,0
febrl2,0.88,2695,1,1,1,1,0,1,0
febrl2,0.88,2783,1,1,1,1,0,1,0
febrl2,0.88,2570,1,1,1,1,0,1,0
febrl2,0.88,1629,4,1,4,1,0,1,0
febrl2,0.88,2160,1,1,1,1,0,1,0
febrl2,0.88,211,1,1,1,1,0,1,0
febrl2,0.88,1509,1,1,1,1,0,1,0
febrl2,0.88,2881,1,1,1,1,0,1,0
febrl2,0.88,2779,3,1,3,1,0,1,0
febrl2,0.88,1921,1,1,1,1,0,1,0
febrl2,0.88,1919,1,1,1,1,0,1,0
febrl2,0.88,3509,1,1,1,1,0,1,0
febrl2,0.88,1438,1,1,1,1,0,1,0
febrl2,0.88,2402,1,1,1,1,0,1,0
febrl2,0.88,3621,1,1,1,1,0,1,0
febrl2,0.88,255,1,1,1,1,0,1,0
febrl2,0.88,2642,1,1,1,1,0,1,0
febrl2,0.88,575,4,1,4,1,0,1,0
febrl2,0.88,2670,1,1,1,1,0,1,0
febrl2,0.88,3694,1,1,1,1,0,1,0
febrl2,0.88,3850,3,1,3,1,0,1,0
febrl2,0.88,3083,1,1,1,1,0,1,0
febrl2,0.88,89,4,1,4,1,0,1,0
febrl2,0.88,285,1,1,1,1,0,1,0
febrl2,0.88,1049,1,1,1,1,0,1,0
febrl2,0.88,3592,1,1,1,1,0,1,0
febrl2,0.88,2817,1,1,1,1,0,1,0
febrl2,0.88,2829,1,1,1,1,0,1,0
febrl2,0.88,2953,1,1,1,1,0,1,0
febrl2,0.88,1981,1,1,1,1,0,1,0
febrl2,0.88,369,1,1,1,1,0,1,0
febrl2,0.88,413,5,2,5,2,0,2,0
febrl2,0.88,1693,1,1,1,1,0,1,0
febrl2,0.88,2473,1,1,1,1,0,1,0
febrl2,0.88,969,4,1,4,1,0,1,0
febrl2,0.88,1721,1,1,1,1,0,1,0
febrl2,0.88,1516,1,1,1,1,0,1,0
febrl2,0.88,1630,1,1,1,1,0,1,0
febrl2,0.88,46,1,1,1,1,0,1,0
febrl2,0.88,2848,1,1,1,1,0,1,0
febrl2,0.88,1925,1,1,1,1,0,1,0
febrl2,0.88,909,1,1,1,1,0,1,0
febrl2,0.88,138,3,1,3,1,0,1,0
febrl2,0.88,2830,1,1,1,1,0,1,0
febrl2,0.88,2027,1,1,1,1,0,1,0
febrl2,0.88,2954,1,1,1,1,0,1,0
febrl2,0.88,1472,1,1,1,1,0,1,0
febrl2,0.88,3326,1,1,1,1,0,1,0
febrl2,0.88,1529,1,1,1,1,0,1,0
febrl2,0.88,3866,1,1,1,1,0,1,0
febrl2,0.88,2651,1,1,1,1,0,1,0
febrl2,0.88,2461,3,1,3,1,0,1,0
febrl2,0.88,2922,1,1,1,1,0,1,0
febrl2,0.88,3414,1,1,1,1,0,1,0
febrl2,0.88,1581,4,1,4,1,0,1,0
febrl2,0.88,906,1,1,1,1,0,1,0
febrl2,0.88,3730,1,1,1,1,0,1,0
febrl2,0.88,1408,1,1,1,1,0,1,0
febrl2,0.88,3656,1,1,1,1,0,1,0
febrl2,0.88,3207,1,1,1,1,0,1,0
febrl2,0.88,3881,2,1,2,1,0,1,0
febrl2,0.88,3950,1,1,1,1,0,1,0
febrl2,0.88,3060,1,1,1,1,0,1,0
febrl2,0.88,2310,3,1,3,1,0,1,0
febrl2,0.88,1801,1,1,1,1,0,1,0
febrl2,0.88,3491,1,1,1,1,0,1,0
febrl2,0.88,1575,1,1,1,1,0,1,0
febrl2,0.88,3420,1,1,1,1,0,1,0
febrl2,0.88,2447,4,1,4,1,0,1,0
febrl2,0.88,3077,1,1,1,1,0,1,0
febrl2,0.88,2566,1,1,1,1,0,1,0
febrl2,0.88,544,4,2,4,2,0,2,0
febrl2,0.88,409,1,1,1,1,0,1,0
febrl2,0.88,2686,4,1,4,1,0,1,0
febrl2,0.88,2572,5,1,5,1,0,1,0
febrl2,0.88,2934,4,1,4,1,0,1,0
febrl2,0.88,2950,1,1,1,1,0,1,0
febrl2,0.88,3216,1,1,1,1,0,1,0
febrl2,0.88,2713,1,1,1,1,0,1,0
febrl2,0.88,2597,1,1,1,1,0,1,0
febrl2,0.88,3482,1,1,1,1,0,1,0
febrl2,0.88,2833,1,1,1,1,0,1,0
febrl2,0.88,2506,1,1,1,1,0,1,0
febrl2,0.88,3160,3,2,3,2,0,2,0
febrl2,0.88,1364,1,1,1,1,0,1,0
febrl2,0.88,2375,1,1,1,1,0,1,0
febrl2,0.88,1990,1,1,1,1,0,1,0
febrl2,0.88,2400,1,1,1,1,0,1,0
febrl2,0.88,2476,1,1,1,1,0,1,0
febrl2,0.88,3699,1,1,1,1,0,1,0
febrl2,0.88,3928,1,1,1,1,0,1,0
febrl2,0.88,3527,1,1,1,1,0,1,0
febrl2,0.88,126,1,1,1,1,0,1,0
febrl2,0.88,1698,3,1,3,1,0,1,0
febrl2,0.88,367,1,1,1,1,0,1,0
febrl2,0.88,2075,1,1,1,1,0,1,0
febrl2,0.88,1069,1,1,1,1,0,1,0
febrl2,0.88,1809,1,1,1,1,0,1,0
febrl2,0.88,694,4,2,4,2,0,2,0
febrl2,0.88,3985,1,1,1,1,0,1,0
febrl2,0.88,3452,4,1,4,1,0,1,0
febrl2,0.88,2170,1,1,1,1,0,1,0
febrl2,0.88,1328,1,1,1,1,0,1,0
febrl2,0.88,2468,1,1,1,1,0,1,0
febrl2,0.88,688,1,1,1,1,0,1,0
febrl2,0.88,2698,1,1,1,1,0,1,0
febrl2,0.88,3285,1,1,1,1,0,1,0
febrl2,0.88,2949,1,1,1,1,0,1,0
febrl2,0.88,887,2,1,2,1,0,1,0
febrl2,0.88,861,1,1,1,1,0,1,0
febrl2,0.88,905,1,1,1,1,0,1,0
febrl2,0.88,83,1,1,1,1,0,1,0
febrl2,0.88,1234,1,1,1,1,0,1,0
febrl2,0.88,1549,1,1,1,1,0,1,0
febrl2,0.88,489,1,1,1,1,0,1,0
febrl2,0.88,1446,1,1,1,1,0,1,0
febrl2,0.88,2694,1,1,1,1,0,1,0
febrl2,0.88,1452,1,1,1,1,0,1,0
febrl2,0.88,824,1,1,1,1,0,1,0
febrl2,0.88,2767,1,1,1,1,0,1,0
febrl2,0.88,1242,1,1,1,1,0,1,0
febrl2,0.88,2998,3,1,3,1,0,1,0
febrl2,0.88,1113,1,1,1,1,0,1,0
febrl2,0.88,654,1,1,1,1,0,1,0
febrl2,0.88,2125,1,1,1,1,0,1,0
febrl2,0.88,334,1,1,1,1,0,1,0
febrl2,0.88,3139,1,1,1,1,0,1,0
febrl2,0.88,408,1,1,1,1,0,1,0
febrl2,0.88,1045,4,1,4,1,0,1,0
febrl2,0.88,902,3,2,3,2,0,2,0
febrl2,0.88,2666,1,1,1,1,0,1,0
febrl2,0.88,1056,1,1,1,1,0,1,0
febrl2,0.88,415,1,1,1,1,0,1,0
febrl2,0.88,2332,1,1,1,1,0,1,0
febrl2,0.88,1104,1,1,1,1,0,1,0
febrl2,0.88,3273,1,1,1,1,0,1,0
febrl2,0.88,1331,1,1,1,1,0,1,0
febrl2,0.88,1389,1,1,1,1,0,1,0
febrl2,0.88,2750,1,1,1,1,0,1,0
febrl2,0.88,2414,1,1,1,1,0,1,0
febrl2,0.88,2024,1,1,1,1,0,1,0
febrl2,0.88,1091,1,1,1,1,0,1,0
febrl2,0.88,1796,1,1,1,1,0,1,0
febrl2,0.88,1074,1,1,1,1,0,1,0
febrl2,0.88,3693,1,1,1,1,0,1,0
febrl2,0.88,1953,1,1,1,1,0,1,0
febrl2,0.88,3741,4,1,4,1,0,1,0
febrl2,0.88,1232,1,1,1,1,0,1,0
febrl2,0.88,2217,1,1,1,1,0,1,0
febrl2,0.88,99,1,1,1,1,0,1,0
febrl2,0.88,801,1,1,1,1,0,1,0
febrl2,0.88,2586,1,1,1,1,0,1,0
febrl2,0.88,2426,1,1,1,1,0,1,0
febrl2,0.88,995,1,1,1,1,0,1,0
febrl2,0.88,594,5,1,5,1,0,1,0
febrl2,0.88,2038,1,1,1,1,0,1,0
febrl2,0.88,3618,1,1,1,1,0,1,0
febrl2,0.88,3032,1,1,1,1,0,1,0
febrl2,0.88,2768,1,1,1,1,0,1,0
febrl2,0.88,1505,1,1,1,1,0,1,0
febrl2,0.88,447,5,1,5,1,0,1,0
febrl2,0.88,1190,1,1,1,1,0,1,0
febrl2,0.88,432,1,1,1,1,0,1,0
febrl2,0.88,1005,1,1,1,1,0,1,0
febrl2,0.88,280,1,1,1,1,0,1,0
febrl2,0.88,3598,1,1,1,1,0,1,0
febrl2,0.88,2868,1,1,1,1,0,1,0
febrl2,0.88,1655,1,1,1,1,0,1,0
febrl2,0.88,2092,1,1,1,1,0,1,0
febrl2,0.88,1246,1,1,1,1,0,1,0
febrl2,0.88,914,1,1,1,1,0,1,0
febrl2,0.88,1222,1,1,1,1,0,1,0
febrl2,0.88,2552,1,1,1,1,0,1,0
febrl2,0.88,553,1,1,1,1,0,1,0
febrl2,0.88,2298,1,1,1,1,0,1,0
febrl2,0.88,3217,1,1,1,1,0,1,0
febrl2,0.88,2600,1,1,1,1,0,1,0
febrl2,0.88,924,1,1,1,1,0,1,0
febrl2,0.88,3739,3,2,3,2,0,2,0
febrl2,0.88,1343,3,1,3,1,0,1,0
febrl2,0.88,1576,2,1,2,1,0,1,0
febrl2,0.88,1194,1,1,1,1,0,1,0
febrl2,0.88,865,1,1,1,1,0,1,0
febrl2,0.88,1879,1,1,1,1,0,1,0
febrl2,0.88,2604,1,1,1,1,0,1,0
febrl2,0.88,1746,1,1,1,1,0,1,0
febrl2,0.88,2773,1,1,1,1,0,1,0
febrl2,0.88,1188,1,1,1,1,0,1,0
febrl2,0.88,2161,1,1,1,1,0,1,0
febrl2,0.88,2028,1,1,1,1,0,1,0
febrl2,0.88,543,1,1,1,1,0,1,0
febrl2,0.88,2688,1,1,1,1,0,1,0
febrl2,0.88,643,1,1,1,1,0,1,0
febrl2,0.88,2932,1,1,1,1,0,1,0
febrl2,0.88,2882,1,1,1,1,0,1,0
febrl2,0.88,1989,1,1,1,1,0,1,0
febrl2,0.88,721,6,1,6,1,0,1,0
febrl2,0.88,2526,1,1,1,1,0,1,0
febrl2,0.88,2639,1,1,1,1,0,1,0
febrl2,0.88,2846,5,1,5,1,0,1,0
febrl2,0.88,90,1,1,1,1,0,1,0
febrl2,0.88,2199,1,1,1,1,0,1,0
febrl2,0.88,2205,1,1,1,1,0,1,0
febrl2,0.88,1108,1,1,1,1,0,1,0
febrl2,0.88,2201,2,1,2,1,0,1,0
febrl2,0.88,3951,1,1,1,1,0,1,0
febrl2,0.88,1175,1,1,1,1,0,1,0
febrl2,0.88,2410,1,1,1,1,0,1,0
febrl2,0.88,1334,1,1,1,1,0,1,0
febrl2,0.88,2086,1,1,1,1,0,1,0
febrl2,0.88,2379,2,1,2,1,0,1,0
febrl2,0.88,3302,1,1,1,1,0,1,0
febrl2,0.88,276,1,1,1,1,0,1,0
febrl2,0.88,3736,1,1,1,1,0,1,0
febrl2,0.88,1863,1,1,1,1,0,1,0
febrl2,0.88,3117,1,1,1,1,0,1,0
febrl2,0.88,1437,4,2,4,2,0,2,0
febrl2,0.88,68,1,1,1,1,0,1,0
febrl2,0.88,527,3,1,3,1,0,1,0
febrl2,0.88,3524,2,1,2,1,0,1,0
febrl2,0.88,2568,1,1,1,1,0,1,0
febrl2,0.88,1255,1,1,1,1,0,1,0
febrl2,0.88,1718,1,1,1,1,0,1,0
febrl2,0.88,3015,1,1,1,1,0,1,0
febrl2,0.88,605,1,1,1,1,0,1,0
febrl2,0.88,2844,1,1,1,1,0,1,0
febrl2,0.88,3590,1,1,1,1,0,1,0
febrl2,0.88,429,1,1,1,1,0,1,0
febrl2,0.88,1440,1,1,1,1,0,1,0
febrl2,0.88,3239,3,1,3,1,0,1,0
febrl2,0.88,2370,3,1,3,1,0,1,0
febrl2,0.88,1087,1,1,1,1,0,1,0
febrl2,0.88,1236,1,1,1,1,0,1,0
febrl2,0.88,2002,1,1,1,1,0,1,0
febrl2,0.88,1002,1,1,1,1,0,1,0
febrl2,0.88,3022,1,1,1,1,0,1,0
febrl2,0.88,898,1,1,1,1,0,1,0
febrl2,0.88,1747,1,1,1,1,0,1,0
febrl2,0.88,1613,1,1,1,1,0,1,0
febrl2,0.88,3718,1,1,1,1,0,1,0
febrl2,0.88,2127,2,1,2,1,0,1,0
febrl2,0.88,2701,1,1,1,1,0,1,0
febrl2,0.88,3610,1,1,1,1,0,1,0
febrl2,0.88,2346,1,1,1,1,0,1,0
febrl2,0.88,150,2,2,2,2,0,2,0
febrl2,0.88,929,1,1,1,1,0,1,0
febrl2,0.88,3818,1,1,1,1,0,1,0
febrl2,0.88,3607,1,1,1,1,0,1,0
febrl2,0.88,268,1,1,1,1,0,1,0
febrl2,0.88,2672,1,1,1,1,0,1,0
febrl2,0.88,637,1,1,1,1,0,1,0
febrl2,0.88,3677,4,1,4,1,0,1,0
febrl2,0.88,1138,1,1,1,1,0,1,0
febrl2,0.88,1610,1,1,1,1,0,1,0
febrl2,0.88,167,1,1,1,1,0,1,0
febrl2,0.88,2945,1,1,1,1,0,1,0
febrl2,0.88,252,1,1,1,1,0,1,0
febrl2,0.88,261,3,1,3,1,0,1,0
febrl2,0.88,2098,1,1,1,1,0,1,0
febrl2,0.88,3774,2,1,2,1,0,1,0
febrl2,0.88,3298,1,1,1,1,0,1,0
febrl2,0.88,2448,1,1,1,1,0,1,0
febrl2,0.88,233,1,1,1,1,0,1,0
febrl2,0.88,2620,1,1,1,1,0,1,0
febrl2,0.88,2269,1,1,1,1,0,1,0
febrl2,0.88,3803,1,1,1,1,0,1,0
febrl2,0.88,1447,1,1,1,1,0,1,0
febrl2,0.88,1422,1,1,1,1,0,1,0
febrl2,0.88,1899,1,1,1,1,0,1,0
febrl2,0.88,2314,2,2,2,2,0,2,0
febrl2,0.88,1603,1,1,1,1,0,1,0
febrl2,0.88,524,1,1,1,1,0,1,0
febrl2,0.88,1763,1,1,1,1,0,1,0
febrl2,0.88,1323,3,1,3,1,0,1,0
febrl2,0.88,2532,3,2,3,2,0,2,0
febrl2,0.88,2571,5,1,5,1,0,1,0
febrl2,0.88,1844,1,1,1,1,0,1,0
febrl2,0.88,959,1,1,1,1,0,1,0
febrl2,0.88,2585,1,1,1,1,0,1,0
febrl2,0.88,1160,1,1,1,1,0,1,0
febrl2,0.88,904,1,1,1,1,0,1,0
febrl2,0.88,3767,1,1,1,1,0,1,0
febrl2,0.88,1961,1,1,1,1,0,1,0
febrl2,0.88,1305,1,1,1,1,0,1,0
febrl2,0.88,1201,1,1,1,1,0,1,0
febrl2,0.88,3038,1,1,1,1,0,1,0
febrl2,0.88,419,4,3,4,3,0,3,0
febrl2,0.88,3571,1,1,1,1,0,1,0
febrl2,0.88,2668,1,1,1,1,0,1,0
febrl2,0.88,2015,1,1,1,1,0,1,0
febrl2,0.88,2419,1,1,1,1,0,1,0
febrl2,0.88,2154,1,1,1,1,0,1,0
febrl2,0.88,2794,1,1,1,1,0,1,0
febrl2,0.88,2802,3,1,3,1,0,1,0
febrl2,0.88,838,1,1,1,1,0,1,0
febrl2,0.88,96,1,1,1,1,0,1,0
febrl2,0.88,1291,1,1,1,1,0,1,0
febrl2,0.88,829,1,1,1,1,0,1,0
febrl2,0.88,2142,1,1,1,1,0,1,0
febrl2,0.88,100,4,2,4,2,0,2,0
febrl2,0.88,1489,1,1,1,1,0,1,0
febrl2,0.88,1997,1,1,1,1,0,1,0
febrl2,0.88,1453,1,1,1,1,0,1,0
febrl2,0.88,3980,2,1,2,1,0,1,0
febrl2,0.88,239,1,1,1,1,0,1,0
febrl2,0.88,3288,1,1,1,1,0,1,0
febrl2,0.88,1719,1,1,1,1,0,1,0
febrl2,0.88,3054,4,1,4,1,0,1,0
febrl2,0.88,2673,3,1,3,1,0,1,0
febrl2,0.88,3087,1,1,1,1,0,1,0
febrl2,0.88,1513,1,1,1,1,0,1,0
febrl2,0.88,3409,3,1,3,1,0,1,0
febrl2,0.88,1259,1,1,1,1,0,1,0
febrl2,0.88,1090,1,1,1,1,0,1,0
febrl2,0.88,1786,1,1,1,1,0,1,0
febrl2,0.88,1019,1,1,1,1,0,1,0
febrl2,0.88,3436,4,1,4,1,0,1,0
febrl2,0.88,3462,1,1,1,1,0,1,0
febrl2,0.88,1536,1,1,1,1,0,1,0
febrl2,0.88,119,1,1,1,1,0,1,0
febrl2,0.88,1774,1,1,1,1,0,1,0
febrl2,0.88,933,1,1,1,1,0,1,0
febrl2,0.88,332,1,1,1,1,0,1,0
febrl2,0.88,3335,1,1,1,1,0,1,0
febrl2,0.88,70,1,1,1,1,0,1,0
febrl2,0.88,2293,1,1,1,1,0,1,0
febrl2,0.88,3632,1,1,1,1,0,1,0
febrl2,0.88,2143,4,2,4,2,0,2,0
febrl2,0.88,2963,1,1,1,1,0,1,0
febrl2,0.88,31,1,1,1,1,0,1,0
febrl2,0.88,1756,1,1,1,1,0,1,0
febrl2,0.88,2992,1,1,1,1,0,1,0
febrl2,0.88,479,1,1,1,1,0,1,0
febrl2,0.88,2081,1,1,1,1,0,1,0
febrl2,0.88,768,2,1,2,1,0,1,0
febrl2,0.88,3520,1,1,1,1,0,1,0
febrl2,0.88,372,1,1,1,1,0,1,0
febrl2,0.88,2678,1,1,1,1,0,1,0
febrl2,0.88,1016,1,1,1,1,0,1,0
febrl2,0.88,736,1,1,1,1,0,1,0
febrl2,0.88,1757,1,1,1,1,0,1,0
febrl2,0.88,2716,1,1,1,1,0,1,0
febrl2,0.88,2714,1,1,1,1,0,1,0
febrl2,0.88,3256,1,1,1,1,0,1,0
febrl2,0.88,2267,2,1,2,1,0,1,0
febrl2,0.88,1000,1,1,1,1,0,1,0
febrl2,0.88,2328,2,1,2,1,0,1,0
febrl2,0.88,1782,1,1,1,1,0,1,0
febrl2,0.88,1157,1,1,1,1,0,1,0
febrl2,0.88,864,4,1,4,1,0,1,0
febrl2,0.88,190,1,1,1,1,0,1,0
febrl2,0.88,3069,1,1,1,1,0,1,0
febrl2,0.88,29,1,1,1,1,0,1,0
febrl2,0.88,1889,2,1,2,1,0,1,0
febrl2,0.88,3362,1,1,1,1,0,1,0
febrl2,0.88,3782,1,1,1,1,0,1,0
febrl2,0.88,2638,1,1,1,1,0,1,0
febrl2,0.88,445,1,1,1,1,0,1,0
febrl2,0.88,1009,1,1,1,1,0,1,0
febrl2,0.88,2729,1,1,1,1,0,1,0
febrl2,0.88,1154,3,2,3,2,0,2,0
febrl2,0.88,1977,1,1,1,1,0,1,0
febrl2,0.88,2519,1,1,1,1,0,1,0
febrl2,0.88,2319,1,1,1,1,0,1,0
febrl2,0.88,360,1,1,1,1,0,1,0
febrl2,0.88,1956,1,1,1,1,0,1,0
febrl2,0.88,3317,1,1,1,1,0,1,0
febrl2,0.88,3348,1,1,1,1,0,1,0
febrl2,0.88,2241,1,1,1,1,0,1,0
febrl2,0.88,1010,5,2,5,2,0,2,0
febrl2,0.88,3045,1,1,1,1,0,1,0
febrl2,0.88,1335,1,1,1,1,0,1,0
febrl2,0.88,3755,1,1,1,1,0,1,0
febrl2,0.88,535,1,1,1,1,0,1,0
febrl2,0.88,2324,1,1,1,1,0,1,0
febrl2,0.88,1147,1,1,1,1,0,1,0
febrl2,0.88,3444,1,1,1,1,0,1,0
febrl2,0.88,1957,1,1,1,1,0,1,0
febrl2,0.88,3769,3,1,3,1,0,1,0
febrl2,0.88,1161,3,1,3,1,0,1,0
febrl2,0.88,1290,1,1,1,1,0,1,0
febrl2,0.88,540,4,1,4,1,0,1,0
febrl2,0.88,2878,1,1,1,1,0,1,0
febrl2,0.88,3952,1,1,1,1,0,1,0
febrl2,0.88,3646,1,1,1,1,0,1,0
febrl2,0.88,3962,1,1,1,1,0,1,0
febrl2,0.88,1294,1,1,1,1,0,1,0
febrl2,0.88,3837,1,1,1,1,0,1,0
febrl2,0.88,3167,2,1,2,1,0,1,0
febrl2,0.88,2235,1,1,1,1,0,1,0
febrl2,0.88,1628,1,1,1,1,0,1,0
febrl2,0.88,1022,1,1,1,1,0,1,0
febrl2,0.88,2076,1,1,1,1,0,1,0
febrl2,0.88,1303,1,1,1,1,0,1,0
febrl2,0.88,2771,1,1,1,1,0,1,0
febrl2,0.88,3533,4,3,4,3,0,3,0
febrl2,0.88,687,1,1,1,1,0,1,0
febrl2,0.88,3461,1,1,1,1,0,1,0
febrl2,0.88,1699,1,1,1,1,0,1,0
febrl2,0.88,1191,1,1,1,1,0,1,0
febrl2,0.88,3717,1,1,1,1,0,1,0
febrl2,0.88,404,1,1,1,1,0,1,0
febrl2,0.88,1731,1,1,1,1,0,1,0
febrl2,0.88,986,1,1,1,1,0,1,0
febrl2,0.88,3226,1,1,1,1,0,1,0
febrl2,0.88,2919,1,1,1,1,0,1,0
febrl2,0.88,2489,1,1,1,1,0,1,0
febrl2,0.88,394,1,1,1,1,0,1,0
febrl2,0.88,2445,1,1,1,1,0,1,0
febrl2,0.88,640,6,1,6,1,0,1,0
febrl2,0.88,1488,1,1,1,1,0,1,0
febrl2,0.88,3410,1,1,1,1,0,1,0
febrl2,0.88,3154,1,1,1,1,0,1,0
febrl2,0.88,2903,1,1,1,1,0,1,0
febrl2,0.88,2565,4,1,4,1,0,1,0
febrl2,0.88,3972,2,1,2,1,0,1,0
febrl2,0.88,1776,1,1,1,1,0,1,0
febrl2,0.88,266,1,1,1,1,0,1,0
febrl2,0.88,443,1,1,1,1,0,1,0
febrl2,0.88,3550,3,1,3,1,0,1,0
febrl2,0.88,1189,1,1,1,1,0,1,0
febrl2,0.88,1918,1,1,1,1,0,1,0
febrl2,0.88,782,1,1,1,1,0,1,0
febrl2,0.88,2522,4,2,4,2,0,2,0
febrl2,0.88,3691,1,1,1,1,0,1,0
febrl2,0.88,2560,1,1,1,1,0,1,0
febrl2,0.88,2531,1,1,1,1,0,1,0
febrl2,0.88,3379,5,2,5,2,0,2,0
febrl2,0.88,362,1,1,1,1,0,1,0
febrl2,0.88,981,1,1,1,1,0,1,0
febrl2,0.88,3263,1,1,1,1,0,1,0
febrl2,0.88,2607,4,2,4,2,0,2,0
febrl2,0.88,1275,1,1,1,1,0,1,0
febrl2,0.88,517,6,2,6,2,0,2,0
febrl2,0.88,952,1,1,1,1,0,1,0
febrl2,0.88,2268,1,1,1,1,0,1,0
febrl2,0.88,2320,1,1,1,1,0,1,0
febrl2,0.88,1126,1,1,1,1,0,1,0
febrl2,0.88,497,1,1,1,1,0,1,0
febrl2,0.88,2466,1,1,1,1,0,1,0
febrl2,0.88,979,3,1,3,1,0,1,0
febrl2,0.88,3446,1,1,1,1,0,1,0
febrl2,0.88,3766,1,1,1,1,0,1,0
febrl2,0.88,3330,1,1,1,1,0,1,0
febrl2,0.88,2423,1,1,1,1,0,1,0
febrl2,0.88,28,1,1,1,1,0,1,0
febrl2,0.88,7,1,1,1,1,0,1,0
febrl2,0.88,2902,1,1,1,1,0,1,0
febrl2,0.88,2443,1,1,1,1,0,1,0
febrl2,0.88,1978,1,1,1,1,0,1,0
febrl2,0.88,1898,1,1,1,1,0,1,0
febrl2,0.88,977,2,1,2,1,0,1,0
febrl2,0.88,1663,3,1,3,1,0,1,0
febrl2,0.88,2928,3,2,3,2,0,2,0
febrl2,0.88,1682,1,1,1,1,0,1,0
febrl2,0.88,3320,1,1,1,1,0,1,0
febrl2,0.88,1955,1,1,1,1,0,1,0
febrl2,0.88,1692,4,1,4,1,0,1,0
febrl2,0.88,364,1,1,1,1,0,1,0
febrl2,0.88,1301,1,1,1,1,0,1,0
febrl2,0.88,2356,1,1,1,1,0,1,0
febrl2,0.88,780,2,1,2,1,0,1,0
febrl2,0.88,350,1,1,1,1,0,1,0
febrl2,0.88,1595,1,1,1,1,0,1,0
febrl2,0.88,48,1,1,1,1,0,1,0
febrl2,0.88,739,1,1,1,1,0,1,0
febrl2,0.88,2063,1,1,1,1,0,1,0
febrl2,0.88,2264,3,1,3,1,0,1,0
febrl2,0.88,632,1,1,1,1,0,1,0
febrl2,0.88,699,1,1,1,1,0,1,0
febrl2,0.88,2348,1,1,1,1,0,1,0
febrl2,0.88,1258,2,1,2,1,0,1,0
febrl2,0.88,2404,1,1,1,1,0,1,0
febrl2,0.88,2811,1,1,1,1,0,1,0
febrl2,0.88,2261,1,1,1,1,0,1,0
febrl2,0.88,2755,1,1,1,1,0,1,0
febrl2,0.88,3221,1,1,1,1,0,1,0
febrl2,0.88,616,1,1,1,1,0,1,0
febrl2,0.88,2842,1,1,1,1,0,1,0
febrl2,0.88,2985,1,1,1,1,0,1,0
febrl2,0.88,1519,3,1,3,1,0,1,0
febrl2,0.88,399,1,1,1,1,0,1,0
febrl2,0.88,2660,1,1,1,1,0,1,0
febrl2,0.88,2880,1,1,1,1,0,1,0
febrl2,0.88,3057,1,1,1,1,0,1,0
febrl2,0.88,3653,3,2,3,2,0,2,0
febrl2,0.88,1808,1,1,1,1,0,1,0
febrl2,0.88,589,5,1,5,1,0,1,0
febrl2,0.88,2938,4,2,4,2,0,2,0
febrl2,0.88,1078,1,1,1,1,0,1,0
febrl2,0.88,846,3,1,3,1,0,1,0
febrl2,0.88,3506,1,1,1,1,0,1,0
febrl2,0.88,351,1,1,1,1,0,1,0
febrl2,0.88,3839,4,1,4,1,0,1,0
febrl2,0.88,1135,1,1,1,1,0,1,0
febrl2,0.88,345,1,1,1,1,0,1,0
febrl2,0.88,513,1,1,1,1,0,1,0
febrl2,0.88,47,1,1,1,1,0,1,0
febrl2,0.88,1192,1,1,1,1,0,1,0
febrl2,0.88,228,1,1,1,1,0,1,0
febrl2,0.88,1271,1,1,1,1,0,1,0
febrl2,0.88,682,1,1,1,1,0,1,0
febrl2,0.88,1524,1,1,1,1,0,1,0
febrl2,0.88,2873,1,1,1,1,0,1,0
febrl2,0.88,2274,1,1,1,1,0,1,0
febrl2,0.88,1988,1,1,1,1,0,1,0
febrl2,0.88,2484,1,1,1,1,0,1,0
febrl2,0.88,329,1,1,1,1,0,1,0
febrl2,0.88,2280,1,1,1,1,0,1,0
febrl2,0.88,3244,1,1,1,1,0,1,0
febrl2,0.88,2004,1,1,1,1,0,1,0
febrl2,0.88,2224,1,1,1,1,0,1,0
febrl2,0.88,1306,3,1,3,1,0,1,0
febrl2,0.88,3088,1,1,1,1,0,1,0
febrl2,0.88,3516,1,1,1,1,0,1,0
febrl2,0.88,2625,1,1,1,1,0,1,0
febrl2,0.88,1168,1,1,1,1,0,1,0
febrl2,0.88,2653,1,1,1,1,0,1,0
febrl2,0.88,3412,1,1,1,1,0,1,0
febrl2,0.88,2392,1,1,1,1,0,1,0
febrl2,0.88,2772,1,1,1,1,0,1,0
febrl2,0.88,3734,1,1,1,1,0,1,0
febrl2,0.88,3142,4,1,4,1,0,1,0
febrl2,0.88,702,1,1,1,1,0,1,0
febrl2,0.88,745,1,1,1,1,0,1,0
febrl2,0.88,311,1,1,1,1,0,1,0
febrl2,0.88,2563,1,1,1,1,0,1,0
febrl2,0.88,2297,1,1,1,1,0,1,0
febrl2,0.88,1209,1,1,1,1,0,1,0
febrl2,0.88,1679,1,1,1,1,0,1,0
febrl2,0.88,1569,1,1,1,1,0,1,0
febrl2,0.88,3360,1,1,1,1,0,1,0
febrl2,0.88,1937,1,1,1,1,0,1,0
febrl2,0.88,3075,1,1,1,1,0,1,0
febrl2,0.88,3529,1,1,1,1,0,1,0
febrl2,0.88,3450,1,1,1,1,0,1,0
febrl2,0.88,993,1,1,1,1,0,1,0
febrl2,0.88,1905,1,1,1,1,0,1,0
febrl2,0.88,1641,1,1,1,1,0,1,0
febrl2,0.88,3081,1,1,1,1,0,1,0
febrl2,0.88,487,1,1,1,1,0,1,0
febrl2,0.88,1097,1,1,1,1,0,1,0
febrl2,0.88,1240,1,1,1,1,0,1,0
febrl2,0.88,674,1,1,1,1,0,1,0
febrl2,0.88,2677,1,1,1,1,0,1,0
febrl2,0.88,2906,1,1,1,1,0,1,0
febrl2,0.88,926,1,1,1,1,0,1,0
febrl2,0.88,3810,1,1,1,1,0,1,0
febrl2,0.88,3287,1,1,1,1,0,1,0
febrl2,0.88,3776,1,1,1,1,0,1,0
febrl2,0.88,3548,1,1,1,1,0,1,0
febrl2,0.88,33,1,1,1,1,0,1,0
febrl2,0.88,1700,1,1,1,1,0,1,0
febrl2,0.88,2465,1,1,1,1,0,1,0
febrl2,0.88,1901,1,1,1,1,0,1,0
febrl2,0.88,1269,2,1,2,1,0,1,0
febrl2,0.88,2708,1,1,1,1,0,1,0
febrl2,0.88,1467,1,1,1,1,0,1,0
febrl2,0.88,352,3,2,3,2,0,2,0
febrl2,0.88,532,1,1,1,1,0,1,0
febrl2,0.88,3068,1,1,1,1,0,1,0
febrl2,0.88,537,1,1,1,1,0,1,0
febrl2,0.88,507,1,1,1,1,0,1,0
febrl2,0.88,931,1,1,1,1,0,1,0
febrl2,0.88,3097,2,1,2,1,0,1,0
febrl2,0.88,359,1,1,1,1,0,1,0
febrl2,0.88,2682,1,1,1,1,0,1,0
febrl2,0.88,1197,1,1,1,1,0,1,0
febrl2,0.88,1539,1,1,1,1,0,1,0
febrl2,0.88,910,1,1,1,1,0,1,0
febrl2,0.88,2707,1,1,1,1,0,1,0
febrl2,0.88,548,1,1,1,1,0,1,0
febrl2,0.88,1673,1,1,1,1,0,1,0
febrl2,0.88,1725,1,1,1,1,0,1,0
febrl2,0.88,1769,1,1,1,1,0,1,0
febrl2,0.88,2467,6,1,6,1,0,1,0
febrl2,0.88,1458,1,1,1,1,0,1,0
febrl2,0.88,2863,1,1,1,1,0,1,0
febrl2,0.88,1765,1,1,1,1,0,1,0
febrl2,0.88,2608,1,1,1,1,0,1,0
febrl2,0.88,1150,1,1,1,1,0,1,0
febrl2,0.88,1024,1,1,1,1,0,1,0
febrl2,0.88,1454,1,1,1,1,0,1,0
febrl2,0.88,1435,1,1,1,1,0,1,0
febrl2,0.88,655,1,1,1,1,0,1,0
febrl2,0.88,2735,1,1,1,1,0,1,0
febrl2,0.88,472,1,1,1,1,0,1,0
febrl2,0.88,3082,1,1,1,1,0,1,0
febrl2,0.88,3783,1,1,1,1,0,1,0
febrl2,0.88,1336,4,1,4,1,0,1,0
febrl2,0.88,2853,4,1,4,1,0,1,0
febrl2,0.88,3383,1,1,1,1,0,1,0
febrl2,0.88,3583,1,1,1,1,0,1,0
febrl2,0.88,1085,1,1,1,1,0,1,0
febrl2,0.88,2137,1,1,1,1,0,1,0
febrl2,0.88,393,1,1,1,1,0,1,0
febrl2,0.88,3427,1,1,1,1,0,1,0
febrl2,0.88,889,1,1,1,1,0,1,0
febrl2,0.88,3884,1,1,1,1,0,1,0
febrl2,0.88,2697,1,1,1,1,0,1,0
febrl2,0.88,3110,1,1,1,1,0,1,0
febrl2,0.88,1502,1,1,1,1,0,1,0
febrl2,0.88,747,1,1,1,1,0,1,0
febrl2,0.88,1819,1,1,1,1,0,1,0
febrl2,0.88,1053,1,1,1,1,0,1,0
febrl2,0.88,1455,1,1,1,1,0,1,0
febrl2,0.88,1332,1,1,1,1,0,1,0
febrl2,0.88,1245,1,1,1,1,0,1,0
febrl2,0.88,2527,1,1,1,1,0,1,0
febrl2,0.88,2258,1,1,1,1,0,1,0
febrl2,0.88,802,2,1,2,1,0,1,0
febrl2,0.88,3654,1,1,1,1,0,1,0
febrl2,0.88,3023,1,1,1,1,0,1,0
febrl2,0.88,2245,1,1,1,1,0,1,0
febrl2,0.88,1420,1,1,1,1,0,1,0
febrl2,0.88,793,1,1,1,1,0,1,0
febrl2,0.88,2612,1,1,1,1,0,1,0
febrl2,0.88,2344,1,1,1,1,0,1,0
febrl2,0.88,653,1,1,1,1,0,1,0
febrl2,0.88,2814,1,1,1,1,0,1,0
febrl2,0.88,956,4,1,4,1,0,1,0
febrl2,0.88,3014,1,1,1,1,0,1,0
febrl2,0.88,3313,1,1,1,1,0,1,0
febrl2,0.88,418,1,1,1,1,0,1,0
febrl2,0.88,2202,1,1,1,1,0,1,0
febrl2,0.88,2283,2,1,2,1,0,1,0
febrl2,0.88,1929,1,1,1,1,0,1,0
febrl2,0.88,110,1,1,1,1,0,1,0
febrl2,0.88,3200,1,1,1,1,0,1,0
febrl2,0.88,3144,1,1,1,1,0,1,0
febrl2,0.88,1475,1,1,1,1,0,1,0
febrl2,0.88,942,1,1,1,1,0,1,0
febrl2,0.88,1289,1,1,1,1,0,1,0
febrl2,0.88,1239,1,1,1,1,0,1,0
febrl2,0.88,3089,1,1,1,1,0,1,0
febrl2,0.88,3668,1,1,1,1,0,1,0
febrl2,0.88,2721,1,1,1,1,0,1,0
febrl2,0.88,2065,1,1,1,1,0,1,0
febrl2,0.88,3706,1,1,1,1,0,1,0
febrl2,0.88,3429,1,1,1,1,0,1,0
febrl2,0.88,230,1,1,1,1,0,1,0
febrl2,0.88,2256,1,1,1,1,0,1,0
febrl2,0.88,3274,1,1,1,1,0,1,0
febrl2,0.88,163,1,1,1,1,0,1,0
febrl2,0.88,2594,1,1,1,1,0,1,0
febrl2,0.88,997,1,1,1,1,0,1,0
febrl2,0.88,560,1,1,1,1,0,1,0
febrl2,0.88,738,1,1,1,1,0,1,0
febrl2,0.88,1512,1,1,1,1,0,1,0
febrl2,0.88,2689,1,1,1,1,0,1,0
febrl2,0.88,3569,1,1,1,1,0,1,0
febrl2,0.88,625,1,1,1,1,0,1,0
febrl2,0.88,3191,1,1,1,1,0,1,0
febrl2,0.88,3336,1,1,1,1,0,1,0
febrl2,0.88,3372,1,1,1,1,0,1,0
febrl2,0.88,460,1,1,1,1,0,1,0
febrl2,0.88,2013,1,1,1,1,0,1,0
febrl2,0.88,3269,1,1,1,1,0,1,0
febrl2,0.88,3253,1,1,1,1,0,1,0
febrl2,0.88,2100,1,1,1,1,0,1,0
febrl2,0.88,830,1,1,1,1,0,1,0
febrl2,0.88,1976,1,1,1,1,0,1,0
febrl2,0.88,2494,1,1,1,1,0,1,0
febrl2,0.88,76,4,1,4,1,0,1,0
febrl2,0.88,863,1,1,1,1,0,1,0
febrl2,0.88,3238,1,1,1,1,0,1,0
febrl2,0.88,1118,1,1,1,1,0,1,0
febrl2,0.88,1349,3,2,3,2,0,2,0
febrl2,0.88,291,1,1,1,1,0,1,0
febrl2,0.88,2741,1,1,1,1,0,1,0
febrl2,0.88,3954,1,1,1,1,0,1,0
febrl2,0.88,1392,1,1,1,1,0,1,0
febrl2,0.88,2997,1,1,1,1,0,1,0
febrl2,0.88,3276,1,1,1,1,0,1,0
febrl2,0.88,2554,1,1,1,1,0,1,0
febrl2,0.88,3464,1,1,1,1,0,1,0
febrl2,0.88,3703,5,2,5,2,0,2,0
febrl2,0.88,1775,2,1,2,1,0,1,0
febrl2,0.88,1057,1,1,1,1,0,1,0
febrl2,0.88,629,1,1,1,1,0,1,0
febrl2,0.88,3404,3,2,3,2,0,2,0
febrl2,0.88,894,1,1,1,1,0,1,0
febrl2,0.88,1493,4,2,4,2,0,2,0
febrl2,0.88,56,1,1,1,1,0,1,0
febrl2,0.88,3791,3,2,3,2,0,2,0
febrl2,0.88,1073,1,1,1,1,0,1,0
febrl2,0.88,542,2,1,2,1,0,1,0
febrl2,0.88,1333,1,1,1,1,0,1,0
febrl2,0.88,2792,1,1,1,1,0,1,0
febrl2,0.88,3986,1,1,1,1,0,1,0
febrl2,0.88,3711,1,1,1,1,0,1,0
febrl2,0.88,3704,5,1,5,1,0,1,0
febrl2,0.88,852,1,1,1,1,0,1,0
febrl2,0.88,568,1,1,1,1,0,1,0
febrl2,0.88,634,1,1,1,1,0,1,0
febrl2,0.88,2431,1,1,1,1,0,1,0
febrl2,0.88,1457,5,1,5,1,0,1,0
febrl2,0.88,392,1,1,1,1,0,1,0
febrl2,0.88,3438,1,1,1,1,0,1,0
febrl2,0.88,953,1,1,1,1,0,1,0
febrl2,0.88,831,1,1,1,1,0,1,0
febrl2,0.88,3596,1,1,1,1,0,1,0
febrl2,0.88,234,1,1,1,1,0,1,0
febrl2,0.88,796,3,2,3,2,0,2,0
febrl2,0.88,855,1,1,1,1,0,1,0
febrl2,0.88,2335,1,1,1,1,0,1,0
febrl2,0.88,1421,1,1,1,1,0,1,0
febrl2,0.88,2679,4,1,4,1,0,1,0
febrl2,0.88,279,1,1,1,1,0,1,0
febrl2,0.88,820,1,1,1,1,0,1,0
febrl2,0.88,759,1,1,1,1,0,1,0
febrl2,0.88,2968,1,1,1,1,0,1,0
febrl2,0.88,2381,1,1,1,1,0,1,0
febrl2,0.88,2287,1,1,1,1,0,1,0
febrl2,0.88,175,1,1,1,1,0,1,0
febrl2,0.88,3231,4,2,4,2,0,2,0
febrl2,0.88,3827,4,1,4,1,0,1,0
febrl2,0.88,1913,1,1,1,1,0,1,0
febrl2,0.88,1521,2,1,2,1,0,1,0
febrl2,0.88,3447,2,1,2,1,0,1,0
febrl2,0.88,183,3,1,3,1,0,1,0
febrl2,0.88,601,1,1,1,1,0,1,0
febrl2,0.88,1212,1,1,1,1,0,1,0
febrl2,0.88,105,1,1,1,1,0,1,0
febrl2,0.88,2053,1,1,1,1,0,1,0
febrl2,0.88,2995,1,1,1,1,0,1,0
febrl2,0.88,1527,1,1,1,1,0,1,0
febrl2,0.88,3140,1,1,1,1,0,1,0
febrl2,0.88,1040,1,1,1,1,0,1,0
febrl2,0.88,3007,1,1,1,1,0,1,0
febrl2,0.88,2212,1,1,1,1,0,1,0
febrl2,0.88,1171,1,1,1,1,0,1,0
febrl2,0.88,1995,1,1,1,1,0,1,0
febrl2,0.88,1469,1,1,1,1,0,1,0
febrl2,0.88,2766,1,1,1,1,0,1,0
febrl2,0.88,2428,1,1,1,1,0,1,0
febrl2,0.88,1644,1,1,1,1,0,1,0
febrl2,0.88,169,1,1,1,1,0,1,0
febrl2,0.88,2337,3,1,3,1,0,1,0
febrl2,0.88,315,1,1,1,1,0,1,0
febrl2,0.88,3834,1,1,1,1,0,1,0
febrl2,0.88,3184,1,1,1,1,0,1,0
febrl2,0.88,3946,1,1,1,1,0,1,0
febrl2,0.88,1585,5,1,5,1,0,1,0
febrl2,0.88,2451,1,1,1,1,0,1,0
febrl2,0.88,3323,1,1,1,1,0,1,0
febrl2,0.88,1076,1,1,1,1,0,1,0
febrl2,0.88,2847,1,1,1,1,0,1,0
febrl2,0.88,42,1,1,1,1,0,1,0
febrl2,0.88,3011,1,1,1,1,0,1,0
febrl2,0.88,732,1,1,1,1,0,1,0
febrl2,0.88,2213,1,1,1,1,0,1,0
febrl2,0.88,2983,1,1,1,1,0,1,0
febrl2,0.88,2562,1,1,1,1,0,1,0
febrl2,0.88,2920,1,1,1,1,0,1,0
febrl2,0.88,223,1,1,1,1,0,1,0
febrl2,0.88,3984,1,1,1,1,0,1,0
febrl2,0.88,900,1,1,1,1,0,1,0
febrl2,0.88,1363,1,1,1,1,0,1,0
febrl2,0.88,752,1,1,1,1,0,1,0
febrl2,0.88,2962,1,1,1,1,0,1,0
febrl2,0.88,946,1,1,1,1,0,1,0
febrl2,0.88,2589,1,1,1,1,0,1,0
febrl2,0.88,1749,1,1,1,1,0,1,0
febrl2,0.88,1403,1,1,1,1,0,1,0
febrl2,0.88,492,3,2,3,2,0,2,0
febrl2,0.88,3266,1,1,1,1,0,1,0
febrl2,0.88,406,1,1,1,1,0,1,0
febrl2,0.88,2452,1,1,1,1,0,1,0
febrl2,0.88,1133,2,1,2,1,0,1,0
febrl2,0.88,3789,1,1,1,1,0,1,0
febrl2,0.88,3204,1,1,1,1,0,1,0
febrl2,0.88,1373,1,1,1,1,0,1,0
febrl2,0.88,3998,1,1,1,1,0,1,0
febrl2,0.88,1862,1,1,1,1,0,1,0
febrl2,0.88,2364,1,1,1,1,0,1,0
febrl2,0.88,1044,1,1,1,1,0,1,0
febrl2,0.88,1359,1,1,1,1,0,1,0
febrl2,0.88,949,1,1,1,1,0,1,0
febrl2,0.88,1367,1,1,1,1,0,1,0
febrl2,0.88,2573,1,1,1,1,0,1,0
febrl2,0.88,135,1,1,1,1,0,1,0
febrl2,0.88,2259,1,1,1,1,0,1,0
febrl2,0.88,3128,1,1,1,1,0,1,0
febrl2,0.88,2578,1,1,1,1,0,1,0
febrl2,0.88,1172,3,1,3,1,0,1,0
febrl2,0.88,2021,1,1,1,1,0,1,0
febrl2,0.88,1307,1,1,1,1,0,1,0
febrl2,0.88,2648,1,1,1,1,0,1,0
febrl2,0.88,2761,1,1,1,1,0,1,0
febrl2,0.88,514,1,1,1,1,0,1,0
febrl2,0.88,798,1,1,1,1,0,1,0
febrl2,0.88,3544,1,1,1,1,0,1,0
febrl2,0.88,3949,4,2,4,2,0,2,0
febrl2,0.88,2032,1,1,1,1,0,1,0
febrl2,0.88,3660,1,1,1,1,0,1,0
febrl2,0.88,2208,1,1,1,1,0,1,0
febrl2,0.88,1619,1,1,1,1,0,1,0
febrl2,0.88,615,1,1,1,1,0,1,0
febrl2,0.88,2347,1,1,1,1,0,1,0
febrl2,0.88,2786,1,1,1,1,0,1,0
febrl2,0.88,1712,4,2,4,2,0,2,0
febrl2,0.88,3137,1,1,1,1,0,1,0
febrl2,0.88,2611,1,1,1,1,0,1,0
febrl2,0.88,1567,1,1,1,1,0,1,0
febrl2,0.88,2825,1,1,1,1,0,1,0
febrl2,0.88,1897,1,1,1,1,0,1,0
febrl2,0.88,886,1,1,1,1,0,1,0
febrl2,0.88,652,1,1,1,1,0,1,0
febrl2,0.88,62,3,1,3,1,0,1,0
febrl2,0.88,733,1,1,1,1,0,1,0
febrl2,0.88,2495,1,1,1,1,0,1,0
febrl2,0.88,3494,1,1,1,1,0,1,0
febrl2,0.88,1618,1,1,1,1,0,1,0
febrl2,0.88,684,1,1,1,1,0,1,0
febrl2,0.88,2072,1,1,1,1,0,1,0
febrl2,0.88,3787,1,1,1,1,0,1,0
febrl2,0.88,2952,1,1,1,1,0,1,0
febrl2,0.88,2112,1,1,1,1,0,1,0
febrl2,0.88,338,1,1,1,1,0,1,0
febrl2,0.88,879,1,1,1,1,0,1,0
febrl2,0.88,2427,3,1,3,1,0,1,0
febrl2,0.88,1463,1,1,1,1,0,1,0
febrl2,0.88,1816,1,1,1,1,0,1,0
febrl2,0.88,2048,1,1,1,1,0,1,0
febrl2,0.88,3442,1,1,1,1,0,1,0
febrl2,0.88,1608,1,1,1,1,0,1,0
febrl2,0.88,2132,1,1,1,1,0,1,0
febrl2,0.88,710,1,1,1,1,0,1,0
febrl2,0.88,1252,3,1,3,1,0,1,0
febrl2,0.88,3406,2,1,2,1,0,1,0
febrl2,0.88,1589,1,1,1,1,0,1,0
febrl2,0.88,1917,1,1,1,1,0,1,0
febrl2,0.88,1631,1,1,1,1,0,1,0
febrl2,0.88,140,1,1,1,1,0,1,0
febrl2,0.88,2384,3,1,3,1,0,1,0
febrl2,0.88,2815,4,1,4,1,0,1,0
febrl2,0.88,1491,1,1,1,1,0,1,0
febrl2,0.88,728,1,1,1,1,0,1,0
febrl2,0.88,2060,1,1,1,1,0,1,0
febrl2,0.88,873,1,1,1,1,0,1,0
febrl2,0.88,1501,1,1,1,1,0,1,0
febrl2,0.88,485,1,1,1,1,0,1,0
febrl2,0.88,1883,1,1,1,1,0,1,0
febrl2,0.88,2145,3,1,3,1,0,1,0
febrl2,0.88,1355,4,1,4,1,0,1,0
febrl2,0.88,3970,3,1,3,1,0,1,0
febrl2,0.88,1815,1,1,1,1,0,1,0
febrl2,0.88,3225,1,1,1,1,0,1,0
febrl2,0.88,2621,1,1,1,1,0,1,0
febrl2,0.88,1561,1,1,1,1,0,1,0
febrl2,0.88,3441,1,1,1,1,0,1,0
febrl2,0.88,166,1,1,1,1,0,1,0
febrl2,0.88,878,3,2,3,2,0,2,0
febrl2,0.88,1003,1,1,1,1,0,1,0
febrl2,0.88,3969,1,1,1,1,0,1,0
febrl2,0.88,51,1,1,1,1,0,1,0
febrl2,0.88,3917,1,1,1,1,0,1,0
febrl2,0.88,1025,1,1,1,1,0,1,0
febrl2,0.88,2365,1,1,1,1,0,1,0
febrl2,0.88,1835,1,1,1,1,0,1,0
febrl2,0.88,3331,1,1,1,1,0,1,0
febrl2,0.88,335,1,1,1,1,0,1,0
febrl2,0.88,3567,1,1,1,1,0,1,0
febrl2,0.88,1744,1,1,1,1,0,1,0
febrl2,0.88,1542,1,1,1,1,0,1,0
febrl2,0.88,2886,1,1,1,1,0,1,0
febrl2,0.88,287,3,1,3,1,0,1,0
febrl2,0.88,1606,1,1,1,1,0,1,0
febrl2,0.88,2966,1,1,1,1,0,1,0
febrl2,0.88,1799,1,1,1,1,0,1,0
febrl2,0.88,1683,1,1,1,1,0,1,0
febrl2,0.88,289,2,1,2,1,0,1,0
febrl2,0.88,3742,1,1,1,1,0,1,0
febrl2,0.88,2955,1,1,1,1,0,1,0
febrl2,0.88,3662,1,1,1,1,0,1,0
febrl2,0.88,2018,1,1,1,1,0,1,0
febrl2,0.88,3388,1,1,1,1,0,1,0
febrl2,0.88,2225,1,1,1,1,0,1,0
febrl2,0.88,3992,1,1,1,1,0,1,0
febrl2,0.88,811,1,1,1,1,0,1,0
febrl2,0.88,3819,1,1,1,1,0,1,0
febrl2,0.88,381,1,1,1,1,0,1,0
febrl2,0.88,3565,4,2,4,2,0,2,0
febrl2,0.88,2752,1,1,1,1,0,1,0
febrl2,0.88,962,1,1,1,1,0,1,0
febrl2,0.88,3050,1,1,1,1,0,1,0
febrl2,0.88,1982,1,1,1,1,0,1,0
febrl2,0.88,2056,1,1,1,1,0,1,0
febrl2,0.88,1931,1,1,1,1,0,1,0
febrl2,0.88,2138,1,1,1,1,0,1,0
febrl2,0.88,689,1,1,1,1,0,1,0
febrl2,0.88,1418,1,1,1,1,0,1,0
febrl2,0.88,3093,1,1,1,1,0,1,0
febrl2,0.88,1227,1,1,1,1,0,1,0
febrl2,0.88,156,1,1,1,1,0,1,0
febrl2,0.88,1914,1,1,1,1,0,1,0
febrl2,0.88,2969,1,1,1,1,0,1,0
febrl2,0.88,3212,1,1,1,1,0,1,0
febrl2,0.88,1806,1,1,1,1,0,1,0
febrl2,0.88,563,1,1,1,1,0,1,0
febrl2,0.88,2399,1,1,1,1,0,1,0
febrl2,0.88,3900,1,1,1,1,0,1,0
febrl2,0.88,2055,1,1,1,1,0,1,0
febrl2,0.88,2315,1,1,1,1,0,1,0
febrl2,0.88,3098,1,1,1,1,0,1,0
febrl2,0.88,2894,1,1,1,1,0,1,0
febrl2,0.88,2910,1,1,1,1,0,1,0
febrl2,0.88,278,1,1,1,1,0,1,0
febrl2,0.88,3559,1,1,1,1,0,1,0
febrl2,0.88,2782,1,1,1,1,0,1,0
febrl2,0.88,602,1,1,1,1,0,1,0
febrl2,0.88,3844,1,1,1,1,0,1,0
febrl2,0.88,2769,1,1,1,1,0,1,0
febrl2,0.88,8,1,1,1,1,0,1,0
febrl2,0.88,2544,5,1,5,1,0,1,0
febrl2,0.88,1395,1,1,1,1,0,1,0
febrl2,0.88,3338,1,1,1,1,0,1,0
febrl2,0.88,2988,1,1,1,1,0,1,0
febrl2,0.88,247,3,1,3,1,0,1,0
febrl2,0.88,2464,1,1,1,1,0,1,0
febrl2,0.88,464,1,1,1,1,0,1,0
febrl2,0.88,3625,1,1,1,1,0,1,0
febrl2,0.88,250,1,1,1,1,0,1,0
febrl2,0.88,16,1,1,1,1,0,1,0
febrl2,0.88,3953,1,1,1,1,0,1,0
febrl2,0.88,3283,1,1,1,1,0,1,0
febrl2,0.88,2478,1,1,1,1,0,1,0
febrl2,0.88,127,1,1,1,1,0,1,0
febrl2,0.88,2196,4,2,4,2,0,2,0
febrl2,0.88,975,1,1,1,1,0,1,0
febrl2,0.88,3849,1,1,1,1,0,1,0
febrl2,0.88,725,1,1,1,1,0,1,0
febrl2,0.88,2001,1,1,1,1,0,1,0
febrl2,0.88,554,1,1,1,1,0,1,0
febrl2,0.88,1716,1,1,1,1,0,1,0
febrl2,0.88,3780,1,1,1,1,0,1,0
febrl2,0.88,1116,1,1,1,1,0,1,0
febrl2,0.88,133,1,1,1,1,0,1,0
febrl2,0.88,159,1,1,1,1,0,1,0
febrl2,0.88,2144,1,1,1,1,0,1,0
febrl2,0.88,1677,4,1,4,1,0,1,0
febrl2,0.88,1352,1,1,1,1,0,1,0
febrl2,0.88,2167,1,1,1,1,0,1,0
febrl2,0.88,1185,1,1,1,1,0,1,0
febrl2,0.88,3145,1,1,1,1,0,1,0
febrl2,0.88,1503,1,1,1,1,0,1,0
febrl2,0.88,1792,1,1,1,1,0,1,0
febrl2,0.88,1717,1,1,1,1,0,1,0
febrl2,0.88,2068,1,1,1,1,0,1,0
febrl2,0.88,1837,1,1,1,1,0,1,0
febrl2,0.88,3915,1,1,1,1,0,1,0
febrl2,0.88,1672,2,2,2,2,0,2,0
febrl2,0.88,3127,1,1,1,1,0,1,0
febrl2,0.88,3893,1,1,1,1,0,1,0
febrl2,0.88,3293,1,1,1,1,0,1,0
febrl2,0.88,2534,1,1,1,1,0,1,0
febrl2,0.88,2749,1,1,1,1,0,1,0
febrl2,0.88,3431,1,1,1,1,0,1,0
febrl2,0.88,333,1,1,1,1,0,1,0
febrl2,0.88,2158,1,1,1,1,0,1,0
febrl2,0.88,3357,1,1,1,1,0,1,0
febrl2,0.88,462,1,1,1,1,0,1,0
febrl2,0.88,857,1,1,1,1,0,1,0
febrl2,0.88,458,1,1,1,1,0,1,0
febrl2,0.88,2033,1,1,1,1,0,1,0
febrl2,0.88,3356,1,1,1,1,0,1,0
febrl2,0.88,448,1,1,1,1,0,1,0
febrl2,0.88,2649,1,1,1,1,0,1,0
febrl2,0.88,1745,3,1,3,1,0,1,0
febrl2,0.88,2704,1,1,1,1,0,1,0
febrl2,0.88,1884,1,1,1,1,0,1,0
febrl2,0.88,1826,1,1,1,1,0,1,0
febrl2,0.88,1681,1,1,1,1,0,1,0
febrl2,0.88,2781,1,1,1,1,0,1,0
febrl2,0.88,3802,1,1,1,1,0,1,0
febrl2,0.88,3821,1,1,1,1,0,1,0
febrl2,0.88,3017,1,1,1,1,0,1,0
febrl2,0.88,1510,2,1,2,1,0,1,0
febrl2,0.88,2984,1,1,1,1,0,1,0
febrl2,0.88,1093,1,1,1,1,0,1,0
febrl2,0.88,2629,1,1,1,1,0,1,0
febrl2,0.88,3073,3,1,3,1,0,1,0
febrl2,0.88,1270,1,1,1,1,0,1,0
febrl2,0.88,3600,2,1,2,1,0,1,0
febrl2,0.88,3936,1,1,1,1,0,1,0
febrl2,0.88,2599,1,1,1,1,0,1,0
febrl2,0.88,1943,4,1,4,1,0,1,0
febrl2,0.88,3589,1,1,1,1,0,1,0
febrl2,0.88,441,1,1,1,1,0,1,0
febrl2,0.88,2787,1,1,1,1,0,1,0
febrl2,0.88,3942,1,1,1,1,0,1,0
febrl2,0.88,424,1,1,1,1,0,1,0
febrl2,0.88,3224,1,1,1,1,0,1,0
febrl2,0.88,57,1,1,1,1,0,1,0
febrl2,0.88,434,1,1,1,1,0,1,0
febrl2,0.88,3449,1,1,1,1,0,1,0
febrl2,0.88,433,1,1,1,1,0,1,0
febrl2,0.88,3053,1,1,1,1,0,1,0
febrl2,0.88,662,1,1,1,1,0,1,0
febrl2,0.88,2237,1,1,1,1,0,1,0
febrl2,0.88,1325,1,1,1,1,0,1,0
febrl2,0.88,2104,1,1,1,1,0,1,0
febrl2,0.88,104,1,1,1,1,0,1,0
febrl2,0.88,1634,1,1,1,1,0,1,0
febrl2,0.88,3422,1,1,1,1,0,1,0
febrl2,0.88,3465,1,1,1,1,0,1,0
febrl2,0.88,2876,1,1,1,1,0,1,0
febrl2,0.88,1055,1,1,1,1,0,1,0
febrl2,0.88,2858,1,1,1,1,0,1,0
febrl2,0.88,160,1,1,1,1,0,1,0
febrl2,0.88,2555,1,1,1,1,0,1,0
febrl2,0.88,2180,1,1,1,1,0,1,0
febrl2,0.88,2951,1,1,1,1,0,1,0
febrl2,0.88,1128,1,1,1,1,0,1,0
febrl2,0.88,3576,1,1,1,1,0,1,0
febrl2,0.88,3908,1,1,1,1,0,1,0
febrl2,0.88,3620,1,1,1,1,0,1,0
febrl2,0.88,2879,3,2,3,2,0,2,0
febrl2,0.88,1358,1,1,1,1,0,1,0
febrl2,0.88,2662,1,1,1,1,0,1,0
febrl2,0.88,2596,1,1,1,1,0,1,0
febrl2,0.88,397,1,1,1,1,0,1,0
febrl2,0.88,1528,3,2,3,2,0,2,0
febrl2,0.88,3987,1,1,1,1,0,1,0
febrl2,0.88,3364,1,1,1,1,0,1,0
febrl2,0.88,525,1,1,1,1,0,1,0
febrl2,0.88,1410,1,1,1,1,0,1,0
febrl2,0.88,808,1,1,1,1,0,1,0
febrl2,0.88,1293,1,1,1,1,0,1,0
febrl2,0.88,564,1,1,1,1,0,1,0
febrl2,0.88,2061,1,1,1,1,0,1,0
febrl2,0.88,2542,1,1,1,1,0,1,0
febrl2,0.88,431,4,2,4,2,0,2,0
febrl2,0.88,1124,1,1,1,1,0,1,0
febrl2,0.88,2813,1,1,1,1,0,1,0
febrl2,0.88,3568,1,1,1,1,0,1,0
febrl2,0.88,3761,2,2,2,2,0,2,0
febrl2,0.88,2139,1,1,1,1,0,1,0
febrl2,0.88,1791,1,1,1,1,0,1,0
febrl2,0.88,2103,1,1,1,1,0,1,0
febrl2,0.88,1052,5,2,5,2,0,2,0
febrl2,0.88,595,1,1,1,1,0,1,0
febrl2,0.88,3485,1,1,1,1,0,1,0
febrl2,0.88,945,1,1,1,1,0,1,0
febrl2,0.88,2491,1,1,1,1,0,1,0
febrl2,0.88,1486,1,1,1,1,0,1,0
febrl2,0.88,1494,1,1,1,1,0,1,0
febrl2,0.88,1426,1,1,1,1,0,1,0
febrl2,0.88,3369,1,1,1,1,0,1,0
febrl2,0.88,2857,1,1,1,1,0,1,0
febrl2,0.88,2090,1,1,1,1,0,1,0
febrl2,0.88,579,1,1,1,1,0,1,0
febrl2,0.88,2025,1,1,1,1,0,1,0
febrl2,0.88,3615,1,1,1,1,0,1,0
febrl2,0.88,1540,1,1,1,1,0,1,0
febrl2,0.88,2736,1,1,1,1,0,1,0
febrl2,0.88,2663,1,1,1,1,0,1,0
febrl2,0.88,1550,1,1,1,1,0,1,0
febrl2,0.88,3483,1,1,1,1,0,1,0
febrl2,0.88,2035,1,1,1,1,0,1,0
febrl2,0.88,2135,3,1,3,1,0,1,0
febrl2,0.88,2747,1,1,1,1,0,1,0
febrl2,0.88,41,1,1,1,1,0,1,0
febrl2,0.88,422,1,1,1,1,0,1,0
febrl2,0.88,511,1,1,1,1,0,1,0
febrl2,0.88,1626,1,1,1,1,0,1,0
febrl2,0.88,302,1,1,1,1,0,1,0
febrl2,0.88,2036,1,1,1,1,0,1,0
febrl2,0.88,2059,1,1,1,1,0,1,0
febrl2,0.88,883,1,1,1,1,0,1,0
febrl2,0.88,2311,1,1,1,1,0,1,0
febrl2,0.88,1279,1,1,1,1,0,1,0
febrl2,0.88,323,1,1,1,1,0,1,0
febrl2,0.88,2843,1,1,1,1,0,1,0
febrl2,0.88,957,1,1,1,1,0,1,0
febrl2,0.88,2851,1,1,1,1,0,1,0
febrl2,0.88,3255,1,1,1,1,0,1,0
febrl2,0.88,1060,1,1,1,1,0,1,0
febrl2,0.88,3353,1,1,1,1,0,1,0
febrl2,0.88,186,1,1,1,1,0,1,0
febrl2,0.88,3566,3,1,3,1,0,1,0
febrl2,0.88,3864,1,1,1,1,0,1,0
febrl2,0.88,3948,1,1,1,1,0,1,0
febrl2,0.88,3381,1,1,1,1,0,1,0
febrl2,0.88,64,1,1,1,1,0,1,0
febrl2,0.88,480,1,1,1,1,0,1,0
febrl2,0.88,1273,1,1,1,1,0,1,0
febrl2,0.88,1195,1,1,1,1,0,1,0
febrl2,0.88,3175,1,1,1,1,0,1,0
febrl2,0.88,2548,1,1,1,1,0,1,0
febrl2,0.88,2302,1,1,1,1,0,1,0
febrl2,0.88,3129,1,1,1,1,0,1,0
febrl2,0.88,1543,3,2,3,2,0,2,0
febrl2,0.88,2758,1,1,1,1,0,1,0
febrl2,0.88,1573,1,1,1,1,0,1,0
febrl2,0.88,2141,1,1,1,1,0,1,0
febrl2,0.88,3515,1,1,1,1,0,1,0
febrl2,0.88,2575,1,1,1,1,0,1,0
febrl2,0.88,1102,1,1,1,1,0,1,0
febrl2,0.88,3086,3,1,3,1,0,1,0
febrl2,0.88,2744,3,1,3,1,0,1,0
febrl2,0.88,1030,1,1,1,1,0,1,0
febrl2,0.88,2757,1,1,1,1,0,1,0
febrl2,0.88,1144,1,1,1,1,0,1,0
febrl2,0.88,344,1,1,1,1,0,1,0
febrl2,0.88,3681,1,1,1,1,0,1,0
febrl2,0.88,1730,1,1,1,1,0,1,0
febrl2,0.88,17,1,1,1,1,0,1,0
febrl2,0.88,1362,1,1,1,1,0,1,0
febrl2,0.88,198,1,1,1,1,0,1,0
febrl2,0.88,2545,3,2,3,2,0,2,0
febrl2,0.88,1735,1,1,1,1,0,1,0
febrl2,0.88,3797,1,1,1,1,0,1,0
febrl2,0.88,3484,1,1,1,1,0,1,0
febrl2,0.88,3361,1,1,1,1,0,1,0
febrl2,0.88,3229,1,1,1,1,0,1,0
febrl2,0.88,2389,1,1,1,1,0,1,0
febrl2,0.88,1461,1,1,1,1,0,1,0
febrl2,0.88,845,1,1,1,1,0,1,0
febrl2,0.88,3543,1,1,1,1,0,1,0
febrl2,0.88,2948,1,1,1,1,0,1,0
febrl2,0.88,1768,1,1,1,1,0,1,0
febrl2,0.88,1920,1,1,1,1,0,1,0
febrl2,0.88,2553,1,1,1,1,0,1,0
febrl2,0.88,3649,1,1,1,1,0,1,0
febrl2,0.88,834,1,1,1,1,0,1,0
febrl2,0.88,2455,1,1,1,1,0,1,0
febrl2,0.88,1866,2,1,2,1,0,1,0
febrl2,0.88,32,1,1,1,1,0,1,0
febrl2,0.88,501,1,1,1,1,0,1,0
febrl2,0.88,2501,1,1,1,1,0,1,0
febrl2,0.88,164,1,1,1,1,0,1,0
febrl2,0.88,2184,1,1,1,1,0,1,0
febrl2,0.88,2901,1,1,1,1,0,1,0
febrl2,0.88,123,1,1,1,1,0,1,0
febrl2,0.88,1340,1,1,1,1,0,1,0
febrl2,0.88,2437,1,1,1,1,0,1,0
febrl2,0.88,1974,1,1,1,1,0,1,0
febrl2,0.88,1594,2,1,2,1,0,1,0
febrl2,0.88,1993,1,1,1,1,0,1,0
febrl2,0.88,2130,2,1,2,1,0,1,0
febrl2,0.88,600,1,1,1,1,0,1,0
febrl2,0.88,38,1,1,1,1,0,1,0
febrl2,0.88,947,1,1,1,1,0,1,0
febrl2,0.88,2250,1,1,1,1,0,1,0
febrl2,0.88,3765,3,1,3,1,0,1,0
febrl2,0.88,3854,1,1,1,1,0,1,0
febrl2,0.88,3678,1,1,1,1,0,1,0
febrl2,0.88,731,1,1,1,1,0,1,0
febrl2,0.88,1578,1,1,1,1,0,1,0
febrl2,0.88,3374,1,1,1,1,0,1,0
febrl2,0.88,3873,1,1,1,1,0,1,0
febrl2,0.88,1975,1,1,1,1,0,1,0
febrl2,0.88,1020,1,1,1,1,0,1,0
febrl2,0.88,1666,1,1,1,1,0,1,0
febrl2,0.88,1885,4,1,4,1,0,1,0
febrl2,0.88,1650,1,1,1,1,0,1,0
febrl2,0.88,496,1,1,1,1,0,1,0
febrl2,0.88,1431,1,1,1,1,0,1,0
febrl2,0.88,3498,1,1,1,1,0,1,0
febrl2,0.88,470,3,1,3,1,0,1,0
febrl2,0.88,2296,1,1,1,1,0,1,0
febrl2,0.88,1368,1,1,1,1,0,1,0
febrl2,0.88,2616,1,1,1,1,0,1,0
febrl2,0.88,2790,1,1,1,1,0,1,0
febrl2,0.88,3426,1,1,1,1,0,1,0
febrl2,0.88,2178,1,1,1,1,0,1,0
febrl2,0.88,3688,1,1,1,1,0,1,0
febrl2,0.88,267,1,1,1,1,0,1,0
febrl2,0.88,459,1,1,1,1,0,1,0
febrl2,0.88,2429,1,1,1,1,0,1,0
febrl2,0.88,3976,6,1,6,1,0,1,0
febrl2,0.88,2977,1,1,1,1,0,1,0
febrl2,0.88,1597,1,1,1,1,0,1,0
febrl2,0.88,147,1,1,1,1,0,1,0
febrl2,0.88,3478,1,1,1,1,0,1,0
febrl2,0.88,742,1,1,1,1,0,1,0
febrl2,0.88,842,3,1,3,1,0,1,0
febrl2,0.88,253,1,1,1,1,0,1,0
febrl2,0.88,3445,1,1,1,1,0,1,0
febrl2,0.88,73,1,1,1,1,0,1,0
febrl2,0.88,2140,1,1,1,1,0,1,0
febrl2,0.88,882,1,1,1,1,0,1,0
febrl2,0.88,2377,1,1,1,1,0,1,0
febrl2,0.88,2278,1,1,1,1,0,1,0
febrl2,0.88,3786,1,1,1,1,0,1,0
febrl2,0.88,2457,1,1,1,1,0,1,0
febrl2,0.88,3824,1,1,1,1,0,1,0
febrl2,0.88,3760,1,1,1,1,0,1,0
febrl2,0.88,26,1,1,1,1,0,1,0
febrl2,0.88,1605,1,1,1,1,0,1,0
febrl2,0.88,336,1,1,1,1,0,1,0
febrl2,0.88,3282,1,1,1,1,0,1,0
febrl2,0.88,566,1,1,1,1,0,1,0
febrl2,0.88,3100,1,1,1,1,0,1,0
febrl2,0.88,3828,1,1,1,1,0,1,0
febrl2,0.88,2309,1,1,1,1,0,1,0
febrl2,0.88,1434,1,1,1,1,0,1,0
febrl2,0.88,3026,1,1,1,1,0,1,0
febrl2,0.88,3275,1,1,1,1,0,1,0
febrl2,0.88,1272,1,1,1,1,0,1,0
febrl2,0.88,598,1,1,1,1,0,1,0
febrl2,0.88,2363,1,1,1,1,0,1,0
febrl2,0.88,3065,1,1,1,1,0,1,0
febrl2,0.88,1370,1,1,1,1,0,1,0
febrl2,0.88,1743,1,1,1,1,0,1,0
febrl2,0.88,1847,1,1,1,1,0,1,0
febrl2,0.88,3281,1,1,1,1,0,1,0
febrl2,0.88,3845,1,1,1,1,0,1,0
febrl2,0.88,2801,1,1,1,1,0,1,0
febrl2,0.88,420,1,1,1,1,0,1,0
febrl2,0.88,2083,1,1,1,1,0,1,0
febrl2,0.88,3933,1,1,1,1,0,1,0
febrl2,0.88,1083,1,1,1,1,0,1,0
febrl2,0.88,1535,1,1,1,1,0,1,0
febrl2,0.88,1904,1,1,1,1,0,1,0
febrl2,0.88,1066,1,1,1,1,0,1,0
febrl2,0.88,1311,1,1,1,1,0,1,0
febrl2,0.88,2859,1,1,1,1,0,1,0
febrl2,0.88,3938,1,1,1,1,0,1,0
febrl2,0.88,357,1,1,1,1,0,1,0
febrl2,0.88,2793,3,2,3,2,0,2,0
febrl2,0.88,2967,1,1,1,1,0,1,0
febrl2,0.88,785,1,1,1,1,0,1,0
febrl2,0.88,3519,1,1,1,1,0,1,0
febrl2,0.88,1637,1,1,1,1,0,1,0
febrl2,0.88,171,1,1,1,1,0,1,0
febrl2,0.88,3848,1,1,1,1,0,1,0
febrl2,0.88,2804,1,1,1,1,0,1,0
febrl2,0.88,15,3,1,3,1,0,1,0
febrl2,0.88,3865,1,1,1,1,0,1,0
febrl2,0.88,2281,1,1,1,1,0,1,0
febrl2,0.88,2981,1,1,1,1,0,1,0
febrl2,0.88,1984,1,1,1,1,0,1,0
febrl2,0.88,2999,1,1,1,1,0,1,0
febrl2,0.88,3982,1,1,1,1,0,1,0
febrl2,0.88,1324,1,1,1,1,0,1,0
febrl2,0.88,1691,1,1,1,1,0,1,0
febrl2,0.88,1220,1,1,1,1,0,1,0
febrl2,0.88,3747,1,1,1,1,0,1,0
febrl2,0.88,2122,4,1,4,1,0,1,0
febrl2,0.88,3390,1,1,1,1,0,1,0
febrl2,0.88,199,1,1,1,1,0,1,0
febrl2,0.88,1824,1,1,1,1,0,1,0
febrl2,0.88,1148,1,1,1,1,0,1,0
febrl2,0.88,3545,1,1,1,1,0,1,0
febrl2,0.88,2887,1,1,1,1,0,1,0
febrl2,0.88,1694,1,1,1,1,0,1,0
febrl2,0.88,2885,1,1,1,1,0,1,0
febrl2,0.88,2430,1,1,1,1,0,1,0
febrl2,0.88,1514,1,1,1,1,0,1,0
febrl2,0.88,3158,1,1,1,1,0,1,0
febrl2,0.88,3270,1,1,1,1,0,1,0
febrl2,0.88,27,1,1,1,1,0,1,0
febrl2,0.88,1098,1,1,1,1,0,1,0
febrl2,0.88,1229,1,1,1,1,0,1,0
febrl2,0.88,1330,1,1,1,1,0,1,0
febrl2,0.88,741,1,1,1,1,0,1,0
febrl2,0.88,2696,1,1,1,1,0,1,0
febrl2,0.88,3537,1,1,1,1,0,1,0
febrl2,0.88,217,1,1,1,1,0,1,0
febrl2,0.88,3748,3,2,3,2,0,2,0
febrl2,0.88,1417,1,1,1,1,0,1,0
febrl2,0.88,2440,2,1,2,1,0,1,0
febrl2,0.88,691,1,1,1,1,0,1,0
febrl2,0.88,2340,1,1,1,1,0,1,0
febrl2,0.88,2810,3,1,3,1,0,1,0
febrl2,0.88,3354,1,1,1,1,0,1,0
febrl2,0.88,1586,2,1,2,1,0,1,0
febrl2,0.88,1892,1,1,1,1,0,1,0
febrl2,0.88,3384,1,1,1,1,0,1,0
febrl2,0.88,1468,1,1,1,1,0,1,0
febrl2,0.88,2982,1,1,1,1,0,1,0
febrl2,0.88,1909,1,1,1,1,0,1,0
febrl2,0.88,2329,1,1,1,1,0,1,0
febrl2,0.88,3666,1,1,1,1,0,1,0
febrl2,0.88,3366,1,1,1,1,0,1,0
febrl2,0.88,727,1,1,1,1,0,1,0
febrl2,0.88,1470,1,1,1,1,0,1,0
febrl2,0.88,145,1,1,1,1,0,1,0
febrl2,0.88,1935,1,1,1,1,0,1,0
febrl2,0.88,3856,1,1,1,1,0,1,0
febrl2,0.88,1659,1,1,1,1,0,1,0
febrl2,0.88,599,3,1,3,1,0,1,0
febrl2,0.88,944,1,1,1,1,0,1,0
febrl2,0.88,1766,1,1,1,1,0,1,0
febrl2,0.88,1254,1,1,1,1,0,1,0
febrl2,0.88,2517,1,1,1,1,0,1,0
febrl2,0.88,1058,1,1,1,1,0,1,0
febrl2,0.88,3189,1,1,1,1,0,1,0
febrl2,0.88,2719,1,1,1,1,0,1,0
febrl2,0.88,2539,1,1,1,1,0,1,0
febrl2,0.88,1987,1,1,1,1,0,1,0
febrl2,0.88,1466,1,1,1,1,0,1,0
febrl2,0.88,3076,1,1,1,1,0,1,0
febrl2,0.88,1647,1,1,1,1,0,1,0
febrl2,0.88,1560,1,1,1,1,0,1,0
febrl2,0.88,3721,4,1,4,1,0,1,0
febrl2,0.88,3831,1,1,1,1,0,1,0
febrl2,0.88,3687,1,1,1,1,0,1,0
febrl2,0.88,24,1,1,1,1,0,1,0
febrl2,0.88,1465,1,1,1,1,0,1,0
febrl2,0.88,3636,1,1,1,1,0,1,0
febrl2,0.88,2449,1,1,1,1,0,1,0
febrl2,0.88,659,1,1,1,1,0,1,0
febrl2,0.88,1588,1,1,1,1,0,1,0
febrl2,0.88,1668,1,1,1,1,0,1,0
febrl2,0.88,2088,1,1,1,1,0,1,0
febrl2,0.88,2120,1,1,1,1,0,1,0
febrl2,0.88,2358,1,1,1,1,0,1,0
febrl2,0.88,1534,1,1,1,1,0,1,0
febrl2,0.88,1936,1,1,1,1,0,1,0
febrl2,0.88,1450,1,1,1,1,0,1,0
febrl2,0.88,1916,1,1,1,1,0,1,0
febrl2,0.88,666,1,1,1,1,0,1,0
febrl2,0.88,2976,1,1,1,1,0,1,0
febrl2,0.88,3561,2,2,2,2,0,2,0
febrl2,0.88,2331,1,1,1,1,0,1,0
febrl2,0.88,191,1,1,1,1,0,1,0
febrl2,0.88,586,1,1,1,1,0,1,0
febrl2,0.88,2042,1,1,1,1,0,1,0
febrl2,0.88,2940,1,1,1,1,0,1,0
febrl2,0.88,3842,1,1,1,1,0,1,0
febrl2,0.88,414,1,1,1,1,0,1,0
febrl2,0.88,3044,1,1,1,1,0,1,0
febrl2,0.88,2216,1,1,1,1,0,1,0
febrl2,0.88,1187,1,1,1,1,0,1,0
febrl2,0.88,918,1,1,1,1,0,1,0
febrl2,0.88,3109,2,1,2,1,0,1,0
febrl2,0.88,2556,1,1,1,1,0,1,0
febrl2,0.88,10,1,1,1,1,0,1,0
febrl2,0.88,3228,4,2,4,2,0,2,0
febrl2,0.88,2821,1,1,1,1,0,1,0
febrl2,0.88,3435,1,1,1,1,0,1,0
febrl2,0.88,1086,1,1,1,1,0,1,0
febrl2,0.88,657,1,1,1,1,0,1,0
febrl2,0.88,281,1,1,1,1,0,1,0
febrl2,0.88,770,1,1,1,1,0,1,0
febrl2,0.88,1632,1,1,1,1,0,1,0
febrl2,0.88,799,1,1,1,1,0,1,0
febrl2,0.88,3546,1,1,1,1,0,1,0
febrl2,0.88,2725,1,1,1,1,0,1,0
febrl2,0.88,3303,1,1,1,1,0,1,0
febrl2,0.88,3968,3,1,3,1,0,1,0
febrl2,0.88,2156,1,1,1,1,0,1,0
febrl2,0.88,622,1,1,1,1,0,1,0
febrl2,0.88,583,1,1,1,1,0,1,0
febrl2,0.88,1406,1,1,1,1,0,1,0
febrl2,0.88,3247,2,1,2,1,0,1,0
febrl2,0.88,463,1,1,1,1,0,1,0
febrl2,0.88,1669,1,1,1,1,0,1,0
febrl2,0.88,2190,1,1,1,1,0,1,0
febrl2,0.88,3408,1,1,1,1,0,1,0
febrl2,0.88,2474,1,1,1,1,0,1,0
febrl2,0.88,3363,2,1,2,1,0,1,0
febrl2,0.88,3159,1,1,1,1,0,1,0
febrl2,0.88,2805,1,1,1,1,0,1,0
febrl2,0.88,3365,1,1,1,1,0,1,0
febrl2,0.88,1522,1,1,1,1,0,1,0
febrl2,0.88,823,4,1,4,1,0,1,0
febrl2,0.88,2760,1,1,1,1,0,1,0
febrl2,0.88,967,1,1,1,1,0,1,0
febrl2,0.88,636,1,1,1,1,0,1,0
febrl2,0.88,531,1,1,1,1,0,1,0
febrl2,0.88,3062,1,1,1,1,0,1,0
febrl2,0.88,2921,1,1,1,1,0,1,0
febrl2,0.88,2994,1,1,1,1,0,1,0
febrl2,0.88,789,3,2,3,2,0,2,0
febrl2,0.88,3728,1,1,1,1,0,1,0
febrl2,0.88,772,1,1,1,1,0,1,0
febrl2,0.88,103,1,1,1,1,0,1,0
febrl2,0.88,907,1,1,1,1,0,1,0
febrl2,0.88,2307,1,1,1,1,0,1,0
febrl2,0.88,3945,1,1,1,1,0,1,0
febrl2,0.88,2239,1,1,1,1,0,1,0
febrl2,0.88,2827,1,1,1,1,0,1,0
febrl2,0.88,821,1,1,1,1,0,1,0
febrl2,0.88,3489,1,1,1,1,0,1,0
febrl2,0.88,3376,1,1,1,1,0,1,0
febrl2,0.88,2529,1,1,1,1,0,1,0
febrl2,0.88,390,1,1,1,1,0,1,0
febrl2,0.88,1760,1,1,1,1,0,1,0
febrl2,0.88,1733,1,1,1,1,0,1,0
febrl2,0.88,3722,1,1,1,1,0,1,0
febrl2,0.88,1379,1,1,1,1,0,1,0
febrl2,0.88,2935,2,1,2,1,0,1,0
febrl2,0.88,3553,1,1,1,1,0,1,0
febrl2,0.88,2480,1,1,1,1,0,1,0
febrl2,0.88,77,1,1,1,1,0,1,0
febrl2,0.88,2598,3,1,3,1,0,1,0
febrl2,0.88,2711,1,1,1,1,0,1,0
febrl2,0.88,757,1,1,1,1,0,1,0
febrl2,0.88,2164,1,1,1,1,0,1,0
febrl2,0.88,3505,1,1,1,1,0,1,0
febrl2,0.88,37,1,1,1,1,0,1,0
febrl2,0.88,3759,1,1,1,1,0,1,0
febrl2,0.88,3197,2,1,2,1,0,1,0
febrl2,0.88,446,1,1,1,1,0,1,0
febrl2,0.88,2498,1,1,1,1,0,1,0
febrl2,0.88,516,1,1,1,1,0,1,0
febrl2,0.88,551,1,1,1,1,0,1,0
febrl2,0.88,1708,1,1,1,1,0,1,0
febrl2,0.88,3692,1,1,1,1,0,1,0
febrl2,0.88,3130,1,1,1,1,0,1,0
febrl2,0.88,3616,1,1,1,1,0,1,0
febrl2,0.88,978,1,1,1,1,0,1,0
febrl2,0.88,3777,1,1,1,1,0,1,0
febrl2,0.88,2290,1,1,1,1,0,1,0
febrl2,0.88,1159,1,1,1,1,0,1,0
febrl2,0.88,2528,1,1,1,1,0,1,0
febrl2,0.88,1120,1,1,1,1,0,1,0
febrl2,0.88,875,1,1,1,1,0,1,0
febrl2,0.88,735,1,1,1,1,0,1,0
febrl2,0.88,1951,1,1,1,1,0,1,0
febrl2,0.88,69,4,1,4,1,0,1,0
febrl2,0.88,2113,1,1,1,1,0,1,0
febrl2,0.88,1186,1,1,1,1,0,1,0
febrl2,0.88,1018,1,1,1,1,0,1,0
febrl2,0.88,3177,1,1,1,1,0,1,0
febrl2,0.88,271,1,1,1,1,0,1,0
febrl2,0.88,3599,1,1,1,1,0,1,0
febrl2,0.88,1807,1,1,1,1,0,1,0
febrl2,0.88,2580,1,1,1,1,0,1,0
febrl2,0.88,1720,1,1,1,1,0,1,0
febrl2,0.88,1300,1,1,1,1,0,1,0
febrl2,0.88,1038,1,1,1,1,0,1,0
febrl2,0.88,1742,1,1,1,1,0,1,0
febrl2,0.88,2816,1,1,1,1,0,1,0
febrl2,0.88,1407,1,1,1,1,0,1,0
febrl2,0.88,748,3,1,3,1,0,1,0
febrl2,0.88,3245,1,1,1,1,0,1,0
febrl2,0.88,3815,1,1,1,1,0,1,0
febrl2,0.88,1342,1,1,1,1,0,1,0
febrl2,0.88,713,1,1,1,1,0,1,0
febrl2,0.88,743,1,1,1,1,0,1,0
febrl2,0.88,3679,1,1,1,1,0,1,0
febrl2,0.88,476,1,1,1,1,0,1,0
febrl2,0.88,1945,3,2,3,2,0,2,0
febrl2,0.88,3181,2,1,2,1,0,1,0
febrl2,0.88,3334,1,1,1,1,0,1,0
febrl2,0.88,3453,1,1,1,1,0,1,0
febrl2,0.88,1872,1,1,1,1,0,1,0
febrl2,0.88,3601,1,1,1,1,0,1,0
febrl2,0.88,1992,1,1,1,1,0,1,0
febrl2,0.88,1122,1,1,1,1,0,1,0
febrl2,0.88,3939,4,2,4,2,0,2,0
febrl2,0.88,645,1,1,1,1,0,1,0
febrl2,0.88,2360,1,1,1,1,0,1,0
febrl2,0.88,3201,1,1,1,1,0,1,0
febrl2,0.88,1996,1,1,1,1,0,1,0
febrl2,0.88,3749,2,1,2,1,0,1,0
febrl2,0.88,871,1,1,1,1,0,1,0
febrl2,0.88,999,1,1,1,1,0,1,0
febrl2,0.88,14,1,1,1,1,0,1,0
febrl2,0.88,3575,1,1,1,1,0,1,0
febrl2,0.88,2277,1,1,1,1,0,1,0
febrl2,0.88,2173,1,1,1,1,0,1,0
febrl2,0.88,3605,1,1,1,1,0,1,0
febrl2,0.88,2071,1,1,1,1,0,1,0
febrl2,0.88,1685,3,1,3,1,0,1,0
febrl2,0.88,1986,1,1,1,1,0,1,0
febrl2,0.88,692,1,1,1,1,0,1,0
febrl2,0.88,1667,1,1,1,1,0,1,0
febrl2,0.88,3448,1,1,1,1,0,1,0
febrl2,0.88,3996,4,1,4,1,0,1,0
febrl2,0.88,1979,1,1,1,1,0,1,0
febrl2,0.88,317,1,1,1,1,0,1,0
febrl2,0.88,2996,1,1,1,1,0,1,0
febrl2,0.88,556,1,1,1,1,0,1,0
febrl2,0.88,1710,1,1,1,1,0,1,0
febrl2,0.88,1125,1,1,1,1,0,1,0
febrl2,0.88,1063,1,1,1,1,0,1,0
febrl2,0.88,1401,1,1,1,1,0,1,0
febrl2,0.88,2671,1,1,1,1,0,1,0
febrl2,0.88,3526,2,1,2,1,0,1,0
febrl2,0.88,1399,2,1,2,1,0,1,0
febrl2,0.88,2751,1,1,1,1,0,1,0
febrl2,0.88,1726,1,1,1,1,0,1,0
febrl2,0.88,571,1,1,1,1,0,1,0
febrl2,0.88,3000,2,1,2,1,0,1,0
febrl2,0.88,3009,1,1,1,1,0,1,0
febrl2,0.88,925,1,1,1,1,0,1,0
febrl2,0.88,3178,2,1,2,1,0,1,0
febrl2,0.88,1823,1,1,1,1,0,1,0
febrl2,0.88,638,1,1,1,1,0,1,0
febrl2,0.88,744,1,1,1,1,0,1,0
febrl2,0.88,3664,1,1,1,1,0,1,0
febrl2,0.88,355,1,1,1,1,0,1,0
febrl2,0.88,992,1,1,1,1,0,1,0
febrl2,0.88,1545,1,1,1,1,0,1,0
febrl2,0.88,767,2,2,2,2,0,2,0
febrl2,0.88,305,1,1,1,1,0,1,0
febrl2,0.88,2619,1,1,1,1,0,1,0
febrl2,0.88,374,1,1,1,1,0,1,0
febrl2,0.88,2349,1,1,1,1,0,1,0
febrl2,0.88,251,1,1,1,1,0,1,0
febrl2,0.88,2855,1,1,1,1,0,1,0
febrl2,0.88,2832,1,1,1,1,0,1,0
febrl2,0.88,2444,1,1,1,1,0,1,0
febrl2,0.88,943,1,1,1,1,0,1,0
febrl2,0.88,1070,1,1,1,1,0,1,0
febrl2,0.88,2388,1,1,1,1,0,1,0
febrl2,0.88,3300,1,1,1,1,0,1,0
febrl2,0.88,2026,1,1,1,1,0,1,0
febrl2,0.88,1132,2,1,2,1,0,1,0
febrl2,0.88,2089,1,1,1,1,0,1,0
febrl2,0.88,663,1,1,1,1,0,1,0
febrl2,0.88,2904,1,1,1,1,0,1,0
febrl2,0.88,3727,2,1,2,1,0,1,0
febrl2,0.88,3382,1,1,1,1,0,1,0
febrl2,0.88,3400,3,1,3,1,0,1,0
febrl2,0.88,1617,1,1,1,1,0,1,0
febrl2,0.88,2652,1,1,1,1,0,1,0
febrl2,0.88,803,1,1,1,1,0,1,0
febrl2,0.88,378,1,1,1,1,0,1,0
febrl2,0.88,1580,1,1,1,1,0,1,0
febrl2,0.88,950,1,1,1,1,0,1,0
febrl2,0.88,1400,1,1,1,1,0,1,0
febrl2,0.88,1804,1,1,1,1,0,1,0
febrl2,0.88,1284,1,1,1,1,0,1,0
febrl2,0.88,1869,1,1,1,1,0,1,0
febrl2,0.88,3028,1,1,1,1,0,1,0
febrl2,0.88,2979,1,1,1,1,0,1,0
febrl2,0.88,188,1,1,1,1,0,1,0
febrl2,0.88,273,1,1,1,1,0,1,0
febrl2,0.88,3258,1,1,1,1,0,1,0
febrl2,0.88,3991,1,1,1,1,0,1,0
febrl2,0.88,3034,1,1,1,1,0,1,0
febrl2,0.88,1832,1,1,1,1,0,1,0
febrl2,0.88,777,1,1,1,1,0,1,0
febrl2,0.88,403,1,1,1,1,0,1,0
febrl2,0.88,3155,1,1,1,1,0,1,0
febrl2,0.88,2121,1,1,1,1,0,1,0
febrl2,0.88,2931,3,1,3,1,0,1,0
febrl2,0.88,3486,1,1,1,1,0,1,0
febrl2,0.88,1095,1,1,1,1,0,1,0
febrl2,0.88,720,1,1,1,1,0,1,0
febrl2,0.88,3227,1,1,1,1,0,1,0
febrl2,0.88,3624,1,1,1,1,0,1,0
febrl2,0.88,3467,1,1,1,1,0,1,0
febrl2,0.88,697,1,1,1,1,0,1,0
febrl2,0.88,94,2,1,2,1,0,1,0
febrl2,0.88,2958,1,1,1,1,0,1,0
febrl2,0.88,348,1,1,1,1,0,1,0
febrl2,0.88,2650,1,1,1,1,0,1,0
febrl2,0.88,2926,1,1,1,1,0,1,0
febrl2,0.88,1790,1,1,1,1,0,1,0
febrl2,0.88,3965,1,1,1,1,0,1,0
febrl2,0.88,132,1,1,1,1,0,1,0
febrl2,0.88,804,1,1,1,1,0,1,0
febrl2,0.88,3001,1,1,1,1,0,1,0
febrl2,0.88,2709,1,1,1,1,0,1,0
febrl2,0.88,837,1,1,1,1,0,1,0
febrl2,0.88,938,1,1,1,1,0,1,0
febrl2,0.88,3858,1,1,1,1,0,1,0
febrl2,0.88,2417,1,1,1,1,0,1,0
febrl2,0.88,1548,1,1,1,1,0,1,0
febrl2,0.88,282,1,1,1,1,0,1,0
febrl2,0.88,2937,1,1,1,1,0,1,0
febrl2,0.88,1099,2,1,2,1,0,1,0
febrl2,0.88,610,1,1,1,1,0,1,0
febrl2,0.88,3701,1,1,1,1,0,1,0
febrl2,0.88,2361,1,1,1,1,0,1,0
febrl2,0.88,2515,1,1,1,1,0,1,0
febrl2,0.88,2973,3,1,3,1,0,1,0
febrl2,0.88,2323,1,1,1,1,0,1,0
febrl2,0.88,3235,1,1,1,1,0,1,0
febrl2,0.88,1497,1,1,1,1,0,1,0
febrl2,0.88,1007,1,1,1,1,0,1,0
febrl2,0.88,3405,1,1,1,1,0,1,0
febrl2,0.88,3964,2,2,2,2,0,2,0
febrl2,0.88,2583,1,1,1,1,0,1,0
febrl2,0.88,2247,1,1,1,1,0,1,0
febrl2,0.88,2477,1,1,1,1,0,1,0
febrl2,0.88,1857,1,1,1,1,0,1,0
febrl2,0.88,1601,1,1,1,1,0,1,0
febrl2,0.88,3169,2,1,2,1,0,1,0
febrl2,0.88,1281,1,1,1,1,0,1,0
febrl2,0.88,225,1,1,1,1,0,1,0
febrl2,0.88,2929,1,1,1,1,0,1,0
febrl2,0.88,2270,1,1,1,1,0,1,0
febrl2,0.88,136,1,1,1,1,0,1,0
febrl2,0.88,3825,1,1,1,1,0,1,0
febrl2,0.88,2342,1,1,1,1,0,1,0
febrl2,0.88,3213,1,1,1,1,0,1,0
febrl2,0.88,3168,1,1,1,1,0,1,0
febrl2,0.88,1224,1,1,1,1,0,1,0
febrl2,0.88,3377,1,1,1,1,0,1,0
febrl2,0.88,2538,1,1,1,1,0,1,0
febrl2,0.88,3254,2,1,2,1,0,1,0
febrl2,0.88,512,1,1,1,1,0,1,0
febrl2,0.88,3903,1,1,1,1,0,1,0
febrl2,0.88,493,1,1,1,1,0,1,0
febrl2,0.88,58,1,1,1,1,0,1,0
febrl2,0.88,3018,1,1,1,1,0,1,0
febrl2,0.88,3702,1,1,1,1,0,1,0
febrl2,0.88,773,1,1,1,1,0,1,0
febrl2,0.88,1703,1,1,1,1,0,1,0
febrl2,0.88,983,1,1,1,1,0,1,0
febrl2,0.88,3659,1,1,1,1,0,1,0
febrl2,0.88,11,1,1,1,1,0,1,0
febrl2,0.88,1261,1,1,1,1,0,1,0
febrl2,0.88,3989,1,1,1,1,0,1,0
febrl2,0.88,3604,1,1,1,1,0,1,0
febrl2,0.88,185,1,1,1,1,0,1,0
febrl2,0.88,1748,1,1,1,1,0,1,0
febrl2,0.88,2305,1,1,1,1,0,1,0
febrl2,0.88,2849,1,1,1,1,0,1,0
febrl2,0.88,3906,1,1,1,1,0,1,0
febrl2,0.88,1206,1,1,1,1,0,1,0
febrl2,0.88,872,1,1,1,1,0,1,0
febrl2,0.88,346,1,1,1,1,0,1,0
febrl2,0.88,2230,3,1,3,1,0,1,0
febrl2,0.88,3924,1,1,1,1,0,1,0
febrl2,0.88,1286,1,1,1,1,0,1,0
febrl2,0.88,658,1,1,1,1,0,1,0
febrl2,0.88,2030,1,1,1,1,0,1,0
febrl2,0.88,1877,1,1,1,1,0,1,0
febrl2,0.88,3407,1,1,1,1,0,1,0
febrl2,0.88,533,1,1,1,1,0,1,0
febrl2,0.88,508,1,1,1,1,0,1,0
febrl2,0.88,438,1,1,1,1,0,1,0
febrl2,0.88,1464,1,1,1,1,0,1,0
febrl2,0.88,2500,1,1,1,1,0,1,0
febrl2,0.88,2799,1,1,1,1,0,1,0
febrl2,0.88,3813,1,1,1,1,0,1,0
febrl2,0.88,939,1,1,1,1,0,1,0
febrl2,0.88,3148,1,1,1,1,0,1,0
febrl2,0.88,3164,1,1,1,1,0,1,0
febrl2,0.88,783,2,1,2,1,0,1,0
febrl2,0.88,1297,1,1,1,1,0,1,0
febrl2,0.88,2659,1,1,1,1,0,1,0
febrl2,0.88,262,1,1,1,1,0,1,0
febrl2,0.88,3202,1,1,1,1,0,1,0
febrl2,0.88,569,1,1,1,1,0,1,0
febrl2,0.88,3105,1,1,1,1,0,1,0
febrl2,0.88,3627,1,1,1,1,0,1,0
febrl2,0.88,1014,1,1,1,1,0,1,0
febrl2,0.88,2888,1,1,1,1,0,1,0
febrl2,0.88,120,2,1,2,1,0,1,0
febrl2,0.88,1658,1,1,1,1,0,1,0
febrl2,0.88,1141,1,1,1,1,0,1,0
febrl2,0.88,1026,1,1,1,1,0,1,0
febrl2,0.88,1767,1,1,1,1,0,1,0
febrl2,0.88,2085,1,1,1,1,0,1,0
febrl2,0.88,612,1,1,1,1,0,1,0
febrl2,0.88,2693,1,1,1,1,0,1,0
febrl2,0.88,71,1,1,1,1,0,1,0
febrl2,0.88,3673,1,1,1,1,0,1,0
febrl2,0.88,3048,1,1,1,1,0,1,0
febrl2,0.88,3658,1,1,1,1,0,1,0
febrl2,0.88,1357,1,1,1,1,0,1,0
febrl2,0.88,1237,6,1,6,1,0,1,0
febrl2,0.88,1867,1,1,1,1,0,1,0
febrl2,0.88,3391,1,1,1,1,0,1,0
febrl2,0.88,2295,1,1,1,1,0,1,0
febrl2,0.88,2110,1,1,1,1,0,1,0
febrl2,0.88,256,1,1,1,1,0,1,0
febrl2,0.88,776,1,1,1,1,0,1,0
febrl2,0.88,1419,1,1,1,1,0,1,0
febrl2,0.88,1960,1,1,1,1,0,1,0
febrl2,0.88,3967,1,1,1,1,0,1,0
febrl2,0.88,3897,1,1,1,1,0,1,0
febrl2,0.88,3321,1,1,1,1,0,1,0
febrl2,0.88,3770,1,1,1,1,0,1,0
febrl2,0.88,791,1,1,1,1,0,1,0
febrl2,0.88,1167,1,1,1,1,0,1,0
febrl2,0.88,3773,1,1,1,1,0,1,0
febrl2,0.88,2463,1,1,1,1,0,1,0
febrl2,0.88,2191,3,1,3,1,0,1,0
febrl2,0.88,3183,1,1,1,1,0,1,0
febrl2,0.88,2401,1,1,1,1,0,1,0
febrl2,0.88,1902,1,1,1,1,0,1,0
febrl2,0.88,358,1,1,1,1,0,1,0
febrl2,0.88,3211,1,1,1,1,0,1,0
febrl2,0.88,158,1,1,1,1,0,1,0
febrl2,0.88,2956,1,1,1,1,0,1,0
febrl2,0.88,2989,1,1,1,1,0,1,0
febrl2,0.88,1034,1,1,1,1,0,1,0
febrl2,0.88,2301,1,1,1,1,0,1,0
febrl2,0.88,3547,1,1,1,1,0,1,0
febrl2,0.88,3871,1,1,1,1,0,1,0
febrl2,0.88,3368,1,1,1,1,0,1,0
febrl2,0.88,3890,4,1,4,1,0,1,0
febrl2,0.88,2220,1,1,1,1,0,1,0
febrl2,0.88,1511,1,1,1,1,0,1,0
febrl2,0.88,3419,1,1,1,1,0,1,0
febrl2,0.88,3929,1,1,1,1,0,1,0
febrl2,0.88,3131,2,1,2,1,0,1,0
febrl2,0.88,3528,1,1,1,1,0,1,0
febrl2,0.88,2286,1,1,1,1,0,1,0
febrl2,0.88,1912,2,1,2,1,0,1,0
febrl2,0.88,2240,1,1,1,1,0,1,0
febrl2,0.88,2409,1,1,1,1,0,1,0
febrl2,0.88,118,1,1,1,1,0,1,0
febrl2,0.88,380,1,1,1,1,0,1,0
febrl2,0.88,3959,1,1,1,1,0,1,0
febrl2,0.88,3905,1,1,1,1,0,1,0
febrl2,0.88,558,1,1,1,1,0,1,0
febrl2,0.88,941,1,1,1,1,0,1,0
febrl2,0.88,254,3,1,3,1,0,1,0
febrl2,0.88,3763,1,1,1,1,0,1,0
febrl2,0.88,2181,1,1,1,1,0,1,0
febrl2,0.88,665,1,1,1,1,0,1,0
febrl2,0.88,1764,3,1,3,1,0,1,0
febrl2,0.88,1137,1,1,1,1,0,1,0
febrl2,0.88,1473,1,1,1,1,0,1,0
febrl2,0.88,2238,1,1,1,1,0,1,0
febrl2,0.88,3115,1,1,1,1,0,1,0
febrl2,0.88,1145,1,1,1,1,0,1,0
febrl2,0.88,3090,1,1,1,1,0,1,0
febrl2,0.88,987,1,1,1,1,0,1,0
febrl2,0.88,2746,1,1,1,1,0,1,0
febrl2,0.88,3635,1,1,1,1,0,1,0
febrl2,0.88,734,1,1,1,1,0,1,0
febrl2,0.88,1409,1,1,1,1,0,1,0
febrl2,0.88,2074,1,1,1,1,0,1,0
febrl2,0.88,646,1,1,1,1,0,1,0
febrl2,0.88,2052,1,1,1,1,0,1,0
febrl2,0.88,1932,1,1,1,1,0,1,0
febrl2,0.88,951,1,1,1,1,0,1,0
febrl2,0.88,2453,1,1,1,1,0,1,0
febrl2,0.88,1374,1,1,1,1,0,1,0
febrl2,0.88,3672,1,1,1,1,0,1,0
febrl2,0.88,2978,1,1,1,1,0,1,0
febrl2,0.88,1568,1,1,1,1,0,1,0
febrl2,0.88,3614,1,1,1,1,0,1,0
febrl2,0.88,2336,1,1,1,1,0,1,0
febrl2,0.88,3342,1,1,1,1,0,1,0
febrl2,0.88,2354,1,1,1,1,0,1,0
febrl2,0.88,2622,1,1,1,1,0,1,0
febrl2,0.88,3349,1,1,1,1,0,1,0
febrl2,0.88,1221,1,1,1,1,0,1,0
febrl2,0.88,896,1,1,1,1,0,1,0
febrl2,0.88,222,1,1,1,1,0,1,0
febrl2,0.88,3416,1,1,1,1,0,1,0
febrl2,0.88,3312,1,1,1,1,0,1,0
febrl2,0.88,2581,1,1,1,1,0,1,0
febrl2,0.88,2374,1,1,1,1,0,1,0
febrl2,0.88,2936,1,1,1,1,0,1,0
febrl2,0.88,3579,1,1,1,1,0,1,0
febrl2,0.88,3043,1,1,1,1,0,1,0
febrl2,0.88,3623,1,1,1,1,0,1,0
febrl2,0.88,3934,1,1,1,1,0,1,0
febrl2,0.88,4,1,1,1,1,0,1,0
febrl2,0.88,1596,1,1,1,1,0,1,0
febrl2,0.88,1970,1,1,1,1,0,1,0
febrl2,0.88,3025,1,1,1,1,0,1,0
febrl2,0.88,587,1,1,1,1,0,1,0
febrl2,0.88,2683,1,1,1,1,0,1,0
febrl2,0.88,2617,2,1,2,1,0,1,0
febrl2,0.88,2559,1,1,1,1,0,1,0
febrl2,0.88,3389,1,1,1,1,0,1,0
febrl2,0.88,3732,1,1,1,1,0,1,0
febrl2,0.88,3027,1,1,1,1,0,1,0
febrl2,0.88,2834,1,1,1,1,0,1,0
febrl2,0.88,354,1,1,1,1,0,1,0
febrl2,0.88,3347,1,1,1,1,0,1,0
febrl2,0.88,1081,1,1,1,1,0,1,0
febrl2,0.88,3134,1,1,1,1,0,1,0
febrl2,0.88,1827,1,1,1,1,0,1,0
febrl2,0.88,170,1,1,1,1,0,1,0
febrl2,0.88,3417,3,1,3,1,0,1,0
febrl2,0.88,1633,1,1,1,1,0,1,0
febrl2,0.88,1393,1,1,1,1,0,1,0
febrl2,0.88,1552,1,1,1,1,0,1,0
febrl2,0.88,989,1,1,1,1,0,1,0
febrl2,0.88,97,1,1,1,1,0,1,0
febrl2,0.88,60,1,1,1,1,0,1,0
febrl2,0.88,2715,1,1,1,1,0,1,0
febrl2,0.88,1266,1,1,1,1,0,1,0
febrl2,0.88,2579,1,1,1,1,0,1,0
febrl2,0.88,2909,1,1,1,1,0,1,0
febrl2,0.88,1499,1,1,1,1,0,1,0
febrl2,0.88,349,1,1,1,1,0,1,0
febrl2,0.88,20,1,1,1,1,0,1,0
febrl2,0.88,2174,1,1,1,1,0,1,0
febrl2,0.88,173,1,1,1,1,0,1,0
febrl2,0.88,1366,1,1,1,1,0,1,0
febrl2,0.88,1973,1,1,1,1,0,1,0
febrl2,0.88,195,1,1,1,1,0,1,0
febrl2,0.88,2512,1,1,1,1,0,1,0
febrl2,0.88,3885,1,1,1,1,0,1,0
febrl2,0.88,2775,1,1,1,1,0,1,0
febrl2,0.88,1170,1,1,1,1,0,1,0
febrl2,0.88,2209,1,1,1,1,0,1,0
febrl2,0.88,3511,1,1,1,1,0,1,0
febrl2,0.88,730,1,1,1,1,0,1,0
febrl2,0.88,2632,1,1,1,1,0,1,0
febrl2,0.88,885,1,1,1,1,0,1,0
febrl2,0.88,3386,1,1,1,1,0,1,0
febrl2,0.88,1310,1,1,1,1,0,1,0
febrl2,0.88,521,1,1,1,1,0,1,0
febrl2,0.88,2824,1,1,1,1,0,1,0
febrl2,0.88,2251,1,1,1,1,0,1,0
febrl2,0.88,2171,1,1,1,1,0,1,0
febrl2,0.88,3151,1,1,1,1,0,1,0
febrl2,0.88,1675,1,1,1,1,0,1,0
febrl2,0.88,2722,1,1,1,1,0,1,0
febrl2,0.88,1531,1,1,1,1,0,1,0
febrl2,0.88,2809,1,1,1,1,0,1,0
febrl2,0.88,2195,1,1,1,1,0,1,0
febrl2,0.88,3474,1,1,1,1,0,1,0
febrl2,0.88,389,1,1,1,1,0,1,0
febrl2,0.88,238,1,1,1,1,0,1,0
febrl2,0.88,3290,1,1,1,1,0,1,0
febrl2,0.88,818,1,1,1,1,0,1,0
febrl2,0.88,3466,1,1,1,1,0,1,0
febrl2,0.88,3080,1,1,1,1,0,1,0
febrl2,0.88,3387,1,1,1,1,0,1,0
febrl2,0.88,101,1,1,1,1,0,1,0
febrl2,0.88,1136,1,1,1,1,0,1,0
febrl2,0.88,130,1,1,1,1,0,1,0
febrl2,0.88,695,1,1,1,1,0,1,0
febrl2,0.88,2667,5,1,5,1,0,1,0
febrl2,0.88,1013,1,1,1,1,0,1,0
febrl2,0.88,2070,1,1,1,1,0,1,0
febrl2,0.88,213,1,1,1,1,0,1,0
febrl2,0.88,3888,1,1,1,1,0,1,0
febrl2,0.88,3899,1,1,1,1,0,1,0
febrl2,0.88,588,4,1,4,1,0,1,0
febrl2,0.88,3534,1,1,1,1,0,1,0
febrl2,0.88,3504,1,1,1,1,0,1,0
febrl2,0.88,1339,1,1,1,1,0,1,0
febrl2,0.88,1850,1,1,1,1,0,1,0
febrl2,0.88,1645,1,1,1,1,0,1,0
febrl2,0.88,3393,1,1,1,1,0,1,0
febrl2,0.88,3395,1,1,1,1,0,1,0
febrl2,0.88,2742,1,1,1,1,0,1,0
febrl2,0.88,849,1,1,1,1,0,1,0
febrl2,0.88,2795,1,1,1,1,0,1,0
febrl2,0.88,3487,1,1,1,1,0,1,0
febrl2,0.88,2221,1,1,1,1,0,1,0
febrl2,0.88,3063,1,1,1,1,0,1,0
febrl2,0.88,3700,1,1,1,1,0,1,0
febrl2,0.88,2040,1,1,1,1,0,1,0
febrl2,0.88,1032,1,1,1,1,0,1,0
febrl2,0.88,1640,1,1,1,1,0,1,0
febrl2,0.88,960,1,1,1,1,0,1,0
febrl2,0.88,1075,1,1,1,1,0,1,0
febrl2,0.88,935,1,1,1,1,0,1,0
febrl2,0.88,2470,1,1,1,1,0,1,0
febrl2,0.88,3305,1,1,1,1,0,1,0
febrl2,0.88,3880,1,1,1,1,0,1,0
febrl2,0.88,153,1,1,1,1,0,1,0
febrl2,0.88,555,1,1,1,1,0,1,0
febrl2,0.88,982,1,1,1,1,0,1,0
febrl2,0.88,786,1,1,1,1,0,1,0
febrl2,0.88,117,1,1,1,1,0,1,0
febrl2,0.88,3628,1,1,1,1,0,1,0
febrl2,0.88,215,1,1,1,1,0,1,0
febrl2,0.88,2514,1,1,1,1,0,1,0
febrl2,0.88,593,1,1,1,1,0,1,0
febrl2,0.88,2177,1,1,1,1,0,1,0
febrl2,0.88,2159,1,1,1,1,0,1,0
febrl2,0.88,275,1,1,1,1,0,1,0
febrl2,0.88,246,1,1,1,1,0,1,0
febrl2,0.88,2475,1,1,1,1,0,1,0
febrl2,0.88,913,1,1,1,1,0,1,0
febrl2,0.88,2204,1,1,1,1,0,1,0
febrl2,0.88,3373,1,1,1,1,0,1,0
febrl2,0.88,3040,1,1,1,1,0,1,0
febrl2,0.88,3806,1,1,1,1,0,1,0
febrl2,0.88,781,1,1,1,1,0,1,0
febrl2,0.88,1564,3,1,3,1,0,1,0
febrl2,0.88,3392,1,1,1,1,0,1,0
febrl2,0.88,2808,1,1,1,1,0,1,0
febrl2,0.88,2986,1,1,1,1,0,1,0
febrl2,0.88,928,1,1,1,1,0,1,0
febrl2,0.88,3394,1,1,1,1,0,1,0
febrl2,0.88,1771,1,1,1,1,0,1,0
febrl2,0.88,1481,1,1,1,1,0,1,0
febrl2,0.88,475,1,1,1,1,0,1,0
febrl2,0.88,1382,1,1,1,1,0,1,0
febrl2,0.88,3867,1,1,1,1,0,1,0
febrl2,0.88,2279,1,1,1,1,0,1,0
febrl2,0.88,2908,1,1,1,1,0,1,0
febrl2,0.88,795,1,1,1,1,0,1,0
febrl2,0.88,3832,4,2,4,2,0,2,0
febrl2,0.88,2507,1,1,1,1,0,1,0
febrl2,0.88,321,1,1,1,1,0,1,0
febrl2,0.88,3337,1,1,1,1,0,1,0
febrl2,0.88,3021,1,1,1,1,0,1,0
febrl2,0.88,3775,1,1,1,1,0,1,0
febrl2,0.88,339,1,1,1,1,0,1,0
febrl2,0.88,2271,1,1,1,1,0,1,0
febrl2,0.88,930,2,1,2,1,0,1,0
febrl2,0.88,1439,1,1,1,1,0,1,0
febrl2,0.88,2316,1,1,1,1,0,1,0
febrl2,0.88,1130,1,1,1,1,0,1,0
febrl2,0.88,2516,2,1,2,1,0,1,0
febrl2,0.88,1821,1,1,1,1,0,1,0
febrl2,0.88,3199,1,1,1,1,0,1,0
febrl2,0.88,3319,1,1,1,1,0,1,0
febrl2,0.88,1033,1,1,1,1,0,1,0
febrl2,0.88,115,1,1,1,1,0,1,0
febrl2,0.88,2006,1,1,1,1,0,1,0
febrl2,0.88,825,1,1,1,1,0,1,0
febrl2,0.88,2047,1,1,1,1,0,1,0
febrl2,0.88,3754,1,1,1,1,0,1,0
febrl2,0.88,3931,1,1,1,1,0,1,0
febrl2,0.88,40,1,1,1,1,0,1,0
febrl2,0.88,2233,1,1,1,1,0,1,0
febrl2,0.88,187,1,1,1,1,0,1,0
febrl2,0.88,385,1,1,1,1,0,1,0
febrl2,0.88,3328,1,1,1,1,0,1,0
febrl2,0.88,1479,1,1,1,1,0,1,0
febrl2,0.88,1230,1,1,1,1,0,1,0
febrl2,0.88,779,1,1,1,1,0,1,0
febrl2,0.88,2263,1,1,1,1,0,1,0
febrl2,0.88,1051,1,1,1,1,0,1,0
febrl2,0.88,2479,1,1,1,1,0,1,0
febrl2,0.88,3094,1,1,1,1,0,1,0
febrl2,0.88,1825,1,1,1,1,0,1,0
febrl2,0.88,1593,1,1,1,1,0,1,0
febrl2,0.88,1944,1,1,1,1,0,1,0
febrl2,0.88,421,1,1,1,1,0,1,0
febrl2,0.88,1326,1,1,1,1,0,1,0
febrl2,0.88,2378,1,1,1,1,0,1,0
febrl2,0.88,3085,1,1,1,1,0,1,0
febrl2,0.88,494,1,1,1,1,0,1,0
febrl2,0.88,2172,1,1,1,1,0,1,0
febrl2,0.88,3855,1,1,1,1,0,1,0
febrl2,0.88,2385,1,1,1,1,0,1,0
febrl2,0.88,2890,1,1,1,1,0,1,0
febrl2,0.88,1381,1,1,1,1,0,1,0
febrl2,0.88,2045,1,1,1,1,0,1,0
febrl2,0.88,59,1,1,1,1,0,1,0
febrl2,0.88,3916,1,1,1,1,0,1,0
febrl2,0.88,647,1,1,1,1,0,1,0
febrl2,0.88,2415,1,1,1,1,0,1,0
febrl2,0.88,3173,1,1,1,1,0,1,0
febrl2,0.88,1878,1,1,1,1,0,1,0
febrl2,0.88,2884,1,1,1,1,0,1,0
febrl2,0.88,3108,1,1,1,1,0,1,0
febrl2,0.88,3531,1,1,1,1,0,1,0
febrl2,0.88,411,1,1,1,1,0,1,0
febrl2,0.88,22,1,1,1,1,0,1,0
febrl2,0.88,3960,1,1,1,1,0,1,0
febrl2,0.88,1309,1,1,1,1,0,1,0
febrl2,0.88,3473,1,1,1,1,0,1,0
febrl2,0.88,3291,2,1,2,1,0,1,0
febrl2,0.88,1068,1,1,1,1,0,1,0
febrl2,0.88,3974,1,1,1,1,0,1,0
febrl2,0.88,2425,1,1,1,1,0,1,0
febrl2,0.88,1244,1,1,1,1,0,1,0
febrl2,0.88,1228,1,1,1,1,0,1,0
febrl2,0.88,1738,1,1,1,1,0,1,0
febrl2,0.88,72,1,1,1,1,0,1,0
febrl2,0.88,1219,1,1,1,1,0,1,0
febrl2,0.88,3457,1,1,1,1,0,1,0
febrl2,0.88,240,1,1,1,1,0,1,0
febrl2,0.88,3398,1,1,1,1,0,1,0
febrl2,0.88,523,1,1,1,1,0,1,0
febrl2,0.88,515,1,1,1,1,0,1,0
febrl2,0.88,2493,1,1,1,1,0,1,0
febrl2,0.88,1707,1,1,1,1,0,1,0
febrl2,0.88,1139,1,1,1,1,0,1,0
febrl2,0.88,1648,1,1,1,1,0,1,0
febrl2,0.88,1890,1,1,1,1,0,1,0
febrl2,0.88,2867,1,1,1,1,0,1,0
febrl2,0.88,2034,1,1,1,1,0,1,0
febrl2,0.88,2959,1,1,1,1,0,1,0
febrl2,0.88,1649,1,1,1,1,0,1,0
febrl2,0.88,1842,1,1,1,1,0,1,0
febrl2,0.88,2687,1,1,1,1,0,1,0
febrl2,0.88,546,1,1,1,1,0,1,0
febrl2,0.88,3488,1,1,1,1,0,1,0
febrl2,0.88,2754,1,1,1,1,0,1,0
febrl2,0.88,690,1,1,1,1,0,1,0
febrl2,0.88,3185,1,1,1,1,0,1,0
febrl2,0.88,613,1,1,1,1,0,1,0
febrl2,0.88,681,1,1,1,1,0,1,0
febrl2,0.88,3471,1,1,1,1,0,1,0
febrl2,0.88,973,1,1,1,1,0,1,0
febrl2,0.88,1797,1,1,1,1,0,1,0
febrl2,0.88,2459,1,1,1,1,0,1,0
febrl2,0.88,2803,1,1,1,1,0,1,0
febrl2,0.88,3415,1,1,1,1,0,1,0
febrl2,0.88,1794,1,1,1,1,0,1,0
febrl2,0.88,618,1,1,1,1,0,1,0
febrl2,0.88,1829,1,1,1,1,0,1,0
febrl2,0.88,2041,1,1,1,1,0,1,0
febrl2,0.88,751,1,1,1,1,0,1,0
febrl2,0.88,3187,1,1,1,1,0,1,0
febrl2,0.88,3308,1,1,1,1,0,1,0
febrl2,0.88,3716,1,1,1,1,0,1,0
febrl2,0.88,3912,1,1,1,1,0,1,0
febrl2,0.88,1778,1,1,1,1,0,1,0
febrl2,0.88,347,1,1,1,1,0,1,0
febrl2,0.88,465,1,1,1,1,0,1,0
febrl2,0.88,1129,1,1,1,1,0,1,0
febrl2,0.88,3862,1,1,1,1,0,1,0
febrl2,0.88,3037,2,1,2,1,0,1,0
febrl2,0.88,2185,1,1,1,1,0,1,0
febrl2,0.88,179,1,1,1,1,0,1,0
febrl2,0.88,290,1,1,1,1,0,1,0
febrl2,0.88,1515,1,1,1,1,0,1,0
febrl2,0.88,3868,1,1,1,1,0,1,0
febrl2,0.88,436,1,1,1,1,0,1,0
febrl2,0.88,667,1,1,1,1,0,1,0
febrl2,0.88,3512,1,1,1,1,0,1,0
febrl2,0.88,423,1,1,1,1,0,1,0
febrl2,0.88,1243,1,1,1,1,0,1,0
febrl2,0.88,2839,1,1,1,1,0,1,0
febrl2,0.88,146,1,1,1,1,0,1,0
febrl2,0.88,1264,1,1,1,1,0,1,0
febrl2,0.88,1849,1,1,1,1,0,1,0
febrl2,0.88,2535,1,1,1,1,0,1,0
febrl2,0.88,196,1,1,1,1,0,1,0
febrl2,0.88,2078,1,1,1,1,0,1,0
febrl2,0.88,3573,1,1,1,1,0,1,0
febrl2,0.88,454,1,1,1,1,0,1,0
febrl2,0.88,1338,1,1,1,1,0,1,0
febrl2,0.88,2393,1,1,1,1,0,1,0
febrl2,0.88,557,1,1,1,1,0,1,0
febrl2,0.88,3805,1,1,1,1,0,1,0
febrl2,0.88,3401,1,1,1,1,0,1,0
febrl2,0.88,400,3,1,3,1,0,1,0
febrl2,0.88,1968,1,1,1,1,0,1,0
febrl2,0.88,3595,1,1,1,1,0,1,0
febrl2,0.88,2082,1,1,1,1,0,1,0
febrl2,0.88,3358,1,1,1,1,0,1,0
febrl2,0.88,762,1,1,1,1,0,1,0
febrl2,0.88,1571,1,1,1,1,0,1,0
febrl2,0.88,3613,1,1,1,1,0,1,0
febrl2,0.88,1701,1,1,1,1,0,1,0
febrl2,0.88,3859,1,1,1,1,0,1,0
febrl2,0.88,2582,1,1,1,1,0,1,0
febrl2,0.88,722,1,1,1,1,0,1,0
febrl2,0.88,3237,1,1,1,1,0,1,0
febrl2,0.88,1017,1,1,1,1,0,1,0
febrl2,0.88,1656,1,1,1,1,0,1,0
febrl2,0.88,224,1,1,1,1,0,1,0
febrl2,0.88,1949,1,1,1,1,0,1,0
febrl2,0.88,3729,1,1,1,1,0,1,0
febrl2,0.88,2285,1,1,1,1,0,1,0
febrl2,0.88,2101,2,1,2,1,0,1,0
febrl2,0.88,1062,1,1,1,1,0,1,0
febrl2,0.88,286,1,1,1,1,0,1,0
febrl2,0.88,570,1,1,1,1,0,1,0
febrl2,0.88,1946,1,1,1,1,0,1,0
febrl2,0.88,368,1,1,1,1,0,1,0
febrl2,0.88,1508,1,1,1,1,0,1,0
febrl2,0.88,2806,1,1,1,1,0,1,0
febrl2,0.88,2266,1,1,1,1,0,1,0
febrl2,0.88,2408,1,1,1,1,0,1,0
febrl2,0.88,3246,1,1,1,1,0,1,0
febrl2,0.88,3046,1,1,1,1,0,1,0
febrl2,0.88,1318,1,1,1,1,0,1,0
febrl2,0.88,1390,1,1,1,1,0,1,0
febrl2,0.88,3629,1,1,1,1,0,1,0
febrl2,0.88,495,1,1,1,1,0,1,0
febrl2,0.88,2435,1,1,1,1,0,1,0
febrl2,0.88,0,1,1,1,1,0,1,0
febrl2,0.88,1096,2,1,2,1,0,1,0
febrl2,0.88,756,1,1,1,1,0,1,0
febrl2,0.88,3118,1,1,1,1,0,1,0
febrl2,0.88,2728,1,1,1,1,0,1,0
febrl2,0.88,61,1,1,1,1,0,1,0
febrl2,0.88,2355,1,1,1,1,0,1,0
febrl2,0.88,3174,1,1,1,1,0,1,0
febrl2,0.88,1436,1,1,1,1,0,1,0
febrl2,0.88,3101,1,1,1,1,0,1,0
febrl2,0.88,2227,1,1,1,1,0,1,0
febrl2,0.88,988,1,1,1,1,0,1,0
febrl2,0.88,3324,1,1,1,1,0,1,0
febrl2,0.88,2505,1,1,1,1,0,1,0
febrl2,0.88,484,1,1,1,1,0,1,0
febrl2,0.88,384,1,1,1,1,0,1,0
febrl2,0.88,2740,1,1,1,1,0,1,0
febrl2,0.88,3497,1,1,1,1,0,1,0
febrl2,0.88,604,1,1,1,1,0,1,0
febrl2,0.88,3172,1,1,1,1,0,1,0
febrl2,0.88,998,1,1,1,1,0,1,0
febrl2,0.88,3602,1,1,1,1,0,1,0
febrl2,0.88,1886,1,1,1,1,0,1,0
febrl2,0.88,2584,1,1,1,1,0,1,0
febrl2,0.88,3886,1,1,1,1,0,1,0
febrl2,0.88,1459,1,1,1,1,0,1,0
febrl2,0.88,3125,1,1,1,1,0,1,0
febrl2,0.88,2069,1,1,1,1,0,1,0
febrl2,0.88,2312,1,1,1,1,0,1,0
febrl2,0.88,3309,1,1,1,1,0,1,0
febrl2,0.88,2341,1,1,1,1,0,1,0
febrl2,0.88,3750,1,1,1,1,0,1,0
febrl2,0.88,226,1,1,1,1,0,1,0
febrl2,0.88,371,1,1,1,1,0,1,0
febrl2,0.88,2411,1,1,1,1,0,1,0
febrl2,0.88,1980,1,1,1,1,0,1,0
febrl2,0.88,327,1,1,1,1,0,1,0
febrl2,0.88,1257,1,1,1,1,0,1,0
febrl2,0.88,1938,1,1,1,1,0,1,0
febrl2,0.88,3937,1,1,1,1,0,1,0
febrl2,0.88,800,1,1,1,1,0,1,0
febrl2,0.88,2019,2,1,2,1,0,1,0
febrl2,0.88,307,1,1,1,1,0,1,0
febrl2,0.88,774,1,1,1,1,0,1,0
febrl2,0.88,1046,1,1,1,1,0,1,0
febrl2,0.88,143,2,1,2,1,0,1,0
febrl2,0.88,2345,1,1,1,1,0,1,0
febrl2,0.88,2436,3,2,3,2,0,2,0
febrl2,0.88,2043,1,1,1,1,0,1,0
febrl2,0.88,3940,1,1,1,1,0,1,0
febrl2,0.88,2646,1,1,1,1,0,1,0
febrl2,0.88,1202,1,1,1,1,0,1,0
febrl2,0.88,2318,1,1,1,1,0,1,0
febrl2,0.88,2215,1,1,1,1,0,1,0
febrl2,0.88,1654,1,1,1,1,0,1,0
febrl2,0.88,1582,1,1,1,1,0,1,0
febrl2,0.88,1777,1,1,1,1,0,1,0
febrl2,0.88,2591,1,1,1,1,0,1,0
febrl2,0.88,758,1,1,1,1,0,1,0
febrl2,0.88,3612,1,1,1,1,0,1,0
febrl2,0.88,2557,1,1,1,1,0,1,0
febrl2,0.88,3203,1,1,1,1,0,1,0
febrl2,0.88,980,1,1,1,1,0,1,0
febrl2,0.88,3799,1,1,1,1,0,1,0
febrl2,0.88,3113,1,1,1,1,0,1,0
febrl2,0.88,3657,1,1,1,1,0,1,0
febrl2,0.88,1184,1,1,1,1,0,1,0
febrl2,0.88,1101,1,1,1,1,0,1,0
febrl2,0.88,3708,1,1,1,1,0,1,0
febrl2,0.88,3396,1,1,1,1,0,1,0
febrl2,0.88,65,1,1,1,1,0,1,0
febrl2,0.88,18,4,1,4,1,0,1,0
febrl2,0.88,55,1,1,1,1,0,1,0
febrl2,0.88,2974,1,1,1,1,0,1,0
febrl2,0.88,2080,1,1,1,1,0,1,0
febrl2,0.88,3210,1,1,1,1,0,1,0
febrl2,0.88,391,1,1,1,1,0,1,0
febrl2,0.88,3196,1,1,1,1,0,1,0
febrl2,0.88,1621,1,1,1,1,0,1,0
febrl2,0.88,1365,1,1,1,1,0,1,0
febrl2,0.88,124,1,1,1,1,0,1,0
febrl2,0.88,3403,1,1,1,1,0,1,0
febrl2,0.88,2823,1,1,1,1,0,1,0
febrl2,0.88,934,1,1,1,1,0,1,0
febrl2,0.88,3622,4,1,4,1,0,1,0
febrl2,0.88,580,1,1,1,1,0,1,0
febrl2,0.88,3339,1,1,1,1,0,1,0
febrl2,0.88,375,1,1,1,1,0,1,0
febrl2,0.88,1207,1,1,1,1,0,1,0
febrl2,0.88,3479,1,1,1,1,0,1,0
febrl2,0.88,3013,1,1,1,1,0,1,0
febrl2,0.88,80,1,1,1,1,0,1,0
febrl2,0.88,2543,1,1,1,1,0,1,0
febrl2,0.88,2149,1,1,1,1,0,1,0
febrl2,0.88,2593,1,1,1,1,0,1,0
febrl2,0.88,1314,1,1,1,1,0,1,0
febrl2,0.88,1966,1,1,1,1,0,1,0
febrl2,0.88,708,1,1,1,1,0,1,0
febrl2,0.88,2918,1,1,1,1,0,1,0
febrl2,0.88,2905,1,1,1,1,0,1,0
febrl2,0.88,1162,1,1,1,1,0,1,0
febrl2,0.88,1653,1,1,1,1,0,1,0
febrl2,0.88,3492,1,1,1,1,0,1,0
febrl2,0.88,2326,3,1,3,1,0,1,0
febrl2,0.88,2970,1,1,1,1,0,1,0
febrl2,0.88,2000,1,1,1,1,0,1,0
febrl2,0.88,2865,1,1,1,1,0,1,0
febrl2,0.88,3481,1,1,1,1,0,1,0
febrl2,0.88,220,1,1,1,1,0,1,0
febrl2,0.88,2192,1,1,1,1,0,1,0
febrl2,0.88,2643,1,1,1,1,0,1,0
febrl2,0.88,592,1,1,1,1,0,1,0
febrl2,0.88,590,1,1,1,1,0,1,0
febrl2,0.88,1722,1,1,1,1,0,1,0
febrl2,0.88,584,1,1,1,1,0,1,0
febrl2,0.88,3973,1,1,1,1,0,1,0
febrl2,0.88,3156,1,1,1,1,0,1,0
febrl2,0.88,2442,1,1,1,1,0,1,0
febrl2,0.88,3840,1,1,1,1,0,1,0
febrl2,0.88,1424,1,1,1,1,0,1,0
febrl2,0.88,1831,1,1,1,1,0,1,0
febrl2,0.88,703,2,1,2,1,0,1,0
febrl2,0.88,1822,1,1,1,1,0,1,0
febrl2,0.88,917,1,1,1,1,0,1,0
febrl2,0.88,3705,1,1,1,1,0,1,0
febrl2,0.88,2242,1,1,1,1,0,1,0
febrl2,0.88,2820,1,1,1,1,0,1,0
febrl2,0.88,660,1,1,1,1,0,1,0
febrl2,0.88,2907,1,1,1,1,0,1,0
febrl2,0.88,920,1,1,1,1,0,1,0
febrl2,0.88,2785,1,1,1,1,0,1,0
febrl2,0.88,2105,1,1,1,1,0,1,0
febrl2,0.88,3343,1,1,1,1,0,1,0
febrl2,0.88,269,1,1,1,1,0,1,0
febrl2,0.88,2681,1,1,1,1,0,1,0
febrl2,0.88,3689,1,1,1,1,0,1,0
febrl2,0.88,3243,1,1,1,1,0,1,0
febrl2,0.88,1759,1,1,1,1,0,1,0
febrl2,0.88,5,1,1,1,1,0,1,0
febrl2,0.88,1462,1,1,1,1,0,1,0
febrl2,0.88,915,1,1,1,1,0,1,0
febrl2,0.88,2628,1,1,1,1,0,1,0
febrl2,0.88,241,1,1,1,1,0,1,0
febrl2,0.88,353,1,1,1,1,0,1,0
febrl2,0.88,775,1,1,1,1,0,1,0
febrl2,0.88,1153,1,1,1,1,0,1,0
febrl2,0.88,3578,1,1,1,1,0,1,0
febrl2,0.88,288,1,1,1,1,0,1,0
febrl2,0.88,1276,1,1,1,1,0,1,0
febrl2,0.88,3793,1,1,1,1,0,1,0
febrl2,0.88,3895,1,1,1,1,0,1,0
febrl2,0.88,2471,1,1,1,1,0,1,0
febrl2,0.88,1351,1,1,1,1,0,1,0
febrl2,0.88,1064,1,1,1,1,0,1,0
febrl2,0.88,3271,1,1,1,1,0,1,0
febrl2,0.88,3816,1,1,1,1,0,1,0
febrl2,0.88,3002,1,1,1,1,0,1,0
febrl2,0.88,826,1,1,1,1,0,1,0
febrl2,0.88,1546,1,1,1,1,0,1,0
febrl2,0.88,2567,1,1,1,1,0,1,0
febrl2,0.88,624,1,1,1,1,0,1,0
febrl2,0.88,1387,1,1,1,1,0,1,0
febrl2,0.88,3683,1,1,1,1,0,1,0
febrl2,0.88,1623,1,1,1,1,0,1,0
febrl2,0.88,2739,1,1,1,1,0,1,0
febrl2,0.88,3852,1,1,1,1,0,1,0
febrl2,0.88,3784,1,1,1,1,0,1,0
febrl2,0.88,1614,1,1,1,1,0,1,0
febrl2,0.88,2051,1,1,1,1,0,1,0
febrl2,0.88,2107,1,1,1,1,0,1,0
febrl2,0.88,561,1,1,1,1,0,1,0
febrl2,0.88,810,1,1,1,1,0,1,0
febrl2,0.88,2382,1,1,1,1,0,1,0
febrl2,0.88,1907,1,1,1,1,0,1,0
febrl2,0.88,676,1,1,1,1,0,1,0
febrl2,0.88,1394,1,1,1,1,0,1,0
febrl2,0.88,326,1,1,1,1,0,1,0
febrl2,0.88,1971,1,1,1,1,0,1,0
febrl2,0.88,114,1,1,1,1,0,1,0
febrl2,0.88,3432,1,1,1,1,0,1,0
febrl2,0.88,1941,1,1,1,1,0,1,0
febrl2,0.88,3898,1,1,1,1,0,1,0
febrl2,0.88,260,1,1,1,1,0,1,0
febrl2,0.88,2188,1,1,1,1,0,1,0
febrl2,0.88,970,1,1,1,1,0,1,0
febrl2,0.88,3006,1,1,1,1,0,1,0
febrl2,0.88,1214,1,1,1,1,0,1,0
febrl2,0.88,221,1,1,1,1,0,1,0
febrl2,0.88,1803,1,1,1,1,0,1,0
febrl2,0.88,2980,1,1,1,1,0,1,0
febrl2,0.88,3743,1,1,1,1,0,1,0
febrl2,0.88,3540,1,1,1,1,0,1,0
febrl2,0.88,3941,1,1,1,1,0,1,0
febrl2,0.88,3501,1,1,1,1,0,1,0
febrl2,0.88,1607,1,1,1,1,0,1,0
febrl2,0.88,265,1,1,1,1,0,1,0
febrl2,0.88,3758,1,1,1,1,0,1,0
febrl2,0.88,2248,1,1,1,1,0,1,0
febrl2,0.88,547,1,1,1,1,0,1,0
febrl2,0.88,2383,1,1,1,1,0,1,0
febrl2,0.88,3971,1,1,1,1,0,1,0
febrl2,0.88,1714,1,1,1,1,0,1,0
febrl2,0.88,591,1,1,1,1,0,1,0
febrl2,0.88,2252,1,1,1,1,0,1,0
febrl2,0.88,1415,1,1,1,1,0,1,0
febrl2,0.88,3638,1,1,1,1,0,1,0
febrl2,0.88,680,1,1,1,1,0,1,0
febrl2,0.88,3751,1,1,1,1,0,1,0
febrl2,0.88,2776,1,1,1,1,0,1,0
febrl2,0.88,2194,1,1,1,1,0,1,0
febrl2,0.88,2157,1,1,1,1,0,1,0
febrl2,0.88,1238,1,1,1,1,0,1,0
febrl2,0.88,1754,1,1,1,1,0,1,0
febrl2,0.88,2601,1,1,1,1,0,1,0
febrl2,0.88,3380,1,1,1,1,0,1,0
febrl2,0.88,840,1,1,1,1,0,1,0
febrl2,0.88,2957,1,1,1,1,0,1,0
febrl2,0.88,3640,1,1,1,1,0,1,0
febrl2,0.88,3194,1,1,1,1,0,1,0
febrl2,0.88,1023,1,1,1,1,0,1,0
febrl2,0.88,850,1,1,1,1,0,1,0
febrl2,0.88,2872,1,1,1,1,0,1,0
febrl2,0.88,3234,1,1,1,1,0,1,0
febrl2,0.88,2343,1,1,1,1,0,1,0
febrl2,0.88,2788,1,1,1,1,0,1,0
febrl2,0.88,2520,1,1,1,1,0,1,0
febrl2,0.88,2432,1,1,1,1,0,1,0
febrl2,0.88,3106,1,1,1,1,0,1,0
febrl2,0.88,1615,1,1,1,1,0,1,0
febrl2,0.88,2485,1,1,1,1,0,1,0
febrl2,0.88,2835,1,1,1,1,0,1,0
febrl2,0.88,3541,1,1,1,1,0,1,0
febrl2,0.88,2322,3,1,3,1,0,1,0
febrl2,0.88,1375,1,1,1,1,0,1,0
febrl2,0.88,1620,1,1,1,1,0,1,0
febrl2,0.88,3648,1,1,1,1,0,1,0
febrl2,0.88,2203,1,1,1,1,0,1,0
febrl2,0.88,3661,1,1,1,1,0,1,0
febrl2,0.88,3582,1,1,1,1,0,1,0
febrl2,0.88,1624,1,1,1,1,0,1,0
febrl2,0.88,91,1,1,1,1,0,1,0
febrl2,0.88,165,1,1,1,1,0,1,0
febrl2,0.88,1611,1,1,1,1,0,1,0
febrl2,0.88,2456,1,1,1,1,0,1,0
febrl2,0.88,3413,1,1,1,1,0,1,0
febrl2,0.88,2655,1,1,1,1,0,1,0
febrl2,0.88,1354,1,1,1,1,0,1,0
febrl2,0.88,3655,1,1,1,1,0,1,0
febrl2,0.88,961,1,1,1,1,0,1,0
febrl2,0.88,1584,1,1,1,1,0,1,0
febrl2,0.88,2395,1,1,1,1,0,1,0
febrl2,0.88,2275,1,1,1,1,0,1,0
febrl2,0.88,2300,1,1,1,1,0,1,0
febrl2,0.88,3209,1,1,1,1,0,1,0
febrl2,0.88,3957,1,1,1,1,0,1,0
febrl2,0.88,3230,1,1,1,1,0,1,0
febrl2,0.88,2253,1,1,1,1,0,1,0
febrl2,0.88,1520,1,1,1,1,0,1,0
febrl2,0.88,1277,1,1,1,1,0,1,0
febrl2,0.88,1247,1,1,1,1,0,1,0
febrl2,0.88,2292,1,1,1,1,0,1,0
febrl2,0.88,3795,1,1,1,1,0,1,0
febrl2,0.88,1263,1,1,1,1,0,1,0
febrl2,0.88,1059,1,1,1,1,0,1,0
febrl2,0.88,1887,1,1,1,1,0,1,0
febrl2,0.88,2511,1,1,1,1,0,1,0
febrl2,0.88,1337,1,1,1,1,0,1,0
febrl2,0.88,66,1,1,1,1,0,1,0
febrl2,0.88,2010,1,1,1,1,0,1,0
febrl2,0.88,3286,1,1,1,1,0,1,0
febrl2,0.88,607,1,1,1,1,0,1,0
febrl2,0.88,2720,1,1,1,1,0,1,0
febrl2,0.88,1071,1,1,1,1,0,1,0
febrl2,0.88,701,1,1,1,1,0,1,0
febrl2,0.88,1723,1,1,1,1,0,1,0
febrl2,0.88,3820,1,1,1,1,0,1,0
febrl2,0.88,1671,1,1,1,1,0,1,0
febrl2,0.88,809,1,1,1,1,0,1,0
febrl2,0.88,3609,1,1,1,1,0,1,0
febrl2,0.88,1635,1,1,1,1,0,1,0
febrl2,0.88,2530,1,1,1,1,0,1,0
febrl2,0.88,2674,1,1,1,1,0,1,0
febrl2,0.88,1830,1,1,1,1,0,1,0
febrl2,0.88,1841,1,1,1,1,0,1,0
febrl2,0.88,453,1,1,1,1,0,1,0
febrl2,0.88,3822,1,1,1,1,0,1,0
febrl2,0.88,3961,1,1,1,1,0,1,0
febrl2,0.88,3475,1,1,1,1,0,1,0
febrl2,0.88,3052,1,1,1,1,0,1,0
febrl2,0.88,816,1,1,1,1,0,1,0
febrl2,0.88,3926,1,1,1,1,0,1,0
febrl2,0.88,3122,2,1,2,1,0,1,0
febrl2,0.88,2117,1,1,1,1,0,1,0
febrl2,0.88,3997,1,1,1,1,0,1,0
febrl2,0.88,3943,1,1,1,1,0,1,0
febrl2,0.88,2971,1,1,1,1,0,1,0
febrl2,0.88,3807,1,1,1,1,0,1,0
febrl2,0.88,3111,1,1,1,1,0,1,0
febrl2,0.88,2623,1,1,1,1,0,1,0
febrl2,0.88,2246,1,1,1,1,0,1,0
febrl2,0.88,469,1,1,1,1,0,1,0
febrl2,0.88,1811,1,1,1,1,0,1,0
febrl2,0.88,477,1,1,1,1,0,1,0
febrl2,0.88,1216,4,1,4,1,0,1,0
febrl2,0.88,210,1,1,1,1,0,1,0
febrl2,0.88,3470,1,1,1,1,0,1,0
febrl2,0.88,611,1,1,1,1,0,1,0
febrl2,0.88,92,1,1,1,1,0,1,0
febrl2,0.88,1861,1,1,1,1,0,1,0
febrl2,0.88,1500,1,1,1,1,0,1,0
febrl2,0.88,3079,1,1,1,1,0,1,0
febrl2,0.88,483,1,1,1,1,0,1,0
febrl2,0.88,726,1,1,1,1,0,1,0
febrl2,0.88,828,1,1,1,1,0,1,0
febrl2,0.88,1413,1,1,1,1,0,1,0
febrl2,0.88,3532,1,1,1,1,0,1,0
febrl2,0.88,2743,1,1,1,1,0,1,0
febrl2,0.88,416,1,1,1,1,0,1,0
febrl2,0.88,1067,1,1,1,1,0,1,0
febrl2,0.88,585,1,1,1,1,0,1,0
febrl2,0.88,3296,1,1,1,1,0,1,0
febrl2,0.88,3359,1,1,1,1,0,1,0
febrl2,0.88,2605,1,1,1,1,0,1,0
febrl2,0.88,1688,1,1,1,1,0,1,0
febrl2,0.88,737,1,1,1,1,0,1,0
febrl2,0.88,2421,1,1,1,1,0,1,0
febrl2,0.88,1525,1,1,1,1,0,1,0
febrl2,0.88,766,1,1,1,1,0,1,0
febrl2,0.88,2536,1,1,1,1,0,1,0
febrl2,0.88,3279,1,1,1,1,0,1,0
febrl2,0.88,3882,1,1,1,1,0,1,0
febrl2,0.88,1572,1,1,1,1,0,1,0
febrl2,0.88,1547,1,1,1,1,0,1,0
febrl2,0.88,3539,1,1,1,1,0,1,0
febrl2,0.88,3242,1,1,1,1,0,1,0
febrl2,0.88,1163,1,1,1,1,0,1,0
febrl2,0.88,1386,1,1,1,1,0,1,0
febrl2,0.88,3259,1,1,1,1,0,1,0
febrl2,0.88,2482,1,1,1,1,0,1,0
febrl2,0.88,1783,1,1,1,1,0,1,0
febrl2,0.88,2854,1,1,1,1,0,1,0
febrl2,0.88,2680,1,1,1,1,0,1,0
febrl2,0.88,3719,1,1,1,1,0,1,0
febrl2,0.88,2939,1,1,1,1,0,1,0
febrl2,0.88,2603,1,1,1,1,0,1,0
febrl2,0.88,2308,1,1,1,1,0,1,0
febrl2,0.88,1262,1,1,1,1,0,1,0
febrl2,0.88,1117,1,1,1,1,0,1,0
febrl2,0.88,3423,1,1,1,1,0,1,0
febrl2,0.88,1676,1,1,1,1,0,1,0
febrl2,0.88,1702,1,1,1,1,0,1,0
febrl2,0.88,1079,1,1,1,1,0,1,0
febrl2,0.88,3257,1,1,1,1,0,1,0
febrl2,0.88,1965,1,1,1,1,0,1,0
febrl2,0.88,3725,1,1,1,1,0,1,0
febrl2,0.88,2020,1,1,1,1,0,1,0
febrl2,0.88,3522,1,1,1,1,0,1,0
febrl2,0.88,893,1,1,1,1,0,1,0
febrl2,0.88,1998,1,1,1,1,0,1,0
febrl2,0.88,628,1,1,1,1,0,1,0
febrl2,0.88,630,1,1,1,1,0,1,0
febrl2,0.88,3920,1,1,1,1,0,1,0
febrl2,0.88,161,1,1,1,1,0,1,0
febrl2,0.88,1429,1,1,1,1,0,1,0
febrl2,0.88,3310,1,1,1,1,0,1,0
febrl2,0.88,3922,1,1,1,1,0,1,0
febrl2,0.88,1353,1,1,1,1,0,1,0
febrl2,0.88,2481,1,1,1,1,0,1,0
febrl2,0.88,3853,1,1,1,1,0,1,0
febrl2,0.88,2420,1,1,1,1,0,1,0
febrl2,0.88,3726,1,1,1,1,0,1,0
febrl2,0.88,921,1,1,1,1,0,1,0
febrl2,0.88,1037,1,1,1,1,0,1,0
febrl2,0.88,2067,1,1,1,1,0,1,0
febrl2,0.88,550,1,1,1,1,0,1,0
febrl2,0.88,152,1,1,1,1,0,1,0
febrl2,0.88,787,1,1,1,1,0,1,0
febrl2,0.88,2317,1,1,1,1,0,1,0
febrl2,0.88,2862,1,1,1,1,0,1,0
febrl2,0.88,82,1,1,1,1,0,1,0
febrl2,0.88,1251,1,1,1,1,0,1,0
febrl2,0.88,3150,1,1,1,1,0,1,0
febrl2,0.88,753,1,1,1,1,0,1,0
febrl2,0.88,430,1,1,1,1,0,1,0
febrl2,0.88,3304,3,1,3,1,0,1,0
febrl2,0.88,1983,1,1,1,1,0,1,0
febrl2,0.88,178,1,1,1,1,0,1,0
febrl2,0.88,1587,1,1,1,1,0,1,0
febrl2,0.88,2214,1,1,1,1,0,1,0
febrl2,0.88,231,1,1,1,1,0,1,0
febrl2,0.88,1028,1,1,1,1,0,1,0
febrl2,0.88,3223,1,1,1,1,0,1,0
febrl2,0.88,797,1,1,1,1,0,1,0
febrl2,0.88,1412,1,1,1,1,0,1,0
febrl2,0.88,1602,1,1,1,1,0,1,0
febrl2,0.88,309,1,1,1,1,0,1,0
febrl2,0.88,1994,1,1,1,1,0,1,0
febrl2,0.88,1553,1,1,1,1,0,1,0
febrl2,0.88,2807,1,1,1,1,0,1,0
febrl2,0.88,3039,1,1,1,1,0,1,0
febrl2,0.88,116,1,1,1,1,0,1,0
febrl2,0.88,3190,1,1,1,1,0,1,0
febrl2,0.88,3469,1,1,1,1,0,1,0
febrl2,0.88,2602,1,1,1,1,0,1,0
febrl2,0.88,36,1,1,1,1,0,1,0
febrl2,0.88,2547,1,1,1,1,0,1,0
febrl2,0.88,1852,1,1,1,1,0,1,0
febrl2,0.88,425,1,1,1,1,0,1,0
febrl2,0.88,1029,1,1,1,1,0,1,0
febrl2,0.88,141,3,1,3,1,0,1,0
febrl2,0.88,1344,1,1,1,1,0,1,0
febrl2,0.88,3555,1,1,1,1,0,1,0
febrl2,0.88,1846,1,1,1,1,0,1,0
febrl2,0.88,1616,1,1,1,1,0,1,0
febrl2,0.88,1895,1,1,1,1,0,1,0
febrl2,0.88,3132,1,1,1,1,0,1,0
febrl2,0.88,2294,1,1,1,1,0,1,0
febrl2,0.88,3345,1,1,1,1,0,1,0
febrl2,0.88,3439,1,1,1,1,0,1,0
febrl2,0.88,3126,1,1,1,1,0,1,0
febrl2,0.88,340,1,1,1,1,0,1,0
febrl2,0.88,2723,1,1,1,1,0,1,0
febrl2,0.88,572,1,1,1,1,0,1,0
febrl2,0.88,866,1,1,1,1,0,1,0
febrl2,0.88,839,1,1,1,1,0,1,0
febrl2,0.88,1555,1,1,1,1,0,1,0
febrl2,0.88,2791,1,1,1,1,0,1,0
febrl2,0.88,2780,1,1,1,1,0,1,0
febrl2,0.88,3665,1,1,1,1,0,1,0
febrl2,0.88,1812,1,1,1,1,0,1,0
febrl2,0.88,3340,1,1,1,1,0,1,0
febrl2,0.88,2812,1,1,1,1,0,1,0
febrl2,0.88,2641,1,1,1,1,0,1,0
febrl2,0.88,1969,1,1,1,1,0,1,0
febrl2,0.88,749,1,1,1,1,0,1,0
febrl2,0.88,3325,1,1,1,1,0,1,0
febrl2,0.88,25,1,1,1,1,0,1,0
febrl2,0.88,862,1,1,1,1,0,1,0
febrl2,0.88,2016,1,1,1,1,0,1,0
febrl2,0.88,1448,1,1,1,1,0,1,0
febrl2,0.88,2218,1,1,1,1,0,1,0
febrl2,0.88,2325,1,1,1,1,0,1,0
febrl2,0.88,3894,1,1,1,1,0,1,0
febrl2,0.88,836,1,1,1,1,0,1,0
febrl2,0.88,1173,1,1,1,1,0,1,0
febrl2,0.88,2405,1,1,1,1,0,1,0
febrl2,0.88,2371,1,1,1,1,0,1,0
febrl2,0.88,3644,1,1,1,1,0,1,0
febrl2,0.88,3182,1,1,1,1,0,1,0
febrl2,0.88,2898,1,1,1,1,0,1,0
febrl2,0.88,788,1,1,1,1,0,1,0
febrl2,0.88,1780,1,1,1,1,0,1,0
febrl2,0.88,2692,1,1,1,1,0,1,0
febrl2,0.88,3958,1,1,1,1,0,1,0
febrl2,0.88,2111,1,1,1,1,0,1,0
febrl2,0.88,1737,1,1,1,1,0,1,0
febrl2,0.88,860,1,1,1,1,0,1,0
febrl2,0.88,2700,1,1,1,1,0,1,0
febrl2,0.88,3801,1,1,1,1,0,1,0
febrl2,0.88,974,1,1,1,1,0,1,0
febrl2,0.88,2147,1,1,1,1,0,1,0
febrl2,0.88,1208,1,1,1,1,0,1,0
febrl2,0.88,2897,1,1,1,1,0,1,0
febrl2,0.88,621,1,1,1,1,0,1,0
febrl2,0.88,377,1,1,1,1,0,1,0
febrl2,0.88,2588,1,1,1,1,0,1,0
febrl2,0.88,3874,1,1,1,1,0,1,0
febrl2,0.88,1551,1,1,1,1,0,1,0
febrl2,0.88,709,1,1,1,1,0,1,0
febrl2,0.88,888,1,1,1,1,0,1,0
febrl2,0.88,3047,1,1,1,1,0,1,0
febrl2,0.88,3198,1,1,1,1,0,1,0
febrl2,0.88,1176,1,1,1,1,0,1,0
febrl2,0.88,410,1,1,1,1,0,1,0
febrl2,0.88,216,1,1,1,1,0,1,0
febrl2,0.88,1174,1,1,1,1,0,1,0
febrl2,0.88,137,1,1,1,1,0,1,0
febrl2,0.88,1875,1,1,1,1,0,1,0
febrl2,0.88,1864,1,1,1,1,0,1,0
febrl2,0.88,2690,1,1,1,1,0,1,0
febrl2,0.88,3557,1,1,1,1,0,1,0
febrl2,0.88,3740,1,1,1,1,0,1,0
febrl2,0.88,49,1,1,1,1,0,1,0
febrl2,0.88,2207,1,1,1,1,0,1,0
febrl2,0.88,716,1,1,1,1,0,1,0
febrl2,0.88,2487,1,1,1,1,0,1,0
febrl2,0.88,1107,1,1,1,1,0,1,0
febrl2,0.88,3049,1,1,1,1,0,1,0
febrl2,0.88,562,1,1,1,1,0,1,0
febrl2,0.88,3136,1,1,1,1,0,1,0
febrl2,0.88,559,1,1,1,1,0,1,0
febrl2,0.88,245,1,1,1,1,0,1,0
febrl2,0.88,162,1,1,1,1,0,1,0
febrl2,0.88,1115,1,1,1,1,0,1,0
febrl2,0.88,911,1,1,1,1,0,1,0
febrl2,0.88,382,1,1,1,1,0,1,0
febrl2,0.88,1182,1,1,1,1,0,1,0
febrl2,0.88,439,1,1,1,1,0,1,0
febrl2,0.88,1361,1,1,1,1,0,1,0
febrl2,0.88,778,1,1,1,1,0,1,0
febrl2,0.88,34,1,1,1,1,0,1,0
febrl2,0.88,2861,1,1,1,1,0,1,0
febrl2,0.88,318,1,1,1,1,0,1,0
febrl2,0.88,3744,1,1,1,1,0,1,0
febrl2,0.88,1570,1,1,1,1,0,1,0
febrl2,0.88,2656,1,1,1,1,0,1,0
febrl2,0.88,3477,1,1,1,1,0,1,0
febrl2,0.88,966,1,1,1,1,0,1,0
febrl2,0.88,1210,1,1,1,1,0,1,0
febrl2,0.88,2146,1,1,1,1,0,1,0
febrl2,0.88,603,1,1,1,1,0,1,0
febrl2,0.88,750,1,1,1,1,0,1,0
febrl2,0.88,1788,1,1,1,1,0,1,0
febrl2,0.88,3112,1,1,1,1,0,1,0
febrl2,0.88,3955,1,1,1,1,0,1,0
febrl2,0.88,491,1,1,1,1,0,1,0
febrl2,0.88,30,1,1,1,1,0,1,0
febrl2,0.88,3165,1,1,1,1,0,1,0
febrl2,0.88,1834,1,1,1,1,0,1,0
febrl2,0.88,405,1,1,1,1,0,1,0
febrl2,0.88,2550,1,1,1,1,0,1,0
febrl2,0.88,700,1,1,1,1,0,1,0
febrl2,0.88,468,1,1,1,1,0,1,0
febrl2,0.88,1924,1,1,1,1,0,1,0
febrl2,0.88,520,1,1,1,1,0,1,0
febrl2,0.88,3264,1,1,1,1,0,1,0
febrl2,0.88,673,1,1,1,1,0,1,0
febrl2,0.88,2838,1,1,1,1,0,1,0
febrl2,0.88,1350,1,1,1,1,0,1,0
febrl2,0.88,2737,1,1,1,1,0,1,0
febrl2,0.88,263,1,1,1,1,0,1,0
febrl2,0.88,3024,1,1,1,1,0,1,0
febrl2,0.88,3979,1,1,1,1,0,1,0
febrl2,0.88,2946,1,1,1,1,0,1,0
febrl2,0.88,1923,1,1,1,1,0,1,0
febrl2,0.88,1181,1,1,1,1,0,1,0
febrl2,0.88,1802,1,1,1,1,0,1,0
febrl2,0.88,1741,1,1,1,1,0,1,0
febrl2,0.88,202,1,1,1,1,0,1,0
febrl2,0.88,3016,1,1,1,1,0,1,0
febrl2,0.88,1031,1,1,1,1,0,1,0
febrl2,0.88,1526,1,1,1,1,0,1,0
febrl2,0.88,706,1,1,1,1,0,1,0
febrl2,0.88,154,1,1,1,1,0,1,0
febrl2,0.88,1405,1,1,1,1,0,1,0
febrl2,0.88,3179,1,1,1,1,0,1,0
febrl2,0.88,296,1,1,1,1,0,1,0
febrl2,0.88,312,1,1,1,1,0,1,0
febrl2,0.88,1121,1,1,1,1,0,1,0
febrl2,0.88,1952,1,1,1,1,0,1,0
febrl2,0.88,812,1,1,1,1,0,1,0
febrl2,0.88,2079,1,1,1,1,0,1,0
febrl2,0.88,1927,1,1,1,1,0,1,0
febrl2,0.88,650,1,1,1,1,0,1,0
febrl2,0.88,2231,1,1,1,1,0,1,0
febrl2,0.88,379,1,1,1,1,0,1,0
febrl2,0.88,3617,1,1,1,1,0,1,0
febrl2,0.88,1820,1,1,1,1,0,1,0
febrl2,0.88,1292,1,1,1,1,0,1,0
febrl2,0.88,2730,1,1,1,1,0,1,0
febrl2,0.88,214,1,1,1,1,0,1,0
febrl2,0.88,3161,1,1,1,1,0,1,0
febrl2,0.88,2826,1,1,1,1,0,1,0
febrl2,0.88,1911,1,1,1,1,0,1,0
febrl2,0.88,1853,1,1,1,1,0,1,0
febrl2,0.88,2533,1,1,1,1,0,1,0
febrl2,0.88,870,1,1,1,1,0,1,0
febrl2,0.88,3071,1,1,1,1,0,1,0
febrl2,0.88,2911,1,1,1,1,0,1,0
febrl2,0.88,2397,1,1,1,1,0,1,0
febrl2,0.88,1280,1,1,1,1,0,1,0
febrl2,0.88,1203,1,1,1,1,0,1,0
febrl2,0.88,2450,1,1,1,1,0,1,0
febrl2,0.88,2587,1,1,1,1,0,1,0
febrl2,0.88,3091,1,1,1,1,0,1,0
febrl2,0.88,2438,1,1,1,1,0,1,0
febrl2,0.88,648,1,1,1,1,0,1,0
febrl2,0.88,1928,1,1,1,1,0,1,0
febrl2,0.88,754,1,1,1,1,0,1,0
febrl2,0.88,2524,1,1,1,1,0,1,0
febrl2,0.88,3265,1,1,1,1,0,1,0
febrl2,0.88,2577,1,1,1,1,0,1,0
febrl2,0.88,1414,1,1,1,1,0,1,0
febrl2,0.88,270,1,1,1,1,0,1,0
febrl2,0.88,2866,1,1,1,1,0,1,0
febrl2,0.88,361,1,1,1,1,0,1,0
febrl2,0.88,2049,1,1,1,1,0,1,0
febrl2,0.88,2095,1,1,1,1,0,1,0
febrl2,0.88,3577,1,1,1,1,0,1,0
febrl2,0.88,2124,1,1,1,1,0,1,0
febrl2,0.88,437,1,1,1,1,0,1,0
febrl2,0.88,383,1,1,1,1,0,1,0
febrl2,0.88,2115,1,1,1,1,0,1,0
febrl2,0.88,3724,1,1,1,1,0,1,0
febrl2,0.88,1035,3,1,3,1,0,1,0
febrl2,0.88,1360,1,1,1,1,0,1,0
febrl2,0.88,3012,1,1,1,1,0,1,0
febrl2,0.88,293,1,1,1,1,0,1,0
febrl2,0.88,614,1,1,1,1,0,1,0
febrl2,0.88,1709,1,1,1,1,0,1,0
febrl2,0.88,2257,1,1,1,1,0,1,0
febrl2,0.88,1260,1,1,1,1,0,1,0
febrl2,0.88,2412,1,1,1,1,0,1,0
febrl2,0.88,3944,1,1,1,1,0,1,0
febrl2,0.88,2561,1,1,1,1,0,1,0
febrl2,0.88,2864,1,1,1,1,0,1,0
febrl2,0.88,2380,1,1,1,1,0,1,0
febrl2,0.88,206,1,1,1,1,0,1,0
febrl2,0.88,467,1,1,1,1,0,1,0
febrl2,0.88,3538,1,1,1,1,0,1,0
febrl2,0.88,1134,1,1,1,1,0,1,0
febrl2,0.88,1225,1,1,1,1,0,1,0
febrl2,0.88,2441,1,1,1,1,0,1,0
febrl2,0.88,1689,1,1,1,1,0,1,0
febrl2,0.88,851,1,1,1,1,0,1,0
febrl2,0.88,3463,1,1,1,1,0,1,0
febrl2,0.88,1643,1,1,1,1,0,1,0
febrl2,0.88,53,1,1,1,1,0,1,0
febrl2,0.88,1110,1,1,1,1,0,1,0
febrl2,0.88,1165,1,1,1,1,0,1,0
febrl2,0.88,212,1,1,1,1,0,1,0
febrl2,0.88,1793,1,1,1,1,0,1,0
febrl2,0.88,1798,1,1,1,1,0,1,0
febrl2,0.88,3549,1,1,1,1,0,1,0
febrl2,0.88,2819,1,1,1,1,0,1,0
febrl2,0.88,471,1,1,1,1,0,1,0
febrl2,0.88,2189,1,1,1,1,0,1,0
febrl2,0.88,2702,1,1,1,1,0,1,0
febrl2,0.88,927,1,1,1,1,0,1,0
febrl2,0.88,2304,1,1,1,1,0,1,0
febrl2,0.88,3206,1,1,1,1,0,1,0
febrl2,0.88,2726,1,1,1,1,0,1,0
febrl2,0.88,2634,1,1,1,1,0,1,0
febrl2,0.88,19,1,1,1,1,0,1,0
febrl2,0.88,2037,1,1,1,1,0,1,0
febrl2,0.88,122,1,1,1,1,0,1,0
febrl2,0.88,1813,1,1,1,1,0,1,0
febrl2,0.88,2915,2,1,2,1,0,1,0
febrl2,0.88,529,1,1,1,1,0,1,0
febrl2,0.88,1954,1,1,1,1,0,1,0
febrl2,0.88,2094,1,1,1,1,0,1,0
febrl2,0.88,1664,1,1,1,1,0,1,0
febrl2,0.88,3490,1,1,1,1,0,1,0
febrl2,0.88,678,2,1,2,1,0,1,0
febrl2,0.88,2975,1,1,1,1,0,1,0
febrl2,0.88,197,1,1,1,1,0,1,0
febrl2,0.88,264,1,1,1,1,0,1,0
febrl2,0.88,3454,1,1,1,1,0,1,0
febrl2,0.88,3518,1,1,1,1,0,1,0
febrl2,0.88,679,1,1,1,1,0,1,0
febrl2,0.88,1483,1,1,1,1,0,1,0
febrl2,0.88,1779,1,1,1,1,0,1,0
febrl2,0.88,530,1,1,1,1,0,1,0
febrl2,0.88,3869,1,1,1,1,0,1,0
febrl2,0.88,168,1,1,1,1,0,1,0
febrl2,0.88,784,1,1,1,1,0,1,0
febrl2,0.88,1538,1,1,1,1,0,1,0
febrl2,0.88,108,1,1,1,1,0,1,0
febrl2,0.88,1402,1,1,1,1,0,1,0
febrl2,0.88,2223,1,1,1,1,0,1,0
febrl2,0.88,2387,1,1,1,1,0,1,0
febrl2,0.88,1674,1,1,1,1,0,1,0
febrl2,0.88,125,1,1,1,1,0,1,0
febrl2,0.88,827,1,1,1,1,0,1,0
febrl2,0.88,3493,1,1,1,1,0,1,0
febrl2,0.88,2684,1,1,1,1,0,1,0
febrl2,0.88,2396,1,1,1,1,0,1,0
febrl2,0.88,958,1,1,1,1,0,1,0
febrl2,0.88,121,1,1,1,1,0,1,0
febrl2,0.88,3809,1,1,1,1,0,1,0
febrl2,0.88,2870,1,1,1,1,0,1,0
febrl2,0.88,2338,1,1,1,1,0,1,0
febrl2,0.88,1218,1,1,1,1,0,1,0
febrl2,0.88,1518,1,1,1,1,0,1,0
febrl2,0.88,3078,1,1,1,1,0,1,0
febrl2,0.88,3030,1,1,1,1,0,1,0
febrl2,0.88,3289,1,1,1,1,0,1,0
febrl2,0.88,257,1,1,1,1,0,1,0
febrl2,0.88,3351,1,1,1,1,0,1,0
febrl2,0.88,205,1,1,1,1,0,1,0
febrl2,0.88,461,1,1,1,1,0,1,0
febrl2,0.88,1896,1,1,1,1,0,1,0
febrl2,0.88,1922,1,1,1,1,0,1,0
febrl2,0.88,2706,1,1,1,1,0,1,0
febrl2,0.88,193,1,1,1,1,0,1,0
febrl2,0.88,1713,1,1,1,1,0,1,0
febrl2,0.88,2352,1,1,1,1,0,1,0
febrl2,0.88,3055,1,1,1,1,0,1,0
febrl2,0.88,2521,1,1,1,1,0,1,0
febrl2,0.88,3378,1,1,1,1,0,1,0
febrl2,0.88,1787,1,1,1,1,0,1,0
febrl2,0.88,3250,1,1,1,1,0,1,0
febrl2,0.88,2057,1,1,1,1,0,1,0
febrl2,0.88,1739,1,1,1,1,0,1,0
febrl2,0.88,2288,1,1,1,1,0,1,0
febrl2,0.88,965,1,1,1,1,0,1,0
febrl2,0.88,2,1,1,1,1,0,1,0
febrl2,0.88,3220,1,1,1,1,0,1,0
febrl2,0.88,3737,1,1,1,1,0,1,0
febrl2,0.88,3669,1,1,1,1,0,1,0
febrl2,0.88,3350,1,1,1,1,0,1,0
febrl2,0.88,2947,1,1,1,1,0,1,0
febrl2,0.88,3010,1,1,1,1,0,1,0
febrl2,0.88,1296,1,1,1,1,0,1,0
febrl2,0.88,52,1,1,1,1,0,1,0
febrl2,0.88,3535,1,1,1,1,0,1,0
febrl2,0.88,2193,1,1,1,1,0,1,0
febrl2,0.88,1715,1,1,1,1,0,1,0
febrl2,0.88,85,1,1,1,1,0,1,0
febrl2,0.88,1532,1,1,1,1,0,1,0
febrl2,0.88,1250,2,1,2,1,0,1,0
febrl2,0.88,853,1,1,1,1,0,1,0
febrl2,0.88,1345,1,1,1,1,0,1,0
febrl2,0.88,2841,1,1,1,1,0,1,0
febrl2,0.88,3186,1,1,1,1,0,1,0
febrl2,0.88,2187,1,1,1,1,0,1,0
febrl2,0.88,3502,1,1,1,1,0,1,0
febrl2,0.88,3975,1,1,1,1,0,1,0
febrl2,0.88,9,1,1,1,1,0,1,0
febrl2,0.88,2243,1,1,1,1,0,1,0
febrl2,0.88,3712,1,1,1,1,0,1,0
febrl2,0.88,308,1,1,1,1,0,1,0
febrl2,0.88,963,1,1,1,1,0,1,0
febrl2,0.88,1851,1,1,1,1,0,1,0
febrl2,0.88,642,1,1,1,1,0,1,0
febrl2,0.88,3676,1,1,1,1,0,1,0
febrl2,0.88,2509,1,1,1,1,0,1,0
febrl2,0.88,1054,1,1,1,1,0,1,0
febrl2,0.88,2759,1,1,1,1,0,1,0
febrl2,0.88,2091,1,1,1,1,0,1,0
febrl2,0.88,1933,1,1,1,1,0,1,0
febrl2,0.88,2492,1,1,1,1,0,1,0
febrl2,0.88,1253,1,1,1,1,0,1,0
febrl2,0.88,2422,1,1,1,1,0,1,0
febrl2,0.88,2472,1,1,1,1,0,1,0
febrl2,0.88,3240,1,1,1,1,0,1,0
febrl2,0.88,2917,1,1,1,1,0,1,0
febrl2,0.88,498,1,1,1,1,0,1,0
febrl2,0.88,427,1,1,1,1,0,1,0
febrl2,0.88,1105,1,1,1,1,0,1,0
febrl2,0.88,3315,1,1,1,1,0,1,0
febrl2,0.88,1498,1,1,1,1,0,1,0
febrl2,0.88,2614,1,1,1,1,0,1,0
febrl2,0.88,3714,1,1,1,1,0,1,0
febrl2,0.88,277,1,1,1,1,0,1,0
febrl2,0.88,2102,1,1,1,1,0,1,0
febrl2,0.88,1449,1,1,1,1,0,1,0
febrl2,0.88,3153,1,1,1,1,0,1,0
febrl2,0.88,2913,1,1,1,1,0,1,0
febrl2,0.88,1910,1,1,1,1,0,1,0
febrl2,0.88,1283,1,1,1,1,0,1,0
febrl2,0.88,87,1,1,1,1,0,1,0
febrl2,0.88,3930,1,1,1,1,0,1,0
febrl2,0.88,1004,1,1,1,1,0,1,0
febrl2,0.88,2362,1,1,1,1,0,1,0
febrl2,0.88,2012,1,1,1,1,0,1,0
febrl2,0.88,2764,1,1,1,1,0,1,0
febrl2,0.88,2836,1,1,1,1,0,1,0
febrl2,0.88,1112,1,1,1,1,0,1,0
febrl2,0.88,2504,1,1,1,1,0,1,0
febrl2,0.88,3536,1,1,1,1,0,1,0
febrl2,0.88,2944,1,1,1,1,0,1,0
febrl2,0.88,1504,1,1,1,1,0,1,0
febrl2,0.88,3781,1,1,1,1,0,1,0
febrl2,0.88,792,1,1,1,1,0,1,0
febrl2,0.88,3667,1,1,1,1,0,1,0
febrl2,0.88,2685,1,1,1,1,0,1,0
febrl2,0.88,1180,1,1,1,1,0,1,0
febrl2,0.88,1828,1,1,1,1,0,1,0
febrl2,0.88,1906,1,1,1,1,0,1,0
febrl2,0.88,817,1,1,1,1,0,1,0
febrl2,0.88,3095,1,1,1,1,0,1,0
febrl2,0.88,1231,1,1,1,1,0,1,0
febrl2,0.88,3586,1,1,1,1,0,1,0
febrl2,0.88,1196,1,1,1,1,0,1,0
febrl2,0.88,1329,1,1,1,1,0,1,0
febrl2,0.88,806,1,1,1,1,0,1,0
febrl2,0.88,1041,1,1,1,1,0,1,0
febrl2,0.88,1427,1,1,1,1,0,1,0
febrl2,0.88,435,1,1,1,1,0,1,0
febrl2,0.88,177,1,1,1,1,0,1,0
febrl2,0.88,1705,1,1,1,1,0,1,0
febrl2,0.88,1451,1,1,1,1,0,1,0
febrl2,0.88,3581,1,1,1,1,0,1,0
febrl2,0.88,3794,1,1,1,1,0,1,0
febrl2,0.88,2699,1,1,1,1,0,1,0
febrl2,0.88,3863,1,1,1,1,0,1,0
febrl2,0.88,3233,1,1,1,1,0,1,0
febrl2,0.88,867,1,1,1,1,0,1,0
febrl2,0.88,1566,1,1,1,1,0,1,0
febrl2,0.88,2462,1,1,1,1,0,1,0
febrl2,0.88,474,1,1,1,1,0,1,0
febrl2,0.88,2008,1,1,1,1,0,1,0
febrl2,0.88,3746,1,1,1,1,0,1,0
febrl2,0.88,2990,1,1,1,1,0,1,0
febrl2,0.88,510,1,1,1,1,0,1,0
febrl2,0.88,2357,1,1,1,1,0,1,0
febrl2,0.88,1558,1,1,1,1,0,1,0
febrl2,0.88,1590,1,1,1,1,0,1,0
febrl2,0.88,656,1,1,1,1,0,1,0
febrl2,0.88,3735,1,1,1,1,0,1,0
febrl2,0.88,1751,1,1,1,1,0,1,0
febrl2,0.88,3,1,1,1,1,0,1,0
febrl2,0.88,3963,1,1,1,1,0,1,0
febrl2,0.88,3058,1,1,1,1,0,1,0
febrl2,0.88,1686,1,1,1,1,0,1,0
febrl2,0.88,1320,1,1,1,1,0,1,0
febrl2,0.88,1285,1,1,1,1,0,1,0
febrl2,0.88,1317,1,1,1,1,0,1,0
febrl2,0.88,3195,1,1,1,1,0,1,0
febrl2,0.88,1840,1,1,1,1,0,1,0
febrl2,0.88,3135,1,1,1,1,0,1,0
febrl2,0.88,940,1,1,1,1,0,1,0
febrl2,0.88,2615,1,1,1,1,0,1,0
febrl2,0.88,1084,1,1,1,1,0,1,0
febrl2,0.88,3268,1,1,1,1,0,1,0
febrl2,0.88,3798,1,1,1,1,0,1,0
febrl2,0.88,3003,1,1,1,1,0,1,0
febrl2,0.88,1732,1,1,1,1,0,1,0
febrl2,0.88,2631,1,1,1,1,0,1,0
febrl2,0.88,2606,1,1,1,1,0,1,0
febrl2,0.88,3690,1,1,1,1,0,1,0
febrl2,0.88,2454,1,1,1,1,0,1,0
febrl2,0.88,3399,1,1,1,1,0,1,0
febrl2,0.88,2537,1,1,1,1,0,1,0
febrl2,0.88,2114,1,1,1,1,0,1,0
febrl2,0.88,139,1,1,1,1,0,1,0
febrl2,0.88,3570,1,1,1,1,0,1,0
febrl2,0.88,2186,1,1,1,1,0,1,0
febrl2,0.88,2198,1,1,1,1,0,1,0
febrl2,0.88,3421,1,1,1,1,0,1,0
febrl2,0.88,2850,1,1,1,1,0,1,0
febrl2,0.88,631,1,1,1,1,0,1,0
febrl2,0.88,1103,1,1,1,1,0,1,0
febrl2,0.88,3670,1,1,1,1,0,1,0
febrl2,0.88,3966,1,1,1,1,0,1,0
febrl2,0.88,502,1,1,1,1,0,1,0
febrl2,0.88,2148,1,1,1,1,0,1,0
febrl2,0.88,3556,1,1,1,1,0,1,0
febrl2,0.88,2717,1,1,1,1,0,1,0
febrl2,0.88,932,1,1,1,1,0,1,0
febrl2,0.88,2900,1,1,1,1,0,1,0
febrl2,0.88,2394,1,1,1,1,0,1,0
febrl2,0.88,1947,1,1,1,1,0,1,0
febrl2,0.88,3634,1,1,1,1,0,1,0
febrl2,0.88,1999,1,1,1,1,0,1,0
febrl2,0.88,3913,1,1,1,1,0,1,0
febrl2,0.88,1818,1,1,1,1,0,1,0
febrl2,0.88,3918,1,1,1,1,0,1,0
febrl2,0.88,3124,1,1,1,1,0,1,0
febrl2,0.88,1205,1,1,1,1,0,1,0
febrl2,0.88,2703,1,1,1,1,0,1,0
febrl2,0.88,577,1,1,1,1,0,1,0
febrl2,0.88,1950,1,1,1,1,0,1,0
febrl2,0.88,1817,1,1,1,1,0,1,0
febrl2,0.88,2664,1,1,1,1,0,1,0
febrl2,0.88,2637,1,1,1,1,0,1,0
febrl2,0.88,3685,1,1,1,1,0,1,0
febrl2,0.88,2774,1,1,1,1,0,1,0
febrl2,0.88,2503,1,1,1,1,0,1,0
febrl2,0.88,1089,1,1,1,1,0,1,0
febrl2,0.88,1226,1,1,1,1,0,1,0
febrl2,0.88,180,1,1,1,1,0,1,0
febrl2,0.88,565,1,1,1,1,0,1,0
febrl2,0.88,1131,1,1,1,1,0,1,0
febrl2,0.88,1169,1,1,1,1,0,1,0
febrl2,0.88,244,1,1,1,1,0,1,0
febrl2,0.88,1836,1,1,1,1,0,1,0
febrl2,0.88,1088,1,1,1,1,0,1,0
febrl2,0.88,3904,1,1,1,1,0,1,0
febrl2,0.88,3162,1,1,1,1,0,1,0
febrl2,0.88,319,1,1,1,1,0,1,0
febrl2,0.88,144,1,1,1,1,0,1,0
febrl2,0.88,1348,1,1,1,1,0,1,0
febrl2,0.88,3764,1,1,1,1,0,1,0
febrl2,0.88,272,1,1,1,1,0,1,0
febrl2,0.88,1533,1,1,1,1,0,1,0
febrl2,0.88,2712,1,1,1,1,0,1,0
febrl2,0.88,3375,1,1,1,1,0,1,0
febrl2,0.88,3476,1,1,1,1,0,1,0
febrl2,0.88,2797,1,1,1,1,0,1,0
febrl2,0.88,526,2,1,2,1,0,1,0
febrl2,0.88,2486,1,1,1,1,0,1,0
febrl2,0.88,1690,1,1,1,1,0,1,0
febrl2,0.88,1396,1,1,1,1,0,1,0
febrl2,0.88,1199,1,1,1,1,0,1,0
febrl2,0.88,2179,1,1,1,1,0,1,0
febrl2,0.88,1881,1,1,1,1,0,1,0
febrl2,0.88,1939,1,1,1,1,0,1,0
febrl2,0.88,39,1,1,1,1,0,1,0
febrl2,0.88,111,1,1,1,1,0,1,0
febrl2,0.88,1839,1,1,1,1,0,1,0
febrl2,0.88,3651,1,1,1,1,0,1,0
febrl2,0.88,3180,1,1,1,1,0,1,0
febrl2,0.88,3107,1,1,1,1,0,1,0
febrl2,0.88,2197,1,1,1,1,0,1,0
febrl2,0.88,1140,1,1,1,1,0,1,0
febrl2,0.88,2005,1,1,1,1,0,1,0
febrl2,0.88,664,1,1,1,1,0,1,0
febrl2,0.88,2128,1,1,1,1,0,1,0
febrl2,0.88,3147,1,1,1,1,0,1,0
febrl2,0.88,295,1,1,1,1,0,1,0
febrl2,0.88,3887,1,1,1,1,0,1,0
febrl2,0.88,2118,1,1,1,1,0,1,0
febrl2,0.88,771,1,1,1,1,0,1,0
febrl2,0.88,711,1,1,1,1,0,1,0
febrl2,0.88,3757,1,1,1,1,0,1,0
febrl2,0.88,2576,1,1,1,1,0,1,0
febrl2,0.88,576,1,1,1,1,0,1,0
febrl2,0.88,671,1,1,1,1,0,1,0
febrl2,0.88,3814,1,1,1,1,0,1,0
febrl2,0.88,794,1,1,1,1,0,1,0
febrl2,0.88,93,1,1,1,1,0,1,0
febrl2,0.88,3745,1,1,1,1,0,1,0
febrl2,0.88,1376,1,1,1,1,0,1,0
febrl2,0.88,2665,1,1,1,1,0,1,0
febrl2,0.88,538,1,1,1,1,0,1,0
febrl2,0.88,884,1,1,1,1,0,1,0
febrl2,0.88,1940,1,1,1,1,0,1,0
febrl2,0.88,3611,1,1,1,1,0,1,0
febrl2,0.88,1506,1,1,1,1,0,1,0
febrl2,0.88,3560,1,1,1,1,0,1,0
febrl2,0.88,1789,1,1,1,1,0,1,0
febrl2,0.88,1267,1,1,1,1,0,1,0
febrl2,0.88,3800,1,1,1,1,0,1,0
febrl2,0.88,955,1,1,1,1,0,1,0
febrl2,0.88,1123,1,1,1,1,0,1,0
febrl2,0.88,3472,1,1,1,1,0,1,0
febrl2,0.88,426,1,1,1,1,0,1,0
febrl2,0.88,373,1,1,1,1,0,1,0
febrl2,0.88,3633,1,1,1,1,0,1,0
febrl2,0.88,149,1,1,1,1,0,1,0
febrl2,0.88,1001,1,1,1,1,0,1,0
febrl2,0.88,3278,1,1,1,1,0,1,0
febrl2,0.88,2914,1,1,1,1,0,1,0
febrl2,0.88,574,1,1,1,1,0,1,0
febrl2,0.88,2748,1,1,1,1,0,1,0
febrl2,0.88,365,1,1,1,1,0,1,0
febrl2,0.88,2182,1,1,1,1,0,1,0
febrl2,0.88,3133,1,1,1,1,0,1,0
febrl2,0.88,541,1,1,1,1,0,1,0
febrl2,0.88,301,1,1,1,1,0,1,0
febrl2,0.88,3935,1,1,1,1,0,1,0
febrl2,0.88,3341,1,1,1,1,0,1,0
febrl2,0.88,1612,1,1,1,1,0,1,0
febrl2,0.88,1241,1,1,1,1,0,1,0
febrl2,0.88,2446,1,1,1,1,0,1,0
febrl2,0.88,1008,1,1,1,1,0,1,0
febrl2,0.88,1657,1,1,1,1,0,1,0
febrl2,0.88,3715,1,1,1,1,0,1,0
febrl2,0.88,3480,1,1,1,1,0,1,0
febrl2,0.88,3306,1,1,1,1,0,1,0
febrl2,0.88,617,1,1,1,1,0,1,0
febrl2,0.88,2087,1,1,1,1,0,1,0
febrl2,0.88,3988,1,1,1,1,0,1,0
febrl2,0.88,2923,1,1,1,1,0,1,0
febrl2,0.88,2123,1,1,1,1,0,1,0
febrl2,0.88,284,1,1,1,1,0,1,0
febrl2,0.88,45,1,1,1,1,0,1,0
febrl2,0.88,1346,1,1,1,1,0,1,0
febrl2,0.88,1492,1,1,1,1,0,1,0
febrl2,0.88,142,1,1,1,1,0,1,0
febrl2,0.88,204,1,1,1,1,0,1,0
febrl2,0.88,176,1,1,1,1,0,1,0
febrl2,0.88,456,1,1,1,1,0,1,0
febrl2,0.88,919,1,1,1,1,0,1,0
febrl2,0.88,2871,1,1,1,1,0,1,0
febrl2,0.88,2592,1,1,1,1,0,1,0
febrl2,0.88,686,1,1,1,1,0,1,0
febrl2,0.88,2390,1,1,1,1,0,1,0
febrl2,0.88,3192,1,1,1,1,0,1,0
febrl2,0.88,3119,1,1,1,1,0,1,0
febrl2,0.88,1805,1,1,1,1,0,1,0
febrl2,0.88,1727,1,1,1,1,0,1,0
febrl2,0.88,3696,1,1,1,1,0,1,0
febrl2,0.88,2039,1,1,1,1,0,1,0
febrl2,0.88,3637,1,1,1,1,0,1,0
febrl2,0.88,3631,1,1,1,1,0,1,0
febrl2,0.88,2330,1,1,1,1,0,1,0
febrl2,0.88,1800,1,1,1,1,0,1,0
febrl2,0.88,2289,1,1,1,1,0,1,0
febrl2,0.88,1661,1,1,1,1,0,1,0
febrl2,0.88,3823,1,1,1,1,0,1,0
febrl2,0.88,3523,1,1,1,1,0,1,0
febrl2,0.88,573,1,1,1,1,0,1,0
febrl2,0.88,903,1,1,1,1,0,1,0
febrl2,0.88,696,1,1,1,1,0,1,0
febrl2,0.88,606,1,1,1,1,0,1,0
febrl2,0.88,1795,1,1,1,1,0,1,0
febrl2,0.88,1755,1,1,1,1,0,1,0
febrl2,0.88,1011,1,1,1,1,0,1,0
febrl2,0.88,1541,1,1,1,1,0,1,0
febrl2,0.88,1127,1,1,1,1,0,1,0
febrl2,0.88,509,1,1,1,1,0,1,0
febrl2,0.88,670,1,1,1,1,0,1,0
febrl2,0.88,3879,1,1,1,1,0,1,0
febrl2,0.88,3804,1,1,1,1,0,1,0
febrl2,0.88,366,1,1,1,1,0,1,0
febrl2,0.88,2084,1,1,1,1,0,1,0
febrl2,0.88,249,1,1,1,1,0,1,0
febrl2,0.88,1397,1,1,1,1,0,1,0
febrl2,0.88,3170,1,1,1,1,0,1,0
febrl2,0.88,2007,1,1,1,1,0,1,0
febrl2,0.88,2359,1,1,1,1,0,1,0
febrl2,0.88,991,1,1,1,1,0,1,0
febrl2,0.88,1484,1,1,1,1,0,1,0
febrl2,0.88,1043,1,1,1,1,0,1,0
febrl2,0.88,3020,1,1,1,1,0,1,0
febrl2,0.88,3008,1,1,1,1,0,1,0
febrl2,0.88,755,1,1,1,1,0,1,0
febrl2,0.88,2313,1,1,1,1,0,1,0
febrl2,0.88,2031,1,1,1,1,0,1,0
febrl2,0.88,3554,1,1,1,1,0,1,0
febrl2,0.88,3684,1,1,1,1,0,1,0
febrl2,0.88,1507,1,1,1,1,0,1,0
febrl2,0.88,3459,1,1,1,1,0,1,0
febrl2,0.88,67,1,1,1,1,0,1,0
febrl2,0.88,1734,1,1,1,1,0,1,0
febrl2,0.88,2831,1,1,1,1,0,1,0
febrl2,0.88,2327,1,1,1,1,0,1,0
febrl2,0.88,1678,1,1,1,1,0,1,0
febrl2,0.88,1092,1,1,1,1,0,1,0
febrl2,0.88,1444,1,1,1,1,0,1,0
febrl2,0.88,2551,1,1,1,1,0,1,0
febrl2,0.88,769,1,1,1,1,0,1,0
febrl2,0.88,452,1,1,1,1,0,1,0
febrl2,0.88,3585,1,1,1,1,0,1,0
febrl2,0.88,1991,1,1,1,1,0,1,0
febrl2,0.88,2569,1,1,1,1,0,1,0
febrl2,0.88,2661,1,1,1,1,0,1,0
febrl2,0.88,2133,1,1,1,1,0,1,0
febrl2,0.88,1111,1,1,1,1,0,1,0
febrl2,0.88,2073,1,1,1,1,0,1,0
febrl2,0.88,1627,1,1,1,1,0,1,0
febrl2,0.88,3771,1,1,1,1,0,1,0
febrl2,0.88,3468,1,1,1,1,0,1,0
febrl2,0.88,499,1,1,1,1,0,1,0
febrl2,0.88,994,1,1,1,1,0,1,0
febrl2,0.88,1369,1,1,1,1,0,1,0
febrl2,0.88,3647,1,1,1,1,0,1,0
febrl2,0.88,3697,1,1,1,1,0,1,0
febrl2,0.88,3671,1,1,1,1,0,1,0
febrl2,0.88,746,1,1,1,1,0,1,0
febrl2,0.88,3061,1,1,1,1,0,1,0
febrl2,0.88,3521,1,1,1,1,0,1,0
febrl2,0.88,396,1,1,1,1,0,1,0
febrl2,0.88,2096,1,1,1,1,0,1,0
febrl2,0.88,1183,1,1,1,1,0,1,0
febrl2,0.88,841,1,1,1,1,0,1,0
febrl2,0.88,2424,1,1,1,1,0,1,0
febrl2,0.88,3352,1,1,1,1,0,1,0
febrl2,0.88,2762,1,1,1,1,0,1,0
febrl2,0.88,1810,1,1,1,1,0,1,0
febrl2,0.88,2877,1,1,1,1,0,1,0
febrl2,0.88,668,1,1,1,1,0,1,0
febrl2,0.88,2525,1,1,1,1,0,1,0
febrl2,0.88,3434,1,1,1,1,0,1,0
febrl2,0.88,2255,1,1,1,1,0,1,0
febrl2,0.88,506,1,1,1,1,0,1,0
febrl2,0.88,1371,1,1,1,1,0,1,0
febrl2,0.88,3847,1,1,1,1,0,1,0
febrl2,0.88,2373,1,1,1,1,0,1,0
febrl2,0.88,518,1,1,1,1,0,1,0
febrl2,0.88,3674,1,1,1,1,0,1,0
febrl2,0.88,2228,1,1,1,1,0,1,0
febrl2,0.88,304,1,1,1,1,0,1,0
febrl2,0.88,2003,1,1,1,1,0,1,0
febrl2,0.88,1249,1,1,1,1,0,1,0
febrl2,0.88,3603,1,1,1,1,0,1,0
febrl2,0.88,3901,1,1,1,1,0,1,0
febrl2,0.88,1537,1,1,1,1,0,1,0
febrl2,0.88,1027,1,1,1,1,0,1,0
febrl2,0.88,2541,1,1,1,1,0,1,0
febrl2,0.88,539,1,1,1,1,0,1,0
febrl2,0.88,1604,1,1,1,1,0,1,0
febrl2,0.88,208,1,1,1,1,0,1,0
febrl2,0.88,3261,1,1,1,1,0,1,0
febrl2,0.88,3508,1,1,1,1,0,1,0
febrl2,0.88,341,1,1,1,1,0,1,0
febrl2,0.88,2896,1,1,1,1,0,1,0
febrl2,0.88,3896,1,1,1,1,0,1,0
febrl2,0.88,1646,1,1,1,1,0,1,0
febrl2,0.88,3503,1,1,1,1,0,1,0
febrl2,0.88,3695,1,1,1,1,0,1,0
febrl2,0.88,200,1,1,1,1,0,1,0
febrl2,0.88,1248,1,1,1,1,0,1,0
febrl2,0.88,3402,1,1,1,1,0,1,0
febrl2,0.88,3188,1,1,1,1,0,1,0
febrl2,0.88,1833,1,1,1,1,0,1,0
febrl2,0.88,3292,1,1,1,1,0,1,0
febrl2,0.88,3723,1,1,1,1,0,1,0
febrl2,0.88,1106,1,1,1,1,0,1,0
febrl2,0.88,490,1,1,1,1,0,1,0
febrl2,0.88,545,1,1,1,1,0,1,0
febrl2,0.88,3036,1,1,1,1,0,1,0
febrl2,0.88,971,1,1,1,1,0,1,0
febrl2,0.88,1119,1,1,1,1,0,1,0
febrl2,0.88,2933,1,1,1,1,0,1,0
febrl2,0.88,854,1,1,1,1,0,1,0
febrl2,0.88,1639,1,1,1,1,0,1,0
febrl2,0.88,1299,1,1,1,1,0,1,0
febrl2,0.88,1697,1,1,1,1,0,1,0
febrl2,0.88,395,1,1,1,1,0,1,0
febrl2,0.88,407,1,1,1,1,0,1,0
febrl2,0.88,3249,1,1,1,1,0,1,0
febrl2,0.88,2869,1,1,1,1,0,1,0
febrl2,0.88,3892,1,1,1,1,0,1,0
febrl2,0.88,283,1,1,1,1,0,1,0
febrl2,0.88,635,1,1,1,1,0,1,0
febrl2,0.88,3355,1,1,1,1,0,1,0
febrl2,0.88,719,1,1,1,1,0,1,0
febrl2,0.88,1868,1,1,1,1,0,1,0
febrl2,0.88,1680,1,1,1,1,0,1,0
febrl2,0.88,3756,1,1,1,1,0,1,0
febrl2,0.88,2282,1,1,1,1,0,1,0
febrl2,0.88,3496,1,1,1,1,0,1,0
febrl2,0.88,3152,1,1,1,1,0,1,0
febrl2,0.88,388,1,1,1,1,0,1,0
febrl2,0.88,1770,1,1,1,1,0,1,0
febrl2,0.88,1696,1,1,1,1,0,1,0
febrl2,0.88,2210,1,1,1,1,0,1,0
febrl2,0.88,3836,1,1,1,1,0,1,0
febrl2,0.88,972,1,1,1,1,0,1,0
febrl2,0.88,715,1,1,1,1,0,1,0
febrl2,0.88,2333,1,1,1,1,0,1,0
febrl2,0.88,2017,1,1,1,1,0,1,0
febrl2,0.88,473,1,1,1,1,0,1,0
febrl2,0.88,1642,1,1,1,1,0,1,0
febrl2,0.88,1876,1,1,1,1,0,1,0
febrl2,0.88,2942,1,1,1,1,0,1,0
febrl2,0.88,440,1,1,1,1,0,1,0
febrl2,0.88,1958,1,1,1,1,0,1,0
febrl2,0.88,306,1,1,1,1,0,1,0
febrl2,0.88,1773,1,1,1,1,0,1,0
febrl2,0.88,2062,1,1,1,1,0,1,0
febrl2,0.88,1482,1,1,1,1,0,1,0
febrl2,0.88,3990,1,1,1,1,0,1,0
febrl2,0.88,3983,1,1,1,1,0,1,0
febrl2,0.88,2574,1,1,1,1,0,1,0
febrl2,0.88,43,1,1,1,1,0,1,0
febrl2,0.88,3215,1,1,1,1,0,1,0
febrl2,0.88,3909,1,1,1,1,0,1,0
febrl2,0.88,2150,1,1,1,1,0,1,0
febrl2,0.88,330,1,1,1,1,0,1,0
febrl2,0.88,2705,1,1,1,1,0,1,0
febrl2,0.88,2518,1,1,1,1,0,1,0
febrl2,0.88,376,1,1,1,1,0,1,0
febrl2,0.88,2724,1,1,1,1,0,1,0
febrl2,0.88,1217,1,1,1,1,0,1,0
febrl2,0.88,964,1,1,1,1,0,1,0
febrl2,0.88,2513,1,1,1,1,0,1,0
febrl2,0.88,1072,1,1,1,1,0,1,0
febrl2,0.88,331,1,1,1,1,0,1,0
febrl2,0.88,3713,1,1,1,1,0,1,0
febrl2,0.88,990,1,1,1,1,0,1,0
febrl2,0.88,1926,1,1,1,1,0,1,0
febrl2,0.88,1048,1,1,1,1,0,1,0
febrl2,0.88,608,1,1,1,1,0,1,0
febrl2,0.88,1146,1,1,1,1,0,1,0
febrl2,0.88,3218,1,1,1,1,0,1,0
febrl2,0.88,3846,1,1,1,1,0,1,0
febrl2,0.88,3311,1,1,1,1,0,1,0
febrl2,0.88,316,1,1,1,1,0,1,0
febrl2,0.88,1287,1,1,1,1,0,1,0
febrl2,0.88,342,1,1,1,1,0,1,0
febrl2,0.88,1858,1,1,1,1,0,1,0
febrl2,0.88,661,1,1,1,1,0,1,0
febrl2,0.88,890,1,1,1,1,0,1,0
febrl2,0.88,2334,1,1,1,1,0,1,0
febrl2,0.88,1871,1,1,1,1,0,1,0
febrl2,0.88,3260,1,1,1,1,0,1,0
febrl2,0.88,74,1,1,1,1,0,1,0
febrl2,0.88,1036,1,1,1,1,0,1,0
febrl2,0.88,2941,1,1,1,1,0,1,0
febrl2,0.88,3455,1,1,1,1,0,1,0
febrl2,0.88,2009,1,1,1,1,0,1,0
febrl2,0.88,75,1,1,1,1,0,1,0
febrl2,0.88,1559,1,1,1,1,0,1,0
febrl2,0.88,3102,1,1,1,1,0,1,0
febrl2,0.88,2840,1,1,1,1,0,1,0
febrl2,0.88,2734,1,1,1,1,0,1,0
febrl2,0.88,908,1,1,1,1,0,1,0
febrl2,0.88,2350,1,1,1,1,0,1,0
febrl2,0.88,3650,1,1,1,1,0,1,0
febrl2,0.88,1278,1,1,1,1,0,1,0
febrl2,0.88,724,1,1,1,1,0,1,0
febrl2,0.88,3120,1,1,1,1,0,1,0
febrl2,0.88,881,1,1,1,1,0,1,0
febrl2,0.88,2303,1,1,1,1,0,1,0
febrl2,0.88,1772,1,1,1,1,0,1,0
febrl2,0.88,3587,1,1,1,1,0,1,0
febrl2,0.88,3005,1,1,1,1,0,1,0
febrl2,0.88,2636,1,1,1,1,0,1,0
febrl2,0.88,235,1,1,1,1,0,1,0
febrl2,0.88,322,1,1,1,1,0,1,0
febrl2,0.88,1972,1,1,1,1,0,1,0
febrl2,0.88,3433,1,1,1,1,0,1,0
febrl2,0.88,1313,1,1,1,1,0,1,0
febrl2,0.88,2206,1,1,1,1,0,1,0
febrl2,0.88,2433,1,1,1,1,0,1,0
febrl2,0.88,3812,1,1,1,1,0,1,0
febrl2,0.88,303,1,1,1,1,0,1,0
febrl2,0.88,2284,1,1,1,1,0,1,0
febrl2,0.88,1487,1,1,1,1,0,1,0
febrl2,0.88,1856,1,1,1,1,0,1,0
febrl2,0.88,3307,1,1,1,1,0,1,0
febrl2,0.88,227,1,1,1,1,0,1,0
febrl2,0.88,1143,1,1,1,1,0,1,0
febrl3,0.72,1496,1,1,1,1,0,1,0
febrl3,0.72,552,5,1,17,1,2,3,12
febrl3,0.72,988,3,1,39,1,1,2,36
febrl3,0.72,1716,4,1,4,1,0,1,0
febrl3,0.72,1213,1,1,1,1,0,1,0
febrl3,0.72,193,1,1,1,1,0,1,0
febrl3,0.72,264,3,1,3,1,0,1,0
febrl3,0.72,1695,5,1,5,1,0,1,0
febrl3,0.72,875,2,1,2,1,0,1,0
febrl3,0.72,1778,3,1,3,1,0,1,0
febrl3,0.72,1696,3,1,3,1,0,1,0
febrl3,0.72,382,3,1,3,1,0,1,0
febrl3,0.72,442,2,1,5,1,1,2,3
febrl3,0.72,1671,5,1,5,1,0,1,0
febrl3,0.72,1816,3,1,3,1,0,1,0
febrl3,0.72,459,6,1,6,1,0,1,0
febrl3,0.72,1881,3,1,3,1,0,1,0
febrl3,0.72,729,2,1,2,1,0,1,0
febrl3,0.72,575,5,1,5,1,0,1,0
febrl3,0.72,1688,1,1,1,1,0,1,0
febrl3,0.72,292,2,1,2,1,0,1,0
febrl3,0.72,834,3,1,3,1,0,1,0
febrl3,0.72,1943,2,1,2,1,0,1,0
febrl3,0.72,1611,4,1,10,1,1,2,6
febrl3,0.72,1706,4,1,9,1,1,2,5
febrl3,0.72,462,1,1,1,1,0,1,0
febrl3,0.72,1626,1,1,1,1,0,1,0
febrl3,0.72,408,4,2,4,2,0,2,0
febrl3,0.72,1224,2,1,2,1,0,1,0
febrl3,0.72,1561,6,1,6,1,0,1,0
febrl3,0.72,1723,4,1,4,1,0,1,0
febrl3,0.72,182,1,1,1,1,0,1,0
febrl3,0.72,1781,2,1,2,1,0,1,0
febrl3,0.72,1614,2,1,2,1,0,1,0
febrl3,0.72,885,6,1,6,1,0,1,0
febrl3,0.72,1690,4,1,9,1,1,2,5
febrl3,0.72,1217,5,1,5,1,0,1,0
febrl3,0.72,1830,4,1,4,1,0,1,0
febrl3,0.72,208,2,2,2,2,0,2,0
febrl3,0.72,32,2,1,2,1,0,1,0
febrl3,0.72,799,5,1,10,1,2,3,5
febrl3,0.72,856,2,1,2,1,0,1,0
febrl3,0.72,1128,6,2,29,2,4,6,23
febrl3,0.72,365,3,1,3,1,0,1,0
febrl3,0.72,642,6,1,6,1,0,1,0
febrl3,0.72,854,2,1,2,1,0,1,0
febrl3,0.72,421,6,1,8,1,1,2,2
febrl3,0.72,1560,6,1,11,1,1,2,5
febrl3,0.72,1929,3,1,3,1,0,1,0
febrl3,0.72,1992,3,1,6,1,1,2,3
febrl3,0.72,1693,3,1,3,1,0,1,0
febrl3,0.72,665,2,1,4,1,1,2,2
febrl3,0.72,501,1,1,1,1,0,1,0
febrl3,0.72,1057,4,1,4,1,0,1,0
febrl3,0.72,561,4,1,4,1,0,1,0
febrl3,0.72,540,6,1,6,1,0,1,0
febrl3,0.72,636,6,1,6,1,0,1,0
febrl3,0.72,918,5,1,5,1,0,1,0
febrl3,0.72,929,3,1,3,1,0,1,0
febrl3,0.72,1489,4,1,6,1,1,2,2
febrl3,0.72,427,6,1,9,1,1,2,3
febrl3,0.72,15,1,1,1,1,0,1,0
febrl3,0.72,316,6,1,8,1,1,2,2
febrl3,0.72,1498,6,1,6,1,0,1,0
febrl3,0.72,910,3,1,3,1,0,1,0
febrl3,0.72,1355,2,1,2,1,0,1,0
febrl3,0.72,1648,5,2,5,2,0,2,0
febrl3,0.72,658,4,1,4,1,0,1,0
febrl3,0.72,1190,3,1,3,1,0,1,0
febrl3,0.72,1876,2,1,2,1,0,1,0
febrl3,0.72,305,3,1,3,1,0,1,0
febrl3,0.72,152,4,1,4,1,0,1,0
febrl3,0.72,1829,3,1,3,1,0,1,0
febrl3,0.72,805,5,1,5,1,0,1,0
febrl3,0.72,480,3,1,3,1,0,1,0
febrl3,0.72,1200,6,1,6,1,0,1,0
febrl3,0.72,717,1,1,1,1,0,1,0
febrl3,0.72,618,5,1,5,1,0,1,0
febrl3,0.72,1509,2,1,2,1,0,1,0
febrl3,0.72,1368,2,1,2,1,0,1,0
febrl3,0.72,879,6,1,6,1,0,1,0
febrl3,0.72,1668,5,2,5,2,0,2,0
febrl3,0.72,794,2,1,12,1,1,2,10
febrl3,0.72,1917,6,1,6,1,0,1,0
febrl3,0.72,1081,3,1,3,1,0,1,0
febrl3,0.72,568,3,1,3,1,0,1,0
febrl3,0.72,1333,1,1,1,1,0,1,0
febrl3,0.72,368,2,1,17,1,1,2,15
febrl3,0.72,666,6,1,6,1,0,1,0
febrl3,0.72,1991,6,1,6,1,0,1,0
febrl3,0.72,1878,1,1,1,1,0,1,0
febrl3,0.72,528,6,2,8,2,1,3,2
febrl3,0.72,1180,2,1,2,1,0,1,0
febrl3,0.72,1794,1,1,1,1,0,1,0
febrl3,0.72,1130,3,1,8,1,1,2,5
febrl3,0.72,569,5,1,5,1,0,1,0
febrl3,0.72,860,2,1,2,1,0,1,0
febrl3,0.72,1667,3,1,3,1,0,1,0
febrl3,0.72,1337,5,1,6,1,1,2,1
febrl3,0.72,1901,4,1,4,1,0,1,0
febrl3,0.72,125,5,1,5,1,0,1,0
febrl3,0.72,78,2,1,2,1,0,1,0
febrl3,0.72,1685,1,1,1,1,0,1,0
febrl3,0.72,1953,6,1,6,1,0,1,0
febrl3,0.72,115,1,1,1,1,0,1,0
febrl3,0.72,1068,1,1,1,1,0,1,0
febrl3,0.72,1981,4,1,4,1,0,1,0
febrl3,0.72,479,4,1,4,1,0,1,0
febrl3,0.72,224,1,1,1,1,0,1,0
febrl3,0.72,755,4,1,4,1,0,1,0
febrl3,0.72,1511,3,1,3,1,0,1,0
febrl3,0.72,1387,2,1,2,1,0,1,0
febrl3,0.72,1093,1,1,1,1,0,1,0
febrl3,0.72,1518,1,1,1,1,0,1,0
febrl3,0.72,1014,4,1,4,1,0,1,0
febrl3,0.72,824,5,1,5,1,0,1,0
febrl3,0.72,718,1,1,1,1,0,1,0
febrl3,0.72,285,1,1,1,1,0,1,0
febrl3,0.72,1857,6,1,6,1,0,1,0
febrl3,0.72,1590,2,1,2,1,0,1,0
febrl3,0.72,1996,6,1,6,1,0,1,0
febrl3,0.72,1540,5,1,9,1,2,3,4
febrl3,0.72,935,6,1,6,1,0,1,0
febrl3,0.72,1183,2,1,2,1,0,1,0
febrl3,0.72,1062,5,1,5,1,0,1,0
febrl3,0.72,256,6,1,6,1,0,1,0
febrl3,0.72,1140,1,1,1,1,0,1,0
febrl3,0.72,1895,5,1,8,1,1,2,3
febrl3,0.72,401,6,1,6,1,0,1,0
febrl3,0.72,571,3,1,3,1,0,1,0
febrl3,0.72,133,6,1,6,1,0,1,0
febrl3,0.72,1534,6,1,6,1,0,1,0
febrl3,0.72,1566,5,1,9,1,1,2,4
febrl3,0.72,165,3,1,3,1,0,1,0
febrl3,0.72,1617,1,1,8,1,1,2,7
febrl3,0.72,203,1,1,7,1,1,2,6
febrl3,0.72,961,1,1,1,1,0,1,0
febrl3,0.72,1610,5,1,5,1,0,1,0
febrl3,0.72,1487,1,1,1,1,0,1,0
febrl3,0.72,1446,2,1,2,1,0,1,0
febrl3,0.72,118,3,1,3,1,0,1,0
febrl3,0.72,486,2,1,2,1,0,1,0
febrl3,0.72,1388,3,1,3,1,0,1,0
febrl3,0.72,703,4,1,4,1,0,1,0
febrl3,0.72,732,5,1,5,1,0,1,0
febrl3,0.72,286,6,1,6,1,0,1,0
febrl3,0.72,1031,1,1,1,1,0,1,0
febrl3,0.72,13,2,1,2,1,0,1,0
febrl3,0.72,299,4,1,4,1,0,1,0
febrl3,0.72,1442,3,1,3,1,0,1,0
febrl3,0.72,779,5,1,8,1,2,3,3
febrl3,0.72,375,5,2,5,2,0,2,0
febrl3,0.72,1883,6,1,6,1,0,1,0
febrl3,0.72,1729,1,1,1,1,0,1,0
febrl3,0.72,438,3,1,3,1,0,1,0
febrl3,0.72,1232,6,1,7,1,1,2,1
febrl3,0.72,245,4,1,5,1,1,2,1
febrl3,0.72,1228,6,1,6,1,0,1,0
febrl3,0.72,1347,1,1,1,1,0,1,0
febrl3,0.72,1945,4,1,4,1,0,1,0
febrl3,0.72,1454,2,1,2,1,0,1,0
febrl3,0.72,306,3,1,3,1,0,1,0
febrl3,0.72,1185,2,1,3,1,1,2,1
febrl3,0.72,1346,1,1,1,1,0,1,0
febrl3,0.72,907,3,1,3,1,0,1,0
febrl3,0.72,443,5,1,5,1,0,1,0
febrl3,0.72,361,4,1,8,1,1,2,4
febrl3,0.72,891,2,1,2,1,0,1,0
febrl3,0.72,1177,1,1,1,1,0,1,0
febrl3,0.72,818,2,1,2,1,0,1,0
febrl3,0.72,1845,1,1,1,1,0,1,0
febrl3,0.72,1334,4,1,4,1,0,1,0
febrl3,0.72,1113,4,1,4,1,0,1,0
febrl3,0.72,332,6,1,10,1,1,2,4
febrl3,0.72,1815,5,1,5,1,0,1,0
febrl3,0.72,144,1,1,1,1,0,1,0
febrl3,0.72,1903,3,1,3,1,0,1,0
febrl3,0.72,853,3,1,3,1,0,1,0
febrl3,0.72,1035,5,1,5,1,0,1,0
febrl3,0.72,960,5,2,5,2,0,2,0
febrl3,0.72,1124,6,1,17,1,1,2,11
febrl3,0.72,517,6,1,6,1,0,1,0
febrl3,0.72,1746,2,1,2,1,0,1,0
febrl3,0.72,283,4,1,4,1,0,1,0
febrl3,0.72,439,4,1,4,1,0,1,0
febrl3,0.72,1967,6,1,6,1,0,1,0
febrl3,0.72,71,6,1,6,1,0,1,0
febrl3,0.72,1925,5,1,5,1,0,1,0
febrl3,0.72,1109,6,1,6,1,0,1,0
febrl3,0.72,1644,4,1,4,1,0,1,0
febrl3,0.72,1157,3,1,3,1,0,1,0
febrl3,0.72,738,6,1,6,1,0,1,0
febrl3,0.72,362,4,2,4,2,0,2,0
febrl3,0.72,1835,1,1,1,1,0,1,0
febrl3,0.72,219,6,1,6,1,0,1,0
febrl3,0.72,899,1,1,1,1,0,1,0
febrl3,0.72,550,3,1,3,1,0,1,0
febrl3,0.72,1407,3,1,3,1,0,1,0
febrl3,0.72,1258,2,1,2,1,0,1,0
febrl3,0.72,1343,4,1,4,1,0,1,0
febrl3,0.72,1985,3,1,8,1,1,2,5
febrl3,0.72,4,1,1,1,1,0,1,0
febrl3,0.72,990,3,1,3,1,0,1,0
febrl3,0.72,1570,1,1,1,1,0,1,0
febrl3,0.72,410,4,1,4,1,0,1,0
febrl3,0.72,1799,3,1,5,1,1,2,2
febrl3,0.72,1852,2,1,2,1,0,1,0
febrl3,0.72,1271,5,1,5,1,0,1,0
febrl3,0.72,750,1,1,1,1,0,1,0
febrl3,0.72,247,1,1,1,1,0,1,0
febrl3,0.72,277,4,1,5,1,1,2,1
febrl3,0.72,1191,5,1,7,1,1,2,2
febrl3,0.72,1616,5,1,16,1,1,2,11
febrl3,0.72,454,2,1,2,1,0,1,0
febrl3,0.72,1236,5,1,5,1,0,1,0
febrl3,0.72,108,4,1,4,1,0,1,0
febrl3,0.72,1390,1,1,1,1,0,1,0
febrl3,0.72,1111,6,1,6,1,0,1,0
febrl3,0.72,1548,4,1,4,1,0,1,0
febrl3,0.72,1452,1,1,1,1,0,1,0
febrl3,0.72,1941,1,1,1,1,0,1,0
febrl3,0.72,1776,1,1,1,1,0,1,0
febrl3,0.72,1399,1,1,1,1,0,1,0
febrl3,0.72,1577,1,1,1,1,0,1,0
febrl3,0.72,147,6,2,14,2,1,3,8
febrl3,0.72,1416,5,1,5,1,0,1,0
febrl3,0.72,1539,3,1,8,1,2,3,5
febrl3,0.72,250,1,1,1,1,0,1,0
febrl3,0.72,397,3,1,3,1,0,1,0
febrl3,0.72,1425,2,1,2,1,0,1,0
febrl3,0.72,1707,6,1,8,1,2,3,2
febrl3,0.72,1481,2,1,2,1,0,1,0
febrl3,0.72,1076,3,1,4,1,1,2,1
febrl3,0.72,1050,5,1,5,1,0,1,0
febrl3,0.72,905,2,1,2,1,0,1,0
febrl3,0.72,1811,3,1,3,1,0,1,0
febrl3,0.72,436,1,1,1,1,0,1,0
febrl3,0.72,497,5,1,10,1,1,2,5
febrl3,0.72,1697,6,1,10,1,1,2,4
febrl3,0.72,762,1,1,1,1,0,1,0
febrl3,0.72,111,2,1,6,1,1,2,4
febrl3,0.72,1554,2,1,2,1,0,1,0
febrl3,0.72,1684,6,1,6,1,0,1,0
febrl3,0.72,1478,4,1,4,1,0,1,0
febrl3,0.72,1329,6,1,6,1,0,1,0
febrl3,0.72,1341,2,1,2,1,0,1,0
febrl3,0.72,686,2,1,2,1,0,1,0
febrl3,0.72,288,5,1,5,1,0,1,0
febrl3,0.72,1069,4,1,4,1,0,1,0
febrl3,0.72,1353,3,1,3,1,0,1,0
febrl3,0.72,761,2,1,6,1,1,2,4
febrl3,0.72,302,3,1,5,1,1,2,2
febrl3,0.72,704,1,1,1,1,0,1,0
febrl3,0.72,1641,1,1,1,1,0,1,0
febrl3,0.72,216,6,1,6,1,0,1,0
febrl3,0.72,773,3,1,3,1,0,1,0
febrl3,0.72,980,6,1,6,1,0,1,0
febrl3,0.72,268,1,1,1,1,0,1,0
febrl3,0.72,1951,3,1,5,1,1,2,2
febrl3,0.72,607,4,1,4,1,0,1,0
febrl3,0.72,10,4,1,4,1,0,1,0
febrl3,0.72,888,1,1,1,1,0,1,0
febrl3,0.72,1134,3,1,3,1,0,1,0
febrl3,0.72,611,2,1,2,1,0,1,0
febrl3,0.72,1304,4,1,4,1,0,1,0
febrl3,0.72,876,6,1,6,1,0,1,0
febrl3,0.72,1834,4,1,4,1,0,1,0
febrl3,0.72,341,5,1,5,1,0,1,0
febrl3,0.72,1042,3,1,3,1,0,1,0
febrl3,0.72,1646,4,1,4,1,0,1,0
febrl3,0.72,1745,5,1,5,1,0,1,0
febrl3,0.72,75,6,2,6,2,0,2,0
febrl3,0.72,676,5,1,5,1,0,1,0
febrl3,0.72,527,1,1,1,1,0,1,0
febrl3,0.72,1220,3,1,3,1,0,1,0
febrl3,0.72,1589,4,1,4,1,0,1,0
febrl3,0.72,941,6,1,6,1,0,1,0
febrl3,0.72,1532,2,1,2,1,0,1,0
febrl3,0.72,8,5,1,6,1,1,2,1
febrl3,0.72,1537,1,1,1,1,0,1,0
febrl3,0.72,1579,5,1,39,1,1,2,34
febrl3,0.72,708,6,1,6,1,0,1,0
febrl3,0.72,1320,6,1,6,1,0,1,0
febrl3,0.72,582,6,1,6,1,0,1,0
febrl3,0.72,160,6,1,6,1,0,1,0
febrl3,0.72,1940,5,1,9,1,1,2,4
febrl3,0.72,1988,2,1,2,1,0,1,0
febrl3,0.72,723,4,1,4,1,0,1,0
febrl3,0.72,1296,4,1,4,1,0,1,0
febrl3,0.72,684,4,1,4,1,0,1,0
febrl3,0.72,952,5,1,5,1,0,1,0
febrl3,0.72,634,1,1,1,1,0,1,0
febrl3,0.72,159,4,1,17,1,1,2,13
febrl3,0.72,1451,4,1,4,1,0,1,0
febrl3,0.72,5,2,1,2,1,0,1,0
febrl3,0.72,1492,4,1,4,1,0,1,0
febrl3,0.72,85,6,1,6,1,0,1,0
febrl3,0.72,1308,1,1,1,1,0,1,0
febrl3,0.72,1363,4,1,4,1,0,1,0
febrl3,0.72,52,1,1,1,1,0,1,0
febrl3,0.72,830,4,2,11,2,2,4,7
febrl3,0.72,821,3,1,3,1,0,1,0
febrl3,0.72,142,1,1,1,1,0,1,0
febrl3,0.72,1301,3,1,3,1,0,1,0
febrl3,0.72,576,5,1,5,1,0,1,0
febrl3,0.72,585,1,1,1,1,0,1,0
febrl3,0.72,11,1,1,1,1,0,1,0
febrl3,0.72,894,1,1,1,1,0,1,0
febrl3,0.72,904,6,1,6,1,0,1,0
febrl3,0.72,771,5,1,5,1,0,1,0
febrl3,0.72,1155,5,1,5,1,0,1,0
febrl3,0.72,1897,4,1,17,1,2,3,13
febrl3,0.72,1196,3,1,3,1,0,1,0
febrl3,0.72,1958,1,1,1,1,0,1,0
febrl3,0.72,526,4,1,30,1,1,2,26
febrl3,0.72,1942,2,1,2,1,0,1,0
febrl3,0.72,90,3,1,4,1,1,2,1
febrl3,0.72,61,4,1,4,1,0,1,0
febrl3,0.72,1536,2,1,2,1,0,1,0
febrl3,0.72,629,4,1,7,1,1,2,3
febrl3,0.72,1703,2,1,2,1,0,1,0
febrl3,0.72,1694,5,1,5,1,0,1,0
febrl3,0.72,35,6,1,6,1,0,1,0
febrl3,0.72,107,6,1,6,1,0,1,0
febrl3,0.72,1978,1,1,1,1,0,1,0
febrl3,0.72,378,4,1,4,1,0,1,0
febrl3,0.72,455,4,1,4,1,0,1,0
febrl3,0.72,1006,4,1,4,1,0,1,0
febrl3,0.72,1959,4,1,4,1,0,1,0
febrl3,0.72,841,1,1,1,1,0,1,0
febrl3,0.72,1972,3,1,3,1,0,1,0
febrl3,0.72,319,1,1,39,1,2,3,38
febrl3,0.72,1182,4,1,4,1,0,1,0
febrl3,0.72,567,5,1,5,1,0,1,0
febrl3,0.72,483,6,1,6,1,0,1,0
febrl3,0.72,678,2,1,2,1,0,1,0
febrl3,0.72,1401,2,1,5,1,1,2,3
febrl3,0.72,320,4,1,4,1,0,1,0
febrl3,0.72,1931,5,1,5,1,0,1,0
febrl3,0.72,868,1,1,1,1,0,1,0
febrl3,0.72,977,6,1,6,1,0,1,0
febrl3,0.72,1097,5,1,5,1,0,1,0
febrl3,0.72,1040,4,1,4,1,0,1,0
febrl3,0.72,1159,1,1,1,1,0,1,0
febrl3,0.72,943,5,1,5,1,0,1,0
febrl3,0.72,194,4,1,4,1,0,1,0
febrl3,0.72,1430,2,1,2,1,0,1,0
febrl3,0.72,693,3,1,3,1,0,1,0
febrl3,0.72,700,5,1,5,1,0,1,0
febrl3,0.72,1526,1,1,1,1,0,1,0
febrl3,0.72,1553,1,1,1,1,0,1,0
febrl3,0.72,291,1,1,1,1,0,1,0
febrl3,0.72,1054,2,1,2,1,0,1,0
febrl3,0.72,1980,5,1,5,1,0,1,0
febrl3,0.72,965,2,1,2,1,0,1,0
febrl3,0.72,145,2,1,8,1,1,2,6
febrl3,0.72,21,4,1,10,1,1,2,6
febrl3,0.72,86,4,1,4,1,0,1,0
febrl3,0.72,583,3,1,3,1,0,1,0
febrl3,0.72,1918,6,1,6,1,0,1,0
febrl3,0.72,1581,3,1,3,1,0,1,0
febrl3,0.72,1928,1,1,1,1,0,1,0
febrl3,0.72,1499,6,1,6,1,0,1,0
febrl3,0.72,1011,4,1,4,1,0,1,0
febrl3,0.72,385,3,1,3,1,0,1,0
febrl3,0.72,944,6,1,6,1,0,1,0
febrl3,0.72,1825,2,1,2,1,0,1,0
febrl3,0.72,1850,6,1,6,1,0,1,0
febrl3,0.72,1604,4,1,8,1,1,2,4
febrl3,0.72,619,6,2,6,2,0,2,0
febrl3,0.72,1398,1,1,1,1,0,1,0
febrl3,0.72,1783,1,1,1,1,0,1,0
febrl3,0.72,70,3,1,39,1,1,2,36
febrl3,0.72,1550,2,1,2,1,0,1,0
febrl3,0.72,153,5,1,5,1,0,1,0
febrl3,0.72,847,6,1,6,1,0,1,0
febrl3,0.72,323,2,1,2,1,0,1,0
febrl3,0.72,1621,5,1,5,1,0,1,0
febrl3,0.72,631,4,1,4,1,0,1,0
febrl3,0.72,985,6,1,6,1,0,1,0
febrl3,0.72,1436,1,1,1,1,0,1,0
febrl3,0.72,584,5,1,5,1,0,1,0
febrl3,0.72,1772,4,1,9,1,1,2,5
febrl3,0.72,433,5,1,5,1,0,1,0
febrl3,0.72,627,2,1,2,1,0,1,0
febrl3,0.72,1894,4,1,4,1,0,1,0
febrl3,0.72,76,1,1,7,1,1,2,6
febrl3,0.72,1771,1,1,1,1,0,1,0
febrl3,0.72,1623,5,1,5,1,0,1,0
febrl3,0.72,1216,4,1,4,1,0,1,0
febrl3,0.72,1647,1,1,1,1,0,1,0
febrl3,0.72,1029,6,1,6,1,0,1,0
febrl3,0.72,230,3,1,3,1,0,1,0
febrl3,0.72,687,1,1,1,1,0,1,0
febrl3,0.72,1297,1,1,30,1,1,2,29
febrl3,0.72,1164,4,1,4,1,0,1,0
febrl3,0.72,275,1,1,1,1,0,1,0
febrl3,0.72,474,1,1,1,1,0,1,0
febrl3,0.72,887,2,1,2,1,0,1,0
febrl3,0.72,1298,6,1,6,1,0,1,0
febrl3,0.72,657,2,1,2,1,0,1,0
febrl3,0.72,974,1,1,1,1,0,1,0
febrl3,0.72,532,6,1,6,1,0,1,0
febrl3,0.72,1255,2,1,2,1,0,1,0
febrl3,0.72,967,4,1,4,1,0,1,0
febrl3,0.72,1144,1,1,39,1,1,2,38
febrl3,0.72,1975,5,1,5,1,0,1,0
febrl3,0.72,81,2,1,2,1,0,1,0
febrl3,0.72,991,3,1,4,1,1,2,1
febrl3,0.72,801,5,1,5,1,0,1,0
febrl3,0.72,683,3,1,3,1,0,1,0
febrl3,0.72,826,5,1,5,1,0,1,0
febrl3,0.72,744,1,1,1,1,0,1,0
febrl3,0.72,655,6,1,6,1,0,1,0
febrl3,0.72,1497,2,1,2,1,0,1,0
febrl3,0.72,197,6,1,8,1,1,2,2
febrl3,0.72,1036,3,1,3,1,0,1,0
febrl3,0.72,559,5,1,5,1,0,1,0
febrl3,0.72,348,6,1,7,1,1,2,1
febrl3,0.72,1048,4,1,5,1,1,2,1
febrl3,0.72,161,6,1,6,1,0,1,0
febrl3,0.72,1502,4,1,4,1,0,1,0
febrl3,0.72,1655,3,1,3,1,0,1,0
febrl3,0.72,1460,4,1,4,1,0,1,0
febrl3,0.72,764,4,1,4,1,0,1,0
febrl3,0.72,711,6,1,6,1,0,1,0
febrl3,0.72,1760,5,1,5,1,0,1,0
febrl3,0.72,1571,3,1,3,1,0,1,0
febrl3,0.72,957,3,1,3,1,0,1,0
febrl3,0.72,432,5,1,5,1,0,1,0
febrl3,0.72,1855,5,1,5,1,0,1,0
febrl3,0.72,393,1,1,1,1,0,1,0
febrl3,0.72,788,6,1,6,1,0,1,0
febrl3,0.72,482,6,1,6,1,0,1,0
febrl3,0.72,1230,3,1,3,1,0,1,0
febrl3,0.72,1863,1,1,1,1,0,1,0
febrl3,0.72,338,1,1,1,1,0,1,0
febrl3,0.72,1482,1,1,1,1,0,1,0
febrl3,0.72,981,6,1,8,1,1,2,2
febrl3,0.72,231,3,1,3,1,0,1,0
febrl3,0.72,572,2,1,2,1,0,1,0
febrl3,0.72,614,1,1,1,1,0,1,0
febrl3,0.72,1585,2,1,2,1,0,1,0
febrl3,0.72,524,6,1,6,1,0,1,0
febrl3,0.72,272,3,1,3,1,0,1,0
febrl3,0.72,1672,5,1,5,1,0,1,0
febrl3,0.72,570,1,1,1,1,0,1,0
febrl3,0.72,1280,5,1,39,1,1,2,34
febrl3,0.72,1115,3,1,6,1,1,2,3
febrl3,0.72,1562,2,1,2,1,0,1,0
febrl3,0.72,1287,1,1,1,1,0,1,0
febrl3,0.72,1801,3,1,3,1,0,1,0
febrl3,0.72,672,2,1,2,1,0,1,0
febrl3,0.72,1797,3,1,3,1,0,1,0
febrl3,0.72,1949,3,1,3,1,0,1,0
febrl3,0.72,945,4,2,4,2,0,2,0
febrl3,0.72,344,1,1,1,1,0,1,0
febrl3,0.72,557,3,1,3,1,0,1,0
febrl3,0.72,1373,1,1,1,1,0,1,0
febrl3,0.72,1721,5,1,5,1,0,1,0
febrl3,0.72,329,3,1,3,1,0,1,0
febrl3,0.72,1979,1,1,1,1,0,1,0
febrl3,0.72,511,6,1,39,1,3,4,33
febrl3,0.72,49,3,1,4,1,1,2,1
febrl3,0.72,1948,2,1,2,1,0,1,0
febrl3,0.72,1281,2,1,2,1,0,1,0
febrl3,0.72,1024,1,1,1,1,0,1,0
febrl3,0.72,1359,1,1,1,1,0,1,0
febrl3,0.72,228,2,1,2,1,0,1,0
febrl3,0.72,1357,2,1,7,1,1,2,5
febrl3,0.72,503,6,1,6,1,0,1,0
febrl3,0.72,1469,5,1,5,1,0,1,0
febrl3,0.72,1394,2,1,6,1,1,2,4
febrl3,0.72,1904,6,1,7,1,1,2,1
febrl3,0.72,662,6,1,6,1,0,1,0
febrl3,0.72,127,1,1,1,1,0,1,0
febrl3,0.72,120,1,1,1,1,0,1,0
febrl3,0.72,83,2,1,2,1,0,1,0
febrl3,0.72,759,1,1,1,1,0,1,0
febrl3,0.72,169,4,1,4,1,0,1,0
febrl3,0.72,522,1,1,4,1,1,2,3
febrl3,0.72,478,2,1,2,1,0,1,0
febrl3,0.72,827,1,1,1,1,0,1,0
febrl3,0.72,1686,4,1,4,1,0,1,0
febrl3,0.72,921,5,1,5,1,0,1,0
febrl3,0.72,1969,5,1,5,1,0,1,0
febrl3,0.72,1129,1,1,1,1,0,1,0
febrl3,0.72,1290,4,1,8,1,1,2,4
febrl3,0.72,1152,6,1,12,1,1,2,6
febrl3,0.72,1506,3,1,3,1,0,1,0
febrl3,0.72,514,1,1,1,1,0,1,0
febrl3,0.72,1726,3,1,3,1,0,1,0
febrl3,0.72,24,2,1,2,1,0,1,0
febrl3,0.72,1827,1,1,1,1,0,1,0
febrl3,0.72,175,4,1,4,1,0,1,0
febrl3,0.72,1740,4,1,4,1,0,1,0
febrl3,0.72,1004,4,1,4,1,0,1,0
febrl3,0.72,1047,3,1,5,1,1,2,2
febrl3,0.72,1515,3,1,3,1,0,1,0
febrl3,0.72,505,3,1,6,1,1,2,3
febrl3,0.72,530,3,1,28,1,2,3,25
febrl3,0.72,1517,6,1,6,1,0,1,0
febrl3,0.72,42,1,1,1,1,0,1,0
febrl3,0.72,539,6,1,6,1,0,1,0
febrl3,0.72,595,6,1,6,1,0,1,0
febrl3,0.72,1471,1,1,3,1,2,3,2
febrl3,0.72,577,4,1,4,1,0,1,0
febrl3,0.72,823,2,1,2,1,0,1,0
febrl3,0.72,635,4,1,4,1,0,1,0
febrl3,0.72,1061,3,1,3,1,0,1,0
febrl3,0.72,1364,6,1,6,1,0,1,0
febrl3,0.72,1473,5,1,5,1,0,1,0
febrl3,0.72,1001,2,1,2,1,0,1,0
febrl3,0.72,1995,3,1,3,1,0,1,0
febrl3,0.72,1132,2,1,8,1,1,2,6
febrl3,0.72,374,6,1,6,1,0,1,0
febrl3,0.72,1039,2,1,3,1,1,2,1
febrl3,0.72,1444,5,1,5,1,0,1,0
febrl3,0.72,370,1,1,30,1,1,2,29
febrl3,0.72,56,5,1,5,1,0,1,0
febrl3,0.72,79,3,1,3,1,0,1,0
febrl3,0.72,1277,5,1,8,1,1,2,3
febrl3,0.72,373,4,1,4,1,0,1,0
febrl3,0.72,1009,4,2,4,2,0,2,0
febrl3,0.72,1692,4,1,4,1,0,1,0
febrl3,0.72,765,4,1,4,1,0,1,0
febrl3,0.72,1027,1,1,1,1,0,1,0
febrl3,0.72,1175,6,1,6,1,0,1,0
febrl3,0.72,1457,3,1,3,1,0,1,0
febrl3,0.72,1873,1,1,1,1,0,1,0
febrl3,0.72,434,1,1,1,1,0,1,0
febrl3,0.72,962,4,1,4,1,0,1,0
febrl3,0.72,202,6,2,6,2,0,2,0
febrl3,0.72,481,3,1,3,1,0,1,0
febrl3,0.72,833,2,1,2,1,0,1,0
febrl3,0.72,632,2,1,2,1,0,1,0
febrl3,0.72,624,5,1,5,1,0,1,0
febrl3,0.72,1365,3,1,3,1,0,1,0
febrl3,0.72,1546,2,1,8,1,1,2,6
febrl3,0.72,1632,3,1,6,1,1,2,3
febrl3,0.72,919,3,1,3,1,0,1,0
febrl3,0.72,1824,1,1,1,1,0,1,0
febrl3,0.72,639,3,1,3,1,0,1,0
febrl3,0.72,371,3,1,3,1,0,1,0
febrl3,0.72,260,6,1,6,1,0,1,0
febrl3,0.72,1227,2,1,2,1,0,1,0
febrl3,0.72,716,3,1,3,1,0,1,0
febrl3,0.72,1588,2,1,2,1,0,1,0
febrl3,0.72,954,6,1,6,1,0,1,0
febrl3,0.72,959,6,1,6,1,0,1,0
febrl3,0.72,278,6,1,6,1,0,1,0
febrl3,0.72,1218,2,1,2,1,0,1,0
febrl3,0.72,968,2,1,2,1,0,1,0
febrl3,0.72,1424,2,1,4,1,1,2,2
febrl3,0.72,555,1,1,1,1,0,1,0
febrl3,0.72,1523,4,1,17,1,1,2,13
febrl3,0.72,255,4,1,4,1,0,1,0
febrl3,0.72,812,1,1,1,1,0,1,0
febrl3,0.72,66,4,1,4,1,0,1,0
febrl3,0.72,1773,3,1,3,1,0,1,0
febrl3,0.72,707,6,1,6,1,0,1,0
febrl3,0.72,1080,4,1,4,1,0,1,0
febrl3,0.72,232,1,1,1,1,0,1,0
febrl3,0.72,720,3,1,3,1,0,1,0
febrl3,0.72,37,6,1,6,1,0,1,0
febrl3,0.72,199,2,1,5,1,1,2,3
febrl3,0.72,309,1,1,1,1,0,1,0
febrl3,0.72,1674,3,1,3,1,0,1,0
febrl3,0.72,176,5,1,9,1,1,2,4
febrl3,0.72,615,6,1,6,1,0,1,0
febrl3,0.72,1379,6,1,6,1,0,1,0
febrl3,0.72,12,6,1,12,1,1,2,6
febrl3,0.72,1602,3,1,7,1,1,2,4
febrl3,0.72,1758,3,1,3,1,0,1,0
febrl3,0.72,236,4,2,4,2,0,2,0
febrl3,0.72,1114,5,1,26,1,2,3,21
febrl3,0.72,1994,1,1,1,1,0,1,0
febrl3,0.72,1890,4,1,28,1,1,2,24
febrl3,0.72,426,4,1,4,1,0,1,0
febrl3,0.72,992,3,1,3,1,0,1,0
febrl3,0.72,114,1,1,1,1,0,1,0
febrl3,0.72,293,4,1,4,1,0,1,0
febrl3,0.72,259,1,1,1,1,0,1,0
febrl3,0.72,1279,1,1,2,1,1,2,1
febrl3,0.72,1286,4,1,8,1,1,2,4
febrl3,0.72,1421,2,1,2,1,0,1,0
febrl3,0.72,296,4,1,4,1,0,1,0
febrl3,0.72,91,5,1,5,1,0,1,0
febrl3,0.72,1275,4,1,4,1,0,1,0
febrl3,0.72,1584,5,1,5,1,0,1,0
febrl3,0.72,1123,1,1,1,1,0,1,0
febrl3,0.72,1670,6,1,6,1,0,1,0
febrl3,0.72,1761,2,1,2,1,0,1,0
febrl3,0.72,623,5,1,10,1,1,2,5
febrl3,0.72,848,3,1,3,1,0,1,0
febrl3,0.72,1251,1,1,1,1,0,1,0
febrl3,0.72,116,1,1,1,1,0,1,0
febrl3,0.72,531,3,1,3,1,0,1,0
febrl3,0.72,547,1,1,1,1,0,1,0
febrl3,0.72,1784,1,1,1,1,0,1,0
febrl3,0.72,785,6,1,6,1,0,1,0
febrl3,0.72,861,1,1,1,1,0,1,0
febrl3,0.72,1520,1,1,1,1,0,1,0
febrl3,0.72,1072,5,1,5,1,0,1,0
febrl3,0.72,440,1,1,1,1,0,1,0
febrl3,0.72,103,2,1,2,1,0,1,0
febrl3,0.72,1718,2,1,2,1,0,1,0
febrl3,0.72,1285,1,1,1,1,0,1,0
febrl3,0.72,914,1,1,1,1,0,1,0
febrl3,0.72,802,1,1,1,1,0,1,0
febrl3,0.72,398,1,1,4,1,1,2,3
febrl3,0.72,1782,4,1,4,1,0,1,0
febrl3,0.72,29,6,1,6,1,0,1,0
febrl3,0.72,276,1,1,1,1,0,1,0
febrl3,0.72,326,1,1,1,1,0,1,0
febrl3,0.72,1302,4,1,4,1,0,1,0
febrl3,0.72,498,2,1,2,1,0,1,0
febrl3,0.72,190,4,1,9,1,1,2,5
febrl3,0.72,1270,1,1,1,1,0,1,0
febrl3,0.72,452,4,1,4,1,0,1,0
febrl3,0.72,280,1,1,28,1,2,3,27
febrl3,0.72,187,6,1,6,1,0,1,0
febrl3,0.72,1314,5,1,11,1,1,2,6
febrl3,0.72,1138,3,1,3,1,0,1,0
febrl3,0.72,1963,3,1,3,1,0,1,0
febrl3,0.72,1028,3,1,3,1,0,1,0
febrl3,0.72,1620,4,1,4,1,0,1,0
febrl3,0.72,901,3,1,3,1,0,1,0
febrl3,0.72,80,5,1,5,1,0,1,0
febrl3,0.72,533,5,1,5,1,0,1,0
febrl3,0.72,1870,3,1,3,1,0,1,0
febrl3,0.72,1092,4,1,4,1,0,1,0
febrl3,0.72,849,1,1,1,1,0,1,0
febrl3,0.72,719,1,1,1,1,0,1,0
febrl3,0.72,1720,3,1,3,1,0,1,0
febrl3,0.72,1247,3,2,3,2,0,2,0
febrl3,0.72,1662,4,1,4,1,0,1,0
febrl3,0.72,1543,6,1,17,1,1,2,11
febrl3,0.72,1806,1,1,1,1,0,1,0
febrl3,0.72,1549,1,1,1,1,0,1,0
febrl3,0.72,1714,1,1,1,1,0,1,0
febrl3,0.72,668,6,1,6,1,0,1,0
febrl3,0.72,1957,2,1,2,1,0,1,0
febrl3,0.72,735,1,1,1,1,0,1,0
febrl3,0.72,244,2,1,2,1,0,1,0
febrl3,0.72,151,2,1,2,1,0,1,0
febrl3,0.72,1737,5,1,5,1,0,1,0
febrl3,0.72,105,6,1,6,1,0,1,0
febrl3,0.72,1889,2,1,2,1,0,1,0
febrl3,0.72,1374,1,1,1,1,0,1,0
febrl3,0.72,1126,6,1,6,1,0,1,0
febrl3,0.72,281,1,1,1,1,0,1,0
febrl3,0.72,698,4,1,4,1,0,1,0
febrl3,0.72,129,1,1,1,1,0,1,0
febrl3,0.72,600,2,1,2,1,0,1,0
febrl3,0.72,106,4,1,4,1,0,1,0
febrl3,0.72,1944,1,1,1,1,0,1,0
febrl3,0.72,1600,6,1,6,1,0,1,0
febrl3,0.72,1156,4,1,4,1,0,1,0
febrl3,0.72,249,5,1,5,1,0,1,0
febrl3,0.72,177,4,1,4,1,0,1,0
febrl3,0.72,1174,1,1,1,1,0,1,0
febrl3,0.72,922,4,1,6,1,1,2,2
febrl3,0.72,1073,5,1,9,1,1,2,4
febrl3,0.72,1173,6,1,6,1,0,1,0
febrl3,0.72,64,2,1,2,1,0,1,0
febrl3,0.72,1331,1,1,1,1,0,1,0
febrl3,0.72,195,1,1,1,1,0,1,0
febrl3,0.72,774,1,1,1,1,0,1,0
febrl3,0.72,924,1,1,1,1,0,1,0
febrl3,0.72,923,4,1,4,1,0,1,0
febrl3,0.72,261,3,1,3,1,0,1,0
febrl3,0.72,67,1,1,1,1,0,1,0
febrl3,0.72,543,6,1,6,1,0,1,0
febrl3,0.72,1750,5,1,5,1,0,1,0
febrl3,0.72,1366,1,1,1,1,0,1,0
febrl3,0.72,694,2,2,2,2,0,2,0
febrl3,0.72,604,1,1,1,1,0,1,0
febrl3,0.72,1742,2,1,3,1,1,2,1
febrl3,0.72,1459,1,1,3,1,1,2,2
febrl3,0.72,1528,2,1,2,1,0,1,0
febrl3,0.72,102,5,1,5,1,0,1,0
febrl3,0.72,1448,5,1,5,1,0,1,0
febrl3,0.72,179,1,1,1,1,0,1,0
febrl3,0.72,546,6,1,6,1,0,1,0
febrl3,0.72,651,1,1,1,1,0,1,0
febrl3,0.72,1886,6,1,6,1,0,1,0
febrl3,0.72,1862,2,1,2,1,0,1,0
febrl3,0.72,1993,2,1,2,1,0,1,0
febrl3,0.72,749,6,1,10,1,1,2,4
febrl3,0.72,99,4,1,4,1,0,1,0
febrl3,0.72,757,2,1,2,1,0,1,0
febrl3,0.72,100,6,1,6,1,0,1,0
febrl3,0.72,87,2,1,3,1,1,2,1
febrl3,0.72,1642,1,1,1,1,0,1,0
febrl3,0.72,731,4,1,17,1,1,2,13
febrl3,0.72,1403,6,1,6,1,0,1,0
febrl3,0.72,1438,5,1,30,1,1,2,25
febrl3,0.72,171,2,1,2,1,0,1,0
febrl3,0.72,1879,3,1,3,1,0,1,0
febrl3,0.72,1103,6,1,6,1,0,1,0
febrl3,0.72,457,1,1,1,1,0,1,0
febrl3,0.72,1022,6,1,7,1,1,2,1
febrl3,0.72,1037,1,1,1,1,0,1,0
febrl3,0.72,507,3,1,3,1,0,1,0
febrl3,0.72,460,1,1,1,1,0,1,0
febrl3,0.72,551,1,1,1,1,0,1,0
febrl3,0.72,121,5,1,6,1,1,2,1
febrl3,0.72,1268,1,1,1,1,0,1,0
febrl3,0.72,993,6,1,10,1,2,3,4
febrl3,0.72,1249,3,1,3,1,0,1,0
febrl3,0.72,1324,3,1,3,1,0,1,0
febrl3,0.72,54,5,1,5,1,0,1,0
febrl3,0.72,1032,2,1,2,1,0,1,0
febrl3,0.72,1376,2,1,2,1,0,1,0
febrl3,0.72,691,3,1,3,1,0,1,0
febrl3,0.72,284,1,1,1,1,0,1,0
febrl3,0.72,660,3,1,4,1,1,2,1
febrl3,0.72,942,2,1,8,1,2,3,6
febrl3,0.72,878,4,1,10,1,1,2,6
febrl3,0.72,836,5,1,5,1,0,1,0
febrl3,0.72,257,2,1,2,1,0,1,0
febrl3,0.72,743,4,1,4,1,0,1,0
febrl3,0.72,1233,1,1,1,1,0,1,0
febrl3,0.72,1494,2,2,2,2,0,2,0
febrl3,0.72,987,2,1,2,1,0,1,0
febrl3,0.72,1838,1,1,1,1,0,1,0
febrl3,0.72,659,3,1,3,1,0,1,0
febrl3,0.72,1880,5,1,10,1,1,2,5
febrl3,0.72,1950,2,1,2,1,0,1,0
febrl3,0.72,412,3,1,3,1,0,1,0
febrl3,0.72,109,4,1,4,1,0,1,0
febrl3,0.72,1717,6,1,6,1,0,1,0
febrl3,0.72,23,5,1,5,1,0,1,0
febrl3,0.72,605,2,1,2,1,0,1,0
febrl3,0.72,470,2,1,2,1,0,1,0
febrl3,0.72,1842,6,1,6,1,0,1,0
febrl3,0.72,838,5,1,5,1,0,1,0
febrl3,0.72,803,4,2,4,2,0,2,0
febrl3,0.72,351,3,1,3,1,0,1,0
febrl3,0.72,140,3,1,3,1,0,1,0
febrl3,0.72,188,2,1,2,1,0,1,0
febrl3,0.72,1204,1,1,1,1,0,1,0
febrl3,0.72,508,6,1,6,1,0,1,0
febrl3,0.72,724,6,1,7,1,1,2,1
febrl3,0.72,246,2,1,2,1,0,1,0
febrl3,0.72,844,5,1,5,1,0,1,0
febrl3,0.72,1382,2,1,6,1,1,2,4
febrl3,0.72,390,4,1,4,1,0,1,0
febrl3,0.72,1215,1,1,1,1,0,1,0
febrl3,0.72,1680,3,1,3,1,0,1,0
febrl3,0.72,1814,5,1,5,1,0,1,0
febrl3,0.72,141,5,1,5,1,0,1,0
febrl3,0.72,1564,4,1,4,1,0,1,0
febrl3,0.72,515,5,1,5,1,0,1,0
febrl3,0.72,1559,4,1,4,1,0,1,0
febrl3,0.72,1831,2,1,2,1,0,1,0
febrl3,0.72,1727,4,2,4,2,0,2,0
febrl3,0.72,1919,4,1,4,1,0,1,0
febrl3,0.72,31,1,1,1,1,0,1,0
febrl3,0.72,1412,1,1,1,1,0,1,0
febrl3,0.72,579,2,1,2,1,0,1,0
febrl3,0.72,737,1,1,1,1,0,1,0
febrl3,0.72,650,1,1,1,1,0,1,0
febrl3,0.72,1910,3,1,3,1,0,1,0
febrl3,0.72,667,2,1,2,1,0,1,0
febrl3,0.72,661,2,1,3,1,1,2,1
febrl3,0.72,1041,2,1,2,1,0,1,0
febrl3,0.72,548,1,1,2,1,1,2,1
febrl3,0.72,1397,3,1,3,1,0,1,0
febrl3,0.72,367,4,1,4,1,0,1,0
febrl3,0.72,542,1,1,1,1,0,1,0
febrl3,0.72,1522,1,1,1,1,0,1,0
febrl3,0.72,696,5,1,5,1,0,1,0
febrl3,0.72,835,1,1,1,1,0,1,0
febrl3,0.72,1013,1,1,1,1,0,1,0
febrl3,0.72,928,3,1,3,1,0,1,0
febrl3,0.72,237,2,1,2,1,0,1,0
febrl3,0.72,186,2,1,2,1,0,1,0
febrl3,0.72,444,4,1,4,1,0,1,0
febrl3,0.72,1087,5,1,5,1,0,1,0
febrl3,0.72,415,3,1,4,1,1,2,1
febrl3,0.72,1179,4,1,10,1,1,2,6
febrl3,0.72,416,1,1,3,1,1,2,2
febrl3,0.72,1410,6,1,6,1,0,1,0
febrl3,0.72,346,2,1,2,1,0,1,0
febrl3,0.72,380,6,1,6,1,0,1,0
febrl3,0.72,1231,1,1,1,1,0,1,0
febrl3,0.72,1026,3,1,3,1,0,1,0
febrl3,0.72,1266,1,1,1,1,0,1,0
febrl3,0.72,871,1,1,1,1,0,1,0
febrl3,0.72,1567,1,1,7,1,1,2,6
febrl3,0.72,274,5,1,6,1,1,2,1
febrl3,0.72,461,5,1,5,1,0,1,0
febrl3,0.72,223,3,1,39,1,1,2,36
febrl3,0.72,1241,3,1,3,1,0,1,0
febrl3,0.72,1117,5,2,7,2,2,4,2
febrl3,0.72,1044,5,1,5,1,0,1,0
febrl3,0.72,598,2,1,2,1,0,1,0
febrl3,0.72,1392,1,1,1,1,0,1,0
febrl3,0.72,372,4,1,4,1,0,1,0
febrl3,0.72,1555,3,1,3,1,0,1,0
febrl3,0.72,733,1,1,6,1,1,2,5
febrl3,0.72,1453,1,1,1,1,0,1,0
febrl3,0.72,1322,5,1,5,1,0,1,0
febrl3,0.72,1219,1,1,1,1,0,1,0
febrl3,0.72,123,1,1,1,1,0,1,0
febrl3,0.72,445,1,1,1,1,0,1,0
febrl3,0.72,1222,4,2,4,2,0,2,0
febrl3,0.72,544,1,1,1,1,0,1,0
febrl3,0.72,846,1,1,1,1,0,1,0
febrl3,0.72,1475,3,1,3,1,0,1,0
febrl3,0.72,1484,5,1,26,1,1,2,21
febrl3,0.72,84,3,1,3,1,0,1,0
febrl3,0.72,653,1,1,5,1,1,2,4
febrl3,0.72,46,4,1,8,1,1,2,4
febrl3,0.72,77,6,1,6,1,0,1,0
febrl3,0.72,1639,1,1,1,1,0,1,0
febrl3,0.72,1125,1,1,1,1,0,1,0
febrl3,0.72,1148,5,1,5,1,0,1,0
febrl3,0.72,1673,1,1,1,1,0,1,0
febrl3,0.72,495,2,1,2,1,0,1,0
febrl3,0.72,1851,6,2,6,2,0,2,0
febrl3,0.72,73,4,1,4,1,0,1,0
febrl3,0.72,725,4,1,4,1,0,1,0
febrl3,0.72,633,4,2,4,2,0,2,0
febrl3,0.72,895,2,1,2,1,0,1,0
febrl3,0.72,643,2,1,6,1,1,2,4
febrl3,0.72,1990,6,1,6,1,0,1,0
febrl3,0.72,137,1,1,8,1,2,3,7
febrl3,0.72,882,3,1,9,1,1,2,6
febrl3,0.72,381,3,1,3,1,0,1,0
febrl3,0.72,1094,3,1,3,1,0,1,0
febrl3,0.72,1971,2,1,2,1,0,1,0
febrl3,0.72,637,3,1,3,1,0,1,0
febrl3,0.72,769,1,1,1,1,0,1,0
febrl3,0.72,1749,3,1,3,1,0,1,0
febrl3,0.72,1002,2,1,2,1,0,1,0
febrl3,0.72,1143,5,1,5,1,0,1,0
febrl3,0.72,395,2,1,2,1,0,1,0
febrl3,0.72,200,1,1,1,1,0,1,0
febrl3,0.72,1531,2,1,2,1,0,1,0
febrl3,0.72,146,1,1,1,1,0,1,0
febrl3,0.72,682,4,1,4,1,0,1,0
febrl3,0.72,475,4,1,4,1,0,1,0
febrl3,0.72,701,1,1,1,1,0,1,0
febrl3,0.72,549,1,1,1,1,0,1,0
febrl3,0.72,646,2,1,6,1,1,2,4
febrl3,0.72,909,1,1,1,1,0,1,0
febrl3,0.72,688,3,1,3,1,0,1,0
febrl3,0.72,1728,3,1,3,1,0,1,0
febrl3,0.72,804,6,1,6,1,0,1,0
febrl3,0.72,312,5,2,5,2,0,2,0
febrl3,0.72,447,2,1,2,1,0,1,0
febrl3,0.72,41,1,1,1,1,0,1,0
febrl3,0.72,594,3,2,3,2,0,2,0
febrl3,0.72,233,1,1,1,1,0,1,0
febrl3,0.72,1501,1,1,1,1,0,1,0
febrl3,0.72,1643,2,1,8,1,1,2,6
febrl3,0.72,825,5,1,5,1,0,1,0
febrl3,0.72,1131,3,1,3,1,0,1,0
febrl3,0.72,210,6,1,6,1,0,1,0
febrl3,0.72,1007,5,1,5,1,0,1,0
febrl3,0.72,1336,2,1,10,1,1,2,8
febrl3,0.72,541,3,1,3,1,0,1,0
febrl3,0.72,334,1,1,1,1,0,1,0
febrl3,0.72,591,4,1,4,1,0,1,0
febrl3,0.72,1212,3,2,3,2,0,2,0
febrl3,0.72,1319,1,1,1,1,0,1,0
febrl3,0.72,1937,1,1,1,1,0,1,0
febrl3,0.72,450,1,1,1,1,0,1,0
febrl3,0.72,300,2,1,2,1,0,1,0
febrl3,0.72,671,3,1,3,1,0,1,0
febrl3,0.72,1307,6,1,6,1,0,1,0
febrl3,0.72,995,2,1,2,1,0,1,0
febrl3,0.72,877,3,1,3,1,0,1,0
febrl3,0.72,817,3,1,3,1,0,1,0
febrl3,0.72,1986,6,1,6,1,0,1,0
febrl3,0.72,850,2,1,2,1,0,1,0
febrl3,0.72,1221,1,1,1,1,0,1,0
febrl3,0.72,1747,4,2,4,2,0,2,0
febrl3,0.72,1135,3,1,3,1,0,1,0
febrl3,0.72,28,6,1,6,1,0,1,0
febrl3,0.72,867,1,1,1,1,0,1,0
febrl3,0.72,893,3,1,3,1,0,1,0
febrl3,0.72,1755,1,1,1,1,0,1,0
febrl3,0.72,130,1,1,1,1,0,1,0
febrl3,0.72,1162,1,1,3,1,1,2,2
febrl3,0.72,816,4,1,4,1,0,1,0
febrl3,0.72,499,1,1,6,1,1,2,5
febrl3,0.72,1547,1,1,1,1,0,1,0
febrl3,0.72,601,4,1,4,1,0,1,0
febrl3,0.72,294,2,1,2,1,0,1,0
febrl3,0.72,1,1,1,1,1,0,1,0
febrl3,0.72,808,3,1,3,1,0,1,0
febrl3,0.72,289,5,1,7,1,2,3,2
febrl3,0.72,948,4,1,4,1,0,1,0
febrl3,0.72,1428,1,1,1,1,0,1,0
febrl3,0.72,1362,2,1,2,1,0,1,0
febrl3,0.72,705,3,1,3,1,0,1,0
febrl3,0.72,1960,5,1,5,1,0,1,0
febrl3,0.72,1743,2,1,2,1,0,1,0
febrl3,0.72,1193,5,1,5,1,0,1,0
febrl3,0.72,911,3,1,28,1,1,2,25
febrl3,0.72,1257,1,1,1,1,0,1,0
febrl3,0.72,603,1,1,1,1,0,1,0
febrl3,0.72,1989,2,1,2,1,0,1,0
febrl3,0.72,1767,2,1,2,1,0,1,0
febrl3,0.72,596,1,1,1,1,0,1,0
febrl3,0.72,647,1,1,1,1,0,1,0
febrl3,0.72,25,4,1,4,1,0,1,0
febrl3,0.72,1323,1,1,1,1,0,1,0
febrl3,0.72,352,5,1,5,1,0,1,0
febrl3,0.72,1804,4,2,29,2,1,3,25
febrl3,0.72,57,6,1,6,1,0,1,0
febrl3,0.72,534,3,1,7,1,1,2,4
febrl3,0.72,1075,3,1,3,1,0,1,0
febrl3,0.72,212,5,1,6,1,1,2,1
febrl3,0.72,1907,2,1,2,1,0,1,0
febrl3,0.72,1739,1,1,1,1,0,1,0
febrl3,0.72,44,3,1,3,1,0,1,0
febrl3,0.72,564,2,1,2,1,0,1,0
febrl3,0.72,1273,5,2,5,2,0,2,0
febrl3,0.72,384,4,1,4,1,0,1,0
febrl3,0.72,1141,2,1,3,1,1,2,1
febrl3,0.72,751,3,1,3,1,0,1,0
febrl3,0.72,883,2,1,2,1,0,1,0
febrl3,0.72,1821,3,1,3,1,0,1,0
febrl3,0.72,1371,2,1,2,1,0,1,0
febrl3,0.72,1510,2,1,2,1,0,1,0
febrl3,0.72,1766,5,1,5,1,0,1,0
febrl3,0.72,1439,1,1,1,1,0,1,0
febrl3,0.72,473,3,1,3,1,0,1,0
febrl3,0.72,258,4,1,6,1,1,2,2
febrl3,0.72,872,3,1,3,1,0,1,0
febrl3,0.72,128,2,1,2,1,0,1,0
febrl3,0.72,964,2,1,2,1,0,1,0
febrl3,0.72,1583,1,1,1,1,0,1,0
febrl3,0.72,784,6,1,6,1,0,1,0
febrl3,0.72,1651,1,1,1,1,0,1,0
febrl3,0.72,1756,6,1,6,1,0,1,0
febrl3,0.72,6,5,1,5,1,0,1,0
febrl3,0.72,777,2,1,2,1,0,1,0
febrl3,0.72,1348,4,1,4,1,0,1,0
febrl3,0.72,327,5,1,5,1,0,1,0
febrl3,0.72,1699,2,1,2,1,0,1,0
febrl3,0.72,396,1,1,1,1,0,1,0
febrl3,0.72,1920,1,1,1,1,0,1,0
febrl3,0.72,139,3,1,3,1,0,1,0
febrl3,0.72,167,2,1,2,1,0,1,0
febrl3,0.72,211,1,1,1,1,0,1,0
febrl3,0.72,1276,2,1,2,1,0,1,0
febrl3,0.72,978,1,1,1,1,0,1,0
febrl3,0.72,1813,2,1,30,1,1,2,28
febrl3,0.72,1367,1,1,1,1,0,1,0
febrl3,0.72,254,1,1,2,1,1,2,1
febrl3,0.72,96,2,1,2,1,0,1,0
febrl3,0.72,1105,4,1,10,1,2,3,6
febrl3,0.72,1056,6,1,6,1,0,1,0
febrl3,0.72,1345,2,1,3,1,1,2,1
febrl3,0.72,449,1,1,1,1,0,1,0
febrl3,0.72,1288,1,1,1,1,0,1,0
febrl3,0.72,1864,2,1,2,1,0,1,0
febrl3,0.72,1708,6,1,6,1,0,1,0
febrl3,0.72,1764,4,1,9,1,1,2,5
febrl3,0.72,1762,1,1,1,1,0,1,0
febrl3,0.72,428,5,1,5,1,0,1,0
febrl3,0.72,880,6,1,26,1,2,3,20
febrl3,0.72,126,5,1,5,1,0,1,0
febrl3,0.72,1832,4,1,10,1,2,3,6
febrl3,0.72,917,3,1,7,1,1,2,4
febrl3,0.72,467,1,1,1,1,0,1,0
febrl3,0.72,1295,1,1,1,1,0,1,0
febrl3,0.72,1921,1,1,1,1,0,1,0
febrl3,0.72,1161,5,1,5,1,0,1,0
febrl3,0.72,599,4,1,4,1,0,1,0
febrl3,0.72,485,2,1,2,1,0,1,0
febrl3,0.72,242,4,1,4,1,0,1,0
febrl3,0.72,1264,1,1,1,1,0,1,0
febrl3,0.72,1681,2,1,2,1,0,1,0
febrl3,0.72,1244,5,1,7,1,1,2,2
febrl3,0.72,430,1,1,1,1,0,1,0
febrl3,0.72,710,4,1,6,1,1,2,2
febrl3,0.72,1145,1,1,1,1,0,1,0
febrl3,0.72,342,2,1,2,1,0,1,0
febrl3,0.72,358,3,1,3,1,0,1,0
febrl3,0.72,1017,2,1,2,1,0,1,0
febrl3,0.72,1427,3,1,17,1,2,3,14
febrl3,0.72,1437,3,1,30,1,2,3,27
febrl3,0.72,1133,4,1,5,1,1,2,1
febrl3,0.72,1160,3,1,3,1,0,1,0
febrl3,0.72,1070,2,1,2,1,0,1,0
febrl3,0.72,1077,2,1,2,1,0,1,0
febrl3,0.72,656,6,1,7,1,1,2,1
febrl3,0.72,1618,6,1,6,1,0,1,0
febrl3,0.72,1596,3,1,3,1,0,1,0
febrl3,0.72,1669,4,1,4,1,0,1,0
febrl3,0.72,775,3,1,3,1,0,1,0
febrl3,0.72,1313,2,1,2,1,0,1,0
febrl3,0.72,592,5,1,5,1,0,1,0
febrl3,0.72,519,4,1,6,1,1,2,2
febrl3,0.72,709,2,1,2,1,0,1,0
febrl3,0.72,810,2,1,7,1,1,2,5
febrl3,0.72,1999,1,1,9,1,1,2,8
febrl3,0.72,1136,2,1,2,1,0,1,0
febrl3,0.72,649,1,1,1,1,0,1,0
febrl3,0.72,1722,2,1,2,1,0,1,0
febrl3,0.72,1892,2,1,2,1,0,1,0
febrl3,0.72,33,1,1,1,1,0,1,0
febrl3,0.72,1908,1,1,1,1,0,1,0
febrl3,0.72,1947,6,1,6,1,0,1,0
febrl3,0.72,1514,1,1,1,1,0,1,0
febrl3,0.72,1877,5,1,28,1,1,2,23
febrl3,0.72,874,1,1,1,1,0,1,0
febrl3,0.72,310,4,1,4,1,0,1,0
febrl3,0.72,356,4,1,10,1,1,2,6
febrl3,0.72,1820,2,1,4,1,1,2,2
febrl3,0.72,1486,1,1,1,1,0,1,0
febrl3,0.72,1954,1,1,1,1,0,1,0
febrl3,0.72,1402,1,1,2,1,1,2,1
febrl3,0.72,1637,4,1,4,1,0,1,0
febrl3,0.72,1848,5,2,5,2,0,2,0
febrl3,0.72,1015,1,1,3,1,1,2,2
febrl3,0.72,1976,4,1,4,1,0,1,0
febrl3,0.72,1207,5,1,16,1,3,4,11
febrl3,0.72,1361,4,1,4,1,0,1,0
febrl3,0.72,1545,1,1,16,1,1,2,15
febrl3,0.72,1630,3,1,3,1,0,1,0
febrl3,0.72,609,6,1,6,1,0,1,0
febrl3,0.72,1375,4,1,16,1,2,3,12
febrl3,0.72,1214,2,1,2,1,0,1,0
febrl3,0.72,1916,1,1,1,1,0,1,0
febrl3,0.72,1606,1,1,2,1,1,2,1
febrl3,0.72,1938,4,1,4,1,0,1,0
febrl3,0.72,198,1,1,1,1,0,1,0
febrl3,0.72,494,1,1,2,1,1,2,1
febrl3,0.72,1467,5,1,8,1,1,2,3
febrl3,0.72,1770,4,1,4,1,0,1,0
febrl3,0.72,1504,2,1,2,1,0,1,0
febrl3,0.72,1178,1,1,1,1,0,1,0
febrl3,0.72,1406,1,1,1,1,0,1,0
febrl3,0.72,1765,4,1,4,1,0,1,0
febrl3,0.72,1926,1,1,1,1,0,1,0
febrl3,0.72,1731,1,1,1,1,0,1,0
febrl3,0.72,1242,6,1,6,1,0,1,0
febrl3,0.72,388,1,1,1,1,0,1,0
febrl3,0.72,597,1,1,1,1,0,1,0
febrl3,0.72,752,1,1,1,1,0,1,0
febrl3,0.72,1352,1,1,1,1,0,1,0
febrl3,0.72,400,5,1,5,1,0,1,0
febrl3,0.72,1085,3,1,3,1,0,1,0
febrl3,0.72,39,2,1,2,1,0,1,0
febrl3,0.72,267,4,1,7,1,1,2,3
febrl3,0.72,839,5,1,6,1,1,2,1
febrl3,0.72,82,3,1,3,1,0,1,0
febrl3,0.72,1203,2,1,2,1,0,1,0
febrl3,0.72,1939,2,1,2,1,0,1,0
febrl3,0.72,537,2,1,2,1,0,1,0
febrl3,0.72,303,2,1,2,1,0,1,0
febrl3,0.72,1645,1,1,1,1,0,1,0
febrl3,0.72,1121,2,1,2,1,0,1,0
febrl3,0.72,1565,2,1,2,1,0,1,0
febrl3,0.72,192,1,1,1,1,0,1,0
febrl3,0.72,1629,4,2,4,2,0,2,0
febrl3,0.72,1445,5,1,5,1,0,1,0
febrl3,0.72,699,1,1,1,1,0,1,0
febrl3,0.72,753,1,1,1,1,0,1,0
febrl3,0.72,996,3,1,3,1,0,1,0
febrl3,0.72,1153,1,1,1,1,0,1,0
febrl3,0.72,138,4,1,4,1,0,1,0
febrl3,0.72,934,2,1,2,1,0,1,0
febrl3,0.72,1350,1,1,1,1,0,1,0
febrl3,0.72,1513,3,1,3,1,0,1,0
febrl3,0.72,890,1,1,1,1,0,1,0
febrl3,0.72,1340,3,1,3,1,0,1,0
febrl3,0.72,314,3,1,3,1,0,1,0
febrl3,0.72,1154,2,1,2,1,0,1,0
febrl3,0.72,1335,5,1,5,1,0,1,0
febrl3,0.72,1803,1,1,1,1,0,1,0
febrl3,0.72,1089,1,1,1,1,0,1,0
febrl3,0.72,1493,5,1,30,1,5,6,25
febrl3,0.72,313,2,1,2,1,0,1,0
febrl3,0.72,1615,1,1,1,1,0,1,0
febrl3,0.72,955,1,1,1,1,0,1,0
febrl3,0.72,1793,2,1,2,1,0,1,0
febrl3,0.72,1768,1,1,1,1,0,1,0
febrl3,0.72,1226,2,1,2,1,0,1,0
febrl3,0.72,1808,4,1,4,1,0,1,0
febrl3,0.72,472,3,1,3,1,0,1,0
febrl3,0.72,1753,4,1,4,1,0,1,0
febrl3,0.72,418,2,1,2,1,0,1,0
febrl3,0.72,290,4,1,4,1,0,1,0
febrl3,0.72,1272,3,1,3,1,0,1,0
febrl3,0.72,1100,6,1,7,1,1,2,1
febrl3,0.72,148,3,1,3,1,0,1,0
febrl3,0.72,391,1,1,1,1,0,1,0
febrl3,0.72,1598,3,1,3,1,0,1,0
febrl3,0.72,760,4,1,4,1,0,1,0
febrl3,0.72,1165,4,1,4,1,0,1,0
febrl3,0.72,747,6,1,9,1,1,2,3
febrl3,0.72,1418,6,1,6,1,0,1,0
febrl3,0.72,1278,3,1,3,1,0,1,0
febrl3,0.72,1660,3,1,26,1,2,3,23
febrl3,0.72,489,6,1,6,1,0,1,0
febrl3,0.72,1483,1,1,1,1,0,1,0
febrl3,0.72,562,2,1,2,1,0,1,0
febrl3,0.72,1440,1,1,3,1,1,2,2
febrl3,0.72,1464,3,1,3,1,0,1,0
febrl3,0.72,104,2,1,2,1,0,1,0
febrl3,0.72,581,4,1,4,1,0,1,0
febrl3,0.72,1456,2,1,2,1,0,1,0
febrl3,0.72,58,3,1,26,1,1,2,23
febrl3,0.72,156,1,1,1,1,0,1,0
febrl3,0.72,1360,1,1,1,1,0,1,0
febrl3,0.72,234,1,1,1,1,0,1,0
febrl3,0.72,516,1,1,1,1,0,1,0
febrl3,0.72,131,2,1,2,1,0,1,0
febrl3,0.72,1809,3,1,3,1,0,1,0
febrl3,0.72,1970,3,2,3,2,0,2,0
febrl3,0.72,1229,4,1,4,1,0,1,0
febrl3,0.72,638,4,1,4,1,0,1,0
febrl3,0.72,143,5,2,5,2,0,2,0
febrl3,0.72,1657,6,1,6,1,0,1,0
febrl3,0.72,1609,1,1,1,1,0,1,0
febrl3,0.72,1370,2,1,2,1,0,1,0
febrl3,0.72,1914,1,1,7,1,1,2,6
febrl3,0.72,837,1,1,1,1,0,1,0
febrl3,0.72,859,4,1,4,1,0,1,0
febrl3,0.72,809,3,1,4,1,1,2,1
febrl3,0.72,1521,2,1,2,1,0,1,0
febrl3,0.72,897,4,1,4,1,0,1,0
febrl3,0.72,734,1,1,1,1,0,1,0
febrl3,0.72,930,1,1,1,1,0,1,0
febrl3,0.72,1099,2,1,2,1,0,1,0
febrl3,0.72,553,2,1,2,1,0,1,0
febrl3,0.72,913,1,1,1,1,0,1,0
febrl3,0.72,780,1,1,1,1,0,1,0
febrl3,0.72,1086,2,1,2,1,0,1,0
febrl3,0.72,1463,1,1,30,1,1,2,29
febrl3,0.72,1411,4,1,4,1,0,1,0
febrl3,0.72,1294,1,1,1,1,0,1,0
febrl3,0.72,1622,2,1,2,1,0,1,0
febrl3,0.72,1505,3,1,3,1,0,1,0
febrl3,0.72,1234,3,1,3,1,0,1,0
febrl3,0.72,1899,3,1,3,1,0,1,0
febrl3,0.72,414,1,1,1,1,0,1,0
febrl3,0.72,238,2,1,2,1,0,1,0
febrl3,0.72,180,3,1,3,1,0,1,0
febrl3,0.72,1983,6,1,6,1,0,1,0
febrl3,0.72,1828,1,1,1,1,0,1,0
febrl3,0.72,1084,3,1,3,1,0,1,0
febrl3,0.72,331,2,1,3,1,1,2,1
febrl3,0.72,1423,1,1,1,1,0,1,0
febrl3,0.72,862,5,1,5,1,0,1,0
febrl3,0.72,1254,1,1,8,1,1,2,7
febrl3,0.72,263,1,1,1,1,0,1,0
febrl3,0.72,1973,2,1,2,1,0,1,0
febrl3,0.72,1079,1,1,17,1,1,2,16
febrl3,0.72,1683,1,1,30,1,2,3,29
febrl3,0.72,1470,1,1,1,1,0,1,0
febrl3,0.72,936,2,1,2,1,0,1,0
febrl3,0.72,1665,6,1,6,1,0,1,0
febrl3,0.72,295,2,1,2,1,0,1,0
febrl3,0.72,7,5,1,5,1,0,1,0
febrl3,0.72,554,6,1,6,1,0,1,0
febrl3,0.72,1342,4,1,4,1,0,1,0
febrl3,0.72,1065,1,1,1,1,0,1,0
febrl3,0.72,857,1,1,1,1,0,1,0
febrl3,0.72,1488,3,1,3,1,0,1,0
febrl3,0.72,1712,1,1,1,1,0,1,0
febrl3,0.72,702,4,1,4,1,0,1,0
febrl3,0.72,1790,3,1,6,1,1,2,3
febrl3,0.72,1211,2,1,2,1,0,1,0
febrl3,0.72,706,1,1,16,1,1,2,15
febrl3,0.72,538,3,1,3,1,0,1,0
febrl3,0.72,1736,4,1,4,1,0,1,0
febrl3,0.72,1053,1,1,1,1,0,1,0
febrl3,0.72,307,1,1,1,1,0,1,0
febrl3,0.72,354,2,1,2,1,0,1,0
febrl3,0.72,1775,2,1,2,1,0,1,0
febrl3,0.72,1289,2,1,2,1,0,1,0
febrl3,0.72,1800,5,1,5,1,0,1,0
febrl3,0.72,946,1,1,1,1,0,1,0
febrl3,0.72,1107,1,1,1,1,0,1,0
febrl3,0.72,423,1,1,1,1,0,1,0
febrl3,0.72,1415,1,1,4,1,1,2,3
febrl3,0.72,1393,2,1,2,1,0,1,0
febrl3,0.72,1817,2,1,2,1,0,1,0
febrl3,0.72,1052,3,1,3,1,0,1,0
febrl3,0.72,796,6,1,6,1,0,1,0
febrl3,0.72,1443,1,1,1,1,0,1,0
febrl3,0.72,612,3,1,3,1,0,1,0
febrl3,0.72,1569,2,1,2,1,0,1,0
febrl3,0.72,266,2,1,2,1,0,1,0
febrl3,0.72,900,2,1,2,1,0,1,0
febrl3,0.72,1730,4,1,4,1,0,1,0
febrl3,0.72,1763,1,1,1,1,0,1,0
febrl3,0.72,158,1,1,1,1,0,1,0
febrl3,0.72,807,1,1,1,1,0,1,0
febrl3,0.72,1789,1,1,1,1,0,1,0
febrl3,0.72,1822,1,1,3,1,1,2,2
febrl3,0.72,279,6,1,6,1,0,1,0
febrl3,0.72,971,1,1,1,1,0,1,0
febrl3,0.72,896,2,1,2,1,0,1,0
febrl3,0.72,1082,2,1,2,1,0,1,0
febrl3,0.72,1810,2,1,8,1,1,2,6
febrl3,0.72,566,1,1,1,1,0,1,0
febrl3,0.72,1450,1,1,1,1,0,1,0
febrl3,0.72,1961,2,1,2,1,0,1,0
febrl3,0.72,790,2,1,2,1,0,1,0
febrl3,0.72,347,2,1,3,1,1,2,1
febrl3,0.72,336,1,1,1,1,0,1,0
febrl3,0.72,793,6,1,6,1,0,1,0
febrl3,0.72,321,6,1,6,1,0,1,0
febrl3,0.72,640,5,1,5,1,0,1,0
febrl3,0.72,406,2,1,2,1,0,1,0
febrl3,0.72,477,1,1,1,1,0,1,0
febrl3,0.72,645,3,2,3,2,0,2,0
febrl3,0.72,628,3,1,3,1,0,1,0
febrl3,0.72,1538,1,1,1,1,0,1,0
febrl3,0.72,1715,5,1,5,1,0,1,0
febrl3,0.72,602,1,1,1,1,0,1,0
febrl3,0.72,1091,4,1,4,1,0,1,0
febrl3,0.72,1256,2,1,2,1,0,1,0
febrl3,0.72,74,3,1,3,1,0,1,0
febrl3,0.72,916,1,1,1,1,0,1,0
febrl3,0.72,675,1,1,1,1,0,1,0
febrl3,0.72,1785,1,1,1,1,0,1,0
febrl3,0.72,1987,3,1,3,1,0,1,0
febrl3,0.72,1127,4,1,6,1,1,2,2
febrl3,0.72,59,1,1,1,1,0,1,0
febrl3,0.72,931,1,1,1,1,0,1,0
febrl3,0.72,157,1,1,1,1,0,1,0
febrl3,0.72,1968,2,1,2,1,0,1,0
febrl3,0.72,545,3,1,3,1,0,1,0
febrl3,0.72,437,2,1,2,1,0,1,0
febrl3,0.72,593,6,1,6,1,0,1,0
febrl3,0.72,1812,2,1,2,1,0,1,0
febrl3,0.72,1823,1,1,1,1,0,1,0
febrl3,0.72,1063,1,1,1,1,0,1,0
febrl3,0.72,1654,2,1,6,1,1,2,4
febrl3,0.72,1018,1,1,1,1,0,1,0
febrl3,0.72,1725,6,1,6,1,0,1,0
febrl3,0.72,413,1,1,1,1,0,1,0
febrl3,0.72,1225,1,1,1,1,0,1,0
febrl3,0.72,1246,1,1,1,1,0,1,0
febrl3,0.72,1147,1,1,1,1,0,1,0
febrl3,0.72,915,1,1,6,1,2,3,5
febrl3,0.72,1465,1,1,1,1,0,1,0
febrl3,0.72,184,1,1,1,1,0,1,0
febrl3,0.72,1525,2,1,2,1,0,1,0
febrl3,0.72,697,1,1,1,1,0,1,0
febrl3,0.72,1635,4,1,4,1,0,1,0
febrl3,0.72,712,1,1,1,1,0,1,0
febrl3,0.72,1420,6,1,6,1,0,1,0
febrl3,0.72,510,2,1,2,1,0,1,0
febrl3,0.72,17,1,1,1,1,0,1,0
febrl3,0.72,217,4,1,4,1,0,1,0
febrl3,0.72,670,6,1,6,1,0,1,0
febrl3,0.72,98,1,1,1,1,0,1,0
febrl3,0.72,1591,1,1,1,1,0,1,0
febrl3,0.72,1158,2,1,2,1,0,1,0
febrl3,0.72,1262,2,1,6,1,1,2,4
febrl3,0.72,819,3,1,3,1,0,1,0
febrl3,0.72,685,2,1,2,1,0,1,0
febrl3,0.72,1491,4,1,4,1,0,1,0
febrl3,0.72,47,5,1,5,1,0,1,0
febrl3,0.72,1837,1,1,1,1,0,1,0
febrl3,0.72,14,5,1,5,1,0,1,0
febrl3,0.72,1025,1,1,1,1,0,1,0
febrl3,0.72,763,1,1,1,1,0,1,0
febrl3,0.72,920,2,1,2,1,0,1,0
febrl3,0.72,1915,1,1,1,1,0,1,0
febrl3,0.72,89,1,1,1,1,0,1,0
febrl3,0.72,674,2,1,2,1,0,1,0
febrl3,0.72,50,2,1,2,1,0,1,0
febrl3,0.72,772,5,1,5,1,0,1,0
febrl3,0.72,620,2,1,2,1,0,1,0
febrl3,0.72,209,1,1,1,1,0,1,0
febrl3,0.72,1512,4,1,6,1,1,2,2
febrl3,0.72,243,1,1,1,1,0,1,0
febrl3,0.72,586,1,1,1,1,0,1,0
febrl3,0.72,1354,1,1,1,1,0,1,0
febrl3,0.72,1490,3,1,3,1,0,1,0
febrl3,0.72,1338,2,1,2,1,0,1,0
febrl3,0.72,1607,3,1,3,1,0,1,0
febrl3,0.72,1788,2,1,2,1,0,1,0
febrl3,0.72,170,1,1,1,1,0,1,0
febrl3,0.72,304,5,1,5,1,0,1,0
febrl3,0.72,829,4,2,4,2,0,2,0
febrl3,0.72,1691,1,1,1,1,0,1,0
febrl3,0.72,1205,1,1,1,1,0,1,0
febrl3,0.72,1930,1,1,1,1,0,1,0
febrl3,0.72,1485,1,1,6,1,1,2,5
febrl3,0.72,1202,1,1,1,1,0,1,0
febrl3,0.72,1385,1,1,1,1,0,1,0
febrl3,0.72,201,2,1,2,1,0,1,0
febrl3,0.72,43,1,1,6,1,1,2,5
febrl3,0.72,1912,3,1,3,1,0,1,0
febrl3,0.72,464,1,1,1,1,0,1,0
febrl3,0.72,1966,1,1,1,1,0,1,0
febrl3,0.72,1303,2,1,2,1,0,1,0
febrl3,0.72,1479,3,1,7,1,1,2,4
febrl3,0.72,1911,1,1,1,1,0,1,0
febrl3,0.72,3,3,1,3,1,0,1,0
febrl3,0.72,364,2,1,2,1,0,1,0
febrl3,0.72,1083,4,1,4,1,0,1,0
febrl3,0.72,715,1,1,1,1,0,1,0
febrl3,0.72,1383,4,1,4,1,0,1,0
febrl3,0.72,1414,1,1,1,1,0,1,0
febrl3,0.72,1795,1,1,10,1,1,2,9
febrl3,0.72,318,5,1,10,1,1,2,5
febrl3,0.72,979,1,1,1,1,0,1,0
febrl3,0.72,1867,2,1,2,1,0,1,0
febrl3,0.72,55,5,1,5,1,0,1,0
febrl3,0.72,937,4,1,4,1,0,1,0
febrl3,0.72,1058,3,1,3,1,0,1,0
febrl3,0.72,1419,4,1,4,1,0,1,0
febrl3,0.72,1865,3,1,6,1,1,2,3
febrl3,0.72,766,2,1,2,1,0,1,0
febrl3,0.72,1300,1,1,6,1,1,2,5
febrl3,0.72,355,4,1,4,1,0,1,0
febrl3,0.72,196,1,1,1,1,0,1,0
febrl3,0.72,252,1,1,1,1,0,1,0
febrl3,0.72,155,3,1,3,1,0,1,0
febrl3,0.72,926,1,1,1,1,0,1,0
febrl3,0.72,282,1,1,1,1,0,1,0
febrl3,0.72,1389,3,1,9,1,1,2,6
febrl3,0.72,1265,3,1,3,1,0,1,0
febrl3,0.72,1826,1,1,1,1,0,1,0
febrl3,0.72,1059,1,1,1,1,0,1,0
febrl3,0.72,1664,1,1,1,1,0,1,0
febrl3,0.72,767,4,1,4,1,0,1,0
febrl3,0.72,1905,1,1,3,1,1,2,2
febrl3,0.72,1500,2,1,2,1,0,1,0
febrl3,0.72,1274,1,1,1,1,0,1,0
febrl3,0.72,297,1,1,1,1,0,1,0
febrl3,0.72,1791,6,1,6,1,0,1,0
febrl3,0.72,972,3,1,3,1,0,1,0
febrl3,0.72,869,4,1,4,1,0,1,0
febrl3,0.72,500,5,1,5,1,0,1,0
febrl3,0.72,1709,2,1,2,1,0,1,0
febrl3,0.72,337,3,1,3,1,0,1,0
febrl3,0.72,1757,5,1,5,1,0,1,0
febrl3,0.72,1576,3,1,3,1,0,1,0
febrl3,0.72,606,1,1,1,1,0,1,0
febrl3,0.72,1299,1,1,1,1,0,1,0
febrl3,0.72,997,2,1,2,1,0,1,0
febrl3,0.72,1936,2,1,2,1,0,1,0
febrl3,0.72,1260,4,1,4,1,0,1,0
febrl3,0.72,1033,2,1,2,1,0,1,0
febrl3,0.72,315,3,1,12,1,1,2,9
febrl3,0.72,435,2,1,2,1,0,1,0
febrl3,0.72,1466,1,1,1,1,0,1,0
febrl3,0.72,491,3,1,3,1,0,1,0
febrl3,0.72,855,5,1,5,1,0,1,0
febrl3,0.72,1243,5,1,5,1,0,1,0
febrl3,0.72,795,1,1,1,1,0,1,0
febrl3,0.72,865,2,1,2,1,0,1,0
febrl3,0.72,394,5,1,17,1,1,2,12
febrl3,0.72,933,4,1,39,1,2,3,35
febrl3,0.72,1853,2,1,2,1,0,1,0
febrl3,0.72,973,1,1,1,1,0,1,0
febrl3,0.72,239,3,1,10,1,1,2,7
febrl3,0.72,253,1,1,1,1,0,1,0
febrl3,0.72,251,3,1,3,1,0,1,0
febrl3,0.72,610,1,1,1,1,0,1,0
febrl3,0.72,1541,2,1,2,1,0,1,0
febrl3,0.72,1711,2,1,2,1,0,1,0
febrl3,0.72,1704,4,1,4,1,0,1,0
febrl3,0.72,797,1,1,1,1,0,1,0
febrl3,0.72,248,3,1,3,1,0,1,0
febrl3,0.72,218,1,1,5,1,1,2,4
febrl3,0.72,63,1,1,1,1,0,1,0
febrl3,0.72,1612,1,1,6,1,2,3,5
febrl3,0.72,458,6,1,6,1,0,1,0
febrl3,0.72,1434,1,1,1,1,0,1,0
febrl3,0.72,1882,1,1,1,1,0,1,0
febrl3,0.72,369,1,1,1,1,0,1,0
febrl3,0.72,520,2,1,6,1,1,2,4
febrl3,0.72,1575,2,1,2,1,0,1,0
febrl3,0.72,1924,1,1,1,1,0,1,0
febrl3,0.72,932,2,1,2,1,0,1,0
febrl3,0.72,1116,1,1,1,1,0,1,0
febrl3,0.72,287,3,1,3,1,0,1,0
febrl3,0.72,48,2,1,2,1,0,1,0
febrl3,0.72,1166,1,1,1,1,0,1,0
febrl3,0.72,1259,2,1,2,1,0,1,0
febrl3,0.72,446,1,1,1,1,0,1,0
febrl3,0.72,770,3,2,3,2,0,2,0
febrl3,0.72,1476,1,1,1,1,0,1,0
febrl3,0.72,92,1,1,1,1,0,1,0
febrl3,0.72,1369,1,1,1,1,0,1,0
febrl3,0.72,1587,1,1,1,1,0,1,0
febrl3,0.72,1023,1,1,1,1,0,1,0
febrl3,0.72,411,2,1,17,1,2,3,15
febrl3,0.72,673,3,1,3,1,0,1,0
febrl3,0.72,1652,1,1,1,1,0,1,0
febrl3,0.72,866,2,1,39,1,2,3,37
febrl3,0.72,1447,1,1,1,1,0,1,0
febrl3,0.72,1689,1,1,1,1,0,1,0
febrl3,0.72,1568,2,1,2,1,0,1,0
febrl3,0.72,1802,2,1,2,1,0,1,0
febrl3,0.72,1860,6,1,6,1,0,1,0
febrl3,0.72,402,1,1,1,1,0,1,0
febrl3,0.72,558,1,1,1,1,0,1,0
febrl3,0.72,324,3,1,3,1,0,1,0
febrl3,0.72,1150,2,1,2,1,0,1,0
febrl3,0.72,652,2,1,2,1,0,1,0
febrl3,0.72,1223,2,1,2,1,0,1,0
febrl3,0.72,845,1,1,1,1,0,1,0
febrl3,0.72,1118,1,1,1,1,0,1,0
febrl3,0.72,1777,2,1,17,1,4,5,15
febrl3,0.72,2,1,1,1,1,0,1,0
febrl3,0.72,970,1,1,6,1,1,2,5
febrl3,0.72,359,2,1,2,1,0,1,0
febrl3,0.72,1310,2,1,4,1,1,2,2
febrl3,0.72,1413,1,1,1,1,0,1,0
febrl3,0.72,1769,6,1,12,1,3,4,6
febrl3,0.72,713,2,1,2,1,0,1,0
febrl3,0.72,677,2,1,2,1,0,1,0
febrl3,0.72,1946,1,1,1,1,0,1,0
febrl3,0.72,947,2,1,2,1,0,1,0
febrl3,0.72,512,2,1,10,1,1,2,8
febrl3,0.72,215,1,1,1,1,0,1,0
febrl3,0.72,1312,3,1,4,1,1,2,1
febrl3,0.72,1426,3,2,3,2,0,2,0
febrl3,0.72,863,2,1,2,1,0,1,0
febrl3,0.72,1306,1,1,1,1,0,1,0
febrl3,0.72,509,1,1,1,1,0,1,0
febrl3,0.72,1544,1,1,1,1,0,1,0
febrl3,0.72,982,3,2,3,2,0,2,0
febrl3,0.72,573,2,1,2,1,0,1,0
febrl3,0.72,1408,1,1,1,1,0,1,0
febrl3,0.72,898,3,1,3,1,0,1,0
febrl3,0.72,1066,1,1,3,1,1,2,2
febrl3,0.72,1146,1,1,1,1,0,1,0
febrl3,0.72,1292,1,1,4,1,1,2,3
febrl3,0.72,1071,6,1,6,1,0,1,0
febrl3,0.72,529,2,1,2,1,0,1,0
febrl3,0.72,166,3,1,3,1,0,1,0
febrl3,0.72,27,1,1,1,1,0,1,0
febrl3,0.72,9,1,1,1,1,0,1,0
febrl3,0.72,1710,1,1,3,1,1,2,2
febrl3,0.72,786,2,1,2,1,0,1,0
febrl3,0.72,1462,2,1,2,1,0,1,0
febrl3,0.72,963,1,1,1,1,0,1,0
febrl3,0.72,828,1,1,1,1,0,1,0
febrl3,0.72,1384,1,1,1,1,0,1,0
febrl3,0.72,1433,2,1,2,1,0,1,0
febrl3,0.72,366,1,1,1,1,0,1,0
febrl3,0.72,1603,1,1,1,1,0,1,0
febrl3,0.72,1744,2,1,2,1,0,1,0
febrl3,0.72,269,1,1,1,1,0,1,0
febrl3,0.72,204,1,1,1,1,0,1,0
febrl3,0.72,1043,1,1,8,1,1,2,7
febrl3,0.72,353,3,1,3,1,0,1,0
febrl3,0.72,1316,6,1,6,1,0,1,0
febrl3,0.72,1840,2,1,2,1,0,1,0
febrl3,0.72,983,2,1,2,1,0,1,0
febrl3,0.72,912,2,1,2,1,0,1,0
febrl3,0.72,1578,1,1,1,1,0,1,0
febrl3,0.72,1245,1,1,1,1,0,1,0
febrl3,0.72,124,1,1,1,1,0,1,0
febrl3,0.72,403,2,1,2,1,0,1,0
febrl3,0.72,679,3,2,3,2,0,2,0
febrl3,0.72,1122,1,1,10,1,1,2,9
febrl3,0.72,173,1,1,1,1,0,1,0
febrl3,0.72,1263,1,1,1,1,0,1,0
febrl3,0.72,419,3,1,3,1,0,1,0
febrl3,0.72,343,2,1,2,1,0,1,0
febrl3,0.72,1786,2,1,2,1,0,1,0
febrl3,0.72,681,1,1,1,1,0,1,0
febrl3,0.72,1003,1,1,1,1,0,1,0
febrl3,0.72,1151,5,1,5,1,0,1,0
febrl3,0.72,1527,4,1,6,1,1,2,2
febrl3,0.72,1253,1,1,1,1,0,1,0
febrl3,0.72,328,1,1,1,1,0,1,0
febrl3,0.72,958,1,1,1,1,0,1,0
febrl3,0.72,97,1,1,1,1,0,1,0
febrl3,0.72,1186,2,1,2,1,0,1,0
febrl3,0.72,1780,2,1,2,1,0,1,0
febrl3,0.72,189,1,1,1,1,0,1,0
febrl3,0.72,1868,1,1,1,1,0,1,0
febrl3,0.72,1965,1,1,1,1,0,1,0
febrl3,0.72,1417,6,1,6,1,0,1,0
febrl3,0.72,1067,2,1,2,1,0,1,0
febrl3,0.72,1078,1,1,1,1,0,1,0
febrl3,0.72,1210,4,1,7,1,1,2,3
febrl3,0.72,1045,1,1,1,1,0,1,0
febrl3,0.72,892,2,1,2,1,0,1,0
febrl3,0.72,908,2,1,2,1,0,1,0
febrl3,0.72,525,2,1,2,1,0,1,0
febrl3,0.72,1074,1,1,1,1,0,1,0
febrl3,0.72,1238,1,1,1,1,0,1,0
febrl3,0.72,1593,1,1,1,1,0,1,0
febrl3,0.72,739,2,1,2,1,0,1,0
febrl3,0.72,1012,4,1,4,1,0,1,0
febrl3,0.72,1405,1,1,1,1,0,1,0
febrl3,0.72,1468,1,1,1,1,0,1,0
febrl3,0.72,1176,3,1,3,1,0,1,0
febrl3,0.72,617,1,1,1,1,0,1,0
febrl3,0.72,873,3,1,3,1,0,1,0
febrl3,0.72,1678,2,2,2,2,0,2,0
febrl3,0.72,1188,1,1,1,1,0,1,0
febrl3,0.72,453,2,1,2,1,0,1,0
febrl3,0.72,1597,2,1,2,1,0,1,0
febrl3,0.72,1237,1,1,1,1,0,1,0
febrl3,0.72,1332,3,1,3,1,0,1,0
febrl3,0.72,178,5,1,5,1,0,1,0
febrl3,0.72,574,2,1,2,1,0,1,0
febrl3,0.72,1034,4,1,4,1,0,1,0
febrl3,0.72,19,1,1,1,1,0,1,0
febrl3,0.72,1847,1,1,1,1,0,1,0
febrl3,0.72,523,1,1,1,1,0,1,0
febrl3,0.72,1060,1,1,1,1,0,1,0
febrl3,0.72,588,1,1,1,1,0,1,0
febrl3,0.72,641,5,1,5,1,0,1,0
febrl3,0.72,1893,1,1,1,1,0,1,0
febrl3,0.72,1599,1,1,1,1,0,1,0
febrl3,0.72,1021,2,1,2,1,0,1,0
febrl3,0.72,832,1,1,30,1,2,3,29
febrl3,0.72,1000,3,1,9,1,1,2,6
febrl3,0.72,1858,1,1,1,1,0,1,0
febrl3,0.72,392,2,1,2,1,0,1,0
febrl3,0.72,112,1,1,1,1,0,1,0
febrl3,0.72,951,2,1,2,1,0,1,0
febrl3,0.72,1558,1,1,1,1,0,1,0
febrl3,0.72,1269,1,1,1,1,0,1,0
febrl3,0.72,26,1,1,1,1,0,1,0
febrl3,0.72,164,2,1,9,1,1,2,7
febrl3,0.72,820,1,1,1,1,0,1,0
febrl3,0.72,745,1,1,1,1,0,1,0
febrl3,0.72,1594,2,1,2,1,0,1,0
febrl3,0.72,748,2,1,2,1,0,1,0
febrl3,0.72,1432,1,1,1,1,0,1,0
febrl3,0.72,1172,1,1,1,1,0,1,0
febrl3,0.72,680,1,1,1,1,0,1,0
febrl3,0.72,1872,1,1,1,1,0,1,0
febrl3,0.72,587,1,1,1,1,0,1,0
febrl3,0.72,1201,2,1,2,1,0,1,0
febrl3,0.72,1977,1,1,2,1,1,2,1
febrl3,0.72,1252,3,1,3,1,0,1,0
febrl3,0.72,456,4,1,4,1,0,1,0
febrl3,0.72,1142,1,1,8,1,3,4,7
febrl3,0.72,270,1,1,1,1,0,1,0
febrl3,0.72,1984,1,1,1,1,0,1,0
febrl3,0.72,493,1,1,1,1,0,1,0
febrl3,0.72,221,1,1,5,1,1,2,4
febrl3,0.72,463,1,1,1,1,0,1,0
febrl3,0.72,205,1,1,1,1,0,1,0
febrl3,0.72,1818,1,1,1,1,0,1,0
febrl3,0.72,1900,1,1,1,1,0,1,0
febrl3,0.72,1112,1,1,1,1,0,1,0
febrl3,0.72,1741,1,1,1,1,0,1,0
febrl3,0.72,1805,1,1,1,1,0,1,0
febrl3,0.72,1580,1,1,1,1,0,1,0
febrl3,0.72,1557,1,1,1,1,0,1,0
febrl3,0.72,1315,1,1,1,1,0,1,0
febrl3,0.72,782,3,1,3,1,0,1,0
febrl3,0.72,1628,1,1,1,1,0,1,0
febrl3,0.72,262,5,1,5,1,0,1,0
febrl3,0.72,1472,2,1,2,1,0,1,0
febrl3,0.72,38,3,2,3,2,0,2,0
febrl3,0.72,1682,1,1,1,1,0,1,0
febrl3,0.72,1807,1,1,1,1,0,1,0
febrl3,0.72,976,6,1,6,1,0,1,0
febrl3,0.72,1455,1,1,1,1,0,1,0
febrl3,0.72,1595,1,1,1,1,0,1,0
febrl3,0.72,1248,4,1,4,1,0,1,0
febrl3,0.72,1719,1,1,4,1,1,2,3
febrl3,0.72,1305,3,1,3,1,0,1,0
febrl3,0.72,1891,1,1,7,1,1,2,6
febrl3,0.72,1871,1,1,1,1,0,1,0
febrl3,0.72,969,1,1,3,1,1,2,2
febrl3,0.72,590,2,1,2,1,0,1,0
febrl3,0.72,207,1,1,1,1,0,1,0
febrl3,0.72,1913,1,1,1,1,0,1,0
febrl3,0.72,1102,3,1,3,1,0,1,0
febrl3,0.72,1658,1,1,1,1,0,1,0
febrl3,0.72,986,1,1,1,1,0,1,0
febrl3,0.72,1503,4,1,4,1,0,1,0
febrl3,0.72,616,2,1,2,1,0,1,0
febrl3,0.72,1844,2,1,2,1,0,1,0
febrl3,0.72,1016,1,1,1,1,0,1,0
febrl3,0.72,150,2,1,2,1,0,1,0
febrl3,0.72,560,3,1,3,1,0,1,0
febrl3,0.72,1168,2,1,2,1,0,1,0
febrl3,0.72,789,3,1,3,1,0,1,0
febrl3,0.72,881,3,1,3,1,0,1,0
febrl3,0.72,644,1,1,1,1,0,1,0
febrl3,0.72,1046,1,1,1,1,0,1,0
febrl3,0.72,62,2,1,2,1,0,1,0
febrl3,0.72,1779,6,1,6,1,0,1,0
febrl3,0.72,1495,1,1,1,1,0,1,0
febrl3,0.72,330,5,1,5,1,0,1,0
febrl3,0.72,1184,1,1,1,1,0,1,0
febrl3,0.72,1318,4,1,8,1,1,2,4
febrl3,0.72,1351,1,1,1,1,0,1,0
febrl3,0.72,339,1,1,1,1,0,1,0
febrl3,0.72,101,1,1,1,1,0,1,0
febrl3,0.72,840,1,1,6,1,1,2,5
febrl3,0.72,906,1,1,1,1,0,1,0
febrl3,0.72,858,1,1,1,1,0,1,0
febrl3,0.72,1586,1,1,1,1,0,1,0
febrl3,0.72,1381,3,1,3,1,0,1,0
febrl3,0.72,721,5,1,5,1,0,1,0
febrl3,0.72,953,1,1,1,1,0,1,0
febrl3,0.72,727,1,1,1,1,0,1,0
febrl3,0.72,1429,1,1,1,1,0,1,0
febrl3,0.72,1250,3,1,3,1,0,1,0
febrl3,0.72,1530,1,1,1,1,0,1,0
febrl3,0.72,465,1,1,1,1,0,1,0
febrl3,0.72,1330,1,1,1,1,0,1,0
febrl3,0.72,513,1,1,1,1,0,1,0
febrl3,0.72,625,1,1,3,1,1,2,2
febrl3,0.72,1311,1,1,1,1,0,1,0
febrl3,0.72,800,2,1,2,1,0,1,0
febrl3,0.72,1796,2,1,2,1,0,1,0
febrl3,0.72,222,1,1,1,1,0,1,0
febrl3,0.72,409,1,1,3,1,2,3,2
febrl3,0.72,317,1,1,1,1,0,1,0
febrl3,0.72,72,1,1,1,1,0,1,0
febrl3,0.72,940,1,1,17,1,2,3,16
febrl3,0.72,722,1,1,2,1,1,2,1
febrl3,0.72,1108,2,1,2,1,0,1,0
febrl3,0.72,886,3,2,3,2,0,2,0
febrl3,0.72,20,1,1,1,1,0,1,0
febrl3,0.72,1724,1,1,1,1,0,1,0
febrl3,0.72,471,1,1,1,1,0,1,0
febrl3,0.72,1909,1,1,1,1,0,1,0
febrl3,0.72,1189,1,1,8,1,1,2,7
febrl3,0.72,864,1,1,1,1,0,1,0
febrl3,0.72,1962,1,1,1,1,0,1,0
febrl3,0.72,360,1,1,1,1,0,1,0
febrl3,0.72,1974,2,1,2,1,0,1,0
febrl3,0.72,1932,1,1,1,1,0,1,0
febrl3,0.72,350,1,1,1,1,0,1,0
febrl3,0.72,404,1,1,1,1,0,1,0
febrl3,0.72,1163,2,1,2,1,0,1,0
febrl3,0.72,1619,1,1,1,1,0,1,0
febrl3,0.72,1051,2,1,2,1,0,1,0
febrl3,0.72,30,1,1,1,1,0,1,0
febrl3,0.72,363,1,1,1,1,0,1,0
febrl3,0.72,225,1,1,1,1,0,1,0
febrl3,0.72,1533,1,1,1,1,0,1,0
febrl3,0.72,1377,3,1,4,1,1,2,1
febrl3,0.72,185,1,1,1,1,0,1,0
febrl3,0.72,53,1,1,1,1,0,1,0
febrl3,0.72,692,1,1,1,1,0,1,0
febrl3,0.72,822,2,2,2,2,0,2,0
febrl3,0.72,22,2,1,2,1,0,1,0
febrl3,0.72,664,3,1,3,1,0,1,0
febrl3,0.72,349,2,1,3,1,1,2,1
febrl3,0.72,135,3,1,3,1,0,1,0
febrl3,0.72,1836,1,1,1,1,0,1,0
febrl3,0.72,714,1,1,1,1,0,1,0
febrl3,0.72,386,1,1,1,1,0,1,0
febrl3,0.72,1474,1,1,1,1,0,1,0
febrl3,0.72,466,1,1,1,1,0,1,0
febrl3,0.72,1573,2,1,2,1,0,1,0
febrl3,0.72,842,1,1,1,1,0,1,0
febrl3,0.72,451,1,1,1,1,0,1,0
febrl3,0.72,927,1,1,1,1,0,1,0
febrl3,0.72,1199,1,1,28,1,1,2,27
febrl3,0.72,781,2,1,2,1,0,1,0
febrl3,0.72,448,1,1,2,1,1,2,1
febrl3,0.72,1030,1,1,1,1,0,1,0
febrl3,0.72,1409,1,1,3,1,1,2,2
febrl3,0.72,1101,1,1,1,1,0,1,0
febrl3,0.72,950,1,1,1,1,0,1,0
febrl3,0.72,476,4,1,6,1,1,2,2
febrl3,0.72,1239,1,1,1,1,0,1,0
febrl3,0.72,736,1,1,1,1,0,1,0
febrl3,0.72,1088,1,1,1,1,0,1,0
febrl3,0.72,376,1,1,17,1,1,2,16
febrl3,0.72,387,2,1,2,1,0,1,0
febrl3,0.72,1574,3,1,3,1,0,1,0
febrl3,0.72,1119,2,1,2,1,0,1,0
febrl3,0.72,1167,1,1,1,1,0,1,0
febrl3,0.72,34,1,1,1,1,0,1,0
febrl3,0.72,379,1,1,2,1,1,2,1
febrl3,0.72,0,1,1,1,1,0,1,0
febrl3,0.72,1640,2,1,2,1,0,1,0
febrl3,0.72,325,1,1,1,1,0,1,0
febrl3,0.72,1519,1,1,1,1,0,1,0
febrl3,0.72,1663,1,1,1,1,0,1,0
febrl3,0.72,174,2,1,2,1,0,1,0
febrl3,0.72,1551,1,1,1,1,0,1,0
febrl3,0.72,1582,1,1,1,1,0,1,0
febrl3,0.72,1922,3,1,3,1,0,1,0
febrl3,0.72,206,1,1,1,1,0,1,0
febrl3,0.72,1859,1,1,1,1,0,1,0
febrl3,0.72,1964,1,1,1,1,0,1,0
febrl3,0.72,792,1,1,1,1,0,1,0
febrl3,0.72,1698,1,1,1,1,0,1,0
febrl3,0.72,60,1,1,1,1,0,1,0
febrl3,0.72,1098,1,1,1,1,0,1,0
febrl3,0.72,154,1,1,1,1,0,1,0
febrl3,0.72,119,2,1,2,1,0,1,0
febrl3,0.72,1902,3,1,3,1,0,1,0
febrl3,0.72,340,1,1,1,1,0,1,0
febrl3,0.72,1702,1,1,1,1,0,1,0
febrl3,0.72,1605,3,1,39,1,2,3,36
febrl3,0.72,1206,1,1,1,1,0,1,0
febrl3,0.72,1633,1,1,1,1,0,1,0
febrl3,0.72,16,2,1,2,1,0,1,0
febrl3,0.72,383,1,1,1,1,0,1,0
febrl3,0.72,1096,1,1,1,1,0,1,0
febrl3,0.72,95,2,1,3,1,1,2,1
febrl3,0.72,117,3,1,3,1,0,1,0
febrl3,0.72,1869,1,1,1,1,0,1,0
febrl3,0.72,229,1,1,1,1,0,1,0
febrl3,0.72,1325,1,1,1,1,0,1,0
febrl3,0.72,1572,1,1,1,1,0,1,0
febrl3,0.72,925,1,1,1,1,0,1,0
febrl3,0.72,1235,1,1,4,1,1,2,3
febrl3,0.72,1625,4,1,30,1,2,3,26
febrl3,0.72,1110,1,1,1,1,0,1,0
febrl3,0.72,333,1,1,1,1,0,1,0
febrl3,0.72,1181,1,1,1,1,0,1,0
febrl3,0.72,1705,1,1,1,1,0,1,0
febrl3,0.72,1839,1,1,1,1,0,1,0
febrl3,0.72,1055,1,1,1,1,0,1,0
febrl3,0.72,1906,2,1,30,1,3,4,28
febrl3,0.72,778,1,1,1,1,0,1,0
febrl3,0.72,1854,1,1,1,1,0,1,0
febrl3,0.72,621,2,1,2,1,0,1,0
febrl3,0.72,843,1,1,1,1,0,1,0
febrl3,0.72,1378,2,1,2,1,0,1,0
febrl3,0.72,1431,1,1,39,1,1,2,38
febrl3,0.72,1508,1,1,1,1,0,1,0
febrl3,0.72,301,1,1,17,1,1,2,16
febrl3,0.72,975,1,1,1,1,0,1,0
febrl3,0.72,468,1,1,1,1,0,1,0
febrl3,0.72,811,1,1,1,1,0,1,0
febrl3,0.72,758,1,1,5,1,1,2,4
febrl3,0.72,389,1,1,1,1,0,1,0
febrl3,0.72,1090,1,1,1,1,0,1,0
febrl3,0.72,1875,1,1,1,1,0,1,0
febrl3,0.72,1563,1,1,1,1,0,1,0
febrl3,0.72,1120,1,1,1,1,0,1,0
febrl3,0.72,1386,1,1,1,1,0,1,0
febrl3,0.72,1344,3,1,3,1,0,1,0
febrl3,0.72,1608,2,1,2,1,0,1,0
febrl3,0.72,1636,2,1,2,1,0,1,0
febrl3,0.72,357,2,1,2,1,0,1,0
febrl3,0.72,1754,1,1,1,1,0,1,0
febrl3,0.72,741,1,1,3,1,1,2,2
febrl3,0.72,1187,1,1,1,1,0,1,0
febrl3,0.72,669,4,1,7,1,1,2,3
febrl3,0.72,1997,1,1,1,1,0,1,0
febrl3,0.72,728,1,1,3,1,1,2,2
febrl3,0.72,956,1,1,1,1,0,1,0
febrl3,0.72,1293,3,1,28,1,2,3,25
febrl3,0.72,183,1,1,39,1,1,2,38
febrl3,0.72,1208,1,1,1,1,0,1,0
febrl3,0.72,1404,2,1,2,1,0,1,0
febrl3,0.72,1309,1,1,4,1,1,2,3
febrl3,0.72,1139,1,1,1,1,0,1,0
febrl3,0.72,1934,2,1,2,1,0,1,0
febrl3,0.72,110,1,1,1,1,0,1,0
febrl3,0.72,1356,1,1,1,1,0,1,0
febrl3,0.72,754,1,1,7,1,1,2,6
febrl3,0.72,1982,2,1,2,1,0,1,0
febrl3,0.72,1841,1,1,1,1,0,1,0
febrl3,0.72,1787,1,1,1,1,0,1,0
febrl3,0.72,1874,1,1,1,1,0,1,0
febrl3,0.72,405,1,1,1,1,0,1,0
febrl3,0.72,902,2,1,2,1,0,1,0
febrl3,0.72,417,1,1,1,1,0,1,0
febrl3,0.72,69,2,1,2,1,0,1,0
febrl3,0.72,1507,1,1,1,1,0,1,0
febrl3,0.72,1192,1,1,1,1,0,1,0
febrl3,0.72,1734,1,1,4,1,1,2,3
febrl3,0.72,1601,2,1,2,1,0,1,0
febrl3,0.72,1064,1,1,1,1,0,1,0
febrl3,0.72,1267,1,1,1,1,0,1,0
febrl3,0.72,1284,1,1,1,1,0,1,0
febrl3,0.72,1774,1,1,1,1,0,1,0
febrl3,0.72,1321,2,1,2,1,0,1,0
febrl3,0.72,1675,1,1,1,1,0,1,0
febrl3,0.72,1656,2,1,2,1,0,1,0
febrl3,0.72,1240,2,1,2,1,0,1,0
febrl3,0.72,814,1,1,1,1,0,1,0
febrl3,0.72,420,1,1,1,1,0,1,0
febrl3,0.72,422,1,1,1,1,0,1,0
febrl3,0.72,1010,1,1,1,1,0,1,0
febrl3,0.72,1884,1,1,1,1,0,1,0
febrl3,0.72,884,1,1,1,1,0,1,0
febrl3,0.72,1104,3,1,3,1,0,1,0
febrl3,0.72,1759,1,1,1,1,0,1,0
febrl3,0.72,726,1,1,1,1,0,1,0
febrl3,0.72,1005,1,1,1,1,0,1,0
febrl3,0.72,1556,1,1,1,1,0,1,0
febrl3,0.72,563,1,1,1,1,0,1,0
febrl3,0.72,746,2,2,2,2,0,2,0
febrl3,0.72,134,1,1,1,1,0,1,0
febrl3,0.72,399,2,1,2,1,0,1,0
febrl3,0.72,622,1,1,1,1,0,1,0
febrl3,0.72,220,1,1,7,1,1,2,6
febrl3,0.72,113,1,1,1,1,0,1,0
febrl3,0.72,1923,2,1,2,1,0,1,0
febrl3,0.72,1798,1,1,1,1,0,1,0
febrl3,0.72,1843,1,1,1,1,0,1,0
febrl3,0.72,1038,1,1,1,1,0,1,0
febrl3,0.72,1261,4,1,4,1,0,1,0
febrl3,0.72,65,1,1,1,1,0,1,0
febrl3,0.72,1624,4,1,4,1,0,1,0
febrl3,0.72,51,1,1,1,1,0,1,0
febrl3,0.72,1535,1,1,1,1,0,1,0
febrl3,0.72,1019,1,1,1,1,0,1,0
febrl3,0.72,556,1,1,1,1,0,1,0
febrl3,0.72,492,1,1,1,1,0,1,0
febrl3,0.72,1358,1,1,1,1,0,1,0
febrl3,0.72,240,1,1,1,1,0,1,0
febrl3,0.72,998,1,1,1,1,0,1,0
febrl3,0.72,1819,1,1,1,1,0,1,0
febrl3,0.72,40,1,1,1,1,0,1,0
febrl3,0.72,1449,1,1,7,1,1,2,6
febrl3,0.72,1328,1,1,1,1,0,1,0
febrl3,0.72,1422,2,1,2,1,0,1,0
febrl3,0.72,815,1,1,3,1,1,2,2
febrl3,0.72,831,1,1,1,1,0,1,0
febrl3,0.72,1095,2,1,3,1,1,2,1
febrl3,0.72,68,4,1,26,1,1,2,22
febrl3,0.72,608,1,1,1,1,0,1,0
febrl3,0.72,903,2,1,2,1,0,1,0
febrl3,0.72,1516,1,1,1,1,0,1,0
febrl3,0.72,1396,1,1,1,1,0,1,0
febrl3,0.72,613,2,1,6,1,1,2,4
febrl3,0.72,1339,1,1,1,1,0,1,0
febrl3,0.72,1896,1,1,8,1,1,2,7
febrl3,0.72,1713,1,1,1,1,0,1,0
febrl3,0.72,791,2,1,9,1,2,3,7
febrl3,0.72,1349,1,1,1,1,0,1,0
febrl3,0.72,235,2,1,2,1,0,1,0
febrl3,0.72,1524,1,1,1,1,0,1,0
febrl3,0.72,1885,1,1,1,1,0,1,0
febrl3,0.72,626,3,1,3,1,0,1,0
febrl3,0.72,984,1,1,1,1,0,1,0
febrl3,0.72,1955,1,1,1,1,0,1,0
febrl3,0.72,695,2,1,2,1,0,1,0
febrl3,0.72,1935,1,1,1,1,0,1,0
febrl3,0.72,1291,2,1,2,1,0,1,0
febrl3,0.72,1137,1,1,10,1,1,2,9
febrl3,0.72,425,1,1,1,1,0,1,0
febrl3,0.72,94,2,1,2,1,0,1,0
febrl3,0.72,273,1,1,1,1,0,1,0
febrl3,0.72,181,1,1,1,1,0,1,0
febrl3,0.72,1998,1,1,1,1,0,1,0
febrl3,0.72,663,1,1,1,1,0,1,0
febrl3,0.72,1933,1,1,1,1,0,1,0
febrl3,0.72,1898,1,1,1,1,0,1,0
febrl3,0.72,1887,1,1,1,1,0,1,0
febrl3,0.72,1542,1,1,1,1,0,1,0
febrl3,0.72,45,1,1,1,1,0,1,0
febrl3,0.72,1326,1,1,1,1,0,1,0
febrl3,0.72,565,1,1,1,1,0,1,0
febrl3,0.72,1149,1,1,1,1,0,1,0
febrl3,0.72,1380,1,1,1,1,0,1,0
febrl3,0.72,1653,1,1,1,1,0,1,0
febrl3,0.72,377,1,1,1,1,0,1,0
febrl3,0.72,1856,1,1,1,1,0,1,0
febrl3,0.72,518,1,1,1,1,0,1,0
febrl3,0.72,1631,1,1,2,1,1,2,1
febrl3,0.72,271,1,1,1,1,0,1,0
febrl3,0.72,1638,1,1,1,1,0,1,0
febrl3,0.72,132,1,1,1,1,0,1,0
febrl3,0.72,1659,1,1,1,1,0,1,0
febrl3,0.72,1395,1,1,4,1,1,2,3
febrl3,0.72,226,1,1,1,1,0,1,0
febrl3,0.72,768,1,1,1,1,0,1,0
febrl3,0.72,1020,1,1,1,1,0,1,0
febrl3,0.72,1327,2,1,2,1,0,1,0
febrl3,0.72,1106,1,1,1,1,0,1,0
febrl3,0.72,1738,1,1,1,1,0,1,0
febrl3,0.72,1592,1,1,1,1,0,1,0
febrl3,0.72,1634,1,1,5,1,2,3,4
febrl3,0.72,1529,2,1,2,1,0,1,0
febrl3,0.72,580,1,1,1,1,0,1,0
febrl3,0.72,1846,2,1,2,1,0,1,0
febrl3,0.72,1866,1,1,1,1,0,1,0
febrl3,0.72,163,2,1,2,1,0,1,0
febrl3,0.72,1733,1,1,1,1,0,1,0
febrl3,0.72,488,1,1,1,1,0,1,0
febrl3,0.72,1613,1,1,1,1,0,1,0
febrl3,0.72,989,1,1,1,1,0,1,0
febrl3,0.72,730,1,1,1,1,0,1,0
febrl3,0.72,1480,1,1,1,1,0,1,0
febrl3,0.72,407,1,1,1,1,0,1,0
febrl3,0.72,1849,1,1,1,1,0,1,0
febrl3,0.72,806,1,1,1,1,0,1,0
febrl3,0.72,589,1,1,1,1,0,1,0
febrl3,0.72,994,1,1,1,1,0,1,0
febrl3,0.72,162,1,1,1,1,0,1,0
febrl3,0.72,740,1,1,6,1,1,2,5
febrl3,0.72,424,1,1,1,1,0,1,0
febrl3,0.72,1676,1,1,6,1,1,2,5
febrl3,0.72,1170,1,1,1,1,0,1,0
febrl3,0.72,1627,1,1,7,1,1,2,6
febrl3,0.72,654,1,1,1,1,0,1,0
febrl3,0.72,431,1,1,1,1,0,1,0
febrl3,0.72,1169,1,1,1,1,0,1,0
febrl3,0.72,227,1,1,1,1,0,1,0
febrl3,0.72,441,1,1,1,1,0,1,0
febrl3,0.72,469,1,1,1,1,0,1,0
febrl3,0.72,1700,1,1,1,1,0,1,0
febrl3,0.72,172,1,1,1,1,0,1,0
febrl3,0.72,1927,1,1,1,1,0,1,0
febrl3,0.72,298,1,1,1,1,0,1,0
febrl3,0.72,149,1,1,1,1,0,1,0
febrl3,0.72,335,1,1,1,1,0,1,0
febrl3,0.72,966,1,1,1,1,0,1,0
febrl3,0.72,783,1,1,1,1,0,1,0
febrl3,0.72,578,1,1,1,1,0,1,0
febrl3,0.72,487,1,1,1,1,0,1,0
febrl3,0.72,1650,1,1,1,1,0,1,0
febrl3,0.72,1209,1,1,1,1,0,1,0
febrl3,0.72,496,1,1,1,1,0,1,0
febrl3,0.72,535,1,1,1,1,0,1,0
febrl3,0.72,1197,1,1,1,1,0,1,0
febrl3,0.72,1666,1,1,39,1,2,3,38
febrl3,0.72,308,1,1,1,1,0,1,0
febrl3,0.72,1732,1,1,1,1,0,1,0
febrl3,0.72,322,1,1,12,1,1,2,11
febrl3,0.72,191,1,1,1,1,0,1,0
febrl3,0.72,168,1,1,1,1,0,1,0
febrl3,0.72,1735,1,1,1,1,0,1,0
febrl3,0.72,1282,2,2,2,2,0,2,0
febrl3,0.72,798,1,1,1,1,0,1,0
febrl3,0.72,345,1,1,1,1,0,1,0
febrl3,0.72,1317,1,1,1,1,0,1,0
febrl3,0.72,742,1,1,1,1,0,1,0
febrl3,0.72,690,1,1,1,1,0,1,0
febrl3,0.72,213,1,1,1,1,0,1,0
febrl3,0.72,484,1,1,1,1,0,1,0
febrl3,0.72,1400,1,1,1,1,0,1,0
febrl3,0.72,136,1,1,1,1,0,1,0
febrl3,0.72,1441,1,1,1,1,0,1,0
febrl3,0.72,1194,1,1,1,1,0,1,0
febrl3,0.72,1952,1,1,1,1,0,1,0
febrl3,0.72,1008,1,1,1,1,0,1,0
febrl3,0.72,889,1,1,1,1,0,1,0
febrl3,0.72,1391,1,1,1,1,0,1,0
febrl3,0.72,93,1,1,1,1,0,1,0
febrl3,0.72,1792,1,1,1,1,0,1,0
febrl3,0.72,506,1,1,1,1,0,1,0
febrl3,0.72,949,1,1,1,1,0,1,0
febrl3,0.72,1701,1,1,1,1,0,1,0
febrl3,0.72,311,1,1,1,1,0,1,0
febrl3,0.72,689,1,1,1,1,0,1,0
febrl3,0.72,521,2,1,2,1,0,1,0
febrl3,0.72,429,1,1,1,1,0,1,0
febrl3,0.72,122,1,1,1,1,0,1,0
febrl3,0.72,504,1,1,1,1,0,1,0
febrl3,0.72,1751,1,1,1,1,0,1,0
febrl3,0.72,88,1,1,1,1,0,1,0
febrl3,0.72,756,1,1,1,1,0,1,0
febrl3,0.72,1552,1,1,8,1,1,2,7
febrl3,0.72,939,2,1,2,1,0,1,0
febrl3,0.72,490,1,1,1,1,0,1,0
febrl3,0.72,787,1,1,1,1,0,1,0
febrl3,0.72,1748,1,1,1,1,0,1,0
febrl3,0.72,1687,1,1,1,1,0,1,0
febrl3,0.72,1679,1,1,6,1,1,2,5
febrl3,0.72,1956,2,1,2,1,0,1,0
febrl3,0.72,1372,1,1,1,1,0,1,0
febrl3,0.72,214,2,1,2,1,0,1,0
febrl3,0.72,1752,1,1,1,1,0,1,0
febrl3,0.72,999,1,1,1,1,0,1,0
febrl3,0.72,1861,1,1,1,1,0,1,0
febrl3,0.72,776,1,1,1,1,0,1,0
febrl3,0.72,18,1,1,8,1,1,2,7
febrl3,0.72,1649,1,1,1,1,0,1,0
febrl3,0.72,1171,1,1,1,1,0,1,0
febrl3,0.72,648,1,1,1,1,0,1,0
febrl3,0.72,852,1,1,1,1,0,1,0
febrl3,0.72,1677,1,1,1,1,0,1,0
febrl3,0.72,36,1,1,1,1,0,1,0
febrl3,0.72,1049,1,1,1,1,0,1,0
febrl3,0.72,241,1,1,1,1,0,1,0
febrl3,0.72,1198,1,1,1,1,0,1,0
febrl3,0.72,813,1,1,1,1,0,1,0
febrl3,0.72,1888,1,1,1,1,0,1,0
febrl3,0.72,1283,1,1,1,1,0,1,0
febrl3,0.72,630,1,1,1,1,0,1,0
febrl3,0.72,1435,2,1,2,1,0,1,0
febrl3,0.72,851,1,1,2,1,1,2,1
febrl3,0.72,938,1,1,5,1,1,2,4
febrl3,0.72,1461,1,1,1,1,0,1,0
febrl3,0.72,1195,1,1,1,1,0,1,0
febrl3,0.72,536,1,1,1,1,0,1,0
febrl3,0.72,1833,1,1,1,1,0,1,0
febrl3,0.72,1661,1,1,1,1,0,1,0
febrl3,0.72,1458,1,1,1,1,0,1,0
febrl3,0.72,265,1,1,1,1,0,1,0
febrl3,0.72,870,1,1,1,1,0,1,0
febrl3,0.72,1477,1,1,1,1,0,1,0
febrl3,0.72,502,1,1,1,1,0,1,0
febrl3,0.76,1496,1,1,1,1,0,1,0
febrl3,0.76,552,5,1,16,1,1,2,11
febrl3,0.76,988,3,1,3,1,0,1,0
febrl3,0.76,1716,4,1,4,1,0,1,0
febrl3,0.76,1213,1,1,1,1,0,1,0
febrl3,0.76,193,1,1,1,1,0,1,0
febrl3,0.76,264,3,1,3,1,0,1,0
febrl3,0.76,1695,5,1,5,1,0,1,0
febrl3,0.76,875,2,1,2,1,0,1,0
febrl3,0.76,1778,3,1,3,1,0,1,0
febrl3,0.76,1696,3,1,3,1,0,1,0
febrl3,0.76,382,3,1,3,1,0,1,0
febrl3,0.76,442,2,1,2,1,0,1,0
febrl3,0.76,1671,5,1,5,1,0,1,0
febrl3,0.76,1816,3,1,3,1,0,1,0
febrl3,0.76,459,6,1,6,1,0,1,0
febrl3,0.76,1881,3,1,3,1,0,1,0
febrl3,0.76,729,2,1,2,1,0,1,0
febrl3,0.76,575,5,1,5,1,0,1,0
febrl3,0.76,1688,1,1,1,1,0,1,0
febrl3,0.76,292,2,1,2,1,0,1,0
febrl3,0.76,834,3,1,3,1,0,1,0
febrl3,0.76,1943,2,1,2,1,0,1,0
febrl3,0.76,1611,4,1,4,1,0,1,0
febrl3,0.76,1706,4,1,4,1,0,1,0
febrl3,0.76,462,1,1,1,1,0,1,0
febrl3,0.76,1626,1,1,1,1,0,1,0
febrl3,0.76,408,4,2,4,2,0,2,0
febrl3,0.76,1224,2,1,2,1,0,1,0
febrl3,0.76,1561,6,1,6,1,0,1,0
febrl3,0.76,1723,4,1,4,1,0,1,0
febrl3,0.76,182,1,1,1,1,0,1,0
febrl3,0.76,1781,2,1,2,1,0,1,0
febrl3,0.76,1614,2,1,2,1,0,1,0
febrl3,0.76,885,6,1,6,1,0,1,0
febrl3,0.76,1690,4,1,6,1,1,2,2
febrl3,0.76,1217,5,1,5,1,0,1,0
febrl3,0.76,1830,4,1,4,1,0,1,0
febrl3,0.76,208,2,2,2,2,0,2,0
febrl3,0.76,32,2,1,2,1,0,1,0
febrl3,0.76,799,5,1,5,1,0,1,0
febrl3,0.76,856,2,1,2,1,0,1,0
febrl3,0.76,1128,6,2,7,2,1,3,1
febrl3,0.76,365,3,1,3,1,0,1,0
febrl3,0.76,642,6,1,6,1,0,1,0
febrl3,0.76,854,2,1,2,1,0,1,0
febrl3,0.76,421,6,1,6,1,0,1,0
febrl3,0.76,1560,6,1,6,1,0,1,0
febrl3,0.76,1929,3,1,3,1,0,1,0
febrl3,0.76,1992,3,1,3,1,0,1,0
febrl3,0.76,1693,3,1,3,1,0,1,0
febrl3,0.76,665,2,1,2,1,0,1,0
febrl3,0.76,501,1,1,1,1,0,1,0
febrl3,0.76,1057,4,1,4,1,0,1,0
febrl3,0.76,561,4,1,4,1,0,1,0
febrl3,0.76,540,6,1,6,1,0,1,0
febrl3,0.76,636,6,1,6,1,0,1,0
febrl3,0.76,918,5,1,5,1,0,1,0
febrl3,0.76,929,3,1,3,1,0,1,0
febrl3,0.76,1489,4,1,4,1,0,1,0
febrl3,0.76,427,6,1,6,1,0,1,0
febrl3,0.76,15,1,1,1,1,0,1,0
febrl3,0.76,316,6,1,6,1,0,1,0
febrl3,0.76,1498,6,2,6,2,0,2,0
febrl3,0.76,910,3,1,3,1,0,1,0
febrl3,0.76,1355,2,1,2,1,0,1,0
febrl3,0.76,1648,5,2,5,2,0,2,0
febrl3,0.76,658,4,1,4,1,0,1,0
febrl3,0.76,1190,3,1,3,1,0,1,0
febrl3,0.76,1876,2,1,2,1,0,1,0
febrl3,0.76,305,3,1,3,1,0,1,0
febrl3,0.76,152,4,1,4,1,0,1,0
febrl3,0.76,1829,3,1,3,1,0,1,0
febrl3,0.76,805,5,1,5,1,0,1,0
febrl3,0.76,480,3,1,3,1,0,1,0
febrl3,0.76,1200,6,1,6,1,0,1,0
febrl3,0.76,717,1,1,1,1,0,1,0
febrl3,0.76,618,5,1,5,1,0,1,0
febrl3,0.76,1509,2,1,2,1,0,1,0
febrl3,0.76,1368,2,1,2,1,0,1,0
febrl3,0.76,879,6,1,6,1,0,1,0
febrl3,0.76,1668,5,2,5,2,0,2,0
febrl3,0.76,794,2,1,2,1,0,1,0
febrl3,0.76,1917,6,1,6,1,0,1,0
febrl3,0.76,1081,3,1,3,1,0,1,0
febrl3,0.76,568,3,1,3,1,0,1,0
febrl3,0.76,1333,1,1,1,1,0,1,0
febrl3,0.76,368,2,1,2,1,0,1,0
febrl3,0.76,666,6,1,6,1,0,1,0
febrl3,0.76,1991,6,1,6,1,0,1,0
febrl3,0.76,1878,1,1,1,1,0,1,0
febrl3,0.76,528,6,2,8,2,1,3,2
febrl3,0.76,1180,2,1,2,1,0,1,0
febrl3,0.76,1794,1,1,1,1,0,1,0
febrl3,0.76,1130,3,1,3,1,0,1,0
febrl3,0.76,569,5,1,5,1,0,1,0
febrl3,0.76,860,2,1,2,1,0,1,0
febrl3,0.76,1667,3,1,3,1,0,1,0
febrl3,0.76,1337,5,1,5,1,0,1,0
febrl3,0.76,1901,4,1,4,1,0,1,0
febrl3,0.76,125,5,1,5,1,0,1,0
febrl3,0.76,78,2,1,2,1,0,1,0
febrl3,0.76,1685,1,1,1,1,0,1,0
febrl3,0.76,1953,6,2,6,2,0,2,0
febrl3,0.76,115,1,1,1,1,0,1,0
febrl3,0.76,1068,1,1,1,1,0,1,0
febrl3,0.76,1981,4,1,4,1,0,1,0
febrl3,0.76,479,4,1,4,1,0,1,0
febrl3,0.76,224,1,1,1,1,0,1,0
febrl3,0.76,755,4,1,4,1,0,1,0
febrl3,0.76,1511,3,1,3,1,0,1,0
febrl3,0.76,1387,2,1,2,1,0,1,0
febrl3,0.76,1093,1,1,1,1,0,1,0
febrl3,0.76,1518,1,1,1,1,0,1,0
febrl3,0.76,1014,4,1,4,1,0,1,0
febrl3,0.76,824,5,1,5,1,0,1,0
febrl3,0.76,718,1,1,1,1,0,1,0
febrl3,0.76,285,1,1,1,1,0,1,0
febrl3,0.76,1857,6,1,6,1,0,1,0
febrl3,0.76,1590,2,1,2,1,0,1,0
febrl3,0.76,1996,6,1,6,1,0,1,0
febrl3,0.76,1540,5,1,5,1,0,1,0
febrl3,0.76,935,6,2,6,2,0,2,0
febrl3,0.76,1183,2,1,2,1,0,1,0
febrl3,0.76,1062,5,1,5,1,0,1,0
febrl3,0.76,256,6,1,6,1,0,1,0
febrl3,0.76,1140,1,1,1,1,0,1,0
febrl3,0.76,1895,5,1,5,1,0,1,0
febrl3,0.76,401,6,1,6,1,0,1,0
febrl3,0.76,571,3,1,3,1,0,1,0
febrl3,0.76,133,6,1,6,1,0,1,0
febrl3,0.76,1534,6,1,6,1,0,1,0
febrl3,0.76,1566,5,1,5,1,0,1,0
febrl3,0.76,165,3,1,3,1,0,1,0
febrl3,0.76,1617,1,1,1,1,0,1,0
febrl3,0.76,203,1,1,1,1,0,1,0
febrl3,0.76,961,1,1,1,1,0,1,0
febrl3,0.76,1610,5,1,5,1,0,1,0
febrl3,0.76,1487,1,1,1,1,0,1,0
febrl3,0.76,1446,2,1,2,1,0,1,0
febrl3,0.76,118,3,1,3,1,0,1,0
febrl3,0.76,486,2,1,2,1,0,1,0
febrl3,0.76,1388,3,1,3,1,0,1,0
febrl3,0.76,703,4,1,4,1,0,1,0
febrl3,0.76,732,5,1,5,1,0,1,0
febrl3,0.76,286,6,1,6,1,0,1,0
febrl3,0.76,1031,1,1,1,1,0,1,0
febrl3,0.76,13,2,1,2,1,0,1,0
febrl3,0.76,299,4,1,4,1,0,1,0
febrl3,0.76,1442,3,1,3,1,0,1,0
febrl3,0.76,779,5,1,5,1,0,1,0
febrl3,0.76,375,5,2,5,2,0,2,0
febrl3,0.76,1883,6,1,6,1,0,1,0
febrl3,0.76,1729,1,1,1,1,0,1,0
febrl3,0.76,438,3,1,3,1,0,1,0
febrl3,0.76,1232,6,1,6,1,0,1,0
febrl3,0.76,245,4,1,4,1,0,1,0
febrl3,0.76,1228,6,1,6,1,0,1,0
febrl3,0.76,1347,1,1,1,1,0,1,0
febrl3,0.76,1945,4,1,4,1,0,1,0
febrl3,0.76,1454,2,1,2,1,0,1,0
febrl3,0.76,306,3,1,3,1,0,1,0
febrl3,0.76,1185,2,1,2,1,0,1,0
febrl3,0.76,1346,1,1,1,1,0,1,0
febrl3,0.76,907,3,1,3,1,0,1,0
febrl3,0.76,443,5,1,5,1,0,1,0
febrl3,0.76,361,4,1,4,1,0,1,0
febrl3,0.76,891,2,1,2,1,0,1,0
febrl3,0.76,1177,1,1,1,1,0,1,0
febrl3,0.76,818,2,1,2,1,0,1,0
febrl3,0.76,1845,1,1,1,1,0,1,0
febrl3,0.76,1334,4,1,4,1,0,1,0
febrl3,0.76,1113,4,1,4,1,0,1,0
febrl3,0.76,332,6,1,6,1,0,1,0
febrl3,0.76,1815,5,1,5,1,0,1,0
febrl3,0.76,144,1,1,1,1,0,1,0
febrl3,0.76,1903,3,1,3,1,0,1,0
febrl3,0.76,853,3,1,3,1,0,1,0
febrl3,0.76,1035,5,1,5,1,0,1,0
febrl3,0.76,960,5,2,5,2,0,2,0
febrl3,0.76,1124,6,1,16,1,2,3,10
febrl3,0.76,517,6,1,6,1,0,1,0
febrl3,0.76,1746,2,1,2,1,0,1,0
febrl3,0.76,283,4,1,4,1,0,1,0
febrl3,0.76,439,4,1,4,1,0,1,0
febrl3,0.76,1967,6,1,6,1,0,1,0
febrl3,0.76,71,6,1,6,1,0,1,0
febrl3,0.76,1925,5,1,5,1,0,1,0
febrl3,0.76,1109,6,1,6,1,0,1,0
febrl3,0.76,1644,4,1,4,1,0,1,0
febrl3,0.76,1157,3,1,3,1,0,1,0
febrl3,0.76,738,6,1,6,1,0,1,0
febrl3,0.76,362,4,2,4,2,0,2,0
febrl3,0.76,1835,1,1,1,1,0,1,0
febrl3,0.76,219,6,1,6,1,0,1,0
febrl3,0.76,899,1,1,1,1,0,1,0
febrl3,0.76,550,3,1,3,1,0,1,0
febrl3,0.76,1407,3,1,3,1,0,1,0
febrl3,0.76,1258,2,1,2,1,0,1,0
febrl3,0.76,1343,4,1,4,1,0,1,0
febrl3,0.76,1985,3,1,3,1,0,1,0
febrl3,0.76,4,1,1,1,1,0,1,0
febrl3,0.76,990,3,1,3,1,0,1,0
febrl3,0.76,1570,1,1,1,1,0,1,0
febrl3,0.76,410,4,1,4,1,0,1,0
febrl3,0.76,1799,3,1,5,1,1,2,2
febrl3,0.76,1852,2,1,2,1,0,1,0
febrl3,0.76,1271,5,1,5,1,0,1,0
febrl3,0.76,750,1,1,1,1,0,1,0
febrl3,0.76,247,1,1,1,1,0,1,0
febrl3,0.76,277,4,1,4,1,0,1,0
febrl3,0.76,1191,5,1,5,1,0,1,0
febrl3,0.76,1616,5,1,9,1,1,2,4
febrl3,0.76,454,2,1,2,1,0,1,0
febrl3,0.76,1236,5,1,5,1,0,1,0
febrl3,0.76,108,4,1,4,1,0,1,0
febrl3,0.76,1390,1,1,1,1,0,1,0
febrl3,0.76,1111,6,1,6,1,0,1,0
febrl3,0.76,1548,4,1,4,1,0,1,0
febrl3,0.76,1452,1,1,1,1,0,1,0
febrl3,0.76,1941,1,1,1,1,0,1,0
febrl3,0.76,1776,1,1,1,1,0,1,0
febrl3,0.76,1399,1,1,1,1,0,1,0
febrl3,0.76,1577,1,1,1,1,0,1,0
febrl3,0.76,147,6,2,6,2,0,2,0
febrl3,0.76,1416,5,1,5,1,0,1,0
febrl3,0.76,1539,3,1,7,1,1,2,4
febrl3,0.76,250,1,1,1,1,0,1,0
febrl3,0.76,397,3,1,3,1,0,1,0
febrl3,0.76,1425,2,1,2,1,0,1,0
febrl3,0.76,1707,6,1,7,1,1,2,1
febrl3,0.76,1481,2,1,2,1,0,1,0
febrl3,0.76,1076,3,1,3,1,0,1,0
febrl3,0.76,1050,5,1,5,1,0,1,0
febrl3,0.76,905,2,1,2,1,0,1,0
febrl3,0.76,1811,3,1,3,1,0,1,0
febrl3,0.76,436,1,1,1,1,0,1,0
febrl3,0.76,497,5,1,5,1,0,1,0
febrl3,0.76,1697,6,1,6,1,0,1,0
febrl3,0.76,762,1,1,1,1,0,1,0
febrl3,0.76,111,2,1,2,1,0,1,0
febrl3,0.76,1554,2,1,2,1,0,1,0
febrl3,0.76,1684,6,1,6,1,0,1,0
febrl3,0.76,1478,4,1,4,1,0,1,0
febrl3,0.76,1329,6,1,6,1,0,1,0
febrl3,0.76,1341,2,1,2,1,0,1,0
febrl3,0.76,686,2,1,2,1,0,1,0
febrl3,0.76,288,5,1,5,1,0,1,0
febrl3,0.76,1069,4,1,4,1,0,1,0
febrl3,0.76,1353,3,1,3,1,0,1,0
febrl3,0.76,761,2,1,2,1,0,1,0
febrl3,0.76,302,3,1,3,1,0,1,0
febrl3,0.76,704,1,1,1,1,0,1,0
febrl3,0.76,1641,1,1,1,1,0,1,0
febrl3,0.76,216,6,1,6,1,0,1,0
febrl3,0.76,773,3,1,3,1,0,1,0
febrl3,0.76,980,6,1,6,1,0,1,0
febrl3,0.76,268,1,1,1,1,0,1,0
febrl3,0.76,1951,3,1,3,1,0,1,0
febrl3,0.76,607,4,1,4,1,0,1,0
febrl3,0.76,10,4,1,4,1,0,1,0
febrl3,0.76,888,1,1,1,1,0,1,0
febrl3,0.76,1134,3,1,3,1,0,1,0
febrl3,0.76,611,2,1,2,1,0,1,0
febrl3,0.76,1304,4,1,4,1,0,1,0
febrl3,0.76,876,6,1,6,1,0,1,0
febrl3,0.76,1834,4,1,4,1,0,1,0
febrl3,0.76,341,5,1,5,1,0,1,0
febrl3,0.76,1042,3,1,3,1,0,1,0
febrl3,0.76,1646,4,1,4,1,0,1,0
febrl3,0.76,1745,5,1,5,1,0,1,0
febrl3,0.76,75,6,2,6,2,0,2,0
febrl3,0.76,676,5,1,5,1,0,1,0
febrl3,0.76,527,1,1,1,1,0,1,0
febrl3,0.76,1220,3,1,3,1,0,1,0
febrl3,0.76,1589,4,1,4,1,0,1,0
febrl3,0.76,941,6,1,6,1,0,1,0
febrl3,0.76,1532,2,1,2,1,0,1,0
febrl3,0.76,8,5,1,5,1,0,1,0
febrl3,0.76,1537,1,1,1,1,0,1,0
febrl3,0.76,1579,5,1,5,1,0,1,0
febrl3,0.76,708,6,1,6,1,0,1,0
febrl3,0.76,1320,6,1,6,1,0,1,0
febrl3,0.76,582,6,1,6,1,0,1,0
febrl3,0.76,160,6,1,6,1,0,1,0
febrl3,0.76,1940,5,1,5,1,0,1,0
febrl3,0.76,1988,2,1,2,1,0,1,0
febrl3,0.76,723,4,1,4,1,0,1,0
febrl3,0.76,1296,4,1,4,1,0,1,0
febrl3,0.76,684,4,1,4,1,0,1,0
febrl3,0.76,952,5,1,5,1,0,1,0
febrl3,0.76,634,1,1,1,1,0,1,0
febrl3,0.76,159,4,1,4,1,0,1,0
febrl3,0.76,1451,4,1,4,1,0,1,0
febrl3,0.76,5,2,1,2,1,0,1,0
febrl3,0.76,1492,4,1,4,1,0,1,0
febrl3,0.76,85,6,1,6,1,0,1,0
febrl3,0.76,1308,1,1,1,1,0,1,0
febrl3,0.76,1363,4,1,4,1,0,1,0
febrl3,0.76,52,1,1,1,1,0,1,0
febrl3,0.76,830,4,2,4,2,0,2,0
febrl3,0.76,821,3,1,3,1,0,1,0
febrl3,0.76,142,1,1,1,1,0,1,0
febrl3,0.76,1301,3,1,3,1,0,1,0
febrl3,0.76,576,5,1,5,1,0,1,0
febrl3,0.76,585,1,1,1,1,0,1,0
febrl3,0.76,11,1,1,1,1,0,1,0
febrl3,0.76,894,1,1,1,1,0,1,0
febrl3,0.76,904,6,1,6,1,0,1,0
febrl3,0.76,771,5,1,5,1,0,1,0
febrl3,0.76,1155,5,1,5,1,0,1,0
febrl3,0.76,1897,4,1,9,1,1,2,5
febrl3,0.76,1196,3,1,3,1,0,1,0
febrl3,0.76,1958,1,1,1,1,0,1,0
febrl3,0.76,526,4,1,4,1,0,1,0
febrl3,0.76,1942,2,1,2,1,0,1,0
febrl3,0.76,90,3,1,3,1,0,1,0
febrl3,0.76,61,4,1,4,1,0,1,0
febrl3,0.76,1536,2,1,2,1,0,1,0
febrl3,0.76,629,4,1,4,1,0,1,0
febrl3,0.76,1703,2,1,2,1,0,1,0
febrl3,0.76,1694,5,1,5,1,0,1,0
febrl3,0.76,35,6,1,6,1,0,1,0
febrl3,0.76,107,6,1,6,1,0,1,0
febrl3,0.76,1978,1,1,1,1,0,1,0
febrl3,0.76,378,4,1,4,1,0,1,0
febrl3,0.76,455,4,1,4,1,0,1,0
febrl3,0.76,1006,4,1,4,1,0,1,0
febrl3,0.76,1959,4,1,4,1,0,1,0
febrl3,0.76,841,1,1,1,1,0,1,0
febrl3,0.76,1972,3,1,3,1,0,1,0
febrl3,0.76,319,1,1,1,1,0,1,0
febrl3,0.76,1182,4,1,4,1,0,1,0
febrl3,0.76,567,5,1,5,1,0,1,0
febrl3,0.76,483,6,1,6,1,0,1,0
febrl3,0.76,678,2,1,2,1,0,1,0
febrl3,0.76,1401,2,1,2,1,0,1,0
febrl3,0.76,320,4,1,4,1,0,1,0
febrl3,0.76,1931,5,1,5,1,0,1,0
febrl3,0.76,868,1,1,1,1,0,1,0
febrl3,0.76,977,6,1,6,1,0,1,0
febrl3,0.76,1097,5,1,5,1,0,1,0
febrl3,0.76,1040,4,1,4,1,0,1,0
febrl3,0.76,1159,1,1,1,1,0,1,0
febrl3,0.76,943,5,1,5,1,0,1,0
febrl3,0.76,194,4,1,4,1,0,1,0
febrl3,0.76,1430,2,1,2,1,0,1,0
febrl3,0.76,693,3,1,3,1,0,1,0
febrl3,0.76,700,5,1,5,1,0,1,0
febrl3,0.76,1526,1,1,1,1,0,1,0
febrl3,0.76,1553,1,1,1,1,0,1,0
febrl3,0.76,291,1,1,1,1,0,1,0
febrl3,0.76,1054,2,1,2,1,0,1,0
febrl3,0.76,1980,5,1,5,1,0,1,0
febrl3,0.76,965,2,1,2,1,0,1,0
febrl3,0.76,145,2,1,2,1,0,1,0
febrl3,0.76,21,4,1,4,1,0,1,0
febrl3,0.76,86,4,1,4,1,0,1,0
febrl3,0.76,583,3,1,3,1,0,1,0
febrl3,0.76,1918,6,1,6,1,0,1,0
febrl3,0.76,1581,3,1,3,1,0,1,0
febrl3,0.76,1928,1,1,1,1,0,1,0
febrl3,0.76,1499,6,1,6,1,0,1,0
febrl3,0.76,1011,4,1,4,1,0,1,0
febrl3,0.76,385,3,1,3,1,0,1,0
febrl3,0.76,944,6,1,6,1,0,1,0
febrl3,0.76,1825,2,1,2,1,0,1,0
febrl3,0.76,1850,6,1,6,1,0,1,0
febrl3,0.76,1604,4,1,7,1,1,2,3
febrl3,0.76,619,6,2,6,2,0,2,0
febrl3,0.76,1398,1,1,1,1,0,1,0
febrl3,0.76,1783,1,1,1,1,0,1,0
febrl3,0.76,70,3,1,3,1,0,1,0
febrl3,0.76,1550,2,1,2,1,0,1,0
febrl3,0.76,153,5,1,5,1,0,1,0
febrl3,0.76,847,6,2,6,2,0,2,0
febrl3,0.76,323,2,1,2,1,0,1,0
febrl3,0.76,1621,5,1,5,1,0,1,0
febrl3,0.76,631,4,1,4,1,0,1,0
febrl3,0.76,985,6,1,6,1,0,1,0
febrl3,0.76,1436,1,1,1,1,0,1,0
febrl3,0.76,584,5,1,5,1,0,1,0
febrl3,0.76,1772,4,1,4,1,0,1,0
febrl3,0.76,433,5,1,5,1,0,1,0
febrl3,0.76,627,2,1,2,1,0,1,0
febrl3,0.76,1894,4,1,4,1,0,1,0
febrl3,0.76,76,1,1,1,1,0,1,0
febrl3,0.76,1771,1,1,1,1,0,1,0
febrl3,0.76,1623,5,1,5,1,0,1,0
febrl3,0.76,1216,4,1,4,1,0,1,0
febrl3,0.76,1647,1,1,1,1,0,1,0
febrl3,0.76,1029,6,1,6,1,0,1,0
febrl3,0.76,230,3,1,3,1,0,1,0
febrl3,0.76,687,1,1,1,1,0,1,0
febrl3,0.76,1297,1,1,1,1,0,1,0
febrl3,0.76,1164,4,1,4,1,0,1,0
febrl3,0.76,275,1,1,1,1,0,1,0
febrl3,0.76,474,1,1,1,1,0,1,0
febrl3,0.76,887,2,1,2,1,0,1,0
febrl3,0.76,1298,6,1,6,1,0,1,0
febrl3,0.76,657,2,1,2,1,0,1,0
febrl3,0.76,974,1,1,1,1,0,1,0
febrl3,0.76,532,6,1,6,1,0,1,0
febrl3,0.76,1255,2,1,2,1,0,1,0
febrl3,0.76,967,4,1,4,1,0,1,0
febrl3,0.76,1144,1,1,1,1,0,1,0
febrl3,0.76,1975,5,1,5,1,0,1,0
febrl3,0.76,81,2,1,2,1,0,1,0
febrl3,0.76,991,3,1,3,1,0,1,0
febrl3,0.76,801,5,1,5,1,0,1,0
febrl3,0.76,683,3,1,3,1,0,1,0
febrl3,0.76,826,5,1,5,1,0,1,0
febrl3,0.76,744,1,1,1,1,0,1,0
febrl3,0.76,655,6,1,6,1,0,1,0
febrl3,0.76,1497,2,1,2,1,0,1,0
febrl3,0.76,197,6,1,6,1,0,1,0
febrl3,0.76,1036,3,1,3,1,0,1,0
febrl3,0.76,559,5,1,5,1,0,1,0
febrl3,0.76,348,6,1,6,1,0,1,0
febrl3,0.76,1048,4,1,4,1,0,1,0
febrl3,0.76,161,6,1,6,1,0,1,0
febrl3,0.76,1502,4,1,4,1,0,1,0
febrl3,0.76,1655,3,1,3,1,0,1,0
febrl3,0.76,1460,4,1,4,1,0,1,0
febrl3,0.76,764,4,1,4,1,0,1,0
febrl3,0.76,711,6,1,6,1,0,1,0
febrl3,0.76,1760,5,2,5,2,0,2,0
febrl3,0.76,1571,3,1,3,1,0,1,0
febrl3,0.76,957,3,1,3,1,0,1,0
febrl3,0.76,432,5,1,5,1,0,1,0
febrl3,0.76,1855,5,1,5,1,0,1,0
febrl3,0.76,393,1,1,1,1,0,1,0
febrl3,0.76,788,6,1,6,1,0,1,0
febrl3,0.76,482,6,1,6,1,0,1,0
febrl3,0.76,1230,3,1,3,1,0,1,0
febrl3,0.76,1863,1,1,1,1,0,1,0
febrl3,0.76,338,1,1,1,1,0,1,0
febrl3,0.76,1482,1,1,1,1,0,1,0
febrl3,0.76,981,6,1,6,1,0,1,0
febrl3,0.76,231,3,1,3,1,0,1,0
febrl3,0.76,572,2,1,2,1,0,1,0
febrl3,0.76,614,1,1,1,1,0,1,0
febrl3,0.76,1585,2,1,2,1,0,1,0
febrl3,0.76,524,6,1,6,1,0,1,0
febrl3,0.76,272,3,1,3,1,0,1,0
febrl3,0.76,1672,5,1,5,1,0,1,0
febrl3,0.76,570,1,1,1,1,0,1,0
febrl3,0.76,1280,5,1,5,1,0,1,0
febrl3,0.76,1115,3,1,3,1,0,1,0
febrl3,0.76,1562,2,1,2,1,0,1,0
febrl3,0.76,1287,1,1,1,1,0,1,0
febrl3,0.76,1801,3,1,3,1,0,1,0
febrl3,0.76,672,2,1,2,1,0,1,0
febrl3,0.76,1797,3,1,3,1,0,1,0
febrl3,0.76,1949,3,1,3,1,0,1,0
febrl3,0.76,945,4,2,4,2,0,2,0
febrl3,0.76,344,1,1,1,1,0,1,0
febrl3,0.76,557,3,1,3,1,0,1,0
febrl3,0.76,1373,1,1,1,1,0,1,0
febrl3,0.76,1721,5,1,5,1,0,1,0
febrl3,0.76,329,3,1,3,1,0,1,0
febrl3,0.76,1979,1,1,1,1,0,1,0
febrl3,0.76,511,6,1,6,1,0,1,0
febrl3,0.76,49,3,1,3,1,0,1,0
febrl3,0.76,1948,2,1,2,1,0,1,0
febrl3,0.76,1281,2,1,2,1,0,1,0
febrl3,0.76,1024,1,1,1,1,0,1,0
febrl3,0.76,1359,1,1,1,1,0,1,0
febrl3,0.76,228,2,1,2,1,0,1,0
febrl3,0.76,1357,2,1,2,1,0,1,0
febrl3,0.76,503,6,1,6,1,0,1,0
febrl3,0.76,1469,5,1,5,1,0,1,0
febrl3,0.76,1394,2,1,2,1,0,1,0
febrl3,0.76,1904,6,1,6,1,0,1,0
febrl3,0.76,662,6,1,6,1,0,1,0
febrl3,0.76,127,1,1,1,1,0,1,0
febrl3,0.76,120,1,1,1,1,0,1,0
febrl3,0.76,83,2,1,2,1,0,1,0
febrl3,0.76,759,1,1,1,1,0,1,0
febrl3,0.76,169,4,1,4,1,0,1,0
febrl3,0.76,522,1,1,1,1,0,1,0
febrl3,0.76,478,2,1,2,1,0,1,0
febrl3,0.76,827,1,1,1,1,0,1,0
febrl3,0.76,1686,4,1,4,1,0,1,0
febrl3,0.76,921,5,1,5,1,0,1,0
febrl3,0.76,1969,5,1,5,1,0,1,0
febrl3,0.76,1129,1,1,1,1,0,1,0
febrl3,0.76,1290,4,1,4,1,0,1,0
febrl3,0.76,1152,6,1,6,1,0,1,0
febrl3,0.76,1506,3,1,3,1,0,1,0
febrl3,0.76,514,1,1,1,1,0,1,0
febrl3,0.76,1726,3,1,3,1,0,1,0
febrl3,0.76,24,2,1,2,1,0,1,0
febrl3,0.76,1827,1,1,1,1,0,1,0
febrl3,0.76,175,4,1,4,1,0,1,0
febrl3,0.76,1740,4,1,4,1,0,1,0
febrl3,0.76,1004,4,1,4,1,0,1,0
febrl3,0.76,1047,3,1,3,1,0,1,0
febrl3,0.76,1515,3,1,3,1,0,1,0
febrl3,0.76,505,3,1,3,1,0,1,0
febrl3,0.76,530,3,1,3,1,0,1,0
febrl3,0.76,1517,6,1,6,1,0,1,0
febrl3,0.76,42,1,1,1,1,0,1,0
febrl3,0.76,539,6,1,6,1,0,1,0
febrl3,0.76,595,6,1,6,1,0,1,0
febrl3,0.76,1471,1,1,2,1,1,2,1
febrl3,0.76,577,4,1,4,1,0,1,0
febrl3,0.76,823,2,1,2,1,0,1,0
febrl3,0.76,635,4,1,4,1,0,1,0
febrl3,0.76,1061,3,1,3,1,0,1,0
febrl3,0.76,1364,6,1,6,1,0,1,0
febrl3,0.76,1473,5,1,5,1,0,1,0
febrl3,0.76,1001,2,1,2,1,0,1,0
febrl3,0.76,1995,3,1,3,1,0,1,0
febrl3,0.76,1132,2,1,2,1,0,1,0
febrl3,0.76,374,6,1,6,1,0,1,0
febrl3,0.76,1039,2,1,2,1,0,1,0
febrl3,0.76,1444,5,1,5,1,0,1,0
febrl3,0.76,370,1,1,1,1,0,1,0
febrl3,0.76,56,5,1,5,1,0,1,0
febrl3,0.76,79,3,1,3,1,0,1,0
febrl3,0.76,1277,5,1,5,1,0,1,0
febrl3,0.76,373,4,1,4,1,0,1,0
febrl3,0.76,1009,4,2,4,2,0,2,0
febrl3,0.76,1692,4,1,4,1,0,1,0
febrl3,0.76,765,4,1,4,1,0,1,0
febrl3,0.76,1027,1,1,1,1,0,1,0
febrl3,0.76,1175,6,1,6,1,0,1,0
febrl3,0.76,1457,3,1,3,1,0,1,0
febrl3,0.76,1873,1,1,1,1,0,1,0
febrl3,0.76,434,1,1,1,1,0,1,0
febrl3,0.76,962,4,1,4,1,0,1,0
febrl3,0.76,202,6,2,6,2,0,2,0
febrl3,0.76,481,3,1,3,1,0,1,0
febrl3,0.76,833,2,1,2,1,0,1,0
febrl3,0.76,632,2,1,2,1,0,1,0
febrl3,0.76,624,5,1,5,1,0,1,0
febrl3,0.76,1365,3,1,3,1,0,1,0
febrl3,0.76,1546,2,1,2,1,0,1,0
febrl3,0.76,1632,3,1,3,1,0,1,0
febrl3,0.76,919,3,1,3,1,0,1,0
febrl3,0.76,1824,1,1,1,1,0,1,0
febrl3,0.76,639,3,1,3,1,0,1,0
febrl3,0.76,371,3,2,3,2,0,2,0
febrl3,0.76,260,6,1,6,1,0,1,0
febrl3,0.76,1227,2,1,2,1,0,1,0
febrl3,0.76,716,3,1,3,1,0,1,0
febrl3,0.76,1588,2,1,2,1,0,1,0
febrl3,0.76,954,6,1,6,1,0,1,0
febrl3,0.76,959,6,1,6,1,0,1,0
febrl3,0.76,278,6,1,6,1,0,1,0
febrl3,0.76,1218,2,1,2,1,0,1,0
febrl3,0.76,968,2,1,2,1,0,1,0
febrl3,0.76,1424,2,1,2,1,0,1,0
febrl3,0.76,555,1,1,1,1,0,1,0
febrl3,0.76,1523,4,1,4,1,0,1,0
febrl3,0.76,255,4,1,4,1,0,1,0
febrl3,0.76,812,1,1,1,1,0,1,0
febrl3,0.76,66,4,1,4,1,0,1,0
febrl3,0.76,1773,3,1,3,1,0,1,0
febrl3,0.76,707,6,1,6,1,0,1,0
febrl3,0.76,1080,4,1,4,1,0,1,0
febrl3,0.76,232,1,1,1,1,0,1,0
febrl3,0.76,720,3,1,3,1,0,1,0
febrl3,0.76,37,6,1,6,1,0,1,0
febrl3,0.76,199,2,1,5,1,1,2,3
febrl3,0.76,309,1,1,1,1,0,1,0
febrl3,0.76,1674,3,1,3,1,0,1,0
febrl3,0.76,176,5,1,5,1,0,1,0
febrl3,0.76,615,6,1,6,1,0,1,0
febrl3,0.76,1379,6,1,6,1,0,1,0
febrl3,0.76,12,6,2,6,2,0,2,0
febrl3,0.76,1602,3,1,3,1,0,1,0
febrl3,0.76,1758,3,1,3,1,0,1,0
febrl3,0.76,236,4,2,4,2,0,2,0
febrl3,0.76,1114,5,1,5,1,0,1,0
febrl3,0.76,1994,1,1,1,1,0,1,0
febrl3,0.76,1890,4,1,4,1,0,1,0
febrl3,0.76,426,4,1,4,1,0,1,0
febrl3,0.76,992,3,1,3,1,0,1,0
febrl3,0.76,114,1,1,1,1,0,1,0
febrl3,0.76,293,4,1,4,1,0,1,0
febrl3,0.76,259,1,1,1,1,0,1,0
febrl3,0.76,1279,1,1,2,1,1,2,1
febrl3,0.76,1286,4,1,4,1,0,1,0
febrl3,0.76,1421,2,1,2,1,0,1,0
febrl3,0.76,296,4,2,4,2,0,2,0
febrl3,0.76,91,5,1,5,1,0,1,0
febrl3,0.76,1275,4,1,4,1,0,1,0
febrl3,0.76,1584,5,1,5,1,0,1,0
febrl3,0.76,1123,1,1,1,1,0,1,0
febrl3,0.76,1670,6,1,6,1,0,1,0
febrl3,0.76,1761,2,1,2,1,0,1,0
febrl3,0.76,623,5,1,5,1,0,1,0
febrl3,0.76,848,3,1,3,1,0,1,0
febrl3,0.76,1251,1,1,1,1,0,1,0
febrl3,0.76,116,1,1,1,1,0,1,0
febrl3,0.76,531,3,1,3,1,0,1,0
febrl3,0.76,547,1,1,1,1,0,1,0
febrl3,0.76,1784,1,1,1,1,0,1,0
febrl3,0.76,785,6,1,6,1,0,1,0
febrl3,0.76,861,1,1,1,1,0,1,0
febrl3,0.76,1520,1,1,1,1,0,1,0
febrl3,0.76,1072,5,1,5,1,0,1,0
febrl3,0.76,440,1,1,1,1,0,1,0
febrl3,0.76,103,2,1,2,1,0,1,0
febrl3,0.76,1718,2,1,2,1,0,1,0
febrl3,0.76,1285,1,1,1,1,0,1,0
febrl3,0.76,914,1,1,1,1,0,1,0
febrl3,0.76,802,1,1,1,1,0,1,0
febrl3,0.76,398,1,1,1,1,0,1,0
febrl3,0.76,1782,4,1,4,1,0,1,0
febrl3,0.76,29,6,1,6,1,0,1,0
febrl3,0.76,276,1,1,1,1,0,1,0
febrl3,0.76,326,1,1,1,1,0,1,0
febrl3,0.76,1302,4,1,4,1,0,1,0
febrl3,0.76,498,2,1,2,1,0,1,0
febrl3,0.76,190,4,1,9,1,1,2,5
febrl3,0.76,1270,1,1,1,1,0,1,0
febrl3,0.76,452,4,1,4,1,0,1,0
febrl3,0.76,280,1,1,6,1,1,2,5
febrl3,0.76,187,6,1,6,1,0,1,0
febrl3,0.76,1314,5,1,5,1,0,1,0
febrl3,0.76,1138,3,1,3,1,0,1,0
febrl3,0.76,1963,3,1,3,1,0,1,0
febrl3,0.76,1028,3,1,3,1,0,1,0
febrl3,0.76,1620,4,1,4,1,0,1,0
febrl3,0.76,901,3,1,3,1,0,1,0
febrl3,0.76,80,5,1,5,1,0,1,0
febrl3,0.76,533,5,1,5,1,0,1,0
febrl3,0.76,1870,3,1,3,1,0,1,0
febrl3,0.76,1092,4,1,4,1,0,1,0
febrl3,0.76,849,1,1,1,1,0,1,0
febrl3,0.76,719,1,1,1,1,0,1,0
febrl3,0.76,1720,3,1,3,1,0,1,0
febrl3,0.76,1247,3,2,3,2,0,2,0
febrl3,0.76,1662,4,1,4,1,0,1,0
febrl3,0.76,1543,6,1,6,1,0,1,0
febrl3,0.76,1806,1,1,1,1,0,1,0
febrl3,0.76,1549,1,1,1,1,0,1,0
febrl3,0.76,1714,1,1,1,1,0,1,0
febrl3,0.76,668,6,2,6,2,0,2,0
febrl3,0.76,1957,2,1,2,1,0,1,0
febrl3,0.76,735,1,1,1,1,0,1,0
febrl3,0.76,244,2,1,2,1,0,1,0
febrl3,0.76,151,2,1,2,1,0,1,0
febrl3,0.76,1737,5,1,5,1,0,1,0
febrl3,0.76,105,6,1,6,1,0,1,0
febrl3,0.76,1889,2,1,2,1,0,1,0
febrl3,0.76,1374,1,1,1,1,0,1,0
febrl3,0.76,1126,6,1,6,1,0,1,0
febrl3,0.76,281,1,1,1,1,0,1,0
febrl3,0.76,698,4,1,4,1,0,1,0
febrl3,0.76,129,1,1,1,1,0,1,0
febrl3,0.76,600,2,1,2,1,0,1,0
febrl3,0.76,106,4,1,4,1,0,1,0
febrl3,0.76,1944,1,1,1,1,0,1,0
febrl3,0.76,1600,6,1,6,1,0,1,0
febrl3,0.76,1156,4,1,4,1,0,1,0
febrl3,0.76,249,5,1,5,1,0,1,0
febrl3,0.76,177,4,1,4,1,0,1,0
febrl3,0.76,1174,1,1,1,1,0,1,0
febrl3,0.76,922,4,1,6,1,1,2,2
febrl3,0.76,1073,5,1,9,1,1,2,4
febrl3,0.76,1173,6,1,6,1,0,1,0
febrl3,0.76,64,2,1,2,1,0,1,0
febrl3,0.76,1331,1,1,1,1,0,1,0
febrl3,0.76,195,1,1,1,1,0,1,0
febrl3,0.76,774,1,1,1,1,0,1,0
febrl3,0.76,924,1,1,1,1,0,1,0
febrl3,0.76,923,4,1,4,1,0,1,0
febrl3,0.76,261,3,1,3,1,0,1,0
febrl3,0.76,67,1,1,1,1,0,1,0
febrl3,0.76,543,6,2,6,2,0,2,0
febrl3,0.76,1750,5,1,5,1,0,1,0
febrl3,0.76,1366,1,1,1,1,0,1,0
febrl3,0.76,694,2,2,2,2,0,2,0
febrl3,0.76,604,1,1,1,1,0,1,0
febrl3,0.76,1742,2,1,2,1,0,1,0
febrl3,0.76,1459,1,1,1,1,0,1,0
febrl3,0.76,1528,2,1,2,1,0,1,0
febrl3,0.76,102,5,1,5,1,0,1,0
febrl3,0.76,1448,5,1,5,1,0,1,0
febrl3,0.76,179,1,1,1,1,0,1,0
febrl3,0.76,546,6,1,6,1,0,1,0
febrl3,0.76,651,1,1,1,1,0,1,0
febrl3,0.76,1886,6,1,6,1,0,1,0
febrl3,0.76,1862,2,1,2,1,0,1,0
febrl3,0.76,1993,2,1,2,1,0,1,0
febrl3,0.76,749,6,1,6,1,0,1,0
febrl3,0.76,99,4,1,4,1,0,1,0
febrl3,0.76,757,2,1,2,1,0,1,0
febrl3,0.76,100,6,1,6,1,0,1,0
febrl3,0.76,87,2,1,2,1,0,1,0
febrl3,0.76,1642,1,1,1,1,0,1,0
febrl3,0.76,731,4,1,9,1,2,3,5
febrl3,0.76,1403,6,1,6,1,0,1,0
febrl3,0.76,1438,5,1,5,1,0,1,0
febrl3,0.76,171,2,1,2,1,0,1,0
febrl3,0.76,1879,3,1,3,1,0,1,0
febrl3,0.76,1103,6,1,6,1,0,1,0
febrl3,0.76,457,1,1,1,1,0,1,0
febrl3,0.76,1022,6,1,6,1,0,1,0
febrl3,0.76,1037,1,1,1,1,0,1,0
febrl3,0.76,507,3,1,3,1,0,1,0
febrl3,0.76,460,1,1,1,1,0,1,0
febrl3,0.76,551,1,1,1,1,0,1,0
febrl3,0.76,121,5,1,6,1,1,2,1
febrl3,0.76,1268,1,1,1,1,0,1,0
febrl3,0.76,993,6,1,6,1,0,1,0
febrl3,0.76,1249,3,1,3,1,0,1,0
febrl3,0.76,1324,3,1,3,1,0,1,0
febrl3,0.76,54,5,1,5,1,0,1,0
febrl3,0.76,1032,2,1,2,1,0,1,0
febrl3,0.76,1376,2,1,2,1,0,1,0
febrl3,0.76,691,3,1,3,1,0,1,0
febrl3,0.76,284,1,1,1,1,0,1,0
febrl3,0.76,660,3,1,4,1,1,2,1
febrl3,0.76,942,2,1,2,1,0,1,0
febrl3,0.76,878,4,1,4,1,0,1,0
febrl3,0.76,836,5,1,5,1,0,1,0
febrl3,0.76,257,2,1,2,1,0,1,0
febrl3,0.76,743,4,1,4,1,0,1,0
febrl3,0.76,1233,1,1,1,1,0,1,0
febrl3,0.76,1494,2,2,2,2,0,2,0
febrl3,0.76,987,2,1,2,1,0,1,0
febrl3,0.76,1838,1,1,1,1,0,1,0
febrl3,0.76,659,3,1,3,1,0,1,0
febrl3,0.76,1880,5,1,5,1,0,1,0
febrl3,0.76,1950,2,1,2,1,0,1,0
febrl3,0.76,412,3,1,3,1,0,1,0
febrl3,0.76,109,4,1,4,1,0,1,0
febrl3,0.76,1717,6,1,6,1,0,1,0
febrl3,0.76,23,5,1,5,1,0,1,0
febrl3,0.76,605,2,1,2,1,0,1,0
febrl3,0.76,470,2,1,2,1,0,1,0
febrl3,0.76,1842,6,1,6,1,0,1,0
febrl3,0.76,838,5,1,5,1,0,1,0
febrl3,0.76,803,4,2,4,2,0,2,0
febrl3,0.76,351,3,1,3,1,0,1,0
febrl3,0.76,140,3,1,3,1,0,1,0
febrl3,0.76,188,2,1,2,1,0,1,0
febrl3,0.76,1204,1,1,1,1,0,1,0
febrl3,0.76,508,6,1,6,1,0,1,0
febrl3,0.76,724,6,1,6,1,0,1,0
febrl3,0.76,246,2,1,2,1,0,1,0
febrl3,0.76,844,5,1,5,1,0,1,0
febrl3,0.76,1382,2,1,6,1,1,2,4
febrl3,0.76,390,4,1,4,1,0,1,0
febrl3,0.76,1215,1,1,1,1,0,1,0
febrl3,0.76,1680,3,1,3,1,0,1,0
febrl3,0.76,1814,5,1,5,1,0,1,0
febrl3,0.76,141,5,2,5,2,0,2,0
febrl3,0.76,1564,4,1,4,1,0,1,0
febrl3,0.76,515,5,1,5,1,0,1,0
febrl3,0.76,1559,4,1,4,1,0,1,0
febrl3,0.76,1831,2,1,2,1,0,1,0
febrl3,0.76,1727,4,2,4,2,0,2,0
febrl3,0.76,1919,4,1,4,1,0,1,0
febrl3,0.76,31,1,1,1,1,0,1,0
febrl3,0.76,1412,1,1,1,1,0,1,0
febrl3,0.76,579,2,1,2,1,0,1,0
febrl3,0.76,737,1,1,1,1,0,1,0
febrl3,0.76,650,1,1,1,1,0,1,0
febrl3,0.76,1910,3,1,3,1,0,1,0
febrl3,0.76,667,2,1,2,1,0,1,0
febrl3,0.76,661,2,1,2,1,0,1,0
febrl3,0.76,1041,2,1,2,1,0,1,0
febrl3,0.76,548,1,1,1,1,0,1,0
febrl3,0.76,1397,3,1,3,1,0,1,0
febrl3,0.76,367,4,1,4,1,0,1,0
febrl3,0.76,542,1,1,1,1,0,1,0
febrl3,0.76,1522,1,1,1,1,0,1,0
febrl3,0.76,696,5,1,5,1,0,1,0
febrl3,0.76,835,1,1,1,1,0,1,0
febrl3,0.76,1013,1,1,1,1,0,1,0
febrl3,0.76,928,3,1,3,1,0,1,0
febrl3,0.76,237,2,1,2,1,0,1,0
febrl3,0.76,186,2,1,2,1,0,1,0
febrl3,0.76,444,4,1,4,1,0,1,0
febrl3,0.76,1087,5,1,5,1,0,1,0
febrl3,0.76,415,3,1,3,1,0,1,0
febrl3,0.76,1179,4,1,4,1,0,1,0
febrl3,0.76,416,1,1,1,1,0,1,0
febrl3,0.76,1410,6,1,6,1,0,1,0
febrl3,0.76,346,2,1,2,1,0,1,0
febrl3,0.76,380,6,1,6,1,0,1,0
febrl3,0.76,1231,1,1,1,1,0,1,0
febrl3,0.76,1026,3,1,3,1,0,1,0
febrl3,0.76,1266,1,1,1,1,0,1,0
febrl3,0.76,871,1,1,1,1,0,1,0
febrl3,0.76,1567,1,1,1,1,0,1,0
febrl3,0.76,274,5,1,6,1,1,2,1
febrl3,0.76,461,5,1,5,1,0,1,0
febrl3,0.76,223,3,1,7,1,1,2,4
febrl3,0.76,1241,3,1,3,1,0,1,0
febrl3,0.76,1117,5,2,5,2,0,2,0
febrl3,0.76,1044,5,1,5,1,0,1,0
febrl3,0.76,598,2,1,2,1,0,1,0
febrl3,0.76,1392,1,1,1,1,0,1,0
febrl3,0.76,372,4,1,4,1,0,1,0
febrl3,0.76,1555,3,1,3,1,0,1,0
febrl3,0.76,733,1,1,1,1,0,1,0
febrl3,0.76,1453,1,1,1,1,0,1,0
febrl3,0.76,1322,5,1,5,1,0,1,0
febrl3,0.76,1219,1,1,1,1,0,1,0
febrl3,0.76,123,1,1,1,1,0,1,0
febrl3,0.76,445,1,1,1,1,0,1,0
febrl3,0.76,1222,4,2,4,2,0,2,0
febrl3,0.76,544,1,1,1,1,0,1,0
febrl3,0.76,846,1,1,1,1,0,1,0
febrl3,0.76,1475,3,1,3,1,0,1,0
febrl3,0.76,1484,5,1,5,1,0,1,0
febrl3,0.76,84,3,1,3,1,0,1,0
febrl3,0.76,653,1,1,1,1,0,1,0
febrl3,0.76,46,4,1,4,1,0,1,0
febrl3,0.76,77,6,1,6,1,0,1,0
febrl3,0.76,1639,1,1,1,1,0,1,0
febrl3,0.76,1125,1,1,1,1,0,1,0
febrl3,0.76,1148,5,1,5,1,0,1,0
febrl3,0.76,1673,1,1,1,1,0,1,0
febrl3,0.76,495,2,1,2,1,0,1,0
febrl3,0.76,1851,6,2,6,2,0,2,0
febrl3,0.76,73,4,1,4,1,0,1,0
febrl3,0.76,725,4,2,4,2,0,2,0
febrl3,0.76,633,4,2,4,2,0,2,0
febrl3,0.76,895,2,1,2,1,0,1,0
febrl3,0.76,643,2,1,2,1,0,1,0
febrl3,0.76,1990,6,1,6,1,0,1,0
febrl3,0.76,137,1,1,1,1,0,1,0
febrl3,0.76,882,3,1,3,1,0,1,0
febrl3,0.76,381,3,1,3,1,0,1,0
febrl3,0.76,1094,3,1,3,1,0,1,0
febrl3,0.76,1971,2,1,2,1,0,1,0
febrl3,0.76,637,3,1,3,1,0,1,0
febrl3,0.76,769,1,1,1,1,0,1,0
febrl3,0.76,1749,3,1,3,1,0,1,0
febrl3,0.76,1002,2,1,2,1,0,1,0
febrl3,0.76,1143,5,1,5,1,0,1,0
febrl3,0.76,395,2,1,2,1,0,1,0
febrl3,0.76,200,1,1,1,1,0,1,0
febrl3,0.76,1531,2,1,2,1,0,1,0
febrl3,0.76,146,1,1,1,1,0,1,0
febrl3,0.76,682,4,1,4,1,0,1,0
febrl3,0.76,475,4,1,4,1,0,1,0
febrl3,0.76,701,1,1,1,1,0,1,0
febrl3,0.76,549,1,1,1,1,0,1,0
febrl3,0.76,646,2,1,2,1,0,1,0
febrl3,0.76,909,1,1,1,1,0,1,0
febrl3,0.76,688,3,1,3,1,0,1,0
febrl3,0.76,1728,3,1,3,1,0,1,0
febrl3,0.76,804,6,1,6,1,0,1,0
febrl3,0.76,312,5,2,5,2,0,2,0
febrl3,0.76,447,2,1,2,1,0,1,0
febrl3,0.76,41,1,1,1,1,0,1,0
febrl3,0.76,594,3,2,3,2,0,2,0
febrl3,0.76,233,1,1,1,1,0,1,0
febrl3,0.76,1501,1,1,1,1,0,1,0
febrl3,0.76,1643,2,1,2,1,0,1,0
febrl3,0.76,825,5,2,5,2,0,2,0
febrl3,0.76,1131,3,1,3,1,0,1,0
febrl3,0.76,210,6,1,6,1,0,1,0
febrl3,0.76,1007,5,1,5,1,0,1,0
febrl3,0.76,1336,2,1,2,1,0,1,0
febrl3,0.76,541,3,1,3,1,0,1,0
febrl3,0.76,334,1,1,1,1,0,1,0
febrl3,0.76,591,4,1,4,1,0,1,0
febrl3,0.76,1212,3,2,3,2,0,2,0
febrl3,0.76,1319,1,1,1,1,0,1,0
febrl3,0.76,1937,1,1,1,1,0,1,0
febrl3,0.76,450,1,1,1,1,0,1,0
febrl3,0.76,300,2,1,2,1,0,1,0
febrl3,0.76,671,3,1,3,1,0,1,0
febrl3,0.76,1307,6,1,6,1,0,1,0
febrl3,0.76,995,2,1,2,1,0,1,0
febrl3,0.76,877,3,1,3,1,0,1,0
febrl3,0.76,817,3,1,3,1,0,1,0
febrl3,0.76,1986,6,2,6,2,0,2,0
febrl3,0.76,850,2,1,2,1,0,1,0
febrl3,0.76,1221,1,1,1,1,0,1,0
febrl3,0.76,1747,4,2,4,2,0,2,0
febrl3,0.76,1135,3,1,3,1,0,1,0
febrl3,0.76,28,6,1,6,1,0,1,0
febrl3,0.76,867,1,1,1,1,0,1,0
febrl3,0.76,893,3,1,3,1,0,1,0
febrl3,0.76,1755,1,1,1,1,0,1,0
febrl3,0.76,130,1,1,1,1,0,1,0
febrl3,0.76,1162,1,1,1,1,0,1,0
febrl3,0.76,816,4,1,4,1,0,1,0
febrl3,0.76,499,1,1,1,1,0,1,0
febrl3,0.76,1547,1,1,1,1,0,1,0
febrl3,0.76,601,4,1,4,1,0,1,0
febrl3,0.76,294,2,1,2,1,0,1,0
febrl3,0.76,1,1,1,1,1,0,1,0
febrl3,0.76,808,3,1,3,1,0,1,0
febrl3,0.76,289,5,1,5,1,0,1,0
febrl3,0.76,948,4,1,4,1,0,1,0
febrl3,0.76,1428,1,1,1,1,0,1,0
febrl3,0.76,1362,2,1,2,1,0,1,0
febrl3,0.76,705,3,1,3,1,0,1,0
febrl3,0.76,1960,5,1,5,1,0,1,0
febrl3,0.76,1743,2,1,2,1,0,1,0
febrl3,0.76,1193,5,1,5,1,0,1,0
febrl3,0.76,911,3,1,3,1,0,1,0
febrl3,0.76,1257,1,1,1,1,0,1,0
febrl3,0.76,603,1,1,1,1,0,1,0
febrl3,0.76,1989,2,1,2,1,0,1,0
febrl3,0.76,1767,2,1,2,1,0,1,0
febrl3,0.76,596,1,1,1,1,0,1,0
febrl3,0.76,647,1,1,1,1,0,1,0
febrl3,0.76,25,4,1,4,1,0,1,0
febrl3,0.76,1323,1,1,1,1,0,1,0
febrl3,0.76,352,5,1,5,1,0,1,0
febrl3,0.76,1804,4,2,4,2,0,2,0
febrl3,0.76,57,6,1,6,1,0,1,0
febrl3,0.76,534,3,1,3,1,0,1,0
febrl3,0.76,1075,3,1,3,1,0,1,0
febrl3,0.76,212,5,1,5,1,0,1,0
febrl3,0.76,1907,2,1,2,1,0,1,0
febrl3,0.76,1739,1,1,1,1,0,1,0
febrl3,0.76,44,3,2,3,2,0,2,0
febrl3,0.76,564,2,1,2,1,0,1,0
febrl3,0.76,1273,5,2,5,2,0,2,0
febrl3,0.76,384,4,1,4,1,0,1,0
febrl3,0.76,1141,2,1,2,1,0,1,0
febrl3,0.76,751,3,1,3,1,0,1,0
febrl3,0.76,883,2,1,2,1,0,1,0
febrl3,0.76,1821,3,1,3,1,0,1,0
febrl3,0.76,1371,2,1,2,1,0,1,0
febrl3,0.76,1510,2,1,2,1,0,1,0
febrl3,0.76,1766,5,1,5,1,0,1,0
febrl3,0.76,1439,1,1,1,1,0,1,0
febrl3,0.76,473,3,1,3,1,0,1,0
febrl3,0.76,258,4,2,4,2,0,2,0
febrl3,0.76,872,3,1,3,1,0,1,0
febrl3,0.76,128,2,1,2,1,0,1,0
febrl3,0.76,964,2,1,2,1,0,1,0
febrl3,0.76,1583,1,1,1,1,0,1,0
febrl3,0.76,784,6,1,6,1,0,1,0
febrl3,0.76,1651,1,1,1,1,0,1,0
febrl3,0.76,1756,6,1,6,1,0,1,0
febrl3,0.76,6,5,1,5,1,0,1,0
febrl3,0.76,777,2,1,2,1,0,1,0
febrl3,0.76,1348,4,1,4,1,0,1,0
febrl3,0.76,327,5,1,5,1,0,1,0
febrl3,0.76,1699,2,1,2,1,0,1,0
febrl3,0.76,396,1,1,1,1,0,1,0
febrl3,0.76,1920,1,1,1,1,0,1,0
febrl3,0.76,139,3,1,3,1,0,1,0
febrl3,0.76,167,2,1,2,1,0,1,0
febrl3,0.76,211,1,1,1,1,0,1,0
febrl3,0.76,1276,2,1,2,1,0,1,0
febrl3,0.76,978,1,1,1,1,0,1,0
febrl3,0.76,1813,2,1,2,1,0,1,0
febrl3,0.76,1367,1,1,1,1,0,1,0
febrl3,0.76,254,1,1,1,1,0,1,0
febrl3,0.76,96,2,1,2,1,0,1,0
febrl3,0.76,1105,4,1,6,1,1,2,2
febrl3,0.76,1056,6,1,6,1,0,1,0
febrl3,0.76,1345,2,1,3,1,1,2,1
febrl3,0.76,449,1,1,1,1,0,1,0
febrl3,0.76,1288,1,1,1,1,0,1,0
febrl3,0.76,1864,2,1,2,1,0,1,0
febrl3,0.76,1708,6,1,6,1,0,1,0
febrl3,0.76,1764,4,1,4,1,0,1,0
febrl3,0.76,1762,1,1,1,1,0,1,0
febrl3,0.76,428,5,2,5,2,0,2,0
febrl3,0.76,880,6,1,6,1,0,1,0
febrl3,0.76,126,5,1,5,1,0,1,0
febrl3,0.76,1832,4,1,4,1,0,1,0
febrl3,0.76,917,3,1,3,1,0,1,0
febrl3,0.76,467,1,1,1,1,0,1,0
febrl3,0.76,1295,1,1,1,1,0,1,0
febrl3,0.76,1921,1,1,1,1,0,1,0
febrl3,0.76,1161,5,1,5,1,0,1,0
febrl3,0.76,599,4,1,4,1,0,1,0
febrl3,0.76,485,2,1,2,1,0,1,0
febrl3,0.76,242,4,1,4,1,0,1,0
febrl3,0.76,1264,1,1,1,1,0,1,0
febrl3,0.76,1681,2,1,2,1,0,1,0
febrl3,0.76,1244,5,1,5,1,0,1,0
febrl3,0.76,430,1,1,1,1,0,1,0
febrl3,0.76,710,4,1,4,1,0,1,0
febrl3,0.76,1145,1,1,1,1,0,1,0
febrl3,0.76,342,2,1,2,1,0,1,0
febrl3,0.76,358,3,1,3,1,0,1,0
febrl3,0.76,1017,2,1,2,1,0,1,0
febrl3,0.76,1427,3,1,3,1,0,1,0
febrl3,0.76,1437,3,1,3,1,0,1,0
febrl3,0.76,1133,4,1,4,1,0,1,0
febrl3,0.76,1160,3,1,3,1,0,1,0
febrl3,0.76,1070,2,1,2,1,0,1,0
febrl3,0.76,1077,2,1,2,1,0,1,0
febrl3,0.76,656,6,1,6,1,0,1,0
febrl3,0.76,1618,6,1,6,1,0,1,0
febrl3,0.76,1596,3,2,3,2,0,2,0
febrl3,0.76,1669,4,1,4,1,0,1,0
febrl3,0.76,775,3,1,3,1,0,1,0
febrl3,0.76,1313,2,1,2,1,0,1,0
febrl3,0.76,592,5,1,5,1,0,1,0
febrl3,0.76,519,4,1,4,1,0,1,0
febrl3,0.76,709,2,1,2,1,0,1,0
febrl3,0.76,810,2,1,2,1,0,1,0
febrl3,0.76,1999,1,1,1,1,0,1,0
febrl3,0.76,1136,2,1,2,1,0,1,0
febrl3,0.76,649,1,1,1,1,0,1,0
febrl3,0.76,1722,2,1,2,1,0,1,0
febrl3,0.76,1892,2,1,2,1,0,1,0
febrl3,0.76,33,1,1,1,1,0,1,0
febrl3,0.76,1908,1,1,1,1,0,1,0
febrl3,0.76,1947,6,1,6,1,0,1,0
febrl3,0.76,1514,1,1,1,1,0,1,0
febrl3,0.76,1877,5,1,5,1,0,1,0
febrl3,0.76,874,1,1,1,1,0,1,0
febrl3,0.76,310,4,1,4,1,0,1,0
febrl3,0.76,356,4,1,4,1,0,1,0
febrl3,0.76,1820,2,1,2,1,0,1,0
febrl3,0.76,1486,1,1,1,1,0,1,0
febrl3,0.76,1954,1,1,1,1,0,1,0
febrl3,0.76,1402,1,1,2,1,1,2,1
febrl3,0.76,1637,4,1,4,1,0,1,0
febrl3,0.76,1848,5,2,5,2,0,2,0
febrl3,0.76,1015,1,1,1,1,0,1,0
febrl3,0.76,1976,4,1,4,1,0,1,0
febrl3,0.76,1207,5,1,6,1,1,2,1
febrl3,0.76,1361,4,1,4,1,0,1,0
febrl3,0.76,1545,1,1,6,1,1,2,5
febrl3,0.76,1630,3,1,3,1,0,1,0
febrl3,0.76,609,6,1,6,1,0,1,0
febrl3,0.76,1375,4,1,9,1,1,2,5
febrl3,0.76,1214,2,1,2,1,0,1,0
febrl3,0.76,1916,1,1,1,1,0,1,0
febrl3,0.76,1606,1,1,1,1,0,1,0
febrl3,0.76,1938,4,1,4,1,0,1,0
febrl3,0.76,198,1,1,1,1,0,1,0
febrl3,0.76,494,1,1,1,1,0,1,0
febrl3,0.76,1467,5,1,5,1,0,1,0
febrl3,0.76,1770,4,1,4,1,0,1,0
febrl3,0.76,1504,2,1,2,1,0,1,0
febrl3,0.76,1178,1,1,1,1,0,1,0
febrl3,0.76,1406,1,1,1,1,0,1,0
febrl3,0.76,1765,4,1,4,1,0,1,0
febrl3,0.76,1926,1,1,1,1,0,1,0
febrl3,0.76,1731,1,1,1,1,0,1,0
febrl3,0.76,1242,6,1,6,1,0,1,0
febrl3,0.76,388,1,1,1,1,0,1,0
febrl3,0.76,597,1,1,1,1,0,1,0
febrl3,0.76,752,1,1,1,1,0,1,0
febrl3,0.76,1352,1,1,1,1,0,1,0
febrl3,0.76,400,5,1,5,1,0,1,0
febrl3,0.76,1085,3,1,3,1,0,1,0
febrl3,0.76,39,2,1,2,1,0,1,0
febrl3,0.76,267,4,1,4,1,0,1,0
febrl3,0.76,839,5,1,5,1,0,1,0
febrl3,0.76,82,3,1,3,1,0,1,0
febrl3,0.76,1203,2,1,2,1,0,1,0
febrl3,0.76,1939,2,1,2,1,0,1,0
febrl3,0.76,537,2,1,2,1,0,1,0
febrl3,0.76,303,2,1,2,1,0,1,0
febrl3,0.76,1645,1,1,1,1,0,1,0
febrl3,0.76,1121,2,1,2,1,0,1,0
febrl3,0.76,1565,2,1,2,1,0,1,0
febrl3,0.76,192,1,1,1,1,0,1,0
febrl3,0.76,1629,4,2,4,2,0,2,0
febrl3,0.76,1445,5,1,5,1,0,1,0
febrl3,0.76,699,1,1,1,1,0,1,0
febrl3,0.76,753,1,1,1,1,0,1,0
febrl3,0.76,996,3,1,3,1,0,1,0
febrl3,0.76,1153,1,1,1,1,0,1,0
febrl3,0.76,138,4,1,4,1,0,1,0
febrl3,0.76,934,2,1,2,1,0,1,0
febrl3,0.76,1350,1,1,1,1,0,1,0
febrl3,0.76,1513,3,1,3,1,0,1,0
febrl3,0.76,890,1,1,1,1,0,1,0
febrl3,0.76,1340,3,1,3,1,0,1,0
febrl3,0.76,314,3,1,3,1,0,1,0
febrl3,0.76,1154,2,1,2,1,0,1,0
febrl3,0.76,1335,5,1,5,1,0,1,0
febrl3,0.76,1803,1,1,1,1,0,1,0
febrl3,0.76,1089,1,1,1,1,0,1,0
febrl3,0.76,1493,5,2,7,2,1,3,2
febrl3,0.76,313,2,1,2,1,0,1,0
febrl3,0.76,1615,1,1,1,1,0,1,0
febrl3,0.76,955,1,1,1,1,0,1,0
febrl3,0.76,1793,2,1,2,1,0,1,0
febrl3,0.76,1768,1,1,1,1,0,1,0
febrl3,0.76,1226,2,1,2,1,0,1,0
febrl3,0.76,1808,4,1,4,1,0,1,0
febrl3,0.76,472,3,1,3,1,0,1,0
febrl3,0.76,1753,4,1,4,1,0,1,0
febrl3,0.76,418,2,1,2,1,0,1,0
febrl3,0.76,290,4,1,4,1,0,1,0
febrl3,0.76,1272,3,1,3,1,0,1,0
febrl3,0.76,1100,6,1,6,1,0,1,0
febrl3,0.76,148,3,1,3,1,0,1,0
febrl3,0.76,391,1,1,1,1,0,1,0
febrl3,0.76,1598,3,1,3,1,0,1,0
febrl3,0.76,760,4,1,4,1,0,1,0
febrl3,0.76,1165,4,1,4,1,0,1,0
febrl3,0.76,747,6,1,6,1,0,1,0
febrl3,0.76,1418,6,1,6,1,0,1,0
febrl3,0.76,1278,3,1,3,1,0,1,0
febrl3,0.76,1660,3,1,3,1,0,1,0
febrl3,0.76,489,6,1,6,1,0,1,0
febrl3,0.76,1483,1,1,1,1,0,1,0
febrl3,0.76,562,2,1,2,1,0,1,0
febrl3,0.76,1440,1,1,1,1,0,1,0
febrl3,0.76,1464,3,1,3,1,0,1,0
febrl3,0.76,104,2,1,2,1,0,1,0
febrl3,0.76,581,4,1,4,1,0,1,0
febrl3,0.76,1456,2,1,2,1,0,1,0
febrl3,0.76,58,3,1,3,1,0,1,0
febrl3,0.76,156,1,1,1,1,0,1,0
febrl3,0.76,1360,1,1,1,1,0,1,0
febrl3,0.76,234,1,1,1,1,0,1,0
febrl3,0.76,516,1,1,1,1,0,1,0
febrl3,0.76,131,2,1,2,1,0,1,0
febrl3,0.76,1809,3,1,3,1,0,1,0
febrl3,0.76,1970,3,2,3,2,0,2,0
febrl3,0.76,1229,4,1,4,1,0,1,0
febrl3,0.76,638,4,1,4,1,0,1,0
febrl3,0.76,143,5,2,5,2,0,2,0
febrl3,0.76,1657,6,1,6,1,0,1,0
febrl3,0.76,1609,1,1,1,1,0,1,0
febrl3,0.76,1370,2,1,2,1,0,1,0
febrl3,0.76,1914,1,1,1,1,0,1,0
febrl3,0.76,837,1,1,1,1,0,1,0
febrl3,0.76,859,4,1,4,1,0,1,0
febrl3,0.76,809,3,1,3,1,0,1,0
febrl3,0.76,1521,2,1,2,1,0,1,0
febrl3,0.76,897,4,1,4,1,0,1,0
febrl3,0.76,734,1,1,1,1,0,1,0
febrl3,0.76,930,1,1,1,1,0,1,0
febrl3,0.76,1099,2,1,2,1,0,1,0
febrl3,0.76,553,2,1,2,1,0,1,0
febrl3,0.76,913,1,1,1,1,0,1,0
febrl3,0.76,780,1,1,1,1,0,1,0
febrl3,0.76,1086,2,1,2,1,0,1,0
febrl3,0.76,1463,1,1,1,1,0,1,0
febrl3,0.76,1411,4,1,4,1,0,1,0
febrl3,0.76,1294,1,1,1,1,0,1,0
febrl3,0.76,1622,2,1,2,1,0,1,0
febrl3,0.76,1505,3,1,3,1,0,1,0
febrl3,0.76,1234,3,2,3,2,0,2,0
febrl3,0.76,1899,3,1,3,1,0,1,0
febrl3,0.76,414,1,1,1,1,0,1,0
febrl3,0.76,238,2,1,2,1,0,1,0
febrl3,0.76,180,3,1,3,1,0,1,0
febrl3,0.76,1983,6,1,6,1,0,1,0
febrl3,0.76,1828,1,1,1,1,0,1,0
febrl3,0.76,1084,3,1,3,1,0,1,0
febrl3,0.76,331,2,1,3,1,1,2,1
febrl3,0.76,1423,1,1,1,1,0,1,0
febrl3,0.76,862,5,1,5,1,0,1,0
febrl3,0.76,1254,1,1,1,1,0,1,0
febrl3,0.76,263,1,1,1,1,0,1,0
febrl3,0.76,1973,2,1,2,1,0,1,0
febrl3,0.76,1079,1,1,1,1,0,1,0
febrl3,0.76,1683,1,1,1,1,0,1,0
febrl3,0.76,1470,1,1,1,1,0,1,0
febrl3,0.76,936,2,1,2,1,0,1,0
febrl3,0.76,1665,6,1,6,1,0,1,0
febrl3,0.76,295,2,1,2,1,0,1,0
febrl3,0.76,7,5,1,5,1,0,1,0
febrl3,0.76,554,6,1,6,1,0,1,0
febrl3,0.76,1342,4,1,4,1,0,1,0
febrl3,0.76,1065,1,1,1,1,0,1,0
febrl3,0.76,857,1,1,1,1,0,1,0
febrl3,0.76,1488,3,1,3,1,0,1,0
febrl3,0.76,1712,1,1,1,1,0,1,0
febrl3,0.76,702,4,1,4,1,0,1,0
febrl3,0.76,1790,3,1,3,1,0,1,0
febrl3,0.76,1211,2,1,2,1,0,1,0
febrl3,0.76,706,1,1,1,1,0,1,0
febrl3,0.76,538,3,2,3,2,0,2,0
febrl3,0.76,1736,4,1,4,1,0,1,0
febrl3,0.76,1053,1,1,1,1,0,1,0
febrl3,0.76,307,1,1,1,1,0,1,0
febrl3,0.76,354,2,1,2,1,0,1,0
febrl3,0.76,1775,2,1,2,1,0,1,0
febrl3,0.76,1289,2,1,2,1,0,1,0
febrl3,0.76,1800,5,1,5,1,0,1,0
febrl3,0.76,946,1,1,1,1,0,1,0
febrl3,0.76,1107,1,1,1,1,0,1,0
febrl3,0.76,423,1,1,1,1,0,1,0
febrl3,0.76,1415,1,1,1,1,0,1,0
febrl3,0.76,1393,2,1,2,1,0,1,0
febrl3,0.76,1817,2,1,2,1,0,1,0
febrl3,0.76,1052,3,1,3,1,0,1,0
febrl3,0.76,796,6,1,6,1,0,1,0
febrl3,0.76,1443,1,1,1,1,0,1,0
febrl3,0.76,612,3,1,3,1,0,1,0
febrl3,0.76,1569,2,1,2,1,0,1,0
febrl3,0.76,266,2,1,2,1,0,1,0
febrl3,0.76,900,2,1,2,1,0,1,0
febrl3,0.76,1730,4,1,4,1,0,1,0
febrl3,0.76,1763,1,1,1,1,0,1,0
febrl3,0.76,158,1,1,1,1,0,1,0
febrl3,0.76,807,1,1,1,1,0,1,0
febrl3,0.76,1789,1,1,1,1,0,1,0
febrl3,0.76,1822,1,1,1,1,0,1,0
febrl3,0.76,279,6,1,6,1,0,1,0
febrl3,0.76,971,1,1,1,1,0,1,0
febrl3,0.76,896,2,1,2,1,0,1,0
febrl3,0.76,1082,2,1,2,1,0,1,0
febrl3,0.76,1810,2,1,2,1,0,1,0
febrl3,0.76,566,1,1,1,1,0,1,0
febrl3,0.76,1450,1,1,1,1,0,1,0
febrl3,0.76,1961,2,1,2,1,0,1,0
febrl3,0.76,790,2,1,2,1,0,1,0
febrl3,0.76,347,2,1,2,1,0,1,0
febrl3,0.76,336,1,1,1,1,0,1,0
febrl3,0.76,793,6,1,6,1,0,1,0
febrl3,0.76,321,6,1,6,1,0,1,0
febrl3,0.76,640,5,1,5,1,0,1,0
febrl3,0.76,406,2,1,2,1,0,1,0
febrl3,0.76,477,1,1,1,1,0,1,0
febrl3,0.76,645,3,2,3,2,0,2,0
febrl3,0.76,628,3,2,3,2,0,2,0
febrl3,0.76,1538,1,1,1,1,0,1,0
febrl3,0.76,1715,5,1,5,1,0,1,0
febrl3,0.76,602,1,1,1,1,0,1,0
febrl3,0.76,1091,4,1,4,1,0,1,0
febrl3,0.76,1256,2,1,2,1,0,1,0
febrl3,0.76,74,3,1,3,1,0,1,0
febrl3,0.76,916,1,1,1,1,0,1,0
febrl3,0.76,675,1,1,1,1,0,1,0
febrl3,0.76,1785,1,1,1,1,0,1,0
febrl3,0.76,1987,3,1,3,1,0,1,0
febrl3,0.76,1127,4,1,4,1,0,1,0
febrl3,0.76,59,1,1,1,1,0,1,0
febrl3,0.76,931,1,1,1,1,0,1,0
febrl3,0.76,157,1,1,1,1,0,1,0
febrl3,0.76,1968,2,1,2,1,0,1,0
febrl3,0.76,545,3,1,3,1,0,1,0
febrl3,0.76,437,2,1,2,1,0,1,0
febrl3,0.76,593,6,1,6,1,0,1,0
febrl3,0.76,1812,2,1,2,1,0,1,0
febrl3,0.76,1823,1,1,1,1,0,1,0
febrl3,0.76,1063,1,1,1,1,0,1,0
febrl3,0.76,1654,2,1,2,1,0,1,0
febrl3,0.76,1018,1,1,1,1,0,1,0
febrl3,0.76,1725,6,1,6,1,0,1,0
febrl3,0.76,413,1,1,1,1,0,1,0
febrl3,0.76,1225,1,1,1,1,0,1,0
febrl3,0.76,1246,1,1,1,1,0,1,0
febrl3,0.76,1147,1,1,1,1,0,1,0
febrl3,0.76,915,1,1,1,1,0,1,0
febrl3,0.76,1465,1,1,1,1,0,1,0
febrl3,0.76,184,1,1,1,1,0,1,0
febrl3,0.76,1525,2,1,2,1,0,1,0
febrl3,0.76,697,1,1,1,1,0,1,0
febrl3,0.76,1635,4,1,4,1,0,1,0
febrl3,0.76,712,1,1,1,1,0,1,0
febrl3,0.76,1420,6,1,6,1,0,1,0
febrl3,0.76,510,2,1,2,1,0,1,0
febrl3,0.76,17,1,1,1,1,0,1,0
febrl3,0.76,217,4,1,4,1,0,1,0
febrl3,0.76,670,6,1,6,1,0,1,0
febrl3,0.76,98,1,1,1,1,0,1,0
febrl3,0.76,1591,1,1,1,1,0,1,0
febrl3,0.76,1158,2,1,2,1,0,1,0
febrl3,0.76,1262,2,1,2,1,0,1,0
febrl3,0.76,819,3,1,3,1,0,1,0
febrl3,0.76,685,2,1,2,1,0,1,0
febrl3,0.76,1491,4,1,4,1,0,1,0
febrl3,0.76,47,5,1,5,1,0,1,0
febrl3,0.76,1837,1,1,1,1,0,1,0
febrl3,0.76,14,5,1,5,1,0,1,0
febrl3,0.76,1025,1,1,1,1,0,1,0
febrl3,0.76,763,1,1,1,1,0,1,0
febrl3,0.76,920,2,1,2,1,0,1,0
febrl3,0.76,1915,1,1,1,1,0,1,0
febrl3,0.76,89,1,1,1,1,0,1,0
febrl3,0.76,674,2,1,2,1,0,1,0
febrl3,0.76,50,2,1,2,1,0,1,0
febrl3,0.76,772,5,1,5,1,0,1,0
febrl3,0.76,620,2,1,2,1,0,1,0
febrl3,0.76,209,1,1,1,1,0,1,0
febrl3,0.76,1512,4,1,4,1,0,1,0
febrl3,0.76,243,1,1,1,1,0,1,0
febrl3,0.76,586,1,1,1,1,0,1,0
febrl3,0.76,1354,1,1,1,1,0,1,0
febrl3,0.76,1490,3,1,3,1,0,1,0
febrl3,0.76,1338,2,1,2,1,0,1,0
febrl3,0.76,1607,3,1,3,1,0,1,0
febrl3,0.76,1788,2,1,2,1,0,1,0
febrl3,0.76,170,1,1,1,1,0,1,0
febrl3,0.76,304,5,1,5,1,0,1,0
febrl3,0.76,829,4,2,4,2,0,2,0
febrl3,0.76,1691,1,1,1,1,0,1,0
febrl3,0.76,1205,1,1,1,1,0,1,0
febrl3,0.76,1930,1,1,1,1,0,1,0
febrl3,0.76,1485,1,1,1,1,0,1,0
febrl3,0.76,1202,1,1,1,1,0,1,0
febrl3,0.76,1385,1,1,1,1,0,1,0
febrl3,0.76,201,2,1,2,1,0,1,0
febrl3,0.76,43,1,1,1,1,0,1,0
febrl3,0.76,1912,3,1,3,1,0,1,0
febrl3,0.76,464,1,1,1,1,0,1,0
febrl3,0.76,1966,1,1,1,1,0,1,0
febrl3,0.76,1303,2,1,2,1,0,1,0
febrl3,0.76,1479,3,1,3,1,0,1,0
febrl3,0.76,1911,1,1,1,1,0,1,0
febrl3,0.76,3,3,1,3,1,0,1,0
febrl3,0.76,364,2,1,2,1,0,1,0
febrl3,0.76,1083,4,1,4,1,0,1,0
febrl3,0.76,715,1,1,1,1,0,1,0
febrl3,0.76,1383,4,1,4,1,0,1,0
febrl3,0.76,1414,1,1,1,1,0,1,0
febrl3,0.76,1795,1,1,1,1,0,1,0
febrl3,0.76,318,5,1,5,1,0,1,0
febrl3,0.76,979,1,1,1,1,0,1,0
febrl3,0.76,1867,2,1,2,1,0,1,0
febrl3,0.76,55,5,1,5,1,0,1,0
febrl3,0.76,937,4,1,4,1,0,1,0
febrl3,0.76,1058,3,1,3,1,0,1,0
febrl3,0.76,1419,4,1,4,1,0,1,0
febrl3,0.76,1865,3,1,3,1,0,1,0
febrl3,0.76,766,2,1,2,1,0,1,0
febrl3,0.76,1300,1,1,1,1,0,1,0
febrl3,0.76,355,4,1,4,1,0,1,0
febrl3,0.76,196,1,1,1,1,0,1,0
febrl3,0.76,252,1,1,1,1,0,1,0
febrl3,0.76,155,3,1,3,1,0,1,0
febrl3,0.76,926,1,1,1,1,0,1,0
febrl3,0.76,282,1,1,1,1,0,1,0
febrl3,0.76,1389,3,1,3,1,0,1,0
febrl3,0.76,1265,3,1,3,1,0,1,0
febrl3,0.76,1826,1,1,1,1,0,1,0
febrl3,0.76,1059,1,1,1,1,0,1,0
febrl3,0.76,1664,1,1,1,1,0,1,0
febrl3,0.76,767,4,1,4,1,0,1,0
febrl3,0.76,1905,1,1,1,1,0,1,0
febrl3,0.76,1500,2,1,2,1,0,1,0
febrl3,0.76,1274,1,1,1,1,0,1,0
febrl3,0.76,297,1,1,1,1,0,1,0
febrl3,0.76,1791,6,1,6,1,0,1,0
febrl3,0.76,972,3,1,3,1,0,1,0
febrl3,0.76,869,4,1,4,1,0,1,0
febrl3,0.76,500,5,1,5,1,0,1,0
febrl3,0.76,1709,2,1,2,1,0,1,0
febrl3,0.76,337,3,1,3,1,0,1,0
febrl3,0.76,1757,5,1,5,1,0,1,0
febrl3,0.76,1576,3,1,3,1,0,1,0
febrl3,0.76,606,1,1,1,1,0,1,0
febrl3,0.76,1299,1,1,1,1,0,1,0
febrl3,0.76,997,2,1,2,1,0,1,0
febrl3,0.76,1936,2,1,2,1,0,1,0
febrl3,0.76,1260,4,1,4,1,0,1,0
febrl3,0.76,1033,2,1,2,1,0,1,0
febrl3,0.76,315,3,1,3,1,0,1,0
febrl3,0.76,435,2,1,2,1,0,1,0
febrl3,0.76,1466,1,1,1,1,0,1,0
febrl3,0.76,491,3,1,3,1,0,1,0
febrl3,0.76,855,5,1,5,1,0,1,0
febrl3,0.76,1243,5,1,5,1,0,1,0
febrl3,0.76,795,1,1,1,1,0,1,0
febrl3,0.76,865,2,1,2,1,0,1,0
febrl3,0.76,394,5,1,16,1,1,2,11
febrl3,0.76,933,4,1,4,1,0,1,0
febrl3,0.76,1853,2,1,2,1,0,1,0
febrl3,0.76,973,1,1,1,1,0,1,0
febrl3,0.76,239,3,1,3,1,0,1,0
febrl3,0.76,253,1,1,1,1,0,1,0
febrl3,0.76,251,3,1,3,1,0,1,0
febrl3,0.76,610,1,1,1,1,0,1,0
febrl3,0.76,1541,2,1,2,1,0,1,0
febrl3,0.76,1711,2,1,2,1,0,1,0
febrl3,0.76,1704,4,1,4,1,0,1,0
febrl3,0.76,797,1,1,1,1,0,1,0
febrl3,0.76,248,3,1,3,1,0,1,0
febrl3,0.76,218,1,1,1,1,0,1,0
febrl3,0.76,63,1,1,1,1,0,1,0
febrl3,0.76,1612,1,1,1,1,0,1,0
febrl3,0.76,458,6,1,6,1,0,1,0
febrl3,0.76,1434,1,1,1,1,0,1,0
febrl3,0.76,1882,1,1,1,1,0,1,0
febrl3,0.76,369,1,1,1,1,0,1,0
febrl3,0.76,520,2,1,2,1,0,1,0
febrl3,0.76,1575,2,1,2,1,0,1,0
febrl3,0.76,1924,1,1,1,1,0,1,0
febrl3,0.76,932,2,1,2,1,0,1,0
febrl3,0.76,1116,1,1,1,1,0,1,0
febrl3,0.76,287,3,1,3,1,0,1,0
febrl3,0.76,48,2,1,2,1,0,1,0
febrl3,0.76,1166,1,1,1,1,0,1,0
febrl3,0.76,1259,2,1,2,1,0,1,0
febrl3,0.76,446,1,1,1,1,0,1,0
febrl3,0.76,770,3,2,3,2,0,2,0
febrl3,0.76,1476,1,1,1,1,0,1,0
febrl3,0.76,92,1,1,1,1,0,1,0
febrl3,0.76,1369,1,1,1,1,0,1,0
febrl3,0.76,1587,1,1,1,1,0,1,0
febrl3,0.76,1023,1,1,1,1,0,1,0
febrl3,0.76,411,2,1,2,1,0,1,0
febrl3,0.76,673,3,1,3,1,0,1,0
febrl3,0.76,1652,1,1,1,1,0,1,0
febrl3,0.76,866,2,1,2,1,0,1,0
febrl3,0.76,1447,1,1,1,1,0,1,0
febrl3,0.76,1689,1,1,1,1,0,1,0
febrl3,0.76,1568,2,1,2,1,0,1,0
febrl3,0.76,1802,2,1,2,1,0,1,0
febrl3,0.76,1860,6,1,6,1,0,1,0
febrl3,0.76,402,1,1,1,1,0,1,0
febrl3,0.76,558,1,1,1,1,0,1,0
febrl3,0.76,324,3,1,3,1,0,1,0
febrl3,0.76,1150,2,1,2,1,0,1,0
febrl3,0.76,652,2,1,2,1,0,1,0
febrl3,0.76,1223,2,1,2,1,0,1,0
febrl3,0.76,845,1,1,1,1,0,1,0
febrl3,0.76,1118,1,1,1,1,0,1,0
febrl3,0.76,1777,2,1,3,1,1,2,1
febrl3,0.76,2,1,1,1,1,0,1,0
febrl3,0.76,970,1,1,1,1,0,1,0
febrl3,0.76,359,2,1,2,1,0,1,0
febrl3,0.76,1310,2,1,2,1,0,1,0
febrl3,0.76,1413,1,1,1,1,0,1,0
febrl3,0.76,1769,6,1,6,1,0,1,0
febrl3,0.76,713,2,1,2,1,0,1,0
febrl3,0.76,677,2,1,2,1,0,1,0
febrl3,0.76,1946,1,1,1,1,0,1,0
febrl3,0.76,947,2,1,2,1,0,1,0
febrl3,0.76,512,2,1,6,1,1,2,4
febrl3,0.76,215,1,1,1,1,0,1,0
febrl3,0.76,1312,3,1,4,1,1,2,1
febrl3,0.76,1426,3,2,3,2,0,2,0
febrl3,0.76,863,2,1,2,1,0,1,0
febrl3,0.76,1306,1,1,1,1,0,1,0
febrl3,0.76,509,1,1,1,1,0,1,0
febrl3,0.76,1544,1,1,1,1,0,1,0
febrl3,0.76,982,3,2,3,2,0,2,0
febrl3,0.76,573,2,1,2,1,0,1,0
febrl3,0.76,1408,1,1,1,1,0,1,0
febrl3,0.76,898,3,1,3,1,0,1,0
febrl3,0.76,1066,1,1,1,1,0,1,0
febrl3,0.76,1146,1,1,1,1,0,1,0
febrl3,0.76,1292,1,1,1,1,0,1,0
febrl3,0.76,1071,6,1,6,1,0,1,0
febrl3,0.76,529,2,1,2,1,0,1,0
febrl3,0.76,166,3,1,3,1,0,1,0
febrl3,0.76,27,1,1,1,1,0,1,0
febrl3,0.76,9,1,1,1,1,0,1,0
febrl3,0.76,1710,1,1,2,1,1,2,1
febrl3,0.76,786,2,1,2,1,0,1,0
febrl3,0.76,1462,2,1,2,1,0,1,0
febrl3,0.76,963,1,1,1,1,0,1,0
febrl3,0.76,828,1,1,1,1,0,1,0
febrl3,0.76,1384,1,1,1,1,0,1,0
febrl3,0.76,1433,2,1,2,1,0,1,0
febrl3,0.76,366,1,1,1,1,0,1,0
febrl3,0.76,1603,1,1,1,1,0,1,0
febrl3,0.76,1744,2,1,2,1,0,1,0
febrl3,0.76,269,1,1,1,1,0,1,0
febrl3,0.76,204,1,1,1,1,0,1,0
febrl3,0.76,1043,1,1,1,1,0,1,0
febrl3,0.76,353,3,1,3,1,0,1,0
febrl3,0.76,1316,6,1,6,1,0,1,0
febrl3,0.76,1840,2,1,2,1,0,1,0
febrl3,0.76,983,2,1,2,1,0,1,0
febrl3,0.76,912,2,1,2,1,0,1,0
febrl3,0.76,1578,1,1,1,1,0,1,0
febrl3,0.76,1245,1,1,1,1,0,1,0
febrl3,0.76,124,1,1,1,1,0,1,0
febrl3,0.76,403,2,1,2,1,0,1,0
febrl3,0.76,679,3,2,3,2,0,2,0
febrl3,0.76,1122,1,1,1,1,0,1,0
febrl3,0.76,173,1,1,1,1,0,1,0
febrl3,0.76,1263,1,1,1,1,0,1,0
febrl3,0.76,419,3,1,3,1,0,1,0
febrl3,0.76,343,2,1,2,1,0,1,0
febrl3,0.76,1786,2,1,2,1,0,1,0
febrl3,0.76,681,1,1,1,1,0,1,0
febrl3,0.76,1003,1,1,1,1,0,1,0
febrl3,0.76,1151,5,1,5,1,0,1,0
febrl3,0.76,1527,4,1,4,1,0,1,0
febrl3,0.76,1253,1,1,1,1,0,1,0
febrl3,0.76,328,1,1,1,1,0,1,0
febrl3,0.76,958,1,1,1,1,0,1,0
febrl3,0.76,97,1,1,1,1,0,1,0
febrl3,0.76,1186,2,1,2,1,0,1,0
febrl3,0.76,1780,2,1,2,1,0,1,0
febrl3,0.76,189,1,1,1,1,0,1,0
febrl3,0.76,1868,1,1,1,1,0,1,0
febrl3,0.76,1965,1,1,1,1,0,1,0
febrl3,0.76,1417,6,1,6,1,0,1,0
febrl3,0.76,1067,2,1,2,1,0,1,0
febrl3,0.76,1078,1,1,1,1,0,1,0
febrl3,0.76,1210,4,1,4,1,0,1,0
febrl3,0.76,1045,1,1,1,1,0,1,0
febrl3,0.76,892,2,1,2,1,0,1,0
febrl3,0.76,908,2,1,2,1,0,1,0
febrl3,0.76,525,2,1,2,1,0,1,0
febrl3,0.76,1074,1,1,1,1,0,1,0
febrl3,0.76,1238,1,1,1,1,0,1,0
febrl3,0.76,1593,1,1,1,1,0,1,0
febrl3,0.76,739,2,1,2,1,0,1,0
febrl3,0.76,1012,4,1,4,1,0,1,0
febrl3,0.76,1405,1,1,1,1,0,1,0
febrl3,0.76,1468,1,1,1,1,0,1,0
febrl3,0.76,1176,3,1,3,1,0,1,0
febrl3,0.76,617,1,1,1,1,0,1,0
febrl3,0.76,873,3,1,3,1,0,1,0
febrl3,0.76,1678,2,2,2,2,0,2,0
febrl3,0.76,1188,1,1,1,1,0,1,0
febrl3,0.76,453,2,1,2,1,0,1,0
febrl3,0.76,1597,2,1,2,1,0,1,0
febrl3,0.76,1237,1,1,1,1,0,1,0
febrl3,0.76,1332,3,1,3,1,0,1,0
febrl3,0.76,178,5,1,5,1,0,1,0
febrl3,0.76,574,2,1,2,1,0,1,0
febrl3,0.76,1034,4,1,4,1,0,1,0
febrl3,0.76,19,1,1,1,1,0,1,0
febrl3,0.76,1847,1,1,1,1,0,1,0
febrl3,0.76,523,1,1,1,1,0,1,0
febrl3,0.76,1060,1,1,1,1,0,1,0
febrl3,0.76,588,1,1,1,1,0,1,0
febrl3,0.76,641,5,1,5,1,0,1,0
febrl3,0.76,1893,1,1,1,1,0,1,0
febrl3,0.76,1599,1,1,1,1,0,1,0
febrl3,0.76,1021,2,1,2,1,0,1,0
febrl3,0.76,832,1,1,1,1,0,1,0
febrl3,0.76,1000,3,1,3,1,0,1,0
febrl3,0.76,1858,1,1,1,1,0,1,0
febrl3,0.76,392,2,1,2,1,0,1,0
febrl3,0.76,112,1,1,1,1,0,1,0
febrl3,0.76,951,2,1,2,1,0,1,0
febrl3,0.76,1558,1,1,1,1,0,1,0
febrl3,0.76,1269,1,1,1,1,0,1,0
febrl3,0.76,26,1,1,1,1,0,1,0
febrl3,0.76,164,2,1,2,1,0,1,0
febrl3,0.76,820,1,1,1,1,0,1,0
febrl3,0.76,745,1,1,1,1,0,1,0
febrl3,0.76,1594,2,1,2,1,0,1,0
febrl3,0.76,748,2,1,2,1,0,1,0
febrl3,0.76,1432,1,1,1,1,0,1,0
febrl3,0.76,1172,1,1,1,1,0,1,0
febrl3,0.76,680,1,1,1,1,0,1,0
febrl3,0.76,1872,1,1,1,1,0,1,0
febrl3,0.76,587,1,1,1,1,0,1,0
febrl3,0.76,1201,2,1,2,1,0,1,0
febrl3,0.76,1977,1,1,1,1,0,1,0
febrl3,0.76,1252,3,1,3,1,0,1,0
febrl3,0.76,456,4,1,4,1,0,1,0
febrl3,0.76,1142,1,1,1,1,0,1,0
febrl3,0.76,270,1,1,1,1,0,1,0
febrl3,0.76,1984,1,1,1,1,0,1,0
febrl3,0.76,493,1,1,1,1,0,1,0
febrl3,0.76,221,1,1,1,1,0,1,0
febrl3,0.76,463,1,1,1,1,0,1,0
febrl3,0.76,205,1,1,1,1,0,1,0
febrl3,0.76,1818,1,1,1,1,0,1,0
febrl3,0.76,1900,1,1,1,1,0,1,0
febrl3,0.76,1112,1,1,1,1,0,1,0
febrl3,0.76,1741,1,1,1,1,0,1,0
febrl3,0.76,1805,1,1,1,1,0,1,0
febrl3,0.76,1580,1,1,1,1,0,1,0
febrl3,0.76,1557,1,1,1,1,0,1,0
febrl3,0.76,1315,1,1,1,1,0,1,0
febrl3,0.76,782,3,1,3,1,0,1,0
febrl3,0.76,1628,1,1,1,1,0,1,0
febrl3,0.76,262,5,1,5,1,0,1,0
febrl3,0.76,1472,2,1,2,1,0,1,0
febrl3,0.76,38,3,2,3,2,0,2,0
febrl3,0.76,1682,1,1,1,1,0,1,0
febrl3,0.76,1807,1,1,1,1,0,1,0
febrl3,0.76,976,6,1,6,1,0,1,0
febrl3,0.76,1455,1,1,1,1,0,1,0
febrl3,0.76,1595,1,1,1,1,0,1,0
febrl3,0.76,1248,4,1,4,1,0,1,0
febrl3,0.76,1719,1,1,1,1,0,1,0
febrl3,0.76,1305,3,1,3,1,0,1,0
febrl3,0.76,1891,1,1,1,1,0,1,0
febrl3,0.76,1871,1,1,1,1,0,1,0
febrl3,0.76,969,1,1,1,1,0,1,0
febrl3,0.76,590,2,1,2,1,0,1,0
febrl3,0.76,207,1,1,1,1,0,1,0
febrl3,0.76,1913,1,1,1,1,0,1,0
febrl3,0.76,1102,3,1,3,1,0,1,0
febrl3,0.76,1658,1,1,1,1,0,1,0
febrl3,0.76,986,1,1,1,1,0,1,0
febrl3,0.76,1503,4,1,4,1,0,1,0
febrl3,0.76,616,2,1,2,1,0,1,0
febrl3,0.76,1844,2,1,2,1,0,1,0
febrl3,0.76,1016,1,1,1,1,0,1,0
febrl3,0.76,150,2,1,2,1,0,1,0
febrl3,0.76,560,3,1,3,1,0,1,0
febrl3,0.76,1168,2,1,2,1,0,1,0
febrl3,0.76,789,3,1,3,1,0,1,0
febrl3,0.76,881,3,1,3,1,0,1,0
febrl3,0.76,644,1,1,1,1,0,1,0
febrl3,0.76,1046,1,1,1,1,0,1,0
febrl3,0.76,62,2,1,2,1,0,1,0
febrl3,0.76,1779,6,1,6,1,0,1,0
febrl3,0.76,1495,1,1,1,1,0,1,0
febrl3,0.76,330,5,1,5,1,0,1,0
febrl3,0.76,1184,1,1,1,1,0,1,0
febrl3,0.76,1318,4,1,4,1,0,1,0
febrl3,0.76,1351,1,1,1,1,0,1,0
febrl3,0.76,339,1,1,1,1,0,1,0
febrl3,0.76,101,1,1,1,1,0,1,0
febrl3,0.76,840,1,1,6,1,1,2,5
febrl3,0.76,906,1,1,1,1,0,1,0
febrl3,0.76,858,1,1,1,1,0,1,0
febrl3,0.76,1586,1,1,1,1,0,1,0
febrl3,0.76,1381,3,1,3,1,0,1,0
febrl3,0.76,721,5,1,5,1,0,1,0
febrl3,0.76,953,1,1,1,1,0,1,0
febrl3,0.76,727,1,1,1,1,0,1,0
febrl3,0.76,1429,1,1,1,1,0,1,0
febrl3,0.76,1250,3,1,3,1,0,1,0
febrl3,0.76,1530,1,1,1,1,0,1,0
febrl3,0.76,465,1,1,1,1,0,1,0
febrl3,0.76,1330,1,1,1,1,0,1,0
febrl3,0.76,513,1,1,1,1,0,1,0
febrl3,0.76,625,1,1,1,1,0,1,0
febrl3,0.76,1311,1,1,1,1,0,1,0
febrl3,0.76,800,2,1,2,1,0,1,0
febrl3,0.76,1796,2,1,2,1,0,1,0
febrl3,0.76,222,1,1,1,1,0,1,0
febrl3,0.76,409,1,1,1,1,0,1,0
febrl3,0.76,317,1,1,1,1,0,1,0
febrl3,0.76,72,1,1,1,1,0,1,0
febrl3,0.76,940,1,1,9,1,1,2,8
febrl3,0.76,722,1,1,2,1,1,2,1
febrl3,0.76,1108,2,1,2,1,0,1,0
febrl3,0.76,886,3,2,3,2,0,2,0
febrl3,0.76,20,1,1,1,1,0,1,0
febrl3,0.76,1724,1,1,1,1,0,1,0
febrl3,0.76,471,1,1,1,1,0,1,0
febrl3,0.76,1909,1,1,1,1,0,1,0
febrl3,0.76,1189,1,1,1,1,0,1,0
febrl3,0.76,864,1,1,1,1,0,1,0
febrl3,0.76,1962,1,1,1,1,0,1,0
febrl3,0.76,360,1,1,1,1,0,1,0
febrl3,0.76,1974,2,1,2,1,0,1,0
febrl3,0.76,1932,1,1,1,1,0,1,0
febrl3,0.76,350,1,1,1,1,0,1,0
febrl3,0.76,404,1,1,1,1,0,1,0
febrl3,0.76,1163,2,1,2,1,0,1,0
febrl3,0.76,1619,1,1,1,1,0,1,0
febrl3,0.76,1051,2,1,2,1,0,1,0
febrl3,0.76,30,1,1,1,1,0,1,0
febrl3,0.76,363,1,1,1,1,0,1,0
febrl3,0.76,225,1,1,1,1,0,1,0
febrl3,0.76,1533,1,1,1,1,0,1,0
febrl3,0.76,1377,3,1,3,1,0,1,0
febrl3,0.76,185,1,1,1,1,0,1,0
febrl3,0.76,53,1,1,1,1,0,1,0
febrl3,0.76,692,1,1,1,1,0,1,0
febrl3,0.76,822,2,2,2,2,0,2,0
febrl3,0.76,22,2,1,2,1,0,1,0
febrl3,0.76,664,3,1,3,1,0,1,0
febrl3,0.76,349,2,1,2,1,0,1,0
febrl3,0.76,135,3,1,3,1,0,1,0
febrl3,0.76,1836,1,1,1,1,0,1,0
febrl3,0.76,714,1,1,1,1,0,1,0
febrl3,0.76,386,1,1,1,1,0,1,0
febrl3,0.76,1474,1,1,1,1,0,1,0
febrl3,0.76,466,1,1,1,1,0,1,0
febrl3,0.76,1573,2,1,2,1,0,1,0
febrl3,0.76,842,1,1,1,1,0,1,0
febrl3,0.76,451,1,1,1,1,0,1,0
febrl3,0.76,927,1,1,1,1,0,1,0
febrl3,0.76,1199,1,1,1,1,0,1,0
febrl3,0.76,781,2,1,2,1,0,1,0
febrl3,0.76,448,1,1,1,1,0,1,0
febrl3,0.76,1030,1,1,1,1,0,1,0
febrl3,0.76,1409,1,1,1,1,0,1,0
febrl3,0.76,1101,1,1,1,1,0,1,0
febrl3,0.76,950,1,1,1,1,0,1,0
febrl3,0.76,476,4,1,4,1,0,1,0
febrl3,0.76,1239,1,1,1,1,0,1,0
febrl3,0.76,736,1,1,1,1,0,1,0
febrl3,0.76,1088,1,1,1,1,0,1,0
febrl3,0.76,376,1,1,3,1,1,2,2
febrl3,0.76,387,2,1,2,1,0,1,0
febrl3,0.76,1574,3,1,3,1,0,1,0
febrl3,0.76,1119,2,1,2,1,0,1,0
febrl3,0.76,1167,1,1,1,1,0,1,0
febrl3,0.76,34,1,1,1,1,0,1,0
febrl3,0.76,379,1,1,2,1,1,2,1
febrl3,0.76,0,1,1,1,1,0,1,0
febrl3,0.76,1640,2,1,2,1,0,1,0
febrl3,0.76,325,1,1,1,1,0,1,0
febrl3,0.76,1519,1,1,1,1,0,1,0
febrl3,0.76,1663,1,1,1,1,0,1,0
febrl3,0.76,174,2,1,2,1,0,1,0
febrl3,0.76,1551,1,1,1,1,0,1,0
febrl3,0.76,1582,1,1,1,1,0,1,0
febrl3,0.76,1922,3,1,3,1,0,1,0
febrl3,0.76,206,1,1,1,1,0,1,0
febrl3,0.76,1859,1,1,1,1,0,1,0
febrl3,0.76,1964,1,1,1,1,0,1,0
febrl3,0.76,792,1,1,1,1,0,1,0
febrl3,0.76,1698,1,1,1,1,0,1,0
febrl3,0.76,60,1,1,1,1,0,1,0
febrl3,0.76,1098,1,1,1,1,0,1,0
febrl3,0.76,154,1,1,1,1,0,1,0
febrl3,0.76,119,2,1,2,1,0,1,0
febrl3,0.76,1902,3,1,3,1,0,1,0
febrl3,0.76,340,1,1,1,1,0,1,0
febrl3,0.76,1702,1,1,1,1,0,1,0
febrl3,0.76,1605,3,1,7,1,1,2,4
febrl3,0.76,1206,1,1,1,1,0,1,0
febrl3,0.76,1633,1,1,1,1,0,1,0
febrl3,0.76,16,2,1,2,1,0,1,0
febrl3,0.76,383,1,1,1,1,0,1,0
febrl3,0.76,1096,1,1,1,1,0,1,0
febrl3,0.76,95,2,1,2,1,0,1,0
febrl3,0.76,117,3,1,3,1,0,1,0
febrl3,0.76,1869,1,1,1,1,0,1,0
febrl3,0.76,229,1,1,1,1,0,1,0
febrl3,0.76,1325,1,1,1,1,0,1,0
febrl3,0.76,1572,1,1,1,1,0,1,0
febrl3,0.76,925,1,1,1,1,0,1,0
febrl3,0.76,1235,1,1,4,1,1,2,3
febrl3,0.76,1625,4,1,4,1,0,1,0
febrl3,0.76,1110,1,1,1,1,0,1,0
febrl3,0.76,333,1,1,1,1,0,1,0
febrl3,0.76,1181,1,1,1,1,0,1,0
febrl3,0.76,1705,1,1,1,1,0,1,0
febrl3,0.76,1839,1,1,1,1,0,1,0
febrl3,0.76,1055,1,1,1,1,0,1,0
febrl3,0.76,1906,2,1,6,1,1,2,4
febrl3,0.76,778,1,1,1,1,0,1,0
febrl3,0.76,1854,1,1,1,1,0,1,0
febrl3,0.76,621,2,1,2,1,0,1,0
febrl3,0.76,843,1,1,1,1,0,1,0
febrl3,0.76,1378,2,1,2,1,0,1,0
febrl3,0.76,1431,1,1,1,1,0,1,0
febrl3,0.76,1508,1,1,1,1,0,1,0
febrl3,0.76,301,1,1,1,1,0,1,0
febrl3,0.76,975,1,1,1,1,0,1,0
febrl3,0.76,468,1,1,1,1,0,1,0
febrl3,0.76,811,1,1,1,1,0,1,0
febrl3,0.76,758,1,1,1,1,0,1,0
febrl3,0.76,389,1,1,1,1,0,1,0
febrl3,0.76,1090,1,1,1,1,0,1,0
febrl3,0.76,1875,1,1,1,1,0,1,0
febrl3,0.76,1563,1,1,1,1,0,1,0
febrl3,0.76,1120,1,1,1,1,0,1,0
febrl3,0.76,1386,1,1,1,1,0,1,0
febrl3,0.76,1344,3,1,3,1,0,1,0
febrl3,0.76,1608,2,1,2,1,0,1,0
febrl3,0.76,1636,2,1,2,1,0,1,0
febrl3,0.76,357,2,1,2,1,0,1,0
febrl3,0.76,1754,1,1,1,1,0,1,0
febrl3,0.76,741,1,1,3,1,1,2,2
febrl3,0.76,1187,1,1,1,1,0,1,0
febrl3,0.76,669,4,1,4,1,0,1,0
febrl3,0.76,1997,1,1,1,1,0,1,0
febrl3,0.76,728,1,1,1,1,0,1,0
febrl3,0.76,956,1,1,1,1,0,1,0
febrl3,0.76,1293,3,1,3,1,0,1,0
febrl3,0.76,183,1,1,1,1,0,1,0
febrl3,0.76,1208,1,1,1,1,0,1,0
febrl3,0.76,1404,2,1,2,1,0,1,0
febrl3,0.76,1309,1,1,1,1,0,1,0
febrl3,0.76,1139,1,1,1,1,0,1,0
febrl3,0.76,1934,2,1,2,1,0,1,0
febrl3,0.76,110,1,1,1,1,0,1,0
febrl3,0.76,1356,1,1,1,1,0,1,0
febrl3,0.76,754,1,1,1,1,0,1,0
febrl3,0.76,1982,2,1,2,1,0,1,0
febrl3,0.76,1841,1,1,1,1,0,1,0
febrl3,0.76,1787,1,1,1,1,0,1,0
febrl3,0.76,1874,1,1,1,1,0,1,0
febrl3,0.76,405,1,1,1,1,0,1,0
febrl3,0.76,902,2,1,2,1,0,1,0
febrl3,0.76,417,1,1,1,1,0,1,0
febrl3,0.76,69,2,1,2,1,0,1,0
febrl3,0.76,1507,1,1,1,1,0,1,0
febrl3,0.76,1192,1,1,1,1,0,1,0
febrl3,0.76,1734,1,1,4,1,1,2,3
febrl3,0.76,1601,2,1,2,1,0,1,0
febrl3,0.76,1064,1,1,1,1,0,1,0
febrl3,0.76,1267,1,1,1,1,0,1,0
febrl3,0.76,1284,1,1,1,1,0,1,0
febrl3,0.76,1774,1,1,1,1,0,1,0
febrl3,0.76,1321,2,1,2,1,0,1,0
febrl3,0.76,1675,1,1,1,1,0,1,0
febrl3,0.76,1656,2,1,2,1,0,1,0
febrl3,0.76,1240,2,1,2,1,0,1,0
febrl3,0.76,814,1,1,1,1,0,1,0
febrl3,0.76,420,1,1,1,1,0,1,0
febrl3,0.76,422,1,1,1,1,0,1,0
febrl3,0.76,1010,1,1,1,1,0,1,0
febrl3,0.76,1884,1,1,1,1,0,1,0
febrl3,0.76,884,1,1,1,1,0,1,0
febrl3,0.76,1104,3,1,3,1,0,1,0
febrl3,0.76,1759,1,1,1,1,0,1,0
febrl3,0.76,726,1,1,1,1,0,1,0
febrl3,0.76,1005,1,1,1,1,0,1,0
febrl3,0.76,1556,1,1,1,1,0,1,0
febrl3,0.76,563,1,1,1,1,0,1,0
febrl3,0.76,746,2,2,2,2,0,2,0
febrl3,0.76,134,1,1,1,1,0,1,0
febrl3,0.76,399,2,1,2,1,0,1,0
febrl3,0.76,622,1,1,1,1,0,1,0
febrl3,0.76,220,1,1,1,1,0,1,0
febrl3,0.76,113,1,1,1,1,0,1,0
febrl3,0.76,1923,2,1,2,1,0,1,0
febrl3,0.76,1798,1,1,1,1,0,1,0
febrl3,0.76,1843,1,1,1,1,0,1,0
febrl3,0.76,1038,1,1,1,1,0,1,0
febrl3,0.76,1261,4,1,4,1,0,1,0
febrl3,0.76,65,1,1,1,1,0,1,0
febrl3,0.76,1624,4,1,4,1,0,1,0
febrl3,0.76,51,1,1,1,1,0,1,0
febrl3,0.76,1535,1,1,1,1,0,1,0
febrl3,0.76,1019,1,1,1,1,0,1,0
febrl3,0.76,556,1,1,1,1,0,1,0
febrl3,0.76,492,1,1,1,1,0,1,0
febrl3,0.76,1358,1,1,1,1,0,1,0
febrl3,0.76,240,1,1,1,1,0,1,0
febrl3,0.76,998,1,1,1,1,0,1,0
febrl3,0.76,1819,1,1,1,1,0,1,0
febrl3,0.76,40,1,1,1,1,0,1,0
febrl3,0.76,1449,1,1,1,1,0,1,0
febrl3,0.76,1328,1,1,1,1,0,1,0
febrl3,0.76,1422,2,1,2,1,0,1,0
febrl3,0.76,815,1,1,1,1,0,1,0
febrl3,0.76,831,1,1,1,1,0,1,0
febrl3,0.76,1095,2,1,2,1,0,1,0
febrl3,0.76,68,4,1,4,1,0,1,0
febrl3,0.76,608,1,1,1,1,0,1,0
febrl3,0.76,903,2,1,2,1,0,1,0
febrl3,0.76,1516,1,1,1,1,0,1,0
febrl3,0.76,1396,1,1,1,1,0,1,0
febrl3,0.76,613,2,1,2,1,0,1,0
febrl3,0.76,1339,1,1,1,1,0,1,0
febrl3,0.76,1896,1,1,1,1,0,1,0
febrl3,0.76,1713,1,1,1,1,0,1,0
febrl3,0.76,791,2,1,6,1,1,2,4
febrl3,0.76,1349,1,1,1,1,0,1,0
febrl3,0.76,235,2,1,2,1,0,1,0
febrl3,0.76,1524,1,1,1,1,0,1,0
febrl3,0.76,1885,1,1,1,1,0,1,0
febrl3,0.76,626,3,1,3,1,0,1,0
febrl3,0.76,984,1,1,1,1,0,1,0
febrl3,0.76,1955,1,1,1,1,0,1,0
febrl3,0.76,695,2,1,2,1,0,1,0
febrl3,0.76,1935,1,1,1,1,0,1,0
febrl3,0.76,1291,2,1,2,1,0,1,0
febrl3,0.76,1137,1,1,1,1,0,1,0
febrl3,0.76,425,1,1,1,1,0,1,0
febrl3,0.76,94,2,1,2,1,0,1,0
febrl3,0.76,273,1,1,1,1,0,1,0
febrl3,0.76,181,1,1,1,1,0,1,0
febrl3,0.76,1998,1,1,1,1,0,1,0
febrl3,0.76,663,1,1,1,1,0,1,0
febrl3,0.76,1933,1,1,1,1,0,1,0
febrl3,0.76,1898,1,1,1,1,0,1,0
febrl3,0.76,1887,1,1,1,1,0,1,0
febrl3,0.76,1542,1,1,1,1,0,1,0
febrl3,0.76,45,1,1,1,1,0,1,0
febrl3,0.76,1326,1,1,1,1,0,1,0
febrl3,0.76,565,1,1,1,1,0,1,0
febrl3,0.76,1149,1,1,1,1,0,1,0
febrl3,0.76,1380,1,1,1,1,0,1,0
febrl3,0.76,1653,1,1,1,1,0,1,0
febrl3,0.76,377,1,1,1,1,0,1,0
febrl3,0.76,1856,1,1,1,1,0,1,0
febrl3,0.76,518,1,1,1,1,0,1,0
febrl3,0.76,1631,1,1,1,1,0,1,0
febrl3,0.76,271,1,1,1,1,0,1,0
febrl3,0.76,1638,1,1,1,1,0,1,0
febrl3,0.76,132,1,1,1,1,0,1,0
febrl3,0.76,1659,1,1,1,1,0,1,0
febrl3,0.76,1395,1,1,1,1,0,1,0
febrl3,0.76,226,1,1,1,1,0,1,0
febrl3,0.76,768,1,1,1,1,0,1,0
febrl3,0.76,1020,1,1,1,1,0,1,0
febrl3,0.76,1327,2,1,2,1,0,1,0
febrl3,0.76,1106,1,1,1,1,0,1,0
febrl3,0.76,1738,1,1,1,1,0,1,0
febrl3,0.76,1592,1,1,1,1,0,1,0
febrl3,0.76,1634,1,1,1,1,0,1,0
febrl3,0.76,1529,2,1,2,1,0,1,0
febrl3,0.76,580,1,1,1,1,0,1,0
febrl3,0.76,1846,2,1,2,1,0,1,0
febrl3,0.76,1866,1,1,1,1,0,1,0
febrl3,0.76,163,2,1,2,1,0,1,0
febrl3,0.76,1733,1,1,1,1,0,1,0
febrl3,0.76,488,1,1,1,1,0,1,0
febrl3,0.76,1613,1,1,1,1,0,1,0
febrl3,0.76,989,1,1,1,1,0,1,0
febrl3,0.76,730,1,1,1,1,0,1,0
febrl3,0.76,1480,1,1,1,1,0,1,0
febrl3,0.76,407,1,1,1,1,0,1,0
febrl3,0.76,1849,1,1,1,1,0,1,0
febrl3,0.76,806,1,1,1,1,0,1,0
febrl3,0.76,589,1,1,1,1,0,1,0
febrl3,0.76,994,1,1,1,1,0,1,0
febrl3,0.76,162,1,1,1,1,0,1,0
febrl3,0.76,740,1,1,6,1,1,2,5
febrl3,0.76,424,1,1,1,1,0,1,0
febrl3,0.76,1676,1,1,1,1,0,1,0
febrl3,0.76,1170,1,1,1,1,0,1,0
febrl3,0.76,1627,1,1,1,1,0,1,0
febrl3,0.76,654,1,1,1,1,0,1,0
febrl3,0.76,431,1,1,1,1,0,1,0
febrl3,0.76,1169,1,1,1,1,0,1,0
febrl3,0.76,227,1,1,1,1,0,1,0
febrl3,0.76,441,1,1,1,1,0,1,0
febrl3,0.76,469,1,1,1,1,0,1,0
febrl3,0.76,1700,1,1,1,1,0,1,0
febrl3,0.76,172,1,1,1,1,0,1,0
febrl3,0.76,1927,1,1,1,1,0,1,0
febrl3,0.76,298,1,1,1,1,0,1,0
febrl3,0.76,149,1,1,1,1,0,1,0
febrl3,0.76,335,1,1,1,1,0,1,0
febrl3,0.76,966,1,1,1,1,0,1,0
febrl3,0.76,783,1,1,1,1,0,1,0
febrl3,0.76,578,1,1,1,1,0,1,0
febrl3,0.76,487,1,1,1,1,0,1,0
febrl3,0.76,1650,1,1,1,1,0,1,0
febrl3,0.76,1209,1,1,1,1,0,1,0
febrl3,0.76,496,1,1,1,1,0,1,0
febrl3,0.76,535,1,1,1,1,0,1,0
febrl3,0.76,1197,1,1,1,1,0,1,0
febrl3,0.76,1666,1,1,7,1,2,3,6
febrl3,0.76,308,1,1,1,1,0,1,0
febrl3,0.76,1732,1,1,1,1,0,1,0
febrl3,0.76,322,1,1,1,1,0,1,0
febrl3,0.76,191,1,1,1,1,0,1,0
febrl3,0.76,168,1,1,1,1,0,1,0
febrl3,0.76,1735,1,1,1,1,0,1,0
febrl3,0.76,1282,2,2,2,2,0,2,0
febrl3,0.76,798,1,1,1,1,0,1,0
febrl3,0.76,345,1,1,1,1,0,1,0
febrl3,0.76,1317,1,1,1,1,0,1,0
febrl3,0.76,742,1,1,1,1,0,1,0
febrl3,0.76,690,1,1,1,1,0,1,0
febrl3,0.76,213,1,1,1,1,0,1,0
febrl3,0.76,484,1,1,1,1,0,1,0
febrl3,0.76,1400,1,1,1,1,0,1,0
febrl3,0.76,136,1,1,1,1,0,1,0
febrl3,0.76,1441,1,1,1,1,0,1,0
febrl3,0.76,1194,1,1,1,1,0,1,0
febrl3,0.76,1952,1,1,1,1,0,1,0
febrl3,0.76,1008,1,1,1,1,0,1,0
febrl3,0.76,889,1,1,1,1,0,1,0
febrl3,0.76,1391,1,1,1,1,0,1,0
febrl3,0.76,93,1,1,1,1,0,1,0
febrl3,0.76,1792,1,1,1,1,0,1,0
febrl3,0.76,506,1,1,1,1,0,1,0
febrl3,0.76,949,1,1,1,1,0,1,0
febrl3,0.76,1701,1,1,1,1,0,1,0
febrl3,0.76,311,1,1,1,1,0,1,0
febrl3,0.76,689,1,1,1,1,0,1,0
febrl3,0.76,521,2,1,2,1,0,1,0
febrl3,0.76,429,1,1,1,1,0,1,0
febrl3,0.76,122,1,1,1,1,0,1,0
febrl3,0.76,504,1,1,1,1,0,1,0
febrl3,0.76,1751,1,1,1,1,0,1,0
febrl3,0.76,88,1,1,1,1,0,1,0
febrl3,0.76,756,1,1,1,1,0,1,0
febrl3,0.76,1552,1,1,7,1,1,2,6
febrl3,0.76,939,2,1,2,1,0,1,0
febrl3,0.76,490,1,1,1,1,0,1,0
febrl3,0.76,787,1,1,1,1,0,1,0
febrl3,0.76,1748,1,1,1,1,0,1,0
febrl3,0.76,1687,1,1,1,1,0,1,0
febrl3,0.76,1679,1,1,1,1,0,1,0
febrl3,0.76,1956,2,1,2,1,0,1,0
febrl3,0.76,1372,1,1,1,1,0,1,0
febrl3,0.76,214,2,1,2,1,0,1,0
febrl3,0.76,1752,1,1,1,1,0,1,0
febrl3,0.76,999,1,1,1,1,0,1,0
febrl3,0.76,1861,1,1,1,1,0,1,0
febrl3,0.76,776,1,1,1,1,0,1,0
febrl3,0.76,18,1,1,1,1,0,1,0
febrl3,0.76,1649,1,1,1,1,0,1,0
febrl3,0.76,1171,1,1,1,1,0,1,0
febrl3,0.76,648,1,1,1,1,0,1,0
febrl3,0.76,852,1,1,1,1,0,1,0
febrl3,0.76,1677,1,1,1,1,0,1,0
febrl3,0.76,36,1,1,1,1,0,1,0
febrl3,0.76,1049,1,1,1,1,0,1,0
febrl3,0.76,241,1,1,1,1,0,1,0
febrl3,0.76,1198,1,1,1,1,0,1,0
febrl3,0.76,813,1,1,1,1,0,1,0
febrl3,0.76,1888,1,1,1,1,0,1,0
febrl3,0.76,1283,1,1,1,1,0,1,0
febrl3,0.76,630,1,1,1,1,0,1,0
febrl3,0.76,1435,2,1,2,1,0,1,0
febrl3,0.76,851,1,1,1,1,0,1,0
febrl3,0.76,938,1,1,1,1,0,1,0
febrl3,0.76,1461,1,1,1,1,0,1,0
febrl3,0.76,1195,1,1,1,1,0,1,0
febrl3,0.76,536,1,1,1,1,0,1,0
febrl3,0.76,1833,1,1,1,1,0,1,0
febrl3,0.76,1661,1,1,1,1,0,1,0
febrl3,0.76,1458,1,1,1,1,0,1,0
febrl3,0.76,265,1,1,1,1,0,1,0
febrl3,0.76,870,1,1,1,1,0,1,0
febrl3,0.76,1477,1,1,1,1,0,1,0
febrl3,0.76,502,1,1,1,1,0,1,0
febrl3,0.8,1496,1,1,1,1,0,1,0
febrl3,0.8,552,5,1,5,1,0,1,0
febrl3,0.8,988,3,1,3,1,0,1,0
febrl3,0.8,1716,4,1,4,1,0,1,0
febrl3,0.8,1213,1,1,1,1,0,1,0
febrl3,0.8,193,1,1,1,1,0,1,0
febrl3,0.8,264,3,1,3,1,0,1,0
febrl3,0.8,1695,5,1,5,1,0,1,0
febrl3,0.8,875,2,1,2,1,0,1,0
febrl3,0.8,1778,3,1,3,1,0,1,0
febrl3,0.8,1696,3,1,3,1,0,1,0
febrl3,0.8,382,3,1,3,1,0,1,0
febrl3,0.8,442,2,1,2,1,0,1,0
febrl3,0.8,1671,5,1,5,1,0,1,0
febrl3,0.8,1816,3,1,3,1,0,1,0
febrl3,0.8,459,6,1,6,1,0,1,0
febrl3,0.8,1881,3,1,3,1,0,1,0
febrl3,0.8,729,2,1,2,1,0,1,0
febrl3,0.8,575,5,1,5,1,0,1,0
febrl3,0.8,1688,1,1,1,1,0,1,0
febrl3,0.8,292,2,1,2,1,0,1,0
febrl3,0.8,834,3,1,3,1,0,1,0
febrl3,0.8,1943,2,1,2,1,0,1,0
febrl3,0.8,1611,4,1,4,1,0,1,0
febrl3,0.8,1706,4,2,4,2,0,2,0
febrl3,0.8,462,1,1,1,1,0,1,0
febrl3,0.8,1626,1,1,1,1,0,1,0
febrl3,0.8,408,4,2,4,2,0,2,0
febrl3,0.8,1224,2,1,2,1,0,1,0
febrl3,0.8,1561,6,1,6,1,0,1,0
febrl3,0.8,1723,4,1,4,1,0,1,0
febrl3,0.8,182,1,1,1,1,0,1,0
febrl3,0.8,1781,2,1,2,1,0,1,0
febrl3,0.8,1614,2,1,2,1,0,1,0
febrl3,0.8,885,6,1,6,1,0,1,0
febrl3,0.8,1690,4,1,4,1,0,1,0
febrl3,0.8,1217,5,1,5,1,0,1,0
febrl3,0.8,1830,4,1,4,1,0,1,0
febrl3,0.8,208,2,2,2,2,0,2,0
febrl3,0.8,32,2,1,2,1,0,1,0
febrl3,0.8,799,5,1,5,1,0,1,0
febrl3,0.8,856,2,1,2,1,0,1,0
febrl3,0.8,1128,6,2,6,2,0,2,0
febrl3,0.8,365,3,1,3,1,0,1,0
febrl3,0.8,642,6,1,6,1,0,1,0
febrl3,0.8,854,2,1,2,1,0,1,0
febrl3,0.8,421,6,1,6,1,0,1,0
febrl3,0.8,1560,6,1,6,1,0,1,0
febrl3,0.8,1929,3,1,3,1,0,1,0
febrl3,0.8,1992,3,1,3,1,0,1,0
febrl3,0.8,1693,3,1,3,1,0,1,0
febrl3,0.8,665,2,1,2,1,0,1,0
febrl3,0.8,501,1,1,1,1,0,1,0
febrl3,0.8,1057,4,1,4,1,0,1,0
febrl3,0.8,561,4,1,4,1,0,1,0
febrl3,0.8,540,6,1,6,1,0,1,0
febrl3,0.8,636,6,1,6,1,0,1,0
febrl3,0.8,918,5,1,5,1,0,1,0
febrl3,0.8,929,3,1,3,1,0,1,0
febrl3,0.8,1489,4,1,4,1,0,1,0
febrl3,0.8,427,6,1,6,1,0,1,0
febrl3,0.8,15,1,1,1,1,0,1,0
febrl3,0.8,316,6,2,6,2,0,2,0
febrl3,0.8,1498,6,2,6,2,0,2,0
febrl3,0.8,910,3,1,3,1,0,1,0
febrl3,0.8,1355,2,1,2,1,0,1,0
febrl3,0.8,1648,5,2,5,2,0,2,0
febrl3,0.8,658,4,1,4,1,0,1,0
febrl3,0.8,1190,3,1,3,1,0,1,0
febrl3,0.8,1876,2,1,2,1,0,1,0
febrl3,0.8,305,3,1,3,1,0,1,0
febrl3,0.8,152,4,1,4,1,0,1,0
febrl3,0.8,1829,3,1,3,1,0,1,0
febrl3,0.8,805,5,1,5,1,0,1,0
febrl3,0.8,480,3,1,3,1,0,1,0
febrl3,0.8,1200,6,1,6,1,0,1,0
febrl3,0.8,717,1,1,1,1,0,1,0
febrl3,0.8,618,5,1,5,1,0,1,0
febrl3,0.8,1509,2,1,2,1,0,1,0
febrl3,0.8,1368,2,1,2,1,0,1,0
febrl3,0.8,879,6,1,6,1,0,1,0
febrl3,0.8,1668,5,2,5,2,0,2,0
febrl3,0.8,794,2,1,2,1,0,1,0
febrl3,0.8,1917,6,1,6,1,0,1,0
febrl3,0.8,1081,3,1,3,1,0,1,0
febrl3,0.8,568,3,1,3,1,0,1,0
febrl3,0.8,1333,1,1,1,1,0,1,0
febrl3,0.8,368,2,1,2,1,0,1,0
febrl3,0.8,666,6,2,6,2,0,2,0
febrl3,0.8,1991,6,1,6,1,0,1,0
febrl3,0.8,1878,1,1,1,1,0,1,0
febrl3,0.8,528,6,2,6,2,0,2,0
febrl3,0.8,1180,2,1,2,1,0,1,0
febrl3,0.8,1794,1,1,1,1,0,1,0
febrl3,0.8,1130,3,1,3,1,0,1,0
febrl3,0.8,569,5,1,5,1,0,1,0
febrl3,0.8,860,2,1,2,1,0,1,0
febrl3,0.8,1667,3,1,3,1,0,1,0
febrl3,0.8,1337,5,1,5,1,0,1,0
febrl3,0.8,1901,4,1,4,1,0,1,0
febrl3,0.8,125,5,1,5,1,0,1,0
febrl3,0.8,78,2,1,2,1,0,1,0
febrl3,0.8,1685,1,1,1,1,0,1,0
febrl3,0.8,1953,6,2,6,2,0,2,0
febrl3,0.8,115,1,1,1,1,0,1,0
febrl3,0.8,1068,1,1,1,1,0,1,0
febrl3,0.8,1981,4,1,4,1,0,1,0
febrl3,0.8,479,4,1,4,1,0,1,0
febrl3,0.8,224,1,1,1,1,0,1,0
febrl3,0.8,755,4,2,4,2,0,2,0
febrl3,0.8,1511,3,1,3,1,0,1,0
febrl3,0.8,1387,2,1,2,1,0,1,0
febrl3,0.8,1093,1,1,1,1,0,1,0
febrl3,0.8,1518,1,1,1,1,0,1,0
febrl3,0.8,1014,4,1,4,1,0,1,0
febrl3,0.8,824,5,1,5,1,0,1,0
febrl3,0.8,718,1,1,1,1,0,1,0
febrl3,0.8,285,1,1,1,1,0,1,0
febrl3,0.8,1857,6,1,6,1,0,1,0
febrl3,0.8,1590,2,1,2,1,0,1,0
febrl3,0.8,1996,6,1,6,1,0,1,0
febrl3,0.8,1540,5,1,5,1,0,1,0
febrl3,0.8,935,6,2,6,2,0,2,0
febrl3,0.8,1183,2,1,2,1,0,1,0
febrl3,0.8,1062,5,1,5,1,0,1,0
febrl3,0.8,256,6,1,6,1,0,1,0
febrl3,0.8,1140,1,1,1,1,0,1,0
febrl3,0.8,1895,5,1,5,1,0,1,0
febrl3,0.8,401,6,2,6,2,0,2,0
febrl3,0.8,571,3,1,3,1,0,1,0
febrl3,0.8,133,6,1,6,1,0,1,0
febrl3,0.8,1534,6,2,6,2,0,2,0
febrl3,0.8,1566,5,1,5,1,0,1,0
febrl3,0.8,165,3,1,3,1,0,1,0
febrl3,0.8,1617,1,1,1,1,0,1,0
febrl3,0.8,203,1,1,1,1,0,1,0
febrl3,0.8,961,1,1,1,1,0,1,0
febrl3,0.8,1610,5,1,5,1,0,1,0
febrl3,0.8,1487,1,1,1,1,0,1,0
febrl3,0.8,1446,2,1,2,1,0,1,0
febrl3,0.8,118,3,1,3,1,0,1,0
febrl3,0.8,486,2,1,2,1,0,1,0
febrl3,0.8,1388,3,1,3,1,0,1,0
febrl3,0.8,703,4,1,4,1,0,1,0
febrl3,0.8,732,5,1,5,1,0,1,0
febrl3,0.8,286,6,1,6,1,0,1,0
febrl3,0.8,1031,1,1,1,1,0,1,0
febrl3,0.8,13,2,1,2,1,0,1,0
febrl3,0.8,299,4,1,4,1,0,1,0
febrl3,0.8,1442,3,1,3,1,0,1,0
febrl3,0.8,779,5,1,5,1,0,1,0
febrl3,0.8,375,5,2,5,2,0,2,0
febrl3,0.8,1883,6,1,6,1,0,1,0
febrl3,0.8,1729,1,1,1,1,0,1,0
febrl3,0.8,438,3,1,3,1,0,1,0
febrl3,0.8,1232,6,1,6,1,0,1,0
febrl3,0.8,245,4,1,4,1,0,1,0
febrl3,0.8,1228,6,1,6,1,0,1,0
febrl3,0.8,1347,1,1,1,1,0,1,0
febrl3,0.8,1945,4,1,4,1,0,1,0
febrl3,0.8,1454,2,1,2,1,0,1,0
febrl3,0.8,306,3,1,3,1,0,1,0
febrl3,0.8,1185,2,1,2,1,0,1,0
febrl3,0.8,1346,1,1,1,1,0,1,0
febrl3,0.8,907,3,1,3,1,0,1,0
febrl3,0.8,443,5,1,5,1,0,1,0
febrl3,0.8,361,4,1,4,1,0,1,0
febrl3,0.8,891,2,1,2,1,0,1,0
febrl3,0.8,1177,1,1,1,1,0,1,0
febrl3,0.8,818,2,1,2,1,0,1,0
febrl3,0.8,1845,1,1,1,1,0,1,0
febrl3,0.8,1334,4,1,4,1,0,1,0
febrl3,0.8,1113,4,1,4,1,0,1,0
febrl3,0.8,332,6,1,6,1,0,1,0
febrl3,0.8,1815,5,1,5,1,0,1,0
febrl3,0.8,144,1,1,1,1,0,1,0
febrl3,0.8,1903,3,1,3,1,0,1,0
febrl3,0.8,853,3,1,3,1,0,1,0
febrl3,0.8,1035,5,1,5,1,0,1,0
febrl3,0.8,960,5,2,5,2,0,2,0
febrl3,0.8,1124,6,1,6,1,0,1,0
febrl3,0.8,517,6,1,6,1,0,1,0
febrl3,0.8,1746,2,1,2,1,0,1,0
febrl3,0.8,283,4,1,4,1,0,1,0
febrl3,0.8,439,4,1,4,1,0,1,0
febrl3,0.8,1967,6,1,6,1,0,1,0
febrl3,0.8,71,6,1,6,1,0,1,0
febrl3,0.8,1925,5,1,5,1,0,1,0
febrl3,0.8,1109,6,1,6,1,0,1,0
febrl3,0.8,1644,4,1,4,1,0,1,0
febrl3,0.8,1157,3,1,3,1,0,1,0
febrl3,0.8,738,6,1,6,1,0,1,0
febrl3,0.8,362,4,2,4,2,0,2,0
febrl3,0.8,1835,1,1,1,1,0,1,0
febrl3,0.8,219,6,1,6,1,0,1,0
febrl3,0.8,899,1,1,1,1,0,1,0
febrl3,0.8,550,3,1,3,1,0,1,0
febrl3,0.8,1407,3,1,3,1,0,1,0
febrl3,0.8,1258,2,1,2,1,0,1,0
febrl3,0.8,1343,4,1,4,1,0,1,0
febrl3,0.8,1985,3,1,3,1,0,1,0
febrl3,0.8,4,1,1,1,1,0,1,0
febrl3,0.8,990,3,1,3,1,0,1,0
febrl3,0.8,1570,1,1,1,1,0,1,0
febrl3,0.8,410,4,1,4,1,0,1,0
febrl3,0.8,1799,3,1,3,1,0,1,0
febrl3,0.8,1852,2,1,2,1,0,1,0
febrl3,0.8,1271,5,1,5,1,0,1,0
febrl3,0.8,750,1,1,1,1,0,1,0
febrl3,0.8,247,1,1,1,1,0,1,0
febrl3,0.8,277,4,1,4,1,0,1,0
febrl3,0.8,1191,5,1,5,1,0,1,0
febrl3,0.8,1616,5,1,5,1,0,1,0
febrl3,0.8,454,2,1,2,1,0,1,0
febrl3,0.8,1236,5,1,5,1,0,1,0
febrl3,0.8,108,4,1,4,1,0,1,0
febrl3,0.8,1390,1,1,1,1,0,1,0
febrl3,0.8,1111,6,2,6,2,0,2,0
febrl3,0.8,1548,4,1,4,1,0,1,0
febrl3,0.8,1452,1,1,1,1,0,1,0
febrl3,0.8,1941,1,1,1,1,0,1,0
febrl3,0.8,1776,1,1,1,1,0,1,0
febrl3,0.8,1399,1,1,1,1,0,1,0
febrl3,0.8,1577,1,1,1,1,0,1,0
febrl3,0.8,147,6,2,6,2,0,2,0
febrl3,0.8,1416,5,2,5,2,0,2,0
febrl3,0.8,1539,3,1,3,1,0,1,0
febrl3,0.8,250,1,1,1,1,0,1,0
febrl3,0.8,397,3,1,3,1,0,1,0
febrl3,0.8,1425,2,1,2,1,0,1,0
febrl3,0.8,1707,6,1,6,1,0,1,0
febrl3,0.8,1481,2,1,2,1,0,1,0
febrl3,0.8,1076,3,1,3,1,0,1,0
febrl3,0.8,1050,5,1,5,1,0,1,0
febrl3,0.8,905,2,1,2,1,0,1,0
febrl3,0.8,1811,3,1,3,1,0,1,0
febrl3,0.8,436,1,1,1,1,0,1,0
febrl3,0.8,497,5,1,5,1,0,1,0
febrl3,0.8,1697,6,1,6,1,0,1,0
febrl3,0.8,762,1,1,1,1,0,1,0
febrl3,0.8,111,2,1,2,1,0,1,0
febrl3,0.8,1554,2,1,2,1,0,1,0
febrl3,0.8,1684,6,1,6,1,0,1,0
febrl3,0.8,1478,4,1,4,1,0,1,0
febrl3,0.8,1329,6,1,6,1,0,1,0
febrl3,0.8,1341,2,1,2,1,0,1,0
febrl3,0.8,686,2,1,2,1,0,1,0
febrl3,0.8,288,5,1,5,1,0,1,0
febrl3,0.8,1069,4,1,4,1,0,1,0
febrl3,0.8,1353,3,1,3,1,0,1,0
febrl3,0.8,761,2,1,2,1,0,1,0
febrl3,0.8,302,3,1,3,1,0,1,0
febrl3,0.8,704,1,1,1,1,0,1,0
febrl3,0.8,1641,1,1,1,1,0,1,0
febrl3,0.8,216,6,1,6,1,0,1,0
febrl3,0.8,773,3,1,3,1,0,1,0
febrl3,0.8,980,6,1,6,1,0,1,0
febrl3,0.8,268,1,1,1,1,0,1,0
febrl3,0.8,1951,3,1,3,1,0,1,0
febrl3,0.8,607,4,1,4,1,0,1,0
febrl3,0.8,10,4,1,4,1,0,1,0
febrl3,0.8,888,1,1,1,1,0,1,0
febrl3,0.8,1134,3,1,3,1,0,1,0
febrl3,0.8,611,2,1,2,1,0,1,0
febrl3,0.8,1304,4,1,4,1,0,1,0
febrl3,0.8,876,6,1,6,1,0,1,0
febrl3,0.8,1834,4,1,4,1,0,1,0
febrl3,0.8,341,5,1,5,1,0,1,0
febrl3,0.8,1042,3,1,3,1,0,1,0
febrl3,0.8,1646,4,1,4,1,0,1,0
febrl3,0.8,1745,5,1,5,1,0,1,0
febrl3,0.8,75,6,2,6,2,0,2,0
febrl3,0.8,676,5,1,5,1,0,1,0
febrl3,0.8,527,1,1,1,1,0,1,0
febrl3,0.8,1220,3,1,3,1,0,1,0
febrl3,0.8,1589,4,1,4,1,0,1,0
febrl3,0.8,941,6,1,6,1,0,1,0
febrl3,0.8,1532,2,1,2,1,0,1,0
febrl3,0.8,8,5,1,5,1,0,1,0
febrl3,0.8,1537,1,1,1,1,0,1,0
febrl3,0.8,1579,5,1,5,1,0,1,0
febrl3,0.8,708,6,1,6,1,0,1,0
febrl3,0.8,1320,6,2,6,2,0,2,0
febrl3,0.8,582,6,1,6,1,0,1,0
febrl3,0.8,160,6,1,6,1,0,1,0
febrl3,0.8,1940,5,2,5,2,0,2,0
febrl3,0.8,1988,2,1,2,1,0,1,0
febrl3,0.8,723,4,1,4,1,0,1,0
febrl3,0.8,1296,4,1,4,1,0,1,0
febrl3,0.8,684,4,1,4,1,0,1,0
febrl3,0.8,952,5,1,5,1,0,1,0
febrl3,0.8,634,1,1,1,1,0,1,0
febrl3,0.8,159,4,1,4,1,0,1,0
febrl3,0.8,1451,4,1,4,1,0,1,0
febrl3,0.8,5,2,1,2,1,0,1,0
febrl3,0.8,1492,4,1,4,1,0,1,0
febrl3,0.8,85,6,1,6,1,0,1,0
febrl3,0.8,1308,1,1,1,1,0,1,0
febrl3,0.8,1363,4,1,4,1,0,1,0
febrl3,0.8,52,1,1,1,1,0,1,0
febrl3,0.8,830,4,2,4,2,0,2,0
febrl3,0.8,821,3,1,3,1,0,1,0
febrl3,0.8,142,1,1,1,1,0,1,0
febrl3,0.8,1301,3,1,3,1,0,1,0
febrl3,0.8,576,5,1,5,1,0,1,0
febrl3,0.8,585,1,1,1,1,0,1,0
febrl3,0.8,11,1,1,1,1,0,1,0
febrl3,0.8,894,1,1,1,1,0,1,0
febrl3,0.8,904,6,1,6,1,0,1,0
febrl3,0.8,771,5,1,5,1,0,1,0
febrl3,0.8,1155,5,1,5,1,0,1,0
febrl3,0.8,1897,4,2,8,2,1,3,4
febrl3,0.8,1196,3,1,3,1,0,1,0
febrl3,0.8,1958,1,1,1,1,0,1,0
febrl3,0.8,526,4,1,4,1,0,1,0
febrl3,0.8,1942,2,1,2,1,0,1,0
febrl3,0.8,90,3,1,3,1,0,1,0
febrl3,0.8,61,4,1,4,1,0,1,0
febrl3,0.8,1536,2,1,2,1,0,1,0
febrl3,0.8,629,4,1,4,1,0,1,0
febrl3,0.8,1703,2,1,2,1,0,1,0
febrl3,0.8,1694,5,1,5,1,0,1,0
febrl3,0.8,35,6,1,6,1,0,1,0
febrl3,0.8,107,6,1,6,1,0,1,0
febrl3,0.8,1978,1,1,1,1,0,1,0
febrl3,0.8,378,4,1,4,1,0,1,0
febrl3,0.8,455,4,2,4,2,0,2,0
febrl3,0.8,1006,4,1,4,1,0,1,0
febrl3,0.8,1959,4,1,4,1,0,1,0
febrl3,0.8,841,1,1,1,1,0,1,0
febrl3,0.8,1972,3,1,3,1,0,1,0
febrl3,0.8,319,1,1,1,1,0,1,0
febrl3,0.8,1182,4,1,4,1,0,1,0
febrl3,0.8,567,5,1,5,1,0,1,0
febrl3,0.8,483,6,1,6,1,0,1,0
febrl3,0.8,678,2,1,2,1,0,1,0
febrl3,0.8,1401,2,1,2,1,0,1,0
febrl3,0.8,320,4,1,4,1,0,1,0
febrl3,0.8,1931,5,1,5,1,0,1,0
febrl3,0.8,868,1,1,1,1,0,1,0
febrl3,0.8,977,6,1,6,1,0,1,0
febrl3,0.8,1097,5,1,5,1,0,1,0
febrl3,0.8,1040,4,1,4,1,0,1,0
febrl3,0.8,1159,1,1,1,1,0,1,0
febrl3,0.8,943,5,1,5,1,0,1,0
febrl3,0.8,194,4,1,4,1,0,1,0
febrl3,0.8,1430,2,1,2,1,0,1,0
febrl3,0.8,693,3,1,3,1,0,1,0
febrl3,0.8,700,5,1,5,1,0,1,0
febrl3,0.8,1526,1,1,1,1,0,1,0
febrl3,0.8,1553,1,1,1,1,0,1,0
febrl3,0.8,291,1,1,1,1,0,1,0
febrl3,0.8,1054,2,1,2,1,0,1,0
febrl3,0.8,1980,5,2,5,2,0,2,0
febrl3,0.8,965,2,1,2,1,0,1,0
febrl3,0.8,145,2,1,2,1,0,1,0
febrl3,0.8,21,4,1,4,1,0,1,0
febrl3,0.8,86,4,1,4,1,0,1,0
febrl3,0.8,583,3,1,3,1,0,1,0
febrl3,0.8,1918,6,1,6,1,0,1,0
febrl3,0.8,1581,3,1,3,1,0,1,0
febrl3,0.8,1928,1,1,1,1,0,1,0
febrl3,0.8,1499,6,1,6,1,0,1,0
febrl3,0.8,1011,4,1,4,1,0,1,0
febrl3,0.8,385,3,1,3,1,0,1,0
febrl3,0.8,944,6,1,6,1,0,1,0
febrl3,0.8,1825,2,1,2,1,0,1,0
febrl3,0.8,1850,6,1,6,1,0,1,0
febrl3,0.8,1604,4,1,4,1,0,1,0
febrl3,0.8,619,6,2,6,2,0,2,0
febrl3,0.8,1398,1,1,1,1,0,1,0
febrl3,0.8,1783,1,1,1,1,0,1,0
febrl3,0.8,70,3,1,3,1,0,1,0
febrl3,0.8,1550,2,1,2,1,0,1,0
febrl3,0.8,153,5,1,5,1,0,1,0
febrl3,0.8,847,6,2,6,2,0,2,0
febrl3,0.8,323,2,1,2,1,0,1,0
febrl3,0.8,1621,5,1,5,1,0,1,0
febrl3,0.8,631,4,1,4,1,0,1,0
febrl3,0.8,985,6,1,6,1,0,1,0
febrl3,0.8,1436,1,1,1,1,0,1,0
febrl3,0.8,584,5,1,5,1,0,1,0
febrl3,0.8,1772,4,1,4,1,0,1,0
febrl3,0.8,433,5,1,5,1,0,1,0
febrl3,0.8,627,2,1,2,1,0,1,0
febrl3,0.8,1894,4,1,4,1,0,1,0
febrl3,0.8,76,1,1,1,1,0,1,0
febrl3,0.8,1771,1,1,1,1,0,1,0
febrl3,0.8,1623,5,1,5,1,0,1,0
febrl3,0.8,1216,4,1,4,1,0,1,0
febrl3,0.8,1647,1,1,1,1,0,1,0
febrl3,0.8,1029,6,1,6,1,0,1,0
febrl3,0.8,230,3,1,3,1,0,1,0
febrl3,0.8,687,1,1,1,1,0,1,0
febrl3,0.8,1297,1,1,1,1,0,1,0
febrl3,0.8,1164,4,1,4,1,0,1,0
febrl3,0.8,275,1,1,1,1,0,1,0
febrl3,0.8,474,1,1,1,1,0,1,0
febrl3,0.8,887,2,1,2,1,0,1,0
febrl3,0.8,1298,6,1,6,1,0,1,0
febrl3,0.8,657,2,1,2,1,0,1,0
febrl3,0.8,974,1,1,1,1,0,1,0
febrl3,0.8,532,6,2,6,2,0,2,0
febrl3,0.8,1255,2,1,2,1,0,1,0
febrl3,0.8,967,4,1,4,1,0,1,0
febrl3,0.8,1144,1,1,1,1,0,1,0
febrl3,0.8,1975,5,1,5,1,0,1,0
febrl3,0.8,81,2,1,2,1,0,1,0
febrl3,0.8,991,3,1,3,1,0,1,0
febrl3,0.8,801,5,1,5,1,0,1,0
febrl3,0.8,683,3,2,3,2,0,2,0
febrl3,0.8,826,5,1,5,1,0,1,0
febrl3,0.8,744,1,1,1,1,0,1,0
febrl3,0.8,655,6,1,6,1,0,1,0
febrl3,0.8,1497,2,1,2,1,0,1,0
febrl3,0.8,197,6,1,6,1,0,1,0
febrl3,0.8,1036,3,1,3,1,0,1,0
febrl3,0.8,559,5,1,5,1,0,1,0
febrl3,0.8,348,6,1,6,1,0,1,0
febrl3,0.8,1048,4,1,4,1,0,1,0
febrl3,0.8,161,6,1,6,1,0,1,0
febrl3,0.8,1502,4,1,4,1,0,1,0
febrl3,0.8,1655,3,2,3,2,0,2,0
febrl3,0.8,1460,4,1,4,1,0,1,0
febrl3,0.8,764,4,1,4,1,0,1,0
febrl3,0.8,711,6,1,6,1,0,1,0
febrl3,0.8,1760,5,2,5,2,0,2,0
febrl3,0.8,1571,3,2,3,2,0,2,0
febrl3,0.8,957,3,1,3,1,0,1,0
febrl3,0.8,432,5,1,5,1,0,1,0
febrl3,0.8,1855,5,1,5,1,0,1,0
febrl3,0.8,393,1,1,1,1,0,1,0
febrl3,0.8,788,6,1,6,1,0,1,0
febrl3,0.8,482,6,1,6,1,0,1,0
febrl3,0.8,1230,3,1,3,1,0,1,0
febrl3,0.8,1863,1,1,1,1,0,1,0
febrl3,0.8,338,1,1,1,1,0,1,0
febrl3,0.8,1482,1,1,1,1,0,1,0
febrl3,0.8,981,6,1,6,1,0,1,0
febrl3,0.8,231,3,1,3,1,0,1,0
febrl3,0.8,572,2,1,2,1,0,1,0
febrl3,0.8,614,1,1,1,1,0,1,0
febrl3,0.8,1585,2,1,2,1,0,1,0
febrl3,0.8,524,6,1,6,1,0,1,0
febrl3,0.8,272,3,1,3,1,0,1,0
febrl3,0.8,1672,5,1,5,1,0,1,0
febrl3,0.8,570,1,1,1,1,0,1,0
febrl3,0.8,1280,5,1,5,1,0,1,0
febrl3,0.8,1115,3,1,3,1,0,1,0
febrl3,0.8,1562,2,1,2,1,0,1,0
febrl3,0.8,1287,1,1,1,1,0,1,0
febrl3,0.8,1801,3,1,3,1,0,1,0
febrl3,0.8,672,2,1,2,1,0,1,0
febrl3,0.8,1797,3,1,3,1,0,1,0
febrl3,0.8,1949,3,2,3,2,0,2,0
febrl3,0.8,945,4,3,4,3,0,3,0
febrl3,0.8,344,1,1,1,1,0,1,0
febrl3,0.8,557,3,1,3,1,0,1,0
febrl3,0.8,1373,1,1,1,1,0,1,0
febrl3,0.8,1721,5,1,5,1,0,1,0
febrl3,0.8,329,3,1,3,1,0,1,0
febrl3,0.8,1979,1,1,1,1,0,1,0
febrl3,0.8,511,6,1,6,1,0,1,0
febrl3,0.8,49,3,1,3,1,0,1,0
febrl3,0.8,1948,2,1,2,1,0,1,0
febrl3,0.8,1281,2,1,2,1,0,1,0
febrl3,0.8,1024,1,1,1,1,0,1,0
febrl3,0.8,1359,1,1,1,1,0,1,0
febrl3,0.8,228,2,1,2,1,0,1,0
febrl3,0.8,1357,2,1,2,1,0,1,0
febrl3,0.8,503,6,1,6,1,0,1,0
febrl3,0.8,1469,5,1,5,1,0,1,0
febrl3,0.8,1394,2,1,2,1,0,1,0
febrl3,0.8,1904,6,1,6,1,0,1,0
febrl3,0.8,662,6,1,6,1,0,1,0
febrl3,0.8,127,1,1,1,1,0,1,0
febrl3,0.8,120,1,1,1,1,0,1,0
febrl3,0.8,83,2,1,2,1,0,1,0
febrl3,0.8,759,1,1,1,1,0,1,0
febrl3,0.8,169,4,1,4,1,0,1,0
febrl3,0.8,522,1,1,1,1,0,1,0
febrl3,0.8,478,2,1,2,1,0,1,0
febrl3,0.8,827,1,1,1,1,0,1,0
febrl3,0.8,1686,4,1,4,1,0,1,0
febrl3,0.8,921,5,1,5,1,0,1,0
febrl3,0.8,1969,5,1,5,1,0,1,0
febrl3,0.8,1129,1,1,1,1,0,1,0
febrl3,0.8,1290,4,1,4,1,0,1,0
febrl3,0.8,1152,6,1,6,1,0,1,0
febrl3,0.8,1506,3,1,3,1,0,1,0
febrl3,0.8,514,1,1,1,1,0,1,0
febrl3,0.8,1726,3,1,3,1,0,1,0
febrl3,0.8,24,2,1,2,1,0,1,0
febrl3,0.8,1827,1,1,1,1,0,1,0
febrl3,0.8,175,4,1,4,1,0,1,0
febrl3,0.8,1740,4,1,4,1,0,1,0
febrl3,0.8,1004,4,1,4,1,0,1,0
febrl3,0.8,1047,3,1,3,1,0,1,0
febrl3,0.8,1515,3,2,3,2,0,2,0
febrl3,0.8,505,3,1,3,1,0,1,0
febrl3,0.8,530,3,1,3,1,0,1,0
febrl3,0.8,1517,6,1,6,1,0,1,0
febrl3,0.8,42,1,1,1,1,0,1,0
febrl3,0.8,539,6,1,6,1,0,1,0
febrl3,0.8,595,6,1,6,1,0,1,0
febrl3,0.8,1471,1,1,1,1,0,1,0
febrl3,0.8,577,4,1,4,1,0,1,0
febrl3,0.8,823,2,1,2,1,0,1,0
febrl3,0.8,635,4,1,4,1,0,1,0
febrl3,0.8,1061,3,1,3,1,0,1,0
febrl3,0.8,1364,6,1,6,1,0,1,0
febrl3,0.8,1473,5,1,5,1,0,1,0
febrl3,0.8,1001,2,1,2,1,0,1,0
febrl3,0.8,1995,3,1,3,1,0,1,0
febrl3,0.8,1132,2,1,2,1,0,1,0
febrl3,0.8,374,6,1,6,1,0,1,0
febrl3,0.8,1039,2,1,2,1,0,1,0
febrl3,0.8,1444,5,1,5,1,0,1,0
febrl3,0.8,370,1,1,1,1,0,1,0
febrl3,0.8,56,5,1,5,1,0,1,0
febrl3,0.8,79,3,1,3,1,0,1,0
febrl3,0.8,1277,5,1,5,1,0,1,0
febrl3,0.8,373,4,1,4,1,0,1,0
febrl3,0.8,1009,4,2,4,2,0,2,0
febrl3,0.8,1692,4,1,4,1,0,1,0
febrl3,0.8,765,4,1,4,1,0,1,0
febrl3,0.8,1027,1,1,1,1,0,1,0
febrl3,0.8,1175,6,2,6,2,0,2,0
febrl3,0.8,1457,3,1,3,1,0,1,0
febrl3,0.8,1873,1,1,1,1,0,1,0
febrl3,0.8,434,1,1,1,1,0,1,0
febrl3,0.8,962,4,1,4,1,0,1,0
febrl3,0.8,202,6,2,6,2,0,2,0
febrl3,0.8,481,3,1,3,1,0,1,0
febrl3,0.8,833,2,1,2,1,0,1,0
febrl3,0.8,632,2,1,2,1,0,1,0
febrl3,0.8,624,5,1,5,1,0,1,0
febrl3,0.8,1365,3,1,3,1,0,1,0
febrl3,0.8,1546,2,1,2,1,0,1,0
febrl3,0.8,1632,3,1,3,1,0,1,0
febrl3,0.8,919,3,1,3,1,0,1,0
febrl3,0.8,1824,1,1,1,1,0,1,0
febrl3,0.8,639,3,1,3,1,0,1,0
febrl3,0.8,371,3,2,3,2,0,2,0
febrl3,0.8,260,6,1,6,1,0,1,0
febrl3,0.8,1227,2,1,2,1,0,1,0
febrl3,0.8,716,3,1,3,1,0,1,0
febrl3,0.8,1588,2,1,2,1,0,1,0
febrl3,0.8,954,6,1,6,1,0,1,0
febrl3,0.8,959,6,1,6,1,0,1,0
febrl3,0.8,278,6,1,6,1,0,1,0
febrl3,0.8,1218,2,1,2,1,0,1,0
febrl3,0.8,968,2,1,2,1,0,1,0
febrl3,0.8,1424,2,1,2,1,0,1,0
febrl3,0.8,555,1,1,1,1,0,1,0
febrl3,0.8,1523,4,1,4,1,0,1,0
febrl3,0.8,255,4,1,4,1,0,1,0
febrl3,0.8,812,1,1,1,1,0,1,0
febrl3,0.8,66,4,2,4,2,0,2,0
febrl3,0.8,1773,3,1,3,1,0,1,0
febrl3,0.8,707,6,1,6,1,0,1,0
febrl3,0.8,1080,4,1,4,1,0,1,0
febrl3,0.8,232,1,1,1,1,0,1,0
febrl3,0.8,720,3,1,3,1,0,1,0
febrl3,0.8,37,6,1,6,1,0,1,0
febrl3,0.8,199,2,1,2,1,0,1,0
febrl3,0.8,309,1,1,1,1,0,1,0
febrl3,0.8,1674,3,1,3,1,0,1,0
febrl3,0.8,176,5,1,5,1,0,1,0
febrl3,0.8,615,6,1,6,1,0,1,0
febrl3,0.8,1379,6,1,6,1,0,1,0
febrl3,0.8,12,6,2,6,2,0,2,0
febrl3,0.8,1602,3,1,3,1,0,1,0
febrl3,0.8,1758,3,1,3,1,0,1,0
febrl3,0.8,236,4,2,4,2,0,2,0
febrl3,0.8,1114,5,1,5,1,0,1,0
febrl3,0.8,1994,1,1,1,1,0,1,0
febrl3,0.8,1890,4,2,4,2,0,2,0
febrl3,0.8,426,4,1,4,1,0,1,0
febrl3,0.8,992,3,1,3,1,0,1,0
febrl3,0.8,114,1,1,1,1,0,1,0
febrl3,0.8,293,4,1,4,1,0,1,0
febrl3,0.8,259,1,1,1,1,0,1,0
febrl3,0.8,1279,1,1,1,1,0,1,0
febrl3,0.8,1286,4,1,4,1,0,1,0
febrl3,0.8,1421,2,1,2,1,0,1,0
febrl3,0.8,296,4,3,4,3,0,3,0
febrl3,0.8,91,5,1,5,1,0,1,0
febrl3,0.8,1275,4,1,4,1,0,1,0
febrl3,0.8,1584,5,1,5,1,0,1,0
febrl3,0.8,1123,1,1,1,1,0,1,0
febrl3,0.8,1670,6,1,6,1,0,1,0
febrl3,0.8,1761,2,1,2,1,0,1,0
febrl3,0.8,623,5,1,5,1,0,1,0
febrl3,0.8,848,3,2,3,2,0,2,0
febrl3,0.8,1251,1,1,1,1,0,1,0
febrl3,0.8,116,1,1,1,1,0,1,0
febrl3,0.8,531,3,1,3,1,0,1,0
febrl3,0.8,547,1,1,1,1,0,1,0
febrl3,0.8,1784,1,1,1,1,0,1,0
febrl3,0.8,785,6,1,6,1,0,1,0
febrl3,0.8,861,1,1,1,1,0,1,0
febrl3,0.8,1520,1,1,1,1,0,1,0
febrl3,0.8,1072,5,1,5,1,0,1,0
febrl3,0.8,440,1,1,1,1,0,1,0
febrl3,0.8,103,2,1,2,1,0,1,0
febrl3,0.8,1718,2,1,2,1,0,1,0
febrl3,0.8,1285,1,1,1,1,0,1,0
febrl3,0.8,914,1,1,1,1,0,1,0
febrl3,0.8,802,1,1,1,1,0,1,0
febrl3,0.8,398,1,1,1,1,0,1,0
febrl3,0.8,1782,4,1,4,1,0,1,0
febrl3,0.8,29,6,1,6,1,0,1,0
febrl3,0.8,276,1,1,1,1,0,1,0
febrl3,0.8,326,1,1,1,1,0,1,0
febrl3,0.8,1302,4,1,4,1,0,1,0
febrl3,0.8,498,2,1,2,1,0,1,0
febrl3,0.8,190,4,2,4,2,0,2,0
febrl3,0.8,1270,1,1,1,1,0,1,0
febrl3,0.8,452,4,1,4,1,0,1,0
febrl3,0.8,280,1,1,1,1,0,1,0
febrl3,0.8,187,6,1,6,1,0,1,0
febrl3,0.8,1314,5,1,5,1,0,1,0
febrl3,0.8,1138,3,1,3,1,0,1,0
febrl3,0.8,1963,3,1,3,1,0,1,0
febrl3,0.8,1028,3,1,3,1,0,1,0
febrl3,0.8,1620,4,2,4,2,0,2,0
febrl3,0.8,901,3,1,3,1,0,1,0
febrl3,0.8,80,5,1,5,1,0,1,0
febrl3,0.8,533,5,1,5,1,0,1,0
febrl3,0.8,1870,3,1,3,1,0,1,0
febrl3,0.8,1092,4,1,4,1,0,1,0
febrl3,0.8,849,1,1,1,1,0,1,0
febrl3,0.8,719,1,1,1,1,0,1,0
febrl3,0.8,1720,3,1,3,1,0,1,0
febrl3,0.8,1247,3,2,3,2,0,2,0
febrl3,0.8,1662,4,1,4,1,0,1,0
febrl3,0.8,1543,6,1,6,1,0,1,0
febrl3,0.8,1806,1,1,1,1,0,1,0
febrl3,0.8,1549,1,1,1,1,0,1,0
febrl3,0.8,1714,1,1,1,1,0,1,0
febrl3,0.8,668,6,2,6,2,0,2,0
febrl3,0.8,1957,2,1,2,1,0,1,0
febrl3,0.8,735,1,1,1,1,0,1,0
febrl3,0.8,244,2,1,2,1,0,1,0
febrl3,0.8,151,2,1,2,1,0,1,0
febrl3,0.8,1737,5,1,5,1,0,1,0
febrl3,0.8,105,6,2,6,2,0,2,0
febrl3,0.8,1889,2,1,2,1,0,1,0
febrl3,0.8,1374,1,1,1,1,0,1,0
febrl3,0.8,1126,6,1,6,1,0,1,0
febrl3,0.8,281,1,1,1,1,0,1,0
febrl3,0.8,698,4,1,4,1,0,1,0
febrl3,0.8,129,1,1,1,1,0,1,0
febrl3,0.8,600,2,1,2,1,0,1,0
febrl3,0.8,106,4,1,4,1,0,1,0
febrl3,0.8,1944,1,1,1,1,0,1,0
febrl3,0.8,1600,6,1,6,1,0,1,0
febrl3,0.8,1156,4,1,4,1,0,1,0
febrl3,0.8,249,5,1,5,1,0,1,0
febrl3,0.8,177,4,1,4,1,0,1,0
febrl3,0.8,1174,1,1,1,1,0,1,0
febrl3,0.8,922,4,1,4,1,0,1,0
febrl3,0.8,1073,5,1,5,1,0,1,0
febrl3,0.8,1173,6,1,6,1,0,1,0
febrl3,0.8,64,2,1,2,1,0,1,0
febrl3,0.8,1331,1,1,1,1,0,1,0
febrl3,0.8,195,1,1,1,1,0,1,0
febrl3,0.8,774,1,1,1,1,0,1,0
febrl3,0.8,924,1,1,1,1,0,1,0
febrl3,0.8,923,4,1,4,1,0,1,0
febrl3,0.8,261,3,1,3,1,0,1,0
febrl3,0.8,67,1,1,1,1,0,1,0
febrl3,0.8,543,6,2,6,2,0,2,0
febrl3,0.8,1750,5,1,5,1,0,1,0
febrl3,0.8,1366,1,1,1,1,0,1,0
febrl3,0.8,694,2,2,2,2,0,2,0
febrl3,0.8,604,1,1,1,1,0,1,0
febrl3,0.8,1742,2,1,2,1,0,1,0
febrl3,0.8,1459,1,1,1,1,0,1,0
febrl3,0.8,1528,2,1,2,1,0,1,0
febrl3,0.8,102,5,1,5,1,0,1,0
febrl3,0.8,1448,5,1,5,1,0,1,0
febrl3,0.8,179,1,1,1,1,0,1,0
febrl3,0.8,546,6,1,6,1,0,1,0
febrl3,0.8,651,1,1,1,1,0,1,0
febrl3,0.8,1886,6,1,6,1,0,1,0
febrl3,0.8,1862,2,1,2,1,0,1,0
febrl3,0.8,1993,2,2,2,2,0,2,0
febrl3,0.8,749,6,2,6,2,0,2,0
febrl3,0.8,99,4,2,4,2,0,2,0
febrl3,0.8,757,2,1,2,1,0,1,0
febrl3,0.8,100,6,1,6,1,0,1,0
febrl3,0.8,87,2,1,2,1,0,1,0
febrl3,0.8,1642,1,1,1,1,0,1,0
febrl3,0.8,731,4,1,7,1,1,2,3
febrl3,0.8,1403,6,1,6,1,0,1,0
febrl3,0.8,1438,5,1,5,1,0,1,0
febrl3,0.8,171,2,1,2,1,0,1,0
febrl3,0.8,1879,3,1,3,1,0,1,0
febrl3,0.8,1103,6,1,6,1,0,1,0
febrl3,0.8,457,1,1,1,1,0,1,0
febrl3,0.8,1022,6,1,6,1,0,1,0
febrl3,0.8,1037,1,1,1,1,0,1,0
febrl3,0.8,507,3,1,3,1,0,1,0
febrl3,0.8,460,1,1,1,1,0,1,0
febrl3,0.8,551,1,1,1,1,0,1,0
febrl3,0.8,121,5,1,5,1,0,1,0
febrl3,0.8,1268,1,1,1,1,0,1,0
febrl3,0.8,993,6,1,6,1,0,1,0
febrl3,0.8,1249,3,1,3,1,0,1,0
febrl3,0.8,1324,3,1,3,1,0,1,0
febrl3,0.8,54,5,1,5,1,0,1,0
febrl3,0.8,1032,2,1,2,1,0,1,0
febrl3,0.8,1376,2,1,2,1,0,1,0
febrl3,0.8,691,3,1,3,1,0,1,0
febrl3,0.8,284,1,1,1,1,0,1,0
febrl3,0.8,660,3,1,3,1,0,1,0
febrl3,0.8,942,2,1,2,1,0,1,0
febrl3,0.8,878,4,1,4,1,0,1,0
febrl3,0.8,836,5,1,5,1,0,1,0
febrl3,0.8,257,2,1,2,1,0,1,0
febrl3,0.8,743,4,1,4,1,0,1,0
febrl3,0.8,1233,1,1,1,1,0,1,0
febrl3,0.8,1494,2,2,2,2,0,2,0
febrl3,0.8,987,2,1,2,1,0,1,0
febrl3,0.8,1838,1,1,1,1,0,1,0
febrl3,0.8,659,3,1,3,1,0,1,0
febrl3,0.8,1880,5,1,5,1,0,1,0
febrl3,0.8,1950,2,1,2,1,0,1,0
febrl3,0.8,412,3,1,3,1,0,1,0
febrl3,0.8,109,4,1,4,1,0,1,0
febrl3,0.8,1717,6,1,6,1,0,1,0
febrl3,0.8,23,5,1,5,1,0,1,0
febrl3,0.8,605,2,1,2,1,0,1,0
febrl3,0.8,470,2,1,2,1,0,1,0
febrl3,0.8,1842,6,1,6,1,0,1,0
febrl3,0.8,838,5,1,5,1,0,1,0
febrl3,0.8,803,4,2,4,2,0,2,0
febrl3,0.8,351,3,1,3,1,0,1,0
febrl3,0.8,140,3,1,3,1,0,1,0
febrl3,0.8,188,2,1,2,1,0,1,0
febrl3,0.8,1204,1,1,1,1,0,1,0
febrl3,0.8,508,6,1,6,1,0,1,0
febrl3,0.8,724,6,2,6,2,0,2,0
febrl3,0.8,246,2,1,2,1,0,1,0
febrl3,0.8,844,5,1,5,1,0,1,0
febrl3,0.8,1382,2,1,2,1,0,1,0
febrl3,0.8,390,4,1,4,1,0,1,0
febrl3,0.8,1215,1,1,1,1,0,1,0
febrl3,0.8,1680,3,1,3,1,0,1,0
febrl3,0.8,1814,5,1,5,1,0,1,0
febrl3,0.8,141,5,2,5,2,0,2,0
febrl3,0.8,1564,4,1,4,1,0,1,0
febrl3,0.8,515,5,1,5,1,0,1,0
febrl3,0.8,1559,4,1,4,1,0,1,0
febrl3,0.8,1831,2,1,2,1,0,1,0
febrl3,0.8,1727,4,2,4,2,0,2,0
febrl3,0.8,1919,4,1,4,1,0,1,0
febrl3,0.8,31,1,1,1,1,0,1,0
febrl3,0.8,1412,1,1,1,1,0,1,0
febrl3,0.8,579,2,1,2,1,0,1,0
febrl3,0.8,737,1,1,1,1,0,1,0
febrl3,0.8,650,1,1,1,1,0,1,0
febrl3,0.8,1910,3,1,3,1,0,1,0
febrl3,0.8,667,2,1,2,1,0,1,0
febrl3,0.8,661,2,1,2,1,0,1,0
febrl3,0.8,1041,2,1,2,1,0,1,0
febrl3,0.8,548,1,1,1,1,0,1,0
febrl3,0.8,1397,3,1,3,1,0,1,0
febrl3,0.8,367,4,1,4,1,0,1,0
febrl3,0.8,542,1,1,1,1,0,1,0
febrl3,0.8,1522,1,1,1,1,0,1,0
febrl3,0.8,696,5,1,5,1,0,1,0
febrl3,0.8,835,1,1,1,1,0,1,0
febrl3,0.8,1013,1,1,1,1,0,1,0
febrl3,0.8,928,3,1,3,1,0,1,0
febrl3,0.8,237,2,1,2,1,0,1,0
febrl3,0.8,186,2,1,2,1,0,1,0
febrl3,0.8,444,4,2,4,2,0,2,0
febrl3,0.8,1087,5,1,5,1,0,1,0
febrl3,0.8,415,3,1,3,1,0,1,0
febrl3,0.8,1179,4,2,4,2,0,2,0
febrl3,0.8,416,1,1,1,1,0,1,0
febrl3,0.8,1410,6,1,6,1,0,1,0
febrl3,0.8,346,2,1,2,1,0,1,0
febrl3,0.8,380,6,1,6,1,0,1,0
febrl3,0.8,1231,1,1,1,1,0,1,0
febrl3,0.8,1026,3,1,3,1,0,1,0
febrl3,0.8,1266,1,1,1,1,0,1,0
febrl3,0.8,871,1,1,1,1,0,1,0
febrl3,0.8,1567,1,1,1,1,0,1,0
febrl3,0.8,274,5,1,6,1,1,2,1
febrl3,0.8,461,5,1,5,1,0,1,0
febrl3,0.8,223,3,1,3,1,0,1,0
febrl3,0.8,1241,3,1,3,1,0,1,0
febrl3,0.8,1117,5,2,5,2,0,2,0
febrl3,0.8,1044,5,1,5,1,0,1,0
febrl3,0.8,598,2,1,2,1,0,1,0
febrl3,0.8,1392,1,1,1,1,0,1,0
febrl3,0.8,372,4,1,4,1,0,1,0
febrl3,0.8,1555,3,1,3,1,0,1,0
febrl3,0.8,733,1,1,1,1,0,1,0
febrl3,0.8,1453,1,1,1,1,0,1,0
febrl3,0.8,1322,5,1,5,1,0,1,0
febrl3,0.8,1219,1,1,1,1,0,1,0
febrl3,0.8,123,1,1,1,1,0,1,0
febrl3,0.8,445,1,1,1,1,0,1,0
febrl3,0.8,1222,4,2,4,2,0,2,0
febrl3,0.8,544,1,1,1,1,0,1,0
febrl3,0.8,846,1,1,1,1,0,1,0
febrl3,0.8,1475,3,1,3,1,0,1,0
febrl3,0.8,1484,5,1,5,1,0,1,0
febrl3,0.8,84,3,1,3,1,0,1,0
febrl3,0.8,653,1,1,1,1,0,1,0
febrl3,0.8,46,4,1,4,1,0,1,0
febrl3,0.8,77,6,2,6,2,0,2,0
febrl3,0.8,1639,1,1,1,1,0,1,0
febrl3,0.8,1125,1,1,1,1,0,1,0
febrl3,0.8,1148,5,1,5,1,0,1,0
febrl3,0.8,1673,1,1,1,1,0,1,0
febrl3,0.8,495,2,1,2,1,0,1,0
febrl3,0.8,1851,6,2,6,2,0,2,0
febrl3,0.8,73,4,2,4,2,0,2,0
febrl3,0.8,725,4,2,4,2,0,2,0
febrl3,0.8,633,4,2,4,2,0,2,0
febrl3,0.8,895,2,1,2,1,0,1,0
febrl3,0.8,643,2,1,2,1,0,1,0
febrl3,0.8,1990,6,1,6,1,0,1,0
febrl3,0.8,137,1,1,1,1,0,1,0
febrl3,0.8,882,3,1,3,1,0,1,0
febrl3,0.8,381,3,1,3,1,0,1,0
febrl3,0.8,1094,3,1,3,1,0,1,0
febrl3,0.8,1971,2,1,2,1,0,1,0
febrl3,0.8,637,3,1,3,1,0,1,0
febrl3,0.8,769,1,1,1,1,0,1,0
febrl3,0.8,1749,3,1,3,1,0,1,0
febrl3,0.8,1002,2,1,2,1,0,1,0
febrl3,0.8,1143,5,1,5,1,0,1,0
febrl3,0.8,395,2,1,2,1,0,1,0
febrl3,0.8,200,1,1,1,1,0,1,0
febrl3,0.8,1531,2,1,2,1,0,1,0
febrl3,0.8,146,1,1,1,1,0,1,0
febrl3,0.8,682,4,1,4,1,0,1,0
febrl3,0.8,475,4,1,4,1,0,1,0
febrl3,0.8,701,1,1,1,1,0,1,0
febrl3,0.8,549,1,1,1,1,0,1,0
febrl3,0.8,646,2,1,2,1,0,1,0
febrl3,0.8,909,1,1,1,1,0,1,0
febrl3,0.8,688,3,2,3,2,0,2,0
febrl3,0.8,1728,3,2,3,2,0,2,0
febrl3,0.8,804,6,1,6,1,0,1,0
febrl3,0.8,312,5,2,5,2,0,2,0
febrl3,0.8,447,2,1,2,1,0,1,0
febrl3,0.8,41,1,1,1,1,0,1,0
febrl3,0.8,594,3,2,3,2,0,2,0
febrl3,0.8,233,1,1,1,1,0,1,0
febrl3,0.8,1501,1,1,1,1,0,1,0
febrl3,0.8,1643,2,1,2,1,0,1,0
febrl3,0.8,825,5,3,5,3,0,3,0
febrl3,0.8,1131,3,1,3,1,0,1,0
febrl3,0.8,210,6,1,6,1,0,1,0
febrl3,0.8,1007,5,1,5,1,0,1,0
febrl3,0.8,1336,2,1,2,1,0,1,0
febrl3,0.8,541,3,1,3,1,0,1,0
febrl3,0.8,334,1,1,1,1,0,1,0
febrl3,0.8,591,4,1,4,1,0,1,0
febrl3,0.8,1212,3,2,3,2,0,2,0
febrl3,0.8,1319,1,1,1,1,0,1,0
febrl3,0.8,1937,1,1,1,1,0,1,0
febrl3,0.8,450,1,1,1,1,0,1,0
febrl3,0.8,300,2,1,2,1,0,1,0
febrl3,0.8,671,3,1,3,1,0,1,0
febrl3,0.8,1307,6,1,6,1,0,1,0
febrl3,0.8,995,2,1,2,1,0,1,0
febrl3,0.8,877,3,1,3,1,0,1,0
febrl3,0.8,817,3,1,3,1,0,1,0
febrl3,0.8,1986,6,2,6,2,0,2,0
febrl3,0.8,850,2,1,2,1,0,1,0
febrl3,0.8,1221,1,1,1,1,0,1,0
febrl3,0.8,1747,4,2,4,2,0,2,0
febrl3,0.8,1135,3,1,3,1,0,1,0
febrl3,0.8,28,6,1,6,1,0,1,0
febrl3,0.8,867,1,1,1,1,0,1,0
febrl3,0.8,893,3,1,3,1,0,1,0
febrl3,0.8,1755,1,1,1,1,0,1,0
febrl3,0.8,130,1,1,1,1,0,1,0
febrl3,0.8,1162,1,1,1,1,0,1,0
febrl3,0.8,816,4,1,4,1,0,1,0
febrl3,0.8,499,1,1,1,1,0,1,0
febrl3,0.8,1547,1,1,1,1,0,1,0
febrl3,0.8,601,4,1,4,1,0,1,0
febrl3,0.8,294,2,1,2,1,0,1,0
febrl3,0.8,1,1,1,1,1,0,1,0
febrl3,0.8,808,3,1,3,1,0,1,0
febrl3,0.8,289,5,1,5,1,0,1,0
febrl3,0.8,948,4,1,4,1,0,1,0
febrl3,0.8,1428,1,1,1,1,0,1,0
febrl3,0.8,1362,2,1,2,1,0,1,0
febrl3,0.8,705,3,1,3,1,0,1,0
febrl3,0.8,1960,5,2,5,2,0,2,0
febrl3,0.8,1743,2,1,2,1,0,1,0
febrl3,0.8,1193,5,1,5,1,0,1,0
febrl3,0.8,911,3,1,3,1,0,1,0
febrl3,0.8,1257,1,1,1,1,0,1,0
febrl3,0.8,603,1,1,1,1,0,1,0
febrl3,0.8,1989,2,1,2,1,0,1,0
febrl3,0.8,1767,2,1,2,1,0,1,0
febrl3,0.8,596,1,1,1,1,0,1,0
febrl3,0.8,647,1,1,1,1,0,1,0
febrl3,0.8,25,4,1,4,1,0,1,0
febrl3,0.8,1323,1,1,1,1,0,1,0
febrl3,0.8,352,5,1,5,1,0,1,0
febrl3,0.8,1804,4,2,4,2,0,2,0
febrl3,0.8,57,6,1,6,1,0,1,0
febrl3,0.8,534,3,1,3,1,0,1,0
febrl3,0.8,1075,3,1,3,1,0,1,0
febrl3,0.8,212,5,1,5,1,0,1,0
febrl3,0.8,1907,2,1,2,1,0,1,0
febrl3,0.8,1739,1,1,1,1,0,1,0
febrl3,0.8,44,3,2,3,2,0,2,0
febrl3,0.8,564,2,1,2,1,0,1,0
febrl3,0.8,1273,5,2,5,2,0,2,0
febrl3,0.8,384,4,1,4,1,0,1,0
febrl3,0.8,1141,2,1,2,1,0,1,0
febrl3,0.8,751,3,1,3,1,0,1,0
febrl3,0.8,883,2,1,2,1,0,1,0
febrl3,0.8,1821,3,1,3,1,0,1,0
febrl3,0.8,1371,2,1,2,1,0,1,0
febrl3,0.8,1510,2,1,2,1,0,1,0
febrl3,0.8,1766,5,1,5,1,0,1,0
febrl3,0.8,1439,1,1,1,1,0,1,0
febrl3,0.8,473,3,1,3,1,0,1,0
febrl3,0.8,258,4,2,4,2,0,2,0
febrl3,0.8,872,3,1,3,1,0,1,0
febrl3,0.8,128,2,1,2,1,0,1,0
febrl3,0.8,964,2,1,2,1,0,1,0
febrl3,0.8,1583,1,1,1,1,0,1,0
febrl3,0.8,784,6,1,6,1,0,1,0
febrl3,0.8,1651,1,1,1,1,0,1,0
febrl3,0.8,1756,6,1,6,1,0,1,0
febrl3,0.8,6,5,1,5,1,0,1,0
febrl3,0.8,777,2,1,2,1,0,1,0
febrl3,0.8,1348,4,1,4,1,0,1,0
febrl3,0.8,327,5,1,5,1,0,1,0
febrl3,0.8,1699,2,1,2,1,0,1,0
febrl3,0.8,396,1,1,1,1,0,1,0
febrl3,0.8,1920,1,1,1,1,0,1,0
febrl3,0.8,139,3,1,3,1,0,1,0
febrl3,0.8,167,2,1,2,1,0,1,0
febrl3,0.8,211,1,1,1,1,0,1,0
febrl3,0.8,1276,2,1,2,1,0,1,0
febrl3,0.8,978,1,1,1,1,0,1,0
febrl3,0.8,1813,2,1,2,1,0,1,0
febrl3,0.8,1367,1,1,1,1,0,1,0
febrl3,0.8,254,1,1,1,1,0,1,0
febrl3,0.8,96,2,1,2,1,0,1,0
febrl3,0.8,1105,4,1,4,1,0,1,0
febrl3,0.8,1056,6,1,6,1,0,1,0
febrl3,0.8,1345,2,1,2,1,0,1,0
febrl3,0.8,449,1,1,1,1,0,1,0
febrl3,0.8,1288,1,1,1,1,0,1,0
febrl3,0.8,1864,2,1,2,1,0,1,0
febrl3,0.8,1708,6,1,6,1,0,1,0
febrl3,0.8,1764,4,1,4,1,0,1,0
febrl3,0.8,1762,1,1,1,1,0,1,0
febrl3,0.8,428,5,2,5,2,0,2,0
febrl3,0.8,880,6,1,6,1,0,1,0
febrl3,0.8,126,5,1,5,1,0,1,0
febrl3,0.8,1832,4,1,4,1,0,1,0
febrl3,0.8,917,3,1,3,1,0,1,0
febrl3,0.8,467,1,1,1,1,0,1,0
febrl3,0.8,1295,1,1,1,1,0,1,0
febrl3,0.8,1921,1,1,1,1,0,1,0
febrl3,0.8,1161,5,2,5,2,0,2,0
febrl3,0.8,599,4,1,4,1,0,1,0
febrl3,0.8,485,2,1,2,1,0,1,0
febrl3,0.8,242,4,1,4,1,0,1,0
febrl3,0.8,1264,1,1,1,1,0,1,0
febrl3,0.8,1681,2,1,2,1,0,1,0
febrl3,0.8,1244,5,1,5,1,0,1,0
febrl3,0.8,430,1,1,1,1,0,1,0
febrl3,0.8,710,4,1,4,1,0,1,0
febrl3,0.8,1145,1,1,1,1,0,1,0
febrl3,0.8,342,2,1,2,1,0,1,0
febrl3,0.8,358,3,1,3,1,0,1,0
febrl3,0.8,1017,2,1,2,1,0,1,0
febrl3,0.8,1427,3,1,3,1,0,1,0
febrl3,0.8,1437,3,1,3,1,0,1,0
febrl3,0.8,1133,4,1,4,1,0,1,0
febrl3,0.8,1160,3,1,3,1,0,1,0
febrl3,0.8,1070,2,1,2,1,0,1,0
febrl3,0.8,1077,2,1,2,1,0,1,0
febrl3,0.8,656,6,1,6,1,0,1,0
febrl3,0.8,1618,6,1,6,1,0,1,0
febrl3,0.8,1596,3,2,3,2,0,2,0
febrl3,0.8,1669,4,1,4,1,0,1,0
febrl3,0.8,775,3,1,3,1,0,1,0
febrl3,0.8,1313,2,1,2,1,0,1,0
febrl3,0.8,592,5,1,5,1,0,1,0
febrl3,0.8,519,4,1,4,1,0,1,0
febrl3,0.8,709,2,1,2,1,0,1,0
febrl3,0.8,810,2,1,2,1,0,1,0
febrl3,0.8,1999,1,1,1,1,0,1,0
febrl3,0.8,1136,2,1,2,1,0,1,0
febrl3,0.8,649,1,1,1,1,0,1,0
febrl3,0.8,1722,2,1,2,1,0,1,0
febrl3,0.8,1892,2,1,2,1,0,1,0
febrl3,0.8,33,1,1,1,1,0,1,0
febrl3,0.8,1908,1,1,1,1,0,1,0
febrl3,0.8,1947,6,1,6,1,0,1,0
febrl3,0.8,1514,1,1,1,1,0,1,0
febrl3,0.8,1877,5,1,5,1,0,1,0
febrl3,0.8,874,1,1,1,1,0,1,0
febrl3,0.8,310,4,1,4,1,0,1,0
febrl3,0.8,356,4,1,4,1,0,1,0
febrl3,0.8,1820,2,1,2,1,0,1,0
febrl3,0.8,1486,1,1,1,1,0,1,0
febrl3,0.8,1954,1,1,1,1,0,1,0
febrl3,0.8,1402,1,1,2,1,1,2,1
febrl3,0.8,1637,4,1,4,1,0,1,0
febrl3,0.8,1848,5,2,5,2,0,2,0
febrl3,0.8,1015,1,1,1,1,0,1,0
febrl3,0.8,1976,4,1,4,1,0,1,0
febrl3,0.8,1207,5,1,6,1,1,2,1
febrl3,0.8,1361,4,1,4,1,0,1,0
febrl3,0.8,1545,1,1,6,1,1,2,5
febrl3,0.8,1630,3,1,3,1,0,1,0
febrl3,0.8,609,6,1,6,1,0,1,0
febrl3,0.8,1375,4,1,4,1,0,1,0
febrl3,0.8,1214,2,1,2,1,0,1,0
febrl3,0.8,1916,1,1,1,1,0,1,0
febrl3,0.8,1606,1,1,1,1,0,1,0
febrl3,0.8,1938,4,1,4,1,0,1,0
febrl3,0.8,198,1,1,1,1,0,1,0
febrl3,0.8,494,1,1,1,1,0,1,0
febrl3,0.8,1467,5,1,5,1,0,1,0
febrl3,0.8,1770,4,1,4,1,0,1,0
febrl3,0.8,1504,2,1,2,1,0,1,0
febrl3,0.8,1178,1,1,1,1,0,1,0
febrl3,0.8,1406,1,1,1,1,0,1,0
febrl3,0.8,1765,4,2,4,2,0,2,0
febrl3,0.8,1926,1,1,1,1,0,1,0
febrl3,0.8,1731,1,1,1,1,0,1,0
febrl3,0.8,1242,6,1,6,1,0,1,0
febrl3,0.8,388,1,1,1,1,0,1,0
febrl3,0.8,597,1,1,1,1,0,1,0
febrl3,0.8,752,1,1,1,1,0,1,0
febrl3,0.8,1352,1,1,1,1,0,1,0
febrl3,0.8,400,5,1,5,1,0,1,0
febrl3,0.8,1085,3,1,3,1,0,1,0
febrl3,0.8,39,2,1,2,1,0,1,0
febrl3,0.8,267,4,1,4,1,0,1,0
febrl3,0.8,839,5,1,5,1,0,1,0
febrl3,0.8,82,3,1,3,1,0,1,0
febrl3,0.8,1203,2,1,2,1,0,1,0
febrl3,0.8,1939,2,1,2,1,0,1,0
febrl3,0.8,537,2,1,2,1,0,1,0
febrl3,0.8,303,2,1,2,1,0,1,0
febrl3,0.8,1645,1,1,1,1,0,1,0
febrl3,0.8,1121,2,1,2,1,0,1,0
febrl3,0.8,1565,2,1,2,1,0,1,0
febrl3,0.8,192,1,1,1,1,0,1,0
febrl3,0.8,1629,4,2,4,2,0,2,0
febrl3,0.8,1445,5,1,5,1,0,1,0
febrl3,0.8,699,1,1,1,1,0,1,0
febrl3,0.8,753,1,1,1,1,0,1,0
febrl3,0.8,996,3,1,3,1,0,1,0
febrl3,0.8,1153,1,1,1,1,0,1,0
febrl3,0.8,138,4,1,4,1,0,1,0
febrl3,0.8,934,2,1,2,1,0,1,0
febrl3,0.8,1350,1,1,1,1,0,1,0
febrl3,0.8,1513,3,1,3,1,0,1,0
febrl3,0.8,890,1,1,1,1,0,1,0
febrl3,0.8,1340,3,1,3,1,0,1,0
febrl3,0.8,314,3,1,3,1,0,1,0
febrl3,0.8,1154,2,1,2,1,0,1,0
febrl3,0.8,1335,5,1,5,1,0,1,0
febrl3,0.8,1803,1,1,1,1,0,1,0
febrl3,0.8,1089,1,1,1,1,0,1,0
febrl3,0.8,1493,5,2,5,2,0,2,0
febrl3,0.8,313,2,1,2,1,0,1,0
febrl3,0.8,1615,1,1,1,1,0,1,0
febrl3,0.8,955,1,1,1,1,0,1,0
febrl3,0.8,1793,2,1,2,1,0,1,0
febrl3,0.8,1768,1,1,1,1,0,1,0
febrl3,0.8,1226,2,1,2,1,0,1,0
febrl3,0.8,1808,4,1,4,1,0,1,0
febrl3,0.8,472,3,1,3,1,0,1,0
febrl3,0.8,1753,4,1,4,1,0,1,0
febrl3,0.8,418,2,1,2,1,0,1,0
febrl3,0.8,290,4,1,4,1,0,1,0
febrl3,0.8,1272,3,1,3,1,0,1,0
febrl3,0.8,1100,6,2,6,2,0,2,0
febrl3,0.8,148,3,1,3,1,0,1,0
febrl3,0.8,391,1,1,1,1,0,1,0
febrl3,0.8,1598,3,2,3,2,0,2,0
febrl3,0.8,760,4,1,4,1,0,1,0
febrl3,0.8,1165,4,1,4,1,0,1,0
febrl3,0.8,747,6,1,6,1,0,1,0
febrl3,0.8,1418,6,1,6,1,0,1,0
febrl3,0.8,1278,3,1,3,1,0,1,0
febrl3,0.8,1660,3,1,3,1,0,1,0
febrl3,0.8,489,6,1,6,1,0,1,0
febrl3,0.8,1483,1,1,1,1,0,1,0
febrl3,0.8,562,2,1,2,1,0,1,0
febrl3,0.8,1440,1,1,1,1,0,1,0
febrl3,0.8,1464,3,1,3,1,0,1,0
febrl3,0.8,104,2,1,2,1,0,1,0
febrl3,0.8,581,4,1,4,1,0,1,0
febrl3,0.8,1456,2,1,2,1,0,1,0
febrl3,0.8,58,3,1,3,1,0,1,0
febrl3,0.8,156,1,1,1,1,0,1,0
febrl3,0.8,1360,1,1,1,1,0,1,0
febrl3,0.8,234,1,1,1,1,0,1,0
febrl3,0.8,516,1,1,1,1,0,1,0
febrl3,0.8,131,2,1,2,1,0,1,0
febrl3,0.8,1809,3,1,3,1,0,1,0
febrl3,0.8,1970,3,2,3,2,0,2,0
febrl3,0.8,1229,4,1,4,1,0,1,0
febrl3,0.8,638,4,1,4,1,0,1,0
febrl3,0.8,143,5,2,5,2,0,2,0
febrl3,0.8,1657,6,1,6,1,0,1,0
febrl3,0.8,1609,1,1,1,1,0,1,0
febrl3,0.8,1370,2,1,2,1,0,1,0
febrl3,0.8,1914,1,1,1,1,0,1,0
febrl3,0.8,837,1,1,1,1,0,1,0
febrl3,0.8,859,4,1,4,1,0,1,0
febrl3,0.8,809,3,1,3,1,0,1,0
febrl3,0.8,1521,2,1,2,1,0,1,0
febrl3,0.8,897,4,1,4,1,0,1,0
febrl3,0.8,734,1,1,1,1,0,1,0
febrl3,0.8,930,1,1,1,1,0,1,0
febrl3,0.8,1099,2,1,2,1,0,1,0
febrl3,0.8,553,2,1,2,1,0,1,0
febrl3,0.8,913,1,1,1,1,0,1,0
febrl3,0.8,780,1,1,1,1,0,1,0
febrl3,0.8,1086,2,1,2,1,0,1,0
febrl3,0.8,1463,1,1,1,1,0,1,0
febrl3,0.8,1411,4,1,4,1,0,1,0
febrl3,0.8,1294,1,1,1,1,0,1,0
febrl3,0.8,1622,2,1,2,1,0,1,0
febrl3,0.8,1505,3,2,3,2,0,2,0
febrl3,0.8,1234,3,2,3,2,0,2,0
febrl3,0.8,1899,3,1,3,1,0,1,0
febrl3,0.8,414,1,1,1,1,0,1,0
febrl3,0.8,238,2,1,2,1,0,1,0
febrl3,0.8,180,3,3,3,3,0,3,0
febrl3,0.8,1983,6,1,6,1,0,1,0
febrl3,0.8,1828,1,1,1,1,0,1,0
febrl3,0.8,1084,3,1,3,1,0,1,0
febrl3,0.8,331,2,1,2,1,0,1,0
febrl3,0.8,1423,1,1,1,1,0,1,0
febrl3,0.8,862,5,1,5,1,0,1,0
febrl3,0.8,1254,1,1,1,1,0,1,0
febrl3,0.8,263,1,1,1,1,0,1,0
febrl3,0.8,1973,2,1,2,1,0,1,0
febrl3,0.8,1079,1,1,1,1,0,1,0
febrl3,0.8,1683,1,1,1,1,0,1,0
febrl3,0.8,1470,1,1,1,1,0,1,0
febrl3,0.8,936,2,1,2,1,0,1,0
febrl3,0.8,1665,6,1,6,1,0,1,0
febrl3,0.8,295,2,1,2,1,0,1,0
febrl3,0.8,7,5,2,5,2,0,2,0
febrl3,0.8,554,6,1,6,1,0,1,0
febrl3,0.8,1342,4,1,4,1,0,1,0
febrl3,0.8,1065,1,1,1,1,0,1,0
febrl3,0.8,857,1,1,1,1,0,1,0
febrl3,0.8,1488,3,1,3,1,0,1,0
febrl3,0.8,1712,1,1,1,1,0,1,0
febrl3,0.8,702,4,2,4,2,0,2,0
febrl3,0.8,1790,3,1,3,1,0,1,0
febrl3,0.8,1211,2,1,2,1,0,1,0
febrl3,0.8,706,1,1,1,1,0,1,0
febrl3,0.8,538,3,2,3,2,0,2,0
febrl3,0.8,1736,4,2,4,2,0,2,0
febrl3,0.8,1053,1,1,1,1,0,1,0
febrl3,0.8,307,1,1,1,1,0,1,0
febrl3,0.8,354,2,1,2,1,0,1,0
febrl3,0.8,1775,2,1,2,1,0,1,0
febrl3,0.8,1289,2,1,2,1,0,1,0
febrl3,0.8,1800,5,1,5,1,0,1,0
febrl3,0.8,946,1,1,1,1,0,1,0
febrl3,0.8,1107,1,1,1,1,0,1,0
febrl3,0.8,423,1,1,1,1,0,1,0
febrl3,0.8,1415,1,1,1,1,0,1,0
febrl3,0.8,1393,2,1,2,1,0,1,0
febrl3,0.8,1817,2,1,2,1,0,1,0
febrl3,0.8,1052,3,1,3,1,0,1,0
febrl3,0.8,796,6,1,6,1,0,1,0
febrl3,0.8,1443,1,1,1,1,0,1,0
febrl3,0.8,612,3,1,3,1,0,1,0
febrl3,0.8,1569,2,1,2,1,0,1,0
febrl3,0.8,266,2,2,2,2,0,2,0
febrl3,0.8,900,2,1,2,1,0,1,0
febrl3,0.8,1730,4,1,4,1,0,1,0
febrl3,0.8,1763,1,1,1,1,0,1,0
febrl3,0.8,158,1,1,1,1,0,1,0
febrl3,0.8,807,1,1,1,1,0,1,0
febrl3,0.8,1789,1,1,1,1,0,1,0
febrl3,0.8,1822,1,1,1,1,0,1,0
febrl3,0.8,279,6,1,6,1,0,1,0
febrl3,0.8,971,1,1,1,1,0,1,0
febrl3,0.8,896,2,1,2,1,0,1,0
febrl3,0.8,1082,2,2,2,2,0,2,0
febrl3,0.8,1810,2,1,2,1,0,1,0
febrl3,0.8,566,1,1,1,1,0,1,0
febrl3,0.8,1450,1,1,1,1,0,1,0
febrl3,0.8,1961,2,1,2,1,0,1,0
febrl3,0.8,790,2,2,2,2,0,2,0
febrl3,0.8,347,2,2,2,2,0,2,0
febrl3,0.8,336,1,1,1,1,0,1,0
febrl3,0.8,793,6,1,6,1,0,1,0
febrl3,0.8,321,6,1,6,1,0,1,0
febrl3,0.8,640,5,1,5,1,0,1,0
febrl3,0.8,406,2,1,2,1,0,1,0
febrl3,0.8,477,1,1,1,1,0,1,0
febrl3,0.8,645,3,2,3,2,0,2,0
febrl3,0.8,628,3,2,3,2,0,2,0
febrl3,0.8,1538,1,1,1,1,0,1,0
febrl3,0.8,1715,5,1,5,1,0,1,0
febrl3,0.8,602,1,1,1,1,0,1,0
febrl3,0.8,1091,4,1,4,1,0,1,0
febrl3,0.8,1256,2,1,2,1,0,1,0
febrl3,0.8,74,3,1,3,1,0,1,0
febrl3,0.8,916,1,1,1,1,0,1,0
febrl3,0.8,675,1,1,1,1,0,1,0
febrl3,0.8,1785,1,1,1,1,0,1,0
febrl3,0.8,1987,3,1,3,1,0,1,0
febrl3,0.8,1127,4,1,4,1,0,1,0
febrl3,0.8,59,1,1,1,1,0,1,0
febrl3,0.8,931,1,1,1,1,0,1,0
febrl3,0.8,157,1,1,1,1,0,1,0
febrl3,0.8,1968,2,1,2,1,0,1,0
febrl3,0.8,545,3,1,3,1,0,1,0
febrl3,0.8,437,2,1,2,1,0,1,0
febrl3,0.8,593,6,1,6,1,0,1,0
febrl3,0.8,1812,2,1,2,1,0,1,0
febrl3,0.8,1823,1,1,1,1,0,1,0
febrl3,0.8,1063,1,1,1,1,0,1,0
febrl3,0.8,1654,2,1,2,1,0,1,0
febrl3,0.8,1018,1,1,1,1,0,1,0
febrl3,0.8,1725,6,1,6,1,0,1,0
febrl3,0.8,413,1,1,1,1,0,1,0
febrl3,0.8,1225,1,1,1,1,0,1,0
febrl3,0.8,1246,1,1,1,1,0,1,0
febrl3,0.8,1147,1,1,1,1,0,1,0
febrl3,0.8,915,1,1,1,1,0,1,0
febrl3,0.8,1465,1,1,1,1,0,1,0
febrl3,0.8,184,1,1,1,1,0,1,0
febrl3,0.8,1525,2,1,2,1,0,1,0
febrl3,0.8,697,1,1,1,1,0,1,0
febrl3,0.8,1635,4,1,4,1,0,1,0
febrl3,0.8,712,1,1,1,1,0,1,0
febrl3,0.8,1420,6,1,6,1,0,1,0
febrl3,0.8,510,2,1,2,1,0,1,0
febrl3,0.8,17,1,1,1,1,0,1,0
febrl3,0.8,217,4,1,4,1,0,1,0
febrl3,0.8,670,6,1,6,1,0,1,0
febrl3,0.8,98,1,1,1,1,0,1,0
febrl3,0.8,1591,1,1,1,1,0,1,0
febrl3,0.8,1158,2,1,2,1,0,1,0
febrl3,0.8,1262,2,1,2,1,0,1,0
febrl3,0.8,819,3,1,3,1,0,1,0
febrl3,0.8,685,2,1,2,1,0,1,0
febrl3,0.8,1491,4,1,4,1,0,1,0
febrl3,0.8,47,5,1,5,1,0,1,0
febrl3,0.8,1837,1,1,1,1,0,1,0
febrl3,0.8,14,5,1,5,1,0,1,0
febrl3,0.8,1025,1,1,1,1,0,1,0
febrl3,0.8,763,1,1,1,1,0,1,0
febrl3,0.8,920,2,1,2,1,0,1,0
febrl3,0.8,1915,1,1,1,1,0,1,0
febrl3,0.8,89,1,1,1,1,0,1,0
febrl3,0.8,674,2,1,2,1,0,1,0
febrl3,0.8,50,2,1,2,1,0,1,0
febrl3,0.8,772,5,1,5,1,0,1,0
febrl3,0.8,620,2,1,2,1,0,1,0
febrl3,0.8,209,1,1,1,1,0,1,0
febrl3,0.8,1512,4,2,4,2,0,2,0
febrl3,0.8,243,1,1,1,1,0,1,0
febrl3,0.8,586,1,1,1,1,0,1,0
febrl3,0.8,1354,1,1,1,1,0,1,0
febrl3,0.8,1490,3,1,3,1,0,1,0
febrl3,0.8,1338,2,1,2,1,0,1,0
febrl3,0.8,1607,3,1,3,1,0,1,0
febrl3,0.8,1788,2,1,2,1,0,1,0
febrl3,0.8,170,1,1,1,1,0,1,0
febrl3,0.8,304,5,1,5,1,0,1,0
febrl3,0.8,829,4,2,4,2,0,2,0
febrl3,0.8,1691,1,1,1,1,0,1,0
febrl3,0.8,1205,1,1,1,1,0,1,0
febrl3,0.8,1930,1,1,1,1,0,1,0
febrl3,0.8,1485,1,1,1,1,0,1,0
febrl3,0.8,1202,1,1,1,1,0,1,0
febrl3,0.8,1385,1,1,1,1,0,1,0
febrl3,0.8,201,2,1,2,1,0,1,0
febrl3,0.8,43,1,1,1,1,0,1,0
febrl3,0.8,1912,3,1,3,1,0,1,0
febrl3,0.8,464,1,1,1,1,0,1,0
febrl3,0.8,1966,1,1,1,1,0,1,0
febrl3,0.8,1303,2,1,2,1,0,1,0
febrl3,0.8,1479,3,1,3,1,0,1,0
febrl3,0.8,1911,1,1,1,1,0,1,0
febrl3,0.8,3,3,1,3,1,0,1,0
febrl3,0.8,364,2,1,2,1,0,1,0
febrl3,0.8,1083,4,2,4,2,0,2,0
febrl3,0.8,715,1,1,1,1,0,1,0
febrl3,0.8,1383,4,1,4,1,0,1,0
febrl3,0.8,1414,1,1,1,1,0,1,0
febrl3,0.8,1795,1,1,1,1,0,1,0
febrl3,0.8,318,5,1,5,1,0,1,0
febrl3,0.8,979,1,1,1,1,0,1,0
febrl3,0.8,1867,2,1,2,1,0,1,0
febrl3,0.8,55,5,1,5,1,0,1,0
febrl3,0.8,937,4,1,4,1,0,1,0
febrl3,0.8,1058,3,1,3,1,0,1,0
febrl3,0.8,1419,4,1,4,1,0,1,0
febrl3,0.8,1865,3,1,3,1,0,1,0
febrl3,0.8,766,2,1,2,1,0,1,0
febrl3,0.8,1300,1,1,1,1,0,1,0
febrl3,0.8,355,4,1,4,1,0,1,0
febrl3,0.8,196,1,1,1,1,0,1,0
febrl3,0.8,252,1,1,1,1,0,1,0
febrl3,0.8,155,3,1,3,1,0,1,0
febrl3,0.8,926,1,1,1,1,0,1,0
febrl3,0.8,282,1,1,1,1,0,1,0
febrl3,0.8,1389,3,1,3,1,0,1,0
febrl3,0.8,1265,3,1,3,1,0,1,0
febrl3,0.8,1826,1,1,1,1,0,1,0
febrl3,0.8,1059,1,1,1,1,0,1,0
febrl3,0.8,1664,1,1,1,1,0,1,0
febrl3,0.8,767,4,1,4,1,0,1,0
febrl3,0.8,1905,1,1,1,1,0,1,0
febrl3,0.8,1500,2,1,2,1,0,1,0
febrl3,0.8,1274,1,1,1,1,0,1,0
febrl3,0.8,297,1,1,1,1,0,1,0
febrl3,0.8,1791,6,2,6,2,0,2,0
febrl3,0.8,972,3,1,3,1,0,1,0
febrl3,0.8,869,4,1,4,1,0,1,0
febrl3,0.8,500,5,1,5,1,0,1,0
febrl3,0.8,1709,2,1,2,1,0,1,0
febrl3,0.8,337,3,1,3,1,0,1,0
febrl3,0.8,1757,5,1,5,1,0,1,0
febrl3,0.8,1576,3,1,3,1,0,1,0
febrl3,0.8,606,1,1,1,1,0,1,0
febrl3,0.8,1299,1,1,1,1,0,1,0
febrl3,0.8,997,2,1,2,1,0,1,0
febrl3,0.8,1936,2,1,2,1,0,1,0
febrl3,0.8,1260,4,1,4,1,0,1,0
febrl3,0.8,1033,2,1,2,1,0,1,0
febrl3,0.8,315,3,1,3,1,0,1,0
febrl3,0.8,435,2,2,2,2,0,2,0
febrl3,0.8,1466,1,1,1,1,0,1,0
febrl3,0.8,491,3,1,3,1,0,1,0
febrl3,0.8,855,5,1,5,1,0,1,0
febrl3,0.8,1243,5,1,5,1,0,1,0
febrl3,0.8,795,1,1,1,1,0,1,0
febrl3,0.8,865,2,1,2,1,0,1,0
febrl3,0.8,394,5,1,5,1,0,1,0
febrl3,0.8,933,4,1,4,1,0,1,0
febrl3,0.8,1853,2,1,2,1,0,1,0
febrl3,0.8,973,1,1,1,1,0,1,0
febrl3,0.8,239,3,1,3,1,0,1,0
febrl3,0.8,253,1,1,1,1,0,1,0
febrl3,0.8,251,3,1,3,1,0,1,0
febrl3,0.8,610,1,1,1,1,0,1,0
febrl3,0.8,1541,2,1,2,1,0,1,0
febrl3,0.8,1711,2,1,2,1,0,1,0
febrl3,0.8,1704,4,1,4,1,0,1,0
febrl3,0.8,797,1,1,1,1,0,1,0
febrl3,0.8,248,3,1,3,1,0,1,0
febrl3,0.8,218,1,1,1,1,0,1,0
febrl3,0.8,63,1,1,1,1,0,1,0
febrl3,0.8,1612,1,1,1,1,0,1,0
febrl3,0.8,458,6,1,6,1,0,1,0
febrl3,0.8,1434,1,1,1,1,0,1,0
febrl3,0.8,1882,1,1,1,1,0,1,0
febrl3,0.8,369,1,1,1,1,0,1,0
febrl3,0.8,520,2,1,2,1,0,1,0
febrl3,0.8,1575,2,1,2,1,0,1,0
febrl3,0.8,1924,1,1,1,1,0,1,0
febrl3,0.8,932,2,1,2,1,0,1,0
febrl3,0.8,1116,1,1,1,1,0,1,0
febrl3,0.8,287,3,1,3,1,0,1,0
febrl3,0.8,48,2,1,2,1,0,1,0
febrl3,0.8,1166,1,1,1,1,0,1,0
febrl3,0.8,1259,2,1,2,1,0,1,0
febrl3,0.8,446,1,1,1,1,0,1,0
febrl3,0.8,770,3,2,3,2,0,2,0
febrl3,0.8,1476,1,1,1,1,0,1,0
febrl3,0.8,92,1,1,1,1,0,1,0
febrl3,0.8,1369,1,1,1,1,0,1,0
febrl3,0.8,1587,1,1,1,1,0,1,0
febrl3,0.8,1023,1,1,1,1,0,1,0
febrl3,0.8,411,2,1,2,1,0,1,0
febrl3,0.8,673,3,1,3,1,0,1,0
febrl3,0.8,1652,1,1,1,1,0,1,0
febrl3,0.8,866,2,1,2,1,0,1,0
febrl3,0.8,1447,1,1,1,1,0,1,0
febrl3,0.8,1689,1,1,1,1,0,1,0
febrl3,0.8,1568,2,1,2,1,0,1,0
febrl3,0.8,1802,2,1,2,1,0,1,0
febrl3,0.8,1860,6,1,6,1,0,1,0
febrl3,0.8,402,1,1,1,1,0,1,0
febrl3,0.8,558,1,1,1,1,0,1,0
febrl3,0.8,324,3,1,3,1,0,1,0
febrl3,0.8,1150,2,1,2,1,0,1,0
febrl3,0.8,652,2,1,2,1,0,1,0
febrl3,0.8,1223,2,1,2,1,0,1,0
febrl3,0.8,845,1,1,1,1,0,1,0
febrl3,0.8,1118,1,1,1,1,0,1,0
febrl3,0.8,1777,2,1,3,1,1,2,1
febrl3,0.8,2,1,1,1,1,0,1,0
febrl3,0.8,970,1,1,1,1,0,1,0
febrl3,0.8,359,2,1,2,1,0,1,0
febrl3,0.8,1310,2,1,2,1,0,1,0
febrl3,0.8,1413,1,1,1,1,0,1,0
febrl3,0.8,1769,6,1,6,1,0,1,0
febrl3,0.8,713,2,1,2,1,0,1,0
febrl3,0.8,677,2,1,2,1,0,1,0
febrl3,0.8,1946,1,1,1,1,0,1,0
febrl3,0.8,947,2,1,2,1,0,1,0
febrl3,0.8,512,2,1,2,1,0,1,0
febrl3,0.8,215,1,1,1,1,0,1,0
febrl3,0.8,1312,3,1,3,1,0,1,0
febrl3,0.8,1426,3,2,3,2,0,2,0
febrl3,0.8,863,2,1,2,1,0,1,0
febrl3,0.8,1306,1,1,1,1,0,1,0
febrl3,0.8,509,1,1,1,1,0,1,0
febrl3,0.8,1544,1,1,1,1,0,1,0
febrl3,0.8,982,3,2,3,2,0,2,0
febrl3,0.8,573,2,1,2,1,0,1,0
febrl3,0.8,1408,1,1,1,1,0,1,0
febrl3,0.8,898,3,1,3,1,0,1,0
febrl3,0.8,1066,1,1,1,1,0,1,0
febrl3,0.8,1146,1,1,1,1,0,1,0
febrl3,0.8,1292,1,1,1,1,0,1,0
febrl3,0.8,1071,6,1,6,1,0,1,0
febrl3,0.8,529,2,1,2,1,0,1,0
febrl3,0.8,166,3,1,3,1,0,1,0
febrl3,0.8,27,1,1,1,1,0,1,0
febrl3,0.8,9,1,1,1,1,0,1,0
febrl3,0.8,1710,1,1,1,1,0,1,0
febrl3,0.8,786,2,2,2,2,0,2,0
febrl3,0.8,1462,2,1,2,1,0,1,0
febrl3,0.8,963,1,1,1,1,0,1,0
febrl3,0.8,828,1,1,1,1,0,1,0
febrl3,0.8,1384,1,1,1,1,0,1,0
febrl3,0.8,1433,2,2,2,2,0,2,0
febrl3,0.8,366,1,1,1,1,0,1,0
febrl3,0.8,1603,1,1,1,1,0,1,0
febrl3,0.8,1744,2,1,2,1,0,1,0
febrl3,0.8,269,1,1,1,1,0,1,0
febrl3,0.8,204,1,1,1,1,0,1,0
febrl3,0.8,1043,1,1,1,1,0,1,0
febrl3,0.8,353,3,1,3,1,0,1,0
febrl3,0.8,1316,6,1,6,1,0,1,0
febrl3,0.8,1840,2,1,2,1,0,1,0
febrl3,0.8,983,2,1,2,1,0,1,0
febrl3,0.8,912,2,1,2,1,0,1,0
febrl3,0.8,1578,1,1,1,1,0,1,0
febrl3,0.8,1245,1,1,1,1,0,1,0
febrl3,0.8,124,1,1,1,1,0,1,0
febrl3,0.8,403,2,1,2,1,0,1,0
febrl3,0.8,679,3,2,3,2,0,2,0
febrl3,0.8,1122,1,1,1,1,0,1,0
febrl3,0.8,173,1,1,1,1,0,1,0
febrl3,0.8,1263,1,1,1,1,0,1,0
febrl3,0.8,419,3,1,3,1,0,1,0
febrl3,0.8,343,2,1,2,1,0,1,0
febrl3,0.8,1786,2,1,2,1,0,1,0
febrl3,0.8,681,1,1,1,1,0,1,0
febrl3,0.8,1003,1,1,1,1,0,1,0
febrl3,0.8,1151,5,1,5,1,0,1,0
febrl3,0.8,1527,4,1,4,1,0,1,0
febrl3,0.8,1253,1,1,1,1,0,1,0
febrl3,0.8,328,1,1,1,1,0,1,0
febrl3,0.8,958,1,1,1,1,0,1,0
febrl3,0.8,97,1,1,1,1,0,1,0
febrl3,0.8,1186,2,1,2,1,0,1,0
febrl3,0.8,1780,2,1,2,1,0,1,0
febrl3,0.8,189,1,1,1,1,0,1,0
febrl3,0.8,1868,1,1,1,1,0,1,0
febrl3,0.8,1965,1,1,1,1,0,1,0
febrl3,0.8,1417,6,1,6,1,0,1,0
febrl3,0.8,1067,2,1,2,1,0,1,0
febrl3,0.8,1078,1,1,1,1,0,1,0
febrl3,0.8,1210,4,1,4,1,0,1,0
febrl3,0.8,1045,1,1,1,1,0,1,0
febrl3,0.8,892,2,1,2,1,0,1,0
febrl3,0.8,908,2,1,2,1,0,1,0
febrl3,0.8,525,2,1,2,1,0,1,0
febrl3,0.8,1074,1,1,1,1,0,1,0
febrl3,0.8,1238,1,1,1,1,0,1,0
febrl3,0.8,1593,1,1,1,1,0,1,0
febrl3,0.8,739,2,1,2,1,0,1,0
febrl3,0.8,1012,4,1,4,1,0,1,0
febrl3,0.8,1405,1,1,1,1,0,1,0
febrl3,0.8,1468,1,1,1,1,0,1,0
febrl3,0.8,1176,3,1,3,1,0,1,0
febrl3,0.8,617,1,1,1,1,0,1,0
febrl3,0.8,873,3,1,3,1,0,1,0
febrl3,0.8,1678,2,2,2,2,0,2,0
febrl3,0.8,1188,1,1,1,1,0,1,0
febrl3,0.8,453,2,1,2,1,0,1,0
febrl3,0.8,1597,2,1,2,1,0,1,0
febrl3,0.8,1237,1,1,1,1,0,1,0
febrl3,0.8,1332,3,2,3,2,0,2,0
febrl3,0.8,178,5,1,5,1,0,1,0
febrl3,0.8,574,2,1,2,1,0,1,0
febrl3,0.8,1034,4,1,4,1,0,1,0
febrl3,0.8,19,1,1,1,1,0,1,0
febrl3,0.8,1847,1,1,1,1,0,1,0
febrl3,0.8,523,1,1,1,1,0,1,0
febrl3,0.8,1060,1,1,1,1,0,1,0
febrl3,0.8,588,1,1,1,1,0,1,0
febrl3,0.8,641,5,1,5,1,0,1,0
febrl3,0.8,1893,1,1,1,1,0,1,0
febrl3,0.8,1599,1,1,1,1,0,1,0
febrl3,0.8,1021,2,1,2,1,0,1,0
febrl3,0.8,832,1,1,1,1,0,1,0
febrl3,0.8,1000,3,1,3,1,0,1,0
febrl3,0.8,1858,1,1,1,1,0,1,0
febrl3,0.8,392,2,1,2,1,0,1,0
febrl3,0.8,112,1,1,1,1,0,1,0
febrl3,0.8,951,2,1,2,1,0,1,0
febrl3,0.8,1558,1,1,1,1,0,1,0
febrl3,0.8,1269,1,1,1,1,0,1,0
febrl3,0.8,26,1,1,1,1,0,1,0
febrl3,0.8,164,2,1,2,1,0,1,0
febrl3,0.8,820,1,1,1,1,0,1,0
febrl3,0.8,745,1,1,1,1,0,1,0
febrl3,0.8,1594,2,1,2,1,0,1,0
febrl3,0.8,748,2,1,2,1,0,1,0
febrl3,0.8,1432,1,1,1,1,0,1,0
febrl3,0.8,1172,1,1,1,1,0,1,0
febrl3,0.8,680,1,1,1,1,0,1,0
febrl3,0.8,1872,1,1,1,1,0,1,0
febrl3,0.8,587,1,1,1,1,0,1,0
febrl3,0.8,1201,2,1,2,1,0,1,0
febrl3,0.8,1977,1,1,1,1,0,1,0
febrl3,0.8,1252,3,1,3,1,0,1,0
febrl3,0.8,456,4,1,4,1,0,1,0
febrl3,0.8,1142,1,1,1,1,0,1,0
febrl3,0.8,270,1,1,1,1,0,1,0
febrl3,0.8,1984,1,1,1,1,0,1,0
febrl3,0.8,493,1,1,1,1,0,1,0
febrl3,0.8,221,1,1,1,1,0,1,0
febrl3,0.8,463,1,1,1,1,0,1,0
febrl3,0.8,205,1,1,1,1,0,1,0
febrl3,0.8,1818,1,1,1,1,0,1,0
febrl3,0.8,1900,1,1,1,1,0,1,0
febrl3,0.8,1112,1,1,1,1,0,1,0
febrl3,0.8,1741,1,1,1,1,0,1,0
febrl3,0.8,1805,1,1,1,1,0,1,0
febrl3,0.8,1580,1,1,1,1,0,1,0
febrl3,0.8,1557,1,1,1,1,0,1,0
febrl3,0.8,1315,1,1,1,1,0,1,0
febrl3,0.8,782,3,1,3,1,0,1,0
febrl3,0.8,1628,1,1,1,1,0,1,0
febrl3,0.8,262,5,1,5,1,0,1,0
febrl3,0.8,1472,2,1,2,1,0,1,0
febrl3,0.8,38,3,2,3,2,0,2,0
febrl3,0.8,1682,1,1,1,1,0,1,0
febrl3,0.8,1807,1,1,1,1,0,1,0
febrl3,0.8,976,6,2,6,2,0,2,0
febrl3,0.8,1455,1,1,1,1,0,1,0
febrl3,0.8,1595,1,1,1,1,0,1,0
febrl3,0.8,1248,4,1,4,1,0,1,0
febrl3,0.8,1719,1,1,1,1,0,1,0
febrl3,0.8,1305,3,1,3,1,0,1,0
febrl3,0.8,1891,1,1,1,1,0,1,0
febrl3,0.8,1871,1,1,1,1,0,1,0
febrl3,0.8,969,1,1,1,1,0,1,0
febrl3,0.8,590,2,1,2,1,0,1,0
febrl3,0.8,207,1,1,1,1,0,1,0
febrl3,0.8,1913,1,1,1,1,0,1,0
febrl3,0.8,1102,3,1,3,1,0,1,0
febrl3,0.8,1658,1,1,1,1,0,1,0
febrl3,0.8,986,1,1,1,1,0,1,0
febrl3,0.8,1503,4,1,4,1,0,1,0
febrl3,0.8,616,2,1,2,1,0,1,0
febrl3,0.8,1844,2,1,2,1,0,1,0
febrl3,0.8,1016,1,1,1,1,0,1,0
febrl3,0.8,150,2,1,2,1,0,1,0
febrl3,0.8,560,3,1,3,1,0,1,0
febrl3,0.8,1168,2,1,2,1,0,1,0
febrl3,0.8,789,3,1,3,1,0,1,0
febrl3,0.8,881,3,1,3,1,0,1,0
febrl3,0.8,644,1,1,1,1,0,1,0
febrl3,0.8,1046,1,1,1,1,0,1,0
febrl3,0.8,62,2,1,2,1,0,1,0
febrl3,0.8,1779,6,1,6,1,0,1,0
febrl3,0.8,1495,1,1,1,1,0,1,0
febrl3,0.8,330,5,1,5,1,0,1,0
febrl3,0.8,1184,1,1,1,1,0,1,0
febrl3,0.8,1318,4,1,4,1,0,1,0
febrl3,0.8,1351,1,1,1,1,0,1,0
febrl3,0.8,339,1,1,1,1,0,1,0
febrl3,0.8,101,1,1,1,1,0,1,0
febrl3,0.8,840,1,1,1,1,0,1,0
febrl3,0.8,906,1,1,1,1,0,1,0
febrl3,0.8,858,1,1,1,1,0,1,0
febrl3,0.8,1586,1,1,1,1,0,1,0
febrl3,0.8,1381,3,1,3,1,0,1,0
febrl3,0.8,721,5,2,5,2,0,2,0
febrl3,0.8,953,1,1,1,1,0,1,0
febrl3,0.8,727,1,1,1,1,0,1,0
febrl3,0.8,1429,1,1,1,1,0,1,0
febrl3,0.8,1250,3,1,3,1,0,1,0
febrl3,0.8,1530,1,1,1,1,0,1,0
febrl3,0.8,465,1,1,1,1,0,1,0
febrl3,0.8,1330,1,1,1,1,0,1,0
febrl3,0.8,513,1,1,1,1,0,1,0
febrl3,0.8,625,1,1,1,1,0,1,0
febrl3,0.8,1311,1,1,1,1,0,1,0
febrl3,0.8,800,2,1,2,1,0,1,0
febrl3,0.8,1796,2,1,2,1,0,1,0
febrl3,0.8,222,1,1,1,1,0,1,0
febrl3,0.8,409,1,1,1,1,0,1,0
febrl3,0.8,317,1,1,1,1,0,1,0
febrl3,0.8,72,1,1,1,1,0,1,0
febrl3,0.8,940,1,1,1,1,0,1,0
febrl3,0.8,722,1,1,1,1,0,1,0
febrl3,0.8,1108,2,1,2,1,0,1,0
febrl3,0.8,886,3,2,3,2,0,2,0
febrl3,0.8,20,1,1,1,1,0,1,0
febrl3,0.8,1724,1,1,1,1,0,1,0
febrl3,0.8,471,1,1,1,1,0,1,0
febrl3,0.8,1909,1,1,1,1,0,1,0
febrl3,0.8,1189,1,1,1,1,0,1,0
febrl3,0.8,864,1,1,1,1,0,1,0
febrl3,0.8,1962,1,1,1,1,0,1,0
febrl3,0.8,360,1,1,1,1,0,1,0
febrl3,0.8,1974,2,1,2,1,0,1,0
febrl3,0.8,1932,1,1,1,1,0,1,0
febrl3,0.8,350,1,1,1,1,0,1,0
febrl3,0.8,404,1,1,1,1,0,1,0
febrl3,0.8,1163,2,1,2,1,0,1,0
febrl3,0.8,1619,1,1,1,1,0,1,0
febrl3,0.8,1051,2,1,2,1,0,1,0
febrl3,0.8,30,1,1,1,1,0,1,0
febrl3,0.8,363,1,1,1,1,0,1,0
febrl3,0.8,225,1,1,1,1,0,1,0
febrl3,0.8,1533,1,1,1,1,0,1,0
febrl3,0.8,1377,3,1,3,1,0,1,0
febrl3,0.8,185,1,1,1,1,0,1,0
febrl3,0.8,53,1,1,1,1,0,1,0
febrl3,0.8,692,1,1,1,1,0,1,0
febrl3,0.8,822,2,2,2,2,0,2,0
febrl3,0.8,22,2,2,2,2,0,2,0
febrl3,0.8,664,3,1,3,1,0,1,0
febrl3,0.8,349,2,1,2,1,0,1,0
febrl3,0.8,135,3,1,3,1,0,1,0
febrl3,0.8,1836,1,1,1,1,0,1,0
febrl3,0.8,714,1,1,1,1,0,1,0
febrl3,0.8,386,1,1,1,1,0,1,0
febrl3,0.8,1474,1,1,1,1,0,1,0
febrl3,0.8,466,1,1,1,1,0,1,0
febrl3,0.8,1573,2,1,2,1,0,1,0
febrl3,0.8,842,1,1,1,1,0,1,0
febrl3,0.8,451,1,1,1,1,0,1,0
febrl3,0.8,927,1,1,1,1,0,1,0
febrl3,0.8,1199,1,1,1,1,0,1,0
febrl3,0.8,781,2,1,2,1,0,1,0
febrl3,0.8,448,1,1,1,1,0,1,0
febrl3,0.8,1030,1,1,1,1,0,1,0
febrl3,0.8,1409,1,1,1,1,0,1,0
febrl3,0.8,1101,1,1,1,1,0,1,0
febrl3,0.8,950,1,1,1,1,0,1,0
febrl3,0.8,476,4,1,4,1,0,1,0
febrl3,0.8,1239,1,1,1,1,0,1,0
febrl3,0.8,736,1,1,1,1,0,1,0
febrl3,0.8,1088,1,1,1,1,0,1,0
febrl3,0.8,376,1,1,3,1,1,2,2
febrl3,0.8,387,2,1,2,1,0,1,0
febrl3,0.8,1574,3,1,3,1,0,1,0
febrl3,0.8,1119,2,1,2,1,0,1,0
febrl3,0.8,1167,1,1,1,1,0,1,0
febrl3,0.8,34,1,1,1,1,0,1,0
febrl3,0.8,379,1,1,2,1,1,2,1
febrl3,0.8,0,1,1,1,1,0,1,0
febrl3,0.8,1640,2,1,2,1,0,1,0
febrl3,0.8,325,1,1,1,1,0,1,0
febrl3,0.8,1519,1,1,1,1,0,1,0
febrl3,0.8,1663,1,1,1,1,0,1,0
febrl3,0.8,174,2,1,2,1,0,1,0
febrl3,0.8,1551,1,1,1,1,0,1,0
febrl3,0.8,1582,1,1,1,1,0,1,0
febrl3,0.8,1922,3,1,3,1,0,1,0
febrl3,0.8,206,1,1,1,1,0,1,0
febrl3,0.8,1859,1,1,1,1,0,1,0
febrl3,0.8,1964,1,1,1,1,0,1,0
febrl3,0.8,792,1,1,1,1,0,1,0
febrl3,0.8,1698,1,1,1,1,0,1,0
febrl3,0.8,60,1,1,1,1,0,1,0
febrl3,0.8,1098,1,1,1,1,0,1,0
febrl3,0.8,154,1,1,1,1,0,1,0
febrl3,0.8,119,2,1,2,1,0,1,0
febrl3,0.8,1902,3,1,3,1,0,1,0
febrl3,0.8,340,1,1,1,1,0,1,0
febrl3,0.8,1702,1,1,1,1,0,1,0
febrl3,0.8,1605,3,2,3,2,0,2,0
febrl3,0.8,1206,1,1,1,1,0,1,0
febrl3,0.8,1633,1,1,1,1,0,1,0
febrl3,0.8,16,2,1,2,1,0,1,0
febrl3,0.8,383,1,1,1,1,0,1,0
febrl3,0.8,1096,1,1,1,1,0,1,0
febrl3,0.8,95,2,1,2,1,0,1,0
febrl3,0.8,117,3,1,3,1,0,1,0
febrl3,0.8,1869,1,1,1,1,0,1,0
febrl3,0.8,229,1,1,1,1,0,1,0
febrl3,0.8,1325,1,1,1,1,0,1,0
febrl3,0.8,1572,1,1,1,1,0,1,0
febrl3,0.8,925,1,1,1,1,0,1,0
febrl3,0.8,1235,1,1,1,1,0,1,0
febrl3,0.8,1625,4,2,4,2,0,2,0
febrl3,0.8,1110,1,1,1,1,0,1,0
febrl3,0.8,333,1,1,1,1,0,1,0
febrl3,0.8,1181,1,1,1,1,0,1,0
febrl3,0.8,1705,1,1,1,1,0,1,0
febrl3,0.8,1839,1,1,1,1,0,1,0
febrl3,0.8,1055,1,1,1,1,0,1,0
febrl3,0.8,1906,2,1,2,1,0,1,0
febrl3,0.8,778,1,1,1,1,0,1,0
febrl3,0.8,1854,1,1,1,1,0,1,0
febrl3,0.8,621,2,1,2,1,0,1,0
febrl3,0.8,843,1,1,1,1,0,1,0
febrl3,0.8,1378,2,2,2,2,0,2,0
febrl3,0.8,1431,1,1,1,1,0,1,0
febrl3,0.8,1508,1,1,1,1,0,1,0
febrl3,0.8,301,1,1,1,1,0,1,0
febrl3,0.8,975,1,1,1,1,0,1,0
febrl3,0.8,468,1,1,1,1,0,1,0
febrl3,0.8,811,1,1,1,1,0,1,0
febrl3,0.8,758,1,1,1,1,0,1,0
febrl3,0.8,389,1,1,1,1,0,1,0
febrl3,0.8,1090,1,1,1,1,0,1,0
febrl3,0.8,1875,1,1,1,1,0,1,0
febrl3,0.8,1563,1,1,1,1,0,1,0
febrl3,0.8,1120,1,1,1,1,0,1,0
febrl3,0.8,1386,1,1,1,1,0,1,0
febrl3,0.8,1344,3,1,3,1,0,1,0
febrl3,0.8,1608,2,1,2,1,0,1,0
febrl3,0.8,1636,2,1,2,1,0,1,0
febrl3,0.8,357,2,1,2,1,0,1,0
febrl3,0.8,1754,1,1,1,1,0,1,0
febrl3,0.8,741,1,1,1,1,0,1,0
febrl3,0.8,1187,1,1,1,1,0,1,0
febrl3,0.8,669,4,1,4,1,0,1,0
febrl3,0.8,1997,1,1,1,1,0,1,0
febrl3,0.8,728,1,1,1,1,0,1,0
febrl3,0.8,956,1,1,1,1,0,1,0
febrl3,0.8,1293,3,1,3,1,0,1,0
febrl3,0.8,183,1,1,1,1,0,1,0
febrl3,0.8,1208,1,1,1,1,0,1,0
febrl3,0.8,1404,2,1,2,1,0,1,0
febrl3,0.8,1309,1,1,1,1,0,1,0
febrl3,0.8,1139,1,1,1,1,0,1,0
febrl3,0.8,1934,2,1,2,1,0,1,0
febrl3,0.8,110,1,1,1,1,0,1,0
febrl3,0.8,1356,1,1,1,1,0,1,0
febrl3,0.8,754,1,1,1,1,0,1,0
febrl3,0.8,1982,2,1,2,1,0,1,0
febrl3,0.8,1841,1,1,1,1,0,1,0
febrl3,0.8,1787,1,1,1,1,0,1,0
febrl3,0.8,1874,1,1,1,1,0,1,0
febrl3,0.8,405,1,1,1,1,0,1,0
febrl3,0.8,902,2,1,2,1,0,1,0
febrl3,0.8,417,1,1,1,1,0,1,0
febrl3,0.8,69,2,1,2,1,0,1,0
febrl3,0.8,1507,1,1,1,1,0,1,0
febrl3,0.8,1192,1,1,1,1,0,1,0
febrl3,0.8,1734,1,1,1,1,0,1,0
febrl3,0.8,1601,2,1,2,1,0,1,0
febrl3,0.8,1064,1,1,1,1,0,1,0
febrl3,0.8,1267,1,1,1,1,0,1,0
febrl3,0.8,1284,1,1,1,1,0,1,0
febrl3,0.8,1774,1,1,1,1,0,1,0
febrl3,0.8,1321,2,1,2,1,0,1,0
febrl3,0.8,1675,1,1,1,1,0,1,0
febrl3,0.8,1656,2,1,2,1,0,1,0
febrl3,0.8,1240,2,1,2,1,0,1,0
febrl3,0.8,814,1,1,1,1,0,1,0
febrl3,0.8,420,1,1,1,1,0,1,0
febrl3,0.8,422,1,1,1,1,0,1,0
febrl3,0.8,1010,1,1,1,1,0,1,0
febrl3,0.8,1884,1,1,1,1,0,1,0
febrl3,0.8,884,1,1,1,1,0,1,0
febrl3,0.8,1104,3,1,3,1,0,1,0
febrl3,0.8,1759,1,1,1,1,0,1,0
febrl3,0.8,726,1,1,1,1,0,1,0
febrl3,0.8,1005,1,1,1,1,0,1,0
febrl3,0.8,1556,1,1,1,1,0,1,0
febrl3,0.8,563,1,1,1,1,0,1,0
febrl3,0.8,746,2,2,2,2,0,2,0
febrl3,0.8,134,1,1,1,1,0,1,0
febrl3,0.8,399,2,1,2,1,0,1,0
febrl3,0.8,622,1,1,1,1,0,1,0
febrl3,0.8,220,1,1,1,1,0,1,0
febrl3,0.8,113,1,1,1,1,0,1,0
febrl3,0.8,1923,2,1,2,1,0,1,0
febrl3,0.8,1798,1,1,1,1,0,1,0
febrl3,0.8,1843,1,1,1,1,0,1,0
febrl3,0.8,1038,1,1,1,1,0,1,0
febrl3,0.8,1261,4,2,4,2,0,2,0
febrl3,0.8,65,1,1,1,1,0,1,0
febrl3,0.8,1624,4,1,4,1,0,1,0
febrl3,0.8,51,1,1,1,1,0,1,0
febrl3,0.8,1535,1,1,1,1,0,1,0
febrl3,0.8,1019,1,1,1,1,0,1,0
febrl3,0.8,556,1,1,1,1,0,1,0
febrl3,0.8,492,1,1,1,1,0,1,0
febrl3,0.8,1358,1,1,1,1,0,1,0
febrl3,0.8,240,1,1,1,1,0,1,0
febrl3,0.8,998,1,1,1,1,0,1,0
febrl3,0.8,1819,1,1,1,1,0,1,0
febrl3,0.8,40,1,1,1,1,0,1,0
febrl3,0.8,1449,1,1,1,1,0,1,0
febrl3,0.8,1328,1,1,1,1,0,1,0
febrl3,0.8,1422,2,1,2,1,0,1,0
febrl3,0.8,815,1,1,1,1,0,1,0
febrl3,0.8,831,1,1,1,1,0,1,0
febrl3,0.8,1095,2,1,2,1,0,1,0
febrl3,0.8,68,4,1,4,1,0,1,0
febrl3,0.8,608,1,1,1,1,0,1,0
febrl3,0.8,903,2,1,2,1,0,1,0
febrl3,0.8,1516,1,1,1,1,0,1,0
febrl3,0.8,1396,1,1,1,1,0,1,0
febrl3,0.8,613,2,1,2,1,0,1,0
febrl3,0.8,1339,1,1,1,1,0,1,0
febrl3,0.8,1896,1,1,1,1,0,1,0
febrl3,0.8,1713,1,1,1,1,0,1,0
febrl3,0.8,791,2,1,2,1,0,1,0
febrl3,0.8,1349,1,1,1,1,0,1,0
febrl3,0.8,235,2,1,2,1,0,1,0
febrl3,0.8,1524,1,1,1,1,0,1,0
febrl3,0.8,1885,1,1,1,1,0,1,0
febrl3,0.8,626,3,1,3,1,0,1,0
febrl3,0.8,984,1,1,1,1,0,1,0
febrl3,0.8,1955,1,1,1,1,0,1,0
febrl3,0.8,695,2,1,2,1,0,1,0
febrl3,0.8,1935,1,1,1,1,0,1,0
febrl3,0.8,1291,2,1,2,1,0,1,0
febrl3,0.8,1137,1,1,1,1,0,1,0
febrl3,0.8,425,1,1,1,1,0,1,0
febrl3,0.8,94,2,1,2,1,0,1,0
febrl3,0.8,273,1,1,1,1,0,1,0
febrl3,0.8,181,1,1,1,1,0,1,0
febrl3,0.8,1998,1,1,1,1,0,1,0
febrl3,0.8,663,1,1,1,1,0,1,0
febrl3,0.8,1933,1,1,1,1,0,1,0
febrl3,0.8,1898,1,1,1,1,0,1,0
febrl3,0.8,1887,1,1,1,1,0,1,0
febrl3,0.8,1542,1,1,1,1,0,1,0
febrl3,0.8,45,1,1,1,1,0,1,0
febrl3,0.8,1326,1,1,1,1,0,1,0
febrl3,0.8,565,1,1,1,1,0,1,0
febrl3,0.8,1149,1,1,1,1,0,1,0
febrl3,0.8,1380,1,1,1,1,0,1,0
febrl3,0.8,1653,1,1,1,1,0,1,0
febrl3,0.8,377,1,1,1,1,0,1,0
febrl3,0.8,1856,1,1,1,1,0,1,0
febrl3,0.8,518,1,1,1,1,0,1,0
febrl3,0.8,1631,1,1,1,1,0,1,0
febrl3,0.8,271,1,1,1,1,0,1,0
febrl3,0.8,1638,1,1,1,1,0,1,0
febrl3,0.8,132,1,1,1,1,0,1,0
febrl3,0.8,1659,1,1,1,1,0,1,0
febrl3,0.8,1395,1,1,1,1,0,1,0
febrl3,0.8,226,1,1,1,1,0,1,0
febrl3,0.8,768,1,1,1,1,0,1,0
febrl3,0.8,1020,1,1,1,1,0,1,0
febrl3,0.8,1327,2,1,2,1,0,1,0
febrl3,0.8,1106,1,1,1,1,0,1,0
febrl3,0.8,1738,1,1,1,1,0,1,0
febrl3,0.8,1592,1,1,1,1,0,1,0
febrl3,0.8,1634,1,1,1,1,0,1,0
febrl3,0.8,1529,2,1,2,1,0,1,0
febrl3,0.8,580,1,1,1,1,0,1,0
febrl3,0.8,1846,2,1,2,1,0,1,0
febrl3,0.8,1866,1,1,1,1,0,1,0
febrl3,0.8,163,2,1,2,1,0,1,0
febrl3,0.8,1733,1,1,1,1,0,1,0
febrl3,0.8,488,1,1,1,1,0,1,0
febrl3,0.8,1613,1,1,1,1,0,1,0
febrl3,0.8,989,1,1,1,1,0,1,0
febrl3,0.8,730,1,1,1,1,0,1,0
febrl3,0.8,1480,1,1,1,1,0,1,0
febrl3,0.8,407,1,1,1,1,0,1,0
febrl3,0.8,1849,1,1,1,1,0,1,0
febrl3,0.8,806,1,1,1,1,0,1,0
febrl3,0.8,589,1,1,1,1,0,1,0
febrl3,0.8,994,1,1,1,1,0,1,0
febrl3,0.8,162,1,1,1,1,0,1,0
febrl3,0.8,740,1,1,6,1,1,2,5
febrl3,0.8,424,1,1,1,1,0,1,0
febrl3,0.8,1676,1,1,1,1,0,1,0
febrl3,0.8,1170,1,1,1,1,0,1,0
febrl3,0.8,1627,1,1,1,1,0,1,0
febrl3,0.8,654,1,1,1,1,0,1,0
febrl3,0.8,431,1,1,1,1,0,1,0
febrl3,0.8,1169,1,1,1,1,0,1,0
febrl3,0.8,227,1,1,1,1,0,1,0
febrl3,0.8,441,1,1,1,1,0,1,0
febrl3,0.8,469,1,1,1,1,0,1,0
febrl3,0.8,1700,1,1,1,1,0,1,0
febrl3,0.8,172,1,1,1,1,0,1,0
febrl3,0.8,1927,1,1,1,1,0,1,0
febrl3,0.8,298,1,1,1,1,0,1,0
febrl3,0.8,149,1,1,1,1,0,1,0
febrl3,0.8,335,1,1,1,1,0,1,0
febrl3,0.8,966,1,1,1,1,0,1,0
febrl3,0.8,783,1,1,1,1,0,1,0
febrl3,0.8,578,1,1,1,1,0,1,0
febrl3,0.8,487,1,1,1,1,0,1,0
febrl3,0.8,1650,1,1,1,1,0,1,0
febrl3,0.8,1209,1,1,1,1,0,1,0
febrl3,0.8,496,1,1,1,1,0,1,0
febrl3,0.8,535,1,1,1,1,0,1,0
febrl3,0.8,1197,1,1,1,1,0,1,0
febrl3,0.8,1666,1,1,1,1,0,1,0
febrl3,0.8,308,1,1,1,1,0,1,0
febrl3,0.8,1732,1,1,1,1,0,1,0
febrl3,0.8,322,1,1,1,1,0,1,0
febrl3,0.8,191,1,1,1,1,0,1,0
febrl3,0.8,168,1,1,1,1,0,1,0
febrl3,0.8,1735,1,1,1,1,0,1,0
febrl3,0.8,1282,2,2,2,2,0,2,0
febrl3,0.8,798,1,1,1,1,0,1,0
febrl3,0.8,345,1,1,1,1,0,1,0
febrl3,0.8,1317,1,1,1,1,0,1,0
febrl3,0.8,742,1,1,1,1,0,1,0
febrl3,0.8,690,1,1,1,1,0,1,0
febrl3,0.8,213,1,1,1,1,0,1,0
febrl3,0.8,484,1,1,1,1,0,1,0
febrl3,0.8,1400,1,1,1,1,0,1,0
febrl3,0.8,136,1,1,1,1,0,1,0
febrl3,0.8,1441,1,1,1,1,0,1,0
febrl3,0.8,1194,1,1,1,1,0,1,0
febrl3,0.8,1952,1,1,1,1,0,1,0
febrl3,0.8,1008,1,1,1,1,0,1,0
febrl3,0.8,889,1,1,1,1,0,1,0
febrl3,0.8,1391,1,1,1,1,0,1,0
febrl3,0.8,93,1,1,1,1,0,1,0
febrl3,0.8,1792,1,1,1,1,0,1,0
febrl3,0.8,506,1,1,1,1,0,1,0
febrl3,0.8,949,1,1,1,1,0,1,0
febrl3,0.8,1701,1,1,1,1,0,1,0
febrl3,0.8,311,1,1,1,1,0,1,0
febrl3,0.8,689,1,1,1,1,0,1,0
febrl3,0.8,521,2,1,2,1,0,1,0
febrl3,0.8,429,1,1,1,1,0,1,0
febrl3,0.8,122,1,1,1,1,0,1,0
febrl3,0.8,504,1,1,1,1,0,1,0
febrl3,0.8,1751,1,1,1,1,0,1,0
febrl3,0.8,88,1,1,1,1,0,1,0
febrl3,0.8,756,1,1,1,1,0,1,0
febrl3,0.8,1552,1,1,1,1,0,1,0
febrl3,0.8,939,2,1,2,1,0,1,0
febrl3,0.8,490,1,1,1,1,0,1,0
febrl3,0.8,787,1,1,1,1,0,1,0
febrl3,0.8,1748,1,1,1,1,0,1,0
febrl3,0.8,1687,1,1,1,1,0,1,0
febrl3,0.8,1679,1,1,1,1,0,1,0
febrl3,0.8,1956,2,1,2,1,0,1,0
febrl3,0.8,1372,1,1,1,1,0,1,0
febrl3,0.8,214,2,1,2,1,0,1,0
febrl3,0.8,1752,1,1,1,1,0,1,0
febrl3,0.8,999,1,1,1,1,0,1,0
febrl3,0.8,1861,1,1,1,1,0,1,0
febrl3,0.8,776,1,1,1,1,0,1,0
febrl3,0.8,18,1,1,1,1,0,1,0
febrl3,0.8,1649,1,1,1,1,0,1,0
febrl3,0.8,1171,1,1,1,1,0,1,0
febrl3,0.8,648,1,1,1,1,0,1,0
febrl3,0.8,852,1,1,1,1,0,1,0
febrl3,0.8,1677,1,1,1,1,0,1,0
febrl3,0.8,36,1,1,1,1,0,1,0
febrl3,0.8,1049,1,1,1,1,0,1,0
febrl3,0.8,241,1,1,1,1,0,1,0
febrl3,0.8,1198,1,1,1,1,0,1,0
febrl3,0.8,813,1,1,1,1,0,1,0
febrl3,0.8,1888,1,1,1,1,0,1,0
febrl3,0.8,1283,1,1,1,1,0,1,0
febrl3,0.8,630,1,1,1,1,0,1,0
febrl3,0.8,1435,2,1,2,1,0,1,0
febrl3,0.8,851,1,1,1,1,0,1,0
febrl3,0.8,938,1,1,1,1,0,1,0
febrl3,0.8,1461,1,1,1,1,0,1,0
febrl3,0.8,1195,1,1,1,1,0,1,0
febrl3,0.8,536,1,1,1,1,0,1,0
febrl3,0.8,1833,1,1,1,1,0,1,0
febrl3,0.8,1661,1,1,1,1,0,1,0
febrl3,0.8,1458,1,1,1,1,0,1,0
febrl3,0.8,265,1,1,1,1,0,1,0
febrl3,0.8,870,1,1,1,1,0,1,0
febrl3,0.8,1477,1,1,1,1,0,1,0
febrl3,0.8,502,1,1,1,1,0,1,0
febrl3,0.84,1496,1,1,1,1,0,1,0
febrl3,0.84,552,5,1,5,1,0,1,0
febrl3,0.84,988,3,1,3,1,0,1,0
febrl3,0.84,1716,4,1,4,1,0,1,0
febrl3,0.84,1213,1,1,1,1,0,1,0
febrl3,0.84,193,1,1,1,1,0,1,0
febrl3,0.84,264,3,1,3,1,0,1,0
febrl3,0.84,1695,5,2,5,2,0,2,0
febrl3,0.84,875,2,1,2,1,0,1,0
febrl3,0.84,1778,3,1,3,1,0,1,0
febrl3,0.84,1696,3,1,3,1,0,1,0
febrl3,0.84,382,3,1,3,1,0,1,0
febrl3,0.84,442,2,1,2,1,0,1,0
febrl3,0.84,1671,5,1,5,1,0,1,0
febrl3,0.84,1816,3,1,3,1,0,1,0
febrl3,0.84,459,6,1,6,1,0,1,0
febrl3,0.84,1881,3,1,3,1,0,1,0
febrl3,0.84,729,2,1,2,1,0,1,0
febrl3,0.84,575,5,1,5,1,0,1,0
febrl3,0.84,1688,1,1,1,1,0,1,0
febrl3,0.84,292,2,1,2,1,0,1,0
febrl3,0.84,834,3,1,3,1,0,1,0
febrl3,0.84,1943,2,1,2,1,0,1,0
febrl3,0.84,1611,4,1,4,1,0,1,0
febrl3,0.84,1706,4,2,4,2,0,2,0
febrl3,0.84,462,1,1,1,1,0,1,0
febrl3,0.84,1626,1,1,1,1,0,1,0
febrl3,0.84,408,4,2,4,2,0,2,0
febrl3,0.84,1224,2,1,2,1,0,1,0
febrl3,0.84,1561,6,1,6,1,0,1,0
febrl3,0.84,1723,4,1,4,1,0,1,0
febrl3,0.84,182,1,1,1,1,0,1,0
febrl3,0.84,1781,2,1,2,1,0,1,0
febrl3,0.84,1614,2,1,2,1,0,1,0
febrl3,0.84,885,6,1,6,1,0,1,0
febrl3,0.84,1690,4,1,4,1,0,1,0
febrl3,0.84,1217,5,1,5,1,0,1,0
febrl3,0.84,1830,4,1,4,1,0,1,0
febrl3,0.84,208,2,2,2,2,0,2,0
febrl3,0.84,32,2,1,2,1,0,1,0
febrl3,0.84,799,5,1,5,1,0,1,0
febrl3,0.84,856,2,1,2,1,0,1,0
febrl3,0.84,1128,6,2,6,2,0,2,0
febrl3,0.84,365,3,1,3,1,0,1,0
febrl3,0.84,642,6,1,6,1,0,1,0
febrl3,0.84,854,2,1,2,1,0,1,0
febrl3,0.84,421,6,1,6,1,0,1,0
febrl3,0.84,1560,6,1,6,1,0,1,0
febrl3,0.84,1929,3,1,3,1,0,1,0
febrl3,0.84,1992,3,1,3,1,0,1,0
febrl3,0.84,1693,3,1,3,1,0,1,0
febrl3,0.84,665,2,1,2,1,0,1,0
febrl3,0.84,501,1,1,1,1,0,1,0
febrl3,0.84,1057,4,1,4,1,0,1,0
febrl3,0.84,561,4,1,4,1,0,1,0
febrl3,0.84,540,6,1,6,1,0,1,0
febrl3,0.84,636,6,1,6,1,0,1,0
febrl3,0.84,918,5,1,5,1,0,1,0
febrl3,0.84,929,3,1,3,1,0,1,0
febrl3,0.84,1489,4,2,4,2,0,2,0
febrl3,0.84,427,6,1,6,1,0,1,0
febrl3,0.84,15,1,1,1,1,0,1,0
febrl3,0.84,316,6,3,6,3,0,3,0
febrl3,0.84,1498,6,2,6,2,0,2,0
febrl3,0.84,910,3,1,3,1,0,1,0
febrl3,0.84,1355,2,1,2,1,0,1,0
febrl3,0.84,1648,5,2,5,2,0,2,0
febrl3,0.84,658,4,1,4,1,0,1,0
febrl3,0.84,1190,3,1,3,1,0,1,0
febrl3,0.84,1876,2,1,2,1,0,1,0
febrl3,0.84,305,3,1,3,1,0,1,0
febrl3,0.84,152,4,1,4,1,0,1,0
febrl3,0.84,1829,3,1,3,1,0,1,0
febrl3,0.84,805,5,1,5,1,0,1,0
febrl3,0.84,480,3,1,3,1,0,1,0
febrl3,0.84,1200,6,1,6,1,0,1,0
febrl3,0.84,717,1,1,1,1,0,1,0
febrl3,0.84,618,5,1,5,1,0,1,0
febrl3,0.84,1509,2,1,2,1,0,1,0
febrl3,0.84,1368,2,1,2,1,0,1,0
febrl3,0.84,879,6,2,6,2,0,2,0
febrl3,0.84,1668,5,2,5,2,0,2,0
febrl3,0.84,794,2,1,2,1,0,1,0
febrl3,0.84,1917,6,1,6,1,0,1,0
febrl3,0.84,1081,3,1,3,1,0,1,0
febrl3,0.84,568,3,1,3,1,0,1,0
febrl3,0.84,1333,1,1,1,1,0,1,0
febrl3,0.84,368,2,1,2,1,0,1,0
febrl3,0.84,666,6,2,6,2,0,2,0
febrl3,0.84,1991,6,1,6,1,0,1,0
febrl3,0.84,1878,1,1,1,1,0,1,0
febrl3,0.84,528,6,2,6,2,0,2,0
febrl3,0.84,1180,2,2,2,2,0,2,0
febrl3,0.84,1794,1,1,1,1,0,1,0
febrl3,0.84,1130,3,1,3,1,0,1,0
febrl3,0.84,569,5,1,5,1,0,1,0
febrl3,0.84,860,2,1,2,1,0,1,0
febrl3,0.84,1667,3,1,3,1,0,1,0
febrl3,0.84,1337,5,1,5,1,0,1,0
febrl3,0.84,1901,4,1,4,1,0,1,0
febrl3,0.84,125,5,1,5,1,0,1,0
febrl3,0.84,78,2,1,2,1,0,1,0
febrl3,0.84,1685,1,1,1,1,0,1,0
febrl3,0.84,1953,6,2,6,2,0,2,0
febrl3,0.84,115,1,1,1,1,0,1,0
febrl3,0.84,1068,1,1,1,1,0,1,0
febrl3,0.84,1981,4,1,4,1,0,1,0
febrl3,0.84,479,4,1,4,1,0,1,0
febrl3,0.84,224,1,1,1,1,0,1,0
febrl3,0.84,755,4,2,4,2,0,2,0
febrl3,0.84,1511,3,1,3,1,0,1,0
febrl3,0.84,1387,2,1,2,1,0,1,0
febrl3,0.84,1093,1,1,1,1,0,1,0
febrl3,0.84,1518,1,1,1,1,0,1,0
febrl3,0.84,1014,4,1,4,1,0,1,0
febrl3,0.84,824,5,1,5,1,0,1,0
febrl3,0.84,718,1,1,1,1,0,1,0
febrl3,0.84,285,1,1,1,1,0,1,0
febrl3,0.84,1857,6,1,6,1,0,1,0
febrl3,0.84,1590,2,1,2,1,0,1,0
febrl3,0.84,1996,6,1,6,1,0,1,0
febrl3,0.84,1540,5,1,5,1,0,1,0
febrl3,0.84,935,6,2,6,2,0,2,0
febrl3,0.84,1183,2,1,2,1,0,1,0
febrl3,0.84,1062,5,2,5,2,0,2,0
febrl3,0.84,256,6,1,6,1,0,1,0
febrl3,0.84,1140,1,1,1,1,0,1,0
febrl3,0.84,1895,5,1,5,1,0,1,0
febrl3,0.84,401,6,2,6,2,0,2,0
febrl3,0.84,571,3,2,3,2,0,2,0
febrl3,0.84,133,6,1,6,1,0,1,0
febrl3,0.84,1534,6,2,6,2,0,2,0
febrl3,0.84,1566,5,1,5,1,0,1,0
febrl3,0.84,165,3,1,3,1,0,1,0
febrl3,0.84,1617,1,1,1,1,0,1,0
febrl3,0.84,203,1,1,1,1,0,1,0
febrl3,0.84,961,1,1,1,1,0,1,0
febrl3,0.84,1610,5,2,5,2,0,2,0
febrl3,0.84,1487,1,1,1,1,0,1,0
febrl3,0.84,1446,2,1,2,1,0,1,0
febrl3,0.84,118,3,1,3,1,0,1,0
febrl3,0.84,486,2,1,2,1,0,1,0
febrl3,0.84,1388,3,1,3,1,0,1,0
febrl3,0.84,703,4,1,4,1,0,1,0
febrl3,0.84,732,5,2,5,2,0,2,0
febrl3,0.84,286,6,1,6,1,0,1,0
febrl3,0.84,1031,1,1,1,1,0,1,0
febrl3,0.84,13,2,1,2,1,0,1,0
febrl3,0.84,299,4,1,4,1,0,1,0
febrl3,0.84,1442,3,1,3,1,0,1,0
febrl3,0.84,779,5,1,5,1,0,1,0
febrl3,0.84,375,5,2,5,2,0,2,0
febrl3,0.84,1883,6,1,6,1,0,1,0
febrl3,0.84,1729,1,1,1,1,0,1,0
febrl3,0.84,438,3,1,3,1,0,1,0
febrl3,0.84,1232,6,1,6,1,0,1,0
febrl3,0.84,245,4,1,4,1,0,1,0
febrl3,0.84,1228,6,1,6,1,0,1,0
febrl3,0.84,1347,1,1,1,1,0,1,0
febrl3,0.84,1945,4,1,4,1,0,1,0
febrl3,0.84,1454,2,1,2,1,0,1,0
febrl3,0.84,306,3,1,3,1,0,1,0
febrl3,0.84,1185,2,1,2,1,0,1,0
febrl3,0.84,1346,1,1,1,1,0,1,0
febrl3,0.84,907,3,1,3,1,0,1,0
febrl3,0.84,443,5,1,5,1,0,1,0
febrl3,0.84,361,4,1,4,1,0,1,0
febrl3,0.84,891,2,1,2,1,0,1,0
febrl3,0.84,1177,1,1,1,1,0,1,0
febrl3,0.84,818,2,1,2,1,0,1,0
febrl3,0.84,1845,1,1,1,1,0,1,0
febrl3,0.84,1334,4,1,4,1,0,1,0
febrl3,0.84,1113,4,1,4,1,0,1,0
febrl3,0.84,332,6,1,6,1,0,1,0
febrl3,0.84,1815,5,2,5,2,0,2,0
febrl3,0.84,144,1,1,1,1,0,1,0
febrl3,0.84,1903,3,1,3,1,0,1,0
febrl3,0.84,853,3,1,3,1,0,1,0
febrl3,0.84,1035,5,1,5,1,0,1,0
febrl3,0.84,960,5,2,5,2,0,2,0
febrl3,0.84,1124,6,1,6,1,0,1,0
febrl3,0.84,517,6,1,6,1,0,1,0
febrl3,0.84,1746,2,1,2,1,0,1,0
febrl3,0.84,283,4,1,4,1,0,1,0
febrl3,0.84,439,4,2,4,2,0,2,0
febrl3,0.84,1967,6,1,6,1,0,1,0
febrl3,0.84,71,6,1,6,1,0,1,0
febrl3,0.84,1925,5,1,5,1,0,1,0
febrl3,0.84,1109,6,2,6,2,0,2,0
febrl3,0.84,1644,4,1,4,1,0,1,0
febrl3,0.84,1157,3,1,3,1,0,1,0
febrl3,0.84,738,6,2,6,2,0,2,0
febrl3,0.84,362,4,2,4,2,0,2,0
febrl3,0.84,1835,1,1,1,1,0,1,0
febrl3,0.84,219,6,1,6,1,0,1,0
febrl3,0.84,899,1,1,1,1,0,1,0
febrl3,0.84,550,3,1,3,1,0,1,0
febrl3,0.84,1407,3,1,3,1,0,1,0
febrl3,0.84,1258,2,1,2,1,0,1,0
febrl3,0.84,1343,4,1,4,1,0,1,0
febrl3,0.84,1985,3,1,3,1,0,1,0
febrl3,0.84,4,1,1,1,1,0,1,0
febrl3,0.84,990,3,1,3,1,0,1,0
febrl3,0.84,1570,1,1,1,1,0,1,0
febrl3,0.84,410,4,1,4,1,0,1,0
febrl3,0.84,1799,3,1,3,1,0,1,0
febrl3,0.84,1852,2,1,2,1,0,1,0
febrl3,0.84,1271,5,1,5,1,0,1,0
febrl3,0.84,750,1,1,1,1,0,1,0
febrl3,0.84,247,1,1,1,1,0,1,0
febrl3,0.84,277,4,1,4,1,0,1,0
febrl3,0.84,1191,5,1,5,1,0,1,0
febrl3,0.84,1616,5,1,5,1,0,1,0
febrl3,0.84,454,2,1,2,1,0,1,0
febrl3,0.84,1236,5,1,5,1,0,1,0
febrl3,0.84,108,4,1,4,1,0,1,0
febrl3,0.84,1390,1,1,1,1,0,1,0
febrl3,0.84,1111,6,2,6,2,0,2,0
febrl3,0.84,1548,4,1,4,1,0,1,0
febrl3,0.84,1452,1,1,1,1,0,1,0
febrl3,0.84,1941,1,1,1,1,0,1,0
febrl3,0.84,1776,1,1,1,1,0,1,0
febrl3,0.84,1399,1,1,1,1,0,1,0
febrl3,0.84,1577,1,1,1,1,0,1,0
febrl3,0.84,147,6,2,6,2,0,2,0
febrl3,0.84,1416,5,2,5,2,0,2,0
febrl3,0.84,1539,3,1,3,1,0,1,0
febrl3,0.84,250,1,1,1,1,0,1,0
febrl3,0.84,397,3,2,3,2,0,2,0
febrl3,0.84,1425,2,1,2,1,0,1,0
febrl3,0.84,1707,6,1,6,1,0,1,0
febrl3,0.84,1481,2,1,2,1,0,1,0
febrl3,0.84,1076,3,1,3,1,0,1,0
febrl3,0.84,1050,5,1,5,1,0,1,0
febrl3,0.84,905,2,1,2,1,0,1,0
febrl3,0.84,1811,3,1,3,1,0,1,0
febrl3,0.84,436,1,1,1,1,0,1,0
febrl3,0.84,497,5,1,5,1,0,1,0
febrl3,0.84,1697,6,1,6,1,0,1,0
febrl3,0.84,762,1,1,1,1,0,1,0
febrl3,0.84,111,2,1,2,1,0,1,0
febrl3,0.84,1554,2,1,2,1,0,1,0
febrl3,0.84,1684,6,1,6,1,0,1,0
febrl3,0.84,1478,4,2,4,2,0,2,0
febrl3,0.84,1329,6,1,6,1,0,1,0
febrl3,0.84,1341,2,1,2,1,0,1,0
febrl3,0.84,686,2,1,2,1,0,1,0
febrl3,0.84,288,5,1,5,1,0,1,0
febrl3,0.84,1069,4,1,4,1,0,1,0
febrl3,0.84,1353,3,1,3,1,0,1,0
febrl3,0.84,761,2,1,2,1,0,1,0
febrl3,0.84,302,3,1,3,1,0,1,0
febrl3,0.84,704,1,1,1,1,0,1,0
febrl3,0.84,1641,1,1,1,1,0,1,0
febrl3,0.84,216,6,2,6,2,0,2,0
febrl3,0.84,773,3,1,3,1,0,1,0
febrl3,0.84,980,6,3,6,3,0,3,0
febrl3,0.84,268,1,1,1,1,0,1,0
febrl3,0.84,1951,3,1,3,1,0,1,0
febrl3,0.84,607,4,1,4,1,0,1,0
febrl3,0.84,10,4,2,4,2,0,2,0
febrl3,0.84,888,1,1,1,1,0,1,0
febrl3,0.84,1134,3,1,3,1,0,1,0
febrl3,0.84,611,2,1,2,1,0,1,0
febrl3,0.84,1304,4,2,4,2,0,2,0
febrl3,0.84,876,6,1,6,1,0,1,0
febrl3,0.84,1834,4,1,4,1,0,1,0
febrl3,0.84,341,5,1,5,1,0,1,0
febrl3,0.84,1042,3,1,3,1,0,1,0
febrl3,0.84,1646,4,2,4,2,0,2,0
febrl3,0.84,1745,5,1,5,1,0,1,0
febrl3,0.84,75,6,2,6,2,0,2,0
febrl3,0.84,676,5,2,5,2,0,2,0
febrl3,0.84,527,1,1,1,1,0,1,0
febrl3,0.84,1220,3,1,3,1,0,1,0
febrl3,0.84,1589,4,1,4,1,0,1,0
febrl3,0.84,941,6,1,6,1,0,1,0
febrl3,0.84,1532,2,1,2,1,0,1,0
febrl3,0.84,8,5,1,5,1,0,1,0
febrl3,0.84,1537,1,1,1,1,0,1,0
febrl3,0.84,1579,5,3,5,3,0,3,0
febrl3,0.84,708,6,1,6,1,0,1,0
febrl3,0.84,1320,6,2,6,2,0,2,0
febrl3,0.84,582,6,1,6,1,0,1,0
febrl3,0.84,160,6,3,6,3,0,3,0
febrl3,0.84,1940,5,2,5,2,0,2,0
febrl3,0.84,1988,2,1,2,1,0,1,0
febrl3,0.84,723,4,1,4,1,0,1,0
febrl3,0.84,1296,4,1,4,1,0,1,0
febrl3,0.84,684,4,2,4,2,0,2,0
febrl3,0.84,952,5,1,5,1,0,1,0
febrl3,0.84,634,1,1,1,1,0,1,0
febrl3,0.84,159,4,1,4,1,0,1,0
febrl3,0.84,1451,4,2,4,2,0,2,0
febrl3,0.84,5,2,1,2,1,0,1,0
febrl3,0.84,1492,4,1,4,1,0,1,0
febrl3,0.84,85,6,3,6,3,0,3,0
febrl3,0.84,1308,1,1,1,1,0,1,0
febrl3,0.84,1363,4,1,4,1,0,1,0
febrl3,0.84,52,1,1,1,1,0,1,0
febrl3,0.84,830,4,2,4,2,0,2,0
febrl3,0.84,821,3,1,3,1,0,1,0
febrl3,0.84,142,1,1,1,1,0,1,0
febrl3,0.84,1301,3,1,3,1,0,1,0
febrl3,0.84,576,5,1,5,1,0,1,0
febrl3,0.84,585,1,1,1,1,0,1,0
febrl3,0.84,11,1,1,1,1,0,1,0
febrl3,0.84,894,1,1,1,1,0,1,0
febrl3,0.84,904,6,1,6,1,0,1,0
febrl3,0.84,771,5,1,5,1,0,1,0
febrl3,0.84,1155,5,2,5,2,0,2,0
febrl3,0.84,1897,4,2,4,2,0,2,0
febrl3,0.84,1196,3,1,3,1,0,1,0
febrl3,0.84,1958,1,1,1,1,0,1,0
febrl3,0.84,526,4,1,4,1,0,1,0
febrl3,0.84,1942,2,1,2,1,0,1,0
febrl3,0.84,90,3,1,3,1,0,1,0
febrl3,0.84,61,4,1,4,1,0,1,0
febrl3,0.84,1536,2,1,2,1,0,1,0
febrl3,0.84,629,4,1,4,1,0,1,0
febrl3,0.84,1703,2,1,2,1,0,1,0
febrl3,0.84,1694,5,1,5,1,0,1,0
febrl3,0.84,35,6,1,6,1,0,1,0
febrl3,0.84,107,6,1,6,1,0,1,0
febrl3,0.84,1978,1,1,1,1,0,1,0
febrl3,0.84,378,4,1,4,1,0,1,0
febrl3,0.84,455,4,2,4,2,0,2,0
febrl3,0.84,1006,4,1,4,1,0,1,0
febrl3,0.84,1959,4,1,4,1,0,1,0
febrl3,0.84,841,1,1,1,1,0,1,0
febrl3,0.84,1972,3,1,3,1,0,1,0
febrl3,0.84,319,1,1,1,1,0,1,0
febrl3,0.84,1182,4,1,4,1,0,1,0
febrl3,0.84,567,5,1,5,1,0,1,0
febrl3,0.84,483,6,1,6,1,0,1,0
febrl3,0.84,678,2,1,2,1,0,1,0
febrl3,0.84,1401,2,1,2,1,0,1,0
febrl3,0.84,320,4,1,4,1,0,1,0
febrl3,0.84,1931,5,1,5,1,0,1,0
febrl3,0.84,868,1,1,1,1,0,1,0
febrl3,0.84,977,6,1,6,1,0,1,0
febrl3,0.84,1097,5,1,5,1,0,1,0
febrl3,0.84,1040,4,1,4,1,0,1,0
febrl3,0.84,1159,1,1,1,1,0,1,0
febrl3,0.84,943,5,1,5,1,0,1,0
febrl3,0.84,194,4,1,4,1,0,1,0
febrl3,0.84,1430,2,2,2,2,0,2,0
febrl3,0.84,693,3,2,3,2,0,2,0
febrl3,0.84,700,5,1,5,1,0,1,0
febrl3,0.84,1526,1,1,1,1,0,1,0
febrl3,0.84,1553,1,1,1,1,0,1,0
febrl3,0.84,291,1,1,1,1,0,1,0
febrl3,0.84,1054,2,1,2,1,0,1,0
febrl3,0.84,1980,5,2,5,2,0,2,0
febrl3,0.84,965,2,1,2,1,0,1,0
febrl3,0.84,145,2,1,2,1,0,1,0
febrl3,0.84,21,4,1,4,1,0,1,0
febrl3,0.84,86,4,1,4,1,0,1,0
febrl3,0.84,583,3,1,3,1,0,1,0
febrl3,0.84,1918,6,1,6,1,0,1,0
febrl3,0.84,1581,3,1,3,1,0,1,0
febrl3,0.84,1928,1,1,1,1,0,1,0
febrl3,0.84,1499,6,2,6,2,0,2,0
febrl3,0.84,1011,4,1,4,1,0,1,0
febrl3,0.84,385,3,1,3,1,0,1,0
febrl3,0.84,944,6,1,6,1,0,1,0
febrl3,0.84,1825,2,1,2,1,0,1,0
febrl3,0.84,1850,6,1,6,1,0,1,0
febrl3,0.84,1604,4,1,4,1,0,1,0
febrl3,0.84,619,6,2,6,2,0,2,0
febrl3,0.84,1398,1,1,1,1,0,1,0
febrl3,0.84,1783,1,1,1,1,0,1,0
febrl3,0.84,70,3,1,3,1,0,1,0
febrl3,0.84,1550,2,1,2,1,0,1,0
febrl3,0.84,153,5,2,5,2,0,2,0
febrl3,0.84,847,6,2,6,2,0,2,0
febrl3,0.84,323,2,1,2,1,0,1,0
febrl3,0.84,1621,5,2,5,2,0,2,0
febrl3,0.84,631,4,2,4,2,0,2,0
febrl3,0.84,985,6,1,6,1,0,1,0
febrl3,0.84,1436,1,1,1,1,0,1,0
febrl3,0.84,584,5,1,5,1,0,1,0
febrl3,0.84,1772,4,1,4,1,0,1,0
febrl3,0.84,433,5,3,5,3,0,3,0
febrl3,0.84,627,2,1,2,1,0,1,0
febrl3,0.84,1894,4,1,4,1,0,1,0
febrl3,0.84,76,1,1,1,1,0,1,0
febrl3,0.84,1771,1,1,1,1,0,1,0
febrl3,0.84,1623,5,1,5,1,0,1,0
febrl3,0.84,1216,4,1,4,1,0,1,0
febrl3,0.84,1647,1,1,1,1,0,1,0
febrl3,0.84,1029,6,1,6,1,0,1,0
febrl3,0.84,230,3,1,3,1,0,1,0
febrl3,0.84,687,1,1,1,1,0,1,0
febrl3,0.84,1297,1,1,1,1,0,1,0
febrl3,0.84,1164,4,1,4,1,0,1,0
febrl3,0.84,275,1,1,1,1,0,1,0
febrl3,0.84,474,1,1,1,1,0,1,0
febrl3,0.84,887,2,1,2,1,0,1,0
febrl3,0.84,1298,6,1,6,1,0,1,0
febrl3,0.84,657,2,1,2,1,0,1,0
febrl3,0.84,974,1,1,1,1,0,1,0
febrl3,0.84,532,6,2,6,2,0,2,0
febrl3,0.84,1255,2,1,2,1,0,1,0
febrl3,0.84,967,4,1,4,1,0,1,0
febrl3,0.84,1144,1,1,1,1,0,1,0
febrl3,0.84,1975,5,1,5,1,0,1,0
febrl3,0.84,81,2,1,2,1,0,1,0
febrl3,0.84,991,3,1,3,1,0,1,0
febrl3,0.84,801,5,1,5,1,0,1,0
febrl3,0.84,683,3,2,3,2,0,2,0
febrl3,0.84,826,5,2,5,2,0,2,0
febrl3,0.84,744,1,1,1,1,0,1,0
febrl3,0.84,655,6,1,6,1,0,1,0
febrl3,0.84,1497,2,2,2,2,0,2,0
febrl3,0.84,197,6,1,6,1,0,1,0
febrl3,0.84,1036,3,1,3,1,0,1,0
febrl3,0.84,559,5,1,5,1,0,1,0
febrl3,0.84,348,6,1,6,1,0,1,0
febrl3,0.84,1048,4,1,4,1,0,1,0
febrl3,0.84,161,6,1,6,1,0,1,0
febrl3,0.84,1502,4,2,4,2,0,2,0
febrl3,0.84,1655,3,2,3,2,0,2,0
febrl3,0.84,1460,4,1,4,1,0,1,0
febrl3,0.84,764,4,1,4,1,0,1,0
febrl3,0.84,711,6,1,6,1,0,1,0
febrl3,0.84,1760,5,2,5,2,0,2,0
febrl3,0.84,1571,3,2,3,2,0,2,0
febrl3,0.84,957,3,1,3,1,0,1,0
febrl3,0.84,432,5,1,5,1,0,1,0
febrl3,0.84,1855,5,1,5,1,0,1,0
febrl3,0.84,393,1,1,1,1,0,1,0
febrl3,0.84,788,6,1,6,1,0,1,0
febrl3,0.84,482,6,1,6,1,0,1,0
febrl3,0.84,1230,3,1,3,1,0,1,0
febrl3,0.84,1863,1,1,1,1,0,1,0
febrl3,0.84,338,1,1,1,1,0,1,0
febrl3,0.84,1482,1,1,1,1,0,1,0
febrl3,0.84,981,6,1,6,1,0,1,0
febrl3,0.84,231,3,1,3,1,0,1,0
febrl3,0.84,572,2,1,2,1,0,1,0
febrl3,0.84,614,1,1,1,1,0,1,0
febrl3,0.84,1585,2,1,2,1,0,1,0
febrl3,0.84,524,6,1,6,1,0,1,0
febrl3,0.84,272,3,1,3,1,0,1,0
febrl3,0.84,1672,5,1,5,1,0,1,0
febrl3,0.84,570,1,1,1,1,0,1,0
febrl3,0.84,1280,5,2,5,2,0,2,0
febrl3,0.84,1115,3,1,3,1,0,1,0
febrl3,0.84,1562,2,1,2,1,0,1,0
febrl3,0.84,1287,1,1,1,1,0,1,0
febrl3,0.84,1801,3,1,3,1,0,1,0
febrl3,0.84,672,2,1,2,1,0,1,0
febrl3,0.84,1797,3,2,3,2,0,2,0
febrl3,0.84,1949,3,2,3,2,0,2,0
febrl3,0.84,945,4,3,4,3,0,3,0
febrl3,0.84,344,1,1,1,1,0,1,0
febrl3,0.84,557,3,2,3,2,0,2,0
febrl3,0.84,1373,1,1,1,1,0,1,0
febrl3,0.84,1721,5,1,5,1,0,1,0
febrl3,0.84,329,3,1,3,1,0,1,0
febrl3,0.84,1979,1,1,1,1,0,1,0
febrl3,0.84,511,6,2,6,2,0,2,0
febrl3,0.84,49,3,2,3,2,0,2,0
febrl3,0.84,1948,2,1,2,1,0,1,0
febrl3,0.84,1281,2,1,2,1,0,1,0
febrl3,0.84,1024,1,1,1,1,0,1,0
febrl3,0.84,1359,1,1,1,1,0,1,0
febrl3,0.84,228,2,1,2,1,0,1,0
febrl3,0.84,1357,2,1,2,1,0,1,0
febrl3,0.84,503,6,1,6,1,0,1,0
febrl3,0.84,1469,5,1,5,1,0,1,0
febrl3,0.84,1394,2,1,2,1,0,1,0
febrl3,0.84,1904,6,1,6,1,0,1,0
febrl3,0.84,662,6,1,6,1,0,1,0
febrl3,0.84,127,1,1,1,1,0,1,0
febrl3,0.84,120,1,1,1,1,0,1,0
febrl3,0.84,83,2,2,2,2,0,2,0
febrl3,0.84,759,1,1,1,1,0,1,0
febrl3,0.84,169,4,1,4,1,0,1,0
febrl3,0.84,522,1,1,1,1,0,1,0
febrl3,0.84,478,2,1,2,1,0,1,0
febrl3,0.84,827,1,1,1,1,0,1,0
febrl3,0.84,1686,4,1,4,1,0,1,0
febrl3,0.84,921,5,1,5,1,0,1,0
febrl3,0.84,1969,5,2,5,2,0,2,0
febrl3,0.84,1129,1,1,1,1,0,1,0
febrl3,0.84,1290,4,1,4,1,0,1,0
febrl3,0.84,1152,6,1,6,1,0,1,0
febrl3,0.84,1506,3,1,3,1,0,1,0
febrl3,0.84,514,1,1,1,1,0,1,0
febrl3,0.84,1726,3,1,3,1,0,1,0
febrl3,0.84,24,2,1,2,1,0,1,0
febrl3,0.84,1827,1,1,1,1,0,1,0
febrl3,0.84,175,4,1,4,1,0,1,0
febrl3,0.84,1740,4,1,4,1,0,1,0
febrl3,0.84,1004,4,1,4,1,0,1,0
febrl3,0.84,1047,3,1,3,1,0,1,0
febrl3,0.84,1515,3,2,3,2,0,2,0
febrl3,0.84,505,3,1,3,1,0,1,0
febrl3,0.84,530,3,1,3,1,0,1,0
febrl3,0.84,1517,6,1,6,1,0,1,0
febrl3,0.84,42,1,1,1,1,0,1,0
febrl3,0.84,539,6,1,6,1,0,1,0
febrl3,0.84,595,6,2,6,2,0,2,0
febrl3,0.84,1471,1,1,1,1,0,1,0
febrl3,0.84,577,4,1,4,1,0,1,0
febrl3,0.84,823,2,2,2,2,0,2,0
febrl3,0.84,635,4,1,4,1,0,1,0
febrl3,0.84,1061,3,1,3,1,0,1,0
febrl3,0.84,1364,6,1,6,1,0,1,0
febrl3,0.84,1473,5,1,5,1,0,1,0
febrl3,0.84,1001,2,1,2,1,0,1,0
febrl3,0.84,1995,3,1,3,1,0,1,0
febrl3,0.84,1132,2,1,2,1,0,1,0
febrl3,0.84,374,6,1,6,1,0,1,0
febrl3,0.84,1039,2,1,2,1,0,1,0
febrl3,0.84,1444,5,1,5,1,0,1,0
febrl3,0.84,370,1,1,1,1,0,1,0
febrl3,0.84,56,5,1,5,1,0,1,0
febrl3,0.84,79,3,1,3,1,0,1,0
febrl3,0.84,1277,5,1,5,1,0,1,0
febrl3,0.84,373,4,2,4,2,0,2,0
febrl3,0.84,1009,4,2,4,2,0,2,0
febrl3,0.84,1692,4,1,4,1,0,1,0
febrl3,0.84,765,4,1,4,1,0,1,0
febrl3,0.84,1027,1,1,1,1,0,1,0
febrl3,0.84,1175,6,2,6,2,0,2,0
febrl3,0.84,1457,3,1,3,1,0,1,0
febrl3,0.84,1873,1,1,1,1,0,1,0
febrl3,0.84,434,1,1,1,1,0,1,0
febrl3,0.84,962,4,2,4,2,0,2,0
febrl3,0.84,202,6,2,6,2,0,2,0
febrl3,0.84,481,3,1,3,1,0,1,0
febrl3,0.84,833,2,1,2,1,0,1,0
febrl3,0.84,632,2,1,2,1,0,1,0
febrl3,0.84,624,5,1,5,1,0,1,0
febrl3,0.84,1365,3,1,3,1,0,1,0
febrl3,0.84,1546,2,1,2,1,0,1,0
febrl3,0.84,1632,3,1,3,1,0,1,0
febrl3,0.84,919,3,1,3,1,0,1,0
febrl3,0.84,1824,1,1,1,1,0,1,0
febrl3,0.84,639,3,1,3,1,0,1,0
febrl3,0.84,371,3,2,3,2,0,2,0
febrl3,0.84,260,6,1,6,1,0,1,0
febrl3,0.84,1227,2,1,2,1,0,1,0
febrl3,0.84,716,3,1,3,1,0,1,0
febrl3,0.84,1588,2,1,2,1,0,1,0
febrl3,0.84,954,6,1,6,1,0,1,0
febrl3,0.84,959,6,2,6,2,0,2,0
febrl3,0.84,278,6,1,6,1,0,1,0
febrl3,0.84,1218,2,1,2,1,0,1,0
febrl3,0.84,968,2,1,2,1,0,1,0
febrl3,0.84,1424,2,1,2,1,0,1,0
febrl3,0.84,555,1,1,1,1,0,1,0
febrl3,0.84,1523,4,1,4,1,0,1,0
febrl3,0.84,255,4,1,4,1,0,1,0
febrl3,0.84,812,1,1,1,1,0,1,0
febrl3,0.84,66,4,3,4,3,0,3,0
febrl3,0.84,1773,3,1,3,1,0,1,0
febrl3,0.84,707,6,1,6,1,0,1,0
febrl3,0.84,1080,4,1,4,1,0,1,0
febrl3,0.84,232,1,1,1,1,0,1,0
febrl3,0.84,720,3,1,3,1,0,1,0
febrl3,0.84,37,6,1,6,1,0,1,0
febrl3,0.84,199,2,1,2,1,0,1,0
febrl3,0.84,309,1,1,1,1,0,1,0
febrl3,0.84,1674,3,1,3,1,0,1,0
febrl3,0.84,176,5,1,5,1,0,1,0
febrl3,0.84,615,6,1,6,1,0,1,0
febrl3,0.84,1379,6,2,6,2,0,2,0
febrl3,0.84,12,6,3,6,3,0,3,0
febrl3,0.84,1602,3,1,3,1,0,1,0
febrl3,0.84,1758,3,1,3,1,0,1,0
febrl3,0.84,236,4,2,4,2,0,2,0
febrl3,0.84,1114,5,1,5,1,0,1,0
febrl3,0.84,1994,1,1,1,1,0,1,0
febrl3,0.84,1890,4,2,4,2,0,2,0
febrl3,0.84,426,4,1,4,1,0,1,0
febrl3,0.84,992,3,1,3,1,0,1,0
febrl3,0.84,114,1,1,1,1,0,1,0
febrl3,0.84,293,4,1,4,1,0,1,0
febrl3,0.84,259,1,1,1,1,0,1,0
febrl3,0.84,1279,1,1,1,1,0,1,0
febrl3,0.84,1286,4,1,4,1,0,1,0
febrl3,0.84,1421,2,1,2,1,0,1,0
febrl3,0.84,296,4,3,4,3,0,3,0
febrl3,0.84,91,5,1,5,1,0,1,0
febrl3,0.84,1275,4,1,4,1,0,1,0
febrl3,0.84,1584,5,1,5,1,0,1,0
febrl3,0.84,1123,1,1,1,1,0,1,0
febrl3,0.84,1670,6,2,6,2,0,2,0
febrl3,0.84,1761,2,1,2,1,0,1,0
febrl3,0.84,623,5,1,5,1,0,1,0
febrl3,0.84,848,3,2,3,2,0,2,0
febrl3,0.84,1251,1,1,1,1,0,1,0
febrl3,0.84,116,1,1,1,1,0,1,0
febrl3,0.84,531,3,1,3,1,0,1,0
febrl3,0.84,547,1,1,1,1,0,1,0
febrl3,0.84,1784,1,1,1,1,0,1,0
febrl3,0.84,785,6,3,6,3,0,3,0
febrl3,0.84,861,1,1,1,1,0,1,0
febrl3,0.84,1520,1,1,1,1,0,1,0
febrl3,0.84,1072,5,1,5,1,0,1,0
febrl3,0.84,440,1,1,1,1,0,1,0
febrl3,0.84,103,2,2,2,2,0,2,0
febrl3,0.84,1718,2,1,2,1,0,1,0
febrl3,0.84,1285,1,1,1,1,0,1,0
febrl3,0.84,914,1,1,1,1,0,1,0
febrl3,0.84,802,1,1,1,1,0,1,0
febrl3,0.84,398,1,1,1,1,0,1,0
febrl3,0.84,1782,4,1,4,1,0,1,0
febrl3,0.84,29,6,1,6,1,0,1,0
febrl3,0.84,276,1,1,1,1,0,1,0
febrl3,0.84,326,1,1,1,1,0,1,0
febrl3,0.84,1302,4,1,4,1,0,1,0
febrl3,0.84,498,2,1,2,1,0,1,0
febrl3,0.84,190,4,2,4,2,0,2,0
febrl3,0.84,1270,1,1,1,1,0,1,0
febrl3,0.84,452,4,1,4,1,0,1,0
febrl3,0.84,280,1,1,1,1,0,1,0
febrl3,0.84,187,6,2,6,2,0,2,0
febrl3,0.84,1314,5,1,5,1,0,1,0
febrl3,0.84,1138,3,1,3,1,0,1,0
febrl3,0.84,1963,3,1,3,1,0,1,0
febrl3,0.84,1028,3,1,3,1,0,1,0
febrl3,0.84,1620,4,3,4,3,0,3,0
febrl3,0.84,901,3,1,3,1,0,1,0
febrl3,0.84,80,5,1,5,1,0,1,0
febrl3,0.84,533,5,1,5,1,0,1,0
febrl3,0.84,1870,3,1,3,1,0,1,0
febrl3,0.84,1092,4,1,4,1,0,1,0
febrl3,0.84,849,1,1,1,1,0,1,0
febrl3,0.84,719,1,1,1,1,0,1,0
febrl3,0.84,1720,3,1,3,1,0,1,0
febrl3,0.84,1247,3,2,3,2,0,2,0
febrl3,0.84,1662,4,1,4,1,0,1,0
febrl3,0.84,1543,6,1,6,1,0,1,0
febrl3,0.84,1806,1,1,1,1,0,1,0
febrl3,0.84,1549,1,1,1,1,0,1,0
febrl3,0.84,1714,1,1,1,1,0,1,0
febrl3,0.84,668,6,2,6,2,0,2,0
febrl3,0.84,1957,2,2,2,2,0,2,0
febrl3,0.84,735,1,1,1,1,0,1,0
febrl3,0.84,244,2,1,2,1,0,1,0
febrl3,0.84,151,2,1,2,1,0,1,0
febrl3,0.84,1737,5,1,5,1,0,1,0
febrl3,0.84,105,6,2,6,2,0,2,0
febrl3,0.84,1889,2,1,2,1,0,1,0
febrl3,0.84,1374,1,1,1,1,0,1,0
febrl3,0.84,1126,6,1,6,1,0,1,0
febrl3,0.84,281,1,1,1,1,0,1,0
febrl3,0.84,698,4,1,4,1,0,1,0
febrl3,0.84,129,1,1,1,1,0,1,0
febrl3,0.84,600,2,1,2,1,0,1,0
febrl3,0.84,106,4,1,4,1,0,1,0
febrl3,0.84,1944,1,1,1,1,0,1,0
febrl3,0.84,1600,6,1,6,1,0,1,0
febrl3,0.84,1156,4,1,4,1,0,1,0
febrl3,0.84,249,5,1,5,1,0,1,0
febrl3,0.84,177,4,1,4,1,0,1,0
febrl3,0.84,1174,1,1,1,1,0,1,0
febrl3,0.84,922,4,2,4,2,0,2,0
febrl3,0.84,1073,5,1,5,1,0,1,0
febrl3,0.84,1173,6,1,6,1,0,1,0
febrl3,0.84,64,2,1,2,1,0,1,0
febrl3,0.84,1331,1,1,1,1,0,1,0
febrl3,0.84,195,1,1,1,1,0,1,0
febrl3,0.84,774,1,1,1,1,0,1,0
febrl3,0.84,924,1,1,1,1,0,1,0
febrl3,0.84,923,4,1,4,1,0,1,0
febrl3,0.84,261,3,1,3,1,0,1,0
febrl3,0.84,67,1,1,1,1,0,1,0
febrl3,0.84,543,6,2,6,2,0,2,0
febrl3,0.84,1750,5,1,5,1,0,1,0
febrl3,0.84,1366,1,1,1,1,0,1,0
febrl3,0.84,694,2,2,2,2,0,2,0
febrl3,0.84,604,1,1,1,1,0,1,0
febrl3,0.84,1742,2,1,2,1,0,1,0
febrl3,0.84,1459,1,1,1,1,0,1,0
febrl3,0.84,1528,2,1,2,1,0,1,0
febrl3,0.84,102,5,1,5,1,0,1,0
febrl3,0.84,1448,5,1,5,1,0,1,0
febrl3,0.84,179,1,1,1,1,0,1,0
febrl3,0.84,546,6,1,6,1,0,1,0
febrl3,0.84,651,1,1,1,1,0,1,0
febrl3,0.84,1886,6,2,6,2,0,2,0
febrl3,0.84,1862,2,1,2,1,0,1,0
febrl3,0.84,1993,2,2,2,2,0,2,0
febrl3,0.84,749,6,2,6,2,0,2,0
febrl3,0.84,99,4,2,4,2,0,2,0
febrl3,0.84,757,2,1,2,1,0,1,0
febrl3,0.84,100,6,1,6,1,0,1,0
febrl3,0.84,87,2,1,2,1,0,1,0
febrl3,0.84,1642,1,1,1,1,0,1,0
febrl3,0.84,731,4,1,4,1,0,1,0
febrl3,0.84,1403,6,1,6,1,0,1,0
febrl3,0.84,1438,5,2,5,2,0,2,0
febrl3,0.84,171,2,2,2,2,0,2,0
febrl3,0.84,1879,3,1,3,1,0,1,0
febrl3,0.84,1103,6,1,6,1,0,1,0
febrl3,0.84,457,1,1,1,1,0,1,0
febrl3,0.84,1022,6,1,6,1,0,1,0
febrl3,0.84,1037,1,1,1,1,0,1,0
febrl3,0.84,507,3,1,3,1,0,1,0
febrl3,0.84,460,1,1,1,1,0,1,0
febrl3,0.84,551,1,1,1,1,0,1,0
febrl3,0.84,121,5,1,5,1,0,1,0
febrl3,0.84,1268,1,1,1,1,0,1,0
febrl3,0.84,993,6,2,6,2,0,2,0
febrl3,0.84,1249,3,1,3,1,0,1,0
febrl3,0.84,1324,3,1,3,1,0,1,0
febrl3,0.84,54,5,1,5,1,0,1,0
febrl3,0.84,1032,2,1,2,1,0,1,0
febrl3,0.84,1376,2,1,2,1,0,1,0
febrl3,0.84,691,3,1,3,1,0,1,0
febrl3,0.84,284,1,1,1,1,0,1,0
febrl3,0.84,660,3,1,3,1,0,1,0
febrl3,0.84,942,2,1,2,1,0,1,0
febrl3,0.84,878,4,1,4,1,0,1,0
febrl3,0.84,836,5,1,5,1,0,1,0
febrl3,0.84,257,2,1,2,1,0,1,0
febrl3,0.84,743,4,1,4,1,0,1,0
febrl3,0.84,1233,1,1,1,1,0,1,0
febrl3,0.84,1494,2,2,2,2,0,2,0
febrl3,0.84,987,2,1,2,1,0,1,0
febrl3,0.84,1838,1,1,1,1,0,1,0
febrl3,0.84,659,3,1,3,1,0,1,0
febrl3,0.84,1880,5,1,5,1,0,1,0
febrl3,0.84,1950,2,1,2,1,0,1,0
febrl3,0.84,412,3,1,3,1,0,1,0
febrl3,0.84,109,4,1,4,1,0,1,0
febrl3,0.84,1717,6,1,6,1,0,1,0
febrl3,0.84,23,5,1,5,1,0,1,0
febrl3,0.84,605,2,1,2,1,0,1,0
febrl3,0.84,470,2,1,2,1,0,1,0
febrl3,0.84,1842,6,1,6,1,0,1,0
febrl3,0.84,838,5,1,5,1,0,1,0
febrl3,0.84,803,4,2,4,2,0,2,0
febrl3,0.84,351,3,1,3,1,0,1,0
febrl3,0.84,140,3,1,3,1,0,1,0
febrl3,0.84,188,2,1,2,1,0,1,0
febrl3,0.84,1204,1,1,1,1,0,1,0
febrl3,0.84,508,6,1,6,1,0,1,0
febrl3,0.84,724,6,2,6,2,0,2,0
febrl3,0.84,246,2,1,2,1,0,1,0
febrl3,0.84,844,5,1,5,1,0,1,0
febrl3,0.84,1382,2,1,2,1,0,1,0
febrl3,0.84,390,4,1,4,1,0,1,0
febrl3,0.84,1215,1,1,1,1,0,1,0
febrl3,0.84,1680,3,1,3,1,0,1,0
febrl3,0.84,1814,5,1,5,1,0,1,0
febrl3,0.84,141,5,2,5,2,0,2,0
febrl3,0.84,1564,4,1,4,1,0,1,0
febrl3,0.84,515,5,1,5,1,0,1,0
febrl3,0.84,1559,4,1,4,1,0,1,0
febrl3,0.84,1831,2,2,2,2,0,2,0
febrl3,0.84,1727,4,2,4,2,0,2,0
febrl3,0.84,1919,4,1,4,1,0,1,0
febrl3,0.84,31,1,1,1,1,0,1,0
febrl3,0.84,1412,1,1,1,1,0,1,0
febrl3,0.84,579,2,1,2,1,0,1,0
febrl3,0.84,737,1,1,1,1,0,1,0
febrl3,0.84,650,1,1,1,1,0,1,0
febrl3,0.84,1910,3,1,3,1,0,1,0
febrl3,0.84,667,2,1,2,1,0,1,0
febrl3,0.84,661,2,1,2,1,0,1,0
febrl3,0.84,1041,2,1,2,1,0,1,0
febrl3,0.84,548,1,1,1,1,0,1,0
febrl3,0.84,1397,3,1,3,1,0,1,0
febrl3,0.84,367,4,1,4,1,0,1,0
febrl3,0.84,542,1,1,1,1,0,1,0
febrl3,0.84,1522,1,1,1,1,0,1,0
febrl3,0.84,696,5,1,5,1,0,1,0
febrl3,0.84,835,1,1,1,1,0,1,0
febrl3,0.84,1013,1,1,1,1,0,1,0
febrl3,0.84,928,3,1,3,1,0,1,0
febrl3,0.84,237,2,1,2,1,0,1,0
febrl3,0.84,186,2,1,2,1,0,1,0
febrl3,0.84,444,4,2,4,2,0,2,0
febrl3,0.84,1087,5,2,5,2,0,2,0
febrl3,0.84,415,3,1,3,1,0,1,0
febrl3,0.84,1179,4,3,4,3,0,3,0
febrl3,0.84,416,1,1,1,1,0,1,0
febrl3,0.84,1410,6,1,6,1,0,1,0
febrl3,0.84,346,2,1,2,1,0,1,0
febrl3,0.84,380,6,1,6,1,0,1,0
febrl3,0.84,1231,1,1,1,1,0,1,0
febrl3,0.84,1026,3,1,3,1,0,1,0
febrl3,0.84,1266,1,1,1,1,0,1,0
febrl3,0.84,871,1,1,1,1,0,1,0
febrl3,0.84,1567,1,1,1,1,0,1,0
febrl3,0.84,274,5,1,6,1,1,2,1
febrl3,0.84,461,5,1,5,1,0,1,0
febrl3,0.84,223,3,1,3,1,0,1,0
febrl3,0.84,1241,3,1,3,1,0,1,0
febrl3,0.84,1117,5,2,5,2,0,2,0
febrl3,0.84,1044,5,1,5,1,0,1,0
febrl3,0.84,598,2,1,2,1,0,1,0
febrl3,0.84,1392,1,1,1,1,0,1,0
febrl3,0.84,372,4,1,4,1,0,1,0
febrl3,0.84,1555,3,1,3,1,0,1,0
febrl3,0.84,733,1,1,1,1,0,1,0
febrl3,0.84,1453,1,1,1,1,0,1,0
febrl3,0.84,1322,5,1,5,1,0,1,0
febrl3,0.84,1219,1,1,1,1,0,1,0
febrl3,0.84,123,1,1,1,1,0,1,0
febrl3,0.84,445,1,1,1,1,0,1,0
febrl3,0.84,1222,4,2,4,2,0,2,0
febrl3,0.84,544,1,1,1,1,0,1,0
febrl3,0.84,846,1,1,1,1,0,1,0
febrl3,0.84,1475,3,1,3,1,0,1,0
febrl3,0.84,1484,5,1,5,1,0,1,0
febrl3,0.84,84,3,1,3,1,0,1,0
febrl3,0.84,653,1,1,1,1,0,1,0
febrl3,0.84,46,4,1,4,1,0,1,0
febrl3,0.84,77,6,2,6,2,0,2,0
febrl3,0.84,1639,1,1,1,1,0,1,0
febrl3,0.84,1125,1,1,1,1,0,1,0
febrl3,0.84,1148,5,1,5,1,0,1,0
febrl3,0.84,1673,1,1,1,1,0,1,0
febrl3,0.84,495,2,1,2,1,0,1,0
febrl3,0.84,1851,6,2,6,2,0,2,0
febrl3,0.84,73,4,2,4,2,0,2,0
febrl3,0.84,725,4,2,4,2,0,2,0
febrl3,0.84,633,4,2,4,2,0,2,0
febrl3,0.84,895,2,2,2,2,0,2,0
febrl3,0.84,643,2,1,2,1,0,1,0
febrl3,0.84,1990,6,1,6,1,0,1,0
febrl3,0.84,137,1,1,1,1,0,1,0
febrl3,0.84,882,3,1,3,1,0,1,0
febrl3,0.84,381,3,1,3,1,0,1,0
febrl3,0.84,1094,3,1,3,1,0,1,0
febrl3,0.84,1971,2,1,2,1,0,1,0
febrl3,0.84,637,3,1,3,1,0,1,0
febrl3,0.84,769,1,1,1,1,0,1,0
febrl3,0.84,1749,3,1,3,1,0,1,0
febrl3,0.84,1002,2,1,2,1,0,1,0
febrl3,0.84,1143,5,1,5,1,0,1,0
febrl3,0.84,395,2,1,2,1,0,1,0
febrl3,0.84,200,1,1,1,1,0,1,0
febrl3,0.84,1531,2,2,2,2,0,2,0
febrl3,0.84,146,1,1,1,1,0,1,0
febrl3,0.84,682,4,1,4,1,0,1,0
febrl3,0.84,475,4,1,4,1,0,1,0
febrl3,0.84,701,1,1,1,1,0,1,0
febrl3,0.84,549,1,1,1,1,0,1,0
febrl3,0.84,646,2,2,2,2,0,2,0
febrl3,0.84,909,1,1,1,1,0,1,0
febrl3,0.84,688,3,2,3,2,0,2,0
febrl3,0.84,1728,3,2,3,2,0,2,0
febrl3,0.84,804,6,1,6,1,0,1,0
febrl3,0.84,312,5,2,5,2,0,2,0
febrl3,0.84,447,2,1,2,1,0,1,0
febrl3,0.84,41,1,1,1,1,0,1,0
febrl3,0.84,594,3,2,3,2,0,2,0
febrl3,0.84,233,1,1,1,1,0,1,0
febrl3,0.84,1501,1,1,1,1,0,1,0
febrl3,0.84,1643,2,1,2,1,0,1,0
febrl3,0.84,825,5,3,5,3,0,3,0
febrl3,0.84,1131,3,1,3,1,0,1,0
febrl3,0.84,210,6,2,6,2,0,2,0
febrl3,0.84,1007,5,1,5,1,0,1,0
febrl3,0.84,1336,2,1,2,1,0,1,0
febrl3,0.84,541,3,1,3,1,0,1,0
febrl3,0.84,334,1,1,1,1,0,1,0
febrl3,0.84,591,4,1,4,1,0,1,0
febrl3,0.84,1212,3,2,3,2,0,2,0
febrl3,0.84,1319,1,1,1,1,0,1,0
febrl3,0.84,1937,1,1,1,1,0,1,0
febrl3,0.84,450,1,1,1,1,0,1,0
febrl3,0.84,300,2,1,2,1,0,1,0
febrl3,0.84,671,3,1,3,1,0,1,0
febrl3,0.84,1307,6,1,6,1,0,1,0
febrl3,0.84,995,2,1,2,1,0,1,0
febrl3,0.84,877,3,1,3,1,0,1,0
febrl3,0.84,817,3,1,3,1,0,1,0
febrl3,0.84,1986,6,2,6,2,0,2,0
febrl3,0.84,850,2,1,2,1,0,1,0
febrl3,0.84,1221,1,1,1,1,0,1,0
febrl3,0.84,1747,4,2,4,2,0,2,0
febrl3,0.84,1135,3,1,3,1,0,1,0
febrl3,0.84,28,6,1,6,1,0,1,0
febrl3,0.84,867,1,1,1,1,0,1,0
febrl3,0.84,893,3,1,3,1,0,1,0
febrl3,0.84,1755,1,1,1,1,0,1,0
febrl3,0.84,130,1,1,1,1,0,1,0
febrl3,0.84,1162,1,1,1,1,0,1,0
febrl3,0.84,816,4,1,4,1,0,1,0
febrl3,0.84,499,1,1,1,1,0,1,0
febrl3,0.84,1547,1,1,1,1,0,1,0
febrl3,0.84,601,4,1,4,1,0,1,0
febrl3,0.84,294,2,1,2,1,0,1,0
febrl3,0.84,1,1,1,1,1,0,1,0
febrl3,0.84,808,3,1,3,1,0,1,0
febrl3,0.84,289,5,1,5,1,0,1,0
febrl3,0.84,948,4,1,4,1,0,1,0
febrl3,0.84,1428,1,1,1,1,0,1,0
febrl3,0.84,1362,2,1,2,1,0,1,0
febrl3,0.84,705,3,1,3,1,0,1,0
febrl3,0.84,1960,5,2,5,2,0,2,0
febrl3,0.84,1743,2,2,2,2,0,2,0
febrl3,0.84,1193,5,1,5,1,0,1,0
febrl3,0.84,911,3,1,3,1,0,1,0
febrl3,0.84,1257,1,1,1,1,0,1,0
febrl3,0.84,603,1,1,1,1,0,1,0
febrl3,0.84,1989,2,1,2,1,0,1,0
febrl3,0.84,1767,2,1,2,1,0,1,0
febrl3,0.84,596,1,1,1,1,0,1,0
febrl3,0.84,647,1,1,1,1,0,1,0
febrl3,0.84,25,4,1,4,1,0,1,0
febrl3,0.84,1323,1,1,1,1,0,1,0
febrl3,0.84,352,5,1,5,1,0,1,0
febrl3,0.84,1804,4,2,4,2,0,2,0
febrl3,0.84,57,6,2,6,2,0,2,0
febrl3,0.84,534,3,1,3,1,0,1,0
febrl3,0.84,1075,3,1,3,1,0,1,0
febrl3,0.84,212,5,1,5,1,0,1,0
febrl3,0.84,1907,2,1,2,1,0,1,0
febrl3,0.84,1739,1,1,1,1,0,1,0
febrl3,0.84,44,3,2,3,2,0,2,0
febrl3,0.84,564,2,1,2,1,0,1,0
febrl3,0.84,1273,5,2,5,2,0,2,0
febrl3,0.84,384,4,1,4,1,0,1,0
febrl3,0.84,1141,2,1,2,1,0,1,0
febrl3,0.84,751,3,1,3,1,0,1,0
febrl3,0.84,883,2,1,2,1,0,1,0
febrl3,0.84,1821,3,1,3,1,0,1,0
febrl3,0.84,1371,2,1,2,1,0,1,0
febrl3,0.84,1510,2,1,2,1,0,1,0
febrl3,0.84,1766,5,1,5,1,0,1,0
febrl3,0.84,1439,1,1,1,1,0,1,0
febrl3,0.84,473,3,2,3,2,0,2,0
febrl3,0.84,258,4,2,4,2,0,2,0
febrl3,0.84,872,3,1,3,1,0,1,0
febrl3,0.84,128,2,1,2,1,0,1,0
febrl3,0.84,964,2,1,2,1,0,1,0
febrl3,0.84,1583,1,1,1,1,0,1,0
febrl3,0.84,784,6,2,6,2,0,2,0
febrl3,0.84,1651,1,1,1,1,0,1,0
febrl3,0.84,1756,6,1,6,1,0,1,0
febrl3,0.84,6,5,1,5,1,0,1,0
febrl3,0.84,777,2,1,2,1,0,1,0
febrl3,0.84,1348,4,1,4,1,0,1,0
febrl3,0.84,327,5,1,5,1,0,1,0
febrl3,0.84,1699,2,1,2,1,0,1,0
febrl3,0.84,396,1,1,1,1,0,1,0
febrl3,0.84,1920,1,1,1,1,0,1,0
febrl3,0.84,139,3,1,3,1,0,1,0
febrl3,0.84,167,2,1,2,1,0,1,0
febrl3,0.84,211,1,1,1,1,0,1,0
febrl3,0.84,1276,2,1,2,1,0,1,0
febrl3,0.84,978,1,1,1,1,0,1,0
febrl3,0.84,1813,2,1,2,1,0,1,0
febrl3,0.84,1367,1,1,1,1,0,1,0
febrl3,0.84,254,1,1,1,1,0,1,0
febrl3,0.84,96,2,1,2,1,0,1,0
febrl3,0.84,1105,4,1,4,1,0,1,0
febrl3,0.84,1056,6,1,6,1,0,1,0
febrl3,0.84,1345,2,1,2,1,0,1,0
febrl3,0.84,449,1,1,1,1,0,1,0
febrl3,0.84,1288,1,1,1,1,0,1,0
febrl3,0.84,1864,2,1,2,1,0,1,0
febrl3,0.84,1708,6,1,6,1,0,1,0
febrl3,0.84,1764,4,1,4,1,0,1,0
febrl3,0.84,1762,1,1,1,1,0,1,0
febrl3,0.84,428,5,2,5,2,0,2,0
febrl3,0.84,880,6,1,6,1,0,1,0
febrl3,0.84,126,5,1,5,1,0,1,0
febrl3,0.84,1832,4,1,4,1,0,1,0
febrl3,0.84,917,3,1,3,1,0,1,0
febrl3,0.84,467,1,1,1,1,0,1,0
febrl3,0.84,1295,1,1,1,1,0,1,0
febrl3,0.84,1921,1,1,1,1,0,1,0
febrl3,0.84,1161,5,2,5,2,0,2,0
febrl3,0.84,599,4,1,4,1,0,1,0
febrl3,0.84,485,2,1,2,1,0,1,0
febrl3,0.84,242,4,1,4,1,0,1,0
febrl3,0.84,1264,1,1,1,1,0,1,0
febrl3,0.84,1681,2,1,2,1,0,1,0
febrl3,0.84,1244,5,1,5,1,0,1,0
febrl3,0.84,430,1,1,1,1,0,1,0
febrl3,0.84,710,4,1,4,1,0,1,0
febrl3,0.84,1145,1,1,1,1,0,1,0
febrl3,0.84,342,2,1,2,1,0,1,0
febrl3,0.84,358,3,1,3,1,0,1,0
febrl3,0.84,1017,2,1,2,1,0,1,0
febrl3,0.84,1427,3,1,3,1,0,1,0
febrl3,0.84,1437,3,1,3,1,0,1,0
febrl3,0.84,1133,4,1,4,1,0,1,0
febrl3,0.84,1160,3,1,3,1,0,1,0
febrl3,0.84,1070,2,1,2,1,0,1,0
febrl3,0.84,1077,2,1,2,1,0,1,0
febrl3,0.84,656,6,1,6,1,0,1,0
febrl3,0.84,1618,6,2,6,2,0,2,0
febrl3,0.84,1596,3,2,3,2,0,2,0
febrl3,0.84,1669,4,1,4,1,0,1,0
febrl3,0.84,775,3,1,3,1,0,1,0
febrl3,0.84,1313,2,1,2,1,0,1,0
febrl3,0.84,592,5,1,5,1,0,1,0
febrl3,0.84,519,4,1,4,1,0,1,0
febrl3,0.84,709,2,1,2,1,0,1,0
febrl3,0.84,810,2,1,2,1,0,1,0
febrl3,0.84,1999,1,1,1,1,0,1,0
febrl3,0.84,1136,2,1,2,1,0,1,0
febrl3,0.84,649,1,1,1,1,0,1,0
febrl3,0.84,1722,2,2,2,2,0,2,0
febrl3,0.84,1892,2,1,2,1,0,1,0
febrl3,0.84,33,1,1,1,1,0,1,0
febrl3,0.84,1908,1,1,1,1,0,1,0
febrl3,0.84,1947,6,1,6,1,0,1,0
febrl3,0.84,1514,1,1,1,1,0,1,0
febrl3,0.84,1877,5,1,5,1,0,1,0
febrl3,0.84,874,1,1,1,1,0,1,0
febrl3,0.84,310,4,1,4,1,0,1,0
febrl3,0.84,356,4,1,4,1,0,1,0
febrl3,0.84,1820,2,1,2,1,0,1,0
febrl3,0.84,1486,1,1,1,1,0,1,0
febrl3,0.84,1954,1,1,1,1,0,1,0
febrl3,0.84,1402,1,1,1,1,0,1,0
febrl3,0.84,1637,4,1,4,1,0,1,0
febrl3,0.84,1848,5,2,5,2,0,2,0
febrl3,0.84,1015,1,1,1,1,0,1,0
febrl3,0.84,1976,4,1,4,1,0,1,0
febrl3,0.84,1207,5,1,5,1,0,1,0
febrl3,0.84,1361,4,2,4,2,0,2,0
febrl3,0.84,1545,1,1,1,1,0,1,0
febrl3,0.84,1630,3,1,3,1,0,1,0
febrl3,0.84,609,6,1,6,1,0,1,0
febrl3,0.84,1375,4,2,4,2,0,2,0
febrl3,0.84,1214,2,1,2,1,0,1,0
febrl3,0.84,1916,1,1,1,1,0,1,0
febrl3,0.84,1606,1,1,1,1,0,1,0
febrl3,0.84,1938,4,1,4,1,0,1,0
febrl3,0.84,198,1,1,1,1,0,1,0
febrl3,0.84,494,1,1,1,1,0,1,0
febrl3,0.84,1467,5,2,5,2,0,2,0
febrl3,0.84,1770,4,1,4,1,0,1,0
febrl3,0.84,1504,2,1,2,1,0,1,0
febrl3,0.84,1178,1,1,1,1,0,1,0
febrl3,0.84,1406,1,1,1,1,0,1,0
febrl3,0.84,1765,4,2,4,2,0,2,0
febrl3,0.84,1926,1,1,1,1,0,1,0
febrl3,0.84,1731,1,1,1,1,0,1,0
febrl3,0.84,1242,6,1,6,1,0,1,0
febrl3,0.84,388,1,1,1,1,0,1,0
febrl3,0.84,597,1,1,1,1,0,1,0
febrl3,0.84,752,1,1,1,1,0,1,0
febrl3,0.84,1352,1,1,1,1,0,1,0
febrl3,0.84,400,5,1,5,1,0,1,0
febrl3,0.84,1085,3,1,3,1,0,1,0
febrl3,0.84,39,2,1,2,1,0,1,0
febrl3,0.84,267,4,1,4,1,0,1,0
febrl3,0.84,839,5,1,5,1,0,1,0
febrl3,0.84,82,3,1,3,1,0,1,0
febrl3,0.84,1203,2,1,2,1,0,1,0
febrl3,0.84,1939,2,1,2,1,0,1,0
febrl3,0.84,537,2,2,2,2,0,2,0
febrl3,0.84,303,2,1,2,1,0,1,0
febrl3,0.84,1645,1,1,1,1,0,1,0
febrl3,0.84,1121,2,1,2,1,0,1,0
febrl3,0.84,1565,2,1,2,1,0,1,0
febrl3,0.84,192,1,1,1,1,0,1,0
febrl3,0.84,1629,4,2,4,2,0,2,0
febrl3,0.84,1445,5,1,5,1,0,1,0
febrl3,0.84,699,1,1,1,1,0,1,0
febrl3,0.84,753,1,1,1,1,0,1,0
febrl3,0.84,996,3,1,3,1,0,1,0
febrl3,0.84,1153,1,1,1,1,0,1,0
febrl3,0.84,138,4,1,4,1,0,1,0
febrl3,0.84,934,2,1,2,1,0,1,0
febrl3,0.84,1350,1,1,1,1,0,1,0
febrl3,0.84,1513,3,1,3,1,0,1,0
febrl3,0.84,890,1,1,1,1,0,1,0
febrl3,0.84,1340,3,1,3,1,0,1,0
febrl3,0.84,314,3,1,3,1,0,1,0
febrl3,0.84,1154,2,1,2,1,0,1,0
febrl3,0.84,1335,5,1,5,1,0,1,0
febrl3,0.84,1803,1,1,1,1,0,1,0
febrl3,0.84,1089,1,1,1,1,0,1,0
febrl3,0.84,1493,5,2,5,2,0,2,0
febrl3,0.84,313,2,1,2,1,0,1,0
febrl3,0.84,1615,1,1,1,1,0,1,0
febrl3,0.84,955,1,1,1,1,0,1,0
febrl3,0.84,1793,2,1,2,1,0,1,0
febrl3,0.84,1768,1,1,1,1,0,1,0
febrl3,0.84,1226,2,1,2,1,0,1,0
febrl3,0.84,1808,4,1,4,1,0,1,0
febrl3,0.84,472,3,1,3,1,0,1,0
febrl3,0.84,1753,4,1,4,1,0,1,0
febrl3,0.84,418,2,1,2,1,0,1,0
febrl3,0.84,290,4,2,4,2,0,2,0
febrl3,0.84,1272,3,1,3,1,0,1,0
febrl3,0.84,1100,6,2,6,2,0,2,0
febrl3,0.84,148,3,1,3,1,0,1,0
febrl3,0.84,391,1,1,1,1,0,1,0
febrl3,0.84,1598,3,2,3,2,0,2,0
febrl3,0.84,760,4,1,4,1,0,1,0
febrl3,0.84,1165,4,1,4,1,0,1,0
febrl3,0.84,747,6,1,6,1,0,1,0
febrl3,0.84,1418,6,2,6,2,0,2,0
febrl3,0.84,1278,3,1,3,1,0,1,0
febrl3,0.84,1660,3,1,3,1,0,1,0
febrl3,0.84,489,6,1,6,1,0,1,0
febrl3,0.84,1483,1,1,1,1,0,1,0
febrl3,0.84,562,2,1,2,1,0,1,0
febrl3,0.84,1440,1,1,1,1,0,1,0
febrl3,0.84,1464,3,1,3,1,0,1,0
febrl3,0.84,104,2,1,2,1,0,1,0
febrl3,0.84,581,4,1,4,1,0,1,0
febrl3,0.84,1456,2,1,2,1,0,1,0
febrl3,0.84,58,3,1,3,1,0,1,0
febrl3,0.84,156,1,1,1,1,0,1,0
febrl3,0.84,1360,1,1,1,1,0,1,0
febrl3,0.84,234,1,1,1,1,0,1,0
febrl3,0.84,516,1,1,1,1,0,1,0
febrl3,0.84,131,2,1,2,1,0,1,0
febrl3,0.84,1809,3,1,3,1,0,1,0
febrl3,0.84,1970,3,2,3,2,0,2,0
febrl3,0.84,1229,4,2,4,2,0,2,0
febrl3,0.84,638,4,1,4,1,0,1,0
febrl3,0.84,143,5,3,5,3,0,3,0
febrl3,0.84,1657,6,1,6,1,0,1,0
febrl3,0.84,1609,1,1,1,1,0,1,0
febrl3,0.84,1370,2,1,2,1,0,1,0
febrl3,0.84,1914,1,1,1,1,0,1,0
febrl3,0.84,837,1,1,1,1,0,1,0
febrl3,0.84,859,4,1,4,1,0,1,0
febrl3,0.84,809,3,1,3,1,0,1,0
febrl3,0.84,1521,2,1,2,1,0,1,0
febrl3,0.84,897,4,1,4,1,0,1,0
febrl3,0.84,734,1,1,1,1,0,1,0
febrl3,0.84,930,1,1,1,1,0,1,0
febrl3,0.84,1099,2,1,2,1,0,1,0
febrl3,0.84,553,2,1,2,1,0,1,0
febrl3,0.84,913,1,1,1,1,0,1,0
febrl3,0.84,780,1,1,1,1,0,1,0
febrl3,0.84,1086,2,1,2,1,0,1,0
febrl3,0.84,1463,1,1,1,1,0,1,0
febrl3,0.84,1411,4,1,4,1,0,1,0
febrl3,0.84,1294,1,1,1,1,0,1,0
febrl3,0.84,1622,2,1,2,1,0,1,0
febrl3,0.84,1505,3,2,3,2,0,2,0
febrl3,0.84,1234,3,2,3,2,0,2,0
febrl3,0.84,1899,3,1,3,1,0,1,0
febrl3,0.84,414,1,1,1,1,0,1,0
febrl3,0.84,238,2,1,2,1,0,1,0
febrl3,0.84,180,3,3,3,3,0,3,0
febrl3,0.84,1983,6,1,6,1,0,1,0
febrl3,0.84,1828,1,1,1,1,0,1,0
febrl3,0.84,1084,3,1,3,1,0,1,0
febrl3,0.84,331,2,1,2,1,0,1,0
febrl3,0.84,1423,1,1,1,1,0,1,0
febrl3,0.84,862,5,1,5,1,0,1,0
febrl3,0.84,1254,1,1,1,1,0,1,0
febrl3,0.84,263,1,1,1,1,0,1,0
febrl3,0.84,1973,2,1,2,1,0,1,0
febrl3,0.84,1079,1,1,1,1,0,1,0
febrl3,0.84,1683,1,1,1,1,0,1,0
febrl3,0.84,1470,1,1,1,1,0,1,0
febrl3,0.84,936,2,2,2,2,0,2,0
febrl3,0.84,1665,6,1,6,1,0,1,0
febrl3,0.84,295,2,1,2,1,0,1,0
febrl3,0.84,7,5,2,5,2,0,2,0
febrl3,0.84,554,6,1,6,1,0,1,0
febrl3,0.84,1342,4,1,4,1,0,1,0
febrl3,0.84,1065,1,1,1,1,0,1,0
febrl3,0.84,857,1,1,1,1,0,1,0
febrl3,0.84,1488,3,1,3,1,0,1,0
febrl3,0.84,1712,1,1,1,1,0,1,0
febrl3,0.84,702,4,2,4,2,0,2,0
febrl3,0.84,1790,3,2,3,2,0,2,0
febrl3,0.84,1211,2,1,2,1,0,1,0
febrl3,0.84,706,1,1,1,1,0,1,0
febrl3,0.84,538,3,2,3,2,0,2,0
febrl3,0.84,1736,4,2,4,2,0,2,0
febrl3,0.84,1053,1,1,1,1,0,1,0
febrl3,0.84,307,1,1,1,1,0,1,0
febrl3,0.84,354,2,1,2,1,0,1,0
febrl3,0.84,1775,2,1,2,1,0,1,0
febrl3,0.84,1289,2,1,2,1,0,1,0
febrl3,0.84,1800,5,1,5,1,0,1,0
febrl3,0.84,946,1,1,1,1,0,1,0
febrl3,0.84,1107,1,1,1,1,0,1,0
febrl3,0.84,423,1,1,1,1,0,1,0
febrl3,0.84,1415,1,1,1,1,0,1,0
febrl3,0.84,1393,2,1,2,1,0,1,0
febrl3,0.84,1817,2,1,2,1,0,1,0
febrl3,0.84,1052,3,1,3,1,0,1,0
febrl3,0.84,796,6,1,6,1,0,1,0
febrl3,0.84,1443,1,1,1,1,0,1,0
febrl3,0.84,612,3,2,3,2,0,2,0
febrl3,0.84,1569,2,1,2,1,0,1,0
febrl3,0.84,266,2,2,2,2,0,2,0
febrl3,0.84,900,2,1,2,1,0,1,0
febrl3,0.84,1730,4,1,4,1,0,1,0
febrl3,0.84,1763,1,1,1,1,0,1,0
febrl3,0.84,158,1,1,1,1,0,1,0
febrl3,0.84,807,1,1,1,1,0,1,0
febrl3,0.84,1789,1,1,1,1,0,1,0
febrl3,0.84,1822,1,1,1,1,0,1,0
febrl3,0.84,279,6,1,6,1,0,1,0
febrl3,0.84,971,1,1,1,1,0,1,0
febrl3,0.84,896,2,1,2,1,0,1,0
febrl3,0.84,1082,2,2,2,2,0,2,0
febrl3,0.84,1810,2,1,2,1,0,1,0
febrl3,0.84,566,1,1,1,1,0,1,0
febrl3,0.84,1450,1,1,1,1,0,1,0
febrl3,0.84,1961,2,1,2,1,0,1,0
febrl3,0.84,790,2,2,2,2,0,2,0
febrl3,0.84,347,2,2,2,2,0,2,0
febrl3,0.84,336,1,1,1,1,0,1,0
febrl3,0.84,793,6,2,6,2,0,2,0
febrl3,0.84,321,6,1,6,1,0,1,0
febrl3,0.84,640,5,1,5,1,0,1,0
febrl3,0.84,406,2,1,2,1,0,1,0
febrl3,0.84,477,1,1,1,1,0,1,0
febrl3,0.84,645,3,2,3,2,0,2,0
febrl3,0.84,628,3,2,3,2,0,2,0
febrl3,0.84,1538,1,1,1,1,0,1,0
febrl3,0.84,1715,5,1,5,1,0,1,0
febrl3,0.84,602,1,1,1,1,0,1,0
febrl3,0.84,1091,4,1,4,1,0,1,0
febrl3,0.84,1256,2,1,2,1,0,1,0
febrl3,0.84,74,3,1,3,1,0,1,0
febrl3,0.84,916,1,1,1,1,0,1,0
febrl3,0.84,675,1,1,1,1,0,1,0
febrl3,0.84,1785,1,1,1,1,0,1,0
febrl3,0.84,1987,3,1,3,1,0,1,0
febrl3,0.84,1127,4,1,4,1,0,1,0
febrl3,0.84,59,1,1,1,1,0,1,0
febrl3,0.84,931,1,1,1,1,0,1,0
febrl3,0.84,157,1,1,1,1,0,1,0
febrl3,0.84,1968,2,1,2,1,0,1,0
febrl3,0.84,545,3,1,3,1,0,1,0
febrl3,0.84,437,2,1,2,1,0,1,0
febrl3,0.84,593,6,2,6,2,0,2,0
febrl3,0.84,1812,2,1,2,1,0,1,0
febrl3,0.84,1823,1,1,1,1,0,1,0
febrl3,0.84,1063,1,1,1,1,0,1,0
febrl3,0.84,1654,2,1,2,1,0,1,0
febrl3,0.84,1018,1,1,1,1,0,1,0
febrl3,0.84,1725,6,1,6,1,0,1,0
febrl3,0.84,413,1,1,1,1,0,1,0
febrl3,0.84,1225,1,1,1,1,0,1,0
febrl3,0.84,1246,1,1,1,1,0,1,0
febrl3,0.84,1147,1,1,1,1,0,1,0
febrl3,0.84,915,1,1,1,1,0,1,0
febrl3,0.84,1465,1,1,1,1,0,1,0
febrl3,0.84,184,1,1,1,1,0,1,0
febrl3,0.84,1525,2,1,2,1,0,1,0
febrl3,0.84,697,1,1,1,1,0,1,0
febrl3,0.84,1635,4,1,4,1,0,1,0
febrl3,0.84,712,1,1,1,1,0,1,0
febrl3,0.84,1420,6,2,6,2,0,2,0
febrl3,0.84,510,2,1,2,1,0,1,0
febrl3,0.84,17,1,1,1,1,0,1,0
febrl3,0.84,217,4,1,4,1,0,1,0
febrl3,0.84,670,6,1,6,1,0,1,0
febrl3,0.84,98,1,1,1,1,0,1,0
febrl3,0.84,1591,1,1,1,1,0,1,0
febrl3,0.84,1158,2,1,2,1,0,1,0
febrl3,0.84,1262,2,1,2,1,0,1,0
febrl3,0.84,819,3,1,3,1,0,1,0
febrl3,0.84,685,2,2,2,2,0,2,0
febrl3,0.84,1491,4,1,4,1,0,1,0
febrl3,0.84,47,5,1,5,1,0,1,0
febrl3,0.84,1837,1,1,1,1,0,1,0
febrl3,0.84,14,5,1,5,1,0,1,0
febrl3,0.84,1025,1,1,1,1,0,1,0
febrl3,0.84,763,1,1,1,1,0,1,0
febrl3,0.84,920,2,1,2,1,0,1,0
febrl3,0.84,1915,1,1,1,1,0,1,0
febrl3,0.84,89,1,1,1,1,0,1,0
febrl3,0.84,674,2,1,2,1,0,1,0
febrl3,0.84,50,2,1,2,1,0,1,0
febrl3,0.84,772,5,1,5,1,0,1,0
febrl3,0.84,620,2,1,2,1,0,1,0
febrl3,0.84,209,1,1,1,1,0,1,0
febrl3,0.84,1512,4,2,4,2,0,2,0
febrl3,0.84,243,1,1,1,1,0,1,0
febrl3,0.84,586,1,1,1,1,0,1,0
febrl3,0.84,1354,1,1,1,1,0,1,0
febrl3,0.84,1490,3,1,3,1,0,1,0
febrl3,0.84,1338,2,1,2,1,0,1,0
febrl3,0.84,1607,3,1,3,1,0,1,0
febrl3,0.84,1788,2,1,2,1,0,1,0
febrl3,0.84,170,1,1,1,1,0,1,0
febrl3,0.84,304,5,2,5,2,0,2,0
febrl3,0.84,829,4,2,4,2,0,2,0
febrl3,0.84,1691,1,1,1,1,0,1,0
febrl3,0.84,1205,1,1,1,1,0,1,0
febrl3,0.84,1930,1,1,1,1,0,1,0
febrl3,0.84,1485,1,1,1,1,0,1,0
febrl3,0.84,1202,1,1,1,1,0,1,0
febrl3,0.84,1385,1,1,1,1,0,1,0
febrl3,0.84,201,2,1,2,1,0,1,0
febrl3,0.84,43,1,1,1,1,0,1,0
febrl3,0.84,1912,3,1,3,1,0,1,0
febrl3,0.84,464,1,1,1,1,0,1,0
febrl3,0.84,1966,1,1,1,1,0,1,0
febrl3,0.84,1303,2,1,2,1,0,1,0
febrl3,0.84,1479,3,1,3,1,0,1,0
febrl3,0.84,1911,1,1,1,1,0,1,0
febrl3,0.84,3,3,1,3,1,0,1,0
febrl3,0.84,364,2,1,2,1,0,1,0
febrl3,0.84,1083,4,2,4,2,0,2,0
febrl3,0.84,715,1,1,1,1,0,1,0
febrl3,0.84,1383,4,2,4,2,0,2,0
febrl3,0.84,1414,1,1,1,1,0,1,0
febrl3,0.84,1795,1,1,1,1,0,1,0
febrl3,0.84,318,5,1,5,1,0,1,0
febrl3,0.84,979,1,1,1,1,0,1,0
febrl3,0.84,1867,2,2,2,2,0,2,0
febrl3,0.84,55,5,1,5,1,0,1,0
febrl3,0.84,937,4,1,4,1,0,1,0
febrl3,0.84,1058,3,1,3,1,0,1,0
febrl3,0.84,1419,4,1,4,1,0,1,0
febrl3,0.84,1865,3,1,3,1,0,1,0
febrl3,0.84,766,2,1,2,1,0,1,0
febrl3,0.84,1300,1,1,1,1,0,1,0
febrl3,0.84,355,4,1,4,1,0,1,0
febrl3,0.84,196,1,1,1,1,0,1,0
febrl3,0.84,252,1,1,1,1,0,1,0
febrl3,0.84,155,3,1,3,1,0,1,0
febrl3,0.84,926,1,1,1,1,0,1,0
febrl3,0.84,282,1,1,1,1,0,1,0
febrl3,0.84,1389,3,1,3,1,0,1,0
febrl3,0.84,1265,3,1,3,1,0,1,0
febrl3,0.84,1826,1,1,1,1,0,1,0
febrl3,0.84,1059,1,1,1,1,0,1,0
febrl3,0.84,1664,1,1,1,1,0,1,0
febrl3,0.84,767,4,1,4,1,0,1,0
febrl3,0.84,1905,1,1,1,1,0,1,0
febrl3,0.84,1500,2,1,2,1,0,1,0
febrl3,0.84,1274,1,1,1,1,0,1,0
febrl3,0.84,297,1,1,1,1,0,1,0
febrl3,0.84,1791,6,2,6,2,0,2,0
febrl3,0.84,972,3,1,3,1,0,1,0
febrl3,0.84,869,4,1,4,1,0,1,0
febrl3,0.84,500,5,1,5,1,0,1,0
febrl3,0.84,1709,2,1,2,1,0,1,0
febrl3,0.84,337,3,1,3,1,0,1,0
febrl3,0.84,1757,5,1,5,1,0,1,0
febrl3,0.84,1576,3,1,3,1,0,1,0
febrl3,0.84,606,1,1,1,1,0,1,0
febrl3,0.84,1299,1,1,1,1,0,1,0
febrl3,0.84,997,2,1,2,1,0,1,0
febrl3,0.84,1936,2,1,2,1,0,1,0
febrl3,0.84,1260,4,2,4,2,0,2,0
febrl3,0.84,1033,2,1,2,1,0,1,0
febrl3,0.84,315,3,1,3,1,0,1,0
febrl3,0.84,435,2,2,2,2,0,2,0
febrl3,0.84,1466,1,1,1,1,0,1,0
febrl3,0.84,491,3,1,3,1,0,1,0
febrl3,0.84,855,5,1,5,1,0,1,0
febrl3,0.84,1243,5,1,5,1,0,1,0
febrl3,0.84,795,1,1,1,1,0,1,0
febrl3,0.84,865,2,1,2,1,0,1,0
febrl3,0.84,394,5,1,5,1,0,1,0
febrl3,0.84,933,4,1,4,1,0,1,0
febrl3,0.84,1853,2,1,2,1,0,1,0
febrl3,0.84,973,1,1,1,1,0,1,0
febrl3,0.84,239,3,2,3,2,0,2,0
febrl3,0.84,253,1,1,1,1,0,1,0
febrl3,0.84,251,3,1,3,1,0,1,0
febrl3,0.84,610,1,1,1,1,0,1,0
febrl3,0.84,1541,2,2,2,2,0,2,0
febrl3,0.84,1711,2,1,2,1,0,1,0
febrl3,0.84,1704,4,1,4,1,0,1,0
febrl3,0.84,797,1,1,1,1,0,1,0
febrl3,0.84,248,3,1,3,1,0,1,0
febrl3,0.84,218,1,1,1,1,0,1,0
febrl3,0.84,63,1,1,1,1,0,1,0
febrl3,0.84,1612,1,1,1,1,0,1,0
febrl3,0.84,458,6,1,6,1,0,1,0
febrl3,0.84,1434,1,1,1,1,0,1,0
febrl3,0.84,1882,1,1,1,1,0,1,0
febrl3,0.84,369,1,1,1,1,0,1,0
febrl3,0.84,520,2,1,2,1,0,1,0
febrl3,0.84,1575,2,1,2,1,0,1,0
febrl3,0.84,1924,1,1,1,1,0,1,0
febrl3,0.84,932,2,1,2,1,0,1,0
febrl3,0.84,1116,1,1,1,1,0,1,0
febrl3,0.84,287,3,1,3,1,0,1,0
febrl3,0.84,48,2,1,2,1,0,1,0
febrl3,0.84,1166,1,1,1,1,0,1,0
febrl3,0.84,1259,2,1,2,1,0,1,0
febrl3,0.84,446,1,1,1,1,0,1,0
febrl3,0.84,770,3,2,3,2,0,2,0
febrl3,0.84,1476,1,1,1,1,0,1,0
febrl3,0.84,92,1,1,1,1,0,1,0
febrl3,0.84,1369,1,1,1,1,0,1,0
febrl3,0.84,1587,1,1,1,1,0,1,0
febrl3,0.84,1023,1,1,1,1,0,1,0
febrl3,0.84,411,2,1,2,1,0,1,0
febrl3,0.84,673,3,1,3,1,0,1,0
febrl3,0.84,1652,1,1,1,1,0,1,0
febrl3,0.84,866,2,1,2,1,0,1,0
febrl3,0.84,1447,1,1,1,1,0,1,0
febrl3,0.84,1689,1,1,1,1,0,1,0
febrl3,0.84,1568,2,1,2,1,0,1,0
febrl3,0.84,1802,2,1,2,1,0,1,0
febrl3,0.84,1860,6,1,6,1,0,1,0
febrl3,0.84,402,1,1,1,1,0,1,0
febrl3,0.84,558,1,1,1,1,0,1,0
febrl3,0.84,324,3,1,3,1,0,1,0
febrl3,0.84,1150,2,1,2,1,0,1,0
febrl3,0.84,652,2,2,2,2,0,2,0
febrl3,0.84,1223,2,1,2,1,0,1,0
febrl3,0.84,845,1,1,1,1,0,1,0
febrl3,0.84,1118,1,1,1,1,0,1,0
febrl3,0.84,1777,2,1,2,1,0,1,0
febrl3,0.84,2,1,1,1,1,0,1,0
febrl3,0.84,970,1,1,1,1,0,1,0
febrl3,0.84,359,2,1,2,1,0,1,0
febrl3,0.84,1310,2,1,2,1,0,1,0
febrl3,0.84,1413,1,1,1,1,0,1,0
febrl3,0.84,1769,6,1,6,1,0,1,0
febrl3,0.84,713,2,1,2,1,0,1,0
febrl3,0.84,677,2,1,2,1,0,1,0
febrl3,0.84,1946,1,1,1,1,0,1,0
febrl3,0.84,947,2,1,2,1,0,1,0
febrl3,0.84,512,2,1,2,1,0,1,0
febrl3,0.84,215,1,1,1,1,0,1,0
febrl3,0.84,1312,3,1,3,1,0,1,0
febrl3,0.84,1426,3,2,3,2,0,2,0
febrl3,0.84,863,2,1,2,1,0,1,0
febrl3,0.84,1306,1,1,1,1,0,1,0
febrl3,0.84,509,1,1,1,1,0,1,0
febrl3,0.84,1544,1,1,1,1,0,1,0
febrl3,0.84,982,3,2,3,2,0,2,0
febrl3,0.84,573,2,1,2,1,0,1,0
febrl3,0.84,1408,1,1,1,1,0,1,0
febrl3,0.84,898,3,1,3,1,0,1,0
febrl3,0.84,1066,1,1,1,1,0,1,0
febrl3,0.84,1146,1,1,1,1,0,1,0
febrl3,0.84,1292,1,1,1,1,0,1,0
febrl3,0.84,1071,6,1,6,1,0,1,0
febrl3,0.84,529,2,1,2,1,0,1,0
febrl3,0.84,166,3,1,3,1,0,1,0
febrl3,0.84,27,1,1,1,1,0,1,0
febrl3,0.84,9,1,1,1,1,0,1,0
febrl3,0.84,1710,1,1,1,1,0,1,0
febrl3,0.84,786,2,2,2,2,0,2,0
febrl3,0.84,1462,2,1,2,1,0,1,0
febrl3,0.84,963,1,1,1,1,0,1,0
febrl3,0.84,828,1,1,1,1,0,1,0
febrl3,0.84,1384,1,1,1,1,0,1,0
febrl3,0.84,1433,2,2,2,2,0,2,0
febrl3,0.84,366,1,1,1,1,0,1,0
febrl3,0.84,1603,1,1,1,1,0,1,0
febrl3,0.84,1744,2,1,2,1,0,1,0
febrl3,0.84,269,1,1,1,1,0,1,0
febrl3,0.84,204,1,1,1,1,0,1,0
febrl3,0.84,1043,1,1,1,1,0,1,0
febrl3,0.84,353,3,1,3,1,0,1,0
febrl3,0.84,1316,6,1,6,1,0,1,0
febrl3,0.84,1840,2,1,2,1,0,1,0
febrl3,0.84,983,2,1,2,1,0,1,0
febrl3,0.84,912,2,1,2,1,0,1,0
febrl3,0.84,1578,1,1,1,1,0,1,0
febrl3,0.84,1245,1,1,1,1,0,1,0
febrl3,0.84,124,1,1,1,1,0,1,0
febrl3,0.84,403,2,1,2,1,0,1,0
febrl3,0.84,679,3,2,3,2,0,2,0
febrl3,0.84,1122,1,1,1,1,0,1,0
febrl3,0.84,173,1,1,1,1,0,1,0
febrl3,0.84,1263,1,1,1,1,0,1,0
febrl3,0.84,419,3,2,3,2,0,2,0
febrl3,0.84,343,2,1,2,1,0,1,0
febrl3,0.84,1786,2,1,2,1,0,1,0
febrl3,0.84,681,1,1,1,1,0,1,0
febrl3,0.84,1003,1,1,1,1,0,1,0
febrl3,0.84,1151,5,1,5,1,0,1,0
febrl3,0.84,1527,4,1,4,1,0,1,0
febrl3,0.84,1253,1,1,1,1,0,1,0
febrl3,0.84,328,1,1,1,1,0,1,0
febrl3,0.84,958,1,1,1,1,0,1,0
febrl3,0.84,97,1,1,1,1,0,1,0
febrl3,0.84,1186,2,1,2,1,0,1,0
febrl3,0.84,1780,2,1,2,1,0,1,0
febrl3,0.84,189,1,1,1,1,0,1,0
febrl3,0.84,1868,1,1,1,1,0,1,0
febrl3,0.84,1965,1,1,1,1,0,1,0
febrl3,0.84,1417,6,2,6,2,0,2,0
febrl3,0.84,1067,2,1,2,1,0,1,0
febrl3,0.84,1078,1,1,1,1,0,1,0
febrl3,0.84,1210,4,2,4,2,0,2,0
febrl3,0.84,1045,1,1,1,1,0,1,0
febrl3,0.84,892,2,2,2,2,0,2,0
febrl3,0.84,908,2,1,2,1,0,1,0
febrl3,0.84,525,2,1,2,1,0,1,0
febrl3,0.84,1074,1,1,1,1,0,1,0
febrl3,0.84,1238,1,1,1,1,0,1,0
febrl3,0.84,1593,1,1,1,1,0,1,0
febrl3,0.84,739,2,1,2,1,0,1,0
febrl3,0.84,1012,4,1,4,1,0,1,0
febrl3,0.84,1405,1,1,1,1,0,1,0
febrl3,0.84,1468,1,1,1,1,0,1,0
febrl3,0.84,1176,3,1,3,1,0,1,0
febrl3,0.84,617,1,1,1,1,0,1,0
febrl3,0.84,873,3,1,3,1,0,1,0
febrl3,0.84,1678,2,2,2,2,0,2,0
febrl3,0.84,1188,1,1,1,1,0,1,0
febrl3,0.84,453,2,1,2,1,0,1,0
febrl3,0.84,1597,2,1,2,1,0,1,0
febrl3,0.84,1237,1,1,1,1,0,1,0
febrl3,0.84,1332,3,2,3,2,0,2,0
febrl3,0.84,178,5,1,5,1,0,1,0
febrl3,0.84,574,2,1,2,1,0,1,0
febrl3,0.84,1034,4,1,4,1,0,1,0
febrl3,0.84,19,1,1,1,1,0,1,0
febrl3,0.84,1847,1,1,1,1,0,1,0
febrl3,0.84,523,1,1,1,1,0,1,0
febrl3,0.84,1060,1,1,1,1,0,1,0
febrl3,0.84,588,1,1,1,1,0,1,0
febrl3,0.84,641,5,1,5,1,0,1,0
febrl3,0.84,1893,1,1,1,1,0,1,0
febrl3,0.84,1599,1,1,1,1,0,1,0
febrl3,0.84,1021,2,1,2,1,0,1,0
febrl3,0.84,832,1,1,1,1,0,1,0
febrl3,0.84,1000,3,1,3,1,0,1,0
febrl3,0.84,1858,1,1,1,1,0,1,0
febrl3,0.84,392,2,1,2,1,0,1,0
febrl3,0.84,112,1,1,1,1,0,1,0
febrl3,0.84,951,2,1,2,1,0,1,0
febrl3,0.84,1558,1,1,1,1,0,1,0
febrl3,0.84,1269,1,1,1,1,0,1,0
febrl3,0.84,26,1,1,1,1,0,1,0
febrl3,0.84,164,2,1,2,1,0,1,0
febrl3,0.84,820,1,1,1,1,0,1,0
febrl3,0.84,745,1,1,1,1,0,1,0
febrl3,0.84,1594,2,1,2,1,0,1,0
febrl3,0.84,748,2,1,2,1,0,1,0
febrl3,0.84,1432,1,1,1,1,0,1,0
febrl3,0.84,1172,1,1,1,1,0,1,0
febrl3,0.84,680,1,1,1,1,0,1,0
febrl3,0.84,1872,1,1,1,1,0,1,0
febrl3,0.84,587,1,1,1,1,0,1,0
febrl3,0.84,1201,2,1,2,1,0,1,0
febrl3,0.84,1977,1,1,1,1,0,1,0
febrl3,0.84,1252,3,1,3,1,0,1,0
febrl3,0.84,456,4,1,4,1,0,1,0
febrl3,0.84,1142,1,1,1,1,0,1,0
febrl3,0.84,270,1,1,1,1,0,1,0
febrl3,0.84,1984,1,1,1,1,0,1,0
febrl3,0.84,493,1,1,1,1,0,1,0
febrl3,0.84,221,1,1,1,1,0,1,0
febrl3,0.84,463,1,1,1,1,0,1,0
febrl3,0.84,205,1,1,1,1,0,1,0
febrl3,0.84,1818,1,1,1,1,0,1,0
febrl3,0.84,1900,1,1,1,1,0,1,0
febrl3,0.84,1112,1,1,1,1,0,1,0
febrl3,0.84,1741,1,1,1,1,0,1,0
febrl3,0.84,1805,1,1,1,1,0,1,0
febrl3,0.84,1580,1,1,1,1,0,1,0
febrl3,0.84,1557,1,1,1,1,0,1,0
febrl3,0.84,1315,1,1,1,1,0,1,0
febrl3,0.84,782,3,1,3,1,0,1,0
febrl3,0.84,1628,1,1,1,1,0,1,0
febrl3,0.84,262,5,2,5,2,0,2,0
febrl3,0.84,1472,2,1,2,1,0,1,0
febrl3,0.84,38,3,2,3,2,0,2,0
febrl3,0.84,1682,1,1,1,1,0,1,0
febrl3,0.84,1807,1,1,1,1,0,1,0
febrl3,0.84,976,6,2,6,2,0,2,0
febrl3,0.84,1455,1,1,1,1,0,1,0
febrl3,0.84,1595,1,1,1,1,0,1,0
febrl3,0.84,1248,4,1,4,1,0,1,0
febrl3,0.84,1719,1,1,1,1,0,1,0
febrl3,0.84,1305,3,1,3,1,0,1,0
febrl3,0.84,1891,1,1,1,1,0,1,0
febrl3,0.84,1871,1,1,1,1,0,1,0
febrl3,0.84,969,1,1,1,1,0,1,0
febrl3,0.84,590,2,1,2,1,0,1,0
febrl3,0.84,207,1,1,1,1,0,1,0
febrl3,0.84,1913,1,1,1,1,0,1,0
febrl3,0.84,1102,3,1,3,1,0,1,0
febrl3,0.84,1658,1,1,1,1,0,1,0
febrl3,0.84,986,1,1,1,1,0,1,0
febrl3,0.84,1503,4,1,4,1,0,1,0
febrl3,0.84,616,2,1,2,1,0,1,0
febrl3,0.84,1844,2,1,2,1,0,1,0
febrl3,0.84,1016,1,1,1,1,0,1,0
febrl3,0.84,150,2,1,2,1,0,1,0
febrl3,0.84,560,3,1,3,1,0,1,0
febrl3,0.84,1168,2,1,2,1,0,1,0
febrl3,0.84,789,3,1,3,1,0,1,0
febrl3,0.84,881,3,1,3,1,0,1,0
febrl3,0.84,644,1,1,1,1,0,1,0
febrl3,0.84,1046,1,1,1,1,0,1,0
febrl3,0.84,62,2,1,2,1,0,1,0
febrl3,0.84,1779,6,1,6,1,0,1,0
febrl3,0.84,1495,1,1,1,1,0,1,0
febrl3,0.84,330,5,1,5,1,0,1,0
febrl3,0.84,1184,1,1,1,1,0,1,0
febrl3,0.84,1318,4,1,4,1,0,1,0
febrl3,0.84,1351,1,1,1,1,0,1,0
febrl3,0.84,339,1,1,1,1,0,1,0
febrl3,0.84,101,1,1,1,1,0,1,0
febrl3,0.84,840,1,1,1,1,0,1,0
febrl3,0.84,906,1,1,1,1,0,1,0
febrl3,0.84,858,1,1,1,1,0,1,0
febrl3,0.84,1586,1,1,1,1,0,1,0
febrl3,0.84,1381,3,1,3,1,0,1,0
febrl3,0.84,721,5,2,5,2,0,2,0
febrl3,0.84,953,1,1,1,1,0,1,0
febrl3,0.84,727,1,1,1,1,0,1,0
febrl3,0.84,1429,1,1,1,1,0,1,0
febrl3,0.84,1250,3,1,3,1,0,1,0
febrl3,0.84,1530,1,1,1,1,0,1,0
febrl3,0.84,465,1,1,1,1,0,1,0
febrl3,0.84,1330,1,1,1,1,0,1,0
febrl3,0.84,513,1,1,1,1,0,1,0
febrl3,0.84,625,1,1,1,1,0,1,0
febrl3,0.84,1311,1,1,1,1,0,1,0
febrl3,0.84,800,2,1,2,1,0,1,0
febrl3,0.84,1796,2,1,2,1,0,1,0
febrl3,0.84,222,1,1,1,1,0,1,0
febrl3,0.84,409,1,1,1,1,0,1,0
febrl3,0.84,317,1,1,1,1,0,1,0
febrl3,0.84,72,1,1,1,1,0,1,0
febrl3,0.84,940,1,1,1,1,0,1,0
febrl3,0.84,722,1,1,1,1,0,1,0
febrl3,0.84,1108,2,1,2,1,0,1,0
febrl3,0.84,886,3,2,3,2,0,2,0
febrl3,0.84,20,1,1,1,1,0,1,0
febrl3,0.84,1724,1,1,1,1,0,1,0
febrl3,0.84,471,1,1,1,1,0,1,0
febrl3,0.84,1909,1,1,1,1,0,1,0
febrl3,0.84,1189,1,1,1,1,0,1,0
febrl3,0.84,864,1,1,1,1,0,1,0
febrl3,0.84,1962,1,1,1,1,0,1,0
febrl3,0.84,360,1,1,1,1,0,1,0
febrl3,0.84,1974,2,1,2,1,0,1,0
febrl3,0.84,1932,1,1,1,1,0,1,0
febrl3,0.84,350,1,1,1,1,0,1,0
febrl3,0.84,404,1,1,1,1,0,1,0
febrl3,0.84,1163,2,1,2,1,0,1,0
febrl3,0.84,1619,1,1,1,1,0,1,0
febrl3,0.84,1051,2,1,2,1,0,1,0
febrl3,0.84,30,1,1,1,1,0,1,0
febrl3,0.84,363,1,1,1,1,0,1,0
febrl3,0.84,225,1,1,1,1,0,1,0
febrl3,0.84,1533,1,1,1,1,0,1,0
febrl3,0.84,1377,3,1,3,1,0,1,0
febrl3,0.84,185,1,1,1,1,0,1,0
febrl3,0.84,53,1,1,1,1,0,1,0
febrl3,0.84,692,1,1,1,1,0,1,0
febrl3,0.84,822,2,2,2,2,0,2,0
febrl3,0.84,22,2,2,2,2,0,2,0
febrl3,0.84,664,3,1,3,1,0,1,0
febrl3,0.84,349,2,1,2,1,0,1,0
febrl3,0.84,135,3,1,3,1,0,1,0
febrl3,0.84,1836,1,1,1,1,0,1,0
febrl3,0.84,714,1,1,1,1,0,1,0
febrl3,0.84,386,1,1,1,1,0,1,0
febrl3,0.84,1474,1,1,1,1,0,1,0
febrl3,0.84,466,1,1,1,1,0,1,0
febrl3,0.84,1573,2,1,2,1,0,1,0
febrl3,0.84,842,1,1,1,1,0,1,0
febrl3,0.84,451,1,1,1,1,0,1,0
febrl3,0.84,927,1,1,1,1,0,1,0
febrl3,0.84,1199,1,1,1,1,0,1,0
febrl3,0.84,781,2,1,2,1,0,1,0
febrl3,0.84,448,1,1,1,1,0,1,0
febrl3,0.84,1030,1,1,1,1,0,1,0
febrl3,0.84,1409,1,1,1,1,0,1,0
febrl3,0.84,1101,1,1,1,1,0,1,0
febrl3,0.84,950,1,1,1,1,0,1,0
febrl3,0.84,476,4,2,4,2,0,2,0
febrl3,0.84,1239,1,1,1,1,0,1,0
febrl3,0.84,736,1,1,1,1,0,1,0
febrl3,0.84,1088,1,1,1,1,0,1,0
febrl3,0.84,376,1,1,1,1,0,1,0
febrl3,0.84,387,2,1,2,1,0,1,0
febrl3,0.84,1574,3,1,3,1,0,1,0
febrl3,0.84,1119,2,1,2,1,0,1,0
febrl3,0.84,1167,1,1,1,1,0,1,0
febrl3,0.84,34,1,1,1,1,0,1,0
febrl3,0.84,379,1,1,1,1,0,1,0
febrl3,0.84,0,1,1,1,1,0,1,0
febrl3,0.84,1640,2,1,2,1,0,1,0
febrl3,0.84,325,1,1,1,1,0,1,0
febrl3,0.84,1519,1,1,1,1,0,1,0
febrl3,0.84,1663,1,1,1,1,0,1,0
febrl3,0.84,174,2,1,2,1,0,1,0
febrl3,0.84,1551,1,1,1,1,0,1,0
febrl3,0.84,1582,1,1,1,1,0,1,0
febrl3,0.84,1922,3,1,3,1,0,1,0
febrl3,0.84,206,1,1,1,1,0,1,0
febrl3,0.84,1859,1,1,1,1,0,1,0
febrl3,0.84,1964,1,1,1,1,0,1,0
febrl3,0.84,792,1,1,1,1,0,1,0
febrl3,0.84,1698,1,1,1,1,0,1,0
febrl3,0.84,60,1,1,1,1,0,1,0
febrl3,0.84,1098,1,1,1,1,0,1,0
febrl3,0.84,154,1,1,1,1,0,1,0
febrl3,0.84,119,2,1,2,1,0,1,0
febrl3,0.84,1902,3,1,3,1,0,1,0
febrl3,0.84,340,1,1,1,1,0,1,0
febrl3,0.84,1702,1,1,1,1,0,1,0
febrl3,0.84,1605,3,2,3,2,0,2,0
febrl3,0.84,1206,1,1,1,1,0,1,0
febrl3,0.84,1633,1,1,1,1,0,1,0
febrl3,0.84,16,2,1,2,1,0,1,0
febrl3,0.84,383,1,1,1,1,0,1,0
febrl3,0.84,1096,1,1,1,1,0,1,0
febrl3,0.84,95,2,2,2,2,0,2,0
febrl3,0.84,117,3,1,3,1,0,1,0
febrl3,0.84,1869,1,1,1,1,0,1,0
febrl3,0.84,229,1,1,1,1,0,1,0
febrl3,0.84,1325,1,1,1,1,0,1,0
febrl3,0.84,1572,1,1,1,1,0,1,0
febrl3,0.84,925,1,1,1,1,0,1,0
febrl3,0.84,1235,1,1,1,1,0,1,0
febrl3,0.84,1625,4,2,4,2,0,2,0
febrl3,0.84,1110,1,1,1,1,0,1,0
febrl3,0.84,333,1,1,1,1,0,1,0
febrl3,0.84,1181,1,1,1,1,0,1,0
febrl3,0.84,1705,1,1,1,1,0,1,0
febrl3,0.84,1839,1,1,1,1,0,1,0
febrl3,0.84,1055,1,1,1,1,0,1,0
febrl3,0.84,1906,2,1,2,1,0,1,0
febrl3,0.84,778,1,1,1,1,0,1,0
febrl3,0.84,1854,1,1,1,1,0,1,0
febrl3,0.84,621,2,1,2,1,0,1,0
febrl3,0.84,843,1,1,1,1,0,1,0
febrl3,0.84,1378,2,2,2,2,0,2,0
febrl3,0.84,1431,1,1,1,1,0,1,0
febrl3,0.84,1508,1,1,1,1,0,1,0
febrl3,0.84,301,1,1,1,1,0,1,0
febrl3,0.84,975,1,1,1,1,0,1,0
febrl3,0.84,468,1,1,1,1,0,1,0
febrl3,0.84,811,1,1,1,1,0,1,0
febrl3,0.84,758,1,1,1,1,0,1,0
febrl3,0.84,389,1,1,1,1,0,1,0
febrl3,0.84,1090,1,1,1,1,0,1,0
febrl3,0.84,1875,1,1,1,1,0,1,0
febrl3,0.84,1563,1,1,1,1,0,1,0
febrl3,0.84,1120,1,1,1,1,0,1,0
febrl3,0.84,1386,1,1,1,1,0,1,0
febrl3,0.84,1344,3,1,3,1,0,1,0
febrl3,0.84,1608,2,1,2,1,0,1,0
febrl3,0.84,1636,2,1,2,1,0,1,0
febrl3,0.84,357,2,1,2,1,0,1,0
febrl3,0.84,1754,1,1,1,1,0,1,0
febrl3,0.84,741,1,1,1,1,0,1,0
febrl3,0.84,1187,1,1,1,1,0,1,0
febrl3,0.84,669,4,1,4,1,0,1,0
febrl3,0.84,1997,1,1,1,1,0,1,0
febrl3,0.84,728,1,1,1,1,0,1,0
febrl3,0.84,956,1,1,1,1,0,1,0
febrl3,0.84,1293,3,1,3,1,0,1,0
febrl3,0.84,183,1,1,1,1,0,1,0
febrl3,0.84,1208,1,1,1,1,0,1,0
febrl3,0.84,1404,2,1,2,1,0,1,0
febrl3,0.84,1309,1,1,1,1,0,1,0
febrl3,0.84,1139,1,1,1,1,0,1,0
febrl3,0.84,1934,2,1,2,1,0,1,0
febrl3,0.84,110,1,1,1,1,0,1,0
febrl3,0.84,1356,1,1,1,1,0,1,0
febrl3,0.84,754,1,1,1,1,0,1,0
febrl3,0.84,1982,2,1,2,1,0,1,0
febrl3,0.84,1841,1,1,1,1,0,1,0
febrl3,0.84,1787,1,1,1,1,0,1,0
febrl3,0.84,1874,1,1,1,1,0,1,0
febrl3,0.84,405,1,1,1,1,0,1,0
febrl3,0.84,902,2,2,2,2,0,2,0
febrl3,0.84,417,1,1,1,1,0,1,0
febrl3,0.84,69,2,1,2,1,0,1,0
febrl3,0.84,1507,1,1,1,1,0,1,0
febrl3,0.84,1192,1,1,1,1,0,1,0
febrl3,0.84,1734,1,1,1,1,0,1,0
febrl3,0.84,1601,2,1,2,1,0,1,0
febrl3,0.84,1064,1,1,1,1,0,1,0
febrl3,0.84,1267,1,1,1,1,0,1,0
febrl3,0.84,1284,1,1,1,1,0,1,0
febrl3,0.84,1774,1,1,1,1,0,1,0
febrl3,0.84,1321,2,1,2,1,0,1,0
febrl3,0.84,1675,1,1,1,1,0,1,0
febrl3,0.84,1656,2,1,2,1,0,1,0
febrl3,0.84,1240,2,2,2,2,0,2,0
febrl3,0.84,814,1,1,1,1,0,1,0
febrl3,0.84,420,1,1,1,1,0,1,0
febrl3,0.84,422,1,1,1,1,0,1,0
febrl3,0.84,1010,1,1,1,1,0,1,0
febrl3,0.84,1884,1,1,1,1,0,1,0
febrl3,0.84,884,1,1,1,1,0,1,0
febrl3,0.84,1104,3,1,3,1,0,1,0
febrl3,0.84,1759,1,1,1,1,0,1,0
febrl3,0.84,726,1,1,1,1,0,1,0
febrl3,0.84,1005,1,1,1,1,0,1,0
febrl3,0.84,1556,1,1,1,1,0,1,0
febrl3,0.84,563,1,1,1,1,0,1,0
febrl3,0.84,746,2,2,2,2,0,2,0
febrl3,0.84,134,1,1,1,1,0,1,0
febrl3,0.84,399,2,1,2,1,0,1,0
febrl3,0.84,622,1,1,1,1,0,1,0
febrl3,0.84,220,1,1,1,1,0,1,0
febrl3,0.84,113,1,1,1,1,0,1,0
febrl3,0.84,1923,2,1,2,1,0,1,0
febrl3,0.84,1798,1,1,1,1,0,1,0
febrl3,0.84,1843,1,1,1,1,0,1,0
febrl3,0.84,1038,1,1,1,1,0,1,0
febrl3,0.84,1261,4,2,4,2,0,2,0
febrl3,0.84,65,1,1,1,1,0,1,0
febrl3,0.84,1624,4,1,4,1,0,1,0
febrl3,0.84,51,1,1,1,1,0,1,0
febrl3,0.84,1535,1,1,1,1,0,1,0
febrl3,0.84,1019,1,1,1,1,0,1,0
febrl3,0.84,556,1,1,1,1,0,1,0
febrl3,0.84,492,1,1,1,1,0,1,0
febrl3,0.84,1358,1,1,1,1,0,1,0
febrl3,0.84,240,1,1,1,1,0,1,0
febrl3,0.84,998,1,1,1,1,0,1,0
febrl3,0.84,1819,1,1,1,1,0,1,0
febrl3,0.84,40,1,1,1,1,0,1,0
febrl3,0.84,1449,1,1,1,1,0,1,0
febrl3,0.84,1328,1,1,1,1,0,1,0
febrl3,0.84,1422,2,1,2,1,0,1,0
febrl3,0.84,815,1,1,1,1,0,1,0
febrl3,0.84,831,1,1,1,1,0,1,0
febrl3,0.84,1095,2,1,2,1,0,1,0
febrl3,0.84,68,4,2,4,2,0,2,0
febrl3,0.84,608,1,1,1,1,0,1,0
febrl3,0.84,903,2,1,2,1,0,1,0
febrl3,0.84,1516,1,1,1,1,0,1,0
febrl3,0.84,1396,1,1,1,1,0,1,0
febrl3,0.84,613,2,1,2,1,0,1,0
febrl3,0.84,1339,1,1,1,1,0,1,0
febrl3,0.84,1896,1,1,1,1,0,1,0
febrl3,0.84,1713,1,1,1,1,0,1,0
febrl3,0.84,791,2,1,2,1,0,1,0
febrl3,0.84,1349,1,1,1,1,0,1,0
febrl3,0.84,235,2,1,2,1,0,1,0
febrl3,0.84,1524,1,1,1,1,0,1,0
febrl3,0.84,1885,1,1,1,1,0,1,0
febrl3,0.84,626,3,1,3,1,0,1,0
febrl3,0.84,984,1,1,1,1,0,1,0
febrl3,0.84,1955,1,1,1,1,0,1,0
febrl3,0.84,695,2,1,2,1,0,1,0
febrl3,0.84,1935,1,1,1,1,0,1,0
febrl3,0.84,1291,2,1,2,1,0,1,0
febrl3,0.84,1137,1,1,1,1,0,1,0
febrl3,0.84,425,1,1,1,1,0,1,0
febrl3,0.84,94,2,1,2,1,0,1,0
febrl3,0.84,273,1,1,1,1,0,1,0
febrl3,0.84,181,1,1,1,1,0,1,0
febrl3,0.84,1998,1,1,1,1,0,1,0
febrl3,0.84,663,1,1,1,1,0,1,0
febrl3,0.84,1933,1,1,1,1,0,1,0
febrl3,0.84,1898,1,1,1,1,0,1,0
febrl3,0.84,1887,1,1,1,1,0,1,0
febrl3,0.84,1542,1,1,1,1,0,1,0
febrl3,0.84,45,1,1,1,1,0,1,0
febrl3,0.84,1326,1,1,1,1,0,1,0
febrl3,0.84,565,1,1,1,1,0,1,0
febrl3,0.84,1149,1,1,1,1,0,1,0
febrl3,0.84,1380,1,1,1,1,0,1,0
febrl3,0.84,1653,1,1,1,1,0,1,0
febrl3,0.84,377,1,1,1,1,0,1,0
febrl3,0.84,1856,1,1,1,1,0,1,0
febrl3,0.84,518,1,1,1,1,0,1,0
febrl3,0.84,1631,1,1,1,1,0,1,0
febrl3,0.84,271,1,1,1,1,0,1,0
febrl3,0.84,1638,1,1,1,1,0,1,0
febrl3,0.84,132,1,1,1,1,0,1,0
febrl3,0.84,1659,1,1,1,1,0,1,0
febrl3,0.84,1395,1,1,1,1,0,1,0
febrl3,0.84,226,1,1,1,1,0,1,0
febrl3,0.84,768,1,1,1,1,0,1,0
febrl3,0.84,1020,1,1,1,1,0,1,0
febrl3,0.84,1327,2,1,2,1,0,1,0
febrl3,0.84,1106,1,1,1,1,0,1,0
febrl3,0.84,1738,1,1,1,1,0,1,0
febrl3,0.84,1592,1,1,1,1,0,1,0
febrl3,0.84,1634,1,1,1,1,0,1,0
febrl3,0.84,1529,2,1,2,1,0,1,0
febrl3,0.84,580,1,1,1,1,0,1,0
febrl3,0.84,1846,2,1,2,1,0,1,0
febrl3,0.84,1866,1,1,1,1,0,1,0
febrl3,0.84,163,2,1,2,1,0,1,0
febrl3,0.84,1733,1,1,1,1,0,1,0
febrl3,0.84,488,1,1,1,1,0,1,0
febrl3,0.84,1613,1,1,1,1,0,1,0
febrl3,0.84,989,1,1,1,1,0,1,0
febrl3,0.84,730,1,1,1,1,0,1,0
febrl3,0.84,1480,1,1,1,1,0,1,0
febrl3,0.84,407,1,1,1,1,0,1,0
febrl3,0.84,1849,1,1,1,1,0,1,0
febrl3,0.84,806,1,1,1,1,0,1,0
febrl3,0.84,589,1,1,1,1,0,1,0
febrl3,0.84,994,1,1,1,1,0,1,0
febrl3,0.84,162,1,1,1,1,0,1,0
febrl3,0.84,740,1,1,6,1,1,2,5
febrl3,0.84,424,1,1,1,1,0,1,0
febrl3,0.84,1676,1,1,1,1,0,1,0
febrl3,0.84,1170,1,1,1,1,0,1,0
febrl3,0.84,1627,1,1,1,1,0,1,0
febrl3,0.84,654,1,1,1,1,0,1,0
febrl3,0.84,431,1,1,1,1,0,1,0
febrl3,0.84,1169,1,1,1,1,0,1,0
febrl3,0.84,227,1,1,1,1,0,1,0
febrl3,0.84,441,1,1,1,1,0,1,0
febrl3,0.84,469,1,1,1,1,0,1,0
febrl3,0.84,1700,1,1,1,1,0,1,0
febrl3,0.84,172,1,1,1,1,0,1,0
febrl3,0.84,1927,1,1,1,1,0,1,0
febrl3,0.84,298,1,1,1,1,0,1,0
febrl3,0.84,149,1,1,1,1,0,1,0
febrl3,0.84,335,1,1,1,1,0,1,0
febrl3,0.84,966,1,1,1,1,0,1,0
febrl3,0.84,783,1,1,1,1,0,1,0
febrl3,0.84,578,1,1,1,1,0,1,0
febrl3,0.84,487,1,1,1,1,0,1,0
febrl3,0.84,1650,1,1,1,1,0,1,0
febrl3,0.84,1209,1,1,1,1,0,1,0
febrl3,0.84,496,1,1,1,1,0,1,0
febrl3,0.84,535,1,1,1,1,0,1,0
febrl3,0.84,1197,1,1,1,1,0,1,0
febrl3,0.84,1666,1,1,1,1,0,1,0
febrl3,0.84,308,1,1,1,1,0,1,0
febrl3,0.84,1732,1,1,1,1,0,1,0
febrl3,0.84,322,1,1,1,1,0,1,0
febrl3,0.84,191,1,1,1,1,0,1,0
febrl3,0.84,168,1,1,1,1,0,1,0
febrl3,0.84,1735,1,1,1,1,0,1,0
febrl3,0.84,1282,2,2,2,2,0,2,0
febrl3,0.84,798,1,1,1,1,0,1,0
febrl3,0.84,345,1,1,1,1,0,1,0
febrl3,0.84,1317,1,1,1,1,0,1,0
febrl3,0.84,742,1,1,1,1,0,1,0
febrl3,0.84,690,1,1,1,1,0,1,0
febrl3,0.84,213,1,1,1,1,0,1,0
febrl3,0.84,484,1,1,1,1,0,1,0
febrl3,0.84,1400,1,1,1,1,0,1,0
febrl3,0.84,136,1,1,1,1,0,1,0
febrl3,0.84,1441,1,1,1,1,0,1,0
febrl3,0.84,1194,1,1,1,1,0,1,0
febrl3,0.84,1952,1,1,1,1,0,1,0
febrl3,0.84,1008,1,1,1,1,0,1,0
febrl3,0.84,889,1,1,1,1,0,1,0
febrl3,0.84,1391,1,1,1,1,0,1,0
febrl3,0.84,93,1,1,1,1,0,1,0
febrl3,0.84,1792,1,1,1,1,0,1,0
febrl3,0.84,506,1,1,1,1,0,1,0
febrl3,0.84,949,1,1,1,1,0,1,0
febrl3,0.84,1701,1,1,1,1,0,1,0
febrl3,0.84,311,1,1,1,1,0,1,0
febrl3,0.84,689,1,1,1,1,0,1,0
febrl3,0.84,521,2,1,2,1,0,1,0
febrl3,0.84,429,1,1,1,1,0,1,0
febrl3,0.84,122,1,1,1,1,0,1,0
febrl3,0.84,504,1,1,1,1,0,1,0
febrl3,0.84,1751,1,1,1,1,0,1,0
febrl3,0.84,88,1,1,1,1,0,1,0
febrl3,0.84,756,1,1,1,1,0,1,0
febrl3,0.84,1552,1,1,1,1,0,1,0
febrl3,0.84,939,2,1,2,1,0,1,0
febrl3,0.84,490,1,1,1,1,0,1,0
febrl3,0.84,787,1,1,1,1,0,1,0
febrl3,0.84,1748,1,1,1,1,0,1,0
febrl3,0.84,1687,1,1,1,1,0,1,0
febrl3,0.84,1679,1,1,1,1,0,1,0
febrl3,0.84,1956,2,1,2,1,0,1,0
febrl3,0.84,1372,1,1,1,1,0,1,0
febrl3,0.84,214,2,1,2,1,0,1,0
febrl3,0.84,1752,1,1,1,1,0,1,0
febrl3,0.84,999,1,1,1,1,0,1,0
febrl3,0.84,1861,1,1,1,1,0,1,0
febrl3,0.84,776,1,1,1,1,0,1,0
febrl3,0.84,18,1,1,1,1,0,1,0
febrl3,0.84,1649,1,1,1,1,0,1,0
febrl3,0.84,1171,1,1,1,1,0,1,0
febrl3,0.84,648,1,1,1,1,0,1,0
febrl3,0.84,852,1,1,1,1,0,1,0
febrl3,0.84,1677,1,1,1,1,0,1,0
febrl3,0.84,36,1,1,1,1,0,1,0
febrl3,0.84,1049,1,1,1,1,0,1,0
febrl3,0.84,241,1,1,1,1,0,1,0
febrl3,0.84,1198,1,1,1,1,0,1,0
febrl3,0.84,813,1,1,1,1,0,1,0
febrl3,0.84,1888,1,1,1,1,0,1,0
febrl3,0.84,1283,1,1,1,1,0,1,0
febrl3,0.84,630,1,1,1,1,0,1,0
febrl3,0.84,1435,2,1,2,1,0,1,0
febrl3,0.84,851,1,1,1,1,0,1,0
febrl3,0.84,938,1,1,1,1,0,1,0
febrl3,0.84,1461,1,1,1,1,0,1,0
febrl3,0.84,1195,1,1,1,1,0,1,0
febrl3,0.84,536,1,1,1,1,0,1,0
febrl3,0.84,1833,1,1,1,1,0,1,0
febrl3,0.84,1661,1,1,1,1,0,1,0
febrl3,0.84,1458,1,1,1,1,0,1,0
febrl3,0.84,265,1,1,1,1,0,1,0
febrl3,0.84,870,1,1,1,1,0,1,0
febrl3,0.84,1477,1,1,1,1,0,1,0
febrl3,0.84,502,1,1,1,1,0,1,0
febrl3,0.88,1496,1,1,1,1,0,1,0
febrl3,0.88,552,5,1,5,1,0,1,0
febrl3,0.88,988,3,2,3,2,0,2,0
febrl3,0.88,1716,4,1,4,1,0,1,0
febrl3,0.88,1213,1,1,1,1,0,1,0
febrl3,0.88,193,1,1,1,1,0,1,0
febrl3,0.88,264,3,1,3,1,0,1,0
febrl3,0.88,1695,5,2,5,2,0,2,0
febrl3,0.88,875,2,1,2,1,0,1,0
febrl3,0.88,1778,3,1,3,1,0,1,0
febrl3,0.88,1696,3,1,3,1,0,1,0
febrl3,0.88,382,3,1,3,1,0,1,0
febrl3,0.88,442,2,1,2,1,0,1,0
febrl3,0.88,1671,5,1,5,1,0,1,0
febrl3,0.88,1816,3,1,3,1,0,1,0
febrl3,0.88,459,6,2,6,2,0,2,0
febrl3,0.88,1881,3,1,3,1,0,1,0
febrl3,0.88,729,2,1,2,1,0,1,0
febrl3,0.88,575,5,1,5,1,0,1,0
febrl3,0.88,1688,1,1,1,1,0,1,0
febrl3,0.88,292,2,1,2,1,0,1,0
febrl3,0.88,834,3,2,3,2,0,2,0
febrl3,0.88,1943,2,1,2,1,0,1,0
febrl3,0.88,1611,4,1,4,1,0,1,0
febrl3,0.88,1706,4,2,4,2,0,2,0
febrl3,0.88,462,1,1,1,1,0,1,0
febrl3,0.88,1626,1,1,1,1,0,1,0
febrl3,0.88,408,4,2,4,2,0,2,0
febrl3,0.88,1224,2,1,2,1,0,1,0
febrl3,0.88,1561,6,1,6,1,0,1,0
febrl3,0.88,1723,4,1,4,1,0,1,0
febrl3,0.88,182,1,1,1,1,0,1,0
febrl3,0.88,1781,2,1,2,1,0,1,0
febrl3,0.88,1614,2,1,2,1,0,1,0
febrl3,0.88,885,6,1,6,1,0,1,0
febrl3,0.88,1690,4,1,4,1,0,1,0
febrl3,0.88,1217,5,2,5,2,0,2,0
febrl3,0.88,1830,4,1,4,1,0,1,0
febrl3,0.88,208,2,2,2,2,0,2,0
febrl3,0.88,32,2,1,2,1,0,1,0
febrl3,0.88,799,5,1,5,1,0,1,0
febrl3,0.88,856,2,1,2,1,0,1,0
febrl3,0.88,1128,6,2,6,2,0,2,0
febrl3,0.88,365,3,1,3,1,0,1,0
febrl3,0.88,642,6,1,6,1,0,1,0
febrl3,0.88,854,2,1,2,1,0,1,0
febrl3,0.88,421,6,1,6,1,0,1,0
febrl3,0.88,1560,6,1,6,1,0,1,0
febrl3,0.88,1929,3,1,3,1,0,1,0
febrl3,0.88,1992,3,1,3,1,0,1,0
febrl3,0.88,1693,3,1,3,1,0,1,0
febrl3,0.88,665,2,1,2,1,0,1,0
febrl3,0.88,501,1,1,1,1,0,1,0
febrl3,0.88,1057,4,1,4,1,0,1,0
febrl3,0.88,561,4,1,4,1,0,1,0
febrl3,0.88,540,6,1,6,1,0,1,0
febrl3,0.88,636,6,1,6,1,0,1,0
febrl3,0.88,918,5,1,5,1,0,1,0
febrl3,0.88,929,3,1,3,1,0,1,0
febrl3,0.88,1489,4,2,4,2,0,2,0
febrl3,0.88,427,6,1,6,1,0,1,0
febrl3,0.88,15,1,1,1,1,0,1,0
febrl3,0.88,316,6,3,6,3,0,3,0
febrl3,0.88,1498,6,2,6,2,0,2,0
febrl3,0.88,910,3,1,3,1,0,1,0
febrl3,0.88,1355,2,1,2,1,0,1,0
febrl3,0.88,1648,5,2,5,2,0,2,0
febrl3,0.88,658,4,1,4,1,0,1,0
febrl3,0.88,1190,3,1,3,1,0,1,0
febrl3,0.88,1876,2,1,2,1,0,1,0
febrl3,0.88,305,3,1,3,1,0,1,0
febrl3,0.88,152,4,1,4,1,0,1,0
febrl3,0.88,1829,3,1,3,1,0,1,0
febrl3,0.88,805,5,1,5,1,0,1,0
febrl3,0.88,480,3,1,3,1,0,1,0
febrl3,0.88,1200,6,1,6,1,0,1,0
febrl3,0.88,717,1,1,1,1,0,1,0
febrl3,0.88,618,5,1,5,1,0,1,0
febrl3,0.88,1509,2,1,2,1,0,1,0
febrl3,0.88,1368,2,1,2,1,0,1,0
febrl3,0.88,879,6,2,6,2,0,2,0
febrl3,0.88,1668,5,2,5,2,0,2,0
febrl3,0.88,794,2,1,2,1,0,1,0
febrl3,0.88,1917,6,1,6,1,0,1,0
febrl3,0.88,1081,3,1,3,1,0,1,0
febrl3,0.88,568,3,1,3,1,0,1,0
febrl3,0.88,1333,1,1,1,1,0,1,0
febrl3,0.88,368,2,1,2,1,0,1,0
febrl3,0.88,666,6,2,6,2,0,2,0
febrl3,0.88,1991,6,1,6,1,0,1,0
febrl3,0.88,1878,1,1,1,1,0,1,0
febrl3,0.88,528,6,2,6,2,0,2,0
febrl3,0.88,1180,2,2,2,2,0,2,0
febrl3,0.88,1794,1,1,1,1,0,1,0
febrl3,0.88,1130,3,1,3,1,0,1,0
febrl3,0.88,569,5,1,5,1,0,1,0
febrl3,0.88,860,2,1,2,1,0,1,0
febrl3,0.88,1667,3,2,3,2,0,2,0
febrl3,0.88,1337,5,1,5,1,0,1,0
febrl3,0.88,1901,4,1,4,1,0,1,0
febrl3,0.88,125,5,1,5,1,0,1,0
febrl3,0.88,78,2,1,2,1,0,1,0
febrl3,0.88,1685,1,1,1,1,0,1,0
febrl3,0.88,1953,6,3,6,3,0,3,0
febrl3,0.88,115,1,1,1,1,0,1,0
febrl3,0.88,1068,1,1,1,1,0,1,0
febrl3,0.88,1981,4,1,4,1,0,1,0
febrl3,0.88,479,4,1,4,1,0,1,0
febrl3,0.88,224,1,1,1,1,0,1,0
febrl3,0.88,755,4,2,4,2,0,2,0
febrl3,0.88,1511,3,1,3,1,0,1,0
febrl3,0.88,1387,2,1,2,1,0,1,0
febrl3,0.88,1093,1,1,1,1,0,1,0
febrl3,0.88,1518,1,1,1,1,0,1,0
febrl3,0.88,1014,4,1,4,1,0,1,0
febrl3,0.88,824,5,1,5,1,0,1,0
febrl3,0.88,718,1,1,1,1,0,1,0
febrl3,0.88,285,1,1,1,1,0,1,0
febrl3,0.88,1857,6,1,6,1,0,1,0
febrl3,0.88,1590,2,1,2,1,0,1,0
febrl3,0.88,1996,6,1,6,1,0,1,0
febrl3,0.88,1540,5,3,5,3,0,3,0
febrl3,0.88,935,6,2,6,2,0,2,0
febrl3,0.88,1183,2,1,2,1,0,1,0
febrl3,0.88,1062,5,2,5,2,0,2,0
febrl3,0.88,256,6,1,6,1,0,1,0
febrl3,0.88,1140,1,1,1,1,0,1,0
febrl3,0.88,1895,5,1,5,1,0,1,0
febrl3,0.88,401,6,2,6,2,0,2,0
febrl3,0.88,571,3,3,3,3,0,3,0
febrl3,0.88,133,6,1,6,1,0,1,0
febrl3,0.88,1534,6,2,6,2,0,2,0
febrl3,0.88,1566,5,1,5,1,0,1,0
febrl3,0.88,165,3,1,3,1,0,1,0
febrl3,0.88,1617,1,1,1,1,0,1,0
febrl3,0.88,203,1,1,1,1,0,1,0
febrl3,0.88,961,1,1,1,1,0,1,0
febrl3,0.88,1610,5,2,5,2,0,2,0
febrl3,0.88,1487,1,1,1,1,0,1,0
febrl3,0.88,1446,2,1,2,1,0,1,0
febrl3,0.88,118,3,1,3,1,0,1,0
febrl3,0.88,486,2,1,2,1,0,1,0
febrl3,0.88,1388,3,1,3,1,0,1,0
febrl3,0.88,703,4,1,4,1,0,1,0
febrl3,0.88,732,5,2,5,2,0,2,0
febrl3,0.88,286,6,1,6,1,0,1,0
febrl3,0.88,1031,1,1,1,1,0,1,0
febrl3,0.88,13,2,1,2,1,0,1,0
febrl3,0.88,299,4,1,4,1,0,1,0
febrl3,0.88,1442,3,1,3,1,0,1,0
febrl3,0.88,779,5,1,5,1,0,1,0
febrl3,0.88,375,5,2,5,2,0,2,0
febrl3,0.88,1883,6,1,6,1,0,1,0
febrl3,0.88,1729,1,1,1,1,0,1,0
febrl3,0.88,438,3,1,3,1,0,1,0
febrl3,0.88,1232,6,2,6,2,0,2,0
febrl3,0.88,245,4,1,4,1,0,1,0
febrl3,0.88,1228,6,1,6,1,0,1,0
febrl3,0.88,1347,1,1,1,1,0,1,0
febrl3,0.88,1945,4,1,4,1,0,1,0
febrl3,0.88,1454,2,1,2,1,0,1,0
febrl3,0.88,306,3,1,3,1,0,1,0
febrl3,0.88,1185,2,1,2,1,0,1,0
febrl3,0.88,1346,1,1,1,1,0,1,0
febrl3,0.88,907,3,1,3,1,0,1,0
febrl3,0.88,443,5,1,5,1,0,1,0
febrl3,0.88,361,4,1,4,1,0,1,0
febrl3,0.88,891,2,1,2,1,0,1,0
febrl3,0.88,1177,1,1,1,1,0,1,0
febrl3,0.88,818,2,1,2,1,0,1,0
febrl3,0.88,1845,1,1,1,1,0,1,0
febrl3,0.88,1334,4,1,4,1,0,1,0
febrl3,0.88,1113,4,1,4,1,0,1,0
febrl3,0.88,332,6,1,6,1,0,1,0
febrl3,0.88,1815,5,3,5,3,0,3,0
febrl3,0.88,144,1,1,1,1,0,1,0
febrl3,0.88,1903,3,1,3,1,0,1,0
febrl3,0.88,853,3,1,3,1,0,1,0
febrl3,0.88,1035,5,1,5,1,0,1,0
febrl3,0.88,960,5,2,5,2,0,2,0
febrl3,0.88,1124,6,1,6,1,0,1,0
febrl3,0.88,517,6,1,6,1,0,1,0
febrl3,0.88,1746,2,1,2,1,0,1,0
febrl3,0.88,283,4,1,4,1,0,1,0
febrl3,0.88,439,4,2,4,2,0,2,0
febrl3,0.88,1967,6,1,6,1,0,1,0
febrl3,0.88,71,6,1,6,1,0,1,0
febrl3,0.88,1925,5,1,5,1,0,1,0
febrl3,0.88,1109,6,2,6,2,0,2,0
febrl3,0.88,1644,4,2,4,2,0,2,0
febrl3,0.88,1157,3,1,3,1,0,1,0
febrl3,0.88,738,6,2,6,2,0,2,0
febrl3,0.88,362,4,2,4,2,0,2,0
febrl3,0.88,1835,1,1,1,1,0,1,0
febrl3,0.88,219,6,1,6,1,0,1,0
febrl3,0.88,899,1,1,1,1,0,1,0
febrl3,0.88,550,3,1,3,1,0,1,0
febrl3,0.88,1407,3,2,3,2,0,2,0
febrl3,0.88,1258,2,1,2,1,0,1,0
febrl3,0.88,1343,4,1,4,1,0,1,0
febrl3,0.88,1985,3,1,3,1,0,1,0
febrl3,0.88,4,1,1,1,1,0,1,0
febrl3,0.88,990,3,1,3,1,0,1,0
febrl3,0.88,1570,1,1,1,1,0,1,0
febrl3,0.88,410,4,1,4,1,0,1,0
febrl3,0.88,1799,3,1,3,1,0,1,0
febrl3,0.88,1852,2,1,2,1,0,1,0
febrl3,0.88,1271,5,1,5,1,0,1,0
febrl3,0.88,750,1,1,1,1,0,1,0
febrl3,0.88,247,1,1,1,1,0,1,0
febrl3,0.88,277,4,1,4,1,0,1,0
febrl3,0.88,1191,5,1,5,1,0,1,0
febrl3,0.88,1616,5,1,5,1,0,1,0
febrl3,0.88,454,2,1,2,1,0,1,0
febrl3,0.88,1236,5,1,5,1,0,1,0
febrl3,0.88,108,4,1,4,1,0,1,0
febrl3,0.88,1390,1,1,1,1,0,1,0
febrl3,0.88,1111,6,2,6,2,0,2,0
febrl3,0.88,1548,4,1,4,1,0,1,0
febrl3,0.88,1452,1,1,1,1,0,1,0
febrl3,0.88,1941,1,1,1,1,0,1,0
febrl3,0.88,1776,1,1,1,1,0,1,0
febrl3,0.88,1399,1,1,1,1,0,1,0
febrl3,0.88,1577,1,1,1,1,0,1,0
febrl3,0.88,147,6,2,6,2,0,2,0
febrl3,0.88,1416,5,2,5,2,0,2,0
febrl3,0.88,1539,3,2,3,2,0,2,0
febrl3,0.88,250,1,1,1,1,0,1,0
febrl3,0.88,397,3,2,3,2,0,2,0
febrl3,0.88,1425,2,1,2,1,0,1,0
febrl3,0.88,1707,6,4,6,4,0,4,0
febrl3,0.88,1481,2,1,2,1,0,1,0
febrl3,0.88,1076,3,2,3,2,0,2,0
febrl3,0.88,1050,5,1,5,1,0,1,0
febrl3,0.88,905,2,1,2,1,0,1,0
febrl3,0.88,1811,3,2,3,2,0,2,0
febrl3,0.88,436,1,1,1,1,0,1,0
febrl3,0.88,497,5,2,5,2,0,2,0
febrl3,0.88,1697,6,1,6,1,0,1,0
febrl3,0.88,762,1,1,1,1,0,1,0
febrl3,0.88,111,2,2,2,2,0,2,0
febrl3,0.88,1554,2,1,2,1,0,1,0
febrl3,0.88,1684,6,1,6,1,0,1,0
febrl3,0.88,1478,4,2,4,2,0,2,0
febrl3,0.88,1329,6,1,6,1,0,1,0
febrl3,0.88,1341,2,1,2,1,0,1,0
febrl3,0.88,686,2,1,2,1,0,1,0
febrl3,0.88,288,5,1,5,1,0,1,0
febrl3,0.88,1069,4,1,4,1,0,1,0
febrl3,0.88,1353,3,1,3,1,0,1,0
febrl3,0.88,761,2,1,2,1,0,1,0
febrl3,0.88,302,3,1,3,1,0,1,0
febrl3,0.88,704,1,1,1,1,0,1,0
febrl3,0.88,1641,1,1,1,1,0,1,0
febrl3,0.88,216,6,2,6,2,0,2,0
febrl3,0.88,773,3,1,3,1,0,1,0
febrl3,0.88,980,6,3,6,3,0,3,0
febrl3,0.88,268,1,1,1,1,0,1,0
febrl3,0.88,1951,3,1,3,1,0,1,0
febrl3,0.88,607,4,1,4,1,0,1,0
febrl3,0.88,10,4,2,4,2,0,2,0
febrl3,0.88,888,1,1,1,1,0,1,0
febrl3,0.88,1134,3,1,3,1,0,1,0
febrl3,0.88,611,2,1,2,1,0,1,0
febrl3,0.88,1304,4,2,4,2,0,2,0
febrl3,0.88,876,6,1,6,1,0,1,0
febrl3,0.88,1834,4,1,4,1,0,1,0
febrl3,0.88,341,5,1,5,1,0,1,0
febrl3,0.88,1042,3,1,3,1,0,1,0
febrl3,0.88,1646,4,2,4,2,0,2,0
febrl3,0.88,1745,5,1,5,1,0,1,0
febrl3,0.88,75,6,2,6,2,0,2,0
febrl3,0.88,676,5,2,5,2,0,2,0
febrl3,0.88,527,1,1,1,1,0,1,0
febrl3,0.88,1220,3,1,3,1,0,1,0
febrl3,0.88,1589,4,1,4,1,0,1,0
febrl3,0.88,941,6,2,6,2,0,2,0
febrl3,0.88,1532,2,1,2,1,0,1,0
febrl3,0.88,8,5,1,5,1,0,1,0
febrl3,0.88,1537,1,1,1,1,0,1,0
febrl3,0.88,1579,5,3,5,3,0,3,0
febrl3,0.88,708,6,1,6,1,0,1,0
febrl3,0.88,1320,6,2,6,2,0,2,0
febrl3,0.88,582,6,2,6,2,0,2,0
febrl3,0.88,160,6,3,6,3,0,3,0
febrl3,0.88,1940,5,2,5,2,0,2,0
febrl3,0.88,1988,2,1,2,1,0,1,0
febrl3,0.88,723,4,2,4,2,0,2,0
febrl3,0.88,1296,4,2,4,2,0,2,0
febrl3,0.88,684,4,2,4,2,0,2,0
febrl3,0.88,952,5,1,5,1,0,1,0
febrl3,0.88,634,1,1,1,1,0,1,0
febrl3,0.88,159,4,1,4,1,0,1,0
febrl3,0.88,1451,4,2,4,2,0,2,0
febrl3,0.88,5,2,1,2,1,0,1,0
febrl3,0.88,1492,4,1,4,1,0,1,0
febrl3,0.88,85,6,3,6,3,0,3,0
febrl3,0.88,1308,1,1,1,1,0,1,0
febrl3,0.88,1363,4,1,4,1,0,1,0
febrl3,0.88,52,1,1,1,1,0,1,0
febrl3,0.88,830,4,2,4,2,0,2,0
febrl3,0.88,821,3,1,3,1,0,1,0
febrl3,0.88,142,1,1,1,1,0,1,0
febrl3,0.88,1301,3,1,3,1,0,1,0
febrl3,0.88,576,5,1,5,1,0,1,0
febrl3,0.88,585,1,1,1,1,0,1,0
febrl3,0.88,11,1,1,1,1,0,1,0
febrl3,0.88,894,1,1,1,1,0,1,0
febrl3,0.88,904,6,2,6,2,0,2,0
febrl3,0.88,771,5,1,5,1,0,1,0
febrl3,0.88,1155,5,2,5,2,0,2,0
febrl3,0.88,1897,4,2,4,2,0,2,0
febrl3,0.88,1196,3,1,3,1,0,1,0
febrl3,0.88,1958,1,1,1,1,0,1,0
febrl3,0.88,526,4,1,4,1,0,1,0
febrl3,0.88,1942,2,1,2,1,0,1,0
febrl3,0.88,90,3,2,3,2,0,2,0
febrl3,0.88,61,4,1,4,1,0,1,0
febrl3,0.88,1536,2,1,2,1,0,1,0
febrl3,0.88,629,4,1,4,1,0,1,0
febrl3,0.88,1703,2,1,2,1,0,1,0
febrl3,0.88,1694,5,1,5,1,0,1,0
febrl3,0.88,35,6,1,6,1,0,1,0
febrl3,0.88,107,6,1,6,1,0,1,0
febrl3,0.88,1978,1,1,1,1,0,1,0
febrl3,0.88,378,4,1,4,1,0,1,0
febrl3,0.88,455,4,2,4,2,0,2,0
febrl3,0.88,1006,4,1,4,1,0,1,0
febrl3,0.88,1959,4,1,4,1,0,1,0
febrl3,0.88,841,1,1,1,1,0,1,0
febrl3,0.88,1972,3,1,3,1,0,1,0
febrl3,0.88,319,1,1,1,1,0,1,0
febrl3,0.88,1182,4,1,4,1,0,1,0
febrl3,0.88,567,5,2,5,2,0,2,0
febrl3,0.88,483,6,1,6,1,0,1,0
febrl3,0.88,678,2,1,2,1,0,1,0
febrl3,0.88,1401,2,1,2,1,0,1,0
febrl3,0.88,320,4,1,4,1,0,1,0
febrl3,0.88,1931,5,1,5,1,0,1,0
febrl3,0.88,868,1,1,1,1,0,1,0
febrl3,0.88,977,6,1,6,1,0,1,0
febrl3,0.88,1097,5,2,5,2,0,2,0
febrl3,0.88,1040,4,1,4,1,0,1,0
febrl3,0.88,1159,1,1,1,1,0,1,0
febrl3,0.88,943,5,1,5,1,0,1,0
febrl3,0.88,194,4,1,4,1,0,1,0
febrl3,0.88,1430,2,2,2,2,0,2,0
febrl3,0.88,693,3,2,3,2,0,2,0
febrl3,0.88,700,5,1,5,1,0,1,0
febrl3,0.88,1526,1,1,1,1,0,1,0
febrl3,0.88,1553,1,1,1,1,0,1,0
febrl3,0.88,291,1,1,1,1,0,1,0
febrl3,0.88,1054,2,1,2,1,0,1,0
febrl3,0.88,1980,5,2,5,2,0,2,0
febrl3,0.88,965,2,1,2,1,0,1,0
febrl3,0.88,145,2,1,2,1,0,1,0
febrl3,0.88,21,4,1,4,1,0,1,0
febrl3,0.88,86,4,1,4,1,0,1,0
febrl3,0.88,583,3,1,3,1,0,1,0
febrl3,0.88,1918,6,2,6,2,0,2,0
febrl3,0.88,1581,3,1,3,1,0,1,0
febrl3,0.88,1928,1,1,1,1,0,1,0
febrl3,0.88,1499,6,2,6,2,0,2,0
febrl3,0.88,1011,4,1,4,1,0,1,0
febrl3,0.88,385,3,1,3,1,0,1,0
febrl3,0.88,944,6,1,6,1,0,1,0
febrl3,0.88,1825,2,1,2,1,0,1,0
febrl3,0.88,1850,6,1,6,1,0,1,0
febrl3,0.88,1604,4,1,4,1,0,1,0
febrl3,0.88,619,6,2,6,2,0,2,0
febrl3,0.88,1398,1,1,1,1,0,1,0
febrl3,0.88,1783,1,1,1,1,0,1,0
febrl3,0.88,70,3,2,3,2,0,2,0
febrl3,0.88,1550,2,1,2,1,0,1,0
febrl3,0.88,153,5,2,5,2,0,2,0
febrl3,0.88,847,6,2,6,2,0,2,0
febrl3,0.88,323,2,1,2,1,0,1,0
febrl3,0.88,1621,5,2,5,2,0,2,0
febrl3,0.88,631,4,2,4,2,0,2,0
febrl3,0.88,985,6,1,6,1,0,1,0
febrl3,0.88,1436,1,1,1,1,0,1,0
febrl3,0.88,584,5,1,5,1,0,1,0
febrl3,0.88,1772,4,1,4,1,0,1,0
febrl3,0.88,433,5,3,5,3,0,3,0
febrl3,0.88,627,2,1,2,1,0,1,0
febrl3,0.88,1894,4,1,4,1,0,1,0
febrl3,0.88,76,1,1,1,1,0,1,0
febrl3,0.88,1771,1,1,1,1,0,1,0
febrl3,0.88,1623,5,1,5,1,0,1,0
febrl3,0.88,1216,4,1,4,1,0,1,0
febrl3,0.88,1647,1,1,1,1,0,1,0
febrl3,0.88,1029,6,1,6,1,0,1,0
febrl3,0.88,230,3,1,3,1,0,1,0
febrl3,0.88,687,1,1,1,1,0,1,0
febrl3,0.88,1297,1,1,1,1,0,1,0
febrl3,0.88,1164,4,1,4,1,0,1,0
febrl3,0.88,275,1,1,1,1,0,1,0
febrl3,0.88,474,1,1,1,1,0,1,0
febrl3,0.88,887,2,1,2,1,0,1,0
febrl3,0.88,1298,6,1,6,1,0,1,0
febrl3,0.88,657,2,1,2,1,0,1,0
febrl3,0.88,974,1,1,1,1,0,1,0
febrl3,0.88,532,6,2,6,2,0,2,0
febrl3,0.88,1255,2,1,2,1,0,1,0
febrl3,0.88,967,4,1,4,1,0,1,0
febrl3,0.88,1144,1,1,1,1,0,1,0
febrl3,0.88,1975,5,1,5,1,0,1,0
febrl3,0.88,81,2,1,2,1,0,1,0
febrl3,0.88,991,3,1,3,1,0,1,0
febrl3,0.88,801,5,1,5,1,0,1,0
febrl3,0.88,683,3,2,3,2,0,2,0
febrl3,0.88,826,5,2,5,2,0,2,0
febrl3,0.88,744,1,1,1,1,0,1,0
febrl3,0.88,655,6,1,6,1,0,1,0
febrl3,0.88,1497,2,2,2,2,0,2,0
febrl3,0.88,197,6,2,6,2,0,2,0
febrl3,0.88,1036,3,1,3,1,0,1,0
febrl3,0.88,559,5,1,5,1,0,1,0
febrl3,0.88,348,6,1,6,1,0,1,0
febrl3,0.88,1048,4,1,4,1,0,1,0
febrl3,0.88,161,6,1,6,1,0,1,0
febrl3,0.88,1502,4,2,4,2,0,2,0
febrl3,0.88,1655,3,2,3,2,0,2,0
febrl3,0.88,1460,4,1,4,1,0,1,0
febrl3,0.88,764,4,1,4,1,0,1,0
febrl3,0.88,711,6,1,6,1,0,1,0
febrl3,0.88,1760,5,2,5,2,0,2,0
febrl3,0.88,1571,3,2,3,2,0,2,0
febrl3,0.88,957,3,1,3,1,0,1,0
febrl3,0.88,432,5,2,5,2,0,2,0
febrl3,0.88,1855,5,1,5,1,0,1,0
febrl3,0.88,393,1,1,1,1,0,1,0
febrl3,0.88,788,6,1,6,1,0,1,0
febrl3,0.88,482,6,3,6,3,0,3,0
febrl3,0.88,1230,3,1,3,1,0,1,0
febrl3,0.88,1863,1,1,1,1,0,1,0
febrl3,0.88,338,1,1,1,1,0,1,0
febrl3,0.88,1482,1,1,1,1,0,1,0
febrl3,0.88,981,6,1,6,1,0,1,0
febrl3,0.88,231,3,1,3,1,0,1,0
febrl3,0.88,572,2,1,2,1,0,1,0
febrl3,0.88,614,1,1,1,1,0,1,0
febrl3,0.88,1585,2,1,2,1,0,1,0
febrl3,0.88,524,6,1,6,1,0,1,0
febrl3,0.88,272,3,1,3,1,0,1,0
febrl3,0.88,1672,5,1,5,1,0,1,0
febrl3,0.88,570,1,1,1,1,0,1,0
febrl3,0.88,1280,5,2,5,2,0,2,0
febrl3,0.88,1115,3,2,3,2,0,2,0
febrl3,0.88,1562,2,1,2,1,0,1,0
febrl3,0.88,1287,1,1,1,1,0,1,0
febrl3,0.88,1801,3,1,3,1,0,1,0
febrl3,0.88,672,2,1,2,1,0,1,0
febrl3,0.88,1797,3,2,3,2,0,2,0
febrl3,0.88,1949,3,2,3,2,0,2,0
febrl3,0.88,945,4,3,4,3,0,3,0
febrl3,0.88,344,1,1,1,1,0,1,0
febrl3,0.88,557,3,2,3,2,0,2,0
febrl3,0.88,1373,1,1,1,1,0,1,0
febrl3,0.88,1721,5,1,5,1,0,1,0
febrl3,0.88,329,3,2,3,2,0,2,0
febrl3,0.88,1979,1,1,1,1,0,1,0
febrl3,0.88,511,6,2,6,2,0,2,0
febrl3,0.88,49,3,2,3,2,0,2,0
febrl3,0.88,1948,2,1,2,1,0,1,0
febrl3,0.88,1281,2,1,2,1,0,1,0
febrl3,0.88,1024,1,1,1,1,0,1,0
febrl3,0.88,1359,1,1,1,1,0,1,0
febrl3,0.88,228,2,1,2,1,0,1,0
febrl3,0.88,1357,2,1,2,1,0,1,0
febrl3,0.88,503,6,2,6,2,0,2,0
febrl3,0.88,1469,5,2,5,2,0,2,0
febrl3,0.88,1394,2,1,2,1,0,1,0
febrl3,0.88,1904,6,1,6,1,0,1,0
febrl3,0.88,662,6,2,6,2,0,2,0
febrl3,0.88,127,1,1,1,1,0,1,0
febrl3,0.88,120,1,1,1,1,0,1,0
febrl3,0.88,83,2,2,2,2,0,2,0
febrl3,0.88,759,1,1,1,1,0,1,0
febrl3,0.88,169,4,1,4,1,0,1,0
febrl3,0.88,522,1,1,1,1,0,1,0
febrl3,0.88,478,2,1,2,1,0,1,0
febrl3,0.88,827,1,1,1,1,0,1,0
febrl3,0.88,1686,4,2,4,2,0,2,0
febrl3,0.88,921,5,1,5,1,0,1,0
febrl3,0.88,1969,5,2,5,2,0,2,0
febrl3,0.88,1129,1,1,1,1,0,1,0
febrl3,0.88,1290,4,1,4,1,0,1,0
febrl3,0.88,1152,6,2,6,2,0,2,0
febrl3,0.88,1506,3,1,3,1,0,1,0
febrl3,0.88,514,1,1,1,1,0,1,0
febrl3,0.88,1726,3,1,3,1,0,1,0
febrl3,0.88,24,2,1,2,1,0,1,0
febrl3,0.88,1827,1,1,1,1,0,1,0
febrl3,0.88,175,4,1,4,1,0,1,0
febrl3,0.88,1740,4,1,4,1,0,1,0
febrl3,0.88,1004,4,1,4,1,0,1,0
febrl3,0.88,1047,3,1,3,1,0,1,0
febrl3,0.88,1515,3,2,3,2,0,2,0
febrl3,0.88,505,3,1,3,1,0,1,0
febrl3,0.88,530,3,1,3,1,0,1,0
febrl3,0.88,1517,6,2,6,2,0,2,0
febrl3,0.88,42,1,1,1,1,0,1,0
febrl3,0.88,539,6,1,6,1,0,1,0
febrl3,0.88,595,6,2,6,2,0,2,0
febrl3,0.88,1471,1,1,1,1,0,1,0
febrl3,0.88,577,4,1,4,1,0,1,0
febrl3,0.88,823,2,2,2,2,0,2,0
febrl3,0.88,635,4,1,4,1,0,1,0
febrl3,0.88,1061,3,1,3,1,0,1,0
febrl3,0.88,1364,6,1,6,1,0,1,0
febrl3,0.88,1473,5,1,5,1,0,1,0
febrl3,0.88,1001,2,1,2,1,0,1,0
febrl3,0.88,1995,3,1,3,1,0,1,0
febrl3,0.88,1132,2,1,2,1,0,1,0
febrl3,0.88,374,6,1,6,1,0,1,0
febrl3,0.88,1039,2,1,2,1,0,1,0
febrl3,0.88,1444,5,1,5,1,0,1,0
febrl3,0.88,370,1,1,1,1,0,1,0
febrl3,0.88,56,5,1,5,1,0,1,0
febrl3,0.88,79,3,1,3,1,0,1,0
febrl3,0.88,1277,5,2,5,2,0,2,0
febrl3,0.88,373,4,2,4,2,0,2,0
febrl3,0.88,1009,4,2,4,2,0,2,0
febrl3,0.88,1692,4,3,4,3,0,3,0
febrl3,0.88,765,4,1,4,1,0,1,0
febrl3,0.88,1027,1,1,1,1,0,1,0
febrl3,0.88,1175,6,2,6,2,0,2,0
febrl3,0.88,1457,3,1,3,1,0,1,0
febrl3,0.88,1873,1,1,1,1,0,1,0
febrl3,0.88,434,1,1,1,1,0,1,0
febrl3,0.88,962,4,3,4,3,0,3,0
febrl3,0.88,202,6,2,6,2,0,2,0
febrl3,0.88,481,3,1,3,1,0,1,0
febrl3,0.88,833,2,1,2,1,0,1,0
febrl3,0.88,632,2,1,2,1,0,1,0
febrl3,0.88,624,5,1,5,1,0,1,0
febrl3,0.88,1365,3,2,3,2,0,2,0
febrl3,0.88,1546,2,1,2,1,0,1,0
febrl3,0.88,1632,3,1,3,1,0,1,0
febrl3,0.88,919,3,1,3,1,0,1,0
febrl3,0.88,1824,1,1,1,1,0,1,0
febrl3,0.88,639,3,1,3,1,0,1,0
febrl3,0.88,371,3,2,3,2,0,2,0
febrl3,0.88,260,6,2,6,2,0,2,0
febrl3,0.88,1227,2,1,2,1,0,1,0
febrl3,0.88,716,3,1,3,1,0,1,0
febrl3,0.88,1588,2,2,2,2,0,2,0
febrl3,0.88,954,6,1,6,1,0,1,0
febrl3,0.88,959,6,2,6,2,0,2,0
febrl3,0.88,278,6,1,6,1,0,1,0
febrl3,0.88,1218,2,1,2,1,0,1,0
febrl3,0.88,968,2,1,2,1,0,1,0
febrl3,0.88,1424,2,1,2,1,0,1,0
febrl3,0.88,555,1,1,1,1,0,1,0
febrl3,0.88,1523,4,1,4,1,0,1,0
febrl3,0.88,255,4,1,4,1,0,1,0
febrl3,0.88,812,1,1,1,1,0,1,0
febrl3,0.88,66,4,3,4,3,0,3,0
febrl3,0.88,1773,3,2,3,2,0,2,0
febrl3,0.88,707,6,1,6,1,0,1,0
febrl3,0.88,1080,4,1,4,1,0,1,0
febrl3,0.88,232,1,1,1,1,0,1,0
febrl3,0.88,720,3,1,3,1,0,1,0
febrl3,0.88,37,6,1,6,1,0,1,0
febrl3,0.88,199,2,1,2,1,0,1,0
febrl3,0.88,309,1,1,1,1,0,1,0
febrl3,0.88,1674,3,1,3,1,0,1,0
febrl3,0.88,176,5,1,5,1,0,1,0
febrl3,0.88,615,6,1,6,1,0,1,0
febrl3,0.88,1379,6,2,6,2,0,2,0
febrl3,0.88,12,6,3,6,3,0,3,0
febrl3,0.88,1602,3,1,3,1,0,1,0
febrl3,0.88,1758,3,2,3,2,0,2,0
febrl3,0.88,236,4,3,4,3,0,3,0
febrl3,0.88,1114,5,1,5,1,0,1,0
febrl3,0.88,1994,1,1,1,1,0,1,0
febrl3,0.88,1890,4,2,4,2,0,2,0
febrl3,0.88,426,4,1,4,1,0,1,0
febrl3,0.88,992,3,1,3,1,0,1,0
febrl3,0.88,114,1,1,1,1,0,1,0
febrl3,0.88,293,4,1,4,1,0,1,0
febrl3,0.88,259,1,1,1,1,0,1,0
febrl3,0.88,1279,1,1,1,1,0,1,0
febrl3,0.88,1286,4,1,4,1,0,1,0
febrl3,0.88,1421,2,1,2,1,0,1,0
febrl3,0.88,296,4,3,4,3,0,3,0
febrl3,0.88,91,5,1,5,1,0,1,0
febrl3,0.88,1275,4,1,4,1,0,1,0
febrl3,0.88,1584,5,2,5,2,0,2,0
febrl3,0.88,1123,1,1,1,1,0,1,0
febrl3,0.88,1670,6,2,6,2,0,2,0
febrl3,0.88,1761,2,1,2,1,0,1,0
febrl3,0.88,623,5,1,5,1,0,1,0
febrl3,0.88,848,3,2,3,2,0,2,0
febrl3,0.88,1251,1,1,1,1,0,1,0
febrl3,0.88,116,1,1,1,1,0,1,0
febrl3,0.88,531,3,1,3,1,0,1,0
febrl3,0.88,547,1,1,1,1,0,1,0
febrl3,0.88,1784,1,1,1,1,0,1,0
febrl3,0.88,785,6,3,6,3,0,3,0
febrl3,0.88,861,1,1,1,1,0,1,0
febrl3,0.88,1520,1,1,1,1,0,1,0
febrl3,0.88,1072,5,1,5,1,0,1,0
febrl3,0.88,440,1,1,1,1,0,1,0
febrl3,0.88,103,2,2,2,2,0,2,0
febrl3,0.88,1718,2,1,2,1,0,1,0
febrl3,0.88,1285,1,1,1,1,0,1,0
febrl3,0.88,914,1,1,1,1,0,1,0
febrl3,0.88,802,1,1,1,1,0,1,0
febrl3,0.88,398,1,1,1,1,0,1,0
febrl3,0.88,1782,4,1,4,1,0,1,0
febrl3,0.88,29,6,1,6,1,0,1,0
febrl3,0.88,276,1,1,1,1,0,1,0
febrl3,0.88,326,1,1,1,1,0,1,0
febrl3,0.88,1302,4,1,4,1,0,1,0
febrl3,0.88,498,2,1,2,1,0,1,0
febrl3,0.88,190,4,3,4,3,0,3,0
febrl3,0.88,1270,1,1,1,1,0,1,0
febrl3,0.88,452,4,1,4,1,0,1,0
febrl3,0.88,280,1,1,1,1,0,1,0
febrl3,0.88,187,6,2,6,2,0,2,0
febrl3,0.88,1314,5,1,5,1,0,1,0
febrl3,0.88,1138,3,1,3,1,0,1,0
febrl3,0.88,1963,3,1,3,1,0,1,0
febrl3,0.88,1028,3,1,3,1,0,1,0
febrl3,0.88,1620,4,3,4,3,0,3,0
febrl3,0.88,901,3,1,3,1,0,1,0
febrl3,0.88,80,5,1,5,1,0,1,0
febrl3,0.88,533,5,1,5,1,0,1,0
febrl3,0.88,1870,3,1,3,1,0,1,0
febrl3,0.88,1092,4,1,4,1,0,1,0
febrl3,0.88,849,1,1,1,1,0,1,0
febrl3,0.88,719,1,1,1,1,0,1,0
febrl3,0.88,1720,3,1,3,1,0,1,0
febrl3,0.88,1247,3,2,3,2,0,2,0
febrl3,0.88,1662,4,1,4,1,0,1,0
febrl3,0.88,1543,6,1,6,1,0,1,0
febrl3,0.88,1806,1,1,1,1,0,1,0
febrl3,0.88,1549,1,1,1,1,0,1,0
febrl3,0.88,1714,1,1,1,1,0,1,0
febrl3,0.88,668,6,2,6,2,0,2,0
febrl3,0.88,1957,2,2,2,2,0,2,0
febrl3,0.88,735,1,1,1,1,0,1,0
febrl3,0.88,244,2,1,2,1,0,1,0
febrl3,0.88,151,2,1,2,1,0,1,0
febrl3,0.88,1737,5,1,5,1,0,1,0
febrl3,0.88,105,6,2,6,2,0,2,0
febrl3,0.88,1889,2,1,2,1,0,1,0
febrl3,0.88,1374,1,1,1,1,0,1,0
febrl3,0.88,1126,6,1,6,1,0,1,0
febrl3,0.88,281,1,1,1,1,0,1,0
febrl3,0.88,698,4,1,4,1,0,1,0
febrl3,0.88,129,1,1,1,1,0,1,0
febrl3,0.88,600,2,1,2,1,0,1,0
febrl3,0.88,106,4,1,4,1,0,1,0
febrl3,0.88,1944,1,1,1,1,0,1,0
febrl3,0.88,1600,6,1,6,1,0,1,0
febrl3,0.88,1156,4,2,4,2,0,2,0
febrl3,0.88,249,5,1,5,1,0,1,0
febrl3,0.88,177,4,1,4,1,0,1,0
febrl3,0.88,1174,1,1,1,1,0,1,0
febrl3,0.88,922,4,2,4,2,0,2,0
febrl3,0.88,1073,5,1,5,1,0,1,0
febrl3,0.88,1173,6,1,6,1,0,1,0
febrl3,0.88,64,2,1,2,1,0,1,0
febrl3,0.88,1331,1,1,1,1,0,1,0
febrl3,0.88,195,1,1,1,1,0,1,0
febrl3,0.88,774,1,1,1,1,0,1,0
febrl3,0.88,924,1,1,1,1,0,1,0
febrl3,0.88,923,4,1,4,1,0,1,0
febrl3,0.88,261,3,1,3,1,0,1,0
febrl3,0.88,67,1,1,1,1,0,1,0
febrl3,0.88,543,6,2,6,2,0,2,0
febrl3,0.88,1750,5,1,5,1,0,1,0
febrl3,0.88,1366,1,1,1,1,0,1,0
febrl3,0.88,694,2,2,2,2,0,2,0
febrl3,0.88,604,1,1,1,1,0,1,0
febrl3,0.88,1742,2,1,2,1,0,1,0
febrl3,0.88,1459,1,1,1,1,0,1,0
febrl3,0.88,1528,2,1,2,1,0,1,0
febrl3,0.88,102,5,2,5,2,0,2,0
febrl3,0.88,1448,5,1,5,1,0,1,0
febrl3,0.88,179,1,1,1,1,0,1,0
febrl3,0.88,546,6,2,6,2,0,2,0
febrl3,0.88,651,1,1,1,1,0,1,0
febrl3,0.88,1886,6,2,6,2,0,2,0
febrl3,0.88,1862,2,1,2,1,0,1,0
febrl3,0.88,1993,2,2,2,2,0,2,0
febrl3,0.88,749,6,3,6,3,0,3,0
febrl3,0.88,99,4,2,4,2,0,2,0
febrl3,0.88,757,2,1,2,1,0,1,0
febrl3,0.88,100,6,1,6,1,0,1,0
febrl3,0.88,87,2,2,2,2,0,2,0
febrl3,0.88,1642,1,1,1,1,0,1,0
febrl3,0.88,731,4,1,4,1,0,1,0
febrl3,0.88,1403,6,2,6,2,0,2,0
febrl3,0.88,1438,5,2,5,2,0,2,0
febrl3,0.88,171,2,2,2,2,0,2,0
febrl3,0.88,1879,3,1,3,1,0,1,0
febrl3,0.88,1103,6,2,6,2,0,2,0
febrl3,0.88,457,1,1,1,1,0,1,0
febrl3,0.88,1022,6,1,6,1,0,1,0
febrl3,0.88,1037,1,1,1,1,0,1,0
febrl3,0.88,507,3,1,3,1,0,1,0
febrl3,0.88,460,1,1,1,1,0,1,0
febrl3,0.88,551,1,1,1,1,0,1,0
febrl3,0.88,121,5,1,5,1,0,1,0
febrl3,0.88,1268,1,1,1,1,0,1,0
febrl3,0.88,993,6,3,6,3,0,3,0
febrl3,0.88,1249,3,1,3,1,0,1,0
febrl3,0.88,1324,3,1,3,1,0,1,0
febrl3,0.88,54,5,1,5,1,0,1,0
febrl3,0.88,1032,2,1,2,1,0,1,0
febrl3,0.88,1376,2,1,2,1,0,1,0
febrl3,0.88,691,3,1,3,1,0,1,0
febrl3,0.88,284,1,1,1,1,0,1,0
febrl3,0.88,660,3,1,3,1,0,1,0
febrl3,0.88,942,2,1,2,1,0,1,0
febrl3,0.88,878,4,1,4,1,0,1,0
febrl3,0.88,836,5,2,5,2,0,2,0
febrl3,0.88,257,2,1,2,1,0,1,0
febrl3,0.88,743,4,1,4,1,0,1,0
febrl3,0.88,1233,1,1,1,1,0,1,0
febrl3,0.88,1494,2,2,2,2,0,2,0
febrl3,0.88,987,2,1,2,1,0,1,0
febrl3,0.88,1838,1,1,1,1,0,1,0
febrl3,0.88,659,3,1,3,1,0,1,0
febrl3,0.88,1880,5,1,5,1,0,1,0
febrl3,0.88,1950,2,1,2,1,0,1,0
febrl3,0.88,412,3,2,3,2,0,2,0
febrl3,0.88,109,4,1,4,1,0,1,0
febrl3,0.88,1717,6,1,6,1,0,1,0
febrl3,0.88,23,5,1,5,1,0,1,0
febrl3,0.88,605,2,1,2,1,0,1,0
febrl3,0.88,470,2,1,2,1,0,1,0
febrl3,0.88,1842,6,2,6,2,0,2,0
febrl3,0.88,838,5,1,5,1,0,1,0
febrl3,0.88,803,4,2,4,2,0,2,0
febrl3,0.88,351,3,1,3,1,0,1,0
febrl3,0.88,140,3,1,3,1,0,1,0
febrl3,0.88,188,2,1,2,1,0,1,0
febrl3,0.88,1204,1,1,1,1,0,1,0
febrl3,0.88,508,6,1,6,1,0,1,0
febrl3,0.88,724,6,2,6,2,0,2,0
febrl3,0.88,246,2,1,2,1,0,1,0
febrl3,0.88,844,5,2,5,2,0,2,0
febrl3,0.88,1382,2,1,2,1,0,1,0
febrl3,0.88,390,4,1,4,1,0,1,0
febrl3,0.88,1215,1,1,1,1,0,1,0
febrl3,0.88,1680,3,1,3,1,0,1,0
febrl3,0.88,1814,5,1,5,1,0,1,0
febrl3,0.88,141,5,3,5,3,0,3,0
febrl3,0.88,1564,4,1,4,1,0,1,0
febrl3,0.88,515,5,1,5,1,0,1,0
febrl3,0.88,1559,4,1,4,1,0,1,0
febrl3,0.88,1831,2,2,2,2,0,2,0
febrl3,0.88,1727,4,2,4,2,0,2,0
febrl3,0.88,1919,4,1,4,1,0,1,0
febrl3,0.88,31,1,1,1,1,0,1,0
febrl3,0.88,1412,1,1,1,1,0,1,0
febrl3,0.88,579,2,1,2,1,0,1,0
febrl3,0.88,737,1,1,1,1,0,1,0
febrl3,0.88,650,1,1,1,1,0,1,0
febrl3,0.88,1910,3,1,3,1,0,1,0
febrl3,0.88,667,2,1,2,1,0,1,0
febrl3,0.88,661,2,1,2,1,0,1,0
febrl3,0.88,1041,2,1,2,1,0,1,0
febrl3,0.88,548,1,1,1,1,0,1,0
febrl3,0.88,1397,3,1,3,1,0,1,0
febrl3,0.88,367,4,1,4,1,0,1,0
febrl3,0.88,542,1,1,1,1,0,1,0
febrl3,0.88,1522,1,1,1,1,0,1,0
febrl3,0.88,696,5,1,5,1,0,1,0
febrl3,0.88,835,1,1,1,1,0,1,0
febrl3,0.88,1013,1,1,1,1,0,1,0
febrl3,0.88,928,3,1,3,1,0,1,0
febrl3,0.88,237,2,1,2,1,0,1,0
febrl3,0.88,186,2,1,2,1,0,1,0
febrl3,0.88,444,4,3,4,3,0,3,0
febrl3,0.88,1087,5,2,5,2,0,2,0
febrl3,0.88,415,3,1,3,1,0,1,0
febrl3,0.88,1179,4,3,4,3,0,3,0
febrl3,0.88,416,1,1,1,1,0,1,0
febrl3,0.88,1410,6,1,6,1,0,1,0
febrl3,0.88,346,2,1,2,1,0,1,0
febrl3,0.88,380,6,1,6,1,0,1,0
febrl3,0.88,1231,1,1,1,1,0,1,0
febrl3,0.88,1026,3,1,3,1,0,1,0
febrl3,0.88,1266,1,1,1,1,0,1,0
febrl3,0.88,871,1,1,1,1,0,1,0
febrl3,0.88,1567,1,1,1,1,0,1,0
febrl3,0.88,274,5,2,5,2,0,2,0
febrl3,0.88,461,5,2,5,2,0,2,0
febrl3,0.88,223,3,1,3,1,0,1,0
febrl3,0.88,1241,3,1,3,1,0,1,0
febrl3,0.88,1117,5,2,5,2,0,2,0
febrl3,0.88,1044,5,1,5,1,0,1,0
febrl3,0.88,598,2,1,2,1,0,1,0
febrl3,0.88,1392,1,1,1,1,0,1,0
febrl3,0.88,372,4,1,4,1,0,1,0
febrl3,0.88,1555,3,1,3,1,0,1,0
febrl3,0.88,733,1,1,1,1,0,1,0
febrl3,0.88,1453,1,1,1,1,0,1,0
febrl3,0.88,1322,5,1,5,1,0,1,0
febrl3,0.88,1219,1,1,1,1,0,1,0
febrl3,0.88,123,1,1,1,1,0,1,0
febrl3,0.88,445,1,1,1,1,0,1,0
febrl3,0.88,1222,4,2,4,2,0,2,0
febrl3,0.88,544,1,1,1,1,0,1,0
febrl3,0.88,846,1,1,1,1,0,1,0
febrl3,0.88,1475,3,1,3,1,0,1,0
febrl3,0.88,1484,5,1,5,1,0,1,0
febrl3,0.88,84,3,1,3,1,0,1,0
febrl3,0.88,653,1,1,1,1,0,1,0
febrl3,0.88,46,4,1,4,1,0,1,0
febrl3,0.88,77,6,2,6,2,0,2,0
febrl3,0.88,1639,1,1,1,1,0,1,0
febrl3,0.88,1125,1,1,1,1,0,1,0
febrl3,0.88,1148,5,1,5,1,0,1,0
febrl3,0.88,1673,1,1,1,1,0,1,0
febrl3,0.88,495,2,1,2,1,0,1,0
febrl3,0.88,1851,6,2,6,2,0,2,0
febrl3,0.88,73,4,2,4,2,0,2,0
febrl3,0.88,725,4,2,4,2,0,2,0
febrl3,0.88,633,4,2,4,2,0,2,0
febrl3,0.88,895,2,2,2,2,0,2,0
febrl3,0.88,643,2,1,2,1,0,1,0
febrl3,0.88,1990,6,1,6,1,0,1,0
febrl3,0.88,137,1,1,1,1,0,1,0
febrl3,0.88,882,3,1,3,1,0,1,0
febrl3,0.88,381,3,1,3,1,0,1,0
febrl3,0.88,1094,3,1,3,1,0,1,0
febrl3,0.88,1971,2,1,2,1,0,1,0
febrl3,0.88,637,3,1,3,1,0,1,0
febrl3,0.88,769,1,1,1,1,0,1,0
febrl3,0.88,1749,3,1,3,1,0,1,0
febrl3,0.88,1002,2,1,2,1,0,1,0
febrl3,0.88,1143,5,1,5,1,0,1,0
febrl3,0.88,395,2,1,2,1,0,1,0
febrl3,0.88,200,1,1,1,1,0,1,0
febrl3,0.88,1531,2,2,2,2,0,2,0
febrl3,0.88,146,1,1,1,1,0,1,0
febrl3,0.88,682,4,1,4,1,0,1,0
febrl3,0.88,475,4,1,4,1,0,1,0
febrl3,0.88,701,1,1,1,1,0,1,0
febrl3,0.88,549,1,1,1,1,0,1,0
febrl3,0.88,646,2,2,2,2,0,2,0
febrl3,0.88,909,1,1,1,1,0,1,0
febrl3,0.88,688,3,2,3,2,0,2,0
febrl3,0.88,1728,3,2,3,2,0,2,0
febrl3,0.88,804,6,1,6,1,0,1,0
febrl3,0.88,312,5,2,5,2,0,2,0
febrl3,0.88,447,2,1,2,1,0,1,0
febrl3,0.88,41,1,1,1,1,0,1,0
febrl3,0.88,594,3,2,3,2,0,2,0
febrl3,0.88,233,1,1,1,1,0,1,0
febrl3,0.88,1501,1,1,1,1,0,1,0
febrl3,0.88,1643,2,1,2,1,0,1,0
febrl3,0.88,825,5,3,5,3,0,3,0
febrl3,0.88,1131,3,1,3,1,0,1,0
febrl3,0.88,210,6,3,6,3,0,3,0
febrl3,0.88,1007,5,1,5,1,0,1,0
febrl3,0.88,1336,2,1,2,1,0,1,0
febrl3,0.88,541,3,1,3,1,0,1,0
febrl3,0.88,334,1,1,1,1,0,1,0
febrl3,0.88,591,4,1,4,1,0,1,0
febrl3,0.88,1212,3,2,3,2,0,2,0
febrl3,0.88,1319,1,1,1,1,0,1,0
febrl3,0.88,1937,1,1,1,1,0,1,0
febrl3,0.88,450,1,1,1,1,0,1,0
febrl3,0.88,300,2,1,2,1,0,1,0
febrl3,0.88,671,3,1,3,1,0,1,0
febrl3,0.88,1307,6,1,6,1,0,1,0
febrl3,0.88,995,2,1,2,1,0,1,0
febrl3,0.88,877,3,1,3,1,0,1,0
febrl3,0.88,817,3,1,3,1,0,1,0
febrl3,0.88,1986,6,2,6,2,0,2,0
febrl3,0.88,850,2,1,2,1,0,1,0
febrl3,0.88,1221,1,1,1,1,0,1,0
febrl3,0.88,1747,4,2,4,2,0,2,0
febrl3,0.88,1135,3,1,3,1,0,1,0
febrl3,0.88,28,6,1,6,1,0,1,0
febrl3,0.88,867,1,1,1,1,0,1,0
febrl3,0.88,893,3,1,3,1,0,1,0
febrl3,0.88,1755,1,1,1,1,0,1,0
febrl3,0.88,130,1,1,1,1,0,1,0
febrl3,0.88,1162,1,1,1,1,0,1,0
febrl3,0.88,816,4,1,4,1,0,1,0
febrl3,0.88,499,1,1,1,1,0,1,0
febrl3,0.88,1547,1,1,1,1,0,1,0
febrl3,0.88,601,4,1,4,1,0,1,0
febrl3,0.88,294,2,1,2,1,0,1,0
febrl3,0.88,1,1,1,1,1,0,1,0
febrl3,0.88,808,3,1,3,1,0,1,0
febrl3,0.88,289,5,1,5,1,0,1,0
febrl3,0.88,948,4,1,4,1,0,1,0
febrl3,0.88,1428,1,1,1,1,0,1,0
febrl3,0.88,1362,2,1,2,1,0,1,0
febrl3,0.88,705,3,1,3,1,0,1,0
febrl3,0.88,1960,5,2,5,2,0,2,0
febrl3,0.88,1743,2,2,2,2,0,2,0
febrl3,0.88,1193,5,1,5,1,0,1,0
febrl3,0.88,911,3,1,3,1,0,1,0
febrl3,0.88,1257,1,1,1,1,0,1,0
febrl3,0.88,603,1,1,1,1,0,1,0
febrl3,0.88,1989,2,1,2,1,0,1,0
febrl3,0.88,1767,2,1,2,1,0,1,0
febrl3,0.88,596,1,1,1,1,0,1,0
febrl3,0.88,647,1,1,1,1,0,1,0
febrl3,0.88,25,4,1,4,1,0,1,0
febrl3,0.88,1323,1,1,1,1,0,1,0
febrl3,0.88,352,5,1,5,1,0,1,0
febrl3,0.88,1804,4,2,4,2,0,2,0
febrl3,0.88,57,6,2,6,2,0,2,0
febrl3,0.88,534,3,1,3,1,0,1,0
febrl3,0.88,1075,3,1,3,1,0,1,0
febrl3,0.88,212,5,1,5,1,0,1,0
febrl3,0.88,1907,2,1,2,1,0,1,0
febrl3,0.88,1739,1,1,1,1,0,1,0
febrl3,0.88,44,3,2,3,2,0,2,0
febrl3,0.88,564,2,1,2,1,0,1,0
febrl3,0.88,1273,5,2,5,2,0,2,0
febrl3,0.88,384,4,1,4,1,0,1,0
febrl3,0.88,1141,2,1,2,1,0,1,0
febrl3,0.88,751,3,1,3,1,0,1,0
febrl3,0.88,883,2,1,2,1,0,1,0
febrl3,0.88,1821,3,1,3,1,0,1,0
febrl3,0.88,1371,2,1,2,1,0,1,0
febrl3,0.88,1510,2,1,2,1,0,1,0
febrl3,0.88,1766,5,1,5,1,0,1,0
febrl3,0.88,1439,1,1,1,1,0,1,0
febrl3,0.88,473,3,2,3,2,0,2,0
febrl3,0.88,258,4,2,4,2,0,2,0
febrl3,0.88,872,3,1,3,1,0,1,0
febrl3,0.88,128,2,1,2,1,0,1,0
febrl3,0.88,964,2,1,2,1,0,1,0
febrl3,0.88,1583,1,1,1,1,0,1,0
febrl3,0.88,784,6,2,6,2,0,2,0
febrl3,0.88,1651,1,1,1,1,0,1,0
febrl3,0.88,1756,6,2,6,2,0,2,0
febrl3,0.88,6,5,1,5,1,0,1,0
febrl3,0.88,777,2,1,2,1,0,1,0
febrl3,0.88,1348,4,1,4,1,0,1,0
febrl3,0.88,327,5,1,5,1,0,1,0
febrl3,0.88,1699,2,1,2,1,0,1,0
febrl3,0.88,396,1,1,1,1,0,1,0
febrl3,0.88,1920,1,1,1,1,0,1,0
febrl3,0.88,139,3,1,3,1,0,1,0
febrl3,0.88,167,2,1,2,1,0,1,0
febrl3,0.88,211,1,1,1,1,0,1,0
febrl3,0.88,1276,2,1,2,1,0,1,0
febrl3,0.88,978,1,1,1,1,0,1,0
febrl3,0.88,1813,2,1,2,1,0,1,0
febrl3,0.88,1367,1,1,1,1,0,1,0
febrl3,0.88,254,1,1,1,1,0,1,0
febrl3,0.88,96,2,1,2,1,0,1,0
febrl3,0.88,1105,4,2,4,2,0,2,0
febrl3,0.88,1056,6,2,6,2,0,2,0
febrl3,0.88,1345,2,1,2,1,0,1,0
febrl3,0.88,449,1,1,1,1,0,1,0
febrl3,0.88,1288,1,1,1,1,0,1,0
febrl3,0.88,1864,2,1,2,1,0,1,0
febrl3,0.88,1708,6,2,6,2,0,2,0
febrl3,0.88,1764,4,1,4,1,0,1,0
febrl3,0.88,1762,1,1,1,1,0,1,0
febrl3,0.88,428,5,2,5,2,0,2,0
febrl3,0.88,880,6,1,6,1,0,1,0
febrl3,0.88,126,5,2,5,2,0,2,0
febrl3,0.88,1832,4,1,4,1,0,1,0
febrl3,0.88,917,3,1,3,1,0,1,0
febrl3,0.88,467,1,1,1,1,0,1,0
febrl3,0.88,1295,1,1,1,1,0,1,0
febrl3,0.88,1921,1,1,1,1,0,1,0
febrl3,0.88,1161,5,2,5,2,0,2,0
febrl3,0.88,599,4,1,4,1,0,1,0
febrl3,0.88,485,2,1,2,1,0,1,0
febrl3,0.88,242,4,1,4,1,0,1,0
febrl3,0.88,1264,1,1,1,1,0,1,0
febrl3,0.88,1681,2,1,2,1,0,1,0
febrl3,0.88,1244,5,1,5,1,0,1,0
febrl3,0.88,430,1,1,1,1,0,1,0
febrl3,0.88,710,4,1,4,1,0,1,0
febrl3,0.88,1145,1,1,1,1,0,1,0
febrl3,0.88,342,2,1,2,1,0,1,0
febrl3,0.88,358,3,1,3,1,0,1,0
febrl3,0.88,1017,2,1,2,1,0,1,0
febrl3,0.88,1427,3,1,3,1,0,1,0
febrl3,0.88,1437,3,2,3,2,0,2,0
febrl3,0.88,1133,4,1,4,1,0,1,0
febrl3,0.88,1160,3,1,3,1,0,1,0
febrl3,0.88,1070,2,1,2,1,0,1,0
febrl3,0.88,1077,2,1,2,1,0,1,0
febrl3,0.88,656,6,1,6,1,0,1,0
febrl3,0.88,1618,6,2,6,2,0,2,0
febrl3,0.88,1596,3,2,3,2,0,2,0
febrl3,0.88,1669,4,1,4,1,0,1,0
febrl3,0.88,775,3,1,3,1,0,1,0
febrl3,0.88,1313,2,1,2,1,0,1,0
febrl3,0.88,592,5,1,5,1,0,1,0
febrl3,0.88,519,4,1,4,1,0,1,0
febrl3,0.88,709,2,1,2,1,0,1,0
febrl3,0.88,810,2,1,2,1,0,1,0
febrl3,0.88,1999,1,1,1,1,0,1,0
febrl3,0.88,1136,2,1,2,1,0,1,0
febrl3,0.88,649,1,1,1,1,0,1,0
febrl3,0.88,1722,2,2,2,2,0,2,0
febrl3,0.88,1892,2,1,2,1,0,1,0
febrl3,0.88,33,1,1,1,1,0,1,0
febrl3,0.88,1908,1,1,1,1,0,1,0
febrl3,0.88,1947,6,1,6,1,0,1,0
febrl3,0.88,1514,1,1,1,1,0,1,0
febrl3,0.88,1877,5,1,5,1,0,1,0
febrl3,0.88,874,1,1,1,1,0,1,0
febrl3,0.88,310,4,1,4,1,0,1,0
febrl3,0.88,356,4,1,4,1,0,1,0
febrl3,0.88,1820,2,1,2,1,0,1,0
febrl3,0.88,1486,1,1,1,1,0,1,0
febrl3,0.88,1954,1,1,1,1,0,1,0
febrl3,0.88,1402,1,1,1,1,0,1,0
febrl3,0.88,1637,4,2,4,2,0,2,0
febrl3,0.88,1848,5,3,5,3,0,3,0
febrl3,0.88,1015,1,1,1,1,0,1,0
febrl3,0.88,1976,4,1,4,1,0,1,0
febrl3,0.88,1207,5,1,5,1,0,1,0
febrl3,0.88,1361,4,2,4,2,0,2,0
febrl3,0.88,1545,1,1,1,1,0,1,0
febrl3,0.88,1630,3,1,3,1,0,1,0
febrl3,0.88,609,6,1,6,1,0,1,0
febrl3,0.88,1375,4,2,4,2,0,2,0
febrl3,0.88,1214,2,1,2,1,0,1,0
febrl3,0.88,1916,1,1,1,1,0,1,0
febrl3,0.88,1606,1,1,1,1,0,1,0
febrl3,0.88,1938,4,1,4,1,0,1,0
febrl3,0.88,198,1,1,1,1,0,1,0
febrl3,0.88,494,1,1,1,1,0,1,0
febrl3,0.88,1467,5,2,5,2,0,2,0
febrl3,0.88,1770,4,1,4,1,0,1,0
febrl3,0.88,1504,2,1,2,1,0,1,0
febrl3,0.88,1178,1,1,1,1,0,1,0
febrl3,0.88,1406,1,1,1,1,0,1,0
febrl3,0.88,1765,4,2,4,2,0,2,0
febrl3,0.88,1926,1,1,1,1,0,1,0
febrl3,0.88,1731,1,1,1,1,0,1,0
febrl3,0.88,1242,6,1,6,1,0,1,0
febrl3,0.88,388,1,1,1,1,0,1,0
febrl3,0.88,597,1,1,1,1,0,1,0
febrl3,0.88,752,1,1,1,1,0,1,0
febrl3,0.88,1352,1,1,1,1,0,1,0
febrl3,0.88,400,5,1,5,1,0,1,0
febrl3,0.88,1085,3,1,3,1,0,1,0
febrl3,0.88,39,2,1,2,1,0,1,0
febrl3,0.88,267,4,1,4,1,0,1,0
febrl3,0.88,839,5,2,5,2,0,2,0
febrl3,0.88,82,3,1,3,1,0,1,0
febrl3,0.88,1203,2,1,2,1,0,1,0
febrl3,0.88,1939,2,1,2,1,0,1,0
febrl3,0.88,537,2,2,2,2,0,2,0
febrl3,0.88,303,2,1,2,1,0,1,0
febrl3,0.88,1645,1,1,1,1,0,1,0
febrl3,0.88,1121,2,1,2,1,0,1,0
febrl3,0.88,1565,2,1,2,1,0,1,0
febrl3,0.88,192,1,1,1,1,0,1,0
febrl3,0.88,1629,4,2,4,2,0,2,0
febrl3,0.88,1445,5,1,5,1,0,1,0
febrl3,0.88,699,1,1,1,1,0,1,0
febrl3,0.88,753,1,1,1,1,0,1,0
febrl3,0.88,996,3,1,3,1,0,1,0
febrl3,0.88,1153,1,1,1,1,0,1,0
febrl3,0.88,138,4,1,4,1,0,1,0
febrl3,0.88,934,2,1,2,1,0,1,0
febrl3,0.88,1350,1,1,1,1,0,1,0
febrl3,0.88,1513,3,1,3,1,0,1,0
febrl3,0.88,890,1,1,1,1,0,1,0
febrl3,0.88,1340,3,2,3,2,0,2,0
febrl3,0.88,314,3,1,3,1,0,1,0
febrl3,0.88,1154,2,2,2,2,0,2,0
febrl3,0.88,1335,5,1,5,1,0,1,0
febrl3,0.88,1803,1,1,1,1,0,1,0
febrl3,0.88,1089,1,1,1,1,0,1,0
febrl3,0.88,1493,5,2,5,2,0,2,0
febrl3,0.88,313,2,1,2,1,0,1,0
febrl3,0.88,1615,1,1,1,1,0,1,0
febrl3,0.88,955,1,1,1,1,0,1,0
febrl3,0.88,1793,2,1,2,1,0,1,0
febrl3,0.88,1768,1,1,1,1,0,1,0
febrl3,0.88,1226,2,1,2,1,0,1,0
febrl3,0.88,1808,4,1,4,1,0,1,0
febrl3,0.88,472,3,1,3,1,0,1,0
febrl3,0.88,1753,4,1,4,1,0,1,0
febrl3,0.88,418,2,1,2,1,0,1,0
febrl3,0.88,290,4,2,4,2,0,2,0
febrl3,0.88,1272,3,1,3,1,0,1,0
febrl3,0.88,1100,6,2,6,2,0,2,0
febrl3,0.88,148,3,1,3,1,0,1,0
febrl3,0.88,391,1,1,1,1,0,1,0
febrl3,0.88,1598,3,2,3,2,0,2,0
febrl3,0.88,760,4,1,4,1,0,1,0
febrl3,0.88,1165,4,1,4,1,0,1,0
febrl3,0.88,747,6,1,6,1,0,1,0
febrl3,0.88,1418,6,2,6,2,0,2,0
febrl3,0.88,1278,3,1,3,1,0,1,0
febrl3,0.88,1660,3,1,3,1,0,1,0
febrl3,0.88,489,6,2,6,2,0,2,0
febrl3,0.88,1483,1,1,1,1,0,1,0
febrl3,0.88,562,2,1,2,1,0,1,0
febrl3,0.88,1440,1,1,1,1,0,1,0
febrl3,0.88,1464,3,1,3,1,0,1,0
febrl3,0.88,104,2,1,2,1,0,1,0
febrl3,0.88,581,4,1,4,1,0,1,0
febrl3,0.88,1456,2,1,2,1,0,1,0
febrl3,0.88,58,3,1,3,1,0,1,0
febrl3,0.88,156,1,1,1,1,0,1,0
febrl3,0.88,1360,1,1,1,1,0,1,0
febrl3,0.88,234,1,1,1,1,0,1,0
febrl3,0.88,516,1,1,1,1,0,1,0
febrl3,0.88,131,2,1,2,1,0,1,0
febrl3,0.88,1809,3,1,3,1,0,1,0
febrl3,0.88,1970,3,2,3,2,0,2,0
febrl3,0.88,1229,4,2,4,2,0,2,0
febrl3,0.88,638,4,1,4,1,0,1,0
febrl3,0.88,143,5,3,5,3,0,3,0
febrl3,0.88,1657,6,1,6,1,0,1,0
febrl3,0.88,1609,1,1,1,1,0,1,0
febrl3,0.88,1370,2,1,2,1,0,1,0
febrl3,0.88,1914,1,1,1,1,0,1,0
febrl3,0.88,837,1,1,1,1,0,1,0
febrl3,0.88,859,4,1,4,1,0,1,0
febrl3,0.88,809,3,1,3,1,0,1,0
febrl3,0.88,1521,2,1,2,1,0,1,0
febrl3,0.88,897,4,1,4,1,0,1,0
febrl3,0.88,734,1,1,1,1,0,1,0
febrl3,0.88,930,1,1,1,1,0,1,0
febrl3,0.88,1099,2,1,2,1,0,1,0
febrl3,0.88,553,2,1,2,1,0,1,0
febrl3,0.88,913,1,1,1,1,0,1,0
febrl3,0.88,780,1,1,1,1,0,1,0
febrl3,0.88,1086,2,1,2,1,0,1,0
febrl3,0.88,1463,1,1,1,1,0,1,0
febrl3,0.88,1411,4,1,4,1,0,1,0
febrl3,0.88,1294,1,1,1,1,0,1,0
febrl3,0.88,1622,2,1,2,1,0,1,0
febrl3,0.88,1505,3,2,3,2,0,2,0
febrl3,0.88,1234,3,2,3,2,0,2,0
febrl3,0.88,1899,3,2,3,2,0,2,0
febrl3,0.88,414,1,1,1,1,0,1,0
febrl3,0.88,238,2,1,2,1,0,1,0
febrl3,0.88,180,3,3,3,3,0,3,0
febrl3,0.88,1983,6,2,6,2,0,2,0
febrl3,0.88,1828,1,1,1,1,0,1,0
febrl3,0.88,1084,3,1,3,1,0,1,0
febrl3,0.88,331,2,1,2,1,0,1,0
febrl3,0.88,1423,1,1,1,1,0,1,0
febrl3,0.88,862,5,2,5,2,0,2,0
febrl3,0.88,1254,1,1,1,1,0,1,0
febrl3,0.88,263,1,1,1,1,0,1,0
febrl3,0.88,1973,2,1,2,1,0,1,0
febrl3,0.88,1079,1,1,1,1,0,1,0
febrl3,0.88,1683,1,1,1,1,0,1,0
febrl3,0.88,1470,1,1,1,1,0,1,0
febrl3,0.88,936,2,2,2,2,0,2,0
febrl3,0.88,1665,6,1,6,1,0,1,0
febrl3,0.88,295,2,1,2,1,0,1,0
febrl3,0.88,7,5,2,5,2,0,2,0
febrl3,0.88,554,6,1,6,1,0,1,0
febrl3,0.88,1342,4,1,4,1,0,1,0
febrl3,0.88,1065,1,1,1,1,0,1,0
febrl3,0.88,857,1,1,1,1,0,1,0
febrl3,0.88,1488,3,1,3,1,0,1,0
febrl3,0.88,1712,1,1,1,1,0,1,0
febrl3,0.88,702,4,2,4,2,0,2,0
febrl3,0.88,1790,3,2,3,2,0,2,0
febrl3,0.88,1211,2,1,2,1,0,1,0
febrl3,0.88,706,1,1,1,1,0,1,0
febrl3,0.88,538,3,2,3,2,0,2,0
febrl3,0.88,1736,4,2,4,2,0,2,0
febrl3,0.88,1053,1,1,1,1,0,1,0
febrl3,0.88,307,1,1,1,1,0,1,0
febrl3,0.88,354,2,1,2,1,0,1,0
febrl3,0.88,1775,2,1,2,1,0,1,0
febrl3,0.88,1289,2,1,2,1,0,1,0
febrl3,0.88,1800,5,1,5,1,0,1,0
febrl3,0.88,946,1,1,1,1,0,1,0
febrl3,0.88,1107,1,1,1,1,0,1,0
febrl3,0.88,423,1,1,1,1,0,1,0
febrl3,0.88,1415,1,1,1,1,0,1,0
febrl3,0.88,1393,2,1,2,1,0,1,0
febrl3,0.88,1817,2,1,2,1,0,1,0
febrl3,0.88,1052,3,1,3,1,0,1,0
febrl3,0.88,796,6,1,6,1,0,1,0
febrl3,0.88,1443,1,1,1,1,0,1,0
febrl3,0.88,612,3,2,3,2,0,2,0
febrl3,0.88,1569,2,1,2,1,0,1,0
febrl3,0.88,266,2,2,2,2,0,2,0
febrl3,0.88,900,2,1,2,1,0,1,0
febrl3,0.88,1730,4,1,4,1,0,1,0
febrl3,0.88,1763,1,1,1,1,0,1,0
febrl3,0.88,158,1,1,1,1,0,1,0
febrl3,0.88,807,1,1,1,1,0,1,0
febrl3,0.88,1789,1,1,1,1,0,1,0
febrl3,0.88,1822,1,1,1,1,0,1,0
febrl3,0.88,279,6,1,6,1,0,1,0
febrl3,0.88,971,1,1,1,1,0,1,0
febrl3,0.88,896,2,2,2,2,0,2,0
febrl3,0.88,1082,2,2,2,2,0,2,0
febrl3,0.88,1810,2,1,2,1,0,1,0
febrl3,0.88,566,1,1,1,1,0,1,0
febrl3,0.88,1450,1,1,1,1,0,1,0
febrl3,0.88,1961,2,1,2,1,0,1,0
febrl3,0.88,790,2,2,2,2,0,2,0
febrl3,0.88,347,2,2,2,2,0,2,0
febrl3,0.88,336,1,1,1,1,0,1,0
febrl3,0.88,793,6,2,6,2,0,2,0
febrl3,0.88,321,6,1,6,1,0,1,0
febrl3,0.88,640,5,1,5,1,0,1,0
febrl3,0.88,406,2,1,2,1,0,1,0
febrl3,0.88,477,1,1,1,1,0,1,0
febrl3,0.88,645,3,2,3,2,0,2,0
febrl3,0.88,628,3,2,3,2,0,2,0
febrl3,0.88,1538,1,1,1,1,0,1,0
febrl3,0.88,1715,5,1,5,1,0,1,0
febrl3,0.88,602,1,1,1,1,0,1,0
febrl3,0.88,1091,4,1,4,1,0,1,0
febrl3,0.88,1256,2,2,2,2,0,2,0
febrl3,0.88,74,3,1,3,1,0,1,0
febrl3,0.88,916,1,1,1,1,0,1,0
febrl3,0.88,675,1,1,1,1,0,1,0
febrl3,0.88,1785,1,1,1,1,0,1,0
febrl3,0.88,1987,3,1,3,1,0,1,0
febrl3,0.88,1127,4,1,4,1,0,1,0
febrl3,0.88,59,1,1,1,1,0,1,0
febrl3,0.88,931,1,1,1,1,0,1,0
febrl3,0.88,157,1,1,1,1,0,1,0
febrl3,0.88,1968,2,1,2,1,0,1,0
febrl3,0.88,545,3,1,3,1,0,1,0
febrl3,0.88,437,2,1,2,1,0,1,0
febrl3,0.88,593,6,2,6,2,0,2,0
febrl3,0.88,1812,2,1,2,1,0,1,0
febrl3,0.88,1823,1,1,1,1,0,1,0
febrl3,0.88,1063,1,1,1,1,0,1,0
febrl3,0.88,1654,2,1,2,1,0,1,0
febrl3,0.88,1018,1,1,1,1,0,1,0
febrl3,0.88,1725,6,1,6,1,0,1,0
febrl3,0.88,413,1,1,1,1,0,1,0
febrl3,0.88,1225,1,1,1,1,0,1,0
febrl3,0.88,1246,1,1,1,1,0,1,0
febrl3,0.88,1147,1,1,1,1,0,1,0
febrl3,0.88,915,1,1,1,1,0,1,0
febrl3,0.88,1465,1,1,1,1,0,1,0
febrl3,0.88,184,1,1,1,1,0,1,0
febrl3,0.88,1525,2,1,2,1,0,1,0
febrl3,0.88,697,1,1,1,1,0,1,0
febrl3,0.88,1635,4,1,4,1,0,1,0
febrl3,0.88,712,1,1,1,1,0,1,0
febrl3,0.88,1420,6,2,6,2,0,2,0
febrl3,0.88,510,2,1,2,1,0,1,0
febrl3,0.88,17,1,1,1,1,0,1,0
febrl3,0.88,217,4,1,4,1,0,1,0
febrl3,0.88,670,6,2,6,2,0,2,0
febrl3,0.88,98,1,1,1,1,0,1,0
febrl3,0.88,1591,1,1,1,1,0,1,0
febrl3,0.88,1158,2,1,2,1,0,1,0
febrl3,0.88,1262,2,1,2,1,0,1,0
febrl3,0.88,819,3,1,3,1,0,1,0
febrl3,0.88,685,2,2,2,2,0,2,0
febrl3,0.88,1491,4,1,4,1,0,1,0
febrl3,0.88,47,5,1,5,1,0,1,0
febrl3,0.88,1837,1,1,1,1,0,1,0
febrl3,0.88,14,5,2,5,2,0,2,0
febrl3,0.88,1025,1,1,1,1,0,1,0
febrl3,0.88,763,1,1,1,1,0,1,0
febrl3,0.88,920,2,1,2,1,0,1,0
febrl3,0.88,1915,1,1,1,1,0,1,0
febrl3,0.88,89,1,1,1,1,0,1,0
febrl3,0.88,674,2,1,2,1,0,1,0
febrl3,0.88,50,2,1,2,1,0,1,0
febrl3,0.88,772,5,1,5,1,0,1,0
febrl3,0.88,620,2,1,2,1,0,1,0
febrl3,0.88,209,1,1,1,1,0,1,0
febrl3,0.88,1512,4,2,4,2,0,2,0
febrl3,0.88,243,1,1,1,1,0,1,0
febrl3,0.88,586,1,1,1,1,0,1,0
febrl3,0.88,1354,1,1,1,1,0,1,0
febrl3,0.88,1490,3,2,3,2,0,2,0
febrl3,0.88,1338,2,1,2,1,0,1,0
febrl3,0.88,1607,3,1,3,1,0,1,0
febrl3,0.88,1788,2,1,2,1,0,1,0
febrl3,0.88,170,1,1,1,1,0,1,0
febrl3,0.88,304,5,2,5,2,0,2,0
febrl3,0.88,829,4,3,4,3,0,3,0
febrl3,0.88,1691,1,1,1,1,0,1,0
febrl3,0.88,1205,1,1,1,1,0,1,0
febrl3,0.88,1930,1,1,1,1,0,1,0
febrl3,0.88,1485,1,1,1,1,0,1,0
febrl3,0.88,1202,1,1,1,1,0,1,0
febrl3,0.88,1385,1,1,1,1,0,1,0
febrl3,0.88,201,2,1,2,1,0,1,0
febrl3,0.88,43,1,1,1,1,0,1,0
febrl3,0.88,1912,3,1,3,1,0,1,0
febrl3,0.88,464,1,1,1,1,0,1,0
febrl3,0.88,1966,1,1,1,1,0,1,0
febrl3,0.88,1303,2,1,2,1,0,1,0
febrl3,0.88,1479,3,1,3,1,0,1,0
febrl3,0.88,1911,1,1,1,1,0,1,0
febrl3,0.88,3,3,1,3,1,0,1,0
febrl3,0.88,364,2,1,2,1,0,1,0
febrl3,0.88,1083,4,2,4,2,0,2,0
febrl3,0.88,715,1,1,1,1,0,1,0
febrl3,0.88,1383,4,2,4,2,0,2,0
febrl3,0.88,1414,1,1,1,1,0,1,0
febrl3,0.88,1795,1,1,1,1,0,1,0
febrl3,0.88,318,5,1,5,1,0,1,0
febrl3,0.88,979,1,1,1,1,0,1,0
febrl3,0.88,1867,2,2,2,2,0,2,0
febrl3,0.88,55,5,1,5,1,0,1,0
febrl3,0.88,937,4,1,4,1,0,1,0
febrl3,0.88,1058,3,2,3,2,0,2,0
febrl3,0.88,1419,4,1,4,1,0,1,0
febrl3,0.88,1865,3,1,3,1,0,1,0
febrl3,0.88,766,2,1,2,1,0,1,0
febrl3,0.88,1300,1,1,1,1,0,1,0
febrl3,0.88,355,4,1,4,1,0,1,0
febrl3,0.88,196,1,1,1,1,0,1,0
febrl3,0.88,252,1,1,1,1,0,1,0
febrl3,0.88,155,3,1,3,1,0,1,0
febrl3,0.88,926,1,1,1,1,0,1,0
febrl3,0.88,282,1,1,1,1,0,1,0
febrl3,0.88,1389,3,1,3,1,0,1,0
febrl3,0.88,1265,3,1,3,1,0,1,0
febrl3,0.88,1826,1,1,1,1,0,1,0
febrl3,0.88,1059,1,1,1,1,0,1,0
febrl3,0.88,1664,1,1,1,1,0,1,0
febrl3,0.88,767,4,1,4,1,0,1,0
febrl3,0.88,1905,1,1,1,1,0,1,0
febrl3,0.88,1500,2,1,2,1,0,1,0
febrl3,0.88,1274,1,1,1,1,0,1,0
febrl3,0.88,297,1,1,1,1,0,1,0
febrl3,0.88,1791,6,2,6,2,0,2,0
febrl3,0.88,972,3,1,3,1,0,1,0
febrl3,0.88,869,4,1,4,1,0,1,0
febrl3,0.88,500,5,1,5,1,0,1,0
febrl3,0.88,1709,2,1,2,1,0,1,0
febrl3,0.88,337,3,1,3,1,0,1,0
febrl3,0.88,1757,5,1,5,1,0,1,0
febrl3,0.88,1576,3,1,3,1,0,1,0
febrl3,0.88,606,1,1,1,1,0,1,0
febrl3,0.88,1299,1,1,1,1,0,1,0
febrl3,0.88,997,2,1,2,1,0,1,0
febrl3,0.88,1936,2,2,2,2,0,2,0
febrl3,0.88,1260,4,2,4,2,0,2,0
febrl3,0.88,1033,2,1,2,1,0,1,0
febrl3,0.88,315,3,1,3,1,0,1,0
febrl3,0.88,435,2,2,2,2,0,2,0
febrl3,0.88,1466,1,1,1,1,0,1,0
febrl3,0.88,491,3,1,3,1,0,1,0
febrl3,0.88,855,5,1,5,1,0,1,0
febrl3,0.88,1243,5,2,5,2,0,2,0
febrl3,0.88,795,1,1,1,1,0,1,0
febrl3,0.88,865,2,1,2,1,0,1,0
febrl3,0.88,394,5,1,5,1,0,1,0
febrl3,0.88,933,4,2,4,2,0,2,0
febrl3,0.88,1853,2,1,2,1,0,1,0
febrl3,0.88,973,1,1,1,1,0,1,0
febrl3,0.88,239,3,2,3,2,0,2,0
febrl3,0.88,253,1,1,1,1,0,1,0
febrl3,0.88,251,3,1,3,1,0,1,0
febrl3,0.88,610,1,1,1,1,0,1,0
febrl3,0.88,1541,2,2,2,2,0,2,0
febrl3,0.88,1711,2,1,2,1,0,1,0
febrl3,0.88,1704,4,1,4,1,0,1,0
febrl3,0.88,797,1,1,1,1,0,1,0
febrl3,0.88,248,3,1,3,1,0,1,0
febrl3,0.88,218,1,1,1,1,0,1,0
febrl3,0.88,63,1,1,1,1,0,1,0
febrl3,0.88,1612,1,1,1,1,0,1,0
febrl3,0.88,458,6,1,6,1,0,1,0
febrl3,0.88,1434,1,1,1,1,0,1,0
febrl3,0.88,1882,1,1,1,1,0,1,0
febrl3,0.88,369,1,1,1,1,0,1,0
febrl3,0.88,520,2,1,2,1,0,1,0
febrl3,0.88,1575,2,1,2,1,0,1,0
febrl3,0.88,1924,1,1,1,1,0,1,0
febrl3,0.88,932,2,1,2,1,0,1,0
febrl3,0.88,1116,1,1,1,1,0,1,0
febrl3,0.88,287,3,1,3,1,0,1,0
febrl3,0.88,48,2,1,2,1,0,1,0
febrl3,0.88,1166,1,1,1,1,0,1,0
febrl3,0.88,1259,2,1,2,1,0,1,0
febrl3,0.88,446,1,1,1,1,0,1,0
febrl3,0.88,770,3,2,3,2,0,2,0
febrl3,0.88,1476,1,1,1,1,0,1,0
febrl3,0.88,92,1,1,1,1,0,1,0
febrl3,0.88,1369,1,1,1,1,0,1,0
febrl3,0.88,1587,1,1,1,1,0,1,0
febrl3,0.88,1023,1,1,1,1,0,1,0
febrl3,0.88,411,2,1,2,1,0,1,0
febrl3,0.88,673,3,1,3,1,0,1,0
febrl3,0.88,1652,1,1,1,1,0,1,0
febrl3,0.88,866,2,1,2,1,0,1,0
febrl3,0.88,1447,1,1,1,1,0,1,0
febrl3,0.88,1689,1,1,1,1,0,1,0
febrl3,0.88,1568,2,1,2,1,0,1,0
febrl3,0.88,1802,2,1,2,1,0,1,0
febrl3,0.88,1860,6,1,6,1,0,1,0
febrl3,0.88,402,1,1,1,1,0,1,0
febrl3,0.88,558,1,1,1,1,0,1,0
febrl3,0.88,324,3,1,3,1,0,1,0
febrl3,0.88,1150,2,1,2,1,0,1,0
febrl3,0.88,652,2,2,2,2,0,2,0
febrl3,0.88,1223,2,1,2,1,0,1,0
febrl3,0.88,845,1,1,1,1,0,1,0
febrl3,0.88,1118,1,1,1,1,0,1,0
febrl3,0.88,1777,2,1,2,1,0,1,0
febrl3,0.88,2,1,1,1,1,0,1,0
febrl3,0.88,970,1,1,1,1,0,1,0
febrl3,0.88,359,2,1,2,1,0,1,0
febrl3,0.88,1310,2,1,2,1,0,1,0
febrl3,0.88,1413,1,1,1,1,0,1,0
febrl3,0.88,1769,6,1,6,1,0,1,0
febrl3,0.88,713,2,1,2,1,0,1,0
febrl3,0.88,677,2,1,2,1,0,1,0
febrl3,0.88,1946,1,1,1,1,0,1,0
febrl3,0.88,947,2,1,2,1,0,1,0
febrl3,0.88,512,2,1,2,1,0,1,0
febrl3,0.88,215,1,1,1,1,0,1,0
febrl3,0.88,1312,3,2,3,2,0,2,0
febrl3,0.88,1426,3,2,3,2,0,2,0
febrl3,0.88,863,2,1,2,1,0,1,0
febrl3,0.88,1306,1,1,1,1,0,1,0
febrl3,0.88,509,1,1,1,1,0,1,0
febrl3,0.88,1544,1,1,1,1,0,1,0
febrl3,0.88,982,3,2,3,2,0,2,0
febrl3,0.88,573,2,1,2,1,0,1,0
febrl3,0.88,1408,1,1,1,1,0,1,0
febrl3,0.88,898,3,1,3,1,0,1,0
febrl3,0.88,1066,1,1,1,1,0,1,0
febrl3,0.88,1146,1,1,1,1,0,1,0
febrl3,0.88,1292,1,1,1,1,0,1,0
febrl3,0.88,1071,6,1,6,1,0,1,0
febrl3,0.88,529,2,1,2,1,0,1,0
febrl3,0.88,166,3,2,3,2,0,2,0
febrl3,0.88,27,1,1,1,1,0,1,0
febrl3,0.88,9,1,1,1,1,0,1,0
febrl3,0.88,1710,1,1,1,1,0,1,0
febrl3,0.88,786,2,2,2,2,0,2,0
febrl3,0.88,1462,2,2,2,2,0,2,0
febrl3,0.88,963,1,1,1,1,0,1,0
febrl3,0.88,828,1,1,1,1,0,1,0
febrl3,0.88,1384,1,1,1,1,0,1,0
febrl3,0.88,1433,2,2,2,2,0,2,0
febrl3,0.88,366,1,1,1,1,0,1,0
febrl3,0.88,1603,1,1,1,1,0,1,0
febrl3,0.88,1744,2,1,2,1,0,1,0
febrl3,0.88,269,1,1,1,1,0,1,0
febrl3,0.88,204,1,1,1,1,0,1,0
febrl3,0.88,1043,1,1,1,1,0,1,0
febrl3,0.88,353,3,1,3,1,0,1,0
febrl3,0.88,1316,6,1,6,1,0,1,0
febrl3,0.88,1840,2,1,2,1,0,1,0
febrl3,0.88,983,2,1,2,1,0,1,0
febrl3,0.88,912,2,1,2,1,0,1,0
febrl3,0.88,1578,1,1,1,1,0,1,0
febrl3,0.88,1245,1,1,1,1,0,1,0
febrl3,0.88,124,1,1,1,1,0,1,0
febrl3,0.88,403,2,1,2,1,0,1,0
febrl3,0.88,679,3,2,3,2,0,2,0
febrl3,0.88,1122,1,1,1,1,0,1,0
febrl3,0.88,173,1,1,1,1,0,1,0
febrl3,0.88,1263,1,1,1,1,0,1,0
febrl3,0.88,419,3,2,3,2,0,2,0
febrl3,0.88,343,2,1,2,1,0,1,0
febrl3,0.88,1786,2,1,2,1,0,1,0
febrl3,0.88,681,1,1,1,1,0,1,0
febrl3,0.88,1003,1,1,1,1,0,1,0
febrl3,0.88,1151,5,1,5,1,0,1,0
febrl3,0.88,1527,4,1,4,1,0,1,0
febrl3,0.88,1253,1,1,1,1,0,1,0
febrl3,0.88,328,1,1,1,1,0,1,0
febrl3,0.88,958,1,1,1,1,0,1,0
febrl3,0.88,97,1,1,1,1,0,1,0
febrl3,0.88,1186,2,1,2,1,0,1,0
febrl3,0.88,1780,2,1,2,1,0,1,0
febrl3,0.88,189,1,1,1,1,0,1,0
febrl3,0.88,1868,1,1,1,1,0,1,0
febrl3,0.88,1965,1,1,1,1,0,1,0
febrl3,0.88,1417,6,2,6,2,0,2,0
febrl3,0.88,1067,2,1,2,1,0,1,0
febrl3,0.88,1078,1,1,1,1,0,1,0
febrl3,0.88,1210,4,2,4,2,0,2,0
febrl3,0.88,1045,1,1,1,1,0,1,0
febrl3,0.88,892,2,2,2,2,0,2,0
febrl3,0.88,908,2,1,2,1,0,1,0
febrl3,0.88,525,2,1,2,1,0,1,0
febrl3,0.88,1074,1,1,1,1,0,1,0
febrl3,0.88,1238,1,1,1,1,0,1,0
febrl3,0.88,1593,1,1,1,1,0,1,0
febrl3,0.88,739,2,1,2,1,0,1,0
febrl3,0.88,1012,4,1,4,1,0,1,0
febrl3,0.88,1405,1,1,1,1,0,1,0
febrl3,0.88,1468,1,1,1,1,0,1,0
febrl3,0.88,1176,3,1,3,1,0,1,0
febrl3,0.88,617,1,1,1,1,0,1,0
febrl3,0.88,873,3,1,3,1,0,1,0
febrl3,0.88,1678,2,2,2,2,0,2,0
febrl3,0.88,1188,1,1,1,1,0,1,0
febrl3,0.88,453,2,1,2,1,0,1,0
febrl3,0.88,1597,2,1,2,1,0,1,0
febrl3,0.88,1237,1,1,1,1,0,1,0
febrl3,0.88,1332,3,2,3,2,0,2,0
febrl3,0.88,178,5,1,5,1,0,1,0
febrl3,0.88,574,2,1,2,1,0,1,0
febrl3,0.88,1034,4,2,4,2,0,2,0
febrl3,0.88,19,1,1,1,1,0,1,0
febrl3,0.88,1847,1,1,1,1,0,1,0
febrl3,0.88,523,1,1,1,1,0,1,0
febrl3,0.88,1060,1,1,1,1,0,1,0
febrl3,0.88,588,1,1,1,1,0,1,0
febrl3,0.88,641,5,1,5,1,0,1,0
febrl3,0.88,1893,1,1,1,1,0,1,0
febrl3,0.88,1599,1,1,1,1,0,1,0
febrl3,0.88,1021,2,1,2,1,0,1,0
febrl3,0.88,832,1,1,1,1,0,1,0
febrl3,0.88,1000,3,1,3,1,0,1,0
febrl3,0.88,1858,1,1,1,1,0,1,0
febrl3,0.88,392,2,1,2,1,0,1,0
febrl3,0.88,112,1,1,1,1,0,1,0
febrl3,0.88,951,2,1,2,1,0,1,0
febrl3,0.88,1558,1,1,1,1,0,1,0
febrl3,0.88,1269,1,1,1,1,0,1,0
febrl3,0.88,26,1,1,1,1,0,1,0
febrl3,0.88,164,2,1,2,1,0,1,0
febrl3,0.88,820,1,1,1,1,0,1,0
febrl3,0.88,745,1,1,1,1,0,1,0
febrl3,0.88,1594,2,1,2,1,0,1,0
febrl3,0.88,748,2,1,2,1,0,1,0
febrl3,0.88,1432,1,1,1,1,0,1,0
febrl3,0.88,1172,1,1,1,1,0,1,0
febrl3,0.88,680,1,1,1,1,0,1,0
febrl3,0.88,1872,1,1,1,1,0,1,0
febrl3,0.88,587,1,1,1,1,0,1,0
febrl3,0.88,1201,2,1,2,1,0,1,0
febrl3,0.88,1977,1,1,1,1,0,1,0
febrl3,0.88,1252,3,2,3,2,0,2,0
febrl3,0.88,456,4,1,4,1,0,1,0
febrl3,0.88,1142,1,1,1,1,0,1,0
febrl3,0.88,270,1,1,1,1,0,1,0
febrl3,0.88,1984,1,1,1,1,0,1,0
febrl3,0.88,493,1,1,1,1,0,1,0
febrl3,0.88,221,1,1,1,1,0,1,0
febrl3,0.88,463,1,1,1,1,0,1,0
febrl3,0.88,205,1,1,1,1,0,1,0
febrl3,0.88,1818,1,1,1,1,0,1,0
febrl3,0.88,1900,1,1,1,1,0,1,0
febrl3,0.88,1112,1,1,1,1,0,1,0
febrl3,0.88,1741,1,1,1,1,0,1,0
febrl3,0.88,1805,1,1,1,1,0,1,0
febrl3,0.88,1580,1,1,1,1,0,1,0
febrl3,0.88,1557,1,1,1,1,0,1,0
febrl3,0.88,1315,1,1,1,1,0,1,0
febrl3,0.88,782,3,1,3,1,0,1,0
febrl3,0.88,1628,1,1,1,1,0,1,0
febrl3,0.88,262,5,2,5,2,0,2,0
febrl3,0.88,1472,2,1,2,1,0,1,0
febrl3,0.88,38,3,2,3,2,0,2,0
febrl3,0.88,1682,1,1,1,1,0,1,0
febrl3,0.88,1807,1,1,1,1,0,1,0
febrl3,0.88,976,6,2,6,2,0,2,0
febrl3,0.88,1455,1,1,1,1,0,1,0
febrl3,0.88,1595,1,1,1,1,0,1,0
febrl3,0.88,1248,4,1,4,1,0,1,0
febrl3,0.88,1719,1,1,1,1,0,1,0
febrl3,0.88,1305,3,1,3,1,0,1,0
febrl3,0.88,1891,1,1,1,1,0,1,0
febrl3,0.88,1871,1,1,1,1,0,1,0
febrl3,0.88,969,1,1,1,1,0,1,0
febrl3,0.88,590,2,1,2,1,0,1,0
febrl3,0.88,207,1,1,1,1,0,1,0
febrl3,0.88,1913,1,1,1,1,0,1,0
febrl3,0.88,1102,3,1,3,1,0,1,0
febrl3,0.88,1658,1,1,1,1,0,1,0
febrl3,0.88,986,1,1,1,1,0,1,0
febrl3,0.88,1503,4,1,4,1,0,1,0
febrl3,0.88,616,2,1,2,1,0,1,0
febrl3,0.88,1844,2,1,2,1,0,1,0
febrl3,0.88,1016,1,1,1,1,0,1,0
febrl3,0.88,150,2,2,2,2,0,2,0
febrl3,0.88,560,3,1,3,1,0,1,0
febrl3,0.88,1168,2,1,2,1,0,1,0
febrl3,0.88,789,3,1,3,1,0,1,0
febrl3,0.88,881,3,1,3,1,0,1,0
febrl3,0.88,644,1,1,1,1,0,1,0
febrl3,0.88,1046,1,1,1,1,0,1,0
febrl3,0.88,62,2,1,2,1,0,1,0
febrl3,0.88,1779,6,1,6,1,0,1,0
febrl3,0.88,1495,1,1,1,1,0,1,0
febrl3,0.88,330,5,1,5,1,0,1,0
febrl3,0.88,1184,1,1,1,1,0,1,0
febrl3,0.88,1318,4,1,4,1,0,1,0
febrl3,0.88,1351,1,1,1,1,0,1,0
febrl3,0.88,339,1,1,1,1,0,1,0
febrl3,0.88,101,1,1,1,1,0,1,0
febrl3,0.88,840,1,1,1,1,0,1,0
febrl3,0.88,906,1,1,1,1,0,1,0
febrl3,0.88,858,1,1,1,1,0,1,0
febrl3,0.88,1586,1,1,1,1,0,1,0
febrl3,0.88,1381,3,2,3,2,0,2,0
febrl3,0.88,721,5,2,5,2,0,2,0
febrl3,0.88,953,1,1,1,1,0,1,0
febrl3,0.88,727,1,1,1,1,0,1,0
febrl3,0.88,1429,1,1,1,1,0,1,0
febrl3,0.88,1250,3,1,3,1,0,1,0
febrl3,0.88,1530,1,1,1,1,0,1,0
febrl3,0.88,465,1,1,1,1,0,1,0
febrl3,0.88,1330,1,1,1,1,0,1,0
febrl3,0.88,513,1,1,1,1,0,1,0
febrl3,0.88,625,1,1,1,1,0,1,0
febrl3,0.88,1311,1,1,1,1,0,1,0
febrl3,0.88,800,2,1,2,1,0,1,0
febrl3,0.88,1796,2,1,2,1,0,1,0
febrl3,0.88,222,1,1,1,1,0,1,0
febrl3,0.88,409,1,1,1,1,0,1,0
febrl3,0.88,317,1,1,1,1,0,1,0
febrl3,0.88,72,1,1,1,1,0,1,0
febrl3,0.88,940,1,1,1,1,0,1,0
febrl3,0.88,722,1,1,1,1,0,1,0
febrl3,0.88,1108,2,1,2,1,0,1,0
febrl3,0.88,886,3,2,3,2,0,2,0
febrl3,0.88,20,1,1,1,1,0,1,0
febrl3,0.88,1724,1,1,1,1,0,1,0
febrl3,0.88,471,1,1,1,1,0,1,0
febrl3,0.88,1909,1,1,1,1,0,1,0
febrl3,0.88,1189,1,1,1,1,0,1,0
febrl3,0.88,864,1,1,1,1,0,1,0
febrl3,0.88,1962,1,1,1,1,0,1,0
febrl3,0.88,360,1,1,1,1,0,1,0
febrl3,0.88,1974,2,1,2,1,0,1,0
febrl3,0.88,1932,1,1,1,1,0,1,0
febrl3,0.88,350,1,1,1,1,0,1,0
febrl3,0.88,404,1,1,1,1,0,1,0
febrl3,0.88,1163,2,1,2,1,0,1,0
febrl3,0.88,1619,1,1,1,1,0,1,0
febrl3,0.88,1051,2,1,2,1,0,1,0
febrl3,0.88,30,1,1,1,1,0,1,0
febrl3,0.88,363,1,1,1,1,0,1,0
febrl3,0.88,225,1,1,1,1,0,1,0
febrl3,0.88,1533,1,1,1,1,0,1,0
febrl3,0.88,1377,3,1,3,1,0,1,0
febrl3,0.88,185,1,1,1,1,0,1,0
febrl3,0.88,53,1,1,1,1,0,1,0
febrl3,0.88,692,1,1,1,1,0,1,0
febrl3,0.88,822,2,2,2,2,0,2,0
febrl3,0.88,22,2,2,2,2,0,2,0
febrl3,0.88,664,3,1,3,1,0,1,0
febrl3,0.88,349,2,1,2,1,0,1,0
febrl3,0.88,135,3,2,3,2,0,2,0
febrl3,0.88,1836,1,1,1,1,0,1,0
febrl3,0.88,714,1,1,1,1,0,1,0
febrl3,0.88,386,1,1,1,1,0,1,0
febrl3,0.88,1474,1,1,1,1,0,1,0
febrl3,0.88,466,1,1,1,1,0,1,0
febrl3,0.88,1573,2,1,2,1,0,1,0
febrl3,0.88,842,1,1,1,1,0,1,0
febrl3,0.88,451,1,1,1,1,0,1,0
febrl3,0.88,927,1,1,1,1,0,1,0
febrl3,0.88,1199,1,1,1,1,0,1,0
febrl3,0.88,781,2,1,2,1,0,1,0
febrl3,0.88,448,1,1,1,1,0,1,0
febrl3,0.88,1030,1,1,1,1,0,1,0
febrl3,0.88,1409,1,1,1,1,0,1,0
febrl3,0.88,1101,1,1,1,1,0,1,0
febrl3,0.88,950,1,1,1,1,0,1,0
febrl3,0.88,476,4,2,4,2,0,2,0
febrl3,0.88,1239,1,1,1,1,0,1,0
febrl3,0.88,736,1,1,1,1,0,1,0
febrl3,0.88,1088,1,1,1,1,0,1,0
febrl3,0.88,376,1,1,1,1,0,1,0
febrl3,0.88,387,2,1,2,1,0,1,0
febrl3,0.88,1574,3,1,3,1,0,1,0
febrl3,0.88,1119,2,1,2,1,0,1,0
febrl3,0.88,1167,1,1,1,1,0,1,0
febrl3,0.88,34,1,1,1,1,0,1,0
febrl3,0.88,379,1,1,1,1,0,1,0
febrl3,0.88,0,1,1,1,1,0,1,0
febrl3,0.88,1640,2,1,2,1,0,1,0
febrl3,0.88,325,1,1,1,1,0,1,0
febrl3,0.88,1519,1,1,1,1,0,1,0
febrl3,0.88,1663,1,1,1,1,0,1,0
febrl3,0.88,174,2,1,2,1,0,1,0
febrl3,0.88,1551,1,1,1,1,0,1,0
febrl3,0.88,1582,1,1,1,1,0,1,0
febrl3,0.88,1922,3,1,3,1,0,1,0
febrl3,0.88,206,1,1,1,1,0,1,0
febrl3,0.88,1859,1,1,1,1,0,1,0
febrl3,0.88,1964,1,1,1,1,0,1,0
febrl3,0.88,792,1,1,1,1,0,1,0
febrl3,0.88,1698,1,1,1,1,0,1,0
febrl3,0.88,60,1,1,1,1,0,1,0
febrl3,0.88,1098,1,1,1,1,0,1,0
febrl3,0.88,154,1,1,1,1,0,1,0
febrl3,0.88,119,2,1,2,1,0,1,0
febrl3,0.88,1902,3,1,3,1,0,1,0
febrl3,0.88,340,1,1,1,1,0,1,0
febrl3,0.88,1702,1,1,1,1,0,1,0
febrl3,0.88,1605,3,2,3,2,0,2,0
febrl3,0.88,1206,1,1,1,1,0,1,0
febrl3,0.88,1633,1,1,1,1,0,1,0
febrl3,0.88,16,2,1,2,1,0,1,0
febrl3,0.88,383,1,1,1,1,0,1,0
febrl3,0.88,1096,1,1,1,1,0,1,0
febrl3,0.88,95,2,2,2,2,0,2,0
febrl3,0.88,117,3,1,3,1,0,1,0
febrl3,0.88,1869,1,1,1,1,0,1,0
febrl3,0.88,229,1,1,1,1,0,1,0
febrl3,0.88,1325,1,1,1,1,0,1,0
febrl3,0.88,1572,1,1,1,1,0,1,0
febrl3,0.88,925,1,1,1,1,0,1,0
febrl3,0.88,1235,1,1,1,1,0,1,0
febrl3,0.88,1625,4,2,4,2,0,2,0
febrl3,0.88,1110,1,1,1,1,0,1,0
febrl3,0.88,333,1,1,1,1,0,1,0
febrl3,0.88,1181,1,1,1,1,0,1,0
febrl3,0.88,1705,1,1,1,1,0,1,0
febrl3,0.88,1839,1,1,1,1,0,1,0
febrl3,0.88,1055,1,1,1,1,0,1,0
febrl3,0.88,1906,2,1,2,1,0,1,0
febrl3,0.88,778,1,1,1,1,0,1,0
febrl3,0.88,1854,1,1,1,1,0,1,0
febrl3,0.88,621,2,1,2,1,0,1,0
febrl3,0.88,843,1,1,1,1,0,1,0
febrl3,0.88,1378,2,2,2,2,0,2,0
febrl3,0.88,1431,1,1,1,1,0,1,0
febrl3,0.88,1508,1,1,1,1,0,1,0
febrl3,0.88,301,1,1,1,1,0,1,0
febrl3,0.88,975,1,1,1,1,0,1,0
febrl3,0.88,468,1,1,1,1,0,1,0
febrl3,0.88,811,1,1,1,1,0,1,0
febrl3,0.88,758,1,1,1,1,0,1,0
febrl3,0.88,389,1,1,1,1,0,1,0
febrl3,0.88,1090,1,1,1,1,0,1,0
febrl3,0.88,1875,1,1,1,1,0,1,0
febrl3,0.88,1563,1,1,1,1,0,1,0
febrl3,0.88,1120,1,1,1,1,0,1,0
febrl3,0.88,1386,1,1,1,1,0,1,0
febrl3,0.88,1344,3,1,3,1,0,1,0
febrl3,0.88,1608,2,1,2,1,0,1,0
febrl3,0.88,1636,2,1,2,1,0,1,0
febrl3,0.88,357,2,1,2,1,0,1,0
febrl3,0.88,1754,1,1,1,1,0,1,0
febrl3,0.88,741,1,1,1,1,0,1,0
febrl3,0.88,1187,1,1,1,1,0,1,0
febrl3,0.88,669,4,2,4,2,0,2,0
febrl3,0.88,1997,1,1,1,1,0,1,0
febrl3,0.88,728,1,1,1,1,0,1,0
febrl3,0.88,956,1,1,1,1,0,1,0
febrl3,0.88,1293,3,1,3,1,0,1,0
febrl3,0.88,183,1,1,1,1,0,1,0
febrl3,0.88,1208,1,1,1,1,0,1,0
febrl3,0.88,1404,2,1,2,1,0,1,0
febrl3,0.88,1309,1,1,1,1,0,1,0
febrl3,0.88,1139,1,1,1,1,0,1,0
febrl3,0.88,1934,2,1,2,1,0,1,0
febrl3,0.88,110,1,1,1,1,0,1,0
febrl3,0.88,1356,1,1,1,1,0,1,0
febrl3,0.88,754,1,1,1,1,0,1,0
febrl3,0.88,1982,2,2,2,2,0,2,0
febrl3,0.88,1841,1,1,1,1,0,1,0
febrl3,0.88,1787,1,1,1,1,0,1,0
febrl3,0.88,1874,1,1,1,1,0,1,0
febrl3,0.88,405,1,1,1,1,0,1,0
febrl3,0.88,902,2,2,2,2,0,2,0
febrl3,0.88,417,1,1,1,1,0,1,0
febrl3,0.88,69,2,1,2,1,0,1,0
febrl3,0.88,1507,1,1,1,1,0,1,0
febrl3,0.88,1192,1,1,1,1,0,1,0
febrl3,0.88,1734,1,1,1,1,0,1,0
febrl3,0.88,1601,2,1,2,1,0,1,0
febrl3,0.88,1064,1,1,1,1,0,1,0
febrl3,0.88,1267,1,1,1,1,0,1,0
febrl3,0.88,1284,1,1,1,1,0,1,0
febrl3,0.88,1774,1,1,1,1,0,1,0
febrl3,0.88,1321,2,1,2,1,0,1,0
febrl3,0.88,1675,1,1,1,1,0,1,0
febrl3,0.88,1656,2,1,2,1,0,1,0
febrl3,0.88,1240,2,2,2,2,0,2,0
febrl3,0.88,814,1,1,1,1,0,1,0
febrl3,0.88,420,1,1,1,1,0,1,0
febrl3,0.88,422,1,1,1,1,0,1,0
febrl3,0.88,1010,1,1,1,1,0,1,0
febrl3,0.88,1884,1,1,1,1,0,1,0
febrl3,0.88,884,1,1,1,1,0,1,0
febrl3,0.88,1104,3,2,3,2,0,2,0
febrl3,0.88,1759,1,1,1,1,0,1,0
febrl3,0.88,726,1,1,1,1,0,1,0
febrl3,0.88,1005,1,1,1,1,0,1,0
febrl3,0.88,1556,1,1,1,1,0,1,0
febrl3,0.88,563,1,1,1,1,0,1,0
febrl3,0.88,746,2,2,2,2,0,2,0
febrl3,0.88,134,1,1,1,1,0,1,0
febrl3,0.88,399,2,1,2,1,0,1,0
febrl3,0.88,622,1,1,1,1,0,1,0
febrl3,0.88,220,1,1,1,1,0,1,0
febrl3,0.88,113,1,1,1,1,0,1,0
febrl3,0.88,1923,2,1,2,1,0,1,0
febrl3,0.88,1798,1,1,1,1,0,1,0
febrl3,0.88,1843,1,1,1,1,0,1,0
febrl3,0.88,1038,1,1,1,1,0,1,0
febrl3,0.88,1261,4,2,4,2,0,2,0
febrl3,0.88,65,1,1,1,1,0,1,0
febrl3,0.88,1624,4,1,4,1,0,1,0
febrl3,0.88,51,1,1,1,1,0,1,0
febrl3,0.88,1535,1,1,1,1,0,1,0
febrl3,0.88,1019,1,1,1,1,0,1,0
febrl3,0.88,556,1,1,1,1,0,1,0
febrl3,0.88,492,1,1,1,1,0,1,0
febrl3,0.88,1358,1,1,1,1,0,1,0
febrl3,0.88,240,1,1,1,1,0,1,0
febrl3,0.88,998,1,1,1,1,0,1,0
febrl3,0.88,1819,1,1,1,1,0,1,0
febrl3,0.88,40,1,1,1,1,0,1,0
febrl3,0.88,1449,1,1,1,1,0,1,0
febrl3,0.88,1328,1,1,1,1,0,1,0
febrl3,0.88,1422,2,1,2,1,0,1,0
febrl3,0.88,815,1,1,1,1,0,1,0
febrl3,0.88,831,1,1,1,1,0,1,0
febrl3,0.88,1095,2,1,2,1,0,1,0
febrl3,0.88,68,4,2,4,2,0,2,0
febrl3,0.88,608,1,1,1,1,0,1,0
febrl3,0.88,903,2,1,2,1,0,1,0
febrl3,0.88,1516,1,1,1,1,0,1,0
febrl3,0.88,1396,1,1,1,1,0,1,0
febrl3,0.88,613,2,1,2,1,0,1,0
febrl3,0.88,1339,1,1,1,1,0,1,0
febrl3,0.88,1896,1,1,1,1,0,1,0
febrl3,0.88,1713,1,1,1,1,0,1,0
febrl3,0.88,791,2,1,2,1,0,1,0
febrl3,0.88,1349,1,1,1,1,0,1,0
febrl3,0.88,235,2,1,2,1,0,1,0
febrl3,0.88,1524,1,1,1,1,0,1,0
febrl3,0.88,1885,1,1,1,1,0,1,0
febrl3,0.88,626,3,1,3,1,0,1,0
febrl3,0.88,984,1,1,1,1,0,1,0
febrl3,0.88,1955,1,1,1,1,0,1,0
febrl3,0.88,695,2,1,2,1,0,1,0
febrl3,0.88,1935,1,1,1,1,0,1,0
febrl3,0.88,1291,2,1,2,1,0,1,0
febrl3,0.88,1137,1,1,1,1,0,1,0
febrl3,0.88,425,1,1,1,1,0,1,0
febrl3,0.88,94,2,1,2,1,0,1,0
febrl3,0.88,273,1,1,1,1,0,1,0
febrl3,0.88,181,1,1,1,1,0,1,0
febrl3,0.88,1998,1,1,1,1,0,1,0
febrl3,0.88,663,1,1,1,1,0,1,0
febrl3,0.88,1933,1,1,1,1,0,1,0
febrl3,0.88,1898,1,1,1,1,0,1,0
febrl3,0.88,1887,1,1,1,1,0,1,0
febrl3,0.88,1542,1,1,1,1,0,1,0
febrl3,0.88,45,1,1,1,1,0,1,0
febrl3,0.88,1326,1,1,1,1,0,1,0
febrl3,0.88,565,1,1,1,1,0,1,0
febrl3,0.88,1149,1,1,1,1,0,1,0
febrl3,0.88,1380,1,1,1,1,0,1,0
febrl3,0.88,1653,1,1,1,1,0,1,0
febrl3,0.88,377,1,1,1,1,0,1,0
febrl3,0.88,1856,1,1,1,1,0,1,0
febrl3,0.88,518,1,1,1,1,0,1,0
febrl3,0.88,1631,1,1,1,1,0,1,0
febrl3,0.88,271,1,1,1,1,0,1,0
febrl3,0.88,1638,1,1,1,1,0,1,0
febrl3,0.88,132,1,1,1,1,0,1,0
febrl3,0.88,1659,1,1,1,1,0,1,0
febrl3,0.88,1395,1,1,1,1,0,1,0
febrl3,0.88,226,1,1,1,1,0,1,0
febrl3,0.88,768,1,1,1,1,0,1,0
febrl3,0.88,1020,1,1,1,1,0,1,0
febrl3,0.88,1327,2,1,2,1,0,1,0
febrl3,0.88,1106,1,1,1,1,0,1,0
febrl3,0.88,1738,1,1,1,1,0,1,0
febrl3,0.88,1592,1,1,1,1,0,1,0
febrl3,0.88,1634,1,1,1,1,0,1,0
febrl3,0.88,1529,2,1,2,1,0,1,0
febrl3,0.88,580,1,1,1,1,0,1,0
febrl3,0.88,1846,2,1,2,1,0,1,0
febrl3,0.88,1866,1,1,1,1,0,1,0
febrl3,0.88,163,2,1,2,1,0,1,0
febrl3,0.88,1733,1,1,1,1,0,1,0
febrl3,0.88,488,1,1,1,1,0,1,0
febrl3,0.88,1613,1,1,1,1,0,1,0
febrl3,0.88,989,1,1,1,1,0,1,0
febrl3,0.88,730,1,1,1,1,0,1,0
febrl3,0.88,1480,1,1,1,1,0,1,0
febrl3,0.88,407,1,1,1,1,0,1,0
febrl3,0.88,1849,1,1,1,1,0,1,0
febrl3,0.88,806,1,1,1,1,0,1,0
febrl3,0.88,589,1,1,1,1,0,1,0
febrl3,0.88,994,1,1,1,1,0,1,0
febrl3,0.88,162,1,1,1,1,0,1,0
febrl3,0.88,740,1,1,1,1,0,1,0
febrl3,0.88,424,1,1,1,1,0,1,0
febrl3,0.88,1676,1,1,1,1,0,1,0
febrl3,0.88,1170,1,1,1,1,0,1,0
febrl3,0.88,1627,1,1,1,1,0,1,0
febrl3,0.88,654,1,1,1,1,0,1,0
febrl3,0.88,431,1,1,1,1,0,1,0
febrl3,0.88,1169,1,1,1,1,0,1,0
febrl3,0.88,227,1,1,1,1,0,1,0
febrl3,0.88,441,1,1,1,1,0,1,0
febrl3,0.88,469,1,1,1,1,0,1,0
febrl3,0.88,1700,1,1,1,1,0,1,0
febrl3,0.88,172,1,1,1,1,0,1,0
febrl3,0.88,1927,1,1,1,1,0,1,0
febrl3,0.88,298,1,1,1,1,0,1,0
febrl3,0.88,149,1,1,1,1,0,1,0
febrl3,0.88,335,1,1,1,1,0,1,0
febrl3,0.88,966,1,1,1,1,0,1,0
febrl3,0.88,783,1,1,1,1,0,1,0
febrl3,0.88,578,1,1,1,1,0,1,0
febrl3,0.88,487,1,1,1,1,0,1,0
febrl3,0.88,1650,1,1,1,1,0,1,0
febrl3,0.88,1209,1,1,1,1,0,1,0
febrl3,0.88,496,1,1,1,1,0,1,0
febrl3,0.88,535,1,1,1,1,0,1,0
febrl3,0.88,1197,1,1,1,1,0,1,0
febrl3,0.88,1666,1,1,1,1,0,1,0
febrl3,0.88,308,1,1,1,1,0,1,0
febrl3,0.88,1732,1,1,1,1,0,1,0
febrl3,0.88,322,1,1,1,1,0,1,0
febrl3,0.88,191,1,1,1,1,0,1,0
febrl3,0.88,168,1,1,1,1,0,1,0
febrl3,0.88,1735,1,1,1,1,0,1,0
febrl3,0.88,1282,2,2,2,2,0,2,0
febrl3,0.88,798,1,1,1,1,0,1,0
febrl3,0.88,345,1,1,1,1,0,1,0
febrl3,0.88,1317,1,1,1,1,0,1,0
febrl3,0.88,742,1,1,1,1,0,1,0
febrl3,0.88,690,1,1,1,1,0,1,0
febrl3,0.88,213,1,1,1,1,0,1,0
febrl3,0.88,484,1,1,1,1,0,1,0
febrl3,0.88,1400,1,1,1,1,0,1,0
febrl3,0.88,136,1,1,1,1,0,1,0
febrl3,0.88,1441,1,1,1,1,0,1,0
febrl3,0.88,1194,1,1,1,1,0,1,0
febrl3,0.88,1952,1,1,1,1,0,1,0
febrl3,0.88,1008,1,1,1,1,0,1,0
febrl3,0.88,889,1,1,1,1,0,1,0
febrl3,0.88,1391,1,1,1,1,0,1,0
febrl3,0.88,93,1,1,1,1,0,1,0
febrl3,0.88,1792,1,1,1,1,0,1,0
febrl3,0.88,506,1,1,1,1,0,1,0
febrl3,0.88,949,1,1,1,1,0,1,0
febrl3,0.88,1701,1,1,1,1,0,1,0
febrl3,0.88,311,1,1,1,1,0,1,0
febrl3,0.88,689,1,1,1,1,0,1,0
febrl3,0.88,521,2,1,2,1,0,1,0
febrl3,0.88,429,1,1,1,1,0,1,0
febrl3,0.88,122,1,1,1,1,0,1,0
febrl3,0.88,504,1,1,1,1,0,1,0
febrl3,0.88,1751,1,1,1,1,0,1,0
febrl3,0.88,88,1,1,1,1,0,1,0
febrl3,0.88,756,1,1,1,1,0,1,0
febrl3,0.88,1552,1,1,1,1,0,1,0
febrl3,0.88,939,2,1,2,1,0,1,0
febrl3,0.88,490,1,1,1,1,0,1,0
febrl3,0.88,787,1,1,1,1,0,1,0
febrl3,0.88,1748,1,1,1,1,0,1,0
febrl3,0.88,1687,1,1,1,1,0,1,0
febrl3,0.88,1679,1,1,1,1,0,1,0
febrl3,0.88,1956,2,1,2,1,0,1,0
febrl3,0.88,1372,1,1,1,1,0,1,0
febrl3,0.88,214,2,1,2,1,0,1,0
febrl3,0.88,1752,1,1,1,1,0,1,0
febrl3,0.88,999,1,1,1,1,0,1,0
febrl3,0.88,1861,1,1,1,1,0,1,0
febrl3,0.88,776,1,1,1,1,0,1,0
febrl3,0.88,18,1,1,1,1,0,1,0
febrl3,0.88,1649,1,1,1,1,0,1,0
febrl3,0.88,1171,1,1,1,1,0,1,0
febrl3,0.88,648,1,1,1,1,0,1,0
febrl3,0.88,852,1,1,1,1,0,1,0
febrl3,0.88,1677,1,1,1,1,0,1,0
febrl3,0.88,36,1,1,1,1,0,1,0
febrl3,0.88,1049,1,1,1,1,0,1,0
febrl3,0.88,241,1,1,1,1,0,1,0
febrl3,0.88,1198,1,1,1,1,0,1,0
febrl3,0.88,813,1,1,1,1,0,1,0
febrl3,0.88,1888,1,1,1,1,0,1,0
febrl3,0.88,1283,1,1,1,1,0,1,0
febrl3,0.88,630,1,1,1,1,0,1,0
febrl3,0.88,1435,2,1,2,1,0,1,0
febrl3,0.88,851,1,1,1,1,0,1,0
febrl3,0.88,938,1,1,1,1,0,1,0
febrl3,0.88,1461,1,1,1,1,0,1,0
febrl3,0.88,1195,1,1,1,1,0,1,0
febrl3,0.88,536,1,1,1,1,0,1,0
febrl3,0.88,1833,1,1,1,1,0,1,0
febrl3,0.88,1661,1,1,1,1,0,1,0
febrl3,0.88,1458,1,1,1,1,0,1,0
febrl3,0.88,265,1,1,1,1,0,1,0
febrl3,0.88,870,1,1,1,1,0,1,0
febrl3,0.88,1477,1,1,1,1,0,1,0
febrl3,0.88,502,1,1,1,1,0,1,0
