B,C,H,aggregate_snr,certificate_type,certified_sensitivity,clip_fraction,comparison_tier,complete_units,config_hash,contributing_record_gradient_evaluations,dataset,delta,diagnostic_gradient_seconds,diagnostic_record_gradient_evaluations,dropped_units,effective_record_utilization,epsilon,evidence_seed,evidence_view,gradient_distortion_l2,group_gradient_evaluations,handle_users_fully_covered_fraction,handle_users_with_residual_fraction,implementation_provenance,lambda,local_atom_units,local_mixed_units,manifest_hash,mean_residual_records_per_handle_user,method,metric_name,metric_value,noise_multiplier,noise_seed,noise_sensitivity,noisy_releases,non_dummy_record_gradient_evaluations,oracle_audit_seconds,overlap_probability,partial_clip_fraction,partial_gradient_distortion_l2,partial_handle_record_fraction,partial_handle_units,patient_or_user_auprc,plan_config_hash,privacy_semantics,public_normalizer,q_record_given_handle,q_record_given_handle_pooled,q_record_given_handle_requested,q_record_total,q_user,q_user_requested,realized_overlap_fraction,record_gradient_evaluations,residual_clip_fraction,residual_gradient_distortion_l2,residual_record_fraction,run_id,sample_accuracy,scenario,schedule_seed,seed,split_seed,structural_sensitivity_bound,topology_seed,user_macro_accuracy,validation_pass,wall_time_seconds,frontier_source
6,1.0,1,0.004437954394135782,plan-c,1.0,0.9999999845027924,primary,0,321be27adaa6b18de46f154b7b19f483da8cd90548babd6e4abfb57532665fdf,6442,femnist,1e-05,11.401743200054625,25600,1655,0.251640625,4.0,31003,controlled,0.6899090705811978,5394,0.0,1.0,this-work,1.0,0,0,807205a46345f70a8bce8ce6770ffa3d758f69cd83498477bad0f4cd949a3523,15.993846153846153,handle-only-drop-residual,user_macro_accuracy,0.2038778409090909,9.214933748786253,101005,1.0,50,6442,0.06884320006065536,0.5,0.9999999845027924,0.2004740957543254,0.251640625,325,,1ff157e6e19bb70a469f3512054134ecba838394572619b67f17c7b6da38f8a7,user-certified,512.0,0.5000992555831265,0.5000961723408348,0.5,0.25002404077315127,0.5,0.5,0.5,25600,0.0,0.5478525772690773,0.0,03aee4b751f501e4d7e936ebf01ec79afcac4065ac13c2fa273e8894e4483524,0.20395046245493023,controlled-middle,31011,7,31001,1.0,31002,0.2038778409090909,True,21.04070839988708,lambda=1 endpoint
6,1.0,1,0.004721637136081076,plan-c,1.0,0.9999999845027924,primary,0,321be27adaa6b18de46f154b7b19f483da8cd90548babd6e4abfb57532665fdf,6386,femnist,1e-05,11.441837699981988,25600,1655,0.249453125,4.0,31003,controlled,0.8994190420210362,5336,0.0,1.0,this-work,1.0,0,0,807205a46345f70a8bce8ce6770ffa3d758f69cd83498477bad0f4cd949a3523,15.993846153846153,handle-only-drop-residual,user_macro_accuracy,0.18826704545454548,9.214933748786253,71005,1.0,50,6386,0.06897929996193852,0.5,0.9999999845027924,0.25680189426988365,0.249453125,325,,1ff157e6e19bb70a469f3512054134ecba838394572619b67f17c7b6da38f8a7,user-certified,512.0,0.5000992555831265,0.5000961723408348,0.5,0.25002404077315127,0.5,0.5,0.5,25600,0.0,0.7072058656811714,0.0,0c00c3cb540025118af67edbc38e774d27387ea2f71acaa45a832527613f6d48,0.1885875529079793,controlled-middle,31008,4,31001,1.0,31002,0.18826704545454548,True,23.410586700047133,lambda=1 endpoint
6,1.0,1,0.0024170274544098418,plan-c,1.0,0.9999999713897705,primary,0,321be27adaa6b18de46f154b7b19f483da8cd90548babd6e4abfb57532665fdf,25600,femnist,1e-05,0.0,0,0,1.0,4.0,31003,controlled,0.798496849089861,21306,0.0,1.0,this-work,0.14285714285714285,1655,0,807205a46345f70a8bce8ce6770ffa3d758f69cd83498477bad0f4cd949a3523,15.993846153846153,unitscope-equal,user_macro_accuracy,0.10203125,9.214933748786253,121005,1.0,50,25600,0.1771181999502005,0.5,0.9999999797344208,0.25436627604067324,0.25,325,,1ff157e6e19bb70a469f3512054134ecba838394572619b67f17c7b6da38f8a7,user-certified,512.0,0.5000992555831265,0.5000961723408348,0.5,0.25002404077315127,0.5,0.5,0.5,25600,0.9999999833106995,0.5940723231434822,0.75,1888406637069f591a35050de1769963112e64a05972261ee466c0ff276fa49b,0.1023671421852955,controlled-middle,31013,9,31001,1.0,31002,0.10203125,True,22.95616860005248,equal-allocation ablation
6,1.0,1,0.002349555035171988,plan-c,1.0,0.9999999868869781,primary,0,321be27adaa6b18de46f154b7b19f483da8cd90548babd6e4abfb57532665fdf,25600,femnist,1e-05,0.0,0,0,1.0,4.0,31003,controlled,0.9775922378897667,21261,0.0,1.0,this-work,0.14285714285714285,1655,0,807205a46345f70a8bce8ce6770ffa3d758f69cd83498477bad0f4cd949a3523,15.993846153846153,unitscope-equal,user_macro_accuracy,0.1577556818181818,9.214933748786253,41005,1.0,50,25600,0.07110659996396862,0.5,0.9999999856948852,0.2791511394828558,0.245859375,325,,1ff157e6e19bb70a469f3512054134ecba838394572619b67f17c7b6da38f8a7,user-certified,512.0,0.5000992555831265,0.5000961723408348,0.5,0.25002404077315127,0.5,0.5,0.5,25600,0.9999999904632568,0.7526266920566559,0.754140625,1d060889c2b830079500756de506560a6f459c4e6d9adfa373de0e24f0c40f0d,0.1570779118984167,controlled-middle,31005,1,31001,1.0,31002,0.1577556818181818,True,23.845590900047682,equal-allocation ablation
6,1.0,1,0.002276074343576123,plan-c,1.0,0.9999999845027924,primary,0,321be27adaa6b18de46f154b7b19f483da8cd90548babd6e4abfb57532665fdf,25600,femnist,1e-05,0.0,0,0,1.0,4.0,31003,controlled,0.9922321411967278,21339,0.0,1.0,this-work,0.14285714285714285,1655,0,807205a46345f70a8bce8ce6770ffa3d758f69cd83498477bad0f4cd949a3523,15.993846153846153,unitscope-equal,user_macro_accuracy,0.17029829545454547,9.214933748786253,71005,1.0,50,25600,0.07236420002300292,0.5,0.9999999845027924,0.30003027625381945,0.249453125,325,,1ff157e6e19bb70a469f3512054134ecba838394572619b67f17c7b6da38f8a7,user-certified,512.0,0.5000992555831265,0.5000961723408348,0.5,0.25002404077315127,0.5,0.5,0.5,25600,0.9999999868869781,0.7589061303436756,0.750546875,227329edfed8e2d3083ce18c2a181fb7ec0629b07484099b1fff83d8541f8d70,0.1705596488477818,controlled-middle,31008,4,31001,1.0,31002,0.17029829545454547,True,23.57998349997797,equal-allocation ablation
6,1.0,1,0.004893182908529135,plan-c,1.0,0.9999999856948852,primary,0,321be27adaa6b18de46f154b7b19f483da8cd90548babd6e4abfb57532665fdf,6414,femnist,1e-05,10.728042799964896,25600,1655,0.250546875,4.0,31003,controlled,0.9965234744548798,5366,0.0,1.0,this-work,1.0,0,0,807205a46345f70a8bce8ce6770ffa3d758f69cd83498477bad0f4cd949a3523,15.993846153846153,handle-only-drop-residual,user_macro_accuracy,0.09373579545454545,9.214933748786253,91005,1.0,50,6414,0.06392789997335058,0.5,0.9999999856948852,0.2712730300426483,0.250546875,325,,1ff157e6e19bb70a469f3512054134ecba838394572619b67f17c7b6da38f8a7,user-certified,512.0,0.5000992555831265,0.5000961723408348,0.5,0.25002404077315127,0.5,0.5,0.5,25600,0.0,0.7806293192505837,0.0,22f3c9e2e23c55ef9767da0b6ccb0b0fb841fd276d1234e83a831cb2b0463894,0.09374510111302713,controlled-middle,31010,6,31001,1.0,31002,0.09373579545454545,True,20.174503000060213,lambda=1 endpoint
6,1.0,1,0.004988971121190475,plan-c,1.0,0.9999999797344208,primary,0,321be27adaa6b18de46f154b7b19f483da8cd90548babd6e4abfb57532665fdf,6400,femnist,1e-05,11.414504400017904,25600,1655,0.25,4.0,31003,controlled,0.6482703667879105,5334,0.0,1.0,this-work,1.0,0,0,807205a46345f70a8bce8ce6770ffa3d758f69cd83498477bad0f4cd949a3523,15.993846153846153,handle-only-drop-residual,user_macro_accuracy,0.1615056818181818,9.214933748786253,121005,1.0,50,6400,0.06912249994638842,0.5,0.9999999797344208,0.19600084830075504,0.25,325,,1ff157e6e19bb70a469f3512054134ecba838394572619b67f17c7b6da38f8a7,user-certified,512.0,0.5000992555831265,0.5000961723408348,0.5,0.25002404077315127,0.5,0.5,0.5,25600,0.0,0.5074054469168187,0.0,25a02075e7dd28ec75328b28728ec3c224ed6093a1974ad1be5f8643e91beb13,0.16084025709358835,controlled-middle,31013,9,31001,1.0,31002,0.1615056818181818,True,23.101497400028165,lambda=1 endpoint
6,1.0,1,0.0020546617605383386,plan-c,1.0,0.9999999797344208,primary,0,321be27adaa6b18de46f154b7b19f483da8cd90548babd6e4abfb57532665fdf,25600,femnist,1e-05,0.0,0,0,1.0,4.0,31003,controlled,0.7470079289376735,21208,0.0,1.0,this-work,0.14285714285714285,1655,0,807205a46345f70a8bce8ce6770ffa3d758f69cd83498477bad0f4cd949a3523,15.993846153846153,unitscope-equal,user_macro_accuracy,0.1707244318181818,9.214933748786253,101005,1.0,50,25600,0.06821649997436907,0.5,0.9999999845027924,0.2335005524009466,0.251640625,325,,1ff157e6e19bb70a469f3512054134ecba838394572619b67f17c7b6da38f8a7,user-certified,512.0,0.5000992555831265,0.5000961723408348,0.5,0.25002404077315127,0.5,0.5,0.5,25600,0.9999999880790711,0.5744877134263515,0.748359375,3a4a4904a296629505768775a436322510c8c17359e61e92a8714848de78a3b7,0.17008935569838532,controlled-middle,31011,7,31001,1.0,31002,0.1707244318181818,True,21.088761400038493,equal-allocation ablation
6,1.0,1,0.002360855251779066,plan-c,1.0,0.9999999964237213,primary,0,321be27adaa6b18de46f154b7b19f483da8cd90548babd6e4abfb57532665fdf,25600,femnist,1e-05,0.0,0,0,1.0,4.0,31003,controlled,0.7799080383777618,20514,0.0,1.0,this-work,0.0,1657,0,807205a46345f70a8bce8ce6770ffa3d758f69cd83498477bad0f4cd949a3523,15.993846153846153,stable-local-fallback,user_macro_accuracy,0.1732528409090909,9.214933748786253,51005,1.0,50,25600,0.06663380000100005,0.5,0.0,0.0,0.0,0,,1ff157e6e19bb70a469f3512054134ecba838394572619b67f17c7b6da38f8a7,user-certified,512.0,0.5000992555831265,0.5000961723408348,0.5,0.25002404077315127,0.5,0.5,0.5,25600,0.9999999964237213,0.7799080383777618,1.0,3f87b8c191fb94f75d43816c92482b65198f9b78386d2ccfc8df1362ee160a87,0.17322464336102839,controlled-middle,31006,2,31001,1.0,31002,0.1732528409090909,True,16.748855799989542,lambda=0 endpoint
6,1.0,1,0.004362861169960649,plan-c,1.0,0.9999999773502349,primary,0,321be27adaa6b18de46f154b7b19f483da8cd90548babd6e4abfb57532665fdf,6526,femnist,1e-05,11.232499100020505,25600,1655,0.254921875,4.0,31003,controlled,0.49582148194313047,5439,0.0,1.0,this-work,1.0,0,0,807205a46345f70a8bce8ce6770ffa3d758f69cd83498477bad0f4cd949a3523,15.993846153846153,handle-only-drop-residual,user_macro_accuracy,0.1180965909090909,9.214933748786253,81005,1.0,50,6526,0.06832159994519316,0.5,0.9999999773502349,0.13565659245476128,0.254921875,325,,1ff157e6e19bb70a469f3512054134ecba838394572619b67f17c7b6da38f8a7,user-certified,512.0,0.5000992555831265,0.5000961723408348,0.5,0.25002404077315127,0.5,0.5,0.5,25600,0.0,0.3992094746232033,0.0,48667c743b812b2cb3996a7f3ce947f9b3071c85533019baffe7a6caffa8d83b,0.11788681611537859,controlled-middle,31009,5,31001,1.0,31002,0.1180965909090909,True,22.783807900035754,lambda=1 endpoint
6,1.0,1,0.0023007466052031005,plan-c,1.0,0.9999999976158143,primary,0,321be27adaa6b18de46f154b7b19f483da8cd90548babd6e4abfb57532665fdf,25600,femnist,1e-05,0.0,0,0,1.0,4.0,31003,controlled,0.7237786546349525,20480,0.0,1.0,this-work,0.0,1657,0,807205a46345f70a8bce8ce6770ffa3d758f69cd83498477bad0f4cd949a3523,15.993846153846153,stable-local-fallback,user_macro_accuracy,0.18042613636363636,9.214933748786253,101005,1.0,50,25600,0.06540070004120935,0.5,0.0,0.0,0.0,0,,1ff157e6e19bb70a469f3512054134ecba838394572619b67f17c7b6da38f8a7,user-certified,512.0,0.5000992555831265,0.5000961723408348,0.5,0.25002404077315127,0.5,0.5,0.5,25600,0.9999999976158143,0.7237786546349525,1.0,50569cd60399cb01b79c3af9543c438b41fe3e1a182cd5604b4babfe133e375c,0.18012227621884308,controlled-middle,31011,7,31001,1.0,31002,0.18042613636363636,True,16.565424299958977,lambda=0 endpoint
6,1.0,1,0.002669728626844737,plan-c,1.0,0.9999999988079071,primary,0,321be27adaa6b18de46f154b7b19f483da8cd90548babd6e4abfb57532665fdf,25600,femnist,1e-05,0.0,0,0,1.0,4.0,31003,controlled,0.7593414221704006,20572,0.0,1.0,this-work,0.0,1657,0,807205a46345f70a8bce8ce6770ffa3d758f69cd83498477bad0f4cd949a3523,15.993846153846153,stable-local-fallback,user_macro_accuracy,0.11421875,9.214933748786253,121005,1.0,50,25600,0.06496890001290012,0.5,0.0,0.0,0.0,0,,1ff157e6e19bb70a469f3512054134ecba838394572619b67f17c7b6da38f8a7,user-certified,512.0,0.5000992555831265,0.5000961723408348,0.5,0.25002404077315127,0.5,0.5,0.5,25600,0.9999999988079071,0.7593414221704006,1.0,560a4edc64d928706b1f39e60afce067bd0703860f3a3bcaf0490b61d755206e,0.11459476406960338,controlled-middle,31013,9,31001,1.0,31002,0.11421875,True,16.5300062999886,lambda=0 endpoint
6,1.0,1,0.0021049758358376498,plan-c,1.0,0.9999999761581421,primary,0,321be27adaa6b18de46f154b7b19f483da8cd90548babd6e4abfb57532665fdf,25600,femnist,1e-05,0.0,0,0,1.0,4.0,31003,controlled,0.8037408320605754,21270,0.0,1.0,this-work,0.14285714285714285,1655,0,807205a46345f70a8bce8ce6770ffa3d758f69cd83498477bad0f4cd949a3523,15.993846153846153,unitscope-equal,user_macro_accuracy,0.1674715909090909,9.214933748786253,51005,1.0,50,25600,0.07166809996124357,0.5,0.9999999845027924,0.2563423303514719,0.25203125,325,,1ff157e6e19bb70a469f3512054134ecba838394572619b67f17c7b6da38f8a7,user-certified,512.0,0.5000992555831265,0.5000961723408348,0.5,0.25002404077315127,0.5,0.5,0.5,25600,0.9999999940395355,0.6015791840851307,0.74796875,5a8edf93403aa7ee8a324bc744419548e69d28c1943f138196a48e8780736042,0.16742436118513873,controlled-middle,31006,2,31001,1.0,31002,0.1674715909090909,True,23.85774470002798,equal-allocation ablation
6,1.0,1,0.004578749941339044,plan-c,1.0,0.9999999856948852,primary,0,321be27adaa6b18de46f154b7b19f483da8cd90548babd6e4abfb57532665fdf,6414,femnist,1e-05,11.199663699968369,25600,1655,0.250546875,4.0,31003,controlled,0.9426310685276985,5346,0.0,1.0,this-work,1.0,0,0,807205a46345f70a8bce8ce6770ffa3d758f69cd83498477bad0f4cd949a3523,15.993846153846153,handle-only-drop-residual,user_macro_accuracy,0.10842329545454545,9.214933748786253,61005,1.0,50,6414,0.06853409997711424,0.5,0.9999999856948852,0.27026795882731675,0.250546875,325,,1ff157e6e19bb70a469f3512054134ecba838394572619b67f17c7b6da38f8a7,user-certified,512.0,0.5000992555831265,0.5000961723408348,0.5,0.25002404077315127,0.5,0.5,0.5,25600,0.0,0.723152299374342,0.0,5de2c20cb2e0a8371112cbcfbb015c7c2d1613c48a900053f1564f5871202b8e,0.10848095312744944,controlled-middle,31007,3,31001,1.0,31002,0.10842329545454545,True,22.46238400004222,lambda=1 endpoint
6,1.0,1,0.0025435928684800794,plan-c,1.0,0.9999999749660492,primary,0,321be27adaa6b18de46f154b7b19f483da8cd90548babd6e4abfb57532665fdf,25600,femnist,1e-05,0.0,0,0,1.0,4.0,31003,controlled,1.156693373322487,21302,0.0,1.0,this-work,0.14285714285714285,1655,0,807205a46345f70a8bce8ce6770ffa3d758f69cd83498477bad0f4cd949a3523,15.993846153846153,unitscope-equal,user_macro_accuracy,0.0690625,9.214933748786253,91005,1.0,50,25600,0.06283870001789182,0.5,0.9999999856948852,0.3294661101698875,0.250546875,325,,1ff157e6e19bb70a469f3512054134ecba838394572619b67f17c7b6da38f8a7,user-certified,512.0,0.5000992555831265,0.5000961723408348,0.5,0.25002404077315127,0.5,0.5,0.5,25600,0.9999999904632568,0.8794875213503838,0.749453125,63c8d9fa6a8983c5dabd0d12e76ff80079be986b8f335884d7070029d36e7dac,0.06928985734441134,controlled-middle,31010,6,31001,1.0,31002,0.0690625,True,20.017947799991816,equal-allocation ablation
6,1.0,1,0.0023704412333492996,plan-c,1.0,0.9999999761581421,primary,0,321be27adaa6b18de46f154b7b19f483da8cd90548babd6e4abfb57532665fdf,25600,femnist,1e-05,0.0,0,0,1.0,4.0,31003,controlled,0.872447595000267,21385,0.0,1.0,this-work,0.14285714285714285,1655,0,807205a46345f70a8bce8ce6770ffa3d758f69cd83498477bad0f4cd949a3523,15.993846153846153,unitscope-equal,user_macro_accuracy,0.1600994318181818,9.214933748786253,31005,1.0,50,25600,0.06725989998085424,0.5,0.9999999856948852,0.2578133123368025,0.253515625,325,,1ff157e6e19bb70a469f3512054134ecba838394572619b67f17c7b6da38f8a7,user-certified,512.0,0.5000992555831265,0.5000961723408348,0.5,0.25002404077315127,0.5,0.5,0.5,25600,0.9999999868869781,0.6578872586786747,0.746484375,75bf2289e946d3fa48a3d9f8c663203e5fc2eec296763b96967a7b74b0280100,0.15942937764539897,controlled-middle,31004,0,31001,1.0,31002,0.1600994318181818,True,25.15196920002927,equal-allocation ablation
6,1.0,1,0.0025329224006973134,plan-c,1.0,0.9999999964237213,primary,0,321be27adaa6b18de46f154b7b19f483da8cd90548babd6e4abfb57532665fdf,25600,femnist,1e-05,0.0,0,0,1.0,4.0,31003,controlled,1.0679697307944298,20659,0.0,1.0,this-work,0.0,1657,0,807205a46345f70a8bce8ce6770ffa3d758f69cd83498477bad0f4cd949a3523,15.993846153846153,stable-local-fallback,user_macro_accuracy,0.11873579545454545,9.214933748786253,61005,1.0,50,25600,0.06416570002329536,0.5,0.0,0.0,0.0,0,,1ff157e6e19bb70a469f3512054134ecba838394572619b67f17c7b6da38f8a7,user-certified,512.0,0.5000992555831265,0.5000961723408348,0.5,0.25002404077315127,0.5,0.5,0.5,25600,0.9999999964237213,1.0679697307944298,1.0,7783f0a992099b8e0199078e18743c37514d4b85f80007150413cf05c0eb6005,0.1188274024141715,controlled-middle,31007,3,31001,1.0,31002,0.11873579545454545,True,16.318403899975237,lambda=0 endpoint
6,1.0,1,0.0022020851269019125,plan-c,1.0,0.9999999797344208,primary,0,321be27adaa6b18de46f154b7b19f483da8cd90548babd6e4abfb57532665fdf,25600,femnist,1e-05,0.0,0,0,1.0,4.0,31003,controlled,0.7492916612327098,21283,0.0,1.0,this-work,0.14285714285714285,1655,0,807205a46345f70a8bce8ce6770ffa3d758f69cd83498477bad0f4cd949a3523,15.993846153846153,unitscope-equal,user_macro_accuracy,0.07748579545454545,9.214933748786253,111005,1.0,50,25600,0.06745869998121634,0.5,0.9999999868869781,0.23130207173526288,0.2526171875,325,,1ff157e6e19bb70a469f3512054134ecba838394572619b67f17c7b6da38f8a7,user-certified,512.0,0.5000992555831265,0.5000961723408348,0.5,0.25002404077315127,0.5,0.5,0.5,25600,0.9999999928474427,0.5708404690027237,0.7473828125,7c1211ea65f6f8c448e12286f69253883801ee7252cbce916b63cf59dfd58186,0.07744160526728328,controlled-middle,31012,8,31001,1.0,31002,0.07748579545454545,True,23.876430200019968,equal-allocation ablation
6,1.0,1,0.00246700771795149,plan-c,1.0,0.9999999928474427,primary,0,321be27adaa6b18de46f154b7b19f483da8cd90548babd6e4abfb57532665fdf,25600,femnist,1e-05,0.0,0,0,1.0,4.0,31003,controlled,0.7288152794539928,20533,0.0,1.0,this-work,0.0,1657,0,807205a46345f70a8bce8ce6770ffa3d758f69cd83498477bad0f4cd949a3523,15.993846153846153,stable-local-fallback,user_macro_accuracy,0.0771875,9.214933748786253,111005,1.0,50,25600,0.06278670005849563,0.5,0.0,0.0,0.0,0,,1ff157e6e19bb70a469f3512054134ecba838394572619b67f17c7b6da38f8a7,user-certified,512.0,0.5000992555831265,0.5000961723408348,0.5,0.25002404077315127,0.5,0.5,0.5,25600,0.9999999928474427,0.7288152794539928,1.0,7d14ac80c46de488837b849032d4614f1fd4d239c634c605084f39ba133d87e0,0.07744160526728328,controlled-middle,31012,8,31001,1.0,31002,0.0771875,True,16.44871599994076,lambda=0 endpoint
6,1.0,1,0.004834358791014255,plan-c,1.0,0.9999999856948852,primary,0,321be27adaa6b18de46f154b7b19f483da8cd90548babd6e4abfb57532665fdf,6294,femnist,1e-05,11.438827800040599,25600,1655,0.245859375,4.0,31003,controlled,0.8760854852199554,5275,0.0,1.0,this-work,1.0,0,0,807205a46345f70a8bce8ce6770ffa3d758f69cd83498477bad0f4cd949a3523,15.993846153846153,handle-only-drop-residual,user_macro_accuracy,0.1983806818181818,9.214933748786253,41005,1.0,50,6294,0.07078049999836367,0.5,0.9999999856948852,0.23853800907731057,0.245859375,325,,1ff157e6e19bb70a469f3512054134ecba838394572619b67f17c7b6da38f8a7,user-certified,512.0,0.5000992555831265,0.5000961723408348,0.5,0.25002404077315127,0.5,0.5,0.5,25600,0.0,0.6912076880037784,0.0,8205987a18dc98f6fc03308e684d82da4662a9fb7860a559f3a42ab4f596f33d,0.1978366515127763,controlled-middle,31005,1,31001,1.0,31002,0.1983806818181818,True,23.608851199955097,lambda=1 endpoint
6,1.0,1,0.002548605429508858,plan-c,1.0,0.9999999952316284,primary,0,321be27adaa6b18de46f154b7b19f483da8cd90548babd6e4abfb57532665fdf,25600,femnist,1e-05,0.0,0,0,1.0,4.0,31003,controlled,0.9531199914216996,20660,0.0,1.0,this-work,0.0,1657,0,807205a46345f70a8bce8ce6770ffa3d758f69cd83498477bad0f4cd949a3523,15.993846153846153,stable-local-fallback,user_macro_accuracy,0.17451704545454547,9.214933748786253,71005,1.0,50,25600,0.06475920004595537,0.5,0.0,0.0,0.0,0,,1ff157e6e19bb70a469f3512054134ecba838394572619b67f17c7b6da38f8a7,user-certified,512.0,0.5000992555831265,0.5000961723408348,0.5,0.25002404077315127,0.5,0.5,0.5,25600,0.9999999952316284,0.9531199914216996,1.0,836315998ebb7ba2a9a8d23cd767e238fc66cc9c109f81e6694ebf19a107bb1f,0.1747922871923499,controlled-middle,31008,4,31001,1.0,31002,0.17451704545454547,True,16.839728099948843,lambda=0 endpoint
6,1.0,1,0.004831477436373265,plan-c,1.0,0.9999999868869781,primary,0,321be27adaa6b18de46f154b7b19f483da8cd90548babd6e4abfb57532665fdf,6467,femnist,1e-05,11.210310400041635,25600,1655,0.2526171875,4.0,31003,controlled,0.7021256937086582,5430,0.0,1.0,this-work,1.0,0,0,807205a46345f70a8bce8ce6770ffa3d758f69cd83498477bad0f4cd949a3523,15.993846153846153,handle-only-drop-residual,user_macro_accuracy,0.13140625,9.214933748786253,111005,1.0,50,6467,0.06764650004333816,0.5,0.9999999868869781,0.19883274864405392,0.2526171875,325,,1ff157e6e19bb70a469f3512054134ecba838394572619b67f17c7b6da38f8a7,user-certified,512.0,0.5000992555831265,0.5000961723408348,0.5,0.25002404077315127,0.5,0.5,0.5,25600,0.0,0.5525777922570705,0.0,83e39356b95ecad11832eff5748cf3cbc31c6781860892c7b3d2070e2b8d6171,0.13183884621414016,controlled-middle,31012,8,31001,1.0,31002,0.13140625,True,23.376288599916734,lambda=1 endpoint
6,1.0,1,0.002622021773108548,plan-c,1.0,0.9999999952316284,primary,0,321be27adaa6b18de46f154b7b19f483da8cd90548babd6e4abfb57532665fdf,25600,femnist,1e-05,0.0,0,0,1.0,4.0,31003,controlled,0.8254044224321843,20651,0.0,1.0,this-work,0.0,1657,0,807205a46345f70a8bce8ce6770ffa3d758f69cd83498477bad0f4cd949a3523,15.993846153846153,stable-local-fallback,user_macro_accuracy,0.1840056818181818,9.214933748786253,31005,1.0,50,25600,0.06128980006906204,0.5,0.0,0.0,0.0,0,,1ff157e6e19bb70a469f3512054134ecba838394572619b67f17c7b6da38f8a7,user-certified,512.0,0.5000992555831265,0.5000961723408348,0.5,0.25002404077315127,0.5,0.5,0.5,25600,0.9999999952316284,0.8254044224321843,1.0,8b0d4e682901a4b653b100fb3fb4b2960348357ea130b9e6795fe2a3f771f5a8,0.1834143282646183,controlled-middle,31004,0,31001,1.0,31002,0.1840056818181818,True,16.697936199925607,lambda=0 endpoint
6,1.0,1,0.001948496621559621,plan-c,1.0,0.9999999845027924,primary,0,321be27adaa6b18de46f154b7b19f483da8cd90548babd6e4abfb57532665fdf,25600,femnist,1e-05,0.0,0,0,1.0,4.0,31003,controlled,0.5398656801879406,21273,0.0,1.0,this-work,0.14285714285714285,1655,0,807205a46345f70a8bce8ce6770ffa3d758f69cd83498477bad0f4cd949a3523,15.993846153846153,unitscope-equal,user_macro_accuracy,0.1154403409090909,9.214933748786253,81005,1.0,50,25600,0.07334949995856732,0.5,0.9999999773502349,0.1698229629546404,0.254921875,325,,1ff157e6e19bb70a469f3512054134ecba838394572619b67f17c7b6da38f8a7,user-certified,512.0,0.5000992555831265,0.5000961723408348,0.5,0.25002404077315127,0.5,0.5,0.5,25600,0.9999999940395355,0.41114694833755494,0.745078125,9359f2d5b94ce5ac304e32a6220f4ee7b34488e7e8f6ee8299be4fb741e5aa18,0.115221821602132,controlled-middle,31009,5,31001,1.0,31002,0.1154403409090909,True,23.64150150003843,equal-allocation ablation
6,1.0,1,0.00478251892583803,plan-c,1.0,0.9999999845027924,primary,0,321be27adaa6b18de46f154b7b19f483da8cd90548babd6e4abfb57532665fdf,6452,femnist,1e-05,11.622942500005593,25600,1655,0.25203125,4.0,31003,controlled,0.7306448715925217,5399,0.0,1.0,this-work,1.0,0,0,807205a46345f70a8bce8ce6770ffa3d758f69cd83498477bad0f4cd949a3523,15.993846153846153,handle-only-drop-residual,user_macro_accuracy,0.1984090909090909,9.214933748786253,51005,1.0,50,6452,0.06895649997750297,0.5,0.9999999845027924,0.21741132512688638,0.25203125,325,,1ff157e6e19bb70a469f3512054134ecba838394572619b67f17c7b6da38f8a7,user-certified,512.0,0.5000992555831265,0.5000961723408348,0.5,0.25002404077315127,0.5,0.5,0.5,25600,0.0,0.5670008820295334,0.0,b560ddf72ea604d4991e644f269ee5734f6bdf36b7b840c276d5cf6ca14d7927,0.19846370904530491,controlled-middle,31006,2,31001,1.0,31002,0.1984090909090909,True,23.793750400014687,lambda=1 endpoint
6,1.0,1,0.002276077459864881,plan-c,1.0,0.9999999856948852,primary,0,321be27adaa6b18de46f154b7b19f483da8cd90548babd6e4abfb57532665fdf,25600,femnist,1e-05,0.0,0,0,1.0,4.0,31003,controlled,1.1138961543142796,21337,0.0,1.0,this-work,0.14285714285714285,1655,0,807205a46345f70a8bce8ce6770ffa3d758f69cd83498477bad0f4cd949a3523,15.993846153846153,unitscope-equal,user_macro_accuracy,0.11514204545454546,9.214933748786253,61005,1.0,50,25600,0.06729140003153589,0.5,0.9999999856948852,0.32951286502182486,0.250546875,325,,1ff157e6e19bb70a469f3512054134ecba838394572619b67f17c7b6da38f8a7,user-certified,512.0,0.5000992555831265,0.5000961723408348,0.5,0.25002404077315127,0.5,0.5,0.5,25600,0.9999999916553497,0.8348985689878464,0.749453125,bcfbc92efb514774615e4b84f8cb43616e74e84bd02a2171db979ab937aebe5e,0.115221821602132,controlled-middle,31007,3,31001,1.0,31002,0.11514204545454546,True,24.332945599977393,equal-allocation ablation
6,1.0,1,0.0026176381449460355,plan-c,1.0,0.9999999940395355,primary,0,321be27adaa6b18de46f154b7b19f483da8cd90548babd6e4abfb57532665fdf,25600,femnist,1e-05,0.0,0,0,1.0,4.0,31003,controlled,0.9371902233362198,20574,0.0,1.0,this-work,0.0,1657,0,807205a46345f70a8bce8ce6770ffa3d758f69cd83498477bad0f4cd949a3523,15.993846153846153,stable-local-fallback,user_macro_accuracy,0.1613494318181818,9.214933748786253,41005,1.0,50,25600,0.06822249996184837,0.5,0.0,0.0,0.0,0,,1ff157e6e19bb70a469f3512054134ecba838394572619b67f17c7b6da38f8a7,user-certified,512.0,0.5000992555831265,0.5000961723408348,0.5,0.25002404077315127,0.5,0.5,0.5,25600,0.9999999940395355,0.9371902233362198,1.0,c594770fa62bf018f0cd921dd3349bfdc1ec886a3f6a0c69f02738b39519a5ef,0.16068349271045618,controlled-middle,31005,1,31001,1.0,31002,0.1613494318181818,True,16.631178900046507,lambda=0 endpoint
6,1.0,1,0.002816345114123341,plan-c,1.0,0.9999999964237213,primary,0,321be27adaa6b18de46f154b7b19f483da8cd90548babd6e4abfb57532665fdf,25600,femnist,1e-05,0.0,0,0,1.0,4.0,31003,controlled,1.104190527498722,20629,0.0,1.0,this-work,0.0,1657,0,807205a46345f70a8bce8ce6770ffa3d758f69cd83498477bad0f4cd949a3523,15.993846153846153,stable-local-fallback,user_macro_accuracy,0.069375,9.214933748786253,91005,1.0,50,25600,0.0627316000754945,0.5,0.0,0.0,0.0,0,,1ff157e6e19bb70a469f3512054134ecba838394572619b67f17c7b6da38f8a7,user-certified,512.0,0.5000992555831265,0.5000961723408348,0.5,0.25002404077315127,0.5,0.5,0.5,25600,0.9999999964237213,1.104190527498722,1.0,db54cdb5c89470fb75e19a59a6f0fe7b4ab684f274932712843b06e2e04deada,0.06960338611067565,controlled-middle,31010,6,31001,1.0,31002,0.069375,True,15.54656949992932,lambda=0 endpoint
6,1.0,1,0.0022185718615646876,plan-c,1.0,0.9999999916553497,primary,0,321be27adaa6b18de46f154b7b19f483da8cd90548babd6e4abfb57532665fdf,25600,femnist,1e-05,0.0,0,0,1.0,4.0,31003,controlled,0.528625684529543,20540,0.0,1.0,this-work,0.0,1657,0,807205a46345f70a8bce8ce6770ffa3d758f69cd83498477bad0f4cd949a3523,15.993846153846153,stable-local-fallback,user_macro_accuracy,0.1154403409090909,9.214933748786253,81005,1.0,50,25600,0.0664540999714518,0.5,0.0,0.0,0.0,0,,1ff157e6e19bb70a469f3512054134ecba838394572619b67f17c7b6da38f8a7,user-certified,512.0,0.5000992555831265,0.5000961723408348,0.5,0.25002404077315127,0.5,0.5,0.5,25600,0.9999999916553497,0.528625684529543,1.0,e460675285c101a08f9e2e5495759260e007837ddb67dd100565bfa84690a6fe,0.115221821602132,controlled-middle,31009,5,31001,1.0,31002,0.1154403409090909,True,16.42275450003217,lambda=0 endpoint
6,1.0,1,0.004750209180581386,plan-c,1.0,0.9999999856948852,primary,0,321be27adaa6b18de46f154b7b19f483da8cd90548babd6e4abfb57532665fdf,6490,femnist,1e-05,11.496270600007847,25600,1655,0.253515625,4.0,31003,controlled,0.7020629838109016,5424,0.0,1.0,this-work,1.0,0,0,807205a46345f70a8bce8ce6770ffa3d758f69cd83498477bad0f4cd949a3523,15.993846153846153,handle-only-drop-residual,user_macro_accuracy,0.22511363636363638,9.214933748786253,31005,1.0,50,6490,0.06973099999595433,0.5,0.9999999856948852,0.19529069356620313,0.253515625,325,,1ff157e6e19bb70a469f3512054134ecba838394572619b67f17c7b6da38f8a7,user-certified,512.0,0.5000992555831265,0.5000961723408348,0.5,0.25002404077315127,0.5,0.5,0.5,25600,0.0,0.5514387610554695,0.0,ef769994663549362283443df3c29884a157ca2d3f8884a7bdfa7a719c5583fd,0.22495688979463865,controlled-middle,31004,0,31001,1.0,31002,0.22511363636363638,True,24.526900800003204,lambda=1 endpoint
6,1.0,1,0.09114740213782195,plan-c,1.0,0.6037904226779938,primary,0,0e8db00258e39f392b348d4495a7b373f2ef9e93d66e9aca8cd18012aaa35481,25600,synthea,1e-05,0.0,0,0,1.0,4.0,31003,health-card,0.7592034827917814,23150,0.4861428105640691,0.5138571894359308,this-work,0.14285714285714285,5042,0,0486d77617f184f7f0ca3bd4928e9c1d383df4ff0bf92884d178b5e38ce2c044,1.3707205738506685,unitscope-equal,patient_or_user_auprc,0.18418831083877324,9.214933748786253,121005,1.0,50,25600,0.07155609996698331,,0.591208948791027,0.3021525353565812,0.4110546875,3067,0.18418831083877324,0f0f9660174c872d0a0b4b2d3c0cb40ef8a7971d52e1720d84a9242f522a2266,user-certified,512.0,0.7464496079429256,0.6184771757872766,,0.4143864769548826,0.5528118240807498,,0.37022350396539294,25600,0.6124716365337372,0.4587082494050264,0.5889453125,01f3924807e2f1ad66ef2ae8406256992479ff9a9ab361bf77c2634f3d388e23,0.747184231697506,policy-grounded,31013,9,31001,1.0,31002,0.7797305213825425,True,14.640833800032851,equal-allocation ablation
6,1.0,1,0.08796770651922685,plan-c,1.0,0.2736949521303177,primary,0,0e8db00258e39f392b348d4495a7b373f2ef9e93d66e9aca8cd18012aaa35481,10523,synthea,1e-05,5.281383000066853,25600,5042,0.4110546875,4.0,31003,health-card,0.511683941707015,9396,0.4861428105640691,0.5138571894359308,this-work,1.0,0,0,0486d77617f184f7f0ca3bd4928e9c1d383df4ff0bf92884d178b5e38ce2c044,1.3707205738506685,handle-only-drop-residual,patient_or_user_auprc,0.21483532920470216,9.214933748786253,121005,1.0,50,10523,0.07370289998652879,,0.2736949521303177,0.20035833835601807,0.4110546875,3067,0.21483532920470216,0f0f9660174c872d0a0b4b2d3c0cb40ef8a7971d52e1720d84a9242f522a2266,user-certified,512.0,0.7464496079429256,0.6184771757872766,,0.4143864769548826,0.5528118240807498,,0.37022350396539294,25600,0.0,0.31435818418860434,0.0,04f20f47e580901385d529c90bcbfc0bc8275899709f14fd31fd634c9497641f,0.747184231697506,policy-grounded,31013,9,31001,1.0,31002,0.7797305213825425,True,14.620713499956764,lambda=1 endpoint
6,1.0,1,0.09672218228575302,plan-c,1.0,0.5836229854822159,primary,0,0e8db00258e39f392b348d4495a7b373f2ef9e93d66e9aca8cd18012aaa35481,25600,synthea,1e-05,0.0,0,0,1.0,4.0,31003,health-card,0.6869459435343742,22867,0.4861428105640691,0.5138571894359308,this-work,0.0,7837,0,0486d77617f184f7f0ca3bd4928e9c1d383df4ff0bf92884d178b5e38ce2c044,1.3707205738506685,stable-local-fallback,patient_or_user_auprc,0.22714588301237526,9.214933748786253,61005,1.0,50,25600,0.07440529992163647,,0.0,0.0,0.0,0,0.22714588301237526,0f0f9660174c872d0a0b4b2d3c0cb40ef8a7971d52e1720d84a9242f522a2266,user-certified,512.0,0.7464496079429256,0.6184771757872766,,0.4143864769548826,0.5528118240807498,,0.37022350396539294,25600,0.5836229854822159,0.6869459435343742,1.0,0d3f3e0802d4cb124be3aec578b10a25c0dd8a9b8589d6b656b37d0cdbbea8e9,0.747184231697506,policy-grounded,31007,3,31001,1.0,31002,0.7797305213825425,True,15.304373400067561,lambda=0 endpoint
6,1.0,1,0.08818542303512461,plan-c,1.0,0.2735280206799507,primary,0,0e8db00258e39f392b348d4495a7b373f2ef9e93d66e9aca8cd18012aaa35481,10546,synthea,1e-05,5.213269599931664,25600,5042,0.411953125,4.0,31003,health-card,0.43156329303979873,9431,0.4861428105640691,0.5138571894359308,this-work,1.0,0,0,0486d77617f184f7f0ca3bd4928e9c1d383df4ff0bf92884d178b5e38ce2c044,1.3707205738506685,handle-only-drop-residual,patient_or_user_auprc,0.24818115277760716,9.214933748786253,111005,1.0,50,10546,0.07363509999413509,,0.2735280206799507,0.17262282613664864,0.411953125,3067,0.24818115277760716,0f0f9660174c872d0a0b4b2d3c0cb40ef8a7971d52e1720d84a9242f522a2266,user-certified,512.0,0.7464496079429256,0.6184771757872766,,0.4143864769548826,0.5528118240807498,,0.37022350396539294,25600,0.0,0.2650814909487963,0.0,0d412345106afd0fb9c6cbfaeb006c830dd1fdd05caff7f6a5a50ac496d05f4e,0.747184231697506,policy-grounded,31012,8,31001,1.0,31002,0.7797305213825425,True,14.531815400070627,lambda=1 endpoint
6,1.0,1,0.10080809457081812,plan-c,1.0,0.583494873046875,primary,0,0e8db00258e39f392b348d4495a7b373f2ef9e93d66e9aca8cd18012aaa35481,25600,synthea,1e-05,0.0,0,0,1.0,4.0,31003,health-card,0.6314016782492399,22856,0.4861428105640691,0.5138571894359308,this-work,0.0,7837,0,0486d77617f184f7f0ca3bd4928e9c1d383df4ff0bf92884d178b5e38ce2c044,1.3707205738506685,stable-local-fallback,patient_or_user_auprc,0.19505661113425993,9.214933748786253,101005,1.0,50,25600,0.06882230000337586,,0.0,0.0,0.0,0,0.19505661113425993,0f0f9660174c872d0a0b4b2d3c0cb40ef8a7971d52e1720d84a9242f522a2266,user-certified,512.0,0.7464496079429256,0.6184771757872766,,0.4143864769548826,0.5528118240807498,,0.37022350396539294,25600,0.583494873046875,0.6314016782492399,1.0,1a825351813f06f84738515eb50102c9ce37d7ceae844dabb2bc887ba9a64db8,0.747184231697506,policy-grounded,31011,7,31001,1.0,31002,0.7797305213825425,True,15.542347099995823,lambda=0 endpoint
6,1.0,1,0.11478495628289809,plan-c,1.0,0.7024462509155274,primary,0,0e8db00258e39f392b348d4495a7b373f2ef9e93d66e9aca8cd18012aaa35481,25600,synthea,1e-05,0.0,0,0,1.0,4.0,31003,health-card,0.6192429559677839,23136,0.4861428105640691,0.5138571894359308,this-work,0.14285714285714285,5042,0,0486d77617f184f7f0ca3bd4928e9c1d383df4ff0bf92884d178b5e38ce2c044,1.3707205738506685,unitscope-equal,patient_or_user_auprc,0.22238878642387597,9.214933748786253,41005,1.0,50,25600,0.20122390001779422,,0.6962703880667687,0.25573159620165825,0.411484375,3067,0.22238878642387597,0f0f9660174c872d0a0b4b2d3c0cb40ef8a7971d52e1720d84a9242f522a2266,user-certified,512.0,0.7464496079429256,0.6184771757872766,,0.4143864769548826,0.5528118240807498,,0.37022350396539294,25600,0.7066916477680206,0.36548716336488724,0.588515625,24400b774369f86e1e8073a0e2b7cb201fc320f4953387c6d3478812c78c3793,0.747184231697506,policy-grounded,31005,1,31001,1.0,31002,0.7797305213825425,True,15.942624399976921,equal-allocation ablation
6,1.0,1,0.09185436416267095,plan-c,1.0,0.5350065645575524,primary,0,0e8db00258e39f392b348d4495a7b373f2ef9e93d66e9aca8cd18012aaa35481,25600,synthea,1e-05,0.0,0,0,1.0,4.0,31003,health-card,0.7842510561645031,22820,0.4861428105640691,0.5138571894359308,this-work,0.0,7837,0,0486d77617f184f7f0ca3bd4928e9c1d383df4ff0bf92884d178b5e38ce2c044,1.3707205738506685,stable-local-fallback,patient_or_user_auprc,0.18408318390303308,9.214933748786253,121005,1.0,50,25600,0.06749689998105168,,0.0,0.0,0.0,0,0.18408318390303308,0f0f9660174c872d0a0b4b2d3c0cb40ef8a7971d52e1720d84a9242f522a2266,user-certified,512.0,0.7464496079429256,0.6184771757872766,,0.4143864769548826,0.5528118240807498,,0.37022350396539294,25600,0.5350065645575524,0.7842510561645031,1.0,440df2e6a92471754d5d8c7aef1bd4142c79584839819968e7b64af9b542ae24,0.747184231697506,policy-grounded,31013,9,31001,1.0,31002,0.7797305213825425,True,14.778620300028706,lambda=0 endpoint
6,1.0,1,0.0893859969469482,plan-c,1.0,0.6204715862870216,primary,0,0e8db00258e39f392b348d4495a7b373f2ef9e93d66e9aca8cd18012aaa35481,25600,synthea,1e-05,0.0,0,0,1.0,4.0,31003,health-card,0.7599488138407469,23195,0.4861428105640691,0.5138571894359308,this-work,0.14285714285714285,5042,0,0486d77617f184f7f0ca3bd4928e9c1d383df4ff0bf92884d178b5e38ce2c044,1.3707205738506685,unitscope-equal,patient_or_user_auprc,0.20415717698797894,9.214933748786253,31005,1.0,50,25600,0.08113360004790593,,0.6143778258562088,0.3138418935239315,0.40890625,3067,0.20415717698797894,0f0f9660174c872d0a0b4b2d3c0cb40ef8a7971d52e1720d84a9242f522a2266,user-certified,512.0,0.7464496079429256,0.6184771757872766,,0.4143864769548826,0.5528118240807498,,0.37022350396539294,25600,0.6246963185071945,0.4485865881294012,0.59109375,4a538d6e218adc447ce421027837e64e1a28f7a93d831e9d662a333555d3c384,0.747184231697506,policy-grounded,31004,0,31001,1.0,31002,0.7797305213825425,True,15.34263269994699,equal-allocation ablation
6,1.0,1,0.08182677721846175,plan-c,1.0,0.2703926074504852,primary,0,0e8db00258e39f392b348d4495a7b373f2ef9e93d66e9aca8cd18012aaa35481,10468,synthea,1e-05,5.392270800075494,25600,5042,0.40890625,4.0,31003,health-card,0.5230295057594776,9352,0.4861428105640691,0.5138571894359308,this-work,1.0,0,0,0486d77617f184f7f0ca3bd4928e9c1d383df4ff0bf92884d178b5e38ce2c044,1.3707205738506685,handle-only-drop-residual,patient_or_user_auprc,0.26307697553534815,9.214933748786253,31005,1.0,50,10468,0.0804646000469802,,0.2703926074504852,0.21242792705073954,0.40890625,3067,0.26307697553534815,0f0f9660174c872d0a0b4b2d3c0cb40ef8a7971d52e1720d84a9242f522a2266,user-certified,512.0,0.7464496079429256,0.6184771757872766,,0.4143864769548826,0.5528118240807498,,0.37022350396539294,25600,0.0,0.31419778771698476,0.0,4da73181cbf41ee883902e45299af9274fa90809105dca9bc79bde08600dbfd0,0.747184231697506,policy-grounded,31004,0,31001,1.0,31002,0.7797305213825425,True,15.049583699874347,lambda=1 endpoint
6,1.0,1,0.08661070483441287,plan-c,1.0,0.2703886657953262,primary,0,0e8db00258e39f392b348d4495a7b373f2ef9e93d66e9aca8cd18012aaa35481,10669,synthea,1e-05,5.825510799943004,25600,5042,0.4167578125,4.0,31003,health-card,0.4289875318109989,9526,0.4861428105640691,0.5138571894359308,this-work,1.0,0,0,0486d77617f184f7f0ca3bd4928e9c1d383df4ff0bf92884d178b5e38ce2c044,1.3707205738506685,handle-only-drop-residual,patient_or_user_auprc,0.2803548288996669,9.214933748786253,61005,1.0,50,10669,0.07224750002205838,,0.2703886657953262,0.1831647813692689,0.4167578125,3067,0.2803548288996669,0f0f9660174c872d0a0b4b2d3c0cb40ef8a7971d52e1720d84a9242f522a2266,user-certified,512.0,0.7464496079429256,0.6184771757872766,,0.4143864769548826,0.5528118240807498,,0.37022350396539294,25600,0.0,0.2523384852334857,0.0,50b7f10561b0262e9e351e3bf82c7e8dc886a1ff6ed45afcadab6315d2839f5c,0.747184231697506,policy-grounded,31007,3,31001,1.0,31002,0.7797305213825425,True,15.372212400034186,lambda=1 endpoint
6,1.0,1,0.09117699623064661,plan-c,1.0,0.5554927784204483,primary,0,0e8db00258e39f392b348d4495a7b373f2ef9e93d66e9aca8cd18012aaa35481,25600,synthea,1e-05,0.0,0,0,1.0,4.0,31003,health-card,0.7925397132337093,22912,0.4861428105640691,0.5138571894359308,this-work,0.0,7837,0,0486d77617f184f7f0ca3bd4928e9c1d383df4ff0bf92884d178b5e38ce2c044,1.3707205738506685,stable-local-fallback,patient_or_user_auprc,0.20884864708754955,9.214933748786253,31005,1.0,50,25600,0.07502989997738041,,0.0,0.0,0.0,0,0.20884864708754955,0f0f9660174c872d0a0b4b2d3c0cb40ef8a7971d52e1720d84a9242f522a2266,user-certified,512.0,0.7464496079429256,0.6184771757872766,,0.4143864769548826,0.5528118240807498,,0.37022350396539294,25600,0.5554927784204483,0.7925397132337093,1.0,50bf321b0fcebb7f8c2552717b7aaa77394e8b98553066694706bfdf7a767f62,0.747184231697506,policy-grounded,31004,0,31001,1.0,31002,0.7797305213825425,True,16.92803350002214,lambda=0 endpoint
6,1.0,1,0.08761893106526995,plan-c,1.0,0.6068137508630752,primary,0,0e8db00258e39f392b348d4495a7b373f2ef9e93d66e9aca8cd18012aaa35481,25600,synthea,1e-05,0.0,0,0,1.0,4.0,31003,health-card,0.7583267483115196,23166,0.4861428105640691,0.5138571894359308,this-work,0.14285714285714285,5042,0,0486d77617f184f7f0ca3bd4928e9c1d383df4ff0bf92884d178b5e38ce2c044,1.3707205738506685,unitscope-equal,patient_or_user_auprc,0.19492230386785797,9.214933748786253,91005,1.0,50,25600,0.17702709998411592,,0.604042593240738,0.3083310867846012,0.4101953125,3067,0.19492230386785797,0f0f9660174c872d0a0b4b2d3c0cb40ef8a7971d52e1720d84a9242f522a2266,user-certified,512.0,0.7464496079429256,0.6184771757872766,,0.4143864769548826,0.5528118240807498,,0.37022350396539294,25600,0.6088261395692826,0.45225614614784715,0.5898046875,566c9fb941b36383c91ab1f756bc5027bd44f2160565bb932c0df4bab63c6ab3,0.747184231697506,policy-grounded,31010,6,31001,1.0,31002,0.7797305213825425,True,14.647600800017244,equal-allocation ablation
6,1.0,1,0.11059357050943162,plan-c,1.0,0.7060933607816696,primary,0,0e8db00258e39f392b348d4495a7b373f2ef9e93d66e9aca8cd18012aaa35481,25600,synthea,1e-05,0.0,0,0,1.0,4.0,31003,health-card,0.5278072860836983,23174,0.4861428105640691,0.5138571894359308,this-work,0.14285714285714285,5042,0,0486d77617f184f7f0ca3bd4928e9c1d383df4ff0bf92884d178b5e38ce2c044,1.3707205738506685,unitscope-equal,patient_or_user_auprc,0.17658504151608287,9.214933748786253,51005,1.0,50,25600,0.07860980002442375,,0.7010039871931076,0.21509140703827143,0.4128515625,3067,0.17658504151608287,0f0f9660174c872d0a0b4b2d3c0cb40ef8a7971d52e1720d84a9242f522a2266,user-certified,512.0,0.7464496079429256,0.6184771757872766,,0.4143864769548826,0.5528118240807498,,0.37022350396539294,25600,0.7099942645430565,0.31459410332143306,0.5871484375,59b4b481abd917b59fe8f857cfd9a93366f64b13c33f9c5b4b9f1445e10d8967,0.747184231697506,policy-grounded,31006,2,31001,1.0,31002,0.7797305213825425,True,15.935821199978818,equal-allocation ablation
6,1.0,1,0.096706310855363,plan-c,1.0,0.6142126274108887,primary,0,0e8db00258e39f392b348d4495a7b373f2ef9e93d66e9aca8cd18012aaa35481,25600,synthea,1e-05,0.0,0,0,1.0,4.0,31003,health-card,0.65709851115942,22885,0.4861428105640691,0.5138571894359308,this-work,0.0,7837,0,0486d77617f184f7f0ca3bd4928e9c1d383df4ff0bf92884d178b5e38ce2c044,1.3707205738506685,stable-local-fallback,patient_or_user_auprc,0.1968625240420397,9.214933748786253,111005,1.0,50,25600,0.06773819998488761,,0.0,0.0,0.0,0,0.1968625240420397,0f0f9660174c872d0a0b4b2d3c0cb40ef8a7971d52e1720d84a9242f522a2266,user-certified,512.0,0.7464496079429256,0.6184771757872766,,0.4143864769548826,0.5528118240807498,,0.37022350396539294,25600,0.6142126274108887,0.65709851115942,1.0,695e4e2045ca4a8acc65e36e51d94e16f59b364f5af18fca78bff7a772c2321d,0.747184231697506,policy-grounded,31012,8,31001,1.0,31002,0.7797305213825425,True,14.649276200012537,lambda=0 endpoint
6,1.0,1,0.07854215307083322,plan-c,1.0,0.2677551022171974,primary,0,0e8db00258e39f392b348d4495a7b373f2ef9e93d66e9aca8cd18012aaa35481,10563,synthea,1e-05,5.154741800040938,25600,5042,0.4126171875,4.0,31003,health-card,0.4393336928635836,9470,0.4861428105640691,0.5138571894359308,this-work,1.0,0,0,0486d77617f184f7f0ca3bd4928e9c1d383df4ff0bf92884d178b5e38ce2c044,1.3707205738506685,handle-only-drop-residual,patient_or_user_auprc,0.27283625082826324,9.214933748786253,81005,1.0,50,10563,0.07333170001220424,,0.2677551022171974,0.1761640467867255,0.4126171875,3067,0.27283625082826324,0f0f9660174c872d0a0b4b2d3c0cb40ef8a7971d52e1720d84a9242f522a2266,user-certified,512.0,0.7464496079429256,0.6184771757872766,,0.4143864769548826,0.5528118240807498,,0.37022350396539294,25600,0.0,0.2683471166342497,0.0,775ec39878aa544789f6234085776cbea3eb1f0c03a9235cdd3c50e5e8a4f344,0.747184231697506,policy-grounded,31009,5,31001,1.0,31002,0.7797305213825425,True,14.359344899945427,lambda=1 endpoint
6,1.0,1,0.0904376863235576,plan-c,1.0,0.2716486883163452,primary,0,0e8db00258e39f392b348d4495a7b373f2ef9e93d66e9aca8cd18012aaa35481,10588,synthea,1e-05,5.399580800032709,25600,5042,0.41359375,4.0,31003,health-card,0.37480943597853184,9465,0.4861428105640691,0.5138571894359308,this-work,1.0,0,0,0486d77617f184f7f0ca3bd4928e9c1d383df4ff0bf92884d178b5e38ce2c044,1.3707205738506685,handle-only-drop-residual,patient_or_user_auprc,0.26762747180376195,9.214933748786253,101005,1.0,50,10588,0.07053740000992548,,0.2716486883163452,0.14926467027515172,0.41359375,3067,0.26762747180376195,0f0f9660174c872d0a0b4b2d3c0cb40ef8a7971d52e1720d84a9242f522a2266,user-certified,512.0,0.7464496079429256,0.6184771757872766,,0.4143864769548826,0.5528118240807498,,0.37022350396539294,25600,0.0,0.23159525126218797,0.0,7b8f35919956120e9e3fb9bbacc729f20fddae1f686a91b6ef4e4a4389d35da8,0.747184231697506,policy-grounded,31011,7,31001,1.0,31002,0.7797305213825425,True,14.822410299952026,lambda=1 endpoint
6,1.0,1,0.11079121193205461,plan-c,1.0,0.6264167582988739,primary,0,0e8db00258e39f392b348d4495a7b373f2ef9e93d66e9aca8cd18012aaa35481,25600,synthea,1e-05,0.0,0,0,1.0,4.0,31003,health-card,0.5653096453100442,22839,0.4861428105640691,0.5138571894359308,this-work,0.0,7837,0,0486d77617f184f7f0ca3bd4928e9c1d383df4ff0bf92884d178b5e38ce2c044,1.3707205738506685,stable-local-fallback,patient_or_user_auprc,0.1772214684906653,9.214933748786253,51005,1.0,50,25600,0.07349740000790916,,0.0,0.0,0.0,0,0.1772214684906653,0f0f9660174c872d0a0b4b2d3c0cb40ef8a7971d52e1720d84a9242f522a2266,user-certified,512.0,0.7464496079429256,0.6184771757872766,,0.4143864769548826,0.5528118240807498,,0.37022350396539294,25600,0.6264167582988739,0.5653096453100442,1.0,870851b7e869b9dcbb95aebb220b0775d1e1717feb47c431af585c28a2947ba5,0.747184231697506,policy-grounded,31006,2,31001,1.0,31002,0.7797305213825425,True,15.692925799987279,lambda=0 endpoint
6,1.0,1,0.09584843129885336,plan-c,1.0,0.6504279714822769,primary,0,0e8db00258e39f392b348d4495a7b373f2ef9e93d66e9aca8cd18012aaa35481,25600,synthea,1e-05,0.0,0,0,1.0,4.0,31003,health-card,0.6557345761358738,23208,0.4861428105640691,0.5138571894359308,this-work,0.14285714285714285,5042,0,0486d77617f184f7f0ca3bd4928e9c1d383df4ff0bf92884d178b5e38ce2c044,1.3707205738506685,unitscope-equal,patient_or_user_auprc,0.22157840459495828,9.214933748786253,61005,1.0,50,25600,0.07563729997491464,,0.6433155781030655,0.2758409324660897,0.4167578125,3067,0.22157840459495828,0f0f9660174c872d0a0b4b2d3c0cb40ef8a7971d52e1720d84a9242f522a2266,user-certified,512.0,0.7464496079429256,0.6184771757872766,,0.4143864769548826,0.5528118240807498,,0.37022350396539294,25600,0.6553498324751854,0.38225704297423363,0.5832421875,8feea8f88add12145bd3491f53ce5bba1e52f2f564d340fd0a5a2df50e0e4f30,0.747184231697506,policy-grounded,31007,3,31001,1.0,31002,0.7797305213825425,True,14.499163300017244,equal-allocation ablation
6,1.0,1,0.08942491287597135,plan-c,1.0,0.5401555594801902,primary,0,0e8db00258e39f392b348d4495a7b373f2ef9e93d66e9aca8cd18012aaa35481,25600,synthea,1e-05,0.0,0,0,1.0,4.0,31003,health-card,0.694787422567606,22914,0.4861428105640691,0.5138571894359308,this-work,0.0,7837,0,0486d77617f184f7f0ca3bd4928e9c1d383df4ff0bf92884d178b5e38ce2c044,1.3707205738506685,stable-local-fallback,patient_or_user_auprc,0.22696633150709336,9.214933748786253,81005,1.0,50,25600,0.0692385999718681,,0.0,0.0,0.0,0,0.22696633150709336,0f0f9660174c872d0a0b4b2d3c0cb40ef8a7971d52e1720d84a9242f522a2266,user-certified,512.0,0.7464496079429256,0.6184771757872766,,0.4143864769548826,0.5528118240807498,,0.37022350396539294,25600,0.5401555594801902,0.694787422567606,1.0,9857646f510e359f973e420848ab8baf54b73816b6bfb1c0bbf562a502202fb6,0.747184231697506,policy-grounded,31009,5,31001,1.0,31002,0.7797305213825425,True,13.77435420002439,lambda=0 endpoint
6,1.0,1,0.09705920432086408,plan-c,1.0,0.6476053458452224,primary,0,0e8db00258e39f392b348d4495a7b373f2ef9e93d66e9aca8cd18012aaa35481,25600,synthea,1e-05,0.0,0,0,1.0,4.0,31003,health-card,0.7322210240364074,23062,0.4861428105640691,0.5138571894359308,this-work,0.14285714285714285,5042,0,0486d77617f184f7f0ca3bd4928e9c1d383df4ff0bf92884d178b5e38ce2c044,1.3707205738506685,unitscope-equal,patient_or_user_auprc,0.19817258829989634,9.214933748786253,71005,1.0,50,25600,0.07191669999156147,,0.6370753821730614,0.2947021016478539,0.413046875,3067,0.19817258829989634,0f0f9660174c872d0a0b4b2d3c0cb40ef8a7971d52e1720d84a9242f522a2266,user-certified,512.0,0.7464496079429256,0.6184771757872766,,0.4143864769548826,0.5528118240807498,,0.37022350396539294,25600,0.6546425694227218,0.4394140989333391,0.586953125,9fa4b0503172a8b02d65a68eb129ac673775eef09183aec6a804c84d79603129,0.747184231697506,policy-grounded,31008,4,31001,1.0,31002,0.7797305213825425,True,14.223918200004846,equal-allocation ablation
6,1.0,1,0.0890710283187969,plan-c,1.0,0.29599090218544005,primary,0,0e8db00258e39f392b348d4495a7b373f2ef9e93d66e9aca8cd18012aaa35481,10501,synthea,1e-05,5.296458900033031,25600,5042,0.4101953125,4.0,31003,health-card,0.5084218513965607,9372,0.4861428105640691,0.5138571894359308,this-work,1.0,0,0,0486d77617f184f7f0ca3bd4928e9c1d383df4ff0bf92884d178b5e38ce2c044,1.3707205738506685,handle-only-drop-residual,patient_or_user_auprc,0.22007078004109273,9.214933748786253,91005,1.0,50,10501,0.19111009997141082,,0.29599090218544005,0.20501804893836378,0.4101953125,3067,0.22007078004109273,0f0f9660174c872d0a0b4b2d3c0cb40ef8a7971d52e1720d84a9242f522a2266,user-certified,512.0,0.7464496079429256,0.6184771757872766,,0.4143864769548826,0.5528118240807498,,0.37022350396539294,25600,0.0,0.3072880183160305,0.0,a61488682bbe20fe11a554b4cb290a8492a74f60aa4665b02c5c1cedeff75b7f,0.747184231697506,policy-grounded,31010,6,31001,1.0,31002,0.7797305213825425,True,14.629353499985882,lambda=1 endpoint
6,1.0,1,0.09746023644653318,plan-c,1.0,0.2847193485498428,primary,0,0e8db00258e39f392b348d4495a7b373f2ef9e93d66e9aca8cd18012aaa35481,10534,synthea,1e-05,5.550083800000721,25600,5042,0.411484375,4.0,31003,health-card,0.43708481766283513,9368,0.4861428105640691,0.5138571894359308,this-work,1.0,0,0,0486d77617f184f7f0ca3bd4928e9c1d383df4ff0bf92884d178b5e38ce2c044,1.3707205738506685,handle-only-drop-residual,patient_or_user_auprc,0.28755232347880416,9.214933748786253,41005,1.0,50,10534,0.08194159998674877,,0.2847193485498428,0.17941005483269692,0.411484375,3067,0.28755232347880416,0f0f9660174c872d0a0b4b2d3c0cb40ef8a7971d52e1720d84a9242f522a2266,user-certified,512.0,0.7464496079429256,0.6184771757872766,,0.4143864769548826,0.5528118240807498,,0.37022350396539294,25600,0.0,0.2606300287693739,0.0,a73aba5c341ffbf42c781bb294c5c0f59b8c6d103e561b64a0840c40c143127e,0.747184231697506,policy-grounded,31005,1,31001,1.0,31002,0.7797305213825425,True,15.560309000007692,lambda=1 endpoint
6,1.0,1,0.1141852142192306,plan-c,1.0,0.6275487965345383,primary,0,0e8db00258e39f392b348d4495a7b373f2ef9e93d66e9aca8cd18012aaa35481,25600,synthea,1e-05,0.0,0,0,1.0,4.0,31003,health-card,0.6662741158902645,22838,0.4861428105640691,0.5138571894359308,this-work,0.0,7837,0,0486d77617f184f7f0ca3bd4928e9c1d383df4ff0bf92884d178b5e38ce2c044,1.3707205738506685,stable-local-fallback,patient_or_user_auprc,0.22657092664617154,9.214933748786253,41005,1.0,50,25600,0.07284560005064122,,0.0,0.0,0.0,0,0.22657092664617154,0f0f9660174c872d0a0b4b2d3c0cb40ef8a7971d52e1720d84a9242f522a2266,user-certified,512.0,0.7464496079429256,0.6184771757872766,,0.4143864769548826,0.5528118240807498,,0.37022350396539294,25600,0.6275487965345383,0.6662741158902645,1.0,af8aff798efb1f0ca4227d7b28bbdb3d439f6270ab28942197eb115b5f837fbb,0.747184231697506,policy-grounded,31005,1,31001,1.0,31002,0.7797305213825425,True,15.730070999939926,lambda=0 endpoint
6,1.0,1,0.08763001754421258,plan-c,1.0,0.5448164439201355,primary,0,0e8db00258e39f392b348d4495a7b373f2ef9e93d66e9aca8cd18012aaa35481,25600,synthea,1e-05,0.0,0,0,1.0,4.0,31003,health-card,0.7815284995734691,22857,0.4861428105640691,0.5138571894359308,this-work,0.0,7837,0,0486d77617f184f7f0ca3bd4928e9c1d383df4ff0bf92884d178b5e38ce2c044,1.3707205738506685,stable-local-fallback,patient_or_user_auprc,0.19545374636092094,9.214933748786253,91005,1.0,50,25600,0.06871880004473496,,0.0,0.0,0.0,0,0.19545374636092094,0f0f9660174c872d0a0b4b2d3c0cb40ef8a7971d52e1720d84a9242f522a2266,user-certified,512.0,0.7464496079429256,0.6184771757872766,,0.4143864769548826,0.5528118240807498,,0.37022350396539294,25600,0.5448164439201355,0.7815284995734691,1.0,c9a0f50b5416e93c43f4a4d6d5bc1d1a2072a4ed1eae892e344fe6e14cd083d9,0.747184231697506,policy-grounded,31010,6,31001,1.0,31002,0.7797305213825425,True,15.085318199955509,lambda=0 endpoint
6,1.0,1,0.09377777658821441,plan-c,1.0,0.29164609730243685,primary,0,0e8db00258e39f392b348d4495a7b373f2ef9e93d66e9aca8cd18012aaa35481,10574,synthea,1e-05,4.954017100011697,25600,5042,0.413046875,4.0,31003,health-card,0.5318522310256958,9381,0.4861428105640691,0.5138571894359308,this-work,1.0,0,0,0486d77617f184f7f0ca3bd4928e9c1d383df4ff0bf92884d178b5e38ce2c044,1.3707205738506685,handle-only-drop-residual,patient_or_user_auprc,0.25644155794174556,9.214933748786253,71005,1.0,50,10574,0.07487479994597379,,0.29164609730243685,0.21357695937156676,0.413046875,3067,0.25644155794174556,0f0f9660174c872d0a0b4b2d3c0cb40ef8a7971d52e1720d84a9242f522a2266,user-certified,512.0,0.7464496079429256,0.6184771757872766,,0.4143864769548826,0.5528118240807498,,0.37022350396539294,25600,0.0,0.32407453216612336,0.0,ce09ff898bca0a6e09b17ed1b3d41d28ac3fa49d637058796be3f952392e7f3c,0.747184231697506,policy-grounded,31008,4,31001,1.0,31002,0.7797305213825425,True,14.317249800034915,lambda=1 endpoint
6,1.0,1,0.09747126486844293,plan-c,1.0,0.5806691101193429,primary,0,0e8db00258e39f392b348d4495a7b373f2ef9e93d66e9aca8cd18012aaa35481,25600,synthea,1e-05,0.0,0,0,1.0,4.0,31003,health-card,0.7687039931863546,22732,0.4861428105640691,0.5138571894359308,this-work,0.0,7837,0,0486d77617f184f7f0ca3bd4928e9c1d383df4ff0bf92884d178b5e38ce2c044,1.3707205738506685,stable-local-fallback,patient_or_user_auprc,0.19864754903102472,9.214933748786253,71005,1.0,50,25600,0.07001330000639427,,0.0,0.0,0.0,0,0.19864754903102472,0f0f9660174c872d0a0b4b2d3c0cb40ef8a7971d52e1720d84a9242f522a2266,user-certified,512.0,0.7464496079429256,0.6184771757872766,,0.4143864769548826,0.5528118240807498,,0.37022350396539294,25600,0.5806691101193429,0.7687039931863546,1.0,d976ca50ac01414ca567efc096b16e51737d8080663e861e6b5bb6b249b8cd93,0.747184231697506,policy-grounded,31008,4,31001,1.0,31002,0.7797305213825425,True,13.915699399993173,lambda=0 endpoint
6,1.0,1,0.08974623254024527,plan-c,1.0,0.6018813824653626,primary,0,0e8db00258e39f392b348d4495a7b373f2ef9e93d66e9aca8cd18012aaa35481,25600,synthea,1e-05,0.0,0,0,1.0,4.0,31003,health-card,0.667397783473134,23246,0.4861428105640691,0.5138571894359308,this-work,0.14285714285714285,5042,0,0486d77617f184f7f0ca3bd4928e9c1d383df4ff0bf92884d178b5e38ce2c044,1.3707205738506685,unitscope-equal,patient_or_user_auprc,0.2213866441336731,9.214933748786253,81005,1.0,50,25600,0.07155489998694975,,0.5934102940559387,0.26504829309880734,0.4126171875,3067,0.2213866441336731,0f0f9660174c872d0a0b4b2d3c0cb40ef8a7971d52e1720d84a9242f522a2266,user-certified,512.0,0.7464496079429256,0.6184771757872766,,0.4143864769548826,0.5528118240807498,,0.37022350396539294,25600,0.6075661578774452,0.4047218530625105,0.5873828125,f2be61b5b289ec57c66e49fb64b456b6417f6a4c880b5bf45509732524f1f19e,0.747184231697506,policy-grounded,31009,5,31001,1.0,31002,0.7797305213825425,True,13.88853830001608,equal-allocation ablation
6,1.0,1,0.09452604743467184,plan-c,1.0,0.6820318973064423,primary,0,0e8db00258e39f392b348d4495a7b373f2ef9e93d66e9aca8cd18012aaa35481,25600,synthea,1e-05,0.0,0,0,1.0,4.0,31003,health-card,0.6175525666773319,23214,0.4861428105640691,0.5138571894359308,this-work,0.14285714285714285,5042,0,0486d77617f184f7f0ca3bd4928e9c1d383df4ff0bf92884d178b5e38ce2c044,1.3707205738506685,unitscope-equal,patient_or_user_auprc,0.19504424408916013,9.214933748786253,111005,1.0,50,25600,0.1930678000644548,,0.6737387052178383,0.24977783538401127,0.411953125,3067,0.19504424408916013,0f0f9660174c872d0a0b4b2d3c0cb40ef8a7971d52e1720d84a9242f522a2266,user-certified,512.0,0.7464496079429256,0.6184771757872766,,0.4143864769548826,0.5528118240807498,,0.37022350396539294,25600,0.6878565552830697,0.3708520858734846,0.588046875,fa9b5a03f8f63c59b3fa334dfeaf22111f17cd9d8c40c9d9a1f3a6a2e0e6f1e0,0.747184231697506,policy-grounded,31012,8,31001,1.0,31002,0.7797305213825425,True,14.846515299926978,equal-allocation ablation
6,1.0,1,0.10044160851295743,plan-c,1.0,0.6550767418742179,primary,0,0e8db00258e39f392b348d4495a7b373f2ef9e93d66e9aca8cd18012aaa35481,25600,synthea,1e-05,0.0,0,0,1.0,4.0,31003,health-card,0.5935803584754467,23176,0.4861428105640691,0.5138571894359308,this-work,0.14285714285714285,5042,0,0486d77617f184f7f0ca3bd4928e9c1d383df4ff0bf92884d178b5e38ce2c044,1.3707205738506685,unitscope-equal,patient_or_user_auprc,0.19491688374761537,9.214933748786253,101005,1.0,50,25600,0.07065280004462693,,0.64605249106884,0.23606043752282857,0.41359375,3067,0.19491688374761537,0f0f9660174c872d0a0b4b2d3c0cb40ef8a7971d52e1720d84a9242f522a2266,user-certified,512.0,0.7464496079429256,0.6184771757872766,,0.4143864769548826,0.5528118240807498,,0.37022350396539294,25600,0.6611034014821052,0.3592781579494476,0.58640625,fd4cb96a3cb335e77aeb73980dc0c2a72531df4bbd448babf9f47266321c51bb,0.747184231697506,policy-grounded,31011,7,31001,1.0,31002,0.7797305213825425,True,14.873270299955038,equal-allocation ablation
6,1.0,1,0.09144269798397897,plan-c,1.0,0.2717910897731781,primary,0,0e8db00258e39f392b348d4495a7b373f2ef9e93d66e9aca8cd18012aaa35481,10569,synthea,1e-05,5.733958199984045,25600,5042,0.4128515625,4.0,31003,health-card,0.3289301510155201,9464,0.4861428105640691,0.5138571894359308,this-work,1.0,0,0,0486d77617f184f7f0ca3bd4928e9c1d383df4ff0bf92884d178b5e38ce2c044,1.3707205738506685,handle-only-drop-residual,patient_or_user_auprc,0.19515227130605434,9.214933748786253,51005,1.0,50,10569,0.07488210004521534,,0.2717910897731781,0.13110713850706815,0.4128515625,3067,0.19515227130605434,0f0f9660174c872d0a0b4b2d3c0cb40ef8a7971d52e1720d84a9242f522a2266,user-certified,512.0,0.7464496079429256,0.6184771757872766,,0.4143864769548826,0.5528118240807498,,0.37022350396539294,25600,0.0,0.20272866267710923,0.0,fdb08ed185d80b6f795056fa2a0c7047a04c15af6725c6ea2bc3ba63c4c4236f,0.747184231697506,policy-grounded,31006,2,31001,1.0,31002,0.7797305213825425,True,15.633214899964514,lambda=1 endpoint
6,1.0,1,0.001991328669156117,plan-c,1.0,0.9999999797344208,diagnostic,0,ca6d293e32db8ac627fef1d5cd0842434fcf8e69e195e0f41a4154f91b12457f,25600,femnist,1e-05,0.0,0,0,1.0,4.0,31003,controlled,0.7531704500317573,21208,0.0,1.0,this-work,0.1,1655,0,9cffef35187b91eb6c444963314f909e05e37ac175c7f96a03600e577f03c973,15.993846153846153,unitscope-lambda-sweep,user_macro_accuracy,0.1677556818181818,9.214933748786253,101005,1.0,50,25600,0.06904620002023876,0.5,0.9999999845027924,0.23615708976984023,0.251640625,325,,5dab5e29609065fcc2d04762acb87e80c87b3657fc63c64b3489fb5f949ff6a1,user-certified,512.0,0.5000992555831265,0.5000961723408348,0.5,0.25002404077315127,0.5,0.5,0.5,25600,0.9999999880790711,0.578037780970335,0.748359375,1b8203b1cedfa9f2eadc70e556445cd7d74d6457d3ded4aa9f6df0e65086480e,0.16711083241887442,controlled-middle,31011,7,31001,1.0,31002,0.1677556818181818,True,15.487130199981038,fixed descriptive grid
6,1.0,1,0.0022092263846805417,plan-c,1.0,0.9999999845027924,diagnostic,0,ca6d293e32db8ac627fef1d5cd0842434fcf8e69e195e0f41a4154f91b12457f,25600,femnist,1e-05,0.0,0,0,1.0,4.0,31003,controlled,1.0042478138208388,21339,0.0,1.0,this-work,0.1,1655,0,9cffef35187b91eb6c444963314f909e05e37ac175c7f96a03600e577f03c973,15.993846153846153,unitscope-lambda-sweep,user_macro_accuracy,0.16842329545454546,9.214933748786253,71005,1.0,50,25600,0.07169709997833706,0.5,0.9999999845027924,0.3037830525636673,0.249453125,325,,5dab5e29609065fcc2d04762acb87e80c87b3657fc63c64b3489fb5f949ff6a1,user-certified,512.0,0.5000992555831265,0.5000961723408348,0.5,0.25002404077315127,0.5,0.5,0.5,25600,0.9999999868869781,0.7666440781950951,0.750546875,5345d46ff0c54c06f5842afee1b5b3149cdf99eb6ae5376095b3cdfd3f5d4faf,0.16867847625019597,controlled-middle,31008,4,31001,1.0,31002,0.16842329545454546,True,15.37507390002429,fixed descriptive grid
6,1.0,1,0.0020328854786880535,plan-c,1.0,0.9999999761581421,diagnostic,0,ca6d293e32db8ac627fef1d5cd0842434fcf8e69e195e0f41a4154f91b12457f,25600,femnist,1e-05,0.0,0,0,1.0,4.0,31003,controlled,0.8108963127434253,21270,0.0,1.0,this-work,0.1,1655,0,9cffef35187b91eb6c444963314f909e05e37ac175c7f96a03600e577f03c973,15.993846153846153,unitscope-lambda-sweep,user_macro_accuracy,0.1659090909090909,9.214933748786253,51005,1.0,50,25600,0.06697700003860518,0.5,0.9999999845027924,0.2589388355612755,0.25203125,325,,5dab5e29609065fcc2d04762acb87e80c87b3657fc63c64b3489fb5f949ff6a1,user-certified,512.0,0.5000992555831265,0.5000961723408348,0.5,0.25002404077315127,0.5,0.5,0.5,25600,0.9999999940395355,0.6058646170794963,0.74796875,5f1a49021df12de224df124fa4cbecdbce8c4d28e2b909eb8748d49039c5f2ad,0.1658567173538172,controlled-middle,31006,2,31001,1.0,31002,0.1659090909090909,True,14.150231399966287,fixed descriptive grid
6,1.0,1,0.0022113173616212915,plan-c,1.0,0.9999999856948852,diagnostic,0,ca6d293e32db8ac627fef1d5cd0842434fcf8e69e195e0f41a4154f91b12457f,25600,femnist,1e-05,0.0,0,0,1.0,4.0,31003,controlled,1.129998813122511,21337,0.0,1.0,this-work,0.1,1655,0,9cffef35187b91eb6c444963314f909e05e37ac175c7f96a03600e577f03c973,15.993846153846153,unitscope-lambda-sweep,user_macro_accuracy,0.11420454545454545,9.214933748786253,61005,1.0,50,25600,0.06783579995681066,0.5,0.9999999856948852,0.33430562287569043,0.250546875,325,,5dab5e29609065fcc2d04762acb87e80c87b3657fc63c64b3489fb5f949ff6a1,user-certified,512.0,0.5000992555831265,0.5000961723408348,0.5,0.25002404077315127,0.5,0.5,0.5,25600,0.9999999916553497,0.8458980304002762,0.749453125,89bcef9b45ceaba6eb37e72c0c186b3160da03fd9e1dac3cb28cfb3b1904a093,0.11428123530333908,controlled-middle,31007,3,31001,1.0,31002,0.11420454545454545,True,14.555262700043386,fixed descriptive grid
6,1.0,1,0.0023446229282145254,plan-c,1.0,0.9999999713897705,diagnostic,0,ca6d293e32db8ac627fef1d5cd0842434fcf8e69e195e0f41a4154f91b12457f,25600,femnist,1e-05,0.0,0,0,1.0,4.0,31003,controlled,0.8159820537269116,21306,0.0,1.0,this-work,0.1,1655,0,9cffef35187b91eb6c444963314f909e05e37ac175c7f96a03600e577f03c973,15.993846153846153,unitscope-lambda-sweep,user_macro_accuracy,0.10171875,9.214933748786253,121005,1.0,50,25600,0.07365469996875618,0.5,0.9999999797344208,0.2598474294692278,0.25,325,,5dab5e29609065fcc2d04762acb87e80c87b3657fc63c64b3489fb5f949ff6a1,user-certified,512.0,0.5000992555831265,0.5000961723408348,0.5,0.25002404077315127,0.5,0.5,0.5,25600,0.9999999833106995,0.6056463122367859,0.75,cd4edcee8d2fc7bd29784be7353b9c19e4ffe1b60fee44dc7b4e000ea5591fa5,0.1020536134190312,controlled-middle,31013,9,31001,1.0,31002,0.10171875,True,15.431335500034038,fixed descriptive grid
6,1.0,1,0.002129472949405665,plan-c,1.0,0.9999999797344208,diagnostic,0,ca6d293e32db8ac627fef1d5cd0842434fcf8e69e195e0f41a4154f91b12457f,25600,femnist,1e-05,0.0,0,0,1.0,4.0,31003,controlled,0.754915077984333,21283,0.0,1.0,this-work,0.1,1655,0,9cffef35187b91eb6c444963314f909e05e37ac175c7f96a03600e577f03c973,15.993846153846153,unitscope-lambda-sweep,user_macro_accuracy,0.07703125,9.214933748786253,111005,1.0,50,25600,0.07000320000224747,0.5,0.9999999868869781,0.2335550693422556,0.2526171875,325,,5dab5e29609065fcc2d04762acb87e80c87b3657fc63c64b3489fb5f949ff6a1,user-certified,512.0,0.5000992555831265,0.5000961723408348,0.5,0.25002404077315127,0.5,0.5,0.5,25600,0.9999999928474427,0.5739694190770388,0.7473828125,d31f180628db38fe23ff2bd3a7f4c892666b393b00b922586b5de67464e323b9,0.07728484088415112,controlled-middle,31012,8,31001,1.0,31002,0.07703125,True,15.483218599998509,fixed descriptive grid
6,1.0,1,0.002279126902266888,plan-c,1.0,0.9999999868869781,diagnostic,0,ca6d293e32db8ac627fef1d5cd0842434fcf8e69e195e0f41a4154f91b12457f,25600,femnist,1e-05,0.0,0,0,1.0,4.0,31003,controlled,0.9855117788910865,21261,0.0,1.0,this-work,0.1,1655,0,9cffef35187b91eb6c444963314f909e05e37ac175c7f96a03600e577f03c973,15.993846153846153,unitscope-lambda-sweep,user_macro_accuracy,0.15416193181818183,9.214933748786253,41005,1.0,50,25600,0.06760990001203027,0.5,0.9999999856948852,0.2819035238772631,0.245859375,325,,5dab5e29609065fcc2d04762acb87e80c87b3657fc63c64b3489fb5f949ff6a1,user-certified,512.0,0.5000992555831265,0.5000961723408348,0.5,0.25002404077315127,0.5,0.5,0.5,25600,0.9999999904632568,0.7578161115944385,0.754140625,ea0f1d0036db17171d67c660c481b648192aa2b89f0339a5f71beb4256d346ae,0.15347233108637717,controlled-middle,31005,1,31001,1.0,31002,0.15416193181818183,True,14.171260199989774,fixed descriptive grid
6,1.0,1,0.002477117630598701,plan-c,1.0,0.9999999749660492,diagnostic,0,ca6d293e32db8ac627fef1d5cd0842434fcf8e69e195e0f41a4154f91b12457f,25600,femnist,1e-05,0.0,0,0,1.0,4.0,31003,controlled,1.1760483101010322,21302,0.0,1.0,this-work,0.1,1655,0,9cffef35187b91eb6c444963314f909e05e37ac175c7f96a03600e577f03c973,15.993846153846153,unitscope-lambda-sweep,user_macro_accuracy,0.069375,9.214933748786253,91005,1.0,50,25600,0.07165610000083689,0.5,0.9999999856948852,0.33567278280854224,0.250546875,325,,5dab5e29609065fcc2d04762acb87e80c87b3657fc63c64b3489fb5f949ff6a1,user-certified,512.0,0.5000992555831265,0.5000961723408348,0.5,0.25002404077315127,0.5,0.5,0.5,25600,0.9999999904632568,0.8923048171401023,0.749453125,ea761c34e7d668977498c4c6c8f59d30f1a273a6443a297800b49fbe493a7b13,0.06960338611067565,controlled-middle,31010,6,31001,1.0,31002,0.069375,True,15.176591199997347,fixed descriptive grid
6,1.0,1,0.0018838033932651393,plan-c,1.0,0.9999999845027924,diagnostic,0,ca6d293e32db8ac627fef1d5cd0842434fcf8e69e195e0f41a4154f91b12457f,25600,femnist,1e-05,0.0,0,0,1.0,4.0,31003,controlled,0.5465914936363697,21273,0.0,1.0,this-work,0.1,1655,0,9cffef35187b91eb6c444963314f909e05e37ac175c7f96a03600e577f03c973,15.993846153846153,unitscope-lambda-sweep,user_macro_accuracy,0.1152840909090909,9.214933748786253,81005,1.0,50,25600,0.06878159996995237,0.5,0.9999999773502349,0.17274433799088001,0.254921875,325,,5dab5e29609065fcc2d04762acb87e80c87b3657fc63c64b3489fb5f949ff6a1,user-certified,512.0,0.5000992555831265,0.5000961723408348,0.5,0.25002404077315127,0.5,0.5,0.5,25600,0.9999999940395355,0.41503751069307326,0.745078125,efdbeb08ab10b42d204bb90698fa8521d23e6a43fdaab1e2e3d5a3a772f93dbc,0.11506505721899984,controlled-middle,31009,5,31001,1.0,31002,0.1152840909090909,True,15.375279500032775,fixed descriptive grid
6,1.0,1,0.0023068337287366265,plan-c,1.0,0.9999999761581421,diagnostic,0,ca6d293e32db8ac627fef1d5cd0842434fcf8e69e195e0f41a4154f91b12457f,25600,femnist,1e-05,0.0,0,0,1.0,4.0,31003,controlled,0.8902560317516327,21385,0.0,1.0,this-work,0.1,1655,0,9cffef35187b91eb6c444963314f909e05e37ac175c7f96a03600e577f03c973,15.993846153846153,unitscope-lambda-sweep,user_macro_accuracy,0.1500994318181818,9.214933748786253,31005,1.0,50,25600,0.06356999995477963,0.5,0.9999999856948852,0.26317832596600055,0.253515625,325,,5dab5e29609065fcc2d04762acb87e80c87b3657fc63c64b3489fb5f949ff6a1,user-certified,512.0,0.5000992555831265,0.5000961723408348,0.5,0.25002404077315127,0.5,0.5,0.5,25600,0.9999999868869781,0.6699851283431053,0.746484375,f70c27c2e1ae1197d56b4229d1edd429981f1c0365236aed82d11768499479f6,0.1493964571249412,controlled-middle,31004,0,31001,1.0,31002,0.1500994318181818,True,15.822604000044521,fixed descriptive grid
6,1.0,1,0.0026368379611056213,plan-c,1.0,0.9999999713897705,diagnostic,0,c00a09ffda82d0834cbdced5c5677981ddabd0c6eff290cc6ed48f17699cd94f,25600,femnist,1e-05,0.0,0,0,1.0,4.0,31003,controlled,0.7624212764203548,21306,0.0,1.0,this-work,0.25,1655,0,67ac0f0c845a864dfe1a1ca0ab2c758d0fc645d5aed20efa264fc278a25b589f,15.993846153846153,unitscope-lambda-sweep,user_macro_accuracy,0.111875,9.214933748786253,121005,1.0,50,25600,0.06654970001545735,0.5,0.9999999797344208,0.24277764342725278,0.25,325,,fa472b763c042a6f409f3a0bbf77a62f74c9774530b836942ca6da5f3086b66f,user-certified,512.0,0.5000992555831265,0.5000961723408348,0.5,0.25002404077315127,0.5,0.5,0.5,25600,0.9999999833106995,0.5707758316397666,0.75,0b773208910f86b97db727b2c9082adbf478bd26e72117211280124e45c2f619,0.1122432983226211,controlled-middle,31013,9,31001,1.0,31002,0.111875,True,15.444561399985105,fixed descriptive grid
6,1.0,1,0.0023329352546449327,plan-c,1.0,0.9999999761581421,diagnostic,0,c00a09ffda82d0834cbdced5c5677981ddabd0c6eff290cc6ed48f17699cd94f,25600,femnist,1e-05,0.0,0,0,1.0,4.0,31003,controlled,0.7862762773036956,21270,0.0,1.0,this-work,0.25,1655,0,67ac0f0c845a864dfe1a1ca0ab2c758d0fc645d5aed20efa264fc278a25b589f,15.993846153846153,unitscope-lambda-sweep,user_macro_accuracy,0.1691903409090909,9.214933748786253,51005,1.0,50,25600,0.06551550004223827,0.5,0.9999999845027924,0.24992655336856842,0.25203125,325,,fa472b763c042a6f409f3a0bbf77a62f74c9774530b836942ca6da5f3086b66f,user-certified,512.0,0.5000992555831265,0.5000961723408348,0.5,0.25002404077315127,0.5,0.5,0.5,25600,0.9999999940395355,0.5905162627995014,0.74796875,2854d949eac391202613626f02462514890c7e1b1ae28cc4bc34f06ea249ef35,0.16914876939959242,controlled-middle,31006,2,31001,1.0,31002,0.1691903409090909,True,14.518496999968193,fixed descriptive grid
6,1.0,1,0.002150366722041833,plan-c,1.0,0.9999999845027924,diagnostic,0,c00a09ffda82d0834cbdced5c5677981ddabd0c6eff290cc6ed48f17699cd94f,25600,femnist,1e-05,0.0,0,0,1.0,4.0,31003,controlled,0.5266798557341099,21273,0.0,1.0,this-work,0.25,1655,0,67ac0f0c845a864dfe1a1ca0ab2c758d0fc645d5aed20efa264fc278a25b589f,15.993846153846153,unitscope-lambda-sweep,user_macro_accuracy,0.1152840909090909,9.214933748786253,81005,1.0,50,25600,0.06883239999297075,0.5,0.9999999773502349,0.16317373555153608,0.254921875,325,,fa472b763c042a6f409f3a0bbf77a62f74c9774530b836942ca6da5f3086b66f,user-certified,512.0,0.5000992555831265,0.5000961723408348,0.5,0.25002404077315127,0.5,0.5,0.5,25600,0.9999999940395355,0.40478200018405913,0.745078125,59c8b0db270ced259af9bb62c7cd3076d988a7bc6636be46a701feafc102ce54,0.11506505721899984,controlled-middle,31009,5,31001,1.0,31002,0.1152840909090909,True,15.81202409999969,fixed descriptive grid
6,1.0,1,0.0025670693871999526,plan-c,1.0,0.9999999761581421,diagnostic,0,c00a09ffda82d0834cbdced5c5677981ddabd0c6eff290cc6ed48f17699cd94f,25600,femnist,1e-05,0.0,0,0,1.0,4.0,31003,controlled,0.8340425400435925,21385,0.0,1.0,this-work,0.25,1655,0,67ac0f0c845a864dfe1a1ca0ab2c758d0fc645d5aed20efa264fc278a25b589f,15.993846153846153,unitscope-lambda-sweep,user_macro_accuracy,0.1808806818181818,9.214933748786253,31005,1.0,50,25600,0.06896590001997538,0.5,0.9999999856948852,0.24557525984942913,0.253515625,325,,fa472b763c042a6f409f3a0bbf77a62f74c9774530b836942ca6da5f3086b66f,user-certified,512.0,0.5000992555831265,0.5000961723408348,0.5,0.25002404077315127,0.5,0.5,0.5,25600,0.9999999868869781,0.6323098619282246,0.746484375,6ecda4b665828513b391a2d4d105f681e2b9adf85e659074458d41c42d3ab96d,0.18027904060197522,controlled-middle,31004,0,31001,1.0,31002,0.1808806818181818,True,21.37245869997423,fixed descriptive grid
6,1.0,1,0.002472353279290651,plan-c,1.0,0.9999999856948852,diagnostic,0,c00a09ffda82d0834cbdced5c5677981ddabd0c6eff290cc6ed48f17699cd94f,25600,femnist,1e-05,0.0,0,0,1.0,4.0,31003,controlled,1.077996784746647,21337,0.0,1.0,this-work,0.25,1655,0,67ac0f0c845a864dfe1a1ca0ab2c758d0fc645d5aed20efa264fc278a25b589f,15.993846153846153,unitscope-lambda-sweep,user_macro_accuracy,0.11529829545454545,9.214933748786253,61005,1.0,50,25600,0.0739772999950219,0.5,0.9999999856948852,0.31847700629383324,0.250546875,325,,fa472b763c042a6f409f3a0bbf77a62f74c9774530b836942ca6da5f3086b66f,user-certified,512.0,0.5000992555831265,0.5000961723408348,0.5,0.25002404077315127,0.5,0.5,0.5,25600,0.9999999916553497,0.8105060464143753,0.749453125,8d351cc727c2217b9852b039cde4c073a9603a3729951bc9e407f3c44d860e96,0.11537858598526415,controlled-middle,31007,3,31001,1.0,31002,0.11529829545454545,True,15.25353929999983,fixed descriptive grid
6,1.0,1,0.002745393170068498,plan-c,1.0,0.9999999749660492,diagnostic,0,c00a09ffda82d0834cbdced5c5677981ddabd0c6eff290cc6ed48f17699cd94f,25600,femnist,1e-05,0.0,0,0,1.0,4.0,31003,controlled,1.119091069996357,21302,0.0,1.0,this-work,0.25,1655,0,67ac0f0c845a864dfe1a1ca0ab2c758d0fc645d5aed20efa264fc278a25b589f,15.993846153846153,unitscope-lambda-sweep,user_macro_accuracy,0.0675,9.214933748786253,91005,1.0,50,25600,0.06828030006727204,0.5,0.9999999856948852,0.3176263090223074,0.250546875,325,,fa472b763c042a6f409f3a0bbf77a62f74c9774530b836942ca6da5f3086b66f,user-certified,512.0,0.5000992555831265,0.5000961723408348,0.5,0.25002404077315127,0.5,0.5,0.5,25600,0.9999999904632568,0.8541858218610286,0.749453125,8ede54f97ee6875b743e347498a9dc4a3104ca8da8d90146deaef34b9d8ebaee,0.06772221351308982,controlled-middle,31010,6,31001,1.0,31002,0.0675,True,15.306898499940871,fixed descriptive grid
6,1.0,1,0.0024836041327620474,plan-c,1.0,0.9999999845027924,diagnostic,0,c00a09ffda82d0834cbdced5c5677981ddabd0c6eff290cc6ed48f17699cd94f,25600,femnist,1e-05,0.0,0,0,1.0,4.0,31003,controlled,0.9657416139543057,21339,0.0,1.0,this-work,0.25,1655,0,67ac0f0c845a864dfe1a1ca0ab2c758d0fc645d5aed20efa264fc278a25b589f,15.993846153846153,unitscope-lambda-sweep,user_macro_accuracy,0.17451704545454547,9.214933748786253,71005,1.0,50,25600,0.07075450007687323,0.5,0.9999999845027924,0.2907839591801167,0.249453125,325,,fa472b763c042a6f409f3a0bbf77a62f74c9774530b836942ca6da5f3086b66f,user-certified,512.0,0.5000992555831265,0.5000961723408348,0.5,0.25002404077315127,0.5,0.5,0.5,25600,0.9999999868869781,0.741747947782278,0.750546875,903a0ddb49fddc966e1b0af2511251c430155096eef3f7f23e5082e7c89add1d,0.1747922871923499,controlled-middle,31008,4,31001,1.0,31002,0.17451704545454547,True,15.507393599924399,fixed descriptive grid
6,1.0,1,0.0022451320876298304,plan-c,1.0,0.9999999797344208,diagnostic,0,c00a09ffda82d0834cbdced5c5677981ddabd0c6eff290cc6ed48f17699cd94f,25600,femnist,1e-05,0.0,0,0,1.0,4.0,31003,controlled,0.7290041606128216,21208,0.0,1.0,this-work,0.25,1655,0,67ac0f0c845a864dfe1a1ca0ab2c758d0fc645d5aed20efa264fc278a25b589f,15.993846153846153,unitscope-lambda-sweep,user_macro_accuracy,0.17558238636363638,9.214933748786253,101005,1.0,50,25600,0.06809250000515021,0.5,0.9999999845027924,0.22702525429427622,0.251640625,325,,fa472b763c042a6f409f3a0bbf77a62f74c9774530b836942ca6da5f3086b66f,user-certified,512.0,0.5000992555831265,0.5000961723408348,0.5,0.25002404077315127,0.5,0.5,0.5,25600,0.9999999880790711,0.5634519681334496,0.748359375,97256f455c641304ff4c2eda8599b6bd8c463a1729eb3e72ed31647acf17f8ba,0.17526258034174635,controlled-middle,31011,7,31001,1.0,31002,0.17558238636363638,True,15.586283199998434,fixed descriptive grid
6,1.0,1,0.0025591798641093956,plan-c,1.0,0.9999999868869781,diagnostic,0,c00a09ffda82d0834cbdced5c5677981ddabd0c6eff290cc6ed48f17699cd94f,25600,femnist,1e-05,0.0,0,0,1.0,4.0,31003,controlled,0.9558511681854724,21261,0.0,1.0,this-work,0.25,1655,0,67ac0f0c845a864dfe1a1ca0ab2c758d0fc645d5aed20efa264fc278a25b589f,15.993846153846153,unitscope-lambda-sweep,user_macro_accuracy,0.1652556818181818,9.214933748786253,41005,1.0,50,25600,0.07178220004425384,0.5,0.9999999856948852,0.2717133758217096,0.245859375,325,,fa472b763c042a6f409f3a0bbf77a62f74c9774530b836942ca6da5f3086b66f,user-certified,512.0,0.5000992555831265,0.5000961723408348,0.5,0.25002404077315127,0.5,0.5,0.5,25600,0.9999999904632568,0.738334592729807,0.754140625,cc5340a78d6ebe524ee6b044b3e6f3a31d2fbd5f82652f1ab09839d4f5ad2d35,0.16460260228876,controlled-middle,31005,1,31001,1.0,31002,0.1652556818181818,True,14.81047309996211,fixed descriptive grid
6,1.0,1,0.002425929832172071,plan-c,1.0,0.9999999797344208,diagnostic,0,c00a09ffda82d0834cbdced5c5677981ddabd0c6eff290cc6ed48f17699cd94f,25600,femnist,1e-05,0.0,0,0,1.0,4.0,31003,controlled,0.7385795906186103,21283,0.0,1.0,this-work,0.25,1655,0,67ac0f0c845a864dfe1a1ca0ab2c758d0fc645d5aed20efa264fc278a25b589f,15.993846153846153,unitscope-lambda-sweep,user_macro_accuracy,0.07889204545454545,9.214933748786253,111005,1.0,50,25600,0.06794719997560605,0.5,0.9999999868869781,0.2263221722841263,0.2526171875,325,,fa472b763c042a6f409f3a0bbf77a62f74c9774530b836942ca6da5f3086b66f,user-certified,512.0,0.5000992555831265,0.5000961723408348,0.5,0.25002404077315127,0.5,0.5,0.5,25600,0.9999999928474427,0.5648864541947841,0.7473828125,f9ec945d372f84559d935e3b49c30f0033811267d48db96ad6ade2554fe4d5b0,0.07885248471547264,controlled-middle,31012,8,31001,1.0,31002,0.07889204545454545,True,15.928940000012517,fixed descriptive grid
6,1.0,1,0.0031211041315573344,plan-c,1.0,0.9999999845027924,diagnostic,0,77145e71128386546038d9f4a48d90ced9ce88e0531640bb143344e95fde2edc,25600,femnist,1e-05,0.0,0,0,1.0,4.0,31003,controlled,0.9269219386577606,21339,0.0,1.0,this-work,0.5,1655,0,e58d5f8584273484a325b67e095740899a29aca12b64253c7db13cc47d598ddc,15.993846153846153,unitscope-lambda-sweep,user_macro_accuracy,0.18296875,9.214933748786253,71005,1.0,50,25600,0.0759639999596402,0.5,0.9999999845027924,0.2750149034708738,0.249453125,325,,fb23d0e01e6ec84c23fbb4f318fd6f4233f111a4889b14563d6a315030ecb834,user-certified,512.0,0.5000992555831265,0.5000961723408348,0.5,0.25002404077315127,0.5,0.5,0.5,25600,0.9999999868869781,0.7178930778801441,0.750546875,38b27c6b11ce5b02babc3f7d96692a6ae61693b52c8d62de4eb391213d10c6f7,0.18357109264775043,controlled-middle,31008,4,31001,1.0,31002,0.18296875,True,16.158414500037907,fixed descriptive grid
6,1.0,1,0.0033513844049752987,plan-c,1.0,0.9999999749660492,diagnostic,0,77145e71128386546038d9f4a48d90ced9ce88e0531640bb143344e95fde2edc,25600,femnist,1e-05,0.0,0,0,1.0,4.0,31003,controlled,1.0558455273509026,21302,0.0,1.0,this-work,0.5,1655,0,e58d5f8584273484a325b67e095740899a29aca12b64253c7db13cc47d598ddc,15.993846153846153,unitscope-lambda-sweep,user_macro_accuracy,0.07076704545454544,9.214933748786253,91005,1.0,50,25600,0.07271930004935712,0.5,0.9999999856948852,0.29651383832097056,0.250546875,325,,fb23d0e01e6ec84c23fbb4f318fd6f4233f111a4889b14563d6a315030ecb834,user-certified,512.0,0.5000992555831265,0.5000961723408348,0.5,0.25002404077315127,0.5,0.5,0.5,25600,0.9999999904632568,0.8134368671476842,0.749453125,636b405682b32e7b67a97b57696a0497abb57411e29545ec3e7c7f7c676cebcd,0.07070073679260072,controlled-middle,31010,6,31001,1.0,31002,0.07076704545454544,True,17.162285099955625,fixed descriptive grid
6,1.0,1,0.003071200860845591,plan-c,1.0,0.9999999856948852,diagnostic,0,77145e71128386546038d9f4a48d90ced9ce88e0531640bb143344e95fde2edc,25600,femnist,1e-05,0.0,0,0,1.0,4.0,31003,controlled,1.0135695438086987,21337,0.0,1.0,this-work,0.5,1655,0,e58d5f8584273484a325b67e095740899a29aca12b64253c7db13cc47d598ddc,15.993846153846153,unitscope-lambda-sweep,user_macro_accuracy,0.11357954545454545,9.214933748786253,61005,1.0,50,25600,0.07310309997410513,0.5,0.9999999856948852,0.2975009346008301,0.250546875,325,,fb23d0e01e6ec84c23fbb4f318fd6f4233f111a4889b14563d6a315030ecb834,user-certified,512.0,0.5000992555831265,0.5000961723408348,0.5,0.25002404077315127,0.5,0.5,0.5,25600,0.9999999916553497,0.7677096636593341,0.749453125,65ba0201b8e2ad78f3b6f190e2e54fb1fb48d0bc4fd1b73f96b313cbb3797186,0.11365417777081047,controlled-middle,31007,3,31001,1.0,31002,0.11357954545454545,True,15.10471470002085,fixed descriptive grid
6,1.0,1,0.003113851246481325,plan-c,1.0,0.9999999797344208,diagnostic,0,77145e71128386546038d9f4a48d90ced9ce88e0531640bb143344e95fde2edc,25600,femnist,1e-05,0.0,0,0,1.0,4.0,31003,controlled,0.7215780784189701,21283,0.0,1.0,this-work,0.5,1655,0,e58d5f8584273484a325b67e095740899a29aca12b64253c7db13cc47d598ddc,15.993846153846153,unitscope-lambda-sweep,user_macro_accuracy,0.09326704545454545,9.214933748786253,111005,1.0,50,25600,0.06971029995474964,0.5,0.9999999868869781,0.21527116373181343,0.2526171875,325,,fb23d0e01e6ec84c23fbb4f318fd6f4233f111a4889b14563d6a315030ecb834,user-certified,512.0,0.5000992555831265,0.5000961723408348,0.5,0.25002404077315127,0.5,0.5,0.5,25600,0.9999999928474427,0.5575791376829148,0.7473828125,702020894cdd1e66c7e614b67fed7b6f4f227c3b63a09542ae2637ea5145fa19,0.09327480796363066,controlled-middle,31012,8,31001,1.0,31002,0.09326704545454545,True,16.03076570003759,fixed descriptive grid
6,1.0,1,0.003200353623175715,plan-c,1.0,0.9999999868869781,diagnostic,0,77145e71128386546038d9f4a48d90ced9ce88e0531640bb143344e95fde2edc,25600,femnist,1e-05,0.0,0,0,1.0,4.0,31003,controlled,0.9181167191267013,21261,0.0,1.0,this-work,0.5,1655,0,e58d5f8584273484a325b67e095740899a29aca12b64253c7db13cc47d598ddc,15.993846153846153,unitscope-lambda-sweep,user_macro_accuracy,0.1779119318181818,9.214933748786253,41005,1.0,50,25600,0.06932980001147371,0.5,0.9999999856948852,0.25812016062438486,0.245859375,325,,fb23d0e01e6ec84c23fbb4f318fd6f4233f111a4889b14563d6a315030ecb834,user-certified,512.0,0.5000992555831265,0.5000961723408348,0.5,0.25002404077315127,0.5,0.5,0.5,25600,0.9999999904632568,0.7140482287108898,0.754140625,8e75ebedb58ea5491b9747929084c9457299cee77dc74b82c29d65d1781eee2d,0.17730051732246432,controlled-middle,31005,1,31001,1.0,31002,0.1779119318181818,True,14.347631699987687,fixed descriptive grid
6,1.0,1,0.0027795992553615255,plan-c,1.0,0.9999999845027924,diagnostic,0,77145e71128386546038d9f4a48d90ced9ce88e0531640bb143344e95fde2edc,25600,femnist,1e-05,0.0,0,0,1.0,4.0,31003,controlled,0.5087600301206112,21273,0.0,1.0,this-work,0.5,1655,0,e58d5f8584273484a325b67e095740899a29aca12b64253c7db13cc47d598ddc,15.993846153846153,unitscope-lambda-sweep,user_macro_accuracy,0.1154403409090909,9.214933748786253,81005,1.0,50,25600,0.06970009997894522,0.5,0.9999999773502349,0.1514150781929493,0.254921875,325,,fb23d0e01e6ec84c23fbb4f318fd6f4233f111a4889b14563d6a315030ecb834,user-certified,512.0,0.5000992555831265,0.5000961723408348,0.5,0.25002404077315127,0.5,0.5,0.5,25600,0.9999999940395355,0.3980227978527546,0.745078125,a3434f95877af5e07869875b46223b0dd6513d4aa39c56623be14519715c0af7,0.115221821602132,controlled-middle,31009,5,31001,1.0,31002,0.1154403409090909,True,15.910831700020935,fixed descriptive grid
6,1.0,1,0.003308191752759672,plan-c,1.0,0.9999999713897705,diagnostic,0,77145e71128386546038d9f4a48d90ced9ce88e0531640bb143344e95fde2edc,25600,femnist,1e-05,0.0,0,0,1.0,4.0,31003,controlled,0.6991709525883197,21306,0.0,1.0,this-work,0.5,1655,0,e58d5f8584273484a325b67e095740899a29aca12b64253c7db13cc47d598ddc,15.993846153846153,unitscope-lambda-sweep,user_macro_accuracy,0.12964488636363636,9.214933748786253,121005,1.0,50,25600,0.0720370000199182,0.5,0.9999999797344208,0.22091607429087162,0.25,325,,fb23d0e01e6ec84c23fbb4f318fd6f4233f111a4889b14563d6a315030ecb834,user-certified,512.0,0.5000992555831265,0.5000961723408348,0.5,0.25002404077315127,0.5,0.5,0.5,25600,0.9999999833106995,0.532130191475153,0.75,af5027e95f3939e84ed1f0d9e2c2e77a68f81cf9d4ed52d6dcc6f81d4a4a72a6,0.12917385170089354,controlled-middle,31013,9,31001,1.0,31002,0.12964488636363636,True,15.670020099976682,fixed descriptive grid
6,1.0,1,0.003184323213878347,plan-c,1.0,0.9999999761581421,diagnostic,0,77145e71128386546038d9f4a48d90ced9ce88e0531640bb143344e95fde2edc,25600,femnist,1e-05,0.0,0,0,1.0,4.0,31003,controlled,0.7689727866649627,21385,0.0,1.0,this-work,0.5,1655,0,e58d5f8584273484a325b67e095740899a29aca12b64253c7db13cc47d598ddc,15.993846153846153,unitscope-lambda-sweep,user_macro_accuracy,0.2068181818181818,9.214933748786253,31005,1.0,50,25600,0.06499469999107532,0.5,0.9999999856948852,0.22323565419763328,0.253515625,325,,fb23d0e01e6ec84c23fbb4f318fd6f4233f111a4889b14563d6a315030ecb834,user-certified,512.0,0.5000992555831265,0.5000961723408348,0.5,0.25002404077315127,0.5,0.5,0.5,25600,0.9999999868869781,0.5902940425276756,0.746484375,b83012cd05868da019d76e0a00240224925654b1ebe55632d7c791f099ee7bdb,0.20630192820191254,controlled-middle,31004,0,31001,1.0,31002,0.2068181818181818,True,16.213344400006463,fixed descriptive grid
6,1.0,1,0.0030368950579188316,plan-c,1.0,0.9999999761581421,diagnostic,0,77145e71128386546038d9f4a48d90ced9ce88e0531640bb143344e95fde2edc,25600,femnist,1e-05,0.0,0,0,1.0,4.0,31003,controlled,0.7578746305406093,21270,0.0,1.0,this-work,0.5,1655,0,e58d5f8584273484a325b67e095740899a29aca12b64253c7db13cc47d598ddc,15.993846153846153,unitscope-lambda-sweep,user_macro_accuracy,0.1760653409090909,9.214933748786253,51005,1.0,50,25600,0.06719860003795475,0.5,0.9999999845027924,0.23693177610635757,0.25203125,325,,fb23d0e01e6ec84c23fbb4f318fd6f4233f111a4889b14563d6a315030ecb834,user-certified,512.0,0.5000992555831265,0.5000961723408348,0.5,0.25002404077315127,0.5,0.5,0.5,25600,0.9999999940395355,0.5758791789412498,0.74796875,d839e20cf9f8dcbe28589b707d758dacdf450c2a8ff0005622c7e76cd4bf7a2d,0.17604640225740711,controlled-middle,31006,2,31001,1.0,31002,0.1760653409090909,True,14.286585299967555,fixed descriptive grid
6,1.0,1,0.0028708925261816793,plan-c,1.0,0.9999999797344208,diagnostic,0,77145e71128386546038d9f4a48d90ced9ce88e0531640bb143344e95fde2edc,25600,femnist,1e-05,0.0,0,0,1.0,4.0,31003,controlled,0.7070781697332859,21208,0.0,1.0,this-work,0.5,1655,0,e58d5f8584273484a325b67e095740899a29aca12b64253c7db13cc47d598ddc,15.993846153846153,unitscope-lambda-sweep,user_macro_accuracy,0.18917613636363637,9.214933748786253,101005,1.0,50,25600,0.07693109994579572,0.5,0.9999999845027924,0.21646956734359266,0.251640625,325,,fb23d0e01e6ec84c23fbb4f318fd6f4233f111a4889b14563d6a315030ecb834,user-certified,512.0,0.5000992555831265,0.5000961723408348,0.5,0.25002404077315127,0.5,0.5,0.5,25600,0.9999999880790711,0.5516286940872669,0.748359375,f284b98578230294bdbadf5ea61dd155dbd38261410f8bc5fea4d98fb6218ac9,0.1889010816742436,controlled-middle,31011,7,31001,1.0,31002,0.18917613636363637,True,15.7835880000639,fixed descriptive grid
6,1.0,1,0.003928407189213198,plan-c,1.0,0.9999999797344208,diagnostic,0,9cc7b441076ffcda1b53e4aac539da449bf7fa962ec0cf9ab1e3afe3bf6d82ba,25600,femnist,1e-05,0.0,0,0,1.0,4.0,31003,controlled,0.7077057917416095,21283,0.0,1.0,this-work,0.75,1655,0,c76fbe8504830badfea658e61a99cabfeab018896f6750f93ffc52ef666f7d83,15.993846153846153,unitscope-lambda-sweep,user_macro_accuracy,0.111875,9.214933748786253,111005,1.0,50,25600,0.07534710004983936,0.5,0.9999999868869781,0.20594064071774482,0.2526171875,325,,368a33185e42ee6bbd2257d7b7e01ce91ffc207476b85dcd9236c4ef20d0b480,user-certified,512.0,0.5000992555831265,0.5000961723408348,0.5,0.25002404077315127,0.5,0.5,0.5,25600,0.9999999928474427,0.5520871092379093,0.7473828125,04d2c52a67fed8d360b712125a3a70bd619d02c9652e1fe19ecc53036e480d53,0.1122432983226211,controlled-middle,31012,8,31001,1.0,31002,0.111875,True,21.183757499951753,fixed descriptive grid
6,1.0,1,0.0037952436864542344,plan-c,1.0,0.9999999856948852,diagnostic,0,9cc7b441076ffcda1b53e4aac539da449bf7fa962ec0cf9ab1e3afe3bf6d82ba,25600,femnist,1e-05,0.0,0,0,1.0,4.0,31003,controlled,0.9719866694509983,21337,0.0,1.0,this-work,0.75,1655,0,c76fbe8504830badfea658e61a99cabfeab018896f6750f93ffc52ef666f7d83,15.993846153846153,unitscope-lambda-sweep,user_macro_accuracy,0.11092329545454545,9.214933748786253,61005,1.0,50,25600,0.07297030005429406,0.5,0.9999999856948852,0.2822589895874262,0.250546875,325,,368a33185e42ee6bbd2257d7b7e01ce91ffc207476b85dcd9236c4ef20d0b480,user-certified,512.0,0.5000992555831265,0.5000961723408348,0.5,0.25002404077315127,0.5,0.5,0.5,25600,0.9999999916553497,0.7409502920508385,0.749453125,07b7746885c4665b6e0c145a6bf2ef1ec767674c6513e77959aac080ae075651,0.11098918325756388,controlled-middle,31007,3,31001,1.0,31002,0.11092329545454545,True,17.047959699935745,fixed descriptive grid
6,1.0,1,0.00361810265712254,plan-c,1.0,0.9999999797344208,diagnostic,0,9cc7b441076ffcda1b53e4aac539da449bf7fa962ec0cf9ab1e3afe3bf6d82ba,25600,femnist,1e-05,0.0,0,0,1.0,4.0,31003,controlled,0.695615219026804,21208,0.0,1.0,this-work,0.75,1655,0,c76fbe8504830badfea658e61a99cabfeab018896f6750f93ffc52ef666f7d83,15.993846153846153,unitscope-lambda-sweep,user_macro_accuracy,0.1980965909090909,9.214933748786253,101005,1.0,50,25600,0.0719721999776084,0.5,0.9999999845027924,0.2080978949740529,0.251640625,325,,368a33185e42ee6bbd2257d7b7e01ce91ffc207476b85dcd9236c4ef20d0b480,user-certified,512.0,0.5000992555831265,0.5000961723408348,0.5,0.25002404077315127,0.5,0.5,0.5,25600,0.9999999880790711,0.5479718774557114,0.748359375,1928bb5adbd4e31f8d424c9ee1cc052ac771ec6287612a96b8bd729974edc29e,0.1981501802790406,controlled-middle,31011,7,31001,1.0,31002,0.1980965909090909,True,20.961911100021098,fixed descriptive grid
6,1.0,1,0.00397724702274651,plan-c,1.0,0.9999999868869781,diagnostic,0,9cc7b441076ffcda1b53e4aac539da449bf7fa962ec0cf9ab1e3afe3bf6d82ba,25600,femnist,1e-05,0.0,0,0,1.0,4.0,31003,controlled,0.8890124812722207,21261,0.0,1.0,this-work,0.75,1655,0,c76fbe8504830badfea658e61a99cabfeab018896f6750f93ffc52ef666f7d83,15.993846153846153,unitscope-lambda-sweep,user_macro_accuracy,0.1896306818181818,9.214933748786253,41005,1.0,50,25600,0.07308579995878972,0.5,0.9999999856948852,0.24698592476546766,0.245859375,325,,368a33185e42ee6bbd2257d7b7e01ce91ffc207476b85dcd9236c4ef20d0b480,user-certified,512.0,0.5000992555831265,0.5000961723408348,0.5,0.25002404077315127,0.5,0.5,0.5,25600,0.9999999904632568,0.6964256851375104,0.754140625,278e8db9c9522c8353bb9e35b7808d6294394a00f968969cdfba024a59617bd0,0.18905784605737577,controlled-middle,31005,1,31001,1.0,31002,0.1896306818181818,True,16.1541075000423,fixed descriptive grid
6,1.0,1,0.0038690936953108845,plan-c,1.0,0.9999999761581421,diagnostic,0,9cc7b441076ffcda1b53e4aac539da449bf7fa962ec0cf9ab1e3afe3bf6d82ba,25600,femnist,1e-05,0.0,0,0,1.0,4.0,31003,controlled,0.7365408690273761,21270,0.0,1.0,this-work,0.75,1655,0,c76fbe8504830badfea658e61a99cabfeab018896f6750f93ffc52ef666f7d83,15.993846153846153,unitscope-lambda-sweep,user_macro_accuracy,0.1887215909090909,9.214933748786253,51005,1.0,50,25600,0.06922440002381336,0.5,0.9999999845027924,0.22536336902529,0.25203125,325,,368a33185e42ee6bbd2257d7b7e01ce91ffc207476b85dcd9236c4ef20d0b480,user-certified,512.0,0.5000992555831265,0.5000961723408348,0.5,0.25002404077315127,0.5,0.5,0.5,25600,0.9999999940395355,0.5659415216743946,0.74796875,4e76c20a75c5b43d7cb97eb171d8457fb78027cd912f799064c945a9357ab818,0.18874431729111146,controlled-middle,31006,2,31001,1.0,31002,0.1887215909090909,True,16.15373979997821,fixed descriptive grid
6,1.0,1,0.0035373374591565194,plan-c,1.0,0.9999999845027924,diagnostic,0,9cc7b441076ffcda1b53e4aac539da449bf7fa962ec0cf9ab1e3afe3bf6d82ba,25600,femnist,1e-05,0.0,0,0,1.0,4.0,31003,controlled,0.4991636449098587,21273,0.0,1.0,this-work,0.75,1655,0,c76fbe8504830badfea658e61a99cabfeab018896f6750f93ffc52ef666f7d83,15.993846153846153,unitscope-lambda-sweep,user_macro_accuracy,0.11653409090909089,9.214933748786253,81005,1.0,50,25600,0.07230909996724222,0.5,0.9999999773502349,0.1421740099415183,0.254921875,325,,368a33185e42ee6bbd2257d7b7e01ce91ffc207476b85dcd9236c4ef20d0b480,user-certified,512.0,0.5000992555831265,0.5000961723408348,0.5,0.25002404077315127,0.5,0.5,0.5,25600,0.9999999940395355,0.39706381022930143,0.745078125,60eb3170dc3f8e59a24e26cc2a30ced87f941ec6105f90cb1377f734c713f682,0.11631917228405707,controlled-middle,31009,5,31001,1.0,31002,0.11653409090909089,True,21.29210490002879,fixed descriptive grid
6,1.0,1,0.004095183511345107,plan-c,1.0,0.9999999749660492,diagnostic,0,9cc7b441076ffcda1b53e4aac539da449bf7fa962ec0cf9ab1e3afe3bf6d82ba,25600,femnist,1e-05,0.0,0,0,1.0,4.0,31003,controlled,1.019835656583309,21302,0.0,1.0,this-work,0.75,1655,0,c76fbe8504830badfea658e61a99cabfeab018896f6750f93ffc52ef666f7d83,15.993846153846153,unitscope-lambda-sweep,user_macro_accuracy,0.07998579545454546,9.214933748786253,91005,1.0,50,25600,0.08058199999504723,0.5,0.9999999856948852,0.2815532249212265,0.250546875,325,,368a33185e42ee6bbd2257d7b7e01ce91ffc207476b85dcd9236c4ef20d0b480,user-certified,512.0,0.5000992555831265,0.5000961723408348,0.5,0.25002404077315127,0.5,0.5,0.5,25600,0.9999999904632568,0.7929224847257137,0.749453125,6b92309579107c14b450106ffebefc60d5058ffffb1d6e86f8c52a3e877b5f61,0.07994983539739771,controlled-middle,31010,6,31001,1.0,31002,0.07998579545454546,True,20.916234699994675,fixed descriptive grid
6,1.0,1,0.003877542875865886,plan-c,1.0,0.9999999845027924,diagnostic,0,9cc7b441076ffcda1b53e4aac539da449bf7fa962ec0cf9ab1e3afe3bf6d82ba,25600,femnist,1e-05,0.0,0,0,1.0,4.0,31003,controlled,0.9047795425355435,21339,0.0,1.0,this-work,0.75,1655,0,c76fbe8504830badfea658e61a99cabfeab018896f6750f93ffc52ef666f7d83,15.993846153846153,unitscope-lambda-sweep,user_macro_accuracy,0.18467329545454547,9.214933748786253,71005,1.0,50,25600,0.08286470001621637,0.5,0.9999999845027924,0.26340527303516864,0.249453125,325,,368a33185e42ee6bbd2257d7b7e01ce91ffc207476b85dcd9236c4ef20d0b480,user-certified,512.0,0.5000992555831265,0.5000961723408348,0.5,0.25002404077315127,0.5,0.5,0.5,25600,0.9999999868869781,0.7069266779720783,0.750546875,73446587037cc87273d7ab37166c657bbba2e1df85ee1b3e3c3450e4847064ea,0.1849819720959398,controlled-middle,31008,4,31001,1.0,31002,0.18467329545454547,True,21.287719999978435,fixed descriptive grid
6,1.0,1,0.004114497471434709,plan-c,1.0,0.9999999713897705,diagnostic,0,9cc7b441076ffcda1b53e4aac539da449bf7fa962ec0cf9ab1e3afe3bf6d82ba,25600,femnist,1e-05,0.0,0,0,1.0,4.0,31003,controlled,0.6672126542031765,21306,0.0,1.0,this-work,0.75,1655,0,c76fbe8504830badfea658e61a99cabfeab018896f6750f93ffc52ef666f7d83,15.993846153846153,unitscope-lambda-sweep,user_macro_accuracy,0.1419744318181818,9.214933748786253,121005,1.0,50,25600,0.07502039999235421,0.5,0.9999999797344208,0.2068861022591591,0.25,325,,368a33185e42ee6bbd2257d7b7e01ce91ffc207476b85dcd9236c4ef20d0b480,user-certified,512.0,0.5000992555831265,0.5000961723408348,0.5,0.25002404077315127,0.5,0.5,0.5,25600,0.9999999833106995,0.5155577565729618,0.75,a21e8b7afb2fb500ae28470748f63126aa7c46190b56959577526724edc4f2cb,0.1412447092020693,controlled-middle,31013,9,31001,1.0,31002,0.1419744318181818,True,21.139681200002087,fixed descriptive grid
6,1.0,1,0.003925231805005844,plan-c,1.0,0.9999999761581421,diagnostic,0,9cc7b441076ffcda1b53e4aac539da449bf7fa962ec0cf9ab1e3afe3bf6d82ba,25600,femnist,1e-05,0.0,0,0,1.0,4.0,31003,controlled,0.7272853191196919,21385,0.0,1.0,this-work,0.75,1655,0,c76fbe8504830badfea658e61a99cabfeab018896f6750f93ffc52ef666f7d83,15.993846153846153,unitscope-lambda-sweep,user_macro_accuracy,0.21511363636363637,9.214933748786253,31005,1.0,50,25600,0.06755339994560927,0.5,0.9999999856948852,0.20706468503922223,0.253515625,325,,368a33185e42ee6bbd2257d7b7e01ce91ffc207476b85dcd9236c4ef20d0b480,user-certified,512.0,0.5000992555831265,0.5000961723408348,0.5,0.25002404077315127,0.5,0.5,0.5,25600,0.9999999868869781,0.5648393002152443,0.746484375,ad9a0a6e48984c8fbbd2844297f565e32e0d55b6ee97143eb255bf6ea9d7cccd,0.2149239692741809,controlled-middle,31004,0,31001,1.0,31002,0.21511363636363637,True,16.64846680004848,fixed descriptive grid
6,1.0,1,0.004382761098633955,plan-c,1.0,0.9999999845027924,diagnostic,0,84cc3c138c7c3fe1cdad2a50a2979afeb559d816f6389fd7d320c9ce74552743,25600,femnist,1e-05,0.0,0,0,1.0,4.0,31003,controlled,0.9034411858022213,21339,0.0,1.0,this-work,0.9,1655,0,94b91fe219379b488803ceddf230483cde78349ca0f42716d4549f3841d22980,15.993846153846153,unitscope-lambda-sweep,user_macro_accuracy,0.18545454545454546,9.214933748786253,71005,1.0,50,25600,0.07243359996937215,0.5,0.9999999845027924,0.26006623059511186,0.249453125,325,,85e2c0f67dd26b6eb06bd8a9d1355cd162f47ba512379568bb155acfe11a2c54,user-certified,512.0,0.5000992555831265,0.5000961723408348,0.5,0.25002404077315127,0.5,0.5,0.5,25600,0.9999999868869781,0.7086220088601113,0.750546875,0446a0ec6d19473fb85d8d2b914c55dfa51e3cbdade5f091931ee4284a96ce58,0.18576579401160057,controlled-middle,31008,4,31001,1.0,31002,0.18545454545454546,True,15.88328510003339,fixed descriptive grid
6,1.0,1,0.004460277681260147,plan-c,1.0,0.9999999797344208,diagnostic,0,84cc3c138c7c3fe1cdad2a50a2979afeb559d816f6389fd7d320c9ce74552743,25600,femnist,1e-05,0.0,0,0,1.0,4.0,31003,controlled,0.7058011583983899,21283,0.0,1.0,this-work,0.9,1655,0,94b91fe219379b488803ceddf230483cde78349ca0f42716d4549f3841d22980,15.993846153846153,unitscope-lambda-sweep,user_macro_accuracy,0.1265625,9.214933748786253,111005,1.0,50,25600,0.07596540008671582,0.5,0.9999999868869781,0.20191653203219176,0.2526171875,325,,85e2c0f67dd26b6eb06bd8a9d1355cd162f47ba512379568bb155acfe11a2c54,user-certified,512.0,0.5000992555831265,0.5000961723408348,0.5,0.25002404077315127,0.5,0.5,0.5,25600,0.9999999928474427,0.5536943200230598,0.7473828125,1451601b9ee7bae8ebd5d38cfba90747a7c6527d1eb151ca5a77d7c419bfd09c,0.12697915033704343,controlled-middle,31012,8,31001,1.0,31002,0.1265625,True,15.59642069991969,fixed descriptive grid
6,1.0,1,0.00410450285488029,plan-c,1.0,0.9999999797344208,diagnostic,0,84cc3c138c7c3fe1cdad2a50a2979afeb559d816f6389fd7d320c9ce74552743,25600,femnist,1e-05,0.0,0,0,1.0,4.0,31003,controlled,0.6921797589957714,21208,0.0,1.0,this-work,0.9,1655,0,94b91fe219379b488803ceddf230483cde78349ca0f42716d4549f3841d22980,15.993846153846153,unitscope-lambda-sweep,user_macro_accuracy,0.2026278409090909,9.214933748786253,101005,1.0,50,25600,0.07521180003823247,0.5,0.9999999845027924,0.20322668239474295,0.251640625,325,,85e2c0f67dd26b6eb06bd8a9d1355cd162f47ba512379568bb155acfe11a2c54,user-certified,512.0,0.5000992555831265,0.5000961723408348,0.5,0.25002404077315127,0.5,0.5,0.5,25600,0.9999999880790711,0.5480963191390038,0.748359375,4865ed01b1f3489d3f74c8f9340756b50854387137e4bd0ee31dffb6c1dc26d1,0.20269634738987302,controlled-middle,31011,7,31001,1.0,31002,0.2026278409090909,True,15.708707799960393,fixed descriptive grid
6,1.0,1,0.004635797020621633,plan-c,1.0,0.9999999713897705,diagnostic,0,84cc3c138c7c3fe1cdad2a50a2979afeb559d816f6389fd7d320c9ce74552743,25600,femnist,1e-05,0.0,0,0,1.0,4.0,31003,controlled,0.6563186390697956,21306,0.0,1.0,this-work,0.9,1655,0,94b91fe219379b488803ceddf230483cde78349ca0f42716d4549f3841d22980,15.993846153846153,unitscope-lambda-sweep,user_macro_accuracy,0.15213068181818182,9.214933748786253,121005,1.0,50,25600,0.07080089999362826,0.5,0.9999999797344208,0.20019296422600746,0.25,325,,85e2c0f67dd26b6eb06bd8a9d1355cd162f47ba512379568bb155acfe11a2c54,user-certified,512.0,0.5000992555831265,0.5000961723408348,0.5,0.25002404077315127,0.5,0.5,0.5,25600,0.9999999833106995,0.5110803408920765,0.75,4ae81293eb8fae8257032e4cdfadc4a46065cbf8657b2ea30c4be824db4cd0dc,0.1514343941056592,controlled-middle,31013,9,31001,1.0,31002,0.15213068181818182,True,15.455643300010706,fixed descriptive grid
6,1.0,1,0.00441202584521006,plan-c,1.0,0.9999999761581421,diagnostic,0,84cc3c138c7c3fe1cdad2a50a2979afeb559d816f6389fd7d320c9ce74552743,25600,femnist,1e-05,0.0,0,0,1.0,4.0,31003,controlled,0.7104547584056854,21385,0.0,1.0,this-work,0.9,1655,0,94b91fe219379b488803ceddf230483cde78349ca0f42716d4549f3841d22980,15.993846153846153,unitscope-lambda-sweep,user_macro_accuracy,0.22120738636363638,9.214933748786253,31005,1.0,50,25600,0.06546150003850926,0.5,0.9999999856948852,0.19950614407658576,0.253515625,325,,85e2c0f67dd26b6eb06bd8a9d1355cd162f47ba512379568bb155acfe11a2c54,user-certified,512.0,0.5000992555831265,0.5000961723408348,0.5,0.25002404077315127,0.5,0.5,0.5,25600,0.9999999868869781,0.5557356433570385,0.746484375,5f63c73f38c7537598cd6f447b333ec8b420b505aa18f91ee9975ccd064e7e40,0.22103778021633486,controlled-middle,31004,0,31001,1.0,31002,0.22120738636363638,True,16.10334849996434,fixed descriptive grid
6,1.0,1,0.00426000506941608,plan-c,1.0,0.9999999856948852,diagnostic,0,84cc3c138c7c3fe1cdad2a50a2979afeb559d816f6389fd7d320c9ce74552743,25600,femnist,1e-05,0.0,0,0,1.0,4.0,31003,controlled,0.9535666404664517,21337,0.0,1.0,this-work,0.9,1655,0,94b91fe219379b488803ceddf230483cde78349ca0f42716d4549f3841d22980,15.993846153846153,unitscope-lambda-sweep,user_macro_accuracy,0.10936079545454545,9.214933748786253,61005,1.0,50,25600,0.0694867999991402,0.5,0.9999999856948852,0.274819220751524,0.250546875,325,,85e2c0f67dd26b6eb06bd8a9d1355cd162f47ba512379568bb155acfe11a2c54,user-certified,512.0,0.5000992555831265,0.5000961723408348,0.5,0.25002404077315127,0.5,0.5,0.5,25600,0.9999999916553497,0.7298830020427703,0.749453125,671533b47492a4810d743a69f3a192bd274ef2038208026b359d06d1925cbe13,0.10942153942624236,controlled-middle,31007,3,31001,1.0,31002,0.10936079545454545,True,14.908501500001876,fixed descriptive grid
6,1.0,1,0.004404486732203972,plan-c,1.0,0.9999999761581421,diagnostic,0,84cc3c138c7c3fe1cdad2a50a2979afeb559d816f6389fd7d320c9ce74552743,25600,femnist,1e-05,0.0,0,0,1.0,4.0,31003,controlled,0.728989727795124,21270,0.0,1.0,this-work,0.9,1655,0,94b91fe219379b488803ceddf230483cde78349ca0f42716d4549f3841d22980,15.993846153846153,unitscope-lambda-sweep,user_macro_accuracy,0.1935653409090909,9.214933748786253,51005,1.0,50,25600,0.0688695000280859,0.5,0.9999999845027924,0.2194761398807168,0.25203125,325,,85e2c0f67dd26b6eb06bd8a9d1355cd162f47ba512379568bb155acfe11a2c54,user-certified,512.0,0.5000992555831265,0.5000961723408348,0.5,0.25002404077315127,0.5,0.5,0.5,25600,0.9999999940395355,0.5637285387516022,0.74796875,a6a13f08e12d0ca03a8a70a4eb7b4465aa89af36a67968bbdd0b05625d9c580e,0.1936040131682082,controlled-middle,31006,2,31001,1.0,31002,0.1935653409090909,True,14.670068999970681,fixed descriptive grid
6,1.0,1,0.004565529509514202,plan-c,1.0,0.9999999749660492,diagnostic,0,84cc3c138c7c3fe1cdad2a50a2979afeb559d816f6389fd7d320c9ce74552743,25600,femnist,1e-05,0.0,0,0,1.0,4.0,31003,controlled,1.0047881683707238,21302,0.0,1.0,this-work,0.9,1655,0,94b91fe219379b488803ceddf230483cde78349ca0f42716d4549f3841d22980,15.993846153846153,unitscope-lambda-sweep,user_macro_accuracy,0.08748579545454545,9.214933748786253,91005,1.0,50,25600,0.07171149997157045,0.5,0.9999999856948852,0.2747454674914479,0.250546875,325,,85e2c0f67dd26b6eb06bd8a9d1355cd162f47ba512379568bb155acfe11a2c54,user-certified,512.0,0.5000992555831265,0.5000961723408348,0.5,0.25002404077315127,0.5,0.5,0.5,25600,0.9999999904632568,0.7848013964295387,0.749453125,b8aa6d92dc1ee6339aeb34d709943cfa7c611f63eb85db0c1d4cf01bbd8bfbc9,0.08747452578774102,controlled-middle,31010,6,31001,1.0,31002,0.08748579545454545,True,16.0623396000301,fixed descriptive grid
6,1.0,1,0.004023883388513973,plan-c,1.0,0.9999999845027924,diagnostic,0,84cc3c138c7c3fe1cdad2a50a2979afeb559d816f6389fd7d320c9ce74552743,25600,femnist,1e-05,0.0,0,0,1.0,4.0,31003,controlled,0.4964819024503231,21273,0.0,1.0,this-work,0.9,1655,0,94b91fe219379b488803ceddf230483cde78349ca0f42716d4549f3841d22980,15.993846153846153,unitscope-lambda-sweep,user_macro_accuracy,0.1170028409090909,9.214933748786253,81005,1.0,50,25600,0.07108370000787545,0.5,0.9999999773502349,0.13810364738106728,0.254921875,325,,85e2c0f67dd26b6eb06bd8a9d1355cd162f47ba512379568bb155acfe11a2c54,user-certified,512.0,0.5000992555831265,0.5000961723408348,0.5,0.25002404077315127,0.5,0.5,0.5,25600,0.9999999940395355,0.39793617054820063,0.745078125,c7aabb1dcdd1c7b484252969528bcb8e6e6943b613de8d4586e7d7c53b723786,0.11678946543345352,controlled-middle,31009,5,31001,1.0,31002,0.1170028409090909,True,15.624283199984347,fixed descriptive grid
6,1.0,1,0.004484113721642616,plan-c,1.0,0.9999999868869781,diagnostic,0,84cc3c138c7c3fe1cdad2a50a2979afeb559d816f6389fd7d320c9ce74552743,25600,femnist,1e-05,0.0,0,0,1.0,4.0,31003,controlled,0.8796115823090076,21261,0.0,1.0,this-work,0.9,1655,0,94b91fe219379b488803ceddf230483cde78349ca0f42716d4549f3841d22980,15.993846153846153,unitscope-lambda-sweep,user_macro_accuracy,0.1921306818181818,9.214933748786253,41005,1.0,50,25600,0.07064929997432046,0.5,0.9999999856948852,0.24191874265670776,0.245859375,325,,85e2c0f67dd26b6eb06bd8a9d1355cd162f47ba512379568bb155acfe11a2c54,user-certified,512.0,0.5000992555831265,0.5000961723408348,0.5,0.25002404077315127,0.5,0.5,0.5,25600,0.9999999904632568,0.6915322782099247,0.754140625,f78b4a42785464b1bf459f2b860fa613ef4f35c6c3bb750ddb4efe3b3af165d1,0.1915660761874902,controlled-middle,31005,1,31001,1.0,31002,0.1921306818181818,True,15.067199500030256,fixed descriptive grid
6,1.0,1,0.08970268722327669,plan-c,1.0,0.659107101559639,diagnostic,0,d9703b6d1b6afd4df96cad490e07e69ca2b2530c1419470158588633a726d120,25600,synthea,1e-05,0.0,0,0,1.0,4.0,31003,health-card,0.6399164818227291,23246,0.4861428105640691,0.5138571894359308,this-work,0.1,5042,0,531c38fe9a5829588d576970e1e32a4e5a216a5829dea91563b5627346fb5737,1.3707205738506685,unitscope-lambda-sweep,patient_or_user_auprc,0.2155291560682704,9.214933748786253,81005,1.0,50,25600,0.08526930003426969,,0.6829359126091004,0.2548062139376998,0.4126171875,3067,0.2155291560682704,0a5d06844140aaf3350c1c660a62e4918938f3ad9890732bb9914af0c5ece885,user-certified,512.0,0.7464496079429256,0.6184771757872766,,0.4143864769548826,0.5528118240807498,,0.37022350396539294,25600,0.6425105798244476,0.3882702094689012,0.5873828125,43c72438eda550d339b764b0db176e236c07bdf68a29ce0baf573b98e2c3f164,0.747184231697506,policy-grounded,31009,5,31001,1.0,31002,0.7797305213825425,True,15.514219699965906,fixed descriptive grid
6,1.0,1,0.10973753426176465,plan-c,1.0,0.78309914290905,diagnostic,0,d9703b6d1b6afd4df96cad490e07e69ca2b2530c1419470158588633a726d120,25600,synthea,1e-05,0.0,0,0,1.0,4.0,31003,health-card,0.49451302267611025,23174,0.4861428105640691,0.5138571894359308,this-work,0.1,5042,0,531c38fe9a5829588d576970e1e32a4e5a216a5829dea91563b5627346fb5737,1.3707205738506685,unitscope-lambda-sweep,patient_or_user_auprc,0.17659071912979696,9.214933748786253,51005,1.0,50,25600,0.08126919997448567,,0.8314234936237335,0.20210225339978932,0.4128515625,3067,0.17659071912979696,0a5d06844140aaf3350c1c660a62e4918938f3ad9890732bb9914af0c5ece885,user-certified,512.0,0.7464496079429256,0.6184771757872766,,0.4143864769548826,0.5528118240807498,,0.37022350396539294,25600,0.7509769991040229,0.29453843608498576,0.5871484375,4e759ada24720c8141480d6173828642d8a4520e793e01a77b567d3a71e41960,0.747184231697506,policy-grounded,31006,2,31001,1.0,31002,0.7797305213825425,True,15.655705100027262,fixed descriptive grid
6,1.0,1,0.0925478787079104,plan-c,1.0,0.7366836351156235,diagnostic,0,d9703b6d1b6afd4df96cad490e07e69ca2b2530c1419470158588633a726d120,25600,synthea,1e-05,0.0,0,0,1.0,4.0,31003,health-card,0.585232544541359,23214,0.4861428105640691,0.5138571894359308,this-work,0.1,5042,0,531c38fe9a5829588d576970e1e32a4e5a216a5829dea91563b5627346fb5737,1.3707205738506685,unitscope-lambda-sweep,patient_or_user_auprc,0.19302735132587856,9.214933748786253,111005,1.0,50,25600,0.08588980000058655,,0.7659131717681885,0.23742947198450565,0.411953125,3067,0.19302735132587856,0a5d06844140aaf3350c1c660a62e4918938f3ad9890732bb9914af0c5ece885,user-certified,512.0,0.7464496079429256,0.6184771757872766,,0.4143864769548826,0.5528118240807498,,0.37022350396539294,25600,0.7160105672478676,0.35096007205545904,0.588046875,55313334504b5a780f267bb40da7cacfaaf01325825ffe1bb74db382e540045f,0.747184231697506,policy-grounded,31012,8,31001,1.0,31002,0.7797305213825425,True,16.026316299990867,fixed descriptive grid
6,1.0,1,0.0949122707105319,plan-c,1.0,0.7016554445028305,diagnostic,0,d9703b6d1b6afd4df96cad490e07e69ca2b2530c1419470158588633a726d120,25600,synthea,1e-05,0.0,0,0,1.0,4.0,31003,health-card,0.629089222997427,23208,0.4861428105640691,0.5138571894359308,this-work,0.1,5042,0,531c38fe9a5829588d576970e1e32a4e5a216a5829dea91563b5627346fb5737,1.3707205738506685,unitscope-lambda-sweep,patient_or_user_auprc,0.21767241758282557,9.214933748786253,61005,1.0,50,25600,0.07985039996856358,,0.735017523765564,0.2652352321892977,0.4167578125,3067,0.21767241758282557,0a5d06844140aaf3350c1c660a62e4918938f3ad9890732bb9914af0c5ece885,user-certified,512.0,0.7464496079429256,0.6184771757872766,,0.4143864769548826,0.5528118240807498,,0.37022350396539294,25600,0.6794088968634605,0.3666167499125004,0.5832421875,5bca60db84f9d102eae600b1dc1d44357e0cc1928d96b6bf76135c748c928c91,0.747184231697506,policy-grounded,31007,3,31001,1.0,31002,0.7797305213825425,True,15.423705000037444,fixed descriptive grid
6,1.0,1,0.08754450919297448,plan-c,1.0,0.6739051187038422,diagnostic,0,d9703b6d1b6afd4df96cad490e07e69ca2b2530c1419470158588633a726d120,25600,synthea,1e-05,0.0,0,0,1.0,4.0,31003,health-card,0.7312007388472557,23195,0.4861428105640691,0.5138571894359308,this-work,0.1,5042,0,531c38fe9a5829588d576970e1e32a4e5a216a5829dea91563b5627346fb5737,1.3707205738506685,unitscope-lambda-sweep,patient_or_user_auprc,0.20152315611116556,9.214933748786253,31005,1.0,50,25600,0.08197500002279412,,0.7109442412853241,0.30245993241667746,0.40890625,3067,0.20152315611116556,0a5d06844140aaf3350c1c660a62e4918938f3ad9890732bb9914af0c5ece885,user-certified,512.0,0.7464496079429256,0.6184771757872766,,0.4143864769548826,0.5528118240807498,,0.37022350396539294,25600,0.6492747235298156,0.43130136758089066,0.59109375,8f0073dc923b83433a82b040a8b964d592b4237f8543dec64d5afdb23b144fec,0.747184231697506,policy-grounded,31004,0,31001,1.0,31002,0.7797305213825425,True,16.714541999972425,fixed descriptive grid
6,1.0,1,0.09661961945840704,plan-c,1.0,0.7162780970335006,diagnostic,0,d9703b6d1b6afd4df96cad490e07e69ca2b2530c1419470158588633a726d120,25600,synthea,1e-05,0.0,0,0,1.0,4.0,31003,health-card,0.6983539523184299,23062,0.4861428105640691,0.5138571894359308,this-work,0.1,5042,0,531c38fe9a5829588d576970e1e32a4e5a216a5829dea91563b5627346fb5737,1.3707205738506685,unitscope-lambda-sweep,patient_or_user_auprc,0.19768843062854483,9.214933748786253,71005,1.0,50,25600,0.08296520003932528,,0.7561644560098648,0.2809845260903239,0.413046875,3067,0.19768843062854483,0a5d06844140aaf3350c1c660a62e4918938f3ad9890732bb9914af0c5ece885,user-certified,512.0,0.7464496079429256,0.6184771757872766,,0.4143864769548826,0.5528118240807498,,0.37022350396539294,25600,0.6887219727039338,0.41968426264822484,0.586953125,8f496c857a6d4ee1649b62914d17dc889c4dc62d6332b906d8b61b619ea22632,0.747184231697506,policy-grounded,31008,4,31001,1.0,31002,0.7797305213825425,True,15.613377499961643,fixed descriptive grid
6,1.0,1,0.08737262966589868,plan-c,1.0,0.6630567330121994,diagnostic,0,d9703b6d1b6afd4df96cad490e07e69ca2b2530c1419470158588633a726d120,25600,synthea,1e-05,0.0,0,0,1.0,4.0,31003,health-card,0.7369264470040798,23166,0.4861428105640691,0.5138571894359308,this-work,0.1,5042,0,531c38fe9a5829588d576970e1e32a4e5a216a5829dea91563b5627346fb5737,1.3707205738506685,unitscope-lambda-sweep,patient_or_user_auprc,0.19414139650909784,9.214933748786253,91005,1.0,50,25600,0.08678910000890028,,0.7033129999041557,0.2999981066584587,0.4101953125,3067,0.19414139650909784,0a5d06844140aaf3350c1c660a62e4918938f3ad9890732bb9914af0c5ece885,user-certified,512.0,0.7464496079429256,0.6184771757872766,,0.4143864769548826,0.5528118240807498,,0.37022350396539294,25600,0.6346076646447182,0.43933094017207625,0.5898046875,bed78c152821428459cd85f67e411bbc6ef9f724df592213d78dcc64bdad53e4,0.747184231697506,policy-grounded,31010,6,31001,1.0,31002,0.7797305213825425,True,15.436635499994736,fixed descriptive grid
6,1.0,1,0.11428312552849768,plan-c,1.0,0.787947832942009,diagnostic,0,d9703b6d1b6afd4df96cad490e07e69ca2b2530c1419470158588633a726d120,25600,synthea,1e-05,0.0,0,0,1.0,4.0,31003,health-card,0.5767277908325196,23136,0.4861428105640691,0.5138571894359308,this-work,0.1,5042,0,531c38fe9a5829588d576970e1e32a4e5a216a5829dea91563b5627346fb5737,1.3707205738506685,unitscope-lambda-sweep,patient_or_user_auprc,0.22118041406719058,9.214933748786253,41005,1.0,50,25600,0.0834089999407297,,0.8378702628612519,0.23807347096502782,0.411484375,3067,0.22118041406719058,0a5d06844140aaf3350c1c660a62e4918938f3ad9890732bb9914af0c5ece885,user-certified,512.0,0.7464496079429256,0.6184771757872766,,0.4143864769548826,0.5528118240807498,,0.37022350396539294,25600,0.7539540416002274,0.3403761836141348,0.588515625,c5434756ed820f816d751d5cce8d4f1ea8825cae05f98a726fde84bbbb1f1fd1,0.747184231697506,policy-grounded,31005,1,31001,1.0,31002,0.7797305213825425,True,15.220779000068433,fixed descriptive grid
6,1.0,1,0.0900951708292672,plan-c,1.0,0.6599796277284622,diagnostic,0,d9703b6d1b6afd4df96cad490e07e69ca2b2530c1419470158588633a726d120,25600,synthea,1e-05,0.0,0,0,1.0,4.0,31003,health-card,0.733335674777627,23150,0.4861428105640691,0.5138571894359308,this-work,0.1,5042,0,531c38fe9a5829588d576970e1e32a4e5a216a5829dea91563b5627346fb5737,1.3707205738506685,unitscope-lambda-sweep,patient_or_user_auprc,0.1834620903491158,9.214933748786253,121005,1.0,50,25600,0.08400809999147896,,0.6855361980199813,0.2929997617378831,0.4110546875,3067,0.1834620903491158,0a5d06844140aaf3350c1c660a62e4918938f3ad9890732bb9914af0c5ece885,user-certified,512.0,0.7464496079429256,0.6184771757872766,,0.4143864769548826,0.5528118240807498,,0.37022350396539294,25600,0.6427579092979431,0.44276982694864275,0.5889453125,ca8dab69d7bea3cf3dd288b6c4d54fc068bbc23d72192a593d76083cea8d891e,0.747184231697506,policy-grounded,31013,9,31001,1.0,31002,0.7797305213825425,True,15.527782600009232,fixed descriptive grid
6,1.0,1,0.09985791312447255,plan-c,1.0,0.7122173425555229,diagnostic,0,d9703b6d1b6afd4df96cad490e07e69ca2b2530c1419470158588633a726d120,25600,synthea,1e-05,0.0,0,0,1.0,4.0,31003,health-card,0.5597557283937931,23176,0.4861428105640691,0.5138571894359308,this-work,0.1,5042,0,531c38fe9a5829588d576970e1e32a4e5a216a5829dea91563b5627346fb5737,1.3707205738506685,unitscope-lambda-sweep,patient_or_user_auprc,0.19324388097963469,9.214933748786253,101005,1.0,50,25600,0.20373369996377733,,0.7442628213763237,0.2229657771065831,0.41359375,3067,0.19324388097963469,0a5d06844140aaf3350c1c660a62e4918938f3ad9890732bb9914af0c5ece885,user-certified,512.0,0.7464496079429256,0.6184771757872766,,0.4143864769548826,0.5528118240807498,,0.37022350396539294,25600,0.6908013573288918,0.3393392092734575,0.58640625,eeca70a7e0c16badc6fad80c11717ace34bce5a6bcb7d6a40d70dff56d915732,0.747184231697506,policy-grounded,31011,7,31001,1.0,31002,0.7797305213825425,True,15.39251110002806,fixed descriptive grid
6,1.0,1,0.11023312314173359,plan-c,1.0,0.6144902819395065,diagnostic,0,86bbc671d88be2c8e0dbdf489afce424c6ae54fd019a4ca81bda254b1b24b9b0,25600,synthea,1e-05,0.0,0,0,1.0,4.0,31003,health-card,0.5721613773703575,23174,0.4861428105640691,0.5138571894359308,this-work,0.25,5042,0,dac2e7983026d17e4e709a8ffca5b02deff5ed891daf8ee2cff8aa8d9c596157,1.3707205738506685,unitscope-lambda-sweep,patient_or_user_auprc,0.17775563475478295,9.214933748786253,51005,1.0,50,25600,0.09593960003985558,,0.5364070516824723,0.22907726544886828,0.4128515625,3067,0.17775563475478295,ae4a34109512c3d1dfc5b8e03d750290ec14aa4f6070aa1f717b14c1c3e37a53,user-certified,512.0,0.7464496079429256,0.6184771757872766,,0.4143864769548826,0.5528118240807498,,0.37022350396539294,25600,0.6679549989104271,0.3446578224375844,0.5871484375,0295acfe3feb6996fc846fb4c8e9c04dc4c897a3874225e0e9d53b86e09403a0,0.747184231697506,policy-grounded,31006,2,31001,1.0,31002,0.7797305213825425,True,16.59074919996783,fixed descriptive grid
6,1.0,1,0.09742755912182592,plan-c,1.0,0.5787955528497696,diagnostic,0,86bbc671d88be2c8e0dbdf489afce424c6ae54fd019a4ca81bda254b1b24b9b0,25600,synthea,1e-05,0.0,0,0,1.0,4.0,31003,health-card,0.7776162482798099,23062,0.4861428105640691,0.5138571894359308,this-work,0.25,5042,0,dac2e7983026d17e4e709a8ffca5b02deff5ed891daf8ee2cff8aa8d9c596157,1.3707205738506685,unitscope-lambda-sweep,patient_or_user_auprc,0.19958887923488444,9.214933748786253,71005,1.0,50,25600,0.08922539997729473,,0.510335154235363,0.3107985758781433,0.413046875,3067,0.19958887923488444,ae4a34109512c3d1dfc5b8e03d750290ec14aa4f6070aa1f717b14c1c3e37a53,user-certified,512.0,0.7464496079429256,0.6184771757872766,,0.4143864769548826,0.5528118240807498,,0.37022350396539294,25600,0.6265183746814728,0.46846939861774445,0.586953125,19be0bd0f6e09aaa1f902a454c73b2d52e58895c4b6a4c9c814b162f4f7d0572,0.747184231697506,policy-grounded,31008,4,31001,1.0,31002,0.7797305213825425,True,16.50131610002427,fixed descriptive grid
6,1.0,1,0.0872792028265272,plan-c,1.0,0.5480448621511459,diagnostic,0,86bbc671d88be2c8e0dbdf489afce424c6ae54fd019a4ca81bda254b1b24b9b0,25600,synthea,1e-05,0.0,0,0,1.0,4.0,31003,health-card,0.7803515303134918,23166,0.4861428105640691,0.5138571894359308,this-work,0.25,5042,0,dac2e7983026d17e4e709a8ffca5b02deff5ed891daf8ee2cff8aa8d9c596157,1.3707205738506685,unitscope-lambda-sweep,patient_or_user_auprc,0.1975918768759971,9.214933748786253,91005,1.0,50,25600,0.08226739989186171,,0.486764158308506,0.31444455683231354,0.4101953125,3067,0.1975918768759971,ae4a34109512c3d1dfc5b8e03d750290ec14aa4f6070aa1f717b14c1c3e37a53,user-certified,512.0,0.7464496079429256,0.6184771757872766,,0.4143864769548826,0.5528118240807498,,0.37022350396539294,25600,0.5896346366405487,0.46807180255651476,0.5898046875,700cb93db94df927f00dceaca315484c4868807c0a5942c522b3d6938c49f043,0.747184231697506,policy-grounded,31010,6,31001,1.0,31002,0.7797305213825425,True,16.288840900102514,fixed descriptive grid
6,1.0,1,0.11351825248540522,plan-c,1.0,0.6135791581869126,diagnostic,0,86bbc671d88be2c8e0dbdf489afce424c6ae54fd019a4ca81bda254b1b24b9b0,25600,synthea,1e-05,0.0,0,0,1.0,4.0,31003,health-card,0.6779701486229897,23136,0.4861428105640691,0.5138571894359308,this-work,0.25,5042,0,dac2e7983026d17e4e709a8ffca5b02deff5ed891daf8ee2cff8aa8d9c596157,1.3707205738506685,unitscope-lambda-sweep,patient_or_user_auprc,0.2313743773462389,9.214933748786253,41005,1.0,50,25600,0.08476120006525889,,0.5481238362193107,0.2768898709490895,0.411484375,3067,0.2313743773462389,ae4a34109512c3d1dfc5b8e03d750290ec14aa4f6070aa1f717b14c1c3e37a53,user-certified,512.0,0.7464496079429256,0.6184771757872766,,0.4143864769548826,0.5528118240807498,,0.37022350396539294,25600,0.6599305862188339,0.4025962810963392,0.588515625,7637783f96b9adcbcf025fdbc424e172332ad1f017d387ffff06ef107fb63889,0.747184231697506,policy-grounded,31005,1,31001,1.0,31002,0.7797305213825425,True,16.622247399936896,fixed descriptive grid
6,1.0,1,0.09174993610817808,plan-c,1.0,0.5366528567671776,diagnostic,0,86bbc671d88be2c8e0dbdf489afce424c6ae54fd019a4ca81bda254b1b24b9b0,25600,synthea,1e-05,0.0,0,0,1.0,4.0,31003,health-card,0.7867314103245735,23150,0.4861428105640691,0.5138571894359308,this-work,0.25,5042,0,dac2e7983026d17e4e709a8ffca5b02deff5ed891daf8ee2cff8aa8d9c596157,1.3707205738506685,unitscope-lambda-sweep,patient_or_user_auprc,0.18601661665212266,9.214933748786253,121005,1.0,50,25600,0.08811599999899045,,0.46551343917846677,0.30997257359325886,0.4110546875,3067,0.18601661665212266,ae4a34109512c3d1dfc5b8e03d750290ec14aa4f6070aa1f717b14c1c3e37a53,user-certified,512.0,0.7464496079429256,0.6184771757872766,,0.4143864769548826,0.5528118240807498,,0.37022350396539294,25600,0.5848192286491394,0.47802760034799574,0.5889453125,9c7ff482c4e77f0b032550718642aad72fa1c539ae0b3b56d268362ccde0ee4a,0.747184231697506,policy-grounded,31013,9,31001,1.0,31002,0.7797305213825425,True,16.248411199994734,fixed descriptive grid
6,1.0,1,0.0909018335667039,plan-c,1.0,0.5586288753151893,diagnostic,0,86bbc671d88be2c8e0dbdf489afce424c6ae54fd019a4ca81bda254b1b24b9b0,25600,synthea,1e-05,0.0,0,0,1.0,4.0,31003,health-card,0.7966458505392074,23195,0.4861428105640691,0.5138571894359308,this-work,0.25,5042,0,dac2e7983026d17e4e709a8ffca5b02deff5ed891daf8ee2cff8aa8d9c596157,1.3707205738506685,unitscope-lambda-sweep,patient_or_user_auprc,0.21352648096947313,9.214933748786253,31005,1.0,50,25600,0.08452660001057666,,0.48427008181810377,0.32555431708693505,0.40890625,3067,0.21352648096947313,ae4a34109512c3d1dfc5b8e03d750290ec14aa4f6070aa1f717b14c1c3e37a53,user-certified,512.0,0.7464496079429256,0.6184771757872766,,0.4143864769548826,0.5528118240807498,,0.37022350396539294,25600,0.6084061950445175,0.47336312919855117,0.59109375,a62c4a7e061ffffe5332cc6bc0b3402dc41dd6616462cdc602b981164a335d60,0.747184231697506,policy-grounded,31004,0,31001,1.0,31002,0.7797305213825425,True,17.661097099990002,fixed descriptive grid
6,1.0,1,0.09600109637218328,plan-c,1.0,0.5831318297982215,diagnostic,0,86bbc671d88be2c8e0dbdf489afce424c6ae54fd019a4ca81bda254b1b24b9b0,25600,synthea,1e-05,0.0,0,0,1.0,4.0,31003,health-card,0.6881250675767661,23208,0.4861428105640691,0.5138571894359308,this-work,0.25,5042,0,dac2e7983026d17e4e709a8ffca5b02deff5ed891daf8ee2cff8aa8d9c596157,1.3707205738506685,unitscope-lambda-sweep,patient_or_user_auprc,0.2321825202561252,9.214933748786253,61005,1.0,50,25600,0.08516099996631965,,0.5033107247948646,0.2867008459195495,0.4167578125,3067,0.2321825202561252,ae4a34109512c3d1dfc5b8e03d750290ec14aa4f6070aa1f717b14c1c3e37a53,user-certified,512.0,0.7464496079429256,0.6184771757872766,,0.4143864769548826,0.5528118240807498,,0.37022350396539294,25600,0.6397344237565994,0.40388488579541443,0.5832421875,aee955ba1e26d7f4c6e021b00764164b8dd51785961effd0c4364286878b13f9,0.747184231697506,policy-grounded,31007,3,31001,1.0,31002,0.7797305213825425,True,16.545163500035414,fixed descriptive grid
6,1.0,1,0.09713511943020343,plan-c,1.0,0.6095230937004089,diagnostic,0,86bbc671d88be2c8e0dbdf489afce424c6ae54fd019a4ca81bda254b1b24b9b0,25600,synthea,1e-05,0.0,0,0,1.0,4.0,31003,health-card,0.6651397311687469,23214,0.4861428105640691,0.5138571894359308,this-work,0.25,5042,0,dac2e7983026d17e4e709a8ffca5b02deff5ed891daf8ee2cff8aa8d9c596157,1.3707205738506685,unitscope-lambda-sweep,patient_or_user_auprc,0.1991423841516025,9.214933748786253,111005,1.0,50,25600,0.08505420004075859,,0.53883784532547,0.2658466249331832,0.411953125,3067,0.1991423841516025,ae4a34109512c3d1dfc5b8e03d750290ec14aa4f6070aa1f717b14c1c3e37a53,user-certified,512.0,0.7464496079429256,0.6184771757872766,,0.4143864769548826,0.5528118240807498,,0.37022350396539294,25600,0.6571012288331985,0.4019582284986973,0.588046875,bec4ae1880e930e67532a03d6ba295242a65a08673d2635f09870cc5969f1a0a,0.747184231697506,policy-grounded,31012,8,31001,1.0,31002,0.7797305213825425,True,16.428194699969026,fixed descriptive grid
6,1.0,1,0.10077521183883727,plan-c,1.0,0.5783535957336425,diagnostic,0,86bbc671d88be2c8e0dbdf489afce424c6ae54fd019a4ca81bda254b1b24b9b0,25600,synthea,1e-05,0.0,0,0,1.0,4.0,31003,health-card,0.6408587255328894,23176,0.4861428105640691,0.5138571894359308,this-work,0.25,5042,0,dac2e7983026d17e4e709a8ffca5b02deff5ed891daf8ee2cff8aa8d9c596157,1.3707205738506685,unitscope-lambda-sweep,patient_or_user_auprc,0.19717497457258124,9.214933748786253,101005,1.0,50,25600,0.22501859998737928,,0.5151419046521187,0.2531610454246402,0.41359375,3067,0.19717497457258124,ae4a34109512c3d1dfc5b8e03d750290ec14aa4f6070aa1f717b14c1c3e37a53,user-certified,512.0,0.7464496079429256,0.6184771757872766,,0.4143864769548826,0.5528118240807498,,0.37022350396539294,25600,0.621081736087799,0.3893345330655575,0.58640625,c0acd7b4c296f8e608c530c8ca2c209adf26b866a43a0e2fc6be9e38d4dd9232,0.747184231697506,policy-grounded,31011,7,31001,1.0,31002,0.7797305213825425,True,16.45617879999918,fixed descriptive grid
6,1.0,1,0.08925167549974061,plan-c,1.0,0.5330806374549866,diagnostic,0,86bbc671d88be2c8e0dbdf489afce424c6ae54fd019a4ca81bda254b1b24b9b0,25600,synthea,1e-05,0.0,0,0,1.0,4.0,31003,health-card,0.700701914280653,23246,0.4861428105640691,0.5138571894359308,this-work,0.25,5042,0,dac2e7983026d17e4e709a8ffca5b02deff5ed891daf8ee2cff8aa8d9c596157,1.3707205738506685,unitscope-lambda-sweep,patient_or_user_auprc,0.238110813745014,9.214933748786253,81005,1.0,50,25600,0.08227269997587427,,0.4621772074699402,0.27596892803907397,0.4126171875,3067,0.238110813745014,ae4a34109512c3d1dfc5b8e03d750290ec14aa4f6070aa1f717b14c1c3e37a53,user-certified,512.0,0.7464496079429256,0.6184771757872766,,0.4143864769548826,0.5528118240807498,,0.37022350396539294,25600,0.5811753007769584,0.4268802889436483,0.5873828125,f98735262ba9f7502e42020e56adcff983b1d248c5064ea4a1384e7c48513a61,0.747184231697506,policy-grounded,31009,5,31001,1.0,31002,0.7797305213825425,True,16.292501700023422,fixed descriptive grid
6,1.0,1,0.10655730864207115,plan-c,1.0,0.7371006369590759,diagnostic,0,2474499fdac0b79e2df44d0beebfb788bbc06e9b605ab3cd624923915bb05306,25600,synthea,1e-05,0.0,0,0,1.0,4.0,31003,health-card,0.6676427473127842,23136,0.4861428105640691,0.5138571894359308,this-work,0.5,5042,0,f642030f10e57f7d7dab702cd00a1a4dbf91b2b846b8e802eaeb336bb7a2c028,1.3707205738506685,unitscope-lambda-sweep,patient_or_user_auprc,0.24272809984731986,9.214933748786253,41005,1.0,50,25600,0.08274269997491501,,0.380957849919796,0.26659974321722985,0.411484375,3067,0.24272809984731986,fcb131c041964cb6f328ac8687788541e4e8ac416596b7d0c2cf8e8d035ca477,user-certified,512.0,0.7464496079429256,0.6184771757872766,,0.4143864769548826,0.5528118240807498,,0.37022350396539294,25600,0.9802257704734803,0.40289257489144803,0.588515625,1c100de3065034054520b077fdab2e31a965fb54a8d83265bdc7ab8b997c7265,0.747184231697506,policy-grounded,31005,1,31001,1.0,31002,0.7797305213825425,True,15.173893500032136,fixed descriptive grid
6,1.0,1,0.09661449527307203,plan-c,1.0,0.6796861433982849,diagnostic,0,2474499fdac0b79e2df44d0beebfb788bbc06e9b605ab3cd624923915bb05306,25600,synthea,1e-05,0.0,0,0,1.0,4.0,31003,health-card,0.6245377375930548,23176,0.4861428105640691,0.5138571894359308,this-work,0.5,5042,0,f642030f10e57f7d7dab702cd00a1a4dbf91b2b846b8e802eaeb336bb7a2c028,1.3707205738506685,unitscope-lambda-sweep,patient_or_user_auprc,0.2059754905698416,9.214933748786253,101005,1.0,50,25600,0.21207989999675192,,0.3605919787287712,0.2418706850707531,0.41359375,3067,0.2059754905698416,fcb131c041964cb6f328ac8687788541e4e8ac416596b7d0c2cf8e8d035ca477,user-certified,512.0,0.7464496079429256,0.6184771757872766,,0.4143864769548826,0.5528118240807498,,0.37022350396539294,25600,0.9002849507331848,0.38583403766155244,0.58640625,4222cda84e1cb83703b922716ca381f7623ea7dbfc3b4ec4b529dc162f2f92a3,0.747184231697506,policy-grounded,31011,7,31001,1.0,31002,0.7797305213825425,True,15.292814700005692,fixed descriptive grid
6,1.0,1,0.09228342177896671,plan-c,1.0,0.6633064544200897,diagnostic,0,2474499fdac0b79e2df44d0beebfb788bbc06e9b605ab3cd624923915bb05306,25600,synthea,1e-05,0.0,0,0,1.0,4.0,31003,health-card,0.6725831197947264,23208,0.4861428105640691,0.5138571894359308,this-work,0.5,5042,0,f642030f10e57f7d7dab702cd00a1a4dbf91b2b846b8e802eaeb336bb7a2c028,1.3707205738506685,unitscope-lambda-sweep,patient_or_user_auprc,0.24713441977734346,9.214933748786253,61005,1.0,50,25600,0.08771200002229307,,0.3758745938539505,0.27477281730622055,0.4167578125,3067,0.24713441977734346,fcb131c041964cb6f328ac8687788541e4e8ac416596b7d0c2cf8e8d035ca477,user-certified,512.0,0.7464496079429256,0.6184771757872766,,0.4143864769548826,0.5528118240807498,,0.37022350396539294,25600,0.8633137357234955,0.40167399257421493,0.5832421875,640fbe227388498203393fe1b2c2ebacae7d196f5d8e559b814271a4f81c0921,0.747184231697506,policy-grounded,31007,3,31001,1.0,31002,0.7797305213825425,True,15.57146389997797,fixed descriptive grid
6,1.0,1,0.08541178721133784,plan-c,1.0,0.6779374992847442,diagnostic,0,2474499fdac0b79e2df44d0beebfb788bbc06e9b605ab3cd624923915bb05306,25600,synthea,1e-05,0.0,0,0,1.0,4.0,31003,health-card,0.6791342924535274,23246,0.4861428105640691,0.5138571894359308,this-work,0.5,5042,0,f642030f10e57f7d7dab702cd00a1a4dbf91b2b846b8e802eaeb336bb7a2c028,1.3707205738506685,unitscope-lambda-sweep,patient_or_user_auprc,0.2631232254989001,9.214933748786253,81005,1.0,50,25600,0.09043879997625481,,0.3447703966498375,0.2623417058587074,0.4126171875,3067,0.2631232254989001,fcb131c041964cb6f328ac8687788541e4e8ac416596b7d0c2cf8e8d035ca477,user-certified,512.0,0.7464496079429256,0.6184771757872766,,0.4143864769548826,0.5528118240807498,,0.37022350396539294,25600,0.905292056798935,0.4192944644391537,0.5873828125,6a83db3218f03e4831e3ce55c131f96b8bb9470d1d1f691b2d62be7bfba0634c,0.747184231697506,policy-grounded,31009,5,31001,1.0,31002,0.7797305213825425,True,15.238360500021372,fixed descriptive grid
6,1.0,1,0.08571631964736627,plan-c,1.0,0.6817439860105514,diagnostic,0,2474499fdac0b79e2df44d0beebfb788bbc06e9b605ab3cd624923915bb05306,25600,synthea,1e-05,0.0,0,0,1.0,4.0,31003,health-card,0.756769262701273,23166,0.4861428105640691,0.5138571894359308,this-work,0.5,5042,0,f642030f10e57f7d7dab702cd00a1a4dbf91b2b846b8e802eaeb336bb7a2c028,1.3707205738506685,unitscope-lambda-sweep,patient_or_user_auprc,0.20536919961389027,9.214933748786253,91005,1.0,50,25600,0.0824890000076266,,0.38530477464199064,0.29766190484166144,0.4101953125,3067,0.20536919961389027,fcb131c041964cb6f328ac8687788541e4e8ac416596b7d0c2cf8e8d035ca477,user-certified,512.0,0.7464496079429256,0.6184771757872766,,0.4143864769548826,0.5528118240807498,,0.37022350396539294,25600,0.8819335305690765,0.4619821737334132,0.5898046875,7230d2d0b30470d0a7c79070bd8c8cfd96f8334fdc74614ef6eb35378c11a246,0.747184231697506,policy-grounded,31010,6,31001,1.0,31002,0.7797305213825425,True,15.425276199996006,fixed descriptive grid
6,1.0,1,0.10284119674195451,plan-c,1.0,0.7292390251159668,diagnostic,0,2474499fdac0b79e2df44d0beebfb788bbc06e9b605ab3cd624923915bb05306,25600,synthea,1e-05,0.0,0,0,1.0,4.0,31003,health-card,0.5555897931754589,23174,0.4861428105640691,0.5138571894359308,this-work,0.5,5042,0,f642030f10e57f7d7dab702cd00a1a4dbf91b2b846b8e802eaeb336bb7a2c028,1.3707205738506685,unitscope-lambda-sweep,patient_or_user_auprc,0.18285740192227967,9.214933748786253,51005,1.0,50,25600,0.0822984000260476,,0.3835730132460594,0.21616768885403873,0.4128515625,3067,0.18285740192227967,fcb131c041964cb6f328ac8687788541e4e8ac416596b7d0c2cf8e8d035ca477,user-certified,512.0,0.7464496079429256,0.6184771757872766,,0.4143864769548826,0.5528118240807498,,0.37022350396539294,25600,0.9672963249683381,0.34190033946186305,0.5871484375,7b1d862899717b4f37c8f3a01e9e4b963c2ea2cce5d1c49a7e549f4670939f47,0.747184231697506,policy-grounded,31006,2,31001,1.0,31002,0.7797305213825425,True,15.307962499980931,fixed descriptive grid
6,1.0,1,0.08814940965206698,plan-c,1.0,0.6628187644481659,diagnostic,0,2474499fdac0b79e2df44d0beebfb788bbc06e9b605ab3cd624923915bb05306,25600,synthea,1e-05,0.0,0,0,1.0,4.0,31003,health-card,0.7527430715411901,23150,0.4861428105640691,0.5138571894359308,this-work,0.5,5042,0,f642030f10e57f7d7dab702cd00a1a4dbf91b2b846b8e802eaeb336bb7a2c028,1.3707205738506685,unitscope-lambda-sweep,patient_or_user_auprc,0.19229743139065264,9.214933748786253,121005,1.0,50,25600,0.08319800003664568,,0.3526304522156715,0.289471979662776,0.4110546875,3067,0.19229743139065264,fcb131c041964cb6f328ac8687788541e4e8ac416596b7d0c2cf8e8d035ca477,user-certified,512.0,0.7464496079429256,0.6184771757872766,,0.4143864769548826,0.5528118240807498,,0.37022350396539294,25600,0.8757947993278503,0.4652876054868102,0.5889453125,8202994f01ec6a052870e0d4bb310686c242102534e206b69484cc731eb1ab72,0.747184231697506,policy-grounded,31013,9,31001,1.0,31002,0.7797305213825425,True,15.271538499961025,fixed descriptive grid
6,1.0,1,0.09348859494116202,plan-c,1.0,0.6867137551307678,diagnostic,0,2474499fdac0b79e2df44d0beebfb788bbc06e9b605ab3cd624923915bb05306,25600,synthea,1e-05,0.0,0,0,1.0,4.0,31003,health-card,0.7675104957818984,23062,0.4861428105640691,0.5138571894359308,this-work,0.5,5042,0,f642030f10e57f7d7dab702cd00a1a4dbf91b2b846b8e802eaeb336bb7a2c028,1.3707205738506685,unitscope-lambda-sweep,patient_or_user_auprc,0.20825837341165548,9.214933748786253,71005,1.0,50,25600,0.08191590002388693,,0.3756011089682579,0.29983421247452496,0.413046875,3067,0.20825837341165548,fcb131c041964cb6f328ac8687788541e4e8ac416596b7d0c2cf8e8d035ca477,user-certified,512.0,0.7464496079429256,0.6184771757872766,,0.4143864769548826,0.5528118240807498,,0.37022350396539294,25600,0.9020316195487976,0.4694385898113251,0.586953125,aa8bbbee9baca5db5bf770d053203b2abdeb1aa7b48255a94b55eb239d3c5c61,0.747184231697506,policy-grounded,31008,4,31001,1.0,31002,0.7797305213825425,True,15.278094399967813,fixed descriptive grid
6,1.0,1,0.09479811561373422,plan-c,1.0,0.6501504147052765,diagnostic,0,2474499fdac0b79e2df44d0beebfb788bbc06e9b605ab3cd624923915bb05306,25600,synthea,1e-05,0.0,0,0,1.0,4.0,31003,health-card,0.6604895359277725,23214,0.4861428105640691,0.5138571894359308,this-work,0.5,5042,0,f642030f10e57f7d7dab702cd00a1a4dbf91b2b846b8e802eaeb336bb7a2c028,1.3707205738506685,unitscope-lambda-sweep,patient_or_user_auprc,0.2121698350280648,9.214933748786253,111005,1.0,50,25600,0.08040329997311346,,0.3915038621425629,0.25919472057372334,0.411953125,3067,0.2121698350280648,fcb131c041964cb6f328ac8687788541e4e8ac416596b7d0c2cf8e8d035ca477,user-certified,512.0,0.7464496079429256,0.6184771757872766,,0.4143864769548826,0.5528118240807498,,0.37022350396539294,25600,0.826381448507309,0.4058957019075751,0.588046875,afa89a0c974bcf8f7f41e5a519799ff84fa29014f56b45d0d3d77142500e384b,0.747184231697506,policy-grounded,31012,8,31001,1.0,31002,0.7797305213825425,True,15.330834200023673,fixed descriptive grid
6,1.0,1,0.08705582296645159,plan-c,1.0,0.6475341910123825,diagnostic,0,2474499fdac0b79e2df44d0beebfb788bbc06e9b605ab3cd624923915bb05306,25600,synthea,1e-05,0.0,0,0,1.0,4.0,31003,health-card,0.770617400854826,23195,0.4861428105640691,0.5138571894359308,this-work,0.5,5042,0,f642030f10e57f7d7dab702cd00a1a4dbf91b2b846b8e802eaeb336bb7a2c028,1.3707205738506685,unitscope-lambda-sweep,patient_or_user_auprc,0.22960824426653875,9.214933748786253,31005,1.0,50,25600,0.0865913000452565,,0.3563838326931,0.30622408133000134,0.40890625,3067,0.22960824426653875,fcb131c041964cb6f328ac8687788541e4e8ac416596b7d0c2cf8e8d035ca477,user-certified,512.0,0.7464496079429256,0.6184771757872766,,0.4143864769548826,0.5528118240807498,,0.37022350396539294,25600,0.8425580775737762,0.46655303321778774,0.59109375,d36d3aa4d5b9e6417f82bbf936b028b0391ec0773f64bfadd1a699ba2b0b25b3,0.747184231697506,policy-grounded,31004,0,31001,1.0,31002,0.7797305213825425,True,17.10820499995316,fixed descriptive grid
6,1.0,1,0.09110618659148657,plan-c,1.0,0.7166517853736878,diagnostic,0,1efe23c0048ebe83dec50c148555be661e7f5c617c75b4201b84d61495b5e6d6,25600,synthea,1e-05,0.0,0,0,1.0,4.0,31003,health-card,0.5015311852842569,23176,0.4861428105640691,0.5138571894359308,this-work,0.75,5042,0,e7bb8c275dc4e600668c1ad9836b243ff0cdfc55a5bf6950592770084c8b3a11,1.3707205738506685,unitscope-lambda-sweep,patient_or_user_auprc,0.23147324565563332,9.214933748786253,101005,1.0,50,25600,0.21604799997294322,,0.304514644742012,0.19589172646403313,0.41359375,3067,0.23147324565563332,62171b24382200a23dae183f713d4ce1fb6c8edbda16192603a6c346e0242e9d,user-certified,512.0,0.7464496079429256,0.6184771757872766,,0.4143864769548826,0.5528118240807498,,0.37022350396539294,25600,0.9999999976158143,0.31065024331212043,0.58640625,2c35dcc5bdb6cf9201435fa3851518298ad52e41a23f4732a8458ea6fad69488,0.747184231697506,policy-grounded,31011,7,31001,1.0,31002,0.7797305213825425,True,15.366674100034288,fixed descriptive grid
6,1.0,1,0.09055431112610147,plan-c,1.0,0.7245708775520324,diagnostic,0,1efe23c0048ebe83dec50c148555be661e7f5c617c75b4201b84d61495b5e6d6,25600,synthea,1e-05,0.0,0,0,1.0,4.0,31003,health-card,0.6551377911865711,23062,0.4861428105640691,0.5138571894359308,this-work,0.75,5042,0,e7bb8c275dc4e600668c1ad9836b243ff0cdfc55a5bf6950592770084c8b3a11,1.3707205738506685,unitscope-lambda-sweep,patient_or_user_auprc,0.2323997025595141,9.214933748786253,71005,1.0,50,25600,0.08271820002119057,,0.3238224029541016,0.2578416110575199,0.413046875,3067,0.2323997025595141,62171b24382200a23dae183f713d4ce1fb6c8edbda16192603a6c346e0242e9d,user-certified,512.0,0.7464496079429256,0.6184771757872766,,0.4143864769548826,0.5528118240807498,,0.37022350396539294,25600,0.9999999964237213,0.4017887926101685,0.586953125,3b38d5e4dac7810b2b43b2e03867afd0b8fa318395bc93c75d45fc3518f67f71,0.747184231697506,policy-grounded,31008,4,31001,1.0,31002,0.7797305213825425,True,15.498493599981884,fixed descriptive grid
6,1.0,1,0.08263917838780806,plan-c,1.0,0.7197180759906768,diagnostic,0,1efe23c0048ebe83dec50c148555be661e7f5c617c75b4201b84d61495b5e6d6,25600,synthea,1e-05,0.0,0,0,1.0,4.0,31003,health-card,0.6544230404496193,23195,0.4861428105640691,0.5138571894359308,this-work,0.75,5042,0,e7bb8c275dc4e600668c1ad9836b243ff0cdfc55a5bf6950592770084c8b3a11,1.3707205738506685,unitscope-lambda-sweep,patient_or_user_auprc,0.2517941967976925,9.214933748786253,31005,1.0,50,25600,0.08036759994865861,,0.3054401206970215,0.26029423862695694,0.40890625,3067,0.2517941967976925,62171b24382200a23dae183f713d4ce1fb6c8edbda16192603a6c346e0242e9d,user-certified,512.0,0.7464496079429256,0.6184771757872766,,0.4143864769548826,0.5528118240807498,,0.37022350396539294,25600,0.9999999976158143,0.3965881884470582,0.59109375,3ce7b892c6d869310dbd2c8613ec57d519cc6190c941c25f5866a7a9b36278b7,0.747184231697506,policy-grounded,31004,0,31001,1.0,31002,0.7797305213825425,True,16.769594400044298,fixed descriptive grid
6,1.0,1,0.09432495388799224,plan-c,1.0,0.7182653176784516,diagnostic,0,1efe23c0048ebe83dec50c148555be661e7f5c617c75b4201b84d61495b5e6d6,25600,synthea,1e-05,0.0,0,0,1.0,4.0,31003,health-card,0.44724485874176023,23174,0.4861428105640691,0.5138571894359308,this-work,0.75,5042,0,e7bb8c275dc4e600668c1ad9836b243ff0cdfc55a5bf6950592770084c8b3a11,1.3707205738506685,unitscope-lambda-sweep,patient_or_user_auprc,0.18768823985074584,9.214933748786253,51005,1.0,50,25600,0.08408739991136827,,0.3102102553844452,0.17530043818056584,0.4128515625,3067,0.18768823985074584,62171b24382200a23dae183f713d4ce1fb6c8edbda16192603a6c346e0242e9d,user-certified,512.0,0.7464496079429256,0.6184771757872766,,0.4143864769548826,0.5528118240807498,,0.37022350396539294,25600,0.9999999964237213,0.2760547698661685,0.5871484375,6a6dc33c4d18983f7a94f5f639c3b13f7c49c3310bcb52981bacb1af82430713,0.747184231697506,policy-grounded,31006,2,31001,1.0,31002,0.7797305213825425,True,15.57804560007935,fixed descriptive grid
6,1.0,1,0.09864339291289356,plan-c,1.0,0.7245003688335419,diagnostic,0,1efe23c0048ebe83dec50c148555be661e7f5c617c75b4201b84d61495b5e6d6,25600,synthea,1e-05,0.0,0,0,1.0,4.0,31003,health-card,0.5576093634963035,23136,0.4861428105640691,0.5138571894359308,this-work,0.75,5042,0,e7bb8c275dc4e600668c1ad9836b243ff0cdfc55a5bf6950592770084c8b3a11,1.3707205738506685,unitscope-lambda-sweep,patient_or_user_auprc,0.26873194811616685,9.214933748786253,41005,1.0,50,25600,0.0802825000428129,,0.31909699201583863,0.22395407024770975,0.411484375,3067,0.26873194811616685,62171b24382200a23dae183f713d4ce1fb6c8edbda16192603a6c346e0242e9d,user-certified,512.0,0.7464496079429256,0.6184771757872766,,0.4143864769548826,0.5528118240807498,,0.37022350396539294,25600,0.9999999964237213,0.3365849087387323,0.588515625,9c4ad372f3e8f78fcfd587a7307d5b055de118c7c2e728bec39df98d94b1cf30,0.747184231697506,policy-grounded,31005,1,31001,1.0,31002,0.7797305213825425,True,15.569615499960491,fixed descriptive grid
6,1.0,1,0.09050022061071314,plan-c,1.0,0.7221690654754639,diagnostic,0,1efe23c0048ebe83dec50c148555be661e7f5c617c75b4201b84d61495b5e6d6,25600,synthea,1e-05,0.0,0,0,1.0,4.0,31003,health-card,0.5549309422820806,23214,0.4861428105640691,0.5138571894359308,this-work,0.75,5042,0,e7bb8c275dc4e600668c1ad9836b243ff0cdfc55a5bf6950592770084c8b3a11,1.3707205738506685,unitscope-lambda-sweep,patient_or_user_auprc,0.23393331283452923,9.214933748786253,111005,1.0,50,25600,0.08341729990206659,,0.31535947769880296,0.21834219977259636,0.411953125,3067,0.23393331283452923,62171b24382200a23dae183f713d4ce1fb6c8edbda16192603a6c346e0242e9d,user-certified,512.0,0.7464496079429256,0.6184771757872766,,0.4143864769548826,0.5528118240807498,,0.37022350396539294,25600,0.9999999976158143,0.3414765063673258,0.588046875,cad7fc01cf2825ac362d63807a57381f8f0791b3a40d83163fcc22c63f4497f6,0.747184231697506,policy-grounded,31012,8,31001,1.0,31002,0.7797305213825425,True,15.442032900100457,fixed descriptive grid
6,1.0,1,0.07892247324460488,plan-c,1.0,0.7108530414104461,diagnostic,0,1efe23c0048ebe83dec50c148555be661e7f5c617c75b4201b84d61495b5e6d6,25600,synthea,1e-05,0.0,0,0,1.0,4.0,31003,health-card,0.5600763507932425,23246,0.4861428105640691,0.5138571894359308,this-work,0.75,5042,0,e7bb8c275dc4e600668c1ad9836b243ff0cdfc55a5bf6950592770084c8b3a11,1.3707205738506685,unitscope-lambda-sweep,patient_or_user_auprc,0.26769656322553836,9.214933748786253,81005,1.0,50,25600,0.08249509999586735,,0.29143875390291213,0.21897468294948338,0.4126171875,3067,0.26769656322553836,62171b24382200a23dae183f713d4ce1fb6c8edbda16192603a6c346e0242e9d,user-certified,512.0,0.7464496079429256,0.6184771757872766,,0.4143864769548826,0.5528118240807498,,0.37022350396539294,25600,0.9999999952316284,0.34519316025078295,0.5873828125,d27f1963c17300e3867dff606b9f4d4cbe9aa8faf46992fe1517d4d9f886cbd6,0.747184231697506,policy-grounded,31009,5,31001,1.0,31002,0.7797305213825425,True,15.254014500009362,fixed descriptive grid
6,1.0,1,0.0869888456727106,plan-c,1.0,0.7167432975769042,diagnostic,0,1efe23c0048ebe83dec50c148555be661e7f5c617c75b4201b84d61495b5e6d6,25600,synthea,1e-05,0.0,0,0,1.0,4.0,31003,health-card,0.5541278108954429,23208,0.4861428105640691,0.5138571894359308,this-work,0.75,5042,0,e7bb8c275dc4e600668c1ad9836b243ff0cdfc55a5bf6950592770084c8b3a11,1.3707205738506685,unitscope-lambda-sweep,patient_or_user_auprc,0.26551767692640993,9.214933748786253,61005,1.0,50,25600,0.08361319996765815,,0.30946374863386156,0.22970482828095556,0.4167578125,3067,0.26551767692640993,62171b24382200a23dae183f713d4ce1fb6c8edbda16192603a6c346e0242e9d,user-certified,512.0,0.7464496079429256,0.6184771757872766,,0.4143864769548826,0.5528118240807498,,0.37022350396539294,25600,0.9999999976158143,0.32983208775520323,0.5832421875,dad1a1738c2f2b61897a3294ad290f86bf924bb35c880cd8c5ff1694a706167e,0.747184231697506,policy-grounded,31007,3,31001,1.0,31002,0.7797305213825425,True,15.5447770000319,fixed descriptive grid
6,1.0,1,0.08524926985143329,plan-c,1.0,0.7169317305088043,diagnostic,0,1efe23c0048ebe83dec50c148555be661e7f5c617c75b4201b84d61495b5e6d6,25600,synthea,1e-05,0.0,0,0,1.0,4.0,31003,health-card,0.6380265641957521,23150,0.4861428105640691,0.5138571894359308,this-work,0.75,5042,0,e7bb8c275dc4e600668c1ad9836b243ff0cdfc55a5bf6950592770084c8b3a11,1.3707205738506685,unitscope-lambda-sweep,patient_or_user_auprc,0.2025919879925625,9.214933748786253,121005,1.0,50,25600,0.0850963999691885,,0.30230950623750685,0.24671517468988896,0.4110546875,3067,0.2025919879925625,62171b24382200a23dae183f713d4ce1fb6c8edbda16192603a6c346e0242e9d,user-certified,512.0,0.7464496079429256,0.6184771757872766,,0.4143864769548826,0.5528118240807498,,0.37022350396539294,25600,0.9999999964237213,0.3945975936949253,0.5889453125,e5d9f492cff3097a95077d3ea11cd45149fe9eb0989f5fedac1084ab5e419846,0.747184231697506,policy-grounded,31013,9,31001,1.0,31002,0.7797305213825425,True,15.700441600041813,fixed descriptive grid
6,1.0,1,0.08538450045096288,plan-c,1.0,0.7273269879817963,diagnostic,0,1efe23c0048ebe83dec50c148555be661e7f5c617c75b4201b84d61495b5e6d6,25600,synthea,1e-05,0.0,0,0,1.0,4.0,31003,health-card,0.636581285148859,23166,0.4861428105640691,0.5138571894359308,this-work,0.75,5042,0,e7bb8c275dc4e600668c1ad9836b243ff0cdfc55a5bf6950592770084c8b3a11,1.3707205738506685,unitscope-lambda-sweep,patient_or_user_auprc,0.21011360081693248,9.214933748786253,91005,1.0,50,25600,0.08339330002490897,,0.3251437950134277,0.251831574998796,0.4101953125,3067,0.21011360081693248,62171b24382200a23dae183f713d4ce1fb6c8edbda16192603a6c346e0242e9d,user-certified,512.0,0.7464496079429256,0.6184771757872766,,0.4143864769548826,0.5528118240807498,,0.37022350396539294,25600,0.9999999964237213,0.3879808160290122,0.5898046875,fb78ce870e520128a1ac7ad675167ab3cc29a8be2a1a140a411574bc476ea4b3,0.747184231697506,policy-grounded,31010,6,31001,1.0,31002,0.7797305213825425,True,15.527776499977335,fixed descriptive grid
6,1.0,1,0.08893185897803707,plan-c,1.0,0.7108212852478027,diagnostic,0,e705d2cd10a97f20ce61da36b17039a946777516b7b432993ddc52261f7c0df8,25600,synthea,1e-05,0.0,0,0,1.0,4.0,31003,health-card,0.4806624460220337,23214,0.4861428105640691,0.5138571894359308,this-work,0.9,5042,0,e11ea5372acad7c0a43204dd526b37cda3b2287c6dea917a3dc1d31341c646c0,1.3707205738506685,unitscope-lambda-sweep,patient_or_user_auprc,0.24239812429456328,9.214933748786253,111005,1.0,50,25600,0.08196179990773089,,0.28777472376823426,0.19082709908485412,0.411953125,3067,0.24239812429456328,61d649166984bbc4b3b1697dbb3feceab227bde59848b62626d8fddfe73f6bf9,user-certified,512.0,0.7464496079429256,0.6184771757872766,,0.4143864769548826,0.5528118240807498,,0.37022350396539294,25600,0.9999999976158143,0.29555128056555985,0.588046875,124cb56515aef809aadd0c44b83e20e8f8e0dae10214a1510b65fd4b4554549a,0.747184231697506,policy-grounded,31012,8,31001,1.0,31002,0.7797305213825425,True,15.142732400083332,fixed descriptive grid
6,1.0,1,0.08741992460920443,plan-c,1.0,0.7188661551475525,diagnostic,0,e705d2cd10a97f20ce61da36b17039a946777516b7b432993ddc52261f7c0df8,25600,synthea,1e-05,0.0,0,0,1.0,4.0,31003,health-card,0.5596822471916676,23166,0.4861428105640691,0.5138571894359308,this-work,0.9,5042,0,e11ea5372acad7c0a43204dd526b37cda3b2287c6dea917a3dc1d31341c646c0,1.3707205738506685,unitscope-lambda-sweep,patient_or_user_auprc,0.21576009247670005,9.214933748786253,91005,1.0,50,25600,0.0838911999744596,,0.3040874609351158,0.2236865210533142,0.4101953125,3067,0.21576009247670005,61d649166984bbc4b3b1697dbb3feceab227bde59848b62626d8fddfe73f6bf9,user-certified,512.0,0.7464496079429256,0.6184771757872766,,0.4143864769548826,0.5528118240807498,,0.37022350396539294,25600,0.9999999964237213,0.3394590724259615,0.5898046875,1c53ec94d67e87e2a7c4d4ee5ef42fbd1e65c34ed5d3f3b3f5a474766e07221c,0.747184231697506,policy-grounded,31010,6,31001,1.0,31002,0.7797305213825425,True,15.041550400026608,fixed descriptive grid
6,1.0,1,0.09740557516456766,plan-c,1.0,0.7154878056049347,diagnostic,0,e705d2cd10a97f20ce61da36b17039a946777516b7b432993ddc52261f7c0df8,25600,synthea,1e-05,0.0,0,0,1.0,4.0,31003,health-card,0.4851624871790409,23136,0.4861428105640691,0.5138571894359308,this-work,0.9,5042,0,e11ea5372acad7c0a43204dd526b37cda3b2287c6dea917a3dc1d31341c646c0,1.3707205738506685,unitscope-lambda-sweep,patient_or_user_auprc,0.28190452831929363,9.214933748786253,41005,1.0,50,25600,0.0915213000116637,,0.2963895922899246,0.1970313011482358,0.411484375,3067,0.28190452831929363,61d649166984bbc4b3b1697dbb3feceab227bde59848b62626d8fddfe73f6bf9,user-certified,512.0,0.7464496079429256,0.6184771757872766,,0.4143864769548826,0.5528118240807498,,0.37022350396539294,25600,0.9999999964237213,0.2908249782770872,0.588515625,1ced8aee1c1c3bcfb12619f2a73388bb5605f606aa42b11483158d1f516b8a07,0.747184231697506,policy-grounded,31005,1,31001,1.0,31002,0.7797305213825425,True,15.614789899991592,fixed descriptive grid
6,1.0,1,0.09041301423553762,plan-c,1.0,0.7062654554843902,diagnostic,0,e705d2cd10a97f20ce61da36b17039a946777516b7b432993ddc52261f7c0df8,25600,synthea,1e-05,0.0,0,0,1.0,4.0,31003,health-card,0.4248223527520895,23176,0.4861428105640691,0.5138571894359308,this-work,0.9,5042,0,e11ea5372acad7c0a43204dd526b37cda3b2287c6dea917a3dc1d31341c646c0,1.3707205738506685,unitscope-lambda-sweep,patient_or_user_auprc,0.2547030775151199,9.214933748786253,101005,1.0,50,25600,0.20290820000809617,,0.2804738011956215,0.16754800686612725,0.41359375,3067,0.2547030775151199,61d649166984bbc4b3b1697dbb3feceab227bde59848b62626d8fddfe73f6bf9,user-certified,512.0,0.7464496079429256,0.6184771757872766,,0.4143864769548826,0.5528118240807498,,0.37022350396539294,25600,0.9999999976158143,0.26288132831454275,0.58640625,2aede47d3bb866018e614650f2b1cb750fa397eccccb17cfc697c14b6cf02f93,0.747184231697506,policy-grounded,31011,7,31001,1.0,31002,0.7797305213825425,True,14.916136199986795,fixed descriptive grid
6,1.0,1,0.08648197157609255,plan-c,1.0,0.7092909049987793,diagnostic,0,e705d2cd10a97f20ce61da36b17039a946777516b7b432993ddc52261f7c0df8,25600,synthea,1e-05,0.0,0,0,1.0,4.0,31003,health-card,0.5623309703171253,23150,0.4861428105640691,0.5138571894359308,this-work,0.9,5042,0,e11ea5372acad7c0a43204dd526b37cda3b2287c6dea917a3dc1d31341c646c0,1.3707205738506685,unitscope-lambda-sweep,patient_or_user_auprc,0.20992346799163752,9.214933748786253,121005,1.0,50,25600,0.08375140000134706,,0.2834508943557739,0.2187256875820458,0.4110546875,3067,0.20992346799163752,61d649166984bbc4b3b1697dbb3feceab227bde59848b62626d8fddfe73f6bf9,user-certified,512.0,0.7464496079429256,0.6184771757872766,,0.4143864769548826,0.5528118240807498,,0.37022350396539294,25600,0.9999999964237213,0.3466767147928476,0.5889453125,5457d0173ae390974a8de99905e5184180daca1660382ca32eb370331fe672db,0.747184231697506,policy-grounded,31013,9,31001,1.0,31002,0.7797305213825425,True,14.940249099992798,fixed descriptive grid
6,1.0,1,0.0782040584535687,plan-c,1.0,0.7046190345287323,diagnostic,0,e705d2cd10a97f20ce61da36b17039a946777516b7b432993ddc52261f7c0df8,25600,synthea,1e-05,0.0,0,0,1.0,4.0,31003,health-card,0.4867861384898424,23246,0.4861428105640691,0.5138571894359308,this-work,0.9,5042,0,e11ea5372acad7c0a43204dd526b37cda3b2287c6dea917a3dc1d31341c646c0,1.3707205738506685,unitscope-lambda-sweep,patient_or_user_auprc,0.2712108717654125,9.214933748786253,81005,1.0,50,25600,0.08458260002953466,,0.2756662195920944,0.19301670365035534,0.4126171875,3067,0.2712108717654125,61d649166984bbc4b3b1697dbb3feceab227bde59848b62626d8fddfe73f6bf9,user-certified,512.0,0.7464496079429256,0.6184771757872766,,0.4143864769548826,0.5528118240807498,,0.37022350396539294,25600,0.9999999952316284,0.29860848739743234,0.5873828125,55bb4a5087856430e6eadb1bb8664ea9545f95c948280d40e95c757645cd73df,0.747184231697506,policy-grounded,31009,5,31001,1.0,31002,0.7797305213825425,True,15.072857199964346,fixed descriptive grid
6,1.0,1,0.09229433002316827,plan-c,1.0,0.7074260544776917,diagnostic,0,e705d2cd10a97f20ce61da36b17039a946777516b7b432993ddc52261f7c0df8,25600,synthea,1e-05,0.0,0,0,1.0,4.0,31003,health-card,0.3760080897063017,23174,0.4861428105640691,0.5138571894359308,this-work,0.9,5042,0,e11ea5372acad7c0a43204dd526b37cda3b2287c6dea917a3dc1d31341c646c0,1.3707205738506685,unitscope-lambda-sweep,patient_or_user_auprc,0.19173880839563662,9.214933748786253,51005,1.0,50,25600,0.083564899963676,,0.2841046863794327,0.14858397886157035,0.4128515625,3067,0.19173880839563662,61d649166984bbc4b3b1697dbb3feceab227bde59848b62626d8fddfe73f6bf9,user-certified,512.0,0.7464496079429256,0.6184771757872766,,0.4143864769548826,0.5528118240807498,,0.37022350396539294,25600,0.9999999964237213,0.23191593445837497,0.5871484375,6489d8b5101cb54cd8fe735047ffe872929e4d14402d33dad3c8d60077cd426f,0.747184231697506,policy-grounded,31006,2,31001,1.0,31002,0.7797305213825425,True,15.192862300027627,fixed descriptive grid
6,1.0,1,0.08184750768424393,plan-c,1.0,0.7104471290111541,diagnostic,0,e705d2cd10a97f20ce61da36b17039a946777516b7b432993ddc52261f7c0df8,25600,synthea,1e-05,0.0,0,0,1.0,4.0,31003,health-card,0.5753796415030956,23195,0.4861428105640691,0.5138571894359308,this-work,0.9,5042,0,e11ea5372acad7c0a43204dd526b37cda3b2287c6dea917a3dc1d31341c646c0,1.3707205738506685,unitscope-lambda-sweep,patient_or_user_auprc,0.2607024174629605,9.214933748786253,31005,1.0,50,25600,0.0828717999975197,,0.2829160764813423,0.23151306089013815,0.40890625,3067,0.2607024174629605,61d649166984bbc4b3b1697dbb3feceab227bde59848b62626d8fddfe73f6bf9,user-certified,512.0,0.7464496079429256,0.6184771757872766,,0.4143864769548826,0.5528118240807498,,0.37022350396539294,25600,0.9999999976158143,0.34719755202531816,0.59109375,acf8fe46a24806e8382c24914bf8b46c6bd9d287f3782e3d0921269f4741590b,0.747184231697506,policy-grounded,31004,0,31001,1.0,31002,0.7797305213825425,True,16.982908699996187,fixed descriptive grid
6,1.0,1,0.09212128243917357,plan-c,1.0,0.7154293012619019,diagnostic,0,e705d2cd10a97f20ce61da36b17039a946777516b7b432993ddc52261f7c0df8,25600,synthea,1e-05,0.0,0,0,1.0,4.0,31003,health-card,0.581373444199562,23062,0.4861428105640691,0.5138571894359308,this-work,0.9,5042,0,e11ea5372acad7c0a43204dd526b37cda3b2287c6dea917a3dc1d31341c646c0,1.3707205738506685,unitscope-lambda-sweep,patient_or_user_auprc,0.2480106272614971,9.214933748786253,71005,1.0,50,25600,0.08352000001468696,,0.30049479365348813,0.23123562555760147,0.413046875,3067,0.2480106272614971,61d649166984bbc4b3b1697dbb3feceab227bde59848b62626d8fddfe73f6bf9,user-certified,512.0,0.7464496079429256,0.6184771757872766,,0.4143864769548826,0.5528118240807498,,0.37022350396539294,25600,0.9999999964237213,0.3555128036439419,0.586953125,c8ca654d45c0f56537d3d2cdc338d5a837a60a8e2205262052267d77294ed8c0,0.747184231697506,policy-grounded,31008,4,31001,1.0,31002,0.7797305213825425,True,15.02757519998704,fixed descriptive grid
6,1.0,1,0.08649339532734147,plan-c,1.0,0.7064739120006561,diagnostic,0,e705d2cd10a97f20ce61da36b17039a946777516b7b432993ddc52261f7c0df8,25600,synthea,1e-05,0.0,0,0,1.0,4.0,31003,health-card,0.47797640692442656,23208,0.4861428105640691,0.5138571894359308,this-work,0.9,5042,0,e11ea5372acad7c0a43204dd526b37cda3b2287c6dea917a3dc1d31341c646c0,1.3707205738506685,unitscope-lambda-sweep,patient_or_user_auprc,0.27717319829026865,9.214933748786253,61005,1.0,50,25600,0.08502849999058526,,0.2846691560745239,0.20140843521803617,0.4167578125,3067,0.27717319829026865,61d649166984bbc4b3b1697dbb3feceab227bde59848b62626d8fddfe73f6bf9,user-certified,512.0,0.7464496079429256,0.6184771757872766,,0.4143864769548826,0.5528118240807498,,0.37022350396539294,25600,0.9999999976158143,0.28262575328350065,0.5832421875,ce43d7efb3a6a7692825f37ffca677ea440da91d8267863817f5dfaca9b91299,0.747184231697506,policy-grounded,31007,3,31001,1.0,31002,0.7797305213825425,True,15.134958000009647,fixed descriptive grid
