method,implementation_provenance,privacy_semantics,comparison_tier,seed,config_hash,lambda,H,B,C,q_user,q_record_given_handle,realized_q_user,realized_q_record_given_handle,overlap_probability,realized_overlap,gradient_correlation,mixed_local_slots,realized_pairwise_cosine_mean,realized_pairwise_cosine_p10,realized_pairwise_cosine_p50,realized_pairwise_cosine_p90,certified_sensitivity,structural_sensitivity_bound,certificate_type,noise_sensitivity,effective_record_utilization,partial_handle_record_fraction,residual_record_fraction,partial_handle_units,local_atom_units,local_mixed_units,active_units,clip_fraction,aggregate_snr,wall_time_seconds,deterministic_distortion,noisy_aggregate_mse,stage,cell_hash,target_epsilon,policy_lambda,achieved_epsilon,noise_multiplier,records_per_silo,handles_per_user,c_partial,c_local_atom,c_local_mixed
stable-local-fallback,this-work,user-certified,primary,0,7f38e862679e8341df21ad97efd4256f902b0a932e5fc4c878aac6f979de6981,0.0,1,6,1.0,0.75,0.75,0.75,0.75,0.75,0.753,0.5,False,0.5,0.4999999999999999,0.5,0.5000000000000001,1.0,1.0,plan-c,1.0,1.0,0.0,1.0,0,1753,0,1753,1.0,1.3765985532058431,0.0325606999977026,0.0007197730086262,0.0007810104871313,handle_multiplicity,f4b315b3819ea19f0c84701b8f6a853fef03b696e42c6f5b46c8ed0dedd1229c,8.0,0.75,8.0,0.7415653755729036,4,1,0.75,0.0416666666666666,0.0208333333333333
handle-only-drop-residual,this-work,user-certified,primary,0,7f38e862679e8341df21ad97efd4256f902b0a932e5fc4c878aac6f979de6981,1.0,1,6,1.0,0.75,0.75,0.75,0.75,0.75,0.753,0.5,False,0.5,0.4999999999999999,0.5,0.5000000000000001,1.0,1.0,plan-c,1.0,0.5651739874500855,0.5651739874500855,0.0,750,0,0,750,1.0,4.333945140035929,0.0582336000079521,0.0002813822476355,0.0003187470948355,handle_multiplicity,f4b315b3819ea19f0c84701b8f6a853fef03b696e42c6f5b46c8ed0dedd1229c,8.0,0.75,8.0,0.7415653755729036,4,1,0.75,0.0416666666666666,0.0208333333333333
unitscope-equal,this-work,user-certified,primary,0,7f38e862679e8341df21ad97efd4256f902b0a932e5fc4c878aac6f979de6981,0.1428571428571428,1,6,1.0,0.75,0.75,0.75,0.75,0.75,0.753,0.5,False,0.5,0.4999999999999999,0.5,0.5000000000000001,1.0,1.0,plan-c,1.0,1.0,0.5651739874500855,0.4348260125499144,750,1517,0,2267,1.0,1.6080955663210426,0.035908499994548,0.0006487090270847,0.0007066063637878,handle_multiplicity,f4b315b3819ea19f0c84701b8f6a853fef03b696e42c6f5b46c8ed0dedd1229c,8.0,0.75,8.0,0.7415653755729036,4,1,0.75,0.0416666666666666,0.0208333333333333
unitscope-tuned,this-work,user-certified,primary,0,7f38e862679e8341df21ad97efd4256f902b0a932e5fc4c878aac6f979de6981,0.75,1,6,1.0,0.75,0.75,0.75,0.75,0.75,0.753,0.5,False,0.5,0.4999999999999999,0.5,0.5000000000000001,1.0,1.0,plan-c,1.0,1.0,0.5651739874500855,0.4348260125499144,750,1517,0,2267,1.0,3.503664191843998,0.035594700006186,0.0003103601038771,0.0003537135938489,handle_multiplicity,f4b315b3819ea19f0c84701b8f6a853fef03b696e42c6f5b46c8ed0dedd1229c,8.0,0.75,8.0,0.7415653755729036,4,1,0.75,0.0416666666666666,0.0208333333333333
naive-recalibrated-2c,this-work,user-certified,primary,0,7f38e862679e8341df21ad97efd4256f902b0a932e5fc4c878aac6f979de6981,,1,6,1.0,0.75,0.75,0.75,0.75,0.75,0.753,0.5,False,0.5,0.4999999999999999,0.5,0.5000000000000001,2.0,2.0,plan-delta,2.0,1.0,0.5651739874500855,0.4348260125499144,750,1517,0,2267,1.0,2.690132495688722,0.0366852000006474,0.0001675129107456,0.0003288773102277,handle_multiplicity,f4b315b3819ea19f0c84701b8f6a853fef03b696e42c6f5b46c8ed0dedd1229c,8.0,0.75,8.0,0.7415653755729036,4,1,0.75,0.0416666666666666,0.0208333333333333
full-identity-reference,oracle,oracle-assumption,full-identity-reference,0,7f38e862679e8341df21ad97efd4256f902b0a932e5fc4c878aac6f979de6981,,1,6,1.0,0.75,0.75,0.75,0.75,0.75,0.753,0.5,False,0.5,0.4999999999999999,0.5,0.5000000000000001,1.0,1.0,plan-c,1.0,1.0,0.0,0.0,0,0,0,1000,1.0,5.391970065943077,0.0501255999988643,0.0,4.382932526256055e-05,handle_multiplicity,f4b315b3819ea19f0c84701b8f6a853fef03b696e42c6f5b46c8ed0dedd1229c,8.0,0.75,8.0,0.7415653755729036,4,1,0.75,0.0416666666666666,0.0208333333333333
non-private-reference,oracle,non-private,diagnostic,0,7f38e862679e8341df21ad97efd4256f902b0a932e5fc4c878aac6f979de6981,,1,6,1.0,0.75,0.75,0.75,0.75,0.75,0.753,0.5,False,0.5,0.4999999999999999,0.5,0.5000000000000001,,,non-private,0.0,1.0,0.0,0.0,0,0,0,0,0.0,inf,0.0379885000002104,0.0093163767020466,0.0093163767020466,handle_multiplicity,f4b315b3819ea19f0c84701b8f6a853fef03b696e42c6f5b46c8ed0dedd1229c,8.0,0.75,8.0,0.7415653755729036,4,1,0.75,0.0416666666666666,0.0208333333333333
naive-claimed-c,this-work,unsafe-diagnostic,diagnostic,0,7f38e862679e8341df21ad97efd4256f902b0a932e5fc4c878aac6f979de6981,,1,6,1.0,0.75,0.75,0.75,0.75,0.75,0.753,0.5,False,0.5,0.4999999999999999,0.5,0.5000000000000001,,2.0,unsafe-diagnostic,1.0,1.0,0.5651739874500855,0.4348260125499144,750,1517,0,2267,1.0,5.380264991377444,0.0360111000045435,0.0001675129107456,0.0002043657852241,handle_multiplicity,f4b315b3819ea19f0c84701b8f6a853fef03b696e42c6f5b46c8ed0dedd1229c,8.0,0.75,8.0,0.7415653755729036,4,1,0.75,0.0416666666666666,0.0208333333333333
stable-local-fallback,this-work,user-certified,primary,1,7f38e862679e8341df21ad97efd4256f902b0a932e5fc4c878aac6f979de6981,0.0,1,6,1.0,0.75,0.75,0.75,0.75,0.75,0.747,0.5,False,0.5,0.4999999999999999,0.5,0.5000000000000001,1.0,1.0,plan-c,1.0,1.0,0.0,1.0,0,1747,0,1747,1.0,1.4395876182046476,0.0305391999863786,0.000592261856709,0.000641406702195,handle_multiplicity,f4b315b3819ea19f0c84701b8f6a853fef03b696e42c6f5b46c8ed0dedd1229c,8.0,0.75,8.0,0.7415653755729036,4,1,0.75,0.0416666666666666,0.0208333333333333
handle-only-drop-residual,this-work,user-certified,primary,1,7f38e862679e8341df21ad97efd4256f902b0a932e5fc4c878aac6f979de6981,1.0,1,6,1.0,0.75,0.75,0.75,0.75,0.75,0.747,0.5,False,0.5,0.4999999999999999,0.5,0.5000000000000001,1.0,1.0,plan-c,1.0,0.5666857469948483,0.5666857469948483,0.0,750,0,0,750,1.0,4.977915116688778,0.0350740000139921,0.0002760371262563,0.0003279013442407,handle_multiplicity,f4b315b3819ea19f0c84701b8f6a853fef03b696e42c6f5b46c8ed0dedd1229c,8.0,0.75,8.0,0.7415653755729036,4,1,0.75,0.0416666666666666,0.0208333333333333
unitscope-equal,this-work,user-certified,primary,1,7f38e862679e8341df21ad97efd4256f902b0a932e5fc4c878aac6f979de6981,0.1428571428571428,1,6,1.0,0.75,0.75,0.75,0.75,0.75,0.747,0.5,False,0.5,0.4999999999999999,0.5,0.5000000000000001,1.0,1.0,plan-c,1.0,1.0,0.5666857469948483,0.4333142530051517,750,1498,0,2248,1.0,1.818060755163303,0.0351165000029141,0.0005114376513344,0.0005581508547578,handle_multiplicity,f4b315b3819ea19f0c84701b8f6a853fef03b696e42c6f5b46c8ed0dedd1229c,8.0,0.75,8.0,0.7415653755729036,4,1,0.75,0.0416666666666666,0.0208333333333333
unitscope-tuned,this-work,user-certified,primary,1,7f38e862679e8341df21ad97efd4256f902b0a932e5fc4c878aac6f979de6981,0.75,1,6,1.0,0.75,0.75,0.75,0.75,0.75,0.747,0.5,False,0.5,0.4999999999999999,0.5,0.5000000000000001,1.0,1.0,plan-c,1.0,1.0,0.5666857469948483,0.4333142530051517,750,1498,0,2248,1.0,4.008022969486119,0.0349315000057686,0.0002660231624515,0.0003163850011889,handle_multiplicity,f4b315b3819ea19f0c84701b8f6a853fef03b696e42c6f5b46c8ed0dedd1229c,8.0,0.75,8.0,0.7415653755729036,4,1,0.75,0.0416666666666666,0.0208333333333333
naive-recalibrated-2c,this-work,user-certified,primary,1,7f38e862679e8341df21ad97efd4256f902b0a932e5fc4c878aac6f979de6981,,1,6,1.0,0.75,0.75,0.75,0.75,0.75,0.747,0.5,False,0.5,0.4999999999999999,0.5,0.5000000000000001,2.0,2.0,plan-delta,2.0,1.0,0.5666857469948483,0.4333142530051517,750,1498,0,2248,1.0,3.060751015622284,0.0345612999954028,0.0001967566316894,0.0003530463483801,handle_multiplicity,f4b315b3819ea19f0c84701b8f6a853fef03b696e42c6f5b46c8ed0dedd1229c,8.0,0.75,8.0,0.7415653755729036,4,1,0.75,0.0416666666666666,0.0208333333333333
full-identity-reference,oracle,oracle-assumption,full-identity-reference,1,7f38e862679e8341df21ad97efd4256f902b0a932e5fc4c878aac6f979de6981,,1,6,1.0,0.75,0.75,0.75,0.75,0.75,0.747,0.5,False,0.5,0.4999999999999999,0.5,0.5000000000000001,1.0,1.0,plan-c,1.0,1.0,0.0,0.0,0,0,0,1000,1.0,5.709739005623293,0.0717089999961899,0.0,3.208429221909876e-05,handle_multiplicity,f4b315b3819ea19f0c84701b8f6a853fef03b696e42c6f5b46c8ed0dedd1229c,8.0,0.75,8.0,0.7415653755729036,4,1,0.75,0.0416666666666666,0.0208333333333333
non-private-reference,oracle,non-private,diagnostic,1,7f38e862679e8341df21ad97efd4256f902b0a932e5fc4c878aac6f979de6981,,1,6,1.0,0.75,0.75,0.75,0.75,0.75,0.747,0.5,False,0.5,0.4999999999999999,0.5,0.5000000000000001,,,non-private,0.0,1.0,0.0,0.0,0,0,0,0,0.0,inf,0.0376286000100662,0.0073426620335876,0.0073426620335876,handle_multiplicity,f4b315b3819ea19f0c84701b8f6a853fef03b696e42c6f5b46c8ed0dedd1229c,8.0,0.75,8.0,0.7415653755729036,4,1,0.75,0.0416666666666666,0.0208333333333333
naive-claimed-c,this-work,unsafe-diagnostic,diagnostic,1,7f38e862679e8341df21ad97efd4256f902b0a932e5fc4c878aac6f979de6981,,1,6,1.0,0.75,0.75,0.75,0.75,0.75,0.747,0.5,False,0.5,0.4999999999999999,0.5,0.5000000000000001,,2.0,unsafe-diagnostic,1.0,1.0,0.5666857469948483,0.4333142530051517,750,1498,0,2248,1.0,6.121502031244567,0.0358732000022428,0.0001967566316894,0.0002428171978156,handle_multiplicity,f4b315b3819ea19f0c84701b8f6a853fef03b696e42c6f5b46c8ed0dedd1229c,8.0,0.75,8.0,0.7415653755729036,4,1,0.75,0.0416666666666666,0.0208333333333333
stable-local-fallback,this-work,user-certified,primary,2,7f38e862679e8341df21ad97efd4256f902b0a932e5fc4c878aac6f979de6981,0.0,1,6,1.0,0.75,0.75,0.75,0.75,0.75,0.747,0.5,False,0.5,0.4999999999999999,0.5,0.5000000000000001,1.0,1.0,plan-c,1.0,1.0,0.0,1.0,0,1747,0,1747,1.0,1.3887463718879882,0.029594099993119,0.0005285778352787,0.0006279519917448,handle_multiplicity,f4b315b3819ea19f0c84701b8f6a853fef03b696e42c6f5b46c8ed0dedd1229c,8.0,0.75,8.0,0.7415653755729036,4,1,0.75,0.0416666666666666,0.0208333333333333
handle-only-drop-residual,this-work,user-certified,primary,2,7f38e862679e8341df21ad97efd4256f902b0a932e5fc4c878aac6f979de6981,1.0,1,6,1.0,0.75,0.75,0.75,0.75,0.75,0.747,0.5,False,0.5,0.4999999999999999,0.5,0.5000000000000001,1.0,1.0,plan-c,1.0,0.5606754436176302,0.5606754436176302,0.0,750,0,0,750,1.0,4.473137595013866,0.0351473999908193,0.0003125072672,0.0003819330193402,handle_multiplicity,f4b315b3819ea19f0c84701b8f6a853fef03b696e42c6f5b46c8ed0dedd1229c,8.0,0.75,8.0,0.7415653755729036,4,1,0.75,0.0416666666666666,0.0208333333333333
unitscope-equal,this-work,user-certified,primary,2,7f38e862679e8341df21ad97efd4256f902b0a932e5fc4c878aac6f979de6981,0.1428571428571428,1,6,1.0,0.75,0.75,0.75,0.75,0.75,0.747,0.5,False,0.5,0.4999999999999999,0.5,0.5000000000000001,1.0,1.0,plan-c,1.0,1.0,0.5606754436176302,0.4393245563823698,750,1492,0,2242,1.0,1.559902642556198,0.0355470999929821,0.0004893370854878,0.000587907143027,handle_multiplicity,f4b315b3819ea19f0c84701b8f6a853fef03b696e42c6f5b46c8ed0dedd1229c,8.0,0.75,8.0,0.7415653755729036,4,1,0.75,0.0416666666666666,0.0208333333333333
unitscope-tuned,this-work,user-certified,primary,2,7f38e862679e8341df21ad97efd4256f902b0a932e5fc4c878aac6f979de6981,0.75,1,6,1.0,0.75,0.75,0.75,0.75,0.75,0.747,0.5,False,0.5,0.4999999999999999,0.5,0.5000000000000001,1.0,1.0,plan-c,1.0,1.0,0.5606754436176302,0.4393245563823698,750,1492,0,2242,1.0,3.570399970981139,0.0344344000041019,0.0002892012219583,0.0003671273965065,handle_multiplicity,f4b315b3819ea19f0c84701b8f6a853fef03b696e42c6f5b46c8ed0dedd1229c,8.0,0.75,8.0,0.7415653755729036,4,1,0.75,0.0416666666666666,0.0208333333333333
naive-recalibrated-2c,this-work,user-certified,primary,2,7f38e862679e8341df21ad97efd4256f902b0a932e5fc4c878aac6f979de6981,,1,6,1.0,0.75,0.75,0.75,0.75,0.75,0.747,0.5,False,0.5,0.4999999999999999,0.5,0.5000000000000001,2.0,2.0,plan-delta,2.0,1.0,0.5606754436176302,0.4393245563823698,750,1492,0,2242,1.0,2.691609466300856,0.0366588000033516,0.0002052235579422,0.0003727700228264,handle_multiplicity,f4b315b3819ea19f0c84701b8f6a853fef03b696e42c6f5b46c8ed0dedd1229c,8.0,0.75,8.0,0.7415653755729036,4,1,0.75,0.0416666666666666,0.0208333333333333
full-identity-reference,oracle,oracle-assumption,full-identity-reference,2,7f38e862679e8341df21ad97efd4256f902b0a932e5fc4c878aac6f979de6981,,1,6,1.0,0.75,0.75,0.75,0.75,0.75,0.747,0.5,False,0.5,0.4999999999999999,0.5,0.5000000000000001,1.0,1.0,plan-c,1.0,1.0,0.0,0.0,0,0,0,1000,1.0,5.226547296873649,0.0493380999978398,0.0,3.507377284459695e-05,handle_multiplicity,f4b315b3819ea19f0c84701b8f6a853fef03b696e42c6f5b46c8ed0dedd1229c,8.0,0.75,8.0,0.7415653755729036,4,1,0.75,0.0416666666666666,0.0208333333333333
non-private-reference,oracle,non-private,diagnostic,2,7f38e862679e8341df21ad97efd4256f902b0a932e5fc4c878aac6f979de6981,,1,6,1.0,0.75,0.75,0.75,0.75,0.75,0.747,0.5,False,0.5,0.4999999999999999,0.5,0.5000000000000001,,,non-private,0.0,1.0,0.0,0.0,0,0,0,0,0.0,inf,0.0404281999944942,0.0078254975674038,0.0078254975674038,handle_multiplicity,f4b315b3819ea19f0c84701b8f6a853fef03b696e42c6f5b46c8ed0dedd1229c,8.0,0.75,8.0,0.7415653755729036,4,1,0.75,0.0416666666666666,0.0208333333333333
naive-claimed-c,this-work,unsafe-diagnostic,diagnostic,2,7f38e862679e8341df21ad97efd4256f902b0a932e5fc4c878aac6f979de6981,,1,6,1.0,0.75,0.75,0.75,0.75,0.75,0.747,0.5,False,0.5,0.4999999999999999,0.5,0.5000000000000001,,2.0,unsafe-diagnostic,1.0,1.0,0.5606754436176302,0.4393245563823698,750,1492,0,2242,1.0,5.383218932601712,0.0358139000018127,0.0002052235579422,0.0002539230175397,handle_multiplicity,f4b315b3819ea19f0c84701b8f6a853fef03b696e42c6f5b46c8ed0dedd1229c,8.0,0.75,8.0,0.7415653755729036,4,1,0.75,0.0416666666666666,0.0208333333333333
stable-local-fallback,this-work,user-certified,primary,3,7f38e862679e8341df21ad97efd4256f902b0a932e5fc4c878aac6f979de6981,0.0,1,6,1.0,0.75,0.75,0.75,0.75,0.75,0.741,0.5,False,0.5,0.4999999999999999,0.5,0.5000000000000001,1.0,1.0,plan-c,1.0,1.0,0.0,1.0,0,1741,0,1741,1.0,1.5111175359665645,0.0313477000017883,0.0005631663816639,0.0005843348021632,handle_multiplicity,f4b315b3819ea19f0c84701b8f6a853fef03b696e42c6f5b46c8ed0dedd1229c,8.0,0.75,8.0,0.7415653755729036,4,1,0.75,0.0416666666666666,0.0208333333333333
handle-only-drop-residual,this-work,user-certified,primary,3,7f38e862679e8341df21ad97efd4256f902b0a932e5fc4c878aac6f979de6981,1.0,1,6,1.0,0.75,0.75,0.75,0.75,0.75,0.741,0.5,False,0.5,0.4999999999999999,0.5,0.5000000000000001,1.0,1.0,plan-c,1.0,0.5651924181504883,0.5651924181504883,0.0,750,0,0,750,1.0,4.993818782506389,0.0363413000013679,0.0002552679794565,0.0002964433586932,handle_multiplicity,f4b315b3819ea19f0c84701b8f6a853fef03b696e42c6f5b46c8ed0dedd1229c,8.0,0.75,8.0,0.7415653755729036,4,1,0.75,0.0416666666666666,0.0208333333333333
unitscope-equal,this-work,user-certified,primary,3,7f38e862679e8341df21ad97efd4256f902b0a932e5fc4c878aac6f979de6981,0.1428571428571428,1,6,1.0,0.75,0.75,0.75,0.75,0.75,0.741,0.5,False,0.5,0.4999999999999999,0.5,0.5000000000000001,1.0,1.0,plan-c,1.0,1.0,0.5651924181504883,0.4348075818495118,750,1515,0,2265,1.0,1.7369330196965709,0.0357837000046856,0.0005140417966877,0.0005402988374129,handle_multiplicity,f4b315b3819ea19f0c84701b8f6a853fef03b696e42c6f5b46c8ed0dedd1229c,8.0,0.75,8.0,0.7415653755729036,4,1,0.75,0.0416666666666666,0.0208333333333333
unitscope-tuned,this-work,user-certified,primary,3,7f38e862679e8341df21ad97efd4256f902b0a932e5fc4c878aac6f979de6981,0.75,1,6,1.0,0.75,0.75,0.75,0.75,0.75,0.741,0.5,False,0.5,0.4999999999999999,0.5,0.5000000000000001,1.0,1.0,plan-c,1.0,1.0,0.5651924181504883,0.4348075818495118,750,1515,0,2265,1.0,3.994600333625097,0.0363913000037428,0.0002493698680902,0.0002861940652611,handle_multiplicity,f4b315b3819ea19f0c84701b8f6a853fef03b696e42c6f5b46c8ed0dedd1229c,8.0,0.75,8.0,0.7415653755729036,4,1,0.75,0.0416666666666666,0.0208333333333333
naive-recalibrated-2c,this-work,user-certified,primary,3,7f38e862679e8341df21ad97efd4256f902b0a932e5fc4c878aac6f979de6981,,1,6,1.0,0.75,0.75,0.75,0.75,0.75,0.741,0.5,False,0.5,0.4999999999999999,0.5,0.5000000000000001,2.0,2.0,plan-delta,2.0,1.0,0.5651924181504883,0.4348075818495118,750,1515,0,2265,1.0,3.017693172303828,0.0362909999967087,0.0001643794687055,0.0003165491009664,handle_multiplicity,f4b315b3819ea19f0c84701b8f6a853fef03b696e42c6f5b46c8ed0dedd1229c,8.0,0.75,8.0,0.7415653755729036,4,1,0.75,0.0416666666666666,0.0208333333333333
full-identity-reference,oracle,oracle-assumption,full-identity-reference,3,7f38e862679e8341df21ad97efd4256f902b0a932e5fc4c878aac6f979de6981,,1,6,1.0,0.75,0.75,0.75,0.75,0.75,0.741,0.5,False,0.5,0.4999999999999999,0.5,0.5000000000000001,1.0,1.0,plan-c,1.0,1.0,0.0,0.0,0,0,0,1000,1.0,5.7212359014939125,0.0509306000021752,0.0,3.1446569926141115e-05,handle_multiplicity,f4b315b3819ea19f0c84701b8f6a853fef03b696e42c6f5b46c8ed0dedd1229c,8.0,0.75,8.0,0.7415653755729036,4,1,0.75,0.0416666666666666,0.0208333333333333
non-private-reference,oracle,non-private,diagnostic,3,7f38e862679e8341df21ad97efd4256f902b0a932e5fc4c878aac6f979de6981,,1,6,1.0,0.75,0.75,0.75,0.75,0.75,0.741,0.5,False,0.5,0.4999999999999999,0.5,0.5000000000000001,,,non-private,0.0,1.0,0.0,0.0,0,0,0,0,0.0,inf,0.0393368000077316,0.0081726000351933,0.0081726000351933,handle_multiplicity,f4b315b3819ea19f0c84701b8f6a853fef03b696e42c6f5b46c8ed0dedd1229c,8.0,0.75,8.0,0.7415653755729036,4,1,0.75,0.0416666666666666,0.0208333333333333
naive-claimed-c,this-work,unsafe-diagnostic,diagnostic,3,7f38e862679e8341df21ad97efd4256f902b0a932e5fc4c878aac6f979de6981,,1,6,1.0,0.75,0.75,0.75,0.75,0.75,0.741,0.5,False,0.5,0.4999999999999999,0.5,0.5000000000000001,,2.0,unsafe-diagnostic,1.0,1.0,0.5651924181504883,0.4348075818495118,750,1515,0,2265,1.0,6.035386344607655,0.0353570000006584,0.0001643794687055,0.0002090177149098,handle_multiplicity,f4b315b3819ea19f0c84701b8f6a853fef03b696e42c6f5b46c8ed0dedd1229c,8.0,0.75,8.0,0.7415653755729036,4,1,0.75,0.0416666666666666,0.0208333333333333
stable-local-fallback,this-work,user-certified,primary,4,7f38e862679e8341df21ad97efd4256f902b0a932e5fc4c878aac6f979de6981,0.0,1,6,1.0,0.75,0.75,0.75,0.75,0.75,0.773,0.5,False,0.5,0.4999999999999999,0.5,0.5000000000000001,1.0,1.0,plan-c,1.0,1.0,0.0,1.0,0,1773,0,1773,1.0,1.3529369732902343,0.0305788999976357,0.0005111901857858,0.0005101699846916,handle_multiplicity,f4b315b3819ea19f0c84701b8f6a853fef03b696e42c6f5b46c8ed0dedd1229c,8.0,0.75,8.0,0.7415653755729036,4,1,0.75,0.0416666666666666,0.0208333333333333
handle-only-drop-residual,this-work,user-certified,primary,4,7f38e862679e8341df21ad97efd4256f902b0a932e5fc4c878aac6f979de6981,1.0,1,6,1.0,0.75,0.75,0.75,0.75,0.75,0.773,0.5,False,0.5,0.4999999999999999,0.5,0.5000000000000001,1.0,1.0,plan-c,1.0,0.5651438240270727,0.5651438240270727,0.0,750,0,0,750,1.0,4.614543843479853,0.0347934000019449,0.0002589521486374,0.00025699988176,handle_multiplicity,f4b315b3819ea19f0c84701b8f6a853fef03b696e42c6f5b46c8ed0dedd1229c,8.0,0.75,8.0,0.7415653755729036,4,1,0.75,0.0416666666666666,0.0208333333333333
unitscope-equal,this-work,user-certified,primary,4,7f38e862679e8341df21ad97efd4256f902b0a932e5fc4c878aac6f979de6981,0.1428571428571428,1,6,1.0,0.75,0.75,0.75,0.75,0.75,0.773,0.5,False,0.5,0.4999999999999999,0.5,0.5000000000000001,1.0,1.0,plan-c,1.0,1.0,0.5651438240270727,0.4348561759729272,750,1496,0,2246,1.0,1.5670854846070086,0.0352003999869339,0.0004697548385681,0.0004713271176576,handle_multiplicity,f4b315b3819ea19f0c84701b8f6a853fef03b696e42c6f5b46c8ed0dedd1229c,8.0,0.75,8.0,0.7415653755729036,4,1,0.75,0.0416666666666666,0.0208333333333333
unitscope-tuned,this-work,user-certified,primary,4,7f38e862679e8341df21ad97efd4256f902b0a932e5fc4c878aac6f979de6981,0.75,1,6,1.0,0.75,0.75,0.75,0.75,0.75,0.773,0.5,False,0.5,0.4999999999999999,0.5,0.5000000000000001,1.0,1.0,plan-c,1.0,1.0,0.5651438240270727,0.4348561759729272,750,1496,0,2246,1.0,3.6740759173050352,0.0348418999928981,0.0002410404389761,0.0002401161646724,handle_multiplicity,f4b315b3819ea19f0c84701b8f6a853fef03b696e42c6f5b46c8ed0dedd1229c,8.0,0.75,8.0,0.7415653755729036,4,1,0.75,0.0416666666666666,0.0208333333333333
naive-recalibrated-2c,this-work,user-certified,primary,4,7f38e862679e8341df21ad97efd4256f902b0a932e5fc4c878aac6f979de6981,,1,6,1.0,0.75,0.75,0.75,0.75,0.75,0.773,0.5,False,0.5,0.4999999999999999,0.5,0.5000000000000001,2.0,2.0,plan-delta,2.0,1.0,0.5651438240270727,0.4348561759729272,750,1496,0,2246,1.0,2.756508293990842,0.0359185999986948,0.0001775012609533,0.0002750887160274,handle_multiplicity,f4b315b3819ea19f0c84701b8f6a853fef03b696e42c6f5b46c8ed0dedd1229c,8.0,0.75,8.0,0.7415653755729036,4,1,0.75,0.0416666666666666,0.0208333333333333
full-identity-reference,oracle,oracle-assumption,full-identity-reference,4,7f38e862679e8341df21ad97efd4256f902b0a932e5fc4c878aac6f979de6981,,1,6,1.0,0.75,0.75,0.75,0.75,0.75,0.773,0.5,False,0.5,0.4999999999999999,0.5,0.5000000000000001,1.0,1.0,plan-c,1.0,1.0,0.0,0.0,0,0,0,1000,1.0,5.1743518703122815,0.0505153999984031,0.0,3.450958520111424e-05,handle_multiplicity,f4b315b3819ea19f0c84701b8f6a853fef03b696e42c6f5b46c8ed0dedd1229c,8.0,0.75,8.0,0.7415653755729036,4,1,0.75,0.0416666666666666,0.0208333333333333
non-private-reference,oracle,non-private,diagnostic,4,7f38e862679e8341df21ad97efd4256f902b0a932e5fc4c878aac6f979de6981,,1,6,1.0,0.75,0.75,0.75,0.75,0.75,0.773,0.5,False,0.5,0.4999999999999999,0.5,0.5000000000000001,,,non-private,0.0,1.0,0.0,0.0,0,0,0,0,0.0,inf,0.0391883000120287,0.00716895177583,0.00716895177583,handle_multiplicity,f4b315b3819ea19f0c84701b8f6a853fef03b696e42c6f5b46c8ed0dedd1229c,8.0,0.75,8.0,0.7415653755729036,4,1,0.75,0.0416666666666666,0.0208333333333333
naive-claimed-c,this-work,unsafe-diagnostic,diagnostic,4,7f38e862679e8341df21ad97efd4256f902b0a932e5fc4c878aac6f979de6981,,1,6,1.0,0.75,0.75,0.75,0.75,0.75,0.773,0.5,False,0.5,0.4999999999999999,0.5,0.5000000000000001,,2.0,unsafe-diagnostic,1.0,1.0,0.5651438240270727,0.4348561759729272,750,1496,0,2246,1.0,5.513016587981684,0.0353284000011626,0.0001775012609533,0.0001917854032892,handle_multiplicity,f4b315b3819ea19f0c84701b8f6a853fef03b696e42c6f5b46c8ed0dedd1229c,8.0,0.75,8.0,0.7415653755729036,4,1,0.75,0.0416666666666666,0.0208333333333333
stable-local-fallback,this-work,user-certified,primary,5,7f38e862679e8341df21ad97efd4256f902b0a932e5fc4c878aac6f979de6981,0.0,1,6,1.0,0.75,0.75,0.75,0.75,0.75,0.744,0.5,False,0.5,0.4999999999999999,0.5,0.5000000000000001,1.0,1.0,plan-c,1.0,1.0,0.0,1.0,0,1744,0,1744,1.0,1.1706844260748523,0.0323327000078279,0.000540638619692,0.0005237654125934,handle_multiplicity,f4b315b3819ea19f0c84701b8f6a853fef03b696e42c6f5b46c8ed0dedd1229c,8.0,0.75,8.0,0.7415653755729036,4,1,0.75,0.0416666666666666,0.0208333333333333
handle-only-drop-residual,this-work,user-certified,primary,5,7f38e862679e8341df21ad97efd4256f902b0a932e5fc4c878aac6f979de6981,1.0,1,6,1.0,0.75,0.75,0.75,0.75,0.75,0.744,0.5,False,0.5,0.4999999999999999,0.5,0.5000000000000001,1.0,1.0,plan-c,1.0,0.5629300458715596,0.5629300458715596,0.0,750,0,0,750,1.0,4.200830645447553,0.0352688999992096,0.0002476866907236,0.0002732569411607,handle_multiplicity,f4b315b3819ea19f0c84701b8f6a853fef03b696e42c6f5b46c8ed0dedd1229c,8.0,0.75,8.0,0.7415653755729036,4,1,0.75,0.0416666666666666,0.0208333333333333
unitscope-equal,this-work,user-certified,primary,5,7f38e862679e8341df21ad97efd4256f902b0a932e5fc4c878aac6f979de6981,0.1428571428571428,1,6,1.0,0.75,0.75,0.75,0.75,0.75,0.744,0.5,False,0.5,0.4999999999999999,0.5,0.5000000000000001,1.0,1.0,plan-c,1.0,1.0,0.5629300458715596,0.4370699541284403,750,1494,0,2244,1.0,1.4111854603053535,0.0572657000011531,0.0004725607119942,0.0004624663476763,handle_multiplicity,f4b315b3819ea19f0c84701b8f6a853fef03b696e42c6f5b46c8ed0dedd1229c,8.0,0.75,8.0,0.7415653755729036,4,1,0.75,0.0416666666666666,0.0208333333333333
unitscope-tuned,this-work,user-certified,primary,5,7f38e862679e8341df21ad97efd4256f902b0a932e5fc4c878aac6f979de6981,0.75,1,6,1.0,0.75,0.75,0.75,0.75,0.75,0.744,0.5,False,0.5,0.4999999999999999,0.5,0.5000000000000001,1.0,1.0,plan-c,1.0,1.0,0.5629300458715596,0.4370699541284403,750,1494,0,2244,1.0,3.352049251719247,0.0357837000046856,0.0002292047098945,0.000244372781028,handle_multiplicity,f4b315b3819ea19f0c84701b8f6a853fef03b696e42c6f5b46c8ed0dedd1229c,8.0,0.75,8.0,0.7415653755729036,4,1,0.75,0.0416666666666666,0.0208333333333333
naive-recalibrated-2c,this-work,user-certified,primary,5,7f38e862679e8341df21ad97efd4256f902b0a932e5fc4c878aac6f979de6981,,1,6,1.0,0.75,0.75,0.75,0.75,0.75,0.744,0.5,False,0.5,0.4999999999999999,0.5,0.5000000000000001,2.0,2.0,plan-delta,2.0,1.0,0.5629300458715596,0.4370699541284403,750,1494,0,2244,1.0,2.518834776607342,0.0420005000050878,0.0001851834866073,0.0003716560960721,handle_multiplicity,f4b315b3819ea19f0c84701b8f6a853fef03b696e42c6f5b46c8ed0dedd1229c,8.0,0.75,8.0,0.7415653755729036,4,1,0.75,0.0416666666666666,0.0208333333333333
full-identity-reference,oracle,oracle-assumption,full-identity-reference,5,7f38e862679e8341df21ad97efd4256f902b0a932e5fc4c878aac6f979de6981,,1,6,1.0,0.75,0.75,0.75,0.75,0.75,0.744,0.5,False,0.5,0.4999999999999999,0.5,0.5000000000000001,1.0,1.0,plan-c,1.0,1.0,0.0,0.0,0,0,0,1000,1.0,4.57283826456024,0.0495866999990539,0.0,4.5577724790732e-05,handle_multiplicity,f4b315b3819ea19f0c84701b8f6a853fef03b696e42c6f5b46c8ed0dedd1229c,8.0,0.75,8.0,0.7415653755729036,4,1,0.75,0.0416666666666666,0.0208333333333333
non-private-reference,oracle,non-private,diagnostic,5,7f38e862679e8341df21ad97efd4256f902b0a932e5fc4c878aac6f979de6981,,1,6,1.0,0.75,0.75,0.75,0.75,0.75,0.744,0.5,False,0.5,0.4999999999999999,0.5,0.5000000000000001,,,non-private,0.0,1.0,0.0,0.0,0,0,0,0,0.0,inf,0.0377019000006839,0.0070671958038883,0.0070671958038883,handle_multiplicity,f4b315b3819ea19f0c84701b8f6a853fef03b696e42c6f5b46c8ed0dedd1229c,8.0,0.75,8.0,0.7415653755729036,4,1,0.75,0.0416666666666666,0.0208333333333333
naive-claimed-c,this-work,unsafe-diagnostic,diagnostic,5,7f38e862679e8341df21ad97efd4256f902b0a932e5fc4c878aac6f979de6981,,1,6,1.0,0.75,0.75,0.75,0.75,0.75,0.744,0.5,False,0.5,0.4999999999999999,0.5,0.5000000000000001,,2.0,unsafe-diagnostic,1.0,1.0,0.5629300458715596,0.4370699541284403,750,1494,0,2244,1.0,5.037669553214684,0.0361253000010037,0.0001851834866073,0.0002328420665489,handle_multiplicity,f4b315b3819ea19f0c84701b8f6a853fef03b696e42c6f5b46c8ed0dedd1229c,8.0,0.75,8.0,0.7415653755729036,4,1,0.75,0.0416666666666666,0.0208333333333333
stable-local-fallback,this-work,user-certified,primary,6,7f38e862679e8341df21ad97efd4256f902b0a932e5fc4c878aac6f979de6981,0.0,1,6,1.0,0.75,0.75,0.75,0.75,0.75,0.74,0.5,False,0.5,0.4999999999999999,0.5,0.5000000000000001,1.0,1.0,plan-c,1.0,1.0,0.0,1.0,0,1740,0,1740,1.0,1.7646914039888515,0.0298180000099819,0.0007231334034477,0.0007078430672274,handle_multiplicity,f4b315b3819ea19f0c84701b8f6a853fef03b696e42c6f5b46c8ed0dedd1229c,8.0,0.75,8.0,0.7415653755729036,4,1,0.75,0.0416666666666666,0.0208333333333333
handle-only-drop-residual,this-work,user-certified,primary,6,7f38e862679e8341df21ad97efd4256f902b0a932e5fc4c878aac6f979de6981,1.0,1,6,1.0,0.75,0.75,0.75,0.75,0.75,0.74,0.5,False,0.5,0.4999999999999999,0.5,0.5000000000000001,1.0,1.0,plan-c,1.0,0.5672413793103448,0.5672413793103448,0.0,750,0,0,750,1.0,5.47229309120172,0.0361867000028723,0.0002639303837276,0.0002832334869956,handle_multiplicity,f4b315b3819ea19f0c84701b8f6a853fef03b696e42c6f5b46c8ed0dedd1229c,8.0,0.75,8.0,0.7415653755729036,4,1,0.75,0.0416666666666666,0.0208333333333333
unitscope-equal,this-work,user-certified,primary,6,7f38e862679e8341df21ad97efd4256f902b0a932e5fc4c878aac6f979de6981,0.1428571428571428,1,6,1.0,0.75,0.75,0.75,0.75,0.75,0.74,0.5,False,0.5,0.4999999999999999,0.5,0.5000000000000001,1.0,1.0,plan-c,1.0,1.0,0.5672413793103448,0.4327586206896551,750,1515,0,2265,1.0,2.027845647702337,0.0354997999966144,0.0006620988819804,0.0006492301012423,handle_multiplicity,f4b315b3819ea19f0c84701b8f6a853fef03b696e42c6f5b46c8ed0dedd1229c,8.0,0.75,8.0,0.7415653755729036,4,1,0.75,0.0416666666666666,0.0208333333333333
unitscope-tuned,this-work,user-certified,primary,6,7f38e862679e8341df21ad97efd4256f902b0a932e5fc4c878aac6f979de6981,0.75,1,6,1.0,0.75,0.75,0.75,0.75,0.75,0.74,0.5,False,0.5,0.4999999999999999,0.5,0.5000000000000001,1.0,1.0,plan-c,1.0,1.0,0.5672413793103448,0.4327586206896551,750,1515,0,2265,1.0,4.430091609414771,0.0373228999960701,0.0003013252089721,0.0003112448460717,handle_multiplicity,f4b315b3819ea19f0c84701b8f6a853fef03b696e42c6f5b46c8ed0dedd1229c,8.0,0.75,8.0,0.7415653755729036,4,1,0.75,0.0416666666666666,0.0208333333333333
naive-recalibrated-2c,this-work,user-certified,primary,6,7f38e862679e8341df21ad97efd4256f902b0a932e5fc4c878aac6f979de6981,,1,6,1.0,0.75,0.75,0.75,0.75,0.75,0.74,0.5,False,0.5,0.4999999999999999,0.5,0.5000000000000001,2.0,2.0,plan-delta,2.0,1.0,0.5672413793103448,0.4327586206896551,750,1515,0,2265,1.0,3.4057745429183366,0.037931099999696,0.0001593886854935,0.000270304112389,handle_multiplicity,f4b315b3819ea19f0c84701b8f6a853fef03b696e42c6f5b46c8ed0dedd1229c,8.0,0.75,8.0,0.7415653755729036,4,1,0.75,0.0416666666666666,0.0208333333333333
full-identity-reference,oracle,oracle-assumption,full-identity-reference,6,7f38e862679e8341df21ad97efd4256f902b0a932e5fc4c878aac6f979de6981,,1,6,1.0,0.75,0.75,0.75,0.75,0.75,0.74,0.5,False,0.5,0.4999999999999999,0.5,0.5000000000000001,1.0,1.0,plan-c,1.0,1.0,0.0,0.0,0,0,0,1000,1.0,6.790644185865934,0.0483806999982334,0.0,2.826786766778013e-05,handle_multiplicity,f4b315b3819ea19f0c84701b8f6a853fef03b696e42c6f5b46c8ed0dedd1229c,8.0,0.75,8.0,0.7415653755729036,4,1,0.75,0.0416666666666666,0.0208333333333333
non-private-reference,oracle,non-private,diagnostic,6,7f38e862679e8341df21ad97efd4256f902b0a932e5fc4c878aac6f979de6981,,1,6,1.0,0.75,0.75,0.75,0.75,0.75,0.74,0.5,False,0.5,0.4999999999999999,0.5,0.5000000000000001,,,non-private,0.0,1.0,0.0,0.0,0,0,0,0,0.0,inf,0.059057100006612,0.0099323259993231,0.0099323259993231,handle_multiplicity,f4b315b3819ea19f0c84701b8f6a853fef03b696e42c6f5b46c8ed0dedd1229c,8.0,0.75,8.0,0.7415653755729036,4,1,0.75,0.0416666666666666,0.0208333333333333
naive-claimed-c,this-work,unsafe-diagnostic,diagnostic,6,7f38e862679e8341df21ad97efd4256f902b0a932e5fc4c878aac6f979de6981,,1,6,1.0,0.75,0.75,0.75,0.75,0.75,0.74,0.5,False,0.5,0.4999999999999999,0.5,0.5000000000000001,,2.0,unsafe-diagnostic,1.0,1.0,0.5672413793103448,0.4327586206896551,750,1515,0,2265,1.0,6.811549085836673,0.0351195999974152,0.0001593886854935,0.0001865785312735,handle_multiplicity,f4b315b3819ea19f0c84701b8f6a853fef03b696e42c6f5b46c8ed0dedd1229c,8.0,0.75,8.0,0.7415653755729036,4,1,0.75,0.0416666666666666,0.0208333333333333
stable-local-fallback,this-work,user-certified,primary,7,7f38e862679e8341df21ad97efd4256f902b0a932e5fc4c878aac6f979de6981,0.0,1,6,1.0,0.75,0.75,0.75,0.75,0.75,0.753,0.5,False,0.5,0.4999999999999999,0.5,0.5000000000000001,1.0,1.0,plan-c,1.0,1.0,0.0,1.0,0,1753,0,1753,1.0,1.398126066405,0.0296997999976156,0.0004898665097974,0.0005460793841884,handle_multiplicity,f4b315b3819ea19f0c84701b8f6a853fef03b696e42c6f5b46c8ed0dedd1229c,8.0,0.75,8.0,0.7415653755729036,4,1,0.75,0.0416666666666666,0.0208333333333333
handle-only-drop-residual,this-work,user-certified,primary,7,7f38e862679e8341df21ad97efd4256f902b0a932e5fc4c878aac6f979de6981,1.0,1,6,1.0,0.75,0.75,0.75,0.75,0.75,0.753,0.5,False,0.5,0.4999999999999999,0.5,0.5000000000000001,1.0,1.0,plan-c,1.0,0.5583285795778665,0.5583285795778665,0.0,750,0,0,750,1.0,4.72162391795594,0.0349748000007821,0.0002730577710515,0.0003672089423389,handle_multiplicity,f4b315b3819ea19f0c84701b8f6a853fef03b696e42c6f5b46c8ed0dedd1229c,8.0,0.75,8.0,0.7415653755729036,4,1,0.75,0.0416666666666666,0.0208333333333333
unitscope-equal,this-work,user-certified,primary,7,7f38e862679e8341df21ad97efd4256f902b0a932e5fc4c878aac6f979de6981,0.1428571428571428,1,6,1.0,0.75,0.75,0.75,0.75,0.75,0.753,0.5,False,0.5,0.4999999999999999,0.5,0.5000000000000001,1.0,1.0,plan-c,1.0,1.0,0.5583285795778665,0.4416714204221335,750,1508,0,2258,1.0,1.632463440556318,0.0343534999992698,0.000436653315045,0.0004923689563934,handle_multiplicity,f4b315b3819ea19f0c84701b8f6a853fef03b696e42c6f5b46c8ed0dedd1229c,8.0,0.75,8.0,0.7415653755729036,4,1,0.75,0.0416666666666666,0.0208333333333333
unitscope-tuned,this-work,user-certified,primary,7,7f38e862679e8341df21ad97efd4256f902b0a932e5fc4c878aac6f979de6981,0.75,1,6,1.0,0.75,0.75,0.75,0.75,0.75,0.753,0.5,False,0.5,0.4999999999999999,0.5,0.5000000000000001,1.0,1.0,plan-c,1.0,1.0,0.5583285795778665,0.4416714204221335,750,1508,0,2258,1.0,3.774122213583456,0.0362574000027962,0.0002465108262239,0.0003294516346124,handle_multiplicity,f4b315b3819ea19f0c84701b8f6a853fef03b696e42c6f5b46c8ed0dedd1229c,8.0,0.75,8.0,0.7415653755729036,4,1,0.75,0.0416666666666666,0.0208333333333333
naive-recalibrated-2c,this-work,user-certified,primary,7,7f38e862679e8341df21ad97efd4256f902b0a932e5fc4c878aac6f979de6981,,1,6,1.0,0.75,0.75,0.75,0.75,0.75,0.753,0.5,False,0.5,0.4999999999999999,0.5,0.5000000000000001,2.0,2.0,plan-delta,2.0,1.0,0.5583285795778665,0.4416714204221335,750,1508,0,2258,1.0,2.847577476924698,0.0368086000089533,0.0001932806945733,0.0004194396594665,handle_multiplicity,f4b315b3819ea19f0c84701b8f6a853fef03b696e42c6f5b46c8ed0dedd1229c,8.0,0.75,8.0,0.7415653755729036,4,1,0.75,0.0416666666666666,0.0208333333333333
full-identity-reference,oracle,oracle-assumption,full-identity-reference,7,7f38e862679e8341df21ad97efd4256f902b0a932e5fc4c878aac6f979de6981,,1,6,1.0,0.75,0.75,0.75,0.75,0.75,0.753,0.5,False,0.5,0.4999999999999999,0.5,0.5000000000000001,1.0,1.0,plan-c,1.0,1.0,0.0,0.0,0,0,0,1000,1.0,5.269456490207377,0.0479033000010531,0.0,3.194533304464665e-05,handle_multiplicity,f4b315b3819ea19f0c84701b8f6a853fef03b696e42c6f5b46c8ed0dedd1229c,8.0,0.75,8.0,0.7415653755729036,4,1,0.75,0.0416666666666666,0.0208333333333333
non-private-reference,oracle,non-private,diagnostic,7,7f38e862679e8341df21ad97efd4256f902b0a932e5fc4c878aac6f979de6981,,1,6,1.0,0.75,0.75,0.75,0.75,0.75,0.753,0.5,False,0.5,0.4999999999999999,0.5,0.5000000000000001,,,non-private,0.0,1.0,0.0,0.0,0,0,0,0,0.0,inf,0.0383881000016117,0.0072173092233556,0.0072173092233556,handle_multiplicity,f4b315b3819ea19f0c84701b8f6a853fef03b696e42c6f5b46c8ed0dedd1229c,8.0,0.75,8.0,0.7415653755729036,4,1,0.75,0.0416666666666666,0.0208333333333333
naive-claimed-c,this-work,unsafe-diagnostic,diagnostic,7,7f38e862679e8341df21ad97efd4256f902b0a932e5fc4c878aac6f979de6981,,1,6,1.0,0.75,0.75,0.75,0.75,0.75,0.753,0.5,False,0.5,0.4999999999999999,0.5,0.5000000000000001,,2.0,unsafe-diagnostic,1.0,1.0,0.5583285795778665,0.4416714204221335,750,1508,0,2258,1.0,5.695154953849397,0.0352906999905826,0.0001932806945733,0.0002744148439753,handle_multiplicity,f4b315b3819ea19f0c84701b8f6a853fef03b696e42c6f5b46c8ed0dedd1229c,8.0,0.75,8.0,0.7415653755729036,4,1,0.75,0.0416666666666666,0.0208333333333333
stable-local-fallback,this-work,user-certified,primary,8,7f38e862679e8341df21ad97efd4256f902b0a932e5fc4c878aac6f979de6981,0.0,1,6,1.0,0.75,0.75,0.75,0.75,0.75,0.74,0.5,False,0.5,0.4999999999999999,0.5,0.5000000000000001,1.0,1.0,plan-c,1.0,1.0,0.0,1.0,0,1740,0,1740,1.0,1.6003073603879787,0.0295858000026782,0.0007161305023071,0.0008973844084825,handle_multiplicity,f4b315b3819ea19f0c84701b8f6a853fef03b696e42c6f5b46c8ed0dedd1229c,8.0,0.75,8.0,0.7415653755729036,4,1,0.75,0.0416666666666666,0.0208333333333333
handle-only-drop-residual,this-work,user-certified,primary,8,7f38e862679e8341df21ad97efd4256f902b0a932e5fc4c878aac6f979de6981,1.0,1,6,1.0,0.75,0.75,0.75,0.75,0.75,0.74,0.5,False,0.5,0.4999999999999999,0.5,0.5000000000000001,1.0,1.0,plan-c,1.0,0.5620689655172414,0.5620689655172414,0.0,750,0,0,750,1.0,5.470954161563253,0.0364387000008719,0.0002030562834281,0.0002806462821279,handle_multiplicity,f4b315b3819ea19f0c84701b8f6a853fef03b696e42c6f5b46c8ed0dedd1229c,8.0,0.75,8.0,0.7415653755729036,4,1,0.75,0.0416666666666666,0.0208333333333333
unitscope-equal,this-work,user-certified,primary,8,7f38e862679e8341df21ad97efd4256f902b0a932e5fc4c878aac6f979de6981,0.1428571428571428,1,6,1.0,0.75,0.75,0.75,0.75,0.75,0.74,0.5,False,0.5,0.4999999999999999,0.5,0.5000000000000001,1.0,1.0,plan-c,1.0,1.0,0.5620689655172414,0.4379310344827586,750,1484,0,2234,1.0,1.8937938501385936,0.0359892000124091,0.0006245981906545,0.0008002013882028,handle_multiplicity,f4b315b3819ea19f0c84701b8f6a853fef03b696e42c6f5b46c8ed0dedd1229c,8.0,0.75,8.0,0.7415653755729036,4,1,0.75,0.0416666666666666,0.0208333333333333
unitscope-tuned,this-work,user-certified,primary,8,7f38e862679e8341df21ad97efd4256f902b0a932e5fc4c878aac6f979de6981,0.75,1,6,1.0,0.75,0.75,0.75,0.75,0.75,0.74,0.5,False,0.5,0.4999999999999999,0.5,0.5000000000000001,1.0,1.0,plan-c,1.0,1.0,0.5620689655172414,0.4379310344827586,750,1484,0,2234,1.0,4.399721925377952,0.0373681999917607,0.0002136440753685,0.0003198212570657,handle_multiplicity,f4b315b3819ea19f0c84701b8f6a853fef03b696e42c6f5b46c8ed0dedd1229c,8.0,0.75,8.0,0.7415653755729036,4,1,0.75,0.0416666666666666,0.0208333333333333
naive-recalibrated-2c,this-work,user-certified,primary,8,7f38e862679e8341df21ad97efd4256f902b0a932e5fc4c878aac6f979de6981,,1,6,1.0,0.75,0.75,0.75,0.75,0.75,0.74,0.5,False,0.5,0.4999999999999999,0.5,0.5000000000000001,2.0,2.0,plan-delta,2.0,1.0,0.5620689655172414,0.4379310344827586,750,1484,0,2234,1.0,3.341205294241776,0.0383371000061742,0.0001643760585098,0.0003126511998766,handle_multiplicity,f4b315b3819ea19f0c84701b8f6a853fef03b696e42c6f5b46c8ed0dedd1229c,8.0,0.75,8.0,0.7415653755729036,4,1,0.75,0.0416666666666666,0.0208333333333333
full-identity-reference,oracle,oracle-assumption,full-identity-reference,8,7f38e862679e8341df21ad97efd4256f902b0a932e5fc4c878aac6f979de6981,,1,6,1.0,0.75,0.75,0.75,0.75,0.75,0.74,0.5,False,0.5,0.4999999999999999,0.5,0.5000000000000001,1.0,1.0,plan-c,1.0,1.0,0.0,0.0,0,0,0,1000,1.0,5.864605105890776,0.0493798999959835,0.0,3.8881419776576925e-05,handle_multiplicity,f4b315b3819ea19f0c84701b8f6a853fef03b696e42c6f5b46c8ed0dedd1229c,8.0,0.75,8.0,0.7415653755729036,4,1,0.75,0.0416666666666666,0.0208333333333333
non-private-reference,oracle,non-private,diagnostic,8,7f38e862679e8341df21ad97efd4256f902b0a932e5fc4c878aac6f979de6981,,1,6,1.0,0.75,0.75,0.75,0.75,0.75,0.74,0.5,False,0.5,0.4999999999999999,0.5,0.5000000000000001,,,non-private,0.0,1.0,0.0,0.0,0,0,0,0,0.0,inf,0.0404673000011825,0.011606768366204,0.011606768366204,handle_multiplicity,f4b315b3819ea19f0c84701b8f6a853fef03b696e42c6f5b46c8ed0dedd1229c,8.0,0.75,8.0,0.7415653755729036,4,1,0.75,0.0416666666666666,0.0208333333333333
naive-claimed-c,this-work,unsafe-diagnostic,diagnostic,8,7f38e862679e8341df21ad97efd4256f902b0a932e5fc4c878aac6f979de6981,,1,6,1.0,0.75,0.75,0.75,0.75,0.75,0.74,0.5,False,0.5,0.4999999999999999,0.5,0.5000000000000001,,2.0,unsafe-diagnostic,1.0,1.0,0.5620689655172414,0.4379310344827586,750,1484,0,2234,1.0,6.682410588483552,0.0370366999995894,0.0001643760585098,0.0001996322094166,handle_multiplicity,f4b315b3819ea19f0c84701b8f6a853fef03b696e42c6f5b46c8ed0dedd1229c,8.0,0.75,8.0,0.7415653755729036,4,1,0.75,0.0416666666666666,0.0208333333333333
stable-local-fallback,this-work,user-certified,primary,9,7f38e862679e8341df21ad97efd4256f902b0a932e5fc4c878aac6f979de6981,0.0,1,6,1.0,0.75,0.75,0.75,0.75,0.75,0.727,0.5,False,0.5,0.4999999999999999,0.5,0.5000000000000001,1.0,1.0,plan-c,1.0,1.0,0.0,1.0,0,1727,0,1727,1.0,1.488732876644583,0.0622799999982817,0.000513366796915,0.0005545727289295,handle_multiplicity,f4b315b3819ea19f0c84701b8f6a853fef03b696e42c6f5b46c8ed0dedd1229c,8.0,0.75,8.0,0.7415653755729036,4,1,0.75,0.0416666666666666,0.0208333333333333
handle-only-drop-residual,this-work,user-certified,primary,9,7f38e862679e8341df21ad97efd4256f902b0a932e5fc4c878aac6f979de6981,1.0,1,6,1.0,0.75,0.75,0.75,0.75,0.75,0.727,0.5,False,0.5,0.4999999999999999,0.5,0.5000000000000001,1.0,1.0,plan-c,1.0,0.5632599884192241,0.5632599884192241,0.0,750,0,0,750,1.0,4.782100948230644,0.0363610999920638,0.0002403958290282,0.00028230513847,handle_multiplicity,f4b315b3819ea19f0c84701b8f6a853fef03b696e42c6f5b46c8ed0dedd1229c,8.0,0.75,8.0,0.7415653755729036,4,1,0.75,0.0416666666666666,0.0208333333333333
unitscope-equal,this-work,user-certified,primary,9,7f38e862679e8341df21ad97efd4256f902b0a932e5fc4c878aac6f979de6981,0.1428571428571428,1,6,1.0,0.75,0.75,0.75,0.75,0.75,0.727,0.5,False,0.5,0.4999999999999999,0.5,0.5000000000000001,1.0,1.0,plan-c,1.0,1.0,0.5632599884192241,0.4367400115807759,750,1500,0,2250,1.0,1.703578955906225,0.0374603999953251,0.0004694615062749,0.0005095167100676,handle_multiplicity,f4b315b3819ea19f0c84701b8f6a853fef03b696e42c6f5b46c8ed0dedd1229c,8.0,0.75,8.0,0.7415653755729036,4,1,0.75,0.0416666666666666,0.0208333333333333
unitscope-tuned,this-work,user-certified,primary,9,7f38e862679e8341df21ad97efd4256f902b0a932e5fc4c878aac6f979de6981,0.75,1,6,1.0,0.75,0.75,0.75,0.75,0.75,0.727,0.5,False,0.5,0.4999999999999999,0.5,0.5000000000000001,1.0,1.0,plan-c,1.0,1.0,0.5632599884192241,0.4367400115807759,750,1500,0,2250,1.0,3.842336279434727,0.0365802999876905,0.0002408263347587,0.0002821948633862,handle_multiplicity,f4b315b3819ea19f0c84701b8f6a853fef03b696e42c6f5b46c8ed0dedd1229c,8.0,0.75,8.0,0.7415653755729036,4,1,0.75,0.0416666666666666,0.0208333333333333
naive-recalibrated-2c,this-work,user-certified,primary,9,7f38e862679e8341df21ad97efd4256f902b0a932e5fc4c878aac6f979de6981,,1,6,1.0,0.75,0.75,0.75,0.75,0.75,0.727,0.5,False,0.5,0.4999999999999999,0.5,0.5000000000000001,2.0,2.0,plan-delta,2.0,1.0,0.5632599884192241,0.4367400115807759,750,1500,0,2250,1.0,2.921889007730272,0.0360206999903311,0.0001603798201156,0.0002956611314314,handle_multiplicity,f4b315b3819ea19f0c84701b8f6a853fef03b696e42c6f5b46c8ed0dedd1229c,8.0,0.75,8.0,0.7415653755729036,4,1,0.75,0.0416666666666666,0.0208333333333333
full-identity-reference,oracle,oracle-assumption,full-identity-reference,9,7f38e862679e8341df21ad97efd4256f902b0a932e5fc4c878aac6f979de6981,,1,6,1.0,0.75,0.75,0.75,0.75,0.75,0.727,0.5,False,0.5,0.4999999999999999,0.5,0.5000000000000001,1.0,1.0,plan-c,1.0,1.0,0.0,0.0,0,0,0,1000,1.0,5.648362060019918,0.0495384000096237,0.0,2.9095863668243848e-05,handle_multiplicity,f4b315b3819ea19f0c84701b8f6a853fef03b696e42c6f5b46c8ed0dedd1229c,8.0,0.75,8.0,0.7415653755729036,4,1,0.75,0.0416666666666666,0.0208333333333333
non-private-reference,oracle,non-private,diagnostic,9,7f38e862679e8341df21ad97efd4256f902b0a932e5fc4c878aac6f979de6981,,1,6,1.0,0.75,0.75,0.75,0.75,0.75,0.727,0.5,False,0.5,0.4999999999999999,0.5,0.5000000000000001,,,non-private,0.0,1.0,0.0,0.0,0,0,0,0,0.0,inf,0.0398126999934902,0.0073968073962336,0.0073968073962336,handle_multiplicity,f4b315b3819ea19f0c84701b8f6a853fef03b696e42c6f5b46c8ed0dedd1229c,8.0,0.75,8.0,0.7415653755729036,4,1,0.75,0.0416666666666666,0.0208333333333333
naive-claimed-c,this-work,unsafe-diagnostic,diagnostic,9,7f38e862679e8341df21ad97efd4256f902b0a932e5fc4c878aac6f979de6981,,1,6,1.0,0.75,0.75,0.75,0.75,0.75,0.727,0.5,False,0.5,0.4999999999999999,0.5,0.5000000000000001,,2.0,unsafe-diagnostic,1.0,1.0,0.5632599884192241,0.4367400115807759,750,1500,0,2250,1.0,5.843778015460543,0.0367874000075971,0.0001603798201156,0.0001989246121053,handle_multiplicity,f4b315b3819ea19f0c84701b8f6a853fef03b696e42c6f5b46c8ed0dedd1229c,8.0,0.75,8.0,0.7415653755729036,4,1,0.75,0.0416666666666666,0.0208333333333333
stable-local-fallback,this-work,user-certified,primary,0,91fb296b4730b28854f98674539cdf633bda3a596ecc9683e2e33e3246f5930e,0.0,2,6,1.0,0.75,0.75,0.75,0.75,0.75,0.753,0.5,False,0.5,0.4999999999999999,0.5,0.5000000000000001,1.0,1.0,plan-c,1.0,1.0,0.0,1.0,0,1753,0,1753,1.0,1.3765985532058431,0.031058499997016,0.0007197730086262,0.0007810104871313,handle_multiplicity,c89dba30a32c920dae70ba207a67be379ae263841e476b275b0ffcd499b9a932,8.0,0.75,8.0,0.7415653755729036,4,2,0.375,0.0416666666666666,0.0208333333333333
handle-only-drop-residual,this-work,user-certified,primary,0,91fb296b4730b28854f98674539cdf633bda3a596ecc9683e2e33e3246f5930e,1.0,2,6,1.0,0.75,0.75,0.75,0.75,0.75,0.753,0.5,False,0.5,0.4999999999999999,0.5,0.5000000000000001,1.0,1.0,plan-c,1.0,0.5651739874500855,0.5651739874500855,0.0,1500,0,0,1500,1.0,4.2909112492166805,0.0418515999917872,0.0002839179322905,0.0003187239801818,handle_multiplicity,c89dba30a32c920dae70ba207a67be379ae263841e476b275b0ffcd499b9a932,8.0,0.75,8.0,0.7415653755729036,4,2,0.375,0.0416666666666666,0.0208333333333333
unitscope-equal,this-work,user-certified,primary,0,91fb296b4730b28854f98674539cdf633bda3a596ecc9683e2e33e3246f5930e,0.25,2,6,1.0,0.75,0.75,0.75,0.75,0.75,0.753,0.5,False,0.5,0.4999999999999999,0.5,0.5000000000000001,1.0,1.0,plan-c,1.0,1.0,0.5651739874500855,0.4348260125499144,1500,1517,0,3017,1.0,1.9042676958888385,0.0440570000064326,0.0005643495646562,0.0006190406403443,handle_multiplicity,c89dba30a32c920dae70ba207a67be379ae263841e476b275b0ffcd499b9a932,8.0,0.75,8.0,0.7415653755729036,4,2,0.375,0.0416666666666666,0.0208333333333333
unitscope-tuned,this-work,user-certified,primary,0,91fb296b4730b28854f98674539cdf633bda3a596ecc9683e2e33e3246f5930e,0.75,2,6,1.0,0.75,0.75,0.75,0.75,0.75,0.753,0.5,False,0.5,0.4999999999999999,0.5,0.5000000000000001,1.0,1.0,plan-c,1.0,1.0,0.5651739874500855,0.4348260125499144,1500,1517,0,3017,1.0,3.471280305655179,0.0659398999996483,0.0003145626894355,0.0003559970799257,handle_multiplicity,c89dba30a32c920dae70ba207a67be379ae263841e476b275b0ffcd499b9a932,8.0,0.75,8.0,0.7415653755729036,4,2,0.375,0.0416666666666666,0.0208333333333333
naive-recalibrated-2c,this-work,user-certified,primary,0,91fb296b4730b28854f98674539cdf633bda3a596ecc9683e2e33e3246f5930e,,2,6,1.0,0.75,0.75,0.75,0.75,0.75,0.753,0.5,False,0.5,0.4999999999999999,0.5,0.5000000000000001,2.0,2.0,plan-delta,2.0,1.0,0.5651739874500855,0.4348260125499144,1500,1517,0,3017,1.0,2.668562471334214,0.0419574999978067,0.0001660519046131,0.0003222987054777,handle_multiplicity,c89dba30a32c920dae70ba207a67be379ae263841e476b275b0ffcd499b9a932,8.0,0.75,8.0,0.7415653755729036,4,2,0.375,0.0416666666666666,0.0208333333333333
full-identity-reference,oracle,oracle-assumption,full-identity-reference,0,91fb296b4730b28854f98674539cdf633bda3a596ecc9683e2e33e3246f5930e,,2,6,1.0,0.75,0.75,0.75,0.75,0.75,0.753,0.5,False,0.5,0.4999999999999999,0.5,0.5000000000000001,1.0,1.0,plan-c,1.0,1.0,0.0,0.0,0,0,0,1000,1.0,5.391970065943077,0.0476974000048358,0.0,4.382932526256055e-05,handle_multiplicity,c89dba30a32c920dae70ba207a67be379ae263841e476b275b0ffcd499b9a932,8.0,0.75,8.0,0.7415653755729036,4,2,0.375,0.0416666666666666,0.0208333333333333
non-private-reference,oracle,non-private,diagnostic,0,91fb296b4730b28854f98674539cdf633bda3a596ecc9683e2e33e3246f5930e,,2,6,1.0,0.75,0.75,0.75,0.75,0.75,0.753,0.5,False,0.5,0.4999999999999999,0.5,0.5000000000000001,,,non-private,0.0,1.0,0.0,0.0,0,0,0,0,0.0,inf,0.0392074999981559,0.0093163767020466,0.0093163767020466,handle_multiplicity,c89dba30a32c920dae70ba207a67be379ae263841e476b275b0ffcd499b9a932,8.0,0.75,8.0,0.7415653755729036,4,2,0.375,0.0416666666666666,0.0208333333333333
naive-claimed-c,this-work,unsafe-diagnostic,diagnostic,0,91fb296b4730b28854f98674539cdf633bda3a596ecc9683e2e33e3246f5930e,,2,6,1.0,0.75,0.75,0.75,0.75,0.75,0.753,0.5,False,0.5,0.4999999999999999,0.5,0.5000000000000001,,2.0,unsafe-diagnostic,1.0,1.0,0.5651739874500855,0.4348260125499144,1500,1517,0,3017,1.0,5.337124942668428,0.042020599998068,0.0001660519046131,0.0002003459797828,handle_multiplicity,c89dba30a32c920dae70ba207a67be379ae263841e476b275b0ffcd499b9a932,8.0,0.75,8.0,0.7415653755729036,4,2,0.375,0.0416666666666666,0.0208333333333333
stable-local-fallback,this-work,user-certified,primary,1,91fb296b4730b28854f98674539cdf633bda3a596ecc9683e2e33e3246f5930e,0.0,2,6,1.0,0.75,0.75,0.75,0.75,0.75,0.747,0.5,False,0.5,0.4999999999999999,0.5,0.5000000000000001,1.0,1.0,plan-c,1.0,1.0,0.0,1.0,0,1747,0,1747,1.0,1.4395876182046476,0.0307612000033259,0.000592261856709,0.000641406702195,handle_multiplicity,c89dba30a32c920dae70ba207a67be379ae263841e476b275b0ffcd499b9a932,8.0,0.75,8.0,0.7415653755729036,4,2,0.375,0.0416666666666666,0.0208333333333333
handle-only-drop-residual,this-work,user-certified,primary,1,91fb296b4730b28854f98674539cdf633bda3a596ecc9683e2e33e3246f5930e,1.0,2,6,1.0,0.75,0.75,0.75,0.75,0.75,0.747,0.5,False,0.5,0.4999999999999999,0.5,0.5000000000000001,1.0,1.0,plan-c,1.0,0.5666857469948483,0.5666857469948483,0.0,1500,0,0,1500,1.0,4.871653150971987,0.0436289999925065,0.0002736992745996,0.0003247605118094,handle_multiplicity,c89dba30a32c920dae70ba207a67be379ae263841e476b275b0ffcd499b9a932,8.0,0.75,8.0,0.7415653755729036,4,2,0.375,0.0416666666666666,0.0208333333333333
unitscope-equal,this-work,user-certified,primary,1,91fb296b4730b28854f98674539cdf633bda3a596ecc9683e2e33e3246f5930e,0.25,2,6,1.0,0.75,0.75,0.75,0.75,0.75,0.747,0.5,False,0.5,0.4999999999999999,0.5,0.5000000000000001,1.0,1.0,plan-c,1.0,1.0,0.5666857469948483,0.4333142530051517,1500,1498,0,2998,1.0,2.140172530151456,0.0416213999997125,0.0004446070795859,0.0004917634146358,handle_multiplicity,c89dba30a32c920dae70ba207a67be379ae263841e476b275b0ffcd499b9a932,8.0,0.75,8.0,0.7415653755729036,4,2,0.375,0.0416666666666666,0.0208333333333333
unitscope-tuned,this-work,user-certified,primary,1,91fb296b4730b28854f98674539cdf633bda3a596ecc9683e2e33e3246f5930e,0.75,2,6,1.0,0.75,0.75,0.75,0.75,0.75,0.747,0.5,False,0.5,0.4999999999999999,0.5,0.5000000000000001,1.0,1.0,plan-c,1.0,1.0,0.5666857469948483,0.4333142530051517,1500,1498,0,2998,1.0,3.928076433049564,0.0428572000091662,0.0002690988512491,0.0003188584544055,handle_multiplicity,c89dba30a32c920dae70ba207a67be379ae263841e476b275b0ffcd499b9a932,8.0,0.75,8.0,0.7415653755729036,4,2,0.375,0.0416666666666666,0.0208333333333333
naive-recalibrated-2c,this-work,user-certified,primary,1,91fb296b4730b28854f98674539cdf633bda3a596ecc9683e2e33e3246f5930e,,2,6,1.0,0.75,0.75,0.75,0.75,0.75,0.747,0.5,False,0.5,0.4999999999999999,0.5,0.5000000000000001,2.0,2.0,plan-delta,2.0,1.0,0.5666857469948483,0.4333142530051517,1500,1498,0,2998,1.0,3.0075841593698747,0.0434928000031504,0.0001865933335646,0.0003412770887062,handle_multiplicity,c89dba30a32c920dae70ba207a67be379ae263841e476b275b0ffcd499b9a932,8.0,0.75,8.0,0.7415653755729036,4,2,0.375,0.0416666666666666,0.0208333333333333
full-identity-reference,oracle,oracle-assumption,full-identity-reference,1,91fb296b4730b28854f98674539cdf633bda3a596ecc9683e2e33e3246f5930e,,2,6,1.0,0.75,0.75,0.75,0.75,0.75,0.747,0.5,False,0.5,0.4999999999999999,0.5,0.5000000000000001,1.0,1.0,plan-c,1.0,1.0,0.0,0.0,0,0,0,1000,1.0,5.709739005623293,0.0498470000020461,0.0,3.208429221909876e-05,handle_multiplicity,c89dba30a32c920dae70ba207a67be379ae263841e476b275b0ffcd499b9a932,8.0,0.75,8.0,0.7415653755729036,4,2,0.375,0.0416666666666666,0.0208333333333333
non-private-reference,oracle,non-private,diagnostic,1,91fb296b4730b28854f98674539cdf633bda3a596ecc9683e2e33e3246f5930e,,2,6,1.0,0.75,0.75,0.75,0.75,0.75,0.747,0.5,False,0.5,0.4999999999999999,0.5,0.5000000000000001,,,non-private,0.0,1.0,0.0,0.0,0,0,0,0,0.0,inf,0.0588882000010926,0.0073426620335876,0.0073426620335876,handle_multiplicity,c89dba30a32c920dae70ba207a67be379ae263841e476b275b0ffcd499b9a932,8.0,0.75,8.0,0.7415653755729036,4,2,0.375,0.0416666666666666,0.0208333333333333
naive-claimed-c,this-work,unsafe-diagnostic,diagnostic,1,91fb296b4730b28854f98674539cdf633bda3a596ecc9683e2e33e3246f5930e,,2,6,1.0,0.75,0.75,0.75,0.75,0.75,0.747,0.5,False,0.5,0.4999999999999999,0.5,0.5000000000000001,,2.0,unsafe-diagnostic,1.0,1.0,0.5666857469948483,0.4333142530051517,1500,1498,0,2998,1.0,6.015168318739749,0.0424233000085223,0.0001865933335646,0.0002318509189163,handle_multiplicity,c89dba30a32c920dae70ba207a67be379ae263841e476b275b0ffcd499b9a932,8.0,0.75,8.0,0.7415653755729036,4,2,0.375,0.0416666666666666,0.0208333333333333
stable-local-fallback,this-work,user-certified,primary,2,91fb296b4730b28854f98674539cdf633bda3a596ecc9683e2e33e3246f5930e,0.0,2,6,1.0,0.75,0.75,0.75,0.75,0.75,0.747,0.5,False,0.5,0.4999999999999999,0.5,0.5000000000000001,1.0,1.0,plan-c,1.0,1.0,0.0,1.0,0,1747,0,1747,1.0,1.3887463718879882,0.0295762000023387,0.0005285778352787,0.0006279519917448,handle_multiplicity,c89dba30a32c920dae70ba207a67be379ae263841e476b275b0ffcd499b9a932,8.0,0.75,8.0,0.7415653755729036,4,2,0.375,0.0416666666666666,0.0208333333333333
handle-only-drop-residual,this-work,user-certified,primary,2,91fb296b4730b28854f98674539cdf633bda3a596ecc9683e2e33e3246f5930e,1.0,2,6,1.0,0.75,0.75,0.75,0.75,0.75,0.747,0.5,False,0.5,0.4999999999999999,0.5,0.5000000000000001,1.0,1.0,plan-c,1.0,0.5606754436176302,0.5606754436176302,0.0,1500,0,0,1500,1.0,4.373017492817056,0.0399343000026419,0.0003130948982063,0.0003832035048255,handle_multiplicity,c89dba30a32c920dae70ba207a67be379ae263841e476b275b0ffcd499b9a932,8.0,0.75,8.0,0.7415653755729036,4,2,0.375,0.0416666666666666,0.0208333333333333
unitscope-equal,this-work,user-certified,primary,2,91fb296b4730b28854f98674539cdf633bda3a596ecc9683e2e33e3246f5930e,0.25,2,6,1.0,0.75,0.75,0.75,0.75,0.75,0.747,0.5,False,0.5,0.4999999999999999,0.5,0.5000000000000001,1.0,1.0,plan-c,1.0,1.0,0.5606754436176302,0.4393245563823698,1500,1492,0,2992,1.0,1.845838663125422,0.0404204999940702,0.0004322463641298,0.0005273440971139,handle_multiplicity,c89dba30a32c920dae70ba207a67be379ae263841e476b275b0ffcd499b9a932,8.0,0.75,8.0,0.7415653755729036,4,2,0.375,0.0416666666666666,0.0208333333333333
unitscope-tuned,this-work,user-certified,primary,2,91fb296b4730b28854f98674539cdf633bda3a596ecc9683e2e33e3246f5930e,0.75,2,6,1.0,0.75,0.75,0.75,0.75,0.75,0.747,0.5,False,0.5,0.4999999999999999,0.5,0.5000000000000001,1.0,1.0,plan-c,1.0,1.0,0.5606754436176302,0.4393245563823698,1500,1492,0,2992,1.0,3.494575897663163,0.0403315000003203,0.0002941511422236,0.0003725894576311,handle_multiplicity,c89dba30a32c920dae70ba207a67be379ae263841e476b275b0ffcd499b9a932,8.0,0.75,8.0,0.7415653755729036,4,2,0.375,0.0416666666666666,0.0208333333333333
naive-recalibrated-2c,this-work,user-certified,primary,2,91fb296b4730b28854f98674539cdf633bda3a596ecc9683e2e33e3246f5930e,,2,6,1.0,0.75,0.75,0.75,0.75,0.75,0.747,0.5,False,0.5,0.4999999999999999,0.5,0.5000000000000001,2.0,2.0,plan-delta,2.0,1.0,0.5606754436176302,0.4393245563823698,1500,1492,0,2992,1.0,2.6407082693467925,0.0419789000006858,0.0001987961723892,0.0003677083462315,handle_multiplicity,c89dba30a32c920dae70ba207a67be379ae263841e476b275b0ffcd499b9a932,8.0,0.75,8.0,0.7415653755729036,4,2,0.375,0.0416666666666666,0.0208333333333333
full-identity-reference,oracle,oracle-assumption,full-identity-reference,2,91fb296b4730b28854f98674539cdf633bda3a596ecc9683e2e33e3246f5930e,,2,6,1.0,0.75,0.75,0.75,0.75,0.75,0.747,0.5,False,0.5,0.4999999999999999,0.5,0.5000000000000001,1.0,1.0,plan-c,1.0,1.0,0.0,0.0,0,0,0,1000,1.0,5.226547296873649,0.0510815000016009,0.0,3.507377284459695e-05,handle_multiplicity,c89dba30a32c920dae70ba207a67be379ae263841e476b275b0ffcd499b9a932,8.0,0.75,8.0,0.7415653755729036,4,2,0.375,0.0416666666666666,0.0208333333333333
non-private-reference,oracle,non-private,diagnostic,2,91fb296b4730b28854f98674539cdf633bda3a596ecc9683e2e33e3246f5930e,,2,6,1.0,0.75,0.75,0.75,0.75,0.75,0.747,0.5,False,0.5,0.4999999999999999,0.5,0.5000000000000001,,,non-private,0.0,1.0,0.0,0.0,0,0,0,0,0.0,inf,0.037325299999793,0.0078254975674038,0.0078254975674038,handle_multiplicity,c89dba30a32c920dae70ba207a67be379ae263841e476b275b0ffcd499b9a932,8.0,0.75,8.0,0.7415653755729036,4,2,0.375,0.0416666666666666,0.0208333333333333
naive-claimed-c,this-work,unsafe-diagnostic,diagnostic,2,91fb296b4730b28854f98674539cdf633bda3a596ecc9683e2e33e3246f5930e,,2,6,1.0,0.75,0.75,0.75,0.75,0.75,0.747,0.5,False,0.5,0.4999999999999999,0.5,0.5000000000000001,,2.0,unsafe-diagnostic,1.0,1.0,0.5606754436176302,0.4393245563823698,1500,1492,0,2992,1.0,5.281416538693585,0.0405475000006845,0.0001987961723892,0.0002481784864658,handle_multiplicity,c89dba30a32c920dae70ba207a67be379ae263841e476b275b0ffcd499b9a932,8.0,0.75,8.0,0.7415653755729036,4,2,0.375,0.0416666666666666,0.0208333333333333
stable-local-fallback,this-work,user-certified,primary,3,91fb296b4730b28854f98674539cdf633bda3a596ecc9683e2e33e3246f5930e,0.0,2,6,1.0,0.75,0.75,0.75,0.75,0.75,0.741,0.5,False,0.5,0.4999999999999999,0.5,0.5000000000000001,1.0,1.0,plan-c,1.0,1.0,0.0,1.0,0,1741,0,1741,1.0,1.5111175359665645,0.0300354999926639,0.0005631663816639,0.0005843348021632,handle_multiplicity,c89dba30a32c920dae70ba207a67be379ae263841e476b275b0ffcd499b9a932,8.0,0.75,8.0,0.7415653755729036,4,2,0.375,0.0416666666666666,0.0208333333333333
handle-only-drop-residual,this-work,user-certified,primary,3,91fb296b4730b28854f98674539cdf633bda3a596ecc9683e2e33e3246f5930e,1.0,2,6,1.0,0.75,0.75,0.75,0.75,0.75,0.741,0.5,False,0.5,0.4999999999999999,0.5,0.5000000000000001,1.0,1.0,plan-c,1.0,0.5651924181504883,0.5651924181504883,0.0,1500,0,0,1500,1.0,4.905176104133748,0.0411915000004228,0.0002546243866876,0.000297393699431,handle_multiplicity,c89dba30a32c920dae70ba207a67be379ae263841e476b275b0ffcd499b9a932,8.0,0.75,8.0,0.7415653755729036,4,2,0.375,0.0416666666666666,0.0208333333333333
unitscope-equal,this-work,user-certified,primary,3,91fb296b4730b28854f98674539cdf633bda3a596ecc9683e2e33e3246f5930e,0.25,2,6,1.0,0.75,0.75,0.75,0.75,0.75,0.741,0.5,False,0.5,0.4999999999999999,0.5,0.5000000000000001,1.0,1.0,plan-c,1.0,1.0,0.5651924181504883,0.4348075818495118,1500,1515,0,3015,1.0,2.0735515060884744,0.0410510000074282,0.000442599754052,0.0004711200704678,handle_multiplicity,c89dba30a32c920dae70ba207a67be379ae263841e476b275b0ffcd499b9a932,8.0,0.75,8.0,0.7415653755729036,4,2,0.375,0.0416666666666666,0.0208333333333333
unitscope-tuned,this-work,user-certified,primary,3,91fb296b4730b28854f98674539cdf633bda3a596ecc9683e2e33e3246f5930e,0.75,2,6,1.0,0.75,0.75,0.75,0.75,0.75,0.741,0.5,False,0.5,0.4999999999999999,0.5,0.5000000000000001,1.0,1.0,plan-c,1.0,1.0,0.5651924181504883,0.4348075818495118,1500,1515,0,3015,1.0,3.9281756784794295,0.0419961000006878,0.0002530330075492,0.00029105265485,handle_multiplicity,c89dba30a32c920dae70ba207a67be379ae263841e476b275b0ffcd499b9a932,8.0,0.75,8.0,0.7415653755729036,4,2,0.375,0.0416666666666666,0.0208333333333333
naive-recalibrated-2c,this-work,user-certified,primary,3,91fb296b4730b28854f98674539cdf633bda3a596ecc9683e2e33e3246f5930e,,2,6,1.0,0.75,0.75,0.75,0.75,0.75,0.741,0.5,False,0.5,0.4999999999999999,0.5,0.5000000000000001,2.0,2.0,plan-delta,2.0,1.0,0.5651924181504883,0.4348075818495118,1500,1515,0,3015,1.0,2.973805402668948,0.0405526999966241,0.0001582534615346,0.0003136109608086,handle_multiplicity,c89dba30a32c920dae70ba207a67be379ae263841e476b275b0ffcd499b9a932,8.0,0.75,8.0,0.7415653755729036,4,2,0.375,0.0416666666666666,0.0208333333333333
full-identity-reference,oracle,oracle-assumption,full-identity-reference,3,91fb296b4730b28854f98674539cdf633bda3a596ecc9683e2e33e3246f5930e,,2,6,1.0,0.75,0.75,0.75,0.75,0.75,0.741,0.5,False,0.5,0.4999999999999999,0.5,0.5000000000000001,1.0,1.0,plan-c,1.0,1.0,0.0,0.0,0,0,0,1000,1.0,5.7212359014939125,0.0478755999938584,0.0,3.1446569926141115e-05,handle_multiplicity,c89dba30a32c920dae70ba207a67be379ae263841e476b275b0ffcd499b9a932,8.0,0.75,8.0,0.7415653755729036,4,2,0.375,0.0416666666666666,0.0208333333333333
non-private-reference,oracle,non-private,diagnostic,3,91fb296b4730b28854f98674539cdf633bda3a596ecc9683e2e33e3246f5930e,,2,6,1.0,0.75,0.75,0.75,0.75,0.75,0.741,0.5,False,0.5,0.4999999999999999,0.5,0.5000000000000001,,,non-private,0.0,1.0,0.0,0.0,0,0,0,0,0.0,inf,0.0398388000030536,0.0081726000351933,0.0081726000351933,handle_multiplicity,c89dba30a32c920dae70ba207a67be379ae263841e476b275b0ffcd499b9a932,8.0,0.75,8.0,0.7415653755729036,4,2,0.375,0.0416666666666666,0.0208333333333333
naive-claimed-c,this-work,unsafe-diagnostic,diagnostic,3,91fb296b4730b28854f98674539cdf633bda3a596ecc9683e2e33e3246f5930e,,2,6,1.0,0.75,0.75,0.75,0.75,0.75,0.741,0.5,False,0.5,0.4999999999999999,0.5,0.5000000000000001,,2.0,unsafe-diagnostic,1.0,1.0,0.5651924181504883,0.4348075818495118,1500,1515,0,3015,1.0,5.947610805337896,0.0422504000016488,0.0001582534615346,0.0002044856412455,handle_multiplicity,c89dba30a32c920dae70ba207a67be379ae263841e476b275b0ffcd499b9a932,8.0,0.75,8.0,0.7415653755729036,4,2,0.375,0.0416666666666666,0.0208333333333333
stable-local-fallback,this-work,user-certified,primary,4,91fb296b4730b28854f98674539cdf633bda3a596ecc9683e2e33e3246f5930e,0.0,2,6,1.0,0.75,0.75,0.75,0.75,0.75,0.773,0.5,False,0.5,0.4999999999999999,0.5,0.5000000000000001,1.0,1.0,plan-c,1.0,1.0,0.0,1.0,0,1773,0,1773,1.0,1.3529369732902343,0.0303902000014204,0.0005111901857858,0.0005101699846916,handle_multiplicity,c89dba30a32c920dae70ba207a67be379ae263841e476b275b0ffcd499b9a932,8.0,0.75,8.0,0.7415653755729036,4,2,0.375,0.0416666666666666,0.0208333333333333
handle-only-drop-residual,this-work,user-certified,primary,4,91fb296b4730b28854f98674539cdf633bda3a596ecc9683e2e33e3246f5930e,1.0,2,6,1.0,0.75,0.75,0.75,0.75,0.75,0.773,0.5,False,0.5,0.4999999999999999,0.5,0.5000000000000001,1.0,1.0,plan-c,1.0,0.5651438240270727,0.5651438240270727,0.0,1500,0,0,1500,1.0,4.531428463627441,0.0416543000028468,0.0002502736493964,0.0002500388985651,handle_multiplicity,c89dba30a32c920dae70ba207a67be379ae263841e476b275b0ffcd499b9a932,8.0,0.75,8.0,0.7415653755729036,4,2,0.375,0.0416666666666666,0.0208333333333333
unitscope-equal,this-work,user-certified,primary,4,91fb296b4730b28854f98674539cdf633bda3a596ecc9683e2e33e3246f5930e,0.25,2,6,1.0,0.75,0.75,0.75,0.75,0.75,0.773,0.5,False,0.5,0.4999999999999999,0.5,0.5000000000000001,1.0,1.0,plan-c,1.0,1.0,0.5651438240270727,0.4348561759729272,1500,1496,0,2996,1.0,1.8786209959782467,0.0412901999952737,0.0004035752720501,0.0004051363619053,handle_multiplicity,c89dba30a32c920dae70ba207a67be379ae263841e476b275b0ffcd499b9a932,8.0,0.75,8.0,0.7415653755729036,4,2,0.375,0.0416666666666666,0.0208333333333333
unitscope-tuned,this-work,user-certified,primary,4,91fb296b4730b28854f98674539cdf633bda3a596ecc9683e2e33e3246f5930e,0.75,2,6,1.0,0.75,0.75,0.75,0.75,0.75,0.773,0.5,False,0.5,0.4999999999999999,0.5,0.5000000000000001,1.0,1.0,plan-c,1.0,1.0,0.5651438240270727,0.4348561759729272,1500,1496,0,2996,1.0,3.613230956067232,0.0436440000048605,0.0002389050442566,0.0002392689069874,handle_multiplicity,c89dba30a32c920dae70ba207a67be379ae263841e476b275b0ffcd499b9a932,8.0,0.75,8.0,0.7415653755729036,4,2,0.375,0.0416666666666666,0.0208333333333333
naive-recalibrated-2c,this-work,user-certified,primary,4,91fb296b4730b28854f98674539cdf633bda3a596ecc9683e2e33e3246f5930e,,2,6,1.0,0.75,0.75,0.75,0.75,0.75,0.773,0.5,False,0.5,0.4999999999999999,0.5,0.5000000000000001,2.0,2.0,plan-delta,2.0,1.0,0.5651438240270727,0.4348561759729272,1500,1496,0,2996,1.0,2.71794571635791,0.0446469000016804,0.0001659148022438,0.0002669372894102,handle_multiplicity,c89dba30a32c920dae70ba207a67be379ae263841e476b275b0ffcd499b9a932,8.0,0.75,8.0,0.7415653755729036,4,2,0.375,0.0416666666666666,0.0208333333333333
full-identity-reference,oracle,oracle-assumption,full-identity-reference,4,91fb296b4730b28854f98674539cdf633bda3a596ecc9683e2e33e3246f5930e,,2,6,1.0,0.75,0.75,0.75,0.75,0.75,0.773,0.5,False,0.5,0.4999999999999999,0.5,0.5000000000000001,1.0,1.0,plan-c,1.0,1.0,0.0,0.0,0,0,0,1000,1.0,5.1743518703122815,0.0499800999969011,0.0,3.450958520111424e-05,handle_multiplicity,c89dba30a32c920dae70ba207a67be379ae263841e476b275b0ffcd499b9a932,8.0,0.75,8.0,0.7415653755729036,4,2,0.375,0.0416666666666666,0.0208333333333333
non-private-reference,oracle,non-private,diagnostic,4,91fb296b4730b28854f98674539cdf633bda3a596ecc9683e2e33e3246f5930e,,2,6,1.0,0.75,0.75,0.75,0.75,0.75,0.773,0.5,False,0.5,0.4999999999999999,0.5,0.5000000000000001,,,non-private,0.0,1.0,0.0,0.0,0,0,0,0,0.0,inf,0.0388117999973474,0.00716895177583,0.00716895177583,handle_multiplicity,c89dba30a32c920dae70ba207a67be379ae263841e476b275b0ffcd499b9a932,8.0,0.75,8.0,0.7415653755729036,4,2,0.375,0.0416666666666666,0.0208333333333333
naive-claimed-c,this-work,unsafe-diagnostic,diagnostic,4,91fb296b4730b28854f98674539cdf633bda3a596ecc9683e2e33e3246f5930e,,2,6,1.0,0.75,0.75,0.75,0.75,0.75,0.773,0.5,False,0.5,0.4999999999999999,0.5,0.5000000000000001,,2.0,unsafe-diagnostic,1.0,1.0,0.5651438240270727,0.4348561759729272,1500,1496,0,2996,1.0,5.43589143271582,0.0414121000067098,0.0001659148022438,0.0001819164606259,handle_multiplicity,c89dba30a32c920dae70ba207a67be379ae263841e476b275b0ffcd499b9a932,8.0,0.75,8.0,0.7415653755729036,4,2,0.375,0.0416666666666666,0.0208333333333333
stable-local-fallback,this-work,user-certified,primary,5,91fb296b4730b28854f98674539cdf633bda3a596ecc9683e2e33e3246f5930e,0.0,2,6,1.0,0.75,0.75,0.75,0.75,0.75,0.744,0.5,False,0.5,0.4999999999999999,0.5,0.5000000000000001,1.0,1.0,plan-c,1.0,1.0,0.0,1.0,0,1744,0,1744,1.0,1.1706844260748523,0.0489015999919502,0.000540638619692,0.0005237654125934,handle_multiplicity,c89dba30a32c920dae70ba207a67be379ae263841e476b275b0ffcd499b9a932,8.0,0.75,8.0,0.7415653755729036,4,2,0.375,0.0416666666666666,0.0208333333333333
handle-only-drop-residual,this-work,user-certified,primary,5,91fb296b4730b28854f98674539cdf633bda3a596ecc9683e2e33e3246f5930e,1.0,2,6,1.0,0.75,0.75,0.75,0.75,0.75,0.744,0.5,False,0.5,0.4999999999999999,0.5,0.5000000000000001,1.0,1.0,plan-c,1.0,0.5629300458715596,0.5629300458715596,0.0,1500,0,0,1500,1.0,4.121910013752284,0.0400537999958032,0.0002415919786618,0.0002671575626746,handle_multiplicity,c89dba30a32c920dae70ba207a67be379ae263841e476b275b0ffcd499b9a932,8.0,0.75,8.0,0.7415653755729036,4,2,0.375,0.0416666666666666,0.0208333333333333
unitscope-equal,this-work,user-certified,primary,5,91fb296b4730b28854f98674539cdf633bda3a596ecc9683e2e33e3246f5930e,0.25,2,6,1.0,0.75,0.75,0.75,0.75,0.75,0.744,0.5,False,0.5,0.4999999999999999,0.5,0.5000000000000001,1.0,1.0,plan-c,1.0,1.0,0.5629300458715596,0.4370699541284403,1500,1494,0,2994,1.0,1.705828894146849,0.0413692000001901,0.0004030780410461,0.0003974405869665,handle_multiplicity,c89dba30a32c920dae70ba207a67be379ae263841e476b275b0ffcd499b9a932,8.0,0.75,8.0,0.7415653755729036,4,2,0.375,0.0416666666666666,0.0208333333333333
unitscope-tuned,this-work,user-certified,primary,5,91fb296b4730b28854f98674539cdf633bda3a596ecc9683e2e33e3246f5930e,0.75,2,6,1.0,0.75,0.75,0.75,0.75,0.75,0.744,0.5,False,0.5,0.4999999999999999,0.5,0.5000000000000001,1.0,1.0,plan-c,1.0,1.0,0.5629300458715596,0.4370699541284403,1500,1494,0,2994,1.0,3.293297280463994,0.0404192999994847,0.0002292917081212,0.0002444562794366,handle_multiplicity,c89dba30a32c920dae70ba207a67be379ae263841e476b275b0ffcd499b9a932,8.0,0.75,8.0,0.7415653755729036,4,2,0.375,0.0416666666666666,0.0208333333333333
naive-recalibrated-2c,this-work,user-certified,primary,5,91fb296b4730b28854f98674539cdf633bda3a596ecc9683e2e33e3246f5930e,,2,6,1.0,0.75,0.75,0.75,0.75,0.75,0.744,0.5,False,0.5,0.4999999999999999,0.5,0.5000000000000001,2.0,2.0,plan-delta,2.0,1.0,0.5629300458715596,0.4370699541284403,1500,1494,0,2994,1.0,2.480398555821864,0.0407262000080663,0.0001739945251618,0.0003604578017782,handle_multiplicity,c89dba30a32c920dae70ba207a67be379ae263841e476b275b0ffcd499b9a932,8.0,0.75,8.0,0.7415653755729036,4,2,0.375,0.0416666666666666,0.0208333333333333
full-identity-reference,oracle,oracle-assumption,full-identity-reference,5,91fb296b4730b28854f98674539cdf633bda3a596ecc9683e2e33e3246f5930e,,2,6,1.0,0.75,0.75,0.75,0.75,0.75,0.744,0.5,False,0.5,0.4999999999999999,0.5,0.5000000000000001,1.0,1.0,plan-c,1.0,1.0,0.0,0.0,0,0,0,1000,1.0,4.57283826456024,0.0467748999944888,0.0,4.5577724790732e-05,handle_multiplicity,c89dba30a32c920dae70ba207a67be379ae263841e476b275b0ffcd499b9a932,8.0,0.75,8.0,0.7415653755729036,4,2,0.375,0.0416666666666666,0.0208333333333333
non-private-reference,oracle,non-private,diagnostic,5,91fb296b4730b28854f98674539cdf633bda3a596ecc9683e2e33e3246f5930e,,2,6,1.0,0.75,0.75,0.75,0.75,0.75,0.744,0.5,False,0.5,0.4999999999999999,0.5,0.5000000000000001,,,non-private,0.0,1.0,0.0,0.0,0,0,0,0,0.0,inf,0.0372152000054484,0.0070671958038883,0.0070671958038883,handle_multiplicity,c89dba30a32c920dae70ba207a67be379ae263841e476b275b0ffcd499b9a932,8.0,0.75,8.0,0.7415653755729036,4,2,0.375,0.0416666666666666,0.0208333333333333
naive-claimed-c,this-work,unsafe-diagnostic,diagnostic,5,91fb296b4730b28854f98674539cdf633bda3a596ecc9683e2e33e3246f5930e,,2,6,1.0,0.75,0.75,0.75,0.75,0.75,0.744,0.5,False,0.5,0.4999999999999999,0.5,0.5000000000000001,,2.0,unsafe-diagnostic,1.0,1.0,0.5629300458715596,0.4370699541284403,1500,1494,0,2994,1.0,4.960797111643728,0.041865899998811,0.0001739945251618,0.0002216484386792,handle_multiplicity,c89dba30a32c920dae70ba207a67be379ae263841e476b275b0ffcd499b9a932,8.0,0.75,8.0,0.7415653755729036,4,2,0.375,0.0416666666666666,0.0208333333333333
stable-local-fallback,this-work,user-certified,primary,6,91fb296b4730b28854f98674539cdf633bda3a596ecc9683e2e33e3246f5930e,0.0,2,6,1.0,0.75,0.75,0.75,0.75,0.75,0.74,0.5,False,0.5,0.4999999999999999,0.5,0.5000000000000001,1.0,1.0,plan-c,1.0,1.0,0.0,1.0,0,1740,0,1740,1.0,1.7646914039888515,0.029724799998803,0.0007231334034477,0.0007078430672274,handle_multiplicity,c89dba30a32c920dae70ba207a67be379ae263841e476b275b0ffcd499b9a932,8.0,0.75,8.0,0.7415653755729036,4,2,0.375,0.0416666666666666,0.0208333333333333
handle-only-drop-residual,this-work,user-certified,primary,6,91fb296b4730b28854f98674539cdf633bda3a596ecc9683e2e33e3246f5930e,1.0,2,6,1.0,0.75,0.75,0.75,0.75,0.75,0.74,0.5,False,0.5,0.4999999999999999,0.5,0.5000000000000001,1.0,1.0,plan-c,1.0,0.5672413793103448,0.5672413793103448,0.0,1500,0,0,1500,1.0,5.326142891910682,0.0414368999918224,0.0002724948250742,0.0002922173716669,handle_multiplicity,c89dba30a32c920dae70ba207a67be379ae263841e476b275b0ffcd499b9a932,8.0,0.75,8.0,0.7415653755729036,4,2,0.375,0.0416666666666666,0.0208333333333333
unitscope-equal,this-work,user-certified,primary,6,91fb296b4730b28854f98674539cdf633bda3a596ecc9683e2e33e3246f5930e,0.25,2,6,1.0,0.75,0.75,0.75,0.75,0.75,0.74,0.5,False,0.5,0.4999999999999999,0.5,0.5000000000000001,1.0,1.0,plan-c,1.0,1.0,0.5672413793103448,0.4327586206896551,1500,1515,0,3015,1.0,2.3848512869103784,0.0635916000028373,0.000578870550428,0.0005701281160218,handle_multiplicity,c89dba30a32c920dae70ba207a67be379ae263841e476b275b0ffcd499b9a932,8.0,0.75,8.0,0.7415653755729036,4,2,0.375,0.0416666666666666,0.0208333333333333
unitscope-tuned,this-work,user-certified,primary,6,91fb296b4730b28854f98674539cdf633bda3a596ecc9683e2e33e3246f5930e,0.75,2,6,1.0,0.75,0.75,0.75,0.75,0.75,0.74,0.5,False,0.5,0.4999999999999999,0.5,0.5000000000000001,1.0,1.0,plan-c,1.0,1.0,0.5672413793103448,0.4327586206896551,1500,1515,0,3015,1.0,4.319418150496564,0.0424786000075982,0.0003138348004165,0.0003240690200095,handle_multiplicity,c89dba30a32c920dae70ba207a67be379ae263841e476b275b0ffcd499b9a932,8.0,0.75,8.0,0.7415653755729036,4,2,0.375,0.0416666666666666,0.0208333333333333
naive-recalibrated-2c,this-work,user-certified,primary,6,91fb296b4730b28854f98674539cdf633bda3a596ecc9683e2e33e3246f5930e,,2,6,1.0,0.75,0.75,0.75,0.75,0.75,0.74,0.5,False,0.5,0.4999999999999999,0.5,0.5000000000000001,2.0,2.0,plan-delta,2.0,1.0,0.5672413793103448,0.4327586206896551,1500,1515,0,3015,1.0,3.3312578721430395,0.0418001999933039,0.0001558010154726,0.0002675553290172,handle_multiplicity,c89dba30a32c920dae70ba207a67be379ae263841e476b275b0ffcd499b9a932,8.0,0.75,8.0,0.7415653755729036,4,2,0.375,0.0416666666666666,0.0208333333333333
full-identity-reference,oracle,oracle-assumption,full-identity-reference,6,91fb296b4730b28854f98674539cdf633bda3a596ecc9683e2e33e3246f5930e,,2,6,1.0,0.75,0.75,0.75,0.75,0.75,0.74,0.5,False,0.5,0.4999999999999999,0.5,0.5000000000000001,1.0,1.0,plan-c,1.0,1.0,0.0,0.0,0,0,0,1000,1.0,6.790644185865934,0.0474429000023519,0.0,2.826786766778013e-05,handle_multiplicity,c89dba30a32c920dae70ba207a67be379ae263841e476b275b0ffcd499b9a932,8.0,0.75,8.0,0.7415653755729036,4,2,0.375,0.0416666666666666,0.0208333333333333
non-private-reference,oracle,non-private,diagnostic,6,91fb296b4730b28854f98674539cdf633bda3a596ecc9683e2e33e3246f5930e,,2,6,1.0,0.75,0.75,0.75,0.75,0.75,0.74,0.5,False,0.5,0.4999999999999999,0.5,0.5000000000000001,,,non-private,0.0,1.0,0.0,0.0,0,0,0,0,0.0,inf,0.0363513000047532,0.0099323259993231,0.0099323259993231,handle_multiplicity,c89dba30a32c920dae70ba207a67be379ae263841e476b275b0ffcd499b9a932,8.0,0.75,8.0,0.7415653755729036,4,2,0.375,0.0416666666666666,0.0208333333333333
naive-claimed-c,this-work,unsafe-diagnostic,diagnostic,6,91fb296b4730b28854f98674539cdf633bda3a596ecc9683e2e33e3246f5930e,,2,6,1.0,0.75,0.75,0.75,0.75,0.75,0.74,0.5,False,0.5,0.4999999999999999,0.5,0.5000000000000001,,2.0,unsafe-diagnostic,1.0,1.0,0.5672413793103448,0.4327586206896551,1500,1515,0,3015,1.0,6.662515744286079,0.0406931000034092,0.0001558010154726,0.0001834103045771,handle_multiplicity,c89dba30a32c920dae70ba207a67be379ae263841e476b275b0ffcd499b9a932,8.0,0.75,8.0,0.7415653755729036,4,2,0.375,0.0416666666666666,0.0208333333333333
stable-local-fallback,this-work,user-certified,primary,7,91fb296b4730b28854f98674539cdf633bda3a596ecc9683e2e33e3246f5930e,0.0,2,6,1.0,0.75,0.75,0.75,0.75,0.75,0.753,0.5,False,0.5,0.4999999999999999,0.5,0.5000000000000001,1.0,1.0,plan-c,1.0,1.0,0.0,1.0,0,1753,0,1753,1.0,1.398126066405,0.0295672999927774,0.0004898665097974,0.0005460793841884,handle_multiplicity,c89dba30a32c920dae70ba207a67be379ae263841e476b275b0ffcd499b9a932,8.0,0.75,8.0,0.7415653755729036,4,2,0.375,0.0416666666666666,0.0208333333333333
handle-only-drop-residual,this-work,user-certified,primary,7,91fb296b4730b28854f98674539cdf633bda3a596ecc9683e2e33e3246f5930e,1.0,2,6,1.0,0.75,0.75,0.75,0.75,0.75,0.753,0.5,False,0.5,0.4999999999999999,0.5,0.5000000000000001,1.0,1.0,plan-c,1.0,0.5583285795778665,0.5583285795778665,0.0,1500,0,0,1500,1.0,4.643849272815187,0.0405459000030532,0.0002718642306565,0.0003656164044765,handle_multiplicity,c89dba30a32c920dae70ba207a67be379ae263841e476b275b0ffcd499b9a932,8.0,0.75,8.0,0.7415653755729036,4,2,0.375,0.0416666666666666,0.0208333333333333
unitscope-equal,this-work,user-certified,primary,7,91fb296b4730b28854f98674539cdf633bda3a596ecc9683e2e33e3246f5930e,0.25,2,6,1.0,0.75,0.75,0.75,0.75,0.75,0.753,0.5,False,0.5,0.4999999999999999,0.5,0.5000000000000001,1.0,1.0,plan-c,1.0,1.0,0.5583285795778665,0.4416714204221335,1500,1508,0,3008,1.0,1.9537809938100452,0.0411158000060822,0.0003801530028149,0.0004405733360388,handle_multiplicity,c89dba30a32c920dae70ba207a67be379ae263841e476b275b0ffcd499b9a932,8.0,0.75,8.0,0.7415653755729036,4,2,0.375,0.0416666666666666,0.0208333333333333
unitscope-tuned,this-work,user-certified,primary,7,91fb296b4730b28854f98674539cdf633bda3a596ecc9683e2e33e3246f5930e,0.75,2,6,1.0,0.75,0.75,0.75,0.75,0.75,0.753,0.5,False,0.5,0.4999999999999999,0.5,0.5000000000000001,1.0,1.0,plan-c,1.0,1.0,0.5583285795778665,0.4416714204221335,1500,1508,0,3008,1.0,3.716077373139033,0.0406656999984988,0.0002491785283503,0.0003318200886382,handle_multiplicity,c89dba30a32c920dae70ba207a67be379ae263841e476b275b0ffcd499b9a932,8.0,0.75,8.0,0.7415653755729036,4,2,0.375,0.0416666666666666,0.0208333333333333
naive-recalibrated-2c,this-work,user-certified,primary,7,91fb296b4730b28854f98674539cdf633bda3a596ecc9683e2e33e3246f5930e,,2,6,1.0,0.75,0.75,0.75,0.75,0.75,0.753,0.5,False,0.5,0.4999999999999999,0.5,0.5000000000000001,2.0,2.0,plan-delta,2.0,1.0,0.5583285795778665,0.4416714204221335,1500,1508,0,3008,1.0,2.809484960665386,0.0622581999923568,0.0001878201963157,0.0004131811662741,handle_multiplicity,c89dba30a32c920dae70ba207a67be379ae263841e476b275b0ffcd499b9a932,8.0,0.75,8.0,0.7415653755729036,4,2,0.375,0.0416666666666666,0.0208333333333333
full-identity-reference,oracle,oracle-assumption,full-identity-reference,7,91fb296b4730b28854f98674539cdf633bda3a596ecc9683e2e33e3246f5930e,,2,6,1.0,0.75,0.75,0.75,0.75,0.75,0.753,0.5,False,0.5,0.4999999999999999,0.5,0.5000000000000001,1.0,1.0,plan-c,1.0,1.0,0.0,0.0,0,0,0,1000,1.0,5.269456490207377,0.046989599999506,0.0,3.194533304464665e-05,handle_multiplicity,c89dba30a32c920dae70ba207a67be379ae263841e476b275b0ffcd499b9a932,8.0,0.75,8.0,0.7415653755729036,4,2,0.375,0.0416666666666666,0.0208333333333333
non-private-reference,oracle,non-private,diagnostic,7,91fb296b4730b28854f98674539cdf633bda3a596ecc9683e2e33e3246f5930e,,2,6,1.0,0.75,0.75,0.75,0.75,0.75,0.753,0.5,False,0.5,0.4999999999999999,0.5,0.5000000000000001,,,non-private,0.0,1.0,0.0,0.0,0,0,0,0,0.0,inf,0.0398853999940911,0.0072173092233556,0.0072173092233556,handle_multiplicity,c89dba30a32c920dae70ba207a67be379ae263841e476b275b0ffcd499b9a932,8.0,0.75,8.0,0.7415653755729036,4,2,0.375,0.0416666666666666,0.0208333333333333
naive-claimed-c,this-work,unsafe-diagnostic,diagnostic,7,91fb296b4730b28854f98674539cdf633bda3a596ecc9683e2e33e3246f5930e,,2,6,1.0,0.75,0.75,0.75,0.75,0.75,0.753,0.5,False,0.5,0.4999999999999999,0.5,0.5000000000000001,,2.0,unsafe-diagnostic,1.0,1.0,0.5583285795778665,0.4416714204221335,1500,1508,0,3008,1.0,5.618969921330772,0.0404236000031232,0.0001878201963157,0.0002685553482503,handle_multiplicity,c89dba30a32c920dae70ba207a67be379ae263841e476b275b0ffcd499b9a932,8.0,0.75,8.0,0.7415653755729036,4,2,0.375,0.0416666666666666,0.0208333333333333
stable-local-fallback,this-work,user-certified,primary,8,91fb296b4730b28854f98674539cdf633bda3a596ecc9683e2e33e3246f5930e,0.0,2,6,1.0,0.75,0.75,0.75,0.75,0.75,0.74,0.5,False,0.5,0.4999999999999999,0.5,0.5000000000000001,1.0,1.0,plan-c,1.0,1.0,0.0,1.0,0,1740,0,1740,1.0,1.6003073603879787,0.0354492000042228,0.0007161305023071,0.0008973844084825,handle_multiplicity,c89dba30a32c920dae70ba207a67be379ae263841e476b275b0ffcd499b9a932,8.0,0.75,8.0,0.7415653755729036,4,2,0.375,0.0416666666666666,0.0208333333333333
handle-only-drop-residual,this-work,user-certified,primary,8,91fb296b4730b28854f98674539cdf633bda3a596ecc9683e2e33e3246f5930e,1.0,2,6,1.0,0.75,0.75,0.75,0.75,0.75,0.74,0.5,False,0.5,0.4999999999999999,0.5,0.5000000000000001,1.0,1.0,plan-c,1.0,0.5620689655172414,0.5620689655172414,0.0,1500,0,0,1500,1.0,5.342259699194591,0.0451383000036003,0.0001976408251581,0.0002790002777817,handle_multiplicity,c89dba30a32c920dae70ba207a67be379ae263841e476b275b0ffcd499b9a932,8.0,0.75,8.0,0.7415653755729036,4,2,0.375,0.0416666666666666,0.0208333333333333
unitscope-equal,this-work,user-certified,primary,8,91fb296b4730b28854f98674539cdf633bda3a596ecc9683e2e33e3246f5930e,0.25,2,6,1.0,0.75,0.75,0.75,0.75,0.75,0.74,0.5,False,0.5,0.4999999999999999,0.5,0.5000000000000001,1.0,1.0,plan-c,1.0,1.0,0.5620689655172414,0.4379310344827586,1500,1484,0,2984,1.0,2.2834216726421284,0.0408190000016475,0.0005193194475094,0.0006836133586825,handle_multiplicity,c89dba30a32c920dae70ba207a67be379ae263841e476b275b0ffcd499b9a932,8.0,0.75,8.0,0.7415653755729036,4,2,0.375,0.0416666666666666,0.0208333333333333
unitscope-tuned,this-work,user-certified,primary,8,91fb296b4730b28854f98674539cdf633bda3a596ecc9683e2e33e3246f5930e,0.75,2,6,1.0,0.75,0.75,0.75,0.75,0.75,0.74,0.5,False,0.5,0.4999999999999999,0.5,0.5000000000000001,1.0,1.0,plan-c,1.0,1.0,0.5620689655172414,0.4379310344827586,1500,1484,0,2984,1.0,4.304198921148941,0.0398067999922204,0.0002178360696685,0.0003268403418086,handle_multiplicity,c89dba30a32c920dae70ba207a67be379ae263841e476b275b0ffcd499b9a932,8.0,0.75,8.0,0.7415653755729036,4,2,0.375,0.0416666666666666,0.0208333333333333
naive-recalibrated-2c,this-work,user-certified,primary,8,91fb296b4730b28854f98674539cdf633bda3a596ecc9683e2e33e3246f5930e,,2,6,1.0,0.75,0.75,0.75,0.75,0.75,0.74,0.5,False,0.5,0.4999999999999999,0.5,0.5000000000000001,2.0,2.0,plan-delta,2.0,1.0,0.5620689655172414,0.4379310344827586,1500,1484,0,2984,1.0,3.278854520505205,0.0400601000001188,0.0001488723235529,0.0003046863727673,handle_multiplicity,c89dba30a32c920dae70ba207a67be379ae263841e476b275b0ffcd499b9a932,8.0,0.75,8.0,0.7415653755729036,4,2,0.375,0.0416666666666666,0.0208333333333333
full-identity-reference,oracle,oracle-assumption,full-identity-reference,8,91fb296b4730b28854f98674539cdf633bda3a596ecc9683e2e33e3246f5930e,,2,6,1.0,0.75,0.75,0.75,0.75,0.75,0.74,0.5,False,0.5,0.4999999999999999,0.5,0.5000000000000001,1.0,1.0,plan-c,1.0,1.0,0.0,0.0,0,0,0,1000,1.0,5.864605105890776,0.0479350999958114,0.0,3.8881419776576925e-05,handle_multiplicity,c89dba30a32c920dae70ba207a67be379ae263841e476b275b0ffcd499b9a932,8.0,0.75,8.0,0.7415653755729036,4,2,0.375,0.0416666666666666,0.0208333333333333
non-private-reference,oracle,non-private,diagnostic,8,91fb296b4730b28854f98674539cdf633bda3a596ecc9683e2e33e3246f5930e,,2,6,1.0,0.75,0.75,0.75,0.75,0.75,0.74,0.5,False,0.5,0.4999999999999999,0.5,0.5000000000000001,,,non-private,0.0,1.0,0.0,0.0,0,0,0,0,0.0,inf,0.0366630999924382,0.011606768366204,0.011606768366204,handle_multiplicity,c89dba30a32c920dae70ba207a67be379ae263841e476b275b0ffcd499b9a932,8.0,0.75,8.0,0.7415653755729036,4,2,0.375,0.0416666666666666,0.0208333333333333
naive-claimed-c,this-work,unsafe-diagnostic,diagnostic,8,91fb296b4730b28854f98674539cdf633bda3a596ecc9683e2e33e3246f5930e,,2,6,1.0,0.75,0.75,0.75,0.75,0.75,0.74,0.5,False,0.5,0.4999999999999999,0.5,0.5000000000000001,,2.0,unsafe-diagnostic,1.0,1.0,0.5620689655172414,0.4379310344827586,1500,1484,0,2984,1.0,6.557709041010411,0.0617023000086192,0.0001488723235529,0.0001878979283836,handle_multiplicity,c89dba30a32c920dae70ba207a67be379ae263841e476b275b0ffcd499b9a932,8.0,0.75,8.0,0.7415653755729036,4,2,0.375,0.0416666666666666,0.0208333333333333
stable-local-fallback,this-work,user-certified,primary,9,91fb296b4730b28854f98674539cdf633bda3a596ecc9683e2e33e3246f5930e,0.0,2,6,1.0,0.75,0.75,0.75,0.75,0.75,0.727,0.5,False,0.5,0.4999999999999999,0.5,0.5000000000000001,1.0,1.0,plan-c,1.0,1.0,0.0,1.0,0,1727,0,1727,1.0,1.488732876644583,0.0290392000024439,0.000513366796915,0.0005545727289295,handle_multiplicity,c89dba30a32c920dae70ba207a67be379ae263841e476b275b0ffcd499b9a932,8.0,0.75,8.0,0.7415653755729036,4,2,0.375,0.0416666666666666,0.0208333333333333
handle-only-drop-residual,this-work,user-certified,primary,9,91fb296b4730b28854f98674539cdf633bda3a596ecc9683e2e33e3246f5930e,1.0,2,6,1.0,0.75,0.75,0.75,0.75,0.75,0.727,0.5,False,0.5,0.4999999999999999,0.5,0.5000000000000001,1.0,1.0,plan-c,1.0,0.5632599884192241,0.5632599884192241,0.0,1500,0,0,1500,1.0,4.688524093692326,0.0408527000108733,0.0002378179663694,0.0002809841800963,handle_multiplicity,c89dba30a32c920dae70ba207a67be379ae263841e476b275b0ffcd499b9a932,8.0,0.75,8.0,0.7415653755729036,4,2,0.375,0.0416666666666666,0.0208333333333333
unitscope-equal,this-work,user-certified,primary,9,91fb296b4730b28854f98674539cdf633bda3a596ecc9683e2e33e3246f5930e,0.25,2,6,1.0,0.75,0.75,0.75,0.75,0.75,0.727,0.5,False,0.5,0.4999999999999999,0.5,0.5000000000000001,1.0,1.0,plan-c,1.0,1.0,0.5632599884192241,0.4367400115807759,1500,1500,0,3000,1.0,2.026564237659226,0.0429172999865841,0.000409067278418,0.0004496684714881,handle_multiplicity,c89dba30a32c920dae70ba207a67be379ae263841e476b275b0ffcd499b9a932,8.0,0.75,8.0,0.7415653755729036,4,2,0.375,0.0416666666666666,0.0208333333333333
unitscope-tuned,this-work,user-certified,primary,9,91fb296b4730b28854f98674539cdf633bda3a596ecc9683e2e33e3246f5930e,0.75,2,6,1.0,0.75,0.75,0.75,0.75,0.75,0.727,0.5,False,0.5,0.4999999999999999,0.5,0.5000000000000001,1.0,1.0,plan-c,1.0,1.0,0.5632599884192241,0.4367400115807759,1500,1500,0,3000,1.0,3.77322722558285,0.0403648999927099,0.000242918905887,0.0002852301127283,handle_multiplicity,c89dba30a32c920dae70ba207a67be379ae263841e476b275b0ffcd499b9a932,8.0,0.75,8.0,0.7415653755729036,4,2,0.375,0.0416666666666666,0.0208333333333333
naive-recalibrated-2c,this-work,user-certified,primary,9,91fb296b4730b28854f98674539cdf633bda3a596ecc9683e2e33e3246f5930e,,2,6,1.0,0.75,0.75,0.75,0.75,0.75,0.727,0.5,False,0.5,0.4999999999999999,0.5,0.5000000000000001,2.0,2.0,plan-delta,2.0,1.0,0.5632599884192241,0.4367400115807759,1500,1500,0,3000,1.0,2.877292449500912,0.0420339999982388,0.0001534881223033,0.0002912832421892,handle_multiplicity,c89dba30a32c920dae70ba207a67be379ae263841e476b275b0ffcd499b9a932,8.0,0.75,8.0,0.7415653755729036,4,2,0.375,0.0416666666666666,0.0208333333333333
full-identity-reference,oracle,oracle-assumption,full-identity-reference,9,91fb296b4730b28854f98674539cdf633bda3a596ecc9683e2e33e3246f5930e,,2,6,1.0,0.75,0.75,0.75,0.75,0.75,0.727,0.5,False,0.5,0.4999999999999999,0.5,0.5000000000000001,1.0,1.0,plan-c,1.0,1.0,0.0,0.0,0,0,0,1000,1.0,5.648362060019918,0.0495476000069174,0.0,2.9095863668243848e-05,handle_multiplicity,c89dba30a32c920dae70ba207a67be379ae263841e476b275b0ffcd499b9a932,8.0,0.75,8.0,0.7415653755729036,4,2,0.375,0.0416666666666666,0.0208333333333333
non-private-reference,oracle,non-private,diagnostic,9,91fb296b4730b28854f98674539cdf633bda3a596ecc9683e2e33e3246f5930e,,2,6,1.0,0.75,0.75,0.75,0.75,0.75,0.727,0.5,False,0.5,0.4999999999999999,0.5,0.5000000000000001,,,non-private,0.0,1.0,0.0,0.0,0,0,0,0,0.0,inf,0.0377856999984942,0.0073968073962336,0.0073968073962336,handle_multiplicity,c89dba30a32c920dae70ba207a67be379ae263841e476b275b0ffcd499b9a932,8.0,0.75,8.0,0.7415653755729036,4,2,0.375,0.0416666666666666,0.0208333333333333
naive-claimed-c,this-work,unsafe-diagnostic,diagnostic,9,91fb296b4730b28854f98674539cdf633bda3a596ecc9683e2e33e3246f5930e,,2,6,1.0,0.75,0.75,0.75,0.75,0.75,0.727,0.5,False,0.5,0.4999999999999999,0.5,0.5000000000000001,,2.0,unsafe-diagnostic,1.0,1.0,0.5632599884192241,0.4367400115807759,1500,1500,0,3000,1.0,5.754584899001823,0.0421400999912293,0.0001534881223033,0.000193289818578,handle_multiplicity,c89dba30a32c920dae70ba207a67be379ae263841e476b275b0ffcd499b9a932,8.0,0.75,8.0,0.7415653755729036,4,2,0.375,0.0416666666666666,0.0208333333333333
stable-local-fallback,this-work,user-certified,primary,0,bcb0ae89d7046ea6a40182c28918a85b2596d0954bfa8806fde509c754011f06,0.0,4,6,1.0,0.75,0.75,0.75,0.75,0.75,0.753,0.5,False,0.5,0.4999999999999999,0.5,0.5000000000000001,1.0,1.0,plan-c,1.0,1.0,0.0,1.0,0,1753,0,1753,1.0,1.3765985532058431,0.0296744000079343,0.0007197730086262,0.0007810104871313,handle_multiplicity,5ea2b6872b089409e7e675d58ca72a6d38f9f01f1726e22a56c3c80f0bf9afc9,8.0,0.75,8.0,0.7415653755729036,4,4,0.1875,0.0416666666666666,0.0208333333333333
handle-only-drop-residual,this-work,user-certified,primary,0,bcb0ae89d7046ea6a40182c28918a85b2596d0954bfa8806fde509c754011f06,1.0,4,6,1.0,0.75,0.75,0.75,0.75,0.75,0.753,0.5,False,0.5,0.4999999999999999,0.5,0.5000000000000001,1.0,1.0,plan-c,1.0,0.5651739874500855,0.5651739874500855,0.0,2821,0,0,2821,1.0,3.764460838638133,0.0533130999974673,0.0003305247312081,0.0003664885508153,handle_multiplicity,5ea2b6872b089409e7e675d58ca72a6d38f9f01f1726e22a56c3c80f0bf9afc9,8.0,0.75,8.0,0.7415653755729036,4,4,0.1875,0.0416666666666666,0.0208333333333333
unitscope-equal,this-work,user-certified,primary,0,bcb0ae89d7046ea6a40182c28918a85b2596d0954bfa8806fde509c754011f06,0.4,4,6,1.0,0.75,0.75,0.75,0.75,0.75,0.753,0.5,False,0.5,0.4999999999999999,0.5,0.5000000000000001,1.0,1.0,plan-c,1.0,1.0,0.5651739874500855,0.4348260125499144,2821,1517,0,4338,1.0,2.150568871718777,0.0520537999982479,0.0005154172315162,0.0005665944103313,handle_multiplicity,5ea2b6872b089409e7e675d58ca72a6d38f9f01f1726e22a56c3c80f0bf9afc9,8.0,0.75,8.0,0.7415653755729036,4,4,0.1875,0.0416666666666666,0.0208333333333333
unitscope-tuned,this-work,user-certified,primary,0,bcb0ae89d7046ea6a40182c28918a85b2596d0954bfa8806fde509c754011f06,0.75,4,6,1.0,0.75,0.75,0.75,0.75,0.75,0.753,0.5,False,0.5,0.4999999999999999,0.5,0.5000000000000001,1.0,1.0,plan-c,1.0,1.0,0.5651739874500855,0.4348260125499144,2821,1517,0,4338,1.0,3.0774698570724146,0.0536213000013958,0.000375885476428,0.0004181881957051,handle_multiplicity,5ea2b6872b089409e7e675d58ca72a6d38f9f01f1726e22a56c3c80f0bf9afc9,8.0,0.75,8.0,0.7415653755729036,4,4,0.1875,0.0416666666666666,0.0208333333333333
naive-recalibrated-2c,this-work,user-certified,primary,0,bcb0ae89d7046ea6a40182c28918a85b2596d0954bfa8806fde509c754011f06,,4,6,1.0,0.75,0.75,0.75,0.75,0.75,0.753,0.5,False,0.5,0.4999999999999999,0.5,0.5000000000000001,2.0,2.0,plan-delta,2.0,1.0,0.5651739874500855,0.4348260125499144,2821,1517,0,4338,1.0,2.408937729083126,0.0532805999973788,0.0001674169878935,0.00032597933219,handle_multiplicity,5ea2b6872b089409e7e675d58ca72a6d38f9f01f1726e22a56c3c80f0bf9afc9,8.0,0.75,8.0,0.7415653755729036,4,4,0.1875,0.0416666666666666,0.0208333333333333
full-identity-reference,oracle,oracle-assumption,full-identity-reference,0,bcb0ae89d7046ea6a40182c28918a85b2596d0954bfa8806fde509c754011f06,,4,6,1.0,0.75,0.75,0.75,0.75,0.75,0.753,0.5,False,0.5,0.4999999999999999,0.5,0.5000000000000001,1.0,1.0,plan-c,1.0,1.0,0.0,0.0,0,0,0,1000,1.0,5.391970065943077,0.0484884000034071,0.0,4.382932526256055e-05,handle_multiplicity,5ea2b6872b089409e7e675d58ca72a6d38f9f01f1726e22a56c3c80f0bf9afc9,8.0,0.75,8.0,0.7415653755729036,4,4,0.1875,0.0416666666666666,0.0208333333333333
non-private-reference,oracle,non-private,diagnostic,0,bcb0ae89d7046ea6a40182c28918a85b2596d0954bfa8806fde509c754011f06,,4,6,1.0,0.75,0.75,0.75,0.75,0.75,0.753,0.5,False,0.5,0.4999999999999999,0.5,0.5000000000000001,,,non-private,0.0,1.0,0.0,0.0,0,0,0,0,0.0,inf,0.0377729999891016,0.0093163767020466,0.0093163767020466,handle_multiplicity,5ea2b6872b089409e7e675d58ca72a6d38f9f01f1726e22a56c3c80f0bf9afc9,8.0,0.75,8.0,0.7415653755729036,4,4,0.1875,0.0416666666666666,0.0208333333333333
naive-claimed-c,this-work,unsafe-diagnostic,diagnostic,0,bcb0ae89d7046ea6a40182c28918a85b2596d0954bfa8806fde509c754011f06,,4,6,1.0,0.75,0.75,0.75,0.75,0.75,0.753,0.5,False,0.5,0.4999999999999999,0.5,0.5000000000000001,,2.0,unsafe-diagnostic,1.0,1.0,0.5651739874500855,0.4348260125499144,2821,1517,0,4338,1.0,4.817875458166253,0.0527795000089099,0.0001674169878935,0.0002028688347792,handle_multiplicity,5ea2b6872b089409e7e675d58ca72a6d38f9f01f1726e22a56c3c80f0bf9afc9,8.0,0.75,8.0,0.7415653755729036,4,4,0.1875,0.0416666666666666,0.0208333333333333
stable-local-fallback,this-work,user-certified,primary,1,bcb0ae89d7046ea6a40182c28918a85b2596d0954bfa8806fde509c754011f06,0.0,4,6,1.0,0.75,0.75,0.75,0.75,0.75,0.747,0.5,False,0.5,0.4999999999999999,0.5,0.5000000000000001,1.0,1.0,plan-c,1.0,1.0,0.0,1.0,0,1747,0,1747,1.0,1.4395876182046476,0.0307481000054394,0.000592261856709,0.000641406702195,handle_multiplicity,5ea2b6872b089409e7e675d58ca72a6d38f9f01f1726e22a56c3c80f0bf9afc9,8.0,0.75,8.0,0.7415653755729036,4,4,0.1875,0.0416666666666666,0.0208333333333333
handle-only-drop-residual,this-work,user-certified,primary,1,bcb0ae89d7046ea6a40182c28918a85b2596d0954bfa8806fde509c754011f06,1.0,4,6,1.0,0.75,0.75,0.75,0.75,0.75,0.747,0.5,False,0.5,0.4999999999999999,0.5,0.5000000000000001,1.0,1.0,plan-c,1.0,0.5666857469948483,0.5666857469948483,0.0,2820,0,0,2820,1.0,4.404581634878237,0.0512440000020433,0.0003207419888683,0.0003746632421597,handle_multiplicity,5ea2b6872b089409e7e675d58ca72a6d38f9f01f1726e22a56c3c80f0bf9afc9,8.0,0.75,8.0,0.7415653755729036,4,4,0.1875,0.0416666666666666,0.0208333333333333
unitscope-equal,this-work,user-certified,primary,1,bcb0ae89d7046ea6a40182c28918a85b2596d0954bfa8806fde509c754011f06,0.4,4,6,1.0,0.75,0.75,0.75,0.75,0.75,0.747,0.5,False,0.5,0.4999999999999999,0.5,0.5000000000000001,1.0,1.0,plan-c,1.0,1.0,0.5666857469948483,0.4333142530051517,2820,1498,0,4318,1.0,2.460867790260927,0.0512575999891851,0.0004092882487034,0.0004583695706179,handle_multiplicity,5ea2b6872b089409e7e675d58ca72a6d38f9f01f1726e22a56c3c80f0bf9afc9,8.0,0.75,8.0,0.7415653755729036,4,4,0.1875,0.0416666666666666,0.0208333333333333
unitscope-tuned,this-work,user-certified,primary,1,bcb0ae89d7046ea6a40182c28918a85b2596d0954bfa8806fde509c754011f06,0.75,4,6,1.0,0.75,0.75,0.75,0.75,0.75,0.747,0.5,False,0.5,0.4999999999999999,0.5,0.5000000000000001,1.0,1.0,plan-c,1.0,1.0,0.5666857469948483,0.4333142530051517,2820,1498,0,4318,1.0,3.5740502297470624,0.0533315000066068,0.0003234244982133,0.000375329113431,handle_multiplicity,5ea2b6872b089409e7e675d58ca72a6d38f9f01f1726e22a56c3c80f0bf9afc9,8.0,0.75,8.0,0.7415653755729036,4,4,0.1875,0.0416666666666666,0.0208333333333333
naive-recalibrated-2c,this-work,user-certified,primary,1,bcb0ae89d7046ea6a40182c28918a85b2596d0954bfa8806fde509c754011f06,,4,6,1.0,0.75,0.75,0.75,0.75,0.75,0.747,0.5,False,0.5,0.4999999999999999,0.5,0.5000000000000001,2.0,2.0,plan-delta,2.0,1.0,0.5666857469948483,0.4333142530051517,2820,1498,0,4318,1.0,2.7695900610128423,0.0525978000077884,0.0001961914831746,0.0003565952704794,handle_multiplicity,5ea2b6872b089409e7e675d58ca72a6d38f9f01f1726e22a56c3c80f0bf9afc9,8.0,0.75,8.0,0.7415653755729036,4,4,0.1875,0.0416666666666666,0.0208333333333333
full-identity-reference,oracle,oracle-assumption,full-identity-reference,1,bcb0ae89d7046ea6a40182c28918a85b2596d0954bfa8806fde509c754011f06,,4,6,1.0,0.75,0.75,0.75,0.75,0.75,0.747,0.5,False,0.5,0.4999999999999999,0.5,0.5000000000000001,1.0,1.0,plan-c,1.0,1.0,0.0,0.0,0,0,0,1000,1.0,5.709739005623293,0.0477926999883493,0.0,3.208429221909876e-05,handle_multiplicity,5ea2b6872b089409e7e675d58ca72a6d38f9f01f1726e22a56c3c80f0bf9afc9,8.0,0.75,8.0,0.7415653755729036,4,4,0.1875,0.0416666666666666,0.0208333333333333
non-private-reference,oracle,non-private,diagnostic,1,bcb0ae89d7046ea6a40182c28918a85b2596d0954bfa8806fde509c754011f06,,4,6,1.0,0.75,0.75,0.75,0.75,0.75,0.747,0.5,False,0.5,0.4999999999999999,0.5,0.5000000000000001,,,non-private,0.0,1.0,0.0,0.0,0,0,0,0,0.0,inf,0.0442521000077249,0.0073426620335876,0.0073426620335876,handle_multiplicity,5ea2b6872b089409e7e675d58ca72a6d38f9f01f1726e22a56c3c80f0bf9afc9,8.0,0.75,8.0,0.7415653755729036,4,4,0.1875,0.0416666666666666,0.0208333333333333
naive-claimed-c,this-work,unsafe-diagnostic,diagnostic,1,bcb0ae89d7046ea6a40182c28918a85b2596d0954bfa8806fde509c754011f06,,4,6,1.0,0.75,0.75,0.75,0.75,0.75,0.747,0.5,False,0.5,0.4999999999999999,0.5,0.5000000000000001,,2.0,unsafe-diagnostic,1.0,1.0,0.5666857469948483,0.4333142530051517,2820,1498,0,4318,1.0,5.539180122025685,0.0525508999999146,0.0001961914831746,0.0002443090846079,handle_multiplicity,5ea2b6872b089409e7e675d58ca72a6d38f9f01f1726e22a56c3c80f0bf9afc9,8.0,0.75,8.0,0.7415653755729036,4,4,0.1875,0.0416666666666666,0.0208333333333333
stable-local-fallback,this-work,user-certified,primary,2,bcb0ae89d7046ea6a40182c28918a85b2596d0954bfa8806fde509c754011f06,0.0,4,6,1.0,0.75,0.75,0.75,0.75,0.75,0.747,0.5,False,0.5,0.4999999999999999,0.5,0.5000000000000001,1.0,1.0,plan-c,1.0,1.0,0.0,1.0,0,1747,0,1747,1.0,1.3887463718879882,0.0298088000126881,0.0005285778352787,0.0006279519917448,handle_multiplicity,5ea2b6872b089409e7e675d58ca72a6d38f9f01f1726e22a56c3c80f0bf9afc9,8.0,0.75,8.0,0.7415653755729036,4,4,0.1875,0.0416666666666666,0.0208333333333333
handle-only-drop-residual,this-work,user-certified,primary,2,bcb0ae89d7046ea6a40182c28918a85b2596d0954bfa8806fde509c754011f06,1.0,4,6,1.0,0.75,0.75,0.75,0.75,0.75,0.747,0.5,False,0.5,0.4999999999999999,0.5,0.5000000000000001,1.0,1.0,plan-c,1.0,0.5606754436176302,0.5606754436176302,0.0,2806,0,0,2806,1.0,3.9153089141187416,0.051919599995017,0.0003243863273541,0.000402800212915,handle_multiplicity,5ea2b6872b089409e7e675d58ca72a6d38f9f01f1726e22a56c3c80f0bf9afc9,8.0,0.75,8.0,0.7415653755729036,4,4,0.1875,0.0416666666666666,0.0208333333333333
unitscope-equal,this-work,user-certified,primary,2,bcb0ae89d7046ea6a40182c28918a85b2596d0954bfa8806fde509c754011f06,0.4,4,6,1.0,0.75,0.75,0.75,0.75,0.75,0.747,0.5,False,0.5,0.4999999999999999,0.5,0.5000000000000001,1.0,1.0,plan-c,1.0,1.0,0.5606754436176302,0.4393245563823698,2806,1492,0,4298,1.0,2.134413299162952,0.0539915999979712,0.0003961962335609,0.0004896182528487,handle_multiplicity,5ea2b6872b089409e7e675d58ca72a6d38f9f01f1726e22a56c3c80f0bf9afc9,8.0,0.75,8.0,0.7415653755729036,4,4,0.1875,0.0416666666666666,0.0208333333333333
unitscope-tuned,this-work,user-certified,primary,2,bcb0ae89d7046ea6a40182c28918a85b2596d0954bfa8806fde509c754011f06,0.75,4,6,1.0,0.75,0.75,0.75,0.75,0.75,0.747,0.5,False,0.5,0.4999999999999999,0.5,0.5000000000000001,1.0,1.0,plan-c,1.0,1.0,0.5606754436176302,0.4393245563823698,2806,1492,0,4298,1.0,3.151954792886208,0.0552144999965094,0.0003225411571202,0.000407208431734,handle_multiplicity,5ea2b6872b089409e7e675d58ca72a6d38f9f01f1726e22a56c3c80f0bf9afc9,8.0,0.75,8.0,0.7415653755729036,4,4,0.1875,0.0416666666666666,0.0208333333333333
naive-recalibrated-2c,this-work,user-certified,primary,2,bcb0ae89d7046ea6a40182c28918a85b2596d0954bfa8806fde509c754011f06,,4,6,1.0,0.75,0.75,0.75,0.75,0.75,0.747,0.5,False,0.5,0.4999999999999999,0.5,0.5000000000000001,2.0,2.0,plan-delta,2.0,1.0,0.5606754436176302,0.4393245563823698,2806,1492,0,4298,1.0,2.415333716634146,0.0534612000046763,0.0001832780967713,0.0003688008284971,handle_multiplicity,5ea2b6872b089409e7e675d58ca72a6d38f9f01f1726e22a56c3c80f0bf9afc9,8.0,0.75,8.0,0.7415653755729036,4,4,0.1875,0.0416666666666666,0.0208333333333333
full-identity-reference,oracle,oracle-assumption,full-identity-reference,2,bcb0ae89d7046ea6a40182c28918a85b2596d0954bfa8806fde509c754011f06,,4,6,1.0,0.75,0.75,0.75,0.75,0.75,0.747,0.5,False,0.5,0.4999999999999999,0.5,0.5000000000000001,1.0,1.0,plan-c,1.0,1.0,0.0,0.0,0,0,0,1000,1.0,5.226547296873649,0.0493619999906513,0.0,3.507377284459695e-05,handle_multiplicity,5ea2b6872b089409e7e675d58ca72a6d38f9f01f1726e22a56c3c80f0bf9afc9,8.0,0.75,8.0,0.7415653755729036,4,4,0.1875,0.0416666666666666,0.0208333333333333
non-private-reference,oracle,non-private,diagnostic,2,bcb0ae89d7046ea6a40182c28918a85b2596d0954bfa8806fde509c754011f06,,4,6,1.0,0.75,0.75,0.75,0.75,0.75,0.747,0.5,False,0.5,0.4999999999999999,0.5,0.5000000000000001,,,non-private,0.0,1.0,0.0,0.0,0,0,0,0,0.0,inf,0.0379943000007187,0.0078254975674038,0.0078254975674038,handle_multiplicity,5ea2b6872b089409e7e675d58ca72a6d38f9f01f1726e22a56c3c80f0bf9afc9,8.0,0.75,8.0,0.7415653755729036,4,4,0.1875,0.0416666666666666,0.0208333333333333
naive-claimed-c,this-work,unsafe-diagnostic,diagnostic,2,bcb0ae89d7046ea6a40182c28918a85b2596d0954bfa8806fde509c754011f06,,4,6,1.0,0.75,0.75,0.75,0.75,0.75,0.747,0.5,False,0.5,0.4999999999999999,0.5,0.5000000000000001,,2.0,unsafe-diagnostic,1.0,1.0,0.5606754436176302,0.4393245563823698,2806,1492,0,4298,1.0,4.830667433268293,0.077300600009039,0.0001832780967713,0.0002409656897896,handle_multiplicity,5ea2b6872b089409e7e675d58ca72a6d38f9f01f1726e22a56c3c80f0bf9afc9,8.0,0.75,8.0,0.7415653755729036,4,4,0.1875,0.0416666666666666,0.0208333333333333
stable-local-fallback,this-work,user-certified,primary,3,bcb0ae89d7046ea6a40182c28918a85b2596d0954bfa8806fde509c754011f06,0.0,4,6,1.0,0.75,0.75,0.75,0.75,0.75,0.741,0.5,False,0.5,0.4999999999999999,0.5,0.5000000000000001,1.0,1.0,plan-c,1.0,1.0,0.0,1.0,0,1741,0,1741,1.0,1.5111175359665645,0.0293639000010443,0.0005631663816639,0.0005843348021632,handle_multiplicity,5ea2b6872b089409e7e675d58ca72a6d38f9f01f1726e22a56c3c80f0bf9afc9,8.0,0.75,8.0,0.7415653755729036,4,4,0.1875,0.0416666666666666,0.0208333333333333
handle-only-drop-residual,this-work,user-certified,primary,3,bcb0ae89d7046ea6a40182c28918a85b2596d0954bfa8806fde509c754011f06,1.0,4,6,1.0,0.75,0.75,0.75,0.75,0.75,0.741,0.5,False,0.5,0.4999999999999999,0.5,0.5000000000000001,1.0,1.0,plan-c,1.0,0.5651924181504883,0.5651924181504883,0.0,2812,0,0,2812,1.0,4.3883172243921695,0.0526556000113487,0.0002671084670259,0.0003041551357776,handle_multiplicity,5ea2b6872b089409e7e675d58ca72a6d38f9f01f1726e22a56c3c80f0bf9afc9,8.0,0.75,8.0,0.7415653755729036,4,4,0.1875,0.0416666666666666,0.0208333333333333
unitscope-equal,this-work,user-certified,primary,3,bcb0ae89d7046ea6a40182c28918a85b2596d0954bfa8806fde509c754011f06,0.4,4,6,1.0,0.75,0.75,0.75,0.75,0.75,0.741,0.5,False,0.5,0.4999999999999999,0.5,0.5000000000000001,1.0,1.0,plan-c,1.0,1.0,0.5651924181504883,0.4348075818495118,2812,1515,0,4327,1.0,2.4058558250440285,0.0544449999870266,0.0003929438589096,0.0004220249169943,handle_multiplicity,5ea2b6872b089409e7e675d58ca72a6d38f9f01f1726e22a56c3c80f0bf9afc9,8.0,0.75,8.0,0.7415653755729036,4,4,0.1875,0.0416666666666666,0.0208333333333333
unitscope-tuned,this-work,user-certified,primary,3,bcb0ae89d7046ea6a40182c28918a85b2596d0954bfa8806fde509c754011f06,0.75,4,6,1.0,0.75,0.75,0.75,0.75,0.75,0.741,0.5,False,0.5,0.4999999999999999,0.5,0.5000000000000001,1.0,1.0,plan-c,1.0,1.0,0.5651924181504883,0.4348075818495118,2812,1515,0,4327,1.0,3.5431013834430725,0.0579357999959029,0.0002852128079141,0.0003189404722211,handle_multiplicity,5ea2b6872b089409e7e675d58ca72a6d38f9f01f1726e22a56c3c80f0bf9afc9,8.0,0.75,8.0,0.7415653755729036,4,4,0.1875,0.0416666666666666,0.0208333333333333
naive-recalibrated-2c,this-work,user-certified,primary,3,bcb0ae89d7046ea6a40182c28918a85b2596d0954bfa8806fde509c754011f06,,4,6,1.0,0.75,0.75,0.75,0.75,0.75,0.741,0.5,False,0.5,0.4999999999999999,0.5,0.5000000000000001,2.0,2.0,plan-delta,2.0,1.0,0.5651924181504883,0.4348075818495118,2812,1515,0,4327,1.0,2.721991033187918,0.0561784000019542,0.0001413755964483,0.0002852878077389,handle_multiplicity,5ea2b6872b089409e7e675d58ca72a6d38f9f01f1726e22a56c3c80f0bf9afc9,8.0,0.75,8.0,0.7415653755729036,4,4,0.1875,0.0416666666666666,0.0208333333333333
full-identity-reference,oracle,oracle-assumption,full-identity-reference,3,bcb0ae89d7046ea6a40182c28918a85b2596d0954bfa8806fde509c754011f06,,4,6,1.0,0.75,0.75,0.75,0.75,0.75,0.741,0.5,False,0.5,0.4999999999999999,0.5,0.5000000000000001,1.0,1.0,plan-c,1.0,1.0,0.0,0.0,0,0,0,1000,1.0,5.7212359014939125,0.0462582999898586,0.0,3.1446569926141115e-05,handle_multiplicity,5ea2b6872b089409e7e675d58ca72a6d38f9f01f1726e22a56c3c80f0bf9afc9,8.0,0.75,8.0,0.7415653755729036,4,4,0.1875,0.0416666666666666,0.0208333333333333
non-private-reference,oracle,non-private,diagnostic,3,bcb0ae89d7046ea6a40182c28918a85b2596d0954bfa8806fde509c754011f06,,4,6,1.0,0.75,0.75,0.75,0.75,0.75,0.741,0.5,False,0.5,0.4999999999999999,0.5,0.5000000000000001,,,non-private,0.0,1.0,0.0,0.0,0,0,0,0,0.0,inf,0.0380735000071581,0.0081726000351933,0.0081726000351933,handle_multiplicity,5ea2b6872b089409e7e675d58ca72a6d38f9f01f1726e22a56c3c80f0bf9afc9,8.0,0.75,8.0,0.7415653755729036,4,4,0.1875,0.0416666666666666,0.0208333333333333
naive-claimed-c,this-work,unsafe-diagnostic,diagnostic,3,bcb0ae89d7046ea6a40182c28918a85b2596d0954bfa8806fde509c754011f06,,4,6,1.0,0.75,0.75,0.75,0.75,0.75,0.741,0.5,False,0.5,0.4999999999999999,0.5,0.5000000000000001,,2.0,unsafe-diagnostic,1.0,1.0,0.5651924181504883,0.4348075818495118,2812,1515,0,4327,1.0,5.443982066375836,0.0742177999927662,0.0001413755964483,0.0001818851321674,handle_multiplicity,5ea2b6872b089409e7e675d58ca72a6d38f9f01f1726e22a56c3c80f0bf9afc9,8.0,0.75,8.0,0.7415653755729036,4,4,0.1875,0.0416666666666666,0.0208333333333333
stable-local-fallback,this-work,user-certified,primary,4,bcb0ae89d7046ea6a40182c28918a85b2596d0954bfa8806fde509c754011f06,0.0,4,6,1.0,0.75,0.75,0.75,0.75,0.75,0.773,0.5,False,0.5,0.4999999999999999,0.5,0.5000000000000001,1.0,1.0,plan-c,1.0,1.0,0.0,1.0,0,1773,0,1773,1.0,1.3529369732902343,0.0299970999913057,0.0005111901857858,0.0005101699846916,handle_multiplicity,5ea2b6872b089409e7e675d58ca72a6d38f9f01f1726e22a56c3c80f0bf9afc9,8.0,0.75,8.0,0.7415653755729036,4,4,0.1875,0.0416666666666666,0.0208333333333333
handle-only-drop-residual,this-work,user-certified,primary,4,bcb0ae89d7046ea6a40182c28918a85b2596d0954bfa8806fde509c754011f06,1.0,4,6,1.0,0.75,0.75,0.75,0.75,0.75,0.773,0.5,False,0.5,0.4999999999999999,0.5,0.5000000000000001,1.0,1.0,plan-c,1.0,0.5651438240270727,0.5651438240270727,0.0,2836,0,0,2836,1.0,4.142995424741502,0.0523633999982848,0.0002712330380877,0.0002700336041031,handle_multiplicity,5ea2b6872b089409e7e675d58ca72a6d38f9f01f1726e22a56c3c80f0bf9afc9,8.0,0.75,8.0,0.7415653755729036,4,4,0.1875,0.0416666666666666,0.0208333333333333
unitscope-equal,this-work,user-certified,primary,4,bcb0ae89d7046ea6a40182c28918a85b2596d0954bfa8806fde509c754011f06,0.4,4,6,1.0,0.75,0.75,0.75,0.75,0.75,0.773,0.5,False,0.5,0.4999999999999999,0.5,0.5000000000000001,1.0,1.0,plan-c,1.0,1.0,0.5651438240270727,0.4348561759729272,2836,1496,0,4332,1.0,2.2171022442101265,0.0538710000109858,0.0003582867878478,0.0003591028363044,handle_multiplicity,5ea2b6872b089409e7e675d58ca72a6d38f9f01f1726e22a56c3c80f0bf9afc9,8.0,0.75,8.0,0.7415653755729036,4,4,0.1875,0.0416666666666666,0.0208333333333333
unitscope-tuned,this-work,user-certified,primary,4,bcb0ae89d7046ea6a40182c28918a85b2596d0954bfa8806fde509c754011f06,0.75,4,6,1.0,0.75,0.75,0.75,0.75,0.75,0.773,0.5,False,0.5,0.4999999999999999,0.5,0.5000000000000001,1.0,1.0,plan-c,1.0,1.0,0.5651438240270727,0.4348561759729272,2836,1496,0,4332,1.0,3.3204880202886145,0.0546565999975428,0.0002717854217043,0.0002714257720702,handle_multiplicity,5ea2b6872b089409e7e675d58ca72a6d38f9f01f1726e22a56c3c80f0bf9afc9,8.0,0.75,8.0,0.7415653755729036,4,4,0.1875,0.0416666666666666,0.0208333333333333
naive-recalibrated-2c,this-work,user-certified,primary,4,bcb0ae89d7046ea6a40182c28918a85b2596d0954bfa8806fde509c754011f06,,4,6,1.0,0.75,0.75,0.75,0.75,0.75,0.773,0.5,False,0.5,0.4999999999999999,0.5,0.5000000000000001,2.0,2.0,plan-delta,2.0,1.0,0.5651438240270727,0.4348561759729272,2836,1496,0,4332,1.0,2.5230039636982657,0.0534057000040775,0.0001621209198449,0.0002612140407048,handle_multiplicity,5ea2b6872b089409e7e675d58ca72a6d38f9f01f1726e22a56c3c80f0bf9afc9,8.0,0.75,8.0,0.7415653755729036,4,4,0.1875,0.0416666666666666,0.0208333333333333
full-identity-reference,oracle,oracle-assumption,full-identity-reference,4,bcb0ae89d7046ea6a40182c28918a85b2596d0954bfa8806fde509c754011f06,,4,6,1.0,0.75,0.75,0.75,0.75,0.75,0.773,0.5,False,0.5,0.4999999999999999,0.5,0.5000000000000001,1.0,1.0,plan-c,1.0,1.0,0.0,0.0,0,0,0,1000,1.0,5.1743518703122815,0.0470665999891934,0.0,3.450958520111424e-05,handle_multiplicity,5ea2b6872b089409e7e675d58ca72a6d38f9f01f1726e22a56c3c80f0bf9afc9,8.0,0.75,8.0,0.7415653755729036,4,4,0.1875,0.0416666666666666,0.0208333333333333
non-private-reference,oracle,non-private,diagnostic,4,bcb0ae89d7046ea6a40182c28918a85b2596d0954bfa8806fde509c754011f06,,4,6,1.0,0.75,0.75,0.75,0.75,0.75,0.773,0.5,False,0.5,0.4999999999999999,0.5,0.5000000000000001,,,non-private,0.0,1.0,0.0,0.0,0,0,0,0,0.0,inf,0.0396875999867916,0.00716895177583,0.00716895177583,handle_multiplicity,5ea2b6872b089409e7e675d58ca72a6d38f9f01f1726e22a56c3c80f0bf9afc9,8.0,0.75,8.0,0.7415653755729036,4,4,0.1875,0.0416666666666666,0.0208333333333333
naive-claimed-c,this-work,unsafe-diagnostic,diagnostic,4,bcb0ae89d7046ea6a40182c28918a85b2596d0954bfa8806fde509c754011f06,,4,6,1.0,0.75,0.75,0.75,0.75,0.75,0.773,0.5,False,0.5,0.4999999999999999,0.5,0.5000000000000001,,2.0,unsafe-diagnostic,1.0,1.0,0.5651438240270727,0.4348561759729272,2836,1496,0,4332,1.0,5.046007927396532,0.07113009999739,0.0001621209198449,0.0001771578950738,handle_multiplicity,5ea2b6872b089409e7e675d58ca72a6d38f9f01f1726e22a56c3c80f0bf9afc9,8.0,0.75,8.0,0.7415653755729036,4,4,0.1875,0.0416666666666666,0.0208333333333333
stable-local-fallback,this-work,user-certified,primary,5,bcb0ae89d7046ea6a40182c28918a85b2596d0954bfa8806fde509c754011f06,0.0,4,6,1.0,0.75,0.75,0.75,0.75,0.75,0.744,0.5,False,0.5,0.4999999999999999,0.5,0.5000000000000001,1.0,1.0,plan-c,1.0,1.0,0.0,1.0,0,1744,0,1744,1.0,1.1706844260748523,0.0300470999936806,0.000540638619692,0.0005237654125934,handle_multiplicity,5ea2b6872b089409e7e675d58ca72a6d38f9f01f1726e22a56c3c80f0bf9afc9,8.0,0.75,8.0,0.7415653755729036,4,4,0.1875,0.0416666666666666,0.0208333333333333
handle-only-drop-residual,this-work,user-certified,primary,5,bcb0ae89d7046ea6a40182c28918a85b2596d0954bfa8806fde509c754011f06,1.0,4,6,1.0,0.75,0.75,0.75,0.75,0.75,0.744,0.5,False,0.5,0.4999999999999999,0.5,0.5000000000000001,1.0,1.0,plan-c,1.0,0.5629300458715596,0.5629300458715596,0.0,2809,0,0,2809,1.0,3.612097101912107,0.0538016000064089,0.0002477282054117,0.0002673427565536,handle_multiplicity,5ea2b6872b089409e7e675d58ca72a6d38f9f01f1726e22a56c3c80f0bf9afc9,8.0,0.75,8.0,0.7415653755729036,4,4,0.1875,0.0416666666666666,0.0208333333333333
unitscope-equal,this-work,user-certified,primary,5,bcb0ae89d7046ea6a40182c28918a85b2596d0954bfa8806fde509c754011f06,0.4,4,6,1.0,0.75,0.75,0.75,0.75,0.75,0.744,0.5,False,0.5,0.4999999999999999,0.5,0.5000000000000001,1.0,1.0,plan-c,1.0,1.0,0.5629300458715596,0.4370699541284403,2809,1494,0,4303,1.0,1.9704425868074695,0.0529001999966567,0.0003611067429487,0.0003593294833392,handle_multiplicity,5ea2b6872b089409e7e675d58ca72a6d38f9f01f1726e22a56c3c80f0bf9afc9,8.0,0.75,8.0,0.7415653755729036,4,4,0.1875,0.0416666666666666,0.0208333333333333
unitscope-tuned,this-work,user-certified,primary,5,bcb0ae89d7046ea6a40182c28918a85b2596d0954bfa8806fde509c754011f06,0.75,4,6,1.0,0.75,0.75,0.75,0.75,0.75,0.744,0.5,False,0.5,0.4999999999999999,0.5,0.5000000000000001,1.0,1.0,plan-c,1.0,1.0,0.5629300458715596,0.4370699541284403,2809,1494,0,4303,1.0,2.9149394711660217,0.0538799000059952,0.0002616159668094,0.0002723172634716,handle_multiplicity,5ea2b6872b089409e7e675d58ca72a6d38f9f01f1726e22a56c3c80f0bf9afc9,8.0,0.75,8.0,0.7415653755729036,4,4,0.1875,0.0416666666666666,0.0208333333333333
naive-recalibrated-2c,this-work,user-certified,primary,5,bcb0ae89d7046ea6a40182c28918a85b2596d0954bfa8806fde509c754011f06,,4,6,1.0,0.75,0.75,0.75,0.75,0.75,0.744,0.5,False,0.5,0.4999999999999999,0.5,0.5000000000000001,2.0,2.0,plan-delta,2.0,1.0,0.5629300458715596,0.4370699541284403,2809,1494,0,4303,1.0,2.2342587578519404,0.0521525999938603,0.0001482736311327,0.0003228348420072,handle_multiplicity,5ea2b6872b089409e7e675d58ca72a6d38f9f01f1726e22a56c3c80f0bf9afc9,8.0,0.75,8.0,0.7415653755729036,4,4,0.1875,0.0416666666666666,0.0208333333333333
full-identity-reference,oracle,oracle-assumption,full-identity-reference,5,bcb0ae89d7046ea6a40182c28918a85b2596d0954bfa8806fde509c754011f06,,4,6,1.0,0.75,0.75,0.75,0.75,0.75,0.744,0.5,False,0.5,0.4999999999999999,0.5,0.5000000000000001,1.0,1.0,plan-c,1.0,1.0,0.0,0.0,0,0,0,1000,1.0,4.57283826456024,0.0472139000048628,0.0,4.5577724790732e-05,handle_multiplicity,5ea2b6872b089409e7e675d58ca72a6d38f9f01f1726e22a56c3c80f0bf9afc9,8.0,0.75,8.0,0.7415653755729036,4,4,0.1875,0.0416666666666666,0.0208333333333333
non-private-reference,oracle,non-private,diagnostic,5,bcb0ae89d7046ea6a40182c28918a85b2596d0954bfa8806fde509c754011f06,,4,6,1.0,0.75,0.75,0.75,0.75,0.75,0.744,0.5,False,0.5,0.4999999999999999,0.5,0.5000000000000001,,,non-private,0.0,1.0,0.0,0.0,0,0,0,0,0.0,inf,0.0379023999994387,0.0070671958038883,0.0070671958038883,handle_multiplicity,5ea2b6872b089409e7e675d58ca72a6d38f9f01f1726e22a56c3c80f0bf9afc9,8.0,0.75,8.0,0.7415653755729036,4,4,0.1875,0.0416666666666666,0.0208333333333333
naive-claimed-c,this-work,unsafe-diagnostic,diagnostic,5,bcb0ae89d7046ea6a40182c28918a85b2596d0954bfa8806fde509c754011f06,,4,6,1.0,0.75,0.75,0.75,0.75,0.75,0.744,0.5,False,0.5,0.4999999999999999,0.5,0.5000000000000001,,2.0,unsafe-diagnostic,1.0,1.0,0.5629300458715596,0.4370699541284403,2809,1494,0,4303,1.0,4.468517515703881,0.0741471999936038,0.0001482736311327,0.0001899765117792,handle_multiplicity,5ea2b6872b089409e7e675d58ca72a6d38f9f01f1726e22a56c3c80f0bf9afc9,8.0,0.75,8.0,0.7415653755729036,4,4,0.1875,0.0416666666666666,0.0208333333333333
stable-local-fallback,this-work,user-certified,primary,6,bcb0ae89d7046ea6a40182c28918a85b2596d0954bfa8806fde509c754011f06,0.0,4,6,1.0,0.75,0.75,0.75,0.75,0.75,0.74,0.5,False,0.5,0.4999999999999999,0.5,0.5000000000000001,1.0,1.0,plan-c,1.0,1.0,0.0,1.0,0,1740,0,1740,1.0,1.7646914039888515,0.0287566000042716,0.0007231334034477,0.0007078430672274,handle_multiplicity,5ea2b6872b089409e7e675d58ca72a6d38f9f01f1726e22a56c3c80f0bf9afc9,8.0,0.75,8.0,0.7415653755729036,4,4,0.1875,0.0416666666666666,0.0208333333333333
handle-only-drop-residual,this-work,user-certified,primary,6,bcb0ae89d7046ea6a40182c28918a85b2596d0954bfa8806fde509c754011f06,1.0,4,6,1.0,0.75,0.75,0.75,0.75,0.75,0.74,0.5,False,0.5,0.4999999999999999,0.5,0.5000000000000001,1.0,1.0,plan-c,1.0,0.5672413793103448,0.5672413793103448,0.0,2816,0,0,2816,1.0,4.774209834617998,0.0513244000030681,0.0003181581774426,0.0003252195032307,handle_multiplicity,5ea2b6872b089409e7e675d58ca72a6d38f9f01f1726e22a56c3c80f0bf9afc9,8.0,0.75,8.0,0.7415653755729036,4,4,0.1875,0.0416666666666666,0.0208333333333333
unitscope-equal,this-work,user-certified,primary,6,bcb0ae89d7046ea6a40182c28918a85b2596d0954bfa8806fde509c754011f06,0.4,4,6,1.0,0.75,0.75,0.75,0.75,0.75,0.74,0.5,False,0.5,0.4999999999999999,0.5,0.5000000000000001,1.0,1.0,plan-c,1.0,1.0,0.5672413793103448,0.4327586206896551,2816,1515,0,4331,1.0,2.7275486474255057,0.0529164000035962,0.0005201957370866,0.0005120818105583,handle_multiplicity,5ea2b6872b089409e7e675d58ca72a6d38f9f01f1726e22a56c3c80f0bf9afc9,8.0,0.75,8.0,0.7415653755729036,4,4,0.1875,0.0416666666666666,0.0208333333333333
unitscope-tuned,this-work,user-certified,primary,6,bcb0ae89d7046ea6a40182c28918a85b2596d0954bfa8806fde509c754011f06,0.75,4,6,1.0,0.75,0.75,0.75,0.75,0.75,0.74,0.5,False,0.5,0.4999999999999999,0.5,0.5000000000000001,1.0,1.0,plan-c,1.0,1.0,0.5672413793103448,0.4327586206896551,2816,1515,0,4331,1.0,3.905503218497437,0.0529083000001264,0.000370035738615,0.0003707740426047,handle_multiplicity,5ea2b6872b089409e7e675d58ca72a6d38f9f01f1726e22a56c3c80f0bf9afc9,8.0,0.75,8.0,0.7415653755729036,4,4,0.1875,0.0416666666666666,0.0208333333333333
naive-recalibrated-2c,this-work,user-certified,primary,6,bcb0ae89d7046ea6a40182c28918a85b2596d0954bfa8806fde509c754011f06,,4,6,1.0,0.75,0.75,0.75,0.75,0.75,0.74,0.5,False,0.5,0.4999999999999999,0.5,0.5000000000000001,2.0,2.0,plan-delta,2.0,1.0,0.5672413793103448,0.4327586206896551,2816,1515,0,4331,1.0,3.0570270850231167,0.0546420000027865,0.0001609638888844,0.00024739576082,handle_multiplicity,5ea2b6872b089409e7e675d58ca72a6d38f9f01f1726e22a56c3c80f0bf9afc9,8.0,0.75,8.0,0.7415653755729036,4,4,0.1875,0.0416666666666666,0.0208333333333333
full-identity-reference,oracle,oracle-assumption,full-identity-reference,6,bcb0ae89d7046ea6a40182c28918a85b2596d0954bfa8806fde509c754011f06,,4,6,1.0,0.75,0.75,0.75,0.75,0.75,0.74,0.5,False,0.5,0.4999999999999999,0.5,0.5000000000000001,1.0,1.0,plan-c,1.0,1.0,0.0,0.0,0,0,0,1000,1.0,6.790644185865934,0.0475417999987257,0.0,2.826786766778013e-05,handle_multiplicity,5ea2b6872b089409e7e675d58ca72a6d38f9f01f1726e22a56c3c80f0bf9afc9,8.0,0.75,8.0,0.7415653755729036,4,4,0.1875,0.0416666666666666,0.0208333333333333
non-private-reference,oracle,non-private,diagnostic,6,bcb0ae89d7046ea6a40182c28918a85b2596d0954bfa8806fde509c754011f06,,4,6,1.0,0.75,0.75,0.75,0.75,0.75,0.74,0.5,False,0.5,0.4999999999999999,0.5,0.5000000000000001,,,non-private,0.0,1.0,0.0,0.0,0,0,0,0,0.0,inf,0.0368497000017669,0.0099323259993231,0.0099323259993231,handle_multiplicity,5ea2b6872b089409e7e675d58ca72a6d38f9f01f1726e22a56c3c80f0bf9afc9,8.0,0.75,8.0,0.7415653755729036,4,4,0.1875,0.0416666666666666,0.0208333333333333
naive-claimed-c,this-work,unsafe-diagnostic,diagnostic,6,bcb0ae89d7046ea6a40182c28918a85b2596d0954bfa8806fde509c754011f06,,4,6,1.0,0.75,0.75,0.75,0.75,0.75,0.74,0.5,False,0.5,0.4999999999999999,0.5,0.5000000000000001,,2.0,unsafe-diagnostic,1.0,1.0,0.5672413793103448,0.4327586206896551,2816,1515,0,4331,1.0,6.114054170046233,0.0763267000002088,0.0001609638888844,0.0001759119571845,handle_multiplicity,5ea2b6872b089409e7e675d58ca72a6d38f9f01f1726e22a56c3c80f0bf9afc9,8.0,0.75,8.0,0.7415653755729036,4,4,0.1875,0.0416666666666666,0.0208333333333333
stable-local-fallback,this-work,user-certified,primary,7,bcb0ae89d7046ea6a40182c28918a85b2596d0954bfa8806fde509c754011f06,0.0,4,6,1.0,0.75,0.75,0.75,0.75,0.75,0.753,0.5,False,0.5,0.4999999999999999,0.5,0.5000000000000001,1.0,1.0,plan-c,1.0,1.0,0.0,1.0,0,1753,0,1753,1.0,1.398126066405,0.0297180000052321,0.0004898665097974,0.0005460793841884,handle_multiplicity,5ea2b6872b089409e7e675d58ca72a6d38f9f01f1726e22a56c3c80f0bf9afc9,8.0,0.75,8.0,0.7415653755729036,4,4,0.1875,0.0416666666666666,0.0208333333333333
handle-only-drop-residual,this-work,user-certified,primary,7,bcb0ae89d7046ea6a40182c28918a85b2596d0954bfa8806fde509c754011f06,1.0,4,6,1.0,0.75,0.75,0.75,0.75,0.75,0.753,0.5,False,0.5,0.4999999999999999,0.5,0.5000000000000001,1.0,1.0,plan-c,1.0,0.5583285795778665,0.5583285795778665,0.0,2805,0,0,2805,1.0,4.140842065449972,0.0513834999874234,0.0002862621387831,0.0003779807113433,handle_multiplicity,5ea2b6872b089409e7e675d58ca72a6d38f9f01f1726e22a56c3c80f0bf9afc9,8.0,0.75,8.0,0.7415653755729036,4,4,0.1875,0.0416666666666666,0.0208333333333333
unitscope-equal,this-work,user-certified,primary,7,bcb0ae89d7046ea6a40182c28918a85b2596d0954bfa8806fde509c754011f06,0.4,4,6,1.0,0.75,0.75,0.75,0.75,0.75,0.753,0.5,False,0.5,0.4999999999999999,0.5,0.5000000000000001,1.0,1.0,plan-c,1.0,1.0,0.5583285795778665,0.4416714204221335,2805,1508,0,4313,1.0,2.2617230678409648,0.0515703999990364,0.0003487935447267,0.0004150668055659,handle_multiplicity,5ea2b6872b089409e7e675d58ca72a6d38f9f01f1726e22a56c3c80f0bf9afc9,8.0,0.75,8.0,0.7415653755729036,4,4,0.1875,0.0416666666666666,0.0208333333333333
unitscope-tuned,this-work,user-certified,primary,7,bcb0ae89d7046ea6a40182c28918a85b2596d0954bfa8806fde509c754011f06,0.75,4,6,1.0,0.75,0.75,0.75,0.75,0.75,0.753,0.5,False,0.5,0.4999999999999999,0.5,0.5000000000000001,1.0,1.0,plan-c,1.0,1.0,0.5583285795778665,0.4416714204221335,2805,1508,0,4313,1.0,3.339475271108616,0.0531737999990582,0.000280963009501,0.0003620793688441,handle_multiplicity,5ea2b6872b089409e7e675d58ca72a6d38f9f01f1726e22a56c3c80f0bf9afc9,8.0,0.75,8.0,0.7415653755729036,4,4,0.1875,0.0416666666666666,0.0208333333333333
naive-recalibrated-2c,this-work,user-certified,primary,7,bcb0ae89d7046ea6a40182c28918a85b2596d0954bfa8806fde509c754011f06,,4,6,1.0,0.75,0.75,0.75,0.75,0.75,0.753,0.5,False,0.5,0.4999999999999999,0.5,0.5000000000000001,2.0,2.0,plan-delta,2.0,1.0,0.5583285795778665,0.4416714204221335,2805,1508,0,4313,1.0,2.5611988073175467,0.0597370999894337,0.0001729848472183,0.0003942786146572,handle_multiplicity,5ea2b6872b089409e7e675d58ca72a6d38f9f01f1726e22a56c3c80f0bf9afc9,8.0,0.75,8.0,0.7415653755729036,4,4,0.1875,0.0416666666666666,0.0208333333333333
full-identity-reference,oracle,oracle-assumption,full-identity-reference,7,bcb0ae89d7046ea6a40182c28918a85b2596d0954bfa8806fde509c754011f06,,4,6,1.0,0.75,0.75,0.75,0.75,0.75,0.753,0.5,False,0.5,0.4999999999999999,0.5,0.5000000000000001,1.0,1.0,plan-c,1.0,1.0,0.0,0.0,0,0,0,1000,1.0,5.269456490207377,0.0472703999985242,0.0,3.194533304464665e-05,handle_multiplicity,5ea2b6872b089409e7e675d58ca72a6d38f9f01f1726e22a56c3c80f0bf9afc9,8.0,0.75,8.0,0.7415653755729036,4,4,0.1875,0.0416666666666666,0.0208333333333333
non-private-reference,oracle,non-private,diagnostic,7,bcb0ae89d7046ea6a40182c28918a85b2596d0954bfa8806fde509c754011f06,,4,6,1.0,0.75,0.75,0.75,0.75,0.75,0.753,0.5,False,0.5,0.4999999999999999,0.5,0.5000000000000001,,,non-private,0.0,1.0,0.0,0.0,0,0,0,0,0.0,inf,0.038133399997605,0.0072173092233556,0.0072173092233556,handle_multiplicity,5ea2b6872b089409e7e675d58ca72a6d38f9f01f1726e22a56c3c80f0bf9afc9,8.0,0.75,8.0,0.7415653755729036,4,4,0.1875,0.0416666666666666,0.0208333333333333
naive-claimed-c,this-work,unsafe-diagnostic,diagnostic,7,bcb0ae89d7046ea6a40182c28918a85b2596d0954bfa8806fde509c754011f06,,4,6,1.0,0.75,0.75,0.75,0.75,0.75,0.753,0.5,False,0.5,0.4999999999999999,0.5,0.5000000000000001,,2.0,unsafe-diagnostic,1.0,1.0,0.5583285795778665,0.4416714204221335,2805,1508,0,4313,1.0,5.122397614635093,0.0848293000017292,0.0001729848472183,0.0002516863978931,handle_multiplicity,5ea2b6872b089409e7e675d58ca72a6d38f9f01f1726e22a56c3c80f0bf9afc9,8.0,0.75,8.0,0.7415653755729036,4,4,0.1875,0.0416666666666666,0.0208333333333333
stable-local-fallback,this-work,user-certified,primary,8,bcb0ae89d7046ea6a40182c28918a85b2596d0954bfa8806fde509c754011f06,0.0,4,6,1.0,0.75,0.75,0.75,0.75,0.75,0.74,0.5,False,0.5,0.4999999999999999,0.5,0.5000000000000001,1.0,1.0,plan-c,1.0,1.0,0.0,1.0,0,1740,0,1740,1.0,1.6003073603879787,0.029188400003477,0.0007161305023071,0.0008973844084825,handle_multiplicity,5ea2b6872b089409e7e675d58ca72a6d38f9f01f1726e22a56c3c80f0bf9afc9,8.0,0.75,8.0,0.7415653755729036,4,4,0.1875,0.0416666666666666,0.0208333333333333
handle-only-drop-residual,this-work,user-certified,primary,8,bcb0ae89d7046ea6a40182c28918a85b2596d0954bfa8806fde509c754011f06,1.0,4,6,1.0,0.75,0.75,0.75,0.75,0.75,0.74,0.5,False,0.5,0.4999999999999999,0.5,0.5000000000000001,1.0,1.0,plan-c,1.0,0.5620689655172414,0.5620689655172414,0.0,2804,0,0,2804,1.0,4.774442151244802,0.0518336999957682,0.0002337262369454,0.000325106401608,handle_multiplicity,5ea2b6872b089409e7e675d58ca72a6d38f9f01f1726e22a56c3c80f0bf9afc9,8.0,0.75,8.0,0.7415653755729036,4,4,0.1875,0.0416666666666666,0.0208333333333333
unitscope-equal,this-work,user-certified,primary,8,bcb0ae89d7046ea6a40182c28918a85b2596d0954bfa8806fde509c754011f06,0.4,4,6,1.0,0.75,0.75,0.75,0.75,0.75,0.74,0.5,False,0.5,0.4999999999999999,0.5,0.5000000000000001,1.0,1.0,plan-c,1.0,1.0,0.5620689655172414,0.4379310344827586,2804,1484,0,4288,1.0,2.647892747816573,0.0525168000021949,0.00044725364998,0.0005989689542588,handle_multiplicity,5ea2b6872b089409e7e675d58ca72a6d38f9f01f1726e22a56c3c80f0bf9afc9,8.0,0.75,8.0,0.7415653755729036,4,4,0.1875,0.0416666666666666,0.0208333333333333
unitscope-tuned,this-work,user-certified,primary,8,bcb0ae89d7046ea6a40182c28918a85b2596d0954bfa8806fde509c754011f06,0.75,4,6,1.0,0.75,0.75,0.75,0.75,0.75,0.74,0.5,False,0.5,0.4999999999999999,0.5,0.5000000000000001,1.0,1.0,plan-c,1.0,1.0,0.5620689655172414,0.4379310344827586,2804,1484,0,4288,1.0,3.877051846560464,0.051945400002296,0.0002765392344018,0.0003930590405711,handle_multiplicity,5ea2b6872b089409e7e675d58ca72a6d38f9f01f1726e22a56c3c80f0bf9afc9,8.0,0.75,8.0,0.7415653755729036,4,4,0.1875,0.0416666666666666,0.0208333333333333
naive-recalibrated-2c,this-work,user-certified,primary,8,bcb0ae89d7046ea6a40182c28918a85b2596d0954bfa8806fde509c754011f06,,4,6,1.0,0.75,0.75,0.75,0.75,0.75,0.74,0.5,False,0.5,0.4999999999999999,0.5,0.5000000000000001,2.0,2.0,plan-delta,2.0,1.0,0.5620689655172414,0.4379310344827586,2804,1484,0,4288,1.0,2.993934581192918,0.0513585000007879,0.0001303476178292,0.0003062030911216,handle_multiplicity,5ea2b6872b089409e7e675d58ca72a6d38f9f01f1726e22a56c3c80f0bf9afc9,8.0,0.75,8.0,0.7415653755729036,4,4,0.1875,0.0416666666666666,0.0208333333333333
full-identity-reference,oracle,oracle-assumption,full-identity-reference,8,bcb0ae89d7046ea6a40182c28918a85b2596d0954bfa8806fde509c754011f06,,4,6,1.0,0.75,0.75,0.75,0.75,0.75,0.74,0.5,False,0.5,0.4999999999999999,0.5,0.5000000000000001,1.0,1.0,plan-c,1.0,1.0,0.0,0.0,0,0,0,1000,1.0,5.864605105890776,0.0470383000065339,0.0,3.8881419776576925e-05,handle_multiplicity,5ea2b6872b089409e7e675d58ca72a6d38f9f01f1726e22a56c3c80f0bf9afc9,8.0,0.75,8.0,0.7415653755729036,4,4,0.1875,0.0416666666666666,0.0208333333333333
non-private-reference,oracle,non-private,diagnostic,8,bcb0ae89d7046ea6a40182c28918a85b2596d0954bfa8806fde509c754011f06,,4,6,1.0,0.75,0.75,0.75,0.75,0.75,0.74,0.5,False,0.5,0.4999999999999999,0.5,0.5000000000000001,,,non-private,0.0,1.0,0.0,0.0,0,0,0,0,0.0,inf,0.0374894999986281,0.011606768366204,0.011606768366204,handle_multiplicity,5ea2b6872b089409e7e675d58ca72a6d38f9f01f1726e22a56c3c80f0bf9afc9,8.0,0.75,8.0,0.7415653755729036,4,4,0.1875,0.0416666666666666,0.0208333333333333
naive-claimed-c,this-work,unsafe-diagnostic,diagnostic,8,bcb0ae89d7046ea6a40182c28918a85b2596d0954bfa8806fde509c754011f06,,4,6,1.0,0.75,0.75,0.75,0.75,0.75,0.74,0.5,False,0.5,0.4999999999999999,0.5,0.5000000000000001,,2.0,unsafe-diagnostic,1.0,1.0,0.5620689655172414,0.4379310344827586,2804,1484,0,4288,1.0,5.987869162385836,0.0755620999989332,0.0001303476178292,0.0001793939346988,handle_multiplicity,5ea2b6872b089409e7e675d58ca72a6d38f9f01f1726e22a56c3c80f0bf9afc9,8.0,0.75,8.0,0.7415653755729036,4,4,0.1875,0.0416666666666666,0.0208333333333333
stable-local-fallback,this-work,user-certified,primary,9,bcb0ae89d7046ea6a40182c28918a85b2596d0954bfa8806fde509c754011f06,0.0,4,6,1.0,0.75,0.75,0.75,0.75,0.75,0.727,0.5,False,0.5,0.4999999999999999,0.5,0.5000000000000001,1.0,1.0,plan-c,1.0,1.0,0.0,1.0,0,1727,0,1727,1.0,1.488732876644583,0.029895600004238,0.000513366796915,0.0005545727289295,handle_multiplicity,5ea2b6872b089409e7e675d58ca72a6d38f9f01f1726e22a56c3c80f0bf9afc9,8.0,0.75,8.0,0.7415653755729036,4,4,0.1875,0.0416666666666666,0.0208333333333333
handle-only-drop-residual,this-work,user-certified,primary,9,bcb0ae89d7046ea6a40182c28918a85b2596d0954bfa8806fde509c754011f06,1.0,4,6,1.0,0.75,0.75,0.75,0.75,0.75,0.727,0.5,False,0.5,0.4999999999999999,0.5,0.5000000000000001,1.0,1.0,plan-c,1.0,0.5632599884192241,0.5632599884192241,0.0,2797,0,0,2797,1.0,4.23621400525118,0.0546831999963615,0.0002678671340399,0.0003138893441555,handle_multiplicity,5ea2b6872b089409e7e675d58ca72a6d38f9f01f1726e22a56c3c80f0bf9afc9,8.0,0.75,8.0,0.7415653755729036,4,4,0.1875,0.0416666666666666,0.0208333333333333
unitscope-equal,this-work,user-certified,primary,9,bcb0ae89d7046ea6a40182c28918a85b2596d0954bfa8806fde509c754011f06,0.4,4,6,1.0,0.75,0.75,0.75,0.75,0.75,0.727,0.5,False,0.5,0.4999999999999999,0.5,0.5000000000000001,1.0,1.0,plan-c,1.0,1.0,0.5632599884192241,0.4367400115807759,2797,1500,0,4297,1.0,2.34540394382036,0.0518950000114273,0.0003703571151428,0.0004126137108997,handle_multiplicity,5ea2b6872b089409e7e675d58ca72a6d38f9f01f1726e22a56c3c80f0bf9afc9,8.0,0.75,8.0,0.7415653755729036,4,4,0.1875,0.0416666666666666,0.0208333333333333
unitscope-tuned,this-work,user-certified,primary,9,bcb0ae89d7046ea6a40182c28918a85b2596d0954bfa8806fde509c754011f06,0.75,4,6,1.0,0.75,0.75,0.75,0.75,0.75,0.727,0.5,False,0.5,0.4999999999999999,0.5,0.5000000000000001,1.0,1.0,plan-c,1.0,1.0,0.5632599884192241,0.4367400115807759,2797,1500,0,4297,1.0,3.431054169455252,0.0521410999936051,0.0002818207742221,0.000326273978355,handle_multiplicity,5ea2b6872b089409e7e675d58ca72a6d38f9f01f1726e22a56c3c80f0bf9afc9,8.0,0.75,8.0,0.7415653755729036,4,4,0.1875,0.0416666666666666,0.0208333333333333
naive-recalibrated-2c,this-work,user-certified,primary,9,bcb0ae89d7046ea6a40182c28918a85b2596d0954bfa8806fde509c754011f06,,4,6,1.0,0.75,0.75,0.75,0.75,0.75,0.727,0.5,False,0.5,0.4999999999999999,0.5,0.5000000000000001,2.0,2.0,plan-delta,2.0,1.0,0.5632599884192241,0.4367400115807759,2797,1500,0,4297,1.0,2.6477106595171405,0.0525885999959427,0.0001533645495515,0.0002968716622147,handle_multiplicity,5ea2b6872b089409e7e675d58ca72a6d38f9f01f1726e22a56c3c80f0bf9afc9,8.0,0.75,8.0,0.7415653755729036,4,4,0.1875,0.0416666666666666,0.0208333333333333
full-identity-reference,oracle,oracle-assumption,full-identity-reference,9,bcb0ae89d7046ea6a40182c28918a85b2596d0954bfa8806fde509c754011f06,,4,6,1.0,0.75,0.75,0.75,0.75,0.75,0.727,0.5,False,0.5,0.4999999999999999,0.5,0.5000000000000001,1.0,1.0,plan-c,1.0,1.0,0.0,0.0,0,0,0,1000,1.0,5.648362060019918,0.0484885999903781,0.0,2.9095863668243848e-05,handle_multiplicity,5ea2b6872b089409e7e675d58ca72a6d38f9f01f1726e22a56c3c80f0bf9afc9,8.0,0.75,8.0,0.7415653755729036,4,4,0.1875,0.0416666666666666,0.0208333333333333
non-private-reference,oracle,non-private,diagnostic,9,bcb0ae89d7046ea6a40182c28918a85b2596d0954bfa8806fde509c754011f06,,4,6,1.0,0.75,0.75,0.75,0.75,0.75,0.727,0.5,False,0.5,0.4999999999999999,0.5,0.5000000000000001,,,non-private,0.0,1.0,0.0,0.0,0,0,0,0,0.0,inf,0.0373681000055512,0.0073968073962336,0.0073968073962336,handle_multiplicity,5ea2b6872b089409e7e675d58ca72a6d38f9f01f1726e22a56c3c80f0bf9afc9,8.0,0.75,8.0,0.7415653755729036,4,4,0.1875,0.0416666666666666,0.0208333333333333
naive-claimed-c,this-work,unsafe-diagnostic,diagnostic,9,bcb0ae89d7046ea6a40182c28918a85b2596d0954bfa8806fde509c754011f06,,4,6,1.0,0.75,0.75,0.75,0.75,0.75,0.727,0.5,False,0.5,0.4999999999999999,0.5,0.5000000000000001,,2.0,unsafe-diagnostic,1.0,1.0,0.5632599884192241,0.4367400115807759,2797,1500,0,4297,1.0,5.295421319034281,0.073003500001505,0.0001533645495515,0.0001960222422149,handle_multiplicity,5ea2b6872b089409e7e675d58ca72a6d38f9f01f1726e22a56c3c80f0bf9afc9,8.0,0.75,8.0,0.7415653755729036,4,4,0.1875,0.0416666666666666,0.0208333333333333
stable-local-fallback,this-work,user-certified,primary,0,7e05e7d37d8a89c8dde0936e51d2be4a5a53fc703e1d728564578c0ef278e9d4,0.0,2,2,1.0,0.75,0.5,0.75,0.5,0.75,0.753,0.5,False,0.5,0.4999999999999999,0.5,0.5000000000000001,1.0,1.0,plan-c,1.0,1.0,0.0,1.0,0,1753,0,1753,1.0,4.12979565961753,0.0223867000022437,0.0001091347990666,0.0001691844525649,fallback_bound,e5406f65a51cec6decfcd011a3fddc69b928e80547953d06bf714d6dfed61a26,8.0,0.75,8.0,0.7415653755729036,2,2,0.375,0.125,0.0625
handle-only-drop-residual,this-work,user-certified,primary,0,7e05e7d37d8a89c8dde0936e51d2be4a5a53fc703e1d728564578c0ef278e9d4,1.0,2,2,1.0,0.75,0.5,0.75,0.5,0.75,0.753,0.5,False,0.5,0.4999999999999999,0.5,0.5000000000000001,1.0,1.0,plan-c,1.0,0.376782658300057,0.376782658300057,0.0,1321,0,0,1321,1.0,3.818124340697683,0.0319245999999111,0.0003747781612295,0.0004285884934897,fallback_bound,e5406f65a51cec6decfcd011a3fddc69b928e80547953d06bf714d6dfed61a26,8.0,0.75,8.0,0.7415653755729036,2,2,0.375,0.125,0.0625
unitscope-equal,this-work,user-certified,primary,0,7e05e7d37d8a89c8dde0936e51d2be4a5a53fc703e1d728564578c0ef278e9d4,0.5,2,2,1.0,0.75,0.5,0.75,0.5,0.75,0.753,0.5,False,0.5,0.4999999999999999,0.5,0.5000000000000001,1.0,1.0,plan-c,1.0,1.0,0.376782658300057,0.6232173416999429,1321,1551,0,2872,1.0,3.528226860291299,0.0352950999949825,0.0002250131729972,0.0002783415383252,fallback_bound,e5406f65a51cec6decfcd011a3fddc69b928e80547953d06bf714d6dfed61a26,8.0,0.75,8.0,0.7415653755729036,2,2,0.375,0.125,0.0625
unitscope-tuned,this-work,user-certified,primary,0,7e05e7d37d8a89c8dde0936e51d2be4a5a53fc703e1d728564578c0ef278e9d4,0.75,2,2,1.0,0.75,0.5,0.75,0.5,0.75,0.753,0.5,False,0.5,0.4999999999999999,0.5,0.5000000000000001,1.0,1.0,plan-c,1.0,1.0,0.376782658300057,0.6232173416999429,1321,1551,0,2872,1.0,3.62262651751894,0.0353663999994751,0.0002828107224591,0.0003363800712532,fallback_bound,e5406f65a51cec6decfcd011a3fddc69b928e80547953d06bf714d6dfed61a26,8.0,0.75,8.0,0.7415653755729036,2,2,0.375,0.125,0.0625
naive-recalibrated-2c,this-work,user-certified,primary,0,7e05e7d37d8a89c8dde0936e51d2be4a5a53fc703e1d728564578c0ef278e9d4,,2,2,1.0,0.75,0.5,0.75,0.5,0.75,0.753,0.5,False,0.5,0.4999999999999999,0.5,0.5000000000000001,2.0,2.0,plan-delta,2.0,1.0,0.376782658300057,0.6232173416999429,1321,1551,0,2872,1.0,3.528226860291299,0.0361713000020245,0.0002669700292488,0.0004442793590688,fallback_bound,e5406f65a51cec6decfcd011a3fddc69b928e80547953d06bf714d6dfed61a26,8.0,0.75,8.0,0.7415653755729036,2,2,0.375,0.125,0.0625
full-identity-reference,oracle,oracle-assumption,full-identity-reference,0,7e05e7d37d8a89c8dde0936e51d2be4a5a53fc703e1d728564578c0ef278e9d4,,2,2,1.0,0.75,0.5,0.75,0.5,0.75,0.753,0.5,False,0.5,0.4999999999999999,0.5,0.5000000000000001,1.0,1.0,plan-c,1.0,1.0,0.0,0.0,0,0,0,1000,1.0,5.3919700659430765,0.0441645999962929,0.0,4.382932526256053e-05,fallback_bound,e5406f65a51cec6decfcd011a3fddc69b928e80547953d06bf714d6dfed61a26,8.0,0.75,8.0,0.7415653755729036,2,2,0.375,0.125,0.0625
non-private-reference,oracle,non-private,diagnostic,0,7e05e7d37d8a89c8dde0936e51d2be4a5a53fc703e1d728564578c0ef278e9d4,,2,2,1.0,0.75,0.5,0.75,0.5,0.75,0.753,0.5,False,0.5,0.4999999999999999,0.5,0.5000000000000001,,,non-private,0.0,1.0,0.0,0.0,0,0,0,0,0.0,inf,0.0193519000022206,0.0009896145859756,0.0009896145859756,fallback_bound,e5406f65a51cec6decfcd011a3fddc69b928e80547953d06bf714d6dfed61a26,8.0,0.75,8.0,0.7415653755729036,2,2,0.375,0.125,0.0625
naive-claimed-c,this-work,unsafe-diagnostic,diagnostic,0,7e05e7d37d8a89c8dde0936e51d2be4a5a53fc703e1d728564578c0ef278e9d4,,2,2,1.0,0.75,0.5,0.75,0.5,0.75,0.753,0.5,False,0.5,0.4999999999999999,0.5,0.5000000000000001,,2.0,unsafe-diagnostic,1.0,1.0,0.376782658300057,0.6232173416999429,1321,1551,0,2872,1.0,7.056453720582598,0.0343297000072198,0.0002669700292488,0.0003117953688962,fallback_bound,e5406f65a51cec6decfcd011a3fddc69b928e80547953d06bf714d6dfed61a26,8.0,0.75,8.0,0.7415653755729036,2,2,0.375,0.125,0.0625
stable-local-fallback,this-work,user-certified,primary,1,7e05e7d37d8a89c8dde0936e51d2be4a5a53fc703e1d728564578c0ef278e9d4,0.0,2,2,1.0,0.75,0.5,0.75,0.5,0.75,0.747,0.5,False,0.5,0.4999999999999999,0.5,0.5000000000000001,1.0,1.0,plan-c,1.0,1.0,0.0,1.0,0,1747,0,1747,1.0,4.318762854613945,0.0226100999861955,8.376921143013852e-05,0.0001278870421787,fallback_bound,e5406f65a51cec6decfcd011a3fddc69b928e80547953d06bf714d6dfed61a26,8.0,0.75,8.0,0.7415653755729036,2,2,0.375,0.125,0.0625
handle-only-drop-residual,this-work,user-certified,primary,1,7e05e7d37d8a89c8dde0936e51d2be4a5a53fc703e1d728564578c0ef278e9d4,1.0,2,2,1.0,0.75,0.5,0.75,0.5,0.75,0.747,0.5,False,0.5,0.4999999999999999,0.5,0.5000000000000001,1.0,1.0,plan-c,1.0,0.3777904979965655,0.3777904979965655,0.0,1320,0,0,1320,1.0,4.049792358551845,0.0316672999906586,0.0004679587074854,0.0005397622034925,fallback_bound,e5406f65a51cec6decfcd011a3fddc69b928e80547953d06bf714d6dfed61a26,8.0,0.75,8.0,0.7415653755729036,2,2,0.375,0.125,0.0625
unitscope-equal,this-work,user-certified,primary,1,7e05e7d37d8a89c8dde0936e51d2be4a5a53fc703e1d728564578c0ef278e9d4,0.5,2,2,1.0,0.75,0.5,0.75,0.5,0.75,0.747,0.5,False,0.5,0.4999999999999999,0.5,0.5000000000000001,1.0,1.0,plan-c,1.0,1.0,0.3777904979965655,0.6222095020034345,1320,1540,0,2860,1.0,3.7689550979160575,0.0526516000099945,0.0002036121475204,0.0002572379648763,fallback_bound,e5406f65a51cec6decfcd011a3fddc69b928e80547953d06bf714d6dfed61a26,8.0,0.75,8.0,0.7415653755729036,2,2,0.375,0.125,0.0625
unitscope-tuned,this-work,user-certified,primary,1,7e05e7d37d8a89c8dde0936e51d2be4a5a53fc703e1d728564578c0ef278e9d4,0.75,2,2,1.0,0.75,0.5,0.75,0.5,0.75,0.747,0.5,False,0.5,0.4999999999999999,0.5,0.5000000000000001,1.0,1.0,plan-c,1.0,1.0,0.3777904979965655,0.6222095020034345,1320,1540,0,2860,1.0,3.8137696688691984,0.0353192000038689,0.0003114629271021,0.0003741775837836,fallback_bound,e5406f65a51cec6decfcd011a3fddc69b928e80547953d06bf714d6dfed61a26,8.0,0.75,8.0,0.7415653755729036,2,2,0.375,0.125,0.0625
naive-recalibrated-2c,this-work,user-certified,primary,1,7e05e7d37d8a89c8dde0936e51d2be4a5a53fc703e1d728564578c0ef278e9d4,,2,2,1.0,0.75,0.5,0.75,0.5,0.75,0.747,0.5,False,0.5,0.4999999999999999,0.5,0.5000000000000001,2.0,2.0,plan-delta,2.0,1.0,0.3777904979965655,0.6222095020034345,1320,1540,0,2860,1.0,3.7689550979160575,0.0336248999956296,0.000272756637607,0.0004481117857595,fallback_bound,e5406f65a51cec6decfcd011a3fddc69b928e80547953d06bf714d6dfed61a26,8.0,0.75,8.0,0.7415653755729036,2,2,0.375,0.125,0.0625
full-identity-reference,oracle,oracle-assumption,full-identity-reference,1,7e05e7d37d8a89c8dde0936e51d2be4a5a53fc703e1d728564578c0ef278e9d4,,2,2,1.0,0.75,0.5,0.75,0.5,0.75,0.747,0.5,False,0.5,0.4999999999999999,0.5,0.5000000000000001,1.0,1.0,plan-c,1.0,1.0,0.0,0.0,0,0,0,1000,1.0,5.709739005623294,0.0405936000024667,0.0,3.2084292219098765e-05,fallback_bound,e5406f65a51cec6decfcd011a3fddc69b928e80547953d06bf714d6dfed61a26,8.0,0.75,8.0,0.7415653755729036,2,2,0.375,0.125,0.0625
non-private-reference,oracle,non-private,diagnostic,1,7e05e7d37d8a89c8dde0936e51d2be4a5a53fc703e1d728564578c0ef278e9d4,,2,2,1.0,0.75,0.5,0.75,0.5,0.75,0.747,0.5,False,0.5,0.4999999999999999,0.5,0.5000000000000001,,,non-private,0.0,1.0,0.0,0.0,0,0,0,0,0.0,inf,0.0187994000007165,0.0007473834350982,0.0007473834350982,fallback_bound,e5406f65a51cec6decfcd011a3fddc69b928e80547953d06bf714d6dfed61a26,8.0,0.75,8.0,0.7415653755729036,2,2,0.375,0.125,0.0625
naive-claimed-c,this-work,unsafe-diagnostic,diagnostic,1,7e05e7d37d8a89c8dde0936e51d2be4a5a53fc703e1d728564578c0ef278e9d4,,2,2,1.0,0.75,0.5,0.75,0.5,0.75,0.747,0.5,False,0.5,0.4999999999999999,0.5,0.5000000000000001,,2.0,unsafe-diagnostic,1.0,1.0,0.3777904979965655,0.6222095020034345,1320,1540,0,2860,1.0,7.537910195832117,0.0323193999938666,0.000272756637607,0.0003283499194642,fallback_bound,e5406f65a51cec6decfcd011a3fddc69b928e80547953d06bf714d6dfed61a26,8.0,0.75,8.0,0.7415653755729036,2,2,0.375,0.125,0.0625
stable-local-fallback,this-work,user-certified,primary,2,7e05e7d37d8a89c8dde0936e51d2be4a5a53fc703e1d728564578c0ef278e9d4,0.0,2,2,1.0,0.75,0.5,0.75,0.5,0.75,0.747,0.5,False,0.5,0.4999999999999999,0.5,0.5000000000000001,1.0,1.0,plan-c,1.0,1.0,0.0,1.0,0,1747,0,1747,1.0,4.166239115663965,0.0227499000029638,7.539040408279592e-05,0.000125205404851,fallback_bound,e5406f65a51cec6decfcd011a3fddc69b928e80547953d06bf714d6dfed61a26,8.0,0.75,8.0,0.7415653755729036,2,2,0.375,0.125,0.0625
handle-only-drop-residual,this-work,user-certified,primary,2,7e05e7d37d8a89c8dde0936e51d2be4a5a53fc703e1d728564578c0ef278e9d4,1.0,2,2,1.0,0.75,0.5,0.75,0.5,0.75,0.747,0.5,False,0.5,0.4999999999999999,0.5,0.5000000000000001,1.0,1.0,plan-c,1.0,0.3737836290784201,0.3737836290784201,0.0,1306,0,0,1306,1.0,3.597003782480754,0.0314005999971414,0.0003826957206673,0.0004624847009716,fallback_bound,e5406f65a51cec6decfcd011a3fddc69b928e80547953d06bf714d6dfed61a26,8.0,0.75,8.0,0.7415653755729036,2,2,0.375,0.125,0.0625
unitscope-equal,this-work,user-certified,primary,2,7e05e7d37d8a89c8dde0936e51d2be4a5a53fc703e1d728564578c0ef278e9d4,0.5,2,2,1.0,0.75,0.5,0.75,0.5,0.75,0.747,0.5,False,0.5,0.4999999999999999,0.5,0.5000000000000001,1.0,1.0,plan-c,1.0,1.0,0.3737836290784201,0.6262163709215799,1306,1579,0,2885,1.0,3.4428980500836275,0.0333895000076154,0.0001817551345709,0.0002532914300125,fallback_bound,e5406f65a51cec6decfcd011a3fddc69b928e80547953d06bf714d6dfed61a26,8.0,0.75,8.0,0.7415653755729036,2,2,0.375,0.125,0.0625
unitscope-tuned,this-work,user-certified,primary,2,7e05e7d37d8a89c8dde0936e51d2be4a5a53fc703e1d728564578c0ef278e9d4,0.75,2,2,1.0,0.75,0.5,0.75,0.5,0.75,0.747,0.5,False,0.5,0.4999999999999999,0.5,0.5000000000000001,1.0,1.0,plan-c,1.0,1.0,0.3737836290784201,0.6262163709215799,1306,1579,0,2885,1.0,3.451529993864616,0.0358582999906502,0.0002652871698759,0.0003409498077489,fallback_bound,e5406f65a51cec6decfcd011a3fddc69b928e80547953d06bf714d6dfed61a26,8.0,0.75,8.0,0.7415653755729036,2,2,0.375,0.125,0.0625
naive-recalibrated-2c,this-work,user-certified,primary,2,7e05e7d37d8a89c8dde0936e51d2be4a5a53fc703e1d728564578c0ef278e9d4,,2,2,1.0,0.75,0.5,0.75,0.5,0.75,0.747,0.5,False,0.5,0.4999999999999999,0.5,0.5000000000000001,2.0,2.0,plan-delta,2.0,1.0,0.3737836290784201,0.6262163709215799,1306,1579,0,2885,1.0,3.4428980500836275,0.0338322000025073,0.0002369043773098,0.0003448896361356,fallback_bound,e5406f65a51cec6decfcd011a3fddc69b928e80547953d06bf714d6dfed61a26,8.0,0.75,8.0,0.7415653755729036,2,2,0.375,0.125,0.0625
full-identity-reference,oracle,oracle-assumption,full-identity-reference,2,7e05e7d37d8a89c8dde0936e51d2be4a5a53fc703e1d728564578c0ef278e9d4,,2,2,1.0,0.75,0.5,0.75,0.5,0.75,0.747,0.5,False,0.5,0.4999999999999999,0.5,0.5000000000000001,1.0,1.0,plan-c,1.0,1.0,0.0,0.0,0,0,0,1000,1.0,5.22654729687365,0.0424052000016672,0.0,3.507377284459695e-05,fallback_bound,e5406f65a51cec6decfcd011a3fddc69b928e80547953d06bf714d6dfed61a26,8.0,0.75,8.0,0.7415653755729036,2,2,0.375,0.125,0.0625
non-private-reference,oracle,non-private,diagnostic,2,7e05e7d37d8a89c8dde0936e51d2be4a5a53fc703e1d728564578c0ef278e9d4,,2,2,1.0,0.75,0.5,0.75,0.5,0.75,0.747,0.5,False,0.5,0.4999999999999999,0.5,0.5000000000000001,,,non-private,0.0,1.0,0.0,0.0,0,0,0,0,0.0,inf,0.0213819000055082,0.0008851428222059,0.0008851428222059,fallback_bound,e5406f65a51cec6decfcd011a3fddc69b928e80547953d06bf714d6dfed61a26,8.0,0.75,8.0,0.7415653755729036,2,2,0.375,0.125,0.0625
naive-claimed-c,this-work,unsafe-diagnostic,diagnostic,2,7e05e7d37d8a89c8dde0936e51d2be4a5a53fc703e1d728564578c0ef278e9d4,,2,2,1.0,0.75,0.5,0.75,0.5,0.75,0.747,0.5,False,0.5,0.4999999999999999,0.5,0.5000000000000001,,2.0,unsafe-diagnostic,1.0,1.0,0.3737836290784201,0.6262163709215799,1306,1579,0,2885,1.0,6.885796100167255,0.0618978999991668,0.0002369043773098,0.0002558232338781,fallback_bound,e5406f65a51cec6decfcd011a3fddc69b928e80547953d06bf714d6dfed61a26,8.0,0.75,8.0,0.7415653755729036,2,2,0.375,0.125,0.0625
stable-local-fallback,this-work,user-certified,primary,3,7e05e7d37d8a89c8dde0936e51d2be4a5a53fc703e1d728564578c0ef278e9d4,0.0,2,2,1.0,0.75,0.5,0.75,0.5,0.75,0.741,0.5,False,0.5,0.4999999999999999,0.5,0.5000000000000001,1.0,1.0,plan-c,1.0,1.0,0.0,1.0,0,1741,0,1741,1.0,4.533352607899692,0.0221192000026348,6.16918793270429e-05,8.458157281315907e-05,fallback_bound,e5406f65a51cec6decfcd011a3fddc69b928e80547953d06bf714d6dfed61a26,8.0,0.75,8.0,0.7415653755729036,2,2,0.375,0.125,0.0625
handle-only-drop-residual,this-work,user-certified,primary,3,7e05e7d37d8a89c8dde0936e51d2be4a5a53fc703e1d728564578c0ef278e9d4,1.0,2,2,1.0,0.75,0.5,0.75,0.5,0.75,0.741,0.5,False,0.5,0.4999999999999999,0.5,0.5000000000000001,1.0,1.0,plan-c,1.0,0.3767949454336588,0.3767949454336588,0.0,1312,0,0,1312,1.0,4.082654246670134,0.0311383999942336,0.0003693225038897,0.0003984222846491,fallback_bound,e5406f65a51cec6decfcd011a3fddc69b928e80547953d06bf714d6dfed61a26,8.0,0.75,8.0,0.7415653755729036,2,2,0.375,0.125,0.0625
unitscope-equal,this-work,user-certified,primary,3,7e05e7d37d8a89c8dde0936e51d2be4a5a53fc703e1d728564578c0ef278e9d4,0.5,2,2,1.0,0.75,0.5,0.75,0.5,0.75,0.741,0.5,False,0.5,0.4999999999999999,0.5,0.5000000000000001,1.0,1.0,plan-c,1.0,1.0,0.3767949454336588,0.6232050545663412,1312,1550,0,2862,1.0,3.755323548060245,0.0312851999915437,0.000176479855814,0.0002037989677711,fallback_bound,e5406f65a51cec6decfcd011a3fddc69b928e80547953d06bf714d6dfed61a26,8.0,0.75,8.0,0.7415653755729036,2,2,0.375,0.125,0.0625
unitscope-tuned,this-work,user-certified,primary,3,7e05e7d37d8a89c8dde0936e51d2be4a5a53fc703e1d728564578c0ef278e9d4,0.75,2,2,1.0,0.75,0.5,0.75,0.5,0.75,0.741,0.5,False,0.5,0.4999999999999999,0.5,0.5000000000000001,1.0,1.0,plan-c,1.0,1.0,0.3767949454336588,0.6232050545663412,1312,1550,0,2862,1.0,3.837753722510763,0.0316705000004731,0.0002522437177027,0.000280453164061,fallback_bound,e5406f65a51cec6decfcd011a3fddc69b928e80547953d06bf714d6dfed61a26,8.0,0.75,8.0,0.7415653755729036,2,2,0.375,0.125,0.0625
naive-recalibrated-2c,this-work,user-certified,primary,3,7e05e7d37d8a89c8dde0936e51d2be4a5a53fc703e1d728564578c0ef278e9d4,,2,2,1.0,0.75,0.5,0.75,0.5,0.75,0.741,0.5,False,0.5,0.4999999999999999,0.5,0.5000000000000001,2.0,2.0,plan-delta,2.0,1.0,0.3767949454336588,0.6232050545663412,1312,1550,0,2862,1.0,3.755323548060245,0.0315400000108638,0.0002105812675631,0.0003421352872322,fallback_bound,e5406f65a51cec6decfcd011a3fddc69b928e80547953d06bf714d6dfed61a26,8.0,0.75,8.0,0.7415653755729036,2,2,0.375,0.125,0.0625
full-identity-reference,oracle,oracle-assumption,full-identity-reference,3,7e05e7d37d8a89c8dde0936e51d2be4a5a53fc703e1d728564578c0ef278e9d4,,2,2,1.0,0.75,0.5,0.75,0.5,0.75,0.741,0.5,False,0.5,0.4999999999999999,0.5,0.5000000000000001,1.0,1.0,plan-c,1.0,1.0,0.0,0.0,0,0,0,1000,1.0,5.7212359014939125,0.0412629999918863,0.0,3.144656992614111e-05,fallback_bound,e5406f65a51cec6decfcd011a3fddc69b928e80547953d06bf714d6dfed61a26,8.0,0.75,8.0,0.7415653755729036,2,2,0.375,0.125,0.0625
non-private-reference,oracle,non-private,diagnostic,3,7e05e7d37d8a89c8dde0936e51d2be4a5a53fc703e1d728564578c0ef278e9d4,,2,2,1.0,0.75,0.5,0.75,0.5,0.75,0.741,0.5,False,0.5,0.4999999999999999,0.5,0.5000000000000001,,,non-private,0.0,1.0,0.0,0.0,0,0,0,0,0.0,inf,0.0192390000011073,0.000878462574273,0.000878462574273,fallback_bound,e5406f65a51cec6decfcd011a3fddc69b928e80547953d06bf714d6dfed61a26,8.0,0.75,8.0,0.7415653755729036,2,2,0.375,0.125,0.0625
naive-claimed-c,this-work,unsafe-diagnostic,diagnostic,3,7e05e7d37d8a89c8dde0936e51d2be4a5a53fc703e1d728564578c0ef278e9d4,,2,2,1.0,0.75,0.5,0.75,0.5,0.75,0.741,0.5,False,0.5,0.4999999999999999,0.5,0.5000000000000001,,2.0,unsafe-diagnostic,1.0,1.0,0.3767949454336588,0.6232050545663412,1312,1550,0,2862,1.0,7.51064709612049,0.032422200005385,0.0002105812675631,0.0002449117074715,fallback_bound,e5406f65a51cec6decfcd011a3fddc69b928e80547953d06bf714d6dfed61a26,8.0,0.75,8.0,0.7415653755729036,2,2,0.375,0.125,0.0625
stable-local-fallback,this-work,user-certified,primary,4,7e05e7d37d8a89c8dde0936e51d2be4a5a53fc703e1d728564578c0ef278e9d4,0.0,2,2,1.0,0.75,0.5,0.75,0.5,0.75,0.773,0.5,False,0.5,0.4999999999999999,0.5,0.5000000000000001,1.0,1.0,plan-c,1.0,1.0,0.0,1.0,0,1773,0,1773,1.0,4.0588109198707,0.0244437000073958,6.46630290647399e-05,8.975583737439844e-05,fallback_bound,e5406f65a51cec6decfcd011a3fddc69b928e80547953d06bf714d6dfed61a26,8.0,0.75,8.0,0.7415653755729036,2,2,0.375,0.125,0.0625
handle-only-drop-residual,this-work,user-certified,primary,4,7e05e7d37d8a89c8dde0936e51d2be4a5a53fc703e1d728564578c0ef278e9d4,1.0,2,2,1.0,0.75,0.5,0.75,0.5,0.75,0.773,0.5,False,0.5,0.4999999999999999,0.5,0.5000000000000001,1.0,1.0,plan-c,1.0,0.3767625493513818,0.3767625493513818,0.0,1336,0,0,1336,1.0,3.9241146350253375,0.0564269000024069,0.0003700013493819,0.0003690793531759,fallback_bound,e5406f65a51cec6decfcd011a3fddc69b928e80547953d06bf714d6dfed61a26,8.0,0.75,8.0,0.7415653755729036,2,2,0.375,0.125,0.0625
unitscope-equal,this-work,user-certified,primary,4,7e05e7d37d8a89c8dde0936e51d2be4a5a53fc703e1d728564578c0ef278e9d4,0.5,2,2,1.0,0.75,0.5,0.75,0.5,0.75,0.773,0.5,False,0.5,0.4999999999999999,0.5,0.5000000000000001,1.0,1.0,plan-c,1.0,1.0,0.3767625493513818,0.6232374506486181,1336,1569,0,2905,1.0,3.4608139918443066,0.0329228000045986,0.0001696399736477,0.0001785941065985,fallback_bound,e5406f65a51cec6decfcd011a3fddc69b928e80547953d06bf714d6dfed61a26,8.0,0.75,8.0,0.7415653755729036,2,2,0.375,0.125,0.0625
unitscope-tuned,this-work,user-certified,primary,4,7e05e7d37d8a89c8dde0936e51d2be4a5a53fc703e1d728564578c0ef278e9d4,0.75,2,2,1.0,0.75,0.5,0.75,0.5,0.75,0.773,0.5,False,0.5,0.4999999999999999,0.5,0.5000000000000001,1.0,1.0,plan-c,1.0,1.0,0.3767625493513818,0.6232374506486181,1336,1569,0,2905,1.0,3.615066484022088,0.0327319999923929,0.000248450639061,0.0002524667074334,fallback_bound,e5406f65a51cec6decfcd011a3fddc69b928e80547953d06bf714d6dfed61a26,8.0,0.75,8.0,0.7415653755729036,2,2,0.375,0.125,0.0625
naive-recalibrated-2c,this-work,user-certified,primary,4,7e05e7d37d8a89c8dde0936e51d2be4a5a53fc703e1d728564578c0ef278e9d4,,2,2,1.0,0.75,0.5,0.75,0.5,0.75,0.773,0.5,False,0.5,0.4999999999999999,0.5,0.5000000000000001,2.0,2.0,plan-delta,2.0,1.0,0.3767625493513818,0.6232374506486181,1336,1569,0,2905,1.0,3.4608139918443066,0.0323297000140883,0.0002419818867569,0.0003749710005546,fallback_bound,e5406f65a51cec6decfcd011a3fddc69b928e80547953d06bf714d6dfed61a26,8.0,0.75,8.0,0.7415653755729036,2,2,0.375,0.125,0.0625
full-identity-reference,oracle,oracle-assumption,full-identity-reference,4,7e05e7d37d8a89c8dde0936e51d2be4a5a53fc703e1d728564578c0ef278e9d4,,2,2,1.0,0.75,0.5,0.75,0.5,0.75,0.773,0.5,False,0.5,0.4999999999999999,0.5,0.5000000000000001,1.0,1.0,plan-c,1.0,1.0,0.0,0.0,0,0,0,1000,1.0,5.174351870312281,0.0420882999897003,0.0,3.450958520111424e-05,fallback_bound,e5406f65a51cec6decfcd011a3fddc69b928e80547953d06bf714d6dfed61a26,8.0,0.75,8.0,0.7415653755729036,2,2,0.375,0.125,0.0625
non-private-reference,oracle,non-private,diagnostic,4,7e05e7d37d8a89c8dde0936e51d2be4a5a53fc703e1d728564578c0ef278e9d4,,2,2,1.0,0.75,0.5,0.75,0.5,0.75,0.773,0.5,False,0.5,0.4999999999999999,0.5,0.5000000000000001,,,non-private,0.0,1.0,0.0,0.0,0,0,0,0,0.0,inf,0.0187482999899657,0.0007718421729248,0.0007718421729248,fallback_bound,e5406f65a51cec6decfcd011a3fddc69b928e80547953d06bf714d6dfed61a26,8.0,0.75,8.0,0.7415653755729036,2,2,0.375,0.125,0.0625
naive-claimed-c,this-work,unsafe-diagnostic,diagnostic,4,7e05e7d37d8a89c8dde0936e51d2be4a5a53fc703e1d728564578c0ef278e9d4,,2,2,1.0,0.75,0.5,0.75,0.5,0.75,0.773,0.5,False,0.5,0.4999999999999999,0.5,0.5000000000000001,,2.0,unsafe-diagnostic,1.0,1.0,0.3767625493513818,0.6232374506486181,1336,1569,0,2905,1.0,6.921627983688613,0.0317779000033624,0.0002419818867569,0.0002739668584547,fallback_bound,e5406f65a51cec6decfcd011a3fddc69b928e80547953d06bf714d6dfed61a26,8.0,0.75,8.0,0.7415653755729036,2,2,0.375,0.125,0.0625
stable-local-fallback,this-work,user-certified,primary,5,7e05e7d37d8a89c8dde0936e51d2be4a5a53fc703e1d728564578c0ef278e9d4,0.0,2,2,1.0,0.75,0.5,0.75,0.5,0.75,0.744,0.5,False,0.5,0.4999999999999999,0.5,0.5000000000000001,1.0,1.0,plan-c,1.0,1.0,0.0,1.0,0,1744,0,1744,1.0,3.512053278224557,0.0221541999926557,9.056412983717356e-05,0.0001161981011046,fallback_bound,e5406f65a51cec6decfcd011a3fddc69b928e80547953d06bf714d6dfed61a26,8.0,0.75,8.0,0.7415653755729036,2,2,0.375,0.125,0.0625
handle-only-drop-residual,this-work,user-certified,primary,5,7e05e7d37d8a89c8dde0936e51d2be4a5a53fc703e1d728564578c0ef278e9d4,1.0,2,2,1.0,0.75,0.5,0.75,0.5,0.75,0.744,0.5,False,0.5,0.4999999999999999,0.5,0.5000000000000001,1.0,1.0,plan-c,1.0,0.3752866972477064,0.3752866972477064,0.0,1309,0,0,1309,1.0,3.3348155171362266,0.0312130999955115,0.0003431411148547,0.0003495716235377,fallback_bound,e5406f65a51cec6decfcd011a3fddc69b928e80547953d06bf714d6dfed61a26,8.0,0.75,8.0,0.7415653755729036,2,2,0.375,0.125,0.0625
unitscope-equal,this-work,user-certified,primary,5,7e05e7d37d8a89c8dde0936e51d2be4a5a53fc703e1d728564578c0ef278e9d4,0.5,2,2,1.0,0.75,0.5,0.75,0.5,0.75,0.744,0.5,False,0.5,0.4999999999999999,0.5,0.5000000000000001,1.0,1.0,plan-c,1.0,1.0,0.3752866972477064,0.6247133027522935,1309,1568,0,2877,1.0,3.118994594156145,0.0320325000066077,0.0001726088429111,0.0001899713309317,fallback_bound,e5406f65a51cec6decfcd011a3fddc69b928e80547953d06bf714d6dfed61a26,8.0,0.75,8.0,0.7415653755729036,2,2,0.375,0.125,0.0625
unitscope-tuned,this-work,user-certified,primary,5,7e05e7d37d8a89c8dde0936e51d2be4a5a53fc703e1d728564578c0ef278e9d4,0.75,2,2,1.0,0.75,0.5,0.75,0.5,0.75,0.744,0.5,False,0.5,0.4999999999999999,0.5,0.5000000000000001,1.0,1.0,plan-c,1.0,1.0,0.3752866972477064,0.6247133027522935,1309,1568,0,2877,1.0,3.169086356617061,0.0325458000006619,0.0002404892386196,0.0002523857369713,fallback_bound,e5406f65a51cec6decfcd011a3fddc69b928e80547953d06bf714d6dfed61a26,8.0,0.75,8.0,0.7415653755729036,2,2,0.375,0.125,0.0625
naive-recalibrated-2c,this-work,user-certified,primary,5,7e05e7d37d8a89c8dde0936e51d2be4a5a53fc703e1d728564578c0ef278e9d4,,2,2,1.0,0.75,0.5,0.75,0.5,0.75,0.744,0.5,False,0.5,0.4999999999999999,0.5,0.5000000000000001,2.0,2.0,plan-delta,2.0,1.0,0.3752866972477064,0.6247133027522935,1309,1568,0,2877,1.0,3.118994594156145,0.0322414999973261,0.0002789205444249,0.0005157795386522,fallback_bound,e5406f65a51cec6decfcd011a3fddc69b928e80547953d06bf714d6dfed61a26,8.0,0.75,8.0,0.7415653755729036,2,2,0.375,0.125,0.0625
full-identity-reference,oracle,oracle-assumption,full-identity-reference,5,7e05e7d37d8a89c8dde0936e51d2be4a5a53fc703e1d728564578c0ef278e9d4,,2,2,1.0,0.75,0.5,0.75,0.5,0.75,0.744,0.5,False,0.5,0.4999999999999999,0.5,0.5000000000000001,1.0,1.0,plan-c,1.0,1.0,0.0,0.0,0,0,0,1000,1.0,4.572838264560242,0.0410932000086177,0.0,4.557772479073201e-05,fallback_bound,e5406f65a51cec6decfcd011a3fddc69b928e80547953d06bf714d6dfed61a26,8.0,0.75,8.0,0.7415653755729036,2,2,0.375,0.125,0.0625
non-private-reference,oracle,non-private,diagnostic,5,7e05e7d37d8a89c8dde0936e51d2be4a5a53fc703e1d728564578c0ef278e9d4,,2,2,1.0,0.75,0.5,0.75,0.5,0.75,0.744,0.5,False,0.5,0.4999999999999999,0.5,0.5000000000000001,,,non-private,0.0,1.0,0.0,0.0,0,0,0,0,0.0,inf,0.0423627999989548,0.0007719797433812,0.0007719797433812,fallback_bound,e5406f65a51cec6decfcd011a3fddc69b928e80547953d06bf714d6dfed61a26,8.0,0.75,8.0,0.7415653755729036,2,2,0.375,0.125,0.0625
naive-claimed-c,this-work,unsafe-diagnostic,diagnostic,5,7e05e7d37d8a89c8dde0936e51d2be4a5a53fc703e1d728564578c0ef278e9d4,,2,2,1.0,0.75,0.5,0.75,0.5,0.75,0.744,0.5,False,0.5,0.4999999999999999,0.5,0.5000000000000001,,2.0,unsafe-diagnostic,1.0,1.0,0.3752866972477064,0.6247133027522935,1309,1568,0,2877,1.0,6.23798918831229,0.0352879999991273,0.0002789205444249,0.0003517723167478,fallback_bound,e5406f65a51cec6decfcd011a3fddc69b928e80547953d06bf714d6dfed61a26,8.0,0.75,8.0,0.7415653755729036,2,2,0.375,0.125,0.0625
stable-local-fallback,this-work,user-certified,primary,6,7e05e7d37d8a89c8dde0936e51d2be4a5a53fc703e1d728564578c0ef278e9d4,0.0,2,2,1.0,0.75,0.5,0.75,0.5,0.75,0.74,0.5,False,0.5,0.4999999999999999,0.5,0.5000000000000001,1.0,1.0,plan-c,1.0,1.0,0.0,1.0,0,1740,0,1740,1.0,5.294074211966555,0.0222847999975783,9.055627819989393e-05,9.692027737464317e-05,fallback_bound,e5406f65a51cec6decfcd011a3fddc69b928e80547953d06bf714d6dfed61a26,8.0,0.75,8.0,0.7415653755729036,2,2,0.375,0.125,0.0625
handle-only-drop-residual,this-work,user-certified,primary,6,7e05e7d37d8a89c8dde0936e51d2be4a5a53fc703e1d728564578c0ef278e9d4,1.0,2,2,1.0,0.75,0.5,0.75,0.5,0.75,0.74,0.5,False,0.5,0.4999999999999999,0.5,0.5000000000000001,1.0,1.0,plan-c,1.0,0.3781609195402299,0.3781609195402299,0.0,1316,0,0,1316,1.0,4.601346964378938,0.0316977000038605,0.0003477443375569,0.0003508256269539,fallback_bound,e5406f65a51cec6decfcd011a3fddc69b928e80547953d06bf714d6dfed61a26,8.0,0.75,8.0,0.7415653755729036,2,2,0.375,0.125,0.0625
unitscope-equal,this-work,user-certified,primary,6,7e05e7d37d8a89c8dde0936e51d2be4a5a53fc703e1d728564578c0ef278e9d4,0.5,2,2,1.0,0.75,0.5,0.75,0.5,0.75,0.74,0.5,False,0.5,0.4999999999999999,0.5,0.5000000000000001,1.0,1.0,plan-c,1.0,1.0,0.3781609195402299,0.6218390804597701,1316,1557,0,2873,1.0,4.347389220526849,0.0315304999967338,0.0002157462998041,0.0002177175841869,fallback_bound,e5406f65a51cec6decfcd011a3fddc69b928e80547953d06bf714d6dfed61a26,8.0,0.75,8.0,0.7415653755729036,2,2,0.375,0.125,0.0625
unitscope-tuned,this-work,user-certified,primary,6,7e05e7d37d8a89c8dde0936e51d2be4a5a53fc703e1d728564578c0ef278e9d4,0.75,2,2,1.0,0.75,0.5,0.75,0.5,0.75,0.74,0.5,False,0.5,0.4999999999999999,0.5,0.5000000000000001,1.0,1.0,plan-c,1.0,1.0,0.3781609195402299,0.6218390804597701,1316,1557,0,2873,1.0,4.417267698188685,0.0320840000058524,0.0002669374917938,0.0002694637786837,fallback_bound,e5406f65a51cec6decfcd011a3fddc69b928e80547953d06bf714d6dfed61a26,8.0,0.75,8.0,0.7415653755729036,2,2,0.375,0.125,0.0625
naive-recalibrated-2c,this-work,user-certified,primary,6,7e05e7d37d8a89c8dde0936e51d2be4a5a53fc703e1d728564578c0ef278e9d4,,2,2,1.0,0.75,0.5,0.75,0.5,0.75,0.74,0.5,False,0.5,0.4999999999999999,0.5,0.5000000000000001,2.0,2.0,plan-delta,2.0,1.0,0.3781609195402299,0.6218390804597701,1316,1557,0,2873,1.0,4.347389220526849,0.0313251999905332,0.0001964943984936,0.000313150279196,fallback_bound,e5406f65a51cec6decfcd011a3fddc69b928e80547953d06bf714d6dfed61a26,8.0,0.75,8.0,0.7415653755729036,2,2,0.375,0.125,0.0625
full-identity-reference,oracle,oracle-assumption,full-identity-reference,6,7e05e7d37d8a89c8dde0936e51d2be4a5a53fc703e1d728564578c0ef278e9d4,,2,2,1.0,0.75,0.5,0.75,0.5,0.75,0.74,0.5,False,0.5,0.4999999999999999,0.5,0.5000000000000001,1.0,1.0,plan-c,1.0,1.0,0.0,0.0,0,0,0,1000,1.0,6.790644185865935,0.0382513000076869,0.0,2.826786766778013e-05,fallback_bound,e5406f65a51cec6decfcd011a3fddc69b928e80547953d06bf714d6dfed61a26,8.0,0.75,8.0,0.7415653755729036,2,2,0.375,0.125,0.0625
non-private-reference,oracle,non-private,diagnostic,6,7e05e7d37d8a89c8dde0936e51d2be4a5a53fc703e1d728564578c0ef278e9d4,,2,2,1.0,0.75,0.5,0.75,0.5,0.75,0.74,0.5,False,0.5,0.4999999999999999,0.5,0.5000000000000001,,,non-private,0.0,1.0,0.0,0.0,0,0,0,0,0.0,inf,0.0184964999934891,0.0010544449245296,0.0010544449245296,fallback_bound,e5406f65a51cec6decfcd011a3fddc69b928e80547953d06bf714d6dfed61a26,8.0,0.75,8.0,0.7415653755729036,2,2,0.375,0.125,0.0625
naive-claimed-c,this-work,unsafe-diagnostic,diagnostic,6,7e05e7d37d8a89c8dde0936e51d2be4a5a53fc703e1d728564578c0ef278e9d4,,2,2,1.0,0.75,0.5,0.75,0.5,0.75,0.74,0.5,False,0.5,0.4999999999999999,0.5,0.5000000000000001,,2.0,unsafe-diagnostic,1.0,1.0,0.3781609195402299,0.6218390804597701,1316,1557,0,2873,1.0,8.694778441053698,0.0324924000015016,0.0001964943984936,0.000226554471177,fallback_bound,e5406f65a51cec6decfcd011a3fddc69b928e80547953d06bf714d6dfed61a26,8.0,0.75,8.0,0.7415653755729036,2,2,0.375,0.125,0.0625
stable-local-fallback,this-work,user-certified,primary,7,7e05e7d37d8a89c8dde0936e51d2be4a5a53fc703e1d728564578c0ef278e9d4,0.0,2,2,1.0,0.75,0.5,0.75,0.5,0.75,0.753,0.5,False,0.5,0.4999999999999999,0.5,0.5000000000000001,1.0,1.0,plan-c,1.0,1.0,0.0,1.0,0,1753,0,1753,1.0,4.194378199214998,0.0464291999960551,7.020851793850897e-05,0.0001141936579568,fallback_bound,e5406f65a51cec6decfcd011a3fddc69b928e80547953d06bf714d6dfed61a26,8.0,0.75,8.0,0.7415653755729036,2,2,0.375,0.125,0.0625
handle-only-drop-residual,this-work,user-certified,primary,7,7e05e7d37d8a89c8dde0936e51d2be4a5a53fc703e1d728564578c0ef278e9d4,1.0,2,2,1.0,0.75,0.5,0.75,0.5,0.75,0.753,0.5,False,0.5,0.4999999999999999,0.5,0.5000000000000001,1.0,1.0,plan-c,1.0,0.372219053051911,0.372219053051911,0.0,1305,0,0,1305,1.0,3.684470476427727,0.0313784000027226,0.0003114125743416,0.0004005378834063,fallback_bound,e5406f65a51cec6decfcd011a3fddc69b928e80547953d06bf714d6dfed61a26,8.0,0.75,8.0,0.7415653755729036,2,2,0.375,0.125,0.0625
unitscope-equal,this-work,user-certified,primary,7,7e05e7d37d8a89c8dde0936e51d2be4a5a53fc703e1d728564578c0ef278e9d4,0.5,2,2,1.0,0.75,0.5,0.75,0.5,0.75,0.753,0.5,False,0.5,0.4999999999999999,0.5,0.5000000000000001,1.0,1.0,plan-c,1.0,1.0,0.372219053051911,0.627780946948089,1305,1559,0,2864,1.0,3.459523655765568,0.0317268000071635,0.0001718392826826,0.0002328408850937,fallback_bound,e5406f65a51cec6decfcd011a3fddc69b928e80547953d06bf714d6dfed61a26,8.0,0.75,8.0,0.7415653755729036,2,2,0.375,0.125,0.0625
unitscope-tuned,this-work,user-certified,primary,7,7e05e7d37d8a89c8dde0936e51d2be4a5a53fc703e1d728564578c0ef278e9d4,0.75,2,2,1.0,0.75,0.5,0.75,0.5,0.75,0.753,0.5,False,0.5,0.4999999999999999,0.5,0.5000000000000001,1.0,1.0,plan-c,1.0,1.0,0.372219053051911,0.627780946948089,1305,1559,0,2864,1.0,3.515206190148628,0.0315763999969931,0.0002283641829164,0.0003034276386543,fallback_bound,e5406f65a51cec6decfcd011a3fddc69b928e80547953d06bf714d6dfed61a26,8.0,0.75,8.0,0.7415653755729036,2,2,0.375,0.125,0.0625
naive-recalibrated-2c,this-work,user-certified,primary,7,7e05e7d37d8a89c8dde0936e51d2be4a5a53fc703e1d728564578c0ef278e9d4,,2,2,1.0,0.75,0.5,0.75,0.5,0.75,0.753,0.5,False,0.5,0.4999999999999999,0.5,0.5000000000000001,2.0,2.0,plan-delta,2.0,1.0,0.372219053051911,0.627780946948089,1305,1559,0,2864,1.0,3.459523655765568,0.0313800000003539,0.0002213099273457,0.0004045535199247,fallback_bound,e5406f65a51cec6decfcd011a3fddc69b928e80547953d06bf714d6dfed61a26,8.0,0.75,8.0,0.7415653755729036,2,2,0.375,0.125,0.0625
full-identity-reference,oracle,oracle-assumption,full-identity-reference,7,7e05e7d37d8a89c8dde0936e51d2be4a5a53fc703e1d728564578c0ef278e9d4,,2,2,1.0,0.75,0.5,0.75,0.5,0.75,0.753,0.5,False,0.5,0.4999999999999999,0.5,0.5000000000000001,1.0,1.0,plan-c,1.0,1.0,0.0,0.0,0,0,0,1000,1.0,5.269456490207377,0.0412871000007726,0.0,3.194533304464665e-05,fallback_bound,e5406f65a51cec6decfcd011a3fddc69b928e80547953d06bf714d6dfed61a26,8.0,0.75,8.0,0.7415653755729036,2,2,0.375,0.125,0.0625
non-private-reference,oracle,non-private,diagnostic,7,7e05e7d37d8a89c8dde0936e51d2be4a5a53fc703e1d728564578c0ef278e9d4,,2,2,1.0,0.75,0.5,0.75,0.5,0.75,0.753,0.5,False,0.5,0.4999999999999999,0.5,0.5000000000000001,,,non-private,0.0,1.0,0.0,0.0,0,0,0,0,0.0,inf,0.021264399998472,0.0008150035796582,0.0008150035796582,fallback_bound,e5406f65a51cec6decfcd011a3fddc69b928e80547953d06bf714d6dfed61a26,8.0,0.75,8.0,0.7415653755729036,2,2,0.375,0.125,0.0625
naive-claimed-c,this-work,unsafe-diagnostic,diagnostic,7,7e05e7d37d8a89c8dde0936e51d2be4a5a53fc703e1d728564578c0ef278e9d4,,2,2,1.0,0.75,0.5,0.75,0.5,0.75,0.753,0.5,False,0.5,0.4999999999999999,0.5,0.5000000000000001,,2.0,unsafe-diagnostic,1.0,1.0,0.372219053051911,0.627780946948089,1305,1559,0,2864,1.0,6.919047311531136,0.0370174999989103,0.0002213099273457,0.0002809863905906,fallback_bound,e5406f65a51cec6decfcd011a3fddc69b928e80547953d06bf714d6dfed61a26,8.0,0.75,8.0,0.7415653755729036,2,2,0.375,0.125,0.0625
stable-local-fallback,this-work,user-certified,primary,8,7e05e7d37d8a89c8dde0936e51d2be4a5a53fc703e1d728564578c0ef278e9d4,0.0,2,2,1.0,0.75,0.5,0.75,0.5,0.75,0.74,0.5,False,0.5,0.4999999999999999,0.5,0.5000000000000001,1.0,1.0,plan-c,1.0,1.0,0.0,1.0,0,1740,0,1740,1.0,4.800922081163932,0.0225509000010788,7.129613055609763e-05,0.0001465126921169,fallback_bound,e5406f65a51cec6decfcd011a3fddc69b928e80547953d06bf714d6dfed61a26,8.0,0.75,8.0,0.7415653755729036,2,2,0.375,0.125,0.0625
handle-only-drop-residual,this-work,user-certified,primary,8,7e05e7d37d8a89c8dde0936e51d2be4a5a53fc703e1d728564578c0ef278e9d4,1.0,2,2,1.0,0.75,0.5,0.75,0.5,0.75,0.74,0.5,False,0.5,0.4999999999999999,0.5,0.5000000000000001,1.0,1.0,plan-c,1.0,0.3747126436781609,0.3747126436781609,0.0,1304,0,0,1304,1.0,4.614118132176231,0.0327771000011125,0.0002538776836328,0.0003685614958147,fallback_bound,e5406f65a51cec6decfcd011a3fddc69b928e80547953d06bf714d6dfed61a26,8.0,0.75,8.0,0.7415653755729036,2,2,0.375,0.125,0.0625
unitscope-equal,this-work,user-certified,primary,8,7e05e7d37d8a89c8dde0936e51d2be4a5a53fc703e1d728564578c0ef278e9d4,0.5,2,2,1.0,0.75,0.5,0.75,0.5,0.75,0.74,0.5,False,0.5,0.4999999999999999,0.5,0.5000000000000001,1.0,1.0,plan-c,1.0,1.0,0.3747126436781609,0.6252873563218391,1304,1545,0,2849,1.0,4.231352305434576,0.0359133000019937,0.0001540563357617,0.0002642874198574,fallback_bound,e5406f65a51cec6decfcd011a3fddc69b928e80547953d06bf714d6dfed61a26,8.0,0.75,8.0,0.7415653755729036,2,2,0.375,0.125,0.0625
unitscope-tuned,this-work,user-certified,primary,8,7e05e7d37d8a89c8dde0936e51d2be4a5a53fc703e1d728564578c0ef278e9d4,0.75,2,2,1.0,0.75,0.5,0.75,0.5,0.75,0.74,0.5,False,0.5,0.4999999999999999,0.5,0.5000000000000001,1.0,1.0,plan-c,1.0,1.0,0.3747126436781609,0.6252873563218391,1304,1545,0,2849,1.0,4.38417817767316,0.036033900003531,0.0001893399773734,0.0003017974255122,fallback_bound,e5406f65a51cec6decfcd011a3fddc69b928e80547953d06bf714d6dfed61a26,8.0,0.75,8.0,0.7415653755729036,2,2,0.375,0.125,0.0625
naive-recalibrated-2c,this-work,user-certified,primary,8,7e05e7d37d8a89c8dde0936e51d2be4a5a53fc703e1d728564578c0ef278e9d4,,2,2,1.0,0.75,0.5,0.75,0.5,0.75,0.74,0.5,False,0.5,0.4999999999999999,0.5,0.5000000000000001,2.0,2.0,plan-delta,2.0,1.0,0.3747126436781609,0.6252873563218391,1304,1545,0,2849,1.0,4.231352305434576,0.0394326999958138,0.0003631334427209,0.0004132754616914,fallback_bound,e5406f65a51cec6decfcd011a3fddc69b928e80547953d06bf714d6dfed61a26,8.0,0.75,8.0,0.7415653755729036,2,2,0.375,0.125,0.0625
full-identity-reference,oracle,oracle-assumption,full-identity-reference,8,7e05e7d37d8a89c8dde0936e51d2be4a5a53fc703e1d728564578c0ef278e9d4,,2,2,1.0,0.75,0.5,0.75,0.5,0.75,0.74,0.5,False,0.5,0.4999999999999999,0.5,0.5000000000000001,1.0,1.0,plan-c,1.0,1.0,0.0,0.0,0,0,0,1000,1.0,5.864605105890776,0.0719199000013759,0.0,3.888141977657693e-05,fallback_bound,e5406f65a51cec6decfcd011a3fddc69b928e80547953d06bf714d6dfed61a26,8.0,0.75,8.0,0.7415653755729036,2,2,0.375,0.125,0.0625
non-private-reference,oracle,non-private,diagnostic,8,7e05e7d37d8a89c8dde0936e51d2be4a5a53fc703e1d728564578c0ef278e9d4,,2,2,1.0,0.75,0.5,0.75,0.5,0.75,0.74,0.5,False,0.5,0.4999999999999999,0.5,0.5000000000000001,,,non-private,0.0,1.0,0.0,0.0,0,0,0,0,0.0,inf,0.0201099999976577,0.0013100686235273,0.0013100686235273,fallback_bound,e5406f65a51cec6decfcd011a3fddc69b928e80547953d06bf714d6dfed61a26,8.0,0.75,8.0,0.7415653755729036,2,2,0.375,0.125,0.0625
naive-claimed-c,this-work,unsafe-diagnostic,diagnostic,8,7e05e7d37d8a89c8dde0936e51d2be4a5a53fc703e1d728564578c0ef278e9d4,,2,2,1.0,0.75,0.5,0.75,0.5,0.75,0.74,0.5,False,0.5,0.4999999999999999,0.5,0.5000000000000001,,2.0,unsafe-diagnostic,1.0,1.0,0.3747126436781609,0.6252873563218391,1304,1545,0,2849,1.0,8.462704610869151,0.0339421000098809,0.0003631334427209,0.0003493230324296,fallback_bound,e5406f65a51cec6decfcd011a3fddc69b928e80547953d06bf714d6dfed61a26,8.0,0.75,8.0,0.7415653755729036,2,2,0.375,0.125,0.0625
stable-local-fallback,this-work,user-certified,primary,9,7e05e7d37d8a89c8dde0936e51d2be4a5a53fc703e1d728564578c0ef278e9d4,0.0,2,2,1.0,0.75,0.5,0.75,0.5,0.75,0.727,0.5,False,0.5,0.4999999999999999,0.5,0.5000000000000001,1.0,1.0,plan-c,1.0,1.0,0.0,1.0,0,1727,0,1727,1.0,4.466198629933747,0.0235313000011956,7.046731438960378e-05,0.0001078637031596,fallback_bound,e5406f65a51cec6decfcd011a3fddc69b928e80547953d06bf714d6dfed61a26,8.0,0.75,8.0,0.7415653755729036,2,2,0.375,0.125,0.0625
handle-only-drop-residual,this-work,user-certified,primary,9,7e05e7d37d8a89c8dde0936e51d2be4a5a53fc703e1d728564578c0ef278e9d4,1.0,2,2,1.0,0.75,0.5,0.75,0.5,0.75,0.727,0.5,False,0.5,0.4999999999999999,0.5,0.5000000000000001,1.0,1.0,plan-c,1.0,0.3755066589461494,0.3755066589461494,0.0,1297,0,0,1297,1.0,4.04575181643008,0.0333458999957656,0.0004088078141732,0.0004599389856065,fallback_bound,e5406f65a51cec6decfcd011a3fddc69b928e80547953d06bf714d6dfed61a26,8.0,0.75,8.0,0.7415653755729036,2,2,0.375,0.125,0.0625
unitscope-equal,this-work,user-certified,primary,9,7e05e7d37d8a89c8dde0936e51d2be4a5a53fc703e1d728564578c0ef278e9d4,0.5,2,2,1.0,0.75,0.5,0.75,0.5,0.75,0.727,0.5,False,0.5,0.4999999999999999,0.5,0.5000000000000001,1.0,1.0,plan-c,1.0,1.0,0.3755066589461494,0.6244933410538506,1297,1540,0,2837,1.0,3.719197139251739,0.0342529000045033,0.0001788720544884,0.0002178962779238,fallback_bound,e5406f65a51cec6decfcd011a3fddc69b928e80547953d06bf714d6dfed61a26,8.0,0.75,8.0,0.7415653755729036,2,2,0.375,0.125,0.0625
unitscope-tuned,this-work,user-certified,primary,9,7e05e7d37d8a89c8dde0936e51d2be4a5a53fc703e1d728564578c0ef278e9d4,0.75,2,2,1.0,0.75,0.5,0.75,0.5,0.75,0.727,0.5,False,0.5,0.4999999999999999,0.5,0.5000000000000001,1.0,1.0,plan-c,1.0,1.0,0.3755066589461494,0.6244933410538506,1297,1540,0,2837,1.0,3.791672674537012,0.034489300000132,0.0002727894875225,0.0003178671849569,fallback_bound,e5406f65a51cec6decfcd011a3fddc69b928e80547953d06bf714d6dfed61a26,8.0,0.75,8.0,0.7415653755729036,2,2,0.375,0.125,0.0625
naive-recalibrated-2c,this-work,user-certified,primary,9,7e05e7d37d8a89c8dde0936e51d2be4a5a53fc703e1d728564578c0ef278e9d4,,2,2,1.0,0.75,0.5,0.75,0.5,0.75,0.727,0.5,False,0.5,0.4999999999999999,0.5,0.5000000000000001,2.0,2.0,plan-delta,2.0,1.0,0.3755066589461494,0.6244933410538506,1297,1540,0,2837,1.0,3.719197139251739,0.0344085999968228,0.0002344026915838,0.0003624699053887,fallback_bound,e5406f65a51cec6decfcd011a3fddc69b928e80547953d06bf714d6dfed61a26,8.0,0.75,8.0,0.7415653755729036,2,2,0.375,0.125,0.0625
full-identity-reference,oracle,oracle-assumption,full-identity-reference,9,7e05e7d37d8a89c8dde0936e51d2be4a5a53fc703e1d728564578c0ef278e9d4,,2,2,1.0,0.75,0.5,0.75,0.5,0.75,0.727,0.5,False,0.5,0.4999999999999999,0.5,0.5000000000000001,1.0,1.0,plan-c,1.0,1.0,0.0,0.0,0,0,0,1000,1.0,5.648362060019918,0.0419446000014431,0.0,2.909586366824385e-05,fallback_bound,e5406f65a51cec6decfcd011a3fddc69b928e80547953d06bf714d6dfed61a26,8.0,0.75,8.0,0.7415653755729036,2,2,0.375,0.125,0.0625
non-private-reference,oracle,non-private,diagnostic,9,7e05e7d37d8a89c8dde0936e51d2be4a5a53fc703e1d728564578c0ef278e9d4,,2,2,1.0,0.75,0.5,0.75,0.5,0.75,0.727,0.5,False,0.5,0.4999999999999999,0.5,0.5000000000000001,,,non-private,0.0,1.0,0.0,0.0,0,0,0,0,0.0,inf,0.0198954999941634,0.0008195914157725,0.0008195914157725,fallback_bound,e5406f65a51cec6decfcd011a3fddc69b928e80547953d06bf714d6dfed61a26,8.0,0.75,8.0,0.7415653755729036,2,2,0.375,0.125,0.0625
naive-claimed-c,this-work,unsafe-diagnostic,diagnostic,9,7e05e7d37d8a89c8dde0936e51d2be4a5a53fc703e1d728564578c0ef278e9d4,,2,2,1.0,0.75,0.5,0.75,0.5,0.75,0.727,0.5,False,0.5,0.4999999999999999,0.5,0.5000000000000001,,2.0,unsafe-diagnostic,1.0,1.0,0.3755066589461494,0.6244933410538506,1297,1540,0,2837,1.0,7.438394278503478,0.0332914000027813,0.0002344026915838,0.000269340434818,fallback_bound,e5406f65a51cec6decfcd011a3fddc69b928e80547953d06bf714d6dfed61a26,8.0,0.75,8.0,0.7415653755729036,2,2,0.375,0.125,0.0625
stable-local-fallback,this-work,user-certified,primary,0,7e05e7d37d8a89c8dde0936e51d2be4a5a53fc703e1d728564578c0ef278e9d4,0.0,2,2,1.0,0.75,0.5,0.75,0.5,0.75,0.753,0.5,True,0.5,0.4999999999999999,0.5,0.5000000000000001,1.0,1.0,plan-c,1.0,1.0,0.0,1.0,0,0,1753,1753,1.0,2.064897829808765,0.0236149000120349,0.0005048202526941,0.0005657607749475,fallback_bound,a4398fad5e3d9485a4d6bdc701067a2f42e0d0979d539b16fe6c9a0984ddb154,8.0,0.75,8.0,0.7415653755729036,2,2,0.375,0.125,0.0625
handle-only-drop-residual,this-work,user-certified,primary,0,7e05e7d37d8a89c8dde0936e51d2be4a5a53fc703e1d728564578c0ef278e9d4,1.0,2,2,1.0,0.75,0.5,0.75,0.5,0.75,0.753,0.5,True,0.5,0.4999999999999999,0.5,0.5000000000000001,1.0,1.0,plan-c,1.0,0.376782658300057,0.376782658300057,0.0,1321,0,0,1321,1.0,3.818124340697683,0.0328520999901229,0.0003747781612295,0.0004285884934897,fallback_bound,a4398fad5e3d9485a4d6bdc701067a2f42e0d0979d539b16fe6c9a0984ddb154,8.0,0.75,8.0,0.7415653755729036,2,2,0.375,0.125,0.0625
unitscope-equal,this-work,user-certified,primary,0,7e05e7d37d8a89c8dde0936e51d2be4a5a53fc703e1d728564578c0ef278e9d4,0.5,2,2,1.0,0.75,0.5,0.75,0.5,0.75,0.753,0.5,True,0.5,0.4999999999999999,0.5,0.5000000000000001,1.0,1.0,plan-c,1.0,1.0,0.376782658300057,0.6232173416999429,1321,0,1551,2872,1.0,2.684516706478388,0.0329161999979987,0.0004080901529269,0.000463664766408,fallback_bound,a4398fad5e3d9485a4d6bdc701067a2f42e0d0979d539b16fe6c9a0984ddb154,8.0,0.75,8.0,0.7415653755729036,2,2,0.375,0.125,0.0625
unitscope-tuned,this-work,user-certified,primary,0,7e05e7d37d8a89c8dde0936e51d2be4a5a53fc703e1d728564578c0ef278e9d4,0.75,2,2,1.0,0.75,0.5,0.75,0.5,0.75,0.753,0.5,True,0.5,0.4999999999999999,0.5,0.5000000000000001,1.0,1.0,plan-c,1.0,1.0,0.376782658300057,0.6232173416999429,1321,0,1551,2872,1.0,3.2329304357815976,0.0327547999913804,0.0003721267909254,0.0004268192637961,fallback_bound,a4398fad5e3d9485a4d6bdc701067a2f42e0d0979d539b16fe6c9a0984ddb154,8.0,0.75,8.0,0.7415653755729036,2,2,0.375,0.125,0.0625
naive-recalibrated-2c,this-work,user-certified,primary,0,7e05e7d37d8a89c8dde0936e51d2be4a5a53fc703e1d728564578c0ef278e9d4,,2,2,1.0,0.75,0.5,0.75,0.5,0.75,0.753,0.5,True,0.5,0.4999999999999999,0.5,0.5000000000000001,2.0,2.0,plan-delta,2.0,1.0,0.376782658300057,0.6232173416999429,1321,0,1551,2872,1.0,2.684516706478388,0.0344142000103602,0.0001736388342987,0.0003599331567315,fallback_bound,a4398fad5e3d9485a4d6bdc701067a2f42e0d0979d539b16fe6c9a0984ddb154,8.0,0.75,8.0,0.7415653755729036,2,2,0.375,0.125,0.0625
full-identity-reference,oracle,oracle-assumption,full-identity-reference,0,7e05e7d37d8a89c8dde0936e51d2be4a5a53fc703e1d728564578c0ef278e9d4,,2,2,1.0,0.75,0.5,0.75,0.5,0.75,0.753,0.5,True,0.5,0.4999999999999999,0.5,0.5000000000000001,1.0,1.0,plan-c,1.0,1.0,0.0,0.0,0,0,0,1000,1.0,5.3919700659430765,0.0405622999969637,0.0,4.382932526256053e-05,fallback_bound,a4398fad5e3d9485a4d6bdc701067a2f42e0d0979d539b16fe6c9a0984ddb154,8.0,0.75,8.0,0.7415653755729036,2,2,0.375,0.125,0.0625
non-private-reference,oracle,non-private,diagnostic,0,7e05e7d37d8a89c8dde0936e51d2be4a5a53fc703e1d728564578c0ef278e9d4,,2,2,1.0,0.75,0.5,0.75,0.5,0.75,0.753,0.5,True,0.5,0.4999999999999999,0.5,0.5000000000000001,,,non-private,0.0,1.0,0.0,0.0,0,0,0,0,0.0,inf,0.0203481999924406,0.0009896145859756,0.0009896145859756,fallback_bound,a4398fad5e3d9485a4d6bdc701067a2f42e0d0979d539b16fe6c9a0984ddb154,8.0,0.75,8.0,0.7415653755729036,2,2,0.375,0.125,0.0625
naive-claimed-c,this-work,unsafe-diagnostic,diagnostic,0,7e05e7d37d8a89c8dde0936e51d2be4a5a53fc703e1d728564578c0ef278e9d4,,2,2,1.0,0.75,0.5,0.75,0.5,0.75,0.753,0.5,True,0.5,0.4999999999999999,0.5,0.5000000000000001,,2.0,unsafe-diagnostic,1.0,1.0,0.376782658300057,0.6232173416999429,1321,0,1551,2872,1.0,5.369033412956776,0.0346841999999014,0.0001736388342987,0.0002229566702525,fallback_bound,a4398fad5e3d9485a4d6bdc701067a2f42e0d0979d539b16fe6c9a0984ddb154,8.0,0.75,8.0,0.7415653755729036,2,2,0.375,0.125,0.0625
stable-local-fallback,this-work,user-certified,primary,1,7e05e7d37d8a89c8dde0936e51d2be4a5a53fc703e1d728564578c0ef278e9d4,0.0,2,2,1.0,0.75,0.5,0.75,0.5,0.75,0.747,0.5,True,0.5,0.4999999999999999,0.5,0.5000000000000001,1.0,1.0,plan-c,1.0,1.0,0.0,1.0,0,0,1747,1747,1.0,2.1593814273069727,0.025551999991876,0.0004152697789505,0.0004631578707522,fallback_bound,a4398fad5e3d9485a4d6bdc701067a2f42e0d0979d539b16fe6c9a0984ddb154,8.0,0.75,8.0,0.7415653755729036,2,2,0.375,0.125,0.0625
handle-only-drop-residual,this-work,user-certified,primary,1,7e05e7d37d8a89c8dde0936e51d2be4a5a53fc703e1d728564578c0ef278e9d4,1.0,2,2,1.0,0.75,0.5,0.75,0.5,0.75,0.747,0.5,True,0.5,0.4999999999999999,0.5,0.5000000000000001,1.0,1.0,plan-c,1.0,0.3777904979965655,0.3777904979965655,0.0,1320,0,0,1320,1.0,4.049792358551845,0.034410200009006,0.0004679587074854,0.0005397622034925,fallback_bound,a4398fad5e3d9485a4d6bdc701067a2f42e0d0979d539b16fe6c9a0984ddb154,8.0,0.75,8.0,0.7415653755729036,2,2,0.375,0.125,0.0625
unitscope-equal,this-work,user-certified,primary,1,7e05e7d37d8a89c8dde0936e51d2be4a5a53fc703e1d728564578c0ef278e9d4,0.5,2,2,1.0,0.75,0.5,0.75,0.5,0.75,0.747,0.5,True,0.5,0.4999999999999999,0.5,0.5000000000000001,1.0,1.0,plan-c,1.0,1.0,0.3777904979965655,0.6222095020034345,1320,0,1540,2860,1.0,2.832489404330616,0.0350281999999424,0.0003782726598481,0.0004359510307415,fallback_bound,a4398fad5e3d9485a4d6bdc701067a2f42e0d0979d539b16fe6c9a0984ddb154,8.0,0.75,8.0,0.7415653755729036,2,2,0.375,0.125,0.0625
unitscope-tuned,this-work,user-certified,primary,1,7e05e7d37d8a89c8dde0936e51d2be4a5a53fc703e1d728564578c0ef278e9d4,0.75,2,2,1.0,0.75,0.5,0.75,0.5,0.75,0.747,0.5,True,0.5,0.4999999999999999,0.5,0.5000000000000001,1.0,1.0,plan-c,1.0,1.0,0.3777904979965655,0.6222095020034345,1320,0,1540,2860,1.0,3.406280276281949,0.0347070999996503,0.0004035711563516,0.0004683120898018,fallback_bound,a4398fad5e3d9485a4d6bdc701067a2f42e0d0979d539b16fe6c9a0984ddb154,8.0,0.75,8.0,0.7415653755729036,2,2,0.375,0.125,0.0625
naive-recalibrated-2c,this-work,user-certified,primary,1,7e05e7d37d8a89c8dde0936e51d2be4a5a53fc703e1d728564578c0ef278e9d4,,2,2,1.0,0.75,0.5,0.75,0.5,0.75,0.747,0.5,True,0.5,0.4999999999999999,0.5,0.5000000000000001,2.0,2.0,plan-delta,2.0,1.0,0.3777904979965655,0.6222095020034345,1320,0,1540,2860,1.0,2.832489404330616,0.0604191000020364,0.0002253857853453,0.0004169511476478,fallback_bound,a4398fad5e3d9485a4d6bdc701067a2f42e0d0979d539b16fe6c9a0984ddb154,8.0,0.75,8.0,0.7415653755729036,2,2,0.375,0.125,0.0625
full-identity-reference,oracle,oracle-assumption,full-identity-reference,1,7e05e7d37d8a89c8dde0936e51d2be4a5a53fc703e1d728564578c0ef278e9d4,,2,2,1.0,0.75,0.5,0.75,0.5,0.75,0.747,0.5,True,0.5,0.4999999999999999,0.5,0.5000000000000001,1.0,1.0,plan-c,1.0,1.0,0.0,0.0,0,0,0,1000,1.0,5.709739005623294,0.0445727000042097,0.0,3.2084292219098765e-05,fallback_bound,a4398fad5e3d9485a4d6bdc701067a2f42e0d0979d539b16fe6c9a0984ddb154,8.0,0.75,8.0,0.7415653755729036,2,2,0.375,0.125,0.0625
non-private-reference,oracle,non-private,diagnostic,1,7e05e7d37d8a89c8dde0936e51d2be4a5a53fc703e1d728564578c0ef278e9d4,,2,2,1.0,0.75,0.5,0.75,0.5,0.75,0.747,0.5,True,0.5,0.4999999999999999,0.5,0.5000000000000001,,,non-private,0.0,1.0,0.0,0.0,0,0,0,0,0.0,inf,0.020922600000631,0.0007473834350982,0.0007473834350982,fallback_bound,a4398fad5e3d9485a4d6bdc701067a2f42e0d0979d539b16fe6c9a0984ddb154,8.0,0.75,8.0,0.7415653755729036,2,2,0.375,0.125,0.0625
naive-claimed-c,this-work,unsafe-diagnostic,diagnostic,1,7e05e7d37d8a89c8dde0936e51d2be4a5a53fc703e1d728564578c0ef278e9d4,,2,2,1.0,0.75,0.5,0.75,0.5,0.75,0.747,0.5,True,0.5,0.4999999999999999,0.5,0.5000000000000001,,2.0,unsafe-diagnostic,1.0,1.0,0.3777904979965655,0.6222095020034345,1320,0,1540,2860,1.0,5.664978808661232,0.0399985000112792,0.0002253857853453,0.0002890841742775,fallback_bound,a4398fad5e3d9485a4d6bdc701067a2f42e0d0979d539b16fe6c9a0984ddb154,8.0,0.75,8.0,0.7415653755729036,2,2,0.375,0.125,0.0625
stable-local-fallback,this-work,user-certified,primary,2,7e05e7d37d8a89c8dde0936e51d2be4a5a53fc703e1d728564578c0ef278e9d4,0.0,2,2,1.0,0.75,0.5,0.75,0.5,0.75,0.747,0.5,True,0.5,0.4999999999999999,0.5,0.5000000000000001,1.0,1.0,plan-c,1.0,1.0,0.0,1.0,0,0,1747,1747,1.0,2.0831195578319823,0.0261166999989654,0.0003645480850939,0.0004515324526355,fallback_bound,a4398fad5e3d9485a4d6bdc701067a2f42e0d0979d539b16fe6c9a0984ddb154,8.0,0.75,8.0,0.7415653755729036,2,2,0.375,0.125,0.0625
handle-only-drop-residual,this-work,user-certified,primary,2,7e05e7d37d8a89c8dde0936e51d2be4a5a53fc703e1d728564578c0ef278e9d4,1.0,2,2,1.0,0.75,0.5,0.75,0.5,0.75,0.747,0.5,True,0.5,0.4999999999999999,0.5,0.5000000000000001,1.0,1.0,plan-c,1.0,0.3737836290784201,0.3737836290784201,0.0,1306,0,0,1306,1.0,3.597003782480754,0.0353910999983781,0.0003826957206673,0.0004624847009716,fallback_bound,a4398fad5e3d9485a4d6bdc701067a2f42e0d0979d539b16fe6c9a0984ddb154,8.0,0.75,8.0,0.7415653755729036,2,2,0.375,0.125,0.0625
unitscope-equal,this-work,user-certified,primary,2,7e05e7d37d8a89c8dde0936e51d2be4a5a53fc703e1d728564578c0ef278e9d4,0.5,2,2,1.0,0.75,0.5,0.75,0.5,0.75,0.747,0.5,True,0.5,0.4999999999999999,0.5,0.5000000000000001,1.0,1.0,plan-c,1.0,1.0,0.3737836290784201,0.6262163709215799,1306,0,1579,2885,1.0,2.574795284868961,0.0357969000033335,0.0003372770861092,0.0004240309124848,fallback_bound,a4398fad5e3d9485a4d6bdc701067a2f42e0d0979d539b16fe6c9a0984ddb154,8.0,0.75,8.0,0.7415653755729036,2,2,0.375,0.125,0.0625
unitscope-tuned,this-work,user-certified,primary,2,7e05e7d37d8a89c8dde0936e51d2be4a5a53fc703e1d728564578c0ef278e9d4,0.75,2,2,1.0,0.75,0.5,0.75,0.5,0.75,0.747,0.5,True,0.5,0.4999999999999999,0.5,0.5000000000000001,1.0,1.0,plan-c,1.0,1.0,0.3737836290784201,0.6262163709215799,1306,0,1579,2885,1.0,3.0605290423235485,0.0381605000002309,0.000345354836589,0.0004286262399289,fallback_bound,a4398fad5e3d9485a4d6bdc701067a2f42e0d0979d539b16fe6c9a0984ddb154,8.0,0.75,8.0,0.7415653755729036,2,2,0.375,0.125,0.0625
naive-recalibrated-2c,this-work,user-certified,primary,2,7e05e7d37d8a89c8dde0936e51d2be4a5a53fc703e1d728564578c0ef278e9d4,,2,2,1.0,0.75,0.5,0.75,0.5,0.75,0.747,0.5,True,0.5,0.4999999999999999,0.5,0.5000000000000001,2.0,2.0,plan-delta,2.0,1.0,0.3737836290784201,0.6262163709215799,1306,0,1579,2885,1.0,2.574795284868961,0.0355420999985653,0.0001814991695141,0.0003503545520758,fallback_bound,a4398fad5e3d9485a4d6bdc701067a2f42e0d0979d539b16fe6c9a0984ddb154,8.0,0.75,8.0,0.7415653755729036,2,2,0.375,0.125,0.0625
full-identity-reference,oracle,oracle-assumption,full-identity-reference,2,7e05e7d37d8a89c8dde0936e51d2be4a5a53fc703e1d728564578c0ef278e9d4,,2,2,1.0,0.75,0.5,0.75,0.5,0.75,0.747,0.5,True,0.5,0.4999999999999999,0.5,0.5000000000000001,1.0,1.0,plan-c,1.0,1.0,0.0,0.0,0,0,0,1000,1.0,5.22654729687365,0.0433500000071944,0.0,3.507377284459695e-05,fallback_bound,a4398fad5e3d9485a4d6bdc701067a2f42e0d0979d539b16fe6c9a0984ddb154,8.0,0.75,8.0,0.7415653755729036,2,2,0.375,0.125,0.0625
non-private-reference,oracle,non-private,diagnostic,2,7e05e7d37d8a89c8dde0936e51d2be4a5a53fc703e1d728564578c0ef278e9d4,,2,2,1.0,0.75,0.5,0.75,0.5,0.75,0.747,0.5,True,0.5,0.4999999999999999,0.5,0.5000000000000001,,,non-private,0.0,1.0,0.0,0.0,0,0,0,0,0.0,inf,0.0209580000082496,0.0008851428222059,0.0008851428222059,fallback_bound,a4398fad5e3d9485a4d6bdc701067a2f42e0d0979d539b16fe6c9a0984ddb154,8.0,0.75,8.0,0.7415653755729036,2,2,0.375,0.125,0.0625
naive-claimed-c,this-work,unsafe-diagnostic,diagnostic,2,7e05e7d37d8a89c8dde0936e51d2be4a5a53fc703e1d728564578c0ef278e9d4,,2,2,1.0,0.75,0.5,0.75,0.5,0.75,0.747,0.5,True,0.5,0.4999999999999999,0.5,0.5000000000000001,,2.0,unsafe-diagnostic,1.0,1.0,0.3737836290784201,0.6262163709215799,1306,0,1579,2885,1.0,5.149590569737922,0.0376125000038882,0.0001814991695141,0.0002308530879504,fallback_bound,a4398fad5e3d9485a4d6bdc701067a2f42e0d0979d539b16fe6c9a0984ddb154,8.0,0.75,8.0,0.7415653755729036,2,2,0.375,0.125,0.0625
stable-local-fallback,this-work,user-certified,primary,3,7e05e7d37d8a89c8dde0936e51d2be4a5a53fc703e1d728564578c0ef278e9d4,0.0,2,2,1.0,0.75,0.5,0.75,0.5,0.75,0.741,0.5,True,0.5,0.4999999999999999,0.5,0.5000000000000001,1.0,1.0,plan-c,1.0,1.0,0.0,1.0,0,0,1741,1741,1.0,2.266676303949846,0.0228051000012783,0.0003839421354042,0.0004055408741501,fallback_bound,a4398fad5e3d9485a4d6bdc701067a2f42e0d0979d539b16fe6c9a0984ddb154,8.0,0.75,8.0,0.7415653755729036,2,2,0.375,0.125,0.0625
handle-only-drop-residual,this-work,user-certified,primary,3,7e05e7d37d8a89c8dde0936e51d2be4a5a53fc703e1d728564578c0ef278e9d4,1.0,2,2,1.0,0.75,0.5,0.75,0.5,0.75,0.741,0.5,True,0.5,0.4999999999999999,0.5,0.5000000000000001,1.0,1.0,plan-c,1.0,0.3767949454336588,0.3767949454336588,0.0,1312,0,0,1312,1.0,4.082654246670134,0.0333220000029541,0.0003693225038897,0.0003984222846491,fallback_bound,a4398fad5e3d9485a4d6bdc701067a2f42e0d0979d539b16fe6c9a0984ddb154,8.0,0.75,8.0,0.7415653755729036,2,2,0.375,0.125,0.0625
unitscope-equal,this-work,user-certified,primary,3,7e05e7d37d8a89c8dde0936e51d2be4a5a53fc703e1d728564578c0ef278e9d4,0.5,2,2,1.0,0.75,0.5,0.75,0.5,0.75,0.741,0.5,True,0.5,0.4999999999999999,0.5,0.5000000000000001,1.0,1.0,plan-c,1.0,1.0,0.3767949454336588,0.6232050545663412,1312,0,1550,2862,1.0,2.8434538118340758,0.0356814999977359,0.0003393795288778,0.0003653909760476,fallback_bound,a4398fad5e3d9485a4d6bdc701067a2f42e0d0979d539b16fe6c9a0984ddb154,8.0,0.75,8.0,0.7415653755729036,2,2,0.375,0.125,0.0625
unitscope-tuned,this-work,user-certified,primary,3,7e05e7d37d8a89c8dde0936e51d2be4a5a53fc703e1d728564578c0ef278e9d4,0.75,2,2,1.0,0.75,0.5,0.75,0.5,0.75,0.741,0.5,True,0.5,0.4999999999999999,0.5,0.5000000000000001,1.0,1.0,plan-c,1.0,1.0,0.3767949454336588,0.6232050545663412,1312,0,1550,2862,1.0,3.433612349693466,0.0353043999930378,0.0003358933304367,0.0003634489444013,fallback_bound,a4398fad5e3d9485a4d6bdc701067a2f42e0d0979d539b16fe6c9a0984ddb154,8.0,0.75,8.0,0.7415653755729036,2,2,0.375,0.125,0.0625
naive-recalibrated-2c,this-work,user-certified,primary,3,7e05e7d37d8a89c8dde0936e51d2be4a5a53fc703e1d728564578c0ef278e9d4,,2,2,1.0,0.75,0.5,0.75,0.5,0.75,0.741,0.5,True,0.5,0.4999999999999999,0.5,0.5000000000000001,2.0,2.0,plan-delta,2.0,1.0,0.3767949454336588,0.6232050545663412,1312,0,1550,2862,1.0,2.8434538118340758,0.0350820000021485,0.000157938416936,0.0002842617774561,fallback_bound,a4398fad5e3d9485a4d6bdc701067a2f42e0d0979d539b16fe6c9a0984ddb154,8.0,0.75,8.0,0.7415653755729036,2,2,0.375,0.125,0.0625
full-identity-reference,oracle,oracle-assumption,full-identity-reference,3,7e05e7d37d8a89c8dde0936e51d2be4a5a53fc703e1d728564578c0ef278e9d4,,2,2,1.0,0.75,0.5,0.75,0.5,0.75,0.741,0.5,True,0.5,0.4999999999999999,0.5,0.5000000000000001,1.0,1.0,plan-c,1.0,1.0,0.0,0.0,0,0,0,1000,1.0,5.7212359014939125,0.0422369000007165,0.0,3.144656992614111e-05,fallback_bound,a4398fad5e3d9485a4d6bdc701067a2f42e0d0979d539b16fe6c9a0984ddb154,8.0,0.75,8.0,0.7415653755729036,2,2,0.375,0.125,0.0625
non-private-reference,oracle,non-private,diagnostic,3,7e05e7d37d8a89c8dde0936e51d2be4a5a53fc703e1d728564578c0ef278e9d4,,2,2,1.0,0.75,0.5,0.75,0.5,0.75,0.741,0.5,True,0.5,0.4999999999999999,0.5,0.5000000000000001,,,non-private,0.0,1.0,0.0,0.0,0,0,0,0,0.0,inf,0.020282400000724,0.000878462574273,0.000878462574273,fallback_bound,a4398fad5e3d9485a4d6bdc701067a2f42e0d0979d539b16fe6c9a0984ddb154,8.0,0.75,8.0,0.7415653755729036,2,2,0.375,0.125,0.0625
naive-claimed-c,this-work,unsafe-diagnostic,diagnostic,3,7e05e7d37d8a89c8dde0936e51d2be4a5a53fc703e1d728564578c0ef278e9d4,,2,2,1.0,0.75,0.5,0.75,0.5,0.75,0.741,0.5,True,0.5,0.4999999999999999,0.5,0.5000000000000001,,2.0,unsafe-diagnostic,1.0,1.0,0.3767949454336588,0.6232050545663412,1312,0,1550,2862,1.0,5.686907623668151,0.0344020999909844,0.000157938416936,0.0001896535272699,fallback_bound,a4398fad5e3d9485a4d6bdc701067a2f42e0d0979d539b16fe6c9a0984ddb154,8.0,0.75,8.0,0.7415653755729036,2,2,0.375,0.125,0.0625
stable-local-fallback,this-work,user-certified,primary,4,7e05e7d37d8a89c8dde0936e51d2be4a5a53fc703e1d728564578c0ef278e9d4,0.0,2,2,1.0,0.75,0.5,0.75,0.5,0.75,0.773,0.5,True,0.5,0.4999999999999999,0.5,0.5000000000000001,1.0,1.0,plan-c,1.0,1.0,0.0,1.0,0,0,1773,1773,1.0,2.02940545993535,0.0255700000125216,0.0003521826427756,0.0003576906940324,fallback_bound,a4398fad5e3d9485a4d6bdc701067a2f42e0d0979d539b16fe6c9a0984ddb154,8.0,0.75,8.0,0.7415653755729036,2,2,0.375,0.125,0.0625
handle-only-drop-residual,this-work,user-certified,primary,4,7e05e7d37d8a89c8dde0936e51d2be4a5a53fc703e1d728564578c0ef278e9d4,1.0,2,2,1.0,0.75,0.5,0.75,0.5,0.75,0.773,0.5,True,0.5,0.4999999999999999,0.5,0.5000000000000001,1.0,1.0,plan-c,1.0,0.3767625493513818,0.3767625493513818,0.0,1336,0,0,1336,1.0,3.9241146350253375,0.0372511000023223,0.0003700013493819,0.0003690793531759,fallback_bound,a4398fad5e3d9485a4d6bdc701067a2f42e0d0979d539b16fe6c9a0984ddb154,8.0,0.75,8.0,0.7415653755729036,2,2,0.375,0.125,0.0625
unitscope-equal,this-work,user-certified,primary,4,7e05e7d37d8a89c8dde0936e51d2be4a5a53fc703e1d728564578c0ef278e9d4,0.5,2,2,1.0,0.75,0.5,0.75,0.5,0.75,0.773,0.5,True,0.5,0.4999999999999999,0.5,0.5000000000000001,1.0,1.0,plan-c,1.0,1.0,0.3767625493513818,0.6232374506486181,1336,0,1569,2905,1.0,2.6587759962841604,0.0719791000010445,0.0003127457185023,0.0003134731094772,fallback_bound,a4398fad5e3d9485a4d6bdc701067a2f42e0d0979d539b16fe6c9a0984ddb154,8.0,0.75,8.0,0.7415653755729036,2,2,0.375,0.125,0.0625
unitscope-tuned,this-work,user-certified,primary,4,7e05e7d37d8a89c8dde0936e51d2be4a5a53fc703e1d728564578c0ef278e9d4,0.75,2,2,1.0,0.75,0.5,0.75,0.5,0.75,0.773,0.5,True,0.5,0.4999999999999999,0.5,0.5000000000000001,1.0,1.0,plan-c,1.0,1.0,0.3767625493513818,0.6232374506486181,1336,0,1569,2905,1.0,3.2640680175190844,0.0374544000078458,0.000321366853475,0.0003212695508595,fallback_bound,a4398fad5e3d9485a4d6bdc701067a2f42e0d0979d539b16fe6c9a0984ddb154,8.0,0.75,8.0,0.7415653755729036,2,2,0.375,0.125,0.0625
naive-recalibrated-2c,this-work,user-certified,primary,4,7e05e7d37d8a89c8dde0936e51d2be4a5a53fc703e1d728564578c0ef278e9d4,,2,2,1.0,0.75,0.5,0.75,0.5,0.75,0.773,0.5,True,0.5,0.4999999999999999,0.5,0.5000000000000001,2.0,2.0,plan-delta,2.0,1.0,0.3767625493513818,0.6232374506486181,1336,0,1569,2905,1.0,2.6587759962841604,0.0368068999960087,0.0001894373709243,0.0002895195168183,fallback_bound,a4398fad5e3d9485a4d6bdc701067a2f42e0d0979d539b16fe6c9a0984ddb154,8.0,0.75,8.0,0.7415653755729036,2,2,0.375,0.125,0.0625
full-identity-reference,oracle,oracle-assumption,full-identity-reference,4,7e05e7d37d8a89c8dde0936e51d2be4a5a53fc703e1d728564578c0ef278e9d4,,2,2,1.0,0.75,0.5,0.75,0.5,0.75,0.773,0.5,True,0.5,0.4999999999999999,0.5,0.5000000000000001,1.0,1.0,plan-c,1.0,1.0,0.0,0.0,0,0,0,1000,1.0,5.174351870312281,0.042933400007314,0.0,3.450958520111424e-05,fallback_bound,a4398fad5e3d9485a4d6bdc701067a2f42e0d0979d539b16fe6c9a0984ddb154,8.0,0.75,8.0,0.7415653755729036,2,2,0.375,0.125,0.0625
non-private-reference,oracle,non-private,diagnostic,4,7e05e7d37d8a89c8dde0936e51d2be4a5a53fc703e1d728564578c0ef278e9d4,,2,2,1.0,0.75,0.5,0.75,0.5,0.75,0.773,0.5,True,0.5,0.4999999999999999,0.5,0.5000000000000001,,,non-private,0.0,1.0,0.0,0.0,0,0,0,0,0.0,inf,0.0209495000017341,0.0007718421729248,0.0007718421729248,fallback_bound,a4398fad5e3d9485a4d6bdc701067a2f42e0d0979d539b16fe6c9a0984ddb154,8.0,0.75,8.0,0.7415653755729036,2,2,0.375,0.125,0.0625
naive-claimed-c,this-work,unsafe-diagnostic,diagnostic,4,7e05e7d37d8a89c8dde0936e51d2be4a5a53fc703e1d728564578c0ef278e9d4,,2,2,1.0,0.75,0.5,0.75,0.5,0.75,0.773,0.5,True,0.5,0.4999999999999999,0.5,0.5000000000000001,,2.0,unsafe-diagnostic,1.0,1.0,0.3767625493513818,0.6232374506486181,1336,0,1569,2905,1.0,5.317551992568321,0.0345912000047974,0.0001894373709243,0.0002049688586702,fallback_bound,a4398fad5e3d9485a4d6bdc701067a2f42e0d0979d539b16fe6c9a0984ddb154,8.0,0.75,8.0,0.7415653755729036,2,2,0.375,0.125,0.0625
stable-local-fallback,this-work,user-certified,primary,5,7e05e7d37d8a89c8dde0936e51d2be4a5a53fc703e1d728564578c0ef278e9d4,0.0,2,2,1.0,0.75,0.5,0.75,0.5,0.75,0.744,0.5,True,0.5,0.4999999999999999,0.5,0.5000000000000001,1.0,1.0,plan-c,1.0,1.0,0.0,1.0,0,0,1744,1744,1.0,1.7560266391122787,0.0258715000090887,0.0003812717241223,0.0003750253116152,fallback_bound,a4398fad5e3d9485a4d6bdc701067a2f42e0d0979d539b16fe6c9a0984ddb154,8.0,0.75,8.0,0.7415653755729036,2,2,0.375,0.125,0.0625
handle-only-drop-residual,this-work,user-certified,primary,5,7e05e7d37d8a89c8dde0936e51d2be4a5a53fc703e1d728564578c0ef278e9d4,1.0,2,2,1.0,0.75,0.5,0.75,0.5,0.75,0.744,0.5,True,0.5,0.4999999999999999,0.5,0.5000000000000001,1.0,1.0,plan-c,1.0,0.3752866972477064,0.3752866972477064,0.0,1309,0,0,1309,1.0,3.3348155171362266,0.0371104000078048,0.0003431411148547,0.0003495716235377,fallback_bound,a4398fad5e3d9485a4d6bdc701067a2f42e0d0979d539b16fe6c9a0984ddb154,8.0,0.75,8.0,0.7415653755729036,2,2,0.375,0.125,0.0625
unitscope-equal,this-work,user-certified,primary,5,7e05e7d37d8a89c8dde0936e51d2be4a5a53fc703e1d728564578c0ef278e9d4,0.5,2,2,1.0,0.75,0.5,0.75,0.5,0.75,0.744,0.5,True,0.5,0.4999999999999999,0.5,0.5000000000000001,1.0,1.0,plan-c,1.0,1.0,0.3752866972477064,0.6247133027522935,1309,0,1568,2877,1.0,2.354253155315252,0.0363435000035679,0.0003145614790555,0.0003153186511662,fallback_bound,a4398fad5e3d9485a4d6bdc701067a2f42e0d0979d539b16fe6c9a0984ddb154,8.0,0.75,8.0,0.7415653755729036,2,2,0.375,0.125,0.0625
unitscope-tuned,this-work,user-certified,primary,5,7e05e7d37d8a89c8dde0936e51d2be4a5a53fc703e1d728564578c0ef278e9d4,0.75,2,2,1.0,0.75,0.5,0.75,0.5,0.75,0.744,0.5,True,0.5,0.4999999999999999,0.5,0.5000000000000001,1.0,1.0,plan-c,1.0,1.0,0.3752866972477064,0.6247133027522935,1309,0,1568,2877,1.0,2.8233692410331988,0.0351412999880267,0.0003124279401521,0.0003160217805489,fallback_bound,a4398fad5e3d9485a4d6bdc701067a2f42e0d0979d539b16fe6c9a0984ddb154,8.0,0.75,8.0,0.7415653755729036,2,2,0.375,0.125,0.0625
naive-recalibrated-2c,this-work,user-certified,primary,5,7e05e7d37d8a89c8dde0936e51d2be4a5a53fc703e1d728564578c0ef278e9d4,,2,2,1.0,0.75,0.5,0.75,0.5,0.75,0.744,0.5,True,0.5,0.4999999999999999,0.5,0.5000000000000001,2.0,2.0,plan-delta,2.0,1.0,0.3752866972477064,0.6247133027522935,1309,0,1568,2877,1.0,2.354253155315252,0.034599699996761,0.0001812838022615,0.0003517215328488,fallback_bound,a4398fad5e3d9485a4d6bdc701067a2f42e0d0979d539b16fe6c9a0984ddb154,8.0,0.75,8.0,0.7415653755729036,2,2,0.375,0.125,0.0625
full-identity-reference,oracle,oracle-assumption,full-identity-reference,5,7e05e7d37d8a89c8dde0936e51d2be4a5a53fc703e1d728564578c0ef278e9d4,,2,2,1.0,0.75,0.5,0.75,0.5,0.75,0.744,0.5,True,0.5,0.4999999999999999,0.5,0.5000000000000001,1.0,1.0,plan-c,1.0,1.0,0.0,0.0,0,0,0,1000,1.0,4.572838264560242,0.0435925999918254,0.0,4.557772479073201e-05,fallback_bound,a4398fad5e3d9485a4d6bdc701067a2f42e0d0979d539b16fe6c9a0984ddb154,8.0,0.75,8.0,0.7415653755729036,2,2,0.375,0.125,0.0625
non-private-reference,oracle,non-private,diagnostic,5,7e05e7d37d8a89c8dde0936e51d2be4a5a53fc703e1d728564578c0ef278e9d4,,2,2,1.0,0.75,0.5,0.75,0.5,0.75,0.744,0.5,True,0.5,0.4999999999999999,0.5,0.5000000000000001,,,non-private,0.0,1.0,0.0,0.0,0,0,0,0,0.0,inf,0.0222937000071397,0.0007719797433812,0.0007719797433812,fallback_bound,a4398fad5e3d9485a4d6bdc701067a2f42e0d0979d539b16fe6c9a0984ddb154,8.0,0.75,8.0,0.7415653755729036,2,2,0.375,0.125,0.0625
naive-claimed-c,this-work,unsafe-diagnostic,diagnostic,5,7e05e7d37d8a89c8dde0936e51d2be4a5a53fc703e1d728564578c0ef278e9d4,,2,2,1.0,0.75,0.5,0.75,0.5,0.75,0.744,0.5,True,0.5,0.4999999999999999,0.5,0.5000000000000001,,2.0,unsafe-diagnostic,1.0,1.0,0.3752866972477064,0.6247133027522935,1309,0,1568,2877,1.0,4.708506310630503,0.0641325999895343,0.0001812838022615,0.0002209249427644,fallback_bound,a4398fad5e3d9485a4d6bdc701067a2f42e0d0979d539b16fe6c9a0984ddb154,8.0,0.75,8.0,0.7415653755729036,2,2,0.375,0.125,0.0625
stable-local-fallback,this-work,user-certified,primary,6,7e05e7d37d8a89c8dde0936e51d2be4a5a53fc703e1d728564578c0ef278e9d4,0.0,2,2,1.0,0.75,0.5,0.75,0.5,0.75,0.74,0.5,True,0.5,0.4999999999999999,0.5,0.5000000000000001,1.0,1.0,plan-c,1.0,1.0,0.0,1.0,0,0,1740,1740,1.0,2.6470371059832773,0.0241568999917944,0.0004989666391475,0.000489089886776,fallback_bound,a4398fad5e3d9485a4d6bdc701067a2f42e0d0979d539b16fe6c9a0984ddb154,8.0,0.75,8.0,0.7415653755729036,2,2,0.375,0.125,0.0625
handle-only-drop-residual,this-work,user-certified,primary,6,7e05e7d37d8a89c8dde0936e51d2be4a5a53fc703e1d728564578c0ef278e9d4,1.0,2,2,1.0,0.75,0.5,0.75,0.5,0.75,0.74,0.5,True,0.5,0.4999999999999999,0.5,0.5000000000000001,1.0,1.0,plan-c,1.0,0.3781609195402299,0.3781609195402299,0.0,1316,0,0,1316,1.0,4.601346964378938,0.0335163999989163,0.0003477443375569,0.0003508256269539,fallback_bound,a4398fad5e3d9485a4d6bdc701067a2f42e0d0979d539b16fe6c9a0984ddb154,8.0,0.75,8.0,0.7415653755729036,2,2,0.375,0.125,0.0625
unitscope-equal,this-work,user-certified,primary,6,7e05e7d37d8a89c8dde0936e51d2be4a5a53fc703e1d728564578c0ef278e9d4,0.5,2,2,1.0,0.75,0.5,0.75,0.5,0.75,0.74,0.5,True,0.5,0.4999999999999999,0.5,0.5000000000000001,1.0,1.0,plan-c,1.0,1.0,0.3781609195402299,0.6218390804597701,1316,0,1557,2873,1.0,3.285624213168977,0.0354652999958489,0.0004090950375099,0.0004043216260711,fallback_bound,a4398fad5e3d9485a4d6bdc701067a2f42e0d0979d539b16fe6c9a0984ddb154,8.0,0.75,8.0,0.7415653755729036,2,2,0.375,0.125,0.0625
unitscope-tuned,this-work,user-certified,primary,6,7e05e7d37d8a89c8dde0936e51d2be4a5a53fc703e1d728564578c0ef278e9d4,0.75,2,2,1.0,0.75,0.5,0.75,0.5,0.75,0.74,0.5,True,0.5,0.4999999999999999,0.5,0.5000000000000001,1.0,1.0,plan-c,1.0,1.0,0.3781609195402299,0.6218390804597701,1316,0,1557,2873,1.0,3.922446037688324,0.0366824999946402,0.0003615076651246,0.0003606616041037,fallback_bound,a4398fad5e3d9485a4d6bdc701067a2f42e0d0979d539b16fe6c9a0984ddb154,8.0,0.75,8.0,0.7415653755729036,2,2,0.375,0.125,0.0625
naive-recalibrated-2c,this-work,user-certified,primary,6,7e05e7d37d8a89c8dde0936e51d2be4a5a53fc703e1d728564578c0ef278e9d4,,2,2,1.0,0.75,0.5,0.75,0.5,0.75,0.74,0.5,True,0.5,0.4999999999999999,0.5,0.5000000000000001,2.0,2.0,plan-delta,2.0,1.0,0.3781609195402299,0.6218390804597701,1316,0,1557,2873,1.0,3.285624213168977,0.0362110999994911,0.0001249998971735,0.0002146769945894,fallback_bound,a4398fad5e3d9485a4d6bdc701067a2f42e0d0979d539b16fe6c9a0984ddb154,8.0,0.75,8.0,0.7415653755729036,2,2,0.375,0.125,0.0625
full-identity-reference,oracle,oracle-assumption,full-identity-reference,6,7e05e7d37d8a89c8dde0936e51d2be4a5a53fc703e1d728564578c0ef278e9d4,,2,2,1.0,0.75,0.5,0.75,0.5,0.75,0.74,0.5,True,0.5,0.4999999999999999,0.5,0.5000000000000001,1.0,1.0,plan-c,1.0,1.0,0.0,0.0,0,0,0,1000,1.0,6.790644185865935,0.0442213000060291,0.0,2.826786766778013e-05,fallback_bound,a4398fad5e3d9485a4d6bdc701067a2f42e0d0979d539b16fe6c9a0984ddb154,8.0,0.75,8.0,0.7415653755729036,2,2,0.375,0.125,0.0625
non-private-reference,oracle,non-private,diagnostic,6,7e05e7d37d8a89c8dde0936e51d2be4a5a53fc703e1d728564578c0ef278e9d4,,2,2,1.0,0.75,0.5,0.75,0.5,0.75,0.74,0.5,True,0.5,0.4999999999999999,0.5,0.5000000000000001,,,non-private,0.0,1.0,0.0,0.0,0,0,0,0,0.0,inf,0.0210738000023411,0.0010544449245296,0.0010544449245296,fallback_bound,a4398fad5e3d9485a4d6bdc701067a2f42e0d0979d539b16fe6c9a0984ddb154,8.0,0.75,8.0,0.7415653755729036,2,2,0.375,0.125,0.0625
naive-claimed-c,this-work,unsafe-diagnostic,diagnostic,6,7e05e7d37d8a89c8dde0936e51d2be4a5a53fc703e1d728564578c0ef278e9d4,,2,2,1.0,0.75,0.5,0.75,0.5,0.75,0.74,0.5,True,0.5,0.4999999999999999,0.5,0.5000000000000001,,2.0,unsafe-diagnostic,1.0,1.0,0.3781609195402299,0.6218390804597701,1316,0,1557,2873,1.0,6.571248426337955,0.035902099989471,0.0001249998971735,0.0001415705782137,fallback_bound,a4398fad5e3d9485a4d6bdc701067a2f42e0d0979d539b16fe6c9a0984ddb154,8.0,0.75,8.0,0.7415653755729036,2,2,0.375,0.125,0.0625
stable-local-fallback,this-work,user-certified,primary,7,7e05e7d37d8a89c8dde0936e51d2be4a5a53fc703e1d728564578c0ef278e9d4,0.0,2,2,1.0,0.75,0.5,0.75,0.5,0.75,0.753,0.5,True,0.5,0.4999999999999999,0.5,0.5000000000000001,1.0,1.0,plan-c,1.0,1.0,0.0,1.0,0,0,1753,1753,1.0,2.097189099607499,0.0243281000002753,0.0003381180013309,0.0003912739421287,fallback_bound,a4398fad5e3d9485a4d6bdc701067a2f42e0d0979d539b16fe6c9a0984ddb154,8.0,0.75,8.0,0.7415653755729036,2,2,0.375,0.125,0.0625
handle-only-drop-residual,this-work,user-certified,primary,7,7e05e7d37d8a89c8dde0936e51d2be4a5a53fc703e1d728564578c0ef278e9d4,1.0,2,2,1.0,0.75,0.5,0.75,0.5,0.75,0.753,0.5,True,0.5,0.4999999999999999,0.5,0.5000000000000001,1.0,1.0,plan-c,1.0,0.372219053051911,0.372219053051911,0.0,1305,0,0,1305,1.0,3.684470476427727,0.0564114000007975,0.0003114125743416,0.0004005378834063,fallback_bound,a4398fad5e3d9485a4d6bdc701067a2f42e0d0979d539b16fe6c9a0984ddb154,8.0,0.75,8.0,0.7415653755729036,2,2,0.375,0.125,0.0625
unitscope-equal,this-work,user-certified,primary,7,7e05e7d37d8a89c8dde0936e51d2be4a5a53fc703e1d728564578c0ef278e9d4,0.5,2,2,1.0,0.75,0.5,0.75,0.5,0.75,0.753,0.5,True,0.5,0.4999999999999999,0.5,0.5000000000000001,1.0,1.0,plan-c,1.0,1.0,0.372219053051911,0.627780946948089,1305,0,1559,2864,1.0,2.612645709238164,0.038556100000278,0.0003040041044194,0.0003723679182854,fallback_bound,a4398fad5e3d9485a4d6bdc701067a2f42e0d0979d539b16fe6c9a0984ddb154,8.0,0.75,8.0,0.7415653755729036,2,2,0.375,0.125,0.0625
unitscope-tuned,this-work,user-certified,primary,7,7e05e7d37d8a89c8dde0936e51d2be4a5a53fc703e1d728564578c0ef278e9d4,0.75,2,2,1.0,0.75,0.5,0.75,0.5,0.75,0.753,0.5,True,0.5,0.4999999999999999,0.5,0.5000000000000001,1.0,1.0,plan-c,1.0,1.0,0.372219053051911,0.627780946948089,1305,0,1559,2864,1.0,3.1277163174505542,0.0397440000087954,0.000294354845657,0.0003730994071223,fallback_bound,a4398fad5e3d9485a4d6bdc701067a2f42e0d0979d539b16fe6c9a0984ddb154,8.0,0.75,8.0,0.7415653755729036,2,2,0.375,0.125,0.0625
naive-recalibrated-2c,this-work,user-certified,primary,7,7e05e7d37d8a89c8dde0936e51d2be4a5a53fc703e1d728564578c0ef278e9d4,,2,2,1.0,0.75,0.5,0.75,0.5,0.75,0.753,0.5,True,0.5,0.4999999999999999,0.5,0.5000000000000001,2.0,2.0,plan-delta,2.0,1.0,0.372219053051911,0.627780946948089,1305,0,1559,2864,1.0,2.612645709238164,0.0373904000007314,0.000157089083367,0.0003697815217658,fallback_bound,a4398fad5e3d9485a4d6bdc701067a2f42e0d0979d539b16fe6c9a0984ddb154,8.0,0.75,8.0,0.7415653755729036,2,2,0.375,0.125,0.0625
full-identity-reference,oracle,oracle-assumption,full-identity-reference,7,7e05e7d37d8a89c8dde0936e51d2be4a5a53fc703e1d728564578c0ef278e9d4,,2,2,1.0,0.75,0.5,0.75,0.5,0.75,0.753,0.5,True,0.5,0.4999999999999999,0.5,0.5000000000000001,1.0,1.0,plan-c,1.0,1.0,0.0,0.0,0,0,0,1000,1.0,5.269456490207377,0.0424262000015005,0.0,3.194533304464665e-05,fallback_bound,a4398fad5e3d9485a4d6bdc701067a2f42e0d0979d539b16fe6c9a0984ddb154,8.0,0.75,8.0,0.7415653755729036,2,2,0.375,0.125,0.0625
non-private-reference,oracle,non-private,diagnostic,7,7e05e7d37d8a89c8dde0936e51d2be4a5a53fc703e1d728564578c0ef278e9d4,,2,2,1.0,0.75,0.5,0.75,0.5,0.75,0.753,0.5,True,0.5,0.4999999999999999,0.5,0.5000000000000001,,,non-private,0.0,1.0,0.0,0.0,0,0,0,0,0.0,inf,0.0225490000011632,0.0008150035796582,0.0008150035796582,fallback_bound,a4398fad5e3d9485a4d6bdc701067a2f42e0d0979d539b16fe6c9a0984ddb154,8.0,0.75,8.0,0.7415653755729036,2,2,0.375,0.125,0.0625
naive-claimed-c,this-work,unsafe-diagnostic,diagnostic,7,7e05e7d37d8a89c8dde0936e51d2be4a5a53fc703e1d728564578c0ef278e9d4,,2,2,1.0,0.75,0.5,0.75,0.5,0.75,0.753,0.5,True,0.5,0.4999999999999999,0.5,0.5000000000000001,,2.0,unsafe-diagnostic,1.0,1.0,0.372219053051911,0.627780946948089,1305,0,1559,2864,1.0,5.225291418476328,0.038003400011803,0.000157089083367,0.0002314899695217,fallback_bound,a4398fad5e3d9485a4d6bdc701067a2f42e0d0979d539b16fe6c9a0984ddb154,8.0,0.75,8.0,0.7415653755729036,2,2,0.375,0.125,0.0625
stable-local-fallback,this-work,user-certified,primary,8,7e05e7d37d8a89c8dde0936e51d2be4a5a53fc703e1d728564578c0ef278e9d4,0.0,2,2,1.0,0.75,0.5,0.75,0.5,0.75,0.74,0.5,True,0.5,0.4999999999999999,0.5,0.5000000000000001,1.0,1.0,plan-c,1.0,1.0,0.0,1.0,0,0,1740,1740,1.0,2.400461040581966,0.0233785000018542,0.0004802408991836,0.0006349854692053,fallback_bound,a4398fad5e3d9485a4d6bdc701067a2f42e0d0979d539b16fe6c9a0984ddb154,8.0,0.75,8.0,0.7415653755729036,2,2,0.375,0.125,0.0625
handle-only-drop-residual,this-work,user-certified,primary,8,7e05e7d37d8a89c8dde0936e51d2be4a5a53fc703e1d728564578c0ef278e9d4,1.0,2,2,1.0,0.75,0.5,0.75,0.5,0.75,0.74,0.5,True,0.5,0.4999999999999999,0.5,0.5000000000000001,1.0,1.0,plan-c,1.0,0.3747126436781609,0.3747126436781609,0.0,1304,0,0,1304,1.0,4.614118132176231,0.0338269999920157,0.0002538776836328,0.0003685614958147,fallback_bound,a4398fad5e3d9485a4d6bdc701067a2f42e0d0979d539b16fe6c9a0984ddb154,8.0,0.75,8.0,0.7415653755729036,2,2,0.375,0.125,0.0625
unitscope-equal,this-work,user-certified,primary,8,7e05e7d37d8a89c8dde0936e51d2be4a5a53fc703e1d728564578c0ef278e9d4,0.5,2,2,1.0,0.75,0.5,0.75,0.5,0.75,0.74,0.5,True,0.5,0.4999999999999999,0.5,0.5000000000000001,1.0,1.0,plan-c,1.0,1.0,0.3747126436781609,0.6252873563218391,1304,0,1545,2849,1.0,3.2431345261608,0.0362186999991536,0.0003287469250884,0.0004711015648024,fallback_bound,a4398fad5e3d9485a4d6bdc701067a2f42e0d0979d539b16fe6c9a0984ddb154,8.0,0.75,8.0,0.7415653755729036,2,2,0.375,0.125,0.0625
unitscope-tuned,this-work,user-certified,primary,8,7e05e7d37d8a89c8dde0936e51d2be4a5a53fc703e1d728564578c0ef278e9d4,0.75,2,2,1.0,0.75,0.5,0.75,0.5,0.75,0.74,0.5,True,0.5,0.4999999999999999,0.5,0.5000000000000001,1.0,1.0,plan-c,1.0,1.0,0.3747126436781609,0.6252873563218391,1304,0,1545,2849,1.0,3.9146479124332334,0.0354457000066759,0.0002687791386693,0.0003972983646172,fallback_bound,a4398fad5e3d9485a4d6bdc701067a2f42e0d0979d539b16fe6c9a0984ddb154,8.0,0.75,8.0,0.7415653755729036,2,2,0.375,0.125,0.0625
naive-recalibrated-2c,this-work,user-certified,primary,8,7e05e7d37d8a89c8dde0936e51d2be4a5a53fc703e1d728564578c0ef278e9d4,,2,2,1.0,0.75,0.5,0.75,0.5,0.75,0.74,0.5,True,0.5,0.4999999999999999,0.5,0.5000000000000001,2.0,2.0,plan-delta,2.0,1.0,0.3747126436781609,0.6252873563218391,1304,0,1545,2849,1.0,3.2431345261608,0.0370368000003509,0.000138125567548,0.0003167618089918,fallback_bound,a4398fad5e3d9485a4d6bdc701067a2f42e0d0979d539b16fe6c9a0984ddb154,8.0,0.75,8.0,0.7415653755729036,2,2,0.375,0.125,0.0625
full-identity-reference,oracle,oracle-assumption,full-identity-reference,8,7e05e7d37d8a89c8dde0936e51d2be4a5a53fc703e1d728564578c0ef278e9d4,,2,2,1.0,0.75,0.5,0.75,0.5,0.75,0.74,0.5,True,0.5,0.4999999999999999,0.5,0.5000000000000001,1.0,1.0,plan-c,1.0,1.0,0.0,0.0,0,0,0,1000,1.0,5.864605105890776,0.0443274999997811,0.0,3.888141977657693e-05,fallback_bound,a4398fad5e3d9485a4d6bdc701067a2f42e0d0979d539b16fe6c9a0984ddb154,8.0,0.75,8.0,0.7415653755729036,2,2,0.375,0.125,0.0625
non-private-reference,oracle,non-private,diagnostic,8,7e05e7d37d8a89c8dde0936e51d2be4a5a53fc703e1d728564578c0ef278e9d4,,2,2,1.0,0.75,0.5,0.75,0.5,0.75,0.74,0.5,True,0.5,0.4999999999999999,0.5,0.5000000000000001,,,non-private,0.0,1.0,0.0,0.0,0,0,0,0,0.0,inf,0.0202928999933647,0.0013100686235273,0.0013100686235273,fallback_bound,a4398fad5e3d9485a4d6bdc701067a2f42e0d0979d539b16fe6c9a0984ddb154,8.0,0.75,8.0,0.7415653755729036,2,2,0.375,0.125,0.0625
naive-claimed-c,this-work,unsafe-diagnostic,diagnostic,8,7e05e7d37d8a89c8dde0936e51d2be4a5a53fc703e1d728564578c0ef278e9d4,,2,2,1.0,0.75,0.5,0.75,0.5,0.75,0.74,0.5,True,0.5,0.4999999999999999,0.5,0.5000000000000001,,2.0,unsafe-diagnostic,1.0,1.0,0.3747126436781609,0.6252873563218391,1304,0,1545,2849,1.0,6.4862690523216,0.066192600002978,0.000138125567548,0.0001885622684933,fallback_bound,a4398fad5e3d9485a4d6bdc701067a2f42e0d0979d539b16fe6c9a0984ddb154,8.0,0.75,8.0,0.7415653755729036,2,2,0.375,0.125,0.0625
stable-local-fallback,this-work,user-certified,primary,9,7e05e7d37d8a89c8dde0936e51d2be4a5a53fc703e1d728564578c0ef278e9d4,0.0,2,2,1.0,0.75,0.5,0.75,0.5,0.75,0.727,0.5,True,0.5,0.4999999999999999,0.5,0.5000000000000001,1.0,1.0,plan-c,1.0,1.0,0.0,1.0,0,0,1727,1727,1.0,2.2330993149668736,0.0230642999958945,0.0003542774961372,0.0003945310423406,fallback_bound,a4398fad5e3d9485a4d6bdc701067a2f42e0d0979d539b16fe6c9a0984ddb154,8.0,0.75,8.0,0.7415653755729036,2,2,0.375,0.125,0.0625
handle-only-drop-residual,this-work,user-certified,primary,9,7e05e7d37d8a89c8dde0936e51d2be4a5a53fc703e1d728564578c0ef278e9d4,1.0,2,2,1.0,0.75,0.5,0.75,0.5,0.75,0.727,0.5,True,0.5,0.4999999999999999,0.5,0.5000000000000001,1.0,1.0,plan-c,1.0,0.3755066589461494,0.3755066589461494,0.0,1297,0,0,1297,1.0,4.04575181643008,0.0341718000127002,0.0004088078141732,0.0004599389856065,fallback_bound,a4398fad5e3d9485a4d6bdc701067a2f42e0d0979d539b16fe6c9a0984ddb154,8.0,0.75,8.0,0.7415653755729036,2,2,0.375,0.125,0.0625
unitscope-equal,this-work,user-certified,primary,9,7e05e7d37d8a89c8dde0936e51d2be4a5a53fc703e1d728564578c0ef278e9d4,0.5,2,2,1.0,0.75,0.5,0.75,0.5,0.75,0.727,0.5,True,0.5,0.4999999999999999,0.5,0.5000000000000001,1.0,1.0,plan-c,1.0,1.0,0.3755066589461494,0.6244933410538506,1297,0,1540,2837,1.0,2.80970416956722,0.0343514999985927,0.0003331077549951,0.0003761803354803,fallback_bound,a4398fad5e3d9485a4d6bdc701067a2f42e0d0979d539b16fe6c9a0984ddb154,8.0,0.75,8.0,0.7415653755729036,2,2,0.375,0.125,0.0625
unitscope-tuned,this-work,user-certified,primary,9,7e05e7d37d8a89c8dde0936e51d2be4a5a53fc703e1d728564578c0ef278e9d4,0.75,2,2,1.0,0.75,0.5,0.75,0.5,0.75,0.727,0.5,True,0.5,0.4999999999999999,0.5,0.5000000000000001,1.0,1.0,plan-c,1.0,1.0,0.3755066589461494,0.6244933410538506,1297,0,1540,2837,1.0,3.394845171063876,0.0341495000029681,0.0003533169943073,0.0004004188702666,fallback_bound,a4398fad5e3d9485a4d6bdc701067a2f42e0d0979d539b16fe6c9a0984ddb154,8.0,0.75,8.0,0.7415653755729036,2,2,0.375,0.125,0.0625
naive-recalibrated-2c,this-work,user-certified,primary,9,7e05e7d37d8a89c8dde0936e51d2be4a5a53fc703e1d728564578c0ef278e9d4,,2,2,1.0,0.75,0.5,0.75,0.5,0.75,0.727,0.5,True,0.5,0.4999999999999999,0.5,0.5000000000000001,2.0,2.0,plan-delta,2.0,1.0,0.3755066589461494,0.6244933410538506,1297,0,1540,2837,1.0,2.80970416956722,0.0363109000027179,0.0001973322068933,0.0003415928488972,fallback_bound,a4398fad5e3d9485a4d6bdc701067a2f42e0d0979d539b16fe6c9a0984ddb154,8.0,0.75,8.0,0.7415653755729036,2,2,0.375,0.125,0.0625
full-identity-reference,oracle,oracle-assumption,full-identity-reference,9,7e05e7d37d8a89c8dde0936e51d2be4a5a53fc703e1d728564578c0ef278e9d4,,2,2,1.0,0.75,0.5,0.75,0.5,0.75,0.727,0.5,True,0.5,0.4999999999999999,0.5,0.5000000000000001,1.0,1.0,plan-c,1.0,1.0,0.0,0.0,0,0,0,1000,1.0,5.648362060019918,0.04851680000138,0.0,2.909586366824385e-05,fallback_bound,a4398fad5e3d9485a4d6bdc701067a2f42e0d0979d539b16fe6c9a0984ddb154,8.0,0.75,8.0,0.7415653755729036,2,2,0.375,0.125,0.0625
non-private-reference,oracle,non-private,diagnostic,9,7e05e7d37d8a89c8dde0936e51d2be4a5a53fc703e1d728564578c0ef278e9d4,,2,2,1.0,0.75,0.5,0.75,0.5,0.75,0.727,0.5,True,0.5,0.4999999999999999,0.5,0.5000000000000001,,,non-private,0.0,1.0,0.0,0.0,0,0,0,0,0.0,inf,0.0218351000075927,0.0008195914157725,0.0008195914157725,fallback_bound,a4398fad5e3d9485a4d6bdc701067a2f42e0d0979d539b16fe6c9a0984ddb154,8.0,0.75,8.0,0.7415653755729036,2,2,0.375,0.125,0.0625
naive-claimed-c,this-work,unsafe-diagnostic,diagnostic,9,7e05e7d37d8a89c8dde0936e51d2be4a5a53fc703e1d728564578c0ef278e9d4,,2,2,1.0,0.75,0.5,0.75,0.5,0.75,0.727,0.5,True,0.5,0.4999999999999999,0.5,0.5000000000000001,,2.0,unsafe-diagnostic,1.0,1.0,0.3755066589461494,0.6244933410538506,1297,0,1540,2837,1.0,5.619408339134439,0.0358311000018147,0.0001973322068933,0.000240366664227,fallback_bound,a4398fad5e3d9485a4d6bdc701067a2f42e0d0979d539b16fe6c9a0984ddb154,8.0,0.75,8.0,0.7415653755729036,2,2,0.375,0.125,0.0625
stable-local-fallback,this-work,user-certified,primary,0,168af9c332c250c673238258cd07f1a818a013785779b7f3097a9b919ebe4104,0.0,2,4,1.0,0.75,0.5,0.75,0.5,0.75,0.753,0.5,False,0.5,0.4999999999999999,0.5,0.5000000000000001,1.0,1.0,plan-c,1.0,1.0,0.0,1.0,0,1753,0,1753,1.0,2.064897829808765,0.0231493000028422,0.0005048202526941,0.0005657607749475,fallback_bound,b53dc87a8edc80463dcddd8a92c98819e8f07fdd268b0ad818b8d4598ef23a9b,8.0,0.75,8.0,0.7415653755729036,2,2,0.375,0.0625,0.03125
handle-only-drop-residual,this-work,user-certified,primary,0,168af9c332c250c673238258cd07f1a818a013785779b7f3097a9b919ebe4104,1.0,2,4,1.0,0.75,0.5,0.75,0.5,0.75,0.753,0.5,False,0.5,0.4999999999999999,0.5,0.5000000000000001,1.0,1.0,plan-c,1.0,0.376782658300057,0.376782658300057,0.0,1321,0,0,1321,1.0,3.818124340697683,0.0538969999906839,0.0003747781612295,0.0004285884934897,fallback_bound,b53dc87a8edc80463dcddd8a92c98819e8f07fdd268b0ad818b8d4598ef23a9b,8.0,0.75,8.0,0.7415653755729036,2,2,0.375,0.0625,0.03125
unitscope-equal,this-work,user-certified,primary,0,168af9c332c250c673238258cd07f1a818a013785779b7f3097a9b919ebe4104,0.3333333333333333,2,4,1.0,0.75,0.5,0.75,0.5,0.75,0.753,0.5,False,0.5,0.4999999999999999,0.5,0.5000000000000001,1.0,1.0,plan-c,1.0,1.0,0.376782658300057,0.6232173416999429,1321,1551,0,2872,1.0,2.352151240194199,0.033734299999196,0.0004535183566532,0.0005096810638747,fallback_bound,b53dc87a8edc80463dcddd8a92c98819e8f07fdd268b0ad818b8d4598ef23a9b,8.0,0.75,8.0,0.7415653755729036,2,2,0.375,0.0625,0.03125
unitscope-tuned,this-work,user-certified,primary,0,168af9c332c250c673238258cd07f1a818a013785779b7f3097a9b919ebe4104,0.75,2,4,1.0,0.75,0.5,0.75,0.5,0.75,0.753,0.5,False,0.5,0.4999999999999999,0.5,0.5000000000000001,1.0,1.0,plan-c,1.0,1.0,0.376782658300057,0.6232173416999429,1321,1551,0,2872,1.0,3.2329304357815976,0.0328724000137299,0.0003721267909254,0.0004268192637961,fallback_bound,b53dc87a8edc80463dcddd8a92c98819e8f07fdd268b0ad818b8d4598ef23a9b,8.0,0.75,8.0,0.7415653755729036,2,2,0.375,0.0625,0.03125
naive-recalibrated-2c,this-work,user-certified,primary,0,168af9c332c250c673238258cd07f1a818a013785779b7f3097a9b919ebe4104,,2,4,1.0,0.75,0.5,0.75,0.5,0.75,0.753,0.5,False,0.5,0.4999999999999999,0.5,0.5000000000000001,2.0,2.0,plan-delta,2.0,1.0,0.376782658300057,0.6232173416999429,1321,1551,0,2872,1.0,2.684516706478388,0.0321274000016273,0.0001736388342987,0.0003599331567315,fallback_bound,b53dc87a8edc80463dcddd8a92c98819e8f07fdd268b0ad818b8d4598ef23a9b,8.0,0.75,8.0,0.7415653755729036,2,2,0.375,0.0625,0.03125
full-identity-reference,oracle,oracle-assumption,full-identity-reference,0,168af9c332c250c673238258cd07f1a818a013785779b7f3097a9b919ebe4104,,2,4,1.0,0.75,0.5,0.75,0.5,0.75,0.753,0.5,False,0.5,0.4999999999999999,0.5,0.5000000000000001,1.0,1.0,plan-c,1.0,1.0,0.0,0.0,0,0,0,1000,1.0,5.3919700659430765,0.0395622000069124,0.0,4.382932526256053e-05,fallback_bound,b53dc87a8edc80463dcddd8a92c98819e8f07fdd268b0ad818b8d4598ef23a9b,8.0,0.75,8.0,0.7415653755729036,2,2,0.375,0.0625,0.03125
non-private-reference,oracle,non-private,diagnostic,0,168af9c332c250c673238258cd07f1a818a013785779b7f3097a9b919ebe4104,,2,4,1.0,0.75,0.5,0.75,0.5,0.75,0.753,0.5,False,0.5,0.4999999999999999,0.5,0.5000000000000001,,,non-private,0.0,1.0,0.0,0.0,0,0,0,0,0.0,inf,0.0183390000020153,0.0009896145859756,0.0009896145859756,fallback_bound,b53dc87a8edc80463dcddd8a92c98819e8f07fdd268b0ad818b8d4598ef23a9b,8.0,0.75,8.0,0.7415653755729036,2,2,0.375,0.0625,0.03125
naive-claimed-c,this-work,unsafe-diagnostic,diagnostic,0,168af9c332c250c673238258cd07f1a818a013785779b7f3097a9b919ebe4104,,2,4,1.0,0.75,0.5,0.75,0.5,0.75,0.753,0.5,False,0.5,0.4999999999999999,0.5,0.5000000000000001,,2.0,unsafe-diagnostic,1.0,1.0,0.376782658300057,0.6232173416999429,1321,1551,0,2872,1.0,5.369033412956776,0.0324133999965852,0.0001736388342987,0.0002229566702525,fallback_bound,b53dc87a8edc80463dcddd8a92c98819e8f07fdd268b0ad818b8d4598ef23a9b,8.0,0.75,8.0,0.7415653755729036,2,2,0.375,0.0625,0.03125
stable-local-fallback,this-work,user-certified,primary,1,168af9c332c250c673238258cd07f1a818a013785779b7f3097a9b919ebe4104,0.0,2,4,1.0,0.75,0.5,0.75,0.5,0.75,0.747,0.5,False,0.5,0.4999999999999999,0.5,0.5000000000000001,1.0,1.0,plan-c,1.0,1.0,0.0,1.0,0,1747,0,1747,1.0,2.1593814273069727,0.0227340999990701,0.0004152697789505,0.0004631578707522,fallback_bound,b53dc87a8edc80463dcddd8a92c98819e8f07fdd268b0ad818b8d4598ef23a9b,8.0,0.75,8.0,0.7415653755729036,2,2,0.375,0.0625,0.03125
handle-only-drop-residual,this-work,user-certified,primary,1,168af9c332c250c673238258cd07f1a818a013785779b7f3097a9b919ebe4104,1.0,2,4,1.0,0.75,0.5,0.75,0.5,0.75,0.747,0.5,False,0.5,0.4999999999999999,0.5,0.5000000000000001,1.0,1.0,plan-c,1.0,0.3777904979965655,0.3777904979965655,0.0,1320,0,0,1320,1.0,4.049792358551845,0.0313957999896956,0.0004679587074854,0.0005397622034925,fallback_bound,b53dc87a8edc80463dcddd8a92c98819e8f07fdd268b0ad818b8d4598ef23a9b,8.0,0.75,8.0,0.7415653755729036,2,2,0.375,0.0625,0.03125
unitscope-equal,this-work,user-certified,primary,1,168af9c332c250c673238258cd07f1a818a013785779b7f3097a9b919ebe4104,0.3333333333333333,2,4,1.0,0.75,0.5,0.75,0.5,0.75,0.747,0.5,False,0.5,0.4999999999999999,0.5,0.5000000000000001,1.0,1.0,plan-c,1.0,1.0,0.3777904979965655,0.6222095020034345,1320,1540,0,2860,1.0,2.512636731944039,0.0336420000094221,0.0003831231369737,0.0004360931328292,fallback_bound,b53dc87a8edc80463dcddd8a92c98819e8f07fdd268b0ad818b8d4598ef23a9b,8.0,0.75,8.0,0.7415653755729036,2,2,0.375,0.0625,0.03125
unitscope-tuned,this-work,user-certified,primary,1,168af9c332c250c673238258cd07f1a818a013785779b7f3097a9b919ebe4104,0.75,2,4,1.0,0.75,0.5,0.75,0.5,0.75,0.747,0.5,False,0.5,0.4999999999999999,0.5,0.5000000000000001,1.0,1.0,plan-c,1.0,1.0,0.3777904979965655,0.6222095020034345,1320,1540,0,2860,1.0,3.406280276281949,0.0329129000019747,0.0004035711563516,0.0004683120898018,fallback_bound,b53dc87a8edc80463dcddd8a92c98819e8f07fdd268b0ad818b8d4598ef23a9b,8.0,0.75,8.0,0.7415653755729036,2,2,0.375,0.0625,0.03125
naive-recalibrated-2c,this-work,user-certified,primary,1,168af9c332c250c673238258cd07f1a818a013785779b7f3097a9b919ebe4104,,2,4,1.0,0.75,0.5,0.75,0.5,0.75,0.747,0.5,False,0.5,0.4999999999999999,0.5,0.5000000000000001,2.0,2.0,plan-delta,2.0,1.0,0.3777904979965655,0.6222095020034345,1320,1540,0,2860,1.0,2.832489404330616,0.0317230999935418,0.0002253857853453,0.0004169511476478,fallback_bound,b53dc87a8edc80463dcddd8a92c98819e8f07fdd268b0ad818b8d4598ef23a9b,8.0,0.75,8.0,0.7415653755729036,2,2,0.375,0.0625,0.03125
full-identity-reference,oracle,oracle-assumption,full-identity-reference,1,168af9c332c250c673238258cd07f1a818a013785779b7f3097a9b919ebe4104,,2,4,1.0,0.75,0.5,0.75,0.5,0.75,0.747,0.5,False,0.5,0.4999999999999999,0.5,0.5000000000000001,1.0,1.0,plan-c,1.0,1.0,0.0,0.0,0,0,0,1000,1.0,5.709739005623294,0.0398677000048337,0.0,3.2084292219098765e-05,fallback_bound,b53dc87a8edc80463dcddd8a92c98819e8f07fdd268b0ad818b8d4598ef23a9b,8.0,0.75,8.0,0.7415653755729036,2,2,0.375,0.0625,0.03125
non-private-reference,oracle,non-private,diagnostic,1,168af9c332c250c673238258cd07f1a818a013785779b7f3097a9b919ebe4104,,2,4,1.0,0.75,0.5,0.75,0.5,0.75,0.747,0.5,False,0.5,0.4999999999999999,0.5,0.5000000000000001,,,non-private,0.0,1.0,0.0,0.0,0,0,0,0,0.0,inf,0.0366465999977663,0.0007473834350982,0.0007473834350982,fallback_bound,b53dc87a8edc80463dcddd8a92c98819e8f07fdd268b0ad818b8d4598ef23a9b,8.0,0.75,8.0,0.7415653755729036,2,2,0.375,0.0625,0.03125
naive-claimed-c,this-work,unsafe-diagnostic,diagnostic,1,168af9c332c250c673238258cd07f1a818a013785779b7f3097a9b919ebe4104,,2,4,1.0,0.75,0.5,0.75,0.5,0.75,0.747,0.5,False,0.5,0.4999999999999999,0.5,0.5000000000000001,,2.0,unsafe-diagnostic,1.0,1.0,0.3777904979965655,0.6222095020034345,1320,1540,0,2860,1.0,5.664978808661232,0.0321134999976493,0.0002253857853453,0.0002890841742775,fallback_bound,b53dc87a8edc80463dcddd8a92c98819e8f07fdd268b0ad818b8d4598ef23a9b,8.0,0.75,8.0,0.7415653755729036,2,2,0.375,0.0625,0.03125
stable-local-fallback,this-work,user-certified,primary,2,168af9c332c250c673238258cd07f1a818a013785779b7f3097a9b919ebe4104,0.0,2,4,1.0,0.75,0.5,0.75,0.5,0.75,0.747,0.5,False,0.5,0.4999999999999999,0.5,0.5000000000000001,1.0,1.0,plan-c,1.0,1.0,0.0,1.0,0,1747,0,1747,1.0,2.0831195578319823,0.0225253000098746,0.0003645480850939,0.0004515324526355,fallback_bound,b53dc87a8edc80463dcddd8a92c98819e8f07fdd268b0ad818b8d4598ef23a9b,8.0,0.75,8.0,0.7415653755729036,2,2,0.375,0.0625,0.03125
handle-only-drop-residual,this-work,user-certified,primary,2,168af9c332c250c673238258cd07f1a818a013785779b7f3097a9b919ebe4104,1.0,2,4,1.0,0.75,0.5,0.75,0.5,0.75,0.747,0.5,False,0.5,0.4999999999999999,0.5,0.5000000000000001,1.0,1.0,plan-c,1.0,0.3737836290784201,0.3737836290784201,0.0,1306,0,0,1306,1.0,3.597003782480754,0.0319598999922163,0.0003826957206673,0.0004624847009716,fallback_bound,b53dc87a8edc80463dcddd8a92c98819e8f07fdd268b0ad818b8d4598ef23a9b,8.0,0.75,8.0,0.7415653755729036,2,2,0.375,0.0625,0.03125
unitscope-equal,this-work,user-certified,primary,2,168af9c332c250c673238258cd07f1a818a013785779b7f3097a9b919ebe4104,0.3333333333333333,2,4,1.0,0.75,0.5,0.75,0.5,0.75,0.747,0.5,False,0.5,0.4999999999999999,0.5,0.5000000000000001,1.0,1.0,plan-c,1.0,1.0,0.3737836290784201,0.6262163709215799,1306,1579,0,2885,1.0,2.2952653667224183,0.0332438000041293,0.0003481492155663,0.0004372246572991,fallback_bound,b53dc87a8edc80463dcddd8a92c98819e8f07fdd268b0ad818b8d4598ef23a9b,8.0,0.75,8.0,0.7415653755729036,2,2,0.375,0.0625,0.03125
unitscope-tuned,this-work,user-certified,primary,2,168af9c332c250c673238258cd07f1a818a013785779b7f3097a9b919ebe4104,0.75,2,4,1.0,0.75,0.5,0.75,0.5,0.75,0.747,0.5,False,0.5,0.4999999999999999,0.5,0.5000000000000001,1.0,1.0,plan-c,1.0,1.0,0.3737836290784201,0.6262163709215799,1306,1579,0,2885,1.0,3.0605290423235485,0.0338972000026842,0.000345354836589,0.0004286262399289,fallback_bound,b53dc87a8edc80463dcddd8a92c98819e8f07fdd268b0ad818b8d4598ef23a9b,8.0,0.75,8.0,0.7415653755729036,2,2,0.375,0.0625,0.03125
naive-recalibrated-2c,this-work,user-certified,primary,2,168af9c332c250c673238258cd07f1a818a013785779b7f3097a9b919ebe4104,,2,4,1.0,0.75,0.5,0.75,0.5,0.75,0.747,0.5,False,0.5,0.4999999999999999,0.5,0.5000000000000001,2.0,2.0,plan-delta,2.0,1.0,0.3737836290784201,0.6262163709215799,1306,1579,0,2885,1.0,2.574795284868961,0.0337971999979345,0.0001814991695141,0.0003503545520758,fallback_bound,b53dc87a8edc80463dcddd8a92c98819e8f07fdd268b0ad818b8d4598ef23a9b,8.0,0.75,8.0,0.7415653755729036,2,2,0.375,0.0625,0.03125
full-identity-reference,oracle,oracle-assumption,full-identity-reference,2,168af9c332c250c673238258cd07f1a818a013785779b7f3097a9b919ebe4104,,2,4,1.0,0.75,0.5,0.75,0.5,0.75,0.747,0.5,False,0.5,0.4999999999999999,0.5,0.5000000000000001,1.0,1.0,plan-c,1.0,1.0,0.0,0.0,0,0,0,1000,1.0,5.22654729687365,0.0438524000055622,0.0,3.507377284459695e-05,fallback_bound,b53dc87a8edc80463dcddd8a92c98819e8f07fdd268b0ad818b8d4598ef23a9b,8.0,0.75,8.0,0.7415653755729036,2,2,0.375,0.0625,0.03125
non-private-reference,oracle,non-private,diagnostic,2,168af9c332c250c673238258cd07f1a818a013785779b7f3097a9b919ebe4104,,2,4,1.0,0.75,0.5,0.75,0.5,0.75,0.747,0.5,False,0.5,0.4999999999999999,0.5,0.5000000000000001,,,non-private,0.0,1.0,0.0,0.0,0,0,0,0,0.0,inf,0.0205444999883184,0.0008851428222059,0.0008851428222059,fallback_bound,b53dc87a8edc80463dcddd8a92c98819e8f07fdd268b0ad818b8d4598ef23a9b,8.0,0.75,8.0,0.7415653755729036,2,2,0.375,0.0625,0.03125
naive-claimed-c,this-work,unsafe-diagnostic,diagnostic,2,168af9c332c250c673238258cd07f1a818a013785779b7f3097a9b919ebe4104,,2,4,1.0,0.75,0.5,0.75,0.5,0.75,0.747,0.5,False,0.5,0.4999999999999999,0.5,0.5000000000000001,,2.0,unsafe-diagnostic,1.0,1.0,0.3737836290784201,0.6262163709215799,1306,1579,0,2885,1.0,5.149590569737922,0.0341544000111753,0.0001814991695141,0.0002308530879504,fallback_bound,b53dc87a8edc80463dcddd8a92c98819e8f07fdd268b0ad818b8d4598ef23a9b,8.0,0.75,8.0,0.7415653755729036,2,2,0.375,0.0625,0.03125
stable-local-fallback,this-work,user-certified,primary,3,168af9c332c250c673238258cd07f1a818a013785779b7f3097a9b919ebe4104,0.0,2,4,1.0,0.75,0.5,0.75,0.5,0.75,0.741,0.5,False,0.5,0.4999999999999999,0.5,0.5000000000000001,1.0,1.0,plan-c,1.0,1.0,0.0,1.0,0,1741,0,1741,1.0,2.266676303949846,0.0457582999952137,0.0003839421354042,0.0004055408741501,fallback_bound,b53dc87a8edc80463dcddd8a92c98819e8f07fdd268b0ad818b8d4598ef23a9b,8.0,0.75,8.0,0.7415653755729036,2,2,0.375,0.0625,0.03125
handle-only-drop-residual,this-work,user-certified,primary,3,168af9c332c250c673238258cd07f1a818a013785779b7f3097a9b919ebe4104,1.0,2,4,1.0,0.75,0.5,0.75,0.5,0.75,0.741,0.5,False,0.5,0.4999999999999999,0.5,0.5000000000000001,1.0,1.0,plan-c,1.0,0.3767949454336588,0.3767949454336588,0.0,1312,0,0,1312,1.0,4.082654246670134,0.032385600003181,0.0003693225038897,0.0003984222846491,fallback_bound,b53dc87a8edc80463dcddd8a92c98819e8f07fdd268b0ad818b8d4598ef23a9b,8.0,0.75,8.0,0.7415653755729036,2,2,0.375,0.0625,0.03125
unitscope-equal,this-work,user-certified,primary,3,168af9c332c250c673238258cd07f1a818a013785779b7f3097a9b919ebe4104,0.3333333333333333,2,4,1.0,0.75,0.5,0.75,0.5,0.75,0.741,0.5,False,0.5,0.4999999999999999,0.5,0.5000000000000001,1.0,1.0,plan-c,1.0,1.0,0.3767949454336588,0.6232050545663412,1312,1550,0,2862,1.0,2.5035490320401648,0.0393495000025723,0.0003622122011131,0.000387194203753,fallback_bound,b53dc87a8edc80463dcddd8a92c98819e8f07fdd268b0ad818b8d4598ef23a9b,8.0,0.75,8.0,0.7415653755729036,2,2,0.375,0.0625,0.03125
unitscope-tuned,this-work,user-certified,primary,3,168af9c332c250c673238258cd07f1a818a013785779b7f3097a9b919ebe4104,0.75,2,4,1.0,0.75,0.5,0.75,0.5,0.75,0.741,0.5,False,0.5,0.4999999999999999,0.5,0.5000000000000001,1.0,1.0,plan-c,1.0,1.0,0.3767949454336588,0.6232050545663412,1312,1550,0,2862,1.0,3.433612349693466,0.0334988000104203,0.0003358933304367,0.0003634489444013,fallback_bound,b53dc87a8edc80463dcddd8a92c98819e8f07fdd268b0ad818b8d4598ef23a9b,8.0,0.75,8.0,0.7415653755729036,2,2,0.375,0.0625,0.03125
naive-recalibrated-2c,this-work,user-certified,primary,3,168af9c332c250c673238258cd07f1a818a013785779b7f3097a9b919ebe4104,,2,4,1.0,0.75,0.5,0.75,0.5,0.75,0.741,0.5,False,0.5,0.4999999999999999,0.5,0.5000000000000001,2.0,2.0,plan-delta,2.0,1.0,0.3767949454336588,0.6232050545663412,1312,1550,0,2862,1.0,2.8434538118340758,0.0335414000001037,0.000157938416936,0.0002842617774561,fallback_bound,b53dc87a8edc80463dcddd8a92c98819e8f07fdd268b0ad818b8d4598ef23a9b,8.0,0.75,8.0,0.7415653755729036,2,2,0.375,0.0625,0.03125
full-identity-reference,oracle,oracle-assumption,full-identity-reference,3,168af9c332c250c673238258cd07f1a818a013785779b7f3097a9b919ebe4104,,2,4,1.0,0.75,0.5,0.75,0.5,0.75,0.741,0.5,False,0.5,0.4999999999999999,0.5,0.5000000000000001,1.0,1.0,plan-c,1.0,1.0,0.0,0.0,0,0,0,1000,1.0,5.7212359014939125,0.0415922999964095,0.0,3.144656992614111e-05,fallback_bound,b53dc87a8edc80463dcddd8a92c98819e8f07fdd268b0ad818b8d4598ef23a9b,8.0,0.75,8.0,0.7415653755729036,2,2,0.375,0.0625,0.03125
non-private-reference,oracle,non-private,diagnostic,3,168af9c332c250c673238258cd07f1a818a013785779b7f3097a9b919ebe4104,,2,4,1.0,0.75,0.5,0.75,0.5,0.75,0.741,0.5,False,0.5,0.4999999999999999,0.5,0.5000000000000001,,,non-private,0.0,1.0,0.0,0.0,0,0,0,0,0.0,inf,0.0189805999980308,0.000878462574273,0.000878462574273,fallback_bound,b53dc87a8edc80463dcddd8a92c98819e8f07fdd268b0ad818b8d4598ef23a9b,8.0,0.75,8.0,0.7415653755729036,2,2,0.375,0.0625,0.03125
naive-claimed-c,this-work,unsafe-diagnostic,diagnostic,3,168af9c332c250c673238258cd07f1a818a013785779b7f3097a9b919ebe4104,,2,4,1.0,0.75,0.5,0.75,0.5,0.75,0.741,0.5,False,0.5,0.4999999999999999,0.5,0.5000000000000001,,2.0,unsafe-diagnostic,1.0,1.0,0.3767949454336588,0.6232050545663412,1312,1550,0,2862,1.0,5.686907623668151,0.0333304000087082,0.000157938416936,0.0001896535272699,fallback_bound,b53dc87a8edc80463dcddd8a92c98819e8f07fdd268b0ad818b8d4598ef23a9b,8.0,0.75,8.0,0.7415653755729036,2,2,0.375,0.0625,0.03125
stable-local-fallback,this-work,user-certified,primary,4,168af9c332c250c673238258cd07f1a818a013785779b7f3097a9b919ebe4104,0.0,2,4,1.0,0.75,0.5,0.75,0.5,0.75,0.773,0.5,False,0.5,0.4999999999999999,0.5,0.5000000000000001,1.0,1.0,plan-c,1.0,1.0,0.0,1.0,0,1773,0,1773,1.0,2.02940545993535,0.0231065000116359,0.0003521826427756,0.0003576906940324,fallback_bound,b53dc87a8edc80463dcddd8a92c98819e8f07fdd268b0ad818b8d4598ef23a9b,8.0,0.75,8.0,0.7415653755729036,2,2,0.375,0.0625,0.03125
handle-only-drop-residual,this-work,user-certified,primary,4,168af9c332c250c673238258cd07f1a818a013785779b7f3097a9b919ebe4104,1.0,2,4,1.0,0.75,0.5,0.75,0.5,0.75,0.773,0.5,False,0.5,0.4999999999999999,0.5,0.5000000000000001,1.0,1.0,plan-c,1.0,0.3767625493513818,0.3767625493513818,0.0,1336,0,0,1336,1.0,3.9241146350253375,0.0323471000010613,0.0003700013493819,0.0003690793531759,fallback_bound,b53dc87a8edc80463dcddd8a92c98819e8f07fdd268b0ad818b8d4598ef23a9b,8.0,0.75,8.0,0.7415653755729036,2,2,0.375,0.0625,0.03125
unitscope-equal,this-work,user-certified,primary,4,168af9c332c250c673238258cd07f1a818a013785779b7f3097a9b919ebe4104,0.3333333333333333,2,4,1.0,0.75,0.5,0.75,0.5,0.75,0.773,0.5,False,0.5,0.4999999999999999,0.5,0.5000000000000001,1.0,1.0,plan-c,1.0,1.0,0.3767625493513818,0.6232374506486181,1336,1569,0,2905,1.0,2.3072093278962056,0.0318288999987999,0.0003292279401507,0.0003305051268526,fallback_bound,b53dc87a8edc80463dcddd8a92c98819e8f07fdd268b0ad818b8d4598ef23a9b,8.0,0.75,8.0,0.7415653755729036,2,2,0.375,0.0625,0.03125
unitscope-tuned,this-work,user-certified,primary,4,168af9c332c250c673238258cd07f1a818a013785779b7f3097a9b919ebe4104,0.75,2,4,1.0,0.75,0.5,0.75,0.5,0.75,0.773,0.5,False,0.5,0.4999999999999999,0.5,0.5000000000000001,1.0,1.0,plan-c,1.0,1.0,0.3767625493513818,0.6232374506486181,1336,1569,0,2905,1.0,3.2640680175190844,0.0323405000090133,0.000321366853475,0.0003212695508595,fallback_bound,b53dc87a8edc80463dcddd8a92c98819e8f07fdd268b0ad818b8d4598ef23a9b,8.0,0.75,8.0,0.7415653755729036,2,2,0.375,0.0625,0.03125
naive-recalibrated-2c,this-work,user-certified,primary,4,168af9c332c250c673238258cd07f1a818a013785779b7f3097a9b919ebe4104,,2,4,1.0,0.75,0.5,0.75,0.5,0.75,0.773,0.5,False,0.5,0.4999999999999999,0.5,0.5000000000000001,2.0,2.0,plan-delta,2.0,1.0,0.3767625493513818,0.6232374506486181,1336,1569,0,2905,1.0,2.6587759962841604,0.0506927999958861,0.0001894373709243,0.0002895195168183,fallback_bound,b53dc87a8edc80463dcddd8a92c98819e8f07fdd268b0ad818b8d4598ef23a9b,8.0,0.75,8.0,0.7415653755729036,2,2,0.375,0.0625,0.03125
full-identity-reference,oracle,oracle-assumption,full-identity-reference,4,168af9c332c250c673238258cd07f1a818a013785779b7f3097a9b919ebe4104,,2,4,1.0,0.75,0.5,0.75,0.5,0.75,0.773,0.5,False,0.5,0.4999999999999999,0.5,0.5000000000000001,1.0,1.0,plan-c,1.0,1.0,0.0,0.0,0,0,0,1000,1.0,5.174351870312281,0.0429760000115493,0.0,3.450958520111424e-05,fallback_bound,b53dc87a8edc80463dcddd8a92c98819e8f07fdd268b0ad818b8d4598ef23a9b,8.0,0.75,8.0,0.7415653755729036,2,2,0.375,0.0625,0.03125
non-private-reference,oracle,non-private,diagnostic,4,168af9c332c250c673238258cd07f1a818a013785779b7f3097a9b919ebe4104,,2,4,1.0,0.75,0.5,0.75,0.5,0.75,0.773,0.5,False,0.5,0.4999999999999999,0.5,0.5000000000000001,,,non-private,0.0,1.0,0.0,0.0,0,0,0,0,0.0,inf,0.0198588999919593,0.0007718421729248,0.0007718421729248,fallback_bound,b53dc87a8edc80463dcddd8a92c98819e8f07fdd268b0ad818b8d4598ef23a9b,8.0,0.75,8.0,0.7415653755729036,2,2,0.375,0.0625,0.03125
naive-claimed-c,this-work,unsafe-diagnostic,diagnostic,4,168af9c332c250c673238258cd07f1a818a013785779b7f3097a9b919ebe4104,,2,4,1.0,0.75,0.5,0.75,0.5,0.75,0.773,0.5,False,0.5,0.4999999999999999,0.5,0.5000000000000001,,2.0,unsafe-diagnostic,1.0,1.0,0.3767625493513818,0.6232374506486181,1336,1569,0,2905,1.0,5.317551992568321,0.0328307000017957,0.0001894373709243,0.0002049688586702,fallback_bound,b53dc87a8edc80463dcddd8a92c98819e8f07fdd268b0ad818b8d4598ef23a9b,8.0,0.75,8.0,0.7415653755729036,2,2,0.375,0.0625,0.03125
stable-local-fallback,this-work,user-certified,primary,5,168af9c332c250c673238258cd07f1a818a013785779b7f3097a9b919ebe4104,0.0,2,4,1.0,0.75,0.5,0.75,0.5,0.75,0.744,0.5,False,0.5,0.4999999999999999,0.5,0.5000000000000001,1.0,1.0,plan-c,1.0,1.0,0.0,1.0,0,1744,0,1744,1.0,1.7560266391122787,0.0248533999983919,0.0003812717241223,0.0003750253116152,fallback_bound,b53dc87a8edc80463dcddd8a92c98819e8f07fdd268b0ad818b8d4598ef23a9b,8.0,0.75,8.0,0.7415653755729036,2,2,0.375,0.0625,0.03125
handle-only-drop-residual,this-work,user-certified,primary,5,168af9c332c250c673238258cd07f1a818a013785779b7f3097a9b919ebe4104,1.0,2,4,1.0,0.75,0.5,0.75,0.5,0.75,0.744,0.5,False,0.5,0.4999999999999999,0.5,0.5000000000000001,1.0,1.0,plan-c,1.0,0.3752866972477064,0.3752866972477064,0.0,1309,0,0,1309,1.0,3.3348155171362266,0.0351224999903934,0.0003431411148547,0.0003495716235377,fallback_bound,b53dc87a8edc80463dcddd8a92c98819e8f07fdd268b0ad818b8d4598ef23a9b,8.0,0.75,8.0,0.7415653755729036,2,2,0.375,0.0625,0.03125
unitscope-equal,this-work,user-certified,primary,5,168af9c332c250c673238258cd07f1a818a013785779b7f3097a9b919ebe4104,0.3333333333333333,2,4,1.0,0.75,0.5,0.75,0.5,0.75,0.744,0.5,False,0.5,0.4999999999999999,0.5,0.5000000000000001,1.0,1.0,plan-c,1.0,1.0,0.3752866972477064,0.6247133027522935,1309,1568,0,2877,1.0,2.0793297294374318,0.0353746000037062,0.00033423201255,0.0003330980724699,fallback_bound,b53dc87a8edc80463dcddd8a92c98819e8f07fdd268b0ad818b8d4598ef23a9b,8.0,0.75,8.0,0.7415653755729036,2,2,0.375,0.0625,0.03125
unitscope-tuned,this-work,user-certified,primary,5,168af9c332c250c673238258cd07f1a818a013785779b7f3097a9b919ebe4104,0.75,2,4,1.0,0.75,0.5,0.75,0.5,0.75,0.744,0.5,False,0.5,0.4999999999999999,0.5,0.5000000000000001,1.0,1.0,plan-c,1.0,1.0,0.3752866972477064,0.6247133027522935,1309,1568,0,2877,1.0,2.8233692410331988,0.0341538000066066,0.0003124279401521,0.0003160217805489,fallback_bound,b53dc87a8edc80463dcddd8a92c98819e8f07fdd268b0ad818b8d4598ef23a9b,8.0,0.75,8.0,0.7415653755729036,2,2,0.375,0.0625,0.03125
naive-recalibrated-2c,this-work,user-certified,primary,5,168af9c332c250c673238258cd07f1a818a013785779b7f3097a9b919ebe4104,,2,4,1.0,0.75,0.5,0.75,0.5,0.75,0.744,0.5,False,0.5,0.4999999999999999,0.5,0.5000000000000001,2.0,2.0,plan-delta,2.0,1.0,0.3752866972477064,0.6247133027522935,1309,1568,0,2877,1.0,2.354253155315252,0.033005499994033,0.0001812838022615,0.0003517215328488,fallback_bound,b53dc87a8edc80463dcddd8a92c98819e8f07fdd268b0ad818b8d4598ef23a9b,8.0,0.75,8.0,0.7415653755729036,2,2,0.375,0.0625,0.03125
full-identity-reference,oracle,oracle-assumption,full-identity-reference,5,168af9c332c250c673238258cd07f1a818a013785779b7f3097a9b919ebe4104,,2,4,1.0,0.75,0.5,0.75,0.5,0.75,0.744,0.5,False,0.5,0.4999999999999999,0.5,0.5000000000000001,1.0,1.0,plan-c,1.0,1.0,0.0,0.0,0,0,0,1000,1.0,4.572838264560242,0.0414459000021452,0.0,4.557772479073201e-05,fallback_bound,b53dc87a8edc80463dcddd8a92c98819e8f07fdd268b0ad818b8d4598ef23a9b,8.0,0.75,8.0,0.7415653755729036,2,2,0.375,0.0625,0.03125
non-private-reference,oracle,non-private,diagnostic,5,168af9c332c250c673238258cd07f1a818a013785779b7f3097a9b919ebe4104,,2,4,1.0,0.75,0.5,0.75,0.5,0.75,0.744,0.5,False,0.5,0.4999999999999999,0.5,0.5000000000000001,,,non-private,0.0,1.0,0.0,0.0,0,0,0,0,0.0,inf,0.0192932000063592,0.0007719797433812,0.0007719797433812,fallback_bound,b53dc87a8edc80463dcddd8a92c98819e8f07fdd268b0ad818b8d4598ef23a9b,8.0,0.75,8.0,0.7415653755729036,2,2,0.375,0.0625,0.03125
naive-claimed-c,this-work,unsafe-diagnostic,diagnostic,5,168af9c332c250c673238258cd07f1a818a013785779b7f3097a9b919ebe4104,,2,4,1.0,0.75,0.5,0.75,0.5,0.75,0.744,0.5,False,0.5,0.4999999999999999,0.5,0.5000000000000001,,2.0,unsafe-diagnostic,1.0,1.0,0.3752866972477064,0.6247133027522935,1309,1568,0,2877,1.0,4.708506310630503,0.0338389999960782,0.0001812838022615,0.0002209249427644,fallback_bound,b53dc87a8edc80463dcddd8a92c98819e8f07fdd268b0ad818b8d4598ef23a9b,8.0,0.75,8.0,0.7415653755729036,2,2,0.375,0.0625,0.03125
stable-local-fallback,this-work,user-certified,primary,6,168af9c332c250c673238258cd07f1a818a013785779b7f3097a9b919ebe4104,0.0,2,4,1.0,0.75,0.5,0.75,0.5,0.75,0.74,0.5,False,0.5,0.4999999999999999,0.5,0.5000000000000001,1.0,1.0,plan-c,1.0,1.0,0.0,1.0,0,1740,0,1740,1.0,2.6470371059832773,0.0246904000086942,0.0004989666391475,0.000489089886776,fallback_bound,b53dc87a8edc80463dcddd8a92c98819e8f07fdd268b0ad818b8d4598ef23a9b,8.0,0.75,8.0,0.7415653755729036,2,2,0.375,0.0625,0.03125
handle-only-drop-residual,this-work,user-certified,primary,6,168af9c332c250c673238258cd07f1a818a013785779b7f3097a9b919ebe4104,1.0,2,4,1.0,0.75,0.5,0.75,0.5,0.75,0.74,0.5,False,0.5,0.4999999999999999,0.5,0.5000000000000001,1.0,1.0,plan-c,1.0,0.3781609195402299,0.3781609195402299,0.0,1316,0,0,1316,1.0,4.601346964378938,0.0328045999922324,0.0003477443375569,0.0003508256269539,fallback_bound,b53dc87a8edc80463dcddd8a92c98819e8f07fdd268b0ad818b8d4598ef23a9b,8.0,0.75,8.0,0.7415653755729036,2,2,0.375,0.0625,0.03125
unitscope-equal,this-work,user-certified,primary,6,168af9c332c250c673238258cd07f1a818a013785779b7f3097a9b919ebe4104,0.3333333333333333,2,4,1.0,0.75,0.5,0.75,0.5,0.75,0.74,0.5,False,0.5,0.4999999999999999,0.5,0.5000000000000001,1.0,1.0,plan-c,1.0,1.0,0.3781609195402299,0.6218390804597701,1316,1557,0,2873,1.0,2.898259480351234,0.0400988000037614,0.0004596110884431,0.0004522194433924,fallback_bound,b53dc87a8edc80463dcddd8a92c98819e8f07fdd268b0ad818b8d4598ef23a9b,8.0,0.75,8.0,0.7415653755729036,2,2,0.375,0.0625,0.03125
unitscope-tuned,this-work,user-certified,primary,6,168af9c332c250c673238258cd07f1a818a013785779b7f3097a9b919ebe4104,0.75,2,4,1.0,0.75,0.5,0.75,0.5,0.75,0.74,0.5,False,0.5,0.4999999999999999,0.5,0.5000000000000001,1.0,1.0,plan-c,1.0,1.0,0.3781609195402299,0.6218390804597701,1316,1557,0,2873,1.0,3.922446037688324,0.0338258999981917,0.0003615076651246,0.0003606616041037,fallback_bound,b53dc87a8edc80463dcddd8a92c98819e8f07fdd268b0ad818b8d4598ef23a9b,8.0,0.75,8.0,0.7415653755729036,2,2,0.375,0.0625,0.03125
naive-recalibrated-2c,this-work,user-certified,primary,6,168af9c332c250c673238258cd07f1a818a013785779b7f3097a9b919ebe4104,,2,4,1.0,0.75,0.5,0.75,0.5,0.75,0.74,0.5,False,0.5,0.4999999999999999,0.5,0.5000000000000001,2.0,2.0,plan-delta,2.0,1.0,0.3781609195402299,0.6218390804597701,1316,1557,0,2873,1.0,3.285624213168977,0.0319067999953404,0.0001249998971735,0.0002146769945894,fallback_bound,b53dc87a8edc80463dcddd8a92c98819e8f07fdd268b0ad818b8d4598ef23a9b,8.0,0.75,8.0,0.7415653755729036,2,2,0.375,0.0625,0.03125
full-identity-reference,oracle,oracle-assumption,full-identity-reference,6,168af9c332c250c673238258cd07f1a818a013785779b7f3097a9b919ebe4104,,2,4,1.0,0.75,0.5,0.75,0.5,0.75,0.74,0.5,False,0.5,0.4999999999999999,0.5,0.5000000000000001,1.0,1.0,plan-c,1.0,1.0,0.0,0.0,0,0,0,1000,1.0,6.790644185865935,0.0401173999998718,0.0,2.826786766778013e-05,fallback_bound,b53dc87a8edc80463dcddd8a92c98819e8f07fdd268b0ad818b8d4598ef23a9b,8.0,0.75,8.0,0.7415653755729036,2,2,0.375,0.0625,0.03125
non-private-reference,oracle,non-private,diagnostic,6,168af9c332c250c673238258cd07f1a818a013785779b7f3097a9b919ebe4104,,2,4,1.0,0.75,0.5,0.75,0.5,0.75,0.74,0.5,False,0.5,0.4999999999999999,0.5,0.5000000000000001,,,non-private,0.0,1.0,0.0,0.0,0,0,0,0,0.0,inf,0.0190483000042149,0.0010544449245296,0.0010544449245296,fallback_bound,b53dc87a8edc80463dcddd8a92c98819e8f07fdd268b0ad818b8d4598ef23a9b,8.0,0.75,8.0,0.7415653755729036,2,2,0.375,0.0625,0.03125
naive-claimed-c,this-work,unsafe-diagnostic,diagnostic,6,168af9c332c250c673238258cd07f1a818a013785779b7f3097a9b919ebe4104,,2,4,1.0,0.75,0.5,0.75,0.5,0.75,0.74,0.5,False,0.5,0.4999999999999999,0.5,0.5000000000000001,,2.0,unsafe-diagnostic,1.0,1.0,0.3781609195402299,0.6218390804597701,1316,1557,0,2873,1.0,6.571248426337955,0.0317246000049635,0.0001249998971735,0.0001415705782137,fallback_bound,b53dc87a8edc80463dcddd8a92c98819e8f07fdd268b0ad818b8d4598ef23a9b,8.0,0.75,8.0,0.7415653755729036,2,2,0.375,0.0625,0.03125
stable-local-fallback,this-work,user-certified,primary,7,168af9c332c250c673238258cd07f1a818a013785779b7f3097a9b919ebe4104,0.0,2,4,1.0,0.75,0.5,0.75,0.5,0.75,0.753,0.5,False,0.5,0.4999999999999999,0.5,0.5000000000000001,1.0,1.0,plan-c,1.0,1.0,0.0,1.0,0,1753,0,1753,1.0,2.097189099607499,0.0229003999993437,0.0003381180013309,0.0003912739421287,fallback_bound,b53dc87a8edc80463dcddd8a92c98819e8f07fdd268b0ad818b8d4598ef23a9b,8.0,0.75,8.0,0.7415653755729036,2,2,0.375,0.0625,0.03125
handle-only-drop-residual,this-work,user-certified,primary,7,168af9c332c250c673238258cd07f1a818a013785779b7f3097a9b919ebe4104,1.0,2,4,1.0,0.75,0.5,0.75,0.5,0.75,0.753,0.5,False,0.5,0.4999999999999999,0.5,0.5000000000000001,1.0,1.0,plan-c,1.0,0.372219053051911,0.372219053051911,0.0,1305,0,0,1305,1.0,3.684470476427727,0.0314938999945297,0.0003114125743416,0.0004005378834063,fallback_bound,b53dc87a8edc80463dcddd8a92c98819e8f07fdd268b0ad818b8d4598ef23a9b,8.0,0.75,8.0,0.7415653755729036,2,2,0.375,0.0625,0.03125
unitscope-equal,this-work,user-certified,primary,7,168af9c332c250c673238258cd07f1a818a013785779b7f3097a9b919ebe4104,0.3333333333333333,2,4,1.0,0.75,0.5,0.75,0.5,0.75,0.753,0.5,False,0.5,0.4999999999999999,0.5,0.5000000000000001,1.0,1.0,plan-c,1.0,1.0,0.372219053051911,0.627780946948089,1305,1559,0,2864,1.0,2.3063491038437127,0.0339188000070862,0.0003252741588427,0.0003867174743091,fallback_bound,b53dc87a8edc80463dcddd8a92c98819e8f07fdd268b0ad818b8d4598ef23a9b,8.0,0.75,8.0,0.7415653755729036,2,2,0.375,0.0625,0.03125
unitscope-tuned,this-work,user-certified,primary,7,168af9c332c250c673238258cd07f1a818a013785779b7f3097a9b919ebe4104,0.75,2,4,1.0,0.75,0.5,0.75,0.5,0.75,0.753,0.5,False,0.5,0.4999999999999999,0.5,0.5000000000000001,1.0,1.0,plan-c,1.0,1.0,0.372219053051911,0.627780946948089,1305,1559,0,2864,1.0,3.1277163174505542,0.0531338000000687,0.000294354845657,0.0003730994071223,fallback_bound,b53dc87a8edc80463dcddd8a92c98819e8f07fdd268b0ad818b8d4598ef23a9b,8.0,0.75,8.0,0.7415653755729036,2,2,0.375,0.0625,0.03125
naive-recalibrated-2c,this-work,user-certified,primary,7,168af9c332c250c673238258cd07f1a818a013785779b7f3097a9b919ebe4104,,2,4,1.0,0.75,0.5,0.75,0.5,0.75,0.753,0.5,False,0.5,0.4999999999999999,0.5,0.5000000000000001,2.0,2.0,plan-delta,2.0,1.0,0.372219053051911,0.627780946948089,1305,1559,0,2864,1.0,2.612645709238164,0.0338477999903261,0.000157089083367,0.0003697815217658,fallback_bound,b53dc87a8edc80463dcddd8a92c98819e8f07fdd268b0ad818b8d4598ef23a9b,8.0,0.75,8.0,0.7415653755729036,2,2,0.375,0.0625,0.03125
full-identity-reference,oracle,oracle-assumption,full-identity-reference,7,168af9c332c250c673238258cd07f1a818a013785779b7f3097a9b919ebe4104,,2,4,1.0,0.75,0.5,0.75,0.5,0.75,0.753,0.5,False,0.5,0.4999999999999999,0.5,0.5000000000000001,1.0,1.0,plan-c,1.0,1.0,0.0,0.0,0,0,0,1000,1.0,5.269456490207377,0.0429385999887017,0.0,3.194533304464665e-05,fallback_bound,b53dc87a8edc80463dcddd8a92c98819e8f07fdd268b0ad818b8d4598ef23a9b,8.0,0.75,8.0,0.7415653755729036,2,2,0.375,0.0625,0.03125
non-private-reference,oracle,non-private,diagnostic,7,168af9c332c250c673238258cd07f1a818a013785779b7f3097a9b919ebe4104,,2,4,1.0,0.75,0.5,0.75,0.5,0.75,0.753,0.5,False,0.5,0.4999999999999999,0.5,0.5000000000000001,,,non-private,0.0,1.0,0.0,0.0,0,0,0,0,0.0,inf,0.0196329000027617,0.0008150035796582,0.0008150035796582,fallback_bound,b53dc87a8edc80463dcddd8a92c98819e8f07fdd268b0ad818b8d4598ef23a9b,8.0,0.75,8.0,0.7415653755729036,2,2,0.375,0.0625,0.03125
naive-claimed-c,this-work,unsafe-diagnostic,diagnostic,7,168af9c332c250c673238258cd07f1a818a013785779b7f3097a9b919ebe4104,,2,4,1.0,0.75,0.5,0.75,0.5,0.75,0.753,0.5,False,0.5,0.4999999999999999,0.5,0.5000000000000001,,2.0,unsafe-diagnostic,1.0,1.0,0.372219053051911,0.627780946948089,1305,1559,0,2864,1.0,5.225291418476328,0.03322169999592,0.000157089083367,0.0002314899695217,fallback_bound,b53dc87a8edc80463dcddd8a92c98819e8f07fdd268b0ad818b8d4598ef23a9b,8.0,0.75,8.0,0.7415653755729036,2,2,0.375,0.0625,0.03125
stable-local-fallback,this-work,user-certified,primary,8,168af9c332c250c673238258cd07f1a818a013785779b7f3097a9b919ebe4104,0.0,2,4,1.0,0.75,0.5,0.75,0.5,0.75,0.74,0.5,False,0.5,0.4999999999999999,0.5,0.5000000000000001,1.0,1.0,plan-c,1.0,1.0,0.0,1.0,0,1740,0,1740,1.0,2.400461040581966,0.0230591999861644,0.0004802408991836,0.0006349854692053,fallback_bound,b53dc87a8edc80463dcddd8a92c98819e8f07fdd268b0ad818b8d4598ef23a9b,8.0,0.75,8.0,0.7415653755729036,2,2,0.375,0.0625,0.03125
handle-only-drop-residual,this-work,user-certified,primary,8,168af9c332c250c673238258cd07f1a818a013785779b7f3097a9b919ebe4104,1.0,2,4,1.0,0.75,0.5,0.75,0.5,0.75,0.74,0.5,False,0.5,0.4999999999999999,0.5,0.5000000000000001,1.0,1.0,plan-c,1.0,0.3747126436781609,0.3747126436781609,0.0,1304,0,0,1304,1.0,4.614118132176231,0.0323515999916708,0.0002538776836328,0.0003685614958147,fallback_bound,b53dc87a8edc80463dcddd8a92c98819e8f07fdd268b0ad818b8d4598ef23a9b,8.0,0.75,8.0,0.7415653755729036,2,2,0.375,0.0625,0.03125
unitscope-equal,this-work,user-certified,primary,8,168af9c332c250c673238258cd07f1a818a013785779b7f3097a9b919ebe4104,0.3333333333333333,2,4,1.0,0.75,0.5,0.75,0.5,0.75,0.74,0.5,False,0.5,0.4999999999999999,0.5,0.5000000000000001,1.0,1.0,plan-c,1.0,1.0,0.3747126436781609,0.6252873563218391,1304,1545,0,2849,1.0,2.820901536956385,0.0328739999968092,0.000393762300136,0.0005453405490273,fallback_bound,b53dc87a8edc80463dcddd8a92c98819e8f07fdd268b0ad818b8d4598ef23a9b,8.0,0.75,8.0,0.7415653755729036,2,2,0.375,0.0625,0.03125
unitscope-tuned,this-work,user-certified,primary,8,168af9c332c250c673238258cd07f1a818a013785779b7f3097a9b919ebe4104,0.75,2,4,1.0,0.75,0.5,0.75,0.5,0.75,0.74,0.5,False,0.5,0.4999999999999999,0.5,0.5000000000000001,1.0,1.0,plan-c,1.0,1.0,0.3747126436781609,0.6252873563218391,1304,1545,0,2849,1.0,3.9146479124332334,0.0351872000028379,0.0002687791386693,0.0003972983646172,fallback_bound,b53dc87a8edc80463dcddd8a92c98819e8f07fdd268b0ad818b8d4598ef23a9b,8.0,0.75,8.0,0.7415653755729036,2,2,0.375,0.0625,0.03125
naive-recalibrated-2c,this-work,user-certified,primary,8,168af9c332c250c673238258cd07f1a818a013785779b7f3097a9b919ebe4104,,2,4,1.0,0.75,0.5,0.75,0.5,0.75,0.74,0.5,False,0.5,0.4999999999999999,0.5,0.5000000000000001,2.0,2.0,plan-delta,2.0,1.0,0.3747126436781609,0.6252873563218391,1304,1545,0,2849,1.0,3.2431345261608,0.0332887999975355,0.000138125567548,0.0003167618089918,fallback_bound,b53dc87a8edc80463dcddd8a92c98819e8f07fdd268b0ad818b8d4598ef23a9b,8.0,0.75,8.0,0.7415653755729036,2,2,0.375,0.0625,0.03125
full-identity-reference,oracle,oracle-assumption,full-identity-reference,8,168af9c332c250c673238258cd07f1a818a013785779b7f3097a9b919ebe4104,,2,4,1.0,0.75,0.5,0.75,0.5,0.75,0.74,0.5,False,0.5,0.4999999999999999,0.5,0.5000000000000001,1.0,1.0,plan-c,1.0,1.0,0.0,0.0,0,0,0,1000,1.0,5.864605105890776,0.0408624999981839,0.0,3.888141977657693e-05,fallback_bound,b53dc87a8edc80463dcddd8a92c98819e8f07fdd268b0ad818b8d4598ef23a9b,8.0,0.75,8.0,0.7415653755729036,2,2,0.375,0.0625,0.03125
non-private-reference,oracle,non-private,diagnostic,8,168af9c332c250c673238258cd07f1a818a013785779b7f3097a9b919ebe4104,,2,4,1.0,0.75,0.5,0.75,0.5,0.75,0.74,0.5,False,0.5,0.4999999999999999,0.5,0.5000000000000001,,,non-private,0.0,1.0,0.0,0.0,0,0,0,0,0.0,inf,0.0189027000014903,0.0013100686235273,0.0013100686235273,fallback_bound,b53dc87a8edc80463dcddd8a92c98819e8f07fdd268b0ad818b8d4598ef23a9b,8.0,0.75,8.0,0.7415653755729036,2,2,0.375,0.0625,0.03125
naive-claimed-c,this-work,unsafe-diagnostic,diagnostic,8,168af9c332c250c673238258cd07f1a818a013785779b7f3097a9b919ebe4104,,2,4,1.0,0.75,0.5,0.75,0.5,0.75,0.74,0.5,False,0.5,0.4999999999999999,0.5,0.5000000000000001,,2.0,unsafe-diagnostic,1.0,1.0,0.3747126436781609,0.6252873563218391,1304,1545,0,2849,1.0,6.4862690523216,0.0325341999996453,0.000138125567548,0.0001885622684933,fallback_bound,b53dc87a8edc80463dcddd8a92c98819e8f07fdd268b0ad818b8d4598ef23a9b,8.0,0.75,8.0,0.7415653755729036,2,2,0.375,0.0625,0.03125
stable-local-fallback,this-work,user-certified,primary,9,168af9c332c250c673238258cd07f1a818a013785779b7f3097a9b919ebe4104,0.0,2,4,1.0,0.75,0.5,0.75,0.5,0.75,0.727,0.5,False,0.5,0.4999999999999999,0.5,0.5000000000000001,1.0,1.0,plan-c,1.0,1.0,0.0,1.0,0,1727,0,1727,1.0,2.2330993149668736,0.0223432999919168,0.0003542774961372,0.0003945310423406,fallback_bound,b53dc87a8edc80463dcddd8a92c98819e8f07fdd268b0ad818b8d4598ef23a9b,8.0,0.75,8.0,0.7415653755729036,2,2,0.375,0.0625,0.03125
handle-only-drop-residual,this-work,user-certified,primary,9,168af9c332c250c673238258cd07f1a818a013785779b7f3097a9b919ebe4104,1.0,2,4,1.0,0.75,0.5,0.75,0.5,0.75,0.727,0.5,False,0.5,0.4999999999999999,0.5,0.5000000000000001,1.0,1.0,plan-c,1.0,0.3755066589461494,0.3755066589461494,0.0,1297,0,0,1297,1.0,4.04575181643008,0.0313910999975632,0.0004088078141732,0.0004599389856065,fallback_bound,b53dc87a8edc80463dcddd8a92c98819e8f07fdd268b0ad818b8d4598ef23a9b,8.0,0.75,8.0,0.7415653755729036,2,2,0.375,0.0625,0.03125
unitscope-equal,this-work,user-certified,primary,9,168af9c332c250c673238258cd07f1a818a013785779b7f3097a9b919ebe4104,0.3333333333333333,2,4,1.0,0.75,0.5,0.75,0.5,0.75,0.727,0.5,False,0.5,0.4999999999999999,0.5,0.5000000000000001,1.0,1.0,plan-c,1.0,1.0,0.3755066589461494,0.6244933410538506,1297,1540,0,2837,1.0,2.4794647595011585,0.0348673999978927,0.0003392358068723,0.0003796221903749,fallback_bound,b53dc87a8edc80463dcddd8a92c98819e8f07fdd268b0ad818b8d4598ef23a9b,8.0,0.75,8.0,0.7415653755729036,2,2,0.375,0.0625,0.03125
unitscope-tuned,this-work,user-certified,primary,9,168af9c332c250c673238258cd07f1a818a013785779b7f3097a9b919ebe4104,0.75,2,4,1.0,0.75,0.5,0.75,0.5,0.75,0.727,0.5,False,0.5,0.4999999999999999,0.5,0.5000000000000001,1.0,1.0,plan-c,1.0,1.0,0.3755066589461494,0.6244933410538506,1297,1540,0,2837,1.0,3.394845171063876,0.0338119999942136,0.0003533169943073,0.0004004188702666,fallback_bound,b53dc87a8edc80463dcddd8a92c98819e8f07fdd268b0ad818b8d4598ef23a9b,8.0,0.75,8.0,0.7415653755729036,2,2,0.375,0.0625,0.03125
naive-recalibrated-2c,this-work,user-certified,primary,9,168af9c332c250c673238258cd07f1a818a013785779b7f3097a9b919ebe4104,,2,4,1.0,0.75,0.5,0.75,0.5,0.75,0.727,0.5,False,0.5,0.4999999999999999,0.5,0.5000000000000001,2.0,2.0,plan-delta,2.0,1.0,0.3755066589461494,0.6244933410538506,1297,1540,0,2837,1.0,2.80970416956722,0.0330168000073172,0.0001973322068933,0.0003415928488972,fallback_bound,b53dc87a8edc80463dcddd8a92c98819e8f07fdd268b0ad818b8d4598ef23a9b,8.0,0.75,8.0,0.7415653755729036,2,2,0.375,0.0625,0.03125
full-identity-reference,oracle,oracle-assumption,full-identity-reference,9,168af9c332c250c673238258cd07f1a818a013785779b7f3097a9b919ebe4104,,2,4,1.0,0.75,0.5,0.75,0.5,0.75,0.727,0.5,False,0.5,0.4999999999999999,0.5,0.5000000000000001,1.0,1.0,plan-c,1.0,1.0,0.0,0.0,0,0,0,1000,1.0,5.648362060019918,0.0410847000021021,0.0,2.909586366824385e-05,fallback_bound,b53dc87a8edc80463dcddd8a92c98819e8f07fdd268b0ad818b8d4598ef23a9b,8.0,0.75,8.0,0.7415653755729036,2,2,0.375,0.0625,0.03125
non-private-reference,oracle,non-private,diagnostic,9,168af9c332c250c673238258cd07f1a818a013785779b7f3097a9b919ebe4104,,2,4,1.0,0.75,0.5,0.75,0.5,0.75,0.727,0.5,False,0.5,0.4999999999999999,0.5,0.5000000000000001,,,non-private,0.0,1.0,0.0,0.0,0,0,0,0,0.0,inf,0.0197683000005781,0.0008195914157725,0.0008195914157725,fallback_bound,b53dc87a8edc80463dcddd8a92c98819e8f07fdd268b0ad818b8d4598ef23a9b,8.0,0.75,8.0,0.7415653755729036,2,2,0.375,0.0625,0.03125
naive-claimed-c,this-work,unsafe-diagnostic,diagnostic,9,168af9c332c250c673238258cd07f1a818a013785779b7f3097a9b919ebe4104,,2,4,1.0,0.75,0.5,0.75,0.5,0.75,0.727,0.5,False,0.5,0.4999999999999999,0.5,0.5000000000000001,,2.0,unsafe-diagnostic,1.0,1.0,0.3755066589461494,0.6244933410538506,1297,1540,0,2837,1.0,5.619408339134439,0.0331073999986983,0.0001973322068933,0.000240366664227,fallback_bound,b53dc87a8edc80463dcddd8a92c98819e8f07fdd268b0ad818b8d4598ef23a9b,8.0,0.75,8.0,0.7415653755729036,2,2,0.375,0.0625,0.03125
stable-local-fallback,this-work,user-certified,primary,0,168af9c332c250c673238258cd07f1a818a013785779b7f3097a9b919ebe4104,0.0,2,4,1.0,0.75,0.5,0.75,0.5,0.75,0.753,0.5,True,0.5,0.4999999999999999,0.5,0.5000000000000001,1.0,1.0,plan-c,1.0,1.0,0.0,1.0,0,0,1753,1753,1.0,1.0324489149043825,0.0231208000041078,0.0008428226874777,0.0009042086441087,fallback_bound,3a7303b294e436411fe14140c02502ad2dbe10eacd21f02beb37957820312245,8.0,0.75,8.0,0.7415653755729036,2,2,0.375,0.0625,0.03125
handle-only-drop-residual,this-work,user-certified,primary,0,168af9c332c250c673238258cd07f1a818a013785779b7f3097a9b919ebe4104,1.0,2,4,1.0,0.75,0.5,0.75,0.5,0.75,0.753,0.5,True,0.5,0.4999999999999999,0.5,0.5000000000000001,1.0,1.0,plan-c,1.0,0.376782658300057,0.376782658300057,0.0,1321,0,0,1321,1.0,3.818124340697683,0.0336249000101815,0.0003747781612295,0.0004285884934897,fallback_bound,3a7303b294e436411fe14140c02502ad2dbe10eacd21f02beb37957820312245,8.0,0.75,8.0,0.7415653755729036,2,2,0.375,0.0625,0.03125
unitscope-equal,this-work,user-certified,primary,0,168af9c332c250c673238258cd07f1a818a013785779b7f3097a9b919ebe4104,0.3333333333333333,2,4,1.0,0.75,0.5,0.75,0.5,0.75,0.753,0.5,True,0.5,0.4999999999999999,0.5,0.5000000000000001,1.0,1.0,plan-c,1.0,1.0,0.376782658300057,0.6232173416999429,1321,0,1551,2872,1.0,1.7896778043189248,0.0551654999871971,0.0006266235826962,0.0006842837886865,fallback_bound,3a7303b294e436411fe14140c02502ad2dbe10eacd21f02beb37957820312245,8.0,0.75,8.0,0.7415653755729036,2,2,0.375,0.0625,0.03125
unitscope-tuned,this-work,user-certified,primary,0,168af9c332c250c673238258cd07f1a818a013785779b7f3097a9b919ebe4104,0.75,2,4,1.0,0.75,0.5,0.75,0.5,0.75,0.753,0.5,True,0.5,0.4999999999999999,0.5,0.5000000000000001,1.0,1.0,plan-c,1.0,1.0,0.376782658300057,0.6232173416999429,1321,0,1551,2872,1.0,3.0452444756008825,0.0335537000064505,0.0004236864780151,0.0004789405129241,fallback_bound,3a7303b294e436411fe14140c02502ad2dbe10eacd21f02beb37957820312245,8.0,0.75,8.0,0.7415653755729036,2,2,0.375,0.0625,0.03125
naive-recalibrated-2c,this-work,user-certified,primary,0,168af9c332c250c673238258cd07f1a818a013785779b7f3097a9b919ebe4104,,2,4,1.0,0.75,0.5,0.75,0.5,0.75,0.753,0.5,True,0.5,0.4999999999999999,0.5,0.5000000000000001,2.0,2.0,plan-delta,2.0,1.0,0.376782658300057,0.6232173416999429,1321,0,1551,2872,1.0,2.283772920444903,0.0314442999952007,0.000237399682529,0.0004281865012682,fallback_bound,3a7303b294e436411fe14140c02502ad2dbe10eacd21f02beb37957820312245,8.0,0.75,8.0,0.7415653755729036,2,2,0.375,0.0625,0.03125
full-identity-reference,oracle,oracle-assumption,full-identity-reference,0,168af9c332c250c673238258cd07f1a818a013785779b7f3097a9b919ebe4104,,2,4,1.0,0.75,0.5,0.75,0.5,0.75,0.753,0.5,True,0.5,0.4999999999999999,0.5,0.5000000000000001,1.0,1.0,plan-c,1.0,1.0,0.0,0.0,0,0,0,1000,1.0,5.3919700659430765,0.0403835000033723,0.0,4.382932526256053e-05,fallback_bound,3a7303b294e436411fe14140c02502ad2dbe10eacd21f02beb37957820312245,8.0,0.75,8.0,0.7415653755729036,2,2,0.375,0.0625,0.03125
non-private-reference,oracle,non-private,diagnostic,0,168af9c332c250c673238258cd07f1a818a013785779b7f3097a9b919ebe4104,,2,4,1.0,0.75,0.5,0.75,0.5,0.75,0.753,0.5,True,0.5,0.4999999999999999,0.5,0.5000000000000001,,,non-private,0.0,1.0,0.0,0.0,0,0,0,0,0.0,inf,0.019014600009541,0.0009896145859756,0.0009896145859756,fallback_bound,3a7303b294e436411fe14140c02502ad2dbe10eacd21f02beb37957820312245,8.0,0.75,8.0,0.7415653755729036,2,2,0.375,0.0625,0.03125
naive-claimed-c,this-work,unsafe-diagnostic,diagnostic,0,168af9c332c250c673238258cd07f1a818a013785779b7f3097a9b919ebe4104,,2,4,1.0,0.75,0.5,0.75,0.5,0.75,0.753,0.5,True,0.5,0.4999999999999999,0.5,0.5000000000000001,,2.0,unsafe-diagnostic,1.0,1.0,0.376782658300057,0.6232173416999429,1321,0,1551,2872,1.0,4.567545840889806,0.0324306999973487,0.000237399682529,0.000288963766636,fallback_bound,3a7303b294e436411fe14140c02502ad2dbe10eacd21f02beb37957820312245,8.0,0.75,8.0,0.7415653755729036,2,2,0.375,0.0625,0.03125
stable-local-fallback,this-work,user-certified,primary,1,168af9c332c250c673238258cd07f1a818a013785779b7f3097a9b919ebe4104,0.0,2,4,1.0,0.75,0.5,0.75,0.5,0.75,0.747,0.5,True,0.5,0.4999999999999999,0.5,0.5000000000000001,1.0,1.0,plan-c,1.0,1.0,0.0,1.0,0,0,1747,1747,1.0,1.0796907136534863,0.022934399996302,0.0006932251246979,0.0007429983470261,fallback_bound,3a7303b294e436411fe14140c02502ad2dbe10eacd21f02beb37957820312245,8.0,0.75,8.0,0.7415653755729036,2,2,0.375,0.0625,0.03125
handle-only-drop-residual,this-work,user-certified,primary,1,168af9c332c250c673238258cd07f1a818a013785779b7f3097a9b919ebe4104,1.0,2,4,1.0,0.75,0.5,0.75,0.5,0.75,0.747,0.5,True,0.5,0.4999999999999999,0.5,0.5000000000000001,1.0,1.0,plan-c,1.0,0.3777904979965655,0.3777904979965655,0.0,1320,0,0,1320,1.0,4.049792358551845,0.0326536000065971,0.0004679587074854,0.0005397622034925,fallback_bound,3a7303b294e436411fe14140c02502ad2dbe10eacd21f02beb37957820312245,8.0,0.75,8.0,0.7415653755729036,2,2,0.375,0.0625,0.03125
unitscope-equal,this-work,user-certified,primary,1,168af9c332c250c673238258cd07f1a818a013785779b7f3097a9b919ebe4104,0.3333333333333333,2,4,1.0,0.75,0.5,0.75,0.5,0.75,0.747,0.5,True,0.5,0.4999999999999999,0.5,0.5000000000000001,1.0,1.0,plan-c,1.0,1.0,0.3777904979965655,0.6222095020034345,1320,0,1540,2860,1.0,1.888326269553744,0.0322978999902261,0.0005436403537385,0.0005993120519523,fallback_bound,3a7303b294e436411fe14140c02502ad2dbe10eacd21f02beb37957820312245,8.0,0.75,8.0,0.7415653755729036,2,2,0.375,0.0625,0.03125
unitscope-tuned,this-work,user-certified,primary,1,168af9c332c250c673238258cd07f1a818a013785779b7f3097a9b919ebe4104,0.75,2,4,1.0,0.75,0.5,0.75,0.5,0.75,0.747,0.5,True,0.5,0.4999999999999999,0.5,0.5000000000000001,1.0,1.0,plan-c,1.0,1.0,0.3777904979965655,0.6222095020034345,1320,0,1540,2860,1.0,3.2161314778015906,0.0345481000113068,0.0004564208281889,0.0005221749000235,fallback_bound,3a7303b294e436411fe14140c02502ad2dbe10eacd21f02beb37957820312245,8.0,0.75,8.0,0.7415653755729036,2,2,0.375,0.0625,0.03125
naive-recalibrated-2c,this-work,user-certified,primary,1,168af9c332c250c673238258cd07f1a818a013785779b7f3097a9b919ebe4104,,2,4,1.0,0.75,0.5,0.75,0.5,0.75,0.747,0.5,True,0.5,0.4999999999999999,0.5,0.5000000000000001,2.0,2.0,plan-delta,2.0,1.0,0.3777904979965655,0.6222095020034345,1320,0,1540,2860,1.0,2.4039958515537854,0.0353618999943137,0.0003104292746152,0.0005100997439926,fallback_bound,3a7303b294e436411fe14140c02502ad2dbe10eacd21f02beb37957820312245,8.0,0.75,8.0,0.7415653755729036,2,2,0.375,0.0625,0.03125
full-identity-reference,oracle,oracle-assumption,full-identity-reference,1,168af9c332c250c673238258cd07f1a818a013785779b7f3097a9b919ebe4104,,2,4,1.0,0.75,0.5,0.75,0.5,0.75,0.747,0.5,True,0.5,0.4999999999999999,0.5,0.5000000000000001,1.0,1.0,plan-c,1.0,1.0,0.0,0.0,0,0,0,1000,1.0,5.709739005623294,0.0422667999955592,0.0,3.2084292219098765e-05,fallback_bound,3a7303b294e436411fe14140c02502ad2dbe10eacd21f02beb37957820312245,8.0,0.75,8.0,0.7415653755729036,2,2,0.375,0.0625,0.03125
non-private-reference,oracle,non-private,diagnostic,1,168af9c332c250c673238258cd07f1a818a013785779b7f3097a9b919ebe4104,,2,4,1.0,0.75,0.5,0.75,0.5,0.75,0.747,0.5,True,0.5,0.4999999999999999,0.5,0.5000000000000001,,,non-private,0.0,1.0,0.0,0.0,0,0,0,0,0.0,inf,0.0191272000083699,0.0007473834350982,0.0007473834350982,fallback_bound,3a7303b294e436411fe14140c02502ad2dbe10eacd21f02beb37957820312245,8.0,0.75,8.0,0.7415653755729036,2,2,0.375,0.0625,0.03125
naive-claimed-c,this-work,unsafe-diagnostic,diagnostic,1,168af9c332c250c673238258cd07f1a818a013785779b7f3097a9b919ebe4104,,2,4,1.0,0.75,0.5,0.75,0.5,0.75,0.747,0.5,True,0.5,0.4999999999999999,0.5,0.5000000000000001,,2.0,unsafe-diagnostic,1.0,1.0,0.3777904979965655,0.6222095020034345,1320,0,1540,2860,1.0,4.807991703107571,0.0523279999906662,0.0003104292746152,0.0003781802170848,fallback_bound,3a7303b294e436411fe14140c02502ad2dbe10eacd21f02beb37957820312245,8.0,0.75,8.0,0.7415653755729036,2,2,0.375,0.0625,0.03125
stable-local-fallback,this-work,user-certified,primary,2,168af9c332c250c673238258cd07f1a818a013785779b7f3097a9b919ebe4104,0.0,2,4,1.0,0.75,0.5,0.75,0.5,0.75,0.747,0.5,True,0.5,0.4999999999999999,0.5,0.5000000000000001,1.0,1.0,plan-c,1.0,1.0,0.0,1.0,0,0,1747,1747,1.0,1.0415597789159912,0.0239699999947333,0.0006232759334675,0.0007288449843958,fallback_bound,3a7303b294e436411fe14140c02502ad2dbe10eacd21f02beb37957820312245,8.0,0.75,8.0,0.7415653755729036,2,2,0.375,0.0625,0.03125
handle-only-drop-residual,this-work,user-certified,primary,2,168af9c332c250c673238258cd07f1a818a013785779b7f3097a9b919ebe4104,1.0,2,4,1.0,0.75,0.5,0.75,0.5,0.75,0.747,0.5,True,0.5,0.4999999999999999,0.5,0.5000000000000001,1.0,1.0,plan-c,1.0,0.3737836290784201,0.3737836290784201,0.0,1306,0,0,1306,1.0,3.597003782480754,0.0341840000037336,0.0003826957206673,0.0004624847009716,fallback_bound,3a7303b294e436411fe14140c02502ad2dbe10eacd21f02beb37957820312245,8.0,0.75,8.0,0.7415653755729036,2,2,0.375,0.0625,0.03125
unitscope-equal,this-work,user-certified,primary,2,168af9c332c250c673238258cd07f1a818a013785779b7f3097a9b919ebe4104,0.3333333333333333,2,4,1.0,0.75,0.5,0.75,0.5,0.75,0.747,0.5,True,0.5,0.4999999999999999,0.5,0.5000000000000001,1.0,1.0,plan-c,1.0,1.0,0.3737836290784201,0.6262163709215799,1306,0,1579,2885,1.0,1.7165301899126406,0.0334930999961216,0.0004925470844666,0.000591767546822,fallback_bound,3a7303b294e436411fe14140c02502ad2dbe10eacd21f02beb37957820312245,8.0,0.75,8.0,0.7415653755729036,2,2,0.375,0.0625,0.03125
unitscope-tuned,this-work,user-certified,primary,2,168af9c332c250c673238258cd07f1a818a013785779b7f3097a9b919ebe4104,0.75,2,4,1.0,0.75,0.5,0.75,0.5,0.75,0.747,0.5,True,0.5,0.4999999999999999,0.5,0.5000000000000001,1.0,1.0,plan-c,1.0,1.0,0.3737836290784201,0.6262163709215799,1306,0,1579,2885,1.0,2.874925649500696,0.0356298999977298,0.0003914027736709,0.0004784785597443,fallback_bound,3a7303b294e436411fe14140c02502ad2dbe10eacd21f02beb37957820312245,8.0,0.75,8.0,0.7415653755729036,2,2,0.375,0.0625,0.03125
naive-recalibrated-2c,this-work,user-certified,primary,2,168af9c332c250c673238258cd07f1a818a013785779b7f3097a9b919ebe4104,,2,4,1.0,0.75,0.5,0.75,0.5,0.75,0.747,0.5,True,0.5,0.4999999999999999,0.5,0.5000000000000001,2.0,2.0,plan-delta,2.0,1.0,0.3737836290784201,0.6262163709215799,1306,0,1579,2885,1.0,2.168746894205748,0.033314899992547,0.0002500222252221,0.0004493126696518,fallback_bound,3a7303b294e436411fe14140c02502ad2dbe10eacd21f02beb37957820312245,8.0,0.75,8.0,0.7415653755729036,2,2,0.375,0.0625,0.03125
full-identity-reference,oracle,oracle-assumption,full-identity-reference,2,168af9c332c250c673238258cd07f1a818a013785779b7f3097a9b919ebe4104,,2,4,1.0,0.75,0.5,0.75,0.5,0.75,0.747,0.5,True,0.5,0.4999999999999999,0.5,0.5000000000000001,1.0,1.0,plan-c,1.0,1.0,0.0,0.0,0,0,0,1000,1.0,5.22654729687365,0.0399134000035701,0.0,3.507377284459695e-05,fallback_bound,3a7303b294e436411fe14140c02502ad2dbe10eacd21f02beb37957820312245,8.0,0.75,8.0,0.7415653755729036,2,2,0.375,0.0625,0.03125
non-private-reference,oracle,non-private,diagnostic,2,168af9c332c250c673238258cd07f1a818a013785779b7f3097a9b919ebe4104,,2,4,1.0,0.75,0.5,0.75,0.5,0.75,0.747,0.5,True,0.5,0.4999999999999999,0.5,0.5000000000000001,,,non-private,0.0,1.0,0.0,0.0,0,0,0,0,0.0,inf,0.0193408000050112,0.0008851428222059,0.0008851428222059,fallback_bound,3a7303b294e436411fe14140c02502ad2dbe10eacd21f02beb37957820312245,8.0,0.75,8.0,0.7415653755729036,2,2,0.375,0.0625,0.03125
naive-claimed-c,this-work,unsafe-diagnostic,diagnostic,2,168af9c332c250c673238258cd07f1a818a013785779b7f3097a9b919ebe4104,,2,4,1.0,0.75,0.5,0.75,0.5,0.75,0.747,0.5,True,0.5,0.4999999999999999,0.5,0.5000000000000001,,2.0,unsafe-diagnostic,1.0,1.0,0.3737836290784201,0.6262163709215799,1306,0,1579,2885,1.0,4.337493788411496,0.0327614999987417,0.0002500222252221,0.0003145936745923,fallback_bound,3a7303b294e436411fe14140c02502ad2dbe10eacd21f02beb37957820312245,8.0,0.75,8.0,0.7415653755729036,2,2,0.375,0.0625,0.03125
stable-local-fallback,this-work,user-certified,primary,3,168af9c332c250c673238258cd07f1a818a013785779b7f3097a9b919ebe4104,0.0,2,4,1.0,0.75,0.5,0.75,0.5,0.75,0.741,0.5,True,0.5,0.4999999999999999,0.5,0.5000000000000001,1.0,1.0,plan-c,1.0,1.0,0.0,1.0,0,0,1741,1741,1.0,1.133338151974923,0.0233868000068468,0.0006662424099627,0.0006871956713385,fallback_bound,3a7303b294e436411fe14140c02502ad2dbe10eacd21f02beb37957820312245,8.0,0.75,8.0,0.7415653755729036,2,2,0.375,0.0625,0.03125
handle-only-drop-residual,this-work,user-certified,primary,3,168af9c332c250c673238258cd07f1a818a013785779b7f3097a9b919ebe4104,1.0,2,4,1.0,0.75,0.5,0.75,0.5,0.75,0.741,0.5,True,0.5,0.4999999999999999,0.5,0.5000000000000001,1.0,1.0,plan-c,1.0,0.3767949454336588,0.3767949454336588,0.0,1312,0,0,1312,1.0,4.082654246670134,0.0334527999948477,0.0003693225038897,0.0003984222846491,fallback_bound,3a7303b294e436411fe14140c02502ad2dbe10eacd21f02beb37957820312245,8.0,0.75,8.0,0.7415653755729036,2,2,0.375,0.0625,0.03125
unitscope-equal,this-work,user-certified,primary,3,168af9c332c250c673238258cd07f1a818a013785779b7f3097a9b919ebe4104,0.3333333333333333,2,4,1.0,0.75,0.5,0.75,0.5,0.75,0.741,0.5,True,0.5,0.4999999999999999,0.5,0.5000000000000001,1.0,1.0,plan-c,1.0,1.0,0.3767949454336588,0.6232050545663412,1312,0,1550,2862,1.0,1.8956358745560509,0.0504616999969584,0.0005128611161283,0.0005369713422435,fallback_bound,3a7303b294e436411fe14140c02502ad2dbe10eacd21f02beb37957820312245,8.0,0.75,8.0,0.7415653755729036,2,2,0.375,0.0625,0.03125
unitscope-tuned,this-work,user-certified,primary,3,168af9c332c250c673238258cd07f1a818a013785779b7f3097a9b919ebe4104,0.75,2,4,1.0,0.75,0.5,0.75,0.5,0.75,0.741,0.5,True,0.5,0.4999999999999999,0.5,0.5000000000000001,1.0,1.0,plan-c,1.0,1.0,0.3767949454336588,0.6232050545663412,1312,0,1550,2862,1.0,3.2430149906816608,0.0323968000011518,0.0003839062681532,0.000411134965921,fallback_bound,3a7303b294e436411fe14140c02502ad2dbe10eacd21f02beb37957820312245,8.0,0.75,8.0,0.7415653755729036,2,2,0.375,0.0625,0.03125
naive-recalibrated-2c,this-work,user-certified,primary,3,168af9c332c250c673238258cd07f1a818a013785779b7f3097a9b919ebe4104,,2,4,1.0,0.75,0.5,0.75,0.5,0.75,0.741,0.5,True,0.5,0.4999999999999999,0.5,0.5000000000000001,2.0,2.0,plan-delta,2.0,1.0,0.3767949454336588,0.6232050545663412,1312,0,1550,2862,1.0,2.421517391094291,0.0324283000081777,0.0002306270932153,0.0003543351241609,fallback_bound,3a7303b294e436411fe14140c02502ad2dbe10eacd21f02beb37957820312245,8.0,0.75,8.0,0.7415653755729036,2,2,0.375,0.0625,0.03125
full-identity-reference,oracle,oracle-assumption,full-identity-reference,3,168af9c332c250c673238258cd07f1a818a013785779b7f3097a9b919ebe4104,,2,4,1.0,0.75,0.5,0.75,0.5,0.75,0.741,0.5,True,0.5,0.4999999999999999,0.5,0.5000000000000001,1.0,1.0,plan-c,1.0,1.0,0.0,0.0,0,0,0,1000,1.0,5.7212359014939125,0.0409166999888839,0.0,3.144656992614111e-05,fallback_bound,3a7303b294e436411fe14140c02502ad2dbe10eacd21f02beb37957820312245,8.0,0.75,8.0,0.7415653755729036,2,2,0.375,0.0625,0.03125
non-private-reference,oracle,non-private,diagnostic,3,168af9c332c250c673238258cd07f1a818a013785779b7f3097a9b919ebe4104,,2,4,1.0,0.75,0.5,0.75,0.5,0.75,0.741,0.5,True,0.5,0.4999999999999999,0.5,0.5000000000000001,,,non-private,0.0,1.0,0.0,0.0,0,0,0,0,0.0,inf,0.0193282999971415,0.000878462574273,0.000878462574273,fallback_bound,3a7303b294e436411fe14140c02502ad2dbe10eacd21f02beb37957820312245,8.0,0.75,8.0,0.7415653755729036,2,2,0.375,0.0625,0.03125
naive-claimed-c,this-work,unsafe-diagnostic,diagnostic,3,168af9c332c250c673238258cd07f1a818a013785779b7f3097a9b919ebe4104,,2,4,1.0,0.75,0.5,0.75,0.5,0.75,0.741,0.5,True,0.5,0.4999999999999999,0.5,0.5000000000000001,,2.0,unsafe-diagnostic,1.0,1.0,0.3767949454336588,0.6232050545663412,1312,0,1550,2862,1.0,4.843034782188582,0.032780499997898,0.0002306270932153,0.0002610345387619,fallback_bound,3a7303b294e436411fe14140c02502ad2dbe10eacd21f02beb37957820312245,8.0,0.75,8.0,0.7415653755729036,2,2,0.375,0.0625,0.03125
stable-local-fallback,this-work,user-certified,primary,4,168af9c332c250c673238258cd07f1a818a013785779b7f3097a9b919ebe4104,0.0,2,4,1.0,0.75,0.5,0.75,0.5,0.75,0.773,0.5,True,0.5,0.4999999999999999,0.5,0.5000000000000001,1.0,1.0,plan-c,1.0,1.0,0.0,1.0,0,0,1773,1773,1.0,1.014702729967675,0.0236414999963017,0.0006025378957483,0.0005982535684787,fallback_bound,3a7303b294e436411fe14140c02502ad2dbe10eacd21f02beb37957820312245,8.0,0.75,8.0,0.7415653755729036,2,2,0.375,0.0625,0.03125
handle-only-drop-residual,this-work,user-certified,primary,4,168af9c332c250c673238258cd07f1a818a013785779b7f3097a9b919ebe4104,1.0,2,4,1.0,0.75,0.5,0.75,0.5,0.75,0.773,0.5,True,0.5,0.4999999999999999,0.5,0.5000000000000001,1.0,1.0,plan-c,1.0,0.3767625493513818,0.3767625493513818,0.0,1336,0,0,1336,1.0,3.9241146350253375,0.0328325000009499,0.0003700013493819,0.0003690793531759,fallback_bound,3a7303b294e436411fe14140c02502ad2dbe10eacd21f02beb37957820312245,8.0,0.75,8.0,0.7415653755729036,2,2,0.375,0.0625,0.03125
unitscope-equal,this-work,user-certified,primary,4,168af9c332c250c673238258cd07f1a818a013785779b7f3097a9b919ebe4104,0.3333333333333333,2,4,1.0,0.75,0.5,0.75,0.5,0.75,0.773,0.5,True,0.5,0.4999999999999999,0.5,0.5000000000000001,1.0,1.0,plan-c,1.0,1.0,0.3767625493513818,0.6232374506486181,1336,0,1569,2905,1.0,1.7725173308561069,0.0334612000006018,0.0004622713262251,0.0004580640182764,fallback_bound,3a7303b294e436411fe14140c02502ad2dbe10eacd21f02beb37957820312245,8.0,0.75,8.0,0.7415653755729036,2,2,0.375,0.0625,0.03125
unitscope-tuned,this-work,user-certified,primary,4,168af9c332c250c673238258cd07f1a818a013785779b7f3097a9b919ebe4104,0.75,2,4,1.0,0.75,0.5,0.75,0.5,0.75,0.773,0.5,True,0.5,0.4999999999999999,0.5,0.5000000000000001,1.0,1.0,plan-c,1.0,1.0,0.3767625493513818,0.6232374506486181,1336,0,1569,2905,1.0,3.0992216693304564,0.0334690000017872,0.0003632884410169,0.0003611344529074,fallback_bound,3a7303b294e436411fe14140c02502ad2dbe10eacd21f02beb37957820312245,8.0,0.75,8.0,0.7415653755729036,2,2,0.375,0.0625,0.03125
naive-recalibrated-2c,this-work,user-certified,primary,4,168af9c332c250c673238258cd07f1a818a013785779b7f3097a9b919ebe4104,,2,4,1.0,0.75,0.5,0.75,0.5,0.75,0.773,0.5,True,0.5,0.4999999999999999,0.5,0.5000000000000001,2.0,2.0,plan-delta,2.0,1.0,0.3767625493513818,0.6232374506486181,1336,0,1569,2905,1.0,2.290914447768912,0.0339852000033715,0.0002505807983668,0.000334209460309,fallback_bound,3a7303b294e436411fe14140c02502ad2dbe10eacd21f02beb37957820312245,8.0,0.75,8.0,0.7415653755729036,2,2,0.375,0.0625,0.03125
full-identity-reference,oracle,oracle-assumption,full-identity-reference,4,168af9c332c250c673238258cd07f1a818a013785779b7f3097a9b919ebe4104,,2,4,1.0,0.75,0.5,0.75,0.5,0.75,0.773,0.5,True,0.5,0.4999999999999999,0.5,0.5000000000000001,1.0,1.0,plan-c,1.0,1.0,0.0,0.0,0,0,0,1000,1.0,5.174351870312281,0.0432684999977937,0.0,3.450958520111424e-05,fallback_bound,3a7303b294e436411fe14140c02502ad2dbe10eacd21f02beb37957820312245,8.0,0.75,8.0,0.7415653755729036,2,2,0.375,0.0625,0.03125
non-private-reference,oracle,non-private,diagnostic,4,168af9c332c250c673238258cd07f1a818a013785779b7f3097a9b919ebe4104,,2,4,1.0,0.75,0.5,0.75,0.5,0.75,0.773,0.5,True,0.5,0.4999999999999999,0.5,0.5000000000000001,,,non-private,0.0,1.0,0.0,0.0,0,0,0,0,0.0,inf,0.0195563999877776,0.0007718421729248,0.0007718421729248,fallback_bound,3a7303b294e436411fe14140c02502ad2dbe10eacd21f02beb37957820312245,8.0,0.75,8.0,0.7415653755729036,2,2,0.375,0.0625,0.03125
naive-claimed-c,this-work,unsafe-diagnostic,diagnostic,4,168af9c332c250c673238258cd07f1a818a013785779b7f3097a9b919ebe4104,,2,4,1.0,0.75,0.5,0.75,0.5,0.75,0.773,0.5,True,0.5,0.4999999999999999,0.5,0.5000000000000001,,2.0,unsafe-diagnostic,1.0,1.0,0.3767625493513818,0.6232374506486181,1336,0,1569,2905,1.0,4.581828895537823,0.0498611999937566,0.0002505807983668,0.0002578855441368,fallback_bound,3a7303b294e436411fe14140c02502ad2dbe10eacd21f02beb37957820312245,8.0,0.75,8.0,0.7415653755729036,2,2,0.375,0.0625,0.03125
stable-local-fallback,this-work,user-certified,primary,5,168af9c332c250c673238258cd07f1a818a013785779b7f3097a9b919ebe4104,0.0,2,4,1.0,0.75,0.5,0.75,0.5,0.75,0.744,0.5,True,0.5,0.4999999999999999,0.5,0.5000000000000001,1.0,1.0,plan-c,1.0,1.0,0.0,1.0,0,0,1744,1744,1.0,0.8780133195561394,0.022668200006592,0.0006320341357533,0.000609847531359,fallback_bound,3a7303b294e436411fe14140c02502ad2dbe10eacd21f02beb37957820312245,8.0,0.75,8.0,0.7415653755729036,2,2,0.375,0.0625,0.03125
handle-only-drop-residual,this-work,user-certified,primary,5,168af9c332c250c673238258cd07f1a818a013785779b7f3097a9b919ebe4104,1.0,2,4,1.0,0.75,0.5,0.75,0.5,0.75,0.744,0.5,True,0.5,0.4999999999999999,0.5,0.5000000000000001,1.0,1.0,plan-c,1.0,0.3752866972477064,0.3752866972477064,0.0,1309,0,0,1309,1.0,3.3348155171362266,0.0318986999918706,0.0003431411148547,0.0003495716235377,fallback_bound,3a7303b294e436411fe14140c02502ad2dbe10eacd21f02beb37957820312245,8.0,0.75,8.0,0.7415653755729036,2,2,0.375,0.0625,0.03125
unitscope-equal,this-work,user-certified,primary,5,168af9c332c250c673238258cd07f1a818a013785779b7f3097a9b919ebe4104,0.3333333333333333,2,4,1.0,0.75,0.5,0.75,0.5,0.75,0.744,0.5,True,0.5,0.4999999999999999,0.5,0.5000000000000001,1.0,1.0,plan-c,1.0,1.0,0.3752866972477064,0.6247133027522935,1309,0,1568,2877,1.0,1.569502103543502,0.0327278000040678,0.0004712606604744,0.0004590565097876,fallback_bound,3a7303b294e436411fe14140c02502ad2dbe10eacd21f02beb37957820312245,8.0,0.75,8.0,0.7415653755729036,2,2,0.375,0.0625,0.03125
unitscope-tuned,this-work,user-certified,primary,5,168af9c332c250c673238258cd07f1a818a013785779b7f3097a9b919ebe4104,0.75,2,4,1.0,0.75,0.5,0.75,0.5,0.75,0.744,0.5,True,0.5,0.4999999999999999,0.5,0.5000000000000001,1.0,1.0,plan-c,1.0,1.0,0.3752866972477064,0.6247133027522935,1309,0,1568,2877,1.0,2.658760358855622,0.0313809000072069,0.0003544791828268,0.0003539216942461,fallback_bound,3a7303b294e436411fe14140c02502ad2dbe10eacd21f02beb37957820312245,8.0,0.75,8.0,0.7415653755729036,2,2,0.375,0.0625,0.03125
naive-recalibrated-2c,this-work,user-certified,primary,5,168af9c332c250c673238258cd07f1a818a013785779b7f3097a9b919ebe4104,,2,4,1.0,0.75,0.5,0.75,0.5,0.75,0.744,0.5,True,0.5,0.4999999999999999,0.5,0.5000000000000001,2.0,2.0,plan-delta,2.0,1.0,0.3752866972477064,0.6247133027522935,1309,0,1568,2877,1.0,1.995860282481437,0.0334911999962059,0.0002297757017135,0.0003670028004808,fallback_bound,3a7303b294e436411fe14140c02502ad2dbe10eacd21f02beb37957820312245,8.0,0.75,8.0,0.7415653755729036,2,2,0.375,0.0625,0.03125
full-identity-reference,oracle,oracle-assumption,full-identity-reference,5,168af9c332c250c673238258cd07f1a818a013785779b7f3097a9b919ebe4104,,2,4,1.0,0.75,0.5,0.75,0.5,0.75,0.744,0.5,True,0.5,0.4999999999999999,0.5,0.5000000000000001,1.0,1.0,plan-c,1.0,1.0,0.0,0.0,0,0,0,1000,1.0,4.572838264560242,0.0408075000013923,0.0,4.557772479073201e-05,fallback_bound,3a7303b294e436411fe14140c02502ad2dbe10eacd21f02beb37957820312245,8.0,0.75,8.0,0.7415653755729036,2,2,0.375,0.0625,0.03125
non-private-reference,oracle,non-private,diagnostic,5,168af9c332c250c673238258cd07f1a818a013785779b7f3097a9b919ebe4104,,2,4,1.0,0.75,0.5,0.75,0.5,0.75,0.744,0.5,True,0.5,0.4999999999999999,0.5,0.5000000000000001,,,non-private,0.0,1.0,0.0,0.0,0,0,0,0,0.0,inf,0.0200324000034015,0.0007719797433812,0.0007719797433812,fallback_bound,3a7303b294e436411fe14140c02502ad2dbe10eacd21f02beb37957820312245,8.0,0.75,8.0,0.7415653755729036,2,2,0.375,0.0625,0.03125
naive-claimed-c,this-work,unsafe-diagnostic,diagnostic,5,168af9c332c250c673238258cd07f1a818a013785779b7f3097a9b919ebe4104,,2,4,1.0,0.75,0.5,0.75,0.5,0.75,0.744,0.5,True,0.5,0.4999999999999999,0.5,0.5000000000000001,,2.0,unsafe-diagnostic,1.0,1.0,0.3752866972477064,0.6247133027522935,1309,0,1568,2877,1.0,3.991720564962874,0.0345101999992039,0.0002297757017135,0.0002528115263064,fallback_bound,3a7303b294e436411fe14140c02502ad2dbe10eacd21f02beb37957820312245,8.0,0.75,8.0,0.7415653755729036,2,2,0.375,0.0625,0.03125
stable-local-fallback,this-work,user-certified,primary,6,168af9c332c250c673238258cd07f1a818a013785779b7f3097a9b919ebe4104,0.0,2,4,1.0,0.75,0.5,0.75,0.5,0.75,0.74,0.5,True,0.5,0.4999999999999999,0.5,0.5000000000000001,1.0,1.0,plan-c,1.0,1.0,0.0,1.0,0,0,1740,1740,1.0,1.323518552991639,0.0223020999983418,0.0008517224063448,0.0008337252782001,fallback_bound,3a7303b294e436411fe14140c02502ad2dbe10eacd21f02beb37957820312245,8.0,0.75,8.0,0.7415653755729036,2,2,0.375,0.0625,0.03125
handle-only-drop-residual,this-work,user-certified,primary,6,168af9c332c250c673238258cd07f1a818a013785779b7f3097a9b919ebe4104,1.0,2,4,1.0,0.75,0.5,0.75,0.5,0.75,0.74,0.5,True,0.5,0.4999999999999999,0.5,0.5000000000000001,1.0,1.0,plan-c,1.0,0.3781609195402299,0.3781609195402299,0.0,1316,0,0,1316,1.0,4.601346964378938,0.0488230000046314,0.0003477443375569,0.0003508256269539,fallback_bound,3a7303b294e436411fe14140c02502ad2dbe10eacd21f02beb37957820312245,8.0,0.75,8.0,0.7415653755729036,2,2,0.375,0.0625,0.03125
unitscope-equal,this-work,user-certified,primary,6,168af9c332c250c673238258cd07f1a818a013785779b7f3097a9b919ebe4104,0.3333333333333333,2,4,1.0,0.75,0.5,0.75,0.5,0.75,0.74,0.5,True,0.5,0.4999999999999999,0.5,0.5000000000000001,1.0,1.0,plan-c,1.0,1.0,0.3781609195402299,0.6218390804597701,1316,0,1557,2873,1.0,2.190416142112652,0.0313648999872384,0.0006394204665505,0.0006275323576187,fallback_bound,3a7303b294e436411fe14140c02502ad2dbe10eacd21f02beb37957820312245,8.0,0.75,8.0,0.7415653755729036,2,2,0.375,0.0625,0.03125
unitscope-tuned,this-work,user-certified,primary,6,168af9c332c250c673238258cd07f1a818a013785779b7f3097a9b919ebe4104,0.75,2,4,1.0,0.75,0.5,0.75,0.5,0.75,0.74,0.5,True,0.5,0.4999999999999999,0.5,0.5000000000000001,1.0,1.0,plan-c,1.0,1.0,0.3781609195402299,0.6218390804597701,1316,0,1557,2873,1.0,3.6832332650409896,0.0318447000026935,0.0004156889769862,0.0004131567420099,fallback_bound,3a7303b294e436411fe14140c02502ad2dbe10eacd21f02beb37957820312245,8.0,0.75,8.0,0.7415653755729036,2,2,0.375,0.0625,0.03125
naive-recalibrated-2c,this-work,user-certified,primary,6,168af9c332c250c673238258cd07f1a818a013785779b7f3097a9b919ebe4104,,2,4,1.0,0.75,0.5,0.75,0.5,0.75,0.74,0.5,True,0.5,0.4999999999999999,0.5,0.5000000000000001,2.0,2.0,plan-delta,2.0,1.0,0.3781609195402299,0.6218390804597701,1316,0,1557,2873,1.0,2.7782967174415067,0.0321627000084845,0.0001995922496522,0.000275779955425,fallback_bound,3a7303b294e436411fe14140c02502ad2dbe10eacd21f02beb37957820312245,8.0,0.75,8.0,0.7415653755729036,2,2,0.375,0.0625,0.03125
full-identity-reference,oracle,oracle-assumption,full-identity-reference,6,168af9c332c250c673238258cd07f1a818a013785779b7f3097a9b919ebe4104,,2,4,1.0,0.75,0.5,0.75,0.5,0.75,0.74,0.5,True,0.5,0.4999999999999999,0.5,0.5000000000000001,1.0,1.0,plan-c,1.0,1.0,0.0,0.0,0,0,0,1000,1.0,6.790644185865935,0.040834100000211,0.0,2.826786766778013e-05,fallback_bound,3a7303b294e436411fe14140c02502ad2dbe10eacd21f02beb37957820312245,8.0,0.75,8.0,0.7415653755729036,2,2,0.375,0.0625,0.03125
non-private-reference,oracle,non-private,diagnostic,6,168af9c332c250c673238258cd07f1a818a013785779b7f3097a9b919ebe4104,,2,4,1.0,0.75,0.5,0.75,0.5,0.75,0.74,0.5,True,0.5,0.4999999999999999,0.5,0.5000000000000001,,,non-private,0.0,1.0,0.0,0.0,0,0,0,0,0.0,inf,0.0184655000048223,0.0010544449245296,0.0010544449245296,fallback_bound,3a7303b294e436411fe14140c02502ad2dbe10eacd21f02beb37957820312245,8.0,0.75,8.0,0.7415653755729036,2,2,0.375,0.0625,0.03125
naive-claimed-c,this-work,unsafe-diagnostic,diagnostic,6,168af9c332c250c673238258cd07f1a818a013785779b7f3097a9b919ebe4104,,2,4,1.0,0.75,0.5,0.75,0.5,0.75,0.74,0.5,True,0.5,0.4999999999999999,0.5,0.5000000000000001,,2.0,unsafe-diagnostic,1.0,1.0,0.3781609195402299,0.6218390804597701,1316,0,1557,2873,1.0,5.5565934348830135,0.0312063000019406,0.0001995922496522,0.0002094182348709,fallback_bound,3a7303b294e436411fe14140c02502ad2dbe10eacd21f02beb37957820312245,8.0,0.75,8.0,0.7415653755729036,2,2,0.375,0.0625,0.03125
stable-local-fallback,this-work,user-certified,primary,7,168af9c332c250c673238258cd07f1a818a013785779b7f3097a9b919ebe4104,0.0,2,4,1.0,0.75,0.5,0.75,0.5,0.75,0.753,0.5,True,0.5,0.4999999999999999,0.5,0.5000000000000001,1.0,1.0,plan-c,1.0,1.0,0.0,1.0,0,0,1753,1753,1.0,1.0485945498037494,0.0229606000066269,0.0005774492666562,0.0006351906078437,fallback_bound,3a7303b294e436411fe14140c02502ad2dbe10eacd21f02beb37957820312245,8.0,0.75,8.0,0.7415653755729036,2,2,0.375,0.0625,0.03125
handle-only-drop-residual,this-work,user-certified,primary,7,168af9c332c250c673238258cd07f1a818a013785779b7f3097a9b919ebe4104,1.0,2,4,1.0,0.75,0.5,0.75,0.5,0.75,0.753,0.5,True,0.5,0.4999999999999999,0.5,0.5000000000000001,1.0,1.0,plan-c,1.0,0.372219053051911,0.372219053051911,0.0,1305,0,0,1305,1.0,3.684470476427727,0.0330122000013943,0.0003114125743416,0.0004005378834063,fallback_bound,3a7303b294e436411fe14140c02502ad2dbe10eacd21f02beb37957820312245,8.0,0.75,8.0,0.7415653755729036,2,2,0.375,0.0625,0.03125
unitscope-equal,this-work,user-certified,primary,7,168af9c332c250c673238258cd07f1a818a013785779b7f3097a9b919ebe4104,0.3333333333333333,2,4,1.0,0.75,0.5,0.75,0.5,0.75,0.753,0.5,True,0.5,0.4999999999999999,0.5,0.5000000000000001,1.0,1.0,plan-c,1.0,1.0,0.372219053051911,0.627780946948089,1305,0,1559,2864,1.0,1.7417638061587757,0.033654300001217,0.0004498896497174,0.0005162411061538,fallback_bound,3a7303b294e436411fe14140c02502ad2dbe10eacd21f02beb37957820312245,8.0,0.75,8.0,0.7415653755729036,2,2,0.375,0.0625,0.03125
unitscope-tuned,this-work,user-certified,primary,7,168af9c332c250c673238258cd07f1a818a013785779b7f3097a9b919ebe4104,0.75,2,4,1.0,0.75,0.5,0.75,0.5,0.75,0.753,0.5,True,0.5,0.4999999999999999,0.5,0.5000000000000001,1.0,1.0,plan-c,1.0,1.0,0.372219053051911,0.627780946948089,1305,0,1559,2864,1.0,2.942094038640006,0.0338902000075904,0.0003324723098778,0.0004130574242069,fallback_bound,3a7303b294e436411fe14140c02502ad2dbe10eacd21f02beb37957820312245,8.0,0.75,8.0,0.7415653755729036,2,2,0.375,0.0625,0.03125
naive-recalibrated-2c,this-work,user-certified,primary,7,168af9c332c250c673238258cd07f1a818a013785779b7f3097a9b919ebe4104,,2,4,1.0,0.75,0.5,0.75,0.5,0.75,0.753,0.5,True,0.5,0.4999999999999999,0.5,0.5000000000000001,2.0,2.0,plan-delta,2.0,1.0,0.372219053051911,0.627780946948089,1305,0,1559,2864,1.0,2.212710264188261,0.0332131000031949,0.0002069327869851,0.0004343496482939,fallback_bound,3a7303b294e436411fe14140c02502ad2dbe10eacd21f02beb37957820312245,8.0,0.75,8.0,0.7415653755729036,2,2,0.375,0.0625,0.03125
full-identity-reference,oracle,oracle-assumption,full-identity-reference,7,168af9c332c250c673238258cd07f1a818a013785779b7f3097a9b919ebe4104,,2,4,1.0,0.75,0.5,0.75,0.5,0.75,0.753,0.5,True,0.5,0.4999999999999999,0.5,0.5000000000000001,1.0,1.0,plan-c,1.0,1.0,0.0,0.0,0,0,0,1000,1.0,5.269456490207377,0.0418047999992268,0.0,3.194533304464665e-05,fallback_bound,3a7303b294e436411fe14140c02502ad2dbe10eacd21f02beb37957820312245,8.0,0.75,8.0,0.7415653755729036,2,2,0.375,0.0625,0.03125
non-private-reference,oracle,non-private,diagnostic,7,168af9c332c250c673238258cd07f1a818a013785779b7f3097a9b919ebe4104,,2,4,1.0,0.75,0.5,0.75,0.5,0.75,0.753,0.5,True,0.5,0.4999999999999999,0.5,0.5000000000000001,,,non-private,0.0,1.0,0.0,0.0,0,0,0,0,0.0,inf,0.0391107000032207,0.0008150035796582,0.0008150035796582,fallback_bound,3a7303b294e436411fe14140c02502ad2dbe10eacd21f02beb37957820312245,8.0,0.75,8.0,0.7415653755729036,2,2,0.375,0.0625,0.03125
naive-claimed-c,this-work,unsafe-diagnostic,diagnostic,7,168af9c332c250c673238258cd07f1a818a013785779b7f3097a9b919ebe4104,,2,4,1.0,0.75,0.5,0.75,0.5,0.75,0.753,0.5,True,0.5,0.4999999999999999,0.5,0.5000000000000001,,2.0,unsafe-diagnostic,1.0,1.0,0.372219053051911,0.627780946948089,1305,0,1559,2864,1.0,4.425420528376521,0.0320361999911256,0.0002069327869851,0.0002886958845949,fallback_bound,3a7303b294e436411fe14140c02502ad2dbe10eacd21f02beb37957820312245,8.0,0.75,8.0,0.7415653755729036,2,2,0.375,0.0625,0.03125
stable-local-fallback,this-work,user-certified,primary,8,168af9c332c250c673238258cd07f1a818a013785779b7f3097a9b919ebe4104,0.0,2,4,1.0,0.75,0.5,0.75,0.5,0.75,0.74,0.5,True,0.5,0.4999999999999999,0.5,0.5000000000000001,1.0,1.0,plan-c,1.0,1.0,0.0,1.0,0,0,1740,1740,1.0,1.200230520290983,0.0244758000044384,0.0008527455564153,0.0010472541306674,fallback_bound,3a7303b294e436411fe14140c02502ad2dbe10eacd21f02beb37957820312245,8.0,0.75,8.0,0.7415653755729036,2,2,0.375,0.0625,0.03125
handle-only-drop-residual,this-work,user-certified,primary,8,168af9c332c250c673238258cd07f1a818a013785779b7f3097a9b919ebe4104,1.0,2,4,1.0,0.75,0.5,0.75,0.5,0.75,0.74,0.5,True,0.5,0.4999999999999999,0.5,0.5000000000000001,1.0,1.0,plan-c,1.0,0.3747126436781609,0.3747126436781609,0.0,1304,0,0,1304,1.0,4.614118132176231,0.0338438000035239,0.0002538776836328,0.0003685614958147,fallback_bound,3a7303b294e436411fe14140c02502ad2dbe10eacd21f02beb37957820312245,8.0,0.75,8.0,0.7415653755729036,2,2,0.375,0.0625,0.03125
unitscope-equal,this-work,user-certified,primary,8,168af9c332c250c673238258cd07f1a818a013785779b7f3097a9b919ebe4104,0.3333333333333333,2,4,1.0,0.75,0.5,0.75,0.5,0.75,0.74,0.5,True,0.5,0.4999999999999999,0.5,0.5000000000000001,1.0,1.0,plan-c,1.0,1.0,0.3747126436781609,0.6252873563218391,1304,0,1545,2849,1.0,2.1620896841072006,0.0347957000049063,0.0005740436990012,0.000747037651638,fallback_bound,3a7303b294e436411fe14140c02502ad2dbe10eacd21f02beb37957820312245,8.0,0.75,8.0,0.7415653755729036,2,2,0.375,0.0625,0.03125
unitscope-tuned,this-work,user-certified,primary,8,168af9c332c250c673238258cd07f1a818a013785779b7f3097a9b919ebe4104,0.75,2,4,1.0,0.75,0.5,0.75,0.5,0.75,0.74,0.5,True,0.5,0.4999999999999999,0.5,0.5000000000000001,1.0,1.0,plan-c,1.0,1.0,0.3747126436781609,0.6252873563218391,1304,0,1545,2849,1.0,3.68532243727826,0.0332648999901721,0.0003164852816123,0.0004530353964648,fallback_bound,3a7303b294e436411fe14140c02502ad2dbe10eacd21f02beb37957820312245,8.0,0.75,8.0,0.7415653755729036,2,2,0.375,0.0625,0.03125
naive-recalibrated-2c,this-work,user-certified,primary,8,168af9c332c250c673238258cd07f1a818a013785779b7f3097a9b919ebe4104,,2,4,1.0,0.75,0.5,0.75,0.5,0.75,0.74,0.5,True,0.5,0.4999999999999999,0.5,0.5000000000000001,2.0,2.0,plan-delta,2.0,1.0,0.3747126436781609,0.6252873563218391,1304,0,1545,2849,1.0,2.765202334351165,0.0329659999988507,0.0001534066266832,0.0003962899793635,fallback_bound,3a7303b294e436411fe14140c02502ad2dbe10eacd21f02beb37957820312245,8.0,0.75,8.0,0.7415653755729036,2,2,0.375,0.0625,0.03125
full-identity-reference,oracle,oracle-assumption,full-identity-reference,8,168af9c332c250c673238258cd07f1a818a013785779b7f3097a9b919ebe4104,,2,4,1.0,0.75,0.5,0.75,0.5,0.75,0.74,0.5,True,0.5,0.4999999999999999,0.5,0.5000000000000001,1.0,1.0,plan-c,1.0,1.0,0.0,0.0,0,0,0,1000,1.0,5.864605105890776,0.0454791999945882,0.0,3.888141977657693e-05,fallback_bound,3a7303b294e436411fe14140c02502ad2dbe10eacd21f02beb37957820312245,8.0,0.75,8.0,0.7415653755729036,2,2,0.375,0.0625,0.03125
non-private-reference,oracle,non-private,diagnostic,8,168af9c332c250c673238258cd07f1a818a013785779b7f3097a9b919ebe4104,,2,4,1.0,0.75,0.5,0.75,0.5,0.75,0.74,0.5,True,0.5,0.4999999999999999,0.5,0.5000000000000001,,,non-private,0.0,1.0,0.0,0.0,0,0,0,0,0.0,inf,0.0193290000024717,0.0013100686235273,0.0013100686235273,fallback_bound,3a7303b294e436411fe14140c02502ad2dbe10eacd21f02beb37957820312245,8.0,0.75,8.0,0.7415653755729036,2,2,0.375,0.0625,0.03125
naive-claimed-c,this-work,unsafe-diagnostic,diagnostic,8,168af9c332c250c673238258cd07f1a818a013785779b7f3097a9b919ebe4104,,2,4,1.0,0.75,0.5,0.75,0.5,0.75,0.74,0.5,True,0.5,0.4999999999999999,0.5,0.5000000000000001,,2.0,unsafe-diagnostic,1.0,1.0,0.3747126436781609,0.6252873563218391,1304,0,1545,2849,1.0,5.53040466870233,0.0338535000046249,0.0001534066266832,0.0002359668832468,fallback_bound,3a7303b294e436411fe14140c02502ad2dbe10eacd21f02beb37957820312245,8.0,0.75,8.0,0.7415653755729036,2,2,0.375,0.0625,0.03125
stable-local-fallback,this-work,user-certified,primary,9,168af9c332c250c673238258cd07f1a818a013785779b7f3097a9b919ebe4104,0.0,2,4,1.0,0.75,0.5,0.75,0.5,0.75,0.727,0.5,True,0.5,0.4999999999999999,0.5,0.5000000000000001,1.0,1.0,plan-c,1.0,1.0,0.0,1.0,0,0,1727,1727,1.0,1.1165496574834368,0.046325400006026,0.0006050025548406,0.0006466846797607,fallback_bound,3a7303b294e436411fe14140c02502ad2dbe10eacd21f02beb37957820312245,8.0,0.75,8.0,0.7415653755729036,2,2,0.375,0.0625,0.03125
handle-only-drop-residual,this-work,user-certified,primary,9,168af9c332c250c673238258cd07f1a818a013785779b7f3097a9b919ebe4104,1.0,2,4,1.0,0.75,0.5,0.75,0.5,0.75,0.727,0.5,True,0.5,0.4999999999999999,0.5,0.5000000000000001,1.0,1.0,plan-c,1.0,0.3755066589461494,0.3755066589461494,0.0,1297,0,0,1297,1.0,4.04575181643008,0.0324070999922696,0.0004088078141732,0.0004599389856065,fallback_bound,3a7303b294e436411fe14140c02502ad2dbe10eacd21f02beb37957820312245,8.0,0.75,8.0,0.7415653755729036,2,2,0.375,0.0625,0.03125
unitscope-equal,this-work,user-certified,primary,9,168af9c332c250c673238258cd07f1a818a013785779b7f3097a9b919ebe4104,0.3333333333333333,2,4,1.0,0.75,0.5,0.75,0.5,0.75,0.727,0.5,True,0.5,0.4999999999999999,0.5,0.5000000000000001,1.0,1.0,plan-c,1.0,1.0,0.3755066589461494,0.6244933410538506,1297,0,1540,2837,1.0,1.8731361130448128,0.0343726999999489,0.0004804531500661,0.0005235384382685,fallback_bound,3a7303b294e436411fe14140c02502ad2dbe10eacd21f02beb37957820312245,8.0,0.75,8.0,0.7415653755729036,2,2,0.375,0.0625,0.03125
unitscope-tuned,this-work,user-certified,primary,9,168af9c332c250c673238258cd07f1a818a013785779b7f3097a9b919ebe4104,0.75,2,4,1.0,0.75,0.5,0.75,0.5,0.75,0.727,0.5,True,0.5,0.4999999999999999,0.5,0.5000000000000001,1.0,1.0,plan-c,1.0,1.0,0.3755066589461494,0.6244933410538506,1297,0,1540,2837,1.0,3.209249183753737,0.0325728000025264,0.0003994060467303,0.000447520011952,fallback_bound,3a7303b294e436411fe14140c02502ad2dbe10eacd21f02beb37957820312245,8.0,0.75,8.0,0.7415653755729036,2,2,0.375,0.0625,0.03125
naive-recalibrated-2c,this-work,user-certified,primary,9,168af9c332c250c673238258cd07f1a818a013785779b7f3097a9b919ebe4104,,2,4,1.0,0.75,0.5,0.75,0.5,0.75,0.727,0.5,True,0.5,0.4999999999999999,0.5,0.5000000000000001,2.0,2.0,plan-delta,2.0,1.0,0.3755066589461494,0.6244933410538506,1297,0,1540,2837,1.0,2.3929656961183285,0.0320690999942598,0.000272001749037,0.0004243591051404,fallback_bound,3a7303b294e436411fe14140c02502ad2dbe10eacd21f02beb37957820312245,8.0,0.75,8.0,0.7415653755729036,2,2,0.375,0.0625,0.03125
full-identity-reference,oracle,oracle-assumption,full-identity-reference,9,168af9c332c250c673238258cd07f1a818a013785779b7f3097a9b919ebe4104,,2,4,1.0,0.75,0.5,0.75,0.5,0.75,0.727,0.5,True,0.5,0.4999999999999999,0.5,0.5000000000000001,1.0,1.0,plan-c,1.0,1.0,0.0,0.0,0,0,0,1000,1.0,5.648362060019918,0.0393304000026546,0.0,2.909586366824385e-05,fallback_bound,3a7303b294e436411fe14140c02502ad2dbe10eacd21f02beb37957820312245,8.0,0.75,8.0,0.7415653755729036,2,2,0.375,0.0625,0.03125
non-private-reference,oracle,non-private,diagnostic,9,168af9c332c250c673238258cd07f1a818a013785779b7f3097a9b919ebe4104,,2,4,1.0,0.75,0.5,0.75,0.5,0.75,0.727,0.5,True,0.5,0.4999999999999999,0.5,0.5000000000000001,,,non-private,0.0,1.0,0.0,0.0,0,0,0,0,0.0,inf,0.0186327999981585,0.0008195914157725,0.0008195914157725,fallback_bound,3a7303b294e436411fe14140c02502ad2dbe10eacd21f02beb37957820312245,8.0,0.75,8.0,0.7415653755729036,2,2,0.375,0.0625,0.03125
naive-claimed-c,this-work,unsafe-diagnostic,diagnostic,9,168af9c332c250c673238258cd07f1a818a013785779b7f3097a9b919ebe4104,,2,4,1.0,0.75,0.5,0.75,0.5,0.75,0.727,0.5,True,0.5,0.4999999999999999,0.5,0.5000000000000001,,2.0,unsafe-diagnostic,1.0,1.0,0.3755066589461494,0.6244933410538506,1297,0,1540,2837,1.0,4.785931392236657,0.0316937999887159,0.000272001749037,0.0003190845634204,fallback_bound,3a7303b294e436411fe14140c02502ad2dbe10eacd21f02beb37957820312245,8.0,0.75,8.0,0.7415653755729036,2,2,0.375,0.0625,0.03125
stable-local-fallback,this-work,user-certified,primary,0,cdaeb0f8b44f6408dc37cba784f4166108b373f0004b67c63231296457b4b9fe,0.0,2,6,1.0,0.75,0.5,0.75,0.5,0.75,0.753,0.5,False,0.5,0.4999999999999999,0.5,0.5000000000000001,1.0,1.0,plan-c,1.0,1.0,0.0,1.0,0,1753,0,1753,1.0,1.376598553205843,0.0232852999906754,0.0007197730086262,0.0007810104871313,fallback_bound,a8e57e3494584f0726dfeb0035d367e2fe6d2b0123b4b5671c16e234e77791af,8.0,0.75,8.0,0.7415653755729036,2,2,0.375,0.0416666666666666,0.0208333333333333
handle-only-drop-residual,this-work,user-certified,primary,0,cdaeb0f8b44f6408dc37cba784f4166108b373f0004b67c63231296457b4b9fe,1.0,2,6,1.0,0.75,0.5,0.75,0.5,0.75,0.753,0.5,False,0.5,0.4999999999999999,0.5,0.5000000000000001,1.0,1.0,plan-c,1.0,0.376782658300057,0.376782658300057,0.0,1321,0,0,1321,1.0,3.818124340697683,0.0340021999872988,0.0003747781612295,0.0004285884934897,fallback_bound,a8e57e3494584f0726dfeb0035d367e2fe6d2b0123b4b5671c16e234e77791af,8.0,0.75,8.0,0.7415653755729036,2,2,0.375,0.0416666666666666,0.0208333333333333
unitscope-equal,this-work,user-certified,primary,0,cdaeb0f8b44f6408dc37cba784f4166108b373f0004b67c63231296457b4b9fe,0.25,2,6,1.0,0.75,0.5,0.75,0.5,0.75,0.753,0.5,False,0.5,0.4999999999999999,0.5,0.5000000000000001,1.0,1.0,plan-c,1.0,1.0,0.376782658300057,0.6232173416999429,1321,1551,0,2872,1.0,1.7641134301456496,0.0341247000033035,0.0006132379739323,0.0006708178521006,fallback_bound,a8e57e3494584f0726dfeb0035d367e2fe6d2b0123b4b5671c16e234e77791af,8.0,0.75,8.0,0.7415653755729036,2,2,0.375,0.0416666666666666,0.0208333333333333
unitscope-tuned,this-work,user-certified,primary,0,cdaeb0f8b44f6408dc37cba784f4166108b373f0004b67c63231296457b4b9fe,0.75,2,6,1.0,0.75,0.5,0.75,0.5,0.75,0.753,0.5,False,0.5,0.4999999999999999,0.5,0.5000000000000001,1.0,1.0,plan-c,1.0,1.0,0.376782658300057,0.6232173416999429,1321,1551,0,2872,1.0,3.10718921573733,0.0337560000043595,0.0004059886821069,0.0004610555296699,fallback_bound,a8e57e3494584f0726dfeb0035d367e2fe6d2b0123b4b5671c16e234e77791af,8.0,0.75,8.0,0.7415653755729036,2,2,0.375,0.0416666666666666,0.0208333333333333
naive-recalibrated-2c,this-work,user-certified,primary,0,cdaeb0f8b44f6408dc37cba784f4166108b373f0004b67c63231296457b4b9fe,,2,6,1.0,0.75,0.5,0.75,0.5,0.75,0.753,0.5,False,0.5,0.4999999999999999,0.5,0.5000000000000001,2.0,2.0,plan-delta,2.0,1.0,0.376782658300057,0.6232173416999429,1321,1551,0,2872,1.0,2.415084345012627,0.0368989999988116,0.0002079663297333,0.0003972556497037,fallback_bound,a8e57e3494584f0726dfeb0035d367e2fe6d2b0123b4b5671c16e234e77791af,8.0,0.75,8.0,0.7415653755729036,2,2,0.375,0.0416666666666666,0.0208333333333333
full-identity-reference,oracle,oracle-assumption,full-identity-reference,0,cdaeb0f8b44f6408dc37cba784f4166108b373f0004b67c63231296457b4b9fe,,2,6,1.0,0.75,0.5,0.75,0.5,0.75,0.753,0.5,False,0.5,0.4999999999999999,0.5,0.5000000000000001,1.0,1.0,plan-c,1.0,1.0,0.0,0.0,0,0,0,1000,1.0,5.3919700659430765,0.0647620999952778,0.0,4.382932526256053e-05,fallback_bound,a8e57e3494584f0726dfeb0035d367e2fe6d2b0123b4b5671c16e234e77791af,8.0,0.75,8.0,0.7415653755729036,2,2,0.375,0.0416666666666666,0.0208333333333333
non-private-reference,oracle,non-private,diagnostic,0,cdaeb0f8b44f6408dc37cba784f4166108b373f0004b67c63231296457b4b9fe,,2,6,1.0,0.75,0.5,0.75,0.5,0.75,0.753,0.5,False,0.5,0.4999999999999999,0.5,0.5000000000000001,,,non-private,0.0,1.0,0.0,0.0,0,0,0,0,0.0,inf,0.0196826000028522,0.0009896145859756,0.0009896145859756,fallback_bound,a8e57e3494584f0726dfeb0035d367e2fe6d2b0123b4b5671c16e234e77791af,8.0,0.75,8.0,0.7415653755729036,2,2,0.375,0.0416666666666666,0.0208333333333333
naive-claimed-c,this-work,unsafe-diagnostic,diagnostic,0,cdaeb0f8b44f6408dc37cba784f4166108b373f0004b67c63231296457b4b9fe,,2,6,1.0,0.75,0.5,0.75,0.5,0.75,0.753,0.5,False,0.5,0.4999999999999999,0.5,0.5000000000000001,,2.0,unsafe-diagnostic,1.0,1.0,0.376782658300057,0.6232173416999429,1321,1551,0,2872,1.0,4.830168690025254,0.0322217000066302,0.0002079663297333,0.0002587816644559,fallback_bound,a8e57e3494584f0726dfeb0035d367e2fe6d2b0123b4b5671c16e234e77791af,8.0,0.75,8.0,0.7415653755729036,2,2,0.375,0.0416666666666666,0.0208333333333333
stable-local-fallback,this-work,user-certified,primary,1,cdaeb0f8b44f6408dc37cba784f4166108b373f0004b67c63231296457b4b9fe,0.0,2,6,1.0,0.75,0.5,0.75,0.5,0.75,0.747,0.5,False,0.5,0.4999999999999999,0.5,0.5000000000000001,1.0,1.0,plan-c,1.0,1.0,0.0,1.0,0,1747,0,1747,1.0,1.439587618204648,0.0232487000030232,0.000592261856709,0.000641406702195,fallback_bound,a8e57e3494584f0726dfeb0035d367e2fe6d2b0123b4b5671c16e234e77791af,8.0,0.75,8.0,0.7415653755729036,2,2,0.375,0.0416666666666666,0.0208333333333333
handle-only-drop-residual,this-work,user-certified,primary,1,cdaeb0f8b44f6408dc37cba784f4166108b373f0004b67c63231296457b4b9fe,1.0,2,6,1.0,0.75,0.5,0.75,0.5,0.75,0.747,0.5,False,0.5,0.4999999999999999,0.5,0.5000000000000001,1.0,1.0,plan-c,1.0,0.3777904979965655,0.3777904979965655,0.0,1320,0,0,1320,1.0,4.049792358551845,0.0323475000041071,0.0004679587074854,0.0005397622034925,fallback_bound,a8e57e3494584f0726dfeb0035d367e2fe6d2b0123b4b5671c16e234e77791af,8.0,0.75,8.0,0.7415653755729036,2,2,0.375,0.0416666666666666,0.0208333333333333
unitscope-equal,this-work,user-certified,primary,1,cdaeb0f8b44f6408dc37cba784f4166108b373f0004b67c63231296457b4b9fe,0.25,2,6,1.0,0.75,0.5,0.75,0.5,0.75,0.747,0.5,False,0.5,0.4999999999999999,0.5,0.5000000000000001,1.0,1.0,plan-c,1.0,1.0,0.3777904979965655,0.6222095020034345,1320,1540,0,2860,1.0,1.8844775489580288,0.0325591000000713,0.0005108584728533,0.0005635005579586,fallback_bound,a8e57e3494584f0726dfeb0035d367e2fe6d2b0123b4b5671c16e234e77791af,8.0,0.75,8.0,0.7415653755729036,2,2,0.375,0.0416666666666666,0.0208333333333333
unitscope-tuned,this-work,user-certified,primary,1,cdaeb0f8b44f6408dc37cba784f4166108b373f0004b67c63231296457b4b9fe,0.75,2,6,1.0,0.75,0.5,0.75,0.5,0.75,0.747,0.5,False,0.5,0.4999999999999999,0.5,0.5000000000000001,1.0,1.0,plan-c,1.0,1.0,0.3777904979965655,0.6222095020034345,1320,1540,0,2860,1.0,3.2783472104997062,0.0320840999920619,0.0004383008963015,0.0005037172553413,fallback_bound,a8e57e3494584f0726dfeb0035d367e2fe6d2b0123b4b5671c16e234e77791af,8.0,0.75,8.0,0.7415653755729036,2,2,0.375,0.0416666666666666,0.0208333333333333
naive-recalibrated-2c,this-work,user-certified,primary,1,cdaeb0f8b44f6408dc37cba784f4166108b373f0004b67c63231296457b4b9fe,,2,6,1.0,0.75,0.5,0.75,0.5,0.75,0.747,0.5,False,0.5,0.4999999999999999,0.5,0.5000000000000001,2.0,2.0,plan-delta,2.0,1.0,0.3777904979965655,0.6222095020034345,1320,1540,0,2860,1.0,2.542513112579463,0.0325893000117503,0.0002740274511252,0.0004709962181443,fallback_bound,a8e57e3494584f0726dfeb0035d367e2fe6d2b0123b4b5671c16e234e77791af,8.0,0.75,8.0,0.7415653755729036,2,2,0.375,0.0416666666666666,0.0208333333333333
full-identity-reference,oracle,oracle-assumption,full-identity-reference,1,cdaeb0f8b44f6408dc37cba784f4166108b373f0004b67c63231296457b4b9fe,,2,6,1.0,0.75,0.5,0.75,0.5,0.75,0.747,0.5,False,0.5,0.4999999999999999,0.5,0.5000000000000001,1.0,1.0,plan-c,1.0,1.0,0.0,0.0,0,0,0,1000,1.0,5.709739005623294,0.0409553999925265,0.0,3.2084292219098765e-05,fallback_bound,a8e57e3494584f0726dfeb0035d367e2fe6d2b0123b4b5671c16e234e77791af,8.0,0.75,8.0,0.7415653755729036,2,2,0.375,0.0416666666666666,0.0208333333333333
non-private-reference,oracle,non-private,diagnostic,1,cdaeb0f8b44f6408dc37cba784f4166108b373f0004b67c63231296457b4b9fe,,2,6,1.0,0.75,0.5,0.75,0.5,0.75,0.747,0.5,False,0.5,0.4999999999999999,0.5,0.5000000000000001,,,non-private,0.0,1.0,0.0,0.0,0,0,0,0,0.0,inf,0.0185844000079669,0.0007473834350982,0.0007473834350982,fallback_bound,a8e57e3494584f0726dfeb0035d367e2fe6d2b0123b4b5671c16e234e77791af,8.0,0.75,8.0,0.7415653755729036,2,2,0.375,0.0416666666666666,0.0208333333333333
naive-claimed-c,this-work,unsafe-diagnostic,diagnostic,1,cdaeb0f8b44f6408dc37cba784f4166108b373f0004b67c63231296457b4b9fe,,2,6,1.0,0.75,0.5,0.75,0.5,0.75,0.747,0.5,False,0.5,0.4999999999999999,0.5,0.5000000000000001,,2.0,unsafe-diagnostic,1.0,1.0,0.3777904979965655,0.6222095020034345,1320,1540,0,2860,1.0,5.085026225158926,0.0328821999864885,0.0002740274511252,0.0003404275424156,fallback_bound,a8e57e3494584f0726dfeb0035d367e2fe6d2b0123b4b5671c16e234e77791af,8.0,0.75,8.0,0.7415653755729036,2,2,0.375,0.0416666666666666,0.0208333333333333
stable-local-fallback,this-work,user-certified,primary,2,cdaeb0f8b44f6408dc37cba784f4166108b373f0004b67c63231296457b4b9fe,0.0,2,6,1.0,0.75,0.5,0.75,0.5,0.75,0.747,0.5,False,0.5,0.4999999999999999,0.5,0.5000000000000001,1.0,1.0,plan-c,1.0,1.0,0.0,1.0,0,1747,0,1747,1.0,1.388746371887988,0.0225535999925341,0.0005285778352787,0.0006279519917448,fallback_bound,a8e57e3494584f0726dfeb0035d367e2fe6d2b0123b4b5671c16e234e77791af,8.0,0.75,8.0,0.7415653755729036,2,2,0.375,0.0416666666666666,0.0208333333333333
handle-only-drop-residual,this-work,user-certified,primary,2,cdaeb0f8b44f6408dc37cba784f4166108b373f0004b67c63231296457b4b9fe,1.0,2,6,1.0,0.75,0.5,0.75,0.5,0.75,0.747,0.5,False,0.5,0.4999999999999999,0.5,0.5000000000000001,1.0,1.0,plan-c,1.0,0.3737836290784201,0.3737836290784201,0.0,1306,0,0,1306,1.0,3.597003782480754,0.0313958999904571,0.0003826957206673,0.0004624847009716,fallback_bound,a8e57e3494584f0726dfeb0035d367e2fe6d2b0123b4b5671c16e234e77791af,8.0,0.75,8.0,0.7415653755729036,2,2,0.375,0.0416666666666666,0.0208333333333333
unitscope-equal,this-work,user-certified,primary,2,cdaeb0f8b44f6408dc37cba784f4166108b373f0004b67c63231296457b4b9fe,0.25,2,6,1.0,0.75,0.5,0.75,0.5,0.75,0.747,0.5,False,0.5,0.4999999999999999,0.5,0.5000000000000001,1.0,1.0,plan-c,1.0,1.0,0.3737836290784201,0.6262163709215799,1306,1579,0,2885,1.0,1.7214490250418135,0.0318116999987978,0.0004659919739219,0.0005638369888002,fallback_bound,a8e57e3494584f0726dfeb0035d367e2fe6d2b0123b4b5671c16e234e77791af,8.0,0.75,8.0,0.7415653755729036,2,2,0.375,0.0416666666666666,0.0208333333333333
unitscope-tuned,this-work,user-certified,primary,2,cdaeb0f8b44f6408dc37cba784f4166108b373f0004b67c63231296457b4b9fe,0.75,2,6,1.0,0.75,0.5,0.75,0.5,0.75,0.747,0.5,False,0.5,0.4999999999999999,0.5,0.5000000000000001,1.0,1.0,plan-c,1.0,1.0,0.3737836290784201,0.6262163709215799,1306,1579,0,2885,1.0,2.935934180125801,0.0319700999971246,0.0003756079721454,0.000461415630641,fallback_bound,a8e57e3494584f0726dfeb0035d367e2fe6d2b0123b4b5671c16e234e77791af,8.0,0.75,8.0,0.7415653755729036,2,2,0.375,0.0416666666666666,0.0208333333333333
naive-recalibrated-2c,this-work,user-certified,primary,2,cdaeb0f8b44f6408dc37cba784f4166108b373f0004b67c63231296457b4b9fe,,2,6,1.0,0.75,0.5,0.75,0.5,0.75,0.747,0.5,False,0.5,0.4999999999999999,0.5,0.5000000000000001,2.0,2.0,plan-delta,2.0,1.0,0.3737836290784201,0.6262163709215799,1306,1579,0,2885,1.0,2.301019995909743,0.0325095000007422,0.0002200533800153,0.0004091988038223,fallback_bound,a8e57e3494584f0726dfeb0035d367e2fe6d2b0123b4b5671c16e234e77791af,8.0,0.75,8.0,0.7415653755729036,2,2,0.375,0.0416666666666666,0.0208333333333333
full-identity-reference,oracle,oracle-assumption,full-identity-reference,2,cdaeb0f8b44f6408dc37cba784f4166108b373f0004b67c63231296457b4b9fe,,2,6,1.0,0.75,0.5,0.75,0.5,0.75,0.747,0.5,False,0.5,0.4999999999999999,0.5,0.5000000000000001,1.0,1.0,plan-c,1.0,1.0,0.0,0.0,0,0,0,1000,1.0,5.22654729687365,0.0386337999952957,0.0,3.507377284459695e-05,fallback_bound,a8e57e3494584f0726dfeb0035d367e2fe6d2b0123b4b5671c16e234e77791af,8.0,0.75,8.0,0.7415653755729036,2,2,0.375,0.0416666666666666,0.0208333333333333
non-private-reference,oracle,non-private,diagnostic,2,cdaeb0f8b44f6408dc37cba784f4166108b373f0004b67c63231296457b4b9fe,,2,6,1.0,0.75,0.5,0.75,0.5,0.75,0.747,0.5,False,0.5,0.4999999999999999,0.5,0.5000000000000001,,,non-private,0.0,1.0,0.0,0.0,0,0,0,0,0.0,inf,0.0185210999916307,0.0008851428222059,0.0008851428222059,fallback_bound,a8e57e3494584f0726dfeb0035d367e2fe6d2b0123b4b5671c16e234e77791af,8.0,0.75,8.0,0.7415653755729036,2,2,0.375,0.0416666666666666,0.0208333333333333
naive-claimed-c,this-work,unsafe-diagnostic,diagnostic,2,cdaeb0f8b44f6408dc37cba784f4166108b373f0004b67c63231296457b4b9fe,,2,6,1.0,0.75,0.5,0.75,0.5,0.75,0.747,0.5,False,0.5,0.4999999999999999,0.5,0.5000000000000001,,2.0,unsafe-diagnostic,1.0,1.0,0.3737836290784201,0.6262163709215799,1306,1579,0,2885,1.0,4.602039991819486,0.0329527999856509,0.0002200533800153,0.0002795523190742,fallback_bound,a8e57e3494584f0726dfeb0035d367e2fe6d2b0123b4b5671c16e234e77791af,8.0,0.75,8.0,0.7415653755729036,2,2,0.375,0.0416666666666666,0.0208333333333333
stable-local-fallback,this-work,user-certified,primary,3,cdaeb0f8b44f6408dc37cba784f4166108b373f0004b67c63231296457b4b9fe,0.0,2,6,1.0,0.75,0.5,0.75,0.5,0.75,0.741,0.5,False,0.5,0.4999999999999999,0.5,0.5000000000000001,1.0,1.0,plan-c,1.0,1.0,0.0,1.0,0,1741,0,1741,1.0,1.5111175359665645,0.0236566999956266,0.0005631663816639,0.0005843348021632,fallback_bound,a8e57e3494584f0726dfeb0035d367e2fe6d2b0123b4b5671c16e234e77791af,8.0,0.75,8.0,0.7415653755729036,2,2,0.375,0.0416666666666666,0.0208333333333333
handle-only-drop-residual,this-work,user-certified,primary,3,cdaeb0f8b44f6408dc37cba784f4166108b373f0004b67c63231296457b4b9fe,1.0,2,6,1.0,0.75,0.5,0.75,0.5,0.75,0.741,0.5,False,0.5,0.4999999999999999,0.5,0.5000000000000001,1.0,1.0,plan-c,1.0,0.3767949454336588,0.3767949454336588,0.0,1312,0,0,1312,1.0,4.082654246670134,0.0334729000023799,0.0003693225038897,0.0003984222846491,fallback_bound,a8e57e3494584f0726dfeb0035d367e2fe6d2b0123b4b5671c16e234e77791af,8.0,0.75,8.0,0.7415653755729036,2,2,0.375,0.0416666666666666,0.0208333333333333
unitscope-equal,this-work,user-certified,primary,3,cdaeb0f8b44f6408dc37cba784f4166108b373f0004b67c63231296457b4b9fe,0.25,2,6,1.0,0.75,0.5,0.75,0.5,0.75,0.741,0.5,False,0.5,0.4999999999999999,0.5,0.5000000000000001,1.0,1.0,plan-c,1.0,1.0,0.3767949454336588,0.6232050545663412,1312,1550,0,2862,1.0,1.8776617740301225,0.0324993000103859,0.0004920345267405,0.0005158479747219,fallback_bound,a8e57e3494584f0726dfeb0035d367e2fe6d2b0123b4b5671c16e234e77791af,8.0,0.75,8.0,0.7415653755729036,2,2,0.375,0.0416666666666666,0.0208333333333333
unitscope-tuned,this-work,user-certified,primary,3,cdaeb0f8b44f6408dc37cba784f4166108b373f0004b67c63231296457b4b9fe,0.75,2,6,1.0,0.75,0.5,0.75,0.5,0.75,0.741,0.5,False,0.5,0.4999999999999999,0.5,0.5000000000000001,1.0,1.0,plan-c,1.0,1.0,0.3767949454336588,0.6232050545663412,1312,1550,0,2862,1.0,3.305563835232621,0.0633203000033972,0.0003674435754811,0.0003947812453145,fallback_bound,a8e57e3494584f0726dfeb0035d367e2fe6d2b0123b4b5671c16e234e77791af,8.0,0.75,8.0,0.7415653755729036,2,2,0.375,0.0416666666666666,0.0208333333333333
naive-recalibrated-2c,this-work,user-certified,primary,3,cdaeb0f8b44f6408dc37cba784f4166108b373f0004b67c63231296457b4b9fe,,2,6,1.0,0.75,0.5,0.75,0.5,0.75,0.741,0.5,False,0.5,0.4999999999999999,0.5,0.5000000000000001,2.0,2.0,plan-delta,2.0,1.0,0.3767949454336588,0.6232050545663412,1312,1550,0,2862,1.0,2.558502481673841,0.0342239999881712,0.0001990634528561,0.0003236432603265,fallback_bound,a8e57e3494584f0726dfeb0035d367e2fe6d2b0123b4b5671c16e234e77791af,8.0,0.75,8.0,0.7415653755729036,2,2,0.375,0.0416666666666666,0.0208333333333333
full-identity-reference,oracle,oracle-assumption,full-identity-reference,3,cdaeb0f8b44f6408dc37cba784f4166108b373f0004b67c63231296457b4b9fe,,2,6,1.0,0.75,0.5,0.75,0.5,0.75,0.741,0.5,False,0.5,0.4999999999999999,0.5,0.5000000000000001,1.0,1.0,plan-c,1.0,1.0,0.0,0.0,0,0,0,1000,1.0,5.7212359014939125,0.0420198000065283,0.0,3.144656992614111e-05,fallback_bound,a8e57e3494584f0726dfeb0035d367e2fe6d2b0123b4b5671c16e234e77791af,8.0,0.75,8.0,0.7415653755729036,2,2,0.375,0.0416666666666666,0.0208333333333333
non-private-reference,oracle,non-private,diagnostic,3,cdaeb0f8b44f6408dc37cba784f4166108b373f0004b67c63231296457b4b9fe,,2,6,1.0,0.75,0.5,0.75,0.5,0.75,0.741,0.5,False,0.5,0.4999999999999999,0.5,0.5000000000000001,,,non-private,0.0,1.0,0.0,0.0,0,0,0,0,0.0,inf,0.0199515999993309,0.000878462574273,0.000878462574273,fallback_bound,a8e57e3494584f0726dfeb0035d367e2fe6d2b0123b4b5671c16e234e77791af,8.0,0.75,8.0,0.7415653755729036,2,2,0.375,0.0416666666666666,0.0208333333333333
naive-claimed-c,this-work,unsafe-diagnostic,diagnostic,3,cdaeb0f8b44f6408dc37cba784f4166108b373f0004b67c63231296457b4b9fe,,2,6,1.0,0.75,0.5,0.75,0.5,0.75,0.741,0.5,False,0.5,0.4999999999999999,0.5,0.5000000000000001,,2.0,unsafe-diagnostic,1.0,1.0,0.3767949454336588,0.6232050545663412,1312,1550,0,2862,1.0,5.117004963347683,0.0348021999961929,0.0001990634528561,0.0002299067866651,fallback_bound,a8e57e3494584f0726dfeb0035d367e2fe6d2b0123b4b5671c16e234e77791af,8.0,0.75,8.0,0.7415653755729036,2,2,0.375,0.0416666666666666,0.0208333333333333
stable-local-fallback,this-work,user-certified,primary,4,cdaeb0f8b44f6408dc37cba784f4166108b373f0004b67c63231296457b4b9fe,0.0,2,6,1.0,0.75,0.5,0.75,0.5,0.75,0.773,0.5,False,0.5,0.4999999999999999,0.5,0.5000000000000001,1.0,1.0,plan-c,1.0,1.0,0.0,1.0,0,1773,0,1773,1.0,1.3529369732902334,0.0246742000017547,0.0005111901857858,0.0005101699846916,fallback_bound,a8e57e3494584f0726dfeb0035d367e2fe6d2b0123b4b5671c16e234e77791af,8.0,0.75,8.0,0.7415653755729036,2,2,0.375,0.0416666666666666,0.0208333333333333
handle-only-drop-residual,this-work,user-certified,primary,4,cdaeb0f8b44f6408dc37cba784f4166108b373f0004b67c63231296457b4b9fe,1.0,2,6,1.0,0.75,0.5,0.75,0.5,0.75,0.773,0.5,False,0.5,0.4999999999999999,0.5,0.5000000000000001,1.0,1.0,plan-c,1.0,0.3767625493513818,0.3767625493513818,0.0,1336,0,0,1336,1.0,3.9241146350253375,0.0355734999902779,0.0003700013493819,0.0003690793531759,fallback_bound,a8e57e3494584f0726dfeb0035d367e2fe6d2b0123b4b5671c16e234e77791af,8.0,0.75,8.0,0.7415653755729036,2,2,0.375,0.0416666666666666,0.0208333333333333
unitscope-equal,this-work,user-certified,primary,4,cdaeb0f8b44f6408dc37cba784f4166108b373f0004b67c63231296457b4b9fe,0.25,2,6,1.0,0.75,0.5,0.75,0.5,0.75,0.773,0.5,False,0.5,0.4999999999999999,0.5,0.5000000000000001,1.0,1.0,plan-c,1.0,1.0,0.3767625493513818,0.6232374506486181,1336,1569,0,2905,1.0,1.7304069959221533,0.0390897000033874,0.0004434660366908,0.0004409047502682,fallback_bound,a8e57e3494584f0726dfeb0035d367e2fe6d2b0123b4b5671c16e234e77791af,8.0,0.75,8.0,0.7415653755729036,2,2,0.375,0.0416666666666666,0.0208333333333333
unitscope-tuned,this-work,user-certified,primary,4,cdaeb0f8b44f6408dc37cba784f4166108b373f0004b67c63231296457b4b9fe,0.75,2,6,1.0,0.75,0.5,0.75,0.5,0.75,0.773,0.5,False,0.5,0.4999999999999999,0.5,0.5000000000000001,1.0,1.0,plan-c,1.0,1.0,0.3767625493513818,0.6232374506486181,1336,1569,0,2905,1.0,3.153268579804671,0.0384825999935856,0.0003489098762559,0.0003474414499777,fallback_bound,a8e57e3494584f0726dfeb0035d367e2fe6d2b0123b4b5671c16e234e77791af,8.0,0.75,8.0,0.7415653755729036,2,2,0.375,0.0416666666666666,0.0208333333333333
naive-recalibrated-2c,this-work,user-certified,primary,4,cdaeb0f8b44f6408dc37cba784f4166108b373f0004b67c63231296457b4b9fe,,2,6,1.0,0.75,0.5,0.75,0.5,0.75,0.773,0.5,False,0.5,0.4999999999999999,0.5,0.5000000000000001,2.0,2.0,plan-delta,2.0,1.0,0.3767625493513818,0.6232374506486181,1336,1569,0,2905,1.0,2.4100443226813937,0.0426424000033875,0.0002237244199335,0.0003128375765262,fallback_bound,a8e57e3494584f0726dfeb0035d367e2fe6d2b0123b4b5671c16e234e77791af,8.0,0.75,8.0,0.7415653755729036,2,2,0.375,0.0416666666666666,0.0208333333333333
full-identity-reference,oracle,oracle-assumption,full-identity-reference,4,cdaeb0f8b44f6408dc37cba784f4166108b373f0004b67c63231296457b4b9fe,,2,6,1.0,0.75,0.5,0.75,0.5,0.75,0.773,0.5,False,0.5,0.4999999999999999,0.5,0.5000000000000001,1.0,1.0,plan-c,1.0,1.0,0.0,0.0,0,0,0,1000,1.0,5.174351870312281,0.0444132999982684,0.0,3.450958520111424e-05,fallback_bound,a8e57e3494584f0726dfeb0035d367e2fe6d2b0123b4b5671c16e234e77791af,8.0,0.75,8.0,0.7415653755729036,2,2,0.375,0.0416666666666666,0.0208333333333333
non-private-reference,oracle,non-private,diagnostic,4,cdaeb0f8b44f6408dc37cba784f4166108b373f0004b67c63231296457b4b9fe,,2,6,1.0,0.75,0.5,0.75,0.5,0.75,0.773,0.5,False,0.5,0.4999999999999999,0.5,0.5000000000000001,,,non-private,0.0,1.0,0.0,0.0,0,0,0,0,0.0,inf,0.0214586000074632,0.0007718421729248,0.0007718421729248,fallback_bound,a8e57e3494584f0726dfeb0035d367e2fe6d2b0123b4b5671c16e234e77791af,8.0,0.75,8.0,0.7415653755729036,2,2,0.375,0.0416666666666666,0.0208333333333333
naive-claimed-c,this-work,unsafe-diagnostic,diagnostic,4,cdaeb0f8b44f6408dc37cba784f4166108b373f0004b67c63231296457b4b9fe,,2,6,1.0,0.75,0.5,0.75,0.5,0.75,0.773,0.5,False,0.5,0.4999999999999999,0.5,0.5000000000000001,,2.0,unsafe-diagnostic,1.0,1.0,0.3767625493513818,0.6232374506486181,1336,1569,0,2905,1.0,4.820088645362787,0.03875199999311,0.0002237244199335,0.0002337714130287,fallback_bound,a8e57e3494584f0726dfeb0035d367e2fe6d2b0123b4b5671c16e234e77791af,8.0,0.75,8.0,0.7415653755729036,2,2,0.375,0.0416666666666666,0.0208333333333333
stable-local-fallback,this-work,user-certified,primary,5,cdaeb0f8b44f6408dc37cba784f4166108b373f0004b67c63231296457b4b9fe,0.0,2,6,1.0,0.75,0.5,0.75,0.5,0.75,0.744,0.5,False,0.5,0.4999999999999999,0.5,0.5000000000000001,1.0,1.0,plan-c,1.0,1.0,0.0,1.0,0,1744,0,1744,1.0,1.1706844260748523,0.0235856000072089,0.000540638619692,0.0005237654125934,fallback_bound,a8e57e3494584f0726dfeb0035d367e2fe6d2b0123b4b5671c16e234e77791af,8.0,0.75,8.0,0.7415653755729036,2,2,0.375,0.0416666666666666,0.0208333333333333
handle-only-drop-residual,this-work,user-certified,primary,5,cdaeb0f8b44f6408dc37cba784f4166108b373f0004b67c63231296457b4b9fe,1.0,2,6,1.0,0.75,0.5,0.75,0.5,0.75,0.744,0.5,False,0.5,0.4999999999999999,0.5,0.5000000000000001,1.0,1.0,plan-c,1.0,0.3752866972477064,0.3752866972477064,0.0,1309,0,0,1309,1.0,3.3348155171362266,0.0317838999908417,0.0003431411148547,0.0003495716235377,fallback_bound,a8e57e3494584f0726dfeb0035d367e2fe6d2b0123b4b5671c16e234e77791af,8.0,0.75,8.0,0.7415653755729036,2,2,0.375,0.0416666666666666,0.0208333333333333
unitscope-equal,this-work,user-certified,primary,5,cdaeb0f8b44f6408dc37cba784f4166108b373f0004b67c63231296457b4b9fe,0.25,2,6,1.0,0.75,0.5,0.75,0.5,0.75,0.744,0.5,False,0.5,0.4999999999999999,0.5,0.5000000000000001,1.0,1.0,plan-c,1.0,1.0,0.3752866972477064,0.6247133027522935,1309,1568,0,2877,1.0,1.5594972970780725,0.0330106000037631,0.0004519924230214,0.000441610268891,fallback_bound,a8e57e3494584f0726dfeb0035d367e2fe6d2b0123b4b5671c16e234e77791af,8.0,0.75,8.0,0.7415653755729036,2,2,0.375,0.0416666666666666,0.0208333333333333
unitscope-tuned,this-work,user-certified,primary,5,cdaeb0f8b44f6408dc37cba784f4166108b373f0004b67c63231296457b4b9fe,0.75,2,6,1.0,0.75,0.5,0.75,0.5,0.75,0.744,0.5,False,0.5,0.4999999999999999,0.5,0.5000000000000001,1.0,1.0,plan-c,1.0,1.0,0.3752866972477064,0.6247133027522935,1309,1568,0,2877,1.0,2.7129180985303507,0.0337800999986939,0.0003400115914235,0.0003408378791686,fallback_bound,a8e57e3494584f0726dfeb0035d367e2fe6d2b0123b4b5671c16e234e77791af,8.0,0.75,8.0,0.7415653755729036,2,2,0.375,0.0416666666666666,0.0208333333333333
naive-recalibrated-2c,this-work,user-certified,primary,5,cdaeb0f8b44f6408dc37cba784f4166108b373f0004b67c63231296457b4b9fe,,2,6,1.0,0.75,0.5,0.75,0.5,0.75,0.744,0.5,False,0.5,0.4999999999999999,0.5,0.5000000000000001,2.0,2.0,plan-delta,2.0,1.0,0.3752866972477064,0.6247133027522935,1309,1568,0,2877,1.0,2.112724237744706,0.0339382000092882,0.0002064035670418,0.0003547008764158,fallback_bound,a8e57e3494584f0726dfeb0035d367e2fe6d2b0123b4b5671c16e234e77791af,8.0,0.75,8.0,0.7415653755729036,2,2,0.375,0.0416666666666666,0.0208333333333333
full-identity-reference,oracle,oracle-assumption,full-identity-reference,5,cdaeb0f8b44f6408dc37cba784f4166108b373f0004b67c63231296457b4b9fe,,2,6,1.0,0.75,0.5,0.75,0.5,0.75,0.744,0.5,False,0.5,0.4999999999999999,0.5,0.5000000000000001,1.0,1.0,plan-c,1.0,1.0,0.0,0.0,0,0,0,1000,1.0,4.572838264560242,0.0417557999899145,0.0,4.557772479073201e-05,fallback_bound,a8e57e3494584f0726dfeb0035d367e2fe6d2b0123b4b5671c16e234e77791af,8.0,0.75,8.0,0.7415653755729036,2,2,0.375,0.0416666666666666,0.0208333333333333
non-private-reference,oracle,non-private,diagnostic,5,cdaeb0f8b44f6408dc37cba784f4166108b373f0004b67c63231296457b4b9fe,,2,6,1.0,0.75,0.5,0.75,0.5,0.75,0.744,0.5,False,0.5,0.4999999999999999,0.5,0.5000000000000001,,,non-private,0.0,1.0,0.0,0.0,0,0,0,0,0.0,inf,0.0199065000051632,0.0007719797433812,0.0007719797433812,fallback_bound,a8e57e3494584f0726dfeb0035d367e2fe6d2b0123b4b5671c16e234e77791af,8.0,0.75,8.0,0.7415653755729036,2,2,0.375,0.0416666666666666,0.0208333333333333
naive-claimed-c,this-work,unsafe-diagnostic,diagnostic,5,cdaeb0f8b44f6408dc37cba784f4166108b373f0004b67c63231296457b4b9fe,,2,6,1.0,0.75,0.5,0.75,0.5,0.75,0.744,0.5,False,0.5,0.4999999999999999,0.5,0.5000000000000001,,2.0,unsafe-diagnostic,1.0,1.0,0.3752866972477064,0.6247133027522935,1309,1568,0,2877,1.0,4.225448475489413,0.0347054000012576,0.0002064035670418,0.0002349744969381,fallback_bound,a8e57e3494584f0726dfeb0035d367e2fe6d2b0123b4b5671c16e234e77791af,8.0,0.75,8.0,0.7415653755729036,2,2,0.375,0.0416666666666666,0.0208333333333333
stable-local-fallback,this-work,user-certified,primary,6,cdaeb0f8b44f6408dc37cba784f4166108b373f0004b67c63231296457b4b9fe,0.0,2,6,1.0,0.75,0.5,0.75,0.5,0.75,0.74,0.5,False,0.5,0.4999999999999999,0.5,0.5000000000000001,1.0,1.0,plan-c,1.0,1.0,0.0,1.0,0,1740,0,1740,1.0,1.7646914039888513,0.0233486000070115,0.0007231334034477,0.0007078430672274,fallback_bound,a8e57e3494584f0726dfeb0035d367e2fe6d2b0123b4b5671c16e234e77791af,8.0,0.75,8.0,0.7415653755729036,2,2,0.375,0.0416666666666666,0.0208333333333333
handle-only-drop-residual,this-work,user-certified,primary,6,cdaeb0f8b44f6408dc37cba784f4166108b373f0004b67c63231296457b4b9fe,1.0,2,6,1.0,0.75,0.5,0.75,0.5,0.75,0.74,0.5,False,0.5,0.4999999999999999,0.5,0.5000000000000001,1.0,1.0,plan-c,1.0,0.3781609195402299,0.3781609195402299,0.0,1316,0,0,1316,1.0,4.601346964378938,0.0337924999912502,0.0003477443375569,0.0003508256269539,fallback_bound,a8e57e3494584f0726dfeb0035d367e2fe6d2b0123b4b5671c16e234e77791af,8.0,0.75,8.0,0.7415653755729036,2,2,0.375,0.0416666666666666,0.0208333333333333
unitscope-equal,this-work,user-certified,primary,6,cdaeb0f8b44f6408dc37cba784f4166108b373f0004b67c63231296457b4b9fe,0.25,2,6,1.0,0.75,0.5,0.75,0.5,0.75,0.74,0.5,False,0.5,0.4999999999999999,0.5,0.5000000000000001,1.0,1.0,plan-c,1.0,1.0,0.3781609195402299,0.6218390804597701,1316,1557,0,2873,1.0,2.1736946102634245,0.0513639000128023,0.0006260648868005,0.0006139917770331,fallback_bound,a8e57e3494584f0726dfeb0035d367e2fe6d2b0123b4b5671c16e234e77791af,8.0,0.75,8.0,0.7415653755729036,2,2,0.375,0.0416666666666666,0.0208333333333333
unitscope-tuned,this-work,user-certified,primary,6,cdaeb0f8b44f6408dc37cba784f4166108b373f0004b67c63231296457b4b9fe,0.75,2,6,1.0,0.75,0.5,0.75,0.5,0.75,0.74,0.5,False,0.5,0.4999999999999999,0.5,0.5000000000000001,1.0,1.0,plan-c,1.0,1.0,0.3781609195402299,0.6218390804597701,1316,1557,0,2873,1.0,3.76225925850084,0.0347622999979648,0.000397117708203,0.0003951475312119,fallback_bound,a8e57e3494584f0726dfeb0035d367e2fe6d2b0123b4b5671c16e234e77791af,8.0,0.75,8.0,0.7415653755729036,2,2,0.375,0.0416666666666666,0.0208333333333333
naive-recalibrated-2c,this-work,user-certified,primary,6,cdaeb0f8b44f6408dc37cba784f4166108b373f0004b67c63231296457b4b9fe,,2,6,1.0,0.75,0.5,0.75,0.5,0.75,0.74,0.5,False,0.5,0.4999999999999999,0.5,0.5000000000000001,2.0,2.0,plan-delta,2.0,1.0,0.3781609195402299,0.6218390804597701,1316,1557,0,2873,1.0,2.944845132125792,0.0344484999950509,0.0001665548282231,0.000247238997877,fallback_bound,a8e57e3494584f0726dfeb0035d367e2fe6d2b0123b4b5671c16e234e77791af,8.0,0.75,8.0,0.7415653755729036,2,2,0.375,0.0416666666666666,0.0208333333333333
full-identity-reference,oracle,oracle-assumption,full-identity-reference,6,cdaeb0f8b44f6408dc37cba784f4166108b373f0004b67c63231296457b4b9fe,,2,6,1.0,0.75,0.5,0.75,0.5,0.75,0.74,0.5,False,0.5,0.4999999999999999,0.5,0.5000000000000001,1.0,1.0,plan-c,1.0,1.0,0.0,0.0,0,0,0,1000,1.0,6.790644185865935,0.0408738999976776,0.0,2.826786766778013e-05,fallback_bound,a8e57e3494584f0726dfeb0035d367e2fe6d2b0123b4b5671c16e234e77791af,8.0,0.75,8.0,0.7415653755729036,2,2,0.375,0.0416666666666666,0.0208333333333333
non-private-reference,oracle,non-private,diagnostic,6,cdaeb0f8b44f6408dc37cba784f4166108b373f0004b67c63231296457b4b9fe,,2,6,1.0,0.75,0.5,0.75,0.5,0.75,0.74,0.5,False,0.5,0.4999999999999999,0.5,0.5000000000000001,,,non-private,0.0,1.0,0.0,0.0,0,0,0,0,0.0,inf,0.0189477000094484,0.0010544449245296,0.0010544449245296,fallback_bound,a8e57e3494584f0726dfeb0035d367e2fe6d2b0123b4b5671c16e234e77791af,8.0,0.75,8.0,0.7415653755729036,2,2,0.375,0.0416666666666666,0.0208333333333333
naive-claimed-c,this-work,unsafe-diagnostic,diagnostic,6,cdaeb0f8b44f6408dc37cba784f4166108b373f0004b67c63231296457b4b9fe,,2,6,1.0,0.75,0.5,0.75,0.5,0.75,0.74,0.5,False,0.5,0.4999999999999999,0.5,0.5000000000000001,,2.0,unsafe-diagnostic,1.0,1.0,0.3781609195402299,0.6218390804597701,1316,1557,0,2873,1.0,5.889690264251583,0.0368477999872993,0.0001665548282231,0.0001786290453823,fallback_bound,a8e57e3494584f0726dfeb0035d367e2fe6d2b0123b4b5671c16e234e77791af,8.0,0.75,8.0,0.7415653755729036,2,2,0.375,0.0416666666666666,0.0208333333333333
stable-local-fallback,this-work,user-certified,primary,7,cdaeb0f8b44f6408dc37cba784f4166108b373f0004b67c63231296457b4b9fe,0.0,2,6,1.0,0.75,0.5,0.75,0.5,0.75,0.753,0.5,False,0.5,0.4999999999999999,0.5,0.5000000000000001,1.0,1.0,plan-c,1.0,1.0,0.0,1.0,0,1753,0,1753,1.0,1.3981260664049993,0.0251367000018944,0.0004898665097974,0.0005460793841884,fallback_bound,a8e57e3494584f0726dfeb0035d367e2fe6d2b0123b4b5671c16e234e77791af,8.0,0.75,8.0,0.7415653755729036,2,2,0.375,0.0416666666666666,0.0208333333333333
handle-only-drop-residual,this-work,user-certified,primary,7,cdaeb0f8b44f6408dc37cba784f4166108b373f0004b67c63231296457b4b9fe,1.0,2,6,1.0,0.75,0.5,0.75,0.5,0.75,0.753,0.5,False,0.5,0.4999999999999999,0.5,0.5000000000000001,1.0,1.0,plan-c,1.0,0.372219053051911,0.372219053051911,0.0,1305,0,0,1305,1.0,3.684470476427727,0.033541899989359,0.0003114125743416,0.0004005378834063,fallback_bound,a8e57e3494584f0726dfeb0035d367e2fe6d2b0123b4b5671c16e234e77791af,8.0,0.75,8.0,0.7415653755729036,2,2,0.375,0.0416666666666666,0.0208333333333333
unitscope-equal,this-work,user-certified,primary,7,cdaeb0f8b44f6408dc37cba784f4166108b373f0004b67c63231296457b4b9fe,0.25,2,6,1.0,0.75,0.5,0.75,0.5,0.75,0.753,0.5,False,0.5,0.4999999999999999,0.5,0.5000000000000001,1.0,1.0,plan-c,1.0,1.0,0.372219053051911,0.627780946948089,1305,1559,0,2864,1.0,1.729761827882784,0.036329199996544,0.0004338525514941,0.0004955167234883,fallback_bound,a8e57e3494584f0726dfeb0035d367e2fe6d2b0123b4b5671c16e234e77791af,8.0,0.75,8.0,0.7415653755729036,2,2,0.375,0.0416666666666666,0.0208333333333333
unitscope-tuned,this-work,user-certified,primary,7,cdaeb0f8b44f6408dc37cba784f4166108b373f0004b67c63231296457b4b9fe,0.75,2,6,1.0,0.75,0.5,0.75,0.5,0.75,0.753,0.5,False,0.5,0.4999999999999999,0.5,0.5000000000000001,1.0,1.0,plan-c,1.0,1.0,0.372219053051911,0.627780946948089,1305,1559,0,2864,1.0,3.0032655998362547,0.0342609999934211,0.0003193870712227,0.0003993586679305,fallback_bound,a8e57e3494584f0726dfeb0035d367e2fe6d2b0123b4b5671c16e234e77791af,8.0,0.75,8.0,0.7415653755729036,2,2,0.375,0.0416666666666666,0.0208333333333333
naive-recalibrated-2c,this-work,user-certified,primary,7,cdaeb0f8b44f6408dc37cba784f4166108b373f0004b67c63231296457b4b9fe,,2,6,1.0,0.75,0.5,0.75,0.5,0.75,0.753,0.5,False,0.5,0.4999999999999999,0.5,0.5000000000000001,2.0,2.0,plan-delta,2.0,1.0,0.372219053051911,0.627780946948089,1305,1559,0,2864,1.0,2.3434707934324197,0.0362555000028805,0.0001842475431415,0.0004067562634803,fallback_bound,a8e57e3494584f0726dfeb0035d367e2fe6d2b0123b4b5671c16e234e77791af,8.0,0.75,8.0,0.7415653755729036,2,2,0.375,0.0416666666666666,0.0208333333333333
full-identity-reference,oracle,oracle-assumption,full-identity-reference,7,cdaeb0f8b44f6408dc37cba784f4166108b373f0004b67c63231296457b4b9fe,,2,6,1.0,0.75,0.5,0.75,0.5,0.75,0.753,0.5,False,0.5,0.4999999999999999,0.5,0.5000000000000001,1.0,1.0,plan-c,1.0,1.0,0.0,0.0,0,0,0,1000,1.0,5.269456490207377,0.0459881999995559,0.0,3.194533304464665e-05,fallback_bound,a8e57e3494584f0726dfeb0035d367e2fe6d2b0123b4b5671c16e234e77791af,8.0,0.75,8.0,0.7415653755729036,2,2,0.375,0.0416666666666666,0.0208333333333333
non-private-reference,oracle,non-private,diagnostic,7,cdaeb0f8b44f6408dc37cba784f4166108b373f0004b67c63231296457b4b9fe,,2,6,1.0,0.75,0.5,0.75,0.5,0.75,0.753,0.5,False,0.5,0.4999999999999999,0.5,0.5000000000000001,,,non-private,0.0,1.0,0.0,0.0,0,0,0,0,0.0,inf,0.0202212000003783,0.0008150035796582,0.0008150035796582,fallback_bound,a8e57e3494584f0726dfeb0035d367e2fe6d2b0123b4b5671c16e234e77791af,8.0,0.75,8.0,0.7415653755729036,2,2,0.375,0.0416666666666666,0.0208333333333333
naive-claimed-c,this-work,unsafe-diagnostic,diagnostic,7,cdaeb0f8b44f6408dc37cba784f4166108b373f0004b67c63231296457b4b9fe,,2,6,1.0,0.75,0.5,0.75,0.5,0.75,0.753,0.5,False,0.5,0.4999999999999999,0.5,0.5000000000000001,,2.0,unsafe-diagnostic,1.0,1.0,0.372219053051911,0.627780946948089,1305,1559,0,2864,1.0,4.686941586864839,0.0656461000035051,0.0001842475431415,0.0002635565702662,fallback_bound,a8e57e3494584f0726dfeb0035d367e2fe6d2b0123b4b5671c16e234e77791af,8.0,0.75,8.0,0.7415653755729036,2,2,0.375,0.0416666666666666,0.0208333333333333
stable-local-fallback,this-work,user-certified,primary,8,cdaeb0f8b44f6408dc37cba784f4166108b373f0004b67c63231296457b4b9fe,0.0,2,6,1.0,0.75,0.5,0.75,0.5,0.75,0.74,0.5,False,0.5,0.4999999999999999,0.5,0.5000000000000001,1.0,1.0,plan-c,1.0,1.0,0.0,1.0,0,1740,0,1740,1.0,1.6003073603879785,0.0236722999979974,0.0007161305023071,0.0008973844084825,fallback_bound,a8e57e3494584f0726dfeb0035d367e2fe6d2b0123b4b5671c16e234e77791af,8.0,0.75,8.0,0.7415653755729036,2,2,0.375,0.0416666666666666,0.0208333333333333
handle-only-drop-residual,this-work,user-certified,primary,8,cdaeb0f8b44f6408dc37cba784f4166108b373f0004b67c63231296457b4b9fe,1.0,2,6,1.0,0.75,0.5,0.75,0.5,0.75,0.74,0.5,False,0.5,0.4999999999999999,0.5,0.5000000000000001,1.0,1.0,plan-c,1.0,0.3747126436781609,0.3747126436781609,0.0,1304,0,0,1304,1.0,4.614118132176231,0.034513100006734,0.0002538776836328,0.0003685614958147,fallback_bound,a8e57e3494584f0726dfeb0035d367e2fe6d2b0123b4b5671c16e234e77791af,8.0,0.75,8.0,0.7415653755729036,2,2,0.375,0.0416666666666666,0.0208333333333333
unitscope-equal,this-work,user-certified,primary,8,cdaeb0f8b44f6408dc37cba784f4166108b373f0004b67c63231296457b4b9fe,0.25,2,6,1.0,0.75,0.5,0.75,0.5,0.75,0.74,0.5,False,0.5,0.4999999999999999,0.5,0.5000000000000001,1.0,1.0,plan-c,1.0,1.0,0.3747126436781609,0.6252873563218391,1304,1545,0,2849,1.0,2.115676152717288,0.0354640000005019,0.0005716274698283,0.0007438793011174,fallback_bound,a8e57e3494584f0726dfeb0035d367e2fe6d2b0123b4b5671c16e234e77791af,8.0,0.75,8.0,0.7415653755729036,2,2,0.375,0.0416666666666666,0.0208333333333333
unitscope-tuned,this-work,user-certified,primary,8,cdaeb0f8b44f6408dc37cba784f4166108b373f0004b67c63231296457b4b9fe,0.75,2,6,1.0,0.75,0.5,0.75,0.5,0.75,0.74,0.5,False,0.5,0.4999999999999999,0.5,0.5000000000000001,1.0,1.0,plan-c,1.0,1.0,0.3747126436781609,0.6252873563218391,1304,1545,0,2849,1.0,3.761295208920646,0.0358571999968262,0.0002999916367576,0.0004338647886419,fallback_bound,a8e57e3494584f0726dfeb0035d367e2fe6d2b0123b4b5671c16e234e77791af,8.0,0.75,8.0,0.7415653755729036,2,2,0.375,0.0416666666666666,0.0208333333333333
naive-recalibrated-2c,this-work,user-certified,primary,8,cdaeb0f8b44f6408dc37cba784f4166108b373f0004b67c63231296457b4b9fe,,2,6,1.0,0.75,0.5,0.75,0.5,0.75,0.74,0.5,False,0.5,0.4999999999999999,0.5,0.5000000000000001,2.0,2.0,plan-delta,2.0,1.0,0.3747126436781609,0.6252873563218391,1304,1545,0,2849,1.0,2.9227854517821057,0.034718700000667,0.0001388473849921,0.0003603150339269,fallback_bound,a8e57e3494584f0726dfeb0035d367e2fe6d2b0123b4b5671c16e234e77791af,8.0,0.75,8.0,0.7415653755729036,2,2,0.375,0.0416666666666666,0.0208333333333333
full-identity-reference,oracle,oracle-assumption,full-identity-reference,8,cdaeb0f8b44f6408dc37cba784f4166108b373f0004b67c63231296457b4b9fe,,2,6,1.0,0.75,0.5,0.75,0.5,0.75,0.74,0.5,False,0.5,0.4999999999999999,0.5,0.5000000000000001,1.0,1.0,plan-c,1.0,1.0,0.0,0.0,0,0,0,1000,1.0,5.864605105890776,0.0459688999981153,0.0,3.888141977657693e-05,fallback_bound,a8e57e3494584f0726dfeb0035d367e2fe6d2b0123b4b5671c16e234e77791af,8.0,0.75,8.0,0.7415653755729036,2,2,0.375,0.0416666666666666,0.0208333333333333
non-private-reference,oracle,non-private,diagnostic,8,cdaeb0f8b44f6408dc37cba784f4166108b373f0004b67c63231296457b4b9fe,,2,6,1.0,0.75,0.5,0.75,0.5,0.75,0.74,0.5,False,0.5,0.4999999999999999,0.5,0.5000000000000001,,,non-private,0.0,1.0,0.0,0.0,0,0,0,0,0.0,inf,0.0208165000076405,0.0013100686235273,0.0013100686235273,fallback_bound,a8e57e3494584f0726dfeb0035d367e2fe6d2b0123b4b5671c16e234e77791af,8.0,0.75,8.0,0.7415653755729036,2,2,0.375,0.0416666666666666,0.0208333333333333
naive-claimed-c,this-work,unsafe-diagnostic,diagnostic,8,cdaeb0f8b44f6408dc37cba784f4166108b373f0004b67c63231296457b4b9fe,,2,6,1.0,0.75,0.5,0.75,0.5,0.75,0.74,0.5,False,0.5,0.4999999999999999,0.5,0.5000000000000001,,2.0,unsafe-diagnostic,1.0,1.0,0.3747126436781609,0.6252873563218391,1304,1545,0,2849,1.0,5.845570903564211,0.0331577000033576,0.0001388473849921,0.0002106997896829,fallback_bound,a8e57e3494584f0726dfeb0035d367e2fe6d2b0123b4b5671c16e234e77791af,8.0,0.75,8.0,0.7415653755729036,2,2,0.375,0.0416666666666666,0.0208333333333333
stable-local-fallback,this-work,user-certified,primary,9,cdaeb0f8b44f6408dc37cba784f4166108b373f0004b67c63231296457b4b9fe,0.0,2,6,1.0,0.75,0.5,0.75,0.5,0.75,0.727,0.5,False,0.5,0.4999999999999999,0.5,0.5000000000000001,1.0,1.0,plan-c,1.0,1.0,0.0,1.0,0,1727,0,1727,1.0,1.4887328766445826,0.0239280999958282,0.000513366796915,0.0005545727289295,fallback_bound,a8e57e3494584f0726dfeb0035d367e2fe6d2b0123b4b5671c16e234e77791af,8.0,0.75,8.0,0.7415653755729036,2,2,0.375,0.0416666666666666,0.0208333333333333
handle-only-drop-residual,this-work,user-certified,primary,9,cdaeb0f8b44f6408dc37cba784f4166108b373f0004b67c63231296457b4b9fe,1.0,2,6,1.0,0.75,0.5,0.75,0.5,0.75,0.727,0.5,False,0.5,0.4999999999999999,0.5,0.5000000000000001,1.0,1.0,plan-c,1.0,0.3755066589461494,0.3755066589461494,0.0,1297,0,0,1297,1.0,4.04575181643008,0.0624353000021074,0.0004088078141732,0.0004599389856065,fallback_bound,a8e57e3494584f0726dfeb0035d367e2fe6d2b0123b4b5671c16e234e77791af,8.0,0.75,8.0,0.7415653755729036,2,2,0.375,0.0416666666666666,0.0208333333333333
unitscope-equal,this-work,user-certified,primary,9,cdaeb0f8b44f6408dc37cba784f4166108b373f0004b67c63231296457b4b9fe,0.25,2,6,1.0,0.75,0.5,0.75,0.5,0.75,0.727,0.5,False,0.5,0.4999999999999999,0.5,0.5000000000000001,1.0,1.0,plan-c,1.0,1.0,0.3755066589461494,0.6244933410538506,1297,1540,0,2837,1.0,1.8595985696258692,0.0338765000051353,0.0004529565514547,0.0004940240149908,fallback_bound,a8e57e3494584f0726dfeb0035d367e2fe6d2b0123b4b5671c16e234e77791af,8.0,0.75,8.0,0.7415653755729036,2,2,0.375,0.0416666666666666,0.0208333333333333
unitscope-tuned,this-work,user-certified,primary,9,cdaeb0f8b44f6408dc37cba784f4166108b373f0004b67c63231296457b4b9fe,0.75,2,6,1.0,0.75,0.5,0.75,0.5,0.75,0.727,0.5,False,0.5,0.4999999999999999,0.5,0.5000000000000001,1.0,1.0,plan-c,1.0,1.0,0.3755066589461494,0.6244933410538506,1297,1540,0,2837,1.0,3.270017489645733,0.0362947999965399,0.0003836115256241,0.0004313881277583,fallback_bound,a8e57e3494584f0726dfeb0035d367e2fe6d2b0123b4b5671c16e234e77791af,8.0,0.75,8.0,0.7415653755729036,2,2,0.375,0.0416666666666666,0.0208333333333333
naive-recalibrated-2c,this-work,user-certified,primary,9,cdaeb0f8b44f6408dc37cba784f4166108b373f0004b67c63231296457b4b9fe,,2,6,1.0,0.75,0.5,0.75,0.5,0.75,0.727,0.5,False,0.5,0.4999999999999999,0.5,0.5000000000000001,2.0,2.0,plan-delta,2.0,1.0,0.3755066589461494,0.6244933410538506,1297,1540,0,2837,1.0,2.527781783024675,0.0350416000001132,0.0002402078435454,0.0003898662949491,fallback_bound,a8e57e3494584f0726dfeb0035d367e2fe6d2b0123b4b5671c16e234e77791af,8.0,0.75,8.0,0.7415653755729036,2,2,0.375,0.0416666666666666,0.0208333333333333
full-identity-reference,oracle,oracle-assumption,full-identity-reference,9,cdaeb0f8b44f6408dc37cba784f4166108b373f0004b67c63231296457b4b9fe,,2,6,1.0,0.75,0.5,0.75,0.5,0.75,0.727,0.5,False,0.5,0.4999999999999999,0.5,0.5000000000000001,1.0,1.0,plan-c,1.0,1.0,0.0,0.0,0,0,0,1000,1.0,5.648362060019918,0.042354899997008,0.0,2.909586366824385e-05,fallback_bound,a8e57e3494584f0726dfeb0035d367e2fe6d2b0123b4b5671c16e234e77791af,8.0,0.75,8.0,0.7415653755729036,2,2,0.375,0.0416666666666666,0.0208333333333333
non-private-reference,oracle,non-private,diagnostic,9,cdaeb0f8b44f6408dc37cba784f4166108b373f0004b67c63231296457b4b9fe,,2,6,1.0,0.75,0.5,0.75,0.5,0.75,0.727,0.5,False,0.5,0.4999999999999999,0.5,0.5000000000000001,,,non-private,0.0,1.0,0.0,0.0,0,0,0,0,0.0,inf,0.0198965000017778,0.0008195914157725,0.0008195914157725,fallback_bound,a8e57e3494584f0726dfeb0035d367e2fe6d2b0123b4b5671c16e234e77791af,8.0,0.75,8.0,0.7415653755729036,2,2,0.375,0.0416666666666666,0.0208333333333333
naive-claimed-c,this-work,unsafe-diagnostic,diagnostic,9,cdaeb0f8b44f6408dc37cba784f4166108b373f0004b67c63231296457b4b9fe,,2,6,1.0,0.75,0.5,0.75,0.5,0.75,0.727,0.5,False,0.5,0.4999999999999999,0.5,0.5000000000000001,,2.0,unsafe-diagnostic,1.0,1.0,0.3755066589461494,0.6244933410538506,1297,1540,0,2837,1.0,5.05556356604935,0.0334957000013673,0.0002402078435454,0.000285941205579,fallback_bound,a8e57e3494584f0726dfeb0035d367e2fe6d2b0123b4b5671c16e234e77791af,8.0,0.75,8.0,0.7415653755729036,2,2,0.375,0.0416666666666666,0.0208333333333333
stable-local-fallback,this-work,user-certified,primary,0,cdaeb0f8b44f6408dc37cba784f4166108b373f0004b67c63231296457b4b9fe,0.0,2,6,1.0,0.75,0.5,0.75,0.5,0.75,0.753,0.5,True,0.5,0.4999999999999999,0.5,0.5000000000000001,1.0,1.0,plan-c,1.0,1.0,0.0,1.0,0,0,1753,1753,1.0,0.6882992766029215,0.0254506999917794,0.0009762545669197,0.0010377890016765,fallback_bound,8c3fff9366de48c1be14c5f849a44219c74b1089856621f707e02656037a4125,8.0,0.75,8.0,0.7415653755729036,2,2,0.375,0.0416666666666666,0.0208333333333333
handle-only-drop-residual,this-work,user-certified,primary,0,cdaeb0f8b44f6408dc37cba784f4166108b373f0004b67c63231296457b4b9fe,1.0,2,6,1.0,0.75,0.5,0.75,0.5,0.75,0.753,0.5,True,0.5,0.4999999999999999,0.5,0.5000000000000001,1.0,1.0,plan-c,1.0,0.376782658300057,0.376782658300057,0.0,1321,0,0,1321,1.0,3.818124340697683,0.0355911000078776,0.0003747781612295,0.0004285884934897,fallback_bound,8c3fff9366de48c1be14c5f849a44219c74b1089856621f707e02656037a4125,8.0,0.75,8.0,0.7415653755729036,2,2,0.375,0.0416666666666666,0.0208333333333333
unitscope-equal,this-work,user-certified,primary,0,cdaeb0f8b44f6408dc37cba784f4166108b373f0004b67c63231296457b4b9fe,0.25,2,6,1.0,0.75,0.5,0.75,0.5,0.75,0.753,0.5,True,0.5,0.4999999999999999,0.5,0.5000000000000001,1.0,1.0,plan-c,1.0,1.0,0.376782658300057,0.6232173416999429,1321,0,1551,2872,1.0,1.342258353239194,0.0408250999898882,0.0007622121082483,0.0008209151104932,fallback_bound,8c3fff9366de48c1be14c5f849a44219c74b1089856621f707e02656037a4125,8.0,0.75,8.0,0.7415653755729036,2,2,0.375,0.0416666666666666,0.0208333333333333
unitscope-tuned,this-work,user-certified,primary,0,cdaeb0f8b44f6408dc37cba784f4166108b373f0004b67c63231296457b4b9fe,0.75,2,6,1.0,0.75,0.5,0.75,0.5,0.75,0.753,0.5,True,0.5,0.4999999999999999,0.5,0.5000000000000001,1.0,1.0,plan-c,1.0,1.0,0.376782658300057,0.6232173416999429,1321,0,1551,2872,1.0,2.9839683643127755,0.0353931000136071,0.0004418955074682,0.0004973367297233,fallback_bound,8c3fff9366de48c1be14c5f849a44219c74b1089856621f707e02656037a4125,8.0,0.75,8.0,0.7415653755729036,2,2,0.375,0.0416666666666666,0.0208333333333333
naive-recalibrated-2c,this-work,user-certified,primary,0,cdaeb0f8b44f6408dc37cba784f4166108b373f0004b67c63231296457b4b9fe,,2,6,1.0,0.75,0.5,0.75,0.5,0.75,0.753,0.5,True,0.5,0.4999999999999999,0.5,0.5000000000000001,2.0,2.0,plan-delta,2.0,1.0,0.376782658300057,0.6232173416999429,1321,0,1551,2872,1.0,2.155286957187732,0.0343626999965636,0.0002750127720436,0.0004672970895516,fallback_bound,8c3fff9366de48c1be14c5f849a44219c74b1089856621f707e02656037a4125,8.0,0.75,8.0,0.7415653755729036,2,2,0.375,0.0416666666666666,0.0208333333333333
full-identity-reference,oracle,oracle-assumption,full-identity-reference,0,cdaeb0f8b44f6408dc37cba784f4166108b373f0004b67c63231296457b4b9fe,,2,6,1.0,0.75,0.5,0.75,0.5,0.75,0.753,0.5,True,0.5,0.4999999999999999,0.5,0.5000000000000001,1.0,1.0,plan-c,1.0,1.0,0.0,0.0,0,0,0,1000,1.0,5.3919700659430765,0.0420859000005293,0.0,4.382932526256053e-05,fallback_bound,8c3fff9366de48c1be14c5f849a44219c74b1089856621f707e02656037a4125,8.0,0.75,8.0,0.7415653755729036,2,2,0.375,0.0416666666666666,0.0208333333333333
non-private-reference,oracle,non-private,diagnostic,0,cdaeb0f8b44f6408dc37cba784f4166108b373f0004b67c63231296457b4b9fe,,2,6,1.0,0.75,0.5,0.75,0.5,0.75,0.753,0.5,True,0.5,0.4999999999999999,0.5,0.5000000000000001,,,non-private,0.0,1.0,0.0,0.0,0,0,0,0,0.0,inf,0.021360899991123,0.0009896145859756,0.0009896145859756,fallback_bound,8c3fff9366de48c1be14c5f849a44219c74b1089856621f707e02656037a4125,8.0,0.75,8.0,0.7415653755729036,2,2,0.375,0.0416666666666666,0.0208333333333333
naive-claimed-c,this-work,unsafe-diagnostic,diagnostic,0,cdaeb0f8b44f6408dc37cba784f4166108b373f0004b67c63231296457b4b9fe,,2,6,1.0,0.75,0.5,0.75,0.5,0.75,0.753,0.5,True,0.5,0.4999999999999999,0.5,0.5000000000000001,,2.0,unsafe-diagnostic,1.0,1.0,0.376782658300057,0.6232173416999429,1321,0,1551,2872,1.0,4.310573914375464,0.0616472000110661,0.0002750127720436,0.000327325605535,fallback_bound,8c3fff9366de48c1be14c5f849a44219c74b1089856621f707e02656037a4125,8.0,0.75,8.0,0.7415653755729036,2,2,0.375,0.0416666666666666,0.0208333333333333
stable-local-fallback,this-work,user-certified,primary,1,cdaeb0f8b44f6408dc37cba784f4166108b373f0004b67c63231296457b4b9fe,0.0,2,6,1.0,0.75,0.5,0.75,0.5,0.75,0.747,0.5,True,0.5,0.4999999999999999,0.5,0.5000000000000001,1.0,1.0,plan-c,1.0,1.0,0.0,1.0,0,0,1747,1747,1.0,0.719793809102324,0.0231798999884631,0.00080249987876,0.0008529014779303,fallback_bound,8c3fff9366de48c1be14c5f849a44219c74b1089856621f707e02656037a4125,8.0,0.75,8.0,0.7415653755729036,2,2,0.375,0.0416666666666666,0.0208333333333333
handle-only-drop-residual,this-work,user-certified,primary,1,cdaeb0f8b44f6408dc37cba784f4166108b373f0004b67c63231296457b4b9fe,1.0,2,6,1.0,0.75,0.5,0.75,0.5,0.75,0.747,0.5,True,0.5,0.4999999999999999,0.5,0.5000000000000001,1.0,1.0,plan-c,1.0,0.3777904979965655,0.3777904979965655,0.0,1320,0,0,1320,1.0,4.049792358551845,0.032509900003788,0.0004679587074854,0.0005397622034925,fallback_bound,8c3fff9366de48c1be14c5f849a44219c74b1089856621f707e02656037a4125,8.0,0.75,8.0,0.7415653755729036,2,2,0.375,0.0416666666666666,0.0208333333333333
unitscope-equal,this-work,user-certified,primary,1,cdaeb0f8b44f6408dc37cba784f4166108b373f0004b67c63231296457b4b9fe,0.25,2,6,1.0,0.75,0.5,0.75,0.5,0.75,0.747,0.5,True,0.5,0.4999999999999999,0.5,0.5000000000000001,1.0,1.0,plan-c,1.0,1.0,0.3777904979965655,0.6222095020034345,1320,0,1540,2860,1.0,1.416244702165308,0.0340832000074442,0.0006477752136317,0.0007024435755058,fallback_bound,8c3fff9366de48c1be14c5f849a44219c74b1089856621f707e02656037a4125,8.0,0.75,8.0,0.7415653755729036,2,2,0.375,0.0416666666666666,0.0208333333333333
unitscope-tuned,this-work,user-certified,primary,1,cdaeb0f8b44f6408dc37cba784f4166108b373f0004b67c63231296457b4b9fe,0.75,2,6,1.0,0.75,0.5,0.75,0.5,0.75,0.747,0.5,True,0.5,0.4999999999999999,0.5,0.5000000000000001,1.0,1.0,plan-c,1.0,1.0,0.3777904979965655,0.6222095020034345,1320,0,1540,2860,1.0,3.155175440715893,0.0335240999993402,0.0004750441346847,0.0005411359193141,fallback_bound,8c3fff9366de48c1be14c5f849a44219c74b1089856621f707e02656037a4125,8.0,0.75,8.0,0.7415653755729036,2,2,0.375,0.0416666666666666,0.0208333333333333
naive-recalibrated-2c,this-work,user-certified,primary,1,cdaeb0f8b44f6408dc37cba784f4166108b373f0004b67c63231296457b4b9fe,,2,6,1.0,0.75,0.5,0.75,0.5,0.75,0.747,0.5,True,0.5,0.4999999999999999,0.5,0.5000000000000001,2.0,2.0,plan-delta,2.0,1.0,0.3777904979965655,0.6222095020034345,1320,0,1540,2860,1.0,2.2708535175212994,0.0339164000033633,0.0003548850918385,0.0005572572635743,fallback_bound,8c3fff9366de48c1be14c5f849a44219c74b1089856621f707e02656037a4125,8.0,0.75,8.0,0.7415653755729036,2,2,0.375,0.0416666666666666,0.0208333333333333
full-identity-reference,oracle,oracle-assumption,full-identity-reference,1,cdaeb0f8b44f6408dc37cba784f4166108b373f0004b67c63231296457b4b9fe,,2,6,1.0,0.75,0.5,0.75,0.5,0.75,0.747,0.5,True,0.5,0.4999999999999999,0.5,0.5000000000000001,1.0,1.0,plan-c,1.0,1.0,0.0,0.0,0,0,0,1000,1.0,5.709739005623294,0.0426221999950939,0.0,3.2084292219098765e-05,fallback_bound,8c3fff9366de48c1be14c5f849a44219c74b1089856621f707e02656037a4125,8.0,0.75,8.0,0.7415653755729036,2,2,0.375,0.0416666666666666,0.0208333333333333
non-private-reference,oracle,non-private,diagnostic,1,cdaeb0f8b44f6408dc37cba784f4166108b373f0004b67c63231296457b4b9fe,,2,6,1.0,0.75,0.5,0.75,0.5,0.75,0.747,0.5,True,0.5,0.4999999999999999,0.5,0.5000000000000001,,,non-private,0.0,1.0,0.0,0.0,0,0,0,0,0.0,inf,0.0197541000088676,0.0007473834350982,0.0007473834350982,fallback_bound,8c3fff9366de48c1be14c5f849a44219c74b1089856621f707e02656037a4125,8.0,0.75,8.0,0.7415653755729036,2,2,0.375,0.0416666666666666,0.0208333333333333
naive-claimed-c,this-work,unsafe-diagnostic,diagnostic,1,cdaeb0f8b44f6408dc37cba784f4166108b373f0004b67c63231296457b4b9fe,,2,6,1.0,0.75,0.5,0.75,0.5,0.75,0.747,0.5,True,0.5,0.4999999999999999,0.5,0.5000000000000001,,2.0,unsafe-diagnostic,1.0,1.0,0.3777904979965655,0.6222095020034345,1320,0,1540,2860,1.0,4.541707035042599,0.0352062000019941,0.0003548850918385,0.0004239868854873,fallback_bound,8c3fff9366de48c1be14c5f849a44219c74b1089856621f707e02656037a4125,8.0,0.75,8.0,0.7415653755729036,2,2,0.375,0.0416666666666666,0.0208333333333333
stable-local-fallback,this-work,user-certified,primary,2,cdaeb0f8b44f6408dc37cba784f4166108b373f0004b67c63231296457b4b9fe,0.0,2,6,1.0,0.75,0.5,0.75,0.5,0.75,0.747,0.5,True,0.5,0.4999999999999999,0.5,0.5000000000000001,1.0,1.0,plan-c,1.0,1.0,0.0,1.0,0,0,1747,1747,1.0,0.694373185943994,0.0251228999986778,0.0007264295137207,0.0008381934591112,fallback_bound,8c3fff9366de48c1be14c5f849a44219c74b1089856621f707e02656037a4125,8.0,0.75,8.0,0.7415653755729036,2,2,0.375,0.0416666666666666,0.0208333333333333
handle-only-drop-residual,this-work,user-certified,primary,2,cdaeb0f8b44f6408dc37cba784f4166108b373f0004b67c63231296457b4b9fe,1.0,2,6,1.0,0.75,0.5,0.75,0.5,0.75,0.747,0.5,True,0.5,0.4999999999999999,0.5,0.5000000000000001,1.0,1.0,plan-c,1.0,0.3737836290784201,0.3737836290784201,0.0,1306,0,0,1306,1.0,3.597003782480754,0.0693895000003976,0.0003826957206673,0.0004624847009716,fallback_bound,8c3fff9366de48c1be14c5f849a44219c74b1089856621f707e02656037a4125,8.0,0.75,8.0,0.7415653755729036,2,2,0.375,0.0416666666666666,0.0208333333333333
unitscope-equal,this-work,user-certified,primary,2,cdaeb0f8b44f6408dc37cba784f4166108b373f0004b67c63231296457b4b9fe,0.25,2,6,1.0,0.75,0.5,0.75,0.5,0.75,0.747,0.5,True,0.5,0.4999999999999999,0.5,0.5000000000000001,1.0,1.0,plan-c,1.0,1.0,0.3737836290784201,0.6262163709215799,1306,0,1579,2885,1.0,1.2873976424344804,0.034986900005606,0.0005895590885501,0.0006950128688954,fallback_bound,8c3fff9366de48c1be14c5f849a44219c74b1089856621f707e02656037a4125,8.0,0.75,8.0,0.7415653755729036,2,2,0.375,0.0416666666666666,0.0208333333333333
unitscope-tuned,this-work,user-certified,primary,2,cdaeb0f8b44f6408dc37cba784f4166108b373f0004b67c63231296457b4b9fe,0.75,2,6,1.0,0.75,0.5,0.75,0.5,0.75,0.747,0.5,True,0.5,0.4999999999999999,0.5,0.5000000000000001,1.0,1.0,plan-c,1.0,1.0,0.3737836290784201,0.6262163709215799,1306,0,1579,2885,1.0,2.8148511434873558,0.0353752999944845,0.0004076430643612,0.0004959869780124,fallback_bound,8c3fff9366de48c1be14c5f849a44219c74b1089856621f707e02656037a4125,8.0,0.75,8.0,0.7415653755729036,2,2,0.375,0.0416666666666666,0.0208333333333333
naive-recalibrated-2c,this-work,user-certified,primary,2,cdaeb0f8b44f6408dc37cba784f4166108b373f0004b67c63231296457b4b9fe,,2,6,1.0,0.75,0.5,0.75,0.5,0.75,0.747,0.5,True,0.5,0.4999999999999999,0.5,0.5000000000000001,2.0,2.0,plan-delta,2.0,1.0,0.3737836290784201,0.6262163709215799,1306,0,1579,2885,1.0,2.0403526948823663,0.0333059999975375,0.0002871188970664,0.0004965543621187,fallback_bound,8c3fff9366de48c1be14c5f849a44219c74b1089856621f707e02656037a4125,8.0,0.75,8.0,0.7415653755729036,2,2,0.375,0.0416666666666666,0.0208333333333333
full-identity-reference,oracle,oracle-assumption,full-identity-reference,2,cdaeb0f8b44f6408dc37cba784f4166108b373f0004b67c63231296457b4b9fe,,2,6,1.0,0.75,0.5,0.75,0.5,0.75,0.747,0.5,True,0.5,0.4999999999999999,0.5,0.5000000000000001,1.0,1.0,plan-c,1.0,1.0,0.0,0.0,0,0,0,1000,1.0,5.22654729687365,0.0417885000060778,0.0,3.507377284459695e-05,fallback_bound,8c3fff9366de48c1be14c5f849a44219c74b1089856621f707e02656037a4125,8.0,0.75,8.0,0.7415653755729036,2,2,0.375,0.0416666666666666,0.0208333333333333
non-private-reference,oracle,non-private,diagnostic,2,cdaeb0f8b44f6408dc37cba784f4166108b373f0004b67c63231296457b4b9fe,,2,6,1.0,0.75,0.5,0.75,0.5,0.75,0.747,0.5,True,0.5,0.4999999999999999,0.5,0.5000000000000001,,,non-private,0.0,1.0,0.0,0.0,0,0,0,0,0.0,inf,0.0202245999971637,0.0008851428222059,0.0008851428222059,fallback_bound,8c3fff9366de48c1be14c5f849a44219c74b1089856621f707e02656037a4125,8.0,0.75,8.0,0.7415653755729036,2,2,0.375,0.0416666666666666,0.0208333333333333
naive-claimed-c,this-work,unsafe-diagnostic,diagnostic,2,cdaeb0f8b44f6408dc37cba784f4166108b373f0004b67c63231296457b4b9fe,,2,6,1.0,0.75,0.5,0.75,0.5,0.75,0.747,0.5,True,0.5,0.4999999999999999,0.5,0.5000000000000001,,2.0,unsafe-diagnostic,1.0,1.0,0.3737836290784201,0.6262163709215799,1306,0,1579,2885,1.0,4.0807053897647325,0.0333151000086218,0.0002871188970664,0.0003567628567479,fallback_bound,8c3fff9366de48c1be14c5f849a44219c74b1089856621f707e02656037a4125,8.0,0.75,8.0,0.7415653755729036,2,2,0.375,0.0416666666666666,0.0208333333333333
stable-local-fallback,this-work,user-certified,primary,3,cdaeb0f8b44f6408dc37cba784f4166108b373f0004b67c63231296457b4b9fe,0.0,2,6,1.0,0.75,0.5,0.75,0.5,0.75,0.741,0.5,True,0.5,0.4999999999999999,0.5,0.5000000000000001,1.0,1.0,plan-c,1.0,1.0,0.0,1.0,0,0,1741,1741,1.0,0.7555587679832823,0.0241029000026173,0.0007782943750407,0.0007990324772932,fallback_bound,8c3fff9366de48c1be14c5f849a44219c74b1089856621f707e02656037a4125,8.0,0.75,8.0,0.7415653755729036,2,2,0.375,0.0416666666666666,0.0208333333333333
handle-only-drop-residual,this-work,user-certified,primary,3,cdaeb0f8b44f6408dc37cba784f4166108b373f0004b67c63231296457b4b9fe,1.0,2,6,1.0,0.75,0.5,0.75,0.5,0.75,0.741,0.5,True,0.5,0.4999999999999999,0.5,0.5000000000000001,1.0,1.0,plan-c,1.0,0.3767949454336588,0.3767949454336588,0.0,1312,0,0,1312,1.0,4.082654246670134,0.0347311999939847,0.0003693225038897,0.0003984222846491,fallback_bound,8c3fff9366de48c1be14c5f849a44219c74b1089856621f707e02656037a4125,8.0,0.75,8.0,0.7415653755729036,2,2,0.375,0.0416666666666666,0.0208333333333333
unitscope-equal,this-work,user-certified,primary,3,cdaeb0f8b44f6408dc37cba784f4166108b373f0004b67c63231296457b4b9fe,0.25,2,6,1.0,0.75,0.5,0.75,0.5,0.75,0.741,0.5,True,0.5,0.4999999999999999,0.5,0.5000000000000001,1.0,1.0,plan-c,1.0,1.0,0.3767949454336588,0.6232050545663412,1312,0,1550,2862,1.0,1.4217269059170377,0.0335788000083994,0.0006207896378667,0.0006439492534546,fallback_bound,8c3fff9366de48c1be14c5f849a44219c74b1089856621f707e02656037a4125,8.0,0.75,8.0,0.7415653755729036,2,2,0.375,0.0416666666666666,0.0208333333333333
unitscope-tuned,this-work,user-certified,primary,3,cdaeb0f8b44f6408dc37cba784f4166108b373f0004b67c63231296457b4b9fe,0.75,2,6,1.0,0.75,0.5,0.75,0.5,0.75,0.741,0.5,True,0.5,0.4999999999999999,0.5,0.5000000000000001,1.0,1.0,plan-c,1.0,1.0,0.3767949454336588,0.6232050545663412,1312,0,1550,2862,1.0,3.1815274106142053,0.0344151000026613,0.0004008273409253,0.0004279470666275,fallback_bound,8c3fff9366de48c1be14c5f849a44219c74b1089856621f707e02656037a4125,8.0,0.75,8.0,0.7415653755729036,2,2,0.375,0.0416666666666666,0.0208333333333333
naive-recalibrated-2c,this-work,user-certified,primary,3,cdaeb0f8b44f6408dc37cba784f4166108b373f0004b67c63231296457b4b9fe,,2,6,1.0,0.75,0.5,0.75,0.5,0.75,0.741,0.5,True,0.5,0.4999999999999999,0.5,0.5000000000000001,2.0,2.0,plan-delta,2.0,1.0,0.3767949454336588,0.6232050545663412,1312,0,1550,2862,1.0,2.289074899795644,0.0352023000014014,0.0002695248151739,0.0003923610695947,fallback_bound,8c3fff9366de48c1be14c5f849a44219c74b1089856621f707e02656037a4125,8.0,0.75,8.0,0.7415653755729036,2,2,0.375,0.0416666666666666,0.0208333333333333
full-identity-reference,oracle,oracle-assumption,full-identity-reference,3,cdaeb0f8b44f6408dc37cba784f4166108b373f0004b67c63231296457b4b9fe,,2,6,1.0,0.75,0.5,0.75,0.5,0.75,0.741,0.5,True,0.5,0.4999999999999999,0.5,0.5000000000000001,1.0,1.0,plan-c,1.0,1.0,0.0,0.0,0,0,0,1000,1.0,5.7212359014939125,0.0420377999980701,0.0,3.144656992614111e-05,fallback_bound,8c3fff9366de48c1be14c5f849a44219c74b1089856621f707e02656037a4125,8.0,0.75,8.0,0.7415653755729036,2,2,0.375,0.0416666666666666,0.0208333333333333
non-private-reference,oracle,non-private,diagnostic,3,cdaeb0f8b44f6408dc37cba784f4166108b373f0004b67c63231296457b4b9fe,,2,6,1.0,0.75,0.5,0.75,0.5,0.75,0.741,0.5,True,0.5,0.4999999999999999,0.5,0.5000000000000001,,,non-private,0.0,1.0,0.0,0.0,0,0,0,0,0.0,inf,0.0495685999921988,0.000878462574273,0.000878462574273,fallback_bound,8c3fff9366de48c1be14c5f849a44219c74b1089856621f707e02656037a4125,8.0,0.75,8.0,0.7415653755729036,2,2,0.375,0.0416666666666666,0.0208333333333333
naive-claimed-c,this-work,unsafe-diagnostic,diagnostic,3,cdaeb0f8b44f6408dc37cba784f4166108b373f0004b67c63231296457b4b9fe,,2,6,1.0,0.75,0.5,0.75,0.5,0.75,0.741,0.5,True,0.5,0.4999999999999999,0.5,0.5000000000000001,,2.0,unsafe-diagnostic,1.0,1.0,0.3767949454336588,0.6232050545663412,1312,0,1550,2862,1.0,4.578149799591288,0.0337505000061355,0.0002695248151739,0.0002994963724582,fallback_bound,8c3fff9366de48c1be14c5f849a44219c74b1089856621f707e02656037a4125,8.0,0.75,8.0,0.7415653755729036,2,2,0.375,0.0416666666666666,0.0208333333333333
stable-local-fallback,this-work,user-certified,primary,4,cdaeb0f8b44f6408dc37cba784f4166108b373f0004b67c63231296457b4b9fe,0.0,2,6,1.0,0.75,0.5,0.75,0.5,0.75,0.773,0.5,True,0.5,0.4999999999999999,0.5,0.5000000000000001,1.0,1.0,plan-c,1.0,1.0,0.0,1.0,0,0,1773,1773,1.0,0.6764684866451167,0.0233473999978741,0.0007017815646825,0.0006942331112374,fallback_bound,8c3fff9366de48c1be14c5f849a44219c74b1089856621f707e02656037a4125,8.0,0.75,8.0,0.7415653755729036,2,2,0.375,0.0416666666666666,0.0208333333333333
handle-only-drop-residual,this-work,user-certified,primary,4,cdaeb0f8b44f6408dc37cba784f4166108b373f0004b67c63231296457b4b9fe,1.0,2,6,1.0,0.75,0.5,0.75,0.5,0.75,0.773,0.5,True,0.5,0.4999999999999999,0.5,0.5000000000000001,1.0,1.0,plan-c,1.0,0.3767625493513818,0.3767625493513818,0.0,1336,0,0,1336,1.0,3.9241146350253375,0.0339029000024311,0.0003700013493819,0.0003690793531759,fallback_bound,8c3fff9366de48c1be14c5f849a44219c74b1089856621f707e02656037a4125,8.0,0.75,8.0,0.7415653755729036,2,2,0.375,0.0416666666666666,0.0208333333333333
unitscope-equal,this-work,user-certified,primary,4,cdaeb0f8b44f6408dc37cba784f4166108b373f0004b67c63231296457b4b9fe,0.25,2,6,1.0,0.75,0.5,0.75,0.5,0.75,0.773,0.5,True,0.5,0.4999999999999999,0.5,0.5000000000000001,1.0,1.0,plan-c,1.0,1.0,0.3767625493513818,0.6232374506486181,1336,0,1569,2905,1.0,1.3293879981420802,0.0347624999994877,0.0005573634098109,0.0005506887524003,fallback_bound,8c3fff9366de48c1be14c5f849a44219c74b1089856621f707e02656037a4125,8.0,0.75,8.0,0.7415653755729036,2,2,0.375,0.0416666666666666,0.0208333333333333
unitscope-tuned,this-work,user-certified,primary,4,cdaeb0f8b44f6408dc37cba784f4166108b373f0004b67c63231296457b4b9fe,0.75,2,6,1.0,0.75,0.5,0.75,0.5,0.75,0.773,0.5,True,0.5,0.4999999999999999,0.5,0.5000000000000001,1.0,1.0,plan-c,1.0,1.0,0.3767625493513818,0.6232374506486181,1336,0,1569,2905,1.0,3.046140905576016,0.035754700002144,0.000378071708025,0.0003752321580841,fallback_bound,8c3fff9366de48c1be14c5f849a44219c74b1089856621f707e02656037a4125,8.0,0.75,8.0,0.7415653755729036,2,2,0.375,0.0416666666666666,0.0208333333333333
naive-recalibrated-2c,this-work,user-certified,primary,4,cdaeb0f8b44f6408dc37cba784f4166108b373f0004b67c63231296457b4b9fe,,2,6,1.0,0.75,0.5,0.75,0.5,0.75,0.773,0.5,True,0.5,0.4999999999999999,0.5,0.5000000000000001,2.0,2.0,plan-delta,2.0,1.0,0.3767625493513818,0.6232374506486181,1336,0,1569,2905,1.0,2.176045345012723,0.0360300000029383,0.0002839124127527,0.0003620565800442,fallback_bound,8c3fff9366de48c1be14c5f849a44219c74b1089856621f707e02656037a4125,8.0,0.75,8.0,0.7415653755729036,2,2,0.375,0.0416666666666666,0.0208333333333333
full-identity-reference,oracle,oracle-assumption,full-identity-reference,4,cdaeb0f8b44f6408dc37cba784f4166108b373f0004b67c63231296457b4b9fe,,2,6,1.0,0.75,0.5,0.75,0.5,0.75,0.773,0.5,True,0.5,0.4999999999999999,0.5,0.5000000000000001,1.0,1.0,plan-c,1.0,1.0,0.0,0.0,0,0,0,1000,1.0,5.174351870312281,0.0415207000041846,0.0,3.450958520111424e-05,fallback_bound,8c3fff9366de48c1be14c5f849a44219c74b1089856621f707e02656037a4125,8.0,0.75,8.0,0.7415653755729036,2,2,0.375,0.0416666666666666,0.0208333333333333
non-private-reference,oracle,non-private,diagnostic,4,cdaeb0f8b44f6408dc37cba784f4166108b373f0004b67c63231296457b4b9fe,,2,6,1.0,0.75,0.5,0.75,0.5,0.75,0.773,0.5,True,0.5,0.4999999999999999,0.5,0.5000000000000001,,,non-private,0.0,1.0,0.0,0.0,0,0,0,0,0.0,inf,0.0204197999992175,0.0007718421729248,0.0007718421729248,fallback_bound,8c3fff9366de48c1be14c5f849a44219c74b1089856621f707e02656037a4125,8.0,0.75,8.0,0.7415653755729036,2,2,0.375,0.0416666666666666,0.0208333333333333
naive-claimed-c,this-work,unsafe-diagnostic,diagnostic,4,cdaeb0f8b44f6408dc37cba784f4166108b373f0004b67c63231296457b4b9fe,,2,6,1.0,0.75,0.5,0.75,0.5,0.75,0.773,0.5,True,0.5,0.4999999999999999,0.5,0.5000000000000001,,2.0,unsafe-diagnostic,1.0,1.0,0.3767625493513818,0.6232374506486181,1336,0,1569,2905,1.0,4.352090690025446,0.0345299000036902,0.0002839124127527,0.0002884749111973,fallback_bound,8c3fff9366de48c1be14c5f849a44219c74b1089856621f707e02656037a4125,8.0,0.75,8.0,0.7415653755729036,2,2,0.375,0.0416666666666666,0.0208333333333333
stable-local-fallback,this-work,user-certified,primary,5,cdaeb0f8b44f6408dc37cba784f4166108b373f0004b67c63231296457b4b9fe,0.0,2,6,1.0,0.75,0.5,0.75,0.5,0.75,0.744,0.5,True,0.5,0.4999999999999999,0.5,0.5000000000000001,1.0,1.0,plan-c,1.0,1.0,0.0,1.0,0,0,1744,1744,1.0,0.5853422130374262,0.0503507000103127,0.0007312376973323,0.0007037376956422,fallback_bound,8c3fff9366de48c1be14c5f849a44219c74b1089856621f707e02656037a4125,8.0,0.75,8.0,0.7415653755729036,2,2,0.375,0.0416666666666666,0.0208333333333333
handle-only-drop-residual,this-work,user-certified,primary,5,cdaeb0f8b44f6408dc37cba784f4166108b373f0004b67c63231296457b4b9fe,1.0,2,6,1.0,0.75,0.5,0.75,0.5,0.75,0.744,0.5,True,0.5,0.4999999999999999,0.5,0.5000000000000001,1.0,1.0,plan-c,1.0,0.3752866972477064,0.3752866972477064,0.0,1309,0,0,1309,1.0,3.3348155171362266,0.0339664999919477,0.0003431411148547,0.0003495716235377,fallback_bound,8c3fff9366de48c1be14c5f849a44219c74b1089856621f707e02656037a4125,8.0,0.75,8.0,0.7415653755729036,2,2,0.375,0.0416666666666666,0.0208333333333333
unitscope-equal,this-work,user-certified,primary,5,cdaeb0f8b44f6408dc37cba784f4166108b373f0004b67c63231296457b4b9fe,0.25,2,6,1.0,0.75,0.5,0.75,0.5,0.75,0.744,0.5,True,0.5,0.4999999999999999,0.5,0.5000000000000001,1.0,1.0,plan-c,1.0,1.0,0.3752866972477064,0.6247133027522935,1309,0,1568,2877,1.0,1.1771265776576258,0.0350048999971477,0.0005706614929002,0.0005519766808147,fallback_bound,8c3fff9366de48c1be14c5f849a44219c74b1089856621f707e02656037a4125,8.0,0.75,8.0,0.7415653755729036,2,2,0.375,0.0416666666666666,0.0208333333333333
unitscope-tuned,this-work,user-certified,primary,5,cdaeb0f8b44f6408dc37cba784f4166108b373f0004b67c63231296457b4b9fe,0.75,2,6,1.0,0.75,0.5,0.75,0.5,0.75,0.744,0.5,True,0.5,0.4999999999999999,0.5,0.5000000000000001,1.0,1.0,plan-c,1.0,1.0,0.3752866972477064,0.6247133027522935,1309,0,1568,2877,1.0,2.6053738939473905,0.0348470000026281,0.0003693972847418,0.0003674560198352,fallback_bound,8c3fff9366de48c1be14c5f849a44219c74b1089856621f707e02656037a4125,8.0,0.75,8.0,0.7415653755729036,2,2,0.375,0.0416666666666666,0.0208333333333333
naive-recalibrated-2c,this-work,user-certified,primary,5,cdaeb0f8b44f6408dc37cba784f4166108b373f0004b67c63231296457b4b9fe,,2,6,1.0,0.75,0.5,0.75,0.5,0.75,0.744,0.5,True,0.5,0.4999999999999999,0.5,0.5000000000000001,2.0,2.0,plan-delta,2.0,1.0,0.3752866972477064,0.6247133027522935,1309,0,1568,2877,1.0,1.8822461606888,0.0342161000007763,0.0002603560045729,0.0003865128927335,fallback_bound,8c3fff9366de48c1be14c5f849a44219c74b1089856621f707e02656037a4125,8.0,0.75,8.0,0.7415653755729036,2,2,0.375,0.0416666666666666,0.0208333333333333
full-identity-reference,oracle,oracle-assumption,full-identity-reference,5,cdaeb0f8b44f6408dc37cba784f4166108b373f0004b67c63231296457b4b9fe,,2,6,1.0,0.75,0.5,0.75,0.5,0.75,0.744,0.5,True,0.5,0.4999999999999999,0.5,0.5000000000000001,1.0,1.0,plan-c,1.0,1.0,0.0,0.0,0,0,0,1000,1.0,4.572838264560242,0.0404756999923847,0.0,4.557772479073201e-05,fallback_bound,8c3fff9366de48c1be14c5f849a44219c74b1089856621f707e02656037a4125,8.0,0.75,8.0,0.7415653755729036,2,2,0.375,0.0416666666666666,0.0208333333333333
non-private-reference,oracle,non-private,diagnostic,5,cdaeb0f8b44f6408dc37cba784f4166108b373f0004b67c63231296457b4b9fe,,2,6,1.0,0.75,0.5,0.75,0.5,0.75,0.744,0.5,True,0.5,0.4999999999999999,0.5,0.5000000000000001,,,non-private,0.0,1.0,0.0,0.0,0,0,0,0,0.0,inf,0.0195982000004732,0.0007719797433812,0.0007719797433812,fallback_bound,8c3fff9366de48c1be14c5f849a44219c74b1089856621f707e02656037a4125,8.0,0.75,8.0,0.7415653755729036,2,2,0.375,0.0416666666666666,0.0208333333333333
naive-claimed-c,this-work,unsafe-diagnostic,diagnostic,5,cdaeb0f8b44f6408dc37cba784f4166108b373f0004b67c63231296457b4b9fe,,2,6,1.0,0.75,0.5,0.75,0.5,0.75,0.744,0.5,True,0.5,0.4999999999999999,0.5,0.5000000000000001,,2.0,unsafe-diagnostic,1.0,1.0,0.3752866972477064,0.6247133027522935,1309,0,1568,2877,1.0,3.7644923213776,0.0345960999984527,0.0002603560045729,0.0002778567238625,fallback_bound,8c3fff9366de48c1be14c5f849a44219c74b1089856621f707e02656037a4125,8.0,0.75,8.0,0.7415653755729036,2,2,0.375,0.0416666666666666,0.0208333333333333
stable-local-fallback,this-work,user-certified,primary,6,cdaeb0f8b44f6408dc37cba784f4166108b373f0004b67c63231296457b4b9fe,0.0,2,6,1.0,0.75,0.5,0.75,0.5,0.75,0.74,0.5,True,0.5,0.4999999999999999,0.5,0.5000000000000001,1.0,1.0,plan-c,1.0,1.0,0.0,1.0,0,0,1740,1740,1.0,0.8823457019944256,0.024950599996373,0.0009913151564066,0.0009706112363376,fallback_bound,8c3fff9366de48c1be14c5f849a44219c74b1089856621f707e02656037a4125,8.0,0.75,8.0,0.7415653755729036,2,2,0.375,0.0416666666666666,0.0208333333333333
handle-only-drop-residual,this-work,user-certified,primary,6,cdaeb0f8b44f6408dc37cba784f4166108b373f0004b67c63231296457b4b9fe,1.0,2,6,1.0,0.75,0.5,0.75,0.5,0.75,0.74,0.5,True,0.5,0.4999999999999999,0.5,0.5000000000000001,1.0,1.0,plan-c,1.0,0.3781609195402299,0.3781609195402299,0.0,1316,0,0,1316,1.0,4.601346964378938,0.0350136000051861,0.0003477443375569,0.0003508256269539,fallback_bound,8c3fff9366de48c1be14c5f849a44219c74b1089856621f707e02656037a4125,8.0,0.75,8.0,0.7415653755729036,2,2,0.375,0.0416666666666666,0.0208333333333333
unitscope-equal,this-work,user-certified,primary,6,cdaeb0f8b44f6408dc37cba784f4166108b373f0004b67c63231296457b4b9fe,0.25,2,6,1.0,0.75,0.5,0.75,0.5,0.75,0.74,0.5,True,0.5,0.4999999999999999,0.5,0.5000000000000001,1.0,1.0,plan-c,1.0,1.0,0.3781609195402299,0.6218390804597701,1316,0,1557,2873,1.0,1.6428121065844887,0.0354400999931385,0.0007800132527448,0.0007645677950666,fallback_bound,8c3fff9366de48c1be14c5f849a44219c74b1089856621f707e02656037a4125,8.0,0.75,8.0,0.7415653755729036,2,2,0.375,0.0416666666666666,0.0208333333333333
unitscope-tuned,this-work,user-certified,primary,6,cdaeb0f8b44f6408dc37cba784f4166108b373f0004b67c63231296457b4b9fe,0.75,2,6,1.0,0.75,0.5,0.75,0.5,0.75,0.74,0.5,True,0.5,0.4999999999999999,0.5,0.5000000000000001,1.0,1.0,plan-c,1.0,1.0,0.3781609195402299,0.6218390804597701,1316,0,1557,2873,1.0,3.6049814066631543,0.0348920000105863,0.0004347710772654,0.000431676784304,fallback_bound,8c3fff9366de48c1be14c5f849a44219c74b1089856621f707e02656037a4125,8.0,0.75,8.0,0.7415653755729036,2,2,0.375,0.0416666666666666,0.0208333333333333
naive-recalibrated-2c,this-work,user-certified,primary,6,cdaeb0f8b44f6408dc37cba784f4166108b373f0004b67c63231296457b4b9fe,,2,6,1.0,0.75,0.5,0.75,0.5,0.75,0.74,0.5,True,0.5,0.4999999999999999,0.5,0.5000000000000001,2.0,2.0,plan-delta,2.0,1.0,0.3781609195402299,0.6218390804597701,1316,0,1557,2873,1.0,2.6149640251255497,0.0590658000000985,0.0002408029750176,0.0003124942169093,fallback_bound,8c3fff9366de48c1be14c5f849a44219c74b1089856621f707e02656037a4125,8.0,0.75,8.0,0.7415653755729036,2,2,0.375,0.0416666666666666,0.0208333333333333
full-identity-reference,oracle,oracle-assumption,full-identity-reference,6,cdaeb0f8b44f6408dc37cba784f4166108b373f0004b67c63231296457b4b9fe,,2,6,1.0,0.75,0.5,0.75,0.5,0.75,0.74,0.5,True,0.5,0.4999999999999999,0.5,0.5000000000000001,1.0,1.0,plan-c,1.0,1.0,0.0,0.0,0,0,0,1000,1.0,6.790644185865935,0.0422299999918323,0.0,2.826786766778013e-05,fallback_bound,8c3fff9366de48c1be14c5f849a44219c74b1089856621f707e02656037a4125,8.0,0.75,8.0,0.7415653755729036,2,2,0.375,0.0416666666666666,0.0208333333333333
non-private-reference,oracle,non-private,diagnostic,6,cdaeb0f8b44f6408dc37cba784f4166108b373f0004b67c63231296457b4b9fe,,2,6,1.0,0.75,0.5,0.75,0.5,0.75,0.74,0.5,True,0.5,0.4999999999999999,0.5,0.5000000000000001,,,non-private,0.0,1.0,0.0,0.0,0,0,0,0,0.0,inf,0.0197198999958345,0.0010544449245296,0.0010544449245296,fallback_bound,8c3fff9366de48c1be14c5f849a44219c74b1089856621f707e02656037a4125,8.0,0.75,8.0,0.7415653755729036,2,2,0.375,0.0416666666666666,0.0208333333333333
naive-claimed-c,this-work,unsafe-diagnostic,diagnostic,6,cdaeb0f8b44f6408dc37cba784f4166108b373f0004b67c63231296457b4b9fe,,2,6,1.0,0.75,0.5,0.75,0.5,0.75,0.74,0.5,True,0.5,0.4999999999999999,0.5,0.5000000000000001,,2.0,unsafe-diagnostic,1.0,1.0,0.3781609195402299,0.6218390804597701,1316,0,1557,2873,1.0,5.229928050251099,0.0332945999980438,0.0002408029750176,0.0002483807282957,fallback_bound,8c3fff9366de48c1be14c5f849a44219c74b1089856621f707e02656037a4125,8.0,0.75,8.0,0.7415653755729036,2,2,0.375,0.0416666666666666,0.0208333333333333
stable-local-fallback,this-work,user-certified,primary,7,cdaeb0f8b44f6408dc37cba784f4166108b373f0004b67c63231296457b4b9fe,0.0,2,6,1.0,0.75,0.5,0.75,0.5,0.75,0.753,0.5,True,0.5,0.4999999999999999,0.5,0.5000000000000001,1.0,1.0,plan-c,1.0,1.0,0.0,1.0,0,0,1753,1753,1.0,0.6990630332024996,0.0233835999970324,0.0006728376919319,0.000732107499916,fallback_bound,8c3fff9366de48c1be14c5f849a44219c74b1089856621f707e02656037a4125,8.0,0.75,8.0,0.7415653755729036,2,2,0.375,0.0416666666666666,0.0208333333333333
handle-only-drop-residual,this-work,user-certified,primary,7,cdaeb0f8b44f6408dc37cba784f4166108b373f0004b67c63231296457b4b9fe,1.0,2,6,1.0,0.75,0.5,0.75,0.5,0.75,0.753,0.5,True,0.5,0.4999999999999999,0.5,0.5000000000000001,1.0,1.0,plan-c,1.0,0.372219053051911,0.372219053051911,0.0,1305,0,0,1305,1.0,3.684470476427727,0.0332256999972742,0.0003114125743416,0.0004005378834063,fallback_bound,8c3fff9366de48c1be14c5f849a44219c74b1089856621f707e02656037a4125,8.0,0.75,8.0,0.7415653755729036,2,2,0.375,0.0416666666666666,0.0208333333333333
unitscope-equal,this-work,user-certified,primary,7,cdaeb0f8b44f6408dc37cba784f4166108b373f0004b67c63231296457b4b9fe,0.25,2,6,1.0,0.75,0.5,0.75,0.5,0.75,0.753,0.5,True,0.5,0.4999999999999999,0.5,0.5000000000000001,1.0,1.0,plan-c,1.0,1.0,0.372219053051911,0.627780946948089,1305,0,1559,2864,1.0,1.306322854619082,0.0333260000043083,0.000541003773294,0.0006063490510156,fallback_bound,8c3fff9366de48c1be14c5f849a44219c74b1089856621f707e02656037a4125,8.0,0.75,8.0,0.7415653755729036,2,2,0.375,0.0416666666666666,0.0208333333333333
unitscope-tuned,this-work,user-certified,primary,7,cdaeb0f8b44f6408dc37cba784f4166108b373f0004b67c63231296457b4b9fe,0.75,2,6,1.0,0.75,0.5,0.75,0.5,0.75,0.753,0.5,True,0.5,0.4999999999999999,0.5,0.5000000000000001,1.0,1.0,plan-c,1.0,1.0,0.372219053051911,0.627780946948089,1305,0,1559,2864,1.0,2.881684833628642,0.0341444000077899,0.0003459369657811,0.0004271355977314,fallback_bound,8c3fff9366de48c1be14c5f849a44219c74b1089856621f707e02656037a4125,8.0,0.75,8.0,0.7415653755729036,2,2,0.375,0.0416666666666666,0.0208333333333333
naive-recalibrated-2c,this-work,user-certified,primary,7,cdaeb0f8b44f6408dc37cba784f4166108b373f0004b67c63231296457b4b9fe,,2,6,1.0,0.75,0.5,0.75,0.5,0.75,0.753,0.5,True,0.5,0.4999999999999999,0.5,0.5000000000000001,2.0,2.0,plan-delta,2.0,1.0,0.372219053051911,0.627780946948089,1305,0,1559,2864,1.0,2.0851442116337027,0.0362121999933151,0.0002356887067997,0.0004680137090784,fallback_bound,8c3fff9366de48c1be14c5f849a44219c74b1089856621f707e02656037a4125,8.0,0.75,8.0,0.7415653755729036,2,2,0.375,0.0416666666666666,0.0208333333333333
full-identity-reference,oracle,oracle-assumption,full-identity-reference,7,cdaeb0f8b44f6408dc37cba784f4166108b373f0004b67c63231296457b4b9fe,,2,6,1.0,0.75,0.5,0.75,0.5,0.75,0.753,0.5,True,0.5,0.4999999999999999,0.5,0.5000000000000001,1.0,1.0,plan-c,1.0,1.0,0.0,0.0,0,0,0,1000,1.0,5.269456490207377,0.041997899999842,0.0,3.194533304464665e-05,fallback_bound,8c3fff9366de48c1be14c5f849a44219c74b1089856621f707e02656037a4125,8.0,0.75,8.0,0.7415653755729036,2,2,0.375,0.0416666666666666,0.0208333333333333
non-private-reference,oracle,non-private,diagnostic,7,cdaeb0f8b44f6408dc37cba784f4166108b373f0004b67c63231296457b4b9fe,,2,6,1.0,0.75,0.5,0.75,0.5,0.75,0.753,0.5,True,0.5,0.4999999999999999,0.5,0.5000000000000001,,,non-private,0.0,1.0,0.0,0.0,0,0,0,0,0.0,inf,0.0213741999905323,0.0008150035796582,0.0008150035796582,fallback_bound,8c3fff9366de48c1be14c5f849a44219c74b1089856621f707e02656037a4125,8.0,0.75,8.0,0.7415653755729036,2,2,0.375,0.0416666666666666,0.0208333333333333
naive-claimed-c,this-work,unsafe-diagnostic,diagnostic,7,cdaeb0f8b44f6408dc37cba784f4166108b373f0004b67c63231296457b4b9fe,,2,6,1.0,0.75,0.5,0.75,0.5,0.75,0.753,0.5,True,0.5,0.4999999999999999,0.5,0.5000000000000001,,2.0,unsafe-diagnostic,1.0,1.0,0.372219053051911,0.627780946948089,1305,0,1559,2864,1.0,4.170288423267405,0.0356835999991744,0.0002356887067997,0.0003199058748944,fallback_bound,8c3fff9366de48c1be14c5f849a44219c74b1089856621f707e02656037a4125,8.0,0.75,8.0,0.7415653755729036,2,2,0.375,0.0416666666666666,0.0208333333333333
stable-local-fallback,this-work,user-certified,primary,8,cdaeb0f8b44f6408dc37cba784f4166108b373f0004b67c63231296457b4b9fe,0.0,2,6,1.0,0.75,0.5,0.75,0.5,0.75,0.74,0.5,True,0.5,0.4999999999999999,0.5,0.5000000000000001,1.0,1.0,plan-c,1.0,1.0,0.0,1.0,0,0,1740,1740,1.0,0.8001536801939891,0.024424999995972,0.0010018074455544,0.0012095706878834,fallback_bound,8c3fff9366de48c1be14c5f849a44219c74b1089856621f707e02656037a4125,8.0,0.75,8.0,0.7415653755729036,2,2,0.375,0.0416666666666666,0.0208333333333333
handle-only-drop-residual,this-work,user-certified,primary,8,cdaeb0f8b44f6408dc37cba784f4166108b373f0004b67c63231296457b4b9fe,1.0,2,6,1.0,0.75,0.5,0.75,0.5,0.75,0.74,0.5,True,0.5,0.4999999999999999,0.5,0.5000000000000001,1.0,1.0,plan-c,1.0,0.3747126436781609,0.3747126436781609,0.0,1304,0,0,1304,1.0,4.614118132176231,0.0367983000032836,0.0002538776836328,0.0003685614958147,fallback_bound,8c3fff9366de48c1be14c5f849a44219c74b1089856621f707e02656037a4125,8.0,0.75,8.0,0.7415653755729036,2,2,0.375,0.0416666666666666,0.0208333333333333
unitscope-equal,this-work,user-certified,primary,8,cdaeb0f8b44f6408dc37cba784f4166108b373f0004b67c63231296457b4b9fe,0.25,2,6,1.0,0.75,0.5,0.75,0.5,0.75,0.74,0.5,True,0.5,0.4999999999999999,0.5,0.5000000000000001,1.0,1.0,plan-c,1.0,1.0,0.3747126436781609,0.6252873563218391,1304,0,1545,2849,1.0,1.6215672630804,0.0347818000009283,0.0007307713962199,0.0009190850053182,fallback_bound,8c3fff9366de48c1be14c5f849a44219c74b1089856621f707e02656037a4125,8.0,0.75,8.0,0.7415653755729036,2,2,0.375,0.0416666666666666,0.0208333333333333
unitscope-tuned,this-work,user-certified,primary,8,cdaeb0f8b44f6408dc37cba784f4166108b373f0004b67c63231296457b4b9fe,0.75,2,6,1.0,0.75,0.5,0.75,0.5,0.75,0.74,0.5,True,0.5,0.4999999999999999,0.5,0.5000000000000001,1.0,1.0,plan-c,1.0,1.0,0.3747126436781609,0.6252873563218391,1304,0,1545,2849,1.0,3.6098582668425214,0.0346959000016795,0.0003335705236741,0.0004727976014948,fallback_bound,8c3fff9366de48c1be14c5f849a44219c74b1089856621f707e02656037a4125,8.0,0.75,8.0,0.7415653755729036,2,2,0.375,0.0416666666666666,0.0208333333333333
naive-recalibrated-2c,this-work,user-certified,primary,8,cdaeb0f8b44f6408dc37cba784f4166108b373f0004b67c63231296457b4b9fe,,2,6,1.0,0.75,0.5,0.75,0.5,0.75,0.74,0.5,True,0.5,0.4999999999999999,0.5,0.5000000000000001,2.0,2.0,plan-delta,2.0,1.0,0.3747126436781609,0.6252873563218391,1304,0,1545,2849,1.0,2.60976527495549,0.0349140000034822,0.000177431423687,0.0004417304801129,fallback_bound,8c3fff9366de48c1be14c5f849a44219c74b1089856621f707e02656037a4125,8.0,0.75,8.0,0.7415653755729036,2,2,0.375,0.0416666666666666,0.0208333333333333
full-identity-reference,oracle,oracle-assumption,full-identity-reference,8,cdaeb0f8b44f6408dc37cba784f4166108b373f0004b67c63231296457b4b9fe,,2,6,1.0,0.75,0.5,0.75,0.5,0.75,0.74,0.5,True,0.5,0.4999999999999999,0.5,0.5000000000000001,1.0,1.0,plan-c,1.0,1.0,0.0,0.0,0,0,0,1000,1.0,5.864605105890776,0.0426250000018626,0.0,3.888141977657693e-05,fallback_bound,8c3fff9366de48c1be14c5f849a44219c74b1089856621f707e02656037a4125,8.0,0.75,8.0,0.7415653755729036,2,2,0.375,0.0416666666666666,0.0208333333333333
non-private-reference,oracle,non-private,diagnostic,8,cdaeb0f8b44f6408dc37cba784f4166108b373f0004b67c63231296457b4b9fe,,2,6,1.0,0.75,0.5,0.75,0.5,0.75,0.74,0.5,True,0.5,0.4999999999999999,0.5,0.5000000000000001,,,non-private,0.0,1.0,0.0,0.0,0,0,0,0,0.0,inf,0.0203577000065706,0.0013100686235273,0.0013100686235273,fallback_bound,8c3fff9366de48c1be14c5f849a44219c74b1089856621f707e02656037a4125,8.0,0.75,8.0,0.7415653755729036,2,2,0.375,0.0416666666666666,0.0208333333333333
naive-claimed-c,this-work,unsafe-diagnostic,diagnostic,8,cdaeb0f8b44f6408dc37cba784f4166108b373f0004b67c63231296457b4b9fe,,2,6,1.0,0.75,0.5,0.75,0.5,0.75,0.74,0.5,True,0.5,0.4999999999999999,0.5,0.5000000000000001,,2.0,unsafe-diagnostic,1.0,1.0,0.3747126436781609,0.6252873563218391,1304,0,1545,2849,1.0,5.21953054991098,0.0342934000073,0.000177431423687,0.0002706995321234,fallback_bound,8c3fff9366de48c1be14c5f849a44219c74b1089856621f707e02656037a4125,8.0,0.75,8.0,0.7415653755729036,2,2,0.375,0.0416666666666666,0.0208333333333333
stable-local-fallback,this-work,user-certified,primary,9,cdaeb0f8b44f6408dc37cba784f4166108b373f0004b67c63231296457b4b9fe,0.0,2,6,1.0,0.75,0.5,0.75,0.5,0.75,0.727,0.5,True,0.5,0.4999999999999999,0.5,0.5000000000000001,1.0,1.0,plan-c,1.0,1.0,0.0,1.0,0,0,1727,1727,1.0,0.7443664383222913,0.0246297999983653,0.0007046990511239,0.0007468573689495,fallback_bound,8c3fff9366de48c1be14c5f849a44219c74b1089856621f707e02656037a4125,8.0,0.75,8.0,0.7415653755729036,2,2,0.375,0.0416666666666666,0.0208333333333333
handle-only-drop-residual,this-work,user-certified,primary,9,cdaeb0f8b44f6408dc37cba784f4166108b373f0004b67c63231296457b4b9fe,1.0,2,6,1.0,0.75,0.5,0.75,0.5,0.75,0.727,0.5,True,0.5,0.4999999999999999,0.5,0.5000000000000001,1.0,1.0,plan-c,1.0,0.3755066589461494,0.3755066589461494,0.0,1297,0,0,1297,1.0,4.04575181643008,0.0340472999960184,0.0004088078141732,0.0004599389856065,fallback_bound,8c3fff9366de48c1be14c5f849a44219c74b1089856621f707e02656037a4125,8.0,0.75,8.0,0.7415653755729036,2,2,0.375,0.0416666666666666,0.0208333333333333
unitscope-equal,this-work,user-certified,primary,9,cdaeb0f8b44f6408dc37cba784f4166108b373f0004b67c63231296457b4b9fe,0.25,2,6,1.0,0.75,0.5,0.75,0.5,0.75,0.727,0.5,True,0.5,0.4999999999999999,0.5,0.5000000000000001,1.0,1.0,plan-c,1.0,1.0,0.3755066589461494,0.6244933410538506,1297,0,1540,2837,1.0,1.4048520847836097,0.034437499998603,0.0005732671374211,0.000616358779482,fallback_bound,8c3fff9366de48c1be14c5f849a44219c74b1089856621f707e02656037a4125,8.0,0.75,8.0,0.7415653755729036,2,2,0.375,0.0416666666666666,0.0208333333333333
unitscope-tuned,this-work,user-certified,primary,9,cdaeb0f8b44f6408dc37cba784f4166108b373f0004b67c63231296457b4b9fe,0.75,2,6,1.0,0.75,0.5,0.75,0.5,0.75,0.727,0.5,True,0.5,0.4999999999999999,0.5,0.5000000000000001,1.0,1.0,plan-c,1.0,1.0,0.3755066589461494,0.6244933410538506,1297,0,1540,2837,1.0,3.1496629463777053,0.0358516000123927,0.0004156320714684,0.0004640833997776,fallback_bound,8c3fff9366de48c1be14c5f849a44219c74b1089856621f707e02656037a4125,8.0,0.75,8.0,0.7415653755729036,2,2,0.375,0.0416666666666666,0.0208333333333333
naive-recalibrated-2c,this-work,user-certified,primary,9,cdaeb0f8b44f6408dc37cba784f4166108b373f0004b67c63231296457b4b9fe,,2,6,1.0,0.75,0.5,0.75,0.5,0.75,0.727,0.5,True,0.5,0.4999999999999999,0.5,0.5000000000000001,2.0,2.0,plan-delta,2.0,1.0,0.3755066589461494,0.6244933410538506,1297,0,1540,2837,1.0,2.263230114042584,0.0617977000074461,0.0003106997126388,0.0004657559734421,fallback_bound,8c3fff9366de48c1be14c5f849a44219c74b1089856621f707e02656037a4125,8.0,0.75,8.0,0.7415653755729036,2,2,0.375,0.0416666666666666,0.0208333333333333
full-identity-reference,oracle,oracle-assumption,full-identity-reference,9,cdaeb0f8b44f6408dc37cba784f4166108b373f0004b67c63231296457b4b9fe,,2,6,1.0,0.75,0.5,0.75,0.5,0.75,0.727,0.5,True,0.5,0.4999999999999999,0.5,0.5000000000000001,1.0,1.0,plan-c,1.0,1.0,0.0,0.0,0,0,0,1000,1.0,5.648362060019918,0.041399800000363,0.0,2.909586366824385e-05,fallback_bound,8c3fff9366de48c1be14c5f849a44219c74b1089856621f707e02656037a4125,8.0,0.75,8.0,0.7415653755729036,2,2,0.375,0.0416666666666666,0.0208333333333333
non-private-reference,oracle,non-private,diagnostic,9,cdaeb0f8b44f6408dc37cba784f4166108b373f0004b67c63231296457b4b9fe,,2,6,1.0,0.75,0.5,0.75,0.5,0.75,0.727,0.5,True,0.5,0.4999999999999999,0.5,0.5000000000000001,,,non-private,0.0,1.0,0.0,0.0,0,0,0,0,0.0,inf,0.0198698000021977,0.0008195914157725,0.0008195914157725,fallback_bound,8c3fff9366de48c1be14c5f849a44219c74b1089856621f707e02656037a4125,8.0,0.75,8.0,0.7415653755729036,2,2,0.375,0.0416666666666666,0.0208333333333333
naive-claimed-c,this-work,unsafe-diagnostic,diagnostic,9,cdaeb0f8b44f6408dc37cba784f4166108b373f0004b67c63231296457b4b9fe,,2,6,1.0,0.75,0.5,0.75,0.5,0.75,0.727,0.5,True,0.5,0.4999999999999999,0.5,0.5000000000000001,,2.0,unsafe-diagnostic,1.0,1.0,0.3755066589461494,0.6244933410538506,1297,0,1540,2837,1.0,4.526460228085168,0.0335842999920714,0.0003106997126388,0.0003591319793722,fallback_bound,8c3fff9366de48c1be14c5f849a44219c74b1089856621f707e02656037a4125,8.0,0.75,8.0,0.7415653755729036,2,2,0.375,0.0416666666666666,0.0208333333333333
stable-local-fallback,this-work,user-certified,primary,0,8f9125a9cf953a892e66855c71b3e1fdf7a4658f439095d9dd1ea5c118d63bbf,0.0,2,8,1.0,0.75,0.5,0.75,0.5,0.75,0.753,0.5,False,0.5,0.4999999999999999,0.5,0.5000000000000001,1.0,1.0,plan-c,1.0,1.0,0.0,1.0,0,1753,0,1753,1.0,1.0324489149043825,0.0237691000074846,0.0008428226874777,0.0009042086441087,fallback_bound,49012a7e34dcde496613c34e97466b291a10898b592606738cb83775db13c4fd,8.0,0.75,8.0,0.7415653755729036,2,2,0.375,0.03125,0.015625
handle-only-drop-residual,this-work,user-certified,primary,0,8f9125a9cf953a892e66855c71b3e1fdf7a4658f439095d9dd1ea5c118d63bbf,1.0,2,8,1.0,0.75,0.5,0.75,0.5,0.75,0.753,0.5,False,0.5,0.4999999999999999,0.5,0.5000000000000001,1.0,1.0,plan-c,1.0,0.376782658300057,0.376782658300057,0.0,1321,0,0,1321,1.0,3.818124340697683,0.033057299995562,0.0003747781612295,0.0004285884934897,fallback_bound,49012a7e34dcde496613c34e97466b291a10898b592606738cb83775db13c4fd,8.0,0.75,8.0,0.7415653755729036,2,2,0.375,0.03125,0.015625
unitscope-equal,this-work,user-certified,primary,0,8f9125a9cf953a892e66855c71b3e1fdf7a4658f439095d9dd1ea5c118d63bbf,0.2,2,8,1.0,0.75,0.5,0.75,0.5,0.75,0.753,0.5,False,0.5,0.4999999999999999,0.5,0.5000000000000001,1.0,1.0,plan-c,1.0,1.0,0.376782658300057,0.6232173416999429,1321,1551,0,2872,1.0,1.4112907441165197,0.0334628999989945,0.0007236191924442,0.0007820493731805,fallback_bound,49012a7e34dcde496613c34e97466b291a10898b592606738cb83775db13c4fd,8.0,0.75,8.0,0.7415653755729036,2,2,0.375,0.03125,0.015625
unitscope-tuned,this-work,user-certified,primary,0,8f9125a9cf953a892e66855c71b3e1fdf7a4658f439095d9dd1ea5c118d63bbf,0.75,2,8,1.0,0.75,0.5,0.75,0.5,0.75,0.753,0.5,False,0.5,0.4999999999999999,0.5,0.5000000000000001,1.0,1.0,plan-c,1.0,1.0,0.376782658300057,0.6232173416999429,1321,1551,0,2872,1.0,3.0452444756008825,0.033214000010048,0.0004236864780151,0.0004789405129241,fallback_bound,49012a7e34dcde496613c34e97466b291a10898b592606738cb83775db13c4fd,8.0,0.75,8.0,0.7415653755729036,2,2,0.375,0.03125,0.015625
naive-recalibrated-2c,this-work,user-certified,primary,0,8f9125a9cf953a892e66855c71b3e1fdf7a4658f439095d9dd1ea5c118d63bbf,,2,8,1.0,0.75,0.5,0.75,0.5,0.75,0.753,0.5,False,0.5,0.4999999999999999,0.5,0.5000000000000001,2.0,2.0,plan-delta,2.0,1.0,0.376782658300057,0.6232173416999429,1321,1551,0,2872,1.0,2.283772920444903,0.034072999987984,0.000237399682529,0.0004281865012682,fallback_bound,49012a7e34dcde496613c34e97466b291a10898b592606738cb83775db13c4fd,8.0,0.75,8.0,0.7415653755729036,2,2,0.375,0.03125,0.015625
full-identity-reference,oracle,oracle-assumption,full-identity-reference,0,8f9125a9cf953a892e66855c71b3e1fdf7a4658f439095d9dd1ea5c118d63bbf,,2,8,1.0,0.75,0.5,0.75,0.5,0.75,0.753,0.5,False,0.5,0.4999999999999999,0.5,0.5000000000000001,1.0,1.0,plan-c,1.0,1.0,0.0,0.0,0,0,0,1000,1.0,5.3919700659430765,0.0448799000005237,0.0,4.382932526256053e-05,fallback_bound,49012a7e34dcde496613c34e97466b291a10898b592606738cb83775db13c4fd,8.0,0.75,8.0,0.7415653755729036,2,2,0.375,0.03125,0.015625
non-private-reference,oracle,non-private,diagnostic,0,8f9125a9cf953a892e66855c71b3e1fdf7a4658f439095d9dd1ea5c118d63bbf,,2,8,1.0,0.75,0.5,0.75,0.5,0.75,0.753,0.5,False,0.5,0.4999999999999999,0.5,0.5000000000000001,,,non-private,0.0,1.0,0.0,0.0,0,0,0,0,0.0,inf,0.0222618999978294,0.0009896145859756,0.0009896145859756,fallback_bound,49012a7e34dcde496613c34e97466b291a10898b592606738cb83775db13c4fd,8.0,0.75,8.0,0.7415653755729036,2,2,0.375,0.03125,0.015625
naive-claimed-c,this-work,unsafe-diagnostic,diagnostic,0,8f9125a9cf953a892e66855c71b3e1fdf7a4658f439095d9dd1ea5c118d63bbf,,2,8,1.0,0.75,0.5,0.75,0.5,0.75,0.753,0.5,False,0.5,0.4999999999999999,0.5,0.5000000000000001,,2.0,unsafe-diagnostic,1.0,1.0,0.376782658300057,0.6232173416999429,1321,1551,0,2872,1.0,4.567545840889806,0.037687799995183,0.000237399682529,0.000288963766636,fallback_bound,49012a7e34dcde496613c34e97466b291a10898b592606738cb83775db13c4fd,8.0,0.75,8.0,0.7415653755729036,2,2,0.375,0.03125,0.015625
stable-local-fallback,this-work,user-certified,primary,1,8f9125a9cf953a892e66855c71b3e1fdf7a4658f439095d9dd1ea5c118d63bbf,0.0,2,8,1.0,0.75,0.5,0.75,0.5,0.75,0.747,0.5,False,0.5,0.4999999999999999,0.5,0.5000000000000001,1.0,1.0,plan-c,1.0,1.0,0.0,1.0,0,1747,0,1747,1.0,1.0796907136534863,0.024207499998738,0.0006932251246979,0.0007429983470261,fallback_bound,49012a7e34dcde496613c34e97466b291a10898b592606738cb83775db13c4fd,8.0,0.75,8.0,0.7415653755729036,2,2,0.375,0.03125,0.015625
handle-only-drop-residual,this-work,user-certified,primary,1,8f9125a9cf953a892e66855c71b3e1fdf7a4658f439095d9dd1ea5c118d63bbf,1.0,2,8,1.0,0.75,0.5,0.75,0.5,0.75,0.747,0.5,False,0.5,0.4999999999999999,0.5,0.5000000000000001,1.0,1.0,plan-c,1.0,0.3777904979965655,0.3777904979965655,0.0,1320,0,0,1320,1.0,4.049792358551845,0.0335083000099984,0.0004679587074854,0.0005397622034925,fallback_bound,49012a7e34dcde496613c34e97466b291a10898b592606738cb83775db13c4fd,8.0,0.75,8.0,0.7415653755729036,2,2,0.375,0.03125,0.015625
unitscope-equal,this-work,user-certified,primary,1,8f9125a9cf953a892e66855c71b3e1fdf7a4658f439095d9dd1ea5c118d63bbf,0.2,2,8,1.0,0.75,0.5,0.75,0.5,0.75,0.747,0.5,False,0.5,0.4999999999999999,0.5,0.5000000000000001,1.0,1.0,plan-c,1.0,1.0,0.3777904979965655,0.6222095020034345,1320,1540,0,2860,1.0,1.507582039166424,0.0342132999940076,0.0005996532235499,0.0006520985622051,fallback_bound,49012a7e34dcde496613c34e97466b291a10898b592606738cb83775db13c4fd,8.0,0.75,8.0,0.7415653755729036,2,2,0.375,0.03125,0.015625
unitscope-tuned,this-work,user-certified,primary,1,8f9125a9cf953a892e66855c71b3e1fdf7a4658f439095d9dd1ea5c118d63bbf,0.75,2,8,1.0,0.75,0.5,0.75,0.5,0.75,0.747,0.5,False,0.5,0.4999999999999999,0.5,0.5000000000000001,1.0,1.0,plan-c,1.0,1.0,0.3777904979965655,0.6222095020034345,1320,1540,0,2860,1.0,3.2161314778015906,0.0352565999928629,0.0004564208281889,0.0005221749000235,fallback_bound,49012a7e34dcde496613c34e97466b291a10898b592606738cb83775db13c4fd,8.0,0.75,8.0,0.7415653755729036,2,2,0.375,0.03125,0.015625
naive-recalibrated-2c,this-work,user-certified,primary,1,8f9125a9cf953a892e66855c71b3e1fdf7a4658f439095d9dd1ea5c118d63bbf,,2,8,1.0,0.75,0.5,0.75,0.5,0.75,0.747,0.5,False,0.5,0.4999999999999999,0.5,0.5000000000000001,2.0,2.0,plan-delta,2.0,1.0,0.3777904979965655,0.6222095020034345,1320,1540,0,2860,1.0,2.4039958515537854,0.0339269999967655,0.0003104292746152,0.0005100997439926,fallback_bound,49012a7e34dcde496613c34e97466b291a10898b592606738cb83775db13c4fd,8.0,0.75,8.0,0.7415653755729036,2,2,0.375,0.03125,0.015625
full-identity-reference,oracle,oracle-assumption,full-identity-reference,1,8f9125a9cf953a892e66855c71b3e1fdf7a4658f439095d9dd1ea5c118d63bbf,,2,8,1.0,0.75,0.5,0.75,0.5,0.75,0.747,0.5,False,0.5,0.4999999999999999,0.5,0.5000000000000001,1.0,1.0,plan-c,1.0,1.0,0.0,0.0,0,0,0,1000,1.0,5.709739005623294,0.041515499993693,0.0,3.2084292219098765e-05,fallback_bound,49012a7e34dcde496613c34e97466b291a10898b592606738cb83775db13c4fd,8.0,0.75,8.0,0.7415653755729036,2,2,0.375,0.03125,0.015625
non-private-reference,oracle,non-private,diagnostic,1,8f9125a9cf953a892e66855c71b3e1fdf7a4658f439095d9dd1ea5c118d63bbf,,2,8,1.0,0.75,0.5,0.75,0.5,0.75,0.747,0.5,False,0.5,0.4999999999999999,0.5,0.5000000000000001,,,non-private,0.0,1.0,0.0,0.0,0,0,0,0,0.0,inf,0.0214555999991716,0.0007473834350982,0.0007473834350982,fallback_bound,49012a7e34dcde496613c34e97466b291a10898b592606738cb83775db13c4fd,8.0,0.75,8.0,0.7415653755729036,2,2,0.375,0.03125,0.015625
naive-claimed-c,this-work,unsafe-diagnostic,diagnostic,1,8f9125a9cf953a892e66855c71b3e1fdf7a4658f439095d9dd1ea5c118d63bbf,,2,8,1.0,0.75,0.5,0.75,0.5,0.75,0.747,0.5,False,0.5,0.4999999999999999,0.5,0.5000000000000001,,2.0,unsafe-diagnostic,1.0,1.0,0.3777904979965655,0.6222095020034345,1320,1540,0,2860,1.0,4.807991703107571,0.0342012000037357,0.0003104292746152,0.0003781802170848,fallback_bound,49012a7e34dcde496613c34e97466b291a10898b592606738cb83775db13c4fd,8.0,0.75,8.0,0.7415653755729036,2,2,0.375,0.03125,0.015625
stable-local-fallback,this-work,user-certified,primary,2,8f9125a9cf953a892e66855c71b3e1fdf7a4658f439095d9dd1ea5c118d63bbf,0.0,2,8,1.0,0.75,0.5,0.75,0.5,0.75,0.747,0.5,False,0.5,0.4999999999999999,0.5,0.5000000000000001,1.0,1.0,plan-c,1.0,1.0,0.0,1.0,0,1747,0,1747,1.0,1.0415597789159912,0.0234382999915396,0.0006232759334675,0.0007288449843958,fallback_bound,49012a7e34dcde496613c34e97466b291a10898b592606738cb83775db13c4fd,8.0,0.75,8.0,0.7415653755729036,2,2,0.375,0.03125,0.015625
handle-only-drop-residual,this-work,user-certified,primary,2,8f9125a9cf953a892e66855c71b3e1fdf7a4658f439095d9dd1ea5c118d63bbf,1.0,2,8,1.0,0.75,0.5,0.75,0.5,0.75,0.747,0.5,False,0.5,0.4999999999999999,0.5,0.5000000000000001,1.0,1.0,plan-c,1.0,0.3737836290784201,0.3737836290784201,0.0,1306,0,0,1306,1.0,3.597003782480754,0.0336368999996921,0.0003826957206673,0.0004624847009716,fallback_bound,49012a7e34dcde496613c34e97466b291a10898b592606738cb83775db13c4fd,8.0,0.75,8.0,0.7415653755729036,2,2,0.375,0.03125,0.015625
unitscope-equal,this-work,user-certified,primary,2,8f9125a9cf953a892e66855c71b3e1fdf7a4658f439095d9dd1ea5c118d63bbf,0.2,2,8,1.0,0.75,0.5,0.75,0.5,0.75,0.747,0.5,False,0.5,0.4999999999999999,0.5,0.5000000000000001,1.0,1.0,plan-c,1.0,1.0,0.3737836290784201,0.6262163709215799,1306,1579,0,2885,1.0,1.3771592200334517,0.0597045000031357,0.0005477842586497,0.0006508910174153,fallback_bound,49012a7e34dcde496613c34e97466b291a10898b592606738cb83775db13c4fd,8.0,0.75,8.0,0.7415653755729036,2,2,0.375,0.03125,0.015625
unitscope-tuned,this-work,user-certified,primary,2,8f9125a9cf953a892e66855c71b3e1fdf7a4658f439095d9dd1ea5c118d63bbf,0.75,2,8,1.0,0.75,0.5,0.75,0.5,0.75,0.747,0.5,False,0.5,0.4999999999999999,0.5,0.5000000000000001,1.0,1.0,plan-c,1.0,1.0,0.3737836290784201,0.6262163709215799,1306,1579,0,2885,1.0,2.874925649500696,0.0326360000035492,0.0003914027736709,0.0004784785597443,fallback_bound,49012a7e34dcde496613c34e97466b291a10898b592606738cb83775db13c4fd,8.0,0.75,8.0,0.7415653755729036,2,2,0.375,0.03125,0.015625
naive-recalibrated-2c,this-work,user-certified,primary,2,8f9125a9cf953a892e66855c71b3e1fdf7a4658f439095d9dd1ea5c118d63bbf,,2,8,1.0,0.75,0.5,0.75,0.5,0.75,0.747,0.5,False,0.5,0.4999999999999999,0.5,0.5000000000000001,2.0,2.0,plan-delta,2.0,1.0,0.3737836290784201,0.6262163709215799,1306,1579,0,2885,1.0,2.168746894205748,0.033506000007037,0.0002500222252221,0.0004493126696518,fallback_bound,49012a7e34dcde496613c34e97466b291a10898b592606738cb83775db13c4fd,8.0,0.75,8.0,0.7415653755729036,2,2,0.375,0.03125,0.015625
full-identity-reference,oracle,oracle-assumption,full-identity-reference,2,8f9125a9cf953a892e66855c71b3e1fdf7a4658f439095d9dd1ea5c118d63bbf,,2,8,1.0,0.75,0.5,0.75,0.5,0.75,0.747,0.5,False,0.5,0.4999999999999999,0.5,0.5000000000000001,1.0,1.0,plan-c,1.0,1.0,0.0,0.0,0,0,0,1000,1.0,5.22654729687365,0.0407386000006226,0.0,3.507377284459695e-05,fallback_bound,49012a7e34dcde496613c34e97466b291a10898b592606738cb83775db13c4fd,8.0,0.75,8.0,0.7415653755729036,2,2,0.375,0.03125,0.015625
non-private-reference,oracle,non-private,diagnostic,2,8f9125a9cf953a892e66855c71b3e1fdf7a4658f439095d9dd1ea5c118d63bbf,,2,8,1.0,0.75,0.5,0.75,0.5,0.75,0.747,0.5,False,0.5,0.4999999999999999,0.5,0.5000000000000001,,,non-private,0.0,1.0,0.0,0.0,0,0,0,0,0.0,inf,0.0188953999895602,0.0008851428222059,0.0008851428222059,fallback_bound,49012a7e34dcde496613c34e97466b291a10898b592606738cb83775db13c4fd,8.0,0.75,8.0,0.7415653755729036,2,2,0.375,0.03125,0.015625
naive-claimed-c,this-work,unsafe-diagnostic,diagnostic,2,8f9125a9cf953a892e66855c71b3e1fdf7a4658f439095d9dd1ea5c118d63bbf,,2,8,1.0,0.75,0.5,0.75,0.5,0.75,0.747,0.5,False,0.5,0.4999999999999999,0.5,0.5000000000000001,,2.0,unsafe-diagnostic,1.0,1.0,0.3737836290784201,0.6262163709215799,1306,1579,0,2885,1.0,4.337493788411496,0.0326866999967023,0.0002500222252221,0.0003145936745923,fallback_bound,49012a7e34dcde496613c34e97466b291a10898b592606738cb83775db13c4fd,8.0,0.75,8.0,0.7415653755729036,2,2,0.375,0.03125,0.015625
stable-local-fallback,this-work,user-certified,primary,3,8f9125a9cf953a892e66855c71b3e1fdf7a4658f439095d9dd1ea5c118d63bbf,0.0,2,8,1.0,0.75,0.5,0.75,0.5,0.75,0.741,0.5,False,0.5,0.4999999999999999,0.5,0.5000000000000001,1.0,1.0,plan-c,1.0,1.0,0.0,1.0,0,1741,0,1741,1.0,1.133338151974923,0.0266294000030029,0.0006662424099627,0.0006871956713385,fallback_bound,49012a7e34dcde496613c34e97466b291a10898b592606738cb83775db13c4fd,8.0,0.75,8.0,0.7415653755729036,2,2,0.375,0.03125,0.015625
handle-only-drop-residual,this-work,user-certified,primary,3,8f9125a9cf953a892e66855c71b3e1fdf7a4658f439095d9dd1ea5c118d63bbf,1.0,2,8,1.0,0.75,0.5,0.75,0.5,0.75,0.741,0.5,False,0.5,0.4999999999999999,0.5,0.5000000000000001,1.0,1.0,plan-c,1.0,0.3767949454336588,0.3767949454336588,0.0,1312,0,0,1312,1.0,4.082654246670134,0.0363224999891826,0.0003693225038897,0.0003984222846491,fallback_bound,49012a7e34dcde496613c34e97466b291a10898b592606738cb83775db13c4fd,8.0,0.75,8.0,0.7415653755729036,2,2,0.375,0.03125,0.015625
unitscope-equal,this-work,user-certified,primary,3,8f9125a9cf953a892e66855c71b3e1fdf7a4658f439095d9dd1ea5c118d63bbf,0.2,2,8,1.0,0.75,0.5,0.75,0.5,0.75,0.741,0.5,False,0.5,0.4999999999999999,0.5,0.5000000000000001,1.0,1.0,plan-c,1.0,1.0,0.3767949454336588,0.6232050545663412,1312,1550,0,2862,1.0,1.5021294192240977,0.0349183000071207,0.0005817538910699,0.0006048662062562,fallback_bound,49012a7e34dcde496613c34e97466b291a10898b592606738cb83775db13c4fd,8.0,0.75,8.0,0.7415653755729036,2,2,0.375,0.03125,0.015625
unitscope-tuned,this-work,user-certified,primary,3,8f9125a9cf953a892e66855c71b3e1fdf7a4658f439095d9dd1ea5c118d63bbf,0.75,2,8,1.0,0.75,0.5,0.75,0.5,0.75,0.741,0.5,False,0.5,0.4999999999999999,0.5,0.5000000000000001,1.0,1.0,plan-c,1.0,1.0,0.3767949454336588,0.6232050545663412,1312,1550,0,2862,1.0,3.2430149906816608,0.0355667999974684,0.0003839062681532,0.000411134965921,fallback_bound,49012a7e34dcde496613c34e97466b291a10898b592606738cb83775db13c4fd,8.0,0.75,8.0,0.7415653755729036,2,2,0.375,0.03125,0.015625
naive-recalibrated-2c,this-work,user-certified,primary,3,8f9125a9cf953a892e66855c71b3e1fdf7a4658f439095d9dd1ea5c118d63bbf,,2,8,1.0,0.75,0.5,0.75,0.5,0.75,0.741,0.5,False,0.5,0.4999999999999999,0.5,0.5000000000000001,2.0,2.0,plan-delta,2.0,1.0,0.3767949454336588,0.6232050545663412,1312,1550,0,2862,1.0,2.421517391094291,0.0348731999984011,0.0002306270932153,0.0003543351241609,fallback_bound,49012a7e34dcde496613c34e97466b291a10898b592606738cb83775db13c4fd,8.0,0.75,8.0,0.7415653755729036,2,2,0.375,0.03125,0.015625
full-identity-reference,oracle,oracle-assumption,full-identity-reference,3,8f9125a9cf953a892e66855c71b3e1fdf7a4658f439095d9dd1ea5c118d63bbf,,2,8,1.0,0.75,0.5,0.75,0.5,0.75,0.741,0.5,False,0.5,0.4999999999999999,0.5,0.5000000000000001,1.0,1.0,plan-c,1.0,1.0,0.0,0.0,0,0,0,1000,1.0,5.7212359014939125,0.0447979000018676,0.0,3.144656992614111e-05,fallback_bound,49012a7e34dcde496613c34e97466b291a10898b592606738cb83775db13c4fd,8.0,0.75,8.0,0.7415653755729036,2,2,0.375,0.03125,0.015625
non-private-reference,oracle,non-private,diagnostic,3,8f9125a9cf953a892e66855c71b3e1fdf7a4658f439095d9dd1ea5c118d63bbf,,2,8,1.0,0.75,0.5,0.75,0.5,0.75,0.741,0.5,False,0.5,0.4999999999999999,0.5,0.5000000000000001,,,non-private,0.0,1.0,0.0,0.0,0,0,0,0,0.0,inf,0.0230037000001175,0.000878462574273,0.000878462574273,fallback_bound,49012a7e34dcde496613c34e97466b291a10898b592606738cb83775db13c4fd,8.0,0.75,8.0,0.7415653755729036,2,2,0.375,0.03125,0.015625
naive-claimed-c,this-work,unsafe-diagnostic,diagnostic,3,8f9125a9cf953a892e66855c71b3e1fdf7a4658f439095d9dd1ea5c118d63bbf,,2,8,1.0,0.75,0.5,0.75,0.5,0.75,0.741,0.5,False,0.5,0.4999999999999999,0.5,0.5000000000000001,,2.0,unsafe-diagnostic,1.0,1.0,0.3767949454336588,0.6232050545663412,1312,1550,0,2862,1.0,4.843034782188582,0.0564054999995278,0.0002306270932153,0.0002610345387619,fallback_bound,49012a7e34dcde496613c34e97466b291a10898b592606738cb83775db13c4fd,8.0,0.75,8.0,0.7415653755729036,2,2,0.375,0.03125,0.015625
stable-local-fallback,this-work,user-certified,primary,4,8f9125a9cf953a892e66855c71b3e1fdf7a4658f439095d9dd1ea5c118d63bbf,0.0,2,8,1.0,0.75,0.5,0.75,0.5,0.75,0.773,0.5,False,0.5,0.4999999999999999,0.5,0.5000000000000001,1.0,1.0,plan-c,1.0,1.0,0.0,1.0,0,1773,0,1773,1.0,1.014702729967675,0.0244766999967396,0.0006025378957483,0.0005982535684787,fallback_bound,49012a7e34dcde496613c34e97466b291a10898b592606738cb83775db13c4fd,8.0,0.75,8.0,0.7415653755729036,2,2,0.375,0.03125,0.015625
handle-only-drop-residual,this-work,user-certified,primary,4,8f9125a9cf953a892e66855c71b3e1fdf7a4658f439095d9dd1ea5c118d63bbf,1.0,2,8,1.0,0.75,0.5,0.75,0.5,0.75,0.773,0.5,False,0.5,0.4999999999999999,0.5,0.5000000000000001,1.0,1.0,plan-c,1.0,0.3767625493513818,0.3767625493513818,0.0,1336,0,0,1336,1.0,3.9241146350253375,0.0335989000013796,0.0003700013493819,0.0003690793531759,fallback_bound,49012a7e34dcde496613c34e97466b291a10898b592606738cb83775db13c4fd,8.0,0.75,8.0,0.7415653755729036,2,2,0.375,0.03125,0.015625
unitscope-equal,this-work,user-certified,primary,4,8f9125a9cf953a892e66855c71b3e1fdf7a4658f439095d9dd1ea5c118d63bbf,0.2,2,8,1.0,0.75,0.5,0.75,0.5,0.75,0.773,0.5,False,0.5,0.4999999999999999,0.5,0.5000000000000001,1.0,1.0,plan-c,1.0,1.0,0.3767625493513818,0.6232374506486181,1336,1569,0,2905,1.0,1.384325596737723,0.0360161999997217,0.0005230310108673,0.00051816664057,fallback_bound,49012a7e34dcde496613c34e97466b291a10898b592606738cb83775db13c4fd,8.0,0.75,8.0,0.7415653755729036,2,2,0.375,0.03125,0.015625
unitscope-tuned,this-work,user-certified,primary,4,8f9125a9cf953a892e66855c71b3e1fdf7a4658f439095d9dd1ea5c118d63bbf,0.75,2,8,1.0,0.75,0.5,0.75,0.5,0.75,0.773,0.5,False,0.5,0.4999999999999999,0.5,0.5000000000000001,1.0,1.0,plan-c,1.0,1.0,0.3767625493513818,0.6232374506486181,1336,1569,0,2905,1.0,3.0992216693304564,0.0380839999997988,0.0003632884410169,0.0003611344529074,fallback_bound,49012a7e34dcde496613c34e97466b291a10898b592606738cb83775db13c4fd,8.0,0.75,8.0,0.7415653755729036,2,2,0.375,0.03125,0.015625
naive-recalibrated-2c,this-work,user-certified,primary,4,8f9125a9cf953a892e66855c71b3e1fdf7a4658f439095d9dd1ea5c118d63bbf,,2,8,1.0,0.75,0.5,0.75,0.5,0.75,0.773,0.5,False,0.5,0.4999999999999999,0.5,0.5000000000000001,2.0,2.0,plan-delta,2.0,1.0,0.3767625493513818,0.6232374506486181,1336,1569,0,2905,1.0,2.290914447768912,0.0366953000047942,0.0002505807983668,0.000334209460309,fallback_bound,49012a7e34dcde496613c34e97466b291a10898b592606738cb83775db13c4fd,8.0,0.75,8.0,0.7415653755729036,2,2,0.375,0.03125,0.015625
full-identity-reference,oracle,oracle-assumption,full-identity-reference,4,8f9125a9cf953a892e66855c71b3e1fdf7a4658f439095d9dd1ea5c118d63bbf,,2,8,1.0,0.75,0.5,0.75,0.5,0.75,0.773,0.5,False,0.5,0.4999999999999999,0.5,0.5000000000000001,1.0,1.0,plan-c,1.0,1.0,0.0,0.0,0,0,0,1000,1.0,5.174351870312281,0.0448900999908801,0.0,3.450958520111424e-05,fallback_bound,49012a7e34dcde496613c34e97466b291a10898b592606738cb83775db13c4fd,8.0,0.75,8.0,0.7415653755729036,2,2,0.375,0.03125,0.015625
non-private-reference,oracle,non-private,diagnostic,4,8f9125a9cf953a892e66855c71b3e1fdf7a4658f439095d9dd1ea5c118d63bbf,,2,8,1.0,0.75,0.5,0.75,0.5,0.75,0.773,0.5,False,0.5,0.4999999999999999,0.5,0.5000000000000001,,,non-private,0.0,1.0,0.0,0.0,0,0,0,0,0.0,inf,0.0223606000072322,0.0007718421729248,0.0007718421729248,fallback_bound,49012a7e34dcde496613c34e97466b291a10898b592606738cb83775db13c4fd,8.0,0.75,8.0,0.7415653755729036,2,2,0.375,0.03125,0.015625
naive-claimed-c,this-work,unsafe-diagnostic,diagnostic,4,8f9125a9cf953a892e66855c71b3e1fdf7a4658f439095d9dd1ea5c118d63bbf,,2,8,1.0,0.75,0.5,0.75,0.5,0.75,0.773,0.5,False,0.5,0.4999999999999999,0.5,0.5000000000000001,,2.0,unsafe-diagnostic,1.0,1.0,0.3767625493513818,0.6232374506486181,1336,1569,0,2905,1.0,4.581828895537823,0.0398678999918047,0.0002505807983668,0.0002578855441368,fallback_bound,49012a7e34dcde496613c34e97466b291a10898b592606738cb83775db13c4fd,8.0,0.75,8.0,0.7415653755729036,2,2,0.375,0.03125,0.015625
stable-local-fallback,this-work,user-certified,primary,5,8f9125a9cf953a892e66855c71b3e1fdf7a4658f439095d9dd1ea5c118d63bbf,0.0,2,8,1.0,0.75,0.5,0.75,0.5,0.75,0.744,0.5,False,0.5,0.4999999999999999,0.5,0.5000000000000001,1.0,1.0,plan-c,1.0,1.0,0.0,1.0,0,1744,0,1744,1.0,0.8780133195561394,0.024202000000514,0.0006320341357533,0.000609847531359,fallback_bound,49012a7e34dcde496613c34e97466b291a10898b592606738cb83775db13c4fd,8.0,0.75,8.0,0.7415653755729036,2,2,0.375,0.03125,0.015625
handle-only-drop-residual,this-work,user-certified,primary,5,8f9125a9cf953a892e66855c71b3e1fdf7a4658f439095d9dd1ea5c118d63bbf,1.0,2,8,1.0,0.75,0.5,0.75,0.5,0.75,0.744,0.5,False,0.5,0.4999999999999999,0.5,0.5000000000000001,1.0,1.0,plan-c,1.0,0.3752866972477064,0.3752866972477064,0.0,1309,0,0,1309,1.0,3.3348155171362266,0.0354995999950915,0.0003431411148547,0.0003495716235377,fallback_bound,49012a7e34dcde496613c34e97466b291a10898b592606738cb83775db13c4fd,8.0,0.75,8.0,0.7415653755729036,2,2,0.375,0.03125,0.015625
unitscope-equal,this-work,user-certified,primary,5,8f9125a9cf953a892e66855c71b3e1fdf7a4658f439095d9dd1ea5c118d63bbf,0.2,2,8,1.0,0.75,0.5,0.75,0.5,0.75,0.744,0.5,False,0.5,0.4999999999999999,0.5,0.5000000000000001,1.0,1.0,plan-c,1.0,1.0,0.3752866972477064,0.6247133027522935,1309,1568,0,2877,1.0,1.2475978376624584,0.0564670000021578,0.0005344722935129,0.0005185412109522,fallback_bound,49012a7e34dcde496613c34e97466b291a10898b592606738cb83775db13c4fd,8.0,0.75,8.0,0.7415653755729036,2,2,0.375,0.03125,0.015625
unitscope-tuned,this-work,user-certified,primary,5,8f9125a9cf953a892e66855c71b3e1fdf7a4658f439095d9dd1ea5c118d63bbf,0.75,2,8,1.0,0.75,0.5,0.75,0.5,0.75,0.744,0.5,False,0.5,0.4999999999999999,0.5,0.5000000000000001,1.0,1.0,plan-c,1.0,1.0,0.3752866972477064,0.6247133027522935,1309,1568,0,2877,1.0,2.658760358855622,0.0346078000002307,0.0003544791828268,0.0003539216942461,fallback_bound,49012a7e34dcde496613c34e97466b291a10898b592606738cb83775db13c4fd,8.0,0.75,8.0,0.7415653755729036,2,2,0.375,0.03125,0.015625
naive-recalibrated-2c,this-work,user-certified,primary,5,8f9125a9cf953a892e66855c71b3e1fdf7a4658f439095d9dd1ea5c118d63bbf,,2,8,1.0,0.75,0.5,0.75,0.5,0.75,0.744,0.5,False,0.5,0.4999999999999999,0.5,0.5000000000000001,2.0,2.0,plan-delta,2.0,1.0,0.3752866972477064,0.6247133027522935,1309,1568,0,2877,1.0,1.995860282481437,0.0341909999988274,0.0002297757017135,0.0003670028004808,fallback_bound,49012a7e34dcde496613c34e97466b291a10898b592606738cb83775db13c4fd,8.0,0.75,8.0,0.7415653755729036,2,2,0.375,0.03125,0.015625
full-identity-reference,oracle,oracle-assumption,full-identity-reference,5,8f9125a9cf953a892e66855c71b3e1fdf7a4658f439095d9dd1ea5c118d63bbf,,2,8,1.0,0.75,0.5,0.75,0.5,0.75,0.744,0.5,False,0.5,0.4999999999999999,0.5,0.5000000000000001,1.0,1.0,plan-c,1.0,1.0,0.0,0.0,0,0,0,1000,1.0,4.572838264560242,0.0415735999995376,0.0,4.557772479073201e-05,fallback_bound,49012a7e34dcde496613c34e97466b291a10898b592606738cb83775db13c4fd,8.0,0.75,8.0,0.7415653755729036,2,2,0.375,0.03125,0.015625
non-private-reference,oracle,non-private,diagnostic,5,8f9125a9cf953a892e66855c71b3e1fdf7a4658f439095d9dd1ea5c118d63bbf,,2,8,1.0,0.75,0.5,0.75,0.5,0.75,0.744,0.5,False,0.5,0.4999999999999999,0.5,0.5000000000000001,,,non-private,0.0,1.0,0.0,0.0,0,0,0,0,0.0,inf,0.0198907000012695,0.0007719797433812,0.0007719797433812,fallback_bound,49012a7e34dcde496613c34e97466b291a10898b592606738cb83775db13c4fd,8.0,0.75,8.0,0.7415653755729036,2,2,0.375,0.03125,0.015625
naive-claimed-c,this-work,unsafe-diagnostic,diagnostic,5,8f9125a9cf953a892e66855c71b3e1fdf7a4658f439095d9dd1ea5c118d63bbf,,2,8,1.0,0.75,0.5,0.75,0.5,0.75,0.744,0.5,False,0.5,0.4999999999999999,0.5,0.5000000000000001,,2.0,unsafe-diagnostic,1.0,1.0,0.3752866972477064,0.6247133027522935,1309,1568,0,2877,1.0,3.991720564962874,0.033646800002316,0.0002297757017135,0.0002528115263064,fallback_bound,49012a7e34dcde496613c34e97466b291a10898b592606738cb83775db13c4fd,8.0,0.75,8.0,0.7415653755729036,2,2,0.375,0.03125,0.015625
stable-local-fallback,this-work,user-certified,primary,6,8f9125a9cf953a892e66855c71b3e1fdf7a4658f439095d9dd1ea5c118d63bbf,0.0,2,8,1.0,0.75,0.5,0.75,0.5,0.75,0.74,0.5,False,0.5,0.4999999999999999,0.5,0.5000000000000001,1.0,1.0,plan-c,1.0,1.0,0.0,1.0,0,1740,0,1740,1.0,1.323518552991639,0.0248569999967003,0.0008517224063448,0.0008337252782001,fallback_bound,49012a7e34dcde496613c34e97466b291a10898b592606738cb83775db13c4fd,8.0,0.75,8.0,0.7415653755729036,2,2,0.375,0.03125,0.015625
handle-only-drop-residual,this-work,user-certified,primary,6,8f9125a9cf953a892e66855c71b3e1fdf7a4658f439095d9dd1ea5c118d63bbf,1.0,2,8,1.0,0.75,0.5,0.75,0.5,0.75,0.74,0.5,False,0.5,0.4999999999999999,0.5,0.5000000000000001,1.0,1.0,plan-c,1.0,0.3781609195402299,0.3781609195402299,0.0,1316,0,0,1316,1.0,4.601346964378938,0.0356236000079661,0.0003477443375569,0.0003508256269539,fallback_bound,49012a7e34dcde496613c34e97466b291a10898b592606738cb83775db13c4fd,8.0,0.75,8.0,0.7415653755729036,2,2,0.375,0.03125,0.015625
unitscope-equal,this-work,user-certified,primary,6,8f9125a9cf953a892e66855c71b3e1fdf7a4658f439095d9dd1ea5c118d63bbf,0.2,2,8,1.0,0.75,0.5,0.75,0.5,0.75,0.74,0.5,False,0.5,0.4999999999999999,0.5,0.5000000000000001,1.0,1.0,plan-c,1.0,1.0,0.3781609195402299,0.6218390804597701,1316,1557,0,2873,1.0,1.7389556882107404,0.0375356000004103,0.0007401840151071,0.0007253020265096,fallback_bound,49012a7e34dcde496613c34e97466b291a10898b592606738cb83775db13c4fd,8.0,0.75,8.0,0.7415653755729036,2,2,0.375,0.03125,0.015625
unitscope-tuned,this-work,user-certified,primary,6,8f9125a9cf953a892e66855c71b3e1fdf7a4658f439095d9dd1ea5c118d63bbf,0.75,2,8,1.0,0.75,0.5,0.75,0.5,0.75,0.74,0.5,False,0.5,0.4999999999999999,0.5,0.5000000000000001,1.0,1.0,plan-c,1.0,1.0,0.3781609195402299,0.6218390804597701,1316,1557,0,2873,1.0,3.6832332650409896,0.038945699998294,0.0004156889769862,0.0004131567420099,fallback_bound,49012a7e34dcde496613c34e97466b291a10898b592606738cb83775db13c4fd,8.0,0.75,8.0,0.7415653755729036,2,2,0.375,0.03125,0.015625
naive-recalibrated-2c,this-work,user-certified,primary,6,8f9125a9cf953a892e66855c71b3e1fdf7a4658f439095d9dd1ea5c118d63bbf,,2,8,1.0,0.75,0.5,0.75,0.5,0.75,0.74,0.5,False,0.5,0.4999999999999999,0.5,0.5000000000000001,2.0,2.0,plan-delta,2.0,1.0,0.3781609195402299,0.6218390804597701,1316,1557,0,2873,1.0,2.7782967174415067,0.0388613000104669,0.0001995922496522,0.000275779955425,fallback_bound,49012a7e34dcde496613c34e97466b291a10898b592606738cb83775db13c4fd,8.0,0.75,8.0,0.7415653755729036,2,2,0.375,0.03125,0.015625
full-identity-reference,oracle,oracle-assumption,full-identity-reference,6,8f9125a9cf953a892e66855c71b3e1fdf7a4658f439095d9dd1ea5c118d63bbf,,2,8,1.0,0.75,0.5,0.75,0.5,0.75,0.74,0.5,False,0.5,0.4999999999999999,0.5,0.5000000000000001,1.0,1.0,plan-c,1.0,1.0,0.0,0.0,0,0,0,1000,1.0,6.790644185865935,0.0448883000062778,0.0,2.826786766778013e-05,fallback_bound,49012a7e34dcde496613c34e97466b291a10898b592606738cb83775db13c4fd,8.0,0.75,8.0,0.7415653755729036,2,2,0.375,0.03125,0.015625
non-private-reference,oracle,non-private,diagnostic,6,8f9125a9cf953a892e66855c71b3e1fdf7a4658f439095d9dd1ea5c118d63bbf,,2,8,1.0,0.75,0.5,0.75,0.5,0.75,0.74,0.5,False,0.5,0.4999999999999999,0.5,0.5000000000000001,,,non-private,0.0,1.0,0.0,0.0,0,0,0,0,0.0,inf,0.0208650999993551,0.0010544449245296,0.0010544449245296,fallback_bound,49012a7e34dcde496613c34e97466b291a10898b592606738cb83775db13c4fd,8.0,0.75,8.0,0.7415653755729036,2,2,0.375,0.03125,0.015625
naive-claimed-c,this-work,unsafe-diagnostic,diagnostic,6,8f9125a9cf953a892e66855c71b3e1fdf7a4658f439095d9dd1ea5c118d63bbf,,2,8,1.0,0.75,0.5,0.75,0.5,0.75,0.74,0.5,False,0.5,0.4999999999999999,0.5,0.5000000000000001,,2.0,unsafe-diagnostic,1.0,1.0,0.3781609195402299,0.6218390804597701,1316,1557,0,2873,1.0,5.5565934348830135,0.0662595000030705,0.0001995922496522,0.0002094182348709,fallback_bound,49012a7e34dcde496613c34e97466b291a10898b592606738cb83775db13c4fd,8.0,0.75,8.0,0.7415653755729036,2,2,0.375,0.03125,0.015625
stable-local-fallback,this-work,user-certified,primary,7,8f9125a9cf953a892e66855c71b3e1fdf7a4658f439095d9dd1ea5c118d63bbf,0.0,2,8,1.0,0.75,0.5,0.75,0.5,0.75,0.753,0.5,False,0.5,0.4999999999999999,0.5,0.5000000000000001,1.0,1.0,plan-c,1.0,1.0,0.0,1.0,0,1753,0,1753,1.0,1.0485945498037494,0.026319800002966,0.0005774492666562,0.0006351906078437,fallback_bound,49012a7e34dcde496613c34e97466b291a10898b592606738cb83775db13c4fd,8.0,0.75,8.0,0.7415653755729036,2,2,0.375,0.03125,0.015625
handle-only-drop-residual,this-work,user-certified,primary,7,8f9125a9cf953a892e66855c71b3e1fdf7a4658f439095d9dd1ea5c118d63bbf,1.0,2,8,1.0,0.75,0.5,0.75,0.5,0.75,0.753,0.5,False,0.5,0.4999999999999999,0.5,0.5000000000000001,1.0,1.0,plan-c,1.0,0.372219053051911,0.372219053051911,0.0,1305,0,0,1305,1.0,3.684470476427727,0.0367263999942224,0.0003114125743416,0.0004005378834063,fallback_bound,49012a7e34dcde496613c34e97466b291a10898b592606738cb83775db13c4fd,8.0,0.75,8.0,0.7415653755729036,2,2,0.375,0.03125,0.015625
unitscope-equal,this-work,user-certified,primary,7,8f9125a9cf953a892e66855c71b3e1fdf7a4658f439095d9dd1ea5c118d63bbf,0.2,2,8,1.0,0.75,0.5,0.75,0.5,0.75,0.753,0.5,False,0.5,0.4999999999999999,0.5,0.5000000000000001,1.0,1.0,plan-c,1.0,1.0,0.372219053051911,0.627780946948089,1305,1559,0,2864,1.0,1.3838094623062267,0.038497700006701,0.0005091950925479,0.0005709917784586,fallback_bound,49012a7e34dcde496613c34e97466b291a10898b592606738cb83775db13c4fd,8.0,0.75,8.0,0.7415653755729036,2,2,0.375,0.03125,0.015625
unitscope-tuned,this-work,user-certified,primary,7,8f9125a9cf953a892e66855c71b3e1fdf7a4658f439095d9dd1ea5c118d63bbf,0.75,2,8,1.0,0.75,0.5,0.75,0.5,0.75,0.753,0.5,False,0.5,0.4999999999999999,0.5,0.5000000000000001,1.0,1.0,plan-c,1.0,1.0,0.372219053051911,0.627780946948089,1305,1559,0,2864,1.0,2.942094038640006,0.0397548999899299,0.0003324723098778,0.0004130574242069,fallback_bound,49012a7e34dcde496613c34e97466b291a10898b592606738cb83775db13c4fd,8.0,0.75,8.0,0.7415653755729036,2,2,0.375,0.03125,0.015625
naive-recalibrated-2c,this-work,user-certified,primary,7,8f9125a9cf953a892e66855c71b3e1fdf7a4658f439095d9dd1ea5c118d63bbf,,2,8,1.0,0.75,0.5,0.75,0.5,0.75,0.753,0.5,False,0.5,0.4999999999999999,0.5,0.5000000000000001,2.0,2.0,plan-delta,2.0,1.0,0.372219053051911,0.627780946948089,1305,1559,0,2864,1.0,2.212710264188261,0.0420373999950243,0.0002069327869851,0.0004343496482939,fallback_bound,49012a7e34dcde496613c34e97466b291a10898b592606738cb83775db13c4fd,8.0,0.75,8.0,0.7415653755729036,2,2,0.375,0.03125,0.015625
full-identity-reference,oracle,oracle-assumption,full-identity-reference,7,8f9125a9cf953a892e66855c71b3e1fdf7a4658f439095d9dd1ea5c118d63bbf,,2,8,1.0,0.75,0.5,0.75,0.5,0.75,0.753,0.5,False,0.5,0.4999999999999999,0.5,0.5000000000000001,1.0,1.0,plan-c,1.0,1.0,0.0,0.0,0,0,0,1000,1.0,5.269456490207377,0.0425071999925421,0.0,3.194533304464665e-05,fallback_bound,49012a7e34dcde496613c34e97466b291a10898b592606738cb83775db13c4fd,8.0,0.75,8.0,0.7415653755729036,2,2,0.375,0.03125,0.015625
non-private-reference,oracle,non-private,diagnostic,7,8f9125a9cf953a892e66855c71b3e1fdf7a4658f439095d9dd1ea5c118d63bbf,,2,8,1.0,0.75,0.5,0.75,0.5,0.75,0.753,0.5,False,0.5,0.4999999999999999,0.5,0.5000000000000001,,,non-private,0.0,1.0,0.0,0.0,0,0,0,0,0.0,inf,0.0231657000113045,0.0008150035796582,0.0008150035796582,fallback_bound,49012a7e34dcde496613c34e97466b291a10898b592606738cb83775db13c4fd,8.0,0.75,8.0,0.7415653755729036,2,2,0.375,0.03125,0.015625
naive-claimed-c,this-work,unsafe-diagnostic,diagnostic,7,8f9125a9cf953a892e66855c71b3e1fdf7a4658f439095d9dd1ea5c118d63bbf,,2,8,1.0,0.75,0.5,0.75,0.5,0.75,0.753,0.5,False,0.5,0.4999999999999999,0.5,0.5000000000000001,,2.0,unsafe-diagnostic,1.0,1.0,0.372219053051911,0.627780946948089,1305,1559,0,2864,1.0,4.425420528376521,0.0359008999948855,0.0002069327869851,0.0002886958845949,fallback_bound,49012a7e34dcde496613c34e97466b291a10898b592606738cb83775db13c4fd,8.0,0.75,8.0,0.7415653755729036,2,2,0.375,0.03125,0.015625
stable-local-fallback,this-work,user-certified,primary,8,8f9125a9cf953a892e66855c71b3e1fdf7a4658f439095d9dd1ea5c118d63bbf,0.0,2,8,1.0,0.75,0.5,0.75,0.5,0.75,0.74,0.5,False,0.5,0.4999999999999999,0.5,0.5000000000000001,1.0,1.0,plan-c,1.0,1.0,0.0,1.0,0,1740,0,1740,1.0,1.200230520290983,0.0239476999995531,0.0008527455564153,0.0010472541306674,fallback_bound,49012a7e34dcde496613c34e97466b291a10898b592606738cb83775db13c4fd,8.0,0.75,8.0,0.7415653755729036,2,2,0.375,0.03125,0.015625
handle-only-drop-residual,this-work,user-certified,primary,8,8f9125a9cf953a892e66855c71b3e1fdf7a4658f439095d9dd1ea5c118d63bbf,1.0,2,8,1.0,0.75,0.5,0.75,0.5,0.75,0.74,0.5,False,0.5,0.4999999999999999,0.5,0.5000000000000001,1.0,1.0,plan-c,1.0,0.3747126436781609,0.3747126436781609,0.0,1304,0,0,1304,1.0,4.614118132176231,0.0612628999951994,0.0002538776836328,0.0003685614958147,fallback_bound,49012a7e34dcde496613c34e97466b291a10898b592606738cb83775db13c4fd,8.0,0.75,8.0,0.7415653755729036,2,2,0.375,0.03125,0.015625
unitscope-equal,this-work,user-certified,primary,8,8f9125a9cf953a892e66855c71b3e1fdf7a4658f439095d9dd1ea5c118d63bbf,0.2,2,8,1.0,0.75,0.5,0.75,0.5,0.75,0.74,0.5,False,0.5,0.4999999999999999,0.5,0.5000000000000001,1.0,1.0,plan-c,1.0,1.0,0.3747126436781609,0.6252873563218391,1304,1545,0,2849,1.0,1.6925409221738303,0.0361623000062536,0.0006969104716453,0.0008815664523731,fallback_bound,49012a7e34dcde496613c34e97466b291a10898b592606738cb83775db13c4fd,8.0,0.75,8.0,0.7415653755729036,2,2,0.375,0.03125,0.015625
unitscope-tuned,this-work,user-certified,primary,8,8f9125a9cf953a892e66855c71b3e1fdf7a4658f439095d9dd1ea5c118d63bbf,0.75,2,8,1.0,0.75,0.5,0.75,0.5,0.75,0.74,0.5,False,0.5,0.4999999999999999,0.5,0.5000000000000001,1.0,1.0,plan-c,1.0,1.0,0.3747126436781609,0.6252873563218391,1304,1545,0,2849,1.0,3.68532243727826,0.0362520000053336,0.0003164852816123,0.0004530353964648,fallback_bound,49012a7e34dcde496613c34e97466b291a10898b592606738cb83775db13c4fd,8.0,0.75,8.0,0.7415653755729036,2,2,0.375,0.03125,0.015625
naive-recalibrated-2c,this-work,user-certified,primary,8,8f9125a9cf953a892e66855c71b3e1fdf7a4658f439095d9dd1ea5c118d63bbf,,2,8,1.0,0.75,0.5,0.75,0.5,0.75,0.74,0.5,False,0.5,0.4999999999999999,0.5,0.5000000000000001,2.0,2.0,plan-delta,2.0,1.0,0.3747126436781609,0.6252873563218391,1304,1545,0,2849,1.0,2.765202334351165,0.0350196000072173,0.0001534066266832,0.0003962899793635,fallback_bound,49012a7e34dcde496613c34e97466b291a10898b592606738cb83775db13c4fd,8.0,0.75,8.0,0.7415653755729036,2,2,0.375,0.03125,0.015625
full-identity-reference,oracle,oracle-assumption,full-identity-reference,8,8f9125a9cf953a892e66855c71b3e1fdf7a4658f439095d9dd1ea5c118d63bbf,,2,8,1.0,0.75,0.5,0.75,0.5,0.75,0.74,0.5,False,0.5,0.4999999999999999,0.5,0.5000000000000001,1.0,1.0,plan-c,1.0,1.0,0.0,0.0,0,0,0,1000,1.0,5.864605105890776,0.0447362000122666,0.0,3.888141977657693e-05,fallback_bound,49012a7e34dcde496613c34e97466b291a10898b592606738cb83775db13c4fd,8.0,0.75,8.0,0.7415653755729036,2,2,0.375,0.03125,0.015625
non-private-reference,oracle,non-private,diagnostic,8,8f9125a9cf953a892e66855c71b3e1fdf7a4658f439095d9dd1ea5c118d63bbf,,2,8,1.0,0.75,0.5,0.75,0.5,0.75,0.74,0.5,False,0.5,0.4999999999999999,0.5,0.5000000000000001,,,non-private,0.0,1.0,0.0,0.0,0,0,0,0,0.0,inf,0.022272599991993,0.0013100686235273,0.0013100686235273,fallback_bound,49012a7e34dcde496613c34e97466b291a10898b592606738cb83775db13c4fd,8.0,0.75,8.0,0.7415653755729036,2,2,0.375,0.03125,0.015625
naive-claimed-c,this-work,unsafe-diagnostic,diagnostic,8,8f9125a9cf953a892e66855c71b3e1fdf7a4658f439095d9dd1ea5c118d63bbf,,2,8,1.0,0.75,0.5,0.75,0.5,0.75,0.74,0.5,False,0.5,0.4999999999999999,0.5,0.5000000000000001,,2.0,unsafe-diagnostic,1.0,1.0,0.3747126436781609,0.6252873563218391,1304,1545,0,2849,1.0,5.53040466870233,0.0351026999996975,0.0001534066266832,0.0002359668832468,fallback_bound,49012a7e34dcde496613c34e97466b291a10898b592606738cb83775db13c4fd,8.0,0.75,8.0,0.7415653755729036,2,2,0.375,0.03125,0.015625
stable-local-fallback,this-work,user-certified,primary,9,8f9125a9cf953a892e66855c71b3e1fdf7a4658f439095d9dd1ea5c118d63bbf,0.0,2,8,1.0,0.75,0.5,0.75,0.5,0.75,0.727,0.5,False,0.5,0.4999999999999999,0.5,0.5000000000000001,1.0,1.0,plan-c,1.0,1.0,0.0,1.0,0,1727,0,1727,1.0,1.1165496574834368,0.0248736000066855,0.0006050025548406,0.0006466846797607,fallback_bound,49012a7e34dcde496613c34e97466b291a10898b592606738cb83775db13c4fd,8.0,0.75,8.0,0.7415653755729036,2,2,0.375,0.03125,0.015625
handle-only-drop-residual,this-work,user-certified,primary,9,8f9125a9cf953a892e66855c71b3e1fdf7a4658f439095d9dd1ea5c118d63bbf,1.0,2,8,1.0,0.75,0.5,0.75,0.5,0.75,0.727,0.5,False,0.5,0.4999999999999999,0.5,0.5000000000000001,1.0,1.0,plan-c,1.0,0.3755066589461494,0.3755066589461494,0.0,1297,0,0,1297,1.0,4.04575181643008,0.0346350000036181,0.0004088078141732,0.0004599389856065,fallback_bound,49012a7e34dcde496613c34e97466b291a10898b592606738cb83775db13c4fd,8.0,0.75,8.0,0.7415653755729036,2,2,0.375,0.03125,0.015625
unitscope-equal,this-work,user-certified,primary,9,8f9125a9cf953a892e66855c71b3e1fdf7a4658f439095d9dd1ea5c118d63bbf,0.2,2,8,1.0,0.75,0.5,0.75,0.5,0.75,0.727,0.5,False,0.5,0.4999999999999999,0.5,0.5000000000000001,1.0,1.0,plan-c,1.0,1.0,0.3755066589461494,0.6244933410538506,1297,1540,0,2837,1.0,1.487678855700696,0.0355911000078776,0.0005319214360891,0.0005733975476453,fallback_bound,49012a7e34dcde496613c34e97466b291a10898b592606738cb83775db13c4fd,8.0,0.75,8.0,0.7415653755729036,2,2,0.375,0.03125,0.015625
unitscope-tuned,this-work,user-certified,primary,9,8f9125a9cf953a892e66855c71b3e1fdf7a4658f439095d9dd1ea5c118d63bbf,0.75,2,8,1.0,0.75,0.5,0.75,0.5,0.75,0.727,0.5,False,0.5,0.4999999999999999,0.5,0.5000000000000001,1.0,1.0,plan-c,1.0,1.0,0.3755066589461494,0.6244933410538506,1297,1540,0,2837,1.0,3.209249183753737,0.0378118000080576,0.0003994060467303,0.000447520011952,fallback_bound,49012a7e34dcde496613c34e97466b291a10898b592606738cb83775db13c4fd,8.0,0.75,8.0,0.7415653755729036,2,2,0.375,0.03125,0.015625
naive-recalibrated-2c,this-work,user-certified,primary,9,8f9125a9cf953a892e66855c71b3e1fdf7a4658f439095d9dd1ea5c118d63bbf,,2,8,1.0,0.75,0.5,0.75,0.5,0.75,0.727,0.5,False,0.5,0.4999999999999999,0.5,0.5000000000000001,2.0,2.0,plan-delta,2.0,1.0,0.3755066589461494,0.6244933410538506,1297,1540,0,2837,1.0,2.3929656961183285,0.0404167999950004,0.000272001749037,0.0004243591051404,fallback_bound,49012a7e34dcde496613c34e97466b291a10898b592606738cb83775db13c4fd,8.0,0.75,8.0,0.7415653755729036,2,2,0.375,0.03125,0.015625
full-identity-reference,oracle,oracle-assumption,full-identity-reference,9,8f9125a9cf953a892e66855c71b3e1fdf7a4658f439095d9dd1ea5c118d63bbf,,2,8,1.0,0.75,0.5,0.75,0.5,0.75,0.727,0.5,False,0.5,0.4999999999999999,0.5,0.5000000000000001,1.0,1.0,plan-c,1.0,1.0,0.0,0.0,0,0,0,1000,1.0,5.648362060019918,0.0498477999935857,0.0,2.909586366824385e-05,fallback_bound,49012a7e34dcde496613c34e97466b291a10898b592606738cb83775db13c4fd,8.0,0.75,8.0,0.7415653755729036,2,2,0.375,0.03125,0.015625
non-private-reference,oracle,non-private,diagnostic,9,8f9125a9cf953a892e66855c71b3e1fdf7a4658f439095d9dd1ea5c118d63bbf,,2,8,1.0,0.75,0.5,0.75,0.5,0.75,0.727,0.5,False,0.5,0.4999999999999999,0.5,0.5000000000000001,,,non-private,0.0,1.0,0.0,0.0,0,0,0,0,0.0,inf,0.0607663999981014,0.0008195914157725,0.0008195914157725,fallback_bound,49012a7e34dcde496613c34e97466b291a10898b592606738cb83775db13c4fd,8.0,0.75,8.0,0.7415653755729036,2,2,0.375,0.03125,0.015625
naive-claimed-c,this-work,unsafe-diagnostic,diagnostic,9,8f9125a9cf953a892e66855c71b3e1fdf7a4658f439095d9dd1ea5c118d63bbf,,2,8,1.0,0.75,0.5,0.75,0.5,0.75,0.727,0.5,False,0.5,0.4999999999999999,0.5,0.5000000000000001,,2.0,unsafe-diagnostic,1.0,1.0,0.3755066589461494,0.6244933410538506,1297,1540,0,2837,1.0,4.785931392236657,0.0378253999951994,0.000272001749037,0.0003190845634204,fallback_bound,49012a7e34dcde496613c34e97466b291a10898b592606738cb83775db13c4fd,8.0,0.75,8.0,0.7415653755729036,2,2,0.375,0.03125,0.015625
stable-local-fallback,this-work,user-certified,primary,0,8f9125a9cf953a892e66855c71b3e1fdf7a4658f439095d9dd1ea5c118d63bbf,0.0,2,8,1.0,0.75,0.5,0.75,0.5,0.75,0.753,0.5,True,0.5,0.4999999999999999,0.5,0.5000000000000001,1.0,1.0,plan-c,1.0,1.0,0.0,1.0,0,0,1753,1753,1.0,0.5162244574521913,0.0252774999971734,0.001046863831862,0.0011084725056818,fallback_bound,b7d5911d6ac197caf61031d73c0a345fd6e5aeff70b10443ab9c8f6ab97fa320,8.0,0.75,8.0,0.7415653755729036,2,2,0.375,0.03125,0.015625
handle-only-drop-residual,this-work,user-certified,primary,0,8f9125a9cf953a892e66855c71b3e1fdf7a4658f439095d9dd1ea5c118d63bbf,1.0,2,8,1.0,0.75,0.5,0.75,0.5,0.75,0.753,0.5,True,0.5,0.4999999999999999,0.5,0.5000000000000001,1.0,1.0,plan-c,1.0,0.376782658300057,0.376782658300057,0.0,1321,0,0,1321,1.0,3.818124340697683,0.0350082000077236,0.0003747781612295,0.0004285884934897,fallback_bound,b7d5911d6ac197caf61031d73c0a345fd6e5aeff70b10443ab9c8f6ab97fa320,8.0,0.75,8.0,0.7415653755729036,2,2,0.375,0.03125,0.015625
unitscope-equal,this-work,user-certified,primary,0,8f9125a9cf953a892e66855c71b3e1fdf7a4658f439095d9dd1ea5c118d63bbf,0.2,2,8,1.0,0.75,0.5,0.75,0.5,0.75,0.753,0.5,True,0.5,0.4999999999999999,0.5,0.5000000000000001,1.0,1.0,plan-c,1.0,1.0,0.376782658300057,0.6232173416999429,1321,0,1551,2872,1.0,1.073806682591355,0.0358453999942867,0.0008519882029932,0.0009113168829908,fallback_bound,b7d5911d6ac197caf61031d73c0a345fd6e5aeff70b10443ab9c8f6ab97fa320,8.0,0.75,8.0,0.7415653755729036,2,2,0.375,0.03125,0.015625
unitscope-tuned,this-work,user-certified,primary,0,8f9125a9cf953a892e66855c71b3e1fdf7a4658f439095d9dd1ea5c118d63bbf,0.75,2,8,1.0,0.75,0.5,0.75,0.5,0.75,0.753,0.5,True,0.5,0.4999999999999999,0.5,0.5000000000000001,1.0,1.0,plan-c,1.0,1.0,0.376782658300057,0.6232173416999429,1321,0,1551,2872,1.0,2.95359406684674,0.034356399992248,0.0004511917347741,0.0005067265507023,fallback_bound,b7d5911d6ac197caf61031d73c0a345fd6e5aeff70b10443ab9c8f6ab97fa320,8.0,0.75,8.0,0.7415653755729036,2,2,0.375,0.03125,0.015625
naive-recalibrated-2c,this-work,user-certified,primary,0,8f9125a9cf953a892e66855c71b3e1fdf7a4658f439095d9dd1ea5c118d63bbf,,2,8,1.0,0.75,0.5,0.75,0.5,0.75,0.753,0.5,True,0.5,0.4999999999999999,0.5,0.5000000000000001,2.0,2.0,plan-delta,2.0,1.0,0.376782658300057,0.6232173416999429,1321,0,1551,2872,1.0,2.0922666439878714,0.0328048000083072,0.0002968867180704,0.0004899197849629,fallback_bound,b7d5911d6ac197caf61031d73c0a345fd6e5aeff70b10443ab9c8f6ab97fa320,8.0,0.75,8.0,0.7415653755729036,2,2,0.375,0.03125,0.015625
full-identity-reference,oracle,oracle-assumption,full-identity-reference,0,8f9125a9cf953a892e66855c71b3e1fdf7a4658f439095d9dd1ea5c118d63bbf,,2,8,1.0,0.75,0.5,0.75,0.5,0.75,0.753,0.5,True,0.5,0.4999999999999999,0.5,0.5000000000000001,1.0,1.0,plan-c,1.0,1.0,0.0,0.0,0,0,0,1000,1.0,5.3919700659430765,0.0430508999997982,0.0,4.382932526256053e-05,fallback_bound,b7d5911d6ac197caf61031d73c0a345fd6e5aeff70b10443ab9c8f6ab97fa320,8.0,0.75,8.0,0.7415653755729036,2,2,0.375,0.03125,0.015625
non-private-reference,oracle,non-private,diagnostic,0,8f9125a9cf953a892e66855c71b3e1fdf7a4658f439095d9dd1ea5c118d63bbf,,2,8,1.0,0.75,0.5,0.75,0.5,0.75,0.753,0.5,True,0.5,0.4999999999999999,0.5,0.5000000000000001,,,non-private,0.0,1.0,0.0,0.0,0,0,0,0,0.0,inf,0.0211014999949838,0.0009896145859756,0.0009896145859756,fallback_bound,b7d5911d6ac197caf61031d73c0a345fd6e5aeff70b10443ab9c8f6ab97fa320,8.0,0.75,8.0,0.7415653755729036,2,2,0.375,0.03125,0.015625
naive-claimed-c,this-work,unsafe-diagnostic,diagnostic,0,8f9125a9cf953a892e66855c71b3e1fdf7a4658f439095d9dd1ea5c118d63bbf,,2,8,1.0,0.75,0.5,0.75,0.5,0.75,0.753,0.5,True,0.5,0.4999999999999999,0.5,0.5000000000000001,,2.0,unsafe-diagnostic,1.0,1.0,0.376782658300057,0.6232173416999429,1321,0,1551,2872,1.0,4.184533287975743,0.0342839999939315,0.0002968867180704,0.0003495739262541,fallback_bound,b7d5911d6ac197caf61031d73c0a345fd6e5aeff70b10443ab9c8f6ab97fa320,8.0,0.75,8.0,0.7415653755729036,2,2,0.375,0.03125,0.015625
stable-local-fallback,this-work,user-certified,primary,1,8f9125a9cf953a892e66855c71b3e1fdf7a4658f439095d9dd1ea5c118d63bbf,0.0,2,8,1.0,0.75,0.5,0.75,0.5,0.75,0.747,0.5,True,0.5,0.4999999999999999,0.5,0.5000000000000001,1.0,1.0,plan-c,1.0,1.0,0.0,1.0,0,0,1747,1747,1.0,0.5398453568267432,0.0484180999919772,0.0008602540630684,0.0009109698506599,fallback_bound,b7d5911d6ac197caf61031d73c0a345fd6e5aeff70b10443ab9c8f6ab97fa320,8.0,0.75,8.0,0.7415653755729036,2,2,0.375,0.03125,0.015625
handle-only-drop-residual,this-work,user-certified,primary,1,8f9125a9cf953a892e66855c71b3e1fdf7a4658f439095d9dd1ea5c118d63bbf,1.0,2,8,1.0,0.75,0.5,0.75,0.5,0.75,0.747,0.5,True,0.5,0.4999999999999999,0.5,0.5000000000000001,1.0,1.0,plan-c,1.0,0.3777904979965655,0.3777904979965655,0.0,1320,0,0,1320,1.0,4.049792358551845,0.0343045000045094,0.0004679587074854,0.0005397622034925,fallback_bound,b7d5911d6ac197caf61031d73c0a345fd6e5aeff70b10443ab9c8f6ab97fa320,8.0,0.75,8.0,0.7415653755729036,2,2,0.375,0.03125,0.015625
unitscope-equal,this-work,user-certified,primary,1,8f9125a9cf953a892e66855c71b3e1fdf7a4658f439095d9dd1ea5c118d63bbf,0.2,2,8,1.0,0.75,0.5,0.75,0.5,0.75,0.747,0.5,True,0.5,0.4999999999999999,0.5,0.5000000000000001,1.0,1.0,plan-c,1.0,1.0,0.3777904979965655,0.6222095020034345,1320,0,1540,2860,1.0,1.1329957617322464,0.0343014999962179,0.000717120453711,0.0007711868137812,fallback_bound,b7d5911d6ac197caf61031d73c0a345fd6e5aeff70b10443ab9c8f6ab97fa320,8.0,0.75,8.0,0.7415653755729036,2,2,0.375,0.03125,0.015625
unitscope-tuned,this-work,user-certified,primary,1,8f9125a9cf953a892e66855c71b3e1fdf7a4658f439095d9dd1ea5c118d63bbf,0.75,2,8,1.0,0.75,0.5,0.75,0.5,0.75,0.747,0.5,True,0.5,0.4999999999999999,0.5,0.5000000000000001,1.0,1.0,plan-c,1.0,1.0,0.3777904979965655,0.6222095020034345,1320,0,1540,2860,1.0,3.1251929020094527,0.0342825999978231,0.0004845445534107,0.0005508051944375,fallback_bound,b7d5911d6ac197caf61031d73c0a345fd6e5aeff70b10443ab9c8f6ab97fa320,8.0,0.75,8.0,0.7415653755729036,2,2,0.375,0.03125,0.015625
naive-recalibrated-2c,this-work,user-certified,primary,1,8f9125a9cf953a892e66855c71b3e1fdf7a4658f439095d9dd1ea5c118d63bbf,,2,8,1.0,0.75,0.5,0.75,0.5,0.75,0.747,0.5,True,0.5,0.4999999999999999,0.5,0.5000000000000001,2.0,2.0,plan-delta,2.0,1.0,0.3777904979965655,0.6222095020034345,1320,0,1540,2860,1.0,2.206603547044085,0.0333709999977145,0.0003801332481002,0.0005838562710151,fallback_bound,b7d5911d6ac197caf61031d73c0a345fd6e5aeff70b10443ab9c8f6ab97fa320,8.0,0.75,8.0,0.7415653755729036,2,2,0.375,0.03125,0.015625
full-identity-reference,oracle,oracle-assumption,full-identity-reference,1,8f9125a9cf953a892e66855c71b3e1fdf7a4658f439095d9dd1ea5c118d63bbf,,2,8,1.0,0.75,0.5,0.75,0.5,0.75,0.747,0.5,True,0.5,0.4999999999999999,0.5,0.5000000000000001,1.0,1.0,plan-c,1.0,1.0,0.0,0.0,0,0,0,1000,1.0,5.709739005623294,0.0410584000055678,0.0,3.2084292219098765e-05,fallback_bound,b7d5911d6ac197caf61031d73c0a345fd6e5aeff70b10443ab9c8f6ab97fa320,8.0,0.75,8.0,0.7415653755729036,2,2,0.375,0.03125,0.015625
non-private-reference,oracle,non-private,diagnostic,1,8f9125a9cf953a892e66855c71b3e1fdf7a4658f439095d9dd1ea5c118d63bbf,,2,8,1.0,0.75,0.5,0.75,0.5,0.75,0.747,0.5,True,0.5,0.4999999999999999,0.5,0.5000000000000001,,,non-private,0.0,1.0,0.0,0.0,0,0,0,0,0.0,inf,0.0188091000018175,0.0007473834350982,0.0007473834350982,fallback_bound,b7d5911d6ac197caf61031d73c0a345fd6e5aeff70b10443ab9c8f6ab97fa320,8.0,0.75,8.0,0.7415653755729036,2,2,0.375,0.03125,0.015625
naive-claimed-c,this-work,unsafe-diagnostic,diagnostic,1,8f9125a9cf953a892e66855c71b3e1fdf7a4658f439095d9dd1ea5c118d63bbf,,2,8,1.0,0.75,0.5,0.75,0.5,0.75,0.747,0.5,True,0.5,0.4999999999999999,0.5,0.5000000000000001,,2.0,unsafe-diagnostic,1.0,1.0,0.3777904979965655,0.6222095020034345,1320,0,1540,2860,1.0,4.41320709408817,0.0324420999968424,0.0003801332481002,0.0004499104673386,fallback_bound,b7d5911d6ac197caf61031d73c0a345fd6e5aeff70b10443ab9c8f6ab97fa320,8.0,0.75,8.0,0.7415653755729036,2,2,0.375,0.03125,0.015625
stable-local-fallback,this-work,user-certified,primary,2,8f9125a9cf953a892e66855c71b3e1fdf7a4658f439095d9dd1ea5c118d63bbf,0.0,2,8,1.0,0.75,0.5,0.75,0.5,0.75,0.747,0.5,True,0.5,0.4999999999999999,0.5,0.5000000000000001,1.0,1.0,plan-c,1.0,1.0,0.0,1.0,0,0,1747,1747,1.0,0.5207798894579956,0.023209199993289,0.0007811771096214,0.000896038502243,fallback_bound,b7d5911d6ac197caf61031d73c0a345fd6e5aeff70b10443ab9c8f6ab97fa320,8.0,0.75,8.0,0.7415653755729036,2,2,0.375,0.03125,0.015625
handle-only-drop-residual,this-work,user-certified,primary,2,8f9125a9cf953a892e66855c71b3e1fdf7a4658f439095d9dd1ea5c118d63bbf,1.0,2,8,1.0,0.75,0.5,0.75,0.5,0.75,0.747,0.5,True,0.5,0.4999999999999999,0.5,0.5000000000000001,1.0,1.0,plan-c,1.0,0.3737836290784201,0.3737836290784201,0.0,1306,0,0,1306,1.0,3.597003782480754,0.0321623000054387,0.0003826957206673,0.0004624847009716,fallback_bound,b7d5911d6ac197caf61031d73c0a345fd6e5aeff70b10443ab9c8f6ab97fa320,8.0,0.75,8.0,0.7415653755729036,2,2,0.375,0.03125,0.015625
unitscope-equal,this-work,user-certified,primary,2,8f9125a9cf953a892e66855c71b3e1fdf7a4658f439095d9dd1ea5c118d63bbf,0.2,2,8,1.0,0.75,0.5,0.75,0.5,0.75,0.747,0.5,True,0.5,0.4999999999999999,0.5,0.5000000000000001,1.0,1.0,plan-c,1.0,1.0,0.3737836290784201,0.6262163709215799,1306,0,1579,2885,1.0,1.029918113947584,0.0329096000059507,0.0006539669325697,0.000763160703709,fallback_bound,b7d5911d6ac197caf61031d73c0a345fd6e5aeff70b10443ab9c8f6ab97fa320,8.0,0.75,8.0,0.7415653755729036,2,2,0.375,0.03125,0.015625
unitscope-tuned,this-work,user-certified,primary,2,8f9125a9cf953a892e66855c71b3e1fdf7a4658f439095d9dd1ea5c118d63bbf,0.75,2,8,1.0,0.75,0.5,0.75,0.5,0.75,0.747,0.5,True,0.5,0.4999999999999999,0.5,0.5000000000000001,1.0,1.0,plan-c,1.0,1.0,0.3737836290784201,0.6262163709215799,1306,0,1579,2885,1.0,2.785183073614817,0.0343617999897105,0.0004159302681432,0.0005049082455833,fallback_bound,b7d5911d6ac197caf61031d73c0a345fd6e5aeff70b10443ab9c8f6ab97fa320,8.0,0.75,8.0,0.7415653755729036,2,2,0.375,0.03125,0.015625
naive-recalibrated-2c,this-work,user-certified,primary,2,8f9125a9cf953a892e66855c71b3e1fdf7a4658f439095d9dd1ea5c118d63bbf,,2,8,1.0,0.75,0.5,0.75,0.5,0.75,0.747,0.5,True,0.5,0.4999999999999999,0.5,0.5000000000000001,2.0,2.0,plan-delta,2.0,1.0,0.3737836290784201,0.6262163709215799,1306,0,1579,2885,1.0,1.977847154931488,0.0365900000033434,0.0003083401679776,0.0005228481433412,fallback_bound,b7d5911d6ac197caf61031d73c0a345fd6e5aeff70b10443ab9c8f6ab97fa320,8.0,0.75,8.0,0.7415653755729036,2,2,0.375,0.03125,0.015625
full-identity-reference,oracle,oracle-assumption,full-identity-reference,2,8f9125a9cf953a892e66855c71b3e1fdf7a4658f439095d9dd1ea5c118d63bbf,,2,8,1.0,0.75,0.5,0.75,0.5,0.75,0.747,0.5,True,0.5,0.4999999999999999,0.5,0.5000000000000001,1.0,1.0,plan-c,1.0,1.0,0.0,0.0,0,0,0,1000,1.0,5.22654729687365,0.0727880000049481,0.0,3.507377284459695e-05,fallback_bound,b7d5911d6ac197caf61031d73c0a345fd6e5aeff70b10443ab9c8f6ab97fa320,8.0,0.75,8.0,0.7415653755729036,2,2,0.375,0.03125,0.015625
non-private-reference,oracle,non-private,diagnostic,2,8f9125a9cf953a892e66855c71b3e1fdf7a4658f439095d9dd1ea5c118d63bbf,,2,8,1.0,0.75,0.5,0.75,0.5,0.75,0.747,0.5,True,0.5,0.4999999999999999,0.5,0.5000000000000001,,,non-private,0.0,1.0,0.0,0.0,0,0,0,0,0.0,inf,0.0202654000022448,0.0008851428222059,0.0008851428222059,fallback_bound,b7d5911d6ac197caf61031d73c0a345fd6e5aeff70b10443ab9c8f6ab97fa320,8.0,0.75,8.0,0.7415653755729036,2,2,0.375,0.03125,0.015625
naive-claimed-c,this-work,unsafe-diagnostic,diagnostic,2,8f9125a9cf953a892e66855c71b3e1fdf7a4658f439095d9dd1ea5c118d63bbf,,2,8,1.0,0.75,0.5,0.75,0.5,0.75,0.747,0.5,True,0.5,0.4999999999999999,0.5,0.5000000000000001,,2.0,unsafe-diagnostic,1.0,1.0,0.3737836290784201,0.6262163709215799,1306,0,1579,2885,1.0,3.955694309862976,0.0342546999891055,0.0003083401679776,0.0003805203828148,fallback_bound,b7d5911d6ac197caf61031d73c0a345fd6e5aeff70b10443ab9c8f6ab97fa320,8.0,0.75,8.0,0.7415653755729036,2,2,0.375,0.03125,0.015625
stable-local-fallback,this-work,user-certified,primary,3,8f9125a9cf953a892e66855c71b3e1fdf7a4658f439095d9dd1ea5c118d63bbf,0.0,2,8,1.0,0.75,0.5,0.75,0.5,0.75,0.741,0.5,True,0.5,0.4999999999999999,0.5,0.5000000000000001,1.0,1.0,plan-c,1.0,1.0,0.0,1.0,0,0,1741,1741,1.0,0.5666690759874615,0.0235228999954415,0.0008376863338719,0.0008583168565627,fallback_bound,b7d5911d6ac197caf61031d73c0a345fd6e5aeff70b10443ab9c8f6ab97fa320,8.0,0.75,8.0,0.7415653755729036,2,2,0.375,0.03125,0.015625
handle-only-drop-residual,this-work,user-certified,primary,3,8f9125a9cf953a892e66855c71b3e1fdf7a4658f439095d9dd1ea5c118d63bbf,1.0,2,8,1.0,0.75,0.5,0.75,0.5,0.75,0.741,0.5,True,0.5,0.4999999999999999,0.5,0.5000000000000001,1.0,1.0,plan-c,1.0,0.3767949454336588,0.3767949454336588,0.0,1312,0,0,1312,1.0,4.082654246670134,0.0325146000104723,0.0003693225038897,0.0003984222846491,fallback_bound,b7d5911d6ac197caf61031d73c0a345fd6e5aeff70b10443ab9c8f6ab97fa320,8.0,0.75,8.0,0.7415653755729036,2,2,0.375,0.03125,0.015625
unitscope-equal,this-work,user-certified,primary,3,8f9125a9cf953a892e66855c71b3e1fdf7a4658f439095d9dd1ea5c118d63bbf,0.2,2,8,1.0,0.75,0.5,0.75,0.5,0.75,0.741,0.5,True,0.5,0.4999999999999999,0.5,0.5000000000000001,1.0,1.0,plan-c,1.0,1.0,0.3767949454336588,0.6232050545663412,1312,0,1550,2862,1.0,1.13738152473363,0.0343591999990167,0.000692326823906,0.0007149160731774,fallback_bound,b7d5911d6ac197caf61031d73c0a345fd6e5aeff70b10443ab9c8f6ab97fa320,8.0,0.75,8.0,0.7415653755729036,2,2,0.375,0.03125,0.015625
unitscope-tuned,this-work,user-certified,primary,3,8f9125a9cf953a892e66855c71b3e1fdf7a4658f439095d9dd1ea5c118d63bbf,0.75,2,8,1.0,0.75,0.5,0.75,0.5,0.75,0.741,0.5,True,0.5,0.4999999999999999,0.5,0.5000000000000001,1.0,1.0,plan-c,1.0,1.0,0.3767949454336588,0.6232050545663412,1312,0,1550,2862,1.0,3.151201050311541,0.0348899999953573,0.0004094597698488,0.0004365250095183,fallback_bound,b7d5911d6ac197caf61031d73c0a345fd6e5aeff70b10443ab9c8f6ab97fa320,8.0,0.75,8.0,0.7415653755729036,2,2,0.375,0.03125,0.015625
naive-recalibrated-2c,this-work,user-certified,primary,3,8f9125a9cf953a892e66855c71b3e1fdf7a4658f439095d9dd1ea5c118d63bbf,,2,8,1.0,0.75,0.5,0.75,0.5,0.75,0.741,0.5,True,0.5,0.4999999999999999,0.5,0.5000000000000001,2.0,2.0,plan-delta,2.0,1.0,0.3767949454336588,0.6232050545663412,1312,0,1550,2862,1.0,2.224811748934872,0.0366092000040225,0.0002917239567531,0.0004141243229115,fallback_bound,b7d5911d6ac197caf61031d73c0a345fd6e5aeff70b10443ab9c8f6ab97fa320,8.0,0.75,8.0,0.7415653755729036,2,2,0.375,0.03125,0.015625
full-identity-reference,oracle,oracle-assumption,full-identity-reference,3,8f9125a9cf953a892e66855c71b3e1fdf7a4658f439095d9dd1ea5c118d63bbf,,2,8,1.0,0.75,0.5,0.75,0.5,0.75,0.741,0.5,True,0.5,0.4999999999999999,0.5,0.5000000000000001,1.0,1.0,plan-c,1.0,1.0,0.0,0.0,0,0,0,1000,1.0,5.7212359014939125,0.0434791000006953,0.0,3.144656992614111e-05,fallback_bound,b7d5911d6ac197caf61031d73c0a345fd6e5aeff70b10443ab9c8f6ab97fa320,8.0,0.75,8.0,0.7415653755729036,2,2,0.375,0.03125,0.015625
non-private-reference,oracle,non-private,diagnostic,3,8f9125a9cf953a892e66855c71b3e1fdf7a4658f439095d9dd1ea5c118d63bbf,,2,8,1.0,0.75,0.5,0.75,0.5,0.75,0.741,0.5,True,0.5,0.4999999999999999,0.5,0.5000000000000001,,,non-private,0.0,1.0,0.0,0.0,0,0,0,0,0.0,inf,0.0212897000019438,0.000878462574273,0.000878462574273,fallback_bound,b7d5911d6ac197caf61031d73c0a345fd6e5aeff70b10443ab9c8f6ab97fa320,8.0,0.75,8.0,0.7415653755729036,2,2,0.375,0.03125,0.015625
naive-claimed-c,this-work,unsafe-diagnostic,diagnostic,3,8f9125a9cf953a892e66855c71b3e1fdf7a4658f439095d9dd1ea5c118d63bbf,,2,8,1.0,0.75,0.5,0.75,0.5,0.75,0.741,0.5,True,0.5,0.4999999999999999,0.5,0.5000000000000001,,2.0,unsafe-diagnostic,1.0,1.0,0.3767949454336588,0.6232050545663412,1312,0,1550,2862,1.0,4.449623497869744,0.0361738000065088,0.0002917239567531,0.0003214775699061,fallback_bound,b7d5911d6ac197caf61031d73c0a345fd6e5aeff70b10443ab9c8f6ab97fa320,8.0,0.75,8.0,0.7415653755729036,2,2,0.375,0.03125,0.015625
stable-local-fallback,this-work,user-certified,primary,4,8f9125a9cf953a892e66855c71b3e1fdf7a4658f439095d9dd1ea5c118d63bbf,0.0,2,8,1.0,0.75,0.5,0.75,0.5,0.75,0.773,0.5,True,0.5,0.4999999999999999,0.5,0.5000000000000001,1.0,1.0,plan-c,1.0,1.0,0.0,1.0,0,0,1773,1773,1.0,0.5073513649838375,0.0539501000021118,0.000754364383764,0.0007451838672312,fallback_bound,b7d5911d6ac197caf61031d73c0a345fd6e5aeff70b10443ab9c8f6ab97fa320,8.0,0.75,8.0,0.7415653755729036,2,2,0.375,0.03125,0.015625
handle-only-drop-residual,this-work,user-certified,primary,4,8f9125a9cf953a892e66855c71b3e1fdf7a4658f439095d9dd1ea5c118d63bbf,1.0,2,8,1.0,0.75,0.5,0.75,0.5,0.75,0.773,0.5,True,0.5,0.4999999999999999,0.5,0.5000000000000001,1.0,1.0,plan-c,1.0,0.3767625493513818,0.3767625493513818,0.0,1336,0,0,1336,1.0,3.9241146350253375,0.0356270000047516,0.0003700013493819,0.0003690793531759,fallback_bound,b7d5911d6ac197caf61031d73c0a345fd6e5aeff70b10443ab9c8f6ab97fa320,8.0,0.75,8.0,0.7415653755729036,2,2,0.375,0.03125,0.015625
unitscope-equal,this-work,user-certified,primary,4,8f9125a9cf953a892e66855c71b3e1fdf7a4658f439095d9dd1ea5c118d63bbf,0.2,2,8,1.0,0.75,0.5,0.75,0.5,0.75,0.773,0.5,True,0.5,0.4999999999999999,0.5,0.5000000000000001,1.0,1.0,plan-c,1.0,1.0,0.3767625493513818,0.6232374506486181,1336,0,1569,2905,1.0,1.063510398513664,0.0366110999893862,0.0006209240294742,0.0006127689623865,fallback_bound,b7d5911d6ac197caf61031d73c0a345fd6e5aeff70b10443ab9c8f6ab97fa320,8.0,0.75,8.0,0.7415653755729036,2,2,0.375,0.03125,0.015625
unitscope-tuned,this-work,user-certified,primary,4,8f9125a9cf953a892e66855c71b3e1fdf7a4658f439095d9dd1ea5c118d63bbf,0.75,2,8,1.0,0.75,0.5,0.75,0.5,0.75,0.773,0.5,True,0.5,0.4999999999999999,0.5,0.5000000000000001,1.0,1.0,plan-c,1.0,1.0,0.3767625493513818,0.6232374506486181,1336,0,1569,2905,1.0,3.0199787851495645,0.0360687000065809,0.0003856151048716,0.0003824327740151,fallback_bound,b7d5911d6ac197caf61031d73c0a345fd6e5aeff70b10443ab9c8f6ab97fa320,8.0,0.75,8.0,0.7415653755729036,2,2,0.375,0.03125,0.015625
naive-recalibrated-2c,this-work,user-certified,primary,4,8f9125a9cf953a892e66855c71b3e1fdf7a4658f439095d9dd1ea5c118d63bbf,,2,8,1.0,0.75,0.5,0.75,0.5,0.75,0.773,0.5,True,0.5,0.4999999999999999,0.5,0.5000000000000001,2.0,2.0,plan-delta,2.0,1.0,0.3767625493513818,0.6232374506486181,1336,0,1569,2905,1.0,2.1204259888987,0.0351194999966537,0.0003030064334278,0.000378408353394,fallback_bound,b7d5911d6ac197caf61031d73c0a345fd6e5aeff70b10443ab9c8f6ab97fa320,8.0,0.75,8.0,0.7415653755729036,2,2,0.375,0.03125,0.015625
full-identity-reference,oracle,oracle-assumption,full-identity-reference,4,8f9125a9cf953a892e66855c71b3e1fdf7a4658f439095d9dd1ea5c118d63bbf,,2,8,1.0,0.75,0.5,0.75,0.5,0.75,0.773,0.5,True,0.5,0.4999999999999999,0.5,0.5000000000000001,1.0,1.0,plan-c,1.0,1.0,0.0,0.0,0,0,0,1000,1.0,5.174351870312281,0.0416577000141842,0.0,3.450958520111424e-05,fallback_bound,b7d5911d6ac197caf61031d73c0a345fd6e5aeff70b10443ab9c8f6ab97fa320,8.0,0.75,8.0,0.7415653755729036,2,2,0.375,0.03125,0.015625
non-private-reference,oracle,non-private,diagnostic,4,8f9125a9cf953a892e66855c71b3e1fdf7a4658f439095d9dd1ea5c118d63bbf,,2,8,1.0,0.75,0.5,0.75,0.5,0.75,0.773,0.5,True,0.5,0.4999999999999999,0.5,0.5000000000000001,,,non-private,0.0,1.0,0.0,0.0,0,0,0,0,0.0,inf,0.0211493999959202,0.0007718421729248,0.0007718421729248,fallback_bound,b7d5911d6ac197caf61031d73c0a345fd6e5aeff70b10443ab9c8f6ab97fa320,8.0,0.75,8.0,0.7415653755729036,2,2,0.375,0.03125,0.015625
naive-claimed-c,this-work,unsafe-diagnostic,diagnostic,4,8f9125a9cf953a892e66855c71b3e1fdf7a4658f439095d9dd1ea5c118d63bbf,,2,8,1.0,0.75,0.5,0.75,0.5,0.75,0.773,0.5,True,0.5,0.4999999999999999,0.5,0.5000000000000001,,2.0,unsafe-diagnostic,1.0,1.0,0.3767625493513818,0.6232374506486181,1336,0,1569,2905,1.0,4.240851977797399,0.033888999998453,0.0003030064334278,0.0003061978082098,fallback_bound,b7d5911d6ac197caf61031d73c0a345fd6e5aeff70b10443ab9c8f6ab97fa320,8.0,0.75,8.0,0.7415653755729036,2,2,0.375,0.03125,0.015625
stable-local-fallback,this-work,user-certified,primary,5,8f9125a9cf953a892e66855c71b3e1fdf7a4658f439095d9dd1ea5c118d63bbf,0.0,2,8,1.0,0.75,0.5,0.75,0.5,0.75,0.744,0.5,True,0.5,0.4999999999999999,0.5,0.5000000000000001,1.0,1.0,plan-c,1.0,1.0,0.0,1.0,0,0,1744,1744,1.0,0.4390066597780697,0.0230487999942852,0.0007837674951909,0.000753610794853,fallback_bound,b7d5911d6ac197caf61031d73c0a345fd6e5aeff70b10443ab9c8f6ab97fa320,8.0,0.75,8.0,0.7415653755729036,2,2,0.375,0.03125,0.015625
handle-only-drop-residual,this-work,user-certified,primary,5,8f9125a9cf953a892e66855c71b3e1fdf7a4658f439095d9dd1ea5c118d63bbf,1.0,2,8,1.0,0.75,0.5,0.75,0.5,0.75,0.744,0.5,True,0.5,0.4999999999999999,0.5,0.5000000000000001,1.0,1.0,plan-c,1.0,0.3752866972477064,0.3752866972477064,0.0,1309,0,0,1309,1.0,3.3348155171362266,0.0339339999918593,0.0003431411148547,0.0003495716235377,fallback_bound,b7d5911d6ac197caf61031d73c0a345fd6e5aeff70b10443ab9c8f6ab97fa320,8.0,0.75,8.0,0.7415653755729036,2,2,0.375,0.03125,0.015625
unitscope-equal,this-work,user-certified,primary,5,8f9125a9cf953a892e66855c71b3e1fdf7a4658f439095d9dd1ea5c118d63bbf,0.2,2,8,1.0,0.75,0.5,0.75,0.5,0.75,0.744,0.5,True,0.5,0.4999999999999999,0.5,0.5000000000000001,1.0,1.0,plan-c,1.0,1.0,0.3752866972477064,0.6247133027522935,1309,0,1568,2877,1.0,0.941701262126101,0.0338409000105457,0.000637038389705,0.0006144651807802,fallback_bound,b7d5911d6ac197caf61031d73c0a345fd6e5aeff70b10443ab9c8f6ab97fa320,8.0,0.75,8.0,0.7415653755729036,2,2,0.375,0.03125,0.015625
unitscope-tuned,this-work,user-certified,primary,5,8f9125a9cf953a892e66855c71b3e1fdf7a4658f439095d9dd1ea5c118d63bbf,0.75,2,8,1.0,0.75,0.5,0.75,0.5,0.75,0.744,0.5,True,0.5,0.4999999999999999,0.5,0.5000000000000001,1.0,1.0,plan-c,1.0,1.0,0.3752866972477064,0.6247133027522935,1309,0,1568,2877,1.0,2.578984884569867,0.063254799999413,0.0003770252771412,0.0003743921240717,fallback_bound,b7d5911d6ac197caf61031d73c0a345fd6e5aeff70b10443ab9c8f6ab97fa320,8.0,0.75,8.0,0.7415653755729036,2,2,0.375,0.03125,0.015625
naive-recalibrated-2c,this-work,user-certified,primary,5,8f9125a9cf953a892e66855c71b3e1fdf7a4658f439095d9dd1ea5c118d63bbf,,2,8,1.0,0.75,0.5,0.75,0.5,0.75,0.744,0.5,True,0.5,0.4999999999999999,0.5,0.5000000000000001,2.0,2.0,plan-delta,2.0,1.0,0.3752866972477064,0.6247133027522935,1309,0,1568,2877,1.0,1.826847954257855,0.0323224999883677,0.000278349219073,0.0003989710019303,fallback_bound,b7d5911d6ac197caf61031d73c0a345fd6e5aeff70b10443ab9c8f6ab97fa320,8.0,0.75,8.0,0.7415653755729036,2,2,0.375,0.03125,0.015625
full-identity-reference,oracle,oracle-assumption,full-identity-reference,5,8f9125a9cf953a892e66855c71b3e1fdf7a4658f439095d9dd1ea5c118d63bbf,,2,8,1.0,0.75,0.5,0.75,0.5,0.75,0.744,0.5,True,0.5,0.4999999999999999,0.5,0.5000000000000001,1.0,1.0,plan-c,1.0,1.0,0.0,0.0,0,0,0,1000,1.0,4.572838264560242,0.0387746000051265,0.0,4.557772479073201e-05,fallback_bound,b7d5911d6ac197caf61031d73c0a345fd6e5aeff70b10443ab9c8f6ab97fa320,8.0,0.75,8.0,0.7415653755729036,2,2,0.375,0.03125,0.015625
non-private-reference,oracle,non-private,diagnostic,5,8f9125a9cf953a892e66855c71b3e1fdf7a4658f439095d9dd1ea5c118d63bbf,,2,8,1.0,0.75,0.5,0.75,0.5,0.75,0.744,0.5,True,0.5,0.4999999999999999,0.5,0.5000000000000001,,,non-private,0.0,1.0,0.0,0.0,0,0,0,0,0.0,inf,0.0188283000024966,0.0007719797433812,0.0007719797433812,fallback_bound,b7d5911d6ac197caf61031d73c0a345fd6e5aeff70b10443ab9c8f6ab97fa320,8.0,0.75,8.0,0.7415653755729036,2,2,0.375,0.03125,0.015625
naive-claimed-c,this-work,unsafe-diagnostic,diagnostic,5,8f9125a9cf953a892e66855c71b3e1fdf7a4658f439095d9dd1ea5c118d63bbf,,2,8,1.0,0.75,0.5,0.75,0.5,0.75,0.744,0.5,True,0.5,0.4999999999999999,0.5,0.5000000000000001,,2.0,unsafe-diagnostic,1.0,1.0,0.3752866972477064,0.6247133027522935,1309,0,1568,2877,1.0,3.65369590851571,0.0315769000008003,0.000278349219073,0.0002930823857109,fallback_bound,b7d5911d6ac197caf61031d73c0a345fd6e5aeff70b10443ab9c8f6ab97fa320,8.0,0.75,8.0,0.7415653755729036,2,2,0.375,0.03125,0.015625
stable-local-fallback,this-work,user-certified,primary,6,8f9125a9cf953a892e66855c71b3e1fdf7a4658f439095d9dd1ea5c118d63bbf,0.0,2,8,1.0,0.75,0.5,0.75,0.5,0.75,0.74,0.5,True,0.5,0.4999999999999999,0.5,0.5000000000000001,1.0,1.0,plan-c,1.0,1.0,0.0,1.0,0,0,1740,1740,1.0,0.6617592764958193,0.0255501000065123,0.0010652379366243,0.0010431806205931,fallback_bound,b7d5911d6ac197caf61031d73c0a345fd6e5aeff70b10443ab9c8f6ab97fa320,8.0,0.75,8.0,0.7415653755729036,2,2,0.375,0.03125,0.015625
handle-only-drop-residual,this-work,user-certified,primary,6,8f9125a9cf953a892e66855c71b3e1fdf7a4658f439095d9dd1ea5c118d63bbf,1.0,2,8,1.0,0.75,0.5,0.75,0.5,0.75,0.74,0.5,True,0.5,0.4999999999999999,0.5,0.5000000000000001,1.0,1.0,plan-c,1.0,0.3781609195402299,0.3781609195402299,0.0,1316,0,0,1316,1.0,4.601346964378938,0.0341743000026326,0.0003477443375569,0.0003508256269539,fallback_bound,b7d5911d6ac197caf61031d73c0a345fd6e5aeff70b10443ab9c8f6ab97fa320,8.0,0.75,8.0,0.7415653755729036,2,2,0.375,0.03125,0.015625
unitscope-equal,this-work,user-certified,primary,6,8f9125a9cf953a892e66855c71b3e1fdf7a4658f439095d9dd1ea5c118d63bbf,0.2,2,8,1.0,0.75,0.5,0.75,0.5,0.75,0.74,0.5,True,0.5,0.4999999999999999,0.5,0.5000000000000001,1.0,1.0,plan-c,1.0,1.0,0.3781609195402299,0.6218390804597701,1316,0,1557,2873,1.0,1.314249685267591,0.032593199997791,0.0008725065473972,0.000854926680471,fallback_bound,b7d5911d6ac197caf61031d73c0a345fd6e5aeff70b10443ab9c8f6ab97fa320,8.0,0.75,8.0,0.7415653755729036,2,2,0.375,0.03125,0.015625
unitscope-tuned,this-work,user-certified,primary,6,8f9125a9cf953a892e66855c71b3e1fdf7a4658f439095d9dd1ea5c118d63bbf,0.75,2,8,1.0,0.75,0.5,0.75,0.5,0.75,0.74,0.5,True,0.5,0.4999999999999999,0.5,0.5000000000000001,1.0,1.0,plan-c,1.0,1.0,0.3781609195402299,0.6218390804597701,1316,0,1557,2873,1.0,3.566161722939777,0.0334062000038102,0.0004445036892161,0.0004411283672621,fallback_bound,b7d5911d6ac197caf61031d73c0a345fd6e5aeff70b10443ab9c8f6ab97fa320,8.0,0.75,8.0,0.7415653755729036,2,2,0.375,0.03125,0.015625
naive-recalibrated-2c,this-work,user-certified,primary,6,8f9125a9cf953a892e66855c71b3e1fdf7a4658f439095d9dd1ea5c118d63bbf,,2,8,1.0,0.75,0.5,0.75,0.5,0.75,0.74,0.5,True,0.5,0.4999999999999999,0.5,0.5000000000000001,2.0,2.0,plan-delta,2.0,1.0,0.3781609195402299,0.6218390804597701,1316,0,1557,2873,1.0,2.534698326371027,0.0351839999930234,0.0002644733266764,0.0003339163366275,fallback_bound,b7d5911d6ac197caf61031d73c0a345fd6e5aeff70b10443ab9c8f6ab97fa320,8.0,0.75,8.0,0.7415653755729036,2,2,0.375,0.03125,0.015625
full-identity-reference,oracle,oracle-assumption,full-identity-reference,6,8f9125a9cf953a892e66855c71b3e1fdf7a4658f439095d9dd1ea5c118d63bbf,,2,8,1.0,0.75,0.5,0.75,0.5,0.75,0.74,0.5,True,0.5,0.4999999999999999,0.5,0.5000000000000001,1.0,1.0,plan-c,1.0,1.0,0.0,0.0,0,0,0,1000,1.0,6.790644185865935,0.042316999999457,0.0,2.826786766778013e-05,fallback_bound,b7d5911d6ac197caf61031d73c0a345fd6e5aeff70b10443ab9c8f6ab97fa320,8.0,0.75,8.0,0.7415653755729036,2,2,0.375,0.03125,0.015625
non-private-reference,oracle,non-private,diagnostic,6,8f9125a9cf953a892e66855c71b3e1fdf7a4658f439095d9dd1ea5c118d63bbf,,2,8,1.0,0.75,0.5,0.75,0.5,0.75,0.74,0.5,True,0.5,0.4999999999999999,0.5,0.5000000000000001,,,non-private,0.0,1.0,0.0,0.0,0,0,0,0,0.0,inf,0.0190524000063305,0.0010544449245296,0.0010544449245296,fallback_bound,b7d5911d6ac197caf61031d73c0a345fd6e5aeff70b10443ab9c8f6ab97fa320,8.0,0.75,8.0,0.7415653755729036,2,2,0.375,0.03125,0.015625
naive-claimed-c,this-work,unsafe-diagnostic,diagnostic,6,8f9125a9cf953a892e66855c71b3e1fdf7a4658f439095d9dd1ea5c118d63bbf,,2,8,1.0,0.75,0.5,0.75,0.5,0.75,0.74,0.5,True,0.5,0.4999999999999999,0.5,0.5000000000000001,,2.0,unsafe-diagnostic,1.0,1.0,0.3781609195402299,0.6218390804597701,1316,0,1557,2873,1.0,5.069396652742054,0.0323855000024195,0.0002644733266764,0.0002709269639842,fallback_bound,b7d5911d6ac197caf61031d73c0a345fd6e5aeff70b10443ab9c8f6ab97fa320,8.0,0.75,8.0,0.7415653755729036,2,2,0.375,0.03125,0.015625
stable-local-fallback,this-work,user-certified,primary,7,8f9125a9cf953a892e66855c71b3e1fdf7a4658f439095d9dd1ea5c118d63bbf,0.0,2,8,1.0,0.75,0.5,0.75,0.5,0.75,0.753,0.5,True,0.5,0.4999999999999999,0.5,0.5000000000000001,1.0,1.0,plan-c,1.0,1.0,0.0,1.0,0,0,1753,1753,1.0,0.5242972749018747,0.0218969999987166,0.0007234590302261,0.0007834930716085,fallback_bound,b7d5911d6ac197caf61031d73c0a345fd6e5aeff70b10443ab9c8f6ab97fa320,8.0,0.75,8.0,0.7415653755729036,2,2,0.375,0.03125,0.015625
handle-only-drop-residual,this-work,user-certified,primary,7,8f9125a9cf953a892e66855c71b3e1fdf7a4658f439095d9dd1ea5c118d63bbf,1.0,2,8,1.0,0.75,0.5,0.75,0.5,0.75,0.753,0.5,True,0.5,0.4999999999999999,0.5,0.5000000000000001,1.0,1.0,plan-c,1.0,0.372219053051911,0.372219053051911,0.0,1305,0,0,1305,1.0,3.684470476427727,0.0308517000084975,0.0003114125743416,0.0004005378834063,fallback_bound,b7d5911d6ac197caf61031d73c0a345fd6e5aeff70b10443ab9c8f6ab97fa320,8.0,0.75,8.0,0.7415653755729036,2,2,0.375,0.03125,0.015625
unitscope-equal,this-work,user-certified,primary,7,8f9125a9cf953a892e66855c71b3e1fdf7a4658f439095d9dd1ea5c118d63bbf,0.2,2,8,1.0,0.75,0.5,0.75,0.5,0.75,0.753,0.5,True,0.5,0.4999999999999999,0.5,0.5000000000000001,1.0,1.0,plan-c,1.0,1.0,0.372219053051911,0.627780946948089,1305,0,1559,2864,1.0,1.045058283695265,0.032842000000528,0.0006014870797368,0.0006662286502296,fallback_bound,b7d5911d6ac197caf61031d73c0a345fd6e5aeff70b10443ab9c8f6ab97fa320,8.0,0.75,8.0,0.7415653755729036,2,2,0.375,0.03125,0.015625
unitscope-tuned,this-work,user-certified,primary,7,8f9125a9cf953a892e66855c71b3e1fdf7a4658f439095d9dd1ea5c118d63bbf,0.75,2,8,1.0,0.75,0.5,0.75,0.5,0.75,0.753,0.5,True,0.5,0.4999999999999999,0.5,0.5000000000000001,1.0,1.0,plan-c,1.0,1.0,0.372219053051911,0.627780946948089,1305,0,1559,2864,1.0,2.851781278274793,0.0336103000008733,0.0003528115752008,0.0004343169659617,fallback_bound,b7d5911d6ac197caf61031d73c0a345fd6e5aeff70b10443ab9c8f6ab97fa320,8.0,0.75,8.0,0.7415653755729036,2,2,0.375,0.03125,0.015625
naive-recalibrated-2c,this-work,user-certified,primary,7,8f9125a9cf953a892e66855c71b3e1fdf7a4658f439095d9dd1ea5c118d63bbf,,2,8,1.0,0.75,0.5,0.75,0.5,0.75,0.753,0.5,True,0.5,0.4999999999999999,0.5,0.5000000000000001,2.0,2.0,plan-delta,2.0,1.0,0.372219053051911,0.627780946948089,1305,0,1559,2864,1.0,2.0227485847299023,0.0334154000011039,0.0002523431701961,0.0004871222429598,fallback_bound,b7d5911d6ac197caf61031d73c0a345fd6e5aeff70b10443ab9c8f6ab97fa320,8.0,0.75,8.0,0.7415653755729036,2,2,0.375,0.03125,0.015625
full-identity-reference,oracle,oracle-assumption,full-identity-reference,7,8f9125a9cf953a892e66855c71b3e1fdf7a4658f439095d9dd1ea5c118d63bbf,,2,8,1.0,0.75,0.5,0.75,0.5,0.75,0.753,0.5,True,0.5,0.4999999999999999,0.5,0.5000000000000001,1.0,1.0,plan-c,1.0,1.0,0.0,0.0,0,0,0,1000,1.0,5.269456490207377,0.0412976999941747,0.0,3.194533304464665e-05,fallback_bound,b7d5911d6ac197caf61031d73c0a345fd6e5aeff70b10443ab9c8f6ab97fa320,8.0,0.75,8.0,0.7415653755729036,2,2,0.375,0.03125,0.015625
non-private-reference,oracle,non-private,diagnostic,7,8f9125a9cf953a892e66855c71b3e1fdf7a4658f439095d9dd1ea5c118d63bbf,,2,8,1.0,0.75,0.5,0.75,0.5,0.75,0.753,0.5,True,0.5,0.4999999999999999,0.5,0.5000000000000001,,,non-private,0.0,1.0,0.0,0.0,0,0,0,0,0.0,inf,0.019354399992153,0.0008150035796582,0.0008150035796582,fallback_bound,b7d5911d6ac197caf61031d73c0a345fd6e5aeff70b10443ab9c8f6ab97fa320,8.0,0.75,8.0,0.7415653755729036,2,2,0.375,0.03125,0.015625
naive-claimed-c,this-work,unsafe-diagnostic,diagnostic,7,8f9125a9cf953a892e66855c71b3e1fdf7a4658f439095d9dd1ea5c118d63bbf,,2,8,1.0,0.75,0.5,0.75,0.5,0.75,0.753,0.5,True,0.5,0.4999999999999999,0.5,0.5000000000000001,,2.0,unsafe-diagnostic,1.0,1.0,0.372219053051911,0.627780946948089,1305,0,1559,2864,1.0,4.0454971694598045,0.0329150000034133,0.0002523431701961,0.0003377873735333,fallback_bound,b7d5911d6ac197caf61031d73c0a345fd6e5aeff70b10443ab9c8f6ab97fa320,8.0,0.75,8.0,0.7415653755729036,2,2,0.375,0.03125,0.015625
stable-local-fallback,this-work,user-certified,primary,8,8f9125a9cf953a892e66855c71b3e1fdf7a4658f439095d9dd1ea5c118d63bbf,0.0,2,8,1.0,0.75,0.5,0.75,0.5,0.75,0.74,0.5,True,0.5,0.4999999999999999,0.5,0.5000000000000001,1.0,1.0,plan-c,1.0,1.0,0.0,1.0,0,0,1740,1740,1.0,0.6001152601454915,0.0238893999921856,0.0010810059532606,0.001295396529628,fallback_bound,b7d5911d6ac197caf61031d73c0a345fd6e5aeff70b10443ab9c8f6ab97fa320,8.0,0.75,8.0,0.7415653755729036,2,2,0.375,0.03125,0.015625
handle-only-drop-residual,this-work,user-certified,primary,8,8f9125a9cf953a892e66855c71b3e1fdf7a4658f439095d9dd1ea5c118d63bbf,1.0,2,8,1.0,0.75,0.5,0.75,0.5,0.75,0.74,0.5,True,0.5,0.4999999999999999,0.5,0.5000000000000001,1.0,1.0,plan-c,1.0,0.3747126436781609,0.3747126436781609,0.0,1304,0,0,1304,1.0,4.614118132176231,0.0325157000042963,0.0002538776836328,0.0003685614958147,fallback_bound,b7d5911d6ac197caf61031d73c0a345fd6e5aeff70b10443ab9c8f6ab97fa320,8.0,0.75,8.0,0.7415653755729036,2,2,0.375,0.03125,0.015625
unitscope-equal,this-work,user-certified,primary,8,8f9125a9cf953a892e66855c71b3e1fdf7a4658f439095d9dd1ea5c118d63bbf,0.2,2,8,1.0,0.75,0.5,0.75,0.5,0.75,0.74,0.5,True,0.5,0.4999999999999999,0.5,0.5000000000000001,1.0,1.0,plan-c,1.0,1.0,0.3747126436781609,0.6252873563218391,1304,0,1545,2849,1.0,1.29725381046432,0.0522079999936977,0.0008357133938351,0.0010332187968102,fallback_bound,b7d5911d6ac197caf61031d73c0a345fd6e5aeff70b10443ab9c8f6ab97fa320,8.0,0.75,8.0,0.7415653755729036,2,2,0.375,0.03125,0.015625
unitscope-tuned,this-work,user-certified,primary,8,8f9125a9cf953a892e66855c71b3e1fdf7a4658f439095d9dd1ea5c118d63bbf,0.75,2,8,1.0,0.75,0.5,0.75,0.5,0.75,0.74,0.5,True,0.5,0.4999999999999999,0.5,0.5000000000000001,1.0,1.0,plan-c,1.0,1.0,0.3747126436781609,0.6252873563218391,1304,0,1545,2849,1.0,3.572326988099847,0.032123800003319,0.0003423349936576,0.0004829005529624,fallback_bound,b7d5911d6ac197caf61031d73c0a345fd6e5aeff70b10443ab9c8f6ab97fa320,8.0,0.75,8.0,0.7415653755729036,2,2,0.375,0.03125,0.015625
naive-recalibrated-2c,this-work,user-certified,primary,8,8f9125a9cf953a892e66855c71b3e1fdf7a4658f439095d9dd1ea5c118d63bbf,,2,8,1.0,0.75,0.5,0.75,0.5,0.75,0.74,0.5,True,0.5,0.4999999999999999,0.5,0.5000000000000001,2.0,2.0,plan-delta,2.0,1.0,0.3747126436781609,0.6252873563218391,1304,0,1545,2849,1.0,2.5329751959871376,0.0335782000038307,0.0001929934054312,0.0004680003137298,fallback_bound,b7d5911d6ac197caf61031d73c0a345fd6e5aeff70b10443ab9c8f6ab97fa320,8.0,0.75,8.0,0.7415653755729036,2,2,0.375,0.03125,0.015625
full-identity-reference,oracle,oracle-assumption,full-identity-reference,8,8f9125a9cf953a892e66855c71b3e1fdf7a4658f439095d9dd1ea5c118d63bbf,,2,8,1.0,0.75,0.5,0.75,0.5,0.75,0.74,0.5,True,0.5,0.4999999999999999,0.5,0.5000000000000001,1.0,1.0,plan-c,1.0,1.0,0.0,0.0,0,0,0,1000,1.0,5.864605105890776,0.0416587000072468,0.0,3.888141977657693e-05,fallback_bound,b7d5911d6ac197caf61031d73c0a345fd6e5aeff70b10443ab9c8f6ab97fa320,8.0,0.75,8.0,0.7415653755729036,2,2,0.375,0.03125,0.015625
non-private-reference,oracle,non-private,diagnostic,8,8f9125a9cf953a892e66855c71b3e1fdf7a4658f439095d9dd1ea5c118d63bbf,,2,8,1.0,0.75,0.5,0.75,0.5,0.75,0.74,0.5,True,0.5,0.4999999999999999,0.5,0.5000000000000001,,,non-private,0.0,1.0,0.0,0.0,0,0,0,0,0.0,inf,0.0211466000037034,0.0013100686235273,0.0013100686235273,fallback_bound,b7d5911d6ac197caf61031d73c0a345fd6e5aeff70b10443ab9c8f6ab97fa320,8.0,0.75,8.0,0.7415653755729036,2,2,0.375,0.03125,0.015625
naive-claimed-c,this-work,unsafe-diagnostic,diagnostic,8,8f9125a9cf953a892e66855c71b3e1fdf7a4658f439095d9dd1ea5c118d63bbf,,2,8,1.0,0.75,0.5,0.75,0.5,0.75,0.74,0.5,True,0.5,0.4999999999999999,0.5,0.5000000000000001,,2.0,unsafe-diagnostic,1.0,1.0,0.3747126436781609,0.6252873563218391,1304,0,1545,2849,1.0,5.065950391974275,0.032919800010859,0.0001929934054312,0.0002916154398039,fallback_bound,b7d5911d6ac197caf61031d73c0a345fd6e5aeff70b10443ab9c8f6ab97fa320,8.0,0.75,8.0,0.7415653755729036,2,2,0.375,0.03125,0.015625
stable-local-fallback,this-work,user-certified,primary,9,8f9125a9cf953a892e66855c71b3e1fdf7a4658f439095d9dd1ea5c118d63bbf,0.0,2,8,1.0,0.75,0.5,0.75,0.5,0.75,0.727,0.5,True,0.5,0.4999999999999999,0.5,0.5000000000000001,1.0,1.0,plan-c,1.0,1.0,0.0,1.0,0,0,1727,1727,1.0,0.5582748287417184,0.0234387999953469,0.0007575700761497,0.0007999664904281,fallback_bound,b7d5911d6ac197caf61031d73c0a345fd6e5aeff70b10443ab9c8f6ab97fa320,8.0,0.75,8.0,0.7415653755729036,2,2,0.375,0.03125,0.015625
handle-only-drop-residual,this-work,user-certified,primary,9,8f9125a9cf953a892e66855c71b3e1fdf7a4658f439095d9dd1ea5c118d63bbf,1.0,2,8,1.0,0.75,0.5,0.75,0.5,0.75,0.727,0.5,True,0.5,0.4999999999999999,0.5,0.5000000000000001,1.0,1.0,plan-c,1.0,0.3755066589461494,0.3755066589461494,0.0,1297,0,0,1297,1.0,4.04575181643008,0.03578180000477,0.0004088078141732,0.0004599389856065,fallback_bound,b7d5911d6ac197caf61031d73c0a345fd6e5aeff70b10443ab9c8f6ab97fa320,8.0,0.75,8.0,0.7415653755729036,2,2,0.375,0.03125,0.015625
unitscope-equal,this-work,user-certified,primary,9,8f9125a9cf953a892e66855c71b3e1fdf7a4658f439095d9dd1ea5c118d63bbf,0.2,2,8,1.0,0.75,0.5,0.75,0.5,0.75,0.727,0.5,True,0.5,0.4999999999999999,0.5,0.5000000000000001,1.0,1.0,plan-c,1.0,1.0,0.3755066589461494,0.6244933410538506,1297,0,1540,2837,1.0,1.123881667826888,0.0350231000047642,0.0006350807425763,0.0006781761969524,fallback_bound,b7d5911d6ac197caf61031d73c0a345fd6e5aeff70b10443ab9c8f6ab97fa320,8.0,0.75,8.0,0.7415653755729036,2,2,0.375,0.03125,0.015625
unitscope-tuned,this-work,user-certified,primary,9,8f9125a9cf953a892e66855c71b3e1fdf7a4658f439095d9dd1ea5c118d63bbf,0.75,2,8,1.0,0.75,0.5,0.75,0.5,0.75,0.727,0.5,True,0.5,0.4999999999999999,0.5,0.5000000000000001,1.0,1.0,plan-c,1.0,1.0,0.3755066589461494,0.6244933410538506,1297,0,1540,2837,1.0,3.120334318031824,0.0340328000020235,0.0004239068976994,0.0004725269075523,fallback_bound,b7d5911d6ac197caf61031d73c0a345fd6e5aeff70b10443ab9c8f6ab97fa320,8.0,0.75,8.0,0.7415653755729036,2,2,0.375,0.03125,0.015625
naive-recalibrated-2c,this-work,user-certified,primary,9,8f9125a9cf953a892e66855c71b3e1fdf7a4658f439095d9dd1ea5c118d63bbf,,2,8,1.0,0.75,0.5,0.75,0.5,0.75,0.727,0.5,True,0.5,0.4999999999999999,0.5,0.5000000000000001,2.0,2.0,plan-delta,2.0,1.0,0.3755066589461494,0.6244933410538506,1297,0,1540,2837,1.0,2.2005497107660834,0.0329856000025756,0.000332637716231,0.0004890434293842,fallback_bound,b7d5911d6ac197caf61031d73c0a345fd6e5aeff70b10443ab9c8f6ab97fa320,8.0,0.75,8.0,0.7415653755729036,2,2,0.375,0.03125,0.015625
full-identity-reference,oracle,oracle-assumption,full-identity-reference,9,8f9125a9cf953a892e66855c71b3e1fdf7a4658f439095d9dd1ea5c118d63bbf,,2,8,1.0,0.75,0.5,0.75,0.5,0.75,0.727,0.5,True,0.5,0.4999999999999999,0.5,0.5000000000000001,1.0,1.0,plan-c,1.0,1.0,0.0,0.0,0,0,0,1000,1.0,5.648362060019918,0.0403203000023495,0.0,2.909586366824385e-05,fallback_bound,b7d5911d6ac197caf61031d73c0a345fd6e5aeff70b10443ab9c8f6ab97fa320,8.0,0.75,8.0,0.7415653755729036,2,2,0.375,0.03125,0.015625
non-private-reference,oracle,non-private,diagnostic,9,8f9125a9cf953a892e66855c71b3e1fdf7a4658f439095d9dd1ea5c118d63bbf,,2,8,1.0,0.75,0.5,0.75,0.5,0.75,0.727,0.5,True,0.5,0.4999999999999999,0.5,0.5000000000000001,,,non-private,0.0,1.0,0.0,0.0,0,0,0,0,0.0,inf,0.0188422000064747,0.0008195914157725,0.0008195914157725,fallback_bound,b7d5911d6ac197caf61031d73c0a345fd6e5aeff70b10443ab9c8f6ab97fa320,8.0,0.75,8.0,0.7415653755729036,2,2,0.375,0.03125,0.015625
naive-claimed-c,this-work,unsafe-diagnostic,diagnostic,9,8f9125a9cf953a892e66855c71b3e1fdf7a4658f439095d9dd1ea5c118d63bbf,,2,8,1.0,0.75,0.5,0.75,0.5,0.75,0.727,0.5,True,0.5,0.4999999999999999,0.5,0.5000000000000001,,2.0,unsafe-diagnostic,1.0,1.0,0.3755066589461494,0.6244933410538506,1297,0,1540,2837,1.0,4.401099421532167,0.0326671999937389,0.000332637716231,0.0003817447091394,fallback_bound,b7d5911d6ac197caf61031d73c0a345fd6e5aeff70b10443ab9c8f6ab97fa320,8.0,0.75,8.0,0.7415653755729036,2,2,0.375,0.03125,0.015625
stable-local-fallback,this-work,user-certified,primary,0,e28b1e6c35bf9be353013ee1f426492f4bab12680793af7f1b97451367323f62,0.0,2,4,1.0,0.75,0.5,0.75,0.5,0.75,0.753,0.5,False,0.5,0.4999999999999999,0.5,0.5000000000000001,1.0,1.0,plan-c,1.0,1.0,0.0,1.0,0,1753,0,1753,1.0,0.2850201014698743,0.0226803000114159,0.0005048202526941,0.0029292266594745,privacy_level,eca851e44c085ca95d1d9ecd02f0bf50b66a3a066a68b3cda57a3ccf83f25dc1,1.0,0.75,1.0,5.372451721071541,2,2,0.375,0.0625,0.03125
handle-only-drop-residual,this-work,user-certified,primary,0,e28b1e6c35bf9be353013ee1f426492f4bab12680793af7f1b97451367323f62,1.0,2,4,1.0,0.75,0.5,0.75,0.5,0.75,0.753,0.5,False,0.5,0.4999999999999999,0.5,0.5000000000000001,1.0,1.0,plan-c,1.0,0.376782658300057,0.376782658300057,0.0,1321,0,0,1321,1.0,0.5270198705720154,0.0317608999903313,0.0003747781612295,0.0027475281628401,privacy_level,eca851e44c085ca95d1d9ecd02f0bf50b66a3a066a68b3cda57a3ccf83f25dc1,1.0,0.75,1.0,5.372451721071541,2,2,0.375,0.0625,0.03125
unitscope-equal,this-work,user-certified,primary,0,e28b1e6c35bf9be353013ee1f426492f4bab12680793af7f1b97451367323f62,0.3333333333333333,2,4,1.0,0.75,0.5,0.75,0.5,0.75,0.753,0.5,False,0.5,0.4999999999999999,0.5,0.5000000000000001,1.0,1.0,plan-c,1.0,1.0,0.376782658300057,0.6232173416999429,1321,1551,0,2872,1.0,0.324670003268263,0.0337113999994471,0.0004535183566532,0.0028433107139689,privacy_level,eca851e44c085ca95d1d9ecd02f0bf50b66a3a066a68b3cda57a3ccf83f25dc1,1.0,0.75,1.0,5.372451721071541,2,2,0.375,0.0625,0.03125
unitscope-tuned,this-work,user-certified,primary,0,e28b1e6c35bf9be353013ee1f426492f4bab12680793af7f1b97451367323f62,0.75,2,4,1.0,0.75,0.5,0.75,0.5,0.75,0.753,0.5,False,0.5,0.4999999999999999,0.5,0.5000000000000001,1.0,1.0,plan-c,1.0,1.0,0.376782658300057,0.6232173416999429,1321,1551,0,2872,1.0,0.4462449170847614,0.0334610999998403,0.0003721267909254,0.0027512676759254,privacy_level,eca851e44c085ca95d1d9ecd02f0bf50b66a3a066a68b3cda57a3ccf83f25dc1,1.0,0.75,1.0,5.372451721071541,2,2,0.375,0.0625,0.03125
naive-recalibrated-2c,this-work,user-certified,primary,0,e28b1e6c35bf9be353013ee1f426492f4bab12680793af7f1b97451367323f62,,2,4,1.0,0.75,0.5,0.75,0.5,0.75,0.753,0.5,False,0.5,0.4999999999999999,0.5,0.5000000000000001,2.0,2.0,plan-delta,2.0,1.0,0.376782658300057,0.6232173416999429,1321,1551,0,2872,1.0,0.3705467713862162,0.033407500013709,0.0001736388342987,0.0094549251720684,privacy_level,eca851e44c085ca95d1d9ecd02f0bf50b66a3a066a68b3cda57a3ccf83f25dc1,1.0,0.75,1.0,5.372451721071541,2,2,0.375,0.0625,0.03125
full-identity-reference,oracle,oracle-assumption,full-identity-reference,0,e28b1e6c35bf9be353013ee1f426492f4bab12680793af7f1b97451367323f62,,2,4,1.0,0.75,0.5,0.75,0.5,0.75,0.753,0.5,False,0.5,0.4999999999999999,0.5,0.5000000000000001,1.0,1.0,plan-c,1.0,1.0,0.0,0.0,0,0,0,1000,1.0,0.7442595140215477,0.040689100002055,0.0,0.0023004401554539,privacy_level,eca851e44c085ca95d1d9ecd02f0bf50b66a3a066a68b3cda57a3ccf83f25dc1,1.0,0.75,1.0,5.372451721071541,2,2,0.375,0.0625,0.03125
non-private-reference,oracle,non-private,diagnostic,0,e28b1e6c35bf9be353013ee1f426492f4bab12680793af7f1b97451367323f62,,2,4,1.0,0.75,0.5,0.75,0.5,0.75,0.753,0.5,False,0.5,0.4999999999999999,0.5,0.5000000000000001,,,non-private,0.0,1.0,0.0,0.0,0,0,0,0,0.0,inf,0.019297999999253,0.0009896145859756,0.0009896145859756,privacy_level,eca851e44c085ca95d1d9ecd02f0bf50b66a3a066a68b3cda57a3ccf83f25dc1,1.0,0.75,1.0,5.372451721071541,2,2,0.375,0.0625,0.03125
naive-claimed-c,this-work,unsafe-diagnostic,diagnostic,0,e28b1e6c35bf9be353013ee1f426492f4bab12680793af7f1b97451367323f62,,2,4,1.0,0.75,0.5,0.75,0.5,0.75,0.753,0.5,False,0.5,0.4999999999999999,0.5,0.5000000000000001,,2.0,unsafe-diagnostic,1.0,1.0,0.376782658300057,0.6232173416999429,1321,1551,0,2872,1.0,0.7410935427724324,0.0324243000068236,0.0001736388342987,0.0025138418477296,privacy_level,eca851e44c085ca95d1d9ecd02f0bf50b66a3a066a68b3cda57a3ccf83f25dc1,1.0,0.75,1.0,5.372451721071541,2,2,0.375,0.0625,0.03125
stable-local-fallback,this-work,user-certified,primary,1,e28b1e6c35bf9be353013ee1f426492f4bab12680793af7f1b97451367323f62,0.0,2,4,1.0,0.75,0.5,0.75,0.5,0.75,0.747,0.5,False,0.5,0.4999999999999999,0.5,0.5000000000000001,1.0,1.0,plan-c,1.0,1.0,0.0,1.0,0,1747,0,1747,1.0,0.2980617755698812,0.023918799997773,0.0004152697789505,0.0022137508187004,privacy_level,eca851e44c085ca95d1d9ecd02f0bf50b66a3a066a68b3cda57a3ccf83f25dc1,1.0,0.75,1.0,5.372451721071541,2,2,0.375,0.0625,0.03125
handle-only-drop-residual,this-work,user-certified,primary,1,e28b1e6c35bf9be353013ee1f426492f4bab12680793af7f1b97451367323f62,1.0,2,4,1.0,0.75,0.5,0.75,0.5,0.75,0.747,0.5,False,0.5,0.4999999999999999,0.5,0.5000000000000001,1.0,1.0,plan-c,1.0,0.3777904979965655,0.3777904979965655,0.0,1320,0,0,1320,1.0,0.5589972599628656,0.0565028999990318,0.0004679587074854,0.0024397007417691,privacy_level,eca851e44c085ca95d1d9ecd02f0bf50b66a3a066a68b3cda57a3ccf83f25dc1,1.0,0.75,1.0,5.372451721071541,2,2,0.375,0.0625,0.03125
unitscope-equal,this-work,user-certified,primary,1,e28b1e6c35bf9be353013ee1f426492f4bab12680793af7f1b97451367323f62,0.3333333333333333,2,4,1.0,0.75,0.5,0.75,0.5,0.75,0.747,0.5,False,0.5,0.4999999999999999,0.5,0.5000000000000001,1.0,1.0,plan-c,1.0,1.0,0.3777904979965655,0.6222095020034345,1320,1540,0,2860,1.0,0.3468219908788162,0.0338802000042051,0.0003831231369737,0.0022184212734756,privacy_level,eca851e44c085ca95d1d9ecd02f0bf50b66a3a066a68b3cda57a3ccf83f25dc1,1.0,0.75,1.0,5.372451721071541,2,2,0.375,0.0625,0.03125
unitscope-tuned,this-work,user-certified,primary,1,e28b1e6c35bf9be353013ee1f426492f4bab12680793af7f1b97451367323f62,0.75,2,4,1.0,0.75,0.5,0.75,0.5,0.75,0.747,0.5,False,0.5,0.4999999999999999,0.5,0.5000000000000001,1.0,1.0,plan-c,1.0,1.0,0.3777904979965655,0.6222095020034345,1320,1540,0,2860,1.0,0.4701725847959389,0.0323539999953936,0.0004035711563516,0.0023241467289671,privacy_level,eca851e44c085ca95d1d9ecd02f0bf50b66a3a066a68b3cda57a3ccf83f25dc1,1.0,0.75,1.0,5.372451721071541,2,2,0.375,0.0625,0.03125
naive-recalibrated-2c,this-work,user-certified,primary,1,e28b1e6c35bf9be353013ee1f426492f4bab12680793af7f1b97451367323f62,,2,4,1.0,0.75,0.5,0.75,0.5,0.75,0.747,0.5,False,0.5,0.4999999999999999,0.5,0.5000000000000001,2.0,2.0,plan-delta,2.0,1.0,0.3777904979965655,0.6222095020034345,1320,1540,0,2860,1.0,0.390971604396244,0.0318671999993966,0.0002253857853453,0.0074194040904943,privacy_level,eca851e44c085ca95d1d9ecd02f0bf50b66a3a066a68b3cda57a3ccf83f25dc1,1.0,0.75,1.0,5.372451721071541,2,2,0.375,0.0625,0.03125
full-identity-reference,oracle,oracle-assumption,full-identity-reference,1,e28b1e6c35bf9be353013ee1f426492f4bab12680793af7f1b97451367323f62,,2,4,1.0,0.75,0.5,0.75,0.5,0.75,0.747,0.5,False,0.5,0.4999999999999999,0.5,0.5000000000000001,1.0,1.0,plan-c,1.0,1.0,0.0,0.0,0,0,0,1000,1.0,0.7881215076389353,0.0410602000047219,0.0,0.0016839865486859,privacy_level,eca851e44c085ca95d1d9ecd02f0bf50b66a3a066a68b3cda57a3ccf83f25dc1,1.0,0.75,1.0,5.372451721071541,2,2,0.375,0.0625,0.03125
non-private-reference,oracle,non-private,diagnostic,1,e28b1e6c35bf9be353013ee1f426492f4bab12680793af7f1b97451367323f62,,2,4,1.0,0.75,0.5,0.75,0.5,0.75,0.747,0.5,False,0.5,0.4999999999999999,0.5,0.5000000000000001,,,non-private,0.0,1.0,0.0,0.0,0,0,0,0,0.0,inf,0.0189424999989569,0.0007473834350982,0.0007473834350982,privacy_level,eca851e44c085ca95d1d9ecd02f0bf50b66a3a066a68b3cda57a3ccf83f25dc1,1.0,0.75,1.0,5.372451721071541,2,2,0.375,0.0625,0.03125
naive-claimed-c,this-work,unsafe-diagnostic,diagnostic,1,e28b1e6c35bf9be353013ee1f426492f4bab12680793af7f1b97451367323f62,,2,4,1.0,0.75,0.5,0.75,0.5,0.75,0.747,0.5,False,0.5,0.4999999999999999,0.5,0.5000000000000001,,2.0,unsafe-diagnostic,1.0,1.0,0.3777904979965655,0.6222095020034345,1320,1540,0,2860,1.0,0.781943208792488,0.0318466000026091,0.0002253857853453,0.0021384083892338,privacy_level,eca851e44c085ca95d1d9ecd02f0bf50b66a3a066a68b3cda57a3ccf83f25dc1,1.0,0.75,1.0,5.372451721071541,2,2,0.375,0.0625,0.03125
stable-local-fallback,this-work,user-certified,primary,2,e28b1e6c35bf9be353013ee1f426492f4bab12680793af7f1b97451367323f62,0.0,2,4,1.0,0.75,0.5,0.75,0.5,0.75,0.747,0.5,False,0.5,0.4999999999999999,0.5,0.5000000000000001,1.0,1.0,plan-c,1.0,1.0,0.0,1.0,0,1747,0,1747,1.0,0.2875352664795708,0.0219170000054873,0.0003645480850939,0.0025815204803057,privacy_level,eca851e44c085ca95d1d9ecd02f0bf50b66a3a066a68b3cda57a3ccf83f25dc1,1.0,0.75,1.0,5.372451721071541,2,2,0.375,0.0625,0.03125
handle-only-drop-residual,this-work,user-certified,primary,2,e28b1e6c35bf9be353013ee1f426492f4bab12680793af7f1b97451367323f62,1.0,2,4,1.0,0.75,0.5,0.75,0.5,0.75,0.747,0.5,False,0.5,0.4999999999999999,0.5,0.5000000000000001,1.0,1.0,plan-c,1.0,0.3737836290784201,0.3737836290784201,0.0,1306,0,0,1306,1.0,0.4964983585483902,0.0316467999946326,0.0003826957206673,0.002547539373329,privacy_level,eca851e44c085ca95d1d9ecd02f0bf50b66a3a066a68b3cda57a3ccf83f25dc1,1.0,0.75,1.0,5.372451721071541,2,2,0.375,0.0625,0.03125
unitscope-equal,this-work,user-certified,primary,2,e28b1e6c35bf9be353013ee1f426492f4bab12680793af7f1b97451367323f62,0.3333333333333333,2,4,1.0,0.75,0.5,0.75,0.5,0.75,0.747,0.5,False,0.5,0.4999999999999999,0.5,0.5000000000000001,1.0,1.0,plan-c,1.0,1.0,0.3737836290784201,0.6262163709215799,1306,1579,0,2885,1.0,0.3168179840569147,0.0337910999951418,0.0003481492155663,0.0025802709091504,privacy_level,eca851e44c085ca95d1d9ecd02f0bf50b66a3a066a68b3cda57a3ccf83f25dc1,1.0,0.75,1.0,5.372451721071541,2,2,0.375,0.0625,0.03125
unitscope-tuned,this-work,user-certified,primary,2,e28b1e6c35bf9be353013ee1f426492f4bab12680793af7f1b97451367323f62,0.75,2,4,1.0,0.75,0.5,0.75,0.5,0.75,0.747,0.5,False,0.5,0.4999999999999999,0.5,0.5000000000000001,1.0,1.0,plan-c,1.0,1.0,0.3737836290784201,0.6262163709215799,1306,1579,0,2885,1.0,0.4224481645541471,0.0322821000008843,0.000345354836589,0.0025354277545965,privacy_level,eca851e44c085ca95d1d9ecd02f0bf50b66a3a066a68b3cda57a3ccf83f25dc1,1.0,0.75,1.0,5.372451721071541,2,2,0.375,0.0625,0.03125
naive-recalibrated-2c,this-work,user-certified,primary,2,e28b1e6c35bf9be353013ee1f426492f4bab12680793af7f1b97451367323f62,,2,4,1.0,0.75,0.5,0.75,0.5,0.75,0.747,0.5,False,0.5,0.4999999999999999,0.5,0.5000000000000001,2.0,2.0,plan-delta,2.0,1.0,0.3737836290784201,0.6262163709215799,1306,1579,0,2885,1.0,0.3554018037906842,0.0321394000056898,0.0001814991695141,0.0077519847702713,privacy_level,eca851e44c085ca95d1d9ecd02f0bf50b66a3a066a68b3cda57a3ccf83f25dc1,1.0,0.75,1.0,5.372451721071541,2,2,0.375,0.0625,0.03125
full-identity-reference,oracle,oracle-assumption,full-identity-reference,2,e28b1e6c35bf9be353013ee1f426492f4bab12680793af7f1b97451367323f62,,2,4,1.0,0.75,0.5,0.75,0.5,0.75,0.747,0.5,False,0.5,0.4999999999999999,0.5,0.5000000000000001,1.0,1.0,plan-c,1.0,1.0,0.0,0.0,0,0,0,1000,1.0,0.72142602863309,0.0394060999969951,0.0,0.0018408933966387,privacy_level,eca851e44c085ca95d1d9ecd02f0bf50b66a3a066a68b3cda57a3ccf83f25dc1,1.0,0.75,1.0,5.372451721071541,2,2,0.375,0.0625,0.03125
non-private-reference,oracle,non-private,diagnostic,2,e28b1e6c35bf9be353013ee1f426492f4bab12680793af7f1b97451367323f62,,2,4,1.0,0.75,0.5,0.75,0.5,0.75,0.747,0.5,False,0.5,0.4999999999999999,0.5,0.5000000000000001,,,non-private,0.0,1.0,0.0,0.0,0,0,0,0,0.0,inf,0.0353324000025168,0.0008851428222059,0.0008851428222059,privacy_level,eca851e44c085ca95d1d9ecd02f0bf50b66a3a066a68b3cda57a3ccf83f25dc1,1.0,0.75,1.0,5.372451721071541,2,2,0.375,0.0625,0.03125
naive-claimed-c,this-work,unsafe-diagnostic,diagnostic,2,e28b1e6c35bf9be353013ee1f426492f4bab12680793af7f1b97451367323f62,,2,4,1.0,0.75,0.5,0.75,0.5,0.75,0.747,0.5,False,0.5,0.4999999999999999,0.5,0.5000000000000001,,2.0,unsafe-diagnostic,1.0,1.0,0.3737836290784201,0.6262163709215799,1306,1579,0,2885,1.0,0.7108036075813685,0.0325891000102274,0.0001814991695141,0.0021258485732539,privacy_level,eca851e44c085ca95d1d9ecd02f0bf50b66a3a066a68b3cda57a3ccf83f25dc1,1.0,0.75,1.0,5.372451721071541,2,2,0.375,0.0625,0.03125
stable-local-fallback,this-work,user-certified,primary,3,e28b1e6c35bf9be353013ee1f426492f4bab12680793af7f1b97451367323f62,0.0,2,4,1.0,0.75,0.5,0.75,0.5,0.75,0.741,0.5,False,0.5,0.4999999999999999,0.5,0.5000000000000001,1.0,1.0,plan-c,1.0,1.0,0.0,1.0,0,1741,0,1741,1.0,0.312871804514888,0.0224758999975165,0.0003839421354042,0.0019631119639825,privacy_level,eca851e44c085ca95d1d9ecd02f0bf50b66a3a066a68b3cda57a3ccf83f25dc1,1.0,0.75,1.0,5.372451721071541,2,2,0.375,0.0625,0.03125
handle-only-drop-residual,this-work,user-certified,primary,3,e28b1e6c35bf9be353013ee1f426492f4bab12680793af7f1b97451367323f62,1.0,2,4,1.0,0.75,0.5,0.75,0.5,0.75,0.741,0.5,False,0.5,0.4999999999999999,0.5,0.5000000000000001,1.0,1.0,plan-c,1.0,0.3767949454336588,0.3767949454336588,0.0,1312,0,0,1312,1.0,0.5635332222515348,0.0317503999976906,0.0003693225038897,0.0020028354657947,privacy_level,eca851e44c085ca95d1d9ecd02f0bf50b66a3a066a68b3cda57a3ccf83f25dc1,1.0,0.75,1.0,5.372451721071541,2,2,0.375,0.0625,0.03125
unitscope-equal,this-work,user-certified,primary,3,e28b1e6c35bf9be353013ee1f426492f4bab12680793af7f1b97451367323f62,0.3333333333333333,2,4,1.0,0.75,0.5,0.75,0.5,0.75,0.741,0.5,False,0.5,0.4999999999999999,0.5,0.5000000000000001,1.0,1.0,plan-c,1.0,1.0,0.3767949454336588,0.6232050545663412,1312,1550,0,2862,1.0,0.3455676057410441,0.0317961999971885,0.0003622122011131,0.001965892912385,privacy_level,eca851e44c085ca95d1d9ecd02f0bf50b66a3a066a68b3cda57a3ccf83f25dc1,1.0,0.75,1.0,5.372451721071541,2,2,0.375,0.0625,0.03125
unitscope-tuned,this-work,user-certified,primary,3,e28b1e6c35bf9be353013ee1f426492f4bab12680793af7f1b97451367323f62,0.75,2,4,1.0,0.75,0.5,0.75,0.5,0.75,0.741,0.5,False,0.5,0.4999999999999999,0.5,0.5000000000000001,1.0,1.0,plan-c,1.0,1.0,0.3767949454336588,0.6232050545663412,1312,1550,0,2862,1.0,0.4739452607243427,0.03188379999483,0.0003358933304367,0.0019582191983542,privacy_level,eca851e44c085ca95d1d9ecd02f0bf50b66a3a066a68b3cda57a3ccf83f25dc1,1.0,0.75,1.0,5.372451721071541,2,2,0.375,0.0625,0.03125
naive-recalibrated-2c,this-work,user-certified,primary,3,e28b1e6c35bf9be353013ee1f426492f4bab12680793af7f1b97451367323f62,,2,4,1.0,0.75,0.5,0.75,0.5,0.75,0.741,0.5,False,0.5,0.4999999999999999,0.5,0.5000000000000001,2.0,2.0,plan-delta,2.0,1.0,0.3767949454336588,0.6232050545663412,1312,1550,0,2862,1.0,0.3924850335325817,0.0321162000036565,0.000157938416936,0.006763888830075,privacy_level,eca851e44c085ca95d1d9ecd02f0bf50b66a3a066a68b3cda57a3ccf83f25dc1,1.0,0.75,1.0,5.372451721071541,2,2,0.375,0.0625,0.03125
full-identity-reference,oracle,oracle-assumption,full-identity-reference,3,e28b1e6c35bf9be353013ee1f426492f4bab12680793af7f1b97451367323f62,,2,4,1.0,0.75,0.5,0.75,0.5,0.75,0.741,0.5,False,0.5,0.4999999999999999,0.5,0.5000000000000001,1.0,1.0,plan-c,1.0,1.0,0.0,0.0,0,0,0,1000,1.0,0.7897084367258507,0.0410488999914377,0.0,0.0016505148499555,privacy_level,eca851e44c085ca95d1d9ecd02f0bf50b66a3a066a68b3cda57a3ccf83f25dc1,1.0,0.75,1.0,5.372451721071541,2,2,0.375,0.0625,0.03125
non-private-reference,oracle,non-private,diagnostic,3,e28b1e6c35bf9be353013ee1f426492f4bab12680793af7f1b97451367323f62,,2,4,1.0,0.75,0.5,0.75,0.5,0.75,0.741,0.5,False,0.5,0.4999999999999999,0.5,0.5000000000000001,,,non-private,0.0,1.0,0.0,0.0,0,0,0,0,0.0,inf,0.0197269999916898,0.000878462574273,0.000878462574273,privacy_level,eca851e44c085ca95d1d9ecd02f0bf50b66a3a066a68b3cda57a3ccf83f25dc1,1.0,0.75,1.0,5.372451721071541,2,2,0.375,0.0625,0.03125
naive-claimed-c,this-work,unsafe-diagnostic,diagnostic,3,e28b1e6c35bf9be353013ee1f426492f4bab12680793af7f1b97451367323f62,,2,4,1.0,0.75,0.5,0.75,0.5,0.75,0.741,0.5,False,0.5,0.4999999999999999,0.5,0.5000000000000001,,2.0,unsafe-diagnostic,1.0,1.0,0.3767949454336588,0.6232050545663412,1312,1550,0,2862,1.0,0.7849700670651635,0.0326703000027919,0.000157938416936,0.00181039877355,privacy_level,eca851e44c085ca95d1d9ecd02f0bf50b66a3a066a68b3cda57a3ccf83f25dc1,1.0,0.75,1.0,5.372451721071541,2,2,0.375,0.0625,0.03125
stable-local-fallback,this-work,user-certified,primary,4,e28b1e6c35bf9be353013ee1f426492f4bab12680793af7f1b97451367323f62,0.0,2,4,1.0,0.75,0.5,0.75,0.5,0.75,0.773,0.5,False,0.5,0.4999999999999999,0.5,0.5000000000000001,1.0,1.0,plan-c,1.0,1.0,0.0,1.0,0,1773,0,1773,1.0,0.2801210509131384,0.0225118999951519,0.0003521826427756,0.0019533551988086,privacy_level,eca851e44c085ca95d1d9ecd02f0bf50b66a3a066a68b3cda57a3ccf83f25dc1,1.0,0.75,1.0,5.372451721071541,2,2,0.375,0.0625,0.03125
handle-only-drop-residual,this-work,user-certified,primary,4,e28b1e6c35bf9be353013ee1f426492f4bab12680793af7f1b97451367323f62,1.0,2,4,1.0,0.75,0.5,0.75,0.5,0.75,0.773,0.5,False,0.5,0.4999999999999999,0.5,0.5000000000000001,1.0,1.0,plan-c,1.0,0.3767625493513818,0.3767625493513818,0.0,1336,0,0,1336,1.0,0.541649826595983,0.0567632000020239,0.0003700013493819,0.001924589854034,privacy_level,eca851e44c085ca95d1d9ecd02f0bf50b66a3a066a68b3cda57a3ccf83f25dc1,1.0,0.75,1.0,5.372451721071541,2,2,0.375,0.0625,0.03125
unitscope-equal,this-work,user-certified,primary,4,e28b1e6c35bf9be353013ee1f426492f4bab12680793af7f1b97451367323f62,0.3333333333333333,2,4,1.0,0.75,0.5,0.75,0.5,0.75,0.773,0.5,False,0.5,0.4999999999999999,0.5,0.5000000000000001,1.0,1.0,plan-c,1.0,1.0,0.3767625493513818,0.6232374506486181,1336,1569,0,2905,1.0,0.3184666220556386,0.0368392999953357,0.0003292279401507,0.0018997489632124,privacy_level,eca851e44c085ca95d1d9ecd02f0bf50b66a3a066a68b3cda57a3ccf83f25dc1,1.0,0.75,1.0,5.372451721071541,2,2,0.375,0.0625,0.03125
unitscope-tuned,this-work,user-certified,primary,4,e28b1e6c35bf9be353013ee1f426492f4bab12680793af7f1b97451367323f62,0.75,2,4,1.0,0.75,0.5,0.75,0.5,0.75,0.773,0.5,False,0.5,0.4999999999999999,0.5,0.5000000000000001,1.0,1.0,plan-c,1.0,1.0,0.3767625493513818,0.6232374506486181,1336,1569,0,2905,1.0,0.4505428714814524,0.0357426999980816,0.000321366853475,0.0018819300525307,privacy_level,eca851e44c085ca95d1d9ecd02f0bf50b66a3a066a68b3cda57a3ccf83f25dc1,1.0,0.75,1.0,5.372451721071541,2,2,0.375,0.0625,0.03125
naive-recalibrated-2c,this-work,user-certified,primary,4,e28b1e6c35bf9be353013ee1f426492f4bab12680793af7f1b97451367323f62,,2,4,1.0,0.75,0.5,0.75,0.5,0.75,0.773,0.5,False,0.5,0.4999999999999999,0.5,0.5000000000000001,2.0,2.0,plan-delta,2.0,1.0,0.3767625493513818,0.6232374506486181,1336,1569,0,2905,1.0,0.3669937530598108,0.0350444000068819,0.0001894373709243,0.0071595794796124,privacy_level,eca851e44c085ca95d1d9ecd02f0bf50b66a3a066a68b3cda57a3ccf83f25dc1,1.0,0.75,1.0,5.372451721071541,2,2,0.375,0.0625,0.03125
full-identity-reference,oracle,oracle-assumption,full-identity-reference,4,e28b1e6c35bf9be353013ee1f426492f4bab12680793af7f1b97451367323f62,,2,4,1.0,0.75,0.5,0.75,0.5,0.75,0.773,0.5,False,0.5,0.4999999999999999,0.5,0.5000000000000001,1.0,1.0,plan-c,1.0,1.0,0.0,0.0,0,0,0,1000,1.0,0.7142214369288302,0.0414684999996097,0.0,0.0018112812613274,privacy_level,eca851e44c085ca95d1d9ecd02f0bf50b66a3a066a68b3cda57a3ccf83f25dc1,1.0,0.75,1.0,5.372451721071541,2,2,0.375,0.0625,0.03125
non-private-reference,oracle,non-private,diagnostic,4,e28b1e6c35bf9be353013ee1f426492f4bab12680793af7f1b97451367323f62,,2,4,1.0,0.75,0.5,0.75,0.5,0.75,0.773,0.5,False,0.5,0.4999999999999999,0.5,0.5000000000000001,,,non-private,0.0,1.0,0.0,0.0,0,0,0,0,0.0,inf,0.0209504000085871,0.0007718421729248,0.0007718421729248,privacy_level,eca851e44c085ca95d1d9ecd02f0bf50b66a3a066a68b3cda57a3ccf83f25dc1,1.0,0.75,1.0,5.372451721071541,2,2,0.375,0.0625,0.03125
naive-claimed-c,this-work,unsafe-diagnostic,diagnostic,4,e28b1e6c35bf9be353013ee1f426492f4bab12680793af7f1b97451367323f62,,2,4,1.0,0.75,0.5,0.75,0.5,0.75,0.773,0.5,False,0.5,0.4999999999999999,0.5,0.5000000000000001,,2.0,unsafe-diagnostic,1.0,1.0,0.3767625493513818,0.6232374506486181,1336,1569,0,2905,1.0,0.7339875061196217,0.0346637000038754,0.0001894373709243,0.0018632271639409,privacy_level,eca851e44c085ca95d1d9ecd02f0bf50b66a3a066a68b3cda57a3ccf83f25dc1,1.0,0.75,1.0,5.372451721071541,2,2,0.375,0.0625,0.03125
stable-local-fallback,this-work,user-certified,primary,5,e28b1e6c35bf9be353013ee1f426492f4bab12680793af7f1b97451367323f62,0.0,2,4,1.0,0.75,0.5,0.75,0.5,0.75,0.744,0.5,False,0.5,0.4999999999999999,0.5,0.5000000000000001,1.0,1.0,plan-c,1.0,1.0,0.0,1.0,0,1744,0,1744,1.0,0.2423862738574027,0.0234249999921303,0.0003812717241223,0.0023980263064552,privacy_level,eca851e44c085ca95d1d9ecd02f0bf50b66a3a066a68b3cda57a3ccf83f25dc1,1.0,0.75,1.0,5.372451721071541,2,2,0.375,0.0625,0.03125
handle-only-drop-residual,this-work,user-certified,primary,5,e28b1e6c35bf9be353013ee1f426492f4bab12680793af7f1b97451367323f62,1.0,2,4,1.0,0.75,0.5,0.75,0.5,0.75,0.744,0.5,False,0.5,0.4999999999999999,0.5,0.5000000000000001,1.0,1.0,plan-c,1.0,0.3752866972477064,0.3752866972477064,0.0,1309,0,0,1309,1.0,0.4603082260808541,0.0352593999996315,0.0003431411148547,0.002451736753025,privacy_level,eca851e44c085ca95d1d9ecd02f0bf50b66a3a066a68b3cda57a3ccf83f25dc1,1.0,0.75,1.0,5.372451721071541,2,2,0.375,0.0625,0.03125
unitscope-equal,this-work,user-certified,primary,5,e28b1e6c35bf9be353013ee1f426492f4bab12680793af7f1b97451367323f62,0.3333333333333333,2,4,1.0,0.75,0.5,0.75,0.5,0.75,0.744,0.5,False,0.5,0.4999999999999999,0.5,0.5000000000000001,1.0,1.0,plan-c,1.0,1.0,0.3752866972477064,0.6247133027522935,1309,1568,0,2877,1.0,0.2870121523293329,0.0369285000051604,0.00033423201255,0.0023880251516897,privacy_level,eca851e44c085ca95d1d9ecd02f0bf50b66a3a066a68b3cda57a3ccf83f25dc1,1.0,0.75,1.0,5.372451721071541,2,2,0.375,0.0625,0.03125
unitscope-tuned,this-work,user-certified,primary,5,e28b1e6c35bf9be353013ee1f426492f4bab12680793af7f1b97451367323f62,0.75,2,4,1.0,0.75,0.5,0.75,0.5,0.75,0.744,0.5,False,0.5,0.4999999999999999,0.5,0.5000000000000001,1.0,1.0,plan-c,1.0,1.0,0.3752866972477064,0.6247133027522935,1309,1568,0,2877,1.0,0.3897127383008245,0.0343907000060426,0.0003124279401521,0.0024004726411859,privacy_level,eca851e44c085ca95d1d9ecd02f0bf50b66a3a066a68b3cda57a3ccf83f25dc1,1.0,0.75,1.0,5.372451721071541,2,2,0.375,0.0625,0.03125
naive-recalibrated-2c,this-work,user-certified,primary,5,e28b1e6c35bf9be353013ee1f426492f4bab12680793af7f1b97451367323f62,,2,4,1.0,0.75,0.5,0.75,0.5,0.75,0.744,0.5,False,0.5,0.4999999999999999,0.5,0.5000000000000001,2.0,2.0,plan-delta,2.0,1.0,0.3752866972477064,0.6247133027522935,1309,1568,0,2877,1.0,0.3249601329068509,0.0332663999870419,0.0001812838022615,0.0096640946053375,privacy_level,eca851e44c085ca95d1d9ecd02f0bf50b66a3a066a68b3cda57a3ccf83f25dc1,1.0,0.75,1.0,5.372451721071541,2,2,0.375,0.0625,0.03125
full-identity-reference,oracle,oracle-assumption,full-identity-reference,5,e28b1e6c35bf9be353013ee1f426492f4bab12680793af7f1b97451367323f62,,2,4,1.0,0.75,0.5,0.75,0.5,0.75,0.744,0.5,False,0.5,0.4999999999999999,0.5,0.5000000000000001,1.0,1.0,plan-c,1.0,1.0,0.0,0.0,0,0,0,1000,1.0,0.631193857320771,0.0614933999895583,0.0,0.002392207219133,privacy_level,eca851e44c085ca95d1d9ecd02f0bf50b66a3a066a68b3cda57a3ccf83f25dc1,1.0,0.75,1.0,5.372451721071541,2,2,0.375,0.0625,0.03125
non-private-reference,oracle,non-private,diagnostic,5,e28b1e6c35bf9be353013ee1f426492f4bab12680793af7f1b97451367323f62,,2,4,1.0,0.75,0.5,0.75,0.5,0.75,0.744,0.5,False,0.5,0.4999999999999999,0.5,0.5000000000000001,,,non-private,0.0,1.0,0.0,0.0,0,0,0,0,0.0,inf,0.0192814000038197,0.0007719797433812,0.0007719797433812,privacy_level,eca851e44c085ca95d1d9ecd02f0bf50b66a3a066a68b3cda57a3ccf83f25dc1,1.0,0.75,1.0,5.372451721071541,2,2,0.375,0.0625,0.03125
naive-claimed-c,this-work,unsafe-diagnostic,diagnostic,5,e28b1e6c35bf9be353013ee1f426492f4bab12680793af7f1b97451367323f62,,2,4,1.0,0.75,0.5,0.75,0.5,0.75,0.744,0.5,False,0.5,0.4999999999999999,0.5,0.5000000000000001,,2.0,unsafe-diagnostic,1.0,1.0,0.3752866972477064,0.6247133027522935,1309,1568,0,2877,1.0,0.6499202658137019,0.0318683000077726,0.0001812838022615,0.0025304819846664,privacy_level,eca851e44c085ca95d1d9ecd02f0bf50b66a3a066a68b3cda57a3ccf83f25dc1,1.0,0.75,1.0,5.372451721071541,2,2,0.375,0.0625,0.03125
stable-local-fallback,this-work,user-certified,primary,6,e28b1e6c35bf9be353013ee1f426492f4bab12680793af7f1b97451367323f62,0.0,2,4,1.0,0.75,0.5,0.75,0.5,0.75,0.74,0.5,False,0.5,0.4999999999999999,0.5,0.5000000000000001,1.0,1.0,plan-c,1.0,1.0,0.0,1.0,0,1740,0,1740,1.0,0.3653734212175273,0.0226477999967755,0.0004989666391475,0.0017062950647184,privacy_level,eca851e44c085ca95d1d9ecd02f0bf50b66a3a066a68b3cda57a3ccf83f25dc1,1.0,0.75,1.0,5.372451721071541,2,2,0.375,0.0625,0.03125
handle-only-drop-residual,this-work,user-certified,primary,6,e28b1e6c35bf9be353013ee1f426492f4bab12680793af7f1b97451367323f62,1.0,2,4,1.0,0.75,0.5,0.75,0.5,0.75,0.74,0.5,False,0.5,0.4999999999999999,0.5,0.5000000000000001,1.0,1.0,plan-c,1.0,0.3781609195402299,0.3781609195402299,0.0,1316,0,0,1316,1.0,0.6351289442765508,0.0317577999958302,0.0003477443375569,0.0016489504657474,privacy_level,eca851e44c085ca95d1d9ecd02f0bf50b66a3a066a68b3cda57a3ccf83f25dc1,1.0,0.75,1.0,5.372451721071541,2,2,0.375,0.0625,0.03125
unitscope-equal,this-work,user-certified,primary,6,e28b1e6c35bf9be353013ee1f426492f4bab12680793af7f1b97451367323f62,0.3333333333333333,2,4,1.0,0.75,0.5,0.75,0.5,0.75,0.74,0.5,False,0.5,0.4999999999999999,0.5,0.5000000000000001,1.0,1.0,plan-c,1.0,1.0,0.3781609195402299,0.6218390804597701,1316,1557,0,2873,1.0,0.4000499197833128,0.0326228000049013,0.0004596110884431,0.0016849434817591,privacy_level,eca851e44c085ca95d1d9ecd02f0bf50b66a3a066a68b3cda57a3ccf83f25dc1,1.0,0.75,1.0,5.372451721071541,2,2,0.375,0.0625,0.03125
unitscope-tuned,this-work,user-certified,primary,6,e28b1e6c35bf9be353013ee1f426492f4bab12680793af7f1b97451367323f62,0.75,2,4,1.0,0.75,0.5,0.75,0.5,0.75,0.74,0.5,False,0.5,0.4999999999999999,0.5,0.5000000000000001,1.0,1.0,plan-c,1.0,1.0,0.3781609195402299,0.6218390804597701,1316,1557,0,2873,1.0,0.5414195082841315,0.0320673999958671,0.0003615076651246,0.0016342611427372,privacy_level,eca851e44c085ca95d1d9ecd02f0bf50b66a3a066a68b3cda57a3ccf83f25dc1,1.0,0.75,1.0,5.372451721071541,2,2,0.375,0.0625,0.03125
naive-recalibrated-2c,this-work,user-certified,primary,6,e28b1e6c35bf9be353013ee1f426492f4bab12680793af7f1b97451367323f62,,2,4,1.0,0.75,0.5,0.75,0.5,0.75,0.74,0.5,False,0.5,0.4999999999999999,0.5,0.5000000000000001,2.0,2.0,plan-delta,2.0,1.0,0.3781609195402299,0.6218390804597701,1316,1557,0,2873,1.0,0.4535182966975296,0.0314989000034984,0.0001249998971735,0.0058902194552621,privacy_level,eca851e44c085ca95d1d9ecd02f0bf50b66a3a066a68b3cda57a3ccf83f25dc1,1.0,0.75,1.0,5.372451721071541,2,2,0.375,0.0625,0.03125
full-identity-reference,oracle,oracle-assumption,full-identity-reference,6,e28b1e6c35bf9be353013ee1f426492f4bab12680793af7f1b97451367323f62,,2,4,1.0,0.75,0.5,0.75,0.5,0.75,0.74,0.5,False,0.5,0.4999999999999999,0.5,0.5000000000000001,1.0,1.0,plan-c,1.0,1.0,0.0,0.0,0,0,0,1000,1.0,0.937320029572876,0.0410131999960867,0.0,0.0014836764541198,privacy_level,eca851e44c085ca95d1d9ecd02f0bf50b66a3a066a68b3cda57a3ccf83f25dc1,1.0,0.75,1.0,5.372451721071541,2,2,0.375,0.0625,0.03125
non-private-reference,oracle,non-private,diagnostic,6,e28b1e6c35bf9be353013ee1f426492f4bab12680793af7f1b97451367323f62,,2,4,1.0,0.75,0.5,0.75,0.5,0.75,0.74,0.5,False,0.5,0.4999999999999999,0.5,0.5000000000000001,,,non-private,0.0,1.0,0.0,0.0,0,0,0,0,0.0,inf,0.0194438000035006,0.0010544449245296,0.0010544449245296,privacy_level,eca851e44c085ca95d1d9ecd02f0bf50b66a3a066a68b3cda57a3ccf83f25dc1,1.0,0.75,1.0,5.372451721071541,2,2,0.375,0.0625,0.03125
naive-claimed-c,this-work,unsafe-diagnostic,diagnostic,6,e28b1e6c35bf9be353013ee1f426492f4bab12680793af7f1b97451367323f62,,2,4,1.0,0.75,0.5,0.75,0.5,0.75,0.74,0.5,False,0.5,0.4999999999999999,0.5,0.5000000000000001,,2.0,unsafe-diagnostic,1.0,1.0,0.3781609195402299,0.6218390804597701,1316,1557,0,2873,1.0,0.9070365933950592,0.0337962000048719,0.0001249998971735,0.001523933222098,privacy_level,eca851e44c085ca95d1d9ecd02f0bf50b66a3a066a68b3cda57a3ccf83f25dc1,1.0,0.75,1.0,5.372451721071541,2,2,0.375,0.0625,0.03125
stable-local-fallback,this-work,user-certified,primary,7,e28b1e6c35bf9be353013ee1f426492f4bab12680793af7f1b97451367323f62,0.0,2,4,1.0,0.75,0.5,0.75,0.5,0.75,0.753,0.5,False,0.5,0.4999999999999999,0.5,0.5000000000000001,1.0,1.0,plan-c,1.0,1.0,0.0,1.0,0,1753,0,1753,1.0,0.2894773006890136,0.0226836999936494,0.0003381180013309,0.002168476528947,privacy_level,eca851e44c085ca95d1d9ecd02f0bf50b66a3a066a68b3cda57a3ccf83f25dc1,1.0,0.75,1.0,5.372451721071541,2,2,0.375,0.0625,0.03125
handle-only-drop-residual,this-work,user-certified,primary,7,e28b1e6c35bf9be353013ee1f426492f4bab12680793af7f1b97451367323f62,1.0,2,4,1.0,0.75,0.5,0.75,0.5,0.75,0.753,0.5,False,0.5,0.4999999999999999,0.5,0.5000000000000001,1.0,1.0,plan-c,1.0,0.372219053051911,0.372219053051911,0.0,1305,0,0,1305,1.0,0.5085714817916405,0.0315291000006254,0.0003114125743416,0.0024023599870605,privacy_level,eca851e44c085ca95d1d9ecd02f0bf50b66a3a066a68b3cda57a3ccf83f25dc1,1.0,0.75,1.0,5.372451721071541,2,2,0.375,0.0625,0.03125
unitscope-equal,this-work,user-certified,primary,7,e28b1e6c35bf9be353013ee1f426492f4bab12680793af7f1b97451367323f62,0.3333333333333333,2,4,1.0,0.75,0.5,0.75,0.5,0.75,0.753,0.5,False,0.5,0.4999999999999999,0.5,0.5000000000000001,1.0,1.0,plan-c,1.0,1.0,0.372219053051911,0.627780946948089,1305,1559,0,2864,1.0,0.3183478843906613,0.034530300006736,0.0003252741588427,0.0022156725990118,privacy_level,eca851e44c085ca95d1d9ecd02f0bf50b66a3a066a68b3cda57a3ccf83f25dc1,1.0,0.75,1.0,5.372451721071541,2,2,0.375,0.0625,0.03125
unitscope-tuned,this-work,user-certified,primary,7,e28b1e6c35bf9be353013ee1f426492f4bab12680793af7f1b97451367323f62,0.75,2,4,1.0,0.75,0.5,0.75,0.5,0.75,0.753,0.5,False,0.5,0.4999999999999999,0.5,0.5000000000000001,1.0,1.0,plan-c,1.0,1.0,0.372219053051911,0.627780946948089,1305,1559,0,2864,1.0,0.4317220974808705,0.0340139999898383,0.000294354845657,0.0023100963936697,privacy_level,eca851e44c085ca95d1d9ecd02f0bf50b66a3a066a68b3cda57a3ccf83f25dc1,1.0,0.75,1.0,5.372451721071541,2,2,0.375,0.0625,0.03125
naive-recalibrated-2c,this-work,user-certified,primary,7,e28b1e6c35bf9be353013ee1f426492f4bab12680793af7f1b97451367323f62,,2,4,1.0,0.75,0.5,0.75,0.5,0.75,0.753,0.5,False,0.5,0.4999999999999999,0.5,0.5000000000000001,2.0,2.0,plan-delta,2.0,1.0,0.372219053051911,0.627780946948089,1305,1559,0,2864,1.0,0.3606263391835019,0.0332398000027751,0.000157089083367,0.0074790207281684,privacy_level,eca851e44c085ca95d1d9ecd02f0bf50b66a3a066a68b3cda57a3ccf83f25dc1,1.0,0.75,1.0,5.372451721071541,2,2,0.375,0.0625,0.03125
full-identity-reference,oracle,oracle-assumption,full-identity-reference,7,e28b1e6c35bf9be353013ee1f426492f4bab12680793af7f1b97451367323f62,,2,4,1.0,0.75,0.5,0.75,0.5,0.75,0.753,0.5,False,0.5,0.4999999999999999,0.5,0.5000000000000001,1.0,1.0,plan-c,1.0,1.0,0.0,0.0,0,0,0,1000,1.0,0.7273488314281816,0.0397714999999152,0.0,0.0016766930924677,privacy_level,eca851e44c085ca95d1d9ecd02f0bf50b66a3a066a68b3cda57a3ccf83f25dc1,1.0,0.75,1.0,5.372451721071541,2,2,0.375,0.0625,0.03125
non-private-reference,oracle,non-private,diagnostic,7,e28b1e6c35bf9be353013ee1f426492f4bab12680793af7f1b97451367323f62,,2,4,1.0,0.75,0.5,0.75,0.5,0.75,0.753,0.5,False,0.5,0.4999999999999999,0.5,0.5000000000000001,,,non-private,0.0,1.0,0.0,0.0,0,0,0,0,0.0,inf,0.01884710000013,0.0008150035796582,0.0008150035796582,privacy_level,eca851e44c085ca95d1d9ecd02f0bf50b66a3a066a68b3cda57a3ccf83f25dc1,1.0,0.75,1.0,5.372451721071541,2,2,0.375,0.0625,0.03125
naive-claimed-c,this-work,unsafe-diagnostic,diagnostic,7,e28b1e6c35bf9be353013ee1f426492f4bab12680793af7f1b97451367323f62,,2,4,1.0,0.75,0.5,0.75,0.5,0.75,0.753,0.5,False,0.5,0.4999999999999999,0.5,0.5000000000000001,,2.0,unsafe-diagnostic,1.0,1.0,0.372219053051911,0.627780946948089,1305,1559,0,2864,1.0,0.7212526783670038,0.0330657000013161,0.000157089083367,0.0021413618133,privacy_level,eca851e44c085ca95d1d9ecd02f0bf50b66a3a066a68b3cda57a3ccf83f25dc1,1.0,0.75,1.0,5.372451721071541,2,2,0.375,0.0625,0.03125
stable-local-fallback,this-work,user-certified,primary,8,e28b1e6c35bf9be353013ee1f426492f4bab12680793af7f1b97451367323f62,0.0,2,4,1.0,0.75,0.5,0.75,0.5,0.75,0.74,0.5,False,0.5,0.4999999999999999,0.5,0.5000000000000001,1.0,1.0,plan-c,1.0,1.0,0.0,1.0,0,1740,0,1740,1.0,0.331338257750271,0.024316800001543,0.0004802408991836,0.0033603826129401,privacy_level,eca851e44c085ca95d1d9ecd02f0bf50b66a3a066a68b3cda57a3ccf83f25dc1,1.0,0.75,1.0,5.372451721071541,2,2,0.375,0.0625,0.03125
handle-only-drop-residual,this-work,user-certified,primary,8,e28b1e6c35bf9be353013ee1f426492f4bab12680793af7f1b97451367323f62,1.0,2,4,1.0,0.75,0.5,0.75,0.5,0.75,0.74,0.5,False,0.5,0.4999999999999999,0.5,0.5000000000000001,1.0,1.0,plan-c,1.0,0.3747126436781609,0.3747126436781609,0.0,1304,0,0,1304,1.0,0.6368917625084878,0.0331434999970952,0.0002538776836328,0.0028437894399323,privacy_level,eca851e44c085ca95d1d9ecd02f0bf50b66a3a066a68b3cda57a3ccf83f25dc1,1.0,0.75,1.0,5.372451721071541,2,2,0.375,0.0625,0.03125
unitscope-equal,this-work,user-certified,primary,8,e28b1e6c35bf9be353013ee1f426492f4bab12680793af7f1b97451367323f62,0.3333333333333333,2,4,1.0,0.75,0.5,0.75,0.5,0.75,0.74,0.5,False,0.5,0.4999999999999999,0.5,0.5000000000000001,1.0,1.0,plan-c,1.0,1.0,0.3747126436781609,0.6252873563218391,1304,1545,0,2849,1.0,0.3893721184133814,0.0319162000087089,0.000393762300136,0.0032509648261054,privacy_level,eca851e44c085ca95d1d9ecd02f0bf50b66a3a066a68b3cda57a3ccf83f25dc1,1.0,0.75,1.0,5.372451721071541,2,2,0.375,0.0625,0.03125
unitscope-tuned,this-work,user-certified,primary,8,e28b1e6c35bf9be353013ee1f426492f4bab12680793af7f1b97451367323f62,0.75,2,4,1.0,0.75,0.5,0.75,0.5,0.75,0.74,0.5,False,0.5,0.4999999999999999,0.5,0.5000000000000001,1.0,1.0,plan-c,1.0,1.0,0.3747126436781609,0.6252873563218391,1304,1545,0,2849,1.0,0.5403431245428176,0.0338419000036083,0.0002687791386693,0.002958924933595,privacy_level,eca851e44c085ca95d1d9ecd02f0bf50b66a3a066a68b3cda57a3ccf83f25dc1,1.0,0.75,1.0,5.372451721071541,2,2,0.375,0.0625,0.03125
naive-recalibrated-2c,this-work,user-certified,primary,8,e28b1e6c35bf9be353013ee1f426492f4bab12680793af7f1b97451367323f62,,2,4,1.0,0.75,0.5,0.75,0.5,0.75,0.74,0.5,False,0.5,0.4999999999999999,0.5,0.5000000000000001,2.0,2.0,plan-delta,2.0,1.0,0.3747126436781609,0.6252873563218391,1304,1545,0,2849,1.0,0.4476533988184831,0.0583186000003479,0.000138125567548,0.0084685268332746,privacy_level,eca851e44c085ca95d1d9ecd02f0bf50b66a3a066a68b3cda57a3ccf83f25dc1,1.0,0.75,1.0,5.372451721071541,2,2,0.375,0.0625,0.03125
full-identity-reference,oracle,oracle-assumption,full-identity-reference,8,e28b1e6c35bf9be353013ee1f426492f4bab12680793af7f1b97451367323f62,,2,4,1.0,0.75,0.5,0.75,0.5,0.75,0.74,0.5,False,0.5,0.4999999999999999,0.5,0.5000000000000001,1.0,1.0,plan-c,1.0,1.0,0.0,0.0,0,0,0,1000,1.0,0.8094978445091082,0.0414604999969014,0.0,0.0020407427862345,privacy_level,eca851e44c085ca95d1d9ecd02f0bf50b66a3a066a68b3cda57a3ccf83f25dc1,1.0,0.75,1.0,5.372451721071541,2,2,0.375,0.0625,0.03125
non-private-reference,oracle,non-private,diagnostic,8,e28b1e6c35bf9be353013ee1f426492f4bab12680793af7f1b97451367323f62,,2,4,1.0,0.75,0.5,0.75,0.5,0.75,0.74,0.5,False,0.5,0.4999999999999999,0.5,0.5000000000000001,,,non-private,0.0,1.0,0.0,0.0,0,0,0,0,0.0,inf,0.0185229000053368,0.0013100686235273,0.0013100686235273,privacy_level,eca851e44c085ca95d1d9ecd02f0bf50b66a3a066a68b3cda57a3ccf83f25dc1,1.0,0.75,1.0,5.372451721071541,2,2,0.375,0.0625,0.03125
naive-claimed-c,this-work,unsafe-diagnostic,diagnostic,8,e28b1e6c35bf9be353013ee1f426492f4bab12680793af7f1b97451367323f62,,2,4,1.0,0.75,0.5,0.75,0.5,0.75,0.74,0.5,False,0.5,0.4999999999999999,0.5,0.5000000000000001,,2.0,unsafe-diagnostic,1.0,1.0,0.3747126436781609,0.6252873563218391,1304,1545,0,2849,1.0,0.8953067976369663,0.0315815000067232,0.000138125567548,0.0022625834141767,privacy_level,eca851e44c085ca95d1d9ecd02f0bf50b66a3a066a68b3cda57a3ccf83f25dc1,1.0,0.75,1.0,5.372451721071541,2,2,0.375,0.0625,0.03125
stable-local-fallback,this-work,user-certified,primary,9,e28b1e6c35bf9be353013ee1f426492f4bab12680793af7f1b97451367323f62,0.0,2,4,1.0,0.75,0.5,0.75,0.5,0.75,0.727,0.5,False,0.5,0.4999999999999999,0.5,0.5000000000000001,1.0,1.0,plan-c,1.0,1.0,0.0,1.0,0,1727,0,1727,1.0,0.3082371360732701,0.0231773999985307,0.0003542774961372,0.0019622469762569,privacy_level,eca851e44c085ca95d1d9ecd02f0bf50b66a3a066a68b3cda57a3ccf83f25dc1,1.0,0.75,1.0,5.372451721071541,2,2,0.375,0.0625,0.03125
handle-only-drop-residual,this-work,user-certified,primary,9,e28b1e6c35bf9be353013ee1f426492f4bab12680793af7f1b97451367323f62,1.0,2,4,1.0,0.75,0.5,0.75,0.5,0.75,0.727,0.5,False,0.5,0.4999999999999999,0.5,0.5000000000000001,1.0,1.0,plan-c,1.0,0.3755066589461494,0.3755066589461494,0.0,1297,0,0,1297,1.0,0.5584395395231838,0.0344441999914124,0.0004088078141732,0.0020955829105101,privacy_level,eca851e44c085ca95d1d9ecd02f0bf50b66a3a066a68b3cda57a3ccf83f25dc1,1.0,0.75,1.0,5.372451721071541,2,2,0.375,0.0625,0.03125
unitscope-equal,this-work,user-certified,primary,9,e28b1e6c35bf9be353013ee1f426492f4bab12680793af7f1b97451367323f62,0.3333333333333333,2,4,1.0,0.75,0.5,0.75,0.5,0.75,0.727,0.5,False,0.5,0.4999999999999999,0.5,0.5000000000000001,1.0,1.0,plan-c,1.0,1.0,0.3755066589461494,0.6244933410538506,1297,1540,0,2837,1.0,0.3422432273123394,0.0338504000101238,0.0003392358068723,0.0019481676592926,privacy_level,eca851e44c085ca95d1d9ecd02f0bf50b66a3a066a68b3cda57a3ccf83f25dc1,1.0,0.75,1.0,5.372451721071541,2,2,0.375,0.0625,0.03125
unitscope-tuned,this-work,user-certified,primary,9,e28b1e6c35bf9be353013ee1f426492f4bab12680793af7f1b97451367323f62,0.75,2,4,1.0,0.75,0.5,0.75,0.5,0.75,0.727,0.5,False,0.5,0.4999999999999999,0.5,0.5000000000000001,1.0,1.0,plan-c,1.0,1.0,0.3755066589461494,0.6244933410538506,1297,1540,0,2837,1.0,0.4685941847402444,0.0333047999884001,0.0003533169943073,0.0020109008741755,privacy_level,eca851e44c085ca95d1d9ecd02f0bf50b66a3a066a68b3cda57a3ccf83f25dc1,1.0,0.75,1.0,5.372451721071541,2,2,0.375,0.0625,0.03125
naive-recalibrated-2c,this-work,user-certified,primary,9,e28b1e6c35bf9be353013ee1f426492f4bab12680793af7f1b97451367323f62,,2,4,1.0,0.75,0.5,0.75,0.5,0.75,0.727,0.5,False,0.5,0.4999999999999999,0.5,0.5000000000000001,2.0,2.0,plan-delta,2.0,1.0,0.3755066589461494,0.6244933410538506,1297,1540,0,2837,1.0,0.3878265335697231,0.0342911000043386,0.0001973322068933,0.0065078349892303,privacy_level,eca851e44c085ca95d1d9ecd02f0bf50b66a3a066a68b3cda57a3ccf83f25dc1,1.0,0.75,1.0,5.372451721071541,2,2,0.375,0.0625,0.03125
full-identity-reference,oracle,oracle-assumption,full-identity-reference,9,e28b1e6c35bf9be353013ee1f426492f4bab12680793af7f1b97451367323f62,,2,4,1.0,0.75,0.5,0.75,0.5,0.75,0.727,0.5,False,0.5,0.4999999999999999,0.5,0.5000000000000001,1.0,1.0,plan-c,1.0,1.0,0.0,0.0,0,0,0,1000,1.0,0.7796495808388544,0.0404341999965254,0.0,0.0015271349202634,privacy_level,eca851e44c085ca95d1d9ecd02f0bf50b66a3a066a68b3cda57a3ccf83f25dc1,1.0,0.75,1.0,5.372451721071541,2,2,0.375,0.0625,0.03125
non-private-reference,oracle,non-private,diagnostic,9,e28b1e6c35bf9be353013ee1f426492f4bab12680793af7f1b97451367323f62,,2,4,1.0,0.75,0.5,0.75,0.5,0.75,0.727,0.5,False,0.5,0.4999999999999999,0.5,0.5000000000000001,,,non-private,0.0,1.0,0.0,0.0,0,0,0,0,0.0,inf,0.0185683000017888,0.0008195914157725,0.0008195914157725,privacy_level,eca851e44c085ca95d1d9ecd02f0bf50b66a3a066a68b3cda57a3ccf83f25dc1,1.0,0.75,1.0,5.372451721071541,2,2,0.375,0.0625,0.03125
naive-claimed-c,this-work,unsafe-diagnostic,diagnostic,9,e28b1e6c35bf9be353013ee1f426492f4bab12680793af7f1b97451367323f62,,2,4,1.0,0.75,0.5,0.75,0.5,0.75,0.727,0.5,False,0.5,0.4999999999999999,0.5,0.5000000000000001,,2.0,unsafe-diagnostic,1.0,1.0,0.3755066589461494,0.6244933410538506,1297,1540,0,2837,1.0,0.7756530671394462,0.0331024000042816,0.0001973322068933,0.0018254486777983,privacy_level,eca851e44c085ca95d1d9ecd02f0bf50b66a3a066a68b3cda57a3ccf83f25dc1,1.0,0.75,1.0,5.372451721071541,2,2,0.375,0.0625,0.03125
stable-local-fallback,this-work,user-certified,primary,0,db976d9d7f7d6e943af0e3ee8f179087dd7a2bd9b44d5d0fd02952516be6a04e,0.0,2,4,1.0,0.75,0.5,0.75,0.5,0.75,0.753,0.5,False,0.5,0.4999999999999999,0.5,0.5000000000000001,1.0,1.0,plan-c,1.0,1.0,0.0,1.0,0,1753,0,1753,1.0,0.5623502474768483,0.0229104000027291,0.0005048202526941,0.001158597442688,privacy_level,93a52d74b65180b689ce2065c1634321eeb3326491fa8d2d3403e46f2959e485,2.0,0.75,2.0,2.7229591194317955,2,2,0.375,0.0625,0.03125
handle-only-drop-residual,this-work,user-certified,primary,0,db976d9d7f7d6e943af0e3ee8f179087dd7a2bd9b44d5d0fd02952516be6a04e,1.0,2,4,1.0,0.75,0.5,0.75,0.5,0.75,0.753,0.5,False,0.5,0.4999999999999999,0.5,0.5000000000000001,1.0,1.0,plan-c,1.0,0.376782658300057,0.376782658300057,0.0,1321,0,0,1321,1.0,1.0398205358603971,0.0315804999991087,0.0003747781612295,0.001002373956427,privacy_level,93a52d74b65180b689ce2065c1634321eeb3326491fa8d2d3403e46f2959e485,2.0,0.75,2.0,2.7229591194317955,2,2,0.375,0.0625,0.03125
unitscope-equal,this-work,user-certified,primary,0,db976d9d7f7d6e943af0e3ee8f179087dd7a2bd9b44d5d0fd02952516be6a04e,0.3333333333333333,2,4,1.0,0.75,0.5,0.75,0.5,0.75,0.753,0.5,False,0.5,0.4999999999999999,0.5,0.5000000000000001,1.0,1.0,plan-c,1.0,1.0,0.376782658300057,0.6232173416999429,1321,1551,0,2872,1.0,0.6405802809859529,0.0324213999992935,0.0004535183566532,0.0010897518540196,privacy_level,93a52d74b65180b689ce2065c1634321eeb3326491fa8d2d3403e46f2959e485,2.0,0.75,2.0,2.7229591194317955,2,2,0.375,0.0625,0.03125
unitscope-tuned,this-work,user-certified,primary,0,db976d9d7f7d6e943af0e3ee8f179087dd7a2bd9b44d5d0fd02952516be6a04e,0.75,2,4,1.0,0.75,0.5,0.75,0.5,0.75,0.753,0.5,False,0.5,0.4999999999999999,0.5,0.5000000000000001,1.0,1.0,plan-c,1.0,1.0,0.376782658300057,0.6232173416999429,1321,1551,0,2872,1.0,0.8804499691907709,0.0341316999983973,0.0003721267909254,0.0010029617244363,privacy_level,93a52d74b65180b689ce2065c1634321eeb3326491fa8d2d3403e46f2959e485,2.0,0.75,2.0,2.7229591194317955,2,2,0.375,0.0625,0.03125
naive-recalibrated-2c,this-work,user-certified,primary,0,db976d9d7f7d6e943af0e3ee8f179087dd7a2bd9b44d5d0fd02952516be6a04e,,2,4,1.0,0.75,0.5,0.75,0.5,0.75,0.753,0.5,False,0.5,0.4999999999999999,0.5,0.5000000000000001,2.0,2.0,plan-delta,2.0,1.0,0.376782658300057,0.6232173416999429,1321,1551,0,2872,1.0,0.7310960438094245,0.0327790000010281,0.0001736388342987,0.0025777312978837,privacy_level,93a52d74b65180b689ce2065c1634321eeb3326491fa8d2d3403e46f2959e485,2.0,0.75,2.0,2.7229591194317955,2,2,0.375,0.0625,0.03125
full-identity-reference,oracle,oracle-assumption,full-identity-reference,0,db976d9d7f7d6e943af0e3ee8f179087dd7a2bd9b44d5d0fd02952516be6a04e,,2,4,1.0,0.75,0.5,0.75,0.5,0.75,0.753,0.5,False,0.5,0.4999999999999999,0.5,0.5000000000000001,1.0,1.0,plan-c,1.0,1.0,0.0,0.0,0,0,0,1000,1.0,1.468438610956196,0.0428383000107714,0.0,0.0005909464653869,privacy_level,93a52d74b65180b689ce2065c1634321eeb3326491fa8d2d3403e46f2959e485,2.0,0.75,2.0,2.7229591194317955,2,2,0.375,0.0625,0.03125
non-private-reference,oracle,non-private,diagnostic,0,db976d9d7f7d6e943af0e3ee8f179087dd7a2bd9b44d5d0fd02952516be6a04e,,2,4,1.0,0.75,0.5,0.75,0.5,0.75,0.753,0.5,False,0.5,0.4999999999999999,0.5,0.5000000000000001,,,non-private,0.0,1.0,0.0,0.0,0,0,0,0,0.0,inf,0.0204432999889832,0.0009896145859756,0.0009896145859756,privacy_level,93a52d74b65180b689ce2065c1634321eeb3326491fa8d2d3403e46f2959e485,2.0,0.75,2.0,2.7229591194317955,2,2,0.375,0.0625,0.03125
naive-claimed-c,this-work,unsafe-diagnostic,diagnostic,0,db976d9d7f7d6e943af0e3ee8f179087dd7a2bd9b44d5d0fd02952516be6a04e,,2,4,1.0,0.75,0.5,0.75,0.5,0.75,0.753,0.5,False,0.5,0.4999999999999999,0.5,0.5000000000000001,,2.0,unsafe-diagnostic,1.0,1.0,0.376782658300057,0.6232173416999429,1321,1551,0,2872,1.0,1.462192087618849,0.0325029000086942,0.0001736388342987,0.0007847386007043,privacy_level,93a52d74b65180b689ce2065c1634321eeb3326491fa8d2d3403e46f2959e485,2.0,0.75,2.0,2.7229591194317955,2,2,0.375,0.0625,0.03125
stable-local-fallback,this-work,user-certified,primary,1,db976d9d7f7d6e943af0e3ee8f179087dd7a2bd9b44d5d0fd02952516be6a04e,0.0,2,4,1.0,0.75,0.5,0.75,0.5,0.75,0.747,0.5,False,0.5,0.4999999999999999,0.5,0.5000000000000001,1.0,1.0,plan-c,1.0,1.0,0.0,1.0,0,1747,0,1747,1.0,0.5880817261333686,0.0236793000076431,0.0004152697789505,0.0009058892062277,privacy_level,93a52d74b65180b689ce2065c1634321eeb3326491fa8d2d3403e46f2959e485,2.0,0.75,2.0,2.7229591194317955,2,2,0.375,0.0625,0.03125
handle-only-drop-residual,this-work,user-certified,primary,1,db976d9d7f7d6e943af0e3ee8f179087dd7a2bd9b44d5d0fd02952516be6a04e,1.0,2,4,1.0,0.75,0.5,0.75,0.5,0.75,0.747,0.5,False,0.5,0.4999999999999999,0.5,0.5000000000000001,1.0,1.0,plan-c,1.0,0.3777904979965655,0.3777904979965655,0.0,1320,0,0,1320,1.0,1.102912551984421,0.0341364000050816,0.0004679587074854,0.0010463932757079,privacy_level,93a52d74b65180b689ce2065c1634321eeb3326491fa8d2d3403e46f2959e485,2.0,0.75,2.0,2.7229591194317955,2,2,0.375,0.0625,0.03125
unitscope-equal,this-work,user-certified,primary,1,db976d9d7f7d6e943af0e3ee8f179087dd7a2bd9b44d5d0fd02952516be6a04e,0.3333333333333333,2,4,1.0,0.75,0.5,0.75,0.5,0.75,0.747,0.5,False,0.5,0.4999999999999999,0.5,0.5000000000000001,1.0,1.0,plan-c,1.0,1.0,0.3777904979965655,0.6222095020034345,1320,1540,0,2860,1.0,0.6842865867891434,0.0571927999990293,0.0003831231369737,0.0008924028434971,privacy_level,93a52d74b65180b689ce2065c1634321eeb3326491fa8d2d3403e46f2959e485,2.0,0.75,2.0,2.7229591194317955,2,2,0.375,0.0625,0.03125
unitscope-tuned,this-work,user-certified,primary,1,db976d9d7f7d6e943af0e3ee8f179087dd7a2bd9b44d5d0fd02952516be6a04e,0.75,2,4,1.0,0.75,0.5,0.75,0.5,0.75,0.747,0.5,False,0.5,0.4999999999999999,0.5,0.5000000000000001,1.0,1.0,plan-c,1.0,1.0,0.3777904979965655,0.6222095020034345,1320,1540,0,2860,1.0,0.927659726641323,0.0421956000063801,0.0004035711563516,0.0009560726514369,privacy_level,93a52d74b65180b689ce2065c1634321eeb3326491fa8d2d3403e46f2959e485,2.0,0.75,2.0,2.7229591194317955,2,2,0.375,0.0625,0.03125
naive-recalibrated-2c,this-work,user-certified,primary,1,db976d9d7f7d6e943af0e3ee8f179087dd7a2bd9b44d5d0fd02952516be6a04e,,2,4,1.0,0.75,0.5,0.75,0.5,0.75,0.747,0.5,False,0.5,0.4999999999999999,0.5,0.5000000000000001,2.0,2.0,plan-delta,2.0,1.0,0.3777904979965655,0.6222095020034345,1320,1540,0,2860,1.0,0.7713946397281987,0.0366724999912548,0.0002253857853453,0.0021879112112377,privacy_level,93a52d74b65180b689ce2065c1634321eeb3326491fa8d2d3403e46f2959e485,2.0,0.75,2.0,2.7229591194317955,2,2,0.375,0.0625,0.03125
full-identity-reference,oracle,oracle-assumption,full-identity-reference,1,db976d9d7f7d6e943af0e3ee8f179087dd7a2bd9b44d5d0fd02952516be6a04e,,2,4,1.0,0.75,0.5,0.75,0.5,0.75,0.747,0.5,False,0.5,0.4999999999999999,0.5,0.5000000000000001,1.0,1.0,plan-c,1.0,1.0,0.0,0.0,0,0,0,1000,1.0,1.554979184194231,0.0470379000034881,0.0,0.0004325893444112,privacy_level,93a52d74b65180b689ce2065c1634321eeb3326491fa8d2d3403e46f2959e485,2.0,0.75,2.0,2.7229591194317955,2,2,0.375,0.0625,0.03125
non-private-reference,oracle,non-private,diagnostic,1,db976d9d7f7d6e943af0e3ee8f179087dd7a2bd9b44d5d0fd02952516be6a04e,,2,4,1.0,0.75,0.5,0.75,0.5,0.75,0.747,0.5,False,0.5,0.4999999999999999,0.5,0.5000000000000001,,,non-private,0.0,1.0,0.0,0.0,0,0,0,0,0.0,inf,0.0202370000042719,0.0007473834350982,0.0007473834350982,privacy_level,93a52d74b65180b689ce2065c1634321eeb3326491fa8d2d3403e46f2959e485,2.0,0.75,2.0,2.7229591194317955,2,2,0.375,0.0625,0.03125
naive-claimed-c,this-work,unsafe-diagnostic,diagnostic,1,db976d9d7f7d6e943af0e3ee8f179087dd7a2bd9b44d5d0fd02952516be6a04e,,2,4,1.0,0.75,0.5,0.75,0.5,0.75,0.747,0.5,False,0.5,0.4999999999999999,0.5,0.5000000000000001,,2.0,unsafe-diagnostic,1.0,1.0,0.3777904979965655,0.6222095020034345,1320,1540,0,2860,1.0,1.542789279456397,0.0324556999985361,0.0002253857853453,0.0007740591538803,privacy_level,93a52d74b65180b689ce2065c1634321eeb3326491fa8d2d3403e46f2959e485,2.0,0.75,2.0,2.7229591194317955,2,2,0.375,0.0625,0.03125
stable-local-fallback,this-work,user-certified,primary,2,db976d9d7f7d6e943af0e3ee8f179087dd7a2bd9b44d5d0fd02952516be6a04e,0.0,2,4,1.0,0.75,0.5,0.75,0.5,0.75,0.747,0.5,False,0.5,0.4999999999999999,0.5,0.5000000000000001,1.0,1.0,plan-c,1.0,1.0,0.0,1.0,0,1747,0,1747,1.0,0.5673127173460043,0.0237218999973265,0.0003645480850939,0.0010280551794927,privacy_level,93a52d74b65180b689ce2065c1634321eeb3326491fa8d2d3403e46f2959e485,2.0,0.75,2.0,2.7229591194317955,2,2,0.375,0.0625,0.03125
handle-only-drop-residual,this-work,user-certified,primary,2,db976d9d7f7d6e943af0e3ee8f179087dd7a2bd9b44d5d0fd02952516be6a04e,1.0,2,4,1.0,0.75,0.5,0.75,0.5,0.75,0.747,0.5,False,0.5,0.4999999999999999,0.5,0.5000000000000001,1.0,1.0,plan-c,1.0,0.3737836290784201,0.3737836290784201,0.0,1306,0,0,1306,1.0,0.9796009943216144,0.0324013000063132,0.0003826957206673,0.00101978202205,privacy_level,93a52d74b65180b689ce2065c1634321eeb3326491fa8d2d3403e46f2959e485,2.0,0.75,2.0,2.7229591194317955,2,2,0.375,0.0625,0.03125
unitscope-equal,this-work,user-certified,primary,2,db976d9d7f7d6e943af0e3ee8f179087dd7a2bd9b44d5d0fd02952516be6a04e,0.3333333333333333,2,4,1.0,0.75,0.5,0.75,0.5,0.75,0.747,0.5,False,0.5,0.4999999999999999,0.5,0.5000000000000001,1.0,1.0,plan-c,1.0,1.0,0.3737836290784201,0.6262163709215799,1306,1579,0,2885,1.0,0.6250880931580662,0.0335686000034911,0.0003481492155663,0.0010193345399981,privacy_level,93a52d74b65180b689ce2065c1634321eeb3326491fa8d2d3403e46f2959e485,2.0,0.75,2.0,2.7229591194317955,2,2,0.375,0.0625,0.03125
unitscope-tuned,this-work,user-certified,primary,2,db976d9d7f7d6e943af0e3ee8f179087dd7a2bd9b44d5d0fd02952516be6a04e,0.75,2,4,1.0,0.75,0.5,0.75,0.5,0.75,0.747,0.5,False,0.5,0.4999999999999999,0.5,0.5000000000000001,1.0,1.0,plan-c,1.0,1.0,0.3737836290784201,0.6262163709215799,1306,1579,0,2885,1.0,0.8334985099578135,0.0328136000025551,0.000345354836589,0.0009952282716151,privacy_level,93a52d74b65180b689ce2065c1634321eeb3326491fa8d2d3403e46f2959e485,2.0,0.75,2.0,2.7229591194317955,2,2,0.375,0.0625,0.03125
naive-recalibrated-2c,this-work,user-certified,primary,2,db976d9d7f7d6e943af0e3ee8f179087dd7a2bd9b44d5d0fd02952516be6a04e,,2,4,1.0,0.75,0.5,0.75,0.5,0.75,0.747,0.5,False,0.5,0.4999999999999999,0.5,0.5000000000000001,2.0,2.0,plan-delta,2.0,1.0,0.3737836290784201,0.6262163709215799,1306,1579,0,2885,1.0,0.7012147258551665,0.0322697999945376,0.0001814991695141,0.0021779547698022,privacy_level,93a52d74b65180b689ce2065c1634321eeb3326491fa8d2d3403e46f2959e485,2.0,0.75,2.0,2.7229591194317955,2,2,0.375,0.0625,0.03125
full-identity-reference,oracle,oracle-assumption,full-identity-reference,2,db976d9d7f7d6e943af0e3ee8f179087dd7a2bd9b44d5d0fd02952516be6a04e,,2,4,1.0,0.75,0.5,0.75,0.5,0.75,0.747,0.5,False,0.5,0.4999999999999999,0.5,0.5000000000000001,1.0,1.0,plan-c,1.0,1.0,0.0,0.0,0,0,0,1000,1.0,1.4233876966777332,0.0410304000106407,0.0,0.000472896216543,privacy_level,93a52d74b65180b689ce2065c1634321eeb3326491fa8d2d3403e46f2959e485,2.0,0.75,2.0,2.7229591194317955,2,2,0.375,0.0625,0.03125
non-private-reference,oracle,non-private,diagnostic,2,db976d9d7f7d6e943af0e3ee8f179087dd7a2bd9b44d5d0fd02952516be6a04e,,2,4,1.0,0.75,0.5,0.75,0.5,0.75,0.747,0.5,False,0.5,0.4999999999999999,0.5,0.5000000000000001,,,non-private,0.0,1.0,0.0,0.0,0,0,0,0,0.0,inf,0.0185841000056825,0.0008851428222059,0.0008851428222059,privacy_level,93a52d74b65180b689ce2065c1634321eeb3326491fa8d2d3403e46f2959e485,2.0,0.75,2.0,2.7229591194317955,2,2,0.375,0.0625,0.03125
naive-claimed-c,this-work,unsafe-diagnostic,diagnostic,2,db976d9d7f7d6e943af0e3ee8f179087dd7a2bd9b44d5d0fd02952516be6a04e,,2,4,1.0,0.75,0.5,0.75,0.5,0.75,0.747,0.5,False,0.5,0.4999999999999999,0.5,0.5000000000000001,,2.0,unsafe-diagnostic,1.0,1.0,0.3737836290784201,0.6262163709215799,1306,1579,0,2885,1.0,1.402429451710333,0.0579264999978477,0.0001814991695141,0.0007068307531151,privacy_level,93a52d74b65180b689ce2065c1634321eeb3326491fa8d2d3403e46f2959e485,2.0,0.75,2.0,2.7229591194317955,2,2,0.375,0.0625,0.03125
stable-local-fallback,this-work,user-certified,primary,3,db976d9d7f7d6e943af0e3ee8f179087dd7a2bd9b44d5d0fd02952516be6a04e,0.0,2,4,1.0,0.75,0.5,0.75,0.5,0.75,0.741,0.5,False,0.5,0.4999999999999999,0.5,0.5000000000000001,1.0,1.0,plan-c,1.0,1.0,0.0,1.0,0,1741,0,1741,1.0,0.6173022035643058,0.0221141000074567,0.0003839421354042,0.0007717728125103,privacy_level,93a52d74b65180b689ce2065c1634321eeb3326491fa8d2d3403e46f2959e485,2.0,0.75,2.0,2.7229591194317955,2,2,0.375,0.0625,0.03125
handle-only-drop-residual,this-work,user-certified,primary,3,db976d9d7f7d6e943af0e3ee8f179087dd7a2bd9b44d5d0fd02952516be6a04e,1.0,2,4,1.0,0.75,0.5,0.75,0.5,0.75,0.741,0.5,False,0.5,0.4999999999999999,0.5,0.5000000000000001,1.0,1.0,plan-c,1.0,0.3767949454336588,0.3767949454336588,0.0,1312,0,0,1312,1.0,1.1118620944988755,0.0317122999986168,0.0003693225038897,0.0007846963099345,privacy_level,93a52d74b65180b689ce2065c1634321eeb3326491fa8d2d3403e46f2959e485,2.0,0.75,2.0,2.7229591194317955,2,2,0.375,0.0625,0.03125
unitscope-equal,this-work,user-certified,primary,3,db976d9d7f7d6e943af0e3ee8f179087dd7a2bd9b44d5d0fd02952516be6a04e,0.3333333333333333,2,4,1.0,0.75,0.5,0.75,0.5,0.75,0.741,0.5,False,0.5,0.4999999999999999,0.5,0.5000000000000001,1.0,1.0,plan-c,1.0,1.0,0.3767949454336588,0.6232050545663412,1312,1550,0,2862,1.0,0.6818116603224851,0.0330015000072307,0.0003622122011131,0.0007624659087127,privacy_level,93a52d74b65180b689ce2065c1634321eeb3326491fa8d2d3403e46f2959e485,2.0,0.75,2.0,2.7229591194317955,2,2,0.375,0.0625,0.03125
unitscope-tuned,this-work,user-certified,primary,3,db976d9d7f7d6e943af0e3ee8f179087dd7a2bd9b44d5d0fd02952516be6a04e,0.75,2,4,1.0,0.75,0.5,0.75,0.5,0.75,0.741,0.5,False,0.5,0.4999999999999999,0.5,0.5000000000000001,1.0,1.0,plan-c,1.0,1.0,0.3767949454336588,0.6232050545663412,1312,1550,0,2862,1.0,0.9351032902041972,0.0347432999988086,0.0003358933304367,0.0007455970995646,privacy_level,93a52d74b65180b689ce2065c1634321eeb3326491fa8d2d3403e46f2959e485,2.0,0.75,2.0,2.7229591194317955,2,2,0.375,0.0625,0.03125
naive-recalibrated-2c,this-work,user-certified,primary,3,db976d9d7f7d6e943af0e3ee8f179087dd7a2bd9b44d5d0fd02952516be6a04e,,2,4,1.0,0.75,0.5,0.75,0.5,0.75,0.741,0.5,False,0.5,0.4999999999999999,0.5,0.5000000000000001,2.0,2.0,plan-delta,2.0,1.0,0.3767949454336588,0.6232050545663412,1312,1550,0,2862,1.0,0.7743806650820917,0.0346412000071723,0.000157938416936,0.0018558745185431,privacy_level,93a52d74b65180b689ce2065c1634321eeb3326491fa8d2d3403e46f2959e485,2.0,0.75,2.0,2.7229591194317955,2,2,0.375,0.0625,0.03125
full-identity-reference,oracle,oracle-assumption,full-identity-reference,3,db976d9d7f7d6e943af0e3ee8f179087dd7a2bd9b44d5d0fd02952516be6a04e,,2,4,1.0,0.75,0.5,0.75,0.5,0.75,0.741,0.5,False,0.5,0.4999999999999999,0.5,0.5000000000000001,1.0,1.0,plan-c,1.0,1.0,0.0,0.0,0,0,0,1000,1.0,1.5581102263914408,0.0418942999967839,0.0,0.0004239909976955,privacy_level,93a52d74b65180b689ce2065c1634321eeb3326491fa8d2d3403e46f2959e485,2.0,0.75,2.0,2.7229591194317955,2,2,0.375,0.0625,0.03125
non-private-reference,oracle,non-private,diagnostic,3,db976d9d7f7d6e943af0e3ee8f179087dd7a2bd9b44d5d0fd02952516be6a04e,,2,4,1.0,0.75,0.5,0.75,0.5,0.75,0.741,0.5,False,0.5,0.4999999999999999,0.5,0.5000000000000001,,,non-private,0.0,1.0,0.0,0.0,0,0,0,0,0.0,inf,0.0209697999962372,0.000878462574273,0.000878462574273,privacy_level,93a52d74b65180b689ce2065c1634321eeb3326491fa8d2d3403e46f2959e485,2.0,0.75,2.0,2.7229591194317955,2,2,0.375,0.0625,0.03125
naive-claimed-c,this-work,unsafe-diagnostic,diagnostic,3,db976d9d7f7d6e943af0e3ee8f179087dd7a2bd9b44d5d0fd02952516be6a04e,,2,4,1.0,0.75,0.5,0.75,0.5,0.75,0.741,0.5,False,0.5,0.4999999999999999,0.5,0.5000000000000001,,2.0,unsafe-diagnostic,1.0,1.0,0.3767949454336588,0.6232050545663412,1312,1550,0,2862,1.0,1.5487613301641834,0.0329105999990133,0.000157938416936,0.000582915470044,privacy_level,93a52d74b65180b689ce2065c1634321eeb3326491fa8d2d3403e46f2959e485,2.0,0.75,2.0,2.7229591194317955,2,2,0.375,0.0625,0.03125
stable-local-fallback,this-work,user-certified,primary,4,db976d9d7f7d6e943af0e3ee8f179087dd7a2bd9b44d5d0fd02952516be6a04e,0.0,2,4,1.0,0.75,0.5,0.75,0.5,0.75,0.773,0.5,False,0.5,0.4999999999999999,0.5,0.5000000000000001,1.0,1.0,plan-c,1.0,1.0,0.0,1.0,0,1773,0,1773,1.0,0.5526843246918438,0.023145499988459,0.0003521826427756,0.0007109810365079,privacy_level,93a52d74b65180b689ce2065c1634321eeb3326491fa8d2d3403e46f2959e485,2.0,0.75,2.0,2.7229591194317955,2,2,0.375,0.0625,0.03125
handle-only-drop-residual,this-work,user-certified,primary,4,db976d9d7f7d6e943af0e3ee8f179087dd7a2bd9b44d5d0fd02952516be6a04e,1.0,2,4,1.0,0.75,0.5,0.75,0.5,0.75,0.773,0.5,False,0.5,0.4999999999999999,0.5,0.5000000000000001,1.0,1.0,plan-c,1.0,0.3767625493513818,0.3767625493513818,0.0,1336,0,0,1336,1.0,1.068685725888137,0.0565361000044504,0.0003700013493819,0.0007051892066007,privacy_level,93a52d74b65180b689ce2065c1634321eeb3326491fa8d2d3403e46f2959e485,2.0,0.75,2.0,2.7229591194317955,2,2,0.375,0.0625,0.03125
unitscope-equal,this-work,user-certified,primary,4,db976d9d7f7d6e943af0e3ee8f179087dd7a2bd9b44d5d0fd02952516be6a04e,0.3333333333333333,2,4,1.0,0.75,0.5,0.75,0.5,0.75,0.773,0.5,False,0.5,0.4999999999999999,0.5,0.5000000000000001,1.0,1.0,plan-c,1.0,1.0,0.3767625493513818,0.6232374506486181,1336,1569,0,2905,1.0,0.6283408882479594,0.0327689999976428,0.0003292279401507,0.0006724909925599,privacy_level,93a52d74b65180b689ce2065c1634321eeb3326491fa8d2d3403e46f2959e485,2.0,0.75,2.0,2.7229591194317955,2,2,0.375,0.0625,0.03125
unitscope-tuned,this-work,user-certified,primary,4,db976d9d7f7d6e943af0e3ee8f179087dd7a2bd9b44d5d0fd02952516be6a04e,0.75,2,4,1.0,0.75,0.5,0.75,0.5,0.75,0.773,0.5,False,0.5,0.4999999999999999,0.5,0.5000000000000001,1.0,1.0,plan-c,1.0,1.0,0.3767625493513818,0.6232374506486181,1336,1569,0,2905,1.0,0.8889299174686607,0.0391126000031363,0.000321366853475,0.0006595829088901,privacy_level,93a52d74b65180b689ce2065c1634321eeb3326491fa8d2d3403e46f2959e485,2.0,0.75,2.0,2.7229591194317955,2,2,0.375,0.0625,0.03125
naive-recalibrated-2c,this-work,user-certified,primary,4,db976d9d7f7d6e943af0e3ee8f179087dd7a2bd9b44d5d0fd02952516be6a04e,,2,4,1.0,0.75,0.5,0.75,0.5,0.75,0.773,0.5,False,0.5,0.4999999999999999,0.5,0.5000000000000001,2.0,2.0,plan-delta,2.0,1.0,0.3767625493513818,0.6232374506486181,1336,1569,0,2905,1.0,0.7240858690012628,0.0371390000073006,0.0001894373709243,0.0019112230727986,privacy_level,93a52d74b65180b689ce2065c1634321eeb3326491fa8d2d3403e46f2959e485,2.0,0.75,2.0,2.7229591194317955,2,2,0.375,0.0625,0.03125
full-identity-reference,oracle,oracle-assumption,full-identity-reference,4,db976d9d7f7d6e943af0e3ee8f179087dd7a2bd9b44d5d0fd02952516be6a04e,,2,4,1.0,0.75,0.5,0.75,0.5,0.75,0.773,0.5,False,0.5,0.4999999999999999,0.5,0.5000000000000001,1.0,1.0,plan-c,1.0,1.0,0.0,0.0,0,0,0,1000,1.0,1.4091728960129162,0.0448860999895259,0.0,0.0004652893302463,privacy_level,93a52d74b65180b689ce2065c1634321eeb3326491fa8d2d3403e46f2959e485,2.0,0.75,2.0,2.7229591194317955,2,2,0.375,0.0625,0.03125
non-private-reference,oracle,non-private,diagnostic,4,db976d9d7f7d6e943af0e3ee8f179087dd7a2bd9b44d5d0fd02952516be6a04e,,2,4,1.0,0.75,0.5,0.75,0.5,0.75,0.773,0.5,False,0.5,0.4999999999999999,0.5,0.5000000000000001,,,non-private,0.0,1.0,0.0,0.0,0,0,0,0,0.0,inf,0.0208451000071363,0.0007718421729248,0.0007718421729248,privacy_level,93a52d74b65180b689ce2065c1634321eeb3326491fa8d2d3403e46f2959e485,2.0,0.75,2.0,2.7229591194317955,2,2,0.375,0.0625,0.03125
naive-claimed-c,this-work,unsafe-diagnostic,diagnostic,4,db976d9d7f7d6e943af0e3ee8f179087dd7a2bd9b44d5d0fd02952516be6a04e,,2,4,1.0,0.75,0.5,0.75,0.5,0.75,0.773,0.5,False,0.5,0.4999999999999999,0.5,0.5000000000000001,,2.0,unsafe-diagnostic,1.0,1.0,0.3767625493513818,0.6232374506486181,1336,1569,0,2905,1.0,1.4481717380025256,0.0343810999911511,0.0001894373709243,0.0005850408916151,privacy_level,93a52d74b65180b689ce2065c1634321eeb3326491fa8d2d3403e46f2959e485,2.0,0.75,2.0,2.7229591194317955,2,2,0.375,0.0625,0.03125
stable-local-fallback,this-work,user-certified,primary,5,db976d9d7f7d6e943af0e3ee8f179087dd7a2bd9b44d5d0fd02952516be6a04e,0.0,2,4,1.0,0.75,0.5,0.75,0.5,0.75,0.744,0.5,False,0.5,0.4999999999999999,0.5,0.5000000000000001,1.0,1.0,plan-c,1.0,1.0,0.0,1.0,0,1744,0,1744,1.0,0.4782328698423703,0.0246500999928684,0.0003812717241223,0.0008054982734104,privacy_level,93a52d74b65180b689ce2065c1634321eeb3326491fa8d2d3403e46f2959e485,2.0,0.75,2.0,2.7229591194317955,2,2,0.375,0.0625,0.03125
handle-only-drop-residual,this-work,user-certified,primary,5,db976d9d7f7d6e943af0e3ee8f179087dd7a2bd9b44d5d0fd02952516be6a04e,1.0,2,4,1.0,0.75,0.5,0.75,0.5,0.75,0.744,0.5,False,0.5,0.4999999999999999,0.5,0.5000000000000001,1.0,1.0,plan-c,1.0,0.3752866972477064,0.3752866972477064,0.0,1309,0,0,1309,1.0,0.9081971535244768,0.0341818000015337,0.0003431411148547,0.0008139161402417,privacy_level,93a52d74b65180b689ce2065c1634321eeb3326491fa8d2d3403e46f2959e485,2.0,0.75,2.0,2.7229591194317955,2,2,0.375,0.0625,0.03125
unitscope-equal,this-work,user-certified,primary,5,db976d9d7f7d6e943af0e3ee8f179087dd7a2bd9b44d5d0fd02952516be6a04e,0.3333333333333333,2,4,1.0,0.75,0.5,0.75,0.5,0.75,0.744,0.5,False,0.5,0.4999999999999999,0.5,0.5000000000000001,1.0,1.0,plan-c,1.0,1.0,0.3752866972477064,0.6247133027522935,1309,1568,0,2877,1.0,0.5662806028729273,0.0329461000073934,0.00033423201255,0.0007772310853086,privacy_level,93a52d74b65180b689ce2065c1634321eeb3326491fa8d2d3403e46f2959e485,2.0,0.75,2.0,2.7229591194317955,2,2,0.375,0.0625,0.03125
unitscope-tuned,this-work,user-certified,primary,5,db976d9d7f7d6e943af0e3ee8f179087dd7a2bd9b44d5d0fd02952516be6a04e,0.75,2,4,1.0,0.75,0.5,0.75,0.5,0.75,0.744,0.5,False,0.5,0.4999999999999999,0.5,0.5000000000000001,1.0,1.0,plan-c,1.0,1.0,0.3752866972477064,0.6247133027522935,1309,1568,0,2877,1.0,0.7689108722442612,0.0334394999954383,0.0003124279401521,0.0007727869833034,privacy_level,93a52d74b65180b689ce2065c1634321eeb3326491fa8d2d3403e46f2959e485,2.0,0.75,2.0,2.7229591194317955,2,2,0.375,0.0625,0.03125
naive-recalibrated-2c,this-work,user-certified,primary,5,db976d9d7f7d6e943af0e3ee8f179087dd7a2bd9b44d5d0fd02952516be6a04e,,2,4,1.0,0.75,0.5,0.75,0.5,0.75,0.744,0.5,False,0.5,0.4999999999999999,0.5,0.5000000000000001,2.0,2.0,plan-delta,2.0,1.0,0.3752866972477064,0.6247133027522935,1309,1568,0,2877,1.0,0.6411527124503265,0.0333475000079488,0.0001812838022615,0.0025957664854872,privacy_level,93a52d74b65180b689ce2065c1634321eeb3326491fa8d2d3403e46f2959e485,2.0,0.75,2.0,2.7229591194317955,2,2,0.375,0.0625,0.03125
full-identity-reference,oracle,oracle-assumption,full-identity-reference,5,db976d9d7f7d6e943af0e3ee8f179087dd7a2bd9b44d5d0fd02952516be6a04e,,2,4,1.0,0.75,0.5,0.75,0.5,0.75,0.744,0.5,False,0.5,0.4999999999999999,0.5,0.5000000000000001,1.0,1.0,plan-c,1.0,1.0,0.0,0.0,0,0,0,1000,1.0,1.2453578538484922,0.0421300000016344,0.0,0.0006145199636114,privacy_level,93a52d74b65180b689ce2065c1634321eeb3326491fa8d2d3403e46f2959e485,2.0,0.75,2.0,2.7229591194317955,2,2,0.375,0.0625,0.03125
non-private-reference,oracle,non-private,diagnostic,5,db976d9d7f7d6e943af0e3ee8f179087dd7a2bd9b44d5d0fd02952516be6a04e,,2,4,1.0,0.75,0.5,0.75,0.5,0.75,0.744,0.5,False,0.5,0.4999999999999999,0.5,0.5000000000000001,,,non-private,0.0,1.0,0.0,0.0,0,0,0,0,0.0,inf,0.0428462999989278,0.0007719797433812,0.0007719797433812,privacy_level,93a52d74b65180b689ce2065c1634321eeb3326491fa8d2d3403e46f2959e485,2.0,0.75,2.0,2.7229591194317955,2,2,0.375,0.0625,0.03125
naive-claimed-c,this-work,unsafe-diagnostic,diagnostic,5,db976d9d7f7d6e943af0e3ee8f179087dd7a2bd9b44d5d0fd02952516be6a04e,,2,4,1.0,0.75,0.5,0.75,0.5,0.75,0.744,0.5,False,0.5,0.4999999999999999,0.5,0.5000000000000001,,2.0,unsafe-diagnostic,1.0,1.0,0.3752866972477064,0.6247133027522935,1309,1568,0,2877,1.0,1.282305424900653,0.0331500000029336,0.0001812838022615,0.0007740051802629,privacy_level,93a52d74b65180b689ce2065c1634321eeb3326491fa8d2d3403e46f2959e485,2.0,0.75,2.0,2.7229591194317955,2,2,0.375,0.0625,0.03125
stable-local-fallback,this-work,user-certified,primary,6,db976d9d7f7d6e943af0e3ee8f179087dd7a2bd9b44d5d0fd02952516be6a04e,0.0,2,4,1.0,0.75,0.5,0.75,0.5,0.75,0.74,0.5,False,0.5,0.4999999999999999,0.5,0.5000000000000001,1.0,1.0,plan-c,1.0,1.0,0.0,1.0,0,1740,0,1740,1.0,0.7208889225129146,0.023072999989381,0.0004989666391475,0.0007400360094493,privacy_level,93a52d74b65180b689ce2065c1634321eeb3326491fa8d2d3403e46f2959e485,2.0,0.75,2.0,2.7229591194317955,2,2,0.375,0.0625,0.03125
handle-only-drop-residual,this-work,user-certified,primary,6,db976d9d7f7d6e943af0e3ee8f179087dd7a2bd9b44d5d0fd02952516be6a04e,1.0,2,4,1.0,0.75,0.5,0.75,0.5,0.75,0.74,0.5,False,0.5,0.4999999999999999,0.5,0.5000000000000001,1.0,1.0,plan-c,1.0,0.3781609195402299,0.3781609195402299,0.0,1316,0,0,1316,1.0,1.253121857552138,0.035354699997697,0.0003477443375569,0.0006363944325876,privacy_level,93a52d74b65180b689ce2065c1634321eeb3326491fa8d2d3403e46f2959e485,2.0,0.75,2.0,2.7229591194317955,2,2,0.375,0.0625,0.03125
unitscope-equal,this-work,user-certified,primary,6,db976d9d7f7d6e943af0e3ee8f179087dd7a2bd9b44d5d0fd02952516be6a04e,0.3333333333333333,2,4,1.0,0.75,0.5,0.75,0.5,0.75,0.74,0.5,False,0.5,0.4999999999999999,0.5,0.5000000000000001,1.0,1.0,plan-c,1.0,1.0,0.3781609195402299,0.6218390804597701,1316,1557,0,2873,1.0,0.7893063339499854,0.0340561999910278,0.0004596110884431,0.0007098055417988,privacy_level,93a52d74b65180b689ce2065c1634321eeb3326491fa8d2d3403e46f2959e485,2.0,0.75,2.0,2.7229591194317955,2,2,0.375,0.0625,0.03125
unitscope-tuned,this-work,user-certified,primary,6,db976d9d7f7d6e943af0e3ee8f179087dd7a2bd9b44d5d0fd02952516be6a04e,0.75,2,4,1.0,0.75,0.5,0.75,0.5,0.75,0.74,0.5,False,0.5,0.4999999999999999,0.5,0.5000000000000001,1.0,1.0,plan-c,1.0,1.0,0.3781609195402299,0.6218390804597701,1316,1557,0,2873,1.0,1.068231303343902,0.0350182999973185,0.0003615076651246,0.0006357368945272,privacy_level,93a52d74b65180b689ce2065c1634321eeb3326491fa8d2d3403e46f2959e485,2.0,0.75,2.0,2.7229591194317955,2,2,0.375,0.0625,0.03125
naive-recalibrated-2c,this-work,user-certified,primary,6,db976d9d7f7d6e943af0e3ee8f179087dd7a2bd9b44d5d0fd02952516be6a04e,,2,4,1.0,0.75,0.5,0.75,0.5,0.75,0.74,0.5,False,0.5,0.4999999999999999,0.5,0.5000000000000001,2.0,2.0,plan-delta,2.0,1.0,0.3781609195402299,0.6218390804597701,1316,1557,0,2873,1.0,0.8948004897475312,0.0339705000078538,0.0001249998971735,0.0015636294093165,privacy_level,93a52d74b65180b689ce2065c1634321eeb3326491fa8d2d3403e46f2959e485,2.0,0.75,2.0,2.7229591194317955,2,2,0.375,0.0625,0.03125
full-identity-reference,oracle,oracle-assumption,full-identity-reference,6,db976d9d7f7d6e943af0e3ee8f179087dd7a2bd9b44d5d0fd02952516be6a04e,,2,4,1.0,0.75,0.5,0.75,0.5,0.75,0.74,0.5,False,0.5,0.4999999999999999,0.5,0.5000000000000001,1.0,1.0,plan-c,1.0,1.0,0.0,0.0,0,0,0,1000,1.0,1.8493507927230413,0.0427605000004405,0.0,0.0003811328689691,privacy_level,93a52d74b65180b689ce2065c1634321eeb3326491fa8d2d3403e46f2959e485,2.0,0.75,2.0,2.7229591194317955,2,2,0.375,0.0625,0.03125
non-private-reference,oracle,non-private,diagnostic,6,db976d9d7f7d6e943af0e3ee8f179087dd7a2bd9b44d5d0fd02952516be6a04e,,2,4,1.0,0.75,0.5,0.75,0.5,0.75,0.74,0.5,False,0.5,0.4999999999999999,0.5,0.5000000000000001,,,non-private,0.0,1.0,0.0,0.0,0,0,0,0,0.0,inf,0.0191869999980554,0.0010544449245296,0.0010544449245296,privacy_level,93a52d74b65180b689ce2065c1634321eeb3326491fa8d2d3403e46f2959e485,2.0,0.75,2.0,2.7229591194317955,2,2,0.375,0.0625,0.03125
naive-claimed-c,this-work,unsafe-diagnostic,diagnostic,6,db976d9d7f7d6e943af0e3ee8f179087dd7a2bd9b44d5d0fd02952516be6a04e,,2,4,1.0,0.75,0.5,0.75,0.5,0.75,0.74,0.5,False,0.5,0.4999999999999999,0.5,0.5000000000000001,,2.0,unsafe-diagnostic,1.0,1.0,0.3781609195402299,0.6218390804597701,1316,1557,0,2873,1.0,1.7896009794950625,0.0325146999966818,0.0001249998971735,0.0004631817842758,privacy_level,93a52d74b65180b689ce2065c1634321eeb3326491fa8d2d3403e46f2959e485,2.0,0.75,2.0,2.7229591194317955,2,2,0.375,0.0625,0.03125
stable-local-fallback,this-work,user-certified,primary,7,db976d9d7f7d6e943af0e3ee8f179087dd7a2bd9b44d5d0fd02952516be6a04e,0.0,2,4,1.0,0.75,0.5,0.75,0.5,0.75,0.753,0.5,False,0.5,0.4999999999999999,0.5,0.5000000000000001,1.0,1.0,plan-c,1.0,1.0,0.0,1.0,0,1753,0,1753,1.0,0.5711443889111203,0.0233045000059064,0.0003381180013309,0.000846717152736,privacy_level,93a52d74b65180b689ce2065c1634321eeb3326491fa8d2d3403e46f2959e485,2.0,0.75,2.0,2.7229591194317955,2,2,0.375,0.0625,0.03125
handle-only-drop-residual,this-work,user-certified,primary,7,db976d9d7f7d6e943af0e3ee8f179087dd7a2bd9b44d5d0fd02952516be6a04e,1.0,2,4,1.0,0.75,0.5,0.75,0.5,0.75,0.753,0.5,False,0.5,0.4999999999999999,0.5,0.5000000000000001,1.0,1.0,plan-c,1.0,0.372219053051911,0.372219053051911,0.0,1305,0,0,1305,1.0,1.0034215031511569,0.0711520000040764,0.0003114125743416,0.0009520879021282,privacy_level,93a52d74b65180b689ce2065c1634321eeb3326491fa8d2d3403e46f2959e485,2.0,0.75,2.0,2.7229591194317955,2,2,0.375,0.0625,0.03125
unitscope-equal,this-work,user-certified,primary,7,db976d9d7f7d6e943af0e3ee8f179087dd7a2bd9b44d5d0fd02952516be6a04e,0.3333333333333333,2,4,1.0,0.75,0.5,0.75,0.5,0.75,0.753,0.5,False,0.5,0.4999999999999999,0.5,0.5000000000000001,1.0,1.0,plan-c,1.0,1.0,0.372219053051911,0.627780946948089,1305,1559,0,2864,1.0,0.6281066165073331,0.038798300010967,0.0003252741588427,0.0008643037795948,privacy_level,93a52d74b65180b689ce2065c1634321eeb3326491fa8d2d3403e46f2959e485,2.0,0.75,2.0,2.7229591194317955,2,2,0.375,0.0625,0.03125
unitscope-tuned,this-work,user-certified,primary,7,db976d9d7f7d6e943af0e3ee8f179087dd7a2bd9b44d5d0fd02952516be6a04e,0.75,2,4,1.0,0.75,0.5,0.75,0.5,0.75,0.753,0.5,False,0.5,0.4999999999999999,0.5,0.5000000000000001,1.0,1.0,plan-c,1.0,1.0,0.372219053051911,0.627780946948089,1305,1559,0,2864,1.0,0.8517961614200483,0.0381710999936331,0.000294354845657,0.0008969130333057,privacy_level,93a52d74b65180b689ce2065c1634321eeb3326491fa8d2d3403e46f2959e485,2.0,0.75,2.0,2.7229591194317955,2,2,0.375,0.0625,0.03125
naive-recalibrated-2c,this-work,user-certified,primary,7,db976d9d7f7d6e943af0e3ee8f179087dd7a2bd9b44d5d0fd02952516be6a04e,,2,4,1.0,0.75,0.5,0.75,0.5,0.75,0.753,0.5,False,0.5,0.4999999999999999,0.5,0.5000000000000001,2.0,2.0,plan-delta,2.0,1.0,0.372219053051911,0.627780946948089,1305,1559,0,2864,1.0,0.7115228366022713,0.0339163000026019,0.000157089083367,0.0021917378579657,privacy_level,93a52d74b65180b689ce2065c1634321eeb3326491fa8d2d3403e46f2959e485,2.0,0.75,2.0,2.7229591194317955,2,2,0.375,0.0625,0.03125
full-identity-reference,oracle,oracle-assumption,full-identity-reference,7,db976d9d7f7d6e943af0e3ee8f179087dd7a2bd9b44d5d0fd02952516be6a04e,,2,4,1.0,0.75,0.5,0.75,0.5,0.75,0.753,0.5,False,0.5,0.4999999999999999,0.5,0.5000000000000001,1.0,1.0,plan-c,1.0,1.0,0.0,0.0,0,0,0,1000,1.0,1.4350735026977282,0.0413950000074692,0.0,0.000430715771581,privacy_level,93a52d74b65180b689ce2065c1634321eeb3326491fa8d2d3403e46f2959e485,2.0,0.75,2.0,2.7229591194317955,2,2,0.375,0.0625,0.03125
non-private-reference,oracle,non-private,diagnostic,7,db976d9d7f7d6e943af0e3ee8f179087dd7a2bd9b44d5d0fd02952516be6a04e,,2,4,1.0,0.75,0.5,0.75,0.5,0.75,0.753,0.5,False,0.5,0.4999999999999999,0.5,0.5000000000000001,,,non-private,0.0,1.0,0.0,0.0,0,0,0,0,0.0,inf,0.0191414000000804,0.0008150035796582,0.0008150035796582,privacy_level,93a52d74b65180b689ce2065c1634321eeb3326491fa8d2d3403e46f2959e485,2.0,0.75,2.0,2.7229591194317955,2,2,0.375,0.0625,0.03125
naive-claimed-c,this-work,unsafe-diagnostic,diagnostic,7,db976d9d7f7d6e943af0e3ee8f179087dd7a2bd9b44d5d0fd02952516be6a04e,,2,4,1.0,0.75,0.5,0.75,0.5,0.75,0.753,0.5,False,0.5,0.4999999999999999,0.5,0.5000000000000001,,2.0,unsafe-diagnostic,1.0,1.0,0.372219053051911,0.627780946948089,1305,1559,0,2864,1.0,1.423045673204543,0.0320301000028848,0.000157089083367,0.0007436976990853,privacy_level,93a52d74b65180b689ce2065c1634321eeb3326491fa8d2d3403e46f2959e485,2.0,0.75,2.0,2.7229591194317955,2,2,0.375,0.0625,0.03125
stable-local-fallback,this-work,user-certified,primary,8,db976d9d7f7d6e943af0e3ee8f179087dd7a2bd9b44d5d0fd02952516be6a04e,0.0,2,4,1.0,0.75,0.5,0.75,0.5,0.75,0.74,0.5,False,0.5,0.4999999999999999,0.5,0.5000000000000001,1.0,1.0,plan-c,1.0,1.0,0.0,1.0,0,1740,0,1740,1.0,0.6537368777973962,0.0232557999988785,0.0004802408991836,0.0014299139598689,privacy_level,93a52d74b65180b689ce2065c1634321eeb3326491fa8d2d3403e46f2959e485,2.0,0.75,2.0,2.7229591194317955,2,2,0.375,0.0625,0.03125
handle-only-drop-residual,this-work,user-certified,primary,8,db976d9d7f7d6e943af0e3ee8f179087dd7a2bd9b44d5d0fd02952516be6a04e,1.0,2,4,1.0,0.75,0.5,0.75,0.5,0.75,0.74,0.5,False,0.5,0.4999999999999999,0.5,0.5000000000000001,1.0,1.0,plan-c,1.0,0.3747126436781609,0.3747126436781609,0.0,1304,0,0,1304,1.0,1.256599932480447,0.0325388000055681,0.0002538776836328,0.001056451365781,privacy_level,93a52d74b65180b689ce2065c1634321eeb3326491fa8d2d3403e46f2959e485,2.0,0.75,2.0,2.7229591194317955,2,2,0.375,0.0625,0.03125
unitscope-equal,this-work,user-certified,primary,8,db976d9d7f7d6e943af0e3ee8f179087dd7a2bd9b44d5d0fd02952516be6a04e,0.3333333333333333,2,4,1.0,0.75,0.5,0.75,0.5,0.75,0.74,0.5,False,0.5,0.4999999999999999,0.5,0.5000000000000001,1.0,1.0,plan-c,1.0,1.0,0.3747126436781609,0.6252873563218391,1304,1545,0,2849,1.0,0.7682388225291312,0.0360632999945664,0.000393762300136,0.0013318089239875,privacy_level,93a52d74b65180b689ce2065c1634321eeb3326491fa8d2d3403e46f2959e485,2.0,0.75,2.0,2.7229591194317955,2,2,0.375,0.0625,0.03125
unitscope-tuned,this-work,user-certified,primary,8,db976d9d7f7d6e943af0e3ee8f179087dd7a2bd9b44d5d0fd02952516be6a04e,0.75,2,4,1.0,0.75,0.5,0.75,0.5,0.75,0.74,0.5,False,0.5,0.4999999999999999,0.5,0.5000000000000001,1.0,1.0,plan-c,1.0,1.0,0.3747126436781609,0.6252873563218391,1304,1545,0,2849,1.0,1.066107577121834,0.0342385999974794,0.0002687791386693,0.0011221551739563,privacy_level,93a52d74b65180b689ce2065c1634321eeb3326491fa8d2d3403e46f2959e485,2.0,0.75,2.0,2.7229591194317955,2,2,0.375,0.0625,0.03125
naive-recalibrated-2c,this-work,user-certified,primary,8,db976d9d7f7d6e943af0e3ee8f179087dd7a2bd9b44d5d0fd02952516be6a04e,,2,4,1.0,0.75,0.5,0.75,0.5,0.75,0.74,0.5,False,0.5,0.4999999999999999,0.5,0.5000000000000001,2.0,2.0,plan-delta,2.0,1.0,0.3747126436781609,0.6252873563218391,1304,1545,0,2849,1.0,0.8832289312620084,0.0333257000020239,0.000138125567548,0.0023199227808169,privacy_level,93a52d74b65180b689ce2065c1634321eeb3326491fa8d2d3403e46f2959e485,2.0,0.75,2.0,2.7229591194317955,2,2,0.375,0.0625,0.03125
full-identity-reference,oracle,oracle-assumption,full-identity-reference,8,db976d9d7f7d6e943af0e3ee8f179087dd7a2bd9b44d5d0fd02952516be6a04e,,2,4,1.0,0.75,0.5,0.75,0.5,0.75,0.74,0.5,False,0.5,0.4999999999999999,0.5,0.5000000000000001,1.0,1.0,plan-c,1.0,1.0,0.0,0.0,0,0,0,1000,1.0,1.597155115881494,0.041238500009058,0.0,0.0005242343442101,privacy_level,93a52d74b65180b689ce2065c1634321eeb3326491fa8d2d3403e46f2959e485,2.0,0.75,2.0,2.7229591194317955,2,2,0.375,0.0625,0.03125
non-private-reference,oracle,non-private,diagnostic,8,db976d9d7f7d6e943af0e3ee8f179087dd7a2bd9b44d5d0fd02952516be6a04e,,2,4,1.0,0.75,0.5,0.75,0.5,0.75,0.74,0.5,False,0.5,0.4999999999999999,0.5,0.5000000000000001,,,non-private,0.0,1.0,0.0,0.0,0,0,0,0,0.0,inf,0.0414222999970661,0.0013100686235273,0.0013100686235273,privacy_level,93a52d74b65180b689ce2065c1634321eeb3326491fa8d2d3403e46f2959e485,2.0,0.75,2.0,2.7229591194317955,2,2,0.375,0.0625,0.03125
naive-claimed-c,this-work,unsafe-diagnostic,diagnostic,8,db976d9d7f7d6e943af0e3ee8f179087dd7a2bd9b44d5d0fd02952516be6a04e,,2,4,1.0,0.75,0.5,0.75,0.5,0.75,0.74,0.5,False,0.5,0.4999999999999999,0.5,0.5000000000000001,,2.0,unsafe-diagnostic,1.0,1.0,0.3747126436781609,0.6252873563218391,1304,1545,0,2849,1.0,1.7664578625240168,0.0332678999984636,0.000138125567548,0.0007047898299723,privacy_level,93a52d74b65180b689ce2065c1634321eeb3326491fa8d2d3403e46f2959e485,2.0,0.75,2.0,2.7229591194317955,2,2,0.375,0.0625,0.03125
stable-local-fallback,this-work,user-certified,primary,9,db976d9d7f7d6e943af0e3ee8f179087dd7a2bd9b44d5d0fd02952516be6a04e,0.0,2,4,1.0,0.75,0.5,0.75,0.5,0.75,0.727,0.5,False,0.5,0.4999999999999999,0.5,0.5000000000000001,1.0,1.0,plan-c,1.0,1.0,0.0,1.0,0,1727,0,1727,1.0,0.6081579118751372,0.022800399994594,0.0003542774961372,0.0007875441264295,privacy_level,93a52d74b65180b689ce2065c1634321eeb3326491fa8d2d3403e46f2959e485,2.0,0.75,2.0,2.7229591194317955,2,2,0.375,0.0625,0.03125
handle-only-drop-residual,this-work,user-certified,primary,9,db976d9d7f7d6e943af0e3ee8f179087dd7a2bd9b44d5d0fd02952516be6a04e,1.0,2,4,1.0,0.75,0.5,0.75,0.5,0.75,0.727,0.5,False,0.5,0.4999999999999999,0.5,0.5000000000000001,1.0,1.0,plan-c,1.0,0.3755066589461494,0.3755066589461494,0.0,1297,0,0,1297,1.0,1.1018121586238807,0.0314075999922351,0.0004088078141732,0.0008820160730705,privacy_level,93a52d74b65180b689ce2065c1634321eeb3326491fa8d2d3403e46f2959e485,2.0,0.75,2.0,2.7229591194317955,2,2,0.375,0.0625,0.03125
unitscope-equal,this-work,user-certified,primary,9,db976d9d7f7d6e943af0e3ee8f179087dd7a2bd9b44d5d0fd02952516be6a04e,0.3333333333333333,2,4,1.0,0.75,0.5,0.75,0.5,0.75,0.727,0.5,False,0.5,0.4999999999999999,0.5,0.5000000000000001,1.0,1.0,plan-c,1.0,1.0,0.3755066589461494,0.6244933410538506,1297,1540,0,2837,1.0,0.6752525965145368,0.0338925000105518,0.0003392358068723,0.000772990203378,privacy_level,93a52d74b65180b689ce2065c1634321eeb3326491fa8d2d3403e46f2959e485,2.0,0.75,2.0,2.7229591194317955,2,2,0.375,0.0625,0.03125
unitscope-tuned,this-work,user-certified,primary,9,db976d9d7f7d6e943af0e3ee8f179087dd7a2bd9b44d5d0fd02952516be6a04e,0.75,2,4,1.0,0.75,0.5,0.75,0.5,0.75,0.727,0.5,False,0.5,0.4999999999999999,0.5,0.5000000000000001,1.0,1.0,plan-c,1.0,1.0,0.3755066589461494,0.6244933410538506,1297,1540,0,2837,1.0,0.924545512389908,0.0345524999866029,0.0003533169943073,0.0008117300548078,privacy_level,93a52d74b65180b689ce2065c1634321eeb3326491fa8d2d3403e46f2959e485,2.0,0.75,2.0,2.7229591194317955,2,2,0.375,0.0625,0.03125
naive-recalibrated-2c,this-work,user-certified,primary,9,db976d9d7f7d6e943af0e3ee8f179087dd7a2bd9b44d5d0fd02952516be6a04e,,2,4,1.0,0.75,0.5,0.75,0.5,0.75,0.727,0.5,False,0.5,0.4999999999999999,0.5,0.5000000000000001,2.0,2.0,plan-delta,2.0,1.0,0.3755066589461494,0.6244933410538506,1297,1540,0,2837,1.0,0.7651893533343435,0.0358579000021563,0.0001973322068933,0.0018688812763601,privacy_level,93a52d74b65180b689ce2065c1634321eeb3326491fa8d2d3403e46f2959e485,2.0,0.75,2.0,2.7229591194317955,2,2,0.375,0.0625,0.03125
full-identity-reference,oracle,oracle-assumption,full-identity-reference,9,db976d9d7f7d6e943af0e3ee8f179087dd7a2bd9b44d5d0fd02952516be6a04e,,2,4,1.0,0.75,0.5,0.75,0.5,0.75,0.727,0.5,False,0.5,0.4999999999999999,0.5,0.5000000000000001,1.0,1.0,plan-c,1.0,1.0,0.0,0.0,0,0,0,1000,1.0,1.5382639065416663,0.0421707999921636,0.0,0.0003922966572979,privacy_level,93a52d74b65180b689ce2065c1634321eeb3326491fa8d2d3403e46f2959e485,2.0,0.75,2.0,2.7229591194317955,2,2,0.375,0.0625,0.03125
non-private-reference,oracle,non-private,diagnostic,9,db976d9d7f7d6e943af0e3ee8f179087dd7a2bd9b44d5d0fd02952516be6a04e,,2,4,1.0,0.75,0.5,0.75,0.5,0.75,0.727,0.5,False,0.5,0.4999999999999999,0.5,0.5000000000000001,,,non-private,0.0,1.0,0.0,0.0,0,0,0,0,0.0,inf,0.0196126999944681,0.0008195914157725,0.0008195914157725,privacy_level,93a52d74b65180b689ce2065c1634321eeb3326491fa8d2d3403e46f2959e485,2.0,0.75,2.0,2.7229591194317955,2,2,0.375,0.0625,0.03125
naive-claimed-c,this-work,unsafe-diagnostic,diagnostic,9,db976d9d7f7d6e943af0e3ee8f179087dd7a2bd9b44d5d0fd02952516be6a04e,,2,4,1.0,0.75,0.5,0.75,0.5,0.75,0.727,0.5,False,0.5,0.4999999999999999,0.5,0.5000000000000001,,2.0,unsafe-diagnostic,1.0,1.0,0.3755066589461494,0.6244933410538506,1297,1540,0,2837,1.0,1.530378706668687,0.032024400003138,0.0001973322068933,0.0006408100843287,privacy_level,93a52d74b65180b689ce2065c1634321eeb3326491fa8d2d3403e46f2959e485,2.0,0.75,2.0,2.7229591194317955,2,2,0.375,0.0625,0.03125
stable-local-fallback,this-work,user-certified,primary,0,27b3f4e81201acedc9e59eec6ff20a869ad992378a99e63871c2a9b46b46dd66,0.0,2,4,1.0,0.75,0.5,0.75,0.5,0.75,0.753,0.5,False,0.5,0.4999999999999999,0.5,0.5000000000000001,1.0,1.0,plan-c,1.0,1.0,0.0,1.0,0,1753,0,1753,1.0,1.0898728911053264,0.050403199988068,0.0005048202526941,0.0006945690343457,privacy_level,b45eaec2ec6f6a1f66a48fca8553172df70d159aa74d7d95a343b96eefe4b0d7,4.0,0.75,4.0,1.4049865329972953,2,2,0.375,0.0625,0.03125
handle-only-drop-residual,this-work,user-certified,primary,0,27b3f4e81201acedc9e59eec6ff20a869ad992378a99e63871c2a9b46b46dd66,1.0,2,4,1.0,0.75,0.5,0.75,0.5,0.75,0.753,0.5,False,0.5,0.4999999999999999,0.5,0.5000000000000001,1.0,1.0,plan-c,1.0,0.376782658300057,0.376782658300057,0.0,1321,0,0,1321,1.0,2.015242669019216,0.0347871999983908,0.0003747781612295,0.0005510179236522,privacy_level,b45eaec2ec6f6a1f66a48fca8553172df70d159aa74d7d95a343b96eefe4b0d7,4.0,0.75,4.0,1.4049865329972953,2,2,0.375,0.0625,0.03125
unitscope-equal,this-work,user-certified,primary,0,27b3f4e81201acedc9e59eec6ff20a869ad992378a99e63871c2a9b46b46dd66,0.3333333333333333,2,4,1.0,0.75,0.5,0.75,0.5,0.75,0.753,0.5,False,0.5,0.4999999999999999,0.5,0.5000000000000001,1.0,1.0,plan-c,1.0,1.0,0.376782658300057,0.6232173416999429,1321,1551,0,2872,1.0,1.241487997837087,0.0339340999926207,0.0004535183566532,0.0006342149818825,privacy_level,b45eaec2ec6f6a1f66a48fca8553172df70d159aa74d7d95a343b96eefe4b0d7,4.0,0.75,4.0,1.4049865329972953,2,2,0.375,0.0625,0.03125
unitscope-tuned,this-work,user-certified,primary,0,27b3f4e81201acedc9e59eec6ff20a869ad992378a99e63871c2a9b46b46dd66,0.75,2,4,1.0,0.75,0.5,0.75,0.5,0.75,0.753,0.5,False,0.5,0.4999999999999999,0.5,0.5000000000000001,1.0,1.0,plan-c,1.0,1.0,0.376782658300057,0.6232173416999429,1321,1551,0,2872,1.0,1.706371709981414,0.0343660000071395,0.0003721267909254,0.0005500378769006,privacy_level,b45eaec2ec6f6a1f66a48fca8553172df70d159aa74d7d95a343b96eefe4b0d7,4.0,0.75,4.0,1.4049865329972953,2,2,0.375,0.0625,0.03125
naive-recalibrated-2c,this-work,user-certified,primary,0,27b3f4e81201acedc9e59eec6ff20a869ad992378a99e63871c2a9b46b46dd66,,2,4,1.0,0.75,0.5,0.75,0.5,0.75,0.753,0.5,False,0.5,0.4999999999999999,0.5,0.5000000000000001,2.0,2.0,plan-delta,2.0,1.0,0.376782658300057,0.6232173416999429,1321,1551,0,2872,1.0,1.4169136806062272,0.0340186999965226,0.0001736388342987,0.0008237542305574,privacy_level,b45eaec2ec6f6a1f66a48fca8553172df70d159aa74d7d95a343b96eefe4b0d7,4.0,0.75,4.0,1.4049865329972953,2,2,0.375,0.0625,0.03125
full-identity-reference,oracle,oracle-assumption,full-identity-reference,0,27b3f4e81201acedc9e59eec6ff20a869ad992378a99e63871c2a9b46b46dd66,,2,4,1.0,0.75,0.5,0.75,0.5,0.75,0.753,0.5,False,0.5,0.4999999999999999,0.5,0.5000000000000001,1.0,1.0,plan-c,1.0,1.0,0.0,0.0,0,0,0,1000,1.0,2.845933546778437,0.0421657999977469,0.0,0.0001573295208183,privacy_level,b45eaec2ec6f6a1f66a48fca8553172df70d159aa74d7d95a343b96eefe4b0d7,4.0,0.75,4.0,1.4049865329972953,2,2,0.375,0.0625,0.03125
non-private-reference,oracle,non-private,diagnostic,0,27b3f4e81201acedc9e59eec6ff20a869ad992378a99e63871c2a9b46b46dd66,,2,4,1.0,0.75,0.5,0.75,0.5,0.75,0.753,0.5,False,0.5,0.4999999999999999,0.5,0.5000000000000001,,,non-private,0.0,1.0,0.0,0.0,0,0,0,0,0.0,inf,0.0209412999975029,0.0009896145859756,0.0009896145859756,privacy_level,b45eaec2ec6f6a1f66a48fca8553172df70d159aa74d7d95a343b96eefe4b0d7,4.0,0.75,4.0,1.4049865329972953,2,2,0.375,0.0625,0.03125
naive-claimed-c,this-work,unsafe-diagnostic,diagnostic,0,27b3f4e81201acedc9e59eec6ff20a869ad992378a99e63871c2a9b46b46dd66,,2,4,1.0,0.75,0.5,0.75,0.5,0.75,0.753,0.5,False,0.5,0.4999999999999999,0.5,0.5000000000000001,,2.0,unsafe-diagnostic,1.0,1.0,0.376782658300057,0.6232173416999429,1321,1551,0,2872,1.0,2.8338273612124545,0.0329736000130651,0.0001736388342987,0.0003413670116097,privacy_level,b45eaec2ec6f6a1f66a48fca8553172df70d159aa74d7d95a343b96eefe4b0d7,4.0,0.75,4.0,1.4049865329972953,2,2,0.375,0.0625,0.03125
stable-local-fallback,this-work,user-certified,primary,1,27b3f4e81201acedc9e59eec6ff20a869ad992378a99e63871c2a9b46b46dd66,0.0,2,4,1.0,0.75,0.5,0.75,0.5,0.75,0.747,0.5,False,0.5,0.4999999999999999,0.5,0.5000000000000001,1.0,1.0,plan-c,1.0,1.0,0.0,1.0,0,1747,0,1747,1.0,1.139742240610594,0.0225136000080965,0.0004152697789505,0.0005603816256217,privacy_level,b45eaec2ec6f6a1f66a48fca8553172df70d159aa74d7d95a343b96eefe4b0d7,4.0,0.75,4.0,1.4049865329972953,2,2,0.375,0.0625,0.03125
handle-only-drop-residual,this-work,user-certified,primary,1,27b3f4e81201acedc9e59eec6ff20a869ad992378a99e63871c2a9b46b46dd66,1.0,2,4,1.0,0.75,0.5,0.75,0.5,0.75,0.747,0.5,False,0.5,0.4999999999999999,0.5,0.5000000000000001,1.0,1.0,plan-c,1.0,0.3777904979965655,0.3777904979965655,0.0,1320,0,0,1320,1.0,2.137519272127824,0.0317080999957397,0.0004679587074854,0.0006583812198735,privacy_level,b45eaec2ec6f6a1f66a48fca8553172df70d159aa74d7d95a343b96eefe4b0d7,4.0,0.75,4.0,1.4049865329972953,2,2,0.375,0.0625,0.03125
unitscope-equal,this-work,user-certified,primary,1,27b3f4e81201acedc9e59eec6ff20a869ad992378a99e63871c2a9b46b46dd66,0.3333333333333333,2,4,1.0,0.75,0.5,0.75,0.5,0.75,0.747,0.5,False,0.5,0.4999999999999999,0.5,0.5000000000000001,1.0,1.0,plan-c,1.0,1.0,0.3777904979965655,0.6222095020034345,1320,1540,0,2860,1.0,1.326193780539206,0.0314385000092443,0.0003831231369737,0.0005378632740058,privacy_level,b45eaec2ec6f6a1f66a48fca8553172df70d159aa74d7d95a343b96eefe4b0d7,4.0,0.75,4.0,1.4049865329972953,2,2,0.375,0.0625,0.03125
unitscope-tuned,this-work,user-certified,primary,1,27b3f4e81201acedc9e59eec6ff20a869ad992378a99e63871c2a9b46b46dd66,0.75,2,4,1.0,0.75,0.5,0.75,0.5,0.75,0.747,0.5,False,0.5,0.4999999999999999,0.5,0.5000000000000001,1.0,1.0,plan-c,1.0,1.0,0.3777904979965655,0.6222095020034345,1320,1540,0,2860,1.0,1.797867419411386,0.0316672000044491,0.0004035711563516,0.0005806127779812,privacy_level,b45eaec2ec6f6a1f66a48fca8553172df70d159aa74d7d95a343b96eefe4b0d7,4.0,0.75,4.0,1.4049865329972953,2,2,0.375,0.0625,0.03125
naive-recalibrated-2c,this-work,user-certified,primary,1,27b3f4e81201acedc9e59eec6ff20a869ad992378a99e63871c2a9b46b46dd66,,2,4,1.0,0.75,0.5,0.75,0.5,0.75,0.747,0.5,False,0.5,0.4999999999999999,0.5,0.5000000000000001,2.0,2.0,plan-delta,2.0,1.0,0.3777904979965655,0.6222095020034345,1320,1540,0,2860,1.0,1.4950150906056738,0.0510147999884793,0.0002253857853453,0.0008058577928324,privacy_level,b45eaec2ec6f6a1f66a48fca8553172df70d159aa74d7d95a343b96eefe4b0d7,4.0,0.75,4.0,1.4049865329972953,2,2,0.375,0.0625,0.03125
full-identity-reference,oracle,oracle-assumption,full-identity-reference,1,27b3f4e81201acedc9e59eec6ff20a869ad992378a99e63871c2a9b46b46dd66,,2,4,1.0,0.75,0.5,0.75,0.5,0.75,0.747,0.5,False,0.5,0.4999999999999999,0.5,0.5000000000000001,1.0,1.0,plan-c,1.0,1.0,0.0,0.0,0,0,0,1000,1.0,3.013655042725201,0.0405610000016167,0.0,0.0001151696105378,privacy_level,b45eaec2ec6f6a1f66a48fca8553172df70d159aa74d7d95a343b96eefe4b0d7,4.0,0.75,4.0,1.4049865329972953,2,2,0.375,0.0625,0.03125
non-private-reference,oracle,non-private,diagnostic,1,27b3f4e81201acedc9e59eec6ff20a869ad992378a99e63871c2a9b46b46dd66,,2,4,1.0,0.75,0.5,0.75,0.5,0.75,0.747,0.5,False,0.5,0.4999999999999999,0.5,0.5000000000000001,,,non-private,0.0,1.0,0.0,0.0,0,0,0,0,0.0,inf,0.0201669000089168,0.0007473834350982,0.0007473834350982,privacy_level,b45eaec2ec6f6a1f66a48fca8553172df70d159aa74d7d95a343b96eefe4b0d7,4.0,0.75,4.0,1.4049865329972953,2,2,0.375,0.0625,0.03125
naive-claimed-c,this-work,unsafe-diagnostic,diagnostic,1,27b3f4e81201acedc9e59eec6ff20a869ad992378a99e63871c2a9b46b46dd66,,2,4,1.0,0.75,0.5,0.75,0.5,0.75,0.747,0.5,False,0.5,0.4999999999999999,0.5,0.5000000000000001,,2.0,unsafe-diagnostic,1.0,1.0,0.3777904979965655,0.6222095020034345,1320,1540,0,2860,1.0,2.990030181211348,0.0321072999940952,0.0002253857853453,0.000400452178551,privacy_level,b45eaec2ec6f6a1f66a48fca8553172df70d159aa74d7d95a343b96eefe4b0d7,4.0,0.75,4.0,1.4049865329972953,2,2,0.375,0.0625,0.03125
stable-local-fallback,this-work,user-certified,primary,2,27b3f4e81201acedc9e59eec6ff20a869ad992378a99e63871c2a9b46b46dd66,0.0,2,4,1.0,0.75,0.5,0.75,0.5,0.75,0.747,0.5,False,0.5,0.4999999999999999,0.5,0.5000000000000001,1.0,1.0,plan-c,1.0,1.0,0.0,1.0,0,1747,0,1747,1.0,1.0994904940273251,0.0247856000059982,0.0003645480850939,0.0005887997067352,privacy_level,b45eaec2ec6f6a1f66a48fca8553172df70d159aa74d7d95a343b96eefe4b0d7,4.0,0.75,4.0,1.4049865329972953,2,2,0.375,0.0625,0.03125
handle-only-drop-residual,this-work,user-certified,primary,2,27b3f4e81201acedc9e59eec6ff20a869ad992378a99e63871c2a9b46b46dd66,1.0,2,4,1.0,0.75,0.5,0.75,0.5,0.75,0.747,0.5,False,0.5,0.4999999999999999,0.5,0.5000000000000001,1.0,1.0,plan-c,1.0,0.3737836290784201,0.3737836290784201,0.0,1306,0,0,1306,1.0,1.8985331163296135,0.0358415999944554,0.0003826957206673,0.0005933147989062,privacy_level,b45eaec2ec6f6a1f66a48fca8553172df70d159aa74d7d95a343b96eefe4b0d7,4.0,0.75,4.0,1.4049865329972953,2,2,0.375,0.0625,0.03125
unitscope-equal,this-work,user-certified,primary,2,27b3f4e81201acedc9e59eec6ff20a869ad992378a99e63871c2a9b46b46dd66,0.3333333333333333,2,4,1.0,0.75,0.5,0.75,0.5,0.75,0.747,0.5,False,0.5,0.4999999999999999,0.5,0.5000000000000001,1.0,1.0,plan-c,1.0,1.0,0.3737836290784201,0.6262163709215799,1306,1579,0,2885,1.0,1.211463087893003,0.0355760999955236,0.0003481492155663,0.0005763626336652,privacy_level,b45eaec2ec6f6a1f66a48fca8553172df70d159aa74d7d95a343b96eefe4b0d7,4.0,0.75,4.0,1.4049865329972953,2,2,0.375,0.0625,0.03125
unitscope-tuned,this-work,user-certified,primary,2,27b3f4e81201acedc9e59eec6ff20a869ad992378a99e63871c2a9b46b46dd66,0.75,2,4,1.0,0.75,0.5,0.75,0.5,0.75,0.747,0.5,False,0.5,0.4999999999999999,0.5,0.5000000000000001,1.0,1.0,plan-c,1.0,1.0,0.3737836290784201,0.6262163709215799,1306,1579,0,2885,1.0,1.6153766000024787,0.0365985000098589,0.000345354836589,0.0005625717922753,privacy_level,b45eaec2ec6f6a1f66a48fca8553172df70d159aa74d7d95a343b96eefe4b0d7,4.0,0.75,4.0,1.4049865329972953,2,2,0.375,0.0625,0.03125
naive-recalibrated-2c,this-work,user-certified,primary,2,27b3f4e81201acedc9e59eec6ff20a869ad992378a99e63871c2a9b46b46dd66,,2,4,1.0,0.75,0.5,0.75,0.5,0.75,0.747,0.5,False,0.5,0.4999999999999999,0.5,0.5000000000000001,2.0,2.0,plan-delta,2.0,1.0,0.3737836290784201,0.6262163709215799,1306,1579,0,2885,1.0,1.3590016612998153,0.035144699999364,0.0001814991695141,0.0007392126824942,privacy_level,b45eaec2ec6f6a1f66a48fca8553172df70d159aa74d7d95a343b96eefe4b0d7,4.0,0.75,4.0,1.4049865329972953,2,2,0.375,0.0625,0.03125
full-identity-reference,oracle,oracle-assumption,full-identity-reference,2,27b3f4e81201acedc9e59eec6ff20a869ad992378a99e63871c2a9b46b46dd66,,2,4,1.0,0.75,0.5,0.75,0.5,0.75,0.747,0.5,False,0.5,0.4999999999999999,0.5,0.5000000000000001,1.0,1.0,plan-c,1.0,1.0,0.0,0.0,0,0,0,1000,1.0,2.758621821724688,0.0424920999939786,0.0,0.0001259006348346,privacy_level,b45eaec2ec6f6a1f66a48fca8553172df70d159aa74d7d95a343b96eefe4b0d7,4.0,0.75,4.0,1.4049865329972953,2,2,0.375,0.0625,0.03125
non-private-reference,oracle,non-private,diagnostic,2,27b3f4e81201acedc9e59eec6ff20a869ad992378a99e63871c2a9b46b46dd66,,2,4,1.0,0.75,0.5,0.75,0.5,0.75,0.747,0.5,False,0.5,0.4999999999999999,0.5,0.5000000000000001,,,non-private,0.0,1.0,0.0,0.0,0,0,0,0,0.0,inf,0.0188709999929415,0.0008851428222059,0.0008851428222059,privacy_level,b45eaec2ec6f6a1f66a48fca8553172df70d159aa74d7d95a343b96eefe4b0d7,4.0,0.75,4.0,1.4049865329972953,2,2,0.375,0.0625,0.03125
naive-claimed-c,this-work,unsafe-diagnostic,diagnostic,2,27b3f4e81201acedc9e59eec6ff20a869ad992378a99e63871c2a9b46b46dd66,,2,4,1.0,0.75,0.5,0.75,0.5,0.75,0.747,0.5,False,0.5,0.4999999999999999,0.5,0.5000000000000001,,2.0,unsafe-diagnostic,1.0,1.0,0.3737836290784201,0.6262163709215799,1306,1579,0,2885,1.0,2.7180033225996305,0.0314739999885205,0.0001814991695141,0.0003344552911695,privacy_level,b45eaec2ec6f6a1f66a48fca8553172df70d159aa74d7d95a343b96eefe4b0d7,4.0,0.75,4.0,1.4049865329972953,2,2,0.375,0.0625,0.03125
stable-local-fallback,this-work,user-certified,primary,3,27b3f4e81201acedc9e59eec6ff20a869ad992378a99e63871c2a9b46b46dd66,0.0,2,4,1.0,0.75,0.5,0.75,0.5,0.75,0.741,0.5,False,0.5,0.4999999999999999,0.5,0.5000000000000001,1.0,1.0,plan-c,1.0,1.0,0.0,1.0,0,1741,0,1741,1.0,1.1963735061964504,0.0238839000085135,0.0003839421354042,0.0004781646575867,privacy_level,b45eaec2ec6f6a1f66a48fca8553172df70d159aa74d7d95a343b96eefe4b0d7,4.0,0.75,4.0,1.4049865329972953,2,2,0.375,0.0625,0.03125
handle-only-drop-residual,this-work,user-certified,primary,3,27b3f4e81201acedc9e59eec6ff20a869ad992378a99e63871c2a9b46b46dd66,1.0,2,4,1.0,0.75,0.5,0.75,0.5,0.75,0.741,0.5,False,0.5,0.4999999999999999,0.5,0.5000000000000001,1.0,1.0,plan-c,1.0,0.3767949454336588,0.3767949454336588,0.0,1312,0,0,1312,1.0,2.1548640920475486,0.0336474999930942,0.0003693225038897,0.0004777566699266,privacy_level,b45eaec2ec6f6a1f66a48fca8553172df70d159aa74d7d95a343b96eefe4b0d7,4.0,0.75,4.0,1.4049865329972953,2,2,0.375,0.0625,0.03125
unitscope-equal,this-work,user-certified,primary,3,27b3f4e81201acedc9e59eec6ff20a869ad992378a99e63871c2a9b46b46dd66,0.3333333333333333,2,4,1.0,0.75,0.5,0.75,0.5,0.75,0.741,0.5,False,0.5,0.4999999999999999,0.5,0.5000000000000001,1.0,1.0,plan-c,1.0,1.0,0.3767949454336588,0.6232050545663412,1312,1550,0,2862,1.0,1.3213972053165712,0.0328937000012956,0.0003622122011131,0.0004628447315905,privacy_level,b45eaec2ec6f6a1f66a48fca8553172df70d159aa74d7d95a343b96eefe4b0d7,4.0,0.75,4.0,1.4049865329972953,2,2,0.375,0.0625,0.03125
unitscope-tuned,this-work,user-certified,primary,3,27b3f4e81201acedc9e59eec6ff20a869ad992378a99e63871c2a9b46b46dd66,0.75,2,4,1.0,0.75,0.5,0.75,0.5,0.75,0.741,0.5,False,0.5,0.4999999999999999,0.5,0.5000000000000001,1.0,1.0,plan-c,1.0,1.0,0.3767949454336588,0.6232050545663412,1312,1550,0,2862,1.0,1.8122935500600257,0.0323666000040248,0.0003358933304367,0.0004414018831388,privacy_level,b45eaec2ec6f6a1f66a48fca8553172df70d159aa74d7d95a343b96eefe4b0d7,4.0,0.75,4.0,1.4049865329972953,2,2,0.375,0.0625,0.03125
naive-recalibrated-2c,this-work,user-certified,primary,3,27b3f4e81201acedc9e59eec6ff20a869ad992378a99e63871c2a9b46b46dd66,,2,4,1.0,0.75,0.5,0.75,0.5,0.75,0.741,0.5,False,0.5,0.4999999999999999,0.5,0.5000000000000001,2.0,2.0,plan-delta,2.0,1.0,0.3767949454336588,0.6232050545663412,1312,1550,0,2862,1.0,1.500802210109867,0.0329168000025674,0.000157938416936,0.0006104777658803,privacy_level,b45eaec2ec6f6a1f66a48fca8553172df70d159aa74d7d95a343b96eefe4b0d7,4.0,0.75,4.0,1.4049865329972953,2,2,0.375,0.0625,0.03125
full-identity-reference,oracle,oracle-assumption,full-identity-reference,3,27b3f4e81201acedc9e59eec6ff20a869ad992378a99e63871c2a9b46b46dd66,,2,4,1.0,0.75,0.5,0.75,0.5,0.75,0.741,0.5,False,0.5,0.4999999999999999,0.5,0.5000000000000001,1.0,1.0,plan-c,1.0,1.0,0.0,0.0,0,0,0,1000,1.0,3.019723214699796,0.0417019000014988,0.0,0.0001128804458709,privacy_level,b45eaec2ec6f6a1f66a48fca8553172df70d159aa74d7d95a343b96eefe4b0d7,4.0,0.75,4.0,1.4049865329972953,2,2,0.375,0.0625,0.03125
non-private-reference,oracle,non-private,diagnostic,3,27b3f4e81201acedc9e59eec6ff20a869ad992378a99e63871c2a9b46b46dd66,,2,4,1.0,0.75,0.5,0.75,0.5,0.75,0.741,0.5,False,0.5,0.4999999999999999,0.5,0.5000000000000001,,,non-private,0.0,1.0,0.0,0.0,0,0,0,0,0.0,inf,0.0207294000138063,0.000878462574273,0.000878462574273,privacy_level,b45eaec2ec6f6a1f66a48fca8553172df70d159aa74d7d95a343b96eefe4b0d7,4.0,0.75,4.0,1.4049865329972953,2,2,0.375,0.0625,0.03125
naive-claimed-c,this-work,unsafe-diagnostic,diagnostic,3,27b3f4e81201acedc9e59eec6ff20a869ad992378a99e63871c2a9b46b46dd66,,2,4,1.0,0.75,0.5,0.75,0.5,0.75,0.741,0.5,False,0.5,0.4999999999999999,0.5,0.5000000000000001,,2.0,unsafe-diagnostic,1.0,1.0,0.3767949454336588,0.6232050545663412,1312,1550,0,2862,1.0,3.001604420219734,0.0360794000007445,0.000157938416936,0.0002713276455372,privacy_level,b45eaec2ec6f6a1f66a48fca8553172df70d159aa74d7d95a343b96eefe4b0d7,4.0,0.75,4.0,1.4049865329972953,2,2,0.375,0.0625,0.03125
stable-local-fallback,this-work,user-certified,primary,4,27b3f4e81201acedc9e59eec6ff20a869ad992378a99e63871c2a9b46b46dd66,0.0,2,4,1.0,0.75,0.5,0.75,0.5,0.75,0.773,0.5,False,0.5,0.4999999999999999,0.5,0.5000000000000001,1.0,1.0,plan-c,1.0,1.0,0.0,1.0,0,1773,0,1773,1.0,1.0711396776708866,0.0230445999914081,0.0003521826427756,0.000421111110387,privacy_level,b45eaec2ec6f6a1f66a48fca8553172df70d159aa74d7d95a343b96eefe4b0d7,4.0,0.75,4.0,1.4049865329972953,2,2,0.375,0.0625,0.03125
handle-only-drop-residual,this-work,user-certified,primary,4,27b3f4e81201acedc9e59eec6ff20a869ad992378a99e63871c2a9b46b46dd66,1.0,2,4,1.0,0.75,0.5,0.75,0.5,0.75,0.773,0.5,False,0.5,0.4999999999999999,0.5,0.5000000000000001,1.0,1.0,plan-c,1.0,0.3767625493513818,0.3767625493513818,0.0,1336,0,0,1336,1.0,2.071185363539205,0.0341429000109201,0.0003700013493819,0.0004267473036381,privacy_level,b45eaec2ec6f6a1f66a48fca8553172df70d159aa74d7d95a343b96eefe4b0d7,4.0,0.75,4.0,1.4049865329972953,2,2,0.375,0.0625,0.03125
unitscope-equal,this-work,user-certified,primary,4,27b3f4e81201acedc9e59eec6ff20a869ad992378a99e63871c2a9b46b46dd66,0.3333333333333333,2,4,1.0,0.75,0.5,0.75,0.5,0.75,0.773,0.5,False,0.5,0.4999999999999999,0.5,0.5000000000000001,1.0,1.0,plan-c,1.0,1.0,0.3767625493513818,0.6232374506486181,1336,1569,0,2905,1.0,1.217767225225033,0.0369644999882439,0.0003292279401507,0.0003901405160843,privacy_level,b45eaec2ec6f6a1f66a48fca8553172df70d159aa74d7d95a343b96eefe4b0d7,4.0,0.75,4.0,1.4049865329972953,2,2,0.375,0.0625,0.03125
unitscope-tuned,this-work,user-certified,primary,4,27b3f4e81201acedc9e59eec6ff20a869ad992378a99e63871c2a9b46b46dd66,0.75,2,4,1.0,0.75,0.5,0.75,0.5,0.75,0.773,0.5,False,0.5,0.4999999999999999,0.5,0.5000000000000001,1.0,1.0,plan-c,1.0,1.0,0.3767625493513818,0.6232374506486181,1336,1569,0,2905,1.0,1.7228064244454238,0.0546436000004177,0.000321366853475,0.0003796752908602,privacy_level,b45eaec2ec6f6a1f66a48fca8553172df70d159aa74d7d95a343b96eefe4b0d7,4.0,0.75,4.0,1.4049865329972953,2,2,0.375,0.0625,0.03125
naive-recalibrated-2c,this-work,user-certified,primary,4,27b3f4e81201acedc9e59eec6ff20a869ad992378a99e63871c2a9b46b46dd66,,2,4,1.0,0.75,0.5,0.75,0.5,0.75,0.773,0.5,False,0.5,0.4999999999999999,0.5,0.5000000000000001,2.0,2.0,plan-delta,2.0,1.0,0.3767625493513818,0.6232374506486181,1336,1569,0,2905,1.0,1.403327486735761,0.0331049999949755,0.0001894373709243,0.0006130264246395,privacy_level,b45eaec2ec6f6a1f66a48fca8553172df70d159aa74d7d95a343b96eefe4b0d7,4.0,0.75,4.0,1.4049865329972953,2,2,0.375,0.0625,0.03125
full-identity-reference,oracle,oracle-assumption,full-identity-reference,4,27b3f4e81201acedc9e59eec6ff20a869ad992378a99e63871c2a9b46b46dd66,,2,4,1.0,0.75,0.5,0.75,0.5,0.75,0.773,0.5,False,0.5,0.4999999999999999,0.5,0.5000000000000001,1.0,1.0,plan-c,1.0,1.0,0.0,0.0,0,0,0,1000,1.0,2.731072574673475,0.0420764000009512,0.0,0.0001238754297677,privacy_level,b45eaec2ec6f6a1f66a48fca8553172df70d159aa74d7d95a343b96eefe4b0d7,4.0,0.75,4.0,1.4049865329972953,2,2,0.375,0.0625,0.03125
non-private-reference,oracle,non-private,diagnostic,4,27b3f4e81201acedc9e59eec6ff20a869ad992378a99e63871c2a9b46b46dd66,,2,4,1.0,0.75,0.5,0.75,0.5,0.75,0.773,0.5,False,0.5,0.4999999999999999,0.5,0.5000000000000001,,,non-private,0.0,1.0,0.0,0.0,0,0,0,0,0.0,inf,0.0200539000070421,0.0007718421729248,0.0007718421729248,privacy_level,b45eaec2ec6f6a1f66a48fca8553172df70d159aa74d7d95a343b96eefe4b0d7,4.0,0.75,4.0,1.4049865329972953,2,2,0.375,0.0625,0.03125
naive-claimed-c,this-work,unsafe-diagnostic,diagnostic,4,27b3f4e81201acedc9e59eec6ff20a869ad992378a99e63871c2a9b46b46dd66,,2,4,1.0,0.75,0.5,0.75,0.5,0.75,0.773,0.5,False,0.5,0.4999999999999999,0.5,0.5000000000000001,,2.0,unsafe-diagnostic,1.0,1.0,0.3767625493513818,0.6232374506486181,1336,1569,0,2905,1.0,2.806654973471522,0.0334105999936582,0.0001894373709243,0.0002773564680142,privacy_level,b45eaec2ec6f6a1f66a48fca8553172df70d159aa74d7d95a343b96eefe4b0d7,4.0,0.75,4.0,1.4049865329972953,2,2,0.375,0.0625,0.03125
stable-local-fallback,this-work,user-certified,primary,5,27b3f4e81201acedc9e59eec6ff20a869ad992378a99e63871c2a9b46b46dd66,0.0,2,4,1.0,0.75,0.5,0.75,0.5,0.75,0.744,0.5,False,0.5,0.4999999999999999,0.5,0.5000000000000001,1.0,1.0,plan-c,1.0,1.0,0.0,1.0,0,1744,0,1744,1.0,0.9268477124626132,0.0235806999990018,0.0003812717241223,0.0004466901082432,privacy_level,b45eaec2ec6f6a1f66a48fca8553172df70d159aa74d7d95a343b96eefe4b0d7,4.0,0.75,4.0,1.4049865329972953,2,2,0.375,0.0625,0.03125
handle-only-drop-residual,this-work,user-certified,primary,5,27b3f4e81201acedc9e59eec6ff20a869ad992378a99e63871c2a9b46b46dd66,1.0,2,4,1.0,0.75,0.5,0.75,0.5,0.75,0.744,0.5,False,0.5,0.4999999999999999,0.5,0.5000000000000001,1.0,1.0,plan-c,1.0,0.3752866972477064,0.3752866972477064,0.0,1309,0,0,1309,1.0,1.7601476336970934,0.0322661999962292,0.0003431411148547,0.0004325774805838,privacy_level,b45eaec2ec6f6a1f66a48fca8553172df70d159aa74d7d95a343b96eefe4b0d7,4.0,0.75,4.0,1.4049865329972953,2,2,0.375,0.0625,0.03125
unitscope-equal,this-work,user-certified,primary,5,27b3f4e81201acedc9e59eec6ff20a869ad992378a99e63871c2a9b46b46dd66,0.3333333333333333,2,4,1.0,0.75,0.5,0.75,0.5,0.75,0.744,0.5,False,0.5,0.4999999999999999,0.5,0.5000000000000001,1.0,1.0,plan-c,1.0,1.0,0.3752866972477064,0.6247133027522935,1309,1568,0,2877,1.0,1.0974901862302338,0.0329353000124683,0.00033423201255,0.0004093366025629,privacy_level,b45eaec2ec6f6a1f66a48fca8553172df70d159aa74d7d95a343b96eefe4b0d7,4.0,0.75,4.0,1.4049865329972953,2,2,0.375,0.0625,0.03125
unitscope-tuned,this-work,user-certified,primary,5,27b3f4e81201acedc9e59eec6ff20a869ad992378a99e63871c2a9b46b46dd66,0.75,2,4,1.0,0.75,0.5,0.75,0.5,0.75,0.744,0.5,False,0.5,0.4999999999999999,0.5,0.5000000000000001,1.0,1.0,plan-c,1.0,1.0,0.3752866972477064,0.6247133027522935,1309,1568,0,2877,1.0,1.4902013808923804,0.0322446999925887,0.0003124279401521,0.0003964898899876,privacy_level,b45eaec2ec6f6a1f66a48fca8553172df70d159aa74d7d95a343b96eefe4b0d7,4.0,0.75,4.0,1.4049865329972953,2,2,0.375,0.0625,0.03125
naive-recalibrated-2c,this-work,user-certified,primary,5,27b3f4e81201acedc9e59eec6ff20a869ad992378a99e63871c2a9b46b46dd66,,2,4,1.0,0.75,0.5,0.75,0.5,0.75,0.744,0.5,False,0.5,0.4999999999999999,0.5,0.5000000000000001,2.0,2.0,plan-delta,2.0,1.0,0.3752866972477064,0.6247133027522935,1309,1568,0,2877,1.0,1.2425974088097602,0.0330409000016516,0.0001812838022615,0.000813210895669,privacy_level,b45eaec2ec6f6a1f66a48fca8553172df70d159aa74d7d95a343b96eefe4b0d7,4.0,0.75,4.0,1.4049865329972953,2,2,0.375,0.0625,0.03125
full-identity-reference,oracle,oracle-assumption,full-identity-reference,5,27b3f4e81201acedc9e59eec6ff20a869ad992378a99e63871c2a9b46b46dd66,,2,4,1.0,0.75,0.5,0.75,0.5,0.75,0.744,0.5,False,0.5,0.4999999999999999,0.5,0.5000000000000001,1.0,1.0,plan-c,1.0,1.0,0.0,0.0,0,0,0,1000,1.0,2.413587920916598,0.0432452000095509,0.0,0.0001636055667834,privacy_level,b45eaec2ec6f6a1f66a48fca8553172df70d159aa74d7d95a343b96eefe4b0d7,4.0,0.75,4.0,1.4049865329972953,2,2,0.375,0.0625,0.03125
non-private-reference,oracle,non-private,diagnostic,5,27b3f4e81201acedc9e59eec6ff20a869ad992378a99e63871c2a9b46b46dd66,,2,4,1.0,0.75,0.5,0.75,0.5,0.75,0.744,0.5,False,0.5,0.4999999999999999,0.5,0.5000000000000001,,,non-private,0.0,1.0,0.0,0.0,0,0,0,0,0.0,inf,0.019552300000214,0.0007719797433812,0.0007719797433812,privacy_level,b45eaec2ec6f6a1f66a48fca8553172df70d159aa74d7d95a343b96eefe4b0d7,4.0,0.75,4.0,1.4049865329972953,2,2,0.375,0.0625,0.03125
naive-claimed-c,this-work,unsafe-diagnostic,diagnostic,5,27b3f4e81201acedc9e59eec6ff20a869ad992378a99e63871c2a9b46b46dd66,,2,4,1.0,0.75,0.5,0.75,0.5,0.75,0.744,0.5,False,0.5,0.4999999999999999,0.5,0.5000000000000001,,2.0,unsafe-diagnostic,1.0,1.0,0.3752866972477064,0.6247133027522935,1309,1568,0,2877,1.0,2.4851948176195204,0.0328602999943541,0.0001812838022615,0.0003336417821818,privacy_level,b45eaec2ec6f6a1f66a48fca8553172df70d159aa74d7d95a343b96eefe4b0d7,4.0,0.75,4.0,1.4049865329972953,2,2,0.375,0.0625,0.03125
stable-local-fallback,this-work,user-certified,primary,6,27b3f4e81201acedc9e59eec6ff20a869ad992378a99e63871c2a9b46b46dd66,0.0,2,4,1.0,0.75,0.5,0.75,0.5,0.75,0.74,0.5,False,0.5,0.4999999999999999,0.5,0.5000000000000001,1.0,1.0,plan-c,1.0,1.0,0.0,1.0,0,1740,0,1740,1.0,1.397131587778486,0.0250130000058561,0.0004989666391475,0.0005281671718537,privacy_level,b45eaec2ec6f6a1f66a48fca8553172df70d159aa74d7d95a343b96eefe4b0d7,4.0,0.75,4.0,1.4049865329972953,2,2,0.375,0.0625,0.03125
handle-only-drop-residual,this-work,user-certified,primary,6,27b3f4e81201acedc9e59eec6ff20a869ad992378a99e63871c2a9b46b46dd66,1.0,2,4,1.0,0.75,0.5,0.75,0.5,0.75,0.74,0.5,False,0.5,0.4999999999999999,0.5,0.5000000000000001,1.0,1.0,plan-c,1.0,0.3781609195402299,0.3781609195402299,0.0,1316,0,0,1316,1.0,2.4286350862748622,0.0353800000011688,0.0003477443375569,0.0004014954692777,privacy_level,b45eaec2ec6f6a1f66a48fca8553172df70d159aa74d7d95a343b96eefe4b0d7,4.0,0.75,4.0,1.4049865329972953,2,2,0.375,0.0625,0.03125
unitscope-equal,this-work,user-certified,primary,6,27b3f4e81201acedc9e59eec6ff20a869ad992378a99e63871c2a9b46b46dd66,0.3333333333333333,2,4,1.0,0.75,0.5,0.75,0.5,0.75,0.74,0.5,False,0.5,0.4999999999999999,0.5,0.5000000000000001,1.0,1.0,plan-c,1.0,1.0,0.3781609195402299,0.6218390804597701,1316,1557,0,2873,1.0,1.529729167915468,0.0355711999873165,0.0004596110884431,0.0004935199616865,privacy_level,b45eaec2ec6f6a1f66a48fca8553172df70d159aa74d7d95a343b96eefe4b0d7,4.0,0.75,4.0,1.4049865329972953,2,2,0.375,0.0625,0.03125
unitscope-tuned,this-work,user-certified,primary,6,27b3f4e81201acedc9e59eec6ff20a869ad992378a99e63871c2a9b46b46dd66,0.75,2,4,1.0,0.75,0.5,0.75,0.5,0.75,0.74,0.5,False,0.5,0.4999999999999999,0.5,0.5000000000000001,1.0,1.0,plan-c,1.0,1.0,0.3781609195402299,0.6218390804597701,1316,1557,0,2873,1.0,2.0703046618514382,0.0331178000051295,0.0003615076651246,0.0004078179499164,privacy_level,b45eaec2ec6f6a1f66a48fca8553172df70d159aa74d7d95a343b96eefe4b0d7,4.0,0.75,4.0,1.4049865329972953,2,2,0.375,0.0625,0.03125
naive-recalibrated-2c,this-work,user-certified,primary,6,27b3f4e81201acedc9e59eec6ff20a869ad992378a99e63871c2a9b46b46dd66,,2,4,1.0,0.75,0.5,0.75,0.5,0.75,0.74,0.5,False,0.5,0.4999999999999999,0.5,0.5000000000000001,2.0,2.0,plan-delta,2.0,1.0,0.3781609195402299,0.6218390804597701,1316,1557,0,2873,1.0,1.7341839913811952,0.032982600008836,0.0001249998971735,0.0004865571587706,privacy_level,b45eaec2ec6f6a1f66a48fca8553172df70d159aa74d7d95a343b96eefe4b0d7,4.0,0.75,4.0,1.4049865329972953,2,2,0.375,0.0625,0.03125
full-identity-reference,oracle,oracle-assumption,full-identity-reference,6,27b3f4e81201acedc9e59eec6ff20a869ad992378a99e63871c2a9b46b46dd66,,2,4,1.0,0.75,0.5,0.75,0.5,0.75,0.74,0.5,False,0.5,0.4999999999999999,0.5,0.5000000000000001,1.0,1.0,plan-c,1.0,1.0,0.0,0.0,0,0,0,1000,1.0,3.584167170151316,0.0408368999924277,0.0,0.0001014701925727,privacy_level,b45eaec2ec6f6a1f66a48fca8553172df70d159aa74d7d95a343b96eefe4b0d7,4.0,0.75,4.0,1.4049865329972953,2,2,0.375,0.0625,0.03125
non-private-reference,oracle,non-private,diagnostic,6,27b3f4e81201acedc9e59eec6ff20a869ad992378a99e63871c2a9b46b46dd66,,2,4,1.0,0.75,0.5,0.75,0.5,0.75,0.74,0.5,False,0.5,0.4999999999999999,0.5,0.5000000000000001,,,non-private,0.0,1.0,0.0,0.0,0,0,0,0,0.0,inf,0.0194971000018995,0.0010544449245296,0.0010544449245296,privacy_level,b45eaec2ec6f6a1f66a48fca8553172df70d159aa74d7d95a343b96eefe4b0d7,4.0,0.75,4.0,1.4049865329972953,2,2,0.375,0.0625,0.03125
naive-claimed-c,this-work,unsafe-diagnostic,diagnostic,6,27b3f4e81201acedc9e59eec6ff20a869ad992378a99e63871c2a9b46b46dd66,,2,4,1.0,0.75,0.5,0.75,0.5,0.75,0.74,0.5,False,0.5,0.4999999999999999,0.5,0.5000000000000001,,2.0,unsafe-diagnostic,1.0,1.0,0.3781609195402299,0.6218390804597701,1316,1557,0,2873,1.0,3.4683679827623903,0.0332968000002438,0.0001249998971735,0.0002043083353993,privacy_level,b45eaec2ec6f6a1f66a48fca8553172df70d159aa74d7d95a343b96eefe4b0d7,4.0,0.75,4.0,1.4049865329972953,2,2,0.375,0.0625,0.03125
stable-local-fallback,this-work,user-certified,primary,7,27b3f4e81201acedc9e59eec6ff20a869ad992378a99e63871c2a9b46b46dd66,0.0,2,4,1.0,0.75,0.5,0.75,0.5,0.75,0.753,0.5,False,0.5,0.4999999999999999,0.5,0.5000000000000001,1.0,1.0,plan-c,1.0,1.0,0.0,1.0,0,1753,0,1753,1.0,1.1069165331998445,0.0228563999990001,0.0003381180013309,0.0004929749019123,privacy_level,b45eaec2ec6f6a1f66a48fca8553172df70d159aa74d7d95a343b96eefe4b0d7,4.0,0.75,4.0,1.4049865329972953,2,2,0.375,0.0625,0.03125
handle-only-drop-residual,this-work,user-certified,primary,7,27b3f4e81201acedc9e59eec6ff20a869ad992378a99e63871c2a9b46b46dd66,1.0,2,4,1.0,0.75,0.5,0.75,0.5,0.75,0.753,0.5,False,0.5,0.4999999999999999,0.5,0.5000000000000001,1.0,1.0,plan-c,1.0,0.372219053051911,0.372219053051911,0.0,1305,0,0,1305,1.0,1.9446988768003104,0.031782199992449,0.0003114125743416,0.0005344178535827,privacy_level,b45eaec2ec6f6a1f66a48fca8553172df70d159aa74d7d95a343b96eefe4b0d7,4.0,0.75,4.0,1.4049865329972953,2,2,0.375,0.0625,0.03125
unitscope-equal,this-work,user-certified,primary,7,27b3f4e81201acedc9e59eec6ff20a869ad992378a99e63871c2a9b46b46dd66,0.3333333333333333,2,4,1.0,0.75,0.5,0.75,0.5,0.75,0.753,0.5,False,0.5,0.4999999999999999,0.5,0.5000000000000001,1.0,1.0,plan-c,1.0,1.0,0.372219053051911,0.627780946948089,1305,1559,0,2864,1.0,1.217313190714679,0.0562996999942697,0.0003252741588427,0.0004958325069119,privacy_level,b45eaec2ec6f6a1f66a48fca8553172df70d159aa74d7d95a343b96eefe4b0d7,4.0,0.75,4.0,1.4049865329972953,2,2,0.375,0.0625,0.03125
unitscope-tuned,this-work,user-certified,primary,7,27b3f4e81201acedc9e59eec6ff20a869ad992378a99e63871c2a9b46b46dd66,0.75,2,4,1.0,0.75,0.5,0.75,0.5,0.75,0.753,0.5,False,0.5,0.4999999999999999,0.5,0.5000000000000001,1.0,1.0,plan-c,1.0,1.0,0.372219053051911,0.627780946948089,1305,1559,0,2864,1.0,1.6508386886012831,0.0388511000055586,0.000294354845657,0.0004976925257086,privacy_level,b45eaec2ec6f6a1f66a48fca8553172df70d159aa74d7d95a343b96eefe4b0d7,4.0,0.75,4.0,1.4049865329972953,2,2,0.375,0.0625,0.03125
naive-recalibrated-2c,this-work,user-certified,primary,7,27b3f4e81201acedc9e59eec6ff20a869ad992378a99e63871c2a9b46b46dd66,,2,4,1.0,0.75,0.5,0.75,0.5,0.75,0.753,0.5,False,0.5,0.4999999999999999,0.5,0.5000000000000001,2.0,2.0,plan-delta,2.0,1.0,0.372219053051911,0.627780946948089,1305,1559,0,2864,1.0,1.378979478527047,0.0364854999934323,0.000157089083367,0.0007766467992944,privacy_level,b45eaec2ec6f6a1f66a48fca8553172df70d159aa74d7d95a343b96eefe4b0d7,4.0,0.75,4.0,1.4049865329972953,2,2,0.375,0.0625,0.03125
full-identity-reference,oracle,oracle-assumption,full-identity-reference,7,27b3f4e81201acedc9e59eec6ff20a869ad992378a99e63871c2a9b46b46dd66,,2,4,1.0,0.75,0.5,0.75,0.5,0.75,0.753,0.5,False,0.5,0.4999999999999999,0.5,0.5000000000000001,1.0,1.0,plan-c,1.0,1.0,0.0,0.0,0,0,0,1000,1.0,2.781269705759686,0.0413168000086443,0.0,0.000114670803399,privacy_level,b45eaec2ec6f6a1f66a48fca8553172df70d159aa74d7d95a343b96eefe4b0d7,4.0,0.75,4.0,1.4049865329972953,2,2,0.375,0.0625,0.03125
non-private-reference,oracle,non-private,diagnostic,7,27b3f4e81201acedc9e59eec6ff20a869ad992378a99e63871c2a9b46b46dd66,,2,4,1.0,0.75,0.5,0.75,0.5,0.75,0.753,0.5,False,0.5,0.4999999999999999,0.5,0.5000000000000001,,,non-private,0.0,1.0,0.0,0.0,0,0,0,0,0.0,inf,0.0197561999957542,0.0008150035796582,0.0008150035796582,privacy_level,b45eaec2ec6f6a1f66a48fca8553172df70d159aa74d7d95a343b96eefe4b0d7,4.0,0.75,4.0,1.4049865329972953,2,2,0.375,0.0625,0.03125
naive-claimed-c,this-work,unsafe-diagnostic,diagnostic,7,27b3f4e81201acedc9e59eec6ff20a869ad992378a99e63871c2a9b46b46dd66,,2,4,1.0,0.75,0.5,0.75,0.5,0.75,0.753,0.5,False,0.5,0.4999999999999999,0.5,0.5000000000000001,,2.0,unsafe-diagnostic,1.0,1.0,0.372219053051911,0.627780946948089,1305,1559,0,2864,1.0,2.757958957054094,0.0324549000069964,0.000157089083367,0.0003521971379316,privacy_level,b45eaec2ec6f6a1f66a48fca8553172df70d159aa74d7d95a343b96eefe4b0d7,4.0,0.75,4.0,1.4049865329972953,2,2,0.375,0.0625,0.03125
stable-local-fallback,this-work,user-certified,primary,8,27b3f4e81201acedc9e59eec6ff20a869ad992378a99e63871c2a9b46b46dd66,0.0,2,4,1.0,0.75,0.5,0.75,0.5,0.75,0.74,0.5,False,0.5,0.4999999999999999,0.5,0.5000000000000001,1.0,1.0,plan-c,1.0,1.0,0.0,1.0,0,1740,0,1740,1.0,1.2669863741040686,0.0230778999975882,0.0004802408991836,0.0008393263888881,privacy_level,b45eaec2ec6f6a1f66a48fca8553172df70d159aa74d7d95a343b96eefe4b0d7,4.0,0.75,4.0,1.4049865329972953,2,2,0.375,0.0625,0.03125
handle-only-drop-residual,this-work,user-certified,primary,8,27b3f4e81201acedc9e59eec6ff20a869ad992378a99e63871c2a9b46b46dd66,1.0,2,4,1.0,0.75,0.5,0.75,0.5,0.75,0.74,0.5,False,0.5,0.4999999999999999,0.5,0.5000000000000001,1.0,1.0,plan-c,1.0,0.3747126436781609,0.3747126436781609,0.0,1304,0,0,1304,1.0,2.435375831201365,0.0322213000035844,0.0002538776836328,0.0005370631554553,privacy_level,b45eaec2ec6f6a1f66a48fca8553172df70d159aa74d7d95a343b96eefe4b0d7,4.0,0.75,4.0,1.4049865329972953,2,2,0.375,0.0625,0.03125
unitscope-equal,this-work,user-certified,primary,8,27b3f4e81201acedc9e59eec6ff20a869ad992378a99e63871c2a9b46b46dd66,0.3333333333333333,2,4,1.0,0.75,0.5,0.75,0.5,0.75,0.74,0.5,False,0.5,0.4999999999999999,0.5,0.5000000000000001,1.0,1.0,plan-c,1.0,1.0,0.3747126436781609,0.6252873563218391,1304,1545,0,2849,1.0,1.488898902998432,0.0333194000122603,0.000393762300136,0.0007468488062121,privacy_level,b45eaec2ec6f6a1f66a48fca8553172df70d159aa74d7d95a343b96eefe4b0d7,4.0,0.75,4.0,1.4049865329972953,2,2,0.375,0.0625,0.03125
unitscope-tuned,this-work,user-certified,primary,8,27b3f4e81201acedc9e59eec6ff20a869ad992378a99e63871c2a9b46b46dd66,0.75,2,4,1.0,0.75,0.5,0.75,0.5,0.75,0.74,0.5,False,0.5,0.4999999999999999,0.5,0.5000000000000001,1.0,1.0,plan-c,1.0,1.0,0.3747126436781609,0.6252873563218391,1304,1545,0,2849,1.0,2.066188736504297,0.0350294999952893,0.0002687791386693,0.0005781774983369,privacy_level,b45eaec2ec6f6a1f66a48fca8553172df70d159aa74d7d95a343b96eefe4b0d7,4.0,0.75,4.0,1.4049865329972953,2,2,0.375,0.0625,0.03125
naive-recalibrated-2c,this-work,user-certified,primary,8,27b3f4e81201acedc9e59eec6ff20a869ad992378a99e63871c2a9b46b46dd66,,2,4,1.0,0.75,0.5,0.75,0.5,0.75,0.74,0.5,False,0.5,0.4999999999999999,0.5,0.5000000000000001,2.0,2.0,plan-delta,2.0,1.0,0.3747126436781609,0.6252873563218391,1304,1545,0,2849,1.0,1.7117575268107672,0.033164399996167,0.000138125567548,0.0007401855404679,privacy_level,b45eaec2ec6f6a1f66a48fca8553172df70d159aa74d7d95a343b96eefe4b0d7,4.0,0.75,4.0,1.4049865329972953,2,2,0.375,0.0625,0.03125
full-identity-reference,oracle,oracle-assumption,full-identity-reference,8,27b3f4e81201acedc9e59eec6ff20a869ad992378a99e63871c2a9b46b46dd66,,2,4,1.0,0.75,0.5,0.75,0.5,0.75,0.74,0.5,False,0.5,0.4999999999999999,0.5,0.5000000000000001,1.0,1.0,plan-c,1.0,1.0,0.0,0.0,0,0,0,1000,1.0,3.095394856674426,0.0423790000058943,0.0,0.0001395685447024,privacy_level,b45eaec2ec6f6a1f66a48fca8553172df70d159aa74d7d95a343b96eefe4b0d7,4.0,0.75,4.0,1.4049865329972953,2,2,0.375,0.0625,0.03125
non-private-reference,oracle,non-private,diagnostic,8,27b3f4e81201acedc9e59eec6ff20a869ad992378a99e63871c2a9b46b46dd66,,2,4,1.0,0.75,0.5,0.75,0.5,0.75,0.74,0.5,False,0.5,0.4999999999999999,0.5,0.5000000000000001,,,non-private,0.0,1.0,0.0,0.0,0,0,0,0,0.0,inf,0.0200778999860631,0.0013100686235273,0.0013100686235273,privacy_level,b45eaec2ec6f6a1f66a48fca8553172df70d159aa74d7d95a343b96eefe4b0d7,4.0,0.75,4.0,1.4049865329972953,2,2,0.375,0.0625,0.03125
naive-claimed-c,this-work,unsafe-diagnostic,diagnostic,8,27b3f4e81201acedc9e59eec6ff20a869ad992378a99e63871c2a9b46b46dd66,,2,4,1.0,0.75,0.5,0.75,0.5,0.75,0.74,0.5,False,0.5,0.4999999999999999,0.5,0.5000000000000001,,2.0,unsafe-diagnostic,1.0,1.0,0.3747126436781609,0.6252873563218391,1304,1545,0,2849,1.0,3.4235150536215344,0.0528793999983463,0.000138125567548,0.0002995870093055,privacy_level,b45eaec2ec6f6a1f66a48fca8553172df70d159aa74d7d95a343b96eefe4b0d7,4.0,0.75,4.0,1.4049865329972953,2,2,0.375,0.0625,0.03125
stable-local-fallback,this-work,user-certified,primary,9,27b3f4e81201acedc9e59eec6ff20a869ad992378a99e63871c2a9b46b46dd66,0.0,2,4,1.0,0.75,0.5,0.75,0.5,0.75,0.727,0.5,False,0.5,0.4999999999999999,0.5,0.5000000000000001,1.0,1.0,plan-c,1.0,1.0,0.0,1.0,0,1727,0,1727,1.0,1.178651249177625,0.0246042000071611,0.0003542774961372,0.0004798594565911,privacy_level,b45eaec2ec6f6a1f66a48fca8553172df70d159aa74d7d95a343b96eefe4b0d7,4.0,0.75,4.0,1.4049865329972953,2,2,0.375,0.0625,0.03125
handle-only-drop-residual,this-work,user-certified,primary,9,27b3f4e81201acedc9e59eec6ff20a869ad992378a99e63871c2a9b46b46dd66,1.0,2,4,1.0,0.75,0.5,0.75,0.5,0.75,0.727,0.5,False,0.5,0.4999999999999999,0.5,0.5000000000000001,1.0,1.0,plan-c,1.0,0.3755066589461494,0.3755066589461494,0.0,1297,0,0,1297,1.0,2.1353866352194446,0.0326739000011002,0.0004088078141732,0.0005549987694136,privacy_level,b45eaec2ec6f6a1f66a48fca8553172df70d159aa74d7d95a343b96eefe4b0d7,4.0,0.75,4.0,1.4049865329972953,2,2,0.375,0.0625,0.03125
unitscope-equal,this-work,user-certified,primary,9,27b3f4e81201acedc9e59eec6ff20a869ad992378a99e63871c2a9b46b46dd66,0.3333333333333333,2,4,1.0,0.75,0.5,0.75,0.5,0.75,0.727,0.5,False,0.5,0.4999999999999999,0.5,0.5000000000000001,1.0,1.0,plan-c,1.0,1.0,0.3755066589461494,0.6244933410538506,1297,1540,0,2837,1.0,1.3086852951371288,0.0322691999899689,0.0003392358068723,0.0004650694438777,privacy_level,b45eaec2ec6f6a1f66a48fca8553172df70d159aa74d7d95a343b96eefe4b0d7,4.0,0.75,4.0,1.4049865329972953,2,2,0.375,0.0625,0.03125
unitscope-tuned,this-work,user-certified,primary,9,27b3f4e81201acedc9e59eec6ff20a869ad992378a99e63871c2a9b46b46dd66,0.75,2,4,1.0,0.75,0.5,0.75,0.5,0.75,0.727,0.5,False,0.5,0.4999999999999999,0.5,0.5000000000000001,1.0,1.0,plan-c,1.0,1.0,0.3755066589461494,0.6244933410538506,1297,1540,0,2837,1.0,1.7918318611362012,0.0324064000014914,0.0003533169943073,0.0004918739552096,privacy_level,b45eaec2ec6f6a1f66a48fca8553172df70d159aa74d7d95a343b96eefe4b0d7,4.0,0.75,4.0,1.4049865329972953,2,2,0.375,0.0625,0.03125
naive-recalibrated-2c,this-work,user-certified,primary,9,27b3f4e81201acedc9e59eec6ff20a869ad992378a99e63871c2a9b46b46dd66,,2,4,1.0,0.75,0.5,0.75,0.5,0.75,0.727,0.5,False,0.5,0.4999999999999999,0.5,0.5000000000000001,2.0,2.0,plan-delta,2.0,1.0,0.3755066589461494,0.6244933410538506,1297,1540,0,2837,1.0,1.48298882503088,0.0320056000055046,0.0001973322068933,0.000667918407577,privacy_level,b45eaec2ec6f6a1f66a48fca8553172df70d159aa74d7d95a343b96eefe4b0d7,4.0,0.75,4.0,1.4049865329972953,2,2,0.375,0.0625,0.03125
full-identity-reference,oracle,oracle-assumption,full-identity-reference,9,27b3f4e81201acedc9e59eec6ff20a869ad992378a99e63871c2a9b46b46dd66,,2,4,1.0,0.75,0.5,0.75,0.5,0.75,0.727,0.5,False,0.5,0.4999999999999999,0.5,0.5000000000000001,1.0,1.0,plan-c,1.0,1.0,0.0,0.0,0,0,0,1000,1.0,2.981259701809877,0.0420625999977346,0.0,0.0001044423627627,privacy_level,b45eaec2ec6f6a1f66a48fca8553172df70d159aa74d7d95a343b96eefe4b0d7,4.0,0.75,4.0,1.4049865329972953,2,2,0.375,0.0625,0.03125
non-private-reference,oracle,non-private,diagnostic,9,27b3f4e81201acedc9e59eec6ff20a869ad992378a99e63871c2a9b46b46dd66,,2,4,1.0,0.75,0.5,0.75,0.5,0.75,0.727,0.5,False,0.5,0.4999999999999999,0.5,0.5000000000000001,,,non-private,0.0,1.0,0.0,0.0,0,0,0,0,0.0,inf,0.0196385999879566,0.0008195914157725,0.0008195914157725,privacy_level,b45eaec2ec6f6a1f66a48fca8553172df70d159aa74d7d95a343b96eefe4b0d7,4.0,0.75,4.0,1.4049865329972953,2,2,0.375,0.0625,0.03125
naive-claimed-c,this-work,unsafe-diagnostic,diagnostic,9,27b3f4e81201acedc9e59eec6ff20a869ad992378a99e63871c2a9b46b46dd66,,2,4,1.0,0.75,0.5,0.75,0.5,0.75,0.727,0.5,False,0.5,0.4999999999999999,0.5,0.5000000000000001,,2.0,unsafe-diagnostic,1.0,1.0,0.3755066589461494,0.6244933410538506,1297,1540,0,2837,1.0,2.96597765006176,0.0349138000019593,0.0001973322068933,0.0003281829444724,privacy_level,b45eaec2ec6f6a1f66a48fca8553172df70d159aa74d7d95a343b96eefe4b0d7,4.0,0.75,4.0,1.4049865329972953,2,2,0.375,0.0625,0.03125
stable-local-fallback,this-work,user-certified,primary,0,6f271830c504d9e353b48199445cd74bef6f15cd4dae8e2a5bf88d1f12d6ed02,0.0,2,4,1.0,0.75,0.5,0.75,0.5,0.75,0.753,0.5,False,0.5,0.4999999999999999,0.5,0.5000000000000001,1.0,1.0,plan-c,1.0,1.0,0.0,1.0,0,1753,0,1753,1.0,2.064897829808766,0.0231198999972548,0.0005048202526941,0.0005657607749475,privacy_level,362c0a07687138bcd7533d1ab0cffb289832bb8eb057411cd604738291479ddc,8.0,0.75,8.0,0.7415653755729036,2,2,0.375,0.0625,0.03125
handle-only-drop-residual,this-work,user-certified,primary,0,6f271830c504d9e353b48199445cd74bef6f15cd4dae8e2a5bf88d1f12d6ed02,1.0,2,4,1.0,0.75,0.5,0.75,0.5,0.75,0.753,0.5,False,0.5,0.4999999999999999,0.5,0.5000000000000001,1.0,1.0,plan-c,1.0,0.376782658300057,0.376782658300057,0.0,1321,0,0,1321,1.0,3.8181243406976857,0.0322162999946158,0.0003747781612295,0.0004285884934897,privacy_level,362c0a07687138bcd7533d1ab0cffb289832bb8eb057411cd604738291479ddc,8.0,0.75,8.0,0.7415653755729036,2,2,0.375,0.0625,0.03125
unitscope-equal,this-work,user-certified,primary,0,6f271830c504d9e353b48199445cd74bef6f15cd4dae8e2a5bf88d1f12d6ed02,0.3333333333333333,2,4,1.0,0.75,0.5,0.75,0.5,0.75,0.753,0.5,False,0.5,0.4999999999999999,0.5,0.5000000000000001,1.0,1.0,plan-c,1.0,1.0,0.376782658300057,0.6232173416999429,1321,1551,0,2872,1.0,2.352151240194199,0.0559839999914402,0.0004535183566532,0.0005096810638747,privacy_level,362c0a07687138bcd7533d1ab0cffb289832bb8eb057411cd604738291479ddc,8.0,0.75,8.0,0.7415653755729036,2,2,0.375,0.0625,0.03125
unitscope-tuned,this-work,user-certified,primary,0,6f271830c504d9e353b48199445cd74bef6f15cd4dae8e2a5bf88d1f12d6ed02,0.75,2,4,1.0,0.75,0.5,0.75,0.5,0.75,0.753,0.5,False,0.5,0.4999999999999999,0.5,0.5000000000000001,1.0,1.0,plan-c,1.0,1.0,0.376782658300057,0.6232173416999429,1321,1551,0,2872,1.0,3.2329304357816,0.0325664999982109,0.0003721267909254,0.0004268192637961,privacy_level,362c0a07687138bcd7533d1ab0cffb289832bb8eb057411cd604738291479ddc,8.0,0.75,8.0,0.7415653755729036,2,2,0.375,0.0625,0.03125
naive-recalibrated-2c,this-work,user-certified,primary,0,6f271830c504d9e353b48199445cd74bef6f15cd4dae8e2a5bf88d1f12d6ed02,,2,4,1.0,0.75,0.5,0.75,0.5,0.75,0.753,0.5,False,0.5,0.4999999999999999,0.5,0.5000000000000001,2.0,2.0,plan-delta,2.0,1.0,0.376782658300057,0.6232173416999429,1321,1551,0,2872,1.0,2.684516706478388,0.0336914999934379,0.0001736388342987,0.0003599331567315,privacy_level,362c0a07687138bcd7533d1ab0cffb289832bb8eb057411cd604738291479ddc,8.0,0.75,8.0,0.7415653755729036,2,2,0.375,0.0625,0.03125
full-identity-reference,oracle,oracle-assumption,full-identity-reference,0,6f271830c504d9e353b48199445cd74bef6f15cd4dae8e2a5bf88d1f12d6ed02,,2,4,1.0,0.75,0.5,0.75,0.5,0.75,0.753,0.5,False,0.5,0.4999999999999999,0.5,0.5000000000000001,1.0,1.0,plan-c,1.0,1.0,0.0,0.0,0,0,0,1000,1.0,5.391970065943077,0.0417084000073373,0.0,4.382932526256054e-05,privacy_level,362c0a07687138bcd7533d1ab0cffb289832bb8eb057411cd604738291479ddc,8.0,0.75,8.0,0.7415653755729036,2,2,0.375,0.0625,0.03125
non-private-reference,oracle,non-private,diagnostic,0,6f271830c504d9e353b48199445cd74bef6f15cd4dae8e2a5bf88d1f12d6ed02,,2,4,1.0,0.75,0.5,0.75,0.5,0.75,0.753,0.5,False,0.5,0.4999999999999999,0.5,0.5000000000000001,,,non-private,0.0,1.0,0.0,0.0,0,0,0,0,0.0,inf,0.0193087999941781,0.0009896145859756,0.0009896145859756,privacy_level,362c0a07687138bcd7533d1ab0cffb289832bb8eb057411cd604738291479ddc,8.0,0.75,8.0,0.7415653755729036,2,2,0.375,0.0625,0.03125
naive-claimed-c,this-work,unsafe-diagnostic,diagnostic,0,6f271830c504d9e353b48199445cd74bef6f15cd4dae8e2a5bf88d1f12d6ed02,,2,4,1.0,0.75,0.5,0.75,0.5,0.75,0.753,0.5,False,0.5,0.4999999999999999,0.5,0.5000000000000001,,2.0,unsafe-diagnostic,1.0,1.0,0.376782658300057,0.6232173416999429,1321,1551,0,2872,1.0,5.369033412956775,0.0327839999954449,0.0001736388342987,0.0002229566702525,privacy_level,362c0a07687138bcd7533d1ab0cffb289832bb8eb057411cd604738291479ddc,8.0,0.75,8.0,0.7415653755729036,2,2,0.375,0.0625,0.03125
stable-local-fallback,this-work,user-certified,primary,1,6f271830c504d9e353b48199445cd74bef6f15cd4dae8e2a5bf88d1f12d6ed02,0.0,2,4,1.0,0.75,0.5,0.75,0.5,0.75,0.747,0.5,False,0.5,0.4999999999999999,0.5,0.5000000000000001,1.0,1.0,plan-c,1.0,1.0,0.0,1.0,0,1747,0,1747,1.0,2.1593814273069727,0.0230956000013975,0.0004152697789505,0.0004631578707522,privacy_level,362c0a07687138bcd7533d1ab0cffb289832bb8eb057411cd604738291479ddc,8.0,0.75,8.0,0.7415653755729036,2,2,0.375,0.0625,0.03125
handle-only-drop-residual,this-work,user-certified,primary,1,6f271830c504d9e353b48199445cd74bef6f15cd4dae8e2a5bf88d1f12d6ed02,1.0,2,4,1.0,0.75,0.5,0.75,0.5,0.75,0.747,0.5,False,0.5,0.4999999999999999,0.5,0.5000000000000001,1.0,1.0,plan-c,1.0,0.3777904979965655,0.3777904979965655,0.0,1320,0,0,1320,1.0,4.049792358551843,0.033834999994724,0.0004679587074854,0.0005397622034925,privacy_level,362c0a07687138bcd7533d1ab0cffb289832bb8eb057411cd604738291479ddc,8.0,0.75,8.0,0.7415653755729036,2,2,0.375,0.0625,0.03125
unitscope-equal,this-work,user-certified,primary,1,6f271830c504d9e353b48199445cd74bef6f15cd4dae8e2a5bf88d1f12d6ed02,0.3333333333333333,2,4,1.0,0.75,0.5,0.75,0.5,0.75,0.747,0.5,False,0.5,0.4999999999999999,0.5,0.5000000000000001,1.0,1.0,plan-c,1.0,1.0,0.3777904979965655,0.6222095020034345,1320,1540,0,2860,1.0,2.51263673194404,0.03426520001085,0.0003831231369737,0.0004360931328292,privacy_level,362c0a07687138bcd7533d1ab0cffb289832bb8eb057411cd604738291479ddc,8.0,0.75,8.0,0.7415653755729036,2,2,0.375,0.0625,0.03125
unitscope-tuned,this-work,user-certified,primary,1,6f271830c504d9e353b48199445cd74bef6f15cd4dae8e2a5bf88d1f12d6ed02,0.75,2,4,1.0,0.75,0.5,0.75,0.5,0.75,0.747,0.5,False,0.5,0.4999999999999999,0.5,0.5000000000000001,1.0,1.0,plan-c,1.0,1.0,0.3777904979965655,0.6222095020034345,1320,1540,0,2860,1.0,3.4062802762819486,0.0324146999919321,0.0004035711563516,0.0004683120898018,privacy_level,362c0a07687138bcd7533d1ab0cffb289832bb8eb057411cd604738291479ddc,8.0,0.75,8.0,0.7415653755729036,2,2,0.375,0.0625,0.03125
naive-recalibrated-2c,this-work,user-certified,primary,1,6f271830c504d9e353b48199445cd74bef6f15cd4dae8e2a5bf88d1f12d6ed02,,2,4,1.0,0.75,0.5,0.75,0.5,0.75,0.747,0.5,False,0.5,0.4999999999999999,0.5,0.5000000000000001,2.0,2.0,plan-delta,2.0,1.0,0.3777904979965655,0.6222095020034345,1320,1540,0,2860,1.0,2.8324894043306155,0.0333561000006739,0.0002253857853453,0.0004169511476478,privacy_level,362c0a07687138bcd7533d1ab0cffb289832bb8eb057411cd604738291479ddc,8.0,0.75,8.0,0.7415653755729036,2,2,0.375,0.0625,0.03125
full-identity-reference,oracle,oracle-assumption,full-identity-reference,1,6f271830c504d9e353b48199445cd74bef6f15cd4dae8e2a5bf88d1f12d6ed02,,2,4,1.0,0.75,0.5,0.75,0.5,0.75,0.747,0.5,False,0.5,0.4999999999999999,0.5,0.5000000000000001,1.0,1.0,plan-c,1.0,1.0,0.0,0.0,0,0,0,1000,1.0,5.709739005623295,0.0421648000046843,0.0,3.208429221909876e-05,privacy_level,362c0a07687138bcd7533d1ab0cffb289832bb8eb057411cd604738291479ddc,8.0,0.75,8.0,0.7415653755729036,2,2,0.375,0.0625,0.03125
non-private-reference,oracle,non-private,diagnostic,1,6f271830c504d9e353b48199445cd74bef6f15cd4dae8e2a5bf88d1f12d6ed02,,2,4,1.0,0.75,0.5,0.75,0.5,0.75,0.747,0.5,False,0.5,0.4999999999999999,0.5,0.5000000000000001,,,non-private,0.0,1.0,0.0,0.0,0,0,0,0,0.0,inf,0.0197380000026896,0.0007473834350982,0.0007473834350982,privacy_level,362c0a07687138bcd7533d1ab0cffb289832bb8eb057411cd604738291479ddc,8.0,0.75,8.0,0.7415653755729036,2,2,0.375,0.0625,0.03125
naive-claimed-c,this-work,unsafe-diagnostic,diagnostic,1,6f271830c504d9e353b48199445cd74bef6f15cd4dae8e2a5bf88d1f12d6ed02,,2,4,1.0,0.75,0.5,0.75,0.5,0.75,0.747,0.5,False,0.5,0.4999999999999999,0.5,0.5000000000000001,,2.0,unsafe-diagnostic,1.0,1.0,0.3777904979965655,0.6222095020034345,1320,1540,0,2860,1.0,5.664978808661231,0.055899999992107,0.0002253857853453,0.0002890841742775,privacy_level,362c0a07687138bcd7533d1ab0cffb289832bb8eb057411cd604738291479ddc,8.0,0.75,8.0,0.7415653755729036,2,2,0.375,0.0625,0.03125
stable-local-fallback,this-work,user-certified,primary,2,6f271830c504d9e353b48199445cd74bef6f15cd4dae8e2a5bf88d1f12d6ed02,0.0,2,4,1.0,0.75,0.5,0.75,0.5,0.75,0.747,0.5,False,0.5,0.4999999999999999,0.5,0.5000000000000001,1.0,1.0,plan-c,1.0,1.0,0.0,1.0,0,1747,0,1747,1.0,2.0831195578319823,0.0229196000000229,0.0003645480850939,0.0004515324526355,privacy_level,362c0a07687138bcd7533d1ab0cffb289832bb8eb057411cd604738291479ddc,8.0,0.75,8.0,0.7415653755729036,2,2,0.375,0.0625,0.03125
handle-only-drop-residual,this-work,user-certified,primary,2,6f271830c504d9e353b48199445cd74bef6f15cd4dae8e2a5bf88d1f12d6ed02,1.0,2,4,1.0,0.75,0.5,0.75,0.5,0.75,0.747,0.5,False,0.5,0.4999999999999999,0.5,0.5000000000000001,1.0,1.0,plan-c,1.0,0.3737836290784201,0.3737836290784201,0.0,1306,0,0,1306,1.0,3.597003782480753,0.0340692000027047,0.0003826957206673,0.0004624847009716,privacy_level,362c0a07687138bcd7533d1ab0cffb289832bb8eb057411cd604738291479ddc,8.0,0.75,8.0,0.7415653755729036,2,2,0.375,0.0625,0.03125
unitscope-equal,this-work,user-certified,primary,2,6f271830c504d9e353b48199445cd74bef6f15cd4dae8e2a5bf88d1f12d6ed02,0.3333333333333333,2,4,1.0,0.75,0.5,0.75,0.5,0.75,0.747,0.5,False,0.5,0.4999999999999999,0.5,0.5000000000000001,1.0,1.0,plan-c,1.0,1.0,0.3737836290784201,0.6262163709215799,1306,1579,0,2885,1.0,2.295265366722418,0.0323566000006394,0.0003481492155663,0.0004372246572991,privacy_level,362c0a07687138bcd7533d1ab0cffb289832bb8eb057411cd604738291479ddc,8.0,0.75,8.0,0.7415653755729036,2,2,0.375,0.0625,0.03125
unitscope-tuned,this-work,user-certified,primary,2,6f271830c504d9e353b48199445cd74bef6f15cd4dae8e2a5bf88d1f12d6ed02,0.75,2,4,1.0,0.75,0.5,0.75,0.5,0.75,0.747,0.5,False,0.5,0.4999999999999999,0.5,0.5000000000000001,1.0,1.0,plan-c,1.0,1.0,0.3737836290784201,0.6262163709215799,1306,1579,0,2885,1.0,3.060529042323549,0.0337147999962326,0.000345354836589,0.0004286262399289,privacy_level,362c0a07687138bcd7533d1ab0cffb289832bb8eb057411cd604738291479ddc,8.0,0.75,8.0,0.7415653755729036,2,2,0.375,0.0625,0.03125
naive-recalibrated-2c,this-work,user-certified,primary,2,6f271830c504d9e353b48199445cd74bef6f15cd4dae8e2a5bf88d1f12d6ed02,,2,4,1.0,0.75,0.5,0.75,0.5,0.75,0.747,0.5,False,0.5,0.4999999999999999,0.5,0.5000000000000001,2.0,2.0,plan-delta,2.0,1.0,0.3737836290784201,0.6262163709215799,1306,1579,0,2885,1.0,2.574795284868961,0.0350303000013809,0.0001814991695141,0.0003503545520758,privacy_level,362c0a07687138bcd7533d1ab0cffb289832bb8eb057411cd604738291479ddc,8.0,0.75,8.0,0.7415653755729036,2,2,0.375,0.0625,0.03125
full-identity-reference,oracle,oracle-assumption,full-identity-reference,2,6f271830c504d9e353b48199445cd74bef6f15cd4dae8e2a5bf88d1f12d6ed02,,2,4,1.0,0.75,0.5,0.75,0.5,0.75,0.747,0.5,False,0.5,0.4999999999999999,0.5,0.5000000000000001,1.0,1.0,plan-c,1.0,1.0,0.0,0.0,0,0,0,1000,1.0,5.22654729687365,0.0404802999983076,0.0,3.507377284459695e-05,privacy_level,362c0a07687138bcd7533d1ab0cffb289832bb8eb057411cd604738291479ddc,8.0,0.75,8.0,0.7415653755729036,2,2,0.375,0.0625,0.03125
non-private-reference,oracle,non-private,diagnostic,2,6f271830c504d9e353b48199445cd74bef6f15cd4dae8e2a5bf88d1f12d6ed02,,2,4,1.0,0.75,0.5,0.75,0.5,0.75,0.747,0.5,False,0.5,0.4999999999999999,0.5,0.5000000000000001,,,non-private,0.0,1.0,0.0,0.0,0,0,0,0,0.0,inf,0.0191816000005928,0.0008851428222059,0.0008851428222059,privacy_level,362c0a07687138bcd7533d1ab0cffb289832bb8eb057411cd604738291479ddc,8.0,0.75,8.0,0.7415653755729036,2,2,0.375,0.0625,0.03125
naive-claimed-c,this-work,unsafe-diagnostic,diagnostic,2,6f271830c504d9e353b48199445cd74bef6f15cd4dae8e2a5bf88d1f12d6ed02,,2,4,1.0,0.75,0.5,0.75,0.5,0.75,0.747,0.5,False,0.5,0.4999999999999999,0.5,0.5000000000000001,,2.0,unsafe-diagnostic,1.0,1.0,0.3737836290784201,0.6262163709215799,1306,1579,0,2885,1.0,5.149590569737922,0.0326089000009233,0.0001814991695141,0.0002308530879504,privacy_level,362c0a07687138bcd7533d1ab0cffb289832bb8eb057411cd604738291479ddc,8.0,0.75,8.0,0.7415653755729036,2,2,0.375,0.0625,0.03125
stable-local-fallback,this-work,user-certified,primary,3,6f271830c504d9e353b48199445cd74bef6f15cd4dae8e2a5bf88d1f12d6ed02,0.0,2,4,1.0,0.75,0.5,0.75,0.5,0.75,0.741,0.5,False,0.5,0.4999999999999999,0.5,0.5000000000000001,1.0,1.0,plan-c,1.0,1.0,0.0,1.0,0,1741,0,1741,1.0,2.2666763039498465,0.023075199991581,0.0003839421354042,0.0004055408741501,privacy_level,362c0a07687138bcd7533d1ab0cffb289832bb8eb057411cd604738291479ddc,8.0,0.75,8.0,0.7415653755729036,2,2,0.375,0.0625,0.03125
handle-only-drop-residual,this-work,user-certified,primary,3,6f271830c504d9e353b48199445cd74bef6f15cd4dae8e2a5bf88d1f12d6ed02,1.0,2,4,1.0,0.75,0.5,0.75,0.5,0.75,0.741,0.5,False,0.5,0.4999999999999999,0.5,0.5000000000000001,1.0,1.0,plan-c,1.0,0.3767949454336588,0.3767949454336588,0.0,1312,0,0,1312,1.0,4.0826542466701365,0.0724940999934915,0.0003693225038897,0.0003984222846491,privacy_level,362c0a07687138bcd7533d1ab0cffb289832bb8eb057411cd604738291479ddc,8.0,0.75,8.0,0.7415653755729036,2,2,0.375,0.0625,0.03125
unitscope-equal,this-work,user-certified,primary,3,6f271830c504d9e353b48199445cd74bef6f15cd4dae8e2a5bf88d1f12d6ed02,0.3333333333333333,2,4,1.0,0.75,0.5,0.75,0.5,0.75,0.741,0.5,False,0.5,0.4999999999999999,0.5,0.5000000000000001,1.0,1.0,plan-c,1.0,1.0,0.3767949454336588,0.6232050545663412,1312,1550,0,2862,1.0,2.503549032040165,0.0337231000012252,0.0003622122011131,0.000387194203753,privacy_level,362c0a07687138bcd7533d1ab0cffb289832bb8eb057411cd604738291479ddc,8.0,0.75,8.0,0.7415653755729036,2,2,0.375,0.0625,0.03125
unitscope-tuned,this-work,user-certified,primary,3,6f271830c504d9e353b48199445cd74bef6f15cd4dae8e2a5bf88d1f12d6ed02,0.75,2,4,1.0,0.75,0.5,0.75,0.5,0.75,0.741,0.5,False,0.5,0.4999999999999999,0.5,0.5000000000000001,1.0,1.0,plan-c,1.0,1.0,0.3767949454336588,0.6232050545663412,1312,1550,0,2862,1.0,3.4336123496934663,0.0335496000043349,0.0003358933304367,0.0003634489444013,privacy_level,362c0a07687138bcd7533d1ab0cffb289832bb8eb057411cd604738291479ddc,8.0,0.75,8.0,0.7415653755729036,2,2,0.375,0.0625,0.03125
naive-recalibrated-2c,this-work,user-certified,primary,3,6f271830c504d9e353b48199445cd74bef6f15cd4dae8e2a5bf88d1f12d6ed02,,2,4,1.0,0.75,0.5,0.75,0.5,0.75,0.741,0.5,False,0.5,0.4999999999999999,0.5,0.5000000000000001,2.0,2.0,plan-delta,2.0,1.0,0.3767949454336588,0.6232050545663412,1312,1550,0,2862,1.0,2.8434538118340758,0.0350695999950403,0.000157938416936,0.0002842617774561,privacy_level,362c0a07687138bcd7533d1ab0cffb289832bb8eb057411cd604738291479ddc,8.0,0.75,8.0,0.7415653755729036,2,2,0.375,0.0625,0.03125
full-identity-reference,oracle,oracle-assumption,full-identity-reference,3,6f271830c504d9e353b48199445cd74bef6f15cd4dae8e2a5bf88d1f12d6ed02,,2,4,1.0,0.75,0.5,0.75,0.5,0.75,0.741,0.5,False,0.5,0.4999999999999999,0.5,0.5000000000000001,1.0,1.0,plan-c,1.0,1.0,0.0,0.0,0,0,0,1000,1.0,5.7212359014939125,0.0438013999955728,0.0,3.144656992614111e-05,privacy_level,362c0a07687138bcd7533d1ab0cffb289832bb8eb057411cd604738291479ddc,8.0,0.75,8.0,0.7415653755729036,2,2,0.375,0.0625,0.03125
non-private-reference,oracle,non-private,diagnostic,3,6f271830c504d9e353b48199445cd74bef6f15cd4dae8e2a5bf88d1f12d6ed02,,2,4,1.0,0.75,0.5,0.75,0.5,0.75,0.741,0.5,False,0.5,0.4999999999999999,0.5,0.5000000000000001,,,non-private,0.0,1.0,0.0,0.0,0,0,0,0,0.0,inf,0.0201366999972378,0.000878462574273,0.000878462574273,privacy_level,362c0a07687138bcd7533d1ab0cffb289832bb8eb057411cd604738291479ddc,8.0,0.75,8.0,0.7415653755729036,2,2,0.375,0.0625,0.03125
naive-claimed-c,this-work,unsafe-diagnostic,diagnostic,3,6f271830c504d9e353b48199445cd74bef6f15cd4dae8e2a5bf88d1f12d6ed02,,2,4,1.0,0.75,0.5,0.75,0.5,0.75,0.741,0.5,False,0.5,0.4999999999999999,0.5,0.5000000000000001,,2.0,unsafe-diagnostic,1.0,1.0,0.3767949454336588,0.6232050545663412,1312,1550,0,2862,1.0,5.686907623668151,0.0333731999999145,0.000157938416936,0.0001896535272699,privacy_level,362c0a07687138bcd7533d1ab0cffb289832bb8eb057411cd604738291479ddc,8.0,0.75,8.0,0.7415653755729036,2,2,0.375,0.0625,0.03125
stable-local-fallback,this-work,user-certified,primary,4,6f271830c504d9e353b48199445cd74bef6f15cd4dae8e2a5bf88d1f12d6ed02,0.0,2,4,1.0,0.75,0.5,0.75,0.5,0.75,0.773,0.5,False,0.5,0.4999999999999999,0.5,0.5000000000000001,1.0,1.0,plan-c,1.0,1.0,0.0,1.0,0,1773,0,1773,1.0,2.029405459935351,0.022762499997043,0.0003521826427756,0.0003576906940324,privacy_level,362c0a07687138bcd7533d1ab0cffb289832bb8eb057411cd604738291479ddc,8.0,0.75,8.0,0.7415653755729036,2,2,0.375,0.0625,0.03125
handle-only-drop-residual,this-work,user-certified,primary,4,6f271830c504d9e353b48199445cd74bef6f15cd4dae8e2a5bf88d1f12d6ed02,1.0,2,4,1.0,0.75,0.5,0.75,0.5,0.75,0.773,0.5,False,0.5,0.4999999999999999,0.5,0.5000000000000001,1.0,1.0,plan-c,1.0,0.3767625493513818,0.3767625493513818,0.0,1336,0,0,1336,1.0,3.924114635025336,0.0314515000063693,0.0003700013493819,0.0003690793531759,privacy_level,362c0a07687138bcd7533d1ab0cffb289832bb8eb057411cd604738291479ddc,8.0,0.75,8.0,0.7415653755729036,2,2,0.375,0.0625,0.03125
unitscope-equal,this-work,user-certified,primary,4,6f271830c504d9e353b48199445cd74bef6f15cd4dae8e2a5bf88d1f12d6ed02,0.3333333333333333,2,4,1.0,0.75,0.5,0.75,0.5,0.75,0.773,0.5,False,0.5,0.4999999999999999,0.5,0.5000000000000001,1.0,1.0,plan-c,1.0,1.0,0.3767625493513818,0.6232374506486181,1336,1569,0,2905,1.0,2.307209327896205,0.032662400000845,0.0003292279401507,0.0003305051268526,privacy_level,362c0a07687138bcd7533d1ab0cffb289832bb8eb057411cd604738291479ddc,8.0,0.75,8.0,0.7415653755729036,2,2,0.375,0.0625,0.03125
unitscope-tuned,this-work,user-certified,primary,4,6f271830c504d9e353b48199445cd74bef6f15cd4dae8e2a5bf88d1f12d6ed02,0.75,2,4,1.0,0.75,0.5,0.75,0.5,0.75,0.773,0.5,False,0.5,0.4999999999999999,0.5,0.5000000000000001,1.0,1.0,plan-c,1.0,1.0,0.3767625493513818,0.6232374506486181,1336,1569,0,2905,1.0,3.2640680175190853,0.036217700006091,0.000321366853475,0.0003212695508595,privacy_level,362c0a07687138bcd7533d1ab0cffb289832bb8eb057411cd604738291479ddc,8.0,0.75,8.0,0.7415653755729036,2,2,0.375,0.0625,0.03125
naive-recalibrated-2c,this-work,user-certified,primary,4,6f271830c504d9e353b48199445cd74bef6f15cd4dae8e2a5bf88d1f12d6ed02,,2,4,1.0,0.75,0.5,0.75,0.5,0.75,0.773,0.5,False,0.5,0.4999999999999999,0.5,0.5000000000000001,2.0,2.0,plan-delta,2.0,1.0,0.3767625493513818,0.6232374506486181,1336,1569,0,2905,1.0,2.6587759962841617,0.0367601999896578,0.0001894373709243,0.0002895195168183,privacy_level,362c0a07687138bcd7533d1ab0cffb289832bb8eb057411cd604738291479ddc,8.0,0.75,8.0,0.7415653755729036,2,2,0.375,0.0625,0.03125
full-identity-reference,oracle,oracle-assumption,full-identity-reference,4,6f271830c504d9e353b48199445cd74bef6f15cd4dae8e2a5bf88d1f12d6ed02,,2,4,1.0,0.75,0.5,0.75,0.5,0.75,0.773,0.5,False,0.5,0.4999999999999999,0.5,0.5000000000000001,1.0,1.0,plan-c,1.0,1.0,0.0,0.0,0,0,0,1000,1.0,5.1743518703122815,0.044250999999349,0.0,3.450958520111424e-05,privacy_level,362c0a07687138bcd7533d1ab0cffb289832bb8eb057411cd604738291479ddc,8.0,0.75,8.0,0.7415653755729036,2,2,0.375,0.0625,0.03125
non-private-reference,oracle,non-private,diagnostic,4,6f271830c504d9e353b48199445cd74bef6f15cd4dae8e2a5bf88d1f12d6ed02,,2,4,1.0,0.75,0.5,0.75,0.5,0.75,0.773,0.5,False,0.5,0.4999999999999999,0.5,0.5000000000000001,,,non-private,0.0,1.0,0.0,0.0,0,0,0,0,0.0,inf,0.0404385000001639,0.0007718421729248,0.0007718421729248,privacy_level,362c0a07687138bcd7533d1ab0cffb289832bb8eb057411cd604738291479ddc,8.0,0.75,8.0,0.7415653755729036,2,2,0.375,0.0625,0.03125
naive-claimed-c,this-work,unsafe-diagnostic,diagnostic,4,6f271830c504d9e353b48199445cd74bef6f15cd4dae8e2a5bf88d1f12d6ed02,,2,4,1.0,0.75,0.5,0.75,0.5,0.75,0.773,0.5,False,0.5,0.4999999999999999,0.5,0.5000000000000001,,2.0,unsafe-diagnostic,1.0,1.0,0.3767625493513818,0.6232374506486181,1336,1569,0,2905,1.0,5.3175519925683234,0.0332570000027772,0.0001894373709243,0.0002049688586702,privacy_level,362c0a07687138bcd7533d1ab0cffb289832bb8eb057411cd604738291479ddc,8.0,0.75,8.0,0.7415653755729036,2,2,0.375,0.0625,0.03125
stable-local-fallback,this-work,user-certified,primary,5,6f271830c504d9e353b48199445cd74bef6f15cd4dae8e2a5bf88d1f12d6ed02,0.0,2,4,1.0,0.75,0.5,0.75,0.5,0.75,0.744,0.5,False,0.5,0.4999999999999999,0.5,0.5000000000000001,1.0,1.0,plan-c,1.0,1.0,0.0,1.0,0,1744,0,1744,1.0,1.7560266391122794,0.0248520000022836,0.0003812717241223,0.0003750253116152,privacy_level,362c0a07687138bcd7533d1ab0cffb289832bb8eb057411cd604738291479ddc,8.0,0.75,8.0,0.7415653755729036,2,2,0.375,0.0625,0.03125
handle-only-drop-residual,this-work,user-certified,primary,5,6f271830c504d9e353b48199445cd74bef6f15cd4dae8e2a5bf88d1f12d6ed02,1.0,2,4,1.0,0.75,0.5,0.75,0.5,0.75,0.744,0.5,False,0.5,0.4999999999999999,0.5,0.5000000000000001,1.0,1.0,plan-c,1.0,0.3752866972477064,0.3752866972477064,0.0,1309,0,0,1309,1.0,3.3348155171362266,0.0354405999969458,0.0003431411148547,0.0003495716235377,privacy_level,362c0a07687138bcd7533d1ab0cffb289832bb8eb057411cd604738291479ddc,8.0,0.75,8.0,0.7415653755729036,2,2,0.375,0.0625,0.03125
unitscope-equal,this-work,user-certified,primary,5,6f271830c504d9e353b48199445cd74bef6f15cd4dae8e2a5bf88d1f12d6ed02,0.3333333333333333,2,4,1.0,0.75,0.5,0.75,0.5,0.75,0.744,0.5,False,0.5,0.4999999999999999,0.5,0.5000000000000001,1.0,1.0,plan-c,1.0,1.0,0.3752866972477064,0.6247133027522935,1309,1568,0,2877,1.0,2.0793297294374304,0.0346552999981213,0.00033423201255,0.0003330980724699,privacy_level,362c0a07687138bcd7533d1ab0cffb289832bb8eb057411cd604738291479ddc,8.0,0.75,8.0,0.7415653755729036,2,2,0.375,0.0625,0.03125
unitscope-tuned,this-work,user-certified,primary,5,6f271830c504d9e353b48199445cd74bef6f15cd4dae8e2a5bf88d1f12d6ed02,0.75,2,4,1.0,0.75,0.5,0.75,0.5,0.75,0.744,0.5,False,0.5,0.4999999999999999,0.5,0.5000000000000001,1.0,1.0,plan-c,1.0,1.0,0.3752866972477064,0.6247133027522935,1309,1568,0,2877,1.0,2.8233692410331983,0.034337899996899,0.0003124279401521,0.0003160217805489,privacy_level,362c0a07687138bcd7533d1ab0cffb289832bb8eb057411cd604738291479ddc,8.0,0.75,8.0,0.7415653755729036,2,2,0.375,0.0625,0.03125
naive-recalibrated-2c,this-work,user-certified,primary,5,6f271830c504d9e353b48199445cd74bef6f15cd4dae8e2a5bf88d1f12d6ed02,,2,4,1.0,0.75,0.5,0.75,0.5,0.75,0.744,0.5,False,0.5,0.4999999999999999,0.5,0.5000000000000001,2.0,2.0,plan-delta,2.0,1.0,0.3752866972477064,0.6247133027522935,1309,1568,0,2877,1.0,2.354253155315252,0.0335597999946912,0.0001812838022615,0.0003517215328488,privacy_level,362c0a07687138bcd7533d1ab0cffb289832bb8eb057411cd604738291479ddc,8.0,0.75,8.0,0.7415653755729036,2,2,0.375,0.0625,0.03125
full-identity-reference,oracle,oracle-assumption,full-identity-reference,5,6f271830c504d9e353b48199445cd74bef6f15cd4dae8e2a5bf88d1f12d6ed02,,2,4,1.0,0.75,0.5,0.75,0.5,0.75,0.744,0.5,False,0.5,0.4999999999999999,0.5,0.5000000000000001,1.0,1.0,plan-c,1.0,1.0,0.0,0.0,0,0,0,1000,1.0,4.572838264560243,0.042304000002332,0.0,4.5577724790732e-05,privacy_level,362c0a07687138bcd7533d1ab0cffb289832bb8eb057411cd604738291479ddc,8.0,0.75,8.0,0.7415653755729036,2,2,0.375,0.0625,0.03125
non-private-reference,oracle,non-private,diagnostic,5,6f271830c504d9e353b48199445cd74bef6f15cd4dae8e2a5bf88d1f12d6ed02,,2,4,1.0,0.75,0.5,0.75,0.5,0.75,0.744,0.5,False,0.5,0.4999999999999999,0.5,0.5000000000000001,,,non-private,0.0,1.0,0.0,0.0,0,0,0,0,0.0,inf,0.0210712999978568,0.0007719797433812,0.0007719797433812,privacy_level,362c0a07687138bcd7533d1ab0cffb289832bb8eb057411cd604738291479ddc,8.0,0.75,8.0,0.7415653755729036,2,2,0.375,0.0625,0.03125
naive-claimed-c,this-work,unsafe-diagnostic,diagnostic,5,6f271830c504d9e353b48199445cd74bef6f15cd4dae8e2a5bf88d1f12d6ed02,,2,4,1.0,0.75,0.5,0.75,0.5,0.75,0.744,0.5,False,0.5,0.4999999999999999,0.5,0.5000000000000001,,2.0,unsafe-diagnostic,1.0,1.0,0.3752866972477064,0.6247133027522935,1309,1568,0,2877,1.0,4.708506310630503,0.0340734000055817,0.0001812838022615,0.0002209249427644,privacy_level,362c0a07687138bcd7533d1ab0cffb289832bb8eb057411cd604738291479ddc,8.0,0.75,8.0,0.7415653755729036,2,2,0.375,0.0625,0.03125
stable-local-fallback,this-work,user-certified,primary,6,6f271830c504d9e353b48199445cd74bef6f15cd4dae8e2a5bf88d1f12d6ed02,0.0,2,4,1.0,0.75,0.5,0.75,0.5,0.75,0.74,0.5,False,0.5,0.4999999999999999,0.5,0.5000000000000001,1.0,1.0,plan-c,1.0,1.0,0.0,1.0,0,1740,0,1740,1.0,2.6470371059832787,0.0466161000076681,0.0004989666391475,0.000489089886776,privacy_level,362c0a07687138bcd7533d1ab0cffb289832bb8eb057411cd604738291479ddc,8.0,0.75,8.0,0.7415653755729036,2,2,0.375,0.0625,0.03125
handle-only-drop-residual,this-work,user-certified,primary,6,6f271830c504d9e353b48199445cd74bef6f15cd4dae8e2a5bf88d1f12d6ed02,1.0,2,4,1.0,0.75,0.5,0.75,0.5,0.75,0.74,0.5,False,0.5,0.4999999999999999,0.5,0.5000000000000001,1.0,1.0,plan-c,1.0,0.3781609195402299,0.3781609195402299,0.0,1316,0,0,1316,1.0,4.601346964378937,0.0342485000001033,0.0003477443375569,0.0003508256269539,privacy_level,362c0a07687138bcd7533d1ab0cffb289832bb8eb057411cd604738291479ddc,8.0,0.75,8.0,0.7415653755729036,2,2,0.375,0.0625,0.03125
unitscope-equal,this-work,user-certified,primary,6,6f271830c504d9e353b48199445cd74bef6f15cd4dae8e2a5bf88d1f12d6ed02,0.3333333333333333,2,4,1.0,0.75,0.5,0.75,0.5,0.75,0.74,0.5,False,0.5,0.4999999999999999,0.5,0.5000000000000001,1.0,1.0,plan-c,1.0,1.0,0.3781609195402299,0.6218390804597701,1316,1557,0,2873,1.0,2.898259480351234,0.0342487000016262,0.0004596110884431,0.0004522194433924,privacy_level,362c0a07687138bcd7533d1ab0cffb289832bb8eb057411cd604738291479ddc,8.0,0.75,8.0,0.7415653755729036,2,2,0.375,0.0625,0.03125
unitscope-tuned,this-work,user-certified,primary,6,6f271830c504d9e353b48199445cd74bef6f15cd4dae8e2a5bf88d1f12d6ed02,0.75,2,4,1.0,0.75,0.5,0.75,0.5,0.75,0.74,0.5,False,0.5,0.4999999999999999,0.5,0.5000000000000001,1.0,1.0,plan-c,1.0,1.0,0.3781609195402299,0.6218390804597701,1316,1557,0,2873,1.0,3.922446037688325,0.0341017000027932,0.0003615076651246,0.0003606616041037,privacy_level,362c0a07687138bcd7533d1ab0cffb289832bb8eb057411cd604738291479ddc,8.0,0.75,8.0,0.7415653755729036,2,2,0.375,0.0625,0.03125
naive-recalibrated-2c,this-work,user-certified,primary,6,6f271830c504d9e353b48199445cd74bef6f15cd4dae8e2a5bf88d1f12d6ed02,,2,4,1.0,0.75,0.5,0.75,0.5,0.75,0.74,0.5,False,0.5,0.4999999999999999,0.5,0.5000000000000001,2.0,2.0,plan-delta,2.0,1.0,0.3781609195402299,0.6218390804597701,1316,1557,0,2873,1.0,3.285624213168976,0.0325862999889068,0.0001249998971735,0.0002146769945894,privacy_level,362c0a07687138bcd7533d1ab0cffb289832bb8eb057411cd604738291479ddc,8.0,0.75,8.0,0.7415653755729036,2,2,0.375,0.0625,0.03125
full-identity-reference,oracle,oracle-assumption,full-identity-reference,6,6f271830c504d9e353b48199445cd74bef6f15cd4dae8e2a5bf88d1f12d6ed02,,2,4,1.0,0.75,0.5,0.75,0.5,0.75,0.74,0.5,False,0.5,0.4999999999999999,0.5,0.5000000000000001,1.0,1.0,plan-c,1.0,1.0,0.0,0.0,0,0,0,1000,1.0,6.790644185865934,0.0416651000123238,0.0,2.826786766778012e-05,privacy_level,362c0a07687138bcd7533d1ab0cffb289832bb8eb057411cd604738291479ddc,8.0,0.75,8.0,0.7415653755729036,2,2,0.375,0.0625,0.03125
non-private-reference,oracle,non-private,diagnostic,6,6f271830c504d9e353b48199445cd74bef6f15cd4dae8e2a5bf88d1f12d6ed02,,2,4,1.0,0.75,0.5,0.75,0.5,0.75,0.74,0.5,False,0.5,0.4999999999999999,0.5,0.5000000000000001,,,non-private,0.0,1.0,0.0,0.0,0,0,0,0,0.0,inf,0.018994099998963,0.0010544449245296,0.0010544449245296,privacy_level,362c0a07687138bcd7533d1ab0cffb289832bb8eb057411cd604738291479ddc,8.0,0.75,8.0,0.7415653755729036,2,2,0.375,0.0625,0.03125
naive-claimed-c,this-work,unsafe-diagnostic,diagnostic,6,6f271830c504d9e353b48199445cd74bef6f15cd4dae8e2a5bf88d1f12d6ed02,,2,4,1.0,0.75,0.5,0.75,0.5,0.75,0.74,0.5,False,0.5,0.4999999999999999,0.5,0.5000000000000001,,2.0,unsafe-diagnostic,1.0,1.0,0.3781609195402299,0.6218390804597701,1316,1557,0,2873,1.0,6.571248426337951,0.0318115999980364,0.0001249998971735,0.0001415705782137,privacy_level,362c0a07687138bcd7533d1ab0cffb289832bb8eb057411cd604738291479ddc,8.0,0.75,8.0,0.7415653755729036,2,2,0.375,0.0625,0.03125
stable-local-fallback,this-work,user-certified,primary,7,6f271830c504d9e353b48199445cd74bef6f15cd4dae8e2a5bf88d1f12d6ed02,0.0,2,4,1.0,0.75,0.5,0.75,0.5,0.75,0.753,0.5,False,0.5,0.4999999999999999,0.5,0.5000000000000001,1.0,1.0,plan-c,1.0,1.0,0.0,1.0,0,1753,0,1753,1.0,2.0971890996075,0.0240402999916113,0.0003381180013309,0.0003912739421287,privacy_level,362c0a07687138bcd7533d1ab0cffb289832bb8eb057411cd604738291479ddc,8.0,0.75,8.0,0.7415653755729036,2,2,0.375,0.0625,0.03125
handle-only-drop-residual,this-work,user-certified,primary,7,6f271830c504d9e353b48199445cd74bef6f15cd4dae8e2a5bf88d1f12d6ed02,1.0,2,4,1.0,0.75,0.5,0.75,0.5,0.75,0.753,0.5,False,0.5,0.4999999999999999,0.5,0.5000000000000001,1.0,1.0,plan-c,1.0,0.372219053051911,0.372219053051911,0.0,1305,0,0,1305,1.0,3.684470476427727,0.0325937000015983,0.0003114125743416,0.0004005378834063,privacy_level,362c0a07687138bcd7533d1ab0cffb289832bb8eb057411cd604738291479ddc,8.0,0.75,8.0,0.7415653755729036,2,2,0.375,0.0625,0.03125
unitscope-equal,this-work,user-certified,primary,7,6f271830c504d9e353b48199445cd74bef6f15cd4dae8e2a5bf88d1f12d6ed02,0.3333333333333333,2,4,1.0,0.75,0.5,0.75,0.5,0.75,0.753,0.5,False,0.5,0.4999999999999999,0.5,0.5000000000000001,1.0,1.0,plan-c,1.0,1.0,0.372219053051911,0.627780946948089,1305,1559,0,2864,1.0,2.3063491038437123,0.0325419000000692,0.0003252741588427,0.0003867174743091,privacy_level,362c0a07687138bcd7533d1ab0cffb289832bb8eb057411cd604738291479ddc,8.0,0.75,8.0,0.7415653755729036,2,2,0.375,0.0625,0.03125
unitscope-tuned,this-work,user-certified,primary,7,6f271830c504d9e353b48199445cd74bef6f15cd4dae8e2a5bf88d1f12d6ed02,0.75,2,4,1.0,0.75,0.5,0.75,0.5,0.75,0.753,0.5,False,0.5,0.4999999999999999,0.5,0.5000000000000001,1.0,1.0,plan-c,1.0,1.0,0.372219053051911,0.627780946948089,1305,1559,0,2864,1.0,3.127716317450553,0.0330913999932818,0.000294354845657,0.0003730994071223,privacy_level,362c0a07687138bcd7533d1ab0cffb289832bb8eb057411cd604738291479ddc,8.0,0.75,8.0,0.7415653755729036,2,2,0.375,0.0625,0.03125
naive-recalibrated-2c,this-work,user-certified,primary,7,6f271830c504d9e353b48199445cd74bef6f15cd4dae8e2a5bf88d1f12d6ed02,,2,4,1.0,0.75,0.5,0.75,0.5,0.75,0.753,0.5,False,0.5,0.4999999999999999,0.5,0.5000000000000001,2.0,2.0,plan-delta,2.0,1.0,0.372219053051911,0.627780946948089,1305,1559,0,2864,1.0,2.6126457092381634,0.0632533999887527,0.000157089083367,0.0003697815217658,privacy_level,362c0a07687138bcd7533d1ab0cffb289832bb8eb057411cd604738291479ddc,8.0,0.75,8.0,0.7415653755729036,2,2,0.375,0.0625,0.03125
full-identity-reference,oracle,oracle-assumption,full-identity-reference,7,6f271830c504d9e353b48199445cd74bef6f15cd4dae8e2a5bf88d1f12d6ed02,,2,4,1.0,0.75,0.5,0.75,0.5,0.75,0.753,0.5,False,0.5,0.4999999999999999,0.5,0.5000000000000001,1.0,1.0,plan-c,1.0,1.0,0.0,0.0,0,0,0,1000,1.0,5.269456490207377,0.0419801000098232,0.0,3.194533304464666e-05,privacy_level,362c0a07687138bcd7533d1ab0cffb289832bb8eb057411cd604738291479ddc,8.0,0.75,8.0,0.7415653755729036,2,2,0.375,0.0625,0.03125
non-private-reference,oracle,non-private,diagnostic,7,6f271830c504d9e353b48199445cd74bef6f15cd4dae8e2a5bf88d1f12d6ed02,,2,4,1.0,0.75,0.5,0.75,0.5,0.75,0.753,0.5,False,0.5,0.4999999999999999,0.5,0.5000000000000001,,,non-private,0.0,1.0,0.0,0.0,0,0,0,0,0.0,inf,0.020249999986845,0.0008150035796582,0.0008150035796582,privacy_level,362c0a07687138bcd7533d1ab0cffb289832bb8eb057411cd604738291479ddc,8.0,0.75,8.0,0.7415653755729036,2,2,0.375,0.0625,0.03125
naive-claimed-c,this-work,unsafe-diagnostic,diagnostic,7,6f271830c504d9e353b48199445cd74bef6f15cd4dae8e2a5bf88d1f12d6ed02,,2,4,1.0,0.75,0.5,0.75,0.5,0.75,0.753,0.5,False,0.5,0.4999999999999999,0.5,0.5000000000000001,,2.0,unsafe-diagnostic,1.0,1.0,0.372219053051911,0.627780946948089,1305,1559,0,2864,1.0,5.225291418476327,0.032435399989481,0.000157089083367,0.0002314899695217,privacy_level,362c0a07687138bcd7533d1ab0cffb289832bb8eb057411cd604738291479ddc,8.0,0.75,8.0,0.7415653755729036,2,2,0.375,0.0625,0.03125
stable-local-fallback,this-work,user-certified,primary,8,6f271830c504d9e353b48199445cd74bef6f15cd4dae8e2a5bf88d1f12d6ed02,0.0,2,4,1.0,0.75,0.5,0.75,0.5,0.75,0.74,0.5,False,0.5,0.4999999999999999,0.5,0.5000000000000001,1.0,1.0,plan-c,1.0,1.0,0.0,1.0,0,1740,0,1740,1.0,2.400461040581967,0.0226497000112431,0.0004802408991836,0.0006349854692053,privacy_level,362c0a07687138bcd7533d1ab0cffb289832bb8eb057411cd604738291479ddc,8.0,0.75,8.0,0.7415653755729036,2,2,0.375,0.0625,0.03125
handle-only-drop-residual,this-work,user-certified,primary,8,6f271830c504d9e353b48199445cd74bef6f15cd4dae8e2a5bf88d1f12d6ed02,1.0,2,4,1.0,0.75,0.5,0.75,0.5,0.75,0.74,0.5,False,0.5,0.4999999999999999,0.5,0.5000000000000001,1.0,1.0,plan-c,1.0,0.3747126436781609,0.3747126436781609,0.0,1304,0,0,1304,1.0,4.614118132176232,0.0326245999895036,0.0002538776836328,0.0003685614958147,privacy_level,362c0a07687138bcd7533d1ab0cffb289832bb8eb057411cd604738291479ddc,8.0,0.75,8.0,0.7415653755729036,2,2,0.375,0.0625,0.03125
unitscope-equal,this-work,user-certified,primary,8,6f271830c504d9e353b48199445cd74bef6f15cd4dae8e2a5bf88d1f12d6ed02,0.3333333333333333,2,4,1.0,0.75,0.5,0.75,0.5,0.75,0.74,0.5,False,0.5,0.4999999999999999,0.5,0.5000000000000001,1.0,1.0,plan-c,1.0,1.0,0.3747126436781609,0.6252873563218391,1304,1545,0,2849,1.0,2.820901536956385,0.0326537999935681,0.000393762300136,0.0005453405490273,privacy_level,362c0a07687138bcd7533d1ab0cffb289832bb8eb057411cd604738291479ddc,8.0,0.75,8.0,0.7415653755729036,2,2,0.375,0.0625,0.03125
unitscope-tuned,this-work,user-certified,primary,8,6f271830c504d9e353b48199445cd74bef6f15cd4dae8e2a5bf88d1f12d6ed02,0.75,2,4,1.0,0.75,0.5,0.75,0.5,0.75,0.74,0.5,False,0.5,0.4999999999999999,0.5,0.5000000000000001,1.0,1.0,plan-c,1.0,1.0,0.3747126436781609,0.6252873563218391,1304,1545,0,2849,1.0,3.9146479124332334,0.0318051000067498,0.0002687791386693,0.0003972983646172,privacy_level,362c0a07687138bcd7533d1ab0cffb289832bb8eb057411cd604738291479ddc,8.0,0.75,8.0,0.7415653755729036,2,2,0.375,0.0625,0.03125
naive-recalibrated-2c,this-work,user-certified,primary,8,6f271830c504d9e353b48199445cd74bef6f15cd4dae8e2a5bf88d1f12d6ed02,,2,4,1.0,0.75,0.5,0.75,0.5,0.75,0.74,0.5,False,0.5,0.4999999999999999,0.5,0.5000000000000001,2.0,2.0,plan-delta,2.0,1.0,0.3747126436781609,0.6252873563218391,1304,1545,0,2849,1.0,3.2431345261608,0.0317618999979458,0.000138125567548,0.0003167618089918,privacy_level,362c0a07687138bcd7533d1ab0cffb289832bb8eb057411cd604738291479ddc,8.0,0.75,8.0,0.7415653755729036,2,2,0.375,0.0625,0.03125
full-identity-reference,oracle,oracle-assumption,full-identity-reference,8,6f271830c504d9e353b48199445cd74bef6f15cd4dae8e2a5bf88d1f12d6ed02,,2,4,1.0,0.75,0.5,0.75,0.5,0.75,0.74,0.5,False,0.5,0.4999999999999999,0.5,0.5000000000000001,1.0,1.0,plan-c,1.0,1.0,0.0,0.0,0,0,0,1000,1.0,5.864605105890775,0.039986100004171,0.0,3.8881419776576925e-05,privacy_level,362c0a07687138bcd7533d1ab0cffb289832bb8eb057411cd604738291479ddc,8.0,0.75,8.0,0.7415653755729036,2,2,0.375,0.0625,0.03125
non-private-reference,oracle,non-private,diagnostic,8,6f271830c504d9e353b48199445cd74bef6f15cd4dae8e2a5bf88d1f12d6ed02,,2,4,1.0,0.75,0.5,0.75,0.5,0.75,0.74,0.5,False,0.5,0.4999999999999999,0.5,0.5000000000000001,,,non-private,0.0,1.0,0.0,0.0,0,0,0,0,0.0,inf,0.0186347999988356,0.0013100686235273,0.0013100686235273,privacy_level,362c0a07687138bcd7533d1ab0cffb289832bb8eb057411cd604738291479ddc,8.0,0.75,8.0,0.7415653755729036,2,2,0.375,0.0625,0.03125
naive-claimed-c,this-work,unsafe-diagnostic,diagnostic,8,6f271830c504d9e353b48199445cd74bef6f15cd4dae8e2a5bf88d1f12d6ed02,,2,4,1.0,0.75,0.5,0.75,0.5,0.75,0.74,0.5,False,0.5,0.4999999999999999,0.5,0.5000000000000001,,2.0,unsafe-diagnostic,1.0,1.0,0.3747126436781609,0.6252873563218391,1304,1545,0,2849,1.0,6.4862690523216,0.0319066999945789,0.000138125567548,0.0001885622684933,privacy_level,362c0a07687138bcd7533d1ab0cffb289832bb8eb057411cd604738291479ddc,8.0,0.75,8.0,0.7415653755729036,2,2,0.375,0.0625,0.03125
stable-local-fallback,this-work,user-certified,primary,9,6f271830c504d9e353b48199445cd74bef6f15cd4dae8e2a5bf88d1f12d6ed02,0.0,2,4,1.0,0.75,0.5,0.75,0.5,0.75,0.727,0.5,False,0.5,0.4999999999999999,0.5,0.5000000000000001,1.0,1.0,plan-c,1.0,1.0,0.0,1.0,0,1727,0,1727,1.0,2.2330993149668736,0.0239507999940542,0.0003542774961372,0.0003945310423406,privacy_level,362c0a07687138bcd7533d1ab0cffb289832bb8eb057411cd604738291479ddc,8.0,0.75,8.0,0.7415653755729036,2,2,0.375,0.0625,0.03125
handle-only-drop-residual,this-work,user-certified,primary,9,6f271830c504d9e353b48199445cd74bef6f15cd4dae8e2a5bf88d1f12d6ed02,1.0,2,4,1.0,0.75,0.5,0.75,0.5,0.75,0.727,0.5,False,0.5,0.4999999999999999,0.5,0.5000000000000001,1.0,1.0,plan-c,1.0,0.3755066589461494,0.3755066589461494,0.0,1297,0,0,1297,1.0,4.045751816430078,0.0328737000090768,0.0004088078141732,0.0004599389856065,privacy_level,362c0a07687138bcd7533d1ab0cffb289832bb8eb057411cd604738291479ddc,8.0,0.75,8.0,0.7415653755729036,2,2,0.375,0.0625,0.03125
unitscope-equal,this-work,user-certified,primary,9,6f271830c504d9e353b48199445cd74bef6f15cd4dae8e2a5bf88d1f12d6ed02,0.3333333333333333,2,4,1.0,0.75,0.5,0.75,0.5,0.75,0.727,0.5,False,0.5,0.4999999999999999,0.5,0.5000000000000001,1.0,1.0,plan-c,1.0,1.0,0.3755066589461494,0.6244933410538506,1297,1540,0,2837,1.0,2.47946475950116,0.0321977999992668,0.0003392358068723,0.0003796221903749,privacy_level,362c0a07687138bcd7533d1ab0cffb289832bb8eb057411cd604738291479ddc,8.0,0.75,8.0,0.7415653755729036,2,2,0.375,0.0625,0.03125
unitscope-tuned,this-work,user-certified,primary,9,6f271830c504d9e353b48199445cd74bef6f15cd4dae8e2a5bf88d1f12d6ed02,0.75,2,4,1.0,0.75,0.5,0.75,0.5,0.75,0.727,0.5,False,0.5,0.4999999999999999,0.5,0.5000000000000001,1.0,1.0,plan-c,1.0,1.0,0.3755066589461494,0.6244933410538506,1297,1540,0,2837,1.0,3.3948451710638774,0.0339877999940654,0.0003533169943073,0.0004004188702666,privacy_level,362c0a07687138bcd7533d1ab0cffb289832bb8eb057411cd604738291479ddc,8.0,0.75,8.0,0.7415653755729036,2,2,0.375,0.0625,0.03125
naive-recalibrated-2c,this-work,user-certified,primary,9,6f271830c504d9e353b48199445cd74bef6f15cd4dae8e2a5bf88d1f12d6ed02,,2,4,1.0,0.75,0.5,0.75,0.5,0.75,0.727,0.5,False,0.5,0.4999999999999999,0.5,0.5000000000000001,2.0,2.0,plan-delta,2.0,1.0,0.3755066589461494,0.6244933410538506,1297,1540,0,2837,1.0,2.80970416956722,0.0336632999969879,0.0001973322068933,0.0003415928488972,privacy_level,362c0a07687138bcd7533d1ab0cffb289832bb8eb057411cd604738291479ddc,8.0,0.75,8.0,0.7415653755729036,2,2,0.375,0.0625,0.03125
full-identity-reference,oracle,oracle-assumption,full-identity-reference,9,6f271830c504d9e353b48199445cd74bef6f15cd4dae8e2a5bf88d1f12d6ed02,,2,4,1.0,0.75,0.5,0.75,0.5,0.75,0.727,0.5,False,0.5,0.4999999999999999,0.5,0.5000000000000001,1.0,1.0,plan-c,1.0,1.0,0.0,0.0,0,0,0,1000,1.0,5.648362060019918,0.0423360999993747,0.0,2.909586366824385e-05,privacy_level,362c0a07687138bcd7533d1ab0cffb289832bb8eb057411cd604738291479ddc,8.0,0.75,8.0,0.7415653755729036,2,2,0.375,0.0625,0.03125
non-private-reference,oracle,non-private,diagnostic,9,6f271830c504d9e353b48199445cd74bef6f15cd4dae8e2a5bf88d1f12d6ed02,,2,4,1.0,0.75,0.5,0.75,0.5,0.75,0.727,0.5,False,0.5,0.4999999999999999,0.5,0.5000000000000001,,,non-private,0.0,1.0,0.0,0.0,0,0,0,0,0.0,inf,0.020862000004854,0.0008195914157725,0.0008195914157725,privacy_level,362c0a07687138bcd7533d1ab0cffb289832bb8eb057411cd604738291479ddc,8.0,0.75,8.0,0.7415653755729036,2,2,0.375,0.0625,0.03125
naive-claimed-c,this-work,unsafe-diagnostic,diagnostic,9,6f271830c504d9e353b48199445cd74bef6f15cd4dae8e2a5bf88d1f12d6ed02,,2,4,1.0,0.75,0.5,0.75,0.5,0.75,0.727,0.5,False,0.5,0.4999999999999999,0.5,0.5000000000000001,,2.0,unsafe-diagnostic,1.0,1.0,0.3755066589461494,0.6244933410538506,1297,1540,0,2837,1.0,5.6194083391344405,0.0331414999964181,0.0001973322068933,0.000240366664227,privacy_level,362c0a07687138bcd7533d1ab0cffb289832bb8eb057411cd604738291479ddc,8.0,0.75,8.0,0.7415653755729036,2,2,0.375,0.0625,0.03125
stable-local-fallback,this-work,user-certified,primary,0,ce4c61eebe5a89ca14355cc72dabae0b17fd904ea332a9dc7218d18aac26eb0b,0.0,2,4,1.0,0.75,0.5,0.75,0.5,0.75,0.753,0.5,False,0.5,0.4999999999999999,0.5,0.5000000000000001,1.0,1.0,plan-c,1.0,1.0,0.0,1.0,0,1753,0,1753,1.0,3.769970401099081,0.0239753999921958,0.0005048202526941,0.0005273412388507,privacy_level,659b2993335bd8f482d64c183132538fed984917e05135f59b60d03b389ac22a,16.0,0.75,16.0,0.4061720840660698,2,2,0.375,0.0625,0.03125
handle-only-drop-residual,this-work,user-certified,primary,0,ce4c61eebe5a89ca14355cc72dabae0b17fd904ea332a9dc7218d18aac26eb0b,1.0,2,4,1.0,0.75,0.5,0.75,0.5,0.75,0.753,0.5,False,0.5,0.4999999999999999,0.5,0.5000000000000001,1.0,1.0,plan-c,1.0,0.376782658300057,0.376782658300057,0.0,1321,0,0,1321,1.0,6.970909429198875,0.0358699999924283,0.0003747781612295,0.0003933937814875,privacy_level,659b2993335bd8f482d64c183132538fed984917e05135f59b60d03b389ac22a,16.0,0.75,16.0,0.4061720840660698,2,2,0.375,0.0625,0.03125
unitscope-equal,this-work,user-certified,primary,0,ce4c61eebe5a89ca14355cc72dabae0b17fd904ea332a9dc7218d18aac26eb0b,0.3333333333333333,2,4,1.0,0.75,0.5,0.75,0.5,0.75,0.753,0.5,False,0.5,0.4999999999999999,0.5,0.5000000000000001,1.0,1.0,plan-c,1.0,1.0,0.376782658300057,0.6232173416999429,1321,1551,0,2872,1.0,4.294420976393717,0.036093400005484,0.0004535183566532,0.0004734224257412,privacy_level,659b2993335bd8f482d64c183132538fed984917e05135f59b60d03b389ac22a,16.0,0.75,16.0,0.4061720840660698,2,2,0.375,0.0625,0.03125
unitscope-tuned,this-work,user-certified,primary,0,ce4c61eebe5a89ca14355cc72dabae0b17fd904ea332a9dc7218d18aac26eb0b,0.75,2,4,1.0,0.75,0.5,0.75,0.5,0.75,0.753,0.5,False,0.5,0.4999999999999999,0.5,0.5000000000000001,1.0,1.0,plan-c,1.0,1.0,0.376782658300057,0.6232173416999429,1321,1551,0,2872,1.0,5.902496421741963,0.036520699999528,0.0003721267909254,0.0003912255794946,privacy_level,659b2993335bd8f482d64c183132538fed984917e05135f59b60d03b389ac22a,16.0,0.75,16.0,0.4061720840660698,2,2,0.375,0.0625,0.03125
naive-recalibrated-2c,this-work,user-certified,primary,0,ce4c61eebe5a89ca14355cc72dabae0b17fd904ea332a9dc7218d18aac26eb0b,,2,4,1.0,0.75,0.5,0.75,0.5,0.75,0.753,0.5,False,0.5,0.4999999999999999,0.5,0.5000000000000001,2.0,2.0,plan-delta,2.0,1.0,0.376782658300057,0.6232173416999429,1321,1551,0,2872,1.0,4.901234520458959,0.0570116999879246,0.0001736388342987,0.0002322463868392,privacy_level,659b2993335bd8f482d64c183132538fed984917e05135f59b60d03b389ac22a,16.0,0.75,16.0,0.4061720840660698,2,2,0.375,0.0625,0.03125
full-identity-reference,oracle,oracle-assumption,full-identity-reference,0,ce4c61eebe5a89ca14355cc72dabae0b17fd904ea332a9dc7218d18aac26eb0b,,2,4,1.0,0.75,0.5,0.75,0.5,0.75,0.753,0.5,False,0.5,0.4999999999999999,0.5,0.5000000000000001,1.0,1.0,plan-c,1.0,1.0,0.0,0.0,0,0,0,1000,1.0,9.844345448365472,0.0427446000103373,0.0,1.3148797578768164e-05,privacy_level,659b2993335bd8f482d64c183132538fed984917e05135f59b60d03b389ac22a,16.0,0.75,16.0,0.4061720840660698,2,2,0.375,0.0625,0.03125
non-private-reference,oracle,non-private,diagnostic,0,ce4c61eebe5a89ca14355cc72dabae0b17fd904ea332a9dc7218d18aac26eb0b,,2,4,1.0,0.75,0.5,0.75,0.5,0.75,0.753,0.5,False,0.5,0.4999999999999999,0.5,0.5000000000000001,,,non-private,0.0,1.0,0.0,0.0,0,0,0,0,0.0,inf,0.0202470999938668,0.0009896145859756,0.0009896145859756,privacy_level,659b2993335bd8f482d64c183132538fed984917e05135f59b60d03b389ac22a,16.0,0.75,16.0,0.4061720840660698,2,2,0.375,0.0625,0.03125
naive-claimed-c,this-work,unsafe-diagnostic,diagnostic,0,ce4c61eebe5a89ca14355cc72dabae0b17fd904ea332a9dc7218d18aac26eb0b,,2,4,1.0,0.75,0.5,0.75,0.5,0.75,0.753,0.5,False,0.5,0.4999999999999999,0.5,0.5000000000000001,,2.0,unsafe-diagnostic,1.0,1.0,0.376782658300057,0.6232173416999429,1321,1551,0,2872,1.0,9.802469040917918,0.0346000999998068,0.0001736388342987,0.0001897938129902,privacy_level,659b2993335bd8f482d64c183132538fed984917e05135f59b60d03b389ac22a,16.0,0.75,16.0,0.4061720840660698,2,2,0.375,0.0625,0.03125
stable-local-fallback,this-work,user-certified,primary,1,ce4c61eebe5a89ca14355cc72dabae0b17fd904ea332a9dc7218d18aac26eb0b,0.0,2,4,1.0,0.75,0.5,0.75,0.5,0.75,0.747,0.5,False,0.5,0.4999999999999999,0.5,0.5000000000000001,1.0,1.0,plan-c,1.0,1.0,0.0,1.0,0,1747,0,1747,1.0,3.942473059979103,0.0237559999950462,0.0004152697789505,0.0004335511641419,privacy_level,659b2993335bd8f482d64c183132538fed984917e05135f59b60d03b389ac22a,16.0,0.75,16.0,0.4061720840660698,2,2,0.375,0.0625,0.03125
handle-only-drop-residual,this-work,user-certified,primary,1,ce4c61eebe5a89ca14355cc72dabae0b17fd904ea332a9dc7218d18aac26eb0b,1.0,2,4,1.0,0.75,0.5,0.75,0.5,0.75,0.747,0.5,False,0.5,0.4999999999999999,0.5,0.5000000000000001,1.0,1.0,plan-c,1.0,0.3777904979965655,0.3777904979965655,0.0,1320,0,0,1320,1.0,7.393875426636315,0.0369430999999167,0.0004679587074854,0.000499339099032,privacy_level,659b2993335bd8f482d64c183132538fed984917e05135f59b60d03b389ac22a,16.0,0.75,16.0,0.4061720840660698,2,2,0.375,0.0625,0.03125
unitscope-equal,this-work,user-certified,primary,1,ce4c61eebe5a89ca14355cc72dabae0b17fd904ea332a9dc7218d18aac26eb0b,0.3333333333333333,2,4,1.0,0.75,0.5,0.75,0.5,0.75,0.747,0.5,False,0.5,0.4999999999999999,0.5,0.5000000000000001,1.0,1.0,plan-c,1.0,1.0,0.3777904979965655,0.6222095020034345,1320,1540,0,2860,1.0,4.587426056339373,0.032762900009402,0.0003831231369737,0.0004041879956505,privacy_level,659b2993335bd8f482d64c183132538fed984917e05135f59b60d03b389ac22a,16.0,0.75,16.0,0.4061720840660698,2,2,0.375,0.0625,0.03125
unitscope-tuned,this-work,user-certified,primary,1,ce4c61eebe5a89ca14355cc72dabae0b17fd904ea332a9dc7218d18aac26eb0b,0.75,2,4,1.0,0.75,0.5,0.75,0.5,0.75,0.747,0.5,False,0.5,0.4999999999999999,0.5,0.5000000000000001,1.0,1.0,plan-c,1.0,1.0,0.3777904979965655,0.6222095020034345,1320,1540,0,2860,1.0,6.218988481681842,0.0322886999929323,0.0004035711563516,0.000431083223072,privacy_level,659b2993335bd8f482d64c183132538fed984917e05135f59b60d03b389ac22a,16.0,0.75,16.0,0.4061720840660698,2,2,0.375,0.0625,0.03125
naive-recalibrated-2c,this-work,user-certified,primary,1,ce4c61eebe5a89ca14355cc72dabae0b17fd904ea332a9dc7218d18aac26eb0b,,2,4,1.0,0.75,0.5,0.75,0.5,0.75,0.747,0.5,False,0.5,0.4999999999999999,0.5,0.5000000000000001,2.0,2.0,plan-delta,2.0,1.0,0.3777904979965655,0.6222095020034345,1320,1540,0,2860,1.0,5.17139446882083,0.0319211000023642,0.0002253857853453,0.000298518443818,privacy_level,659b2993335bd8f482d64c183132538fed984917e05135f59b60d03b389ac22a,16.0,0.75,16.0,0.4061720840660698,2,2,0.375,0.0625,0.03125
full-identity-reference,oracle,oracle-assumption,full-identity-reference,1,ce4c61eebe5a89ca14355cc72dabae0b17fd904ea332a9dc7218d18aac26eb0b,,2,4,1.0,0.75,0.5,0.75,0.5,0.75,0.747,0.5,False,0.5,0.4999999999999999,0.5,0.5000000000000001,1.0,1.0,plan-c,1.0,1.0,0.0,0.0,0,0,0,1000,1.0,10.424509502823316,0.0403369999985443,0.0,9.62528766572963e-06,privacy_level,659b2993335bd8f482d64c183132538fed984917e05135f59b60d03b389ac22a,16.0,0.75,16.0,0.4061720840660698,2,2,0.375,0.0625,0.03125
non-private-reference,oracle,non-private,diagnostic,1,ce4c61eebe5a89ca14355cc72dabae0b17fd904ea332a9dc7218d18aac26eb0b,,2,4,1.0,0.75,0.5,0.75,0.5,0.75,0.747,0.5,False,0.5,0.4999999999999999,0.5,0.5000000000000001,,,non-private,0.0,1.0,0.0,0.0,0,0,0,0,0.0,inf,0.0189327999978559,0.0007473834350982,0.0007473834350982,privacy_level,659b2993335bd8f482d64c183132538fed984917e05135f59b60d03b389ac22a,16.0,0.75,16.0,0.4061720840660698,2,2,0.375,0.0625,0.03125
naive-claimed-c,this-work,unsafe-diagnostic,diagnostic,1,ce4c61eebe5a89ca14355cc72dabae0b17fd904ea332a9dc7218d18aac26eb0b,,2,4,1.0,0.75,0.5,0.75,0.5,0.75,0.747,0.5,False,0.5,0.4999999999999999,0.5,0.5000000000000001,,2.0,unsafe-diagnostic,1.0,1.0,0.3777904979965655,0.6222095020034345,1320,1540,0,2860,1.0,10.34278893764166,0.0324316000042017,0.0002253857853453,0.0002523268269159,privacy_level,659b2993335bd8f482d64c183132538fed984917e05135f59b60d03b389ac22a,16.0,0.75,16.0,0.4061720840660698,2,2,0.375,0.0625,0.03125
stable-local-fallback,this-work,user-certified,primary,2,ce4c61eebe5a89ca14355cc72dabae0b17fd904ea332a9dc7218d18aac26eb0b,0.0,2,4,1.0,0.75,0.5,0.75,0.5,0.75,0.747,0.5,False,0.5,0.4999999999999999,0.5,0.5000000000000001,1.0,1.0,plan-c,1.0,1.0,0.0,1.0,0,1747,0,1747,1.0,3.803238572682548,0.023196199996164,0.0003645480850939,0.0004035028206364,privacy_level,659b2993335bd8f482d64c183132538fed984917e05135f59b60d03b389ac22a,16.0,0.75,16.0,0.4061720840660698,2,2,0.375,0.0625,0.03125
handle-only-drop-residual,this-work,user-certified,primary,2,ce4c61eebe5a89ca14355cc72dabae0b17fd904ea332a9dc7218d18aac26eb0b,1.0,2,4,1.0,0.75,0.5,0.75,0.5,0.75,0.747,0.5,False,0.5,0.4999999999999999,0.5,0.5000000000000001,1.0,1.0,plan-c,1.0,0.3737836290784201,0.3737836290784201,0.0,1306,0,0,1306,1.0,6.567200370320381,0.0335778000007849,0.0003826957206673,0.0004177093803099,privacy_level,659b2993335bd8f482d64c183132538fed984917e05135f59b60d03b389ac22a,16.0,0.75,16.0,0.4061720840660698,2,2,0.375,0.0625,0.03125
unitscope-equal,this-work,user-certified,primary,2,ce4c61eebe5a89ca14355cc72dabae0b17fd904ea332a9dc7218d18aac26eb0b,0.3333333333333333,2,4,1.0,0.75,0.5,0.75,0.5,0.75,0.747,0.5,False,0.5,0.4999999999999999,0.5,0.5000000000000001,1.0,1.0,plan-c,1.0,1.0,0.3737836290784201,0.6262163709215799,1306,1579,0,2885,1.0,4.190562056047452,0.0335997000074712,0.0003481492155663,0.0003882492796127,privacy_level,659b2993335bd8f482d64c183132538fed984917e05135f59b60d03b389ac22a,16.0,0.75,16.0,0.4061720840660698,2,2,0.375,0.0625,0.03125
unitscope-tuned,this-work,user-certified,primary,2,ce4c61eebe5a89ca14355cc72dabae0b17fd904ea332a9dc7218d18aac26eb0b,0.75,2,4,1.0,0.75,0.5,0.75,0.5,0.75,0.747,0.5,False,0.5,0.4999999999999999,0.5,0.5000000000000001,1.0,1.0,plan-c,1.0,1.0,0.3737836290784201,0.6262163709215799,1306,1579,0,2885,1.0,5.587735981267636,0.0334516000002622,0.000345354836589,0.000382275897883,privacy_level,659b2993335bd8f482d64c183132538fed984917e05135f59b60d03b389ac22a,16.0,0.75,16.0,0.4061720840660698,2,2,0.375,0.0625,0.03125
naive-recalibrated-2c,this-work,user-certified,primary,2,ce4c61eebe5a89ca14355cc72dabae0b17fd904ea332a9dc7218d18aac26eb0b,,2,4,1.0,0.75,0.5,0.75,0.5,0.75,0.747,0.5,False,0.5,0.4999999999999999,0.5,0.5000000000000001,2.0,2.0,plan-delta,2.0,1.0,0.3737836290784201,0.6262163709215799,1306,1579,0,2885,1.0,4.700911528268899,0.0323697999992873,0.0001814991695141,0.0002392308126576,privacy_level,659b2993335bd8f482d64c183132538fed984917e05135f59b60d03b389ac22a,16.0,0.75,16.0,0.4061720840660698,2,2,0.375,0.0625,0.03125
full-identity-reference,oracle,oracle-assumption,full-identity-reference,2,ce4c61eebe5a89ca14355cc72dabae0b17fd904ea332a9dc7218d18aac26eb0b,,2,4,1.0,0.75,0.5,0.75,0.5,0.75,0.747,0.5,False,0.5,0.4999999999999999,0.5,0.5000000000000001,1.0,1.0,plan-c,1.0,1.0,0.0,0.0,0,0,0,1000,1.0,9.54232617455116,0.0408256999944569,0.0,1.0522131853379088e-05,privacy_level,659b2993335bd8f482d64c183132538fed984917e05135f59b60d03b389ac22a,16.0,0.75,16.0,0.4061720840660698,2,2,0.375,0.0625,0.03125
non-private-reference,oracle,non-private,diagnostic,2,ce4c61eebe5a89ca14355cc72dabae0b17fd904ea332a9dc7218d18aac26eb0b,,2,4,1.0,0.75,0.5,0.75,0.5,0.75,0.747,0.5,False,0.5,0.4999999999999999,0.5,0.5000000000000001,,,non-private,0.0,1.0,0.0,0.0,0,0,0,0,0.0,inf,0.0187963000062154,0.0008851428222059,0.0008851428222059,privacy_level,659b2993335bd8f482d64c183132538fed984917e05135f59b60d03b389ac22a,16.0,0.75,16.0,0.4061720840660698,2,2,0.375,0.0625,0.03125
naive-claimed-c,this-work,unsafe-diagnostic,diagnostic,2,ce4c61eebe5a89ca14355cc72dabae0b17fd904ea332a9dc7218d18aac26eb0b,,2,4,1.0,0.75,0.5,0.75,0.5,0.75,0.747,0.5,False,0.5,0.4999999999999999,0.5,0.5000000000000001,,2.0,unsafe-diagnostic,1.0,1.0,0.3737836290784201,0.6262163709215799,1306,1579,0,2885,1.0,9.4018230565378,0.0320072000031359,0.0001814991695141,0.0001998428592325,privacy_level,659b2993335bd8f482d64c183132538fed984917e05135f59b60d03b389ac22a,16.0,0.75,16.0,0.4061720840660698,2,2,0.375,0.0625,0.03125
stable-local-fallback,this-work,user-certified,primary,3,ce4c61eebe5a89ca14355cc72dabae0b17fd904ea332a9dc7218d18aac26eb0b,0.0,2,4,1.0,0.75,0.5,0.75,0.5,0.75,0.741,0.5,False,0.5,0.4999999999999999,0.5,0.5000000000000001,1.0,1.0,plan-c,1.0,1.0,0.0,1.0,0,1741,0,1741,1.0,4.1383658074525576,0.022515700009535,0.0003839421354042,0.0003879822271021,privacy_level,659b2993335bd8f482d64c183132538fed984917e05135f59b60d03b389ac22a,16.0,0.75,16.0,0.4061720840660698,2,2,0.375,0.0625,0.03125
handle-only-drop-residual,this-work,user-certified,primary,3,ce4c61eebe5a89ca14355cc72dabae0b17fd904ea332a9dc7218d18aac26eb0b,1.0,2,4,1.0,0.75,0.5,0.75,0.5,0.75,0.741,0.5,False,0.5,0.4999999999999999,0.5,0.5000000000000001,1.0,1.0,plan-c,1.0,0.3767949454336588,0.3767949454336588,0.0,1312,0,0,1312,1.0,7.453872751318314,0.0320421999931568,0.0003693225038897,0.0003774710855032,privacy_level,659b2993335bd8f482d64c183132538fed984917e05135f59b60d03b389ac22a,16.0,0.75,16.0,0.4061720840660698,2,2,0.375,0.0625,0.03125
unitscope-equal,this-work,user-certified,primary,3,ce4c61eebe5a89ca14355cc72dabae0b17fd904ea332a9dc7218d18aac26eb0b,0.3333333333333333,2,4,1.0,0.75,0.5,0.75,0.5,0.75,0.741,0.5,False,0.5,0.4999999999999999,0.5,0.5000000000000001,1.0,1.0,plan-c,1.0,1.0,0.3767949454336588,0.6232050545663412,1312,1550,0,2862,1.0,4.570834262228741,0.0517498999979579,0.0003622122011131,0.0003681053827638,privacy_level,659b2993335bd8f482d64c183132538fed984917e05135f59b60d03b389ac22a,16.0,0.75,16.0,0.4061720840660698,2,2,0.375,0.0625,0.03125
unitscope-tuned,this-work,user-certified,primary,3,ce4c61eebe5a89ca14355cc72dabae0b17fd904ea332a9dc7218d18aac26eb0b,0.75,2,4,1.0,0.75,0.5,0.75,0.5,0.75,0.741,0.5,False,0.5,0.4999999999999999,0.5,0.5000000000000001,1.0,1.0,plan-c,1.0,1.0,0.3767949454336588,0.6232050545663412,1312,1550,0,2862,1.0,6.26888979218476,0.0321210999973118,0.0003358933304367,0.0003431961370641,privacy_level,659b2993335bd8f482d64c183132538fed984917e05135f59b60d03b389ac22a,16.0,0.75,16.0,0.4061720840660698,2,2,0.375,0.0625,0.03125
naive-recalibrated-2c,this-work,user-certified,primary,3,ce4c61eebe5a89ca14355cc72dabae0b17fd904ea332a9dc7218d18aac26eb0b,,2,4,1.0,0.75,0.5,0.75,0.5,0.75,0.741,0.5,False,0.5,0.4999999999999999,0.5,0.5000000000000001,2.0,2.0,plan-delta,2.0,1.0,0.3767949454336588,0.6232050545663412,1312,1550,0,2862,1.0,5.1914126465519095,0.0314205000031506,0.000157938416936,0.0001959684721253,privacy_level,659b2993335bd8f482d64c183132538fed984917e05135f59b60d03b389ac22a,16.0,0.75,16.0,0.4061720840660698,2,2,0.375,0.0625,0.03125
full-identity-reference,oracle,oracle-assumption,full-identity-reference,3,ce4c61eebe5a89ca14355cc72dabae0b17fd904ea332a9dc7218d18aac26eb0b,,2,4,1.0,0.75,0.5,0.75,0.5,0.75,0.741,0.5,False,0.5,0.4999999999999999,0.5,0.5000000000000001,1.0,1.0,plan-c,1.0,1.0,0.0,0.0,0,0,0,1000,1.0,10.4454998668554,0.0424844000081066,0.0,9.433970977842335e-06,privacy_level,659b2993335bd8f482d64c183132538fed984917e05135f59b60d03b389ac22a,16.0,0.75,16.0,0.4061720840660698,2,2,0.375,0.0625,0.03125
non-private-reference,oracle,non-private,diagnostic,3,ce4c61eebe5a89ca14355cc72dabae0b17fd904ea332a9dc7218d18aac26eb0b,,2,4,1.0,0.75,0.5,0.75,0.5,0.75,0.741,0.5,False,0.5,0.4999999999999999,0.5,0.5000000000000001,,,non-private,0.0,1.0,0.0,0.0,0,0,0,0,0.0,inf,0.0197217999957501,0.000878462574273,0.000878462574273,privacy_level,659b2993335bd8f482d64c183132538fed984917e05135f59b60d03b389ac22a,16.0,0.75,16.0,0.4061720840660698,2,2,0.375,0.0625,0.03125
naive-claimed-c,this-work,unsafe-diagnostic,diagnostic,3,ce4c61eebe5a89ca14355cc72dabae0b17fd904ea332a9dc7218d18aac26eb0b,,2,4,1.0,0.75,0.5,0.75,0.5,0.75,0.741,0.5,False,0.5,0.4999999999999999,0.5,0.5000000000000001,,2.0,unsafe-diagnostic,1.0,1.0,0.3767949454336588,0.6232050545663412,1312,1550,0,2862,1.0,10.38282529310382,0.0321383000118657,0.000157938416936,0.0001675194735528,privacy_level,659b2993335bd8f482d64c183132538fed984917e05135f59b60d03b389ac22a,16.0,0.75,16.0,0.4061720840660698,2,2,0.375,0.0625,0.03125
stable-local-fallback,this-work,user-certified,primary,4,ce4c61eebe5a89ca14355cc72dabae0b17fd904ea332a9dc7218d18aac26eb0b,0.0,2,4,1.0,0.75,0.5,0.75,0.5,0.75,0.773,0.5,False,0.5,0.4999999999999999,0.5,0.5000000000000001,1.0,1.0,plan-c,1.0,1.0,0.0,1.0,0,1773,0,1773,1.0,3.705170495769127,0.024247599998489,0.0003521826427756,0.0003466507239924,privacy_level,659b2993335bd8f482d64c183132538fed984917e05135f59b60d03b389ac22a,16.0,0.75,16.0,0.4061720840660698,2,2,0.375,0.0625,0.03125
handle-only-drop-residual,this-work,user-certified,primary,4,ce4c61eebe5a89ca14355cc72dabae0b17fd904ea332a9dc7218d18aac26eb0b,1.0,2,4,1.0,0.75,0.5,0.75,0.5,0.75,0.773,0.5,False,0.5,0.4999999999999999,0.5,0.5000000000000001,1.0,1.0,plan-c,1.0,0.3767625493513818,0.3767625493513818,0.0,1336,0,0,1336,1.0,7.164420346131761,0.0350232000055257,0.0003700013493819,0.0003609475485575,privacy_level,659b2993335bd8f482d64c183132538fed984917e05135f59b60d03b389ac22a,16.0,0.75,16.0,0.4061720840660698,2,2,0.375,0.0625,0.03125
unitscope-equal,this-work,user-certified,primary,4,ce4c61eebe5a89ca14355cc72dabae0b17fd904ea332a9dc7218d18aac26eb0b,0.3333333333333333,2,4,1.0,0.75,0.5,0.75,0.5,0.75,0.773,0.5,False,0.5,0.4999999999999999,0.5,0.5000000000000001,1.0,1.0,plan-c,1.0,1.0,0.3767625493513818,0.6232374506486181,1336,1569,0,2905,1.0,4.212368645916949,0.0346176000020932,0.0003292279401507,0.000321378681413,privacy_level,659b2993335bd8f482d64c183132538fed984917e05135f59b60d03b389ac22a,16.0,0.75,16.0,0.4061720840660698,2,2,0.375,0.0625,0.03125
unitscope-tuned,this-work,user-certified,primary,4,ce4c61eebe5a89ca14355cc72dabae0b17fd904ea332a9dc7218d18aac26eb0b,0.75,2,4,1.0,0.75,0.5,0.75,0.5,0.75,0.773,0.5,False,0.5,0.4999999999999999,0.5,0.5000000000000001,1.0,1.0,plan-c,1.0,1.0,0.3767625493513818,0.6232374506486181,1336,1569,0,2905,1.0,5.959345608087902,0.0345531000057235,0.000321366853475,0.0003127647559331,privacy_level,659b2993335bd8f482d64c183132538fed984917e05135f59b60d03b389ac22a,16.0,0.75,16.0,0.4061720840660698,2,2,0.375,0.0625,0.03125
naive-recalibrated-2c,this-work,user-certified,primary,4,ce4c61eebe5a89ca14355cc72dabae0b17fd904ea332a9dc7218d18aac26eb0b,,2,4,1.0,0.75,0.5,0.75,0.5,0.75,0.773,0.5,False,0.5,0.4999999999999999,0.5,0.5000000000000001,2.0,2.0,plan-delta,2.0,1.0,0.3767625493513818,0.6232374506486181,1336,1569,0,2905,1.0,4.85423862839369,0.0354680000018561,0.0001894373709243,0.0002100594090161,privacy_level,659b2993335bd8f482d64c183132538fed984917e05135f59b60d03b389ac22a,16.0,0.75,16.0,0.4061720840660698,2,2,0.375,0.0625,0.03125
full-identity-reference,oracle,oracle-assumption,full-identity-reference,4,ce4c61eebe5a89ca14355cc72dabae0b17fd904ea332a9dc7218d18aac26eb0b,,2,4,1.0,0.75,0.5,0.75,0.5,0.75,0.773,0.5,False,0.5,0.4999999999999999,0.5,0.5000000000000001,1.0,1.0,plan-c,1.0,1.0,0.0,0.0,0,0,0,1000,1.0,9.447030799463608,0.043028600004618,0.0,1.0352875560334275e-05,privacy_level,659b2993335bd8f482d64c183132538fed984917e05135f59b60d03b389ac22a,16.0,0.75,16.0,0.4061720840660698,2,2,0.375,0.0625,0.03125
non-private-reference,oracle,non-private,diagnostic,4,ce4c61eebe5a89ca14355cc72dabae0b17fd904ea332a9dc7218d18aac26eb0b,,2,4,1.0,0.75,0.5,0.75,0.5,0.75,0.773,0.5,False,0.5,0.4999999999999999,0.5,0.5000000000000001,,,non-private,0.0,1.0,0.0,0.0,0,0,0,0,0.0,inf,0.0200346000056015,0.0007718421729248,0.0007718421729248,privacy_level,659b2993335bd8f482d64c183132538fed984917e05135f59b60d03b389ac22a,16.0,0.75,16.0,0.4061720840660698,2,2,0.375,0.0625,0.03125
naive-claimed-c,this-work,unsafe-diagnostic,diagnostic,4,ce4c61eebe5a89ca14355cc72dabae0b17fd904ea332a9dc7218d18aac26eb0b,,2,4,1.0,0.75,0.5,0.75,0.5,0.75,0.773,0.5,False,0.5,0.4999999999999999,0.5,0.5000000000000001,,2.0,unsafe-diagnostic,1.0,1.0,0.3767625493513818,0.6232374506486181,1336,1569,0,2905,1.0,9.70847725678738,0.0769108999957097,0.0001894373709243,0.0001893955144099,privacy_level,659b2993335bd8f482d64c183132538fed984917e05135f59b60d03b389ac22a,16.0,0.75,16.0,0.4061720840660698,2,2,0.375,0.0625,0.03125
stable-local-fallback,this-work,user-certified,primary,5,ce4c61eebe5a89ca14355cc72dabae0b17fd904ea332a9dc7218d18aac26eb0b,0.0,2,4,1.0,0.75,0.5,0.75,0.5,0.75,0.744,0.5,False,0.5,0.4999999999999999,0.5,0.5000000000000001,1.0,1.0,plan-c,1.0,1.0,0.0,1.0,0,1744,0,1744,1.0,3.2060513394059296,0.0226682999928016,0.0003812717241223,0.0003665597925383,privacy_level,659b2993335bd8f482d64c183132538fed984917e05135f59b60d03b389ac22a,16.0,0.75,16.0,0.4061720840660698,2,2,0.375,0.0625,0.03125
handle-only-drop-residual,this-work,user-certified,primary,5,ce4c61eebe5a89ca14355cc72dabae0b17fd904ea332a9dc7218d18aac26eb0b,1.0,2,4,1.0,0.75,0.5,0.75,0.5,0.75,0.744,0.5,False,0.5,0.4999999999999999,0.5,0.5000000000000001,1.0,1.0,plan-c,1.0,0.3752866972477064,0.3752866972477064,0.0,1309,0,0,1309,1.0,6.088512279512557,0.0331965000077616,0.0003431411148547,0.0003353726189662,privacy_level,659b2993335bd8f482d64c183132538fed984917e05135f59b60d03b389ac22a,16.0,0.75,16.0,0.4061720840660698,2,2,0.375,0.0625,0.03125
unitscope-equal,this-work,user-certified,primary,5,ce4c61eebe5a89ca14355cc72dabae0b17fd904ea332a9dc7218d18aac26eb0b,0.3333333333333333,2,4,1.0,0.75,0.5,0.75,0.5,0.75,0.744,0.5,False,0.5,0.4999999999999999,0.5,0.5000000000000001,1.0,1.0,plan-c,1.0,1.0,0.3752866972477064,0.6247133027522935,1309,1568,0,2877,1.0,3.796319324346648,0.0349611999990884,0.00033423201255,0.0003223202974389,privacy_level,659b2993335bd8f482d64c183132538fed984917e05135f59b60d03b389ac22a,16.0,0.75,16.0,0.4061720840660698,2,2,0.375,0.0625,0.03125
unitscope-tuned,this-work,user-certified,primary,5,ce4c61eebe5a89ca14355cc72dabae0b17fd904ea332a9dc7218d18aac26eb0b,0.75,2,4,1.0,0.75,0.5,0.75,0.5,0.75,0.744,0.5,False,0.5,0.4999999999999999,0.5,0.5000000000000001,1.0,1.0,plan-c,1.0,1.0,0.3752866972477064,0.6247133027522935,1309,1568,0,2877,1.0,5.154743404933743,0.0338665999879594,0.0003124279401521,0.0003031057370551,privacy_level,659b2993335bd8f482d64c183132538fed984917e05135f59b60d03b389ac22a,16.0,0.75,16.0,0.4061720840660698,2,2,0.375,0.0625,0.03125
naive-recalibrated-2c,this-work,user-certified,primary,5,ce4c61eebe5a89ca14355cc72dabae0b17fd904ea332a9dc7218d18aac26eb0b,,2,4,1.0,0.75,0.5,0.75,0.5,0.75,0.744,0.5,False,0.5,0.4999999999999999,0.5,0.5000000000000001,2.0,2.0,plan-delta,2.0,1.0,0.3752866972477064,0.6247133027522935,1309,1568,0,2877,1.0,4.298258530812922,0.0338755999982822,0.0001812838022615,0.0002294738697524,privacy_level,659b2993335bd8f482d64c183132538fed984917e05135f59b60d03b389ac22a,16.0,0.75,16.0,0.4061720840660698,2,2,0.375,0.0625,0.03125
full-identity-reference,oracle,oracle-assumption,full-identity-reference,5,ce4c61eebe5a89ca14355cc72dabae0b17fd904ea332a9dc7218d18aac26eb0b,,2,4,1.0,0.75,0.5,0.75,0.5,0.75,0.744,0.5,False,0.5,0.4999999999999999,0.5,0.5000000000000001,1.0,1.0,plan-c,1.0,1.0,0.0,0.0,0,0,0,1000,1.0,8.348822231074738,0.0406854999891947,0.0,1.3673317437219605e-05,privacy_level,659b2993335bd8f482d64c183132538fed984917e05135f59b60d03b389ac22a,16.0,0.75,16.0,0.4061720840660698,2,2,0.375,0.0625,0.03125
non-private-reference,oracle,non-private,diagnostic,5,ce4c61eebe5a89ca14355cc72dabae0b17fd904ea332a9dc7218d18aac26eb0b,,2,4,1.0,0.75,0.5,0.75,0.5,0.75,0.744,0.5,False,0.5,0.4999999999999999,0.5,0.5000000000000001,,,non-private,0.0,1.0,0.0,0.0,0,0,0,0,0.0,inf,0.0201861000095959,0.0007719797433812,0.0007719797433812,privacy_level,659b2993335bd8f482d64c183132538fed984917e05135f59b60d03b389ac22a,16.0,0.75,16.0,0.4061720840660698,2,2,0.375,0.0625,0.03125
naive-claimed-c,this-work,unsafe-diagnostic,diagnostic,5,ce4c61eebe5a89ca14355cc72dabae0b17fd904ea332a9dc7218d18aac26eb0b,,2,4,1.0,0.75,0.5,0.75,0.5,0.75,0.744,0.5,False,0.5,0.4999999999999999,0.5,0.5000000000000001,,2.0,unsafe-diagnostic,1.0,1.0,0.3752866972477064,0.6247133027522935,1309,1568,0,2877,1.0,8.596517061625844,0.0329014000017195,0.0001812838022615,0.0001917055185697,privacy_level,659b2993335bd8f482d64c183132538fed984917e05135f59b60d03b389ac22a,16.0,0.75,16.0,0.4061720840660698,2,2,0.375,0.0625,0.03125
stable-local-fallback,this-work,user-certified,primary,6,ce4c61eebe5a89ca14355cc72dabae0b17fd904ea332a9dc7218d18aac26eb0b,0.0,2,4,1.0,0.75,0.5,0.75,0.5,0.75,0.74,0.5,False,0.5,0.4999999999999999,0.5,0.5000000000000001,1.0,1.0,plan-c,1.0,1.0,0.0,1.0,0,1740,0,1740,1.0,4.832806445000783,0.0235100999998394,0.0004989666391475,0.0004865543306049,privacy_level,659b2993335bd8f482d64c183132538fed984917e05135f59b60d03b389ac22a,16.0,0.75,16.0,0.4061720840660698,2,2,0.375,0.0625,0.03125
handle-only-drop-residual,this-work,user-certified,primary,6,ce4c61eebe5a89ca14355cc72dabae0b17fd904ea332a9dc7218d18aac26eb0b,1.0,2,4,1.0,0.75,0.5,0.75,0.5,0.75,0.74,0.5,False,0.5,0.4999999999999999,0.5,0.5000000000000001,1.0,1.0,plan-c,1.0,0.3781609195402299,0.3781609195402299,0.0,1316,0,0,1316,1.0,8.400871757660878,0.0587532999925315,0.0003477443375569,0.000342429440792,privacy_level,659b2993335bd8f482d64c183132538fed984917e05135f59b60d03b389ac22a,16.0,0.75,16.0,0.4061720840660698,2,2,0.375,0.0625,0.03125
unitscope-equal,this-work,user-certified,primary,6,ce4c61eebe5a89ca14355cc72dabae0b17fd904ea332a9dc7218d18aac26eb0b,0.3333333333333333,2,4,1.0,0.75,0.5,0.75,0.5,0.75,0.74,0.5,False,0.5,0.4999999999999999,0.5,0.5000000000000001,1.0,1.0,plan-c,1.0,1.0,0.3781609195402299,0.6218390804597701,1316,1557,0,2873,1.0,5.291473649638571,0.0347929000126896,0.0004596110884431,0.0004485599292379,privacy_level,659b2993335bd8f482d64c183132538fed984917e05135f59b60d03b389ac22a,16.0,0.75,16.0,0.4061720840660698,2,2,0.375,0.0625,0.03125
unitscope-tuned,this-work,user-certified,primary,6,ce4c61eebe5a89ca14355cc72dabae0b17fd904ea332a9dc7218d18aac26eb0b,0.75,2,4,1.0,0.75,0.5,0.75,0.5,0.75,0.74,0.5,False,0.5,0.4999999999999999,0.5,0.5000000000000001,1.0,1.0,plan-c,1.0,1.0,0.3781609195402299,0.6218390804597701,1316,1557,0,2873,1.0,7.161373918128848,0.0341362000035587,0.0003615076651246,0.0003540416699446,privacy_level,659b2993335bd8f482d64c183132538fed984917e05135f59b60d03b389ac22a,16.0,0.75,16.0,0.4061720840660698,2,2,0.375,0.0625,0.03125
naive-recalibrated-2c,this-work,user-certified,primary,6,ce4c61eebe5a89ca14355cc72dabae0b17fd904ea332a9dc7218d18aac26eb0b,,2,4,1.0,0.75,0.5,0.75,0.5,0.75,0.74,0.5,False,0.5,0.4999999999999999,0.5,0.5000000000000001,2.0,2.0,plan-delta,2.0,1.0,0.3781609195402299,0.6218390804597701,1316,1557,0,2873,1.0,5.998701656792701,0.0343374000076437,0.0001249998971735,0.0001461077124243,privacy_level,659b2993335bd8f482d64c183132538fed984917e05135f59b60d03b389ac22a,16.0,0.75,16.0,0.4061720840660698,2,2,0.375,0.0625,0.03125
full-identity-reference,oracle,oracle-assumption,full-identity-reference,6,ce4c61eebe5a89ca14355cc72dabae0b17fd904ea332a9dc7218d18aac26eb0b,,2,4,1.0,0.75,0.5,0.75,0.5,0.75,0.74,0.5,False,0.5,0.4999999999999999,0.5,0.5000000000000001,1.0,1.0,plan-c,1.0,1.0,0.0,0.0,0,0,0,1000,1.0,12.397963335300252,0.0413936999975703,0.0,8.480360300334039e-06,privacy_level,659b2993335bd8f482d64c183132538fed984917e05135f59b60d03b389ac22a,16.0,0.75,16.0,0.4061720840660698,2,2,0.375,0.0625,0.03125
non-private-reference,oracle,non-private,diagnostic,6,ce4c61eebe5a89ca14355cc72dabae0b17fd904ea332a9dc7218d18aac26eb0b,,2,4,1.0,0.75,0.5,0.75,0.5,0.75,0.74,0.5,False,0.5,0.4999999999999999,0.5,0.5000000000000001,,,non-private,0.0,1.0,0.0,0.0,0,0,0,0,0.0,inf,0.0196835999959148,0.0010544449245296,0.0010544449245296,privacy_level,659b2993335bd8f482d64c183132538fed984917e05135f59b60d03b389ac22a,16.0,0.75,16.0,0.4061720840660698,2,2,0.375,0.0625,0.03125
naive-claimed-c,this-work,unsafe-diagnostic,diagnostic,6,ce4c61eebe5a89ca14355cc72dabae0b17fd904ea332a9dc7218d18aac26eb0b,,2,4,1.0,0.75,0.5,0.75,0.5,0.75,0.74,0.5,False,0.5,0.4999999999999999,0.5,0.5000000000000001,,2.0,unsafe-diagnostic,1.0,1.0,0.3781609195402299,0.6218390804597701,1316,1557,0,2873,1.0,11.9974033135854,0.0322135999886086,0.0001249998971735,0.0001270734444985,privacy_level,659b2993335bd8f482d64c183132538fed984917e05135f59b60d03b389ac22a,16.0,0.75,16.0,0.4061720840660698,2,2,0.375,0.0625,0.03125
stable-local-fallback,this-work,user-certified,primary,7,ce4c61eebe5a89ca14355cc72dabae0b17fd904ea332a9dc7218d18aac26eb0b,0.0,2,4,1.0,0.75,0.5,0.75,0.5,0.75,0.753,0.5,False,0.5,0.4999999999999999,0.5,0.5000000000000001,1.0,1.0,plan-c,1.0,1.0,0.0,1.0,0,1753,0,1753,1.0,3.828925924029921,0.0227621999947587,0.0003381180013309,0.000359319129569,privacy_level,659b2993335bd8f482d64c183132538fed984917e05135f59b60d03b389ac22a,16.0,0.75,16.0,0.4061720840660698,2,2,0.375,0.0625,0.03125
handle-only-drop-residual,this-work,user-certified,primary,7,ce4c61eebe5a89ca14355cc72dabae0b17fd904ea332a9dc7218d18aac26eb0b,1.0,2,4,1.0,0.75,0.5,0.75,0.5,0.75,0.753,0.5,False,0.5,0.4999999999999999,0.5,0.5000000000000001,1.0,1.0,plan-c,1.0,0.372219053051911,0.372219053051911,0.0,1305,0,0,1305,1.0,6.726891974670908,0.0351022000104421,0.0003114125743416,0.0003523149369588,privacy_level,659b2993335bd8f482d64c183132538fed984917e05135f59b60d03b389ac22a,16.0,0.75,16.0,0.4061720840660698,2,2,0.375,0.0625,0.03125
unitscope-equal,this-work,user-certified,primary,7,ce4c61eebe5a89ca14355cc72dabae0b17fd904ea332a9dc7218d18aac26eb0b,0.3333333333333333,2,4,1.0,0.75,0.5,0.75,0.5,0.75,0.753,0.5,False,0.5,0.4999999999999999,0.5,0.5000000000000001,1.0,1.0,plan-c,1.0,1.0,0.372219053051911,0.627780946948089,1305,1559,0,2864,1.0,4.210798098856753,0.0353742000006604,0.0003252741588427,0.0003510144691294,privacy_level,659b2993335bd8f482d64c183132538fed984917e05135f59b60d03b389ac22a,16.0,0.75,16.0,0.4061720840660698,2,2,0.375,0.0625,0.03125
unitscope-tuned,this-work,user-certified,primary,7,ce4c61eebe5a89ca14355cc72dabae0b17fd904ea332a9dc7218d18aac26eb0b,0.75,2,4,1.0,0.75,0.5,0.75,0.5,0.75,0.753,0.5,False,0.5,0.4999999999999999,0.5,0.5000000000000001,1.0,1.0,plan-c,1.0,1.0,0.372219053051911,0.627780946948089,1305,1559,0,2864,1.0,5.710402601815522,0.0336490999907255,0.000294354845657,0.0003295714386502,privacy_level,659b2993335bd8f482d64c183132538fed984917e05135f59b60d03b389ac22a,16.0,0.75,16.0,0.4061720840660698,2,2,0.375,0.0625,0.03125
naive-recalibrated-2c,this-work,user-certified,primary,7,ce4c61eebe5a89ca14355cc72dabae0b17fd904ea332a9dc7218d18aac26eb0b,,2,4,1.0,0.75,0.5,0.75,0.5,0.75,0.753,0.5,False,0.5,0.4999999999999999,0.5,0.5000000000000001,2.0,2.0,plan-delta,2.0,1.0,0.372219053051911,0.627780946948089,1305,1559,0,2864,1.0,4.770016632396085,0.0339985000027809,0.000157089083367,0.0002419312112801,privacy_level,659b2993335bd8f482d64c183132538fed984917e05135f59b60d03b389ac22a,16.0,0.75,16.0,0.4061720840660698,2,2,0.375,0.0625,0.03125
full-identity-reference,oracle,oracle-assumption,full-identity-reference,7,ce4c61eebe5a89ca14355cc72dabae0b17fd904ea332a9dc7218d18aac26eb0b,,2,4,1.0,0.75,0.5,0.75,0.5,0.75,0.753,0.5,False,0.5,0.4999999999999999,0.5,0.5000000000000001,1.0,1.0,plan-c,1.0,1.0,0.0,0.0,0,0,0,1000,1.0,9.620667284928604,0.0422008000023197,0.0,9.583599913393996e-06,privacy_level,659b2993335bd8f482d64c183132538fed984917e05135f59b60d03b389ac22a,16.0,0.75,16.0,0.4061720840660698,2,2,0.375,0.0625,0.03125
non-private-reference,oracle,non-private,diagnostic,7,ce4c61eebe5a89ca14355cc72dabae0b17fd904ea332a9dc7218d18aac26eb0b,,2,4,1.0,0.75,0.5,0.75,0.5,0.75,0.753,0.5,False,0.5,0.4999999999999999,0.5,0.5000000000000001,,,non-private,0.0,1.0,0.0,0.0,0,0,0,0,0.0,inf,0.0196211000002222,0.0008150035796582,0.0008150035796582,privacy_level,659b2993335bd8f482d64c183132538fed984917e05135f59b60d03b389ac22a,16.0,0.75,16.0,0.4061720840660698,2,2,0.375,0.0625,0.03125
naive-claimed-c,this-work,unsafe-diagnostic,diagnostic,7,ce4c61eebe5a89ca14355cc72dabae0b17fd904ea332a9dc7218d18aac26eb0b,,2,4,1.0,0.75,0.5,0.75,0.5,0.75,0.753,0.5,False,0.5,0.4999999999999999,0.5,0.5000000000000001,,2.0,unsafe-diagnostic,1.0,1.0,0.372219053051911,0.627780946948089,1305,1559,0,2864,1.0,9.54003326479217,0.0604575000033946,0.000157089083367,0.0001899265474101,privacy_level,659b2993335bd8f482d64c183132538fed984917e05135f59b60d03b389ac22a,16.0,0.75,16.0,0.4061720840660698,2,2,0.375,0.0625,0.03125
stable-local-fallback,this-work,user-certified,primary,8,ce4c61eebe5a89ca14355cc72dabae0b17fd904ea332a9dc7218d18aac26eb0b,0.0,2,4,1.0,0.75,0.5,0.75,0.5,0.75,0.74,0.5,False,0.5,0.4999999999999999,0.5,0.5000000000000001,1.0,1.0,plan-c,1.0,1.0,0.0,1.0,0,1740,0,1740,1.0,4.382622201130224,0.0235936999961268,0.0004802408991836,0.0005553661860895,privacy_level,659b2993335bd8f482d64c183132538fed984917e05135f59b60d03b389ac22a,16.0,0.75,16.0,0.4061720840660698,2,2,0.375,0.0625,0.03125
handle-only-drop-residual,this-work,user-certified,primary,8,ce4c61eebe5a89ca14355cc72dabae0b17fd904ea332a9dc7218d18aac26eb0b,1.0,2,4,1.0,0.75,0.5,0.75,0.5,0.75,0.74,0.5,False,0.5,0.4999999999999999,0.5,0.5000000000000001,1.0,1.0,plan-c,1.0,0.3747126436781609,0.3747126436781609,0.0,1304,0,0,1304,1.0,8.42418861328842,0.0326650000060908,0.0002538776836328,0.000307060789799,privacy_level,659b2993335bd8f482d64c183132538fed984917e05135f59b60d03b389ac22a,16.0,0.75,16.0,0.4061720840660698,2,2,0.375,0.0625,0.03125
unitscope-equal,this-work,user-certified,primary,8,ce4c61eebe5a89ca14355cc72dabae0b17fd904ea332a9dc7218d18aac26eb0b,0.3333333333333333,2,4,1.0,0.75,0.5,0.75,0.5,0.75,0.74,0.5,False,0.5,0.4999999999999999,0.5,0.5000000000000001,1.0,1.0,plan-c,1.0,1.0,0.3747126436781609,0.6252873563218391,1304,1545,0,2849,1.0,5.150238014306684,0.0326966000138781,0.000393762300136,0.0004671533215344,privacy_level,659b2993335bd8f482d64c183132538fed984917e05135f59b60d03b389ac22a,16.0,0.75,16.0,0.4061720840660698,2,2,0.375,0.0625,0.03125
unitscope-tuned,this-work,user-certified,primary,8,ce4c61eebe5a89ca14355cc72dabae0b17fd904ea332a9dc7218d18aac26eb0b,0.75,2,4,1.0,0.75,0.5,0.75,0.5,0.75,0.74,0.5,False,0.5,0.4999999999999999,0.5,0.5000000000000001,1.0,1.0,plan-c,1.0,1.0,0.3747126436781609,0.6252873563218391,1304,1545,0,2849,1.0,7.147136554433968,0.0321750000002794,0.0002687791386693,0.0003295402130476,privacy_level,659b2993335bd8f482d64c183132538fed984917e05135f59b60d03b389ac22a,16.0,0.75,16.0,0.4061720840660698,2,2,0.375,0.0625,0.03125
naive-recalibrated-2c,this-work,user-certified,primary,8,ce4c61eebe5a89ca14355cc72dabae0b17fd904ea332a9dc7218d18aac26eb0b,,2,4,1.0,0.75,0.5,0.75,0.5,0.75,0.74,0.5,False,0.5,0.4999999999999999,0.5,0.5000000000000001,2.0,2.0,plan-delta,2.0,1.0,0.3747126436781609,0.6252873563218391,1304,1545,0,2849,1.0,5.921126456673661,0.0331430999940494,0.000138125567548,0.0001974414475888,privacy_level,659b2993335bd8f482d64c183132538fed984917e05135f59b60d03b389ac22a,16.0,0.75,16.0,0.4061720840660698,2,2,0.375,0.0625,0.03125
full-identity-reference,oracle,oracle-assumption,full-identity-reference,8,ce4c61eebe5a89ca14355cc72dabae0b17fd904ea332a9dc7218d18aac26eb0b,,2,4,1.0,0.75,0.5,0.75,0.5,0.75,0.74,0.5,False,0.5,0.4999999999999999,0.5,0.5000000000000001,1.0,1.0,plan-c,1.0,1.0,0.0,0.0,0,0,0,1000,1.0,10.707255024521167,0.0398260000074515,0.0,1.1664425932973076e-05,privacy_level,659b2993335bd8f482d64c183132538fed984917e05135f59b60d03b389ac22a,16.0,0.75,16.0,0.4061720840660698,2,2,0.375,0.0625,0.03125
non-private-reference,oracle,non-private,diagnostic,8,ce4c61eebe5a89ca14355cc72dabae0b17fd904ea332a9dc7218d18aac26eb0b,,2,4,1.0,0.75,0.5,0.75,0.5,0.75,0.74,0.5,False,0.5,0.4999999999999999,0.5,0.5000000000000001,,,non-private,0.0,1.0,0.0,0.0,0,0,0,0,0.0,inf,0.0199724999984027,0.0013100686235273,0.0013100686235273,privacy_level,659b2993335bd8f482d64c183132538fed984917e05135f59b60d03b389ac22a,16.0,0.75,16.0,0.4061720840660698,2,2,0.375,0.0625,0.03125
naive-claimed-c,this-work,unsafe-diagnostic,diagnostic,8,ce4c61eebe5a89ca14355cc72dabae0b17fd904ea332a9dc7218d18aac26eb0b,,2,4,1.0,0.75,0.5,0.75,0.5,0.75,0.74,0.5,False,0.5,0.4999999999999999,0.5,0.5000000000000001,,2.0,unsafe-diagnostic,1.0,1.0,0.3747126436781609,0.6252873563218391,1304,1545,0,2849,1.0,11.842252913347322,0.0335465999960433,0.000138125567548,0.0001561190816354,privacy_level,659b2993335bd8f482d64c183132538fed984917e05135f59b60d03b389ac22a,16.0,0.75,16.0,0.4061720840660698,2,2,0.375,0.0625,0.03125
stable-local-fallback,this-work,user-certified,primary,9,ce4c61eebe5a89ca14355cc72dabae0b17fd904ea332a9dc7218d18aac26eb0b,0.0,2,4,1.0,0.75,0.5,0.75,0.5,0.75,0.727,0.5,False,0.5,0.4999999999999999,0.5,0.5000000000000001,1.0,1.0,plan-c,1.0,1.0,0.0,1.0,0,1727,0,1727,1.0,4.077062893188968,0.0223735999898053,0.0003542774961372,0.0003691175696516,privacy_level,659b2993335bd8f482d64c183132538fed984917e05135f59b60d03b389ac22a,16.0,0.75,16.0,0.4061720840660698,2,2,0.375,0.0625,0.03125
handle-only-drop-residual,this-work,user-certified,primary,9,ce4c61eebe5a89ca14355cc72dabae0b17fd904ea332a9dc7218d18aac26eb0b,1.0,2,4,1.0,0.75,0.5,0.75,0.5,0.75,0.727,0.5,False,0.5,0.4999999999999999,0.5,0.5000000000000001,1.0,1.0,plan-c,1.0,0.3755066589461494,0.3755066589461494,0.0,1297,0,0,1297,1.0,7.386498439754178,0.0533502000034786,0.0004088078141732,0.0004296058083982,privacy_level,659b2993335bd8f482d64c183132538fed984917e05135f59b60d03b389ac22a,16.0,0.75,16.0,0.4061720840660698,2,2,0.375,0.0625,0.03125
unitscope-equal,this-work,user-certified,primary,9,ce4c61eebe5a89ca14355cc72dabae0b17fd904ea332a9dc7218d18aac26eb0b,0.3333333333333333,2,4,1.0,0.75,0.5,0.75,0.5,0.75,0.727,0.5,False,0.5,0.4999999999999999,0.5,0.5000000000000001,1.0,1.0,plan-c,1.0,1.0,0.3755066589461494,0.6244933410538506,1297,1540,0,2837,1.0,4.526862597726356,0.0321532000089064,0.0003392358068723,0.000354148638372,privacy_level,659b2993335bd8f482d64c183132538fed984917e05135f59b60d03b389ac22a,16.0,0.75,16.0,0.4061720840660698,2,2,0.375,0.0625,0.03125
unitscope-tuned,this-work,user-certified,primary,9,ce4c61eebe5a89ca14355cc72dabae0b17fd904ea332a9dc7218d18aac26eb0b,0.75,2,4,1.0,0.75,0.5,0.75,0.5,0.75,0.727,0.5,False,0.5,0.4999999999999999,0.5,0.5000000000000001,1.0,1.0,plan-c,1.0,1.0,0.3755066589461494,0.6244933410538506,1297,1540,0,2837,1.0,6.198110931430566,0.0320919999940088,0.0003533169943073,0.0003719080525103,privacy_level,659b2993335bd8f482d64c183132538fed984917e05135f59b60d03b389ac22a,16.0,0.75,16.0,0.4061720840660698,2,2,0.375,0.0625,0.03125
naive-recalibrated-2c,this-work,user-certified,primary,9,ce4c61eebe5a89ca14355cc72dabae0b17fd904ea332a9dc7218d18aac26eb0b,,2,4,1.0,0.75,0.5,0.75,0.5,0.75,0.727,0.5,False,0.5,0.4999999999999999,0.5,0.5000000000000001,2.0,2.0,plan-delta,2.0,1.0,0.3755066589461494,0.6244933410538506,1297,1540,0,2837,1.0,5.129794511960955,0.0318059999990509,0.0001973322068933,0.0002475162076362,privacy_level,659b2993335bd8f482d64c183132538fed984917e05135f59b60d03b389ac22a,16.0,0.75,16.0,0.4061720840660698,2,2,0.375,0.0625,0.03125
full-identity-reference,oracle,oracle-assumption,full-identity-reference,9,ce4c61eebe5a89ca14355cc72dabae0b17fd904ea332a9dc7218d18aac26eb0b,,2,4,1.0,0.75,0.5,0.75,0.5,0.75,0.727,0.5,False,0.5,0.4999999999999999,0.5,0.5000000000000001,1.0,1.0,plan-c,1.0,1.0,0.0,0.0,0,0,0,1000,1.0,10.312451044097523,0.0398368000023765,0.0,8.728759100473156e-06,privacy_level,659b2993335bd8f482d64c183132538fed984917e05135f59b60d03b389ac22a,16.0,0.75,16.0,0.4061720840660698,2,2,0.375,0.0625,0.03125
non-private-reference,oracle,non-private,diagnostic,9,ce4c61eebe5a89ca14355cc72dabae0b17fd904ea332a9dc7218d18aac26eb0b,,2,4,1.0,0.75,0.5,0.75,0.5,0.75,0.727,0.5,False,0.5,0.4999999999999999,0.5,0.5000000000000001,,,non-private,0.0,1.0,0.0,0.0,0,0,0,0,0.0,inf,0.0187735000072279,0.0008195914157725,0.0008195914157725,privacy_level,659b2993335bd8f482d64c183132538fed984917e05135f59b60d03b389ac22a,16.0,0.75,16.0,0.4061720840660698,2,2,0.375,0.0625,0.03125
naive-claimed-c,this-work,unsafe-diagnostic,diagnostic,9,ce4c61eebe5a89ca14355cc72dabae0b17fd904ea332a9dc7218d18aac26eb0b,,2,4,1.0,0.75,0.5,0.75,0.5,0.75,0.727,0.5,False,0.5,0.4999999999999999,0.5,0.5000000000000001,,2.0,unsafe-diagnostic,1.0,1.0,0.3755066589461494,0.6244933410538506,1297,1540,0,2837,1.0,10.25958902392191,0.032170499995118,0.0001973322068933,0.0002136954481643,privacy_level,659b2993335bd8f482d64c183132538fed984917e05135f59b60d03b389ac22a,16.0,0.75,16.0,0.4061720840660698,2,2,0.375,0.0625,0.03125
