threshold,K,entity_id,deleted_atoms,touched_original_components,touched_original_nodes,deleted_group_tags,inserted_group_tags,d_w_empirical,changed_surviving_nodes
0.72,2,223,2,1,2,1,0,1,0
0.72,2,122,2,1,2,1,0,1,0
0.72,2,373,2,1,2,1,0,1,0
0.72,2,10,2,1,2,1,0,1,0
0.72,2,227,2,1,2,1,0,1,0
0.72,2,6,2,1,2,1,0,1,0
0.72,2,190,2,1,2,1,0,1,0
0.72,2,294,2,1,2,1,0,1,0
0.72,2,206,2,1,2,1,0,1,0
0.72,2,344,2,1,2,1,0,1,0
0.72,2,81,2,1,2,1,0,1,0
0.72,2,34,2,1,2,1,0,1,0
0.72,2,478,2,1,2,1,0,1,0
0.72,2,225,2,1,2,1,0,1,0
0.72,2,452,2,1,2,1,0,1,0
0.72,2,67,2,1,2,1,0,1,0
0.72,2,286,2,1,2,1,0,1,0
0.72,2,251,2,1,2,1,0,1,0
0.72,2,335,2,1,2,1,0,1,0
0.72,2,439,2,1,2,1,0,1,0
0.72,2,409,2,1,2,1,0,1,0
0.72,2,125,2,1,2,1,0,1,0
0.72,2,70,2,1,2,1,0,1,0
0.72,2,145,2,1,2,1,0,1,0
0.72,2,73,2,1,2,1,0,1,0
0.72,2,284,2,1,2,1,0,1,0
0.72,2,186,2,1,2,1,0,1,0
0.72,2,58,2,1,2,1,0,1,0
0.72,2,381,2,1,2,1,0,1,0
0.72,2,305,2,1,2,1,0,1,0
0.72,2,149,2,1,2,1,0,1,0
0.72,2,140,2,1,2,1,0,1,0
0.72,2,364,2,1,4,4,1,5,2
0.72,2,361,2,1,2,1,0,1,0
0.72,2,23,2,1,2,1,0,1,0
0.72,2,254,2,1,2,1,0,1,0
0.72,2,173,2,1,2,1,0,1,0
0.72,2,456,2,1,2,1,0,1,0
0.72,2,403,2,1,2,1,0,1,0
0.72,2,382,2,1,2,1,0,1,0
0.72,2,320,2,1,2,1,0,1,0
0.72,2,167,2,1,2,1,0,1,0
0.72,2,419,2,1,4,4,1,5,2
0.72,2,262,2,1,2,1,0,1,0
0.72,2,91,2,1,2,1,0,1,0
0.72,2,19,2,1,2,1,0,1,0
0.72,2,78,2,1,2,1,0,1,0
0.72,2,440,2,1,2,1,0,1,0
0.72,2,350,2,1,2,1,0,1,0
0.72,2,113,2,1,2,1,0,1,0
0.72,2,291,2,1,2,1,0,1,0
0.72,2,370,2,1,2,1,0,1,0
0.72,2,152,2,1,2,1,0,1,0
0.72,2,99,2,1,2,1,0,1,0
0.72,2,32,2,1,2,1,0,1,0
0.72,2,77,2,1,2,1,0,1,0
0.72,2,183,2,1,2,1,0,1,0
0.72,2,383,2,1,2,1,0,1,0
0.72,2,179,2,1,2,1,0,1,0
0.72,2,68,2,1,2,1,0,1,0
0.72,2,385,2,1,2,1,0,1,0
0.72,2,464,2,1,2,1,0,1,0
0.72,2,482,2,1,2,1,0,1,0
0.72,2,351,2,1,2,1,0,1,0
0.72,2,287,2,1,2,1,0,1,0
0.72,2,302,2,1,2,1,0,1,0
0.72,2,457,2,1,2,1,0,1,0
0.72,2,94,2,1,2,1,0,1,0
0.72,2,102,2,1,2,1,0,1,0
0.72,2,490,2,1,2,1,0,1,0
0.72,2,449,2,1,2,1,0,1,0
0.72,2,172,2,1,2,1,0,1,0
0.72,2,323,2,1,2,1,0,1,0
0.72,2,484,2,1,2,1,0,1,0
0.72,2,312,2,1,2,1,0,1,0
0.72,2,69,2,1,2,1,0,1,0
0.72,2,157,2,1,2,1,0,1,0
0.72,2,280,2,1,2,1,0,1,0
0.72,2,187,2,1,2,1,0,1,0
0.72,2,232,2,1,2,1,0,1,0
0.72,2,133,2,2,2,2,0,2,0
0.72,2,128,2,1,2,1,0,1,0
0.72,2,250,2,1,2,1,0,1,0
0.72,2,483,2,1,2,1,0,1,0
0.72,2,218,2,1,2,1,0,1,0
0.72,2,338,2,1,2,1,0,1,0
0.72,2,486,2,1,2,1,0,1,0
0.72,2,420,2,1,2,1,0,1,0
0.72,2,333,2,1,2,1,0,1,0
0.72,2,401,2,1,2,1,0,1,0
0.72,2,61,2,1,2,1,0,1,0
0.72,2,432,2,1,2,1,0,1,0
0.72,2,428,2,1,2,1,0,1,0
0.72,2,38,2,1,2,1,0,1,0
0.72,2,480,2,1,2,1,0,1,0
0.72,2,199,2,1,2,1,0,1,0
0.72,2,17,2,1,2,1,0,1,0
0.72,2,162,2,1,2,1,0,1,0
0.72,2,62,2,1,2,1,0,1,0
0.72,2,181,2,1,2,1,0,1,0
0.72,2,307,2,1,2,1,0,1,0
0.72,2,271,2,1,2,1,0,1,0
0.72,2,418,2,1,2,1,0,1,0
0.72,2,130,2,1,2,1,0,1,0
0.72,2,44,2,1,2,1,0,1,0
0.72,2,138,2,1,2,1,0,1,0
0.72,2,165,2,1,2,1,0,1,0
0.72,2,203,2,1,2,1,0,1,0
0.72,2,22,2,1,2,1,0,1,0
0.72,2,85,2,1,2,1,0,1,0
0.72,2,316,2,1,2,1,0,1,0
0.72,2,279,2,1,2,1,0,1,0
0.72,2,108,2,1,2,1,0,1,0
0.72,2,325,2,1,2,1,0,1,0
0.72,2,384,2,1,2,1,0,1,0
0.72,2,274,2,1,2,1,0,1,0
0.72,2,261,2,1,2,1,0,1,0
0.72,2,207,2,1,2,1,0,1,0
0.72,2,339,2,1,2,1,0,1,0
0.72,2,224,2,1,2,1,0,1,0
0.72,2,196,2,1,2,1,0,1,0
0.72,2,283,2,1,2,1,0,1,0
0.72,2,243,2,1,2,1,0,1,0
0.72,2,258,2,1,2,1,0,1,0
0.72,2,229,2,1,2,1,0,1,0
0.72,2,247,2,1,2,1,0,1,0
0.72,2,89,2,1,2,1,0,1,0
0.72,2,394,2,1,2,1,0,1,0
0.72,2,82,2,1,2,1,0,1,0
0.72,2,444,2,1,2,1,0,1,0
0.72,2,147,2,1,2,1,0,1,0
0.72,2,178,2,1,2,1,0,1,0
0.72,2,239,2,1,2,1,0,1,0
0.72,2,240,2,1,2,1,0,1,0
0.72,2,3,2,1,2,1,0,1,0
0.72,2,154,2,1,2,1,0,1,0
0.72,2,53,2,1,2,1,0,1,0
0.72,2,417,2,1,2,1,0,1,0
0.72,2,313,2,1,2,1,0,1,0
0.72,2,468,2,1,2,1,0,1,0
0.72,2,182,2,1,2,1,0,1,0
0.72,2,26,2,1,2,1,0,1,0
0.72,2,202,2,1,2,1,0,1,0
0.72,2,30,2,1,2,1,0,1,0
0.72,2,92,2,1,2,1,0,1,0
0.72,2,136,2,1,2,1,0,1,0
0.72,2,13,2,1,2,1,0,1,0
0.72,2,492,2,1,2,1,0,1,0
0.72,2,143,2,1,2,1,0,1,0
0.72,2,118,2,1,2,1,0,1,0
0.72,2,290,2,1,2,1,0,1,0
0.72,2,31,2,1,2,1,0,1,0
0.72,2,141,2,1,2,1,0,1,0
0.72,2,485,2,1,2,1,0,1,0
0.72,2,18,2,1,2,1,0,1,0
0.72,2,346,2,1,2,1,0,1,0
0.72,2,304,2,1,2,1,0,1,0
0.72,2,471,2,1,2,1,0,1,0
0.72,2,105,2,1,2,1,0,1,0
0.72,2,336,2,1,2,1,0,1,0
0.72,2,75,2,1,2,1,0,1,0
0.72,2,166,2,1,2,1,0,1,0
0.72,2,414,2,1,2,1,0,1,0
0.72,2,421,2,1,2,1,0,1,0
0.72,2,159,2,1,2,1,0,1,0
0.72,2,429,2,1,2,1,0,1,0
0.72,2,49,2,1,2,1,0,1,0
0.72,2,301,2,1,2,1,0,1,0
0.72,2,95,2,1,2,1,0,1,0
0.72,2,263,2,1,2,1,0,1,0
0.72,2,156,2,1,2,1,0,1,0
0.72,2,453,2,1,2,1,0,1,0
0.72,2,481,2,1,2,1,0,1,0
0.72,2,210,2,1,2,1,0,1,0
0.72,2,317,2,1,2,1,0,1,0
0.72,2,255,2,1,2,1,0,1,0
0.72,2,150,2,1,2,1,0,1,0
0.72,2,65,2,1,2,1,0,1,0
0.72,2,60,2,1,2,1,0,1,0
0.72,2,28,2,1,2,1,0,1,0
0.72,2,404,2,1,2,1,0,1,0
0.72,2,127,2,1,2,1,0,1,0
0.72,2,450,2,1,2,1,0,1,0
0.72,2,278,2,1,2,1,0,1,0
0.72,2,276,2,1,2,1,0,1,0
0.72,2,109,2,1,2,1,0,1,0
0.72,2,42,2,1,2,1,0,1,0
0.72,2,155,2,1,2,1,0,1,0
0.72,2,228,2,1,2,1,0,1,0
0.72,2,244,2,1,2,1,0,1,0
0.72,2,249,2,1,2,1,0,1,0
0.72,2,372,2,1,2,1,0,1,0
0.72,2,1,2,1,2,1,0,1,0
0.72,2,71,2,1,2,1,0,1,0
0.72,2,170,2,1,2,1,0,1,0
0.72,2,33,2,1,2,1,0,1,0
0.72,2,395,2,1,2,1,0,1,0
0.72,2,246,2,2,2,2,0,2,0
0.72,2,329,2,1,2,1,0,1,0
0.72,2,455,2,1,2,1,0,1,0
0.72,2,332,2,2,2,2,0,2,0
0.72,2,241,2,1,2,1,0,1,0
0.72,2,475,2,1,2,1,0,1,0
0.72,2,488,2,1,2,1,0,1,0
0.72,2,134,2,1,2,1,0,1,0
0.72,2,177,2,1,2,1,0,1,0
0.72,2,357,2,1,2,1,0,1,0
0.72,2,120,2,1,2,1,0,1,0
0.72,2,245,2,1,2,1,0,1,0
0.72,2,27,2,1,2,1,0,1,0
0.72,2,98,2,1,2,1,0,1,0
0.72,2,285,2,1,2,1,0,1,0
0.72,2,292,2,1,2,1,0,1,0
0.72,2,213,2,1,2,1,0,1,0
0.72,2,41,2,1,2,1,0,1,0
0.72,2,43,2,1,2,1,0,1,0
0.72,2,389,2,1,2,1,0,1,0
0.72,2,160,2,1,2,1,0,1,0
0.72,2,115,2,1,2,1,0,1,0
0.72,2,56,2,1,2,1,0,1,0
0.72,2,360,2,1,2,1,0,1,0
0.72,2,324,2,1,2,1,0,1,0
0.72,2,314,2,1,2,1,0,1,0
0.72,2,231,2,1,4,4,1,5,2
0.72,2,303,2,1,2,1,0,1,0
0.72,2,36,2,1,2,1,0,1,0
0.72,2,40,2,1,4,4,1,5,2
0.72,2,322,2,1,2,1,0,1,0
0.72,2,425,2,2,2,2,0,2,0
0.72,2,293,2,1,2,1,0,1,0
0.72,2,110,2,1,2,1,0,1,0
0.72,2,334,2,1,2,1,0,1,0
0.72,2,270,2,1,2,1,0,1,0
0.72,2,47,2,1,2,1,0,1,0
0.72,2,470,2,1,2,1,0,1,0
0.72,2,214,2,1,2,1,0,1,0
0.72,2,221,2,1,2,1,0,1,0
0.72,2,79,2,1,2,1,0,1,0
0.72,2,198,2,1,2,1,0,1,0
0.72,2,375,2,1,2,1,0,1,0
0.72,2,45,2,1,2,1,0,1,0
0.72,2,230,2,1,2,1,0,1,0
0.72,2,168,2,1,2,1,0,1,0
0.72,2,465,2,1,4,4,1,5,2
0.72,2,443,2,1,2,1,0,1,0
0.72,2,359,2,1,2,1,0,1,0
0.72,2,352,2,1,2,1,0,1,0
0.72,2,204,2,1,2,1,0,1,0
0.72,2,219,2,1,2,1,0,1,0
0.72,2,306,2,1,2,1,0,1,0
0.72,2,54,2,1,2,1,0,1,0
0.72,2,63,2,1,2,1,0,1,0
0.72,2,86,2,1,2,1,0,1,0
0.72,2,497,2,1,2,1,0,1,0
0.72,2,412,2,1,2,1,0,1,0
0.72,2,197,2,1,2,1,0,1,0
0.72,2,59,2,1,2,1,0,1,0
0.72,2,66,2,1,2,1,0,1,0
0.72,2,248,2,1,2,1,0,1,0
0.72,2,29,2,1,2,1,0,1,0
0.72,2,72,2,2,2,2,0,2,0
0.72,2,76,2,1,2,1,0,1,0
0.72,2,331,2,1,2,1,0,1,0
0.72,2,479,2,1,2,1,0,1,0
0.72,2,158,2,1,2,1,0,1,0
0.72,2,191,2,1,2,1,0,1,0
0.72,2,495,2,1,2,1,0,1,0
0.72,2,200,2,1,2,1,0,1,0
0.72,2,473,2,1,2,1,0,1,0
0.72,2,101,2,1,2,1,0,1,0
0.72,2,9,2,1,2,1,0,1,0
0.72,2,235,2,1,2,1,0,1,0
0.72,2,21,2,1,2,1,0,1,0
0.72,2,374,2,1,2,1,0,1,0
0.72,2,161,2,1,2,1,0,1,0
0.72,2,114,2,1,2,1,0,1,0
0.72,2,438,2,1,2,1,0,1,0
0.72,2,93,2,1,2,1,0,1,0
0.72,2,348,2,1,2,1,0,1,0
0.72,2,24,2,1,2,1,0,1,0
0.72,2,142,2,1,2,1,0,1,0
0.72,2,469,2,1,2,1,0,1,0
0.72,2,137,2,1,2,1,0,1,0
0.72,2,256,2,1,2,1,0,1,0
0.72,2,379,2,1,2,1,0,1,0
0.72,2,135,2,1,2,1,0,1,0
0.72,2,39,2,1,2,1,0,1,0
0.72,2,356,2,1,2,1,0,1,0
0.72,2,467,2,1,2,1,0,1,0
0.72,2,257,2,1,2,1,0,1,0
0.72,2,192,2,1,2,1,0,1,0
0.72,2,326,2,1,2,1,0,1,0
0.72,2,220,2,1,2,1,0,1,0
0.72,2,139,2,1,2,1,0,1,0
0.72,2,74,2,1,2,1,0,1,0
0.72,2,253,2,1,2,1,0,1,0
0.72,2,153,2,1,2,1,0,1,0
0.72,2,15,2,1,2,1,0,1,0
0.72,2,378,2,1,2,1,0,1,0
0.72,2,387,2,1,2,1,0,1,0
0.72,2,466,2,1,2,1,0,1,0
0.72,2,424,2,1,2,1,0,1,0
0.72,2,84,2,1,2,1,0,1,0
0.72,2,297,2,1,2,1,0,1,0
0.72,2,459,2,1,2,1,0,1,0
0.72,2,436,2,1,2,1,0,1,0
0.72,2,50,2,1,2,1,0,1,0
0.72,2,96,2,1,2,1,0,1,0
0.72,2,216,2,1,2,1,0,1,0
0.72,2,295,2,1,2,1,0,1,0
0.72,2,362,2,1,2,1,0,1,0
0.72,2,386,2,1,2,1,0,1,0
0.72,2,116,2,1,2,1,0,1,0
0.72,2,277,2,1,2,1,0,1,0
0.72,2,447,2,1,2,1,0,1,0
0.72,2,337,2,1,2,1,0,1,0
0.72,2,119,2,1,2,1,0,1,0
0.72,2,266,2,1,2,1,0,1,0
0.72,2,211,2,1,2,1,0,1,0
0.72,2,124,2,1,2,1,0,1,0
0.72,2,461,2,1,2,1,0,1,0
0.72,2,51,2,1,2,1,0,1,0
0.72,2,269,2,1,2,1,0,1,0
0.72,2,393,2,1,2,1,0,1,0
0.72,2,169,2,1,2,1,0,1,0
0.72,2,390,2,1,2,1,0,1,0
0.72,2,288,2,1,2,1,0,1,0
0.72,2,423,2,1,2,1,0,1,0
0.72,2,80,2,1,2,1,0,1,0
0.72,2,215,2,1,2,1,0,1,0
0.72,2,411,2,1,2,1,0,1,0
0.72,2,354,2,1,2,1,0,1,0
0.72,2,112,2,1,2,1,0,1,0
0.72,2,445,2,1,2,1,0,1,0
0.72,2,416,2,1,2,1,0,1,0
0.72,2,340,2,1,2,1,0,1,0
0.72,2,275,2,1,2,1,0,1,0
0.72,2,399,2,1,2,1,0,1,0
0.72,2,273,2,2,2,2,0,2,0
0.72,2,209,2,1,2,1,0,1,0
0.72,2,194,2,1,2,1,0,1,0
0.72,2,458,2,1,2,1,0,1,0
0.72,2,448,2,1,2,1,0,1,0
0.72,2,126,2,1,2,1,0,1,0
0.72,2,446,2,1,2,1,0,1,0
0.72,2,163,2,1,2,1,0,1,0
0.72,2,174,2,1,2,1,0,1,0
0.72,2,176,2,1,2,1,0,1,0
0.72,2,131,2,1,2,1,0,1,0
0.72,2,406,2,1,2,1,0,1,0
0.72,2,433,2,1,2,1,0,1,0
0.72,2,434,2,1,2,1,0,1,0
0.72,2,151,2,1,2,1,0,1,0
0.72,2,164,2,1,2,1,0,1,0
0.72,2,451,2,1,2,1,0,1,0
0.72,2,37,2,2,2,2,0,2,0
0.72,2,4,2,1,2,1,0,1,0
0.72,2,330,2,1,2,1,0,1,0
0.72,2,355,2,1,2,1,0,1,0
0.72,2,496,2,1,2,1,0,1,0
0.72,2,268,2,1,2,1,0,1,0
0.72,2,238,2,1,2,1,0,1,0
0.72,2,259,2,1,2,1,0,1,0
0.72,2,426,2,1,2,1,0,1,0
0.72,2,400,2,1,2,1,0,1,0
0.72,2,289,2,1,2,1,0,1,0
0.72,2,397,2,1,2,1,0,1,0
0.72,2,380,2,2,2,2,0,2,0
0.72,2,35,2,1,2,1,0,1,0
0.72,2,442,2,1,2,1,0,1,0
0.72,2,14,2,1,2,1,0,1,0
0.72,2,281,2,1,2,1,0,1,0
0.72,2,388,2,1,2,1,0,1,0
0.72,2,226,2,1,2,1,0,1,0
0.72,2,365,2,1,2,1,0,1,0
0.72,2,296,2,1,2,1,0,1,0
0.72,2,20,2,1,2,1,0,1,0
0.72,2,431,2,1,2,1,0,1,0
0.72,2,111,2,1,2,1,0,1,0
0.72,2,88,2,1,2,1,0,1,0
0.72,2,398,2,1,2,1,0,1,0
0.72,2,171,2,1,2,1,0,1,0
0.72,2,267,2,1,2,1,0,1,0
0.72,2,377,2,1,2,1,0,1,0
0.72,2,472,2,1,2,1,0,1,0
0.72,2,391,2,1,2,1,0,1,0
0.72,2,493,2,1,2,1,0,1,0
0.72,2,396,2,1,2,1,0,1,0
0.72,2,46,2,1,2,1,0,1,0
0.72,2,208,2,1,2,1,0,1,0
0.72,2,476,2,1,2,1,0,1,0
0.72,2,422,2,1,2,1,0,1,0
0.72,2,260,2,1,2,1,0,1,0
0.72,2,363,2,1,2,1,0,1,0
0.72,2,185,2,1,2,1,0,1,0
0.72,2,265,2,1,2,1,0,1,0
0.72,2,175,2,1,2,1,0,1,0
0.72,2,123,2,1,2,1,0,1,0
0.72,2,315,2,1,2,1,0,1,0
0.72,2,435,2,1,2,1,0,1,0
0.72,2,410,2,1,2,1,0,1,0
0.72,2,463,2,1,2,1,0,1,0
0.72,2,366,2,1,2,1,0,1,0
0.72,2,460,2,1,2,1,0,1,0
0.72,2,319,2,1,2,1,0,1,0
0.72,2,237,2,1,2,1,0,1,0
0.72,2,100,2,2,2,2,0,2,0
0.72,2,499,2,1,2,1,0,1,0
0.72,2,189,2,1,2,1,0,1,0
0.72,2,121,2,1,2,1,0,1,0
0.72,2,201,2,1,2,1,0,1,0
0.72,2,342,2,1,2,1,0,1,0
0.72,2,392,2,1,2,1,0,1,0
0.72,2,217,2,1,2,1,0,1,0
0.72,2,212,2,1,2,1,0,1,0
0.72,2,233,2,1,2,1,0,1,0
0.72,2,454,2,1,2,1,0,1,0
0.72,2,0,2,1,2,1,0,1,0
0.72,2,347,2,1,2,1,0,1,0
0.72,2,477,2,1,2,1,0,1,0
0.72,2,11,2,1,2,1,0,1,0
0.72,2,55,2,1,2,1,0,1,0
0.72,2,144,2,1,2,1,0,1,0
0.72,2,369,2,1,2,1,0,1,0
0.72,2,487,2,1,2,1,0,1,0
0.72,2,106,2,1,2,1,0,1,0
0.72,2,441,2,1,2,1,0,1,0
0.72,2,408,2,1,2,1,0,1,0
0.72,2,353,2,1,2,1,0,1,0
0.72,2,413,2,1,2,1,0,1,0
0.72,2,97,2,1,2,1,0,1,0
0.72,2,311,2,1,2,1,0,1,0
0.72,2,327,2,1,2,1,0,1,0
0.72,2,12,2,1,2,1,0,1,0
0.72,2,64,2,1,2,1,0,1,0
0.72,2,188,2,1,2,1,0,1,0
0.72,2,376,2,2,2,2,0,2,0
0.72,2,349,2,1,2,1,0,1,0
0.72,2,272,2,1,2,1,0,1,0
0.72,2,371,2,1,2,1,0,1,0
0.72,2,129,2,1,2,1,0,1,0
0.72,2,462,2,1,2,1,0,1,0
0.72,2,494,2,1,2,1,0,1,0
0.72,2,328,2,1,2,1,0,1,0
0.72,2,358,2,1,2,1,0,1,0
0.72,2,321,2,1,2,1,0,1,0
0.72,2,193,2,2,2,2,0,2,0
0.72,2,234,2,1,2,1,0,1,0
0.72,2,308,2,1,2,1,0,1,0
0.72,2,341,2,1,2,1,0,1,0
0.72,2,148,2,1,2,1,0,1,0
0.72,2,415,2,1,2,1,0,1,0
0.72,2,205,2,1,2,1,0,1,0
0.72,2,57,2,1,2,1,0,1,0
0.72,2,5,2,1,2,1,0,1,0
0.72,2,90,2,1,2,1,0,1,0
0.72,2,407,2,1,2,1,0,1,0
0.72,2,2,2,1,2,1,0,1,0
0.72,2,368,2,1,2,1,0,1,0
0.72,2,405,2,1,2,1,0,1,0
0.72,2,402,2,1,2,1,0,1,0
0.72,2,367,2,1,2,1,0,1,0
0.72,2,103,2,1,2,1,0,1,0
0.72,2,52,2,1,2,1,0,1,0
0.72,2,146,2,1,2,1,0,1,0
0.72,2,195,2,1,2,1,0,1,0
0.72,2,184,2,1,2,1,0,1,0
0.72,2,489,2,1,2,1,0,1,0
0.72,2,252,2,1,2,1,0,1,0
0.72,2,87,2,1,2,1,0,1,0
0.72,2,180,2,1,2,1,0,1,0
0.72,2,300,2,1,2,1,0,1,0
0.72,2,117,2,1,2,1,0,1,0
0.72,2,25,2,1,2,1,0,1,0
0.72,2,343,2,1,2,1,0,1,0
0.72,2,7,2,1,2,1,0,1,0
0.72,2,430,2,1,2,1,0,1,0
0.72,2,48,2,1,2,1,0,1,0
0.72,2,427,2,1,2,1,0,1,0
0.72,2,104,2,1,2,1,0,1,0
0.72,2,310,2,1,2,1,0,1,0
0.72,2,242,2,1,2,1,0,1,0
0.72,2,298,2,1,2,1,0,1,0
0.72,2,345,2,1,2,1,0,1,0
0.72,2,16,2,1,2,1,0,1,0
0.72,2,318,2,1,2,1,0,1,0
0.72,2,437,2,1,2,1,0,1,0
0.72,2,282,2,1,2,1,0,1,0
0.72,2,107,2,1,4,4,1,5,2
0.72,2,309,2,1,2,1,0,1,0
0.72,2,236,2,1,2,1,0,1,0
0.72,2,299,2,1,2,1,0,1,0
0.72,2,491,2,1,2,1,0,1,0
0.72,2,474,2,1,2,1,0,1,0
0.72,2,264,2,1,2,1,0,1,0
0.72,2,132,2,1,2,1,0,1,0
0.72,2,498,2,1,2,1,0,1,0
0.72,2,8,2,1,2,1,0,1,0
0.72,2,222,2,1,2,1,0,1,0
0.72,2,83,2,1,2,1,0,1,0
0.72,4,223,2,1,2,1,0,1,0
0.72,4,122,2,1,2,1,0,1,0
0.72,4,373,2,1,2,1,0,1,0
0.72,4,10,2,1,2,1,0,1,0
0.72,4,227,2,1,2,1,0,1,0
0.72,4,6,2,1,2,1,0,1,0
0.72,4,190,2,1,2,1,0,1,0
0.72,4,294,2,1,2,1,0,1,0
0.72,4,206,2,1,2,1,0,1,0
0.72,4,344,2,1,2,1,0,1,0
0.72,4,81,2,1,2,1,0,1,0
0.72,4,34,2,1,2,1,0,1,0
0.72,4,478,2,1,2,1,0,1,0
0.72,4,225,2,1,2,1,0,1,0
0.72,4,452,2,1,2,1,0,1,0
0.72,4,67,2,1,2,1,0,1,0
0.72,4,286,2,1,2,1,0,1,0
0.72,4,251,2,1,2,1,0,1,0
0.72,4,335,2,1,2,1,0,1,0
0.72,4,439,2,1,2,1,0,1,0
0.72,4,409,2,1,2,1,0,1,0
0.72,4,125,2,1,2,1,0,1,0
0.72,4,70,2,1,2,1,0,1,0
0.72,4,145,2,1,2,1,0,1,0
0.72,4,73,2,1,2,1,0,1,0
0.72,4,284,2,1,2,1,0,1,0
0.72,4,186,2,1,2,1,0,1,0
0.72,4,58,2,1,2,1,0,1,0
0.72,4,381,2,1,2,1,0,1,0
0.72,4,305,2,1,2,1,0,1,0
0.72,4,149,2,1,2,1,0,1,0
0.72,4,140,2,1,2,1,0,1,0
0.72,4,364,2,1,4,1,1,2,2
0.72,4,361,2,1,2,1,0,1,0
0.72,4,23,2,1,2,1,0,1,0
0.72,4,254,2,1,2,1,0,1,0
0.72,4,173,2,1,2,1,0,1,0
0.72,4,456,2,1,2,1,0,1,0
0.72,4,403,2,1,2,1,0,1,0
0.72,4,382,2,1,2,1,0,1,0
0.72,4,320,2,1,2,1,0,1,0
0.72,4,167,2,1,2,1,0,1,0
0.72,4,419,2,1,4,1,1,2,2
0.72,4,262,2,1,2,1,0,1,0
0.72,4,91,2,1,2,1,0,1,0
0.72,4,19,2,1,2,1,0,1,0
0.72,4,78,2,1,2,1,0,1,0
0.72,4,440,2,1,2,1,0,1,0
0.72,4,350,2,1,2,1,0,1,0
0.72,4,113,2,1,2,1,0,1,0
0.72,4,291,2,1,2,1,0,1,0
0.72,4,370,2,1,2,1,0,1,0
0.72,4,152,2,1,2,1,0,1,0
0.72,4,99,2,1,2,1,0,1,0
0.72,4,32,2,1,2,1,0,1,0
0.72,4,77,2,1,2,1,0,1,0
0.72,4,183,2,1,2,1,0,1,0
0.72,4,383,2,1,2,1,0,1,0
0.72,4,179,2,1,2,1,0,1,0
0.72,4,68,2,1,2,1,0,1,0
0.72,4,385,2,1,2,1,0,1,0
0.72,4,464,2,1,2,1,0,1,0
0.72,4,482,2,1,2,1,0,1,0
0.72,4,351,2,1,2,1,0,1,0
0.72,4,287,2,1,2,1,0,1,0
0.72,4,302,2,1,2,1,0,1,0
0.72,4,457,2,1,2,1,0,1,0
0.72,4,94,2,1,2,1,0,1,0
0.72,4,102,2,1,2,1,0,1,0
0.72,4,490,2,1,2,1,0,1,0
0.72,4,449,2,1,2,1,0,1,0
0.72,4,172,2,1,2,1,0,1,0
0.72,4,323,2,1,2,1,0,1,0
0.72,4,484,2,1,2,1,0,1,0
0.72,4,312,2,1,2,1,0,1,0
0.72,4,69,2,1,2,1,0,1,0
0.72,4,157,2,1,2,1,0,1,0
0.72,4,280,2,1,2,1,0,1,0
0.72,4,187,2,1,2,1,0,1,0
0.72,4,232,2,1,2,1,0,1,0
0.72,4,133,2,2,2,2,0,2,0
0.72,4,128,2,1,2,1,0,1,0
0.72,4,250,2,1,2,1,0,1,0
0.72,4,483,2,1,2,1,0,1,0
0.72,4,218,2,1,2,1,0,1,0
0.72,4,338,2,1,2,1,0,1,0
0.72,4,486,2,1,2,1,0,1,0
0.72,4,420,2,1,2,1,0,1,0
0.72,4,333,2,1,2,1,0,1,0
0.72,4,401,2,1,2,1,0,1,0
0.72,4,61,2,1,2,1,0,1,0
0.72,4,432,2,1,2,1,0,1,0
0.72,4,428,2,1,2,1,0,1,0
0.72,4,38,2,1,2,1,0,1,0
0.72,4,480,2,1,2,1,0,1,0
0.72,4,199,2,1,2,1,0,1,0
0.72,4,17,2,1,2,1,0,1,0
0.72,4,162,2,1,2,1,0,1,0
0.72,4,62,2,1,2,1,0,1,0
0.72,4,181,2,1,2,1,0,1,0
0.72,4,307,2,1,2,1,0,1,0
0.72,4,271,2,1,2,1,0,1,0
0.72,4,418,2,1,2,1,0,1,0
0.72,4,130,2,1,2,1,0,1,0
0.72,4,44,2,1,2,1,0,1,0
0.72,4,138,2,1,2,1,0,1,0
0.72,4,165,2,1,2,1,0,1,0
0.72,4,203,2,1,2,1,0,1,0
0.72,4,22,2,1,2,1,0,1,0
0.72,4,85,2,1,2,1,0,1,0
0.72,4,316,2,1,2,1,0,1,0
0.72,4,279,2,1,2,1,0,1,0
0.72,4,108,2,1,2,1,0,1,0
0.72,4,325,2,1,2,1,0,1,0
0.72,4,384,2,1,2,1,0,1,0
0.72,4,274,2,1,2,1,0,1,0
0.72,4,261,2,1,2,1,0,1,0
0.72,4,207,2,1,2,1,0,1,0
0.72,4,339,2,1,2,1,0,1,0
0.72,4,224,2,1,2,1,0,1,0
0.72,4,196,2,1,2,1,0,1,0
0.72,4,283,2,1,2,1,0,1,0
0.72,4,243,2,1,2,1,0,1,0
0.72,4,258,2,1,2,1,0,1,0
0.72,4,229,2,1,2,1,0,1,0
0.72,4,247,2,1,2,1,0,1,0
0.72,4,89,2,1,2,1,0,1,0
0.72,4,394,2,1,2,1,0,1,0
0.72,4,82,2,1,2,1,0,1,0
0.72,4,444,2,1,2,1,0,1,0
0.72,4,147,2,1,2,1,0,1,0
0.72,4,178,2,1,2,1,0,1,0
0.72,4,239,2,1,2,1,0,1,0
0.72,4,240,2,1,2,1,0,1,0
0.72,4,3,2,1,2,1,0,1,0
0.72,4,154,2,1,2,1,0,1,0
0.72,4,53,2,1,2,1,0,1,0
0.72,4,417,2,1,2,1,0,1,0
0.72,4,313,2,1,2,1,0,1,0
0.72,4,468,2,1,2,1,0,1,0
0.72,4,182,2,1,2,1,0,1,0
0.72,4,26,2,1,2,1,0,1,0
0.72,4,202,2,1,2,1,0,1,0
0.72,4,30,2,1,2,1,0,1,0
0.72,4,92,2,1,2,1,0,1,0
0.72,4,136,2,1,2,1,0,1,0
0.72,4,13,2,1,2,1,0,1,0
0.72,4,492,2,1,2,1,0,1,0
0.72,4,143,2,1,2,1,0,1,0
0.72,4,118,2,1,2,1,0,1,0
0.72,4,290,2,1,2,1,0,1,0
0.72,4,31,2,1,2,1,0,1,0
0.72,4,141,2,1,2,1,0,1,0
0.72,4,485,2,1,2,1,0,1,0
0.72,4,18,2,1,2,1,0,1,0
0.72,4,346,2,1,2,1,0,1,0
0.72,4,304,2,1,2,1,0,1,0
0.72,4,471,2,1,2,1,0,1,0
0.72,4,105,2,1,2,1,0,1,0
0.72,4,336,2,1,2,1,0,1,0
0.72,4,75,2,1,2,1,0,1,0
0.72,4,166,2,1,2,1,0,1,0
0.72,4,414,2,1,2,1,0,1,0
0.72,4,421,2,1,2,1,0,1,0
0.72,4,159,2,1,2,1,0,1,0
0.72,4,429,2,1,2,1,0,1,0
0.72,4,49,2,1,2,1,0,1,0
0.72,4,301,2,1,2,1,0,1,0
0.72,4,95,2,1,2,1,0,1,0
0.72,4,263,2,1,2,1,0,1,0
0.72,4,156,2,1,2,1,0,1,0
0.72,4,453,2,1,2,1,0,1,0
0.72,4,481,2,1,2,1,0,1,0
0.72,4,210,2,1,2,1,0,1,0
0.72,4,317,2,1,2,1,0,1,0
0.72,4,255,2,1,2,1,0,1,0
0.72,4,150,2,1,2,1,0,1,0
0.72,4,65,2,1,2,1,0,1,0
0.72,4,60,2,1,2,1,0,1,0
0.72,4,28,2,1,2,1,0,1,0
0.72,4,404,2,1,2,1,0,1,0
0.72,4,127,2,1,2,1,0,1,0
0.72,4,450,2,1,2,1,0,1,0
0.72,4,278,2,1,2,1,0,1,0
0.72,4,276,2,1,2,1,0,1,0
0.72,4,109,2,1,2,1,0,1,0
0.72,4,42,2,1,2,1,0,1,0
0.72,4,155,2,1,2,1,0,1,0
0.72,4,228,2,1,2,1,0,1,0
0.72,4,244,2,1,2,1,0,1,0
0.72,4,249,2,1,2,1,0,1,0
0.72,4,372,2,1,2,1,0,1,0
0.72,4,1,2,1,2,1,0,1,0
0.72,4,71,2,1,2,1,0,1,0
0.72,4,170,2,1,2,1,0,1,0
0.72,4,33,2,1,2,1,0,1,0
0.72,4,395,2,1,2,1,0,1,0
0.72,4,246,2,2,2,2,0,2,0
0.72,4,329,2,1,2,1,0,1,0
0.72,4,455,2,1,2,1,0,1,0
0.72,4,332,2,2,2,2,0,2,0
0.72,4,241,2,1,2,1,0,1,0
0.72,4,475,2,1,2,1,0,1,0
0.72,4,488,2,1,2,1,0,1,0
0.72,4,134,2,1,2,1,0,1,0
0.72,4,177,2,1,2,1,0,1,0
0.72,4,357,2,1,2,1,0,1,0
0.72,4,120,2,1,2,1,0,1,0
0.72,4,245,2,1,2,1,0,1,0
0.72,4,27,2,1,2,1,0,1,0
0.72,4,98,2,1,2,1,0,1,0
0.72,4,285,2,1,2,1,0,1,0
0.72,4,292,2,1,2,1,0,1,0
0.72,4,213,2,1,2,1,0,1,0
0.72,4,41,2,1,2,1,0,1,0
0.72,4,43,2,1,2,1,0,1,0
0.72,4,389,2,1,2,1,0,1,0
0.72,4,160,2,1,2,1,0,1,0
0.72,4,115,2,1,2,1,0,1,0
0.72,4,56,2,1,2,1,0,1,0
0.72,4,360,2,1,2,1,0,1,0
0.72,4,324,2,1,2,1,0,1,0
0.72,4,314,2,1,2,1,0,1,0
0.72,4,231,2,1,4,1,1,2,2
0.72,4,303,2,1,2,1,0,1,0
0.72,4,36,2,1,2,1,0,1,0
0.72,4,40,2,1,4,1,1,2,2
0.72,4,322,2,1,2,1,0,1,0
0.72,4,425,2,2,2,2,0,2,0
0.72,4,293,2,1,2,1,0,1,0
0.72,4,110,2,1,2,1,0,1,0
0.72,4,334,2,1,2,1,0,1,0
0.72,4,270,2,1,2,1,0,1,0
0.72,4,47,2,1,2,1,0,1,0
0.72,4,470,2,1,2,1,0,1,0
0.72,4,214,2,1,2,1,0,1,0
0.72,4,221,2,1,2,1,0,1,0
0.72,4,79,2,1,2,1,0,1,0
0.72,4,198,2,1,2,1,0,1,0
0.72,4,375,2,1,2,1,0,1,0
0.72,4,45,2,1,2,1,0,1,0
0.72,4,230,2,1,2,1,0,1,0
0.72,4,168,2,1,2,1,0,1,0
0.72,4,465,2,1,4,1,1,2,2
0.72,4,443,2,1,2,1,0,1,0
0.72,4,359,2,1,2,1,0,1,0
0.72,4,352,2,1,2,1,0,1,0
0.72,4,204,2,1,2,1,0,1,0
0.72,4,219,2,1,2,1,0,1,0
0.72,4,306,2,1,2,1,0,1,0
0.72,4,54,2,1,2,1,0,1,0
0.72,4,63,2,1,2,1,0,1,0
0.72,4,86,2,1,2,1,0,1,0
0.72,4,497,2,1,2,1,0,1,0
0.72,4,412,2,1,2,1,0,1,0
0.72,4,197,2,1,2,1,0,1,0
0.72,4,59,2,1,2,1,0,1,0
0.72,4,66,2,1,2,1,0,1,0
0.72,4,248,2,1,2,1,0,1,0
0.72,4,29,2,1,2,1,0,1,0
0.72,4,72,2,2,2,2,0,2,0
0.72,4,76,2,1,2,1,0,1,0
0.72,4,331,2,1,2,1,0,1,0
0.72,4,479,2,1,2,1,0,1,0
0.72,4,158,2,1,2,1,0,1,0
0.72,4,191,2,1,2,1,0,1,0
0.72,4,495,2,1,2,1,0,1,0
0.72,4,200,2,1,2,1,0,1,0
0.72,4,473,2,1,2,1,0,1,0
0.72,4,101,2,1,2,1,0,1,0
0.72,4,9,2,1,2,1,0,1,0
0.72,4,235,2,1,2,1,0,1,0
0.72,4,21,2,1,2,1,0,1,0
0.72,4,374,2,1,2,1,0,1,0
0.72,4,161,2,1,2,1,0,1,0
0.72,4,114,2,1,2,1,0,1,0
0.72,4,438,2,1,2,1,0,1,0
0.72,4,93,2,1,2,1,0,1,0
0.72,4,348,2,1,2,1,0,1,0
0.72,4,24,2,1,2,1,0,1,0
0.72,4,142,2,1,2,1,0,1,0
0.72,4,469,2,1,2,1,0,1,0
0.72,4,137,2,1,2,1,0,1,0
0.72,4,256,2,1,2,1,0,1,0
0.72,4,379,2,1,2,1,0,1,0
0.72,4,135,2,1,2,1,0,1,0
0.72,4,39,2,1,2,1,0,1,0
0.72,4,356,2,1,2,1,0,1,0
0.72,4,467,2,1,2,1,0,1,0
0.72,4,257,2,1,2,1,0,1,0
0.72,4,192,2,1,2,1,0,1,0
0.72,4,326,2,1,2,1,0,1,0
0.72,4,220,2,1,2,1,0,1,0
0.72,4,139,2,1,2,1,0,1,0
0.72,4,74,2,1,2,1,0,1,0
0.72,4,253,2,1,2,1,0,1,0
0.72,4,153,2,1,2,1,0,1,0
0.72,4,15,2,1,2,1,0,1,0
0.72,4,378,2,1,2,1,0,1,0
0.72,4,387,2,1,2,1,0,1,0
0.72,4,466,2,1,2,1,0,1,0
0.72,4,424,2,1,2,1,0,1,0
0.72,4,84,2,1,2,1,0,1,0
0.72,4,297,2,1,2,1,0,1,0
0.72,4,459,2,1,2,1,0,1,0
0.72,4,436,2,1,2,1,0,1,0
0.72,4,50,2,1,2,1,0,1,0
0.72,4,96,2,1,2,1,0,1,0
0.72,4,216,2,1,2,1,0,1,0
0.72,4,295,2,1,2,1,0,1,0
0.72,4,362,2,1,2,1,0,1,0
0.72,4,386,2,1,2,1,0,1,0
0.72,4,116,2,1,2,1,0,1,0
0.72,4,277,2,1,2,1,0,1,0
0.72,4,447,2,1,2,1,0,1,0
0.72,4,337,2,1,2,1,0,1,0
0.72,4,119,2,1,2,1,0,1,0
0.72,4,266,2,1,2,1,0,1,0
0.72,4,211,2,1,2,1,0,1,0
0.72,4,124,2,1,2,1,0,1,0
0.72,4,461,2,1,2,1,0,1,0
0.72,4,51,2,1,2,1,0,1,0
0.72,4,269,2,1,2,1,0,1,0
0.72,4,393,2,1,2,1,0,1,0
0.72,4,169,2,1,2,1,0,1,0
0.72,4,390,2,1,2,1,0,1,0
0.72,4,288,2,1,2,1,0,1,0
0.72,4,423,2,1,2,1,0,1,0
0.72,4,80,2,1,2,1,0,1,0
0.72,4,215,2,1,2,1,0,1,0
0.72,4,411,2,1,2,1,0,1,0
0.72,4,354,2,1,2,1,0,1,0
0.72,4,112,2,1,2,1,0,1,0
0.72,4,445,2,1,2,1,0,1,0
0.72,4,416,2,1,2,1,0,1,0
0.72,4,340,2,1,2,1,0,1,0
0.72,4,275,2,1,2,1,0,1,0
0.72,4,399,2,1,2,1,0,1,0
0.72,4,273,2,2,2,2,0,2,0
0.72,4,209,2,1,2,1,0,1,0
0.72,4,194,2,1,2,1,0,1,0
0.72,4,458,2,1,2,1,0,1,0
0.72,4,448,2,1,2,1,0,1,0
0.72,4,126,2,1,2,1,0,1,0
0.72,4,446,2,1,2,1,0,1,0
0.72,4,163,2,1,2,1,0,1,0
0.72,4,174,2,1,2,1,0,1,0
0.72,4,176,2,1,2,1,0,1,0
0.72,4,131,2,1,2,1,0,1,0
0.72,4,406,2,1,2,1,0,1,0
0.72,4,433,2,1,2,1,0,1,0
0.72,4,434,2,1,2,1,0,1,0
0.72,4,151,2,1,2,1,0,1,0
0.72,4,164,2,1,2,1,0,1,0
0.72,4,451,2,1,2,1,0,1,0
0.72,4,37,2,2,2,2,0,2,0
0.72,4,4,2,1,2,1,0,1,0
0.72,4,330,2,1,2,1,0,1,0
0.72,4,355,2,1,2,1,0,1,0
0.72,4,496,2,1,2,1,0,1,0
0.72,4,268,2,1,2,1,0,1,0
0.72,4,238,2,1,2,1,0,1,0
0.72,4,259,2,1,2,1,0,1,0
0.72,4,426,2,1,2,1,0,1,0
0.72,4,400,2,1,2,1,0,1,0
0.72,4,289,2,1,2,1,0,1,0
0.72,4,397,2,1,2,1,0,1,0
0.72,4,380,2,2,2,2,0,2,0
0.72,4,35,2,1,2,1,0,1,0
0.72,4,442,2,1,2,1,0,1,0
0.72,4,14,2,1,2,1,0,1,0
0.72,4,281,2,1,2,1,0,1,0
0.72,4,388,2,1,2,1,0,1,0
0.72,4,226,2,1,2,1,0,1,0
0.72,4,365,2,1,2,1,0,1,0
0.72,4,296,2,1,2,1,0,1,0
0.72,4,20,2,1,2,1,0,1,0
0.72,4,431,2,1,2,1,0,1,0
0.72,4,111,2,1,2,1,0,1,0
0.72,4,88,2,1,2,1,0,1,0
0.72,4,398,2,1,2,1,0,1,0
0.72,4,171,2,1,2,1,0,1,0
0.72,4,267,2,1,2,1,0,1,0
0.72,4,377,2,1,2,1,0,1,0
0.72,4,472,2,1,2,1,0,1,0
0.72,4,391,2,1,2,1,0,1,0
0.72,4,493,2,1,2,1,0,1,0
0.72,4,396,2,1,2,1,0,1,0
0.72,4,46,2,1,2,1,0,1,0
0.72,4,208,2,1,2,1,0,1,0
0.72,4,476,2,1,2,1,0,1,0
0.72,4,422,2,1,2,1,0,1,0
0.72,4,260,2,1,2,1,0,1,0
0.72,4,363,2,1,2,1,0,1,0
0.72,4,185,2,1,2,1,0,1,0
0.72,4,265,2,1,2,1,0,1,0
0.72,4,175,2,1,2,1,0,1,0
0.72,4,123,2,1,2,1,0,1,0
0.72,4,315,2,1,2,1,0,1,0
0.72,4,435,2,1,2,1,0,1,0
0.72,4,410,2,1,2,1,0,1,0
0.72,4,463,2,1,2,1,0,1,0
0.72,4,366,2,1,2,1,0,1,0
0.72,4,460,2,1,2,1,0,1,0
0.72,4,319,2,1,2,1,0,1,0
0.72,4,237,2,1,2,1,0,1,0
0.72,4,100,2,2,2,2,0,2,0
0.72,4,499,2,1,2,1,0,1,0
0.72,4,189,2,1,2,1,0,1,0
0.72,4,121,2,1,2,1,0,1,0
0.72,4,201,2,1,2,1,0,1,0
0.72,4,342,2,1,2,1,0,1,0
0.72,4,392,2,1,2,1,0,1,0
0.72,4,217,2,1,2,1,0,1,0
0.72,4,212,2,1,2,1,0,1,0
0.72,4,233,2,1,2,1,0,1,0
0.72,4,454,2,1,2,1,0,1,0
0.72,4,0,2,1,2,1,0,1,0
0.72,4,347,2,1,2,1,0,1,0
0.72,4,477,2,1,2,1,0,1,0
0.72,4,11,2,1,2,1,0,1,0
0.72,4,55,2,1,2,1,0,1,0
0.72,4,144,2,1,2,1,0,1,0
0.72,4,369,2,1,2,1,0,1,0
0.72,4,487,2,1,2,1,0,1,0
0.72,4,106,2,1,2,1,0,1,0
0.72,4,441,2,1,2,1,0,1,0
0.72,4,408,2,1,2,1,0,1,0
0.72,4,353,2,1,2,1,0,1,0
0.72,4,413,2,1,2,1,0,1,0
0.72,4,97,2,1,2,1,0,1,0
0.72,4,311,2,1,2,1,0,1,0
0.72,4,327,2,1,2,1,0,1,0
0.72,4,12,2,1,2,1,0,1,0
0.72,4,64,2,1,2,1,0,1,0
0.72,4,188,2,1,2,1,0,1,0
0.72,4,376,2,2,2,2,0,2,0
0.72,4,349,2,1,2,1,0,1,0
0.72,4,272,2,1,2,1,0,1,0
0.72,4,371,2,1,2,1,0,1,0
0.72,4,129,2,1,2,1,0,1,0
0.72,4,462,2,1,2,1,0,1,0
0.72,4,494,2,1,2,1,0,1,0
0.72,4,328,2,1,2,1,0,1,0
0.72,4,358,2,1,2,1,0,1,0
0.72,4,321,2,1,2,1,0,1,0
0.72,4,193,2,2,2,2,0,2,0
0.72,4,234,2,1,2,1,0,1,0
0.72,4,308,2,1,2,1,0,1,0
0.72,4,341,2,1,2,1,0,1,0
0.72,4,148,2,1,2,1,0,1,0
0.72,4,415,2,1,2,1,0,1,0
0.72,4,205,2,1,2,1,0,1,0
0.72,4,57,2,1,2,1,0,1,0
0.72,4,5,2,1,2,1,0,1,0
0.72,4,90,2,1,2,1,0,1,0
0.72,4,407,2,1,2,1,0,1,0
0.72,4,2,2,1,2,1,0,1,0
0.72,4,368,2,1,2,1,0,1,0
0.72,4,405,2,1,2,1,0,1,0
0.72,4,402,2,1,2,1,0,1,0
0.72,4,367,2,1,2,1,0,1,0
0.72,4,103,2,1,2,1,0,1,0
0.72,4,52,2,1,2,1,0,1,0
0.72,4,146,2,1,2,1,0,1,0
0.72,4,195,2,1,2,1,0,1,0
0.72,4,184,2,1,2,1,0,1,0
0.72,4,489,2,1,2,1,0,1,0
0.72,4,252,2,1,2,1,0,1,0
0.72,4,87,2,1,2,1,0,1,0
0.72,4,180,2,1,2,1,0,1,0
0.72,4,300,2,1,2,1,0,1,0
0.72,4,117,2,1,2,1,0,1,0
0.72,4,25,2,1,2,1,0,1,0
0.72,4,343,2,1,2,1,0,1,0
0.72,4,7,2,1,2,1,0,1,0
0.72,4,430,2,1,2,1,0,1,0
0.72,4,48,2,1,2,1,0,1,0
0.72,4,427,2,1,2,1,0,1,0
0.72,4,104,2,1,2,1,0,1,0
0.72,4,310,2,1,2,1,0,1,0
0.72,4,242,2,1,2,1,0,1,0
0.72,4,298,2,1,2,1,0,1,0
0.72,4,345,2,1,2,1,0,1,0
0.72,4,16,2,1,2,1,0,1,0
0.72,4,318,2,1,2,1,0,1,0
0.72,4,437,2,1,2,1,0,1,0
0.72,4,282,2,1,2,1,0,1,0
0.72,4,107,2,1,4,1,1,2,2
0.72,4,309,2,1,2,1,0,1,0
0.72,4,236,2,1,2,1,0,1,0
0.72,4,299,2,1,2,1,0,1,0
0.72,4,491,2,1,2,1,0,1,0
0.72,4,474,2,1,2,1,0,1,0
0.72,4,264,2,1,2,1,0,1,0
0.72,4,132,2,1,2,1,0,1,0
0.72,4,498,2,1,2,1,0,1,0
0.72,4,8,2,1,2,1,0,1,0
0.72,4,222,2,1,2,1,0,1,0
0.72,4,83,2,1,2,1,0,1,0
0.72,8,223,2,1,2,1,0,1,0
0.72,8,122,2,1,2,1,0,1,0
0.72,8,373,2,1,2,1,0,1,0
0.72,8,10,2,1,2,1,0,1,0
0.72,8,227,2,1,2,1,0,1,0
0.72,8,6,2,1,2,1,0,1,0
0.72,8,190,2,1,2,1,0,1,0
0.72,8,294,2,1,2,1,0,1,0
0.72,8,206,2,1,2,1,0,1,0
0.72,8,344,2,1,2,1,0,1,0
0.72,8,81,2,1,2,1,0,1,0
0.72,8,34,2,1,2,1,0,1,0
0.72,8,478,2,1,2,1,0,1,0
0.72,8,225,2,1,2,1,0,1,0
0.72,8,452,2,1,2,1,0,1,0
0.72,8,67,2,1,2,1,0,1,0
0.72,8,286,2,1,2,1,0,1,0
0.72,8,251,2,1,2,1,0,1,0
0.72,8,335,2,1,2,1,0,1,0
0.72,8,439,2,1,2,1,0,1,0
0.72,8,409,2,1,2,1,0,1,0
0.72,8,125,2,1,2,1,0,1,0
0.72,8,70,2,1,2,1,0,1,0
0.72,8,145,2,1,2,1,0,1,0
0.72,8,73,2,1,2,1,0,1,0
0.72,8,284,2,1,2,1,0,1,0
0.72,8,186,2,1,2,1,0,1,0
0.72,8,58,2,1,2,1,0,1,0
0.72,8,381,2,1,2,1,0,1,0
0.72,8,305,2,1,2,1,0,1,0
0.72,8,149,2,1,2,1,0,1,0
0.72,8,140,2,1,2,1,0,1,0
0.72,8,364,2,1,4,1,1,2,2
0.72,8,361,2,1,2,1,0,1,0
0.72,8,23,2,1,2,1,0,1,0
0.72,8,254,2,1,2,1,0,1,0
0.72,8,173,2,1,2,1,0,1,0
0.72,8,456,2,1,2,1,0,1,0
0.72,8,403,2,1,2,1,0,1,0
0.72,8,382,2,1,2,1,0,1,0
0.72,8,320,2,1,2,1,0,1,0
0.72,8,167,2,1,2,1,0,1,0
0.72,8,419,2,1,4,1,1,2,2
0.72,8,262,2,1,2,1,0,1,0
0.72,8,91,2,1,2,1,0,1,0
0.72,8,19,2,1,2,1,0,1,0
0.72,8,78,2,1,2,1,0,1,0
0.72,8,440,2,1,2,1,0,1,0
0.72,8,350,2,1,2,1,0,1,0
0.72,8,113,2,1,2,1,0,1,0
0.72,8,291,2,1,2,1,0,1,0
0.72,8,370,2,1,2,1,0,1,0
0.72,8,152,2,1,2,1,0,1,0
0.72,8,99,2,1,2,1,0,1,0
0.72,8,32,2,1,2,1,0,1,0
0.72,8,77,2,1,2,1,0,1,0
0.72,8,183,2,1,2,1,0,1,0
0.72,8,383,2,1,2,1,0,1,0
0.72,8,179,2,1,2,1,0,1,0
0.72,8,68,2,1,2,1,0,1,0
0.72,8,385,2,1,2,1,0,1,0
0.72,8,464,2,1,2,1,0,1,0
0.72,8,482,2,1,2,1,0,1,0
0.72,8,351,2,1,2,1,0,1,0
0.72,8,287,2,1,2,1,0,1,0
0.72,8,302,2,1,2,1,0,1,0
0.72,8,457,2,1,2,1,0,1,0
0.72,8,94,2,1,2,1,0,1,0
0.72,8,102,2,1,2,1,0,1,0
0.72,8,490,2,1,2,1,0,1,0
0.72,8,449,2,1,2,1,0,1,0
0.72,8,172,2,1,2,1,0,1,0
0.72,8,323,2,1,2,1,0,1,0
0.72,8,484,2,1,2,1,0,1,0
0.72,8,312,2,1,2,1,0,1,0
0.72,8,69,2,1,2,1,0,1,0
0.72,8,157,2,1,2,1,0,1,0
0.72,8,280,2,1,2,1,0,1,0
0.72,8,187,2,1,2,1,0,1,0
0.72,8,232,2,1,2,1,0,1,0
0.72,8,133,2,2,2,2,0,2,0
0.72,8,128,2,1,2,1,0,1,0
0.72,8,250,2,1,2,1,0,1,0
0.72,8,483,2,1,2,1,0,1,0
0.72,8,218,2,1,2,1,0,1,0
0.72,8,338,2,1,2,1,0,1,0
0.72,8,486,2,1,2,1,0,1,0
0.72,8,420,2,1,2,1,0,1,0
0.72,8,333,2,1,2,1,0,1,0
0.72,8,401,2,1,2,1,0,1,0
0.72,8,61,2,1,2,1,0,1,0
0.72,8,432,2,1,2,1,0,1,0
0.72,8,428,2,1,2,1,0,1,0
0.72,8,38,2,1,2,1,0,1,0
0.72,8,480,2,1,2,1,0,1,0
0.72,8,199,2,1,2,1,0,1,0
0.72,8,17,2,1,2,1,0,1,0
0.72,8,162,2,1,2,1,0,1,0
0.72,8,62,2,1,2,1,0,1,0
0.72,8,181,2,1,2,1,0,1,0
0.72,8,307,2,1,2,1,0,1,0
0.72,8,271,2,1,2,1,0,1,0
0.72,8,418,2,1,2,1,0,1,0
0.72,8,130,2,1,2,1,0,1,0
0.72,8,44,2,1,2,1,0,1,0
0.72,8,138,2,1,2,1,0,1,0
0.72,8,165,2,1,2,1,0,1,0
0.72,8,203,2,1,2,1,0,1,0
0.72,8,22,2,1,2,1,0,1,0
0.72,8,85,2,1,2,1,0,1,0
0.72,8,316,2,1,2,1,0,1,0
0.72,8,279,2,1,2,1,0,1,0
0.72,8,108,2,1,2,1,0,1,0
0.72,8,325,2,1,2,1,0,1,0
0.72,8,384,2,1,2,1,0,1,0
0.72,8,274,2,1,2,1,0,1,0
0.72,8,261,2,1,2,1,0,1,0
0.72,8,207,2,1,2,1,0,1,0
0.72,8,339,2,1,2,1,0,1,0
0.72,8,224,2,1,2,1,0,1,0
0.72,8,196,2,1,2,1,0,1,0
0.72,8,283,2,1,2,1,0,1,0
0.72,8,243,2,1,2,1,0,1,0
0.72,8,258,2,1,2,1,0,1,0
0.72,8,229,2,1,2,1,0,1,0
0.72,8,247,2,1,2,1,0,1,0
0.72,8,89,2,1,2,1,0,1,0
0.72,8,394,2,1,2,1,0,1,0
0.72,8,82,2,1,2,1,0,1,0
0.72,8,444,2,1,2,1,0,1,0
0.72,8,147,2,1,2,1,0,1,0
0.72,8,178,2,1,2,1,0,1,0
0.72,8,239,2,1,2,1,0,1,0
0.72,8,240,2,1,2,1,0,1,0
0.72,8,3,2,1,2,1,0,1,0
0.72,8,154,2,1,2,1,0,1,0
0.72,8,53,2,1,2,1,0,1,0
0.72,8,417,2,1,2,1,0,1,0
0.72,8,313,2,1,2,1,0,1,0
0.72,8,468,2,1,2,1,0,1,0
0.72,8,182,2,1,2,1,0,1,0
0.72,8,26,2,1,2,1,0,1,0
0.72,8,202,2,1,2,1,0,1,0
0.72,8,30,2,1,2,1,0,1,0
0.72,8,92,2,1,2,1,0,1,0
0.72,8,136,2,1,2,1,0,1,0
0.72,8,13,2,1,2,1,0,1,0
0.72,8,492,2,1,2,1,0,1,0
0.72,8,143,2,1,2,1,0,1,0
0.72,8,118,2,1,2,1,0,1,0
0.72,8,290,2,1,2,1,0,1,0
0.72,8,31,2,1,2,1,0,1,0
0.72,8,141,2,1,2,1,0,1,0
0.72,8,485,2,1,2,1,0,1,0
0.72,8,18,2,1,2,1,0,1,0
0.72,8,346,2,1,2,1,0,1,0
0.72,8,304,2,1,2,1,0,1,0
0.72,8,471,2,1,2,1,0,1,0
0.72,8,105,2,1,2,1,0,1,0
0.72,8,336,2,1,2,1,0,1,0
0.72,8,75,2,1,2,1,0,1,0
0.72,8,166,2,1,2,1,0,1,0
0.72,8,414,2,1,2,1,0,1,0
0.72,8,421,2,1,2,1,0,1,0
0.72,8,159,2,1,2,1,0,1,0
0.72,8,429,2,1,2,1,0,1,0
0.72,8,49,2,1,2,1,0,1,0
0.72,8,301,2,1,2,1,0,1,0
0.72,8,95,2,1,2,1,0,1,0
0.72,8,263,2,1,2,1,0,1,0
0.72,8,156,2,1,2,1,0,1,0
0.72,8,453,2,1,2,1,0,1,0
0.72,8,481,2,1,2,1,0,1,0
0.72,8,210,2,1,2,1,0,1,0
0.72,8,317,2,1,2,1,0,1,0
0.72,8,255,2,1,2,1,0,1,0
0.72,8,150,2,1,2,1,0,1,0
0.72,8,65,2,1,2,1,0,1,0
0.72,8,60,2,1,2,1,0,1,0
0.72,8,28,2,1,2,1,0,1,0
0.72,8,404,2,1,2,1,0,1,0
0.72,8,127,2,1,2,1,0,1,0
0.72,8,450,2,1,2,1,0,1,0
0.72,8,278,2,1,2,1,0,1,0
0.72,8,276,2,1,2,1,0,1,0
0.72,8,109,2,1,2,1,0,1,0
0.72,8,42,2,1,2,1,0,1,0
0.72,8,155,2,1,2,1,0,1,0
0.72,8,228,2,1,2,1,0,1,0
0.72,8,244,2,1,2,1,0,1,0
0.72,8,249,2,1,2,1,0,1,0
0.72,8,372,2,1,2,1,0,1,0
0.72,8,1,2,1,2,1,0,1,0
0.72,8,71,2,1,2,1,0,1,0
0.72,8,170,2,1,2,1,0,1,0
0.72,8,33,2,1,2,1,0,1,0
0.72,8,395,2,1,2,1,0,1,0
0.72,8,246,2,2,2,2,0,2,0
0.72,8,329,2,1,2,1,0,1,0
0.72,8,455,2,1,2,1,0,1,0
0.72,8,332,2,2,2,2,0,2,0
0.72,8,241,2,1,2,1,0,1,0
0.72,8,475,2,1,2,1,0,1,0
0.72,8,488,2,1,2,1,0,1,0
0.72,8,134,2,1,2,1,0,1,0
0.72,8,177,2,1,2,1,0,1,0
0.72,8,357,2,1,2,1,0,1,0
0.72,8,120,2,1,2,1,0,1,0
0.72,8,245,2,1,2,1,0,1,0
0.72,8,27,2,1,2,1,0,1,0
0.72,8,98,2,1,2,1,0,1,0
0.72,8,285,2,1,2,1,0,1,0
0.72,8,292,2,1,2,1,0,1,0
0.72,8,213,2,1,2,1,0,1,0
0.72,8,41,2,1,2,1,0,1,0
0.72,8,43,2,1,2,1,0,1,0
0.72,8,389,2,1,2,1,0,1,0
0.72,8,160,2,1,2,1,0,1,0
0.72,8,115,2,1,2,1,0,1,0
0.72,8,56,2,1,2,1,0,1,0
0.72,8,360,2,1,2,1,0,1,0
0.72,8,324,2,1,2,1,0,1,0
0.72,8,314,2,1,2,1,0,1,0
0.72,8,231,2,1,4,1,1,2,2
0.72,8,303,2,1,2,1,0,1,0
0.72,8,36,2,1,2,1,0,1,0
0.72,8,40,2,1,4,1,1,2,2
0.72,8,322,2,1,2,1,0,1,0
0.72,8,425,2,2,2,2,0,2,0
0.72,8,293,2,1,2,1,0,1,0
0.72,8,110,2,1,2,1,0,1,0
0.72,8,334,2,1,2,1,0,1,0
0.72,8,270,2,1,2,1,0,1,0
0.72,8,47,2,1,2,1,0,1,0
0.72,8,470,2,1,2,1,0,1,0
0.72,8,214,2,1,2,1,0,1,0
0.72,8,221,2,1,2,1,0,1,0
0.72,8,79,2,1,2,1,0,1,0
0.72,8,198,2,1,2,1,0,1,0
0.72,8,375,2,1,2,1,0,1,0
0.72,8,45,2,1,2,1,0,1,0
0.72,8,230,2,1,2,1,0,1,0
0.72,8,168,2,1,2,1,0,1,0
0.72,8,465,2,1,4,1,1,2,2
0.72,8,443,2,1,2,1,0,1,0
0.72,8,359,2,1,2,1,0,1,0
0.72,8,352,2,1,2,1,0,1,0
0.72,8,204,2,1,2,1,0,1,0
0.72,8,219,2,1,2,1,0,1,0
0.72,8,306,2,1,2,1,0,1,0
0.72,8,54,2,1,2,1,0,1,0
0.72,8,63,2,1,2,1,0,1,0
0.72,8,86,2,1,2,1,0,1,0
0.72,8,497,2,1,2,1,0,1,0
0.72,8,412,2,1,2,1,0,1,0
0.72,8,197,2,1,2,1,0,1,0
0.72,8,59,2,1,2,1,0,1,0
0.72,8,66,2,1,2,1,0,1,0
0.72,8,248,2,1,2,1,0,1,0
0.72,8,29,2,1,2,1,0,1,0
0.72,8,72,2,2,2,2,0,2,0
0.72,8,76,2,1,2,1,0,1,0
0.72,8,331,2,1,2,1,0,1,0
0.72,8,479,2,1,2,1,0,1,0
0.72,8,158,2,1,2,1,0,1,0
0.72,8,191,2,1,2,1,0,1,0
0.72,8,495,2,1,2,1,0,1,0
0.72,8,200,2,1,2,1,0,1,0
0.72,8,473,2,1,2,1,0,1,0
0.72,8,101,2,1,2,1,0,1,0
0.72,8,9,2,1,2,1,0,1,0
0.72,8,235,2,1,2,1,0,1,0
0.72,8,21,2,1,2,1,0,1,0
0.72,8,374,2,1,2,1,0,1,0
0.72,8,161,2,1,2,1,0,1,0
0.72,8,114,2,1,2,1,0,1,0
0.72,8,438,2,1,2,1,0,1,0
0.72,8,93,2,1,2,1,0,1,0
0.72,8,348,2,1,2,1,0,1,0
0.72,8,24,2,1,2,1,0,1,0
0.72,8,142,2,1,2,1,0,1,0
0.72,8,469,2,1,2,1,0,1,0
0.72,8,137,2,1,2,1,0,1,0
0.72,8,256,2,1,2,1,0,1,0
0.72,8,379,2,1,2,1,0,1,0
0.72,8,135,2,1,2,1,0,1,0
0.72,8,39,2,1,2,1,0,1,0
0.72,8,356,2,1,2,1,0,1,0
0.72,8,467,2,1,2,1,0,1,0
0.72,8,257,2,1,2,1,0,1,0
0.72,8,192,2,1,2,1,0,1,0
0.72,8,326,2,1,2,1,0,1,0
0.72,8,220,2,1,2,1,0,1,0
0.72,8,139,2,1,2,1,0,1,0
0.72,8,74,2,1,2,1,0,1,0
0.72,8,253,2,1,2,1,0,1,0
0.72,8,153,2,1,2,1,0,1,0
0.72,8,15,2,1,2,1,0,1,0
0.72,8,378,2,1,2,1,0,1,0
0.72,8,387,2,1,2,1,0,1,0
0.72,8,466,2,1,2,1,0,1,0
0.72,8,424,2,1,2,1,0,1,0
0.72,8,84,2,1,2,1,0,1,0
0.72,8,297,2,1,2,1,0,1,0
0.72,8,459,2,1,2,1,0,1,0
0.72,8,436,2,1,2,1,0,1,0
0.72,8,50,2,1,2,1,0,1,0
0.72,8,96,2,1,2,1,0,1,0
0.72,8,216,2,1,2,1,0,1,0
0.72,8,295,2,1,2,1,0,1,0
0.72,8,362,2,1,2,1,0,1,0
0.72,8,386,2,1,2,1,0,1,0
0.72,8,116,2,1,2,1,0,1,0
0.72,8,277,2,1,2,1,0,1,0
0.72,8,447,2,1,2,1,0,1,0
0.72,8,337,2,1,2,1,0,1,0
0.72,8,119,2,1,2,1,0,1,0
0.72,8,266,2,1,2,1,0,1,0
0.72,8,211,2,1,2,1,0,1,0
0.72,8,124,2,1,2,1,0,1,0
0.72,8,461,2,1,2,1,0,1,0
0.72,8,51,2,1,2,1,0,1,0
0.72,8,269,2,1,2,1,0,1,0
0.72,8,393,2,1,2,1,0,1,0
0.72,8,169,2,1,2,1,0,1,0
0.72,8,390,2,1,2,1,0,1,0
0.72,8,288,2,1,2,1,0,1,0
0.72,8,423,2,1,2,1,0,1,0
0.72,8,80,2,1,2,1,0,1,0
0.72,8,215,2,1,2,1,0,1,0
0.72,8,411,2,1,2,1,0,1,0
0.72,8,354,2,1,2,1,0,1,0
0.72,8,112,2,1,2,1,0,1,0
0.72,8,445,2,1,2,1,0,1,0
0.72,8,416,2,1,2,1,0,1,0
0.72,8,340,2,1,2,1,0,1,0
0.72,8,275,2,1,2,1,0,1,0
0.72,8,399,2,1,2,1,0,1,0
0.72,8,273,2,2,2,2,0,2,0
0.72,8,209,2,1,2,1,0,1,0
0.72,8,194,2,1,2,1,0,1,0
0.72,8,458,2,1,2,1,0,1,0
0.72,8,448,2,1,2,1,0,1,0
0.72,8,126,2,1,2,1,0,1,0
0.72,8,446,2,1,2,1,0,1,0
0.72,8,163,2,1,2,1,0,1,0
0.72,8,174,2,1,2,1,0,1,0
0.72,8,176,2,1,2,1,0,1,0
0.72,8,131,2,1,2,1,0,1,0
0.72,8,406,2,1,2,1,0,1,0
0.72,8,433,2,1,2,1,0,1,0
0.72,8,434,2,1,2,1,0,1,0
0.72,8,151,2,1,2,1,0,1,0
0.72,8,164,2,1,2,1,0,1,0
0.72,8,451,2,1,2,1,0,1,0
0.72,8,37,2,2,2,2,0,2,0
0.72,8,4,2,1,2,1,0,1,0
0.72,8,330,2,1,2,1,0,1,0
0.72,8,355,2,1,2,1,0,1,0
0.72,8,496,2,1,2,1,0,1,0
0.72,8,268,2,1,2,1,0,1,0
0.72,8,238,2,1,2,1,0,1,0
0.72,8,259,2,1,2,1,0,1,0
0.72,8,426,2,1,2,1,0,1,0
0.72,8,400,2,1,2,1,0,1,0
0.72,8,289,2,1,2,1,0,1,0
0.72,8,397,2,1,2,1,0,1,0
0.72,8,380,2,2,2,2,0,2,0
0.72,8,35,2,1,2,1,0,1,0
0.72,8,442,2,1,2,1,0,1,0
0.72,8,14,2,1,2,1,0,1,0
0.72,8,281,2,1,2,1,0,1,0
0.72,8,388,2,1,2,1,0,1,0
0.72,8,226,2,1,2,1,0,1,0
0.72,8,365,2,1,2,1,0,1,0
0.72,8,296,2,1,2,1,0,1,0
0.72,8,20,2,1,2,1,0,1,0
0.72,8,431,2,1,2,1,0,1,0
0.72,8,111,2,1,2,1,0,1,0
0.72,8,88,2,1,2,1,0,1,0
0.72,8,398,2,1,2,1,0,1,0
0.72,8,171,2,1,2,1,0,1,0
0.72,8,267,2,1,2,1,0,1,0
0.72,8,377,2,1,2,1,0,1,0
0.72,8,472,2,1,2,1,0,1,0
0.72,8,391,2,1,2,1,0,1,0
0.72,8,493,2,1,2,1,0,1,0
0.72,8,396,2,1,2,1,0,1,0
0.72,8,46,2,1,2,1,0,1,0
0.72,8,208,2,1,2,1,0,1,0
0.72,8,476,2,1,2,1,0,1,0
0.72,8,422,2,1,2,1,0,1,0
0.72,8,260,2,1,2,1,0,1,0
0.72,8,363,2,1,2,1,0,1,0
0.72,8,185,2,1,2,1,0,1,0
0.72,8,265,2,1,2,1,0,1,0
0.72,8,175,2,1,2,1,0,1,0
0.72,8,123,2,1,2,1,0,1,0
0.72,8,315,2,1,2,1,0,1,0
0.72,8,435,2,1,2,1,0,1,0
0.72,8,410,2,1,2,1,0,1,0
0.72,8,463,2,1,2,1,0,1,0
0.72,8,366,2,1,2,1,0,1,0
0.72,8,460,2,1,2,1,0,1,0
0.72,8,319,2,1,2,1,0,1,0
0.72,8,237,2,1,2,1,0,1,0
0.72,8,100,2,2,2,2,0,2,0
0.72,8,499,2,1,2,1,0,1,0
0.72,8,189,2,1,2,1,0,1,0
0.72,8,121,2,1,2,1,0,1,0
0.72,8,201,2,1,2,1,0,1,0
0.72,8,342,2,1,2,1,0,1,0
0.72,8,392,2,1,2,1,0,1,0
0.72,8,217,2,1,2,1,0,1,0
0.72,8,212,2,1,2,1,0,1,0
0.72,8,233,2,1,2,1,0,1,0
0.72,8,454,2,1,2,1,0,1,0
0.72,8,0,2,1,2,1,0,1,0
0.72,8,347,2,1,2,1,0,1,0
0.72,8,477,2,1,2,1,0,1,0
0.72,8,11,2,1,2,1,0,1,0
0.72,8,55,2,1,2,1,0,1,0
0.72,8,144,2,1,2,1,0,1,0
0.72,8,369,2,1,2,1,0,1,0
0.72,8,487,2,1,2,1,0,1,0
0.72,8,106,2,1,2,1,0,1,0
0.72,8,441,2,1,2,1,0,1,0
0.72,8,408,2,1,2,1,0,1,0
0.72,8,353,2,1,2,1,0,1,0
0.72,8,413,2,1,2,1,0,1,0
0.72,8,97,2,1,2,1,0,1,0
0.72,8,311,2,1,2,1,0,1,0
0.72,8,327,2,1,2,1,0,1,0
0.72,8,12,2,1,2,1,0,1,0
0.72,8,64,2,1,2,1,0,1,0
0.72,8,188,2,1,2,1,0,1,0
0.72,8,376,2,2,2,2,0,2,0
0.72,8,349,2,1,2,1,0,1,0
0.72,8,272,2,1,2,1,0,1,0
0.72,8,371,2,1,2,1,0,1,0
0.72,8,129,2,1,2,1,0,1,0
0.72,8,462,2,1,2,1,0,1,0
0.72,8,494,2,1,2,1,0,1,0
0.72,8,328,2,1,2,1,0,1,0
0.72,8,358,2,1,2,1,0,1,0
0.72,8,321,2,1,2,1,0,1,0
0.72,8,193,2,2,2,2,0,2,0
0.72,8,234,2,1,2,1,0,1,0
0.72,8,308,2,1,2,1,0,1,0
0.72,8,341,2,1,2,1,0,1,0
0.72,8,148,2,1,2,1,0,1,0
0.72,8,415,2,1,2,1,0,1,0
0.72,8,205,2,1,2,1,0,1,0
0.72,8,57,2,1,2,1,0,1,0
0.72,8,5,2,1,2,1,0,1,0
0.72,8,90,2,1,2,1,0,1,0
0.72,8,407,2,1,2,1,0,1,0
0.72,8,2,2,1,2,1,0,1,0
0.72,8,368,2,1,2,1,0,1,0
0.72,8,405,2,1,2,1,0,1,0
0.72,8,402,2,1,2,1,0,1,0
0.72,8,367,2,1,2,1,0,1,0
0.72,8,103,2,1,2,1,0,1,0
0.72,8,52,2,1,2,1,0,1,0
0.72,8,146,2,1,2,1,0,1,0
0.72,8,195,2,1,2,1,0,1,0
0.72,8,184,2,1,2,1,0,1,0
0.72,8,489,2,1,2,1,0,1,0
0.72,8,252,2,1,2,1,0,1,0
0.72,8,87,2,1,2,1,0,1,0
0.72,8,180,2,1,2,1,0,1,0
0.72,8,300,2,1,2,1,0,1,0
0.72,8,117,2,1,2,1,0,1,0
0.72,8,25,2,1,2,1,0,1,0
0.72,8,343,2,1,2,1,0,1,0
0.72,8,7,2,1,2,1,0,1,0
0.72,8,430,2,1,2,1,0,1,0
0.72,8,48,2,1,2,1,0,1,0
0.72,8,427,2,1,2,1,0,1,0
0.72,8,104,2,1,2,1,0,1,0
0.72,8,310,2,1,2,1,0,1,0
0.72,8,242,2,1,2,1,0,1,0
0.72,8,298,2,1,2,1,0,1,0
0.72,8,345,2,1,2,1,0,1,0
0.72,8,16,2,1,2,1,0,1,0
0.72,8,318,2,1,2,1,0,1,0
0.72,8,437,2,1,2,1,0,1,0
0.72,8,282,2,1,2,1,0,1,0
0.72,8,107,2,1,4,1,1,2,2
0.72,8,309,2,1,2,1,0,1,0
0.72,8,236,2,1,2,1,0,1,0
0.72,8,299,2,1,2,1,0,1,0
0.72,8,491,2,1,2,1,0,1,0
0.72,8,474,2,1,2,1,0,1,0
0.72,8,264,2,1,2,1,0,1,0
0.72,8,132,2,1,2,1,0,1,0
0.72,8,498,2,1,2,1,0,1,0
0.72,8,8,2,1,2,1,0,1,0
0.72,8,222,2,1,2,1,0,1,0
0.72,8,83,2,1,2,1,0,1,0
0.72,16,223,2,1,2,1,0,1,0
0.72,16,122,2,1,2,1,0,1,0
0.72,16,373,2,1,2,1,0,1,0
0.72,16,10,2,1,2,1,0,1,0
0.72,16,227,2,1,2,1,0,1,0
0.72,16,6,2,1,2,1,0,1,0
0.72,16,190,2,1,2,1,0,1,0
0.72,16,294,2,1,2,1,0,1,0
0.72,16,206,2,1,2,1,0,1,0
0.72,16,344,2,1,2,1,0,1,0
0.72,16,81,2,1,2,1,0,1,0
0.72,16,34,2,1,2,1,0,1,0
0.72,16,478,2,1,2,1,0,1,0
0.72,16,225,2,1,2,1,0,1,0
0.72,16,452,2,1,2,1,0,1,0
0.72,16,67,2,1,2,1,0,1,0
0.72,16,286,2,1,2,1,0,1,0
0.72,16,251,2,1,2,1,0,1,0
0.72,16,335,2,1,2,1,0,1,0
0.72,16,439,2,1,2,1,0,1,0
0.72,16,409,2,1,2,1,0,1,0
0.72,16,125,2,1,2,1,0,1,0
0.72,16,70,2,1,2,1,0,1,0
0.72,16,145,2,1,2,1,0,1,0
0.72,16,73,2,1,2,1,0,1,0
0.72,16,284,2,1,2,1,0,1,0
0.72,16,186,2,1,2,1,0,1,0
0.72,16,58,2,1,2,1,0,1,0
0.72,16,381,2,1,2,1,0,1,0
0.72,16,305,2,1,2,1,0,1,0
0.72,16,149,2,1,2,1,0,1,0
0.72,16,140,2,1,2,1,0,1,0
0.72,16,364,2,1,4,1,1,2,2
0.72,16,361,2,1,2,1,0,1,0
0.72,16,23,2,1,2,1,0,1,0
0.72,16,254,2,1,2,1,0,1,0
0.72,16,173,2,1,2,1,0,1,0
0.72,16,456,2,1,2,1,0,1,0
0.72,16,403,2,1,2,1,0,1,0
0.72,16,382,2,1,2,1,0,1,0
0.72,16,320,2,1,2,1,0,1,0
0.72,16,167,2,1,2,1,0,1,0
0.72,16,419,2,1,4,1,1,2,2
0.72,16,262,2,1,2,1,0,1,0
0.72,16,91,2,1,2,1,0,1,0
0.72,16,19,2,1,2,1,0,1,0
0.72,16,78,2,1,2,1,0,1,0
0.72,16,440,2,1,2,1,0,1,0
0.72,16,350,2,1,2,1,0,1,0
0.72,16,113,2,1,2,1,0,1,0
0.72,16,291,2,1,2,1,0,1,0
0.72,16,370,2,1,2,1,0,1,0
0.72,16,152,2,1,2,1,0,1,0
0.72,16,99,2,1,2,1,0,1,0
0.72,16,32,2,1,2,1,0,1,0
0.72,16,77,2,1,2,1,0,1,0
0.72,16,183,2,1,2,1,0,1,0
0.72,16,383,2,1,2,1,0,1,0
0.72,16,179,2,1,2,1,0,1,0
0.72,16,68,2,1,2,1,0,1,0
0.72,16,385,2,1,2,1,0,1,0
0.72,16,464,2,1,2,1,0,1,0
0.72,16,482,2,1,2,1,0,1,0
0.72,16,351,2,1,2,1,0,1,0
0.72,16,287,2,1,2,1,0,1,0
0.72,16,302,2,1,2,1,0,1,0
0.72,16,457,2,1,2,1,0,1,0
0.72,16,94,2,1,2,1,0,1,0
0.72,16,102,2,1,2,1,0,1,0
0.72,16,490,2,1,2,1,0,1,0
0.72,16,449,2,1,2,1,0,1,0
0.72,16,172,2,1,2,1,0,1,0
0.72,16,323,2,1,2,1,0,1,0
0.72,16,484,2,1,2,1,0,1,0
0.72,16,312,2,1,2,1,0,1,0
0.72,16,69,2,1,2,1,0,1,0
0.72,16,157,2,1,2,1,0,1,0
0.72,16,280,2,1,2,1,0,1,0
0.72,16,187,2,1,2,1,0,1,0
0.72,16,232,2,1,2,1,0,1,0
0.72,16,133,2,2,2,2,0,2,0
0.72,16,128,2,1,2,1,0,1,0
0.72,16,250,2,1,2,1,0,1,0
0.72,16,483,2,1,2,1,0,1,0
0.72,16,218,2,1,2,1,0,1,0
0.72,16,338,2,1,2,1,0,1,0
0.72,16,486,2,1,2,1,0,1,0
0.72,16,420,2,1,2,1,0,1,0
0.72,16,333,2,1,2,1,0,1,0
0.72,16,401,2,1,2,1,0,1,0
0.72,16,61,2,1,2,1,0,1,0
0.72,16,432,2,1,2,1,0,1,0
0.72,16,428,2,1,2,1,0,1,0
0.72,16,38,2,1,2,1,0,1,0
0.72,16,480,2,1,2,1,0,1,0
0.72,16,199,2,1,2,1,0,1,0
0.72,16,17,2,1,2,1,0,1,0
0.72,16,162,2,1,2,1,0,1,0
0.72,16,62,2,1,2,1,0,1,0
0.72,16,181,2,1,2,1,0,1,0
0.72,16,307,2,1,2,1,0,1,0
0.72,16,271,2,1,2,1,0,1,0
0.72,16,418,2,1,2,1,0,1,0
0.72,16,130,2,1,2,1,0,1,0
0.72,16,44,2,1,2,1,0,1,0
0.72,16,138,2,1,2,1,0,1,0
0.72,16,165,2,1,2,1,0,1,0
0.72,16,203,2,1,2,1,0,1,0
0.72,16,22,2,1,2,1,0,1,0
0.72,16,85,2,1,2,1,0,1,0
0.72,16,316,2,1,2,1,0,1,0
0.72,16,279,2,1,2,1,0,1,0
0.72,16,108,2,1,2,1,0,1,0
0.72,16,325,2,1,2,1,0,1,0
0.72,16,384,2,1,2,1,0,1,0
0.72,16,274,2,1,2,1,0,1,0
0.72,16,261,2,1,2,1,0,1,0
0.72,16,207,2,1,2,1,0,1,0
0.72,16,339,2,1,2,1,0,1,0
0.72,16,224,2,1,2,1,0,1,0
0.72,16,196,2,1,2,1,0,1,0
0.72,16,283,2,1,2,1,0,1,0
0.72,16,243,2,1,2,1,0,1,0
0.72,16,258,2,1,2,1,0,1,0
0.72,16,229,2,1,2,1,0,1,0
0.72,16,247,2,1,2,1,0,1,0
0.72,16,89,2,1,2,1,0,1,0
0.72,16,394,2,1,2,1,0,1,0
0.72,16,82,2,1,2,1,0,1,0
0.72,16,444,2,1,2,1,0,1,0
0.72,16,147,2,1,2,1,0,1,0
0.72,16,178,2,1,2,1,0,1,0
0.72,16,239,2,1,2,1,0,1,0
0.72,16,240,2,1,2,1,0,1,0
0.72,16,3,2,1,2,1,0,1,0
0.72,16,154,2,1,2,1,0,1,0
0.72,16,53,2,1,2,1,0,1,0
0.72,16,417,2,1,2,1,0,1,0
0.72,16,313,2,1,2,1,0,1,0
0.72,16,468,2,1,2,1,0,1,0
0.72,16,182,2,1,2,1,0,1,0
0.72,16,26,2,1,2,1,0,1,0
0.72,16,202,2,1,2,1,0,1,0
0.72,16,30,2,1,2,1,0,1,0
0.72,16,92,2,1,2,1,0,1,0
0.72,16,136,2,1,2,1,0,1,0
0.72,16,13,2,1,2,1,0,1,0
0.72,16,492,2,1,2,1,0,1,0
0.72,16,143,2,1,2,1,0,1,0
0.72,16,118,2,1,2,1,0,1,0
0.72,16,290,2,1,2,1,0,1,0
0.72,16,31,2,1,2,1,0,1,0
0.72,16,141,2,1,2,1,0,1,0
0.72,16,485,2,1,2,1,0,1,0
0.72,16,18,2,1,2,1,0,1,0
0.72,16,346,2,1,2,1,0,1,0
0.72,16,304,2,1,2,1,0,1,0
0.72,16,471,2,1,2,1,0,1,0
0.72,16,105,2,1,2,1,0,1,0
0.72,16,336,2,1,2,1,0,1,0
0.72,16,75,2,1,2,1,0,1,0
0.72,16,166,2,1,2,1,0,1,0
0.72,16,414,2,1,2,1,0,1,0
0.72,16,421,2,1,2,1,0,1,0
0.72,16,159,2,1,2,1,0,1,0
0.72,16,429,2,1,2,1,0,1,0
0.72,16,49,2,1,2,1,0,1,0
0.72,16,301,2,1,2,1,0,1,0
0.72,16,95,2,1,2,1,0,1,0
0.72,16,263,2,1,2,1,0,1,0
0.72,16,156,2,1,2,1,0,1,0
0.72,16,453,2,1,2,1,0,1,0
0.72,16,481,2,1,2,1,0,1,0
0.72,16,210,2,1,2,1,0,1,0
0.72,16,317,2,1,2,1,0,1,0
0.72,16,255,2,1,2,1,0,1,0
0.72,16,150,2,1,2,1,0,1,0
0.72,16,65,2,1,2,1,0,1,0
0.72,16,60,2,1,2,1,0,1,0
0.72,16,28,2,1,2,1,0,1,0
0.72,16,404,2,1,2,1,0,1,0
0.72,16,127,2,1,2,1,0,1,0
0.72,16,450,2,1,2,1,0,1,0
0.72,16,278,2,1,2,1,0,1,0
0.72,16,276,2,1,2,1,0,1,0
0.72,16,109,2,1,2,1,0,1,0
0.72,16,42,2,1,2,1,0,1,0
0.72,16,155,2,1,2,1,0,1,0
0.72,16,228,2,1,2,1,0,1,0
0.72,16,244,2,1,2,1,0,1,0
0.72,16,249,2,1,2,1,0,1,0
0.72,16,372,2,1,2,1,0,1,0
0.72,16,1,2,1,2,1,0,1,0
0.72,16,71,2,1,2,1,0,1,0
0.72,16,170,2,1,2,1,0,1,0
0.72,16,33,2,1,2,1,0,1,0
0.72,16,395,2,1,2,1,0,1,0
0.72,16,246,2,2,2,2,0,2,0
0.72,16,329,2,1,2,1,0,1,0
0.72,16,455,2,1,2,1,0,1,0
0.72,16,332,2,2,2,2,0,2,0
0.72,16,241,2,1,2,1,0,1,0
0.72,16,475,2,1,2,1,0,1,0
0.72,16,488,2,1,2,1,0,1,0
0.72,16,134,2,1,2,1,0,1,0
0.72,16,177,2,1,2,1,0,1,0
0.72,16,357,2,1,2,1,0,1,0
0.72,16,120,2,1,2,1,0,1,0
0.72,16,245,2,1,2,1,0,1,0
0.72,16,27,2,1,2,1,0,1,0
0.72,16,98,2,1,2,1,0,1,0
0.72,16,285,2,1,2,1,0,1,0
0.72,16,292,2,1,2,1,0,1,0
0.72,16,213,2,1,2,1,0,1,0
0.72,16,41,2,1,2,1,0,1,0
0.72,16,43,2,1,2,1,0,1,0
0.72,16,389,2,1,2,1,0,1,0
0.72,16,160,2,1,2,1,0,1,0
0.72,16,115,2,1,2,1,0,1,0
0.72,16,56,2,1,2,1,0,1,0
0.72,16,360,2,1,2,1,0,1,0
0.72,16,324,2,1,2,1,0,1,0
0.72,16,314,2,1,2,1,0,1,0
0.72,16,231,2,1,4,1,1,2,2
0.72,16,303,2,1,2,1,0,1,0
0.72,16,36,2,1,2,1,0,1,0
0.72,16,40,2,1,4,1,1,2,2
0.72,16,322,2,1,2,1,0,1,0
0.72,16,425,2,2,2,2,0,2,0
0.72,16,293,2,1,2,1,0,1,0
0.72,16,110,2,1,2,1,0,1,0
0.72,16,334,2,1,2,1,0,1,0
0.72,16,270,2,1,2,1,0,1,0
0.72,16,47,2,1,2,1,0,1,0
0.72,16,470,2,1,2,1,0,1,0
0.72,16,214,2,1,2,1,0,1,0
0.72,16,221,2,1,2,1,0,1,0
0.72,16,79,2,1,2,1,0,1,0
0.72,16,198,2,1,2,1,0,1,0
0.72,16,375,2,1,2,1,0,1,0
0.72,16,45,2,1,2,1,0,1,0
0.72,16,230,2,1,2,1,0,1,0
0.72,16,168,2,1,2,1,0,1,0
0.72,16,465,2,1,4,1,1,2,2
0.72,16,443,2,1,2,1,0,1,0
0.72,16,359,2,1,2,1,0,1,0
0.72,16,352,2,1,2,1,0,1,0
0.72,16,204,2,1,2,1,0,1,0
0.72,16,219,2,1,2,1,0,1,0
0.72,16,306,2,1,2,1,0,1,0
0.72,16,54,2,1,2,1,0,1,0
0.72,16,63,2,1,2,1,0,1,0
0.72,16,86,2,1,2,1,0,1,0
0.72,16,497,2,1,2,1,0,1,0
0.72,16,412,2,1,2,1,0,1,0
0.72,16,197,2,1,2,1,0,1,0
0.72,16,59,2,1,2,1,0,1,0
0.72,16,66,2,1,2,1,0,1,0
0.72,16,248,2,1,2,1,0,1,0
0.72,16,29,2,1,2,1,0,1,0
0.72,16,72,2,2,2,2,0,2,0
0.72,16,76,2,1,2,1,0,1,0
0.72,16,331,2,1,2,1,0,1,0
0.72,16,479,2,1,2,1,0,1,0
0.72,16,158,2,1,2,1,0,1,0
0.72,16,191,2,1,2,1,0,1,0
0.72,16,495,2,1,2,1,0,1,0
0.72,16,200,2,1,2,1,0,1,0
0.72,16,473,2,1,2,1,0,1,0
0.72,16,101,2,1,2,1,0,1,0
0.72,16,9,2,1,2,1,0,1,0
0.72,16,235,2,1,2,1,0,1,0
0.72,16,21,2,1,2,1,0,1,0
0.72,16,374,2,1,2,1,0,1,0
0.72,16,161,2,1,2,1,0,1,0
0.72,16,114,2,1,2,1,0,1,0
0.72,16,438,2,1,2,1,0,1,0
0.72,16,93,2,1,2,1,0,1,0
0.72,16,348,2,1,2,1,0,1,0
0.72,16,24,2,1,2,1,0,1,0
0.72,16,142,2,1,2,1,0,1,0
0.72,16,469,2,1,2,1,0,1,0
0.72,16,137,2,1,2,1,0,1,0
0.72,16,256,2,1,2,1,0,1,0
0.72,16,379,2,1,2,1,0,1,0
0.72,16,135,2,1,2,1,0,1,0
0.72,16,39,2,1,2,1,0,1,0
0.72,16,356,2,1,2,1,0,1,0
0.72,16,467,2,1,2,1,0,1,0
0.72,16,257,2,1,2,1,0,1,0
0.72,16,192,2,1,2,1,0,1,0
0.72,16,326,2,1,2,1,0,1,0
0.72,16,220,2,1,2,1,0,1,0
0.72,16,139,2,1,2,1,0,1,0
0.72,16,74,2,1,2,1,0,1,0
0.72,16,253,2,1,2,1,0,1,0
0.72,16,153,2,1,2,1,0,1,0
0.72,16,15,2,1,2,1,0,1,0
0.72,16,378,2,1,2,1,0,1,0
0.72,16,387,2,1,2,1,0,1,0
0.72,16,466,2,1,2,1,0,1,0
0.72,16,424,2,1,2,1,0,1,0
0.72,16,84,2,1,2,1,0,1,0
0.72,16,297,2,1,2,1,0,1,0
0.72,16,459,2,1,2,1,0,1,0
0.72,16,436,2,1,2,1,0,1,0
0.72,16,50,2,1,2,1,0,1,0
0.72,16,96,2,1,2,1,0,1,0
0.72,16,216,2,1,2,1,0,1,0
0.72,16,295,2,1,2,1,0,1,0
0.72,16,362,2,1,2,1,0,1,0
0.72,16,386,2,1,2,1,0,1,0
0.72,16,116,2,1,2,1,0,1,0
0.72,16,277,2,1,2,1,0,1,0
0.72,16,447,2,1,2,1,0,1,0
0.72,16,337,2,1,2,1,0,1,0
0.72,16,119,2,1,2,1,0,1,0
0.72,16,266,2,1,2,1,0,1,0
0.72,16,211,2,1,2,1,0,1,0
0.72,16,124,2,1,2,1,0,1,0
0.72,16,461,2,1,2,1,0,1,0
0.72,16,51,2,1,2,1,0,1,0
0.72,16,269,2,1,2,1,0,1,0
0.72,16,393,2,1,2,1,0,1,0
0.72,16,169,2,1,2,1,0,1,0
0.72,16,390,2,1,2,1,0,1,0
0.72,16,288,2,1,2,1,0,1,0
0.72,16,423,2,1,2,1,0,1,0
0.72,16,80,2,1,2,1,0,1,0
0.72,16,215,2,1,2,1,0,1,0
0.72,16,411,2,1,2,1,0,1,0
0.72,16,354,2,1,2,1,0,1,0
0.72,16,112,2,1,2,1,0,1,0
0.72,16,445,2,1,2,1,0,1,0
0.72,16,416,2,1,2,1,0,1,0
0.72,16,340,2,1,2,1,0,1,0
0.72,16,275,2,1,2,1,0,1,0
0.72,16,399,2,1,2,1,0,1,0
0.72,16,273,2,2,2,2,0,2,0
0.72,16,209,2,1,2,1,0,1,0
0.72,16,194,2,1,2,1,0,1,0
0.72,16,458,2,1,2,1,0,1,0
0.72,16,448,2,1,2,1,0,1,0
0.72,16,126,2,1,2,1,0,1,0
0.72,16,446,2,1,2,1,0,1,0
0.72,16,163,2,1,2,1,0,1,0
0.72,16,174,2,1,2,1,0,1,0
0.72,16,176,2,1,2,1,0,1,0
0.72,16,131,2,1,2,1,0,1,0
0.72,16,406,2,1,2,1,0,1,0
0.72,16,433,2,1,2,1,0,1,0
0.72,16,434,2,1,2,1,0,1,0
0.72,16,151,2,1,2,1,0,1,0
0.72,16,164,2,1,2,1,0,1,0
0.72,16,451,2,1,2,1,0,1,0
0.72,16,37,2,2,2,2,0,2,0
0.72,16,4,2,1,2,1,0,1,0
0.72,16,330,2,1,2,1,0,1,0
0.72,16,355,2,1,2,1,0,1,0
0.72,16,496,2,1,2,1,0,1,0
0.72,16,268,2,1,2,1,0,1,0
0.72,16,238,2,1,2,1,0,1,0
0.72,16,259,2,1,2,1,0,1,0
0.72,16,426,2,1,2,1,0,1,0
0.72,16,400,2,1,2,1,0,1,0
0.72,16,289,2,1,2,1,0,1,0
0.72,16,397,2,1,2,1,0,1,0
0.72,16,380,2,2,2,2,0,2,0
0.72,16,35,2,1,2,1,0,1,0
0.72,16,442,2,1,2,1,0,1,0
0.72,16,14,2,1,2,1,0,1,0
0.72,16,281,2,1,2,1,0,1,0
0.72,16,388,2,1,2,1,0,1,0
0.72,16,226,2,1,2,1,0,1,0
0.72,16,365,2,1,2,1,0,1,0
0.72,16,296,2,1,2,1,0,1,0
0.72,16,20,2,1,2,1,0,1,0
0.72,16,431,2,1,2,1,0,1,0
0.72,16,111,2,1,2,1,0,1,0
0.72,16,88,2,1,2,1,0,1,0
0.72,16,398,2,1,2,1,0,1,0
0.72,16,171,2,1,2,1,0,1,0
0.72,16,267,2,1,2,1,0,1,0
0.72,16,377,2,1,2,1,0,1,0
0.72,16,472,2,1,2,1,0,1,0
0.72,16,391,2,1,2,1,0,1,0
0.72,16,493,2,1,2,1,0,1,0
0.72,16,396,2,1,2,1,0,1,0
0.72,16,46,2,1,2,1,0,1,0
0.72,16,208,2,1,2,1,0,1,0
0.72,16,476,2,1,2,1,0,1,0
0.72,16,422,2,1,2,1,0,1,0
0.72,16,260,2,1,2,1,0,1,0
0.72,16,363,2,1,2,1,0,1,0
0.72,16,185,2,1,2,1,0,1,0
0.72,16,265,2,1,2,1,0,1,0
0.72,16,175,2,1,2,1,0,1,0
0.72,16,123,2,1,2,1,0,1,0
0.72,16,315,2,1,2,1,0,1,0
0.72,16,435,2,1,2,1,0,1,0
0.72,16,410,2,1,2,1,0,1,0
0.72,16,463,2,1,2,1,0,1,0
0.72,16,366,2,1,2,1,0,1,0
0.72,16,460,2,1,2,1,0,1,0
0.72,16,319,2,1,2,1,0,1,0
0.72,16,237,2,1,2,1,0,1,0
0.72,16,100,2,2,2,2,0,2,0
0.72,16,499,2,1,2,1,0,1,0
0.72,16,189,2,1,2,1,0,1,0
0.72,16,121,2,1,2,1,0,1,0
0.72,16,201,2,1,2,1,0,1,0
0.72,16,342,2,1,2,1,0,1,0
0.72,16,392,2,1,2,1,0,1,0
0.72,16,217,2,1,2,1,0,1,0
0.72,16,212,2,1,2,1,0,1,0
0.72,16,233,2,1,2,1,0,1,0
0.72,16,454,2,1,2,1,0,1,0
0.72,16,0,2,1,2,1,0,1,0
0.72,16,347,2,1,2,1,0,1,0
0.72,16,477,2,1,2,1,0,1,0
0.72,16,11,2,1,2,1,0,1,0
0.72,16,55,2,1,2,1,0,1,0
0.72,16,144,2,1,2,1,0,1,0
0.72,16,369,2,1,2,1,0,1,0
0.72,16,487,2,1,2,1,0,1,0
0.72,16,106,2,1,2,1,0,1,0
0.72,16,441,2,1,2,1,0,1,0
0.72,16,408,2,1,2,1,0,1,0
0.72,16,353,2,1,2,1,0,1,0
0.72,16,413,2,1,2,1,0,1,0
0.72,16,97,2,1,2,1,0,1,0
0.72,16,311,2,1,2,1,0,1,0
0.72,16,327,2,1,2,1,0,1,0
0.72,16,12,2,1,2,1,0,1,0
0.72,16,64,2,1,2,1,0,1,0
0.72,16,188,2,1,2,1,0,1,0
0.72,16,376,2,2,2,2,0,2,0
0.72,16,349,2,1,2,1,0,1,0
0.72,16,272,2,1,2,1,0,1,0
0.72,16,371,2,1,2,1,0,1,0
0.72,16,129,2,1,2,1,0,1,0
0.72,16,462,2,1,2,1,0,1,0
0.72,16,494,2,1,2,1,0,1,0
0.72,16,328,2,1,2,1,0,1,0
0.72,16,358,2,1,2,1,0,1,0
0.72,16,321,2,1,2,1,0,1,0
0.72,16,193,2,2,2,2,0,2,0
0.72,16,234,2,1,2,1,0,1,0
0.72,16,308,2,1,2,1,0,1,0
0.72,16,341,2,1,2,1,0,1,0
0.72,16,148,2,1,2,1,0,1,0
0.72,16,415,2,1,2,1,0,1,0
0.72,16,205,2,1,2,1,0,1,0
0.72,16,57,2,1,2,1,0,1,0
0.72,16,5,2,1,2,1,0,1,0
0.72,16,90,2,1,2,1,0,1,0
0.72,16,407,2,1,2,1,0,1,0
0.72,16,2,2,1,2,1,0,1,0
0.72,16,368,2,1,2,1,0,1,0
0.72,16,405,2,1,2,1,0,1,0
0.72,16,402,2,1,2,1,0,1,0
0.72,16,367,2,1,2,1,0,1,0
0.72,16,103,2,1,2,1,0,1,0
0.72,16,52,2,1,2,1,0,1,0
0.72,16,146,2,1,2,1,0,1,0
0.72,16,195,2,1,2,1,0,1,0
0.72,16,184,2,1,2,1,0,1,0
0.72,16,489,2,1,2,1,0,1,0
0.72,16,252,2,1,2,1,0,1,0
0.72,16,87,2,1,2,1,0,1,0
0.72,16,180,2,1,2,1,0,1,0
0.72,16,300,2,1,2,1,0,1,0
0.72,16,117,2,1,2,1,0,1,0
0.72,16,25,2,1,2,1,0,1,0
0.72,16,343,2,1,2,1,0,1,0
0.72,16,7,2,1,2,1,0,1,0
0.72,16,430,2,1,2,1,0,1,0
0.72,16,48,2,1,2,1,0,1,0
0.72,16,427,2,1,2,1,0,1,0
0.72,16,104,2,1,2,1,0,1,0
0.72,16,310,2,1,2,1,0,1,0
0.72,16,242,2,1,2,1,0,1,0
0.72,16,298,2,1,2,1,0,1,0
0.72,16,345,2,1,2,1,0,1,0
0.72,16,16,2,1,2,1,0,1,0
0.72,16,318,2,1,2,1,0,1,0
0.72,16,437,2,1,2,1,0,1,0
0.72,16,282,2,1,2,1,0,1,0
0.72,16,107,2,1,4,1,1,2,2
0.72,16,309,2,1,2,1,0,1,0
0.72,16,236,2,1,2,1,0,1,0
0.72,16,299,2,1,2,1,0,1,0
0.72,16,491,2,1,2,1,0,1,0
0.72,16,474,2,1,2,1,0,1,0
0.72,16,264,2,1,2,1,0,1,0
0.72,16,132,2,1,2,1,0,1,0
0.72,16,498,2,1,2,1,0,1,0
0.72,16,8,2,1,2,1,0,1,0
0.72,16,222,2,1,2,1,0,1,0
0.72,16,83,2,1,2,1,0,1,0
0.72,32,223,2,1,2,1,0,1,0
0.72,32,122,2,1,2,1,0,1,0
0.72,32,373,2,1,2,1,0,1,0
0.72,32,10,2,1,2,1,0,1,0
0.72,32,227,2,1,2,1,0,1,0
0.72,32,6,2,1,2,1,0,1,0
0.72,32,190,2,1,2,1,0,1,0
0.72,32,294,2,1,2,1,0,1,0
0.72,32,206,2,1,2,1,0,1,0
0.72,32,344,2,1,2,1,0,1,0
0.72,32,81,2,1,2,1,0,1,0
0.72,32,34,2,1,2,1,0,1,0
0.72,32,478,2,1,2,1,0,1,0
0.72,32,225,2,1,2,1,0,1,0
0.72,32,452,2,1,2,1,0,1,0
0.72,32,67,2,1,2,1,0,1,0
0.72,32,286,2,1,2,1,0,1,0
0.72,32,251,2,1,2,1,0,1,0
0.72,32,335,2,1,2,1,0,1,0
0.72,32,439,2,1,2,1,0,1,0
0.72,32,409,2,1,2,1,0,1,0
0.72,32,125,2,1,2,1,0,1,0
0.72,32,70,2,1,2,1,0,1,0
0.72,32,145,2,1,2,1,0,1,0
0.72,32,73,2,1,2,1,0,1,0
0.72,32,284,2,1,2,1,0,1,0
0.72,32,186,2,1,2,1,0,1,0
0.72,32,58,2,1,2,1,0,1,0
0.72,32,381,2,1,2,1,0,1,0
0.72,32,305,2,1,2,1,0,1,0
0.72,32,149,2,1,2,1,0,1,0
0.72,32,140,2,1,2,1,0,1,0
0.72,32,364,2,1,4,1,1,2,2
0.72,32,361,2,1,2,1,0,1,0
0.72,32,23,2,1,2,1,0,1,0
0.72,32,254,2,1,2,1,0,1,0
0.72,32,173,2,1,2,1,0,1,0
0.72,32,456,2,1,2,1,0,1,0
0.72,32,403,2,1,2,1,0,1,0
0.72,32,382,2,1,2,1,0,1,0
0.72,32,320,2,1,2,1,0,1,0
0.72,32,167,2,1,2,1,0,1,0
0.72,32,419,2,1,4,1,1,2,2
0.72,32,262,2,1,2,1,0,1,0
0.72,32,91,2,1,2,1,0,1,0
0.72,32,19,2,1,2,1,0,1,0
0.72,32,78,2,1,2,1,0,1,0
0.72,32,440,2,1,2,1,0,1,0
0.72,32,350,2,1,2,1,0,1,0
0.72,32,113,2,1,2,1,0,1,0
0.72,32,291,2,1,2,1,0,1,0
0.72,32,370,2,1,2,1,0,1,0
0.72,32,152,2,1,2,1,0,1,0
0.72,32,99,2,1,2,1,0,1,0
0.72,32,32,2,1,2,1,0,1,0
0.72,32,77,2,1,2,1,0,1,0
0.72,32,183,2,1,2,1,0,1,0
0.72,32,383,2,1,2,1,0,1,0
0.72,32,179,2,1,2,1,0,1,0
0.72,32,68,2,1,2,1,0,1,0
0.72,32,385,2,1,2,1,0,1,0
0.72,32,464,2,1,2,1,0,1,0
0.72,32,482,2,1,2,1,0,1,0
0.72,32,351,2,1,2,1,0,1,0
0.72,32,287,2,1,2,1,0,1,0
0.72,32,302,2,1,2,1,0,1,0
0.72,32,457,2,1,2,1,0,1,0
0.72,32,94,2,1,2,1,0,1,0
0.72,32,102,2,1,2,1,0,1,0
0.72,32,490,2,1,2,1,0,1,0
0.72,32,449,2,1,2,1,0,1,0
0.72,32,172,2,1,2,1,0,1,0
0.72,32,323,2,1,2,1,0,1,0
0.72,32,484,2,1,2,1,0,1,0
0.72,32,312,2,1,2,1,0,1,0
0.72,32,69,2,1,2,1,0,1,0
0.72,32,157,2,1,2,1,0,1,0
0.72,32,280,2,1,2,1,0,1,0
0.72,32,187,2,1,2,1,0,1,0
0.72,32,232,2,1,2,1,0,1,0
0.72,32,133,2,2,2,2,0,2,0
0.72,32,128,2,1,2,1,0,1,0
0.72,32,250,2,1,2,1,0,1,0
0.72,32,483,2,1,2,1,0,1,0
0.72,32,218,2,1,2,1,0,1,0
0.72,32,338,2,1,2,1,0,1,0
0.72,32,486,2,1,2,1,0,1,0
0.72,32,420,2,1,2,1,0,1,0
0.72,32,333,2,1,2,1,0,1,0
0.72,32,401,2,1,2,1,0,1,0
0.72,32,61,2,1,2,1,0,1,0
0.72,32,432,2,1,2,1,0,1,0
0.72,32,428,2,1,2,1,0,1,0
0.72,32,38,2,1,2,1,0,1,0
0.72,32,480,2,1,2,1,0,1,0
0.72,32,199,2,1,2,1,0,1,0
0.72,32,17,2,1,2,1,0,1,0
0.72,32,162,2,1,2,1,0,1,0
0.72,32,62,2,1,2,1,0,1,0
0.72,32,181,2,1,2,1,0,1,0
0.72,32,307,2,1,2,1,0,1,0
0.72,32,271,2,1,2,1,0,1,0
0.72,32,418,2,1,2,1,0,1,0
0.72,32,130,2,1,2,1,0,1,0
0.72,32,44,2,1,2,1,0,1,0
0.72,32,138,2,1,2,1,0,1,0
0.72,32,165,2,1,2,1,0,1,0
0.72,32,203,2,1,2,1,0,1,0
0.72,32,22,2,1,2,1,0,1,0
0.72,32,85,2,1,2,1,0,1,0
0.72,32,316,2,1,2,1,0,1,0
0.72,32,279,2,1,2,1,0,1,0
0.72,32,108,2,1,2,1,0,1,0
0.72,32,325,2,1,2,1,0,1,0
0.72,32,384,2,1,2,1,0,1,0
0.72,32,274,2,1,2,1,0,1,0
0.72,32,261,2,1,2,1,0,1,0
0.72,32,207,2,1,2,1,0,1,0
0.72,32,339,2,1,2,1,0,1,0
0.72,32,224,2,1,2,1,0,1,0
0.72,32,196,2,1,2,1,0,1,0
0.72,32,283,2,1,2,1,0,1,0
0.72,32,243,2,1,2,1,0,1,0
0.72,32,258,2,1,2,1,0,1,0
0.72,32,229,2,1,2,1,0,1,0
0.72,32,247,2,1,2,1,0,1,0
0.72,32,89,2,1,2,1,0,1,0
0.72,32,394,2,1,2,1,0,1,0
0.72,32,82,2,1,2,1,0,1,0
0.72,32,444,2,1,2,1,0,1,0
0.72,32,147,2,1,2,1,0,1,0
0.72,32,178,2,1,2,1,0,1,0
0.72,32,239,2,1,2,1,0,1,0
0.72,32,240,2,1,2,1,0,1,0
0.72,32,3,2,1,2,1,0,1,0
0.72,32,154,2,1,2,1,0,1,0
0.72,32,53,2,1,2,1,0,1,0
0.72,32,417,2,1,2,1,0,1,0
0.72,32,313,2,1,2,1,0,1,0
0.72,32,468,2,1,2,1,0,1,0
0.72,32,182,2,1,2,1,0,1,0
0.72,32,26,2,1,2,1,0,1,0
0.72,32,202,2,1,2,1,0,1,0
0.72,32,30,2,1,2,1,0,1,0
0.72,32,92,2,1,2,1,0,1,0
0.72,32,136,2,1,2,1,0,1,0
0.72,32,13,2,1,2,1,0,1,0
0.72,32,492,2,1,2,1,0,1,0
0.72,32,143,2,1,2,1,0,1,0
0.72,32,118,2,1,2,1,0,1,0
0.72,32,290,2,1,2,1,0,1,0
0.72,32,31,2,1,2,1,0,1,0
0.72,32,141,2,1,2,1,0,1,0
0.72,32,485,2,1,2,1,0,1,0
0.72,32,18,2,1,2,1,0,1,0
0.72,32,346,2,1,2,1,0,1,0
0.72,32,304,2,1,2,1,0,1,0
0.72,32,471,2,1,2,1,0,1,0
0.72,32,105,2,1,2,1,0,1,0
0.72,32,336,2,1,2,1,0,1,0
0.72,32,75,2,1,2,1,0,1,0
0.72,32,166,2,1,2,1,0,1,0
0.72,32,414,2,1,2,1,0,1,0
0.72,32,421,2,1,2,1,0,1,0
0.72,32,159,2,1,2,1,0,1,0
0.72,32,429,2,1,2,1,0,1,0
0.72,32,49,2,1,2,1,0,1,0
0.72,32,301,2,1,2,1,0,1,0
0.72,32,95,2,1,2,1,0,1,0
0.72,32,263,2,1,2,1,0,1,0
0.72,32,156,2,1,2,1,0,1,0
0.72,32,453,2,1,2,1,0,1,0
0.72,32,481,2,1,2,1,0,1,0
0.72,32,210,2,1,2,1,0,1,0
0.72,32,317,2,1,2,1,0,1,0
0.72,32,255,2,1,2,1,0,1,0
0.72,32,150,2,1,2,1,0,1,0
0.72,32,65,2,1,2,1,0,1,0
0.72,32,60,2,1,2,1,0,1,0
0.72,32,28,2,1,2,1,0,1,0
0.72,32,404,2,1,2,1,0,1,0
0.72,32,127,2,1,2,1,0,1,0
0.72,32,450,2,1,2,1,0,1,0
0.72,32,278,2,1,2,1,0,1,0
0.72,32,276,2,1,2,1,0,1,0
0.72,32,109,2,1,2,1,0,1,0
0.72,32,42,2,1,2,1,0,1,0
0.72,32,155,2,1,2,1,0,1,0
0.72,32,228,2,1,2,1,0,1,0
0.72,32,244,2,1,2,1,0,1,0
0.72,32,249,2,1,2,1,0,1,0
0.72,32,372,2,1,2,1,0,1,0
0.72,32,1,2,1,2,1,0,1,0
0.72,32,71,2,1,2,1,0,1,0
0.72,32,170,2,1,2,1,0,1,0
0.72,32,33,2,1,2,1,0,1,0
0.72,32,395,2,1,2,1,0,1,0
0.72,32,246,2,2,2,2,0,2,0
0.72,32,329,2,1,2,1,0,1,0
0.72,32,455,2,1,2,1,0,1,0
0.72,32,332,2,2,2,2,0,2,0
0.72,32,241,2,1,2,1,0,1,0
0.72,32,475,2,1,2,1,0,1,0
0.72,32,488,2,1,2,1,0,1,0
0.72,32,134,2,1,2,1,0,1,0
0.72,32,177,2,1,2,1,0,1,0
0.72,32,357,2,1,2,1,0,1,0
0.72,32,120,2,1,2,1,0,1,0
0.72,32,245,2,1,2,1,0,1,0
0.72,32,27,2,1,2,1,0,1,0
0.72,32,98,2,1,2,1,0,1,0
0.72,32,285,2,1,2,1,0,1,0
0.72,32,292,2,1,2,1,0,1,0
0.72,32,213,2,1,2,1,0,1,0
0.72,32,41,2,1,2,1,0,1,0
0.72,32,43,2,1,2,1,0,1,0
0.72,32,389,2,1,2,1,0,1,0
0.72,32,160,2,1,2,1,0,1,0
0.72,32,115,2,1,2,1,0,1,0
0.72,32,56,2,1,2,1,0,1,0
0.72,32,360,2,1,2,1,0,1,0
0.72,32,324,2,1,2,1,0,1,0
0.72,32,314,2,1,2,1,0,1,0
0.72,32,231,2,1,4,1,1,2,2
0.72,32,303,2,1,2,1,0,1,0
0.72,32,36,2,1,2,1,0,1,0
0.72,32,40,2,1,4,1,1,2,2
0.72,32,322,2,1,2,1,0,1,0
0.72,32,425,2,2,2,2,0,2,0
0.72,32,293,2,1,2,1,0,1,0
0.72,32,110,2,1,2,1,0,1,0
0.72,32,334,2,1,2,1,0,1,0
0.72,32,270,2,1,2,1,0,1,0
0.72,32,47,2,1,2,1,0,1,0
0.72,32,470,2,1,2,1,0,1,0
0.72,32,214,2,1,2,1,0,1,0
0.72,32,221,2,1,2,1,0,1,0
0.72,32,79,2,1,2,1,0,1,0
0.72,32,198,2,1,2,1,0,1,0
0.72,32,375,2,1,2,1,0,1,0
0.72,32,45,2,1,2,1,0,1,0
0.72,32,230,2,1,2,1,0,1,0
0.72,32,168,2,1,2,1,0,1,0
0.72,32,465,2,1,4,1,1,2,2
0.72,32,443,2,1,2,1,0,1,0
0.72,32,359,2,1,2,1,0,1,0
0.72,32,352,2,1,2,1,0,1,0
0.72,32,204,2,1,2,1,0,1,0
0.72,32,219,2,1,2,1,0,1,0
0.72,32,306,2,1,2,1,0,1,0
0.72,32,54,2,1,2,1,0,1,0
0.72,32,63,2,1,2,1,0,1,0
0.72,32,86,2,1,2,1,0,1,0
0.72,32,497,2,1,2,1,0,1,0
0.72,32,412,2,1,2,1,0,1,0
0.72,32,197,2,1,2,1,0,1,0
0.72,32,59,2,1,2,1,0,1,0
0.72,32,66,2,1,2,1,0,1,0
0.72,32,248,2,1,2,1,0,1,0
0.72,32,29,2,1,2,1,0,1,0
0.72,32,72,2,2,2,2,0,2,0
0.72,32,76,2,1,2,1,0,1,0
0.72,32,331,2,1,2,1,0,1,0
0.72,32,479,2,1,2,1,0,1,0
0.72,32,158,2,1,2,1,0,1,0
0.72,32,191,2,1,2,1,0,1,0
0.72,32,495,2,1,2,1,0,1,0
0.72,32,200,2,1,2,1,0,1,0
0.72,32,473,2,1,2,1,0,1,0
0.72,32,101,2,1,2,1,0,1,0
0.72,32,9,2,1,2,1,0,1,0
0.72,32,235,2,1,2,1,0,1,0
0.72,32,21,2,1,2,1,0,1,0
0.72,32,374,2,1,2,1,0,1,0
0.72,32,161,2,1,2,1,0,1,0
0.72,32,114,2,1,2,1,0,1,0
0.72,32,438,2,1,2,1,0,1,0
0.72,32,93,2,1,2,1,0,1,0
0.72,32,348,2,1,2,1,0,1,0
0.72,32,24,2,1,2,1,0,1,0
0.72,32,142,2,1,2,1,0,1,0
0.72,32,469,2,1,2,1,0,1,0
0.72,32,137,2,1,2,1,0,1,0
0.72,32,256,2,1,2,1,0,1,0
0.72,32,379,2,1,2,1,0,1,0
0.72,32,135,2,1,2,1,0,1,0
0.72,32,39,2,1,2,1,0,1,0
0.72,32,356,2,1,2,1,0,1,0
0.72,32,467,2,1,2,1,0,1,0
0.72,32,257,2,1,2,1,0,1,0
0.72,32,192,2,1,2,1,0,1,0
0.72,32,326,2,1,2,1,0,1,0
0.72,32,220,2,1,2,1,0,1,0
0.72,32,139,2,1,2,1,0,1,0
0.72,32,74,2,1,2,1,0,1,0
0.72,32,253,2,1,2,1,0,1,0
0.72,32,153,2,1,2,1,0,1,0
0.72,32,15,2,1,2,1,0,1,0
0.72,32,378,2,1,2,1,0,1,0
0.72,32,387,2,1,2,1,0,1,0
0.72,32,466,2,1,2,1,0,1,0
0.72,32,424,2,1,2,1,0,1,0
0.72,32,84,2,1,2,1,0,1,0
0.72,32,297,2,1,2,1,0,1,0
0.72,32,459,2,1,2,1,0,1,0
0.72,32,436,2,1,2,1,0,1,0
0.72,32,50,2,1,2,1,0,1,0
0.72,32,96,2,1,2,1,0,1,0
0.72,32,216,2,1,2,1,0,1,0
0.72,32,295,2,1,2,1,0,1,0
0.72,32,362,2,1,2,1,0,1,0
0.72,32,386,2,1,2,1,0,1,0
0.72,32,116,2,1,2,1,0,1,0
0.72,32,277,2,1,2,1,0,1,0
0.72,32,447,2,1,2,1,0,1,0
0.72,32,337,2,1,2,1,0,1,0
0.72,32,119,2,1,2,1,0,1,0
0.72,32,266,2,1,2,1,0,1,0
0.72,32,211,2,1,2,1,0,1,0
0.72,32,124,2,1,2,1,0,1,0
0.72,32,461,2,1,2,1,0,1,0
0.72,32,51,2,1,2,1,0,1,0
0.72,32,269,2,1,2,1,0,1,0
0.72,32,393,2,1,2,1,0,1,0
0.72,32,169,2,1,2,1,0,1,0
0.72,32,390,2,1,2,1,0,1,0
0.72,32,288,2,1,2,1,0,1,0
0.72,32,423,2,1,2,1,0,1,0
0.72,32,80,2,1,2,1,0,1,0
0.72,32,215,2,1,2,1,0,1,0
0.72,32,411,2,1,2,1,0,1,0
0.72,32,354,2,1,2,1,0,1,0
0.72,32,112,2,1,2,1,0,1,0
0.72,32,445,2,1,2,1,0,1,0
0.72,32,416,2,1,2,1,0,1,0
0.72,32,340,2,1,2,1,0,1,0
0.72,32,275,2,1,2,1,0,1,0
0.72,32,399,2,1,2,1,0,1,0
0.72,32,273,2,2,2,2,0,2,0
0.72,32,209,2,1,2,1,0,1,0
0.72,32,194,2,1,2,1,0,1,0
0.72,32,458,2,1,2,1,0,1,0
0.72,32,448,2,1,2,1,0,1,0
0.72,32,126,2,1,2,1,0,1,0
0.72,32,446,2,1,2,1,0,1,0
0.72,32,163,2,1,2,1,0,1,0
0.72,32,174,2,1,2,1,0,1,0
0.72,32,176,2,1,2,1,0,1,0
0.72,32,131,2,1,2,1,0,1,0
0.72,32,406,2,1,2,1,0,1,0
0.72,32,433,2,1,2,1,0,1,0
0.72,32,434,2,1,2,1,0,1,0
0.72,32,151,2,1,2,1,0,1,0
0.72,32,164,2,1,2,1,0,1,0
0.72,32,451,2,1,2,1,0,1,0
0.72,32,37,2,2,2,2,0,2,0
0.72,32,4,2,1,2,1,0,1,0
0.72,32,330,2,1,2,1,0,1,0
0.72,32,355,2,1,2,1,0,1,0
0.72,32,496,2,1,2,1,0,1,0
0.72,32,268,2,1,2,1,0,1,0
0.72,32,238,2,1,2,1,0,1,0
0.72,32,259,2,1,2,1,0,1,0
0.72,32,426,2,1,2,1,0,1,0
0.72,32,400,2,1,2,1,0,1,0
0.72,32,289,2,1,2,1,0,1,0
0.72,32,397,2,1,2,1,0,1,0
0.72,32,380,2,2,2,2,0,2,0
0.72,32,35,2,1,2,1,0,1,0
0.72,32,442,2,1,2,1,0,1,0
0.72,32,14,2,1,2,1,0,1,0
0.72,32,281,2,1,2,1,0,1,0
0.72,32,388,2,1,2,1,0,1,0
0.72,32,226,2,1,2,1,0,1,0
0.72,32,365,2,1,2,1,0,1,0
0.72,32,296,2,1,2,1,0,1,0
0.72,32,20,2,1,2,1,0,1,0
0.72,32,431,2,1,2,1,0,1,0
0.72,32,111,2,1,2,1,0,1,0
0.72,32,88,2,1,2,1,0,1,0
0.72,32,398,2,1,2,1,0,1,0
0.72,32,171,2,1,2,1,0,1,0
0.72,32,267,2,1,2,1,0,1,0
0.72,32,377,2,1,2,1,0,1,0
0.72,32,472,2,1,2,1,0,1,0
0.72,32,391,2,1,2,1,0,1,0
0.72,32,493,2,1,2,1,0,1,0
0.72,32,396,2,1,2,1,0,1,0
0.72,32,46,2,1,2,1,0,1,0
0.72,32,208,2,1,2,1,0,1,0
0.72,32,476,2,1,2,1,0,1,0
0.72,32,422,2,1,2,1,0,1,0
0.72,32,260,2,1,2,1,0,1,0
0.72,32,363,2,1,2,1,0,1,0
0.72,32,185,2,1,2,1,0,1,0
0.72,32,265,2,1,2,1,0,1,0
0.72,32,175,2,1,2,1,0,1,0
0.72,32,123,2,1,2,1,0,1,0
0.72,32,315,2,1,2,1,0,1,0
0.72,32,435,2,1,2,1,0,1,0
0.72,32,410,2,1,2,1,0,1,0
0.72,32,463,2,1,2,1,0,1,0
0.72,32,366,2,1,2,1,0,1,0
0.72,32,460,2,1,2,1,0,1,0
0.72,32,319,2,1,2,1,0,1,0
0.72,32,237,2,1,2,1,0,1,0
0.72,32,100,2,2,2,2,0,2,0
0.72,32,499,2,1,2,1,0,1,0
0.72,32,189,2,1,2,1,0,1,0
0.72,32,121,2,1,2,1,0,1,0
0.72,32,201,2,1,2,1,0,1,0
0.72,32,342,2,1,2,1,0,1,0
0.72,32,392,2,1,2,1,0,1,0
0.72,32,217,2,1,2,1,0,1,0
0.72,32,212,2,1,2,1,0,1,0
0.72,32,233,2,1,2,1,0,1,0
0.72,32,454,2,1,2,1,0,1,0
0.72,32,0,2,1,2,1,0,1,0
0.72,32,347,2,1,2,1,0,1,0
0.72,32,477,2,1,2,1,0,1,0
0.72,32,11,2,1,2,1,0,1,0
0.72,32,55,2,1,2,1,0,1,0
0.72,32,144,2,1,2,1,0,1,0
0.72,32,369,2,1,2,1,0,1,0
0.72,32,487,2,1,2,1,0,1,0
0.72,32,106,2,1,2,1,0,1,0
0.72,32,441,2,1,2,1,0,1,0
0.72,32,408,2,1,2,1,0,1,0
0.72,32,353,2,1,2,1,0,1,0
0.72,32,413,2,1,2,1,0,1,0
0.72,32,97,2,1,2,1,0,1,0
0.72,32,311,2,1,2,1,0,1,0
0.72,32,327,2,1,2,1,0,1,0
0.72,32,12,2,1,2,1,0,1,0
0.72,32,64,2,1,2,1,0,1,0
0.72,32,188,2,1,2,1,0,1,0
0.72,32,376,2,2,2,2,0,2,0
0.72,32,349,2,1,2,1,0,1,0
0.72,32,272,2,1,2,1,0,1,0
0.72,32,371,2,1,2,1,0,1,0
0.72,32,129,2,1,2,1,0,1,0
0.72,32,462,2,1,2,1,0,1,0
0.72,32,494,2,1,2,1,0,1,0
0.72,32,328,2,1,2,1,0,1,0
0.72,32,358,2,1,2,1,0,1,0
0.72,32,321,2,1,2,1,0,1,0
0.72,32,193,2,2,2,2,0,2,0
0.72,32,234,2,1,2,1,0,1,0
0.72,32,308,2,1,2,1,0,1,0
0.72,32,341,2,1,2,1,0,1,0
0.72,32,148,2,1,2,1,0,1,0
0.72,32,415,2,1,2,1,0,1,0
0.72,32,205,2,1,2,1,0,1,0
0.72,32,57,2,1,2,1,0,1,0
0.72,32,5,2,1,2,1,0,1,0
0.72,32,90,2,1,2,1,0,1,0
0.72,32,407,2,1,2,1,0,1,0
0.72,32,2,2,1,2,1,0,1,0
0.72,32,368,2,1,2,1,0,1,0
0.72,32,405,2,1,2,1,0,1,0
0.72,32,402,2,1,2,1,0,1,0
0.72,32,367,2,1,2,1,0,1,0
0.72,32,103,2,1,2,1,0,1,0
0.72,32,52,2,1,2,1,0,1,0
0.72,32,146,2,1,2,1,0,1,0
0.72,32,195,2,1,2,1,0,1,0
0.72,32,184,2,1,2,1,0,1,0
0.72,32,489,2,1,2,1,0,1,0
0.72,32,252,2,1,2,1,0,1,0
0.72,32,87,2,1,2,1,0,1,0
0.72,32,180,2,1,2,1,0,1,0
0.72,32,300,2,1,2,1,0,1,0
0.72,32,117,2,1,2,1,0,1,0
0.72,32,25,2,1,2,1,0,1,0
0.72,32,343,2,1,2,1,0,1,0
0.72,32,7,2,1,2,1,0,1,0
0.72,32,430,2,1,2,1,0,1,0
0.72,32,48,2,1,2,1,0,1,0
0.72,32,427,2,1,2,1,0,1,0
0.72,32,104,2,1,2,1,0,1,0
0.72,32,310,2,1,2,1,0,1,0
0.72,32,242,2,1,2,1,0,1,0
0.72,32,298,2,1,2,1,0,1,0
0.72,32,345,2,1,2,1,0,1,0
0.72,32,16,2,1,2,1,0,1,0
0.72,32,318,2,1,2,1,0,1,0
0.72,32,437,2,1,2,1,0,1,0
0.72,32,282,2,1,2,1,0,1,0
0.72,32,107,2,1,4,1,1,2,2
0.72,32,309,2,1,2,1,0,1,0
0.72,32,236,2,1,2,1,0,1,0
0.72,32,299,2,1,2,1,0,1,0
0.72,32,491,2,1,2,1,0,1,0
0.72,32,474,2,1,2,1,0,1,0
0.72,32,264,2,1,2,1,0,1,0
0.72,32,132,2,1,2,1,0,1,0
0.72,32,498,2,1,2,1,0,1,0
0.72,32,8,2,1,2,1,0,1,0
0.72,32,222,2,1,2,1,0,1,0
0.72,32,83,2,1,2,1,0,1,0
0.76,2,223,2,1,2,1,0,1,0
0.76,2,122,2,1,2,1,0,1,0
0.76,2,373,2,1,2,1,0,1,0
0.76,2,10,2,1,2,1,0,1,0
0.76,2,227,2,1,2,1,0,1,0
0.76,2,6,2,1,2,1,0,1,0
0.76,2,190,2,1,2,1,0,1,0
0.76,2,294,2,1,2,1,0,1,0
0.76,2,206,2,1,2,1,0,1,0
0.76,2,344,2,1,2,1,0,1,0
0.76,2,81,2,1,2,1,0,1,0
0.76,2,34,2,1,2,1,0,1,0
0.76,2,478,2,1,2,1,0,1,0
0.76,2,225,2,1,2,1,0,1,0
0.76,2,452,2,1,2,1,0,1,0
0.76,2,67,2,1,2,1,0,1,0
0.76,2,286,2,1,2,1,0,1,0
0.76,2,251,2,1,2,1,0,1,0
0.76,2,335,2,1,2,1,0,1,0
0.76,2,439,2,1,2,1,0,1,0
0.76,2,409,2,1,2,1,0,1,0
0.76,2,125,2,1,2,1,0,1,0
0.76,2,70,2,1,2,1,0,1,0
0.76,2,145,2,1,2,1,0,1,0
0.76,2,73,2,1,2,1,0,1,0
0.76,2,284,2,1,2,1,0,1,0
0.76,2,186,2,1,2,1,0,1,0
0.76,2,58,2,1,2,1,0,1,0
0.76,2,381,2,1,2,1,0,1,0
0.76,2,305,2,1,2,1,0,1,0
0.76,2,149,2,1,2,1,0,1,0
0.76,2,140,2,1,2,1,0,1,0
0.76,2,364,2,1,2,1,0,1,0
0.76,2,361,2,1,2,1,0,1,0
0.76,2,23,2,1,2,1,0,1,0
0.76,2,254,2,1,2,1,0,1,0
0.76,2,173,2,1,2,1,0,1,0
0.76,2,456,2,1,2,1,0,1,0
0.76,2,403,2,1,2,1,0,1,0
0.76,2,382,2,1,2,1,0,1,0
0.76,2,320,2,1,2,1,0,1,0
0.76,2,167,2,1,2,1,0,1,0
0.76,2,419,2,1,2,1,0,1,0
0.76,2,262,2,1,2,1,0,1,0
0.76,2,91,2,2,2,2,0,2,0
0.76,2,19,2,1,2,1,0,1,0
0.76,2,78,2,1,2,1,0,1,0
0.76,2,440,2,1,2,1,0,1,0
0.76,2,350,2,1,2,1,0,1,0
0.76,2,113,2,1,2,1,0,1,0
0.76,2,291,2,1,2,1,0,1,0
0.76,2,370,2,1,2,1,0,1,0
0.76,2,152,2,1,2,1,0,1,0
0.76,2,99,2,1,2,1,0,1,0
0.76,2,32,2,1,2,1,0,1,0
0.76,2,77,2,1,2,1,0,1,0
0.76,2,183,2,1,2,1,0,1,0
0.76,2,383,2,1,2,1,0,1,0
0.76,2,179,2,1,2,1,0,1,0
0.76,2,68,2,1,2,1,0,1,0
0.76,2,385,2,1,2,1,0,1,0
0.76,2,464,2,1,2,1,0,1,0
0.76,2,482,2,1,2,1,0,1,0
0.76,2,351,2,1,2,1,0,1,0
0.76,2,287,2,1,2,1,0,1,0
0.76,2,302,2,1,2,1,0,1,0
0.76,2,457,2,1,2,1,0,1,0
0.76,2,94,2,1,2,1,0,1,0
0.76,2,102,2,1,2,1,0,1,0
0.76,2,490,2,1,2,1,0,1,0
0.76,2,449,2,1,2,1,0,1,0
0.76,2,172,2,1,2,1,0,1,0
0.76,2,323,2,1,2,1,0,1,0
0.76,2,484,2,1,2,1,0,1,0
0.76,2,312,2,1,2,1,0,1,0
0.76,2,69,2,1,2,1,0,1,0
0.76,2,157,2,1,2,1,0,1,0
0.76,2,280,2,1,2,1,0,1,0
0.76,2,187,2,1,2,1,0,1,0
0.76,2,232,2,1,2,1,0,1,0
0.76,2,133,2,2,2,2,0,2,0
0.76,2,128,2,1,2,1,0,1,0
0.76,2,250,2,1,2,1,0,1,0
0.76,2,483,2,1,2,1,0,1,0
0.76,2,218,2,1,2,1,0,1,0
0.76,2,338,2,1,2,1,0,1,0
0.76,2,486,2,1,2,1,0,1,0
0.76,2,420,2,1,2,1,0,1,0
0.76,2,333,2,1,2,1,0,1,0
0.76,2,401,2,1,2,1,0,1,0
0.76,2,61,2,1,2,1,0,1,0
0.76,2,432,2,1,2,1,0,1,0
0.76,2,428,2,1,2,1,0,1,0
0.76,2,38,2,1,2,1,0,1,0
0.76,2,480,2,1,2,1,0,1,0
0.76,2,199,2,1,2,1,0,1,0
0.76,2,17,2,1,2,1,0,1,0
0.76,2,162,2,1,2,1,0,1,0
0.76,2,62,2,1,2,1,0,1,0
0.76,2,181,2,1,2,1,0,1,0
0.76,2,307,2,1,2,1,0,1,0
0.76,2,271,2,1,2,1,0,1,0
0.76,2,418,2,1,2,1,0,1,0
0.76,2,130,2,1,2,1,0,1,0
0.76,2,44,2,1,2,1,0,1,0
0.76,2,138,2,1,2,1,0,1,0
0.76,2,165,2,1,2,1,0,1,0
0.76,2,203,2,1,2,1,0,1,0
0.76,2,22,2,1,2,1,0,1,0
0.76,2,85,2,1,2,1,0,1,0
0.76,2,316,2,1,2,1,0,1,0
0.76,2,279,2,1,2,1,0,1,0
0.76,2,108,2,1,2,1,0,1,0
0.76,2,325,2,1,2,1,0,1,0
0.76,2,384,2,1,2,1,0,1,0
0.76,2,274,2,1,2,1,0,1,0
0.76,2,261,2,1,2,1,0,1,0
0.76,2,207,2,1,2,1,0,1,0
0.76,2,339,2,1,2,1,0,1,0
0.76,2,224,2,1,2,1,0,1,0
0.76,2,196,2,1,2,1,0,1,0
0.76,2,283,2,1,2,1,0,1,0
0.76,2,243,2,1,2,1,0,1,0
0.76,2,258,2,1,2,1,0,1,0
0.76,2,229,2,1,2,1,0,1,0
0.76,2,247,2,1,2,1,0,1,0
0.76,2,89,2,1,2,1,0,1,0
0.76,2,394,2,1,2,1,0,1,0
0.76,2,82,2,1,2,1,0,1,0
0.76,2,444,2,1,2,1,0,1,0
0.76,2,147,2,1,2,1,0,1,0
0.76,2,178,2,1,2,1,0,1,0
0.76,2,239,2,1,2,1,0,1,0
0.76,2,240,2,1,2,1,0,1,0
0.76,2,3,2,2,2,2,0,2,0
0.76,2,154,2,1,2,1,0,1,0
0.76,2,53,2,1,2,1,0,1,0
0.76,2,417,2,1,2,1,0,1,0
0.76,2,313,2,1,2,1,0,1,0
0.76,2,468,2,1,2,1,0,1,0
0.76,2,182,2,1,2,1,0,1,0
0.76,2,26,2,1,2,1,0,1,0
0.76,2,202,2,1,2,1,0,1,0
0.76,2,30,2,1,2,1,0,1,0
0.76,2,92,2,1,2,1,0,1,0
0.76,2,136,2,1,2,1,0,1,0
0.76,2,13,2,1,2,1,0,1,0
0.76,2,492,2,1,2,1,0,1,0
0.76,2,143,2,1,2,1,0,1,0
0.76,2,118,2,1,2,1,0,1,0
0.76,2,290,2,1,2,1,0,1,0
0.76,2,31,2,1,2,1,0,1,0
0.76,2,141,2,1,2,1,0,1,0
0.76,2,485,2,1,2,1,0,1,0
0.76,2,18,2,1,2,1,0,1,0
0.76,2,346,2,1,2,1,0,1,0
0.76,2,304,2,1,2,1,0,1,0
0.76,2,471,2,1,2,1,0,1,0
0.76,2,105,2,1,2,1,0,1,0
0.76,2,336,2,1,2,1,0,1,0
0.76,2,75,2,1,2,1,0,1,0
0.76,2,166,2,1,2,1,0,1,0
0.76,2,414,2,1,2,1,0,1,0
0.76,2,421,2,1,2,1,0,1,0
0.76,2,159,2,1,2,1,0,1,0
0.76,2,429,2,1,2,1,0,1,0
0.76,2,49,2,1,2,1,0,1,0
0.76,2,301,2,2,2,2,0,2,0
0.76,2,95,2,1,2,1,0,1,0
0.76,2,263,2,1,2,1,0,1,0
0.76,2,156,2,1,2,1,0,1,0
0.76,2,453,2,1,2,1,0,1,0
0.76,2,481,2,1,2,1,0,1,0
0.76,2,210,2,1,2,1,0,1,0
0.76,2,317,2,1,2,1,0,1,0
0.76,2,255,2,1,2,1,0,1,0
0.76,2,150,2,1,2,1,0,1,0
0.76,2,65,2,1,2,1,0,1,0
0.76,2,60,2,1,2,1,0,1,0
0.76,2,28,2,1,2,1,0,1,0
0.76,2,404,2,1,2,1,0,1,0
0.76,2,127,2,1,2,1,0,1,0
0.76,2,450,2,1,2,1,0,1,0
0.76,2,278,2,1,2,1,0,1,0
0.76,2,276,2,1,2,1,0,1,0
0.76,2,109,2,1,2,1,0,1,0
0.76,2,42,2,1,2,1,0,1,0
0.76,2,155,2,1,2,1,0,1,0
0.76,2,228,2,1,2,1,0,1,0
0.76,2,244,2,1,2,1,0,1,0
0.76,2,249,2,1,2,1,0,1,0
0.76,2,372,2,1,2,1,0,1,0
0.76,2,1,2,1,2,1,0,1,0
0.76,2,71,2,1,2,1,0,1,0
0.76,2,170,2,1,2,1,0,1,0
0.76,2,33,2,1,2,1,0,1,0
0.76,2,395,2,1,2,1,0,1,0
0.76,2,246,2,2,2,2,0,2,0
0.76,2,329,2,1,2,1,0,1,0
0.76,2,455,2,1,2,1,0,1,0
0.76,2,332,2,2,2,2,0,2,0
0.76,2,241,2,1,2,1,0,1,0
0.76,2,475,2,1,2,1,0,1,0
0.76,2,488,2,1,2,1,0,1,0
0.76,2,134,2,1,2,1,0,1,0
0.76,2,177,2,1,2,1,0,1,0
0.76,2,357,2,1,2,1,0,1,0
0.76,2,120,2,1,2,1,0,1,0
0.76,2,245,2,1,2,1,0,1,0
0.76,2,27,2,1,2,1,0,1,0
0.76,2,98,2,1,2,1,0,1,0
0.76,2,285,2,1,2,1,0,1,0
0.76,2,292,2,1,2,1,0,1,0
0.76,2,213,2,1,2,1,0,1,0
0.76,2,41,2,1,2,1,0,1,0
0.76,2,43,2,1,2,1,0,1,0
0.76,2,389,2,1,2,1,0,1,0
0.76,2,160,2,1,2,1,0,1,0
0.76,2,115,2,1,2,1,0,1,0
0.76,2,56,2,1,2,1,0,1,0
0.76,2,360,2,1,2,1,0,1,0
0.76,2,324,2,1,2,1,0,1,0
0.76,2,314,2,1,2,1,0,1,0
0.76,2,231,2,1,2,1,0,1,0
0.76,2,303,2,1,2,1,0,1,0
0.76,2,36,2,1,2,1,0,1,0
0.76,2,40,2,1,2,1,0,1,0
0.76,2,322,2,1,2,1,0,1,0
0.76,2,425,2,2,2,2,0,2,0
0.76,2,293,2,1,2,1,0,1,0
0.76,2,110,2,1,2,1,0,1,0
0.76,2,334,2,1,2,1,0,1,0
0.76,2,270,2,1,2,1,0,1,0
0.76,2,47,2,1,2,1,0,1,0
0.76,2,470,2,1,2,1,0,1,0
0.76,2,214,2,1,2,1,0,1,0
0.76,2,221,2,1,2,1,0,1,0
0.76,2,79,2,1,2,1,0,1,0
0.76,2,198,2,1,2,1,0,1,0
0.76,2,375,2,1,2,1,0,1,0
0.76,2,45,2,1,2,1,0,1,0
0.76,2,230,2,1,2,1,0,1,0
0.76,2,168,2,1,2,1,0,1,0
0.76,2,465,2,1,2,1,0,1,0
0.76,2,443,2,1,2,1,0,1,0
0.76,2,359,2,1,2,1,0,1,0
0.76,2,352,2,1,2,1,0,1,0
0.76,2,204,2,1,2,1,0,1,0
0.76,2,219,2,1,2,1,0,1,0
0.76,2,306,2,1,2,1,0,1,0
0.76,2,54,2,1,2,1,0,1,0
0.76,2,63,2,1,2,1,0,1,0
0.76,2,86,2,1,2,1,0,1,0
0.76,2,497,2,1,2,1,0,1,0
0.76,2,412,2,1,2,1,0,1,0
0.76,2,197,2,1,2,1,0,1,0
0.76,2,59,2,1,2,1,0,1,0
0.76,2,66,2,1,2,1,0,1,0
0.76,2,248,2,1,2,1,0,1,0
0.76,2,29,2,1,2,1,0,1,0
0.76,2,72,2,2,2,2,0,2,0
0.76,2,76,2,1,2,1,0,1,0
0.76,2,331,2,1,2,1,0,1,0
0.76,2,479,2,1,2,1,0,1,0
0.76,2,158,2,2,2,2,0,2,0
0.76,2,191,2,1,2,1,0,1,0
0.76,2,495,2,1,2,1,0,1,0
0.76,2,200,2,1,2,1,0,1,0
0.76,2,473,2,1,2,1,0,1,0
0.76,2,101,2,1,2,1,0,1,0
0.76,2,9,2,1,2,1,0,1,0
0.76,2,235,2,2,2,2,0,2,0
0.76,2,21,2,1,2,1,0,1,0
0.76,2,374,2,1,2,1,0,1,0
0.76,2,161,2,1,2,1,0,1,0
0.76,2,114,2,1,2,1,0,1,0
0.76,2,438,2,1,2,1,0,1,0
0.76,2,93,2,1,2,1,0,1,0
0.76,2,348,2,1,2,1,0,1,0
0.76,2,24,2,1,2,1,0,1,0
0.76,2,142,2,1,2,1,0,1,0
0.76,2,469,2,1,2,1,0,1,0
0.76,2,137,2,1,2,1,0,1,0
0.76,2,256,2,1,2,1,0,1,0
0.76,2,379,2,1,2,1,0,1,0
0.76,2,135,2,1,2,1,0,1,0
0.76,2,39,2,1,2,1,0,1,0
0.76,2,356,2,1,2,1,0,1,0
0.76,2,467,2,1,2,1,0,1,0
0.76,2,257,2,1,2,1,0,1,0
0.76,2,192,2,1,2,1,0,1,0
0.76,2,326,2,1,2,1,0,1,0
0.76,2,220,2,1,2,1,0,1,0
0.76,2,139,2,1,2,1,0,1,0
0.76,2,74,2,1,2,1,0,1,0
0.76,2,253,2,1,2,1,0,1,0
0.76,2,153,2,1,2,1,0,1,0
0.76,2,15,2,1,2,1,0,1,0
0.76,2,378,2,1,2,1,0,1,0
0.76,2,387,2,1,2,1,0,1,0
0.76,2,466,2,1,2,1,0,1,0
0.76,2,424,2,1,2,1,0,1,0
0.76,2,84,2,1,2,1,0,1,0
0.76,2,297,2,1,2,1,0,1,0
0.76,2,459,2,1,2,1,0,1,0
0.76,2,436,2,1,2,1,0,1,0
0.76,2,50,2,1,2,1,0,1,0
0.76,2,96,2,1,2,1,0,1,0
0.76,2,216,2,1,2,1,0,1,0
0.76,2,295,2,1,2,1,0,1,0
0.76,2,362,2,1,2,1,0,1,0
0.76,2,386,2,1,2,1,0,1,0
0.76,2,116,2,1,2,1,0,1,0
0.76,2,277,2,1,2,1,0,1,0
0.76,2,447,2,1,2,1,0,1,0
0.76,2,337,2,1,2,1,0,1,0
0.76,2,119,2,1,2,1,0,1,0
0.76,2,266,2,1,2,1,0,1,0
0.76,2,211,2,1,2,1,0,1,0
0.76,2,124,2,1,2,1,0,1,0
0.76,2,461,2,1,2,1,0,1,0
0.76,2,51,2,1,2,1,0,1,0
0.76,2,269,2,1,2,1,0,1,0
0.76,2,393,2,1,2,1,0,1,0
0.76,2,169,2,1,2,1,0,1,0
0.76,2,390,2,1,2,1,0,1,0
0.76,2,288,2,1,2,1,0,1,0
0.76,2,423,2,1,2,1,0,1,0
0.76,2,80,2,1,2,1,0,1,0
0.76,2,215,2,1,2,1,0,1,0
0.76,2,411,2,1,2,1,0,1,0
0.76,2,354,2,1,2,1,0,1,0
0.76,2,112,2,1,2,1,0,1,0
0.76,2,445,2,1,2,1,0,1,0
0.76,2,416,2,1,2,1,0,1,0
0.76,2,340,2,1,2,1,0,1,0
0.76,2,275,2,1,2,1,0,1,0
0.76,2,399,2,1,2,1,0,1,0
0.76,2,273,2,2,2,2,0,2,0
0.76,2,209,2,1,2,1,0,1,0
0.76,2,194,2,1,2,1,0,1,0
0.76,2,458,2,1,2,1,0,1,0
0.76,2,448,2,1,2,1,0,1,0
0.76,2,126,2,1,2,1,0,1,0
0.76,2,446,2,1,2,1,0,1,0
0.76,2,163,2,1,2,1,0,1,0
0.76,2,174,2,1,2,1,0,1,0
0.76,2,176,2,1,2,1,0,1,0
0.76,2,131,2,1,2,1,0,1,0
0.76,2,406,2,1,2,1,0,1,0
0.76,2,433,2,1,2,1,0,1,0
0.76,2,434,2,1,2,1,0,1,0
0.76,2,151,2,1,2,1,0,1,0
0.76,2,164,2,1,2,1,0,1,0
0.76,2,451,2,1,2,1,0,1,0
0.76,2,37,2,2,2,2,0,2,0
0.76,2,4,2,1,2,1,0,1,0
0.76,2,330,2,1,2,1,0,1,0
0.76,2,355,2,1,2,1,0,1,0
0.76,2,496,2,1,2,1,0,1,0
0.76,2,268,2,1,2,1,0,1,0
0.76,2,238,2,1,2,1,0,1,0
0.76,2,259,2,1,2,1,0,1,0
0.76,2,426,2,1,2,1,0,1,0
0.76,2,400,2,1,2,1,0,1,0
0.76,2,289,2,1,2,1,0,1,0
0.76,2,397,2,1,2,1,0,1,0
0.76,2,380,2,2,2,2,0,2,0
0.76,2,35,2,1,2,1,0,1,0
0.76,2,442,2,1,2,1,0,1,0
0.76,2,14,2,1,2,1,0,1,0
0.76,2,281,2,1,2,1,0,1,0
0.76,2,388,2,1,2,1,0,1,0
0.76,2,226,2,1,2,1,0,1,0
0.76,2,365,2,1,2,1,0,1,0
0.76,2,296,2,1,2,1,0,1,0
0.76,2,20,2,1,2,1,0,1,0
0.76,2,431,2,1,2,1,0,1,0
0.76,2,111,2,1,2,1,0,1,0
0.76,2,88,2,1,2,1,0,1,0
0.76,2,398,2,1,2,1,0,1,0
0.76,2,171,2,1,2,1,0,1,0
0.76,2,267,2,1,2,1,0,1,0
0.76,2,377,2,1,2,1,0,1,0
0.76,2,472,2,1,2,1,0,1,0
0.76,2,391,2,1,2,1,0,1,0
0.76,2,493,2,1,2,1,0,1,0
0.76,2,396,2,1,2,1,0,1,0
0.76,2,46,2,1,2,1,0,1,0
0.76,2,208,2,1,2,1,0,1,0
0.76,2,476,2,1,2,1,0,1,0
0.76,2,422,2,1,2,1,0,1,0
0.76,2,260,2,1,2,1,0,1,0
0.76,2,363,2,1,2,1,0,1,0
0.76,2,185,2,1,2,1,0,1,0
0.76,2,265,2,1,2,1,0,1,0
0.76,2,175,2,1,2,1,0,1,0
0.76,2,123,2,1,2,1,0,1,0
0.76,2,315,2,1,2,1,0,1,0
0.76,2,435,2,1,2,1,0,1,0
0.76,2,410,2,1,2,1,0,1,0
0.76,2,463,2,1,2,1,0,1,0
0.76,2,366,2,1,2,1,0,1,0
0.76,2,460,2,1,2,1,0,1,0
0.76,2,319,2,1,2,1,0,1,0
0.76,2,237,2,1,2,1,0,1,0
0.76,2,100,2,2,2,2,0,2,0
0.76,2,499,2,1,2,1,0,1,0
0.76,2,189,2,1,2,1,0,1,0
0.76,2,121,2,1,2,1,0,1,0
0.76,2,201,2,1,2,1,0,1,0
0.76,2,342,2,1,2,1,0,1,0
0.76,2,392,2,1,2,1,0,1,0
0.76,2,217,2,1,2,1,0,1,0
0.76,2,212,2,1,2,1,0,1,0
0.76,2,233,2,1,2,1,0,1,0
0.76,2,454,2,1,2,1,0,1,0
0.76,2,0,2,1,2,1,0,1,0
0.76,2,347,2,1,2,1,0,1,0
0.76,2,477,2,1,2,1,0,1,0
0.76,2,11,2,1,2,1,0,1,0
0.76,2,55,2,1,2,1,0,1,0
0.76,2,144,2,1,2,1,0,1,0
0.76,2,369,2,1,2,1,0,1,0
0.76,2,487,2,1,2,1,0,1,0
0.76,2,106,2,1,2,1,0,1,0
0.76,2,441,2,1,2,1,0,1,0
0.76,2,408,2,1,2,1,0,1,0
0.76,2,353,2,1,2,1,0,1,0
0.76,2,413,2,1,2,1,0,1,0
0.76,2,97,2,1,2,1,0,1,0
0.76,2,311,2,1,2,1,0,1,0
0.76,2,327,2,1,2,1,0,1,0
0.76,2,12,2,1,2,1,0,1,0
0.76,2,64,2,1,2,1,0,1,0
0.76,2,188,2,1,2,1,0,1,0
0.76,2,376,2,2,2,2,0,2,0
0.76,2,349,2,1,2,1,0,1,0
0.76,2,272,2,1,2,1,0,1,0
0.76,2,371,2,1,2,1,0,1,0
0.76,2,129,2,1,2,1,0,1,0
0.76,2,462,2,1,2,1,0,1,0
0.76,2,494,2,1,2,1,0,1,0
0.76,2,328,2,1,2,1,0,1,0
0.76,2,358,2,1,2,1,0,1,0
0.76,2,321,2,1,2,1,0,1,0
0.76,2,193,2,2,2,2,0,2,0
0.76,2,234,2,1,2,1,0,1,0
0.76,2,308,2,1,2,1,0,1,0
0.76,2,341,2,1,2,1,0,1,0
0.76,2,148,2,1,2,1,0,1,0
0.76,2,415,2,1,2,1,0,1,0
0.76,2,205,2,1,2,1,0,1,0
0.76,2,57,2,1,2,1,0,1,0
0.76,2,5,2,1,2,1,0,1,0
0.76,2,90,2,1,2,1,0,1,0
0.76,2,407,2,1,2,1,0,1,0
0.76,2,2,2,1,2,1,0,1,0
0.76,2,368,2,1,2,1,0,1,0
0.76,2,405,2,1,2,1,0,1,0
0.76,2,402,2,1,2,1,0,1,0
0.76,2,367,2,1,2,1,0,1,0
0.76,2,103,2,1,2,1,0,1,0
0.76,2,52,2,1,2,1,0,1,0
0.76,2,146,2,1,2,1,0,1,0
0.76,2,195,2,1,2,1,0,1,0
0.76,2,184,2,1,2,1,0,1,0
0.76,2,489,2,1,2,1,0,1,0
0.76,2,252,2,1,2,1,0,1,0
0.76,2,87,2,1,2,1,0,1,0
0.76,2,180,2,1,2,1,0,1,0
0.76,2,300,2,1,2,1,0,1,0
0.76,2,117,2,1,2,1,0,1,0
0.76,2,25,2,1,2,1,0,1,0
0.76,2,343,2,1,2,1,0,1,0
0.76,2,7,2,1,2,1,0,1,0
0.76,2,430,2,1,2,1,0,1,0
0.76,2,48,2,1,2,1,0,1,0
0.76,2,427,2,1,2,1,0,1,0
0.76,2,104,2,1,2,1,0,1,0
0.76,2,310,2,1,2,1,0,1,0
0.76,2,242,2,1,2,1,0,1,0
0.76,2,298,2,1,2,1,0,1,0
0.76,2,345,2,1,2,1,0,1,0
0.76,2,16,2,1,2,1,0,1,0
0.76,2,318,2,1,2,1,0,1,0
0.76,2,437,2,1,2,1,0,1,0
0.76,2,282,2,1,2,1,0,1,0
0.76,2,107,2,1,2,1,0,1,0
0.76,2,309,2,1,2,1,0,1,0
0.76,2,236,2,1,2,1,0,1,0
0.76,2,299,2,1,2,1,0,1,0
0.76,2,491,2,1,2,1,0,1,0
0.76,2,474,2,1,2,1,0,1,0
0.76,2,264,2,1,2,1,0,1,0
0.76,2,132,2,1,2,1,0,1,0
0.76,2,498,2,1,2,1,0,1,0
0.76,2,8,2,1,2,1,0,1,0
0.76,2,222,2,1,2,1,0,1,0
0.76,2,83,2,1,2,1,0,1,0
0.76,4,223,2,1,2,1,0,1,0
0.76,4,122,2,1,2,1,0,1,0
0.76,4,373,2,1,2,1,0,1,0
0.76,4,10,2,1,2,1,0,1,0
0.76,4,227,2,1,2,1,0,1,0
0.76,4,6,2,1,2,1,0,1,0
0.76,4,190,2,1,2,1,0,1,0
0.76,4,294,2,1,2,1,0,1,0
0.76,4,206,2,1,2,1,0,1,0
0.76,4,344,2,1,2,1,0,1,0
0.76,4,81,2,1,2,1,0,1,0
0.76,4,34,2,1,2,1,0,1,0
0.76,4,478,2,1,2,1,0,1,0
0.76,4,225,2,1,2,1,0,1,0
0.76,4,452,2,1,2,1,0,1,0
0.76,4,67,2,1,2,1,0,1,0
0.76,4,286,2,1,2,1,0,1,0
0.76,4,251,2,1,2,1,0,1,0
0.76,4,335,2,1,2,1,0,1,0
0.76,4,439,2,1,2,1,0,1,0
0.76,4,409,2,1,2,1,0,1,0
0.76,4,125,2,1,2,1,0,1,0
0.76,4,70,2,1,2,1,0,1,0
0.76,4,145,2,1,2,1,0,1,0
0.76,4,73,2,1,2,1,0,1,0
0.76,4,284,2,1,2,1,0,1,0
0.76,4,186,2,1,2,1,0,1,0
0.76,4,58,2,1,2,1,0,1,0
0.76,4,381,2,1,2,1,0,1,0
0.76,4,305,2,1,2,1,0,1,0
0.76,4,149,2,1,2,1,0,1,0
0.76,4,140,2,1,2,1,0,1,0
0.76,4,364,2,1,2,1,0,1,0
0.76,4,361,2,1,2,1,0,1,0
0.76,4,23,2,1,2,1,0,1,0
0.76,4,254,2,1,2,1,0,1,0
0.76,4,173,2,1,2,1,0,1,0
0.76,4,456,2,1,2,1,0,1,0
0.76,4,403,2,1,2,1,0,1,0
0.76,4,382,2,1,2,1,0,1,0
0.76,4,320,2,1,2,1,0,1,0
0.76,4,167,2,1,2,1,0,1,0
0.76,4,419,2,1,2,1,0,1,0
0.76,4,262,2,1,2,1,0,1,0
0.76,4,91,2,2,2,2,0,2,0
0.76,4,19,2,1,2,1,0,1,0
0.76,4,78,2,1,2,1,0,1,0
0.76,4,440,2,1,2,1,0,1,0
0.76,4,350,2,1,2,1,0,1,0
0.76,4,113,2,1,2,1,0,1,0
0.76,4,291,2,1,2,1,0,1,0
0.76,4,370,2,1,2,1,0,1,0
0.76,4,152,2,1,2,1,0,1,0
0.76,4,99,2,1,2,1,0,1,0
0.76,4,32,2,1,2,1,0,1,0
0.76,4,77,2,1,2,1,0,1,0
0.76,4,183,2,1,2,1,0,1,0
0.76,4,383,2,1,2,1,0,1,0
0.76,4,179,2,1,2,1,0,1,0
0.76,4,68,2,1,2,1,0,1,0
0.76,4,385,2,1,2,1,0,1,0
0.76,4,464,2,1,2,1,0,1,0
0.76,4,482,2,1,2,1,0,1,0
0.76,4,351,2,1,2,1,0,1,0
0.76,4,287,2,1,2,1,0,1,0
0.76,4,302,2,1,2,1,0,1,0
0.76,4,457,2,1,2,1,0,1,0
0.76,4,94,2,1,2,1,0,1,0
0.76,4,102,2,1,2,1,0,1,0
0.76,4,490,2,1,2,1,0,1,0
0.76,4,449,2,1,2,1,0,1,0
0.76,4,172,2,1,2,1,0,1,0
0.76,4,323,2,1,2,1,0,1,0
0.76,4,484,2,1,2,1,0,1,0
0.76,4,312,2,1,2,1,0,1,0
0.76,4,69,2,1,2,1,0,1,0
0.76,4,157,2,1,2,1,0,1,0
0.76,4,280,2,1,2,1,0,1,0
0.76,4,187,2,1,2,1,0,1,0
0.76,4,232,2,1,2,1,0,1,0
0.76,4,133,2,2,2,2,0,2,0
0.76,4,128,2,1,2,1,0,1,0
0.76,4,250,2,1,2,1,0,1,0
0.76,4,483,2,1,2,1,0,1,0
0.76,4,218,2,1,2,1,0,1,0
0.76,4,338,2,1,2,1,0,1,0
0.76,4,486,2,1,2,1,0,1,0
0.76,4,420,2,1,2,1,0,1,0
0.76,4,333,2,1,2,1,0,1,0
0.76,4,401,2,1,2,1,0,1,0
0.76,4,61,2,1,2,1,0,1,0
0.76,4,432,2,1,2,1,0,1,0
0.76,4,428,2,1,2,1,0,1,0
0.76,4,38,2,1,2,1,0,1,0
0.76,4,480,2,1,2,1,0,1,0
0.76,4,199,2,1,2,1,0,1,0
0.76,4,17,2,1,2,1,0,1,0
0.76,4,162,2,1,2,1,0,1,0
0.76,4,62,2,1,2,1,0,1,0
0.76,4,181,2,1,2,1,0,1,0
0.76,4,307,2,1,2,1,0,1,0
0.76,4,271,2,1,2,1,0,1,0
0.76,4,418,2,1,2,1,0,1,0
0.76,4,130,2,1,2,1,0,1,0
0.76,4,44,2,1,2,1,0,1,0
0.76,4,138,2,1,2,1,0,1,0
0.76,4,165,2,1,2,1,0,1,0
0.76,4,203,2,1,2,1,0,1,0
0.76,4,22,2,1,2,1,0,1,0
0.76,4,85,2,1,2,1,0,1,0
0.76,4,316,2,1,2,1,0,1,0
0.76,4,279,2,1,2,1,0,1,0
0.76,4,108,2,1,2,1,0,1,0
0.76,4,325,2,1,2,1,0,1,0
0.76,4,384,2,1,2,1,0,1,0
0.76,4,274,2,1,2,1,0,1,0
0.76,4,261,2,1,2,1,0,1,0
0.76,4,207,2,1,2,1,0,1,0
0.76,4,339,2,1,2,1,0,1,0
0.76,4,224,2,1,2,1,0,1,0
0.76,4,196,2,1,2,1,0,1,0
0.76,4,283,2,1,2,1,0,1,0
0.76,4,243,2,1,2,1,0,1,0
0.76,4,258,2,1,2,1,0,1,0
0.76,4,229,2,1,2,1,0,1,0
0.76,4,247,2,1,2,1,0,1,0
0.76,4,89,2,1,2,1,0,1,0
0.76,4,394,2,1,2,1,0,1,0
0.76,4,82,2,1,2,1,0,1,0
0.76,4,444,2,1,2,1,0,1,0
0.76,4,147,2,1,2,1,0,1,0
0.76,4,178,2,1,2,1,0,1,0
0.76,4,239,2,1,2,1,0,1,0
0.76,4,240,2,1,2,1,0,1,0
0.76,4,3,2,2,2,2,0,2,0
0.76,4,154,2,1,2,1,0,1,0
0.76,4,53,2,1,2,1,0,1,0
0.76,4,417,2,1,2,1,0,1,0
0.76,4,313,2,1,2,1,0,1,0
0.76,4,468,2,1,2,1,0,1,0
0.76,4,182,2,1,2,1,0,1,0
0.76,4,26,2,1,2,1,0,1,0
0.76,4,202,2,1,2,1,0,1,0
0.76,4,30,2,1,2,1,0,1,0
0.76,4,92,2,1,2,1,0,1,0
0.76,4,136,2,1,2,1,0,1,0
0.76,4,13,2,1,2,1,0,1,0
0.76,4,492,2,1,2,1,0,1,0
0.76,4,143,2,1,2,1,0,1,0
0.76,4,118,2,1,2,1,0,1,0
0.76,4,290,2,1,2,1,0,1,0
0.76,4,31,2,1,2,1,0,1,0
0.76,4,141,2,1,2,1,0,1,0
0.76,4,485,2,1,2,1,0,1,0
0.76,4,18,2,1,2,1,0,1,0
0.76,4,346,2,1,2,1,0,1,0
0.76,4,304,2,1,2,1,0,1,0
0.76,4,471,2,1,2,1,0,1,0
0.76,4,105,2,1,2,1,0,1,0
0.76,4,336,2,1,2,1,0,1,0
0.76,4,75,2,1,2,1,0,1,0
0.76,4,166,2,1,2,1,0,1,0
0.76,4,414,2,1,2,1,0,1,0
0.76,4,421,2,1,2,1,0,1,0
0.76,4,159,2,1,2,1,0,1,0
0.76,4,429,2,1,2,1,0,1,0
0.76,4,49,2,1,2,1,0,1,0
0.76,4,301,2,2,2,2,0,2,0
0.76,4,95,2,1,2,1,0,1,0
0.76,4,263,2,1,2,1,0,1,0
0.76,4,156,2,1,2,1,0,1,0
0.76,4,453,2,1,2,1,0,1,0
0.76,4,481,2,1,2,1,0,1,0
0.76,4,210,2,1,2,1,0,1,0
0.76,4,317,2,1,2,1,0,1,0
0.76,4,255,2,1,2,1,0,1,0
0.76,4,150,2,1,2,1,0,1,0
0.76,4,65,2,1,2,1,0,1,0
0.76,4,60,2,1,2,1,0,1,0
0.76,4,28,2,1,2,1,0,1,0
0.76,4,404,2,1,2,1,0,1,0
0.76,4,127,2,1,2,1,0,1,0
0.76,4,450,2,1,2,1,0,1,0
0.76,4,278,2,1,2,1,0,1,0
0.76,4,276,2,1,2,1,0,1,0
0.76,4,109,2,1,2,1,0,1,0
0.76,4,42,2,1,2,1,0,1,0
0.76,4,155,2,1,2,1,0,1,0
0.76,4,228,2,1,2,1,0,1,0
0.76,4,244,2,1,2,1,0,1,0
0.76,4,249,2,1,2,1,0,1,0
0.76,4,372,2,1,2,1,0,1,0
0.76,4,1,2,1,2,1,0,1,0
0.76,4,71,2,1,2,1,0,1,0
0.76,4,170,2,1,2,1,0,1,0
0.76,4,33,2,1,2,1,0,1,0
0.76,4,395,2,1,2,1,0,1,0
0.76,4,246,2,2,2,2,0,2,0
0.76,4,329,2,1,2,1,0,1,0
0.76,4,455,2,1,2,1,0,1,0
0.76,4,332,2,2,2,2,0,2,0
0.76,4,241,2,1,2,1,0,1,0
0.76,4,475,2,1,2,1,0,1,0
0.76,4,488,2,1,2,1,0,1,0
0.76,4,134,2,1,2,1,0,1,0
0.76,4,177,2,1,2,1,0,1,0
0.76,4,357,2,1,2,1,0,1,0
0.76,4,120,2,1,2,1,0,1,0
0.76,4,245,2,1,2,1,0,1,0
0.76,4,27,2,1,2,1,0,1,0
0.76,4,98,2,1,2,1,0,1,0
0.76,4,285,2,1,2,1,0,1,0
0.76,4,292,2,1,2,1,0,1,0
0.76,4,213,2,1,2,1,0,1,0
0.76,4,41,2,1,2,1,0,1,0
0.76,4,43,2,1,2,1,0,1,0
0.76,4,389,2,1,2,1,0,1,0
0.76,4,160,2,1,2,1,0,1,0
0.76,4,115,2,1,2,1,0,1,0
0.76,4,56,2,1,2,1,0,1,0
0.76,4,360,2,1,2,1,0,1,0
0.76,4,324,2,1,2,1,0,1,0
0.76,4,314,2,1,2,1,0,1,0
0.76,4,231,2,1,2,1,0,1,0
0.76,4,303,2,1,2,1,0,1,0
0.76,4,36,2,1,2,1,0,1,0
0.76,4,40,2,1,2,1,0,1,0
0.76,4,322,2,1,2,1,0,1,0
0.76,4,425,2,2,2,2,0,2,0
0.76,4,293,2,1,2,1,0,1,0
0.76,4,110,2,1,2,1,0,1,0
0.76,4,334,2,1,2,1,0,1,0
0.76,4,270,2,1,2,1,0,1,0
0.76,4,47,2,1,2,1,0,1,0
0.76,4,470,2,1,2,1,0,1,0
0.76,4,214,2,1,2,1,0,1,0
0.76,4,221,2,1,2,1,0,1,0
0.76,4,79,2,1,2,1,0,1,0
0.76,4,198,2,1,2,1,0,1,0
0.76,4,375,2,1,2,1,0,1,0
0.76,4,45,2,1,2,1,0,1,0
0.76,4,230,2,1,2,1,0,1,0
0.76,4,168,2,1,2,1,0,1,0
0.76,4,465,2,1,2,1,0,1,0
0.76,4,443,2,1,2,1,0,1,0
0.76,4,359,2,1,2,1,0,1,0
0.76,4,352,2,1,2,1,0,1,0
0.76,4,204,2,1,2,1,0,1,0
0.76,4,219,2,1,2,1,0,1,0
0.76,4,306,2,1,2,1,0,1,0
0.76,4,54,2,1,2,1,0,1,0
0.76,4,63,2,1,2,1,0,1,0
0.76,4,86,2,1,2,1,0,1,0
0.76,4,497,2,1,2,1,0,1,0
0.76,4,412,2,1,2,1,0,1,0
0.76,4,197,2,1,2,1,0,1,0
0.76,4,59,2,1,2,1,0,1,0
0.76,4,66,2,1,2,1,0,1,0
0.76,4,248,2,1,2,1,0,1,0
0.76,4,29,2,1,2,1,0,1,0
0.76,4,72,2,2,2,2,0,2,0
0.76,4,76,2,1,2,1,0,1,0
0.76,4,331,2,1,2,1,0,1,0
0.76,4,479,2,1,2,1,0,1,0
0.76,4,158,2,2,2,2,0,2,0
0.76,4,191,2,1,2,1,0,1,0
0.76,4,495,2,1,2,1,0,1,0
0.76,4,200,2,1,2,1,0,1,0
0.76,4,473,2,1,2,1,0,1,0
0.76,4,101,2,1,2,1,0,1,0
0.76,4,9,2,1,2,1,0,1,0
0.76,4,235,2,2,2,2,0,2,0
0.76,4,21,2,1,2,1,0,1,0
0.76,4,374,2,1,2,1,0,1,0
0.76,4,161,2,1,2,1,0,1,0
0.76,4,114,2,1,2,1,0,1,0
0.76,4,438,2,1,2,1,0,1,0
0.76,4,93,2,1,2,1,0,1,0
0.76,4,348,2,1,2,1,0,1,0
0.76,4,24,2,1,2,1,0,1,0
0.76,4,142,2,1,2,1,0,1,0
0.76,4,469,2,1,2,1,0,1,0
0.76,4,137,2,1,2,1,0,1,0
0.76,4,256,2,1,2,1,0,1,0
0.76,4,379,2,1,2,1,0,1,0
0.76,4,135,2,1,2,1,0,1,0
0.76,4,39,2,1,2,1,0,1,0
0.76,4,356,2,1,2,1,0,1,0
0.76,4,467,2,1,2,1,0,1,0
0.76,4,257,2,1,2,1,0,1,0
0.76,4,192,2,1,2,1,0,1,0
0.76,4,326,2,1,2,1,0,1,0
0.76,4,220,2,1,2,1,0,1,0
0.76,4,139,2,1,2,1,0,1,0
0.76,4,74,2,1,2,1,0,1,0
0.76,4,253,2,1,2,1,0,1,0
0.76,4,153,2,1,2,1,0,1,0
0.76,4,15,2,1,2,1,0,1,0
0.76,4,378,2,1,2,1,0,1,0
0.76,4,387,2,1,2,1,0,1,0
0.76,4,466,2,1,2,1,0,1,0
0.76,4,424,2,1,2,1,0,1,0
0.76,4,84,2,1,2,1,0,1,0
0.76,4,297,2,1,2,1,0,1,0
0.76,4,459,2,1,2,1,0,1,0
0.76,4,436,2,1,2,1,0,1,0
0.76,4,50,2,1,2,1,0,1,0
0.76,4,96,2,1,2,1,0,1,0
0.76,4,216,2,1,2,1,0,1,0
0.76,4,295,2,1,2,1,0,1,0
0.76,4,362,2,1,2,1,0,1,0
0.76,4,386,2,1,2,1,0,1,0
0.76,4,116,2,1,2,1,0,1,0
0.76,4,277,2,1,2,1,0,1,0
0.76,4,447,2,1,2,1,0,1,0
0.76,4,337,2,1,2,1,0,1,0
0.76,4,119,2,1,2,1,0,1,0
0.76,4,266,2,1,2,1,0,1,0
0.76,4,211,2,1,2,1,0,1,0
0.76,4,124,2,1,2,1,0,1,0
0.76,4,461,2,1,2,1,0,1,0
0.76,4,51,2,1,2,1,0,1,0
0.76,4,269,2,1,2,1,0,1,0
0.76,4,393,2,1,2,1,0,1,0
0.76,4,169,2,1,2,1,0,1,0
0.76,4,390,2,1,2,1,0,1,0
0.76,4,288,2,1,2,1,0,1,0
0.76,4,423,2,1,2,1,0,1,0
0.76,4,80,2,1,2,1,0,1,0
0.76,4,215,2,1,2,1,0,1,0
0.76,4,411,2,1,2,1,0,1,0
0.76,4,354,2,1,2,1,0,1,0
0.76,4,112,2,1,2,1,0,1,0
0.76,4,445,2,1,2,1,0,1,0
0.76,4,416,2,1,2,1,0,1,0
0.76,4,340,2,1,2,1,0,1,0
0.76,4,275,2,1,2,1,0,1,0
0.76,4,399,2,1,2,1,0,1,0
0.76,4,273,2,2,2,2,0,2,0
0.76,4,209,2,1,2,1,0,1,0
0.76,4,194,2,1,2,1,0,1,0
0.76,4,458,2,1,2,1,0,1,0
0.76,4,448,2,1,2,1,0,1,0
0.76,4,126,2,1,2,1,0,1,0
0.76,4,446,2,1,2,1,0,1,0
0.76,4,163,2,1,2,1,0,1,0
0.76,4,174,2,1,2,1,0,1,0
0.76,4,176,2,1,2,1,0,1,0
0.76,4,131,2,1,2,1,0,1,0
0.76,4,406,2,1,2,1,0,1,0
0.76,4,433,2,1,2,1,0,1,0
0.76,4,434,2,1,2,1,0,1,0
0.76,4,151,2,1,2,1,0,1,0
0.76,4,164,2,1,2,1,0,1,0
0.76,4,451,2,1,2,1,0,1,0
0.76,4,37,2,2,2,2,0,2,0
0.76,4,4,2,1,2,1,0,1,0
0.76,4,330,2,1,2,1,0,1,0
0.76,4,355,2,1,2,1,0,1,0
0.76,4,496,2,1,2,1,0,1,0
0.76,4,268,2,1,2,1,0,1,0
0.76,4,238,2,1,2,1,0,1,0
0.76,4,259,2,1,2,1,0,1,0
0.76,4,426,2,1,2,1,0,1,0
0.76,4,400,2,1,2,1,0,1,0
0.76,4,289,2,1,2,1,0,1,0
0.76,4,397,2,1,2,1,0,1,0
0.76,4,380,2,2,2,2,0,2,0
0.76,4,35,2,1,2,1,0,1,0
0.76,4,442,2,1,2,1,0,1,0
0.76,4,14,2,1,2,1,0,1,0
0.76,4,281,2,1,2,1,0,1,0
0.76,4,388,2,1,2,1,0,1,0
0.76,4,226,2,1,2,1,0,1,0
0.76,4,365,2,1,2,1,0,1,0
0.76,4,296,2,1,2,1,0,1,0
0.76,4,20,2,1,2,1,0,1,0
0.76,4,431,2,1,2,1,0,1,0
0.76,4,111,2,1,2,1,0,1,0
0.76,4,88,2,1,2,1,0,1,0
0.76,4,398,2,1,2,1,0,1,0
0.76,4,171,2,1,2,1,0,1,0
0.76,4,267,2,1,2,1,0,1,0
0.76,4,377,2,1,2,1,0,1,0
0.76,4,472,2,1,2,1,0,1,0
0.76,4,391,2,1,2,1,0,1,0
0.76,4,493,2,1,2,1,0,1,0
0.76,4,396,2,1,2,1,0,1,0
0.76,4,46,2,1,2,1,0,1,0
0.76,4,208,2,1,2,1,0,1,0
0.76,4,476,2,1,2,1,0,1,0
0.76,4,422,2,1,2,1,0,1,0
0.76,4,260,2,1,2,1,0,1,0
0.76,4,363,2,1,2,1,0,1,0
0.76,4,185,2,1,2,1,0,1,0
0.76,4,265,2,1,2,1,0,1,0
0.76,4,175,2,1,2,1,0,1,0
0.76,4,123,2,1,2,1,0,1,0
0.76,4,315,2,1,2,1,0,1,0
0.76,4,435,2,1,2,1,0,1,0
0.76,4,410,2,1,2,1,0,1,0
0.76,4,463,2,1,2,1,0,1,0
0.76,4,366,2,1,2,1,0,1,0
0.76,4,460,2,1,2,1,0,1,0
0.76,4,319,2,1,2,1,0,1,0
0.76,4,237,2,1,2,1,0,1,0
0.76,4,100,2,2,2,2,0,2,0
0.76,4,499,2,1,2,1,0,1,0
0.76,4,189,2,1,2,1,0,1,0
0.76,4,121,2,1,2,1,0,1,0
0.76,4,201,2,1,2,1,0,1,0
0.76,4,342,2,1,2,1,0,1,0
0.76,4,392,2,1,2,1,0,1,0
0.76,4,217,2,1,2,1,0,1,0
0.76,4,212,2,1,2,1,0,1,0
0.76,4,233,2,1,2,1,0,1,0
0.76,4,454,2,1,2,1,0,1,0
0.76,4,0,2,1,2,1,0,1,0
0.76,4,347,2,1,2,1,0,1,0
0.76,4,477,2,1,2,1,0,1,0
0.76,4,11,2,1,2,1,0,1,0
0.76,4,55,2,1,2,1,0,1,0
0.76,4,144,2,1,2,1,0,1,0
0.76,4,369,2,1,2,1,0,1,0
0.76,4,487,2,1,2,1,0,1,0
0.76,4,106,2,1,2,1,0,1,0
0.76,4,441,2,1,2,1,0,1,0
0.76,4,408,2,1,2,1,0,1,0
0.76,4,353,2,1,2,1,0,1,0
0.76,4,413,2,1,2,1,0,1,0
0.76,4,97,2,1,2,1,0,1,0
0.76,4,311,2,1,2,1,0,1,0
0.76,4,327,2,1,2,1,0,1,0
0.76,4,12,2,1,2,1,0,1,0
0.76,4,64,2,1,2,1,0,1,0
0.76,4,188,2,1,2,1,0,1,0
0.76,4,376,2,2,2,2,0,2,0
0.76,4,349,2,1,2,1,0,1,0
0.76,4,272,2,1,2,1,0,1,0
0.76,4,371,2,1,2,1,0,1,0
0.76,4,129,2,1,2,1,0,1,0
0.76,4,462,2,1,2,1,0,1,0
0.76,4,494,2,1,2,1,0,1,0
0.76,4,328,2,1,2,1,0,1,0
0.76,4,358,2,1,2,1,0,1,0
0.76,4,321,2,1,2,1,0,1,0
0.76,4,193,2,2,2,2,0,2,0
0.76,4,234,2,1,2,1,0,1,0
0.76,4,308,2,1,2,1,0,1,0
0.76,4,341,2,1,2,1,0,1,0
0.76,4,148,2,1,2,1,0,1,0
0.76,4,415,2,1,2,1,0,1,0
0.76,4,205,2,1,2,1,0,1,0
0.76,4,57,2,1,2,1,0,1,0
0.76,4,5,2,1,2,1,0,1,0
0.76,4,90,2,1,2,1,0,1,0
0.76,4,407,2,1,2,1,0,1,0
0.76,4,2,2,1,2,1,0,1,0
0.76,4,368,2,1,2,1,0,1,0
0.76,4,405,2,1,2,1,0,1,0
0.76,4,402,2,1,2,1,0,1,0
0.76,4,367,2,1,2,1,0,1,0
0.76,4,103,2,1,2,1,0,1,0
0.76,4,52,2,1,2,1,0,1,0
0.76,4,146,2,1,2,1,0,1,0
0.76,4,195,2,1,2,1,0,1,0
0.76,4,184,2,1,2,1,0,1,0
0.76,4,489,2,1,2,1,0,1,0
0.76,4,252,2,1,2,1,0,1,0
0.76,4,87,2,1,2,1,0,1,0
0.76,4,180,2,1,2,1,0,1,0
0.76,4,300,2,1,2,1,0,1,0
0.76,4,117,2,1,2,1,0,1,0
0.76,4,25,2,1,2,1,0,1,0
0.76,4,343,2,1,2,1,0,1,0
0.76,4,7,2,1,2,1,0,1,0
0.76,4,430,2,1,2,1,0,1,0
0.76,4,48,2,1,2,1,0,1,0
0.76,4,427,2,1,2,1,0,1,0
0.76,4,104,2,1,2,1,0,1,0
0.76,4,310,2,1,2,1,0,1,0
0.76,4,242,2,1,2,1,0,1,0
0.76,4,298,2,1,2,1,0,1,0
0.76,4,345,2,1,2,1,0,1,0
0.76,4,16,2,1,2,1,0,1,0
0.76,4,318,2,1,2,1,0,1,0
0.76,4,437,2,1,2,1,0,1,0
0.76,4,282,2,1,2,1,0,1,0
0.76,4,107,2,1,2,1,0,1,0
0.76,4,309,2,1,2,1,0,1,0
0.76,4,236,2,1,2,1,0,1,0
0.76,4,299,2,1,2,1,0,1,0
0.76,4,491,2,1,2,1,0,1,0
0.76,4,474,2,1,2,1,0,1,0
0.76,4,264,2,1,2,1,0,1,0
0.76,4,132,2,1,2,1,0,1,0
0.76,4,498,2,1,2,1,0,1,0
0.76,4,8,2,1,2,1,0,1,0
0.76,4,222,2,1,2,1,0,1,0
0.76,4,83,2,1,2,1,0,1,0
0.76,8,223,2,1,2,1,0,1,0
0.76,8,122,2,1,2,1,0,1,0
0.76,8,373,2,1,2,1,0,1,0
0.76,8,10,2,1,2,1,0,1,0
0.76,8,227,2,1,2,1,0,1,0
0.76,8,6,2,1,2,1,0,1,0
0.76,8,190,2,1,2,1,0,1,0
0.76,8,294,2,1,2,1,0,1,0
0.76,8,206,2,1,2,1,0,1,0
0.76,8,344,2,1,2,1,0,1,0
0.76,8,81,2,1,2,1,0,1,0
0.76,8,34,2,1,2,1,0,1,0
0.76,8,478,2,1,2,1,0,1,0
0.76,8,225,2,1,2,1,0,1,0
0.76,8,452,2,1,2,1,0,1,0
0.76,8,67,2,1,2,1,0,1,0
0.76,8,286,2,1,2,1,0,1,0
0.76,8,251,2,1,2,1,0,1,0
0.76,8,335,2,1,2,1,0,1,0
0.76,8,439,2,1,2,1,0,1,0
0.76,8,409,2,1,2,1,0,1,0
0.76,8,125,2,1,2,1,0,1,0
0.76,8,70,2,1,2,1,0,1,0
0.76,8,145,2,1,2,1,0,1,0
0.76,8,73,2,1,2,1,0,1,0
0.76,8,284,2,1,2,1,0,1,0
0.76,8,186,2,1,2,1,0,1,0
0.76,8,58,2,1,2,1,0,1,0
0.76,8,381,2,1,2,1,0,1,0
0.76,8,305,2,1,2,1,0,1,0
0.76,8,149,2,1,2,1,0,1,0
0.76,8,140,2,1,2,1,0,1,0
0.76,8,364,2,1,2,1,0,1,0
0.76,8,361,2,1,2,1,0,1,0
0.76,8,23,2,1,2,1,0,1,0
0.76,8,254,2,1,2,1,0,1,0
0.76,8,173,2,1,2,1,0,1,0
0.76,8,456,2,1,2,1,0,1,0
0.76,8,403,2,1,2,1,0,1,0
0.76,8,382,2,1,2,1,0,1,0
0.76,8,320,2,1,2,1,0,1,0
0.76,8,167,2,1,2,1,0,1,0
0.76,8,419,2,1,2,1,0,1,0
0.76,8,262,2,1,2,1,0,1,0
0.76,8,91,2,2,2,2,0,2,0
0.76,8,19,2,1,2,1,0,1,0
0.76,8,78,2,1,2,1,0,1,0
0.76,8,440,2,1,2,1,0,1,0
0.76,8,350,2,1,2,1,0,1,0
0.76,8,113,2,1,2,1,0,1,0
0.76,8,291,2,1,2,1,0,1,0
0.76,8,370,2,1,2,1,0,1,0
0.76,8,152,2,1,2,1,0,1,0
0.76,8,99,2,1,2,1,0,1,0
0.76,8,32,2,1,2,1,0,1,0
0.76,8,77,2,1,2,1,0,1,0
0.76,8,183,2,1,2,1,0,1,0
0.76,8,383,2,1,2,1,0,1,0
0.76,8,179,2,1,2,1,0,1,0
0.76,8,68,2,1,2,1,0,1,0
0.76,8,385,2,1,2,1,0,1,0
0.76,8,464,2,1,2,1,0,1,0
0.76,8,482,2,1,2,1,0,1,0
0.76,8,351,2,1,2,1,0,1,0
0.76,8,287,2,1,2,1,0,1,0
0.76,8,302,2,1,2,1,0,1,0
0.76,8,457,2,1,2,1,0,1,0
0.76,8,94,2,1,2,1,0,1,0
0.76,8,102,2,1,2,1,0,1,0
0.76,8,490,2,1,2,1,0,1,0
0.76,8,449,2,1,2,1,0,1,0
0.76,8,172,2,1,2,1,0,1,0
0.76,8,323,2,1,2,1,0,1,0
0.76,8,484,2,1,2,1,0,1,0
0.76,8,312,2,1,2,1,0,1,0
0.76,8,69,2,1,2,1,0,1,0
0.76,8,157,2,1,2,1,0,1,0
0.76,8,280,2,1,2,1,0,1,0
0.76,8,187,2,1,2,1,0,1,0
0.76,8,232,2,1,2,1,0,1,0
0.76,8,133,2,2,2,2,0,2,0
0.76,8,128,2,1,2,1,0,1,0
0.76,8,250,2,1,2,1,0,1,0
0.76,8,483,2,1,2,1,0,1,0
0.76,8,218,2,1,2,1,0,1,0
0.76,8,338,2,1,2,1,0,1,0
0.76,8,486,2,1,2,1,0,1,0
0.76,8,420,2,1,2,1,0,1,0
0.76,8,333,2,1,2,1,0,1,0
0.76,8,401,2,1,2,1,0,1,0
0.76,8,61,2,1,2,1,0,1,0
0.76,8,432,2,1,2,1,0,1,0
0.76,8,428,2,1,2,1,0,1,0
0.76,8,38,2,1,2,1,0,1,0
0.76,8,480,2,1,2,1,0,1,0
0.76,8,199,2,1,2,1,0,1,0
0.76,8,17,2,1,2,1,0,1,0
0.76,8,162,2,1,2,1,0,1,0
0.76,8,62,2,1,2,1,0,1,0
0.76,8,181,2,1,2,1,0,1,0
0.76,8,307,2,1,2,1,0,1,0
0.76,8,271,2,1,2,1,0,1,0
0.76,8,418,2,1,2,1,0,1,0
0.76,8,130,2,1,2,1,0,1,0
0.76,8,44,2,1,2,1,0,1,0
0.76,8,138,2,1,2,1,0,1,0
0.76,8,165,2,1,2,1,0,1,0
0.76,8,203,2,1,2,1,0,1,0
0.76,8,22,2,1,2,1,0,1,0
0.76,8,85,2,1,2,1,0,1,0
0.76,8,316,2,1,2,1,0,1,0
0.76,8,279,2,1,2,1,0,1,0
0.76,8,108,2,1,2,1,0,1,0
0.76,8,325,2,1,2,1,0,1,0
0.76,8,384,2,1,2,1,0,1,0
0.76,8,274,2,1,2,1,0,1,0
0.76,8,261,2,1,2,1,0,1,0
0.76,8,207,2,1,2,1,0,1,0
0.76,8,339,2,1,2,1,0,1,0
0.76,8,224,2,1,2,1,0,1,0
0.76,8,196,2,1,2,1,0,1,0
0.76,8,283,2,1,2,1,0,1,0
0.76,8,243,2,1,2,1,0,1,0
0.76,8,258,2,1,2,1,0,1,0
0.76,8,229,2,1,2,1,0,1,0
0.76,8,247,2,1,2,1,0,1,0
0.76,8,89,2,1,2,1,0,1,0
0.76,8,394,2,1,2,1,0,1,0
0.76,8,82,2,1,2,1,0,1,0
0.76,8,444,2,1,2,1,0,1,0
0.76,8,147,2,1,2,1,0,1,0
0.76,8,178,2,1,2,1,0,1,0
0.76,8,239,2,1,2,1,0,1,0
0.76,8,240,2,1,2,1,0,1,0
0.76,8,3,2,2,2,2,0,2,0
0.76,8,154,2,1,2,1,0,1,0
0.76,8,53,2,1,2,1,0,1,0
0.76,8,417,2,1,2,1,0,1,0
0.76,8,313,2,1,2,1,0,1,0
0.76,8,468,2,1,2,1,0,1,0
0.76,8,182,2,1,2,1,0,1,0
0.76,8,26,2,1,2,1,0,1,0
0.76,8,202,2,1,2,1,0,1,0
0.76,8,30,2,1,2,1,0,1,0
0.76,8,92,2,1,2,1,0,1,0
0.76,8,136,2,1,2,1,0,1,0
0.76,8,13,2,1,2,1,0,1,0
0.76,8,492,2,1,2,1,0,1,0
0.76,8,143,2,1,2,1,0,1,0
0.76,8,118,2,1,2,1,0,1,0
0.76,8,290,2,1,2,1,0,1,0
0.76,8,31,2,1,2,1,0,1,0
0.76,8,141,2,1,2,1,0,1,0
0.76,8,485,2,1,2,1,0,1,0
0.76,8,18,2,1,2,1,0,1,0
0.76,8,346,2,1,2,1,0,1,0
0.76,8,304,2,1,2,1,0,1,0
0.76,8,471,2,1,2,1,0,1,0
0.76,8,105,2,1,2,1,0,1,0
0.76,8,336,2,1,2,1,0,1,0
0.76,8,75,2,1,2,1,0,1,0
0.76,8,166,2,1,2,1,0,1,0
0.76,8,414,2,1,2,1,0,1,0
0.76,8,421,2,1,2,1,0,1,0
0.76,8,159,2,1,2,1,0,1,0
0.76,8,429,2,1,2,1,0,1,0
0.76,8,49,2,1,2,1,0,1,0
0.76,8,301,2,2,2,2,0,2,0
0.76,8,95,2,1,2,1,0,1,0
0.76,8,263,2,1,2,1,0,1,0
0.76,8,156,2,1,2,1,0,1,0
0.76,8,453,2,1,2,1,0,1,0
0.76,8,481,2,1,2,1,0,1,0
0.76,8,210,2,1,2,1,0,1,0
0.76,8,317,2,1,2,1,0,1,0
0.76,8,255,2,1,2,1,0,1,0
0.76,8,150,2,1,2,1,0,1,0
0.76,8,65,2,1,2,1,0,1,0
0.76,8,60,2,1,2,1,0,1,0
0.76,8,28,2,1,2,1,0,1,0
0.76,8,404,2,1,2,1,0,1,0
0.76,8,127,2,1,2,1,0,1,0
0.76,8,450,2,1,2,1,0,1,0
0.76,8,278,2,1,2,1,0,1,0
0.76,8,276,2,1,2,1,0,1,0
0.76,8,109,2,1,2,1,0,1,0
0.76,8,42,2,1,2,1,0,1,0
0.76,8,155,2,1,2,1,0,1,0
0.76,8,228,2,1,2,1,0,1,0
0.76,8,244,2,1,2,1,0,1,0
0.76,8,249,2,1,2,1,0,1,0
0.76,8,372,2,1,2,1,0,1,0
0.76,8,1,2,1,2,1,0,1,0
0.76,8,71,2,1,2,1,0,1,0
0.76,8,170,2,1,2,1,0,1,0
0.76,8,33,2,1,2,1,0,1,0
0.76,8,395,2,1,2,1,0,1,0
0.76,8,246,2,2,2,2,0,2,0
0.76,8,329,2,1,2,1,0,1,0
0.76,8,455,2,1,2,1,0,1,0
0.76,8,332,2,2,2,2,0,2,0
0.76,8,241,2,1,2,1,0,1,0
0.76,8,475,2,1,2,1,0,1,0
0.76,8,488,2,1,2,1,0,1,0
0.76,8,134,2,1,2,1,0,1,0
0.76,8,177,2,1,2,1,0,1,0
0.76,8,357,2,1,2,1,0,1,0
0.76,8,120,2,1,2,1,0,1,0
0.76,8,245,2,1,2,1,0,1,0
0.76,8,27,2,1,2,1,0,1,0
0.76,8,98,2,1,2,1,0,1,0
0.76,8,285,2,1,2,1,0,1,0
0.76,8,292,2,1,2,1,0,1,0
0.76,8,213,2,1,2,1,0,1,0
0.76,8,41,2,1,2,1,0,1,0
0.76,8,43,2,1,2,1,0,1,0
0.76,8,389,2,1,2,1,0,1,0
0.76,8,160,2,1,2,1,0,1,0
0.76,8,115,2,1,2,1,0,1,0
0.76,8,56,2,1,2,1,0,1,0
0.76,8,360,2,1,2,1,0,1,0
0.76,8,324,2,1,2,1,0,1,0
0.76,8,314,2,1,2,1,0,1,0
0.76,8,231,2,1,2,1,0,1,0
0.76,8,303,2,1,2,1,0,1,0
0.76,8,36,2,1,2,1,0,1,0
0.76,8,40,2,1,2,1,0,1,0
0.76,8,322,2,1,2,1,0,1,0
0.76,8,425,2,2,2,2,0,2,0
0.76,8,293,2,1,2,1,0,1,0
0.76,8,110,2,1,2,1,0,1,0
0.76,8,334,2,1,2,1,0,1,0
0.76,8,270,2,1,2,1,0,1,0
0.76,8,47,2,1,2,1,0,1,0
0.76,8,470,2,1,2,1,0,1,0
0.76,8,214,2,1,2,1,0,1,0
0.76,8,221,2,1,2,1,0,1,0
0.76,8,79,2,1,2,1,0,1,0
0.76,8,198,2,1,2,1,0,1,0
0.76,8,375,2,1,2,1,0,1,0
0.76,8,45,2,1,2,1,0,1,0
0.76,8,230,2,1,2,1,0,1,0
0.76,8,168,2,1,2,1,0,1,0
0.76,8,465,2,1,2,1,0,1,0
0.76,8,443,2,1,2,1,0,1,0
0.76,8,359,2,1,2,1,0,1,0
0.76,8,352,2,1,2,1,0,1,0
0.76,8,204,2,1,2,1,0,1,0
0.76,8,219,2,1,2,1,0,1,0
0.76,8,306,2,1,2,1,0,1,0
0.76,8,54,2,1,2,1,0,1,0
0.76,8,63,2,1,2,1,0,1,0
0.76,8,86,2,1,2,1,0,1,0
0.76,8,497,2,1,2,1,0,1,0
0.76,8,412,2,1,2,1,0,1,0
0.76,8,197,2,1,2,1,0,1,0
0.76,8,59,2,1,2,1,0,1,0
0.76,8,66,2,1,2,1,0,1,0
0.76,8,248,2,1,2,1,0,1,0
0.76,8,29,2,1,2,1,0,1,0
0.76,8,72,2,2,2,2,0,2,0
0.76,8,76,2,1,2,1,0,1,0
0.76,8,331,2,1,2,1,0,1,0
0.76,8,479,2,1,2,1,0,1,0
0.76,8,158,2,2,2,2,0,2,0
0.76,8,191,2,1,2,1,0,1,0
0.76,8,495,2,1,2,1,0,1,0
0.76,8,200,2,1,2,1,0,1,0
0.76,8,473,2,1,2,1,0,1,0
0.76,8,101,2,1,2,1,0,1,0
0.76,8,9,2,1,2,1,0,1,0
0.76,8,235,2,2,2,2,0,2,0
0.76,8,21,2,1,2,1,0,1,0
0.76,8,374,2,1,2,1,0,1,0
0.76,8,161,2,1,2,1,0,1,0
0.76,8,114,2,1,2,1,0,1,0
0.76,8,438,2,1,2,1,0,1,0
0.76,8,93,2,1,2,1,0,1,0
0.76,8,348,2,1,2,1,0,1,0
0.76,8,24,2,1,2,1,0,1,0
0.76,8,142,2,1,2,1,0,1,0
0.76,8,469,2,1,2,1,0,1,0
0.76,8,137,2,1,2,1,0,1,0
0.76,8,256,2,1,2,1,0,1,0
0.76,8,379,2,1,2,1,0,1,0
0.76,8,135,2,1,2,1,0,1,0
0.76,8,39,2,1,2,1,0,1,0
0.76,8,356,2,1,2,1,0,1,0
0.76,8,467,2,1,2,1,0,1,0
0.76,8,257,2,1,2,1,0,1,0
0.76,8,192,2,1,2,1,0,1,0
0.76,8,326,2,1,2,1,0,1,0
0.76,8,220,2,1,2,1,0,1,0
0.76,8,139,2,1,2,1,0,1,0
0.76,8,74,2,1,2,1,0,1,0
0.76,8,253,2,1,2,1,0,1,0
0.76,8,153,2,1,2,1,0,1,0
0.76,8,15,2,1,2,1,0,1,0
0.76,8,378,2,1,2,1,0,1,0
0.76,8,387,2,1,2,1,0,1,0
0.76,8,466,2,1,2,1,0,1,0
0.76,8,424,2,1,2,1,0,1,0
0.76,8,84,2,1,2,1,0,1,0
0.76,8,297,2,1,2,1,0,1,0
0.76,8,459,2,1,2,1,0,1,0
0.76,8,436,2,1,2,1,0,1,0
0.76,8,50,2,1,2,1,0,1,0
0.76,8,96,2,1,2,1,0,1,0
0.76,8,216,2,1,2,1,0,1,0
0.76,8,295,2,1,2,1,0,1,0
0.76,8,362,2,1,2,1,0,1,0
0.76,8,386,2,1,2,1,0,1,0
0.76,8,116,2,1,2,1,0,1,0
0.76,8,277,2,1,2,1,0,1,0
0.76,8,447,2,1,2,1,0,1,0
0.76,8,337,2,1,2,1,0,1,0
0.76,8,119,2,1,2,1,0,1,0
0.76,8,266,2,1,2,1,0,1,0
0.76,8,211,2,1,2,1,0,1,0
0.76,8,124,2,1,2,1,0,1,0
0.76,8,461,2,1,2,1,0,1,0
0.76,8,51,2,1,2,1,0,1,0
0.76,8,269,2,1,2,1,0,1,0
0.76,8,393,2,1,2,1,0,1,0
0.76,8,169,2,1,2,1,0,1,0
0.76,8,390,2,1,2,1,0,1,0
0.76,8,288,2,1,2,1,0,1,0
0.76,8,423,2,1,2,1,0,1,0
0.76,8,80,2,1,2,1,0,1,0
0.76,8,215,2,1,2,1,0,1,0
0.76,8,411,2,1,2,1,0,1,0
0.76,8,354,2,1,2,1,0,1,0
0.76,8,112,2,1,2,1,0,1,0
0.76,8,445,2,1,2,1,0,1,0
0.76,8,416,2,1,2,1,0,1,0
0.76,8,340,2,1,2,1,0,1,0
0.76,8,275,2,1,2,1,0,1,0
0.76,8,399,2,1,2,1,0,1,0
0.76,8,273,2,2,2,2,0,2,0
0.76,8,209,2,1,2,1,0,1,0
0.76,8,194,2,1,2,1,0,1,0
0.76,8,458,2,1,2,1,0,1,0
0.76,8,448,2,1,2,1,0,1,0
0.76,8,126,2,1,2,1,0,1,0
0.76,8,446,2,1,2,1,0,1,0
0.76,8,163,2,1,2,1,0,1,0
0.76,8,174,2,1,2,1,0,1,0
0.76,8,176,2,1,2,1,0,1,0
0.76,8,131,2,1,2,1,0,1,0
0.76,8,406,2,1,2,1,0,1,0
0.76,8,433,2,1,2,1,0,1,0
0.76,8,434,2,1,2,1,0,1,0
0.76,8,151,2,1,2,1,0,1,0
0.76,8,164,2,1,2,1,0,1,0
0.76,8,451,2,1,2,1,0,1,0
0.76,8,37,2,2,2,2,0,2,0
0.76,8,4,2,1,2,1,0,1,0
0.76,8,330,2,1,2,1,0,1,0
0.76,8,355,2,1,2,1,0,1,0
0.76,8,496,2,1,2,1,0,1,0
0.76,8,268,2,1,2,1,0,1,0
0.76,8,238,2,1,2,1,0,1,0
0.76,8,259,2,1,2,1,0,1,0
0.76,8,426,2,1,2,1,0,1,0
0.76,8,400,2,1,2,1,0,1,0
0.76,8,289,2,1,2,1,0,1,0
0.76,8,397,2,1,2,1,0,1,0
0.76,8,380,2,2,2,2,0,2,0
0.76,8,35,2,1,2,1,0,1,0
0.76,8,442,2,1,2,1,0,1,0
0.76,8,14,2,1,2,1,0,1,0
0.76,8,281,2,1,2,1,0,1,0
0.76,8,388,2,1,2,1,0,1,0
0.76,8,226,2,1,2,1,0,1,0
0.76,8,365,2,1,2,1,0,1,0
0.76,8,296,2,1,2,1,0,1,0
0.76,8,20,2,1,2,1,0,1,0
0.76,8,431,2,1,2,1,0,1,0
0.76,8,111,2,1,2,1,0,1,0
0.76,8,88,2,1,2,1,0,1,0
0.76,8,398,2,1,2,1,0,1,0
0.76,8,171,2,1,2,1,0,1,0
0.76,8,267,2,1,2,1,0,1,0
0.76,8,377,2,1,2,1,0,1,0
0.76,8,472,2,1,2,1,0,1,0
0.76,8,391,2,1,2,1,0,1,0
0.76,8,493,2,1,2,1,0,1,0
0.76,8,396,2,1,2,1,0,1,0
0.76,8,46,2,1,2,1,0,1,0
0.76,8,208,2,1,2,1,0,1,0
0.76,8,476,2,1,2,1,0,1,0
0.76,8,422,2,1,2,1,0,1,0
0.76,8,260,2,1,2,1,0,1,0
0.76,8,363,2,1,2,1,0,1,0
0.76,8,185,2,1,2,1,0,1,0
0.76,8,265,2,1,2,1,0,1,0
0.76,8,175,2,1,2,1,0,1,0
0.76,8,123,2,1,2,1,0,1,0
0.76,8,315,2,1,2,1,0,1,0
0.76,8,435,2,1,2,1,0,1,0
0.76,8,410,2,1,2,1,0,1,0
0.76,8,463,2,1,2,1,0,1,0
0.76,8,366,2,1,2,1,0,1,0
0.76,8,460,2,1,2,1,0,1,0
0.76,8,319,2,1,2,1,0,1,0
0.76,8,237,2,1,2,1,0,1,0
0.76,8,100,2,2,2,2,0,2,0
0.76,8,499,2,1,2,1,0,1,0
0.76,8,189,2,1,2,1,0,1,0
0.76,8,121,2,1,2,1,0,1,0
0.76,8,201,2,1,2,1,0,1,0
0.76,8,342,2,1,2,1,0,1,0
0.76,8,392,2,1,2,1,0,1,0
0.76,8,217,2,1,2,1,0,1,0
0.76,8,212,2,1,2,1,0,1,0
0.76,8,233,2,1,2,1,0,1,0
0.76,8,454,2,1,2,1,0,1,0
0.76,8,0,2,1,2,1,0,1,0
0.76,8,347,2,1,2,1,0,1,0
0.76,8,477,2,1,2,1,0,1,0
0.76,8,11,2,1,2,1,0,1,0
0.76,8,55,2,1,2,1,0,1,0
0.76,8,144,2,1,2,1,0,1,0
0.76,8,369,2,1,2,1,0,1,0
0.76,8,487,2,1,2,1,0,1,0
0.76,8,106,2,1,2,1,0,1,0
0.76,8,441,2,1,2,1,0,1,0
0.76,8,408,2,1,2,1,0,1,0
0.76,8,353,2,1,2,1,0,1,0
0.76,8,413,2,1,2,1,0,1,0
0.76,8,97,2,1,2,1,0,1,0
0.76,8,311,2,1,2,1,0,1,0
0.76,8,327,2,1,2,1,0,1,0
0.76,8,12,2,1,2,1,0,1,0
0.76,8,64,2,1,2,1,0,1,0
0.76,8,188,2,1,2,1,0,1,0
0.76,8,376,2,2,2,2,0,2,0
0.76,8,349,2,1,2,1,0,1,0
0.76,8,272,2,1,2,1,0,1,0
0.76,8,371,2,1,2,1,0,1,0
0.76,8,129,2,1,2,1,0,1,0
0.76,8,462,2,1,2,1,0,1,0
0.76,8,494,2,1,2,1,0,1,0
0.76,8,328,2,1,2,1,0,1,0
0.76,8,358,2,1,2,1,0,1,0
0.76,8,321,2,1,2,1,0,1,0
0.76,8,193,2,2,2,2,0,2,0
0.76,8,234,2,1,2,1,0,1,0
0.76,8,308,2,1,2,1,0,1,0
0.76,8,341,2,1,2,1,0,1,0
0.76,8,148,2,1,2,1,0,1,0
0.76,8,415,2,1,2,1,0,1,0
0.76,8,205,2,1,2,1,0,1,0
0.76,8,57,2,1,2,1,0,1,0
0.76,8,5,2,1,2,1,0,1,0
0.76,8,90,2,1,2,1,0,1,0
0.76,8,407,2,1,2,1,0,1,0
0.76,8,2,2,1,2,1,0,1,0
0.76,8,368,2,1,2,1,0,1,0
0.76,8,405,2,1,2,1,0,1,0
0.76,8,402,2,1,2,1,0,1,0
0.76,8,367,2,1,2,1,0,1,0
0.76,8,103,2,1,2,1,0,1,0
0.76,8,52,2,1,2,1,0,1,0
0.76,8,146,2,1,2,1,0,1,0
0.76,8,195,2,1,2,1,0,1,0
0.76,8,184,2,1,2,1,0,1,0
0.76,8,489,2,1,2,1,0,1,0
0.76,8,252,2,1,2,1,0,1,0
0.76,8,87,2,1,2,1,0,1,0
0.76,8,180,2,1,2,1,0,1,0
0.76,8,300,2,1,2,1,0,1,0
0.76,8,117,2,1,2,1,0,1,0
0.76,8,25,2,1,2,1,0,1,0
0.76,8,343,2,1,2,1,0,1,0
0.76,8,7,2,1,2,1,0,1,0
0.76,8,430,2,1,2,1,0,1,0
0.76,8,48,2,1,2,1,0,1,0
0.76,8,427,2,1,2,1,0,1,0
0.76,8,104,2,1,2,1,0,1,0
0.76,8,310,2,1,2,1,0,1,0
0.76,8,242,2,1,2,1,0,1,0
0.76,8,298,2,1,2,1,0,1,0
0.76,8,345,2,1,2,1,0,1,0
0.76,8,16,2,1,2,1,0,1,0
0.76,8,318,2,1,2,1,0,1,0
0.76,8,437,2,1,2,1,0,1,0
0.76,8,282,2,1,2,1,0,1,0
0.76,8,107,2,1,2,1,0,1,0
0.76,8,309,2,1,2,1,0,1,0
0.76,8,236,2,1,2,1,0,1,0
0.76,8,299,2,1,2,1,0,1,0
0.76,8,491,2,1,2,1,0,1,0
0.76,8,474,2,1,2,1,0,1,0
0.76,8,264,2,1,2,1,0,1,0
0.76,8,132,2,1,2,1,0,1,0
0.76,8,498,2,1,2,1,0,1,0
0.76,8,8,2,1,2,1,0,1,0
0.76,8,222,2,1,2,1,0,1,0
0.76,8,83,2,1,2,1,0,1,0
0.76,16,223,2,1,2,1,0,1,0
0.76,16,122,2,1,2,1,0,1,0
0.76,16,373,2,1,2,1,0,1,0
0.76,16,10,2,1,2,1,0,1,0
0.76,16,227,2,1,2,1,0,1,0
0.76,16,6,2,1,2,1,0,1,0
0.76,16,190,2,1,2,1,0,1,0
0.76,16,294,2,1,2,1,0,1,0
0.76,16,206,2,1,2,1,0,1,0
0.76,16,344,2,1,2,1,0,1,0
0.76,16,81,2,1,2,1,0,1,0
0.76,16,34,2,1,2,1,0,1,0
0.76,16,478,2,1,2,1,0,1,0
0.76,16,225,2,1,2,1,0,1,0
0.76,16,452,2,1,2,1,0,1,0
0.76,16,67,2,1,2,1,0,1,0
0.76,16,286,2,1,2,1,0,1,0
0.76,16,251,2,1,2,1,0,1,0
0.76,16,335,2,1,2,1,0,1,0
0.76,16,439,2,1,2,1,0,1,0
0.76,16,409,2,1,2,1,0,1,0
0.76,16,125,2,1,2,1,0,1,0
0.76,16,70,2,1,2,1,0,1,0
0.76,16,145,2,1,2,1,0,1,0
0.76,16,73,2,1,2,1,0,1,0
0.76,16,284,2,1,2,1,0,1,0
0.76,16,186,2,1,2,1,0,1,0
0.76,16,58,2,1,2,1,0,1,0
0.76,16,381,2,1,2,1,0,1,0
0.76,16,305,2,1,2,1,0,1,0
0.76,16,149,2,1,2,1,0,1,0
0.76,16,140,2,1,2,1,0,1,0
0.76,16,364,2,1,2,1,0,1,0
0.76,16,361,2,1,2,1,0,1,0
0.76,16,23,2,1,2,1,0,1,0
0.76,16,254,2,1,2,1,0,1,0
0.76,16,173,2,1,2,1,0,1,0
0.76,16,456,2,1,2,1,0,1,0
0.76,16,403,2,1,2,1,0,1,0
0.76,16,382,2,1,2,1,0,1,0
0.76,16,320,2,1,2,1,0,1,0
0.76,16,167,2,1,2,1,0,1,0
0.76,16,419,2,1,2,1,0,1,0
0.76,16,262,2,1,2,1,0,1,0
0.76,16,91,2,2,2,2,0,2,0
0.76,16,19,2,1,2,1,0,1,0
0.76,16,78,2,1,2,1,0,1,0
0.76,16,440,2,1,2,1,0,1,0
0.76,16,350,2,1,2,1,0,1,0
0.76,16,113,2,1,2,1,0,1,0
0.76,16,291,2,1,2,1,0,1,0
0.76,16,370,2,1,2,1,0,1,0
0.76,16,152,2,1,2,1,0,1,0
0.76,16,99,2,1,2,1,0,1,0
0.76,16,32,2,1,2,1,0,1,0
0.76,16,77,2,1,2,1,0,1,0
0.76,16,183,2,1,2,1,0,1,0
0.76,16,383,2,1,2,1,0,1,0
0.76,16,179,2,1,2,1,0,1,0
0.76,16,68,2,1,2,1,0,1,0
0.76,16,385,2,1,2,1,0,1,0
0.76,16,464,2,1,2,1,0,1,0
0.76,16,482,2,1,2,1,0,1,0
0.76,16,351,2,1,2,1,0,1,0
0.76,16,287,2,1,2,1,0,1,0
0.76,16,302,2,1,2,1,0,1,0
0.76,16,457,2,1,2,1,0,1,0
0.76,16,94,2,1,2,1,0,1,0
0.76,16,102,2,1,2,1,0,1,0
0.76,16,490,2,1,2,1,0,1,0
0.76,16,449,2,1,2,1,0,1,0
0.76,16,172,2,1,2,1,0,1,0
0.76,16,323,2,1,2,1,0,1,0
0.76,16,484,2,1,2,1,0,1,0
0.76,16,312,2,1,2,1,0,1,0
0.76,16,69,2,1,2,1,0,1,0
0.76,16,157,2,1,2,1,0,1,0
0.76,16,280,2,1,2,1,0,1,0
0.76,16,187,2,1,2,1,0,1,0
0.76,16,232,2,1,2,1,0,1,0
0.76,16,133,2,2,2,2,0,2,0
0.76,16,128,2,1,2,1,0,1,0
0.76,16,250,2,1,2,1,0,1,0
0.76,16,483,2,1,2,1,0,1,0
0.76,16,218,2,1,2,1,0,1,0
0.76,16,338,2,1,2,1,0,1,0
0.76,16,486,2,1,2,1,0,1,0
0.76,16,420,2,1,2,1,0,1,0
0.76,16,333,2,1,2,1,0,1,0
0.76,16,401,2,1,2,1,0,1,0
0.76,16,61,2,1,2,1,0,1,0
0.76,16,432,2,1,2,1,0,1,0
0.76,16,428,2,1,2,1,0,1,0
0.76,16,38,2,1,2,1,0,1,0
0.76,16,480,2,1,2,1,0,1,0
0.76,16,199,2,1,2,1,0,1,0
0.76,16,17,2,1,2,1,0,1,0
0.76,16,162,2,1,2,1,0,1,0
0.76,16,62,2,1,2,1,0,1,0
0.76,16,181,2,1,2,1,0,1,0
0.76,16,307,2,1,2,1,0,1,0
0.76,16,271,2,1,2,1,0,1,0
0.76,16,418,2,1,2,1,0,1,0
0.76,16,130,2,1,2,1,0,1,0
0.76,16,44,2,1,2,1,0,1,0
0.76,16,138,2,1,2,1,0,1,0
0.76,16,165,2,1,2,1,0,1,0
0.76,16,203,2,1,2,1,0,1,0
0.76,16,22,2,1,2,1,0,1,0
0.76,16,85,2,1,2,1,0,1,0
0.76,16,316,2,1,2,1,0,1,0
0.76,16,279,2,1,2,1,0,1,0
0.76,16,108,2,1,2,1,0,1,0
0.76,16,325,2,1,2,1,0,1,0
0.76,16,384,2,1,2,1,0,1,0
0.76,16,274,2,1,2,1,0,1,0
0.76,16,261,2,1,2,1,0,1,0
0.76,16,207,2,1,2,1,0,1,0
0.76,16,339,2,1,2,1,0,1,0
0.76,16,224,2,1,2,1,0,1,0
0.76,16,196,2,1,2,1,0,1,0
0.76,16,283,2,1,2,1,0,1,0
0.76,16,243,2,1,2,1,0,1,0
0.76,16,258,2,1,2,1,0,1,0
0.76,16,229,2,1,2,1,0,1,0
0.76,16,247,2,1,2,1,0,1,0
0.76,16,89,2,1,2,1,0,1,0
0.76,16,394,2,1,2,1,0,1,0
0.76,16,82,2,1,2,1,0,1,0
0.76,16,444,2,1,2,1,0,1,0
0.76,16,147,2,1,2,1,0,1,0
0.76,16,178,2,1,2,1,0,1,0
0.76,16,239,2,1,2,1,0,1,0
0.76,16,240,2,1,2,1,0,1,0
0.76,16,3,2,2,2,2,0,2,0
0.76,16,154,2,1,2,1,0,1,0
0.76,16,53,2,1,2,1,0,1,0
0.76,16,417,2,1,2,1,0,1,0
0.76,16,313,2,1,2,1,0,1,0
0.76,16,468,2,1,2,1,0,1,0
0.76,16,182,2,1,2,1,0,1,0
0.76,16,26,2,1,2,1,0,1,0
0.76,16,202,2,1,2,1,0,1,0
0.76,16,30,2,1,2,1,0,1,0
0.76,16,92,2,1,2,1,0,1,0
0.76,16,136,2,1,2,1,0,1,0
0.76,16,13,2,1,2,1,0,1,0
0.76,16,492,2,1,2,1,0,1,0
0.76,16,143,2,1,2,1,0,1,0
0.76,16,118,2,1,2,1,0,1,0
0.76,16,290,2,1,2,1,0,1,0
0.76,16,31,2,1,2,1,0,1,0
0.76,16,141,2,1,2,1,0,1,0
0.76,16,485,2,1,2,1,0,1,0
0.76,16,18,2,1,2,1,0,1,0
0.76,16,346,2,1,2,1,0,1,0
0.76,16,304,2,1,2,1,0,1,0
0.76,16,471,2,1,2,1,0,1,0
0.76,16,105,2,1,2,1,0,1,0
0.76,16,336,2,1,2,1,0,1,0
0.76,16,75,2,1,2,1,0,1,0
0.76,16,166,2,1,2,1,0,1,0
0.76,16,414,2,1,2,1,0,1,0
0.76,16,421,2,1,2,1,0,1,0
0.76,16,159,2,1,2,1,0,1,0
0.76,16,429,2,1,2,1,0,1,0
0.76,16,49,2,1,2,1,0,1,0
0.76,16,301,2,2,2,2,0,2,0
0.76,16,95,2,1,2,1,0,1,0
0.76,16,263,2,1,2,1,0,1,0
0.76,16,156,2,1,2,1,0,1,0
0.76,16,453,2,1,2,1,0,1,0
0.76,16,481,2,1,2,1,0,1,0
0.76,16,210,2,1,2,1,0,1,0
0.76,16,317,2,1,2,1,0,1,0
0.76,16,255,2,1,2,1,0,1,0
0.76,16,150,2,1,2,1,0,1,0
0.76,16,65,2,1,2,1,0,1,0
0.76,16,60,2,1,2,1,0,1,0
0.76,16,28,2,1,2,1,0,1,0
0.76,16,404,2,1,2,1,0,1,0
0.76,16,127,2,1,2,1,0,1,0
0.76,16,450,2,1,2,1,0,1,0
0.76,16,278,2,1,2,1,0,1,0
0.76,16,276,2,1,2,1,0,1,0
0.76,16,109,2,1,2,1,0,1,0
0.76,16,42,2,1,2,1,0,1,0
0.76,16,155,2,1,2,1,0,1,0
0.76,16,228,2,1,2,1,0,1,0
0.76,16,244,2,1,2,1,0,1,0
0.76,16,249,2,1,2,1,0,1,0
0.76,16,372,2,1,2,1,0,1,0
0.76,16,1,2,1,2,1,0,1,0
0.76,16,71,2,1,2,1,0,1,0
0.76,16,170,2,1,2,1,0,1,0
0.76,16,33,2,1,2,1,0,1,0
0.76,16,395,2,1,2,1,0,1,0
0.76,16,246,2,2,2,2,0,2,0
0.76,16,329,2,1,2,1,0,1,0
0.76,16,455,2,1,2,1,0,1,0
0.76,16,332,2,2,2,2,0,2,0
0.76,16,241,2,1,2,1,0,1,0
0.76,16,475,2,1,2,1,0,1,0
0.76,16,488,2,1,2,1,0,1,0
0.76,16,134,2,1,2,1,0,1,0
0.76,16,177,2,1,2,1,0,1,0
0.76,16,357,2,1,2,1,0,1,0
0.76,16,120,2,1,2,1,0,1,0
0.76,16,245,2,1,2,1,0,1,0
0.76,16,27,2,1,2,1,0,1,0
0.76,16,98,2,1,2,1,0,1,0
0.76,16,285,2,1,2,1,0,1,0
0.76,16,292,2,1,2,1,0,1,0
0.76,16,213,2,1,2,1,0,1,0
0.76,16,41,2,1,2,1,0,1,0
0.76,16,43,2,1,2,1,0,1,0
0.76,16,389,2,1,2,1,0,1,0
0.76,16,160,2,1,2,1,0,1,0
0.76,16,115,2,1,2,1,0,1,0
0.76,16,56,2,1,2,1,0,1,0
0.76,16,360,2,1,2,1,0,1,0
0.76,16,324,2,1,2,1,0,1,0
0.76,16,314,2,1,2,1,0,1,0
0.76,16,231,2,1,2,1,0,1,0
0.76,16,303,2,1,2,1,0,1,0
0.76,16,36,2,1,2,1,0,1,0
0.76,16,40,2,1,2,1,0,1,0
0.76,16,322,2,1,2,1,0,1,0
0.76,16,425,2,2,2,2,0,2,0
0.76,16,293,2,1,2,1,0,1,0
0.76,16,110,2,1,2,1,0,1,0
0.76,16,334,2,1,2,1,0,1,0
0.76,16,270,2,1,2,1,0,1,0
0.76,16,47,2,1,2,1,0,1,0
0.76,16,470,2,1,2,1,0,1,0
0.76,16,214,2,1,2,1,0,1,0
0.76,16,221,2,1,2,1,0,1,0
0.76,16,79,2,1,2,1,0,1,0
0.76,16,198,2,1,2,1,0,1,0
0.76,16,375,2,1,2,1,0,1,0
0.76,16,45,2,1,2,1,0,1,0
0.76,16,230,2,1,2,1,0,1,0
0.76,16,168,2,1,2,1,0,1,0
0.76,16,465,2,1,2,1,0,1,0
0.76,16,443,2,1,2,1,0,1,0
0.76,16,359,2,1,2,1,0,1,0
0.76,16,352,2,1,2,1,0,1,0
0.76,16,204,2,1,2,1,0,1,0
0.76,16,219,2,1,2,1,0,1,0
0.76,16,306,2,1,2,1,0,1,0
0.76,16,54,2,1,2,1,0,1,0
0.76,16,63,2,1,2,1,0,1,0
0.76,16,86,2,1,2,1,0,1,0
0.76,16,497,2,1,2,1,0,1,0
0.76,16,412,2,1,2,1,0,1,0
0.76,16,197,2,1,2,1,0,1,0
0.76,16,59,2,1,2,1,0,1,0
0.76,16,66,2,1,2,1,0,1,0
0.76,16,248,2,1,2,1,0,1,0
0.76,16,29,2,1,2,1,0,1,0
0.76,16,72,2,2,2,2,0,2,0
0.76,16,76,2,1,2,1,0,1,0
0.76,16,331,2,1,2,1,0,1,0
0.76,16,479,2,1,2,1,0,1,0
0.76,16,158,2,2,2,2,0,2,0
0.76,16,191,2,1,2,1,0,1,0
0.76,16,495,2,1,2,1,0,1,0
0.76,16,200,2,1,2,1,0,1,0
0.76,16,473,2,1,2,1,0,1,0
0.76,16,101,2,1,2,1,0,1,0
0.76,16,9,2,1,2,1,0,1,0
0.76,16,235,2,2,2,2,0,2,0
0.76,16,21,2,1,2,1,0,1,0
0.76,16,374,2,1,2,1,0,1,0
0.76,16,161,2,1,2,1,0,1,0
0.76,16,114,2,1,2,1,0,1,0
0.76,16,438,2,1,2,1,0,1,0
0.76,16,93,2,1,2,1,0,1,0
0.76,16,348,2,1,2,1,0,1,0
0.76,16,24,2,1,2,1,0,1,0
0.76,16,142,2,1,2,1,0,1,0
0.76,16,469,2,1,2,1,0,1,0
0.76,16,137,2,1,2,1,0,1,0
0.76,16,256,2,1,2,1,0,1,0
0.76,16,379,2,1,2,1,0,1,0
0.76,16,135,2,1,2,1,0,1,0
0.76,16,39,2,1,2,1,0,1,0
0.76,16,356,2,1,2,1,0,1,0
0.76,16,467,2,1,2,1,0,1,0
0.76,16,257,2,1,2,1,0,1,0
0.76,16,192,2,1,2,1,0,1,0
0.76,16,326,2,1,2,1,0,1,0
0.76,16,220,2,1,2,1,0,1,0
0.76,16,139,2,1,2,1,0,1,0
0.76,16,74,2,1,2,1,0,1,0
0.76,16,253,2,1,2,1,0,1,0
0.76,16,153,2,1,2,1,0,1,0
0.76,16,15,2,1,2,1,0,1,0
0.76,16,378,2,1,2,1,0,1,0
0.76,16,387,2,1,2,1,0,1,0
0.76,16,466,2,1,2,1,0,1,0
0.76,16,424,2,1,2,1,0,1,0
0.76,16,84,2,1,2,1,0,1,0
0.76,16,297,2,1,2,1,0,1,0
0.76,16,459,2,1,2,1,0,1,0
0.76,16,436,2,1,2,1,0,1,0
0.76,16,50,2,1,2,1,0,1,0
0.76,16,96,2,1,2,1,0,1,0
0.76,16,216,2,1,2,1,0,1,0
0.76,16,295,2,1,2,1,0,1,0
0.76,16,362,2,1,2,1,0,1,0
0.76,16,386,2,1,2,1,0,1,0
0.76,16,116,2,1,2,1,0,1,0
0.76,16,277,2,1,2,1,0,1,0
0.76,16,447,2,1,2,1,0,1,0
0.76,16,337,2,1,2,1,0,1,0
0.76,16,119,2,1,2,1,0,1,0
0.76,16,266,2,1,2,1,0,1,0
0.76,16,211,2,1,2,1,0,1,0
0.76,16,124,2,1,2,1,0,1,0
0.76,16,461,2,1,2,1,0,1,0
0.76,16,51,2,1,2,1,0,1,0
0.76,16,269,2,1,2,1,0,1,0
0.76,16,393,2,1,2,1,0,1,0
0.76,16,169,2,1,2,1,0,1,0
0.76,16,390,2,1,2,1,0,1,0
0.76,16,288,2,1,2,1,0,1,0
0.76,16,423,2,1,2,1,0,1,0
0.76,16,80,2,1,2,1,0,1,0
0.76,16,215,2,1,2,1,0,1,0
0.76,16,411,2,1,2,1,0,1,0
0.76,16,354,2,1,2,1,0,1,0
0.76,16,112,2,1,2,1,0,1,0
0.76,16,445,2,1,2,1,0,1,0
0.76,16,416,2,1,2,1,0,1,0
0.76,16,340,2,1,2,1,0,1,0
0.76,16,275,2,1,2,1,0,1,0
0.76,16,399,2,1,2,1,0,1,0
0.76,16,273,2,2,2,2,0,2,0
0.76,16,209,2,1,2,1,0,1,0
0.76,16,194,2,1,2,1,0,1,0
0.76,16,458,2,1,2,1,0,1,0
0.76,16,448,2,1,2,1,0,1,0
0.76,16,126,2,1,2,1,0,1,0
0.76,16,446,2,1,2,1,0,1,0
0.76,16,163,2,1,2,1,0,1,0
0.76,16,174,2,1,2,1,0,1,0
0.76,16,176,2,1,2,1,0,1,0
0.76,16,131,2,1,2,1,0,1,0
0.76,16,406,2,1,2,1,0,1,0
0.76,16,433,2,1,2,1,0,1,0
0.76,16,434,2,1,2,1,0,1,0
0.76,16,151,2,1,2,1,0,1,0
0.76,16,164,2,1,2,1,0,1,0
0.76,16,451,2,1,2,1,0,1,0
0.76,16,37,2,2,2,2,0,2,0
0.76,16,4,2,1,2,1,0,1,0
0.76,16,330,2,1,2,1,0,1,0
0.76,16,355,2,1,2,1,0,1,0
0.76,16,496,2,1,2,1,0,1,0
0.76,16,268,2,1,2,1,0,1,0
0.76,16,238,2,1,2,1,0,1,0
0.76,16,259,2,1,2,1,0,1,0
0.76,16,426,2,1,2,1,0,1,0
0.76,16,400,2,1,2,1,0,1,0
0.76,16,289,2,1,2,1,0,1,0
0.76,16,397,2,1,2,1,0,1,0
0.76,16,380,2,2,2,2,0,2,0
0.76,16,35,2,1,2,1,0,1,0
0.76,16,442,2,1,2,1,0,1,0
0.76,16,14,2,1,2,1,0,1,0
0.76,16,281,2,1,2,1,0,1,0
0.76,16,388,2,1,2,1,0,1,0
0.76,16,226,2,1,2,1,0,1,0
0.76,16,365,2,1,2,1,0,1,0
0.76,16,296,2,1,2,1,0,1,0
0.76,16,20,2,1,2,1,0,1,0
0.76,16,431,2,1,2,1,0,1,0
0.76,16,111,2,1,2,1,0,1,0
0.76,16,88,2,1,2,1,0,1,0
0.76,16,398,2,1,2,1,0,1,0
0.76,16,171,2,1,2,1,0,1,0
0.76,16,267,2,1,2,1,0,1,0
0.76,16,377,2,1,2,1,0,1,0
0.76,16,472,2,1,2,1,0,1,0
0.76,16,391,2,1,2,1,0,1,0
0.76,16,493,2,1,2,1,0,1,0
0.76,16,396,2,1,2,1,0,1,0
0.76,16,46,2,1,2,1,0,1,0
0.76,16,208,2,1,2,1,0,1,0
0.76,16,476,2,1,2,1,0,1,0
0.76,16,422,2,1,2,1,0,1,0
0.76,16,260,2,1,2,1,0,1,0
0.76,16,363,2,1,2,1,0,1,0
0.76,16,185,2,1,2,1,0,1,0
0.76,16,265,2,1,2,1,0,1,0
0.76,16,175,2,1,2,1,0,1,0
0.76,16,123,2,1,2,1,0,1,0
0.76,16,315,2,1,2,1,0,1,0
0.76,16,435,2,1,2,1,0,1,0
0.76,16,410,2,1,2,1,0,1,0
0.76,16,463,2,1,2,1,0,1,0
0.76,16,366,2,1,2,1,0,1,0
0.76,16,460,2,1,2,1,0,1,0
0.76,16,319,2,1,2,1,0,1,0
0.76,16,237,2,1,2,1,0,1,0
0.76,16,100,2,2,2,2,0,2,0
0.76,16,499,2,1,2,1,0,1,0
0.76,16,189,2,1,2,1,0,1,0
0.76,16,121,2,1,2,1,0,1,0
0.76,16,201,2,1,2,1,0,1,0
0.76,16,342,2,1,2,1,0,1,0
0.76,16,392,2,1,2,1,0,1,0
0.76,16,217,2,1,2,1,0,1,0
0.76,16,212,2,1,2,1,0,1,0
0.76,16,233,2,1,2,1,0,1,0
0.76,16,454,2,1,2,1,0,1,0
0.76,16,0,2,1,2,1,0,1,0
0.76,16,347,2,1,2,1,0,1,0
0.76,16,477,2,1,2,1,0,1,0
0.76,16,11,2,1,2,1,0,1,0
0.76,16,55,2,1,2,1,0,1,0
0.76,16,144,2,1,2,1,0,1,0
0.76,16,369,2,1,2,1,0,1,0
0.76,16,487,2,1,2,1,0,1,0
0.76,16,106,2,1,2,1,0,1,0
0.76,16,441,2,1,2,1,0,1,0
0.76,16,408,2,1,2,1,0,1,0
0.76,16,353,2,1,2,1,0,1,0
0.76,16,413,2,1,2,1,0,1,0
0.76,16,97,2,1,2,1,0,1,0
0.76,16,311,2,1,2,1,0,1,0
0.76,16,327,2,1,2,1,0,1,0
0.76,16,12,2,1,2,1,0,1,0
0.76,16,64,2,1,2,1,0,1,0
0.76,16,188,2,1,2,1,0,1,0
0.76,16,376,2,2,2,2,0,2,0
0.76,16,349,2,1,2,1,0,1,0
0.76,16,272,2,1,2,1,0,1,0
0.76,16,371,2,1,2,1,0,1,0
0.76,16,129,2,1,2,1,0,1,0
0.76,16,462,2,1,2,1,0,1,0
0.76,16,494,2,1,2,1,0,1,0
0.76,16,328,2,1,2,1,0,1,0
0.76,16,358,2,1,2,1,0,1,0
0.76,16,321,2,1,2,1,0,1,0
0.76,16,193,2,2,2,2,0,2,0
0.76,16,234,2,1,2,1,0,1,0
0.76,16,308,2,1,2,1,0,1,0
0.76,16,341,2,1,2,1,0,1,0
0.76,16,148,2,1,2,1,0,1,0
0.76,16,415,2,1,2,1,0,1,0
0.76,16,205,2,1,2,1,0,1,0
0.76,16,57,2,1,2,1,0,1,0
0.76,16,5,2,1,2,1,0,1,0
0.76,16,90,2,1,2,1,0,1,0
0.76,16,407,2,1,2,1,0,1,0
0.76,16,2,2,1,2,1,0,1,0
0.76,16,368,2,1,2,1,0,1,0
0.76,16,405,2,1,2,1,0,1,0
0.76,16,402,2,1,2,1,0,1,0
0.76,16,367,2,1,2,1,0,1,0
0.76,16,103,2,1,2,1,0,1,0
0.76,16,52,2,1,2,1,0,1,0
0.76,16,146,2,1,2,1,0,1,0
0.76,16,195,2,1,2,1,0,1,0
0.76,16,184,2,1,2,1,0,1,0
0.76,16,489,2,1,2,1,0,1,0
0.76,16,252,2,1,2,1,0,1,0
0.76,16,87,2,1,2,1,0,1,0
0.76,16,180,2,1,2,1,0,1,0
0.76,16,300,2,1,2,1,0,1,0
0.76,16,117,2,1,2,1,0,1,0
0.76,16,25,2,1,2,1,0,1,0
0.76,16,343,2,1,2,1,0,1,0
0.76,16,7,2,1,2,1,0,1,0
0.76,16,430,2,1,2,1,0,1,0
0.76,16,48,2,1,2,1,0,1,0
0.76,16,427,2,1,2,1,0,1,0
0.76,16,104,2,1,2,1,0,1,0
0.76,16,310,2,1,2,1,0,1,0
0.76,16,242,2,1,2,1,0,1,0
0.76,16,298,2,1,2,1,0,1,0
0.76,16,345,2,1,2,1,0,1,0
0.76,16,16,2,1,2,1,0,1,0
0.76,16,318,2,1,2,1,0,1,0
0.76,16,437,2,1,2,1,0,1,0
0.76,16,282,2,1,2,1,0,1,0
0.76,16,107,2,1,2,1,0,1,0
0.76,16,309,2,1,2,1,0,1,0
0.76,16,236,2,1,2,1,0,1,0
0.76,16,299,2,1,2,1,0,1,0
0.76,16,491,2,1,2,1,0,1,0
0.76,16,474,2,1,2,1,0,1,0
0.76,16,264,2,1,2,1,0,1,0
0.76,16,132,2,1,2,1,0,1,0
0.76,16,498,2,1,2,1,0,1,0
0.76,16,8,2,1,2,1,0,1,0
0.76,16,222,2,1,2,1,0,1,0
0.76,16,83,2,1,2,1,0,1,0
0.76,32,223,2,1,2,1,0,1,0
0.76,32,122,2,1,2,1,0,1,0
0.76,32,373,2,1,2,1,0,1,0
0.76,32,10,2,1,2,1,0,1,0
0.76,32,227,2,1,2,1,0,1,0
0.76,32,6,2,1,2,1,0,1,0
0.76,32,190,2,1,2,1,0,1,0
0.76,32,294,2,1,2,1,0,1,0
0.76,32,206,2,1,2,1,0,1,0
0.76,32,344,2,1,2,1,0,1,0
0.76,32,81,2,1,2,1,0,1,0
0.76,32,34,2,1,2,1,0,1,0
0.76,32,478,2,1,2,1,0,1,0
0.76,32,225,2,1,2,1,0,1,0
0.76,32,452,2,1,2,1,0,1,0
0.76,32,67,2,1,2,1,0,1,0
0.76,32,286,2,1,2,1,0,1,0
0.76,32,251,2,1,2,1,0,1,0
0.76,32,335,2,1,2,1,0,1,0
0.76,32,439,2,1,2,1,0,1,0
0.76,32,409,2,1,2,1,0,1,0
0.76,32,125,2,1,2,1,0,1,0
0.76,32,70,2,1,2,1,0,1,0
0.76,32,145,2,1,2,1,0,1,0
0.76,32,73,2,1,2,1,0,1,0
0.76,32,284,2,1,2,1,0,1,0
0.76,32,186,2,1,2,1,0,1,0
0.76,32,58,2,1,2,1,0,1,0
0.76,32,381,2,1,2,1,0,1,0
0.76,32,305,2,1,2,1,0,1,0
0.76,32,149,2,1,2,1,0,1,0
0.76,32,140,2,1,2,1,0,1,0
0.76,32,364,2,1,2,1,0,1,0
0.76,32,361,2,1,2,1,0,1,0
0.76,32,23,2,1,2,1,0,1,0
0.76,32,254,2,1,2,1,0,1,0
0.76,32,173,2,1,2,1,0,1,0
0.76,32,456,2,1,2,1,0,1,0
0.76,32,403,2,1,2,1,0,1,0
0.76,32,382,2,1,2,1,0,1,0
0.76,32,320,2,1,2,1,0,1,0
0.76,32,167,2,1,2,1,0,1,0
0.76,32,419,2,1,2,1,0,1,0
0.76,32,262,2,1,2,1,0,1,0
0.76,32,91,2,2,2,2,0,2,0
0.76,32,19,2,1,2,1,0,1,0
0.76,32,78,2,1,2,1,0,1,0
0.76,32,440,2,1,2,1,0,1,0
0.76,32,350,2,1,2,1,0,1,0
0.76,32,113,2,1,2,1,0,1,0
0.76,32,291,2,1,2,1,0,1,0
0.76,32,370,2,1,2,1,0,1,0
0.76,32,152,2,1,2,1,0,1,0
0.76,32,99,2,1,2,1,0,1,0
0.76,32,32,2,1,2,1,0,1,0
0.76,32,77,2,1,2,1,0,1,0
0.76,32,183,2,1,2,1,0,1,0
0.76,32,383,2,1,2,1,0,1,0
0.76,32,179,2,1,2,1,0,1,0
0.76,32,68,2,1,2,1,0,1,0
0.76,32,385,2,1,2,1,0,1,0
0.76,32,464,2,1,2,1,0,1,0
0.76,32,482,2,1,2,1,0,1,0
0.76,32,351,2,1,2,1,0,1,0
0.76,32,287,2,1,2,1,0,1,0
0.76,32,302,2,1,2,1,0,1,0
0.76,32,457,2,1,2,1,0,1,0
0.76,32,94,2,1,2,1,0,1,0
0.76,32,102,2,1,2,1,0,1,0
0.76,32,490,2,1,2,1,0,1,0
0.76,32,449,2,1,2,1,0,1,0
0.76,32,172,2,1,2,1,0,1,0
0.76,32,323,2,1,2,1,0,1,0
0.76,32,484,2,1,2,1,0,1,0
0.76,32,312,2,1,2,1,0,1,0
0.76,32,69,2,1,2,1,0,1,0
0.76,32,157,2,1,2,1,0,1,0
0.76,32,280,2,1,2,1,0,1,0
0.76,32,187,2,1,2,1,0,1,0
0.76,32,232,2,1,2,1,0,1,0
0.76,32,133,2,2,2,2,0,2,0
0.76,32,128,2,1,2,1,0,1,0
0.76,32,250,2,1,2,1,0,1,0
0.76,32,483,2,1,2,1,0,1,0
0.76,32,218,2,1,2,1,0,1,0
0.76,32,338,2,1,2,1,0,1,0
0.76,32,486,2,1,2,1,0,1,0
0.76,32,420,2,1,2,1,0,1,0
0.76,32,333,2,1,2,1,0,1,0
0.76,32,401,2,1,2,1,0,1,0
0.76,32,61,2,1,2,1,0,1,0
0.76,32,432,2,1,2,1,0,1,0
0.76,32,428,2,1,2,1,0,1,0
0.76,32,38,2,1,2,1,0,1,0
0.76,32,480,2,1,2,1,0,1,0
0.76,32,199,2,1,2,1,0,1,0
0.76,32,17,2,1,2,1,0,1,0
0.76,32,162,2,1,2,1,0,1,0
0.76,32,62,2,1,2,1,0,1,0
0.76,32,181,2,1,2,1,0,1,0
0.76,32,307,2,1,2,1,0,1,0
0.76,32,271,2,1,2,1,0,1,0
0.76,32,418,2,1,2,1,0,1,0
0.76,32,130,2,1,2,1,0,1,0
0.76,32,44,2,1,2,1,0,1,0
0.76,32,138,2,1,2,1,0,1,0
0.76,32,165,2,1,2,1,0,1,0
0.76,32,203,2,1,2,1,0,1,0
0.76,32,22,2,1,2,1,0,1,0
0.76,32,85,2,1,2,1,0,1,0
0.76,32,316,2,1,2,1,0,1,0
0.76,32,279,2,1,2,1,0,1,0
0.76,32,108,2,1,2,1,0,1,0
0.76,32,325,2,1,2,1,0,1,0
0.76,32,384,2,1,2,1,0,1,0
0.76,32,274,2,1,2,1,0,1,0
0.76,32,261,2,1,2,1,0,1,0
0.76,32,207,2,1,2,1,0,1,0
0.76,32,339,2,1,2,1,0,1,0
0.76,32,224,2,1,2,1,0,1,0
0.76,32,196,2,1,2,1,0,1,0
0.76,32,283,2,1,2,1,0,1,0
0.76,32,243,2,1,2,1,0,1,0
0.76,32,258,2,1,2,1,0,1,0
0.76,32,229,2,1,2,1,0,1,0
0.76,32,247,2,1,2,1,0,1,0
0.76,32,89,2,1,2,1,0,1,0
0.76,32,394,2,1,2,1,0,1,0
0.76,32,82,2,1,2,1,0,1,0
0.76,32,444,2,1,2,1,0,1,0
0.76,32,147,2,1,2,1,0,1,0
0.76,32,178,2,1,2,1,0,1,0
0.76,32,239,2,1,2,1,0,1,0
0.76,32,240,2,1,2,1,0,1,0
0.76,32,3,2,2,2,2,0,2,0
0.76,32,154,2,1,2,1,0,1,0
0.76,32,53,2,1,2,1,0,1,0
0.76,32,417,2,1,2,1,0,1,0
0.76,32,313,2,1,2,1,0,1,0
0.76,32,468,2,1,2,1,0,1,0
0.76,32,182,2,1,2,1,0,1,0
0.76,32,26,2,1,2,1,0,1,0
0.76,32,202,2,1,2,1,0,1,0
0.76,32,30,2,1,2,1,0,1,0
0.76,32,92,2,1,2,1,0,1,0
0.76,32,136,2,1,2,1,0,1,0
0.76,32,13,2,1,2,1,0,1,0
0.76,32,492,2,1,2,1,0,1,0
0.76,32,143,2,1,2,1,0,1,0
0.76,32,118,2,1,2,1,0,1,0
0.76,32,290,2,1,2,1,0,1,0
0.76,32,31,2,1,2,1,0,1,0
0.76,32,141,2,1,2,1,0,1,0
0.76,32,485,2,1,2,1,0,1,0
0.76,32,18,2,1,2,1,0,1,0
0.76,32,346,2,1,2,1,0,1,0
0.76,32,304,2,1,2,1,0,1,0
0.76,32,471,2,1,2,1,0,1,0
0.76,32,105,2,1,2,1,0,1,0
0.76,32,336,2,1,2,1,0,1,0
0.76,32,75,2,1,2,1,0,1,0
0.76,32,166,2,1,2,1,0,1,0
0.76,32,414,2,1,2,1,0,1,0
0.76,32,421,2,1,2,1,0,1,0
0.76,32,159,2,1,2,1,0,1,0
0.76,32,429,2,1,2,1,0,1,0
0.76,32,49,2,1,2,1,0,1,0
0.76,32,301,2,2,2,2,0,2,0
0.76,32,95,2,1,2,1,0,1,0
0.76,32,263,2,1,2,1,0,1,0
0.76,32,156,2,1,2,1,0,1,0
0.76,32,453,2,1,2,1,0,1,0
0.76,32,481,2,1,2,1,0,1,0
0.76,32,210,2,1,2,1,0,1,0
0.76,32,317,2,1,2,1,0,1,0
0.76,32,255,2,1,2,1,0,1,0
0.76,32,150,2,1,2,1,0,1,0
0.76,32,65,2,1,2,1,0,1,0
0.76,32,60,2,1,2,1,0,1,0
0.76,32,28,2,1,2,1,0,1,0
0.76,32,404,2,1,2,1,0,1,0
0.76,32,127,2,1,2,1,0,1,0
0.76,32,450,2,1,2,1,0,1,0
0.76,32,278,2,1,2,1,0,1,0
0.76,32,276,2,1,2,1,0,1,0
0.76,32,109,2,1,2,1,0,1,0
0.76,32,42,2,1,2,1,0,1,0
0.76,32,155,2,1,2,1,0,1,0
0.76,32,228,2,1,2,1,0,1,0
0.76,32,244,2,1,2,1,0,1,0
0.76,32,249,2,1,2,1,0,1,0
0.76,32,372,2,1,2,1,0,1,0
0.76,32,1,2,1,2,1,0,1,0
0.76,32,71,2,1,2,1,0,1,0
0.76,32,170,2,1,2,1,0,1,0
0.76,32,33,2,1,2,1,0,1,0
0.76,32,395,2,1,2,1,0,1,0
0.76,32,246,2,2,2,2,0,2,0
0.76,32,329,2,1,2,1,0,1,0
0.76,32,455,2,1,2,1,0,1,0
0.76,32,332,2,2,2,2,0,2,0
0.76,32,241,2,1,2,1,0,1,0
0.76,32,475,2,1,2,1,0,1,0
0.76,32,488,2,1,2,1,0,1,0
0.76,32,134,2,1,2,1,0,1,0
0.76,32,177,2,1,2,1,0,1,0
0.76,32,357,2,1,2,1,0,1,0
0.76,32,120,2,1,2,1,0,1,0
0.76,32,245,2,1,2,1,0,1,0
0.76,32,27,2,1,2,1,0,1,0
0.76,32,98,2,1,2,1,0,1,0
0.76,32,285,2,1,2,1,0,1,0
0.76,32,292,2,1,2,1,0,1,0
0.76,32,213,2,1,2,1,0,1,0
0.76,32,41,2,1,2,1,0,1,0
0.76,32,43,2,1,2,1,0,1,0
0.76,32,389,2,1,2,1,0,1,0
0.76,32,160,2,1,2,1,0,1,0
0.76,32,115,2,1,2,1,0,1,0
0.76,32,56,2,1,2,1,0,1,0
0.76,32,360,2,1,2,1,0,1,0
0.76,32,324,2,1,2,1,0,1,0
0.76,32,314,2,1,2,1,0,1,0
0.76,32,231,2,1,2,1,0,1,0
0.76,32,303,2,1,2,1,0,1,0
0.76,32,36,2,1,2,1,0,1,0
0.76,32,40,2,1,2,1,0,1,0
0.76,32,322,2,1,2,1,0,1,0
0.76,32,425,2,2,2,2,0,2,0
0.76,32,293,2,1,2,1,0,1,0
0.76,32,110,2,1,2,1,0,1,0
0.76,32,334,2,1,2,1,0,1,0
0.76,32,270,2,1,2,1,0,1,0
0.76,32,47,2,1,2,1,0,1,0
0.76,32,470,2,1,2,1,0,1,0
0.76,32,214,2,1,2,1,0,1,0
0.76,32,221,2,1,2,1,0,1,0
0.76,32,79,2,1,2,1,0,1,0
0.76,32,198,2,1,2,1,0,1,0
0.76,32,375,2,1,2,1,0,1,0
0.76,32,45,2,1,2,1,0,1,0
0.76,32,230,2,1,2,1,0,1,0
0.76,32,168,2,1,2,1,0,1,0
0.76,32,465,2,1,2,1,0,1,0
0.76,32,443,2,1,2,1,0,1,0
0.76,32,359,2,1,2,1,0,1,0
0.76,32,352,2,1,2,1,0,1,0
0.76,32,204,2,1,2,1,0,1,0
0.76,32,219,2,1,2,1,0,1,0
0.76,32,306,2,1,2,1,0,1,0
0.76,32,54,2,1,2,1,0,1,0
0.76,32,63,2,1,2,1,0,1,0
0.76,32,86,2,1,2,1,0,1,0
0.76,32,497,2,1,2,1,0,1,0
0.76,32,412,2,1,2,1,0,1,0
0.76,32,197,2,1,2,1,0,1,0
0.76,32,59,2,1,2,1,0,1,0
0.76,32,66,2,1,2,1,0,1,0
0.76,32,248,2,1,2,1,0,1,0
0.76,32,29,2,1,2,1,0,1,0
0.76,32,72,2,2,2,2,0,2,0
0.76,32,76,2,1,2,1,0,1,0
0.76,32,331,2,1,2,1,0,1,0
0.76,32,479,2,1,2,1,0,1,0
0.76,32,158,2,2,2,2,0,2,0
0.76,32,191,2,1,2,1,0,1,0
0.76,32,495,2,1,2,1,0,1,0
0.76,32,200,2,1,2,1,0,1,0
0.76,32,473,2,1,2,1,0,1,0
0.76,32,101,2,1,2,1,0,1,0
0.76,32,9,2,1,2,1,0,1,0
0.76,32,235,2,2,2,2,0,2,0
0.76,32,21,2,1,2,1,0,1,0
0.76,32,374,2,1,2,1,0,1,0
0.76,32,161,2,1,2,1,0,1,0
0.76,32,114,2,1,2,1,0,1,0
0.76,32,438,2,1,2,1,0,1,0
0.76,32,93,2,1,2,1,0,1,0
0.76,32,348,2,1,2,1,0,1,0
0.76,32,24,2,1,2,1,0,1,0
0.76,32,142,2,1,2,1,0,1,0
0.76,32,469,2,1,2,1,0,1,0
0.76,32,137,2,1,2,1,0,1,0
0.76,32,256,2,1,2,1,0,1,0
0.76,32,379,2,1,2,1,0,1,0
0.76,32,135,2,1,2,1,0,1,0
0.76,32,39,2,1,2,1,0,1,0
0.76,32,356,2,1,2,1,0,1,0
0.76,32,467,2,1,2,1,0,1,0
0.76,32,257,2,1,2,1,0,1,0
0.76,32,192,2,1,2,1,0,1,0
0.76,32,326,2,1,2,1,0,1,0
0.76,32,220,2,1,2,1,0,1,0
0.76,32,139,2,1,2,1,0,1,0
0.76,32,74,2,1,2,1,0,1,0
0.76,32,253,2,1,2,1,0,1,0
0.76,32,153,2,1,2,1,0,1,0
0.76,32,15,2,1,2,1,0,1,0
0.76,32,378,2,1,2,1,0,1,0
0.76,32,387,2,1,2,1,0,1,0
0.76,32,466,2,1,2,1,0,1,0
0.76,32,424,2,1,2,1,0,1,0
0.76,32,84,2,1,2,1,0,1,0
0.76,32,297,2,1,2,1,0,1,0
0.76,32,459,2,1,2,1,0,1,0
0.76,32,436,2,1,2,1,0,1,0
0.76,32,50,2,1,2,1,0,1,0
0.76,32,96,2,1,2,1,0,1,0
0.76,32,216,2,1,2,1,0,1,0
0.76,32,295,2,1,2,1,0,1,0
0.76,32,362,2,1,2,1,0,1,0
0.76,32,386,2,1,2,1,0,1,0
0.76,32,116,2,1,2,1,0,1,0
0.76,32,277,2,1,2,1,0,1,0
0.76,32,447,2,1,2,1,0,1,0
0.76,32,337,2,1,2,1,0,1,0
0.76,32,119,2,1,2,1,0,1,0
0.76,32,266,2,1,2,1,0,1,0
0.76,32,211,2,1,2,1,0,1,0
0.76,32,124,2,1,2,1,0,1,0
0.76,32,461,2,1,2,1,0,1,0
0.76,32,51,2,1,2,1,0,1,0
0.76,32,269,2,1,2,1,0,1,0
0.76,32,393,2,1,2,1,0,1,0
0.76,32,169,2,1,2,1,0,1,0
0.76,32,390,2,1,2,1,0,1,0
0.76,32,288,2,1,2,1,0,1,0
0.76,32,423,2,1,2,1,0,1,0
0.76,32,80,2,1,2,1,0,1,0
0.76,32,215,2,1,2,1,0,1,0
0.76,32,411,2,1,2,1,0,1,0
0.76,32,354,2,1,2,1,0,1,0
0.76,32,112,2,1,2,1,0,1,0
0.76,32,445,2,1,2,1,0,1,0
0.76,32,416,2,1,2,1,0,1,0
0.76,32,340,2,1,2,1,0,1,0
0.76,32,275,2,1,2,1,0,1,0
0.76,32,399,2,1,2,1,0,1,0
0.76,32,273,2,2,2,2,0,2,0
0.76,32,209,2,1,2,1,0,1,0
0.76,32,194,2,1,2,1,0,1,0
0.76,32,458,2,1,2,1,0,1,0
0.76,32,448,2,1,2,1,0,1,0
0.76,32,126,2,1,2,1,0,1,0
0.76,32,446,2,1,2,1,0,1,0
0.76,32,163,2,1,2,1,0,1,0
0.76,32,174,2,1,2,1,0,1,0
0.76,32,176,2,1,2,1,0,1,0
0.76,32,131,2,1,2,1,0,1,0
0.76,32,406,2,1,2,1,0,1,0
0.76,32,433,2,1,2,1,0,1,0
0.76,32,434,2,1,2,1,0,1,0
0.76,32,151,2,1,2,1,0,1,0
0.76,32,164,2,1,2,1,0,1,0
0.76,32,451,2,1,2,1,0,1,0
0.76,32,37,2,2,2,2,0,2,0
0.76,32,4,2,1,2,1,0,1,0
0.76,32,330,2,1,2,1,0,1,0
0.76,32,355,2,1,2,1,0,1,0
0.76,32,496,2,1,2,1,0,1,0
0.76,32,268,2,1,2,1,0,1,0
0.76,32,238,2,1,2,1,0,1,0
0.76,32,259,2,1,2,1,0,1,0
0.76,32,426,2,1,2,1,0,1,0
0.76,32,400,2,1,2,1,0,1,0
0.76,32,289,2,1,2,1,0,1,0
0.76,32,397,2,1,2,1,0,1,0
0.76,32,380,2,2,2,2,0,2,0
0.76,32,35,2,1,2,1,0,1,0
0.76,32,442,2,1,2,1,0,1,0
0.76,32,14,2,1,2,1,0,1,0
0.76,32,281,2,1,2,1,0,1,0
0.76,32,388,2,1,2,1,0,1,0
0.76,32,226,2,1,2,1,0,1,0
0.76,32,365,2,1,2,1,0,1,0
0.76,32,296,2,1,2,1,0,1,0
0.76,32,20,2,1,2,1,0,1,0
0.76,32,431,2,1,2,1,0,1,0
0.76,32,111,2,1,2,1,0,1,0
0.76,32,88,2,1,2,1,0,1,0
0.76,32,398,2,1,2,1,0,1,0
0.76,32,171,2,1,2,1,0,1,0
0.76,32,267,2,1,2,1,0,1,0
0.76,32,377,2,1,2,1,0,1,0
0.76,32,472,2,1,2,1,0,1,0
0.76,32,391,2,1,2,1,0,1,0
0.76,32,493,2,1,2,1,0,1,0
0.76,32,396,2,1,2,1,0,1,0
0.76,32,46,2,1,2,1,0,1,0
0.76,32,208,2,1,2,1,0,1,0
0.76,32,476,2,1,2,1,0,1,0
0.76,32,422,2,1,2,1,0,1,0
0.76,32,260,2,1,2,1,0,1,0
0.76,32,363,2,1,2,1,0,1,0
0.76,32,185,2,1,2,1,0,1,0
0.76,32,265,2,1,2,1,0,1,0
0.76,32,175,2,1,2,1,0,1,0
0.76,32,123,2,1,2,1,0,1,0
0.76,32,315,2,1,2,1,0,1,0
0.76,32,435,2,1,2,1,0,1,0
0.76,32,410,2,1,2,1,0,1,0
0.76,32,463,2,1,2,1,0,1,0
0.76,32,366,2,1,2,1,0,1,0
0.76,32,460,2,1,2,1,0,1,0
0.76,32,319,2,1,2,1,0,1,0
0.76,32,237,2,1,2,1,0,1,0
0.76,32,100,2,2,2,2,0,2,0
0.76,32,499,2,1,2,1,0,1,0
0.76,32,189,2,1,2,1,0,1,0
0.76,32,121,2,1,2,1,0,1,0
0.76,32,201,2,1,2,1,0,1,0
0.76,32,342,2,1,2,1,0,1,0
0.76,32,392,2,1,2,1,0,1,0
0.76,32,217,2,1,2,1,0,1,0
0.76,32,212,2,1,2,1,0,1,0
0.76,32,233,2,1,2,1,0,1,0
0.76,32,454,2,1,2,1,0,1,0
0.76,32,0,2,1,2,1,0,1,0
0.76,32,347,2,1,2,1,0,1,0
0.76,32,477,2,1,2,1,0,1,0
0.76,32,11,2,1,2,1,0,1,0
0.76,32,55,2,1,2,1,0,1,0
0.76,32,144,2,1,2,1,0,1,0
0.76,32,369,2,1,2,1,0,1,0
0.76,32,487,2,1,2,1,0,1,0
0.76,32,106,2,1,2,1,0,1,0
0.76,32,441,2,1,2,1,0,1,0
0.76,32,408,2,1,2,1,0,1,0
0.76,32,353,2,1,2,1,0,1,0
0.76,32,413,2,1,2,1,0,1,0
0.76,32,97,2,1,2,1,0,1,0
0.76,32,311,2,1,2,1,0,1,0
0.76,32,327,2,1,2,1,0,1,0
0.76,32,12,2,1,2,1,0,1,0
0.76,32,64,2,1,2,1,0,1,0
0.76,32,188,2,1,2,1,0,1,0
0.76,32,376,2,2,2,2,0,2,0
0.76,32,349,2,1,2,1,0,1,0
0.76,32,272,2,1,2,1,0,1,0
0.76,32,371,2,1,2,1,0,1,0
0.76,32,129,2,1,2,1,0,1,0
0.76,32,462,2,1,2,1,0,1,0
0.76,32,494,2,1,2,1,0,1,0
0.76,32,328,2,1,2,1,0,1,0
0.76,32,358,2,1,2,1,0,1,0
0.76,32,321,2,1,2,1,0,1,0
0.76,32,193,2,2,2,2,0,2,0
0.76,32,234,2,1,2,1,0,1,0
0.76,32,308,2,1,2,1,0,1,0
0.76,32,341,2,1,2,1,0,1,0
0.76,32,148,2,1,2,1,0,1,0
0.76,32,415,2,1,2,1,0,1,0
0.76,32,205,2,1,2,1,0,1,0
0.76,32,57,2,1,2,1,0,1,0
0.76,32,5,2,1,2,1,0,1,0
0.76,32,90,2,1,2,1,0,1,0
0.76,32,407,2,1,2,1,0,1,0
0.76,32,2,2,1,2,1,0,1,0
0.76,32,368,2,1,2,1,0,1,0
0.76,32,405,2,1,2,1,0,1,0
0.76,32,402,2,1,2,1,0,1,0
0.76,32,367,2,1,2,1,0,1,0
0.76,32,103,2,1,2,1,0,1,0
0.76,32,52,2,1,2,1,0,1,0
0.76,32,146,2,1,2,1,0,1,0
0.76,32,195,2,1,2,1,0,1,0
0.76,32,184,2,1,2,1,0,1,0
0.76,32,489,2,1,2,1,0,1,0
0.76,32,252,2,1,2,1,0,1,0
0.76,32,87,2,1,2,1,0,1,0
0.76,32,180,2,1,2,1,0,1,0
0.76,32,300,2,1,2,1,0,1,0
0.76,32,117,2,1,2,1,0,1,0
0.76,32,25,2,1,2,1,0,1,0
0.76,32,343,2,1,2,1,0,1,0
0.76,32,7,2,1,2,1,0,1,0
0.76,32,430,2,1,2,1,0,1,0
0.76,32,48,2,1,2,1,0,1,0
0.76,32,427,2,1,2,1,0,1,0
0.76,32,104,2,1,2,1,0,1,0
0.76,32,310,2,1,2,1,0,1,0
0.76,32,242,2,1,2,1,0,1,0
0.76,32,298,2,1,2,1,0,1,0
0.76,32,345,2,1,2,1,0,1,0
0.76,32,16,2,1,2,1,0,1,0
0.76,32,318,2,1,2,1,0,1,0
0.76,32,437,2,1,2,1,0,1,0
0.76,32,282,2,1,2,1,0,1,0
0.76,32,107,2,1,2,1,0,1,0
0.76,32,309,2,1,2,1,0,1,0
0.76,32,236,2,1,2,1,0,1,0
0.76,32,299,2,1,2,1,0,1,0
0.76,32,491,2,1,2,1,0,1,0
0.76,32,474,2,1,2,1,0,1,0
0.76,32,264,2,1,2,1,0,1,0
0.76,32,132,2,1,2,1,0,1,0
0.76,32,498,2,1,2,1,0,1,0
0.76,32,8,2,1,2,1,0,1,0
0.76,32,222,2,1,2,1,0,1,0
0.76,32,83,2,1,2,1,0,1,0
0.8,2,223,2,1,2,1,0,1,0
0.8,2,122,2,1,2,1,0,1,0
0.8,2,373,2,1,2,1,0,1,0
0.8,2,10,2,1,2,1,0,1,0
0.8,2,227,2,1,2,1,0,1,0
0.8,2,6,2,1,2,1,0,1,0
0.8,2,190,2,1,2,1,0,1,0
0.8,2,294,2,1,2,1,0,1,0
0.8,2,206,2,1,2,1,0,1,0
0.8,2,344,2,1,2,1,0,1,0
0.8,2,81,2,1,2,1,0,1,0
0.8,2,34,2,1,2,1,0,1,0
0.8,2,478,2,1,2,1,0,1,0
0.8,2,225,2,1,2,1,0,1,0
0.8,2,452,2,1,2,1,0,1,0
0.8,2,67,2,1,2,1,0,1,0
0.8,2,286,2,1,2,1,0,1,0
0.8,2,251,2,1,2,1,0,1,0
0.8,2,335,2,1,2,1,0,1,0
0.8,2,439,2,1,2,1,0,1,0
0.8,2,409,2,1,2,1,0,1,0
0.8,2,125,2,1,2,1,0,1,0
0.8,2,70,2,1,2,1,0,1,0
0.8,2,145,2,1,2,1,0,1,0
0.8,2,73,2,1,2,1,0,1,0
0.8,2,284,2,1,2,1,0,1,0
0.8,2,186,2,1,2,1,0,1,0
0.8,2,58,2,1,2,1,0,1,0
0.8,2,381,2,1,2,1,0,1,0
0.8,2,305,2,1,2,1,0,1,0
0.8,2,149,2,2,2,2,0,2,0
0.8,2,140,2,1,2,1,0,1,0
0.8,2,364,2,1,2,1,0,1,0
0.8,2,361,2,1,2,1,0,1,0
0.8,2,23,2,1,2,1,0,1,0
0.8,2,254,2,1,2,1,0,1,0
0.8,2,173,2,1,2,1,0,1,0
0.8,2,456,2,1,2,1,0,1,0
0.8,2,403,2,1,2,1,0,1,0
0.8,2,382,2,1,2,1,0,1,0
0.8,2,320,2,1,2,1,0,1,0
0.8,2,167,2,1,2,1,0,1,0
0.8,2,419,2,1,2,1,0,1,0
0.8,2,262,2,1,2,1,0,1,0
0.8,2,91,2,2,2,2,0,2,0
0.8,2,19,2,1,2,1,0,1,0
0.8,2,78,2,1,2,1,0,1,0
0.8,2,440,2,1,2,1,0,1,0
0.8,2,350,2,1,2,1,0,1,0
0.8,2,113,2,1,2,1,0,1,0
0.8,2,291,2,1,2,1,0,1,0
0.8,2,370,2,1,2,1,0,1,0
0.8,2,152,2,1,2,1,0,1,0
0.8,2,99,2,1,2,1,0,1,0
0.8,2,32,2,1,2,1,0,1,0
0.8,2,77,2,1,2,1,0,1,0
0.8,2,183,2,1,2,1,0,1,0
0.8,2,383,2,1,2,1,0,1,0
0.8,2,179,2,1,2,1,0,1,0
0.8,2,68,2,1,2,1,0,1,0
0.8,2,385,2,1,2,1,0,1,0
0.8,2,464,2,1,2,1,0,1,0
0.8,2,482,2,1,2,1,0,1,0
0.8,2,351,2,1,2,1,0,1,0
0.8,2,287,2,1,2,1,0,1,0
0.8,2,302,2,1,2,1,0,1,0
0.8,2,457,2,1,2,1,0,1,0
0.8,2,94,2,1,2,1,0,1,0
0.8,2,102,2,2,2,2,0,2,0
0.8,2,490,2,1,2,1,0,1,0
0.8,2,449,2,1,2,1,0,1,0
0.8,2,172,2,1,2,1,0,1,0
0.8,2,323,2,1,2,1,0,1,0
0.8,2,484,2,1,2,1,0,1,0
0.8,2,312,2,1,2,1,0,1,0
0.8,2,69,2,1,2,1,0,1,0
0.8,2,157,2,1,2,1,0,1,0
0.8,2,280,2,1,2,1,0,1,0
0.8,2,187,2,1,2,1,0,1,0
0.8,2,232,2,1,2,1,0,1,0
0.8,2,133,2,2,2,2,0,2,0
0.8,2,128,2,1,2,1,0,1,0
0.8,2,250,2,1,2,1,0,1,0
0.8,2,483,2,1,2,1,0,1,0
0.8,2,218,2,1,2,1,0,1,0
0.8,2,338,2,1,2,1,0,1,0
0.8,2,486,2,1,2,1,0,1,0
0.8,2,420,2,1,2,1,0,1,0
0.8,2,333,2,1,2,1,0,1,0
0.8,2,401,2,1,2,1,0,1,0
0.8,2,61,2,1,2,1,0,1,0
0.8,2,432,2,1,2,1,0,1,0
0.8,2,428,2,1,2,1,0,1,0
0.8,2,38,2,1,2,1,0,1,0
0.8,2,480,2,1,2,1,0,1,0
0.8,2,199,2,1,2,1,0,1,0
0.8,2,17,2,1,2,1,0,1,0
0.8,2,162,2,1,2,1,0,1,0
0.8,2,62,2,1,2,1,0,1,0
0.8,2,181,2,1,2,1,0,1,0
0.8,2,307,2,1,2,1,0,1,0
0.8,2,271,2,1,2,1,0,1,0
0.8,2,418,2,1,2,1,0,1,0
0.8,2,130,2,1,2,1,0,1,0
0.8,2,44,2,1,2,1,0,1,0
0.8,2,138,2,1,2,1,0,1,0
0.8,2,165,2,1,2,1,0,1,0
0.8,2,203,2,1,2,1,0,1,0
0.8,2,22,2,1,2,1,0,1,0
0.8,2,85,2,1,2,1,0,1,0
0.8,2,316,2,1,2,1,0,1,0
0.8,2,279,2,1,2,1,0,1,0
0.8,2,108,2,1,2,1,0,1,0
0.8,2,325,2,1,2,1,0,1,0
0.8,2,384,2,1,2,1,0,1,0
0.8,2,274,2,1,2,1,0,1,0
0.8,2,261,2,1,2,1,0,1,0
0.8,2,207,2,1,2,1,0,1,0
0.8,2,339,2,1,2,1,0,1,0
0.8,2,224,2,1,2,1,0,1,0
0.8,2,196,2,1,2,1,0,1,0
0.8,2,283,2,1,2,1,0,1,0
0.8,2,243,2,1,2,1,0,1,0
0.8,2,258,2,1,2,1,0,1,0
0.8,2,229,2,1,2,1,0,1,0
0.8,2,247,2,1,2,1,0,1,0
0.8,2,89,2,1,2,1,0,1,0
0.8,2,394,2,1,2,1,0,1,0
0.8,2,82,2,1,2,1,0,1,0
0.8,2,444,2,1,2,1,0,1,0
0.8,2,147,2,1,2,1,0,1,0
0.8,2,178,2,1,2,1,0,1,0
0.8,2,239,2,1,2,1,0,1,0
0.8,2,240,2,1,2,1,0,1,0
0.8,2,3,2,2,2,2,0,2,0
0.8,2,154,2,1,2,1,0,1,0
0.8,2,53,2,1,2,1,0,1,0
0.8,2,417,2,1,2,1,0,1,0
0.8,2,313,2,1,2,1,0,1,0
0.8,2,468,2,1,2,1,0,1,0
0.8,2,182,2,1,2,1,0,1,0
0.8,2,26,2,1,2,1,0,1,0
0.8,2,202,2,1,2,1,0,1,0
0.8,2,30,2,1,2,1,0,1,0
0.8,2,92,2,1,2,1,0,1,0
0.8,2,136,2,1,2,1,0,1,0
0.8,2,13,2,1,2,1,0,1,0
0.8,2,492,2,2,2,2,0,2,0
0.8,2,143,2,1,2,1,0,1,0
0.8,2,118,2,1,2,1,0,1,0
0.8,2,290,2,1,2,1,0,1,0
0.8,2,31,2,1,2,1,0,1,0
0.8,2,141,2,1,2,1,0,1,0
0.8,2,485,2,1,2,1,0,1,0
0.8,2,18,2,1,2,1,0,1,0
0.8,2,346,2,1,2,1,0,1,0
0.8,2,304,2,1,2,1,0,1,0
0.8,2,471,2,1,2,1,0,1,0
0.8,2,105,2,1,2,1,0,1,0
0.8,2,336,2,1,2,1,0,1,0
0.8,2,75,2,1,2,1,0,1,0
0.8,2,166,2,1,2,1,0,1,0
0.8,2,414,2,1,2,1,0,1,0
0.8,2,421,2,1,2,1,0,1,0
0.8,2,159,2,1,2,1,0,1,0
0.8,2,429,2,1,2,1,0,1,0
0.8,2,49,2,1,2,1,0,1,0
0.8,2,301,2,2,2,2,0,2,0
0.8,2,95,2,2,2,2,0,2,0
0.8,2,263,2,1,2,1,0,1,0
0.8,2,156,2,1,2,1,0,1,0
0.8,2,453,2,1,2,1,0,1,0
0.8,2,481,2,1,2,1,0,1,0
0.8,2,210,2,1,2,1,0,1,0
0.8,2,317,2,1,2,1,0,1,0
0.8,2,255,2,1,2,1,0,1,0
0.8,2,150,2,1,2,1,0,1,0
0.8,2,65,2,1,2,1,0,1,0
0.8,2,60,2,1,2,1,0,1,0
0.8,2,28,2,1,2,1,0,1,0
0.8,2,404,2,1,2,1,0,1,0
0.8,2,127,2,1,2,1,0,1,0
0.8,2,450,2,1,2,1,0,1,0
0.8,2,278,2,1,2,1,0,1,0
0.8,2,276,2,1,2,1,0,1,0
0.8,2,109,2,1,2,1,0,1,0
0.8,2,42,2,1,2,1,0,1,0
0.8,2,155,2,1,2,1,0,1,0
0.8,2,228,2,1,2,1,0,1,0
0.8,2,244,2,1,2,1,0,1,0
0.8,2,249,2,1,2,1,0,1,0
0.8,2,372,2,1,2,1,0,1,0
0.8,2,1,2,1,2,1,0,1,0
0.8,2,71,2,1,2,1,0,1,0
0.8,2,170,2,1,2,1,0,1,0
0.8,2,33,2,1,2,1,0,1,0
0.8,2,395,2,1,2,1,0,1,0
0.8,2,246,2,2,2,2,0,2,0
0.8,2,329,2,1,2,1,0,1,0
0.8,2,455,2,1,2,1,0,1,0
0.8,2,332,2,2,2,2,0,2,0
0.8,2,241,2,1,2,1,0,1,0
0.8,2,475,2,1,2,1,0,1,0
0.8,2,488,2,1,2,1,0,1,0
0.8,2,134,2,1,2,1,0,1,0
0.8,2,177,2,1,2,1,0,1,0
0.8,2,357,2,1,2,1,0,1,0
0.8,2,120,2,1,2,1,0,1,0
0.8,2,245,2,1,2,1,0,1,0
0.8,2,27,2,1,2,1,0,1,0
0.8,2,98,2,1,2,1,0,1,0
0.8,2,285,2,1,2,1,0,1,0
0.8,2,292,2,1,2,1,0,1,0
0.8,2,213,2,2,2,2,0,2,0
0.8,2,41,2,1,2,1,0,1,0
0.8,2,43,2,1,2,1,0,1,0
0.8,2,389,2,1,2,1,0,1,0
0.8,2,160,2,1,2,1,0,1,0
0.8,2,115,2,1,2,1,0,1,0
0.8,2,56,2,1,2,1,0,1,0
0.8,2,360,2,1,2,1,0,1,0
0.8,2,324,2,1,2,1,0,1,0
0.8,2,314,2,1,2,1,0,1,0
0.8,2,231,2,1,2,1,0,1,0
0.8,2,303,2,1,2,1,0,1,0
0.8,2,36,2,1,2,1,0,1,0
0.8,2,40,2,1,2,1,0,1,0
0.8,2,322,2,1,2,1,0,1,0
0.8,2,425,2,2,2,2,0,2,0
0.8,2,293,2,1,2,1,0,1,0
0.8,2,110,2,1,2,1,0,1,0
0.8,2,334,2,1,2,1,0,1,0
0.8,2,270,2,1,2,1,0,1,0
0.8,2,47,2,1,2,1,0,1,0
0.8,2,470,2,1,2,1,0,1,0
0.8,2,214,2,1,2,1,0,1,0
0.8,2,221,2,1,2,1,0,1,0
0.8,2,79,2,1,2,1,0,1,0
0.8,2,198,2,1,2,1,0,1,0
0.8,2,375,2,1,2,1,0,1,0
0.8,2,45,2,1,2,1,0,1,0
0.8,2,230,2,1,2,1,0,1,0
0.8,2,168,2,1,2,1,0,1,0
0.8,2,465,2,1,2,1,0,1,0
0.8,2,443,2,1,2,1,0,1,0
0.8,2,359,2,1,2,1,0,1,0
0.8,2,352,2,1,2,1,0,1,0
0.8,2,204,2,1,2,1,0,1,0
0.8,2,219,2,1,2,1,0,1,0
0.8,2,306,2,1,2,1,0,1,0
0.8,2,54,2,1,2,1,0,1,0
0.8,2,63,2,1,2,1,0,1,0
0.8,2,86,2,1,2,1,0,1,0
0.8,2,497,2,1,2,1,0,1,0
0.8,2,412,2,1,2,1,0,1,0
0.8,2,197,2,1,2,1,0,1,0
0.8,2,59,2,1,2,1,0,1,0
0.8,2,66,2,1,2,1,0,1,0
0.8,2,248,2,1,2,1,0,1,0
0.8,2,29,2,1,2,1,0,1,0
0.8,2,72,2,2,2,2,0,2,0
0.8,2,76,2,1,2,1,0,1,0
0.8,2,331,2,1,2,1,0,1,0
0.8,2,479,2,1,2,1,0,1,0
0.8,2,158,2,2,2,2,0,2,0
0.8,2,191,2,1,2,1,0,1,0
0.8,2,495,2,1,2,1,0,1,0
0.8,2,200,2,1,2,1,0,1,0
0.8,2,473,2,1,2,1,0,1,0
0.8,2,101,2,1,2,1,0,1,0
0.8,2,9,2,1,2,1,0,1,0
0.8,2,235,2,2,2,2,0,2,0
0.8,2,21,2,1,2,1,0,1,0
0.8,2,374,2,1,2,1,0,1,0
0.8,2,161,2,1,2,1,0,1,0
0.8,2,114,2,1,2,1,0,1,0
0.8,2,438,2,1,2,1,0,1,0
0.8,2,93,2,1,2,1,0,1,0
0.8,2,348,2,1,2,1,0,1,0
0.8,2,24,2,1,2,1,0,1,0
0.8,2,142,2,1,2,1,0,1,0
0.8,2,469,2,1,2,1,0,1,0
0.8,2,137,2,1,2,1,0,1,0
0.8,2,256,2,1,2,1,0,1,0
0.8,2,379,2,1,2,1,0,1,0
0.8,2,135,2,1,2,1,0,1,0
0.8,2,39,2,1,2,1,0,1,0
0.8,2,356,2,1,2,1,0,1,0
0.8,2,467,2,1,2,1,0,1,0
0.8,2,257,2,1,2,1,0,1,0
0.8,2,192,2,2,2,2,0,2,0
0.8,2,326,2,1,2,1,0,1,0
0.8,2,220,2,2,2,2,0,2,0
0.8,2,139,2,1,2,1,0,1,0
0.8,2,74,2,1,2,1,0,1,0
0.8,2,253,2,1,2,1,0,1,0
0.8,2,153,2,1,2,1,0,1,0
0.8,2,15,2,1,2,1,0,1,0
0.8,2,378,2,1,2,1,0,1,0
0.8,2,387,2,1,2,1,0,1,0
0.8,2,466,2,1,2,1,0,1,0
0.8,2,424,2,1,2,1,0,1,0
0.8,2,84,2,1,2,1,0,1,0
0.8,2,297,2,1,2,1,0,1,0
0.8,2,459,2,1,2,1,0,1,0
0.8,2,436,2,1,2,1,0,1,0
0.8,2,50,2,1,2,1,0,1,0
0.8,2,96,2,1,2,1,0,1,0
0.8,2,216,2,1,2,1,0,1,0
0.8,2,295,2,1,2,1,0,1,0
0.8,2,362,2,1,2,1,0,1,0
0.8,2,386,2,1,2,1,0,1,0
0.8,2,116,2,1,2,1,0,1,0
0.8,2,277,2,1,2,1,0,1,0
0.8,2,447,2,1,2,1,0,1,0
0.8,2,337,2,1,2,1,0,1,0
0.8,2,119,2,1,2,1,0,1,0
0.8,2,266,2,1,2,1,0,1,0
0.8,2,211,2,1,2,1,0,1,0
0.8,2,124,2,1,2,1,0,1,0
0.8,2,461,2,1,2,1,0,1,0
0.8,2,51,2,1,2,1,0,1,0
0.8,2,269,2,1,2,1,0,1,0
0.8,2,393,2,1,2,1,0,1,0
0.8,2,169,2,1,2,1,0,1,0
0.8,2,390,2,1,2,1,0,1,0
0.8,2,288,2,1,2,1,0,1,0
0.8,2,423,2,1,2,1,0,1,0
0.8,2,80,2,1,2,1,0,1,0
0.8,2,215,2,1,2,1,0,1,0
0.8,2,411,2,1,2,1,0,1,0
0.8,2,354,2,1,2,1,0,1,0
0.8,2,112,2,1,2,1,0,1,0
0.8,2,445,2,1,2,1,0,1,0
0.8,2,416,2,1,2,1,0,1,0
0.8,2,340,2,1,2,1,0,1,0
0.8,2,275,2,1,2,1,0,1,0
0.8,2,399,2,1,2,1,0,1,0
0.8,2,273,2,2,2,2,0,2,0
0.8,2,209,2,1,2,1,0,1,0
0.8,2,194,2,1,2,1,0,1,0
0.8,2,458,2,1,2,1,0,1,0
0.8,2,448,2,1,2,1,0,1,0
0.8,2,126,2,1,2,1,0,1,0
0.8,2,446,2,1,2,1,0,1,0
0.8,2,163,2,1,2,1,0,1,0
0.8,2,174,2,1,2,1,0,1,0
0.8,2,176,2,1,2,1,0,1,0
0.8,2,131,2,1,2,1,0,1,0
0.8,2,406,2,1,2,1,0,1,0
0.8,2,433,2,2,2,2,0,2,0
0.8,2,434,2,1,2,1,0,1,0
0.8,2,151,2,1,2,1,0,1,0
0.8,2,164,2,1,2,1,0,1,0
0.8,2,451,2,1,2,1,0,1,0
0.8,2,37,2,2,2,2,0,2,0
0.8,2,4,2,1,2,1,0,1,0
0.8,2,330,2,1,2,1,0,1,0
0.8,2,355,2,1,2,1,0,1,0
0.8,2,496,2,1,2,1,0,1,0
0.8,2,268,2,1,2,1,0,1,0
0.8,2,238,2,1,2,1,0,1,0
0.8,2,259,2,1,2,1,0,1,0
0.8,2,426,2,1,2,1,0,1,0
0.8,2,400,2,1,2,1,0,1,0
0.8,2,289,2,1,2,1,0,1,0
0.8,2,397,2,1,2,1,0,1,0
0.8,2,380,2,2,2,2,0,2,0
0.8,2,35,2,1,2,1,0,1,0
0.8,2,442,2,1,2,1,0,1,0
0.8,2,14,2,1,2,1,0,1,0
0.8,2,281,2,1,2,1,0,1,0
0.8,2,388,2,1,2,1,0,1,0
0.8,2,226,2,1,2,1,0,1,0
0.8,2,365,2,1,2,1,0,1,0
0.8,2,296,2,1,2,1,0,1,0
0.8,2,20,2,1,2,1,0,1,0
0.8,2,431,2,1,2,1,0,1,0
0.8,2,111,2,1,2,1,0,1,0
0.8,2,88,2,1,2,1,0,1,0
0.8,2,398,2,1,2,1,0,1,0
0.8,2,171,2,1,2,1,0,1,0
0.8,2,267,2,1,2,1,0,1,0
0.8,2,377,2,1,2,1,0,1,0
0.8,2,472,2,1,2,1,0,1,0
0.8,2,391,2,2,2,2,0,2,0
0.8,2,493,2,1,2,1,0,1,0
0.8,2,396,2,1,2,1,0,1,0
0.8,2,46,2,1,2,1,0,1,0
0.8,2,208,2,1,2,1,0,1,0
0.8,2,476,2,1,2,1,0,1,0
0.8,2,422,2,1,2,1,0,1,0
0.8,2,260,2,1,2,1,0,1,0
0.8,2,363,2,1,2,1,0,1,0
0.8,2,185,2,1,2,1,0,1,0
0.8,2,265,2,1,2,1,0,1,0
0.8,2,175,2,1,2,1,0,1,0
0.8,2,123,2,1,2,1,0,1,0
0.8,2,315,2,1,2,1,0,1,0
0.8,2,435,2,1,2,1,0,1,0
0.8,2,410,2,1,2,1,0,1,0
0.8,2,463,2,1,2,1,0,1,0
0.8,2,366,2,1,2,1,0,1,0
0.8,2,460,2,1,2,1,0,1,0
0.8,2,319,2,1,2,1,0,1,0
0.8,2,237,2,1,2,1,0,1,0
0.8,2,100,2,2,2,2,0,2,0
0.8,2,499,2,1,2,1,0,1,0
0.8,2,189,2,1,2,1,0,1,0
0.8,2,121,2,1,2,1,0,1,0
0.8,2,201,2,1,2,1,0,1,0
0.8,2,342,2,1,2,1,0,1,0
0.8,2,392,2,1,2,1,0,1,0
0.8,2,217,2,1,2,1,0,1,0
0.8,2,212,2,1,2,1,0,1,0
0.8,2,233,2,1,2,1,0,1,0
0.8,2,454,2,1,2,1,0,1,0
0.8,2,0,2,2,2,2,0,2,0
0.8,2,347,2,1,2,1,0,1,0
0.8,2,477,2,1,2,1,0,1,0
0.8,2,11,2,1,2,1,0,1,0
0.8,2,55,2,1,2,1,0,1,0
0.8,2,144,2,1,2,1,0,1,0
0.8,2,369,2,1,2,1,0,1,0
0.8,2,487,2,1,2,1,0,1,0
0.8,2,106,2,1,2,1,0,1,0
0.8,2,441,2,1,2,1,0,1,0
0.8,2,408,2,1,2,1,0,1,0
0.8,2,353,2,1,2,1,0,1,0
0.8,2,413,2,1,2,1,0,1,0
0.8,2,97,2,1,2,1,0,1,0
0.8,2,311,2,1,2,1,0,1,0
0.8,2,327,2,1,2,1,0,1,0
0.8,2,12,2,1,2,1,0,1,0
0.8,2,64,2,1,2,1,0,1,0
0.8,2,188,2,1,2,1,0,1,0
0.8,2,376,2,2,2,2,0,2,0
0.8,2,349,2,1,2,1,0,1,0
0.8,2,272,2,1,2,1,0,1,0
0.8,2,371,2,1,2,1,0,1,0
0.8,2,129,2,1,2,1,0,1,0
0.8,2,462,2,1,2,1,0,1,0
0.8,2,494,2,1,2,1,0,1,0
0.8,2,328,2,1,2,1,0,1,0
0.8,2,358,2,1,2,1,0,1,0
0.8,2,321,2,1,2,1,0,1,0
0.8,2,193,2,2,2,2,0,2,0
0.8,2,234,2,1,2,1,0,1,0
0.8,2,308,2,1,2,1,0,1,0
0.8,2,341,2,1,2,1,0,1,0
0.8,2,148,2,1,2,1,0,1,0
0.8,2,415,2,1,2,1,0,1,0
0.8,2,205,2,1,2,1,0,1,0
0.8,2,57,2,1,2,1,0,1,0
0.8,2,5,2,1,2,1,0,1,0
0.8,2,90,2,1,2,1,0,1,0
0.8,2,407,2,1,2,1,0,1,0
0.8,2,2,2,1,2,1,0,1,0
0.8,2,368,2,1,2,1,0,1,0
0.8,2,405,2,1,2,1,0,1,0
0.8,2,402,2,1,2,1,0,1,0
0.8,2,367,2,1,2,1,0,1,0
0.8,2,103,2,1,2,1,0,1,0
0.8,2,52,2,1,2,1,0,1,0
0.8,2,146,2,1,2,1,0,1,0
0.8,2,195,2,1,2,1,0,1,0
0.8,2,184,2,1,2,1,0,1,0
0.8,2,489,2,1,2,1,0,1,0
0.8,2,252,2,1,2,1,0,1,0
0.8,2,87,2,1,2,1,0,1,0
0.8,2,180,2,1,2,1,0,1,0
0.8,2,300,2,1,2,1,0,1,0
0.8,2,117,2,1,2,1,0,1,0
0.8,2,25,2,1,2,1,0,1,0
0.8,2,343,2,1,2,1,0,1,0
0.8,2,7,2,1,2,1,0,1,0
0.8,2,430,2,1,2,1,0,1,0
0.8,2,48,2,1,2,1,0,1,0
0.8,2,427,2,1,2,1,0,1,0
0.8,2,104,2,1,2,1,0,1,0
0.8,2,310,2,1,2,1,0,1,0
0.8,2,242,2,1,2,1,0,1,0
0.8,2,298,2,1,2,1,0,1,0
0.8,2,345,2,1,2,1,0,1,0
0.8,2,16,2,1,2,1,0,1,0
0.8,2,318,2,1,2,1,0,1,0
0.8,2,437,2,1,2,1,0,1,0
0.8,2,282,2,1,2,1,0,1,0
0.8,2,107,2,1,2,1,0,1,0
0.8,2,309,2,1,2,1,0,1,0
0.8,2,236,2,1,2,1,0,1,0
0.8,2,299,2,1,2,1,0,1,0
0.8,2,491,2,1,2,1,0,1,0
0.8,2,474,2,1,2,1,0,1,0
0.8,2,264,2,1,2,1,0,1,0
0.8,2,132,2,1,2,1,0,1,0
0.8,2,498,2,1,2,1,0,1,0
0.8,2,8,2,1,2,1,0,1,0
0.8,2,222,2,1,2,1,0,1,0
0.8,2,83,2,1,2,1,0,1,0
0.8,4,223,2,1,2,1,0,1,0
0.8,4,122,2,1,2,1,0,1,0
0.8,4,373,2,1,2,1,0,1,0
0.8,4,10,2,1,2,1,0,1,0
0.8,4,227,2,1,2,1,0,1,0
0.8,4,6,2,1,2,1,0,1,0
0.8,4,190,2,1,2,1,0,1,0
0.8,4,294,2,1,2,1,0,1,0
0.8,4,206,2,1,2,1,0,1,0
0.8,4,344,2,1,2,1,0,1,0
0.8,4,81,2,1,2,1,0,1,0
0.8,4,34,2,1,2,1,0,1,0
0.8,4,478,2,1,2,1,0,1,0
0.8,4,225,2,1,2,1,0,1,0
0.8,4,452,2,1,2,1,0,1,0
0.8,4,67,2,1,2,1,0,1,0
0.8,4,286,2,1,2,1,0,1,0
0.8,4,251,2,1,2,1,0,1,0
0.8,4,335,2,1,2,1,0,1,0
0.8,4,439,2,1,2,1,0,1,0
0.8,4,409,2,1,2,1,0,1,0
0.8,4,125,2,1,2,1,0,1,0
0.8,4,70,2,1,2,1,0,1,0
0.8,4,145,2,1,2,1,0,1,0
0.8,4,73,2,1,2,1,0,1,0
0.8,4,284,2,1,2,1,0,1,0
0.8,4,186,2,1,2,1,0,1,0
0.8,4,58,2,1,2,1,0,1,0
0.8,4,381,2,1,2,1,0,1,0
0.8,4,305,2,1,2,1,0,1,0
0.8,4,149,2,2,2,2,0,2,0
0.8,4,140,2,1,2,1,0,1,0
0.8,4,364,2,1,2,1,0,1,0
0.8,4,361,2,1,2,1,0,1,0
0.8,4,23,2,1,2,1,0,1,0
0.8,4,254,2,1,2,1,0,1,0
0.8,4,173,2,1,2,1,0,1,0
0.8,4,456,2,1,2,1,0,1,0
0.8,4,403,2,1,2,1,0,1,0
0.8,4,382,2,1,2,1,0,1,0
0.8,4,320,2,1,2,1,0,1,0
0.8,4,167,2,1,2,1,0,1,0
0.8,4,419,2,1,2,1,0,1,0
0.8,4,262,2,1,2,1,0,1,0
0.8,4,91,2,2,2,2,0,2,0
0.8,4,19,2,1,2,1,0,1,0
0.8,4,78,2,1,2,1,0,1,0
0.8,4,440,2,1,2,1,0,1,0
0.8,4,350,2,1,2,1,0,1,0
0.8,4,113,2,1,2,1,0,1,0
0.8,4,291,2,1,2,1,0,1,0
0.8,4,370,2,1,2,1,0,1,0
0.8,4,152,2,1,2,1,0,1,0
0.8,4,99,2,1,2,1,0,1,0
0.8,4,32,2,1,2,1,0,1,0
0.8,4,77,2,1,2,1,0,1,0
0.8,4,183,2,1,2,1,0,1,0
0.8,4,383,2,1,2,1,0,1,0
0.8,4,179,2,1,2,1,0,1,0
0.8,4,68,2,1,2,1,0,1,0
0.8,4,385,2,1,2,1,0,1,0
0.8,4,464,2,1,2,1,0,1,0
0.8,4,482,2,1,2,1,0,1,0
0.8,4,351,2,1,2,1,0,1,0
0.8,4,287,2,1,2,1,0,1,0
0.8,4,302,2,1,2,1,0,1,0
0.8,4,457,2,1,2,1,0,1,0
0.8,4,94,2,1,2,1,0,1,0
0.8,4,102,2,2,2,2,0,2,0
0.8,4,490,2,1,2,1,0,1,0
0.8,4,449,2,1,2,1,0,1,0
0.8,4,172,2,1,2,1,0,1,0
0.8,4,323,2,1,2,1,0,1,0
0.8,4,484,2,1,2,1,0,1,0
0.8,4,312,2,1,2,1,0,1,0
0.8,4,69,2,1,2,1,0,1,0
0.8,4,157,2,1,2,1,0,1,0
0.8,4,280,2,1,2,1,0,1,0
0.8,4,187,2,1,2,1,0,1,0
0.8,4,232,2,1,2,1,0,1,0
0.8,4,133,2,2,2,2,0,2,0
0.8,4,128,2,1,2,1,0,1,0
0.8,4,250,2,1,2,1,0,1,0
0.8,4,483,2,1,2,1,0,1,0
0.8,4,218,2,1,2,1,0,1,0
0.8,4,338,2,1,2,1,0,1,0
0.8,4,486,2,1,2,1,0,1,0
0.8,4,420,2,1,2,1,0,1,0
0.8,4,333,2,1,2,1,0,1,0
0.8,4,401,2,1,2,1,0,1,0
0.8,4,61,2,1,2,1,0,1,0
0.8,4,432,2,1,2,1,0,1,0
0.8,4,428,2,1,2,1,0,1,0
0.8,4,38,2,1,2,1,0,1,0
0.8,4,480,2,1,2,1,0,1,0
0.8,4,199,2,1,2,1,0,1,0
0.8,4,17,2,1,2,1,0,1,0
0.8,4,162,2,1,2,1,0,1,0
0.8,4,62,2,1,2,1,0,1,0
0.8,4,181,2,1,2,1,0,1,0
0.8,4,307,2,1,2,1,0,1,0
0.8,4,271,2,1,2,1,0,1,0
0.8,4,418,2,1,2,1,0,1,0
0.8,4,130,2,1,2,1,0,1,0
0.8,4,44,2,1,2,1,0,1,0
0.8,4,138,2,1,2,1,0,1,0
0.8,4,165,2,1,2,1,0,1,0
0.8,4,203,2,1,2,1,0,1,0
0.8,4,22,2,1,2,1,0,1,0
0.8,4,85,2,1,2,1,0,1,0
0.8,4,316,2,1,2,1,0,1,0
0.8,4,279,2,1,2,1,0,1,0
0.8,4,108,2,1,2,1,0,1,0
0.8,4,325,2,1,2,1,0,1,0
0.8,4,384,2,1,2,1,0,1,0
0.8,4,274,2,1,2,1,0,1,0
0.8,4,261,2,1,2,1,0,1,0
0.8,4,207,2,1,2,1,0,1,0
0.8,4,339,2,1,2,1,0,1,0
0.8,4,224,2,1,2,1,0,1,0
0.8,4,196,2,1,2,1,0,1,0
0.8,4,283,2,1,2,1,0,1,0
0.8,4,243,2,1,2,1,0,1,0
0.8,4,258,2,1,2,1,0,1,0
0.8,4,229,2,1,2,1,0,1,0
0.8,4,247,2,1,2,1,0,1,0
0.8,4,89,2,1,2,1,0,1,0
0.8,4,394,2,1,2,1,0,1,0
0.8,4,82,2,1,2,1,0,1,0
0.8,4,444,2,1,2,1,0,1,0
0.8,4,147,2,1,2,1,0,1,0
0.8,4,178,2,1,2,1,0,1,0
0.8,4,239,2,1,2,1,0,1,0
0.8,4,240,2,1,2,1,0,1,0
0.8,4,3,2,2,2,2,0,2,0
0.8,4,154,2,1,2,1,0,1,0
0.8,4,53,2,1,2,1,0,1,0
0.8,4,417,2,1,2,1,0,1,0
0.8,4,313,2,1,2,1,0,1,0
0.8,4,468,2,1,2,1,0,1,0
0.8,4,182,2,1,2,1,0,1,0
0.8,4,26,2,1,2,1,0,1,0
0.8,4,202,2,1,2,1,0,1,0
0.8,4,30,2,1,2,1,0,1,0
0.8,4,92,2,1,2,1,0,1,0
0.8,4,136,2,1,2,1,0,1,0
0.8,4,13,2,1,2,1,0,1,0
0.8,4,492,2,2,2,2,0,2,0
0.8,4,143,2,1,2,1,0,1,0
0.8,4,118,2,1,2,1,0,1,0
0.8,4,290,2,1,2,1,0,1,0
0.8,4,31,2,1,2,1,0,1,0
0.8,4,141,2,1,2,1,0,1,0
0.8,4,485,2,1,2,1,0,1,0
0.8,4,18,2,1,2,1,0,1,0
0.8,4,346,2,1,2,1,0,1,0
0.8,4,304,2,1,2,1,0,1,0
0.8,4,471,2,1,2,1,0,1,0
0.8,4,105,2,1,2,1,0,1,0
0.8,4,336,2,1,2,1,0,1,0
0.8,4,75,2,1,2,1,0,1,0
0.8,4,166,2,1,2,1,0,1,0
0.8,4,414,2,1,2,1,0,1,0
0.8,4,421,2,1,2,1,0,1,0
0.8,4,159,2,1,2,1,0,1,0
0.8,4,429,2,1,2,1,0,1,0
0.8,4,49,2,1,2,1,0,1,0
0.8,4,301,2,2,2,2,0,2,0
0.8,4,95,2,2,2,2,0,2,0
0.8,4,263,2,1,2,1,0,1,0
0.8,4,156,2,1,2,1,0,1,0
0.8,4,453,2,1,2,1,0,1,0
0.8,4,481,2,1,2,1,0,1,0
0.8,4,210,2,1,2,1,0,1,0
0.8,4,317,2,1,2,1,0,1,0
0.8,4,255,2,1,2,1,0,1,0
0.8,4,150,2,1,2,1,0,1,0
0.8,4,65,2,1,2,1,0,1,0
0.8,4,60,2,1,2,1,0,1,0
0.8,4,28,2,1,2,1,0,1,0
0.8,4,404,2,1,2,1,0,1,0
0.8,4,127,2,1,2,1,0,1,0
0.8,4,450,2,1,2,1,0,1,0
0.8,4,278,2,1,2,1,0,1,0
0.8,4,276,2,1,2,1,0,1,0
0.8,4,109,2,1,2,1,0,1,0
0.8,4,42,2,1,2,1,0,1,0
0.8,4,155,2,1,2,1,0,1,0
0.8,4,228,2,1,2,1,0,1,0
0.8,4,244,2,1,2,1,0,1,0
0.8,4,249,2,1,2,1,0,1,0
0.8,4,372,2,1,2,1,0,1,0
0.8,4,1,2,1,2,1,0,1,0
0.8,4,71,2,1,2,1,0,1,0
0.8,4,170,2,1,2,1,0,1,0
0.8,4,33,2,1,2,1,0,1,0
0.8,4,395,2,1,2,1,0,1,0
0.8,4,246,2,2,2,2,0,2,0
0.8,4,329,2,1,2,1,0,1,0
0.8,4,455,2,1,2,1,0,1,0
0.8,4,332,2,2,2,2,0,2,0
0.8,4,241,2,1,2,1,0,1,0
0.8,4,475,2,1,2,1,0,1,0
0.8,4,488,2,1,2,1,0,1,0
0.8,4,134,2,1,2,1,0,1,0
0.8,4,177,2,1,2,1,0,1,0
0.8,4,357,2,1,2,1,0,1,0
0.8,4,120,2,1,2,1,0,1,0
0.8,4,245,2,1,2,1,0,1,0
0.8,4,27,2,1,2,1,0,1,0
0.8,4,98,2,1,2,1,0,1,0
0.8,4,285,2,1,2,1,0,1,0
0.8,4,292,2,1,2,1,0,1,0
0.8,4,213,2,2,2,2,0,2,0
0.8,4,41,2,1,2,1,0,1,0
0.8,4,43,2,1,2,1,0,1,0
0.8,4,389,2,1,2,1,0,1,0
0.8,4,160,2,1,2,1,0,1,0
0.8,4,115,2,1,2,1,0,1,0
0.8,4,56,2,1,2,1,0,1,0
0.8,4,360,2,1,2,1,0,1,0
0.8,4,324,2,1,2,1,0,1,0
0.8,4,314,2,1,2,1,0,1,0
0.8,4,231,2,1,2,1,0,1,0
0.8,4,303,2,1,2,1,0,1,0
0.8,4,36,2,1,2,1,0,1,0
0.8,4,40,2,1,2,1,0,1,0
0.8,4,322,2,1,2,1,0,1,0
0.8,4,425,2,2,2,2,0,2,0
0.8,4,293,2,1,2,1,0,1,0
0.8,4,110,2,1,2,1,0,1,0
0.8,4,334,2,1,2,1,0,1,0
0.8,4,270,2,1,2,1,0,1,0
0.8,4,47,2,1,2,1,0,1,0
0.8,4,470,2,1,2,1,0,1,0
0.8,4,214,2,1,2,1,0,1,0
0.8,4,221,2,1,2,1,0,1,0
0.8,4,79,2,1,2,1,0,1,0
0.8,4,198,2,1,2,1,0,1,0
0.8,4,375,2,1,2,1,0,1,0
0.8,4,45,2,1,2,1,0,1,0
0.8,4,230,2,1,2,1,0,1,0
0.8,4,168,2,1,2,1,0,1,0
0.8,4,465,2,1,2,1,0,1,0
0.8,4,443,2,1,2,1,0,1,0
0.8,4,359,2,1,2,1,0,1,0
0.8,4,352,2,1,2,1,0,1,0
0.8,4,204,2,1,2,1,0,1,0
0.8,4,219,2,1,2,1,0,1,0
0.8,4,306,2,1,2,1,0,1,0
0.8,4,54,2,1,2,1,0,1,0
0.8,4,63,2,1,2,1,0,1,0
0.8,4,86,2,1,2,1,0,1,0
0.8,4,497,2,1,2,1,0,1,0
0.8,4,412,2,1,2,1,0,1,0
0.8,4,197,2,1,2,1,0,1,0
0.8,4,59,2,1,2,1,0,1,0
0.8,4,66,2,1,2,1,0,1,0
0.8,4,248,2,1,2,1,0,1,0
0.8,4,29,2,1,2,1,0,1,0
0.8,4,72,2,2,2,2,0,2,0
0.8,4,76,2,1,2,1,0,1,0
0.8,4,331,2,1,2,1,0,1,0
0.8,4,479,2,1,2,1,0,1,0
0.8,4,158,2,2,2,2,0,2,0
0.8,4,191,2,1,2,1,0,1,0
0.8,4,495,2,1,2,1,0,1,0
0.8,4,200,2,1,2,1,0,1,0
0.8,4,473,2,1,2,1,0,1,0
0.8,4,101,2,1,2,1,0,1,0
0.8,4,9,2,1,2,1,0,1,0
0.8,4,235,2,2,2,2,0,2,0
0.8,4,21,2,1,2,1,0,1,0
0.8,4,374,2,1,2,1,0,1,0
0.8,4,161,2,1,2,1,0,1,0
0.8,4,114,2,1,2,1,0,1,0
0.8,4,438,2,1,2,1,0,1,0
0.8,4,93,2,1,2,1,0,1,0
0.8,4,348,2,1,2,1,0,1,0
0.8,4,24,2,1,2,1,0,1,0
0.8,4,142,2,1,2,1,0,1,0
0.8,4,469,2,1,2,1,0,1,0
0.8,4,137,2,1,2,1,0,1,0
0.8,4,256,2,1,2,1,0,1,0
0.8,4,379,2,1,2,1,0,1,0
0.8,4,135,2,1,2,1,0,1,0
0.8,4,39,2,1,2,1,0,1,0
0.8,4,356,2,1,2,1,0,1,0
0.8,4,467,2,1,2,1,0,1,0
0.8,4,257,2,1,2,1,0,1,0
0.8,4,192,2,2,2,2,0,2,0
0.8,4,326,2,1,2,1,0,1,0
0.8,4,220,2,2,2,2,0,2,0
0.8,4,139,2,1,2,1,0,1,0
0.8,4,74,2,1,2,1,0,1,0
0.8,4,253,2,1,2,1,0,1,0
0.8,4,153,2,1,2,1,0,1,0
0.8,4,15,2,1,2,1,0,1,0
0.8,4,378,2,1,2,1,0,1,0
0.8,4,387,2,1,2,1,0,1,0
0.8,4,466,2,1,2,1,0,1,0
0.8,4,424,2,1,2,1,0,1,0
0.8,4,84,2,1,2,1,0,1,0
0.8,4,297,2,1,2,1,0,1,0
0.8,4,459,2,1,2,1,0,1,0
0.8,4,436,2,1,2,1,0,1,0
0.8,4,50,2,1,2,1,0,1,0
0.8,4,96,2,1,2,1,0,1,0
0.8,4,216,2,1,2,1,0,1,0
0.8,4,295,2,1,2,1,0,1,0
0.8,4,362,2,1,2,1,0,1,0
0.8,4,386,2,1,2,1,0,1,0
0.8,4,116,2,1,2,1,0,1,0
0.8,4,277,2,1,2,1,0,1,0
0.8,4,447,2,1,2,1,0,1,0
0.8,4,337,2,1,2,1,0,1,0
0.8,4,119,2,1,2,1,0,1,0
0.8,4,266,2,1,2,1,0,1,0
0.8,4,211,2,1,2,1,0,1,0
0.8,4,124,2,1,2,1,0,1,0
0.8,4,461,2,1,2,1,0,1,0
0.8,4,51,2,1,2,1,0,1,0
0.8,4,269,2,1,2,1,0,1,0
0.8,4,393,2,1,2,1,0,1,0
0.8,4,169,2,1,2,1,0,1,0
0.8,4,390,2,1,2,1,0,1,0
0.8,4,288,2,1,2,1,0,1,0
0.8,4,423,2,1,2,1,0,1,0
0.8,4,80,2,1,2,1,0,1,0
0.8,4,215,2,1,2,1,0,1,0
0.8,4,411,2,1,2,1,0,1,0
0.8,4,354,2,1,2,1,0,1,0
0.8,4,112,2,1,2,1,0,1,0
0.8,4,445,2,1,2,1,0,1,0
0.8,4,416,2,1,2,1,0,1,0
0.8,4,340,2,1,2,1,0,1,0
0.8,4,275,2,1,2,1,0,1,0
0.8,4,399,2,1,2,1,0,1,0
0.8,4,273,2,2,2,2,0,2,0
0.8,4,209,2,1,2,1,0,1,0
0.8,4,194,2,1,2,1,0,1,0
0.8,4,458,2,1,2,1,0,1,0
0.8,4,448,2,1,2,1,0,1,0
0.8,4,126,2,1,2,1,0,1,0
0.8,4,446,2,1,2,1,0,1,0
0.8,4,163,2,1,2,1,0,1,0
0.8,4,174,2,1,2,1,0,1,0
0.8,4,176,2,1,2,1,0,1,0
0.8,4,131,2,1,2,1,0,1,0
0.8,4,406,2,1,2,1,0,1,0
0.8,4,433,2,2,2,2,0,2,0
0.8,4,434,2,1,2,1,0,1,0
0.8,4,151,2,1,2,1,0,1,0
0.8,4,164,2,1,2,1,0,1,0
0.8,4,451,2,1,2,1,0,1,0
0.8,4,37,2,2,2,2,0,2,0
0.8,4,4,2,1,2,1,0,1,0
0.8,4,330,2,1,2,1,0,1,0
0.8,4,355,2,1,2,1,0,1,0
0.8,4,496,2,1,2,1,0,1,0
0.8,4,268,2,1,2,1,0,1,0
0.8,4,238,2,1,2,1,0,1,0
0.8,4,259,2,1,2,1,0,1,0
0.8,4,426,2,1,2,1,0,1,0
0.8,4,400,2,1,2,1,0,1,0
0.8,4,289,2,1,2,1,0,1,0
0.8,4,397,2,1,2,1,0,1,0
0.8,4,380,2,2,2,2,0,2,0
0.8,4,35,2,1,2,1,0,1,0
0.8,4,442,2,1,2,1,0,1,0
0.8,4,14,2,1,2,1,0,1,0
0.8,4,281,2,1,2,1,0,1,0
0.8,4,388,2,1,2,1,0,1,0
0.8,4,226,2,1,2,1,0,1,0
0.8,4,365,2,1,2,1,0,1,0
0.8,4,296,2,1,2,1,0,1,0
0.8,4,20,2,1,2,1,0,1,0
0.8,4,431,2,1,2,1,0,1,0
0.8,4,111,2,1,2,1,0,1,0
0.8,4,88,2,1,2,1,0,1,0
0.8,4,398,2,1,2,1,0,1,0
0.8,4,171,2,1,2,1,0,1,0
0.8,4,267,2,1,2,1,0,1,0
0.8,4,377,2,1,2,1,0,1,0
0.8,4,472,2,1,2,1,0,1,0
0.8,4,391,2,2,2,2,0,2,0
0.8,4,493,2,1,2,1,0,1,0
0.8,4,396,2,1,2,1,0,1,0
0.8,4,46,2,1,2,1,0,1,0
0.8,4,208,2,1,2,1,0,1,0
0.8,4,476,2,1,2,1,0,1,0
0.8,4,422,2,1,2,1,0,1,0
0.8,4,260,2,1,2,1,0,1,0
0.8,4,363,2,1,2,1,0,1,0
0.8,4,185,2,1,2,1,0,1,0
0.8,4,265,2,1,2,1,0,1,0
0.8,4,175,2,1,2,1,0,1,0
0.8,4,123,2,1,2,1,0,1,0
0.8,4,315,2,1,2,1,0,1,0
0.8,4,435,2,1,2,1,0,1,0
0.8,4,410,2,1,2,1,0,1,0
0.8,4,463,2,1,2,1,0,1,0
0.8,4,366,2,1,2,1,0,1,0
0.8,4,460,2,1,2,1,0,1,0
0.8,4,319,2,1,2,1,0,1,0
0.8,4,237,2,1,2,1,0,1,0
0.8,4,100,2,2,2,2,0,2,0
0.8,4,499,2,1,2,1,0,1,0
0.8,4,189,2,1,2,1,0,1,0
0.8,4,121,2,1,2,1,0,1,0
0.8,4,201,2,1,2,1,0,1,0
0.8,4,342,2,1,2,1,0,1,0
0.8,4,392,2,1,2,1,0,1,0
0.8,4,217,2,1,2,1,0,1,0
0.8,4,212,2,1,2,1,0,1,0
0.8,4,233,2,1,2,1,0,1,0
0.8,4,454,2,1,2,1,0,1,0
0.8,4,0,2,2,2,2,0,2,0
0.8,4,347,2,1,2,1,0,1,0
0.8,4,477,2,1,2,1,0,1,0
0.8,4,11,2,1,2,1,0,1,0
0.8,4,55,2,1,2,1,0,1,0
0.8,4,144,2,1,2,1,0,1,0
0.8,4,369,2,1,2,1,0,1,0
0.8,4,487,2,1,2,1,0,1,0
0.8,4,106,2,1,2,1,0,1,0
0.8,4,441,2,1,2,1,0,1,0
0.8,4,408,2,1,2,1,0,1,0
0.8,4,353,2,1,2,1,0,1,0
0.8,4,413,2,1,2,1,0,1,0
0.8,4,97,2,1,2,1,0,1,0
0.8,4,311,2,1,2,1,0,1,0
0.8,4,327,2,1,2,1,0,1,0
0.8,4,12,2,1,2,1,0,1,0
0.8,4,64,2,1,2,1,0,1,0
0.8,4,188,2,1,2,1,0,1,0
0.8,4,376,2,2,2,2,0,2,0
0.8,4,349,2,1,2,1,0,1,0
0.8,4,272,2,1,2,1,0,1,0
0.8,4,371,2,1,2,1,0,1,0
0.8,4,129,2,1,2,1,0,1,0
0.8,4,462,2,1,2,1,0,1,0
0.8,4,494,2,1,2,1,0,1,0
0.8,4,328,2,1,2,1,0,1,0
0.8,4,358,2,1,2,1,0,1,0
0.8,4,321,2,1,2,1,0,1,0
0.8,4,193,2,2,2,2,0,2,0
0.8,4,234,2,1,2,1,0,1,0
0.8,4,308,2,1,2,1,0,1,0
0.8,4,341,2,1,2,1,0,1,0
0.8,4,148,2,1,2,1,0,1,0
0.8,4,415,2,1,2,1,0,1,0
0.8,4,205,2,1,2,1,0,1,0
0.8,4,57,2,1,2,1,0,1,0
0.8,4,5,2,1,2,1,0,1,0
0.8,4,90,2,1,2,1,0,1,0
0.8,4,407,2,1,2,1,0,1,0
0.8,4,2,2,1,2,1,0,1,0
0.8,4,368,2,1,2,1,0,1,0
0.8,4,405,2,1,2,1,0,1,0
0.8,4,402,2,1,2,1,0,1,0
0.8,4,367,2,1,2,1,0,1,0
0.8,4,103,2,1,2,1,0,1,0
0.8,4,52,2,1,2,1,0,1,0
0.8,4,146,2,1,2,1,0,1,0
0.8,4,195,2,1,2,1,0,1,0
0.8,4,184,2,1,2,1,0,1,0
0.8,4,489,2,1,2,1,0,1,0
0.8,4,252,2,1,2,1,0,1,0
0.8,4,87,2,1,2,1,0,1,0
0.8,4,180,2,1,2,1,0,1,0
0.8,4,300,2,1,2,1,0,1,0
0.8,4,117,2,1,2,1,0,1,0
0.8,4,25,2,1,2,1,0,1,0
0.8,4,343,2,1,2,1,0,1,0
0.8,4,7,2,1,2,1,0,1,0
0.8,4,430,2,1,2,1,0,1,0
0.8,4,48,2,1,2,1,0,1,0
0.8,4,427,2,1,2,1,0,1,0
0.8,4,104,2,1,2,1,0,1,0
0.8,4,310,2,1,2,1,0,1,0
0.8,4,242,2,1,2,1,0,1,0
0.8,4,298,2,1,2,1,0,1,0
0.8,4,345,2,1,2,1,0,1,0
0.8,4,16,2,1,2,1,0,1,0
0.8,4,318,2,1,2,1,0,1,0
0.8,4,437,2,1,2,1,0,1,0
0.8,4,282,2,1,2,1,0,1,0
0.8,4,107,2,1,2,1,0,1,0
0.8,4,309,2,1,2,1,0,1,0
0.8,4,236,2,1,2,1,0,1,0
0.8,4,299,2,1,2,1,0,1,0
0.8,4,491,2,1,2,1,0,1,0
0.8,4,474,2,1,2,1,0,1,0
0.8,4,264,2,1,2,1,0,1,0
0.8,4,132,2,1,2,1,0,1,0
0.8,4,498,2,1,2,1,0,1,0
0.8,4,8,2,1,2,1,0,1,0
0.8,4,222,2,1,2,1,0,1,0
0.8,4,83,2,1,2,1,0,1,0
0.8,8,223,2,1,2,1,0,1,0
0.8,8,122,2,1,2,1,0,1,0
0.8,8,373,2,1,2,1,0,1,0
0.8,8,10,2,1,2,1,0,1,0
0.8,8,227,2,1,2,1,0,1,0
0.8,8,6,2,1,2,1,0,1,0
0.8,8,190,2,1,2,1,0,1,0
0.8,8,294,2,1,2,1,0,1,0
0.8,8,206,2,1,2,1,0,1,0
0.8,8,344,2,1,2,1,0,1,0
0.8,8,81,2,1,2,1,0,1,0
0.8,8,34,2,1,2,1,0,1,0
0.8,8,478,2,1,2,1,0,1,0
0.8,8,225,2,1,2,1,0,1,0
0.8,8,452,2,1,2,1,0,1,0
0.8,8,67,2,1,2,1,0,1,0
0.8,8,286,2,1,2,1,0,1,0
0.8,8,251,2,1,2,1,0,1,0
0.8,8,335,2,1,2,1,0,1,0
0.8,8,439,2,1,2,1,0,1,0
0.8,8,409,2,1,2,1,0,1,0
0.8,8,125,2,1,2,1,0,1,0
0.8,8,70,2,1,2,1,0,1,0
0.8,8,145,2,1,2,1,0,1,0
0.8,8,73,2,1,2,1,0,1,0
0.8,8,284,2,1,2,1,0,1,0
0.8,8,186,2,1,2,1,0,1,0
0.8,8,58,2,1,2,1,0,1,0
0.8,8,381,2,1,2,1,0,1,0
0.8,8,305,2,1,2,1,0,1,0
0.8,8,149,2,2,2,2,0,2,0
0.8,8,140,2,1,2,1,0,1,0
0.8,8,364,2,1,2,1,0,1,0
0.8,8,361,2,1,2,1,0,1,0
0.8,8,23,2,1,2,1,0,1,0
0.8,8,254,2,1,2,1,0,1,0
0.8,8,173,2,1,2,1,0,1,0
0.8,8,456,2,1,2,1,0,1,0
0.8,8,403,2,1,2,1,0,1,0
0.8,8,382,2,1,2,1,0,1,0
0.8,8,320,2,1,2,1,0,1,0
0.8,8,167,2,1,2,1,0,1,0
0.8,8,419,2,1,2,1,0,1,0
0.8,8,262,2,1,2,1,0,1,0
0.8,8,91,2,2,2,2,0,2,0
0.8,8,19,2,1,2,1,0,1,0
0.8,8,78,2,1,2,1,0,1,0
0.8,8,440,2,1,2,1,0,1,0
0.8,8,350,2,1,2,1,0,1,0
0.8,8,113,2,1,2,1,0,1,0
0.8,8,291,2,1,2,1,0,1,0
0.8,8,370,2,1,2,1,0,1,0
0.8,8,152,2,1,2,1,0,1,0
0.8,8,99,2,1,2,1,0,1,0
0.8,8,32,2,1,2,1,0,1,0
0.8,8,77,2,1,2,1,0,1,0
0.8,8,183,2,1,2,1,0,1,0
0.8,8,383,2,1,2,1,0,1,0
0.8,8,179,2,1,2,1,0,1,0
0.8,8,68,2,1,2,1,0,1,0
0.8,8,385,2,1,2,1,0,1,0
0.8,8,464,2,1,2,1,0,1,0
0.8,8,482,2,1,2,1,0,1,0
0.8,8,351,2,1,2,1,0,1,0
0.8,8,287,2,1,2,1,0,1,0
0.8,8,302,2,1,2,1,0,1,0
0.8,8,457,2,1,2,1,0,1,0
0.8,8,94,2,1,2,1,0,1,0
0.8,8,102,2,2,2,2,0,2,0
0.8,8,490,2,1,2,1,0,1,0
0.8,8,449,2,1,2,1,0,1,0
0.8,8,172,2,1,2,1,0,1,0
0.8,8,323,2,1,2,1,0,1,0
0.8,8,484,2,1,2,1,0,1,0
0.8,8,312,2,1,2,1,0,1,0
0.8,8,69,2,1,2,1,0,1,0
0.8,8,157,2,1,2,1,0,1,0
0.8,8,280,2,1,2,1,0,1,0
0.8,8,187,2,1,2,1,0,1,0
0.8,8,232,2,1,2,1,0,1,0
0.8,8,133,2,2,2,2,0,2,0
0.8,8,128,2,1,2,1,0,1,0
0.8,8,250,2,1,2,1,0,1,0
0.8,8,483,2,1,2,1,0,1,0
0.8,8,218,2,1,2,1,0,1,0
0.8,8,338,2,1,2,1,0,1,0
0.8,8,486,2,1,2,1,0,1,0
0.8,8,420,2,1,2,1,0,1,0
0.8,8,333,2,1,2,1,0,1,0
0.8,8,401,2,1,2,1,0,1,0
0.8,8,61,2,1,2,1,0,1,0
0.8,8,432,2,1,2,1,0,1,0
0.8,8,428,2,1,2,1,0,1,0
0.8,8,38,2,1,2,1,0,1,0
0.8,8,480,2,1,2,1,0,1,0
0.8,8,199,2,1,2,1,0,1,0
0.8,8,17,2,1,2,1,0,1,0
0.8,8,162,2,1,2,1,0,1,0
0.8,8,62,2,1,2,1,0,1,0
0.8,8,181,2,1,2,1,0,1,0
0.8,8,307,2,1,2,1,0,1,0
0.8,8,271,2,1,2,1,0,1,0
0.8,8,418,2,1,2,1,0,1,0
0.8,8,130,2,1,2,1,0,1,0
0.8,8,44,2,1,2,1,0,1,0
0.8,8,138,2,1,2,1,0,1,0
0.8,8,165,2,1,2,1,0,1,0
0.8,8,203,2,1,2,1,0,1,0
0.8,8,22,2,1,2,1,0,1,0
0.8,8,85,2,1,2,1,0,1,0
0.8,8,316,2,1,2,1,0,1,0
0.8,8,279,2,1,2,1,0,1,0
0.8,8,108,2,1,2,1,0,1,0
0.8,8,325,2,1,2,1,0,1,0
0.8,8,384,2,1,2,1,0,1,0
0.8,8,274,2,1,2,1,0,1,0
0.8,8,261,2,1,2,1,0,1,0
0.8,8,207,2,1,2,1,0,1,0
0.8,8,339,2,1,2,1,0,1,0
0.8,8,224,2,1,2,1,0,1,0
0.8,8,196,2,1,2,1,0,1,0
0.8,8,283,2,1,2,1,0,1,0
0.8,8,243,2,1,2,1,0,1,0
0.8,8,258,2,1,2,1,0,1,0
0.8,8,229,2,1,2,1,0,1,0
0.8,8,247,2,1,2,1,0,1,0
0.8,8,89,2,1,2,1,0,1,0
0.8,8,394,2,1,2,1,0,1,0
0.8,8,82,2,1,2,1,0,1,0
0.8,8,444,2,1,2,1,0,1,0
0.8,8,147,2,1,2,1,0,1,0
0.8,8,178,2,1,2,1,0,1,0
0.8,8,239,2,1,2,1,0,1,0
0.8,8,240,2,1,2,1,0,1,0
0.8,8,3,2,2,2,2,0,2,0
0.8,8,154,2,1,2,1,0,1,0
0.8,8,53,2,1,2,1,0,1,0
0.8,8,417,2,1,2,1,0,1,0
0.8,8,313,2,1,2,1,0,1,0
0.8,8,468,2,1,2,1,0,1,0
0.8,8,182,2,1,2,1,0,1,0
0.8,8,26,2,1,2,1,0,1,0
0.8,8,202,2,1,2,1,0,1,0
0.8,8,30,2,1,2,1,0,1,0
0.8,8,92,2,1,2,1,0,1,0
0.8,8,136,2,1,2,1,0,1,0
0.8,8,13,2,1,2,1,0,1,0
0.8,8,492,2,2,2,2,0,2,0
0.8,8,143,2,1,2,1,0,1,0
0.8,8,118,2,1,2,1,0,1,0
0.8,8,290,2,1,2,1,0,1,0
0.8,8,31,2,1,2,1,0,1,0
0.8,8,141,2,1,2,1,0,1,0
0.8,8,485,2,1,2,1,0,1,0
0.8,8,18,2,1,2,1,0,1,0
0.8,8,346,2,1,2,1,0,1,0
0.8,8,304,2,1,2,1,0,1,0
0.8,8,471,2,1,2,1,0,1,0
0.8,8,105,2,1,2,1,0,1,0
0.8,8,336,2,1,2,1,0,1,0
0.8,8,75,2,1,2,1,0,1,0
0.8,8,166,2,1,2,1,0,1,0
0.8,8,414,2,1,2,1,0,1,0
0.8,8,421,2,1,2,1,0,1,0
0.8,8,159,2,1,2,1,0,1,0
0.8,8,429,2,1,2,1,0,1,0
0.8,8,49,2,1,2,1,0,1,0
0.8,8,301,2,2,2,2,0,2,0
0.8,8,95,2,2,2,2,0,2,0
0.8,8,263,2,1,2,1,0,1,0
0.8,8,156,2,1,2,1,0,1,0
0.8,8,453,2,1,2,1,0,1,0
0.8,8,481,2,1,2,1,0,1,0
0.8,8,210,2,1,2,1,0,1,0
0.8,8,317,2,1,2,1,0,1,0
0.8,8,255,2,1,2,1,0,1,0
0.8,8,150,2,1,2,1,0,1,0
0.8,8,65,2,1,2,1,0,1,0
0.8,8,60,2,1,2,1,0,1,0
0.8,8,28,2,1,2,1,0,1,0
0.8,8,404,2,1,2,1,0,1,0
0.8,8,127,2,1,2,1,0,1,0
0.8,8,450,2,1,2,1,0,1,0
0.8,8,278,2,1,2,1,0,1,0
0.8,8,276,2,1,2,1,0,1,0
0.8,8,109,2,1,2,1,0,1,0
0.8,8,42,2,1,2,1,0,1,0
0.8,8,155,2,1,2,1,0,1,0
0.8,8,228,2,1,2,1,0,1,0
0.8,8,244,2,1,2,1,0,1,0
0.8,8,249,2,1,2,1,0,1,0
0.8,8,372,2,1,2,1,0,1,0
0.8,8,1,2,1,2,1,0,1,0
0.8,8,71,2,1,2,1,0,1,0
0.8,8,170,2,1,2,1,0,1,0
0.8,8,33,2,1,2,1,0,1,0
0.8,8,395,2,1,2,1,0,1,0
0.8,8,246,2,2,2,2,0,2,0
0.8,8,329,2,1,2,1,0,1,0
0.8,8,455,2,1,2,1,0,1,0
0.8,8,332,2,2,2,2,0,2,0
0.8,8,241,2,1,2,1,0,1,0
0.8,8,475,2,1,2,1,0,1,0
0.8,8,488,2,1,2,1,0,1,0
0.8,8,134,2,1,2,1,0,1,0
0.8,8,177,2,1,2,1,0,1,0
0.8,8,357,2,1,2,1,0,1,0
0.8,8,120,2,1,2,1,0,1,0
0.8,8,245,2,1,2,1,0,1,0
0.8,8,27,2,1,2,1,0,1,0
0.8,8,98,2,1,2,1,0,1,0
0.8,8,285,2,1,2,1,0,1,0
0.8,8,292,2,1,2,1,0,1,0
0.8,8,213,2,2,2,2,0,2,0
0.8,8,41,2,1,2,1,0,1,0
0.8,8,43,2,1,2,1,0,1,0
0.8,8,389,2,1,2,1,0,1,0
0.8,8,160,2,1,2,1,0,1,0
0.8,8,115,2,1,2,1,0,1,0
0.8,8,56,2,1,2,1,0,1,0
0.8,8,360,2,1,2,1,0,1,0
0.8,8,324,2,1,2,1,0,1,0
0.8,8,314,2,1,2,1,0,1,0
0.8,8,231,2,1,2,1,0,1,0
0.8,8,303,2,1,2,1,0,1,0
0.8,8,36,2,1,2,1,0,1,0
0.8,8,40,2,1,2,1,0,1,0
0.8,8,322,2,1,2,1,0,1,0
0.8,8,425,2,2,2,2,0,2,0
0.8,8,293,2,1,2,1,0,1,0
0.8,8,110,2,1,2,1,0,1,0
0.8,8,334,2,1,2,1,0,1,0
0.8,8,270,2,1,2,1,0,1,0
0.8,8,47,2,1,2,1,0,1,0
0.8,8,470,2,1,2,1,0,1,0
0.8,8,214,2,1,2,1,0,1,0
0.8,8,221,2,1,2,1,0,1,0
0.8,8,79,2,1,2,1,0,1,0
0.8,8,198,2,1,2,1,0,1,0
0.8,8,375,2,1,2,1,0,1,0
0.8,8,45,2,1,2,1,0,1,0
0.8,8,230,2,1,2,1,0,1,0
0.8,8,168,2,1,2,1,0,1,0
0.8,8,465,2,1,2,1,0,1,0
0.8,8,443,2,1,2,1,0,1,0
0.8,8,359,2,1,2,1,0,1,0
0.8,8,352,2,1,2,1,0,1,0
0.8,8,204,2,1,2,1,0,1,0
0.8,8,219,2,1,2,1,0,1,0
0.8,8,306,2,1,2,1,0,1,0
0.8,8,54,2,1,2,1,0,1,0
0.8,8,63,2,1,2,1,0,1,0
0.8,8,86,2,1,2,1,0,1,0
0.8,8,497,2,1,2,1,0,1,0
0.8,8,412,2,1,2,1,0,1,0
0.8,8,197,2,1,2,1,0,1,0
0.8,8,59,2,1,2,1,0,1,0
0.8,8,66,2,1,2,1,0,1,0
0.8,8,248,2,1,2,1,0,1,0
0.8,8,29,2,1,2,1,0,1,0
0.8,8,72,2,2,2,2,0,2,0
0.8,8,76,2,1,2,1,0,1,0
0.8,8,331,2,1,2,1,0,1,0
0.8,8,479,2,1,2,1,0,1,0
0.8,8,158,2,2,2,2,0,2,0
0.8,8,191,2,1,2,1,0,1,0
0.8,8,495,2,1,2,1,0,1,0
0.8,8,200,2,1,2,1,0,1,0
0.8,8,473,2,1,2,1,0,1,0
0.8,8,101,2,1,2,1,0,1,0
0.8,8,9,2,1,2,1,0,1,0
0.8,8,235,2,2,2,2,0,2,0
0.8,8,21,2,1,2,1,0,1,0
0.8,8,374,2,1,2,1,0,1,0
0.8,8,161,2,1,2,1,0,1,0
0.8,8,114,2,1,2,1,0,1,0
0.8,8,438,2,1,2,1,0,1,0
0.8,8,93,2,1,2,1,0,1,0
0.8,8,348,2,1,2,1,0,1,0
0.8,8,24,2,1,2,1,0,1,0
0.8,8,142,2,1,2,1,0,1,0
0.8,8,469,2,1,2,1,0,1,0
0.8,8,137,2,1,2,1,0,1,0
0.8,8,256,2,1,2,1,0,1,0
0.8,8,379,2,1,2,1,0,1,0
0.8,8,135,2,1,2,1,0,1,0
0.8,8,39,2,1,2,1,0,1,0
0.8,8,356,2,1,2,1,0,1,0
0.8,8,467,2,1,2,1,0,1,0
0.8,8,257,2,1,2,1,0,1,0
0.8,8,192,2,2,2,2,0,2,0
0.8,8,326,2,1,2,1,0,1,0
0.8,8,220,2,2,2,2,0,2,0
0.8,8,139,2,1,2,1,0,1,0
0.8,8,74,2,1,2,1,0,1,0
0.8,8,253,2,1,2,1,0,1,0
0.8,8,153,2,1,2,1,0,1,0
0.8,8,15,2,1,2,1,0,1,0
0.8,8,378,2,1,2,1,0,1,0
0.8,8,387,2,1,2,1,0,1,0
0.8,8,466,2,1,2,1,0,1,0
0.8,8,424,2,1,2,1,0,1,0
0.8,8,84,2,1,2,1,0,1,0
0.8,8,297,2,1,2,1,0,1,0
0.8,8,459,2,1,2,1,0,1,0
0.8,8,436,2,1,2,1,0,1,0
0.8,8,50,2,1,2,1,0,1,0
0.8,8,96,2,1,2,1,0,1,0
0.8,8,216,2,1,2,1,0,1,0
0.8,8,295,2,1,2,1,0,1,0
0.8,8,362,2,1,2,1,0,1,0
0.8,8,386,2,1,2,1,0,1,0
0.8,8,116,2,1,2,1,0,1,0
0.8,8,277,2,1,2,1,0,1,0
0.8,8,447,2,1,2,1,0,1,0
0.8,8,337,2,1,2,1,0,1,0
0.8,8,119,2,1,2,1,0,1,0
0.8,8,266,2,1,2,1,0,1,0
0.8,8,211,2,1,2,1,0,1,0
0.8,8,124,2,1,2,1,0,1,0
0.8,8,461,2,1,2,1,0,1,0
0.8,8,51,2,1,2,1,0,1,0
0.8,8,269,2,1,2,1,0,1,0
0.8,8,393,2,1,2,1,0,1,0
0.8,8,169,2,1,2,1,0,1,0
0.8,8,390,2,1,2,1,0,1,0
0.8,8,288,2,1,2,1,0,1,0
0.8,8,423,2,1,2,1,0,1,0
0.8,8,80,2,1,2,1,0,1,0
0.8,8,215,2,1,2,1,0,1,0
0.8,8,411,2,1,2,1,0,1,0
0.8,8,354,2,1,2,1,0,1,0
0.8,8,112,2,1,2,1,0,1,0
0.8,8,445,2,1,2,1,0,1,0
0.8,8,416,2,1,2,1,0,1,0
0.8,8,340,2,1,2,1,0,1,0
0.8,8,275,2,1,2,1,0,1,0
0.8,8,399,2,1,2,1,0,1,0
0.8,8,273,2,2,2,2,0,2,0
0.8,8,209,2,1,2,1,0,1,0
0.8,8,194,2,1,2,1,0,1,0
0.8,8,458,2,1,2,1,0,1,0
0.8,8,448,2,1,2,1,0,1,0
0.8,8,126,2,1,2,1,0,1,0
0.8,8,446,2,1,2,1,0,1,0
0.8,8,163,2,1,2,1,0,1,0
0.8,8,174,2,1,2,1,0,1,0
0.8,8,176,2,1,2,1,0,1,0
0.8,8,131,2,1,2,1,0,1,0
0.8,8,406,2,1,2,1,0,1,0
0.8,8,433,2,2,2,2,0,2,0
0.8,8,434,2,1,2,1,0,1,0
0.8,8,151,2,1,2,1,0,1,0
0.8,8,164,2,1,2,1,0,1,0
0.8,8,451,2,1,2,1,0,1,0
0.8,8,37,2,2,2,2,0,2,0
0.8,8,4,2,1,2,1,0,1,0
0.8,8,330,2,1,2,1,0,1,0
0.8,8,355,2,1,2,1,0,1,0
0.8,8,496,2,1,2,1,0,1,0
0.8,8,268,2,1,2,1,0,1,0
0.8,8,238,2,1,2,1,0,1,0
0.8,8,259,2,1,2,1,0,1,0
0.8,8,426,2,1,2,1,0,1,0
0.8,8,400,2,1,2,1,0,1,0
0.8,8,289,2,1,2,1,0,1,0
0.8,8,397,2,1,2,1,0,1,0
0.8,8,380,2,2,2,2,0,2,0
0.8,8,35,2,1,2,1,0,1,0
0.8,8,442,2,1,2,1,0,1,0
0.8,8,14,2,1,2,1,0,1,0
0.8,8,281,2,1,2,1,0,1,0
0.8,8,388,2,1,2,1,0,1,0
0.8,8,226,2,1,2,1,0,1,0
0.8,8,365,2,1,2,1,0,1,0
0.8,8,296,2,1,2,1,0,1,0
0.8,8,20,2,1,2,1,0,1,0
0.8,8,431,2,1,2,1,0,1,0
0.8,8,111,2,1,2,1,0,1,0
0.8,8,88,2,1,2,1,0,1,0
0.8,8,398,2,1,2,1,0,1,0
0.8,8,171,2,1,2,1,0,1,0
0.8,8,267,2,1,2,1,0,1,0
0.8,8,377,2,1,2,1,0,1,0
0.8,8,472,2,1,2,1,0,1,0
0.8,8,391,2,2,2,2,0,2,0
0.8,8,493,2,1,2,1,0,1,0
0.8,8,396,2,1,2,1,0,1,0
0.8,8,46,2,1,2,1,0,1,0
0.8,8,208,2,1,2,1,0,1,0
0.8,8,476,2,1,2,1,0,1,0
0.8,8,422,2,1,2,1,0,1,0
0.8,8,260,2,1,2,1,0,1,0
0.8,8,363,2,1,2,1,0,1,0
0.8,8,185,2,1,2,1,0,1,0
0.8,8,265,2,1,2,1,0,1,0
0.8,8,175,2,1,2,1,0,1,0
0.8,8,123,2,1,2,1,0,1,0
0.8,8,315,2,1,2,1,0,1,0
0.8,8,435,2,1,2,1,0,1,0
0.8,8,410,2,1,2,1,0,1,0
0.8,8,463,2,1,2,1,0,1,0
0.8,8,366,2,1,2,1,0,1,0
0.8,8,460,2,1,2,1,0,1,0
0.8,8,319,2,1,2,1,0,1,0
0.8,8,237,2,1,2,1,0,1,0
0.8,8,100,2,2,2,2,0,2,0
0.8,8,499,2,1,2,1,0,1,0
0.8,8,189,2,1,2,1,0,1,0
0.8,8,121,2,1,2,1,0,1,0
0.8,8,201,2,1,2,1,0,1,0
0.8,8,342,2,1,2,1,0,1,0
0.8,8,392,2,1,2,1,0,1,0
0.8,8,217,2,1,2,1,0,1,0
0.8,8,212,2,1,2,1,0,1,0
0.8,8,233,2,1,2,1,0,1,0
0.8,8,454,2,1,2,1,0,1,0
0.8,8,0,2,2,2,2,0,2,0
0.8,8,347,2,1,2,1,0,1,0
0.8,8,477,2,1,2,1,0,1,0
0.8,8,11,2,1,2,1,0,1,0
0.8,8,55,2,1,2,1,0,1,0
0.8,8,144,2,1,2,1,0,1,0
0.8,8,369,2,1,2,1,0,1,0
0.8,8,487,2,1,2,1,0,1,0
0.8,8,106,2,1,2,1,0,1,0
0.8,8,441,2,1,2,1,0,1,0
0.8,8,408,2,1,2,1,0,1,0
0.8,8,353,2,1,2,1,0,1,0
0.8,8,413,2,1,2,1,0,1,0
0.8,8,97,2,1,2,1,0,1,0
0.8,8,311,2,1,2,1,0,1,0
0.8,8,327,2,1,2,1,0,1,0
0.8,8,12,2,1,2,1,0,1,0
0.8,8,64,2,1,2,1,0,1,0
0.8,8,188,2,1,2,1,0,1,0
0.8,8,376,2,2,2,2,0,2,0
0.8,8,349,2,1,2,1,0,1,0
0.8,8,272,2,1,2,1,0,1,0
0.8,8,371,2,1,2,1,0,1,0
0.8,8,129,2,1,2,1,0,1,0
0.8,8,462,2,1,2,1,0,1,0
0.8,8,494,2,1,2,1,0,1,0
0.8,8,328,2,1,2,1,0,1,0
0.8,8,358,2,1,2,1,0,1,0
0.8,8,321,2,1,2,1,0,1,0
0.8,8,193,2,2,2,2,0,2,0
0.8,8,234,2,1,2,1,0,1,0
0.8,8,308,2,1,2,1,0,1,0
0.8,8,341,2,1,2,1,0,1,0
0.8,8,148,2,1,2,1,0,1,0
0.8,8,415,2,1,2,1,0,1,0
0.8,8,205,2,1,2,1,0,1,0
0.8,8,57,2,1,2,1,0,1,0
0.8,8,5,2,1,2,1,0,1,0
0.8,8,90,2,1,2,1,0,1,0
0.8,8,407,2,1,2,1,0,1,0
0.8,8,2,2,1,2,1,0,1,0
0.8,8,368,2,1,2,1,0,1,0
0.8,8,405,2,1,2,1,0,1,0
0.8,8,402,2,1,2,1,0,1,0
0.8,8,367,2,1,2,1,0,1,0
0.8,8,103,2,1,2,1,0,1,0
0.8,8,52,2,1,2,1,0,1,0
0.8,8,146,2,1,2,1,0,1,0
0.8,8,195,2,1,2,1,0,1,0
0.8,8,184,2,1,2,1,0,1,0
0.8,8,489,2,1,2,1,0,1,0
0.8,8,252,2,1,2,1,0,1,0
0.8,8,87,2,1,2,1,0,1,0
0.8,8,180,2,1,2,1,0,1,0
0.8,8,300,2,1,2,1,0,1,0
0.8,8,117,2,1,2,1,0,1,0
0.8,8,25,2,1,2,1,0,1,0
0.8,8,343,2,1,2,1,0,1,0
0.8,8,7,2,1,2,1,0,1,0
0.8,8,430,2,1,2,1,0,1,0
0.8,8,48,2,1,2,1,0,1,0
0.8,8,427,2,1,2,1,0,1,0
0.8,8,104,2,1,2,1,0,1,0
0.8,8,310,2,1,2,1,0,1,0
0.8,8,242,2,1,2,1,0,1,0
0.8,8,298,2,1,2,1,0,1,0
0.8,8,345,2,1,2,1,0,1,0
0.8,8,16,2,1,2,1,0,1,0
0.8,8,318,2,1,2,1,0,1,0
0.8,8,437,2,1,2,1,0,1,0
0.8,8,282,2,1,2,1,0,1,0
0.8,8,107,2,1,2,1,0,1,0
0.8,8,309,2,1,2,1,0,1,0
0.8,8,236,2,1,2,1,0,1,0
0.8,8,299,2,1,2,1,0,1,0
0.8,8,491,2,1,2,1,0,1,0
0.8,8,474,2,1,2,1,0,1,0
0.8,8,264,2,1,2,1,0,1,0
0.8,8,132,2,1,2,1,0,1,0
0.8,8,498,2,1,2,1,0,1,0
0.8,8,8,2,1,2,1,0,1,0
0.8,8,222,2,1,2,1,0,1,0
0.8,8,83,2,1,2,1,0,1,0
0.8,16,223,2,1,2,1,0,1,0
0.8,16,122,2,1,2,1,0,1,0
0.8,16,373,2,1,2,1,0,1,0
0.8,16,10,2,1,2,1,0,1,0
0.8,16,227,2,1,2,1,0,1,0
0.8,16,6,2,1,2,1,0,1,0
0.8,16,190,2,1,2,1,0,1,0
0.8,16,294,2,1,2,1,0,1,0
0.8,16,206,2,1,2,1,0,1,0
0.8,16,344,2,1,2,1,0,1,0
0.8,16,81,2,1,2,1,0,1,0
0.8,16,34,2,1,2,1,0,1,0
0.8,16,478,2,1,2,1,0,1,0
0.8,16,225,2,1,2,1,0,1,0
0.8,16,452,2,1,2,1,0,1,0
0.8,16,67,2,1,2,1,0,1,0
0.8,16,286,2,1,2,1,0,1,0
0.8,16,251,2,1,2,1,0,1,0
0.8,16,335,2,1,2,1,0,1,0
0.8,16,439,2,1,2,1,0,1,0
0.8,16,409,2,1,2,1,0,1,0
0.8,16,125,2,1,2,1,0,1,0
0.8,16,70,2,1,2,1,0,1,0
0.8,16,145,2,1,2,1,0,1,0
0.8,16,73,2,1,2,1,0,1,0
0.8,16,284,2,1,2,1,0,1,0
0.8,16,186,2,1,2,1,0,1,0
0.8,16,58,2,1,2,1,0,1,0
0.8,16,381,2,1,2,1,0,1,0
0.8,16,305,2,1,2,1,0,1,0
0.8,16,149,2,2,2,2,0,2,0
0.8,16,140,2,1,2,1,0,1,0
0.8,16,364,2,1,2,1,0,1,0
0.8,16,361,2,1,2,1,0,1,0
0.8,16,23,2,1,2,1,0,1,0
0.8,16,254,2,1,2,1,0,1,0
0.8,16,173,2,1,2,1,0,1,0
0.8,16,456,2,1,2,1,0,1,0
0.8,16,403,2,1,2,1,0,1,0
0.8,16,382,2,1,2,1,0,1,0
0.8,16,320,2,1,2,1,0,1,0
0.8,16,167,2,1,2,1,0,1,0
0.8,16,419,2,1,2,1,0,1,0
0.8,16,262,2,1,2,1,0,1,0
0.8,16,91,2,2,2,2,0,2,0
0.8,16,19,2,1,2,1,0,1,0
0.8,16,78,2,1,2,1,0,1,0
0.8,16,440,2,1,2,1,0,1,0
0.8,16,350,2,1,2,1,0,1,0
0.8,16,113,2,1,2,1,0,1,0
0.8,16,291,2,1,2,1,0,1,0
0.8,16,370,2,1,2,1,0,1,0
0.8,16,152,2,1,2,1,0,1,0
0.8,16,99,2,1,2,1,0,1,0
0.8,16,32,2,1,2,1,0,1,0
0.8,16,77,2,1,2,1,0,1,0
0.8,16,183,2,1,2,1,0,1,0
0.8,16,383,2,1,2,1,0,1,0
0.8,16,179,2,1,2,1,0,1,0
0.8,16,68,2,1,2,1,0,1,0
0.8,16,385,2,1,2,1,0,1,0
0.8,16,464,2,1,2,1,0,1,0
0.8,16,482,2,1,2,1,0,1,0
0.8,16,351,2,1,2,1,0,1,0
0.8,16,287,2,1,2,1,0,1,0
0.8,16,302,2,1,2,1,0,1,0
0.8,16,457,2,1,2,1,0,1,0
0.8,16,94,2,1,2,1,0,1,0
0.8,16,102,2,2,2,2,0,2,0
0.8,16,490,2,1,2,1,0,1,0
0.8,16,449,2,1,2,1,0,1,0
0.8,16,172,2,1,2,1,0,1,0
0.8,16,323,2,1,2,1,0,1,0
0.8,16,484,2,1,2,1,0,1,0
0.8,16,312,2,1,2,1,0,1,0
0.8,16,69,2,1,2,1,0,1,0
0.8,16,157,2,1,2,1,0,1,0
0.8,16,280,2,1,2,1,0,1,0
0.8,16,187,2,1,2,1,0,1,0
0.8,16,232,2,1,2,1,0,1,0
0.8,16,133,2,2,2,2,0,2,0
0.8,16,128,2,1,2,1,0,1,0
0.8,16,250,2,1,2,1,0,1,0
0.8,16,483,2,1,2,1,0,1,0
0.8,16,218,2,1,2,1,0,1,0
0.8,16,338,2,1,2,1,0,1,0
0.8,16,486,2,1,2,1,0,1,0
0.8,16,420,2,1,2,1,0,1,0
0.8,16,333,2,1,2,1,0,1,0
0.8,16,401,2,1,2,1,0,1,0
0.8,16,61,2,1,2,1,0,1,0
0.8,16,432,2,1,2,1,0,1,0
0.8,16,428,2,1,2,1,0,1,0
0.8,16,38,2,1,2,1,0,1,0
0.8,16,480,2,1,2,1,0,1,0
0.8,16,199,2,1,2,1,0,1,0
0.8,16,17,2,1,2,1,0,1,0
0.8,16,162,2,1,2,1,0,1,0
0.8,16,62,2,1,2,1,0,1,0
0.8,16,181,2,1,2,1,0,1,0
0.8,16,307,2,1,2,1,0,1,0
0.8,16,271,2,1,2,1,0,1,0
0.8,16,418,2,1,2,1,0,1,0
0.8,16,130,2,1,2,1,0,1,0
0.8,16,44,2,1,2,1,0,1,0
0.8,16,138,2,1,2,1,0,1,0
0.8,16,165,2,1,2,1,0,1,0
0.8,16,203,2,1,2,1,0,1,0
0.8,16,22,2,1,2,1,0,1,0
0.8,16,85,2,1,2,1,0,1,0
0.8,16,316,2,1,2,1,0,1,0
0.8,16,279,2,1,2,1,0,1,0
0.8,16,108,2,1,2,1,0,1,0
0.8,16,325,2,1,2,1,0,1,0
0.8,16,384,2,1,2,1,0,1,0
0.8,16,274,2,1,2,1,0,1,0
0.8,16,261,2,1,2,1,0,1,0
0.8,16,207,2,1,2,1,0,1,0
0.8,16,339,2,1,2,1,0,1,0
0.8,16,224,2,1,2,1,0,1,0
0.8,16,196,2,1,2,1,0,1,0
0.8,16,283,2,1,2,1,0,1,0
0.8,16,243,2,1,2,1,0,1,0
0.8,16,258,2,1,2,1,0,1,0
0.8,16,229,2,1,2,1,0,1,0
0.8,16,247,2,1,2,1,0,1,0
0.8,16,89,2,1,2,1,0,1,0
0.8,16,394,2,1,2,1,0,1,0
0.8,16,82,2,1,2,1,0,1,0
0.8,16,444,2,1,2,1,0,1,0
0.8,16,147,2,1,2,1,0,1,0
0.8,16,178,2,1,2,1,0,1,0
0.8,16,239,2,1,2,1,0,1,0
0.8,16,240,2,1,2,1,0,1,0
0.8,16,3,2,2,2,2,0,2,0
0.8,16,154,2,1,2,1,0,1,0
0.8,16,53,2,1,2,1,0,1,0
0.8,16,417,2,1,2,1,0,1,0
0.8,16,313,2,1,2,1,0,1,0
0.8,16,468,2,1,2,1,0,1,0
0.8,16,182,2,1,2,1,0,1,0
0.8,16,26,2,1,2,1,0,1,0
0.8,16,202,2,1,2,1,0,1,0
0.8,16,30,2,1,2,1,0,1,0
0.8,16,92,2,1,2,1,0,1,0
0.8,16,136,2,1,2,1,0,1,0
0.8,16,13,2,1,2,1,0,1,0
0.8,16,492,2,2,2,2,0,2,0
0.8,16,143,2,1,2,1,0,1,0
0.8,16,118,2,1,2,1,0,1,0
0.8,16,290,2,1,2,1,0,1,0
0.8,16,31,2,1,2,1,0,1,0
0.8,16,141,2,1,2,1,0,1,0
0.8,16,485,2,1,2,1,0,1,0
0.8,16,18,2,1,2,1,0,1,0
0.8,16,346,2,1,2,1,0,1,0
0.8,16,304,2,1,2,1,0,1,0
0.8,16,471,2,1,2,1,0,1,0
0.8,16,105,2,1,2,1,0,1,0
0.8,16,336,2,1,2,1,0,1,0
0.8,16,75,2,1,2,1,0,1,0
0.8,16,166,2,1,2,1,0,1,0
0.8,16,414,2,1,2,1,0,1,0
0.8,16,421,2,1,2,1,0,1,0
0.8,16,159,2,1,2,1,0,1,0
0.8,16,429,2,1,2,1,0,1,0
0.8,16,49,2,1,2,1,0,1,0
0.8,16,301,2,2,2,2,0,2,0
0.8,16,95,2,2,2,2,0,2,0
0.8,16,263,2,1,2,1,0,1,0
0.8,16,156,2,1,2,1,0,1,0
0.8,16,453,2,1,2,1,0,1,0
0.8,16,481,2,1,2,1,0,1,0
0.8,16,210,2,1,2,1,0,1,0
0.8,16,317,2,1,2,1,0,1,0
0.8,16,255,2,1,2,1,0,1,0
0.8,16,150,2,1,2,1,0,1,0
0.8,16,65,2,1,2,1,0,1,0
0.8,16,60,2,1,2,1,0,1,0
0.8,16,28,2,1,2,1,0,1,0
0.8,16,404,2,1,2,1,0,1,0
0.8,16,127,2,1,2,1,0,1,0
0.8,16,450,2,1,2,1,0,1,0
0.8,16,278,2,1,2,1,0,1,0
0.8,16,276,2,1,2,1,0,1,0
0.8,16,109,2,1,2,1,0,1,0
0.8,16,42,2,1,2,1,0,1,0
0.8,16,155,2,1,2,1,0,1,0
0.8,16,228,2,1,2,1,0,1,0
0.8,16,244,2,1,2,1,0,1,0
0.8,16,249,2,1,2,1,0,1,0
0.8,16,372,2,1,2,1,0,1,0
0.8,16,1,2,1,2,1,0,1,0
0.8,16,71,2,1,2,1,0,1,0
0.8,16,170,2,1,2,1,0,1,0
0.8,16,33,2,1,2,1,0,1,0
0.8,16,395,2,1,2,1,0,1,0
0.8,16,246,2,2,2,2,0,2,0
0.8,16,329,2,1,2,1,0,1,0
0.8,16,455,2,1,2,1,0,1,0
0.8,16,332,2,2,2,2,0,2,0
0.8,16,241,2,1,2,1,0,1,0
0.8,16,475,2,1,2,1,0,1,0
0.8,16,488,2,1,2,1,0,1,0
0.8,16,134,2,1,2,1,0,1,0
0.8,16,177,2,1,2,1,0,1,0
0.8,16,357,2,1,2,1,0,1,0
0.8,16,120,2,1,2,1,0,1,0
0.8,16,245,2,1,2,1,0,1,0
0.8,16,27,2,1,2,1,0,1,0
0.8,16,98,2,1,2,1,0,1,0
0.8,16,285,2,1,2,1,0,1,0
0.8,16,292,2,1,2,1,0,1,0
0.8,16,213,2,2,2,2,0,2,0
0.8,16,41,2,1,2,1,0,1,0
0.8,16,43,2,1,2,1,0,1,0
0.8,16,389,2,1,2,1,0,1,0
0.8,16,160,2,1,2,1,0,1,0
0.8,16,115,2,1,2,1,0,1,0
0.8,16,56,2,1,2,1,0,1,0
0.8,16,360,2,1,2,1,0,1,0
0.8,16,324,2,1,2,1,0,1,0
0.8,16,314,2,1,2,1,0,1,0
0.8,16,231,2,1,2,1,0,1,0
0.8,16,303,2,1,2,1,0,1,0
0.8,16,36,2,1,2,1,0,1,0
0.8,16,40,2,1,2,1,0,1,0
0.8,16,322,2,1,2,1,0,1,0
0.8,16,425,2,2,2,2,0,2,0
0.8,16,293,2,1,2,1,0,1,0
0.8,16,110,2,1,2,1,0,1,0
0.8,16,334,2,1,2,1,0,1,0
0.8,16,270,2,1,2,1,0,1,0
0.8,16,47,2,1,2,1,0,1,0
0.8,16,470,2,1,2,1,0,1,0
0.8,16,214,2,1,2,1,0,1,0
0.8,16,221,2,1,2,1,0,1,0
0.8,16,79,2,1,2,1,0,1,0
0.8,16,198,2,1,2,1,0,1,0
0.8,16,375,2,1,2,1,0,1,0
0.8,16,45,2,1,2,1,0,1,0
0.8,16,230,2,1,2,1,0,1,0
0.8,16,168,2,1,2,1,0,1,0
0.8,16,465,2,1,2,1,0,1,0
0.8,16,443,2,1,2,1,0,1,0
0.8,16,359,2,1,2,1,0,1,0
0.8,16,352,2,1,2,1,0,1,0
0.8,16,204,2,1,2,1,0,1,0
0.8,16,219,2,1,2,1,0,1,0
0.8,16,306,2,1,2,1,0,1,0
0.8,16,54,2,1,2,1,0,1,0
0.8,16,63,2,1,2,1,0,1,0
0.8,16,86,2,1,2,1,0,1,0
0.8,16,497,2,1,2,1,0,1,0
0.8,16,412,2,1,2,1,0,1,0
0.8,16,197,2,1,2,1,0,1,0
0.8,16,59,2,1,2,1,0,1,0
0.8,16,66,2,1,2,1,0,1,0
0.8,16,248,2,1,2,1,0,1,0
0.8,16,29,2,1,2,1,0,1,0
0.8,16,72,2,2,2,2,0,2,0
0.8,16,76,2,1,2,1,0,1,0
0.8,16,331,2,1,2,1,0,1,0
0.8,16,479,2,1,2,1,0,1,0
0.8,16,158,2,2,2,2,0,2,0
0.8,16,191,2,1,2,1,0,1,0
0.8,16,495,2,1,2,1,0,1,0
0.8,16,200,2,1,2,1,0,1,0
0.8,16,473,2,1,2,1,0,1,0
0.8,16,101,2,1,2,1,0,1,0
0.8,16,9,2,1,2,1,0,1,0
0.8,16,235,2,2,2,2,0,2,0
0.8,16,21,2,1,2,1,0,1,0
0.8,16,374,2,1,2,1,0,1,0
0.8,16,161,2,1,2,1,0,1,0
0.8,16,114,2,1,2,1,0,1,0
0.8,16,438,2,1,2,1,0,1,0
0.8,16,93,2,1,2,1,0,1,0
0.8,16,348,2,1,2,1,0,1,0
0.8,16,24,2,1,2,1,0,1,0
0.8,16,142,2,1,2,1,0,1,0
0.8,16,469,2,1,2,1,0,1,0
0.8,16,137,2,1,2,1,0,1,0
0.8,16,256,2,1,2,1,0,1,0
0.8,16,379,2,1,2,1,0,1,0
0.8,16,135,2,1,2,1,0,1,0
0.8,16,39,2,1,2,1,0,1,0
0.8,16,356,2,1,2,1,0,1,0
0.8,16,467,2,1,2,1,0,1,0
0.8,16,257,2,1,2,1,0,1,0
0.8,16,192,2,2,2,2,0,2,0
0.8,16,326,2,1,2,1,0,1,0
0.8,16,220,2,2,2,2,0,2,0
0.8,16,139,2,1,2,1,0,1,0
0.8,16,74,2,1,2,1,0,1,0
0.8,16,253,2,1,2,1,0,1,0
0.8,16,153,2,1,2,1,0,1,0
0.8,16,15,2,1,2,1,0,1,0
0.8,16,378,2,1,2,1,0,1,0
0.8,16,387,2,1,2,1,0,1,0
0.8,16,466,2,1,2,1,0,1,0
0.8,16,424,2,1,2,1,0,1,0
0.8,16,84,2,1,2,1,0,1,0
0.8,16,297,2,1,2,1,0,1,0
0.8,16,459,2,1,2,1,0,1,0
0.8,16,436,2,1,2,1,0,1,0
0.8,16,50,2,1,2,1,0,1,0
0.8,16,96,2,1,2,1,0,1,0
0.8,16,216,2,1,2,1,0,1,0
0.8,16,295,2,1,2,1,0,1,0
0.8,16,362,2,1,2,1,0,1,0
0.8,16,386,2,1,2,1,0,1,0
0.8,16,116,2,1,2,1,0,1,0
0.8,16,277,2,1,2,1,0,1,0
0.8,16,447,2,1,2,1,0,1,0
0.8,16,337,2,1,2,1,0,1,0
0.8,16,119,2,1,2,1,0,1,0
0.8,16,266,2,1,2,1,0,1,0
0.8,16,211,2,1,2,1,0,1,0
0.8,16,124,2,1,2,1,0,1,0
0.8,16,461,2,1,2,1,0,1,0
0.8,16,51,2,1,2,1,0,1,0
0.8,16,269,2,1,2,1,0,1,0
0.8,16,393,2,1,2,1,0,1,0
0.8,16,169,2,1,2,1,0,1,0
0.8,16,390,2,1,2,1,0,1,0
0.8,16,288,2,1,2,1,0,1,0
0.8,16,423,2,1,2,1,0,1,0
0.8,16,80,2,1,2,1,0,1,0
0.8,16,215,2,1,2,1,0,1,0
0.8,16,411,2,1,2,1,0,1,0
0.8,16,354,2,1,2,1,0,1,0
0.8,16,112,2,1,2,1,0,1,0
0.8,16,445,2,1,2,1,0,1,0
0.8,16,416,2,1,2,1,0,1,0
0.8,16,340,2,1,2,1,0,1,0
0.8,16,275,2,1,2,1,0,1,0
0.8,16,399,2,1,2,1,0,1,0
0.8,16,273,2,2,2,2,0,2,0
0.8,16,209,2,1,2,1,0,1,0
0.8,16,194,2,1,2,1,0,1,0
0.8,16,458,2,1,2,1,0,1,0
0.8,16,448,2,1,2,1,0,1,0
0.8,16,126,2,1,2,1,0,1,0
0.8,16,446,2,1,2,1,0,1,0
0.8,16,163,2,1,2,1,0,1,0
0.8,16,174,2,1,2,1,0,1,0
0.8,16,176,2,1,2,1,0,1,0
0.8,16,131,2,1,2,1,0,1,0
0.8,16,406,2,1,2,1,0,1,0
0.8,16,433,2,2,2,2,0,2,0
0.8,16,434,2,1,2,1,0,1,0
0.8,16,151,2,1,2,1,0,1,0
0.8,16,164,2,1,2,1,0,1,0
0.8,16,451,2,1,2,1,0,1,0
0.8,16,37,2,2,2,2,0,2,0
0.8,16,4,2,1,2,1,0,1,0
0.8,16,330,2,1,2,1,0,1,0
0.8,16,355,2,1,2,1,0,1,0
0.8,16,496,2,1,2,1,0,1,0
0.8,16,268,2,1,2,1,0,1,0
0.8,16,238,2,1,2,1,0,1,0
0.8,16,259,2,1,2,1,0,1,0
0.8,16,426,2,1,2,1,0,1,0
0.8,16,400,2,1,2,1,0,1,0
0.8,16,289,2,1,2,1,0,1,0
0.8,16,397,2,1,2,1,0,1,0
0.8,16,380,2,2,2,2,0,2,0
0.8,16,35,2,1,2,1,0,1,0
0.8,16,442,2,1,2,1,0,1,0
0.8,16,14,2,1,2,1,0,1,0
0.8,16,281,2,1,2,1,0,1,0
0.8,16,388,2,1,2,1,0,1,0
0.8,16,226,2,1,2,1,0,1,0
0.8,16,365,2,1,2,1,0,1,0
0.8,16,296,2,1,2,1,0,1,0
0.8,16,20,2,1,2,1,0,1,0
0.8,16,431,2,1,2,1,0,1,0
0.8,16,111,2,1,2,1,0,1,0
0.8,16,88,2,1,2,1,0,1,0
0.8,16,398,2,1,2,1,0,1,0
0.8,16,171,2,1,2,1,0,1,0
0.8,16,267,2,1,2,1,0,1,0
0.8,16,377,2,1,2,1,0,1,0
0.8,16,472,2,1,2,1,0,1,0
0.8,16,391,2,2,2,2,0,2,0
0.8,16,493,2,1,2,1,0,1,0
0.8,16,396,2,1,2,1,0,1,0
0.8,16,46,2,1,2,1,0,1,0
0.8,16,208,2,1,2,1,0,1,0
0.8,16,476,2,1,2,1,0,1,0
0.8,16,422,2,1,2,1,0,1,0
0.8,16,260,2,1,2,1,0,1,0
0.8,16,363,2,1,2,1,0,1,0
0.8,16,185,2,1,2,1,0,1,0
0.8,16,265,2,1,2,1,0,1,0
0.8,16,175,2,1,2,1,0,1,0
0.8,16,123,2,1,2,1,0,1,0
0.8,16,315,2,1,2,1,0,1,0
0.8,16,435,2,1,2,1,0,1,0
0.8,16,410,2,1,2,1,0,1,0
0.8,16,463,2,1,2,1,0,1,0
0.8,16,366,2,1,2,1,0,1,0
0.8,16,460,2,1,2,1,0,1,0
0.8,16,319,2,1,2,1,0,1,0
0.8,16,237,2,1,2,1,0,1,0
0.8,16,100,2,2,2,2,0,2,0
0.8,16,499,2,1,2,1,0,1,0
0.8,16,189,2,1,2,1,0,1,0
0.8,16,121,2,1,2,1,0,1,0
0.8,16,201,2,1,2,1,0,1,0
0.8,16,342,2,1,2,1,0,1,0
0.8,16,392,2,1,2,1,0,1,0
0.8,16,217,2,1,2,1,0,1,0
0.8,16,212,2,1,2,1,0,1,0
0.8,16,233,2,1,2,1,0,1,0
0.8,16,454,2,1,2,1,0,1,0
0.8,16,0,2,2,2,2,0,2,0
0.8,16,347,2,1,2,1,0,1,0
0.8,16,477,2,1,2,1,0,1,0
0.8,16,11,2,1,2,1,0,1,0
0.8,16,55,2,1,2,1,0,1,0
0.8,16,144,2,1,2,1,0,1,0
0.8,16,369,2,1,2,1,0,1,0
0.8,16,487,2,1,2,1,0,1,0
0.8,16,106,2,1,2,1,0,1,0
0.8,16,441,2,1,2,1,0,1,0
0.8,16,408,2,1,2,1,0,1,0
0.8,16,353,2,1,2,1,0,1,0
0.8,16,413,2,1,2,1,0,1,0
0.8,16,97,2,1,2,1,0,1,0
0.8,16,311,2,1,2,1,0,1,0
0.8,16,327,2,1,2,1,0,1,0
0.8,16,12,2,1,2,1,0,1,0
0.8,16,64,2,1,2,1,0,1,0
0.8,16,188,2,1,2,1,0,1,0
0.8,16,376,2,2,2,2,0,2,0
0.8,16,349,2,1,2,1,0,1,0
0.8,16,272,2,1,2,1,0,1,0
0.8,16,371,2,1,2,1,0,1,0
0.8,16,129,2,1,2,1,0,1,0
0.8,16,462,2,1,2,1,0,1,0
0.8,16,494,2,1,2,1,0,1,0
0.8,16,328,2,1,2,1,0,1,0
0.8,16,358,2,1,2,1,0,1,0
0.8,16,321,2,1,2,1,0,1,0
0.8,16,193,2,2,2,2,0,2,0
0.8,16,234,2,1,2,1,0,1,0
0.8,16,308,2,1,2,1,0,1,0
0.8,16,341,2,1,2,1,0,1,0
0.8,16,148,2,1,2,1,0,1,0
0.8,16,415,2,1,2,1,0,1,0
0.8,16,205,2,1,2,1,0,1,0
0.8,16,57,2,1,2,1,0,1,0
0.8,16,5,2,1,2,1,0,1,0
0.8,16,90,2,1,2,1,0,1,0
0.8,16,407,2,1,2,1,0,1,0
0.8,16,2,2,1,2,1,0,1,0
0.8,16,368,2,1,2,1,0,1,0
0.8,16,405,2,1,2,1,0,1,0
0.8,16,402,2,1,2,1,0,1,0
0.8,16,367,2,1,2,1,0,1,0
0.8,16,103,2,1,2,1,0,1,0
0.8,16,52,2,1,2,1,0,1,0
0.8,16,146,2,1,2,1,0,1,0
0.8,16,195,2,1,2,1,0,1,0
0.8,16,184,2,1,2,1,0,1,0
0.8,16,489,2,1,2,1,0,1,0
0.8,16,252,2,1,2,1,0,1,0
0.8,16,87,2,1,2,1,0,1,0
0.8,16,180,2,1,2,1,0,1,0
0.8,16,300,2,1,2,1,0,1,0
0.8,16,117,2,1,2,1,0,1,0
0.8,16,25,2,1,2,1,0,1,0
0.8,16,343,2,1,2,1,0,1,0
0.8,16,7,2,1,2,1,0,1,0
0.8,16,430,2,1,2,1,0,1,0
0.8,16,48,2,1,2,1,0,1,0
0.8,16,427,2,1,2,1,0,1,0
0.8,16,104,2,1,2,1,0,1,0
0.8,16,310,2,1,2,1,0,1,0
0.8,16,242,2,1,2,1,0,1,0
0.8,16,298,2,1,2,1,0,1,0
0.8,16,345,2,1,2,1,0,1,0
0.8,16,16,2,1,2,1,0,1,0
0.8,16,318,2,1,2,1,0,1,0
0.8,16,437,2,1,2,1,0,1,0
0.8,16,282,2,1,2,1,0,1,0
0.8,16,107,2,1,2,1,0,1,0
0.8,16,309,2,1,2,1,0,1,0
0.8,16,236,2,1,2,1,0,1,0
0.8,16,299,2,1,2,1,0,1,0
0.8,16,491,2,1,2,1,0,1,0
0.8,16,474,2,1,2,1,0,1,0
0.8,16,264,2,1,2,1,0,1,0
0.8,16,132,2,1,2,1,0,1,0
0.8,16,498,2,1,2,1,0,1,0
0.8,16,8,2,1,2,1,0,1,0
0.8,16,222,2,1,2,1,0,1,0
0.8,16,83,2,1,2,1,0,1,0
0.8,32,223,2,1,2,1,0,1,0
0.8,32,122,2,1,2,1,0,1,0
0.8,32,373,2,1,2,1,0,1,0
0.8,32,10,2,1,2,1,0,1,0
0.8,32,227,2,1,2,1,0,1,0
0.8,32,6,2,1,2,1,0,1,0
0.8,32,190,2,1,2,1,0,1,0
0.8,32,294,2,1,2,1,0,1,0
0.8,32,206,2,1,2,1,0,1,0
0.8,32,344,2,1,2,1,0,1,0
0.8,32,81,2,1,2,1,0,1,0
0.8,32,34,2,1,2,1,0,1,0
0.8,32,478,2,1,2,1,0,1,0
0.8,32,225,2,1,2,1,0,1,0
0.8,32,452,2,1,2,1,0,1,0
0.8,32,67,2,1,2,1,0,1,0
0.8,32,286,2,1,2,1,0,1,0
0.8,32,251,2,1,2,1,0,1,0
0.8,32,335,2,1,2,1,0,1,0
0.8,32,439,2,1,2,1,0,1,0
0.8,32,409,2,1,2,1,0,1,0
0.8,32,125,2,1,2,1,0,1,0
0.8,32,70,2,1,2,1,0,1,0
0.8,32,145,2,1,2,1,0,1,0
0.8,32,73,2,1,2,1,0,1,0
0.8,32,284,2,1,2,1,0,1,0
0.8,32,186,2,1,2,1,0,1,0
0.8,32,58,2,1,2,1,0,1,0
0.8,32,381,2,1,2,1,0,1,0
0.8,32,305,2,1,2,1,0,1,0
0.8,32,149,2,2,2,2,0,2,0
0.8,32,140,2,1,2,1,0,1,0
0.8,32,364,2,1,2,1,0,1,0
0.8,32,361,2,1,2,1,0,1,0
0.8,32,23,2,1,2,1,0,1,0
0.8,32,254,2,1,2,1,0,1,0
0.8,32,173,2,1,2,1,0,1,0
0.8,32,456,2,1,2,1,0,1,0
0.8,32,403,2,1,2,1,0,1,0
0.8,32,382,2,1,2,1,0,1,0
0.8,32,320,2,1,2,1,0,1,0
0.8,32,167,2,1,2,1,0,1,0
0.8,32,419,2,1,2,1,0,1,0
0.8,32,262,2,1,2,1,0,1,0
0.8,32,91,2,2,2,2,0,2,0
0.8,32,19,2,1,2,1,0,1,0
0.8,32,78,2,1,2,1,0,1,0
0.8,32,440,2,1,2,1,0,1,0
0.8,32,350,2,1,2,1,0,1,0
0.8,32,113,2,1,2,1,0,1,0
0.8,32,291,2,1,2,1,0,1,0
0.8,32,370,2,1,2,1,0,1,0
0.8,32,152,2,1,2,1,0,1,0
0.8,32,99,2,1,2,1,0,1,0
0.8,32,32,2,1,2,1,0,1,0
0.8,32,77,2,1,2,1,0,1,0
0.8,32,183,2,1,2,1,0,1,0
0.8,32,383,2,1,2,1,0,1,0
0.8,32,179,2,1,2,1,0,1,0
0.8,32,68,2,1,2,1,0,1,0
0.8,32,385,2,1,2,1,0,1,0
0.8,32,464,2,1,2,1,0,1,0
0.8,32,482,2,1,2,1,0,1,0
0.8,32,351,2,1,2,1,0,1,0
0.8,32,287,2,1,2,1,0,1,0
0.8,32,302,2,1,2,1,0,1,0
0.8,32,457,2,1,2,1,0,1,0
0.8,32,94,2,1,2,1,0,1,0
0.8,32,102,2,2,2,2,0,2,0
0.8,32,490,2,1,2,1,0,1,0
0.8,32,449,2,1,2,1,0,1,0
0.8,32,172,2,1,2,1,0,1,0
0.8,32,323,2,1,2,1,0,1,0
0.8,32,484,2,1,2,1,0,1,0
0.8,32,312,2,1,2,1,0,1,0
0.8,32,69,2,1,2,1,0,1,0
0.8,32,157,2,1,2,1,0,1,0
0.8,32,280,2,1,2,1,0,1,0
0.8,32,187,2,1,2,1,0,1,0
0.8,32,232,2,1,2,1,0,1,0
0.8,32,133,2,2,2,2,0,2,0
0.8,32,128,2,1,2,1,0,1,0
0.8,32,250,2,1,2,1,0,1,0
0.8,32,483,2,1,2,1,0,1,0
0.8,32,218,2,1,2,1,0,1,0
0.8,32,338,2,1,2,1,0,1,0
0.8,32,486,2,1,2,1,0,1,0
0.8,32,420,2,1,2,1,0,1,0
0.8,32,333,2,1,2,1,0,1,0
0.8,32,401,2,1,2,1,0,1,0
0.8,32,61,2,1,2,1,0,1,0
0.8,32,432,2,1,2,1,0,1,0
0.8,32,428,2,1,2,1,0,1,0
0.8,32,38,2,1,2,1,0,1,0
0.8,32,480,2,1,2,1,0,1,0
0.8,32,199,2,1,2,1,0,1,0
0.8,32,17,2,1,2,1,0,1,0
0.8,32,162,2,1,2,1,0,1,0
0.8,32,62,2,1,2,1,0,1,0
0.8,32,181,2,1,2,1,0,1,0
0.8,32,307,2,1,2,1,0,1,0
0.8,32,271,2,1,2,1,0,1,0
0.8,32,418,2,1,2,1,0,1,0
0.8,32,130,2,1,2,1,0,1,0
0.8,32,44,2,1,2,1,0,1,0
0.8,32,138,2,1,2,1,0,1,0
0.8,32,165,2,1,2,1,0,1,0
0.8,32,203,2,1,2,1,0,1,0
0.8,32,22,2,1,2,1,0,1,0
0.8,32,85,2,1,2,1,0,1,0
0.8,32,316,2,1,2,1,0,1,0
0.8,32,279,2,1,2,1,0,1,0
0.8,32,108,2,1,2,1,0,1,0
0.8,32,325,2,1,2,1,0,1,0
0.8,32,384,2,1,2,1,0,1,0
0.8,32,274,2,1,2,1,0,1,0
0.8,32,261,2,1,2,1,0,1,0
0.8,32,207,2,1,2,1,0,1,0
0.8,32,339,2,1,2,1,0,1,0
0.8,32,224,2,1,2,1,0,1,0
0.8,32,196,2,1,2,1,0,1,0
0.8,32,283,2,1,2,1,0,1,0
0.8,32,243,2,1,2,1,0,1,0
0.8,32,258,2,1,2,1,0,1,0
0.8,32,229,2,1,2,1,0,1,0
0.8,32,247,2,1,2,1,0,1,0
0.8,32,89,2,1,2,1,0,1,0
0.8,32,394,2,1,2,1,0,1,0
0.8,32,82,2,1,2,1,0,1,0
0.8,32,444,2,1,2,1,0,1,0
0.8,32,147,2,1,2,1,0,1,0
0.8,32,178,2,1,2,1,0,1,0
0.8,32,239,2,1,2,1,0,1,0
0.8,32,240,2,1,2,1,0,1,0
0.8,32,3,2,2,2,2,0,2,0
0.8,32,154,2,1,2,1,0,1,0
0.8,32,53,2,1,2,1,0,1,0
0.8,32,417,2,1,2,1,0,1,0
0.8,32,313,2,1,2,1,0,1,0
0.8,32,468,2,1,2,1,0,1,0
0.8,32,182,2,1,2,1,0,1,0
0.8,32,26,2,1,2,1,0,1,0
0.8,32,202,2,1,2,1,0,1,0
0.8,32,30,2,1,2,1,0,1,0
0.8,32,92,2,1,2,1,0,1,0
0.8,32,136,2,1,2,1,0,1,0
0.8,32,13,2,1,2,1,0,1,0
0.8,32,492,2,2,2,2,0,2,0
0.8,32,143,2,1,2,1,0,1,0
0.8,32,118,2,1,2,1,0,1,0
0.8,32,290,2,1,2,1,0,1,0
0.8,32,31,2,1,2,1,0,1,0
0.8,32,141,2,1,2,1,0,1,0
0.8,32,485,2,1,2,1,0,1,0
0.8,32,18,2,1,2,1,0,1,0
0.8,32,346,2,1,2,1,0,1,0
0.8,32,304,2,1,2,1,0,1,0
0.8,32,471,2,1,2,1,0,1,0
0.8,32,105,2,1,2,1,0,1,0
0.8,32,336,2,1,2,1,0,1,0
0.8,32,75,2,1,2,1,0,1,0
0.8,32,166,2,1,2,1,0,1,0
0.8,32,414,2,1,2,1,0,1,0
0.8,32,421,2,1,2,1,0,1,0
0.8,32,159,2,1,2,1,0,1,0
0.8,32,429,2,1,2,1,0,1,0
0.8,32,49,2,1,2,1,0,1,0
0.8,32,301,2,2,2,2,0,2,0
0.8,32,95,2,2,2,2,0,2,0
0.8,32,263,2,1,2,1,0,1,0
0.8,32,156,2,1,2,1,0,1,0
0.8,32,453,2,1,2,1,0,1,0
0.8,32,481,2,1,2,1,0,1,0
0.8,32,210,2,1,2,1,0,1,0
0.8,32,317,2,1,2,1,0,1,0
0.8,32,255,2,1,2,1,0,1,0
0.8,32,150,2,1,2,1,0,1,0
0.8,32,65,2,1,2,1,0,1,0
0.8,32,60,2,1,2,1,0,1,0
0.8,32,28,2,1,2,1,0,1,0
0.8,32,404,2,1,2,1,0,1,0
0.8,32,127,2,1,2,1,0,1,0
0.8,32,450,2,1,2,1,0,1,0
0.8,32,278,2,1,2,1,0,1,0
0.8,32,276,2,1,2,1,0,1,0
0.8,32,109,2,1,2,1,0,1,0
0.8,32,42,2,1,2,1,0,1,0
0.8,32,155,2,1,2,1,0,1,0
0.8,32,228,2,1,2,1,0,1,0
0.8,32,244,2,1,2,1,0,1,0
0.8,32,249,2,1,2,1,0,1,0
0.8,32,372,2,1,2,1,0,1,0
0.8,32,1,2,1,2,1,0,1,0
0.8,32,71,2,1,2,1,0,1,0
0.8,32,170,2,1,2,1,0,1,0
0.8,32,33,2,1,2,1,0,1,0
0.8,32,395,2,1,2,1,0,1,0
0.8,32,246,2,2,2,2,0,2,0
0.8,32,329,2,1,2,1,0,1,0
0.8,32,455,2,1,2,1,0,1,0
0.8,32,332,2,2,2,2,0,2,0
0.8,32,241,2,1,2,1,0,1,0
0.8,32,475,2,1,2,1,0,1,0
0.8,32,488,2,1,2,1,0,1,0
0.8,32,134,2,1,2,1,0,1,0
0.8,32,177,2,1,2,1,0,1,0
0.8,32,357,2,1,2,1,0,1,0
0.8,32,120,2,1,2,1,0,1,0
0.8,32,245,2,1,2,1,0,1,0
0.8,32,27,2,1,2,1,0,1,0
0.8,32,98,2,1,2,1,0,1,0
0.8,32,285,2,1,2,1,0,1,0
0.8,32,292,2,1,2,1,0,1,0
0.8,32,213,2,2,2,2,0,2,0
0.8,32,41,2,1,2,1,0,1,0
0.8,32,43,2,1,2,1,0,1,0
0.8,32,389,2,1,2,1,0,1,0
0.8,32,160,2,1,2,1,0,1,0
0.8,32,115,2,1,2,1,0,1,0
0.8,32,56,2,1,2,1,0,1,0
0.8,32,360,2,1,2,1,0,1,0
0.8,32,324,2,1,2,1,0,1,0
0.8,32,314,2,1,2,1,0,1,0
0.8,32,231,2,1,2,1,0,1,0
0.8,32,303,2,1,2,1,0,1,0
0.8,32,36,2,1,2,1,0,1,0
0.8,32,40,2,1,2,1,0,1,0
0.8,32,322,2,1,2,1,0,1,0
0.8,32,425,2,2,2,2,0,2,0
0.8,32,293,2,1,2,1,0,1,0
0.8,32,110,2,1,2,1,0,1,0
0.8,32,334,2,1,2,1,0,1,0
0.8,32,270,2,1,2,1,0,1,0
0.8,32,47,2,1,2,1,0,1,0
0.8,32,470,2,1,2,1,0,1,0
0.8,32,214,2,1,2,1,0,1,0
0.8,32,221,2,1,2,1,0,1,0
0.8,32,79,2,1,2,1,0,1,0
0.8,32,198,2,1,2,1,0,1,0
0.8,32,375,2,1,2,1,0,1,0
0.8,32,45,2,1,2,1,0,1,0
0.8,32,230,2,1,2,1,0,1,0
0.8,32,168,2,1,2,1,0,1,0
0.8,32,465,2,1,2,1,0,1,0
0.8,32,443,2,1,2,1,0,1,0
0.8,32,359,2,1,2,1,0,1,0
0.8,32,352,2,1,2,1,0,1,0
0.8,32,204,2,1,2,1,0,1,0
0.8,32,219,2,1,2,1,0,1,0
0.8,32,306,2,1,2,1,0,1,0
0.8,32,54,2,1,2,1,0,1,0
0.8,32,63,2,1,2,1,0,1,0
0.8,32,86,2,1,2,1,0,1,0
0.8,32,497,2,1,2,1,0,1,0
0.8,32,412,2,1,2,1,0,1,0
0.8,32,197,2,1,2,1,0,1,0
0.8,32,59,2,1,2,1,0,1,0
0.8,32,66,2,1,2,1,0,1,0
0.8,32,248,2,1,2,1,0,1,0
0.8,32,29,2,1,2,1,0,1,0
0.8,32,72,2,2,2,2,0,2,0
0.8,32,76,2,1,2,1,0,1,0
0.8,32,331,2,1,2,1,0,1,0
0.8,32,479,2,1,2,1,0,1,0
0.8,32,158,2,2,2,2,0,2,0
0.8,32,191,2,1,2,1,0,1,0
0.8,32,495,2,1,2,1,0,1,0
0.8,32,200,2,1,2,1,0,1,0
0.8,32,473,2,1,2,1,0,1,0
0.8,32,101,2,1,2,1,0,1,0
0.8,32,9,2,1,2,1,0,1,0
0.8,32,235,2,2,2,2,0,2,0
0.8,32,21,2,1,2,1,0,1,0
0.8,32,374,2,1,2,1,0,1,0
0.8,32,161,2,1,2,1,0,1,0
0.8,32,114,2,1,2,1,0,1,0
0.8,32,438,2,1,2,1,0,1,0
0.8,32,93,2,1,2,1,0,1,0
0.8,32,348,2,1,2,1,0,1,0
0.8,32,24,2,1,2,1,0,1,0
0.8,32,142,2,1,2,1,0,1,0
0.8,32,469,2,1,2,1,0,1,0
0.8,32,137,2,1,2,1,0,1,0
0.8,32,256,2,1,2,1,0,1,0
0.8,32,379,2,1,2,1,0,1,0
0.8,32,135,2,1,2,1,0,1,0
0.8,32,39,2,1,2,1,0,1,0
0.8,32,356,2,1,2,1,0,1,0
0.8,32,467,2,1,2,1,0,1,0
0.8,32,257,2,1,2,1,0,1,0
0.8,32,192,2,2,2,2,0,2,0
0.8,32,326,2,1,2,1,0,1,0
0.8,32,220,2,2,2,2,0,2,0
0.8,32,139,2,1,2,1,0,1,0
0.8,32,74,2,1,2,1,0,1,0
0.8,32,253,2,1,2,1,0,1,0
0.8,32,153,2,1,2,1,0,1,0
0.8,32,15,2,1,2,1,0,1,0
0.8,32,378,2,1,2,1,0,1,0
0.8,32,387,2,1,2,1,0,1,0
0.8,32,466,2,1,2,1,0,1,0
0.8,32,424,2,1,2,1,0,1,0
0.8,32,84,2,1,2,1,0,1,0
0.8,32,297,2,1,2,1,0,1,0
0.8,32,459,2,1,2,1,0,1,0
0.8,32,436,2,1,2,1,0,1,0
0.8,32,50,2,1,2,1,0,1,0
0.8,32,96,2,1,2,1,0,1,0
0.8,32,216,2,1,2,1,0,1,0
0.8,32,295,2,1,2,1,0,1,0
0.8,32,362,2,1,2,1,0,1,0
0.8,32,386,2,1,2,1,0,1,0
0.8,32,116,2,1,2,1,0,1,0
0.8,32,277,2,1,2,1,0,1,0
0.8,32,447,2,1,2,1,0,1,0
0.8,32,337,2,1,2,1,0,1,0
0.8,32,119,2,1,2,1,0,1,0
0.8,32,266,2,1,2,1,0,1,0
0.8,32,211,2,1,2,1,0,1,0
0.8,32,124,2,1,2,1,0,1,0
0.8,32,461,2,1,2,1,0,1,0
0.8,32,51,2,1,2,1,0,1,0
0.8,32,269,2,1,2,1,0,1,0
0.8,32,393,2,1,2,1,0,1,0
0.8,32,169,2,1,2,1,0,1,0
0.8,32,390,2,1,2,1,0,1,0
0.8,32,288,2,1,2,1,0,1,0
0.8,32,423,2,1,2,1,0,1,0
0.8,32,80,2,1,2,1,0,1,0
0.8,32,215,2,1,2,1,0,1,0
0.8,32,411,2,1,2,1,0,1,0
0.8,32,354,2,1,2,1,0,1,0
0.8,32,112,2,1,2,1,0,1,0
0.8,32,445,2,1,2,1,0,1,0
0.8,32,416,2,1,2,1,0,1,0
0.8,32,340,2,1,2,1,0,1,0
0.8,32,275,2,1,2,1,0,1,0
0.8,32,399,2,1,2,1,0,1,0
0.8,32,273,2,2,2,2,0,2,0
0.8,32,209,2,1,2,1,0,1,0
0.8,32,194,2,1,2,1,0,1,0
0.8,32,458,2,1,2,1,0,1,0
0.8,32,448,2,1,2,1,0,1,0
0.8,32,126,2,1,2,1,0,1,0
0.8,32,446,2,1,2,1,0,1,0
0.8,32,163,2,1,2,1,0,1,0
0.8,32,174,2,1,2,1,0,1,0
0.8,32,176,2,1,2,1,0,1,0
0.8,32,131,2,1,2,1,0,1,0
0.8,32,406,2,1,2,1,0,1,0
0.8,32,433,2,2,2,2,0,2,0
0.8,32,434,2,1,2,1,0,1,0
0.8,32,151,2,1,2,1,0,1,0
0.8,32,164,2,1,2,1,0,1,0
0.8,32,451,2,1,2,1,0,1,0
0.8,32,37,2,2,2,2,0,2,0
0.8,32,4,2,1,2,1,0,1,0
0.8,32,330,2,1,2,1,0,1,0
0.8,32,355,2,1,2,1,0,1,0
0.8,32,496,2,1,2,1,0,1,0
0.8,32,268,2,1,2,1,0,1,0
0.8,32,238,2,1,2,1,0,1,0
0.8,32,259,2,1,2,1,0,1,0
0.8,32,426,2,1,2,1,0,1,0
0.8,32,400,2,1,2,1,0,1,0
0.8,32,289,2,1,2,1,0,1,0
0.8,32,397,2,1,2,1,0,1,0
0.8,32,380,2,2,2,2,0,2,0
0.8,32,35,2,1,2,1,0,1,0
0.8,32,442,2,1,2,1,0,1,0
0.8,32,14,2,1,2,1,0,1,0
0.8,32,281,2,1,2,1,0,1,0
0.8,32,388,2,1,2,1,0,1,0
0.8,32,226,2,1,2,1,0,1,0
0.8,32,365,2,1,2,1,0,1,0
0.8,32,296,2,1,2,1,0,1,0
0.8,32,20,2,1,2,1,0,1,0
0.8,32,431,2,1,2,1,0,1,0
0.8,32,111,2,1,2,1,0,1,0
0.8,32,88,2,1,2,1,0,1,0
0.8,32,398,2,1,2,1,0,1,0
0.8,32,171,2,1,2,1,0,1,0
0.8,32,267,2,1,2,1,0,1,0
0.8,32,377,2,1,2,1,0,1,0
0.8,32,472,2,1,2,1,0,1,0
0.8,32,391,2,2,2,2,0,2,0
0.8,32,493,2,1,2,1,0,1,0
0.8,32,396,2,1,2,1,0,1,0
0.8,32,46,2,1,2,1,0,1,0
0.8,32,208,2,1,2,1,0,1,0
0.8,32,476,2,1,2,1,0,1,0
0.8,32,422,2,1,2,1,0,1,0
0.8,32,260,2,1,2,1,0,1,0
0.8,32,363,2,1,2,1,0,1,0
0.8,32,185,2,1,2,1,0,1,0
0.8,32,265,2,1,2,1,0,1,0
0.8,32,175,2,1,2,1,0,1,0
0.8,32,123,2,1,2,1,0,1,0
0.8,32,315,2,1,2,1,0,1,0
0.8,32,435,2,1,2,1,0,1,0
0.8,32,410,2,1,2,1,0,1,0
0.8,32,463,2,1,2,1,0,1,0
0.8,32,366,2,1,2,1,0,1,0
0.8,32,460,2,1,2,1,0,1,0
0.8,32,319,2,1,2,1,0,1,0
0.8,32,237,2,1,2,1,0,1,0
0.8,32,100,2,2,2,2,0,2,0
0.8,32,499,2,1,2,1,0,1,0
0.8,32,189,2,1,2,1,0,1,0
0.8,32,121,2,1,2,1,0,1,0
0.8,32,201,2,1,2,1,0,1,0
0.8,32,342,2,1,2,1,0,1,0
0.8,32,392,2,1,2,1,0,1,0
0.8,32,217,2,1,2,1,0,1,0
0.8,32,212,2,1,2,1,0,1,0
0.8,32,233,2,1,2,1,0,1,0
0.8,32,454,2,1,2,1,0,1,0
0.8,32,0,2,2,2,2,0,2,0
0.8,32,347,2,1,2,1,0,1,0
0.8,32,477,2,1,2,1,0,1,0
0.8,32,11,2,1,2,1,0,1,0
0.8,32,55,2,1,2,1,0,1,0
0.8,32,144,2,1,2,1,0,1,0
0.8,32,369,2,1,2,1,0,1,0
0.8,32,487,2,1,2,1,0,1,0
0.8,32,106,2,1,2,1,0,1,0
0.8,32,441,2,1,2,1,0,1,0
0.8,32,408,2,1,2,1,0,1,0
0.8,32,353,2,1,2,1,0,1,0
0.8,32,413,2,1,2,1,0,1,0
0.8,32,97,2,1,2,1,0,1,0
0.8,32,311,2,1,2,1,0,1,0
0.8,32,327,2,1,2,1,0,1,0
0.8,32,12,2,1,2,1,0,1,0
0.8,32,64,2,1,2,1,0,1,0
0.8,32,188,2,1,2,1,0,1,0
0.8,32,376,2,2,2,2,0,2,0
0.8,32,349,2,1,2,1,0,1,0
0.8,32,272,2,1,2,1,0,1,0
0.8,32,371,2,1,2,1,0,1,0
0.8,32,129,2,1,2,1,0,1,0
0.8,32,462,2,1,2,1,0,1,0
0.8,32,494,2,1,2,1,0,1,0
0.8,32,328,2,1,2,1,0,1,0
0.8,32,358,2,1,2,1,0,1,0
0.8,32,321,2,1,2,1,0,1,0
0.8,32,193,2,2,2,2,0,2,0
0.8,32,234,2,1,2,1,0,1,0
0.8,32,308,2,1,2,1,0,1,0
0.8,32,341,2,1,2,1,0,1,0
0.8,32,148,2,1,2,1,0,1,0
0.8,32,415,2,1,2,1,0,1,0
0.8,32,205,2,1,2,1,0,1,0
0.8,32,57,2,1,2,1,0,1,0
0.8,32,5,2,1,2,1,0,1,0
0.8,32,90,2,1,2,1,0,1,0
0.8,32,407,2,1,2,1,0,1,0
0.8,32,2,2,1,2,1,0,1,0
0.8,32,368,2,1,2,1,0,1,0
0.8,32,405,2,1,2,1,0,1,0
0.8,32,402,2,1,2,1,0,1,0
0.8,32,367,2,1,2,1,0,1,0
0.8,32,103,2,1,2,1,0,1,0
0.8,32,52,2,1,2,1,0,1,0
0.8,32,146,2,1,2,1,0,1,0
0.8,32,195,2,1,2,1,0,1,0
0.8,32,184,2,1,2,1,0,1,0
0.8,32,489,2,1,2,1,0,1,0
0.8,32,252,2,1,2,1,0,1,0
0.8,32,87,2,1,2,1,0,1,0
0.8,32,180,2,1,2,1,0,1,0
0.8,32,300,2,1,2,1,0,1,0
0.8,32,117,2,1,2,1,0,1,0
0.8,32,25,2,1,2,1,0,1,0
0.8,32,343,2,1,2,1,0,1,0
0.8,32,7,2,1,2,1,0,1,0
0.8,32,430,2,1,2,1,0,1,0
0.8,32,48,2,1,2,1,0,1,0
0.8,32,427,2,1,2,1,0,1,0
0.8,32,104,2,1,2,1,0,1,0
0.8,32,310,2,1,2,1,0,1,0
0.8,32,242,2,1,2,1,0,1,0
0.8,32,298,2,1,2,1,0,1,0
0.8,32,345,2,1,2,1,0,1,0
0.8,32,16,2,1,2,1,0,1,0
0.8,32,318,2,1,2,1,0,1,0
0.8,32,437,2,1,2,1,0,1,0
0.8,32,282,2,1,2,1,0,1,0
0.8,32,107,2,1,2,1,0,1,0
0.8,32,309,2,1,2,1,0,1,0
0.8,32,236,2,1,2,1,0,1,0
0.8,32,299,2,1,2,1,0,1,0
0.8,32,491,2,1,2,1,0,1,0
0.8,32,474,2,1,2,1,0,1,0
0.8,32,264,2,1,2,1,0,1,0
0.8,32,132,2,1,2,1,0,1,0
0.8,32,498,2,1,2,1,0,1,0
0.8,32,8,2,1,2,1,0,1,0
0.8,32,222,2,1,2,1,0,1,0
0.8,32,83,2,1,2,1,0,1,0
0.84,2,223,2,1,2,1,0,1,0
0.84,2,122,2,1,2,1,0,1,0
0.84,2,373,2,1,2,1,0,1,0
0.84,2,10,2,1,2,1,0,1,0
0.84,2,227,2,2,2,2,0,2,0
0.84,2,6,2,1,2,1,0,1,0
0.84,2,190,2,1,2,1,0,1,0
0.84,2,294,2,1,2,1,0,1,0
0.84,2,206,2,1,2,1,0,1,0
0.84,2,344,2,2,2,2,0,2,0
0.84,2,81,2,1,2,1,0,1,0
0.84,2,34,2,1,2,1,0,1,0
0.84,2,478,2,2,2,2,0,2,0
0.84,2,225,2,1,2,1,0,1,0
0.84,2,452,2,1,2,1,0,1,0
0.84,2,67,2,1,2,1,0,1,0
0.84,2,286,2,1,2,1,0,1,0
0.84,2,251,2,1,2,1,0,1,0
0.84,2,335,2,1,2,1,0,1,0
0.84,2,439,2,1,2,1,0,1,0
0.84,2,409,2,2,2,2,0,2,0
0.84,2,125,2,1,2,1,0,1,0
0.84,2,70,2,1,2,1,0,1,0
0.84,2,145,2,1,2,1,0,1,0
0.84,2,73,2,1,2,1,0,1,0
0.84,2,284,2,1,2,1,0,1,0
0.84,2,186,2,1,2,1,0,1,0
0.84,2,58,2,1,2,1,0,1,0
0.84,2,381,2,1,2,1,0,1,0
0.84,2,305,2,1,2,1,0,1,0
0.84,2,149,2,2,2,2,0,2,0
0.84,2,140,2,1,2,1,0,1,0
0.84,2,364,2,1,2,1,0,1,0
0.84,2,361,2,1,2,1,0,1,0
0.84,2,23,2,1,2,1,0,1,0
0.84,2,254,2,2,2,2,0,2,0
0.84,2,173,2,1,2,1,0,1,0
0.84,2,456,2,1,2,1,0,1,0
0.84,2,403,2,1,2,1,0,1,0
0.84,2,382,2,1,2,1,0,1,0
0.84,2,320,2,1,2,1,0,1,0
0.84,2,167,2,1,2,1,0,1,0
0.84,2,419,2,1,2,1,0,1,0
0.84,2,262,2,1,2,1,0,1,0
0.84,2,91,2,2,2,2,0,2,0
0.84,2,19,2,1,2,1,0,1,0
0.84,2,78,2,1,2,1,0,1,0
0.84,2,440,2,1,2,1,0,1,0
0.84,2,350,2,1,2,1,0,1,0
0.84,2,113,2,1,2,1,0,1,0
0.84,2,291,2,1,2,1,0,1,0
0.84,2,370,2,1,2,1,0,1,0
0.84,2,152,2,1,2,1,0,1,0
0.84,2,99,2,1,2,1,0,1,0
0.84,2,32,2,1,2,1,0,1,0
0.84,2,77,2,1,2,1,0,1,0
0.84,2,183,2,1,2,1,0,1,0
0.84,2,383,2,1,2,1,0,1,0
0.84,2,179,2,1,2,1,0,1,0
0.84,2,68,2,1,2,1,0,1,0
0.84,2,385,2,1,2,1,0,1,0
0.84,2,464,2,1,2,1,0,1,0
0.84,2,482,2,1,2,1,0,1,0
0.84,2,351,2,1,2,1,0,1,0
0.84,2,287,2,1,2,1,0,1,0
0.84,2,302,2,1,2,1,0,1,0
0.84,2,457,2,1,2,1,0,1,0
0.84,2,94,2,1,2,1,0,1,0
0.84,2,102,2,2,2,2,0,2,0
0.84,2,490,2,1,2,1,0,1,0
0.84,2,449,2,2,2,2,0,2,0
0.84,2,172,2,1,2,1,0,1,0
0.84,2,323,2,1,2,1,0,1,0
0.84,2,484,2,1,2,1,0,1,0
0.84,2,312,2,1,2,1,0,1,0
0.84,2,69,2,1,2,1,0,1,0
0.84,2,157,2,1,2,1,0,1,0
0.84,2,280,2,1,2,1,0,1,0
0.84,2,187,2,1,2,1,0,1,0
0.84,2,232,2,1,2,1,0,1,0
0.84,2,133,2,2,2,2,0,2,0
0.84,2,128,2,1,2,1,0,1,0
0.84,2,250,2,1,2,1,0,1,0
0.84,2,483,2,1,2,1,0,1,0
0.84,2,218,2,2,2,2,0,2,0
0.84,2,338,2,1,2,1,0,1,0
0.84,2,486,2,1,2,1,0,1,0
0.84,2,420,2,1,2,1,0,1,0
0.84,2,333,2,2,2,2,0,2,0
0.84,2,401,2,2,2,2,0,2,0
0.84,2,61,2,1,2,1,0,1,0
0.84,2,432,2,1,2,1,0,1,0
0.84,2,428,2,1,2,1,0,1,0
0.84,2,38,2,1,2,1,0,1,0
0.84,2,480,2,1,2,1,0,1,0
0.84,2,199,2,1,2,1,0,1,0
0.84,2,17,2,1,2,1,0,1,0
0.84,2,162,2,1,2,1,0,1,0
0.84,2,62,2,1,2,1,0,1,0
0.84,2,181,2,1,2,1,0,1,0
0.84,2,307,2,2,2,2,0,2,0
0.84,2,271,2,1,2,1,0,1,0
0.84,2,418,2,1,2,1,0,1,0
0.84,2,130,2,1,2,1,0,1,0
0.84,2,44,2,2,2,2,0,2,0
0.84,2,138,2,1,2,1,0,1,0
0.84,2,165,2,1,2,1,0,1,0
0.84,2,203,2,1,2,1,0,1,0
0.84,2,22,2,2,2,2,0,2,0
0.84,2,85,2,2,2,2,0,2,0
0.84,2,316,2,1,2,1,0,1,0
0.84,2,279,2,1,2,1,0,1,0
0.84,2,108,2,1,2,1,0,1,0
0.84,2,325,2,1,2,1,0,1,0
0.84,2,384,2,1,2,1,0,1,0
0.84,2,274,2,1,2,1,0,1,0
0.84,2,261,2,1,2,1,0,1,0
0.84,2,207,2,1,2,1,0,1,0
0.84,2,339,2,1,2,1,0,1,0
0.84,2,224,2,1,2,1,0,1,0
0.84,2,196,2,1,2,1,0,1,0
0.84,2,283,2,1,2,1,0,1,0
0.84,2,243,2,1,2,1,0,1,0
0.84,2,258,2,1,2,1,0,1,0
0.84,2,229,2,1,2,1,0,1,0
0.84,2,247,2,1,2,1,0,1,0
0.84,2,89,2,1,2,1,0,1,0
0.84,2,394,2,2,2,2,0,2,0
0.84,2,82,2,1,2,1,0,1,0
0.84,2,444,2,1,2,1,0,1,0
0.84,2,147,2,1,2,1,0,1,0
0.84,2,178,2,1,2,1,0,1,0
0.84,2,239,2,1,2,1,0,1,0
0.84,2,240,2,1,2,1,0,1,0
0.84,2,3,2,2,2,2,0,2,0
0.84,2,154,2,1,2,1,0,1,0
0.84,2,53,2,1,2,1,0,1,0
0.84,2,417,2,1,2,1,0,1,0
0.84,2,313,2,1,2,1,0,1,0
0.84,2,468,2,1,2,1,0,1,0
0.84,2,182,2,1,2,1,0,1,0
0.84,2,26,2,1,2,1,0,1,0
0.84,2,202,2,1,2,1,0,1,0
0.84,2,30,2,1,2,1,0,1,0
0.84,2,92,2,1,2,1,0,1,0
0.84,2,136,2,1,2,1,0,1,0
0.84,2,13,2,1,2,1,0,1,0
0.84,2,492,2,2,2,2,0,2,0
0.84,2,143,2,1,2,1,0,1,0
0.84,2,118,2,1,2,1,0,1,0
0.84,2,290,2,1,2,1,0,1,0
0.84,2,31,2,1,2,1,0,1,0
0.84,2,141,2,1,2,1,0,1,0
0.84,2,485,2,1,2,1,0,1,0
0.84,2,18,2,1,2,1,0,1,0
0.84,2,346,2,1,2,1,0,1,0
0.84,2,304,2,1,2,1,0,1,0
0.84,2,471,2,1,2,1,0,1,0
0.84,2,105,2,1,2,1,0,1,0
0.84,2,336,2,1,2,1,0,1,0
0.84,2,75,2,1,2,1,0,1,0
0.84,2,166,2,1,2,1,0,1,0
0.84,2,414,2,1,2,1,0,1,0
0.84,2,421,2,2,2,2,0,2,0
0.84,2,159,2,1,2,1,0,1,0
0.84,2,429,2,1,2,1,0,1,0
0.84,2,49,2,1,2,1,0,1,0
0.84,2,301,2,2,2,2,0,2,0
0.84,2,95,2,2,2,2,0,2,0
0.84,2,263,2,1,2,1,0,1,0
0.84,2,156,2,1,2,1,0,1,0
0.84,2,453,2,1,2,1,0,1,0
0.84,2,481,2,1,2,1,0,1,0
0.84,2,210,2,1,2,1,0,1,0
0.84,2,317,2,1,2,1,0,1,0
0.84,2,255,2,1,2,1,0,1,0
0.84,2,150,2,1,2,1,0,1,0
0.84,2,65,2,2,2,2,0,2,0
0.84,2,60,2,1,2,1,0,1,0
0.84,2,28,2,1,2,1,0,1,0
0.84,2,404,2,1,2,1,0,1,0
0.84,2,127,2,1,2,1,0,1,0
0.84,2,450,2,1,2,1,0,1,0
0.84,2,278,2,1,2,1,0,1,0
0.84,2,276,2,1,2,1,0,1,0
0.84,2,109,2,1,2,1,0,1,0
0.84,2,42,2,1,2,1,0,1,0
0.84,2,155,2,1,2,1,0,1,0
0.84,2,228,2,1,2,1,0,1,0
0.84,2,244,2,1,2,1,0,1,0
0.84,2,249,2,1,2,1,0,1,0
0.84,2,372,2,1,2,1,0,1,0
0.84,2,1,2,1,2,1,0,1,0
0.84,2,71,2,1,2,1,0,1,0
0.84,2,170,2,2,2,2,0,2,0
0.84,2,33,2,1,2,1,0,1,0
0.84,2,395,2,1,2,1,0,1,0
0.84,2,246,2,2,2,2,0,2,0
0.84,2,329,2,1,2,1,0,1,0
0.84,2,455,2,1,2,1,0,1,0
0.84,2,332,2,2,2,2,0,2,0
0.84,2,241,2,1,2,1,0,1,0
0.84,2,475,2,1,2,1,0,1,0
0.84,2,488,2,1,2,1,0,1,0
0.84,2,134,2,2,2,2,0,2,0
0.84,2,177,2,2,2,2,0,2,0
0.84,2,357,2,1,2,1,0,1,0
0.84,2,120,2,1,2,1,0,1,0
0.84,2,245,2,1,2,1,0,1,0
0.84,2,27,2,1,2,1,0,1,0
0.84,2,98,2,1,2,1,0,1,0
0.84,2,285,2,1,2,1,0,1,0
0.84,2,292,2,1,2,1,0,1,0
0.84,2,213,2,2,2,2,0,2,0
0.84,2,41,2,1,2,1,0,1,0
0.84,2,43,2,1,2,1,0,1,0
0.84,2,389,2,1,2,1,0,1,0
0.84,2,160,2,1,2,1,0,1,0
0.84,2,115,2,1,2,1,0,1,0
0.84,2,56,2,1,2,1,0,1,0
0.84,2,360,2,1,2,1,0,1,0
0.84,2,324,2,1,2,1,0,1,0
0.84,2,314,2,1,2,1,0,1,0
0.84,2,231,2,1,2,1,0,1,0
0.84,2,303,2,1,2,1,0,1,0
0.84,2,36,2,1,2,1,0,1,0
0.84,2,40,2,1,2,1,0,1,0
0.84,2,322,2,1,2,1,0,1,0
0.84,2,425,2,2,2,2,0,2,0
0.84,2,293,2,1,2,1,0,1,0
0.84,2,110,2,1,2,1,0,1,0
0.84,2,334,2,1,2,1,0,1,0
0.84,2,270,2,1,2,1,0,1,0
0.84,2,47,2,1,2,1,0,1,0
0.84,2,470,2,1,2,1,0,1,0
0.84,2,214,2,1,2,1,0,1,0
0.84,2,221,2,1,2,1,0,1,0
0.84,2,79,2,1,2,1,0,1,0
0.84,2,198,2,1,2,1,0,1,0
0.84,2,375,2,1,2,1,0,1,0
0.84,2,45,2,1,2,1,0,1,0
0.84,2,230,2,1,2,1,0,1,0
0.84,2,168,2,1,2,1,0,1,0
0.84,2,465,2,1,2,1,0,1,0
0.84,2,443,2,1,2,1,0,1,0
0.84,2,359,2,1,2,1,0,1,0
0.84,2,352,2,1,2,1,0,1,0
0.84,2,204,2,1,2,1,0,1,0
0.84,2,219,2,1,2,1,0,1,0
0.84,2,306,2,2,2,2,0,2,0
0.84,2,54,2,1,2,1,0,1,0
0.84,2,63,2,1,2,1,0,1,0
0.84,2,86,2,1,2,1,0,1,0
0.84,2,497,2,1,2,1,0,1,0
0.84,2,412,2,1,2,1,0,1,0
0.84,2,197,2,1,2,1,0,1,0
0.84,2,59,2,1,2,1,0,1,0
0.84,2,66,2,1,2,1,0,1,0
0.84,2,248,2,1,2,1,0,1,0
0.84,2,29,2,1,2,1,0,1,0
0.84,2,72,2,2,2,2,0,2,0
0.84,2,76,2,1,2,1,0,1,0
0.84,2,331,2,1,2,1,0,1,0
0.84,2,479,2,1,2,1,0,1,0
0.84,2,158,2,2,2,2,0,2,0
0.84,2,191,2,1,2,1,0,1,0
0.84,2,495,2,1,2,1,0,1,0
0.84,2,200,2,1,2,1,0,1,0
0.84,2,473,2,2,2,2,0,2,0
0.84,2,101,2,1,2,1,0,1,0
0.84,2,9,2,1,2,1,0,1,0
0.84,2,235,2,2,2,2,0,2,0
0.84,2,21,2,1,2,1,0,1,0
0.84,2,374,2,1,2,1,0,1,0
0.84,2,161,2,1,2,1,0,1,0
0.84,2,114,2,1,2,1,0,1,0
0.84,2,438,2,1,2,1,0,1,0
0.84,2,93,2,2,2,2,0,2,0
0.84,2,348,2,1,2,1,0,1,0
0.84,2,24,2,1,2,1,0,1,0
0.84,2,142,2,1,2,1,0,1,0
0.84,2,469,2,2,2,2,0,2,0
0.84,2,137,2,1,2,1,0,1,0
0.84,2,256,2,1,2,1,0,1,0
0.84,2,379,2,1,2,1,0,1,0
0.84,2,135,2,1,2,1,0,1,0
0.84,2,39,2,1,2,1,0,1,0
0.84,2,356,2,1,2,1,0,1,0
0.84,2,467,2,1,2,1,0,1,0
0.84,2,257,2,1,2,1,0,1,0
0.84,2,192,2,2,2,2,0,2,0
0.84,2,326,2,1,2,1,0,1,0
0.84,2,220,2,2,2,2,0,2,0
0.84,2,139,2,1,2,1,0,1,0
0.84,2,74,2,2,2,2,0,2,0
0.84,2,253,2,1,2,1,0,1,0
0.84,2,153,2,1,2,1,0,1,0
0.84,2,15,2,1,2,1,0,1,0
0.84,2,378,2,1,2,1,0,1,0
0.84,2,387,2,1,2,1,0,1,0
0.84,2,466,2,1,2,1,0,1,0
0.84,2,424,2,1,2,1,0,1,0
0.84,2,84,2,1,2,1,0,1,0
0.84,2,297,2,1,2,1,0,1,0
0.84,2,459,2,1,2,1,0,1,0
0.84,2,436,2,1,2,1,0,1,0
0.84,2,50,2,1,2,1,0,1,0
0.84,2,96,2,1,2,1,0,1,0
0.84,2,216,2,1,2,1,0,1,0
0.84,2,295,2,1,2,1,0,1,0
0.84,2,362,2,1,2,1,0,1,0
0.84,2,386,2,1,2,1,0,1,0
0.84,2,116,2,2,2,2,0,2,0
0.84,2,277,2,1,2,1,0,1,0
0.84,2,447,2,1,2,1,0,1,0
0.84,2,337,2,1,2,1,0,1,0
0.84,2,119,2,1,2,1,0,1,0
0.84,2,266,2,1,2,1,0,1,0
0.84,2,211,2,1,2,1,0,1,0
0.84,2,124,2,1,2,1,0,1,0
0.84,2,461,2,1,2,1,0,1,0
0.84,2,51,2,1,2,1,0,1,0
0.84,2,269,2,1,2,1,0,1,0
0.84,2,393,2,1,2,1,0,1,0
0.84,2,169,2,1,2,1,0,1,0
0.84,2,390,2,1,2,1,0,1,0
0.84,2,288,2,1,2,1,0,1,0
0.84,2,423,2,1,2,1,0,1,0
0.84,2,80,2,1,2,1,0,1,0
0.84,2,215,2,1,2,1,0,1,0
0.84,2,411,2,1,2,1,0,1,0
0.84,2,354,2,1,2,1,0,1,0
0.84,2,112,2,1,2,1,0,1,0
0.84,2,445,2,1,2,1,0,1,0
0.84,2,416,2,1,2,1,0,1,0
0.84,2,340,2,2,2,2,0,2,0
0.84,2,275,2,1,2,1,0,1,0
0.84,2,399,2,1,2,1,0,1,0
0.84,2,273,2,2,2,2,0,2,0
0.84,2,209,2,1,2,1,0,1,0
0.84,2,194,2,1,2,1,0,1,0
0.84,2,458,2,1,2,1,0,1,0
0.84,2,448,2,1,2,1,0,1,0
0.84,2,126,2,1,2,1,0,1,0
0.84,2,446,2,1,2,1,0,1,0
0.84,2,163,2,2,2,2,0,2,0
0.84,2,174,2,1,2,1,0,1,0
0.84,2,176,2,1,2,1,0,1,0
0.84,2,131,2,1,2,1,0,1,0
0.84,2,406,2,1,2,1,0,1,0
0.84,2,433,2,2,2,2,0,2,0
0.84,2,434,2,1,2,1,0,1,0
0.84,2,151,2,1,2,1,0,1,0
0.84,2,164,2,1,2,1,0,1,0
0.84,2,451,2,1,2,1,0,1,0
0.84,2,37,2,2,2,2,0,2,0
0.84,2,4,2,1,2,1,0,1,0
0.84,2,330,2,1,2,1,0,1,0
0.84,2,355,2,1,2,1,0,1,0
0.84,2,496,2,1,2,1,0,1,0
0.84,2,268,2,1,2,1,0,1,0
0.84,2,238,2,1,2,1,0,1,0
0.84,2,259,2,1,2,1,0,1,0
0.84,2,426,2,1,2,1,0,1,0
0.84,2,400,2,1,2,1,0,1,0
0.84,2,289,2,1,2,1,0,1,0
0.84,2,397,2,1,2,1,0,1,0
0.84,2,380,2,2,2,2,0,2,0
0.84,2,35,2,1,2,1,0,1,0
0.84,2,442,2,1,2,1,0,1,0
0.84,2,14,2,1,2,1,0,1,0
0.84,2,281,2,1,2,1,0,1,0
0.84,2,388,2,1,2,1,0,1,0
0.84,2,226,2,1,2,1,0,1,0
0.84,2,365,2,1,2,1,0,1,0
0.84,2,296,2,1,2,1,0,1,0
0.84,2,20,2,1,2,1,0,1,0
0.84,2,431,2,1,2,1,0,1,0
0.84,2,111,2,1,2,1,0,1,0
0.84,2,88,2,1,2,1,0,1,0
0.84,2,398,2,2,2,2,0,2,0
0.84,2,171,2,1,2,1,0,1,0
0.84,2,267,2,1,2,1,0,1,0
0.84,2,377,2,1,2,1,0,1,0
0.84,2,472,2,1,2,1,0,1,0
0.84,2,391,2,2,2,2,0,2,0
0.84,2,493,2,1,2,1,0,1,0
0.84,2,396,2,1,2,1,0,1,0
0.84,2,46,2,1,2,1,0,1,0
0.84,2,208,2,1,2,1,0,1,0
0.84,2,476,2,1,2,1,0,1,0
0.84,2,422,2,1,2,1,0,1,0
0.84,2,260,2,1,2,1,0,1,0
0.84,2,363,2,1,2,1,0,1,0
0.84,2,185,2,2,2,2,0,2,0
0.84,2,265,2,1,2,1,0,1,0
0.84,2,175,2,1,2,1,0,1,0
0.84,2,123,2,1,2,1,0,1,0
0.84,2,315,2,1,2,1,0,1,0
0.84,2,435,2,1,2,1,0,1,0
0.84,2,410,2,1,2,1,0,1,0
0.84,2,463,2,1,2,1,0,1,0
0.84,2,366,2,1,2,1,0,1,0
0.84,2,460,2,1,2,1,0,1,0
0.84,2,319,2,1,2,1,0,1,0
0.84,2,237,2,1,2,1,0,1,0
0.84,2,100,2,2,2,2,0,2,0
0.84,2,499,2,1,2,1,0,1,0
0.84,2,189,2,1,2,1,0,1,0
0.84,2,121,2,1,2,1,0,1,0
0.84,2,201,2,1,2,1,0,1,0
0.84,2,342,2,1,2,1,0,1,0
0.84,2,392,2,1,2,1,0,1,0
0.84,2,217,2,1,2,1,0,1,0
0.84,2,212,2,1,2,1,0,1,0
0.84,2,233,2,1,2,1,0,1,0
0.84,2,454,2,1,2,1,0,1,0
0.84,2,0,2,2,2,2,0,2,0
0.84,2,347,2,1,2,1,0,1,0
0.84,2,477,2,1,2,1,0,1,0
0.84,2,11,2,1,2,1,0,1,0
0.84,2,55,2,1,2,1,0,1,0
0.84,2,144,2,1,2,1,0,1,0
0.84,2,369,2,1,2,1,0,1,0
0.84,2,487,2,1,2,1,0,1,0
0.84,2,106,2,2,2,2,0,2,0
0.84,2,441,2,1,2,1,0,1,0
0.84,2,408,2,1,2,1,0,1,0
0.84,2,353,2,1,2,1,0,1,0
0.84,2,413,2,1,2,1,0,1,0
0.84,2,97,2,1,2,1,0,1,0
0.84,2,311,2,1,2,1,0,1,0
0.84,2,327,2,1,2,1,0,1,0
0.84,2,12,2,1,2,1,0,1,0
0.84,2,64,2,1,2,1,0,1,0
0.84,2,188,2,1,2,1,0,1,0
0.84,2,376,2,2,2,2,0,2,0
0.84,2,349,2,1,2,1,0,1,0
0.84,2,272,2,1,2,1,0,1,0
0.84,2,371,2,1,2,1,0,1,0
0.84,2,129,2,1,2,1,0,1,0
0.84,2,462,2,1,2,1,0,1,0
0.84,2,494,2,1,2,1,0,1,0
0.84,2,328,2,1,2,1,0,1,0
0.84,2,358,2,1,2,1,0,1,0
0.84,2,321,2,1,2,1,0,1,0
0.84,2,193,2,2,2,2,0,2,0
0.84,2,234,2,1,2,1,0,1,0
0.84,2,308,2,1,2,1,0,1,0
0.84,2,341,2,1,2,1,0,1,0
0.84,2,148,2,1,2,1,0,1,0
0.84,2,415,2,2,2,2,0,2,0
0.84,2,205,2,1,2,1,0,1,0
0.84,2,57,2,1,2,1,0,1,0
0.84,2,5,2,1,2,1,0,1,0
0.84,2,90,2,1,2,1,0,1,0
0.84,2,407,2,1,2,1,0,1,0
0.84,2,2,2,1,2,1,0,1,0
0.84,2,368,2,1,2,1,0,1,0
0.84,2,405,2,1,2,1,0,1,0
0.84,2,402,2,1,2,1,0,1,0
0.84,2,367,2,1,2,1,0,1,0
0.84,2,103,2,1,2,1,0,1,0
0.84,2,52,2,1,2,1,0,1,0
0.84,2,146,2,1,2,1,0,1,0
0.84,2,195,2,1,2,1,0,1,0
0.84,2,184,2,1,2,1,0,1,0
0.84,2,489,2,1,2,1,0,1,0
0.84,2,252,2,1,2,1,0,1,0
0.84,2,87,2,1,2,1,0,1,0
0.84,2,180,2,1,2,1,0,1,0
0.84,2,300,2,1,2,1,0,1,0
0.84,2,117,2,1,2,1,0,1,0
0.84,2,25,2,1,2,1,0,1,0
0.84,2,343,2,1,2,1,0,1,0
0.84,2,7,2,1,2,1,0,1,0
0.84,2,430,2,1,2,1,0,1,0
0.84,2,48,2,1,2,1,0,1,0
0.84,2,427,2,1,2,1,0,1,0
0.84,2,104,2,1,2,1,0,1,0
0.84,2,310,2,1,2,1,0,1,0
0.84,2,242,2,2,2,2,0,2,0
0.84,2,298,2,1,2,1,0,1,0
0.84,2,345,2,1,2,1,0,1,0
0.84,2,16,2,1,2,1,0,1,0
0.84,2,318,2,1,2,1,0,1,0
0.84,2,437,2,1,2,1,0,1,0
0.84,2,282,2,1,2,1,0,1,0
0.84,2,107,2,1,2,1,0,1,0
0.84,2,309,2,1,2,1,0,1,0
0.84,2,236,2,1,2,1,0,1,0
0.84,2,299,2,1,2,1,0,1,0
0.84,2,491,2,1,2,1,0,1,0
0.84,2,474,2,2,2,2,0,2,0
0.84,2,264,2,1,2,1,0,1,0
0.84,2,132,2,1,2,1,0,1,0
0.84,2,498,2,1,2,1,0,1,0
0.84,2,8,2,1,2,1,0,1,0
0.84,2,222,2,1,2,1,0,1,0
0.84,2,83,2,1,2,1,0,1,0
0.84,4,223,2,1,2,1,0,1,0
0.84,4,122,2,1,2,1,0,1,0
0.84,4,373,2,1,2,1,0,1,0
0.84,4,10,2,1,2,1,0,1,0
0.84,4,227,2,2,2,2,0,2,0
0.84,4,6,2,1,2,1,0,1,0
0.84,4,190,2,1,2,1,0,1,0
0.84,4,294,2,1,2,1,0,1,0
0.84,4,206,2,1,2,1,0,1,0
0.84,4,344,2,2,2,2,0,2,0
0.84,4,81,2,1,2,1,0,1,0
0.84,4,34,2,1,2,1,0,1,0
0.84,4,478,2,2,2,2,0,2,0
0.84,4,225,2,1,2,1,0,1,0
0.84,4,452,2,1,2,1,0,1,0
0.84,4,67,2,1,2,1,0,1,0
0.84,4,286,2,1,2,1,0,1,0
0.84,4,251,2,1,2,1,0,1,0
0.84,4,335,2,1,2,1,0,1,0
0.84,4,439,2,1,2,1,0,1,0
0.84,4,409,2,2,2,2,0,2,0
0.84,4,125,2,1,2,1,0,1,0
0.84,4,70,2,1,2,1,0,1,0
0.84,4,145,2,1,2,1,0,1,0
0.84,4,73,2,1,2,1,0,1,0
0.84,4,284,2,1,2,1,0,1,0
0.84,4,186,2,1,2,1,0,1,0
0.84,4,58,2,1,2,1,0,1,0
0.84,4,381,2,1,2,1,0,1,0
0.84,4,305,2,1,2,1,0,1,0
0.84,4,149,2,2,2,2,0,2,0
0.84,4,140,2,1,2,1,0,1,0
0.84,4,364,2,1,2,1,0,1,0
0.84,4,361,2,1,2,1,0,1,0
0.84,4,23,2,1,2,1,0,1,0
0.84,4,254,2,2,2,2,0,2,0
0.84,4,173,2,1,2,1,0,1,0
0.84,4,456,2,1,2,1,0,1,0
0.84,4,403,2,1,2,1,0,1,0
0.84,4,382,2,1,2,1,0,1,0
0.84,4,320,2,1,2,1,0,1,0
0.84,4,167,2,1,2,1,0,1,0
0.84,4,419,2,1,2,1,0,1,0
0.84,4,262,2,1,2,1,0,1,0
0.84,4,91,2,2,2,2,0,2,0
0.84,4,19,2,1,2,1,0,1,0
0.84,4,78,2,1,2,1,0,1,0
0.84,4,440,2,1,2,1,0,1,0
0.84,4,350,2,1,2,1,0,1,0
0.84,4,113,2,1,2,1,0,1,0
0.84,4,291,2,1,2,1,0,1,0
0.84,4,370,2,1,2,1,0,1,0
0.84,4,152,2,1,2,1,0,1,0
0.84,4,99,2,1,2,1,0,1,0
0.84,4,32,2,1,2,1,0,1,0
0.84,4,77,2,1,2,1,0,1,0
0.84,4,183,2,1,2,1,0,1,0
0.84,4,383,2,1,2,1,0,1,0
0.84,4,179,2,1,2,1,0,1,0
0.84,4,68,2,1,2,1,0,1,0
0.84,4,385,2,1,2,1,0,1,0
0.84,4,464,2,1,2,1,0,1,0
0.84,4,482,2,1,2,1,0,1,0
0.84,4,351,2,1,2,1,0,1,0
0.84,4,287,2,1,2,1,0,1,0
0.84,4,302,2,1,2,1,0,1,0
0.84,4,457,2,1,2,1,0,1,0
0.84,4,94,2,1,2,1,0,1,0
0.84,4,102,2,2,2,2,0,2,0
0.84,4,490,2,1,2,1,0,1,0
0.84,4,449,2,2,2,2,0,2,0
0.84,4,172,2,1,2,1,0,1,0
0.84,4,323,2,1,2,1,0,1,0
0.84,4,484,2,1,2,1,0,1,0
0.84,4,312,2,1,2,1,0,1,0
0.84,4,69,2,1,2,1,0,1,0
0.84,4,157,2,1,2,1,0,1,0
0.84,4,280,2,1,2,1,0,1,0
0.84,4,187,2,1,2,1,0,1,0
0.84,4,232,2,1,2,1,0,1,0
0.84,4,133,2,2,2,2,0,2,0
0.84,4,128,2,1,2,1,0,1,0
0.84,4,250,2,1,2,1,0,1,0
0.84,4,483,2,1,2,1,0,1,0
0.84,4,218,2,2,2,2,0,2,0
0.84,4,338,2,1,2,1,0,1,0
0.84,4,486,2,1,2,1,0,1,0
0.84,4,420,2,1,2,1,0,1,0
0.84,4,333,2,2,2,2,0,2,0
0.84,4,401,2,2,2,2,0,2,0
0.84,4,61,2,1,2,1,0,1,0
0.84,4,432,2,1,2,1,0,1,0
0.84,4,428,2,1,2,1,0,1,0
0.84,4,38,2,1,2,1,0,1,0
0.84,4,480,2,1,2,1,0,1,0
0.84,4,199,2,1,2,1,0,1,0
0.84,4,17,2,1,2,1,0,1,0
0.84,4,162,2,1,2,1,0,1,0
0.84,4,62,2,1,2,1,0,1,0
0.84,4,181,2,1,2,1,0,1,0
0.84,4,307,2,2,2,2,0,2,0
0.84,4,271,2,1,2,1,0,1,0
0.84,4,418,2,1,2,1,0,1,0
0.84,4,130,2,1,2,1,0,1,0
0.84,4,44,2,2,2,2,0,2,0
0.84,4,138,2,1,2,1,0,1,0
0.84,4,165,2,1,2,1,0,1,0
0.84,4,203,2,1,2,1,0,1,0
0.84,4,22,2,2,2,2,0,2,0
0.84,4,85,2,2,2,2,0,2,0
0.84,4,316,2,1,2,1,0,1,0
0.84,4,279,2,1,2,1,0,1,0
0.84,4,108,2,1,2,1,0,1,0
0.84,4,325,2,1,2,1,0,1,0
0.84,4,384,2,1,2,1,0,1,0
0.84,4,274,2,1,2,1,0,1,0
0.84,4,261,2,1,2,1,0,1,0
0.84,4,207,2,1,2,1,0,1,0
0.84,4,339,2,1,2,1,0,1,0
0.84,4,224,2,1,2,1,0,1,0
0.84,4,196,2,1,2,1,0,1,0
0.84,4,283,2,1,2,1,0,1,0
0.84,4,243,2,1,2,1,0,1,0
0.84,4,258,2,1,2,1,0,1,0
0.84,4,229,2,1,2,1,0,1,0
0.84,4,247,2,1,2,1,0,1,0
0.84,4,89,2,1,2,1,0,1,0
0.84,4,394,2,2,2,2,0,2,0
0.84,4,82,2,1,2,1,0,1,0
0.84,4,444,2,1,2,1,0,1,0
0.84,4,147,2,1,2,1,0,1,0
0.84,4,178,2,1,2,1,0,1,0
0.84,4,239,2,1,2,1,0,1,0
0.84,4,240,2,1,2,1,0,1,0
0.84,4,3,2,2,2,2,0,2,0
0.84,4,154,2,1,2,1,0,1,0
0.84,4,53,2,1,2,1,0,1,0
0.84,4,417,2,1,2,1,0,1,0
0.84,4,313,2,1,2,1,0,1,0
0.84,4,468,2,1,2,1,0,1,0
0.84,4,182,2,1,2,1,0,1,0
0.84,4,26,2,1,2,1,0,1,0
0.84,4,202,2,1,2,1,0,1,0
0.84,4,30,2,1,2,1,0,1,0
0.84,4,92,2,1,2,1,0,1,0
0.84,4,136,2,1,2,1,0,1,0
0.84,4,13,2,1,2,1,0,1,0
0.84,4,492,2,2,2,2,0,2,0
0.84,4,143,2,1,2,1,0,1,0
0.84,4,118,2,1,2,1,0,1,0
0.84,4,290,2,1,2,1,0,1,0
0.84,4,31,2,1,2,1,0,1,0
0.84,4,141,2,1,2,1,0,1,0
0.84,4,485,2,1,2,1,0,1,0
0.84,4,18,2,1,2,1,0,1,0
0.84,4,346,2,1,2,1,0,1,0
0.84,4,304,2,1,2,1,0,1,0
0.84,4,471,2,1,2,1,0,1,0
0.84,4,105,2,1,2,1,0,1,0
0.84,4,336,2,1,2,1,0,1,0
0.84,4,75,2,1,2,1,0,1,0
0.84,4,166,2,1,2,1,0,1,0
0.84,4,414,2,1,2,1,0,1,0
0.84,4,421,2,2,2,2,0,2,0
0.84,4,159,2,1,2,1,0,1,0
0.84,4,429,2,1,2,1,0,1,0
0.84,4,49,2,1,2,1,0,1,0
0.84,4,301,2,2,2,2,0,2,0
0.84,4,95,2,2,2,2,0,2,0
0.84,4,263,2,1,2,1,0,1,0
0.84,4,156,2,1,2,1,0,1,0
0.84,4,453,2,1,2,1,0,1,0
0.84,4,481,2,1,2,1,0,1,0
0.84,4,210,2,1,2,1,0,1,0
0.84,4,317,2,1,2,1,0,1,0
0.84,4,255,2,1,2,1,0,1,0
0.84,4,150,2,1,2,1,0,1,0
0.84,4,65,2,2,2,2,0,2,0
0.84,4,60,2,1,2,1,0,1,0
0.84,4,28,2,1,2,1,0,1,0
0.84,4,404,2,1,2,1,0,1,0
0.84,4,127,2,1,2,1,0,1,0
0.84,4,450,2,1,2,1,0,1,0
0.84,4,278,2,1,2,1,0,1,0
0.84,4,276,2,1,2,1,0,1,0
0.84,4,109,2,1,2,1,0,1,0
0.84,4,42,2,1,2,1,0,1,0
0.84,4,155,2,1,2,1,0,1,0
0.84,4,228,2,1,2,1,0,1,0
0.84,4,244,2,1,2,1,0,1,0
0.84,4,249,2,1,2,1,0,1,0
0.84,4,372,2,1,2,1,0,1,0
0.84,4,1,2,1,2,1,0,1,0
0.84,4,71,2,1,2,1,0,1,0
0.84,4,170,2,2,2,2,0,2,0
0.84,4,33,2,1,2,1,0,1,0
0.84,4,395,2,1,2,1,0,1,0
0.84,4,246,2,2,2,2,0,2,0
0.84,4,329,2,1,2,1,0,1,0
0.84,4,455,2,1,2,1,0,1,0
0.84,4,332,2,2,2,2,0,2,0
0.84,4,241,2,1,2,1,0,1,0
0.84,4,475,2,1,2,1,0,1,0
0.84,4,488,2,1,2,1,0,1,0
0.84,4,134,2,2,2,2,0,2,0
0.84,4,177,2,2,2,2,0,2,0
0.84,4,357,2,1,2,1,0,1,0
0.84,4,120,2,1,2,1,0,1,0
0.84,4,245,2,1,2,1,0,1,0
0.84,4,27,2,1,2,1,0,1,0
0.84,4,98,2,1,2,1,0,1,0
0.84,4,285,2,1,2,1,0,1,0
0.84,4,292,2,1,2,1,0,1,0
0.84,4,213,2,2,2,2,0,2,0
0.84,4,41,2,1,2,1,0,1,0
0.84,4,43,2,1,2,1,0,1,0
0.84,4,389,2,1,2,1,0,1,0
0.84,4,160,2,1,2,1,0,1,0
0.84,4,115,2,1,2,1,0,1,0
0.84,4,56,2,1,2,1,0,1,0
0.84,4,360,2,1,2,1,0,1,0
0.84,4,324,2,1,2,1,0,1,0
0.84,4,314,2,1,2,1,0,1,0
0.84,4,231,2,1,2,1,0,1,0
0.84,4,303,2,1,2,1,0,1,0
0.84,4,36,2,1,2,1,0,1,0
0.84,4,40,2,1,2,1,0,1,0
0.84,4,322,2,1,2,1,0,1,0
0.84,4,425,2,2,2,2,0,2,0
0.84,4,293,2,1,2,1,0,1,0
0.84,4,110,2,1,2,1,0,1,0
0.84,4,334,2,1,2,1,0,1,0
0.84,4,270,2,1,2,1,0,1,0
0.84,4,47,2,1,2,1,0,1,0
0.84,4,470,2,1,2,1,0,1,0
0.84,4,214,2,1,2,1,0,1,0
0.84,4,221,2,1,2,1,0,1,0
0.84,4,79,2,1,2,1,0,1,0
0.84,4,198,2,1,2,1,0,1,0
0.84,4,375,2,1,2,1,0,1,0
0.84,4,45,2,1,2,1,0,1,0
0.84,4,230,2,1,2,1,0,1,0
0.84,4,168,2,1,2,1,0,1,0
0.84,4,465,2,1,2,1,0,1,0
0.84,4,443,2,1,2,1,0,1,0
0.84,4,359,2,1,2,1,0,1,0
0.84,4,352,2,1,2,1,0,1,0
0.84,4,204,2,1,2,1,0,1,0
0.84,4,219,2,1,2,1,0,1,0
0.84,4,306,2,2,2,2,0,2,0
0.84,4,54,2,1,2,1,0,1,0
0.84,4,63,2,1,2,1,0,1,0
0.84,4,86,2,1,2,1,0,1,0
0.84,4,497,2,1,2,1,0,1,0
0.84,4,412,2,1,2,1,0,1,0
0.84,4,197,2,1,2,1,0,1,0
0.84,4,59,2,1,2,1,0,1,0
0.84,4,66,2,1,2,1,0,1,0
0.84,4,248,2,1,2,1,0,1,0
0.84,4,29,2,1,2,1,0,1,0
0.84,4,72,2,2,2,2,0,2,0
0.84,4,76,2,1,2,1,0,1,0
0.84,4,331,2,1,2,1,0,1,0
0.84,4,479,2,1,2,1,0,1,0
0.84,4,158,2,2,2,2,0,2,0
0.84,4,191,2,1,2,1,0,1,0
0.84,4,495,2,1,2,1,0,1,0
0.84,4,200,2,1,2,1,0,1,0
0.84,4,473,2,2,2,2,0,2,0
0.84,4,101,2,1,2,1,0,1,0
0.84,4,9,2,1,2,1,0,1,0
0.84,4,235,2,2,2,2,0,2,0
0.84,4,21,2,1,2,1,0,1,0
0.84,4,374,2,1,2,1,0,1,0
0.84,4,161,2,1,2,1,0,1,0
0.84,4,114,2,1,2,1,0,1,0
0.84,4,438,2,1,2,1,0,1,0
0.84,4,93,2,2,2,2,0,2,0
0.84,4,348,2,1,2,1,0,1,0
0.84,4,24,2,1,2,1,0,1,0
0.84,4,142,2,1,2,1,0,1,0
0.84,4,469,2,2,2,2,0,2,0
0.84,4,137,2,1,2,1,0,1,0
0.84,4,256,2,1,2,1,0,1,0
0.84,4,379,2,1,2,1,0,1,0
0.84,4,135,2,1,2,1,0,1,0
0.84,4,39,2,1,2,1,0,1,0
0.84,4,356,2,1,2,1,0,1,0
0.84,4,467,2,1,2,1,0,1,0
0.84,4,257,2,1,2,1,0,1,0
0.84,4,192,2,2,2,2,0,2,0
0.84,4,326,2,1,2,1,0,1,0
0.84,4,220,2,2,2,2,0,2,0
0.84,4,139,2,1,2,1,0,1,0
0.84,4,74,2,2,2,2,0,2,0
0.84,4,253,2,1,2,1,0,1,0
0.84,4,153,2,1,2,1,0,1,0
0.84,4,15,2,1,2,1,0,1,0
0.84,4,378,2,1,2,1,0,1,0
0.84,4,387,2,1,2,1,0,1,0
0.84,4,466,2,1,2,1,0,1,0
0.84,4,424,2,1,2,1,0,1,0
0.84,4,84,2,1,2,1,0,1,0
0.84,4,297,2,1,2,1,0,1,0
0.84,4,459,2,1,2,1,0,1,0
0.84,4,436,2,1,2,1,0,1,0
0.84,4,50,2,1,2,1,0,1,0
0.84,4,96,2,1,2,1,0,1,0
0.84,4,216,2,1,2,1,0,1,0
0.84,4,295,2,1,2,1,0,1,0
0.84,4,362,2,1,2,1,0,1,0
0.84,4,386,2,1,2,1,0,1,0
0.84,4,116,2,2,2,2,0,2,0
0.84,4,277,2,1,2,1,0,1,0
0.84,4,447,2,1,2,1,0,1,0
0.84,4,337,2,1,2,1,0,1,0
0.84,4,119,2,1,2,1,0,1,0
0.84,4,266,2,1,2,1,0,1,0
0.84,4,211,2,1,2,1,0,1,0
0.84,4,124,2,1,2,1,0,1,0
0.84,4,461,2,1,2,1,0,1,0
0.84,4,51,2,1,2,1,0,1,0
0.84,4,269,2,1,2,1,0,1,0
0.84,4,393,2,1,2,1,0,1,0
0.84,4,169,2,1,2,1,0,1,0
0.84,4,390,2,1,2,1,0,1,0
0.84,4,288,2,1,2,1,0,1,0
0.84,4,423,2,1,2,1,0,1,0
0.84,4,80,2,1,2,1,0,1,0
0.84,4,215,2,1,2,1,0,1,0
0.84,4,411,2,1,2,1,0,1,0
0.84,4,354,2,1,2,1,0,1,0
0.84,4,112,2,1,2,1,0,1,0
0.84,4,445,2,1,2,1,0,1,0
0.84,4,416,2,1,2,1,0,1,0
0.84,4,340,2,2,2,2,0,2,0
0.84,4,275,2,1,2,1,0,1,0
0.84,4,399,2,1,2,1,0,1,0
0.84,4,273,2,2,2,2,0,2,0
0.84,4,209,2,1,2,1,0,1,0
0.84,4,194,2,1,2,1,0,1,0
0.84,4,458,2,1,2,1,0,1,0
0.84,4,448,2,1,2,1,0,1,0
0.84,4,126,2,1,2,1,0,1,0
0.84,4,446,2,1,2,1,0,1,0
0.84,4,163,2,2,2,2,0,2,0
0.84,4,174,2,1,2,1,0,1,0
0.84,4,176,2,1,2,1,0,1,0
0.84,4,131,2,1,2,1,0,1,0
0.84,4,406,2,1,2,1,0,1,0
0.84,4,433,2,2,2,2,0,2,0
0.84,4,434,2,1,2,1,0,1,0
0.84,4,151,2,1,2,1,0,1,0
0.84,4,164,2,1,2,1,0,1,0
0.84,4,451,2,1,2,1,0,1,0
0.84,4,37,2,2,2,2,0,2,0
0.84,4,4,2,1,2,1,0,1,0
0.84,4,330,2,1,2,1,0,1,0
0.84,4,355,2,1,2,1,0,1,0
0.84,4,496,2,1,2,1,0,1,0
0.84,4,268,2,1,2,1,0,1,0
0.84,4,238,2,1,2,1,0,1,0
0.84,4,259,2,1,2,1,0,1,0
0.84,4,426,2,1,2,1,0,1,0
0.84,4,400,2,1,2,1,0,1,0
0.84,4,289,2,1,2,1,0,1,0
0.84,4,397,2,1,2,1,0,1,0
0.84,4,380,2,2,2,2,0,2,0
0.84,4,35,2,1,2,1,0,1,0
0.84,4,442,2,1,2,1,0,1,0
0.84,4,14,2,1,2,1,0,1,0
0.84,4,281,2,1,2,1,0,1,0
0.84,4,388,2,1,2,1,0,1,0
0.84,4,226,2,1,2,1,0,1,0
0.84,4,365,2,1,2,1,0,1,0
0.84,4,296,2,1,2,1,0,1,0
0.84,4,20,2,1,2,1,0,1,0
0.84,4,431,2,1,2,1,0,1,0
0.84,4,111,2,1,2,1,0,1,0
0.84,4,88,2,1,2,1,0,1,0
0.84,4,398,2,2,2,2,0,2,0
0.84,4,171,2,1,2,1,0,1,0
0.84,4,267,2,1,2,1,0,1,0
0.84,4,377,2,1,2,1,0,1,0
0.84,4,472,2,1,2,1,0,1,0
0.84,4,391,2,2,2,2,0,2,0
0.84,4,493,2,1,2,1,0,1,0
0.84,4,396,2,1,2,1,0,1,0
0.84,4,46,2,1,2,1,0,1,0
0.84,4,208,2,1,2,1,0,1,0
0.84,4,476,2,1,2,1,0,1,0
0.84,4,422,2,1,2,1,0,1,0
0.84,4,260,2,1,2,1,0,1,0
0.84,4,363,2,1,2,1,0,1,0
0.84,4,185,2,2,2,2,0,2,0
0.84,4,265,2,1,2,1,0,1,0
0.84,4,175,2,1,2,1,0,1,0
0.84,4,123,2,1,2,1,0,1,0
0.84,4,315,2,1,2,1,0,1,0
0.84,4,435,2,1,2,1,0,1,0
0.84,4,410,2,1,2,1,0,1,0
0.84,4,463,2,1,2,1,0,1,0
0.84,4,366,2,1,2,1,0,1,0
0.84,4,460,2,1,2,1,0,1,0
0.84,4,319,2,1,2,1,0,1,0
0.84,4,237,2,1,2,1,0,1,0
0.84,4,100,2,2,2,2,0,2,0
0.84,4,499,2,1,2,1,0,1,0
0.84,4,189,2,1,2,1,0,1,0
0.84,4,121,2,1,2,1,0,1,0
0.84,4,201,2,1,2,1,0,1,0
0.84,4,342,2,1,2,1,0,1,0
0.84,4,392,2,1,2,1,0,1,0
0.84,4,217,2,1,2,1,0,1,0
0.84,4,212,2,1,2,1,0,1,0
0.84,4,233,2,1,2,1,0,1,0
0.84,4,454,2,1,2,1,0,1,0
0.84,4,0,2,2,2,2,0,2,0
0.84,4,347,2,1,2,1,0,1,0
0.84,4,477,2,1,2,1,0,1,0
0.84,4,11,2,1,2,1,0,1,0
0.84,4,55,2,1,2,1,0,1,0
0.84,4,144,2,1,2,1,0,1,0
0.84,4,369,2,1,2,1,0,1,0
0.84,4,487,2,1,2,1,0,1,0
0.84,4,106,2,2,2,2,0,2,0
0.84,4,441,2,1,2,1,0,1,0
0.84,4,408,2,1,2,1,0,1,0
0.84,4,353,2,1,2,1,0,1,0
0.84,4,413,2,1,2,1,0,1,0
0.84,4,97,2,1,2,1,0,1,0
0.84,4,311,2,1,2,1,0,1,0
0.84,4,327,2,1,2,1,0,1,0
0.84,4,12,2,1,2,1,0,1,0
0.84,4,64,2,1,2,1,0,1,0
0.84,4,188,2,1,2,1,0,1,0
0.84,4,376,2,2,2,2,0,2,0
0.84,4,349,2,1,2,1,0,1,0
0.84,4,272,2,1,2,1,0,1,0
0.84,4,371,2,1,2,1,0,1,0
0.84,4,129,2,1,2,1,0,1,0
0.84,4,462,2,1,2,1,0,1,0
0.84,4,494,2,1,2,1,0,1,0
0.84,4,328,2,1,2,1,0,1,0
0.84,4,358,2,1,2,1,0,1,0
0.84,4,321,2,1,2,1,0,1,0
0.84,4,193,2,2,2,2,0,2,0
0.84,4,234,2,1,2,1,0,1,0
0.84,4,308,2,1,2,1,0,1,0
0.84,4,341,2,1,2,1,0,1,0
0.84,4,148,2,1,2,1,0,1,0
0.84,4,415,2,2,2,2,0,2,0
0.84,4,205,2,1,2,1,0,1,0
0.84,4,57,2,1,2,1,0,1,0
0.84,4,5,2,1,2,1,0,1,0
0.84,4,90,2,1,2,1,0,1,0
0.84,4,407,2,1,2,1,0,1,0
0.84,4,2,2,1,2,1,0,1,0
0.84,4,368,2,1,2,1,0,1,0
0.84,4,405,2,1,2,1,0,1,0
0.84,4,402,2,1,2,1,0,1,0
0.84,4,367,2,1,2,1,0,1,0
0.84,4,103,2,1,2,1,0,1,0
0.84,4,52,2,1,2,1,0,1,0
0.84,4,146,2,1,2,1,0,1,0
0.84,4,195,2,1,2,1,0,1,0
0.84,4,184,2,1,2,1,0,1,0
0.84,4,489,2,1,2,1,0,1,0
0.84,4,252,2,1,2,1,0,1,0
0.84,4,87,2,1,2,1,0,1,0
0.84,4,180,2,1,2,1,0,1,0
0.84,4,300,2,1,2,1,0,1,0
0.84,4,117,2,1,2,1,0,1,0
0.84,4,25,2,1,2,1,0,1,0
0.84,4,343,2,1,2,1,0,1,0
0.84,4,7,2,1,2,1,0,1,0
0.84,4,430,2,1,2,1,0,1,0
0.84,4,48,2,1,2,1,0,1,0
0.84,4,427,2,1,2,1,0,1,0
0.84,4,104,2,1,2,1,0,1,0
0.84,4,310,2,1,2,1,0,1,0
0.84,4,242,2,2,2,2,0,2,0
0.84,4,298,2,1,2,1,0,1,0
0.84,4,345,2,1,2,1,0,1,0
0.84,4,16,2,1,2,1,0,1,0
0.84,4,318,2,1,2,1,0,1,0
0.84,4,437,2,1,2,1,0,1,0
0.84,4,282,2,1,2,1,0,1,0
0.84,4,107,2,1,2,1,0,1,0
0.84,4,309,2,1,2,1,0,1,0
0.84,4,236,2,1,2,1,0,1,0
0.84,4,299,2,1,2,1,0,1,0
0.84,4,491,2,1,2,1,0,1,0
0.84,4,474,2,2,2,2,0,2,0
0.84,4,264,2,1,2,1,0,1,0
0.84,4,132,2,1,2,1,0,1,0
0.84,4,498,2,1,2,1,0,1,0
0.84,4,8,2,1,2,1,0,1,0
0.84,4,222,2,1,2,1,0,1,0
0.84,4,83,2,1,2,1,0,1,0
0.84,8,223,2,1,2,1,0,1,0
0.84,8,122,2,1,2,1,0,1,0
0.84,8,373,2,1,2,1,0,1,0
0.84,8,10,2,1,2,1,0,1,0
0.84,8,227,2,2,2,2,0,2,0
0.84,8,6,2,1,2,1,0,1,0
0.84,8,190,2,1,2,1,0,1,0
0.84,8,294,2,1,2,1,0,1,0
0.84,8,206,2,1,2,1,0,1,0
0.84,8,344,2,2,2,2,0,2,0
0.84,8,81,2,1,2,1,0,1,0
0.84,8,34,2,1,2,1,0,1,0
0.84,8,478,2,2,2,2,0,2,0
0.84,8,225,2,1,2,1,0,1,0
0.84,8,452,2,1,2,1,0,1,0
0.84,8,67,2,1,2,1,0,1,0
0.84,8,286,2,1,2,1,0,1,0
0.84,8,251,2,1,2,1,0,1,0
0.84,8,335,2,1,2,1,0,1,0
0.84,8,439,2,1,2,1,0,1,0
0.84,8,409,2,2,2,2,0,2,0
0.84,8,125,2,1,2,1,0,1,0
0.84,8,70,2,1,2,1,0,1,0
0.84,8,145,2,1,2,1,0,1,0
0.84,8,73,2,1,2,1,0,1,0
0.84,8,284,2,1,2,1,0,1,0
0.84,8,186,2,1,2,1,0,1,0
0.84,8,58,2,1,2,1,0,1,0
0.84,8,381,2,1,2,1,0,1,0
0.84,8,305,2,1,2,1,0,1,0
0.84,8,149,2,2,2,2,0,2,0
0.84,8,140,2,1,2,1,0,1,0
0.84,8,364,2,1,2,1,0,1,0
0.84,8,361,2,1,2,1,0,1,0
0.84,8,23,2,1,2,1,0,1,0
0.84,8,254,2,2,2,2,0,2,0
0.84,8,173,2,1,2,1,0,1,0
0.84,8,456,2,1,2,1,0,1,0
0.84,8,403,2,1,2,1,0,1,0
0.84,8,382,2,1,2,1,0,1,0
0.84,8,320,2,1,2,1,0,1,0
0.84,8,167,2,1,2,1,0,1,0
0.84,8,419,2,1,2,1,0,1,0
0.84,8,262,2,1,2,1,0,1,0
0.84,8,91,2,2,2,2,0,2,0
0.84,8,19,2,1,2,1,0,1,0
0.84,8,78,2,1,2,1,0,1,0
0.84,8,440,2,1,2,1,0,1,0
0.84,8,350,2,1,2,1,0,1,0
0.84,8,113,2,1,2,1,0,1,0
0.84,8,291,2,1,2,1,0,1,0
0.84,8,370,2,1,2,1,0,1,0
0.84,8,152,2,1,2,1,0,1,0
0.84,8,99,2,1,2,1,0,1,0
0.84,8,32,2,1,2,1,0,1,0
0.84,8,77,2,1,2,1,0,1,0
0.84,8,183,2,1,2,1,0,1,0
0.84,8,383,2,1,2,1,0,1,0
0.84,8,179,2,1,2,1,0,1,0
0.84,8,68,2,1,2,1,0,1,0
0.84,8,385,2,1,2,1,0,1,0
0.84,8,464,2,1,2,1,0,1,0
0.84,8,482,2,1,2,1,0,1,0
0.84,8,351,2,1,2,1,0,1,0
0.84,8,287,2,1,2,1,0,1,0
0.84,8,302,2,1,2,1,0,1,0
0.84,8,457,2,1,2,1,0,1,0
0.84,8,94,2,1,2,1,0,1,0
0.84,8,102,2,2,2,2,0,2,0
0.84,8,490,2,1,2,1,0,1,0
0.84,8,449,2,2,2,2,0,2,0
0.84,8,172,2,1,2,1,0,1,0
0.84,8,323,2,1,2,1,0,1,0
0.84,8,484,2,1,2,1,0,1,0
0.84,8,312,2,1,2,1,0,1,0
0.84,8,69,2,1,2,1,0,1,0
0.84,8,157,2,1,2,1,0,1,0
0.84,8,280,2,1,2,1,0,1,0
0.84,8,187,2,1,2,1,0,1,0
0.84,8,232,2,1,2,1,0,1,0
0.84,8,133,2,2,2,2,0,2,0
0.84,8,128,2,1,2,1,0,1,0
0.84,8,250,2,1,2,1,0,1,0
0.84,8,483,2,1,2,1,0,1,0
0.84,8,218,2,2,2,2,0,2,0
0.84,8,338,2,1,2,1,0,1,0
0.84,8,486,2,1,2,1,0,1,0
0.84,8,420,2,1,2,1,0,1,0
0.84,8,333,2,2,2,2,0,2,0
0.84,8,401,2,2,2,2,0,2,0
0.84,8,61,2,1,2,1,0,1,0
0.84,8,432,2,1,2,1,0,1,0
0.84,8,428,2,1,2,1,0,1,0
0.84,8,38,2,1,2,1,0,1,0
0.84,8,480,2,1,2,1,0,1,0
0.84,8,199,2,1,2,1,0,1,0
0.84,8,17,2,1,2,1,0,1,0
0.84,8,162,2,1,2,1,0,1,0
0.84,8,62,2,1,2,1,0,1,0
0.84,8,181,2,1,2,1,0,1,0
0.84,8,307,2,2,2,2,0,2,0
0.84,8,271,2,1,2,1,0,1,0
0.84,8,418,2,1,2,1,0,1,0
0.84,8,130,2,1,2,1,0,1,0
0.84,8,44,2,2,2,2,0,2,0
0.84,8,138,2,1,2,1,0,1,0
0.84,8,165,2,1,2,1,0,1,0
0.84,8,203,2,1,2,1,0,1,0
0.84,8,22,2,2,2,2,0,2,0
0.84,8,85,2,2,2,2,0,2,0
0.84,8,316,2,1,2,1,0,1,0
0.84,8,279,2,1,2,1,0,1,0
0.84,8,108,2,1,2,1,0,1,0
0.84,8,325,2,1,2,1,0,1,0
0.84,8,384,2,1,2,1,0,1,0
0.84,8,274,2,1,2,1,0,1,0
0.84,8,261,2,1,2,1,0,1,0
0.84,8,207,2,1,2,1,0,1,0
0.84,8,339,2,1,2,1,0,1,0
0.84,8,224,2,1,2,1,0,1,0
0.84,8,196,2,1,2,1,0,1,0
0.84,8,283,2,1,2,1,0,1,0
0.84,8,243,2,1,2,1,0,1,0
0.84,8,258,2,1,2,1,0,1,0
0.84,8,229,2,1,2,1,0,1,0
0.84,8,247,2,1,2,1,0,1,0
0.84,8,89,2,1,2,1,0,1,0
0.84,8,394,2,2,2,2,0,2,0
0.84,8,82,2,1,2,1,0,1,0
0.84,8,444,2,1,2,1,0,1,0
0.84,8,147,2,1,2,1,0,1,0
0.84,8,178,2,1,2,1,0,1,0
0.84,8,239,2,1,2,1,0,1,0
0.84,8,240,2,1,2,1,0,1,0
0.84,8,3,2,2,2,2,0,2,0
0.84,8,154,2,1,2,1,0,1,0
0.84,8,53,2,1,2,1,0,1,0
0.84,8,417,2,1,2,1,0,1,0
0.84,8,313,2,1,2,1,0,1,0
0.84,8,468,2,1,2,1,0,1,0
0.84,8,182,2,1,2,1,0,1,0
0.84,8,26,2,1,2,1,0,1,0
0.84,8,202,2,1,2,1,0,1,0
0.84,8,30,2,1,2,1,0,1,0
0.84,8,92,2,1,2,1,0,1,0
0.84,8,136,2,1,2,1,0,1,0
0.84,8,13,2,1,2,1,0,1,0
0.84,8,492,2,2,2,2,0,2,0
0.84,8,143,2,1,2,1,0,1,0
0.84,8,118,2,1,2,1,0,1,0
0.84,8,290,2,1,2,1,0,1,0
0.84,8,31,2,1,2,1,0,1,0
0.84,8,141,2,1,2,1,0,1,0
0.84,8,485,2,1,2,1,0,1,0
0.84,8,18,2,1,2,1,0,1,0
0.84,8,346,2,1,2,1,0,1,0
0.84,8,304,2,1,2,1,0,1,0
0.84,8,471,2,1,2,1,0,1,0
0.84,8,105,2,1,2,1,0,1,0
0.84,8,336,2,1,2,1,0,1,0
0.84,8,75,2,1,2,1,0,1,0
0.84,8,166,2,1,2,1,0,1,0
0.84,8,414,2,1,2,1,0,1,0
0.84,8,421,2,2,2,2,0,2,0
0.84,8,159,2,1,2,1,0,1,0
0.84,8,429,2,1,2,1,0,1,0
0.84,8,49,2,1,2,1,0,1,0
0.84,8,301,2,2,2,2,0,2,0
0.84,8,95,2,2,2,2,0,2,0
0.84,8,263,2,1,2,1,0,1,0
0.84,8,156,2,1,2,1,0,1,0
0.84,8,453,2,1,2,1,0,1,0
0.84,8,481,2,1,2,1,0,1,0
0.84,8,210,2,1,2,1,0,1,0
0.84,8,317,2,1,2,1,0,1,0
0.84,8,255,2,1,2,1,0,1,0
0.84,8,150,2,1,2,1,0,1,0
0.84,8,65,2,2,2,2,0,2,0
0.84,8,60,2,1,2,1,0,1,0
0.84,8,28,2,1,2,1,0,1,0
0.84,8,404,2,1,2,1,0,1,0
0.84,8,127,2,1,2,1,0,1,0
0.84,8,450,2,1,2,1,0,1,0
0.84,8,278,2,1,2,1,0,1,0
0.84,8,276,2,1,2,1,0,1,0
0.84,8,109,2,1,2,1,0,1,0
0.84,8,42,2,1,2,1,0,1,0
0.84,8,155,2,1,2,1,0,1,0
0.84,8,228,2,1,2,1,0,1,0
0.84,8,244,2,1,2,1,0,1,0
0.84,8,249,2,1,2,1,0,1,0
0.84,8,372,2,1,2,1,0,1,0
0.84,8,1,2,1,2,1,0,1,0
0.84,8,71,2,1,2,1,0,1,0
0.84,8,170,2,2,2,2,0,2,0
0.84,8,33,2,1,2,1,0,1,0
0.84,8,395,2,1,2,1,0,1,0
0.84,8,246,2,2,2,2,0,2,0
0.84,8,329,2,1,2,1,0,1,0
0.84,8,455,2,1,2,1,0,1,0
0.84,8,332,2,2,2,2,0,2,0
0.84,8,241,2,1,2,1,0,1,0
0.84,8,475,2,1,2,1,0,1,0
0.84,8,488,2,1,2,1,0,1,0
0.84,8,134,2,2,2,2,0,2,0
0.84,8,177,2,2,2,2,0,2,0
0.84,8,357,2,1,2,1,0,1,0
0.84,8,120,2,1,2,1,0,1,0
0.84,8,245,2,1,2,1,0,1,0
0.84,8,27,2,1,2,1,0,1,0
0.84,8,98,2,1,2,1,0,1,0
0.84,8,285,2,1,2,1,0,1,0
0.84,8,292,2,1,2,1,0,1,0
0.84,8,213,2,2,2,2,0,2,0
0.84,8,41,2,1,2,1,0,1,0
0.84,8,43,2,1,2,1,0,1,0
0.84,8,389,2,1,2,1,0,1,0
0.84,8,160,2,1,2,1,0,1,0
0.84,8,115,2,1,2,1,0,1,0
0.84,8,56,2,1,2,1,0,1,0
0.84,8,360,2,1,2,1,0,1,0
0.84,8,324,2,1,2,1,0,1,0
0.84,8,314,2,1,2,1,0,1,0
0.84,8,231,2,1,2,1,0,1,0
0.84,8,303,2,1,2,1,0,1,0
0.84,8,36,2,1,2,1,0,1,0
0.84,8,40,2,1,2,1,0,1,0
0.84,8,322,2,1,2,1,0,1,0
0.84,8,425,2,2,2,2,0,2,0
0.84,8,293,2,1,2,1,0,1,0
0.84,8,110,2,1,2,1,0,1,0
0.84,8,334,2,1,2,1,0,1,0
0.84,8,270,2,1,2,1,0,1,0
0.84,8,47,2,1,2,1,0,1,0
0.84,8,470,2,1,2,1,0,1,0
0.84,8,214,2,1,2,1,0,1,0
0.84,8,221,2,1,2,1,0,1,0
0.84,8,79,2,1,2,1,0,1,0
0.84,8,198,2,1,2,1,0,1,0
0.84,8,375,2,1,2,1,0,1,0
0.84,8,45,2,1,2,1,0,1,0
0.84,8,230,2,1,2,1,0,1,0
0.84,8,168,2,1,2,1,0,1,0
0.84,8,465,2,1,2,1,0,1,0
0.84,8,443,2,1,2,1,0,1,0
0.84,8,359,2,1,2,1,0,1,0
0.84,8,352,2,1,2,1,0,1,0
0.84,8,204,2,1,2,1,0,1,0
0.84,8,219,2,1,2,1,0,1,0
0.84,8,306,2,2,2,2,0,2,0
0.84,8,54,2,1,2,1,0,1,0
0.84,8,63,2,1,2,1,0,1,0
0.84,8,86,2,1,2,1,0,1,0
0.84,8,497,2,1,2,1,0,1,0
0.84,8,412,2,1,2,1,0,1,0
0.84,8,197,2,1,2,1,0,1,0
0.84,8,59,2,1,2,1,0,1,0
0.84,8,66,2,1,2,1,0,1,0
0.84,8,248,2,1,2,1,0,1,0
0.84,8,29,2,1,2,1,0,1,0
0.84,8,72,2,2,2,2,0,2,0
0.84,8,76,2,1,2,1,0,1,0
0.84,8,331,2,1,2,1,0,1,0
0.84,8,479,2,1,2,1,0,1,0
0.84,8,158,2,2,2,2,0,2,0
0.84,8,191,2,1,2,1,0,1,0
0.84,8,495,2,1,2,1,0,1,0
0.84,8,200,2,1,2,1,0,1,0
0.84,8,473,2,2,2,2,0,2,0
0.84,8,101,2,1,2,1,0,1,0
0.84,8,9,2,1,2,1,0,1,0
0.84,8,235,2,2,2,2,0,2,0
0.84,8,21,2,1,2,1,0,1,0
0.84,8,374,2,1,2,1,0,1,0
0.84,8,161,2,1,2,1,0,1,0
0.84,8,114,2,1,2,1,0,1,0
0.84,8,438,2,1,2,1,0,1,0
0.84,8,93,2,2,2,2,0,2,0
0.84,8,348,2,1,2,1,0,1,0
0.84,8,24,2,1,2,1,0,1,0
0.84,8,142,2,1,2,1,0,1,0
0.84,8,469,2,2,2,2,0,2,0
0.84,8,137,2,1,2,1,0,1,0
0.84,8,256,2,1,2,1,0,1,0
0.84,8,379,2,1,2,1,0,1,0
0.84,8,135,2,1,2,1,0,1,0
0.84,8,39,2,1,2,1,0,1,0
0.84,8,356,2,1,2,1,0,1,0
0.84,8,467,2,1,2,1,0,1,0
0.84,8,257,2,1,2,1,0,1,0
0.84,8,192,2,2,2,2,0,2,0
0.84,8,326,2,1,2,1,0,1,0
0.84,8,220,2,2,2,2,0,2,0
0.84,8,139,2,1,2,1,0,1,0
0.84,8,74,2,2,2,2,0,2,0
0.84,8,253,2,1,2,1,0,1,0
0.84,8,153,2,1,2,1,0,1,0
0.84,8,15,2,1,2,1,0,1,0
0.84,8,378,2,1,2,1,0,1,0
0.84,8,387,2,1,2,1,0,1,0
0.84,8,466,2,1,2,1,0,1,0
0.84,8,424,2,1,2,1,0,1,0
0.84,8,84,2,1,2,1,0,1,0
0.84,8,297,2,1,2,1,0,1,0
0.84,8,459,2,1,2,1,0,1,0
0.84,8,436,2,1,2,1,0,1,0
0.84,8,50,2,1,2,1,0,1,0
0.84,8,96,2,1,2,1,0,1,0
0.84,8,216,2,1,2,1,0,1,0
0.84,8,295,2,1,2,1,0,1,0
0.84,8,362,2,1,2,1,0,1,0
0.84,8,386,2,1,2,1,0,1,0
0.84,8,116,2,2,2,2,0,2,0
0.84,8,277,2,1,2,1,0,1,0
0.84,8,447,2,1,2,1,0,1,0
0.84,8,337,2,1,2,1,0,1,0
0.84,8,119,2,1,2,1,0,1,0
0.84,8,266,2,1,2,1,0,1,0
0.84,8,211,2,1,2,1,0,1,0
0.84,8,124,2,1,2,1,0,1,0
0.84,8,461,2,1,2,1,0,1,0
0.84,8,51,2,1,2,1,0,1,0
0.84,8,269,2,1,2,1,0,1,0
0.84,8,393,2,1,2,1,0,1,0
0.84,8,169,2,1,2,1,0,1,0
0.84,8,390,2,1,2,1,0,1,0
0.84,8,288,2,1,2,1,0,1,0
0.84,8,423,2,1,2,1,0,1,0
0.84,8,80,2,1,2,1,0,1,0
0.84,8,215,2,1,2,1,0,1,0
0.84,8,411,2,1,2,1,0,1,0
0.84,8,354,2,1,2,1,0,1,0
0.84,8,112,2,1,2,1,0,1,0
0.84,8,445,2,1,2,1,0,1,0
0.84,8,416,2,1,2,1,0,1,0
0.84,8,340,2,2,2,2,0,2,0
0.84,8,275,2,1,2,1,0,1,0
0.84,8,399,2,1,2,1,0,1,0
0.84,8,273,2,2,2,2,0,2,0
0.84,8,209,2,1,2,1,0,1,0
0.84,8,194,2,1,2,1,0,1,0
0.84,8,458,2,1,2,1,0,1,0
0.84,8,448,2,1,2,1,0,1,0
0.84,8,126,2,1,2,1,0,1,0
0.84,8,446,2,1,2,1,0,1,0
0.84,8,163,2,2,2,2,0,2,0
0.84,8,174,2,1,2,1,0,1,0
0.84,8,176,2,1,2,1,0,1,0
0.84,8,131,2,1,2,1,0,1,0
0.84,8,406,2,1,2,1,0,1,0
0.84,8,433,2,2,2,2,0,2,0
0.84,8,434,2,1,2,1,0,1,0
0.84,8,151,2,1,2,1,0,1,0
0.84,8,164,2,1,2,1,0,1,0
0.84,8,451,2,1,2,1,0,1,0
0.84,8,37,2,2,2,2,0,2,0
0.84,8,4,2,1,2,1,0,1,0
0.84,8,330,2,1,2,1,0,1,0
0.84,8,355,2,1,2,1,0,1,0
0.84,8,496,2,1,2,1,0,1,0
0.84,8,268,2,1,2,1,0,1,0
0.84,8,238,2,1,2,1,0,1,0
0.84,8,259,2,1,2,1,0,1,0
0.84,8,426,2,1,2,1,0,1,0
0.84,8,400,2,1,2,1,0,1,0
0.84,8,289,2,1,2,1,0,1,0
0.84,8,397,2,1,2,1,0,1,0
0.84,8,380,2,2,2,2,0,2,0
0.84,8,35,2,1,2,1,0,1,0
0.84,8,442,2,1,2,1,0,1,0
0.84,8,14,2,1,2,1,0,1,0
0.84,8,281,2,1,2,1,0,1,0
0.84,8,388,2,1,2,1,0,1,0
0.84,8,226,2,1,2,1,0,1,0
0.84,8,365,2,1,2,1,0,1,0
0.84,8,296,2,1,2,1,0,1,0
0.84,8,20,2,1,2,1,0,1,0
0.84,8,431,2,1,2,1,0,1,0
0.84,8,111,2,1,2,1,0,1,0
0.84,8,88,2,1,2,1,0,1,0
0.84,8,398,2,2,2,2,0,2,0
0.84,8,171,2,1,2,1,0,1,0
0.84,8,267,2,1,2,1,0,1,0
0.84,8,377,2,1,2,1,0,1,0
0.84,8,472,2,1,2,1,0,1,0
0.84,8,391,2,2,2,2,0,2,0
0.84,8,493,2,1,2,1,0,1,0
0.84,8,396,2,1,2,1,0,1,0
0.84,8,46,2,1,2,1,0,1,0
0.84,8,208,2,1,2,1,0,1,0
0.84,8,476,2,1,2,1,0,1,0
0.84,8,422,2,1,2,1,0,1,0
0.84,8,260,2,1,2,1,0,1,0
0.84,8,363,2,1,2,1,0,1,0
0.84,8,185,2,2,2,2,0,2,0
0.84,8,265,2,1,2,1,0,1,0
0.84,8,175,2,1,2,1,0,1,0
0.84,8,123,2,1,2,1,0,1,0
0.84,8,315,2,1,2,1,0,1,0
0.84,8,435,2,1,2,1,0,1,0
0.84,8,410,2,1,2,1,0,1,0
0.84,8,463,2,1,2,1,0,1,0
0.84,8,366,2,1,2,1,0,1,0
0.84,8,460,2,1,2,1,0,1,0
0.84,8,319,2,1,2,1,0,1,0
0.84,8,237,2,1,2,1,0,1,0
0.84,8,100,2,2,2,2,0,2,0
0.84,8,499,2,1,2,1,0,1,0
0.84,8,189,2,1,2,1,0,1,0
0.84,8,121,2,1,2,1,0,1,0
0.84,8,201,2,1,2,1,0,1,0
0.84,8,342,2,1,2,1,0,1,0
0.84,8,392,2,1,2,1,0,1,0
0.84,8,217,2,1,2,1,0,1,0
0.84,8,212,2,1,2,1,0,1,0
0.84,8,233,2,1,2,1,0,1,0
0.84,8,454,2,1,2,1,0,1,0
0.84,8,0,2,2,2,2,0,2,0
0.84,8,347,2,1,2,1,0,1,0
0.84,8,477,2,1,2,1,0,1,0
0.84,8,11,2,1,2,1,0,1,0
0.84,8,55,2,1,2,1,0,1,0
0.84,8,144,2,1,2,1,0,1,0
0.84,8,369,2,1,2,1,0,1,0
0.84,8,487,2,1,2,1,0,1,0
0.84,8,106,2,2,2,2,0,2,0
0.84,8,441,2,1,2,1,0,1,0
0.84,8,408,2,1,2,1,0,1,0
0.84,8,353,2,1,2,1,0,1,0
0.84,8,413,2,1,2,1,0,1,0
0.84,8,97,2,1,2,1,0,1,0
0.84,8,311,2,1,2,1,0,1,0
0.84,8,327,2,1,2,1,0,1,0
0.84,8,12,2,1,2,1,0,1,0
0.84,8,64,2,1,2,1,0,1,0
0.84,8,188,2,1,2,1,0,1,0
0.84,8,376,2,2,2,2,0,2,0
0.84,8,349,2,1,2,1,0,1,0
0.84,8,272,2,1,2,1,0,1,0
0.84,8,371,2,1,2,1,0,1,0
0.84,8,129,2,1,2,1,0,1,0
0.84,8,462,2,1,2,1,0,1,0
0.84,8,494,2,1,2,1,0,1,0
0.84,8,328,2,1,2,1,0,1,0
0.84,8,358,2,1,2,1,0,1,0
0.84,8,321,2,1,2,1,0,1,0
0.84,8,193,2,2,2,2,0,2,0
0.84,8,234,2,1,2,1,0,1,0
0.84,8,308,2,1,2,1,0,1,0
0.84,8,341,2,1,2,1,0,1,0
0.84,8,148,2,1,2,1,0,1,0
0.84,8,415,2,2,2,2,0,2,0
0.84,8,205,2,1,2,1,0,1,0
0.84,8,57,2,1,2,1,0,1,0
0.84,8,5,2,1,2,1,0,1,0
0.84,8,90,2,1,2,1,0,1,0
0.84,8,407,2,1,2,1,0,1,0
0.84,8,2,2,1,2,1,0,1,0
0.84,8,368,2,1,2,1,0,1,0
0.84,8,405,2,1,2,1,0,1,0
0.84,8,402,2,1,2,1,0,1,0
0.84,8,367,2,1,2,1,0,1,0
0.84,8,103,2,1,2,1,0,1,0
0.84,8,52,2,1,2,1,0,1,0
0.84,8,146,2,1,2,1,0,1,0
0.84,8,195,2,1,2,1,0,1,0
0.84,8,184,2,1,2,1,0,1,0
0.84,8,489,2,1,2,1,0,1,0
0.84,8,252,2,1,2,1,0,1,0
0.84,8,87,2,1,2,1,0,1,0
0.84,8,180,2,1,2,1,0,1,0
0.84,8,300,2,1,2,1,0,1,0
0.84,8,117,2,1,2,1,0,1,0
0.84,8,25,2,1,2,1,0,1,0
0.84,8,343,2,1,2,1,0,1,0
0.84,8,7,2,1,2,1,0,1,0
0.84,8,430,2,1,2,1,0,1,0
0.84,8,48,2,1,2,1,0,1,0
0.84,8,427,2,1,2,1,0,1,0
0.84,8,104,2,1,2,1,0,1,0
0.84,8,310,2,1,2,1,0,1,0
0.84,8,242,2,2,2,2,0,2,0
0.84,8,298,2,1,2,1,0,1,0
0.84,8,345,2,1,2,1,0,1,0
0.84,8,16,2,1,2,1,0,1,0
0.84,8,318,2,1,2,1,0,1,0
0.84,8,437,2,1,2,1,0,1,0
0.84,8,282,2,1,2,1,0,1,0
0.84,8,107,2,1,2,1,0,1,0
0.84,8,309,2,1,2,1,0,1,0
0.84,8,236,2,1,2,1,0,1,0
0.84,8,299,2,1,2,1,0,1,0
0.84,8,491,2,1,2,1,0,1,0
0.84,8,474,2,2,2,2,0,2,0
0.84,8,264,2,1,2,1,0,1,0
0.84,8,132,2,1,2,1,0,1,0
0.84,8,498,2,1,2,1,0,1,0
0.84,8,8,2,1,2,1,0,1,0
0.84,8,222,2,1,2,1,0,1,0
0.84,8,83,2,1,2,1,0,1,0
0.84,16,223,2,1,2,1,0,1,0
0.84,16,122,2,1,2,1,0,1,0
0.84,16,373,2,1,2,1,0,1,0
0.84,16,10,2,1,2,1,0,1,0
0.84,16,227,2,2,2,2,0,2,0
0.84,16,6,2,1,2,1,0,1,0
0.84,16,190,2,1,2,1,0,1,0
0.84,16,294,2,1,2,1,0,1,0
0.84,16,206,2,1,2,1,0,1,0
0.84,16,344,2,2,2,2,0,2,0
0.84,16,81,2,1,2,1,0,1,0
0.84,16,34,2,1,2,1,0,1,0
0.84,16,478,2,2,2,2,0,2,0
0.84,16,225,2,1,2,1,0,1,0
0.84,16,452,2,1,2,1,0,1,0
0.84,16,67,2,1,2,1,0,1,0
0.84,16,286,2,1,2,1,0,1,0
0.84,16,251,2,1,2,1,0,1,0
0.84,16,335,2,1,2,1,0,1,0
0.84,16,439,2,1,2,1,0,1,0
0.84,16,409,2,2,2,2,0,2,0
0.84,16,125,2,1,2,1,0,1,0
0.84,16,70,2,1,2,1,0,1,0
0.84,16,145,2,1,2,1,0,1,0
0.84,16,73,2,1,2,1,0,1,0
0.84,16,284,2,1,2,1,0,1,0
0.84,16,186,2,1,2,1,0,1,0
0.84,16,58,2,1,2,1,0,1,0
0.84,16,381,2,1,2,1,0,1,0
0.84,16,305,2,1,2,1,0,1,0
0.84,16,149,2,2,2,2,0,2,0
0.84,16,140,2,1,2,1,0,1,0
0.84,16,364,2,1,2,1,0,1,0
0.84,16,361,2,1,2,1,0,1,0
0.84,16,23,2,1,2,1,0,1,0
0.84,16,254,2,2,2,2,0,2,0
0.84,16,173,2,1,2,1,0,1,0
0.84,16,456,2,1,2,1,0,1,0
0.84,16,403,2,1,2,1,0,1,0
0.84,16,382,2,1,2,1,0,1,0
0.84,16,320,2,1,2,1,0,1,0
0.84,16,167,2,1,2,1,0,1,0
0.84,16,419,2,1,2,1,0,1,0
0.84,16,262,2,1,2,1,0,1,0
0.84,16,91,2,2,2,2,0,2,0
0.84,16,19,2,1,2,1,0,1,0
0.84,16,78,2,1,2,1,0,1,0
0.84,16,440,2,1,2,1,0,1,0
0.84,16,350,2,1,2,1,0,1,0
0.84,16,113,2,1,2,1,0,1,0
0.84,16,291,2,1,2,1,0,1,0
0.84,16,370,2,1,2,1,0,1,0
0.84,16,152,2,1,2,1,0,1,0
0.84,16,99,2,1,2,1,0,1,0
0.84,16,32,2,1,2,1,0,1,0
0.84,16,77,2,1,2,1,0,1,0
0.84,16,183,2,1,2,1,0,1,0
0.84,16,383,2,1,2,1,0,1,0
0.84,16,179,2,1,2,1,0,1,0
0.84,16,68,2,1,2,1,0,1,0
0.84,16,385,2,1,2,1,0,1,0
0.84,16,464,2,1,2,1,0,1,0
0.84,16,482,2,1,2,1,0,1,0
0.84,16,351,2,1,2,1,0,1,0
0.84,16,287,2,1,2,1,0,1,0
0.84,16,302,2,1,2,1,0,1,0
0.84,16,457,2,1,2,1,0,1,0
0.84,16,94,2,1,2,1,0,1,0
0.84,16,102,2,2,2,2,0,2,0
0.84,16,490,2,1,2,1,0,1,0
0.84,16,449,2,2,2,2,0,2,0
0.84,16,172,2,1,2,1,0,1,0
0.84,16,323,2,1,2,1,0,1,0
0.84,16,484,2,1,2,1,0,1,0
0.84,16,312,2,1,2,1,0,1,0
0.84,16,69,2,1,2,1,0,1,0
0.84,16,157,2,1,2,1,0,1,0
0.84,16,280,2,1,2,1,0,1,0
0.84,16,187,2,1,2,1,0,1,0
0.84,16,232,2,1,2,1,0,1,0
0.84,16,133,2,2,2,2,0,2,0
0.84,16,128,2,1,2,1,0,1,0
0.84,16,250,2,1,2,1,0,1,0
0.84,16,483,2,1,2,1,0,1,0
0.84,16,218,2,2,2,2,0,2,0
0.84,16,338,2,1,2,1,0,1,0
0.84,16,486,2,1,2,1,0,1,0
0.84,16,420,2,1,2,1,0,1,0
0.84,16,333,2,2,2,2,0,2,0
0.84,16,401,2,2,2,2,0,2,0
0.84,16,61,2,1,2,1,0,1,0
0.84,16,432,2,1,2,1,0,1,0
0.84,16,428,2,1,2,1,0,1,0
0.84,16,38,2,1,2,1,0,1,0
0.84,16,480,2,1,2,1,0,1,0
0.84,16,199,2,1,2,1,0,1,0
0.84,16,17,2,1,2,1,0,1,0
0.84,16,162,2,1,2,1,0,1,0
0.84,16,62,2,1,2,1,0,1,0
0.84,16,181,2,1,2,1,0,1,0
0.84,16,307,2,2,2,2,0,2,0
0.84,16,271,2,1,2,1,0,1,0
0.84,16,418,2,1,2,1,0,1,0
0.84,16,130,2,1,2,1,0,1,0
0.84,16,44,2,2,2,2,0,2,0
0.84,16,138,2,1,2,1,0,1,0
0.84,16,165,2,1,2,1,0,1,0
0.84,16,203,2,1,2,1,0,1,0
0.84,16,22,2,2,2,2,0,2,0
0.84,16,85,2,2,2,2,0,2,0
0.84,16,316,2,1,2,1,0,1,0
0.84,16,279,2,1,2,1,0,1,0
0.84,16,108,2,1,2,1,0,1,0
0.84,16,325,2,1,2,1,0,1,0
0.84,16,384,2,1,2,1,0,1,0
0.84,16,274,2,1,2,1,0,1,0
0.84,16,261,2,1,2,1,0,1,0
0.84,16,207,2,1,2,1,0,1,0
0.84,16,339,2,1,2,1,0,1,0
0.84,16,224,2,1,2,1,0,1,0
0.84,16,196,2,1,2,1,0,1,0
0.84,16,283,2,1,2,1,0,1,0
0.84,16,243,2,1,2,1,0,1,0
0.84,16,258,2,1,2,1,0,1,0
0.84,16,229,2,1,2,1,0,1,0
0.84,16,247,2,1,2,1,0,1,0
0.84,16,89,2,1,2,1,0,1,0
0.84,16,394,2,2,2,2,0,2,0
0.84,16,82,2,1,2,1,0,1,0
0.84,16,444,2,1,2,1,0,1,0
0.84,16,147,2,1,2,1,0,1,0
0.84,16,178,2,1,2,1,0,1,0
0.84,16,239,2,1,2,1,0,1,0
0.84,16,240,2,1,2,1,0,1,0
0.84,16,3,2,2,2,2,0,2,0
0.84,16,154,2,1,2,1,0,1,0
0.84,16,53,2,1,2,1,0,1,0
0.84,16,417,2,1,2,1,0,1,0
0.84,16,313,2,1,2,1,0,1,0
0.84,16,468,2,1,2,1,0,1,0
0.84,16,182,2,1,2,1,0,1,0
0.84,16,26,2,1,2,1,0,1,0
0.84,16,202,2,1,2,1,0,1,0
0.84,16,30,2,1,2,1,0,1,0
0.84,16,92,2,1,2,1,0,1,0
0.84,16,136,2,1,2,1,0,1,0
0.84,16,13,2,1,2,1,0,1,0
0.84,16,492,2,2,2,2,0,2,0
0.84,16,143,2,1,2,1,0,1,0
0.84,16,118,2,1,2,1,0,1,0
0.84,16,290,2,1,2,1,0,1,0
0.84,16,31,2,1,2,1,0,1,0
0.84,16,141,2,1,2,1,0,1,0
0.84,16,485,2,1,2,1,0,1,0
0.84,16,18,2,1,2,1,0,1,0
0.84,16,346,2,1,2,1,0,1,0
0.84,16,304,2,1,2,1,0,1,0
0.84,16,471,2,1,2,1,0,1,0
0.84,16,105,2,1,2,1,0,1,0
0.84,16,336,2,1,2,1,0,1,0
0.84,16,75,2,1,2,1,0,1,0
0.84,16,166,2,1,2,1,0,1,0
0.84,16,414,2,1,2,1,0,1,0
0.84,16,421,2,2,2,2,0,2,0
0.84,16,159,2,1,2,1,0,1,0
0.84,16,429,2,1,2,1,0,1,0
0.84,16,49,2,1,2,1,0,1,0
0.84,16,301,2,2,2,2,0,2,0
0.84,16,95,2,2,2,2,0,2,0
0.84,16,263,2,1,2,1,0,1,0
0.84,16,156,2,1,2,1,0,1,0
0.84,16,453,2,1,2,1,0,1,0
0.84,16,481,2,1,2,1,0,1,0
0.84,16,210,2,1,2,1,0,1,0
0.84,16,317,2,1,2,1,0,1,0
0.84,16,255,2,1,2,1,0,1,0
0.84,16,150,2,1,2,1,0,1,0
0.84,16,65,2,2,2,2,0,2,0
0.84,16,60,2,1,2,1,0,1,0
0.84,16,28,2,1,2,1,0,1,0
0.84,16,404,2,1,2,1,0,1,0
0.84,16,127,2,1,2,1,0,1,0
0.84,16,450,2,1,2,1,0,1,0
0.84,16,278,2,1,2,1,0,1,0
0.84,16,276,2,1,2,1,0,1,0
0.84,16,109,2,1,2,1,0,1,0
0.84,16,42,2,1,2,1,0,1,0
0.84,16,155,2,1,2,1,0,1,0
0.84,16,228,2,1,2,1,0,1,0
0.84,16,244,2,1,2,1,0,1,0
0.84,16,249,2,1,2,1,0,1,0
0.84,16,372,2,1,2,1,0,1,0
0.84,16,1,2,1,2,1,0,1,0
0.84,16,71,2,1,2,1,0,1,0
0.84,16,170,2,2,2,2,0,2,0
0.84,16,33,2,1,2,1,0,1,0
0.84,16,395,2,1,2,1,0,1,0
0.84,16,246,2,2,2,2,0,2,0
0.84,16,329,2,1,2,1,0,1,0
0.84,16,455,2,1,2,1,0,1,0
0.84,16,332,2,2,2,2,0,2,0
0.84,16,241,2,1,2,1,0,1,0
0.84,16,475,2,1,2,1,0,1,0
0.84,16,488,2,1,2,1,0,1,0
0.84,16,134,2,2,2,2,0,2,0
0.84,16,177,2,2,2,2,0,2,0
0.84,16,357,2,1,2,1,0,1,0
0.84,16,120,2,1,2,1,0,1,0
0.84,16,245,2,1,2,1,0,1,0
0.84,16,27,2,1,2,1,0,1,0
0.84,16,98,2,1,2,1,0,1,0
0.84,16,285,2,1,2,1,0,1,0
0.84,16,292,2,1,2,1,0,1,0
0.84,16,213,2,2,2,2,0,2,0
0.84,16,41,2,1,2,1,0,1,0
0.84,16,43,2,1,2,1,0,1,0
0.84,16,389,2,1,2,1,0,1,0
0.84,16,160,2,1,2,1,0,1,0
0.84,16,115,2,1,2,1,0,1,0
0.84,16,56,2,1,2,1,0,1,0
0.84,16,360,2,1,2,1,0,1,0
0.84,16,324,2,1,2,1,0,1,0
0.84,16,314,2,1,2,1,0,1,0
0.84,16,231,2,1,2,1,0,1,0
0.84,16,303,2,1,2,1,0,1,0
0.84,16,36,2,1,2,1,0,1,0
0.84,16,40,2,1,2,1,0,1,0
0.84,16,322,2,1,2,1,0,1,0
0.84,16,425,2,2,2,2,0,2,0
0.84,16,293,2,1,2,1,0,1,0
0.84,16,110,2,1,2,1,0,1,0
0.84,16,334,2,1,2,1,0,1,0
0.84,16,270,2,1,2,1,0,1,0
0.84,16,47,2,1,2,1,0,1,0
0.84,16,470,2,1,2,1,0,1,0
0.84,16,214,2,1,2,1,0,1,0
0.84,16,221,2,1,2,1,0,1,0
0.84,16,79,2,1,2,1,0,1,0
0.84,16,198,2,1,2,1,0,1,0
0.84,16,375,2,1,2,1,0,1,0
0.84,16,45,2,1,2,1,0,1,0
0.84,16,230,2,1,2,1,0,1,0
0.84,16,168,2,1,2,1,0,1,0
0.84,16,465,2,1,2,1,0,1,0
0.84,16,443,2,1,2,1,0,1,0
0.84,16,359,2,1,2,1,0,1,0
0.84,16,352,2,1,2,1,0,1,0
0.84,16,204,2,1,2,1,0,1,0
0.84,16,219,2,1,2,1,0,1,0
0.84,16,306,2,2,2,2,0,2,0
0.84,16,54,2,1,2,1,0,1,0
0.84,16,63,2,1,2,1,0,1,0
0.84,16,86,2,1,2,1,0,1,0
0.84,16,497,2,1,2,1,0,1,0
0.84,16,412,2,1,2,1,0,1,0
0.84,16,197,2,1,2,1,0,1,0
0.84,16,59,2,1,2,1,0,1,0
0.84,16,66,2,1,2,1,0,1,0
0.84,16,248,2,1,2,1,0,1,0
0.84,16,29,2,1,2,1,0,1,0
0.84,16,72,2,2,2,2,0,2,0
0.84,16,76,2,1,2,1,0,1,0
0.84,16,331,2,1,2,1,0,1,0
0.84,16,479,2,1,2,1,0,1,0
0.84,16,158,2,2,2,2,0,2,0
0.84,16,191,2,1,2,1,0,1,0
0.84,16,495,2,1,2,1,0,1,0
0.84,16,200,2,1,2,1,0,1,0
0.84,16,473,2,2,2,2,0,2,0
0.84,16,101,2,1,2,1,0,1,0
0.84,16,9,2,1,2,1,0,1,0
0.84,16,235,2,2,2,2,0,2,0
0.84,16,21,2,1,2,1,0,1,0
0.84,16,374,2,1,2,1,0,1,0
0.84,16,161,2,1,2,1,0,1,0
0.84,16,114,2,1,2,1,0,1,0
0.84,16,438,2,1,2,1,0,1,0
0.84,16,93,2,2,2,2,0,2,0
0.84,16,348,2,1,2,1,0,1,0
0.84,16,24,2,1,2,1,0,1,0
0.84,16,142,2,1,2,1,0,1,0
0.84,16,469,2,2,2,2,0,2,0
0.84,16,137,2,1,2,1,0,1,0
0.84,16,256,2,1,2,1,0,1,0
0.84,16,379,2,1,2,1,0,1,0
0.84,16,135,2,1,2,1,0,1,0
0.84,16,39,2,1,2,1,0,1,0
0.84,16,356,2,1,2,1,0,1,0
0.84,16,467,2,1,2,1,0,1,0
0.84,16,257,2,1,2,1,0,1,0
0.84,16,192,2,2,2,2,0,2,0
0.84,16,326,2,1,2,1,0,1,0
0.84,16,220,2,2,2,2,0,2,0
0.84,16,139,2,1,2,1,0,1,0
0.84,16,74,2,2,2,2,0,2,0
0.84,16,253,2,1,2,1,0,1,0
0.84,16,153,2,1,2,1,0,1,0
0.84,16,15,2,1,2,1,0,1,0
0.84,16,378,2,1,2,1,0,1,0
0.84,16,387,2,1,2,1,0,1,0
0.84,16,466,2,1,2,1,0,1,0
0.84,16,424,2,1,2,1,0,1,0
0.84,16,84,2,1,2,1,0,1,0
0.84,16,297,2,1,2,1,0,1,0
0.84,16,459,2,1,2,1,0,1,0
0.84,16,436,2,1,2,1,0,1,0
0.84,16,50,2,1,2,1,0,1,0
0.84,16,96,2,1,2,1,0,1,0
0.84,16,216,2,1,2,1,0,1,0
0.84,16,295,2,1,2,1,0,1,0
0.84,16,362,2,1,2,1,0,1,0
0.84,16,386,2,1,2,1,0,1,0
0.84,16,116,2,2,2,2,0,2,0
0.84,16,277,2,1,2,1,0,1,0
0.84,16,447,2,1,2,1,0,1,0
0.84,16,337,2,1,2,1,0,1,0
0.84,16,119,2,1,2,1,0,1,0
0.84,16,266,2,1,2,1,0,1,0
0.84,16,211,2,1,2,1,0,1,0
0.84,16,124,2,1,2,1,0,1,0
0.84,16,461,2,1,2,1,0,1,0
0.84,16,51,2,1,2,1,0,1,0
0.84,16,269,2,1,2,1,0,1,0
0.84,16,393,2,1,2,1,0,1,0
0.84,16,169,2,1,2,1,0,1,0
0.84,16,390,2,1,2,1,0,1,0
0.84,16,288,2,1,2,1,0,1,0
0.84,16,423,2,1,2,1,0,1,0
0.84,16,80,2,1,2,1,0,1,0
0.84,16,215,2,1,2,1,0,1,0
0.84,16,411,2,1,2,1,0,1,0
0.84,16,354,2,1,2,1,0,1,0
0.84,16,112,2,1,2,1,0,1,0
0.84,16,445,2,1,2,1,0,1,0
0.84,16,416,2,1,2,1,0,1,0
0.84,16,340,2,2,2,2,0,2,0
0.84,16,275,2,1,2,1,0,1,0
0.84,16,399,2,1,2,1,0,1,0
0.84,16,273,2,2,2,2,0,2,0
0.84,16,209,2,1,2,1,0,1,0
0.84,16,194,2,1,2,1,0,1,0
0.84,16,458,2,1,2,1,0,1,0
0.84,16,448,2,1,2,1,0,1,0
0.84,16,126,2,1,2,1,0,1,0
0.84,16,446,2,1,2,1,0,1,0
0.84,16,163,2,2,2,2,0,2,0
0.84,16,174,2,1,2,1,0,1,0
0.84,16,176,2,1,2,1,0,1,0
0.84,16,131,2,1,2,1,0,1,0
0.84,16,406,2,1,2,1,0,1,0
0.84,16,433,2,2,2,2,0,2,0
0.84,16,434,2,1,2,1,0,1,0
0.84,16,151,2,1,2,1,0,1,0
0.84,16,164,2,1,2,1,0,1,0
0.84,16,451,2,1,2,1,0,1,0
0.84,16,37,2,2,2,2,0,2,0
0.84,16,4,2,1,2,1,0,1,0
0.84,16,330,2,1,2,1,0,1,0
0.84,16,355,2,1,2,1,0,1,0
0.84,16,496,2,1,2,1,0,1,0
0.84,16,268,2,1,2,1,0,1,0
0.84,16,238,2,1,2,1,0,1,0
0.84,16,259,2,1,2,1,0,1,0
0.84,16,426,2,1,2,1,0,1,0
0.84,16,400,2,1,2,1,0,1,0
0.84,16,289,2,1,2,1,0,1,0
0.84,16,397,2,1,2,1,0,1,0
0.84,16,380,2,2,2,2,0,2,0
0.84,16,35,2,1,2,1,0,1,0
0.84,16,442,2,1,2,1,0,1,0
0.84,16,14,2,1,2,1,0,1,0
0.84,16,281,2,1,2,1,0,1,0
0.84,16,388,2,1,2,1,0,1,0
0.84,16,226,2,1,2,1,0,1,0
0.84,16,365,2,1,2,1,0,1,0
0.84,16,296,2,1,2,1,0,1,0
0.84,16,20,2,1,2,1,0,1,0
0.84,16,431,2,1,2,1,0,1,0
0.84,16,111,2,1,2,1,0,1,0
0.84,16,88,2,1,2,1,0,1,0
0.84,16,398,2,2,2,2,0,2,0
0.84,16,171,2,1,2,1,0,1,0
0.84,16,267,2,1,2,1,0,1,0
0.84,16,377,2,1,2,1,0,1,0
0.84,16,472,2,1,2,1,0,1,0
0.84,16,391,2,2,2,2,0,2,0
0.84,16,493,2,1,2,1,0,1,0
0.84,16,396,2,1,2,1,0,1,0
0.84,16,46,2,1,2,1,0,1,0
0.84,16,208,2,1,2,1,0,1,0
0.84,16,476,2,1,2,1,0,1,0
0.84,16,422,2,1,2,1,0,1,0
0.84,16,260,2,1,2,1,0,1,0
0.84,16,363,2,1,2,1,0,1,0
0.84,16,185,2,2,2,2,0,2,0
0.84,16,265,2,1,2,1,0,1,0
0.84,16,175,2,1,2,1,0,1,0
0.84,16,123,2,1,2,1,0,1,0
0.84,16,315,2,1,2,1,0,1,0
0.84,16,435,2,1,2,1,0,1,0
0.84,16,410,2,1,2,1,0,1,0
0.84,16,463,2,1,2,1,0,1,0
0.84,16,366,2,1,2,1,0,1,0
0.84,16,460,2,1,2,1,0,1,0
0.84,16,319,2,1,2,1,0,1,0
0.84,16,237,2,1,2,1,0,1,0
0.84,16,100,2,2,2,2,0,2,0
0.84,16,499,2,1,2,1,0,1,0
0.84,16,189,2,1,2,1,0,1,0
0.84,16,121,2,1,2,1,0,1,0
0.84,16,201,2,1,2,1,0,1,0
0.84,16,342,2,1,2,1,0,1,0
0.84,16,392,2,1,2,1,0,1,0
0.84,16,217,2,1,2,1,0,1,0
0.84,16,212,2,1,2,1,0,1,0
0.84,16,233,2,1,2,1,0,1,0
0.84,16,454,2,1,2,1,0,1,0
0.84,16,0,2,2,2,2,0,2,0
0.84,16,347,2,1,2,1,0,1,0
0.84,16,477,2,1,2,1,0,1,0
0.84,16,11,2,1,2,1,0,1,0
0.84,16,55,2,1,2,1,0,1,0
0.84,16,144,2,1,2,1,0,1,0
0.84,16,369,2,1,2,1,0,1,0
0.84,16,487,2,1,2,1,0,1,0
0.84,16,106,2,2,2,2,0,2,0
0.84,16,441,2,1,2,1,0,1,0
0.84,16,408,2,1,2,1,0,1,0
0.84,16,353,2,1,2,1,0,1,0
0.84,16,413,2,1,2,1,0,1,0
0.84,16,97,2,1,2,1,0,1,0
0.84,16,311,2,1,2,1,0,1,0
0.84,16,327,2,1,2,1,0,1,0
0.84,16,12,2,1,2,1,0,1,0
0.84,16,64,2,1,2,1,0,1,0
0.84,16,188,2,1,2,1,0,1,0
0.84,16,376,2,2,2,2,0,2,0
0.84,16,349,2,1,2,1,0,1,0
0.84,16,272,2,1,2,1,0,1,0
0.84,16,371,2,1,2,1,0,1,0
0.84,16,129,2,1,2,1,0,1,0
0.84,16,462,2,1,2,1,0,1,0
0.84,16,494,2,1,2,1,0,1,0
0.84,16,328,2,1,2,1,0,1,0
0.84,16,358,2,1,2,1,0,1,0
0.84,16,321,2,1,2,1,0,1,0
0.84,16,193,2,2,2,2,0,2,0
0.84,16,234,2,1,2,1,0,1,0
0.84,16,308,2,1,2,1,0,1,0
0.84,16,341,2,1,2,1,0,1,0
0.84,16,148,2,1,2,1,0,1,0
0.84,16,415,2,2,2,2,0,2,0
0.84,16,205,2,1,2,1,0,1,0
0.84,16,57,2,1,2,1,0,1,0
0.84,16,5,2,1,2,1,0,1,0
0.84,16,90,2,1,2,1,0,1,0
0.84,16,407,2,1,2,1,0,1,0
0.84,16,2,2,1,2,1,0,1,0
0.84,16,368,2,1,2,1,0,1,0
0.84,16,405,2,1,2,1,0,1,0
0.84,16,402,2,1,2,1,0,1,0
0.84,16,367,2,1,2,1,0,1,0
0.84,16,103,2,1,2,1,0,1,0
0.84,16,52,2,1,2,1,0,1,0
0.84,16,146,2,1,2,1,0,1,0
0.84,16,195,2,1,2,1,0,1,0
0.84,16,184,2,1,2,1,0,1,0
0.84,16,489,2,1,2,1,0,1,0
0.84,16,252,2,1,2,1,0,1,0
0.84,16,87,2,1,2,1,0,1,0
0.84,16,180,2,1,2,1,0,1,0
0.84,16,300,2,1,2,1,0,1,0
0.84,16,117,2,1,2,1,0,1,0
0.84,16,25,2,1,2,1,0,1,0
0.84,16,343,2,1,2,1,0,1,0
0.84,16,7,2,1,2,1,0,1,0
0.84,16,430,2,1,2,1,0,1,0
0.84,16,48,2,1,2,1,0,1,0
0.84,16,427,2,1,2,1,0,1,0
0.84,16,104,2,1,2,1,0,1,0
0.84,16,310,2,1,2,1,0,1,0
0.84,16,242,2,2,2,2,0,2,0
0.84,16,298,2,1,2,1,0,1,0
0.84,16,345,2,1,2,1,0,1,0
0.84,16,16,2,1,2,1,0,1,0
0.84,16,318,2,1,2,1,0,1,0
0.84,16,437,2,1,2,1,0,1,0
0.84,16,282,2,1,2,1,0,1,0
0.84,16,107,2,1,2,1,0,1,0
0.84,16,309,2,1,2,1,0,1,0
0.84,16,236,2,1,2,1,0,1,0
0.84,16,299,2,1,2,1,0,1,0
0.84,16,491,2,1,2,1,0,1,0
0.84,16,474,2,2,2,2,0,2,0
0.84,16,264,2,1,2,1,0,1,0
0.84,16,132,2,1,2,1,0,1,0
0.84,16,498,2,1,2,1,0,1,0
0.84,16,8,2,1,2,1,0,1,0
0.84,16,222,2,1,2,1,0,1,0
0.84,16,83,2,1,2,1,0,1,0
0.84,32,223,2,1,2,1,0,1,0
0.84,32,122,2,1,2,1,0,1,0
0.84,32,373,2,1,2,1,0,1,0
0.84,32,10,2,1,2,1,0,1,0
0.84,32,227,2,2,2,2,0,2,0
0.84,32,6,2,1,2,1,0,1,0
0.84,32,190,2,1,2,1,0,1,0
0.84,32,294,2,1,2,1,0,1,0
0.84,32,206,2,1,2,1,0,1,0
0.84,32,344,2,2,2,2,0,2,0
0.84,32,81,2,1,2,1,0,1,0
0.84,32,34,2,1,2,1,0,1,0
0.84,32,478,2,2,2,2,0,2,0
0.84,32,225,2,1,2,1,0,1,0
0.84,32,452,2,1,2,1,0,1,0
0.84,32,67,2,1,2,1,0,1,0
0.84,32,286,2,1,2,1,0,1,0
0.84,32,251,2,1,2,1,0,1,0
0.84,32,335,2,1,2,1,0,1,0
0.84,32,439,2,1,2,1,0,1,0
0.84,32,409,2,2,2,2,0,2,0
0.84,32,125,2,1,2,1,0,1,0
0.84,32,70,2,1,2,1,0,1,0
0.84,32,145,2,1,2,1,0,1,0
0.84,32,73,2,1,2,1,0,1,0
0.84,32,284,2,1,2,1,0,1,0
0.84,32,186,2,1,2,1,0,1,0
0.84,32,58,2,1,2,1,0,1,0
0.84,32,381,2,1,2,1,0,1,0
0.84,32,305,2,1,2,1,0,1,0
0.84,32,149,2,2,2,2,0,2,0
0.84,32,140,2,1,2,1,0,1,0
0.84,32,364,2,1,2,1,0,1,0
0.84,32,361,2,1,2,1,0,1,0
0.84,32,23,2,1,2,1,0,1,0
0.84,32,254,2,2,2,2,0,2,0
0.84,32,173,2,1,2,1,0,1,0
0.84,32,456,2,1,2,1,0,1,0
0.84,32,403,2,1,2,1,0,1,0
0.84,32,382,2,1,2,1,0,1,0
0.84,32,320,2,1,2,1,0,1,0
0.84,32,167,2,1,2,1,0,1,0
0.84,32,419,2,1,2,1,0,1,0
0.84,32,262,2,1,2,1,0,1,0
0.84,32,91,2,2,2,2,0,2,0
0.84,32,19,2,1,2,1,0,1,0
0.84,32,78,2,1,2,1,0,1,0
0.84,32,440,2,1,2,1,0,1,0
0.84,32,350,2,1,2,1,0,1,0
0.84,32,113,2,1,2,1,0,1,0
0.84,32,291,2,1,2,1,0,1,0
0.84,32,370,2,1,2,1,0,1,0
0.84,32,152,2,1,2,1,0,1,0
0.84,32,99,2,1,2,1,0,1,0
0.84,32,32,2,1,2,1,0,1,0
0.84,32,77,2,1,2,1,0,1,0
0.84,32,183,2,1,2,1,0,1,0
0.84,32,383,2,1,2,1,0,1,0
0.84,32,179,2,1,2,1,0,1,0
0.84,32,68,2,1,2,1,0,1,0
0.84,32,385,2,1,2,1,0,1,0
0.84,32,464,2,1,2,1,0,1,0
0.84,32,482,2,1,2,1,0,1,0
0.84,32,351,2,1,2,1,0,1,0
0.84,32,287,2,1,2,1,0,1,0
0.84,32,302,2,1,2,1,0,1,0
0.84,32,457,2,1,2,1,0,1,0
0.84,32,94,2,1,2,1,0,1,0
0.84,32,102,2,2,2,2,0,2,0
0.84,32,490,2,1,2,1,0,1,0
0.84,32,449,2,2,2,2,0,2,0
0.84,32,172,2,1,2,1,0,1,0
0.84,32,323,2,1,2,1,0,1,0
0.84,32,484,2,1,2,1,0,1,0
0.84,32,312,2,1,2,1,0,1,0
0.84,32,69,2,1,2,1,0,1,0
0.84,32,157,2,1,2,1,0,1,0
0.84,32,280,2,1,2,1,0,1,0
0.84,32,187,2,1,2,1,0,1,0
0.84,32,232,2,1,2,1,0,1,0
0.84,32,133,2,2,2,2,0,2,0
0.84,32,128,2,1,2,1,0,1,0
0.84,32,250,2,1,2,1,0,1,0
0.84,32,483,2,1,2,1,0,1,0
0.84,32,218,2,2,2,2,0,2,0
0.84,32,338,2,1,2,1,0,1,0
0.84,32,486,2,1,2,1,0,1,0
0.84,32,420,2,1,2,1,0,1,0
0.84,32,333,2,2,2,2,0,2,0
0.84,32,401,2,2,2,2,0,2,0
0.84,32,61,2,1,2,1,0,1,0
0.84,32,432,2,1,2,1,0,1,0
0.84,32,428,2,1,2,1,0,1,0
0.84,32,38,2,1,2,1,0,1,0
0.84,32,480,2,1,2,1,0,1,0
0.84,32,199,2,1,2,1,0,1,0
0.84,32,17,2,1,2,1,0,1,0
0.84,32,162,2,1,2,1,0,1,0
0.84,32,62,2,1,2,1,0,1,0
0.84,32,181,2,1,2,1,0,1,0
0.84,32,307,2,2,2,2,0,2,0
0.84,32,271,2,1,2,1,0,1,0
0.84,32,418,2,1,2,1,0,1,0
0.84,32,130,2,1,2,1,0,1,0
0.84,32,44,2,2,2,2,0,2,0
0.84,32,138,2,1,2,1,0,1,0
0.84,32,165,2,1,2,1,0,1,0
0.84,32,203,2,1,2,1,0,1,0
0.84,32,22,2,2,2,2,0,2,0
0.84,32,85,2,2,2,2,0,2,0
0.84,32,316,2,1,2,1,0,1,0
0.84,32,279,2,1,2,1,0,1,0
0.84,32,108,2,1,2,1,0,1,0
0.84,32,325,2,1,2,1,0,1,0
0.84,32,384,2,1,2,1,0,1,0
0.84,32,274,2,1,2,1,0,1,0
0.84,32,261,2,1,2,1,0,1,0
0.84,32,207,2,1,2,1,0,1,0
0.84,32,339,2,1,2,1,0,1,0
0.84,32,224,2,1,2,1,0,1,0
0.84,32,196,2,1,2,1,0,1,0
0.84,32,283,2,1,2,1,0,1,0
0.84,32,243,2,1,2,1,0,1,0
0.84,32,258,2,1,2,1,0,1,0
0.84,32,229,2,1,2,1,0,1,0
0.84,32,247,2,1,2,1,0,1,0
0.84,32,89,2,1,2,1,0,1,0
0.84,32,394,2,2,2,2,0,2,0
0.84,32,82,2,1,2,1,0,1,0
0.84,32,444,2,1,2,1,0,1,0
0.84,32,147,2,1,2,1,0,1,0
0.84,32,178,2,1,2,1,0,1,0
0.84,32,239,2,1,2,1,0,1,0
0.84,32,240,2,1,2,1,0,1,0
0.84,32,3,2,2,2,2,0,2,0
0.84,32,154,2,1,2,1,0,1,0
0.84,32,53,2,1,2,1,0,1,0
0.84,32,417,2,1,2,1,0,1,0
0.84,32,313,2,1,2,1,0,1,0
0.84,32,468,2,1,2,1,0,1,0
0.84,32,182,2,1,2,1,0,1,0
0.84,32,26,2,1,2,1,0,1,0
0.84,32,202,2,1,2,1,0,1,0
0.84,32,30,2,1,2,1,0,1,0
0.84,32,92,2,1,2,1,0,1,0
0.84,32,136,2,1,2,1,0,1,0
0.84,32,13,2,1,2,1,0,1,0
0.84,32,492,2,2,2,2,0,2,0
0.84,32,143,2,1,2,1,0,1,0
0.84,32,118,2,1,2,1,0,1,0
0.84,32,290,2,1,2,1,0,1,0
0.84,32,31,2,1,2,1,0,1,0
0.84,32,141,2,1,2,1,0,1,0
0.84,32,485,2,1,2,1,0,1,0
0.84,32,18,2,1,2,1,0,1,0
0.84,32,346,2,1,2,1,0,1,0
0.84,32,304,2,1,2,1,0,1,0
0.84,32,471,2,1,2,1,0,1,0
0.84,32,105,2,1,2,1,0,1,0
0.84,32,336,2,1,2,1,0,1,0
0.84,32,75,2,1,2,1,0,1,0
0.84,32,166,2,1,2,1,0,1,0
0.84,32,414,2,1,2,1,0,1,0
0.84,32,421,2,2,2,2,0,2,0
0.84,32,159,2,1,2,1,0,1,0
0.84,32,429,2,1,2,1,0,1,0
0.84,32,49,2,1,2,1,0,1,0
0.84,32,301,2,2,2,2,0,2,0
0.84,32,95,2,2,2,2,0,2,0
0.84,32,263,2,1,2,1,0,1,0
0.84,32,156,2,1,2,1,0,1,0
0.84,32,453,2,1,2,1,0,1,0
0.84,32,481,2,1,2,1,0,1,0
0.84,32,210,2,1,2,1,0,1,0
0.84,32,317,2,1,2,1,0,1,0
0.84,32,255,2,1,2,1,0,1,0
0.84,32,150,2,1,2,1,0,1,0
0.84,32,65,2,2,2,2,0,2,0
0.84,32,60,2,1,2,1,0,1,0
0.84,32,28,2,1,2,1,0,1,0
0.84,32,404,2,1,2,1,0,1,0
0.84,32,127,2,1,2,1,0,1,0
0.84,32,450,2,1,2,1,0,1,0
0.84,32,278,2,1,2,1,0,1,0
0.84,32,276,2,1,2,1,0,1,0
0.84,32,109,2,1,2,1,0,1,0
0.84,32,42,2,1,2,1,0,1,0
0.84,32,155,2,1,2,1,0,1,0
0.84,32,228,2,1,2,1,0,1,0
0.84,32,244,2,1,2,1,0,1,0
0.84,32,249,2,1,2,1,0,1,0
0.84,32,372,2,1,2,1,0,1,0
0.84,32,1,2,1,2,1,0,1,0
0.84,32,71,2,1,2,1,0,1,0
0.84,32,170,2,2,2,2,0,2,0
0.84,32,33,2,1,2,1,0,1,0
0.84,32,395,2,1,2,1,0,1,0
0.84,32,246,2,2,2,2,0,2,0
0.84,32,329,2,1,2,1,0,1,0
0.84,32,455,2,1,2,1,0,1,0
0.84,32,332,2,2,2,2,0,2,0
0.84,32,241,2,1,2,1,0,1,0
0.84,32,475,2,1,2,1,0,1,0
0.84,32,488,2,1,2,1,0,1,0
0.84,32,134,2,2,2,2,0,2,0
0.84,32,177,2,2,2,2,0,2,0
0.84,32,357,2,1,2,1,0,1,0
0.84,32,120,2,1,2,1,0,1,0
0.84,32,245,2,1,2,1,0,1,0
0.84,32,27,2,1,2,1,0,1,0
0.84,32,98,2,1,2,1,0,1,0
0.84,32,285,2,1,2,1,0,1,0
0.84,32,292,2,1,2,1,0,1,0
0.84,32,213,2,2,2,2,0,2,0
0.84,32,41,2,1,2,1,0,1,0
0.84,32,43,2,1,2,1,0,1,0
0.84,32,389,2,1,2,1,0,1,0
0.84,32,160,2,1,2,1,0,1,0
0.84,32,115,2,1,2,1,0,1,0
0.84,32,56,2,1,2,1,0,1,0
0.84,32,360,2,1,2,1,0,1,0
0.84,32,324,2,1,2,1,0,1,0
0.84,32,314,2,1,2,1,0,1,0
0.84,32,231,2,1,2,1,0,1,0
0.84,32,303,2,1,2,1,0,1,0
0.84,32,36,2,1,2,1,0,1,0
0.84,32,40,2,1,2,1,0,1,0
0.84,32,322,2,1,2,1,0,1,0
0.84,32,425,2,2,2,2,0,2,0
0.84,32,293,2,1,2,1,0,1,0
0.84,32,110,2,1,2,1,0,1,0
0.84,32,334,2,1,2,1,0,1,0
0.84,32,270,2,1,2,1,0,1,0
0.84,32,47,2,1,2,1,0,1,0
0.84,32,470,2,1,2,1,0,1,0
0.84,32,214,2,1,2,1,0,1,0
0.84,32,221,2,1,2,1,0,1,0
0.84,32,79,2,1,2,1,0,1,0
0.84,32,198,2,1,2,1,0,1,0
0.84,32,375,2,1,2,1,0,1,0
0.84,32,45,2,1,2,1,0,1,0
0.84,32,230,2,1,2,1,0,1,0
0.84,32,168,2,1,2,1,0,1,0
0.84,32,465,2,1,2,1,0,1,0
0.84,32,443,2,1,2,1,0,1,0
0.84,32,359,2,1,2,1,0,1,0
0.84,32,352,2,1,2,1,0,1,0
0.84,32,204,2,1,2,1,0,1,0
0.84,32,219,2,1,2,1,0,1,0
0.84,32,306,2,2,2,2,0,2,0
0.84,32,54,2,1,2,1,0,1,0
0.84,32,63,2,1,2,1,0,1,0
0.84,32,86,2,1,2,1,0,1,0
0.84,32,497,2,1,2,1,0,1,0
0.84,32,412,2,1,2,1,0,1,0
0.84,32,197,2,1,2,1,0,1,0
0.84,32,59,2,1,2,1,0,1,0
0.84,32,66,2,1,2,1,0,1,0
0.84,32,248,2,1,2,1,0,1,0
0.84,32,29,2,1,2,1,0,1,0
0.84,32,72,2,2,2,2,0,2,0
0.84,32,76,2,1,2,1,0,1,0
0.84,32,331,2,1,2,1,0,1,0
0.84,32,479,2,1,2,1,0,1,0
0.84,32,158,2,2,2,2,0,2,0
0.84,32,191,2,1,2,1,0,1,0
0.84,32,495,2,1,2,1,0,1,0
0.84,32,200,2,1,2,1,0,1,0
0.84,32,473,2,2,2,2,0,2,0
0.84,32,101,2,1,2,1,0,1,0
0.84,32,9,2,1,2,1,0,1,0
0.84,32,235,2,2,2,2,0,2,0
0.84,32,21,2,1,2,1,0,1,0
0.84,32,374,2,1,2,1,0,1,0
0.84,32,161,2,1,2,1,0,1,0
0.84,32,114,2,1,2,1,0,1,0
0.84,32,438,2,1,2,1,0,1,0
0.84,32,93,2,2,2,2,0,2,0
0.84,32,348,2,1,2,1,0,1,0
0.84,32,24,2,1,2,1,0,1,0
0.84,32,142,2,1,2,1,0,1,0
0.84,32,469,2,2,2,2,0,2,0
0.84,32,137,2,1,2,1,0,1,0
0.84,32,256,2,1,2,1,0,1,0
0.84,32,379,2,1,2,1,0,1,0
0.84,32,135,2,1,2,1,0,1,0
0.84,32,39,2,1,2,1,0,1,0
0.84,32,356,2,1,2,1,0,1,0
0.84,32,467,2,1,2,1,0,1,0
0.84,32,257,2,1,2,1,0,1,0
0.84,32,192,2,2,2,2,0,2,0
0.84,32,326,2,1,2,1,0,1,0
0.84,32,220,2,2,2,2,0,2,0
0.84,32,139,2,1,2,1,0,1,0
0.84,32,74,2,2,2,2,0,2,0
0.84,32,253,2,1,2,1,0,1,0
0.84,32,153,2,1,2,1,0,1,0
0.84,32,15,2,1,2,1,0,1,0
0.84,32,378,2,1,2,1,0,1,0
0.84,32,387,2,1,2,1,0,1,0
0.84,32,466,2,1,2,1,0,1,0
0.84,32,424,2,1,2,1,0,1,0
0.84,32,84,2,1,2,1,0,1,0
0.84,32,297,2,1,2,1,0,1,0
0.84,32,459,2,1,2,1,0,1,0
0.84,32,436,2,1,2,1,0,1,0
0.84,32,50,2,1,2,1,0,1,0
0.84,32,96,2,1,2,1,0,1,0
0.84,32,216,2,1,2,1,0,1,0
0.84,32,295,2,1,2,1,0,1,0
0.84,32,362,2,1,2,1,0,1,0
0.84,32,386,2,1,2,1,0,1,0
0.84,32,116,2,2,2,2,0,2,0
0.84,32,277,2,1,2,1,0,1,0
0.84,32,447,2,1,2,1,0,1,0
0.84,32,337,2,1,2,1,0,1,0
0.84,32,119,2,1,2,1,0,1,0
0.84,32,266,2,1,2,1,0,1,0
0.84,32,211,2,1,2,1,0,1,0
0.84,32,124,2,1,2,1,0,1,0
0.84,32,461,2,1,2,1,0,1,0
0.84,32,51,2,1,2,1,0,1,0
0.84,32,269,2,1,2,1,0,1,0
0.84,32,393,2,1,2,1,0,1,0
0.84,32,169,2,1,2,1,0,1,0
0.84,32,390,2,1,2,1,0,1,0
0.84,32,288,2,1,2,1,0,1,0
0.84,32,423,2,1,2,1,0,1,0
0.84,32,80,2,1,2,1,0,1,0
0.84,32,215,2,1,2,1,0,1,0
0.84,32,411,2,1,2,1,0,1,0
0.84,32,354,2,1,2,1,0,1,0
0.84,32,112,2,1,2,1,0,1,0
0.84,32,445,2,1,2,1,0,1,0
0.84,32,416,2,1,2,1,0,1,0
0.84,32,340,2,2,2,2,0,2,0
0.84,32,275,2,1,2,1,0,1,0
0.84,32,399,2,1,2,1,0,1,0
0.84,32,273,2,2,2,2,0,2,0
0.84,32,209,2,1,2,1,0,1,0
0.84,32,194,2,1,2,1,0,1,0
0.84,32,458,2,1,2,1,0,1,0
0.84,32,448,2,1,2,1,0,1,0
0.84,32,126,2,1,2,1,0,1,0
0.84,32,446,2,1,2,1,0,1,0
0.84,32,163,2,2,2,2,0,2,0
0.84,32,174,2,1,2,1,0,1,0
0.84,32,176,2,1,2,1,0,1,0
0.84,32,131,2,1,2,1,0,1,0
0.84,32,406,2,1,2,1,0,1,0
0.84,32,433,2,2,2,2,0,2,0
0.84,32,434,2,1,2,1,0,1,0
0.84,32,151,2,1,2,1,0,1,0
0.84,32,164,2,1,2,1,0,1,0
0.84,32,451,2,1,2,1,0,1,0
0.84,32,37,2,2,2,2,0,2,0
0.84,32,4,2,1,2,1,0,1,0
0.84,32,330,2,1,2,1,0,1,0
0.84,32,355,2,1,2,1,0,1,0
0.84,32,496,2,1,2,1,0,1,0
0.84,32,268,2,1,2,1,0,1,0
0.84,32,238,2,1,2,1,0,1,0
0.84,32,259,2,1,2,1,0,1,0
0.84,32,426,2,1,2,1,0,1,0
0.84,32,400,2,1,2,1,0,1,0
0.84,32,289,2,1,2,1,0,1,0
0.84,32,397,2,1,2,1,0,1,0
0.84,32,380,2,2,2,2,0,2,0
0.84,32,35,2,1,2,1,0,1,0
0.84,32,442,2,1,2,1,0,1,0
0.84,32,14,2,1,2,1,0,1,0
0.84,32,281,2,1,2,1,0,1,0
0.84,32,388,2,1,2,1,0,1,0
0.84,32,226,2,1,2,1,0,1,0
0.84,32,365,2,1,2,1,0,1,0
0.84,32,296,2,1,2,1,0,1,0
0.84,32,20,2,1,2,1,0,1,0
0.84,32,431,2,1,2,1,0,1,0
0.84,32,111,2,1,2,1,0,1,0
0.84,32,88,2,1,2,1,0,1,0
0.84,32,398,2,2,2,2,0,2,0
0.84,32,171,2,1,2,1,0,1,0
0.84,32,267,2,1,2,1,0,1,0
0.84,32,377,2,1,2,1,0,1,0
0.84,32,472,2,1,2,1,0,1,0
0.84,32,391,2,2,2,2,0,2,0
0.84,32,493,2,1,2,1,0,1,0
0.84,32,396,2,1,2,1,0,1,0
0.84,32,46,2,1,2,1,0,1,0
0.84,32,208,2,1,2,1,0,1,0
0.84,32,476,2,1,2,1,0,1,0
0.84,32,422,2,1,2,1,0,1,0
0.84,32,260,2,1,2,1,0,1,0
0.84,32,363,2,1,2,1,0,1,0
0.84,32,185,2,2,2,2,0,2,0
0.84,32,265,2,1,2,1,0,1,0
0.84,32,175,2,1,2,1,0,1,0
0.84,32,123,2,1,2,1,0,1,0
0.84,32,315,2,1,2,1,0,1,0
0.84,32,435,2,1,2,1,0,1,0
0.84,32,410,2,1,2,1,0,1,0
0.84,32,463,2,1,2,1,0,1,0
0.84,32,366,2,1,2,1,0,1,0
0.84,32,460,2,1,2,1,0,1,0
0.84,32,319,2,1,2,1,0,1,0
0.84,32,237,2,1,2,1,0,1,0
0.84,32,100,2,2,2,2,0,2,0
0.84,32,499,2,1,2,1,0,1,0
0.84,32,189,2,1,2,1,0,1,0
0.84,32,121,2,1,2,1,0,1,0
0.84,32,201,2,1,2,1,0,1,0
0.84,32,342,2,1,2,1,0,1,0
0.84,32,392,2,1,2,1,0,1,0
0.84,32,217,2,1,2,1,0,1,0
0.84,32,212,2,1,2,1,0,1,0
0.84,32,233,2,1,2,1,0,1,0
0.84,32,454,2,1,2,1,0,1,0
0.84,32,0,2,2,2,2,0,2,0
0.84,32,347,2,1,2,1,0,1,0
0.84,32,477,2,1,2,1,0,1,0
0.84,32,11,2,1,2,1,0,1,0
0.84,32,55,2,1,2,1,0,1,0
0.84,32,144,2,1,2,1,0,1,0
0.84,32,369,2,1,2,1,0,1,0
0.84,32,487,2,1,2,1,0,1,0
0.84,32,106,2,2,2,2,0,2,0
0.84,32,441,2,1,2,1,0,1,0
0.84,32,408,2,1,2,1,0,1,0
0.84,32,353,2,1,2,1,0,1,0
0.84,32,413,2,1,2,1,0,1,0
0.84,32,97,2,1,2,1,0,1,0
0.84,32,311,2,1,2,1,0,1,0
0.84,32,327,2,1,2,1,0,1,0
0.84,32,12,2,1,2,1,0,1,0
0.84,32,64,2,1,2,1,0,1,0
0.84,32,188,2,1,2,1,0,1,0
0.84,32,376,2,2,2,2,0,2,0
0.84,32,349,2,1,2,1,0,1,0
0.84,32,272,2,1,2,1,0,1,0
0.84,32,371,2,1,2,1,0,1,0
0.84,32,129,2,1,2,1,0,1,0
0.84,32,462,2,1,2,1,0,1,0
0.84,32,494,2,1,2,1,0,1,0
0.84,32,328,2,1,2,1,0,1,0
0.84,32,358,2,1,2,1,0,1,0
0.84,32,321,2,1,2,1,0,1,0
0.84,32,193,2,2,2,2,0,2,0
0.84,32,234,2,1,2,1,0,1,0
0.84,32,308,2,1,2,1,0,1,0
0.84,32,341,2,1,2,1,0,1,0
0.84,32,148,2,1,2,1,0,1,0
0.84,32,415,2,2,2,2,0,2,0
0.84,32,205,2,1,2,1,0,1,0
0.84,32,57,2,1,2,1,0,1,0
0.84,32,5,2,1,2,1,0,1,0
0.84,32,90,2,1,2,1,0,1,0
0.84,32,407,2,1,2,1,0,1,0
0.84,32,2,2,1,2,1,0,1,0
0.84,32,368,2,1,2,1,0,1,0
0.84,32,405,2,1,2,1,0,1,0
0.84,32,402,2,1,2,1,0,1,0
0.84,32,367,2,1,2,1,0,1,0
0.84,32,103,2,1,2,1,0,1,0
0.84,32,52,2,1,2,1,0,1,0
0.84,32,146,2,1,2,1,0,1,0
0.84,32,195,2,1,2,1,0,1,0
0.84,32,184,2,1,2,1,0,1,0
0.84,32,489,2,1,2,1,0,1,0
0.84,32,252,2,1,2,1,0,1,0
0.84,32,87,2,1,2,1,0,1,0
0.84,32,180,2,1,2,1,0,1,0
0.84,32,300,2,1,2,1,0,1,0
0.84,32,117,2,1,2,1,0,1,0
0.84,32,25,2,1,2,1,0,1,0
0.84,32,343,2,1,2,1,0,1,0
0.84,32,7,2,1,2,1,0,1,0
0.84,32,430,2,1,2,1,0,1,0
0.84,32,48,2,1,2,1,0,1,0
0.84,32,427,2,1,2,1,0,1,0
0.84,32,104,2,1,2,1,0,1,0
0.84,32,310,2,1,2,1,0,1,0
0.84,32,242,2,2,2,2,0,2,0
0.84,32,298,2,1,2,1,0,1,0
0.84,32,345,2,1,2,1,0,1,0
0.84,32,16,2,1,2,1,0,1,0
0.84,32,318,2,1,2,1,0,1,0
0.84,32,437,2,1,2,1,0,1,0
0.84,32,282,2,1,2,1,0,1,0
0.84,32,107,2,1,2,1,0,1,0
0.84,32,309,2,1,2,1,0,1,0
0.84,32,236,2,1,2,1,0,1,0
0.84,32,299,2,1,2,1,0,1,0
0.84,32,491,2,1,2,1,0,1,0
0.84,32,474,2,2,2,2,0,2,0
0.84,32,264,2,1,2,1,0,1,0
0.84,32,132,2,1,2,1,0,1,0
0.84,32,498,2,1,2,1,0,1,0
0.84,32,8,2,1,2,1,0,1,0
0.84,32,222,2,1,2,1,0,1,0
0.84,32,83,2,1,2,1,0,1,0
0.88,2,223,2,1,2,1,0,1,0
0.88,2,122,2,1,2,1,0,1,0
0.88,2,373,2,1,2,1,0,1,0
0.88,2,10,2,1,2,1,0,1,0
0.88,2,227,2,2,2,2,0,2,0
0.88,2,6,2,1,2,1,0,1,0
0.88,2,190,2,1,2,1,0,1,0
0.88,2,294,2,1,2,1,0,1,0
0.88,2,206,2,1,2,1,0,1,0
0.88,2,344,2,2,2,2,0,2,0
0.88,2,81,2,1,2,1,0,1,0
0.88,2,34,2,1,2,1,0,1,0
0.88,2,478,2,2,2,2,0,2,0
0.88,2,225,2,1,2,1,0,1,0
0.88,2,452,2,1,2,1,0,1,0
0.88,2,67,2,1,2,1,0,1,0
0.88,2,286,2,1,2,1,0,1,0
0.88,2,251,2,1,2,1,0,1,0
0.88,2,335,2,1,2,1,0,1,0
0.88,2,439,2,1,2,1,0,1,0
0.88,2,409,2,2,2,2,0,2,0
0.88,2,125,2,1,2,1,0,1,0
0.88,2,70,2,1,2,1,0,1,0
0.88,2,145,2,1,2,1,0,1,0
0.88,2,73,2,1,2,1,0,1,0
0.88,2,284,2,1,2,1,0,1,0
0.88,2,186,2,1,2,1,0,1,0
0.88,2,58,2,1,2,1,0,1,0
0.88,2,381,2,1,2,1,0,1,0
0.88,2,305,2,2,2,2,0,2,0
0.88,2,149,2,2,2,2,0,2,0
0.88,2,140,2,1,2,1,0,1,0
0.88,2,364,2,1,2,1,0,1,0
0.88,2,361,2,1,2,1,0,1,0
0.88,2,23,2,1,2,1,0,1,0
0.88,2,254,2,2,2,2,0,2,0
0.88,2,173,2,1,2,1,0,1,0
0.88,2,456,2,1,2,1,0,1,0
0.88,2,403,2,1,2,1,0,1,0
0.88,2,382,2,1,2,1,0,1,0
0.88,2,320,2,1,2,1,0,1,0
0.88,2,167,2,1,2,1,0,1,0
0.88,2,419,2,1,2,1,0,1,0
0.88,2,262,2,1,2,1,0,1,0
0.88,2,91,2,2,2,2,0,2,0
0.88,2,19,2,1,2,1,0,1,0
0.88,2,78,2,1,2,1,0,1,0
0.88,2,440,2,1,2,1,0,1,0
0.88,2,350,2,1,2,1,0,1,0
0.88,2,113,2,1,2,1,0,1,0
0.88,2,291,2,1,2,1,0,1,0
0.88,2,370,2,1,2,1,0,1,0
0.88,2,152,2,1,2,1,0,1,0
0.88,2,99,2,1,2,1,0,1,0
0.88,2,32,2,1,2,1,0,1,0
0.88,2,77,2,1,2,1,0,1,0
0.88,2,183,2,1,2,1,0,1,0
0.88,2,383,2,1,2,1,0,1,0
0.88,2,179,2,2,2,2,0,2,0
0.88,2,68,2,1,2,1,0,1,0
0.88,2,385,2,1,2,1,0,1,0
0.88,2,464,2,1,2,1,0,1,0
0.88,2,482,2,1,2,1,0,1,0
0.88,2,351,2,1,2,1,0,1,0
0.88,2,287,2,1,2,1,0,1,0
0.88,2,302,2,1,2,1,0,1,0
0.88,2,457,2,1,2,1,0,1,0
0.88,2,94,2,1,2,1,0,1,0
0.88,2,102,2,2,2,2,0,2,0
0.88,2,490,2,1,2,1,0,1,0
0.88,2,449,2,2,2,2,0,2,0
0.88,2,172,2,1,2,1,0,1,0
0.88,2,323,2,2,2,2,0,2,0
0.88,2,484,2,1,2,1,0,1,0
0.88,2,312,2,1,2,1,0,1,0
0.88,2,69,2,1,2,1,0,1,0
0.88,2,157,2,1,2,1,0,1,0
0.88,2,280,2,1,2,1,0,1,0
0.88,2,187,2,1,2,1,0,1,0
0.88,2,232,2,1,2,1,0,1,0
0.88,2,133,2,2,2,2,0,2,0
0.88,2,128,2,1,2,1,0,1,0
0.88,2,250,2,1,2,1,0,1,0
0.88,2,483,2,1,2,1,0,1,0
0.88,2,218,2,2,2,2,0,2,0
0.88,2,338,2,1,2,1,0,1,0
0.88,2,486,2,1,2,1,0,1,0
0.88,2,420,2,1,2,1,0,1,0
0.88,2,333,2,2,2,2,0,2,0
0.88,2,401,2,2,2,2,0,2,0
0.88,2,61,2,1,2,1,0,1,0
0.88,2,432,2,1,2,1,0,1,0
0.88,2,428,2,1,2,1,0,1,0
0.88,2,38,2,1,2,1,0,1,0
0.88,2,480,2,1,2,1,0,1,0
0.88,2,199,2,1,2,1,0,1,0
0.88,2,17,2,1,2,1,0,1,0
0.88,2,162,2,1,2,1,0,1,0
0.88,2,62,2,1,2,1,0,1,0
0.88,2,181,2,1,2,1,0,1,0
0.88,2,307,2,2,2,2,0,2,0
0.88,2,271,2,1,2,1,0,1,0
0.88,2,418,2,2,2,2,0,2,0
0.88,2,130,2,1,2,1,0,1,0
0.88,2,44,2,2,2,2,0,2,0
0.88,2,138,2,1,2,1,0,1,0
0.88,2,165,2,1,2,1,0,1,0
0.88,2,203,2,1,2,1,0,1,0
0.88,2,22,2,2,2,2,0,2,0
0.88,2,85,2,2,2,2,0,2,0
0.88,2,316,2,1,2,1,0,1,0
0.88,2,279,2,1,2,1,0,1,0
0.88,2,108,2,1,2,1,0,1,0
0.88,2,325,2,1,2,1,0,1,0
0.88,2,384,2,1,2,1,0,1,0
0.88,2,274,2,1,2,1,0,1,0
0.88,2,261,2,1,2,1,0,1,0
0.88,2,207,2,1,2,1,0,1,0
0.88,2,339,2,1,2,1,0,1,0
0.88,2,224,2,1,2,1,0,1,0
0.88,2,196,2,1,2,1,0,1,0
0.88,2,283,2,1,2,1,0,1,0
0.88,2,243,2,1,2,1,0,1,0
0.88,2,258,2,2,2,2,0,2,0
0.88,2,229,2,1,2,1,0,1,0
0.88,2,247,2,1,2,1,0,1,0
0.88,2,89,2,1,2,1,0,1,0
0.88,2,394,2,2,2,2,0,2,0
0.88,2,82,2,1,2,1,0,1,0
0.88,2,444,2,1,2,1,0,1,0
0.88,2,147,2,1,2,1,0,1,0
0.88,2,178,2,1,2,1,0,1,0
0.88,2,239,2,1,2,1,0,1,0
0.88,2,240,2,1,2,1,0,1,0
0.88,2,3,2,2,2,2,0,2,0
0.88,2,154,2,1,2,1,0,1,0
0.88,2,53,2,1,2,1,0,1,0
0.88,2,417,2,1,2,1,0,1,0
0.88,2,313,2,1,2,1,0,1,0
0.88,2,468,2,1,2,1,0,1,0
0.88,2,182,2,1,2,1,0,1,0
0.88,2,26,2,1,2,1,0,1,0
0.88,2,202,2,1,2,1,0,1,0
0.88,2,30,2,1,2,1,0,1,0
0.88,2,92,2,1,2,1,0,1,0
0.88,2,136,2,1,2,1,0,1,0
0.88,2,13,2,1,2,1,0,1,0
0.88,2,492,2,2,2,2,0,2,0
0.88,2,143,2,1,2,1,0,1,0
0.88,2,118,2,1,2,1,0,1,0
0.88,2,290,2,1,2,1,0,1,0
0.88,2,31,2,1,2,1,0,1,0
0.88,2,141,2,1,2,1,0,1,0
0.88,2,485,2,1,2,1,0,1,0
0.88,2,18,2,1,2,1,0,1,0
0.88,2,346,2,1,2,1,0,1,0
0.88,2,304,2,1,2,1,0,1,0
0.88,2,471,2,1,2,1,0,1,0
0.88,2,105,2,1,2,1,0,1,0
0.88,2,336,2,1,2,1,0,1,0
0.88,2,75,2,1,2,1,0,1,0
0.88,2,166,2,1,2,1,0,1,0
0.88,2,414,2,1,2,1,0,1,0
0.88,2,421,2,2,2,2,0,2,0
0.88,2,159,2,1,2,1,0,1,0
0.88,2,429,2,1,2,1,0,1,0
0.88,2,49,2,1,2,1,0,1,0
0.88,2,301,2,2,2,2,0,2,0
0.88,2,95,2,2,2,2,0,2,0
0.88,2,263,2,1,2,1,0,1,0
0.88,2,156,2,1,2,1,0,1,0
0.88,2,453,2,1,2,1,0,1,0
0.88,2,481,2,1,2,1,0,1,0
0.88,2,210,2,1,2,1,0,1,0
0.88,2,317,2,1,2,1,0,1,0
0.88,2,255,2,1,2,1,0,1,0
0.88,2,150,2,1,2,1,0,1,0
0.88,2,65,2,2,2,2,0,2,0
0.88,2,60,2,1,2,1,0,1,0
0.88,2,28,2,1,2,1,0,1,0
0.88,2,404,2,1,2,1,0,1,0
0.88,2,127,2,1,2,1,0,1,0
0.88,2,450,2,1,2,1,0,1,0
0.88,2,278,2,1,2,1,0,1,0
0.88,2,276,2,1,2,1,0,1,0
0.88,2,109,2,1,2,1,0,1,0
0.88,2,42,2,2,2,2,0,2,0
0.88,2,155,2,1,2,1,0,1,0
0.88,2,228,2,1,2,1,0,1,0
0.88,2,244,2,1,2,1,0,1,0
0.88,2,249,2,1,2,1,0,1,0
0.88,2,372,2,1,2,1,0,1,0
0.88,2,1,2,1,2,1,0,1,0
0.88,2,71,2,1,2,1,0,1,0
0.88,2,170,2,2,2,2,0,2,0
0.88,2,33,2,1,2,1,0,1,0
0.88,2,395,2,2,2,2,0,2,0
0.88,2,246,2,2,2,2,0,2,0
0.88,2,329,2,1,2,1,0,1,0
0.88,2,455,2,1,2,1,0,1,0
0.88,2,332,2,2,2,2,0,2,0
0.88,2,241,2,1,2,1,0,1,0
0.88,2,475,2,1,2,1,0,1,0
0.88,2,488,2,1,2,1,0,1,0
0.88,2,134,2,2,2,2,0,2,0
0.88,2,177,2,2,2,2,0,2,0
0.88,2,357,2,1,2,1,0,1,0
0.88,2,120,2,1,2,1,0,1,0
0.88,2,245,2,1,2,1,0,1,0
0.88,2,27,2,1,2,1,0,1,0
0.88,2,98,2,1,2,1,0,1,0
0.88,2,285,2,1,2,1,0,1,0
0.88,2,292,2,1,2,1,0,1,0
0.88,2,213,2,2,2,2,0,2,0
0.88,2,41,2,1,2,1,0,1,0
0.88,2,43,2,1,2,1,0,1,0
0.88,2,389,2,1,2,1,0,1,0
0.88,2,160,2,1,2,1,0,1,0
0.88,2,115,2,1,2,1,0,1,0
0.88,2,56,2,1,2,1,0,1,0
0.88,2,360,2,1,2,1,0,1,0
0.88,2,324,2,1,2,1,0,1,0
0.88,2,314,2,1,2,1,0,1,0
0.88,2,231,2,1,2,1,0,1,0
0.88,2,303,2,1,2,1,0,1,0
0.88,2,36,2,1,2,1,0,1,0
0.88,2,40,2,1,2,1,0,1,0
0.88,2,322,2,1,2,1,0,1,0
0.88,2,425,2,2,2,2,0,2,0
0.88,2,293,2,1,2,1,0,1,0
0.88,2,110,2,1,2,1,0,1,0
0.88,2,334,2,1,2,1,0,1,0
0.88,2,270,2,1,2,1,0,1,0
0.88,2,47,2,1,2,1,0,1,0
0.88,2,470,2,1,2,1,0,1,0
0.88,2,214,2,1,2,1,0,1,0
0.88,2,221,2,1,2,1,0,1,0
0.88,2,79,2,1,2,1,0,1,0
0.88,2,198,2,1,2,1,0,1,0
0.88,2,375,2,1,2,1,0,1,0
0.88,2,45,2,1,2,1,0,1,0
0.88,2,230,2,1,2,1,0,1,0
0.88,2,168,2,1,2,1,0,1,0
0.88,2,465,2,1,2,1,0,1,0
0.88,2,443,2,1,2,1,0,1,0
0.88,2,359,2,1,2,1,0,1,0
0.88,2,352,2,1,2,1,0,1,0
0.88,2,204,2,1,2,1,0,1,0
0.88,2,219,2,1,2,1,0,1,0
0.88,2,306,2,2,2,2,0,2,0
0.88,2,54,2,1,2,1,0,1,0
0.88,2,63,2,1,2,1,0,1,0
0.88,2,86,2,1,2,1,0,1,0
0.88,2,497,2,1,2,1,0,1,0
0.88,2,412,2,1,2,1,0,1,0
0.88,2,197,2,1,2,1,0,1,0
0.88,2,59,2,1,2,1,0,1,0
0.88,2,66,2,1,2,1,0,1,0
0.88,2,248,2,1,2,1,0,1,0
0.88,2,29,2,1,2,1,0,1,0
0.88,2,72,2,2,2,2,0,2,0
0.88,2,76,2,1,2,1,0,1,0
0.88,2,331,2,1,2,1,0,1,0
0.88,2,479,2,1,2,1,0,1,0
0.88,2,158,2,2,2,2,0,2,0
0.88,2,191,2,1,2,1,0,1,0
0.88,2,495,2,1,2,1,0,1,0
0.88,2,200,2,1,2,1,0,1,0
0.88,2,473,2,2,2,2,0,2,0
0.88,2,101,2,2,2,2,0,2,0
0.88,2,9,2,1,2,1,0,1,0
0.88,2,235,2,2,2,2,0,2,0
0.88,2,21,2,1,2,1,0,1,0
0.88,2,374,2,1,2,1,0,1,0
0.88,2,161,2,1,2,1,0,1,0
0.88,2,114,2,1,2,1,0,1,0
0.88,2,438,2,1,2,1,0,1,0
0.88,2,93,2,2,2,2,0,2,0
0.88,2,348,2,1,2,1,0,1,0
0.88,2,24,2,1,2,1,0,1,0
0.88,2,142,2,1,2,1,0,1,0
0.88,2,469,2,2,2,2,0,2,0
0.88,2,137,2,1,2,1,0,1,0
0.88,2,256,2,1,2,1,0,1,0
0.88,2,379,2,1,2,1,0,1,0
0.88,2,135,2,1,2,1,0,1,0
0.88,2,39,2,1,2,1,0,1,0
0.88,2,356,2,1,2,1,0,1,0
0.88,2,467,2,1,2,1,0,1,0
0.88,2,257,2,1,2,1,0,1,0
0.88,2,192,2,2,2,2,0,2,0
0.88,2,326,2,1,2,1,0,1,0
0.88,2,220,2,2,2,2,0,2,0
0.88,2,139,2,1,2,1,0,1,0
0.88,2,74,2,2,2,2,0,2,0
0.88,2,253,2,1,2,1,0,1,0
0.88,2,153,2,1,2,1,0,1,0
0.88,2,15,2,1,2,1,0,1,0
0.88,2,378,2,1,2,1,0,1,0
0.88,2,387,2,1,2,1,0,1,0
0.88,2,466,2,1,2,1,0,1,0
0.88,2,424,2,1,2,1,0,1,0
0.88,2,84,2,1,2,1,0,1,0
0.88,2,297,2,1,2,1,0,1,0
0.88,2,459,2,1,2,1,0,1,0
0.88,2,436,2,1,2,1,0,1,0
0.88,2,50,2,1,2,1,0,1,0
0.88,2,96,2,1,2,1,0,1,0
0.88,2,216,2,1,2,1,0,1,0
0.88,2,295,2,1,2,1,0,1,0
0.88,2,362,2,1,2,1,0,1,0
0.88,2,386,2,1,2,1,0,1,0
0.88,2,116,2,2,2,2,0,2,0
0.88,2,277,2,1,2,1,0,1,0
0.88,2,447,2,1,2,1,0,1,0
0.88,2,337,2,1,2,1,0,1,0
0.88,2,119,2,1,2,1,0,1,0
0.88,2,266,2,1,2,1,0,1,0
0.88,2,211,2,1,2,1,0,1,0
0.88,2,124,2,1,2,1,0,1,0
0.88,2,461,2,1,2,1,0,1,0
0.88,2,51,2,1,2,1,0,1,0
0.88,2,269,2,1,2,1,0,1,0
0.88,2,393,2,1,2,1,0,1,0
0.88,2,169,2,2,2,2,0,2,0
0.88,2,390,2,1,2,1,0,1,0
0.88,2,288,2,1,2,1,0,1,0
0.88,2,423,2,1,2,1,0,1,0
0.88,2,80,2,1,2,1,0,1,0
0.88,2,215,2,1,2,1,0,1,0
0.88,2,411,2,1,2,1,0,1,0
0.88,2,354,2,1,2,1,0,1,0
0.88,2,112,2,1,2,1,0,1,0
0.88,2,445,2,1,2,1,0,1,0
0.88,2,416,2,1,2,1,0,1,0
0.88,2,340,2,2,2,2,0,2,0
0.88,2,275,2,1,2,1,0,1,0
0.88,2,399,2,1,2,1,0,1,0
0.88,2,273,2,2,2,2,0,2,0
0.88,2,209,2,1,2,1,0,1,0
0.88,2,194,2,1,2,1,0,1,0
0.88,2,458,2,1,2,1,0,1,0
0.88,2,448,2,1,2,1,0,1,0
0.88,2,126,2,1,2,1,0,1,0
0.88,2,446,2,1,2,1,0,1,0
0.88,2,163,2,2,2,2,0,2,0
0.88,2,174,2,1,2,1,0,1,0
0.88,2,176,2,1,2,1,0,1,0
0.88,2,131,2,1,2,1,0,1,0
0.88,2,406,2,1,2,1,0,1,0
0.88,2,433,2,2,2,2,0,2,0
0.88,2,434,2,1,2,1,0,1,0
0.88,2,151,2,1,2,1,0,1,0
0.88,2,164,2,1,2,1,0,1,0
0.88,2,451,2,1,2,1,0,1,0
0.88,2,37,2,2,2,2,0,2,0
0.88,2,4,2,1,2,1,0,1,0
0.88,2,330,2,1,2,1,0,1,0
0.88,2,355,2,1,2,1,0,1,0
0.88,2,496,2,1,2,1,0,1,0
0.88,2,268,2,1,2,1,0,1,0
0.88,2,238,2,1,2,1,0,1,0
0.88,2,259,2,1,2,1,0,1,0
0.88,2,426,2,1,2,1,0,1,0
0.88,2,400,2,1,2,1,0,1,0
0.88,2,289,2,1,2,1,0,1,0
0.88,2,397,2,1,2,1,0,1,0
0.88,2,380,2,2,2,2,0,2,0
0.88,2,35,2,1,2,1,0,1,0
0.88,2,442,2,1,2,1,0,1,0
0.88,2,14,2,1,2,1,0,1,0
0.88,2,281,2,1,2,1,0,1,0
0.88,2,388,2,1,2,1,0,1,0
0.88,2,226,2,1,2,1,0,1,0
0.88,2,365,2,1,2,1,0,1,0
0.88,2,296,2,1,2,1,0,1,0
0.88,2,20,2,1,2,1,0,1,0
0.88,2,431,2,1,2,1,0,1,0
0.88,2,111,2,1,2,1,0,1,0
0.88,2,88,2,1,2,1,0,1,0
0.88,2,398,2,2,2,2,0,2,0
0.88,2,171,2,1,2,1,0,1,0
0.88,2,267,2,1,2,1,0,1,0
0.88,2,377,2,1,2,1,0,1,0
0.88,2,472,2,1,2,1,0,1,0
0.88,2,391,2,2,2,2,0,2,0
0.88,2,493,2,1,2,1,0,1,0
0.88,2,396,2,1,2,1,0,1,0
0.88,2,46,2,1,2,1,0,1,0
0.88,2,208,2,1,2,1,0,1,0
0.88,2,476,2,1,2,1,0,1,0
0.88,2,422,2,1,2,1,0,1,0
0.88,2,260,2,1,2,1,0,1,0
0.88,2,363,2,1,2,1,0,1,0
0.88,2,185,2,2,2,2,0,2,0
0.88,2,265,2,1,2,1,0,1,0
0.88,2,175,2,1,2,1,0,1,0
0.88,2,123,2,1,2,1,0,1,0
0.88,2,315,2,1,2,1,0,1,0
0.88,2,435,2,1,2,1,0,1,0
0.88,2,410,2,1,2,1,0,1,0
0.88,2,463,2,1,2,1,0,1,0
0.88,2,366,2,1,2,1,0,1,0
0.88,2,460,2,1,2,1,0,1,0
0.88,2,319,2,1,2,1,0,1,0
0.88,2,237,2,1,2,1,0,1,0
0.88,2,100,2,2,2,2,0,2,0
0.88,2,499,2,1,2,1,0,1,0
0.88,2,189,2,1,2,1,0,1,0
0.88,2,121,2,1,2,1,0,1,0
0.88,2,201,2,1,2,1,0,1,0
0.88,2,342,2,1,2,1,0,1,0
0.88,2,392,2,1,2,1,0,1,0
0.88,2,217,2,1,2,1,0,1,0
0.88,2,212,2,1,2,1,0,1,0
0.88,2,233,2,1,2,1,0,1,0
0.88,2,454,2,1,2,1,0,1,0
0.88,2,0,2,2,2,2,0,2,0
0.88,2,347,2,1,2,1,0,1,0
0.88,2,477,2,1,2,1,0,1,0
0.88,2,11,2,2,2,2,0,2,0
0.88,2,55,2,1,2,1,0,1,0
0.88,2,144,2,1,2,1,0,1,0
0.88,2,369,2,1,2,1,0,1,0
0.88,2,487,2,1,2,1,0,1,0
0.88,2,106,2,2,2,2,0,2,0
0.88,2,441,2,1,2,1,0,1,0
0.88,2,408,2,1,2,1,0,1,0
0.88,2,353,2,1,2,1,0,1,0
0.88,2,413,2,1,2,1,0,1,0
0.88,2,97,2,1,2,1,0,1,0
0.88,2,311,2,1,2,1,0,1,0
0.88,2,327,2,1,2,1,0,1,0
0.88,2,12,2,1,2,1,0,1,0
0.88,2,64,2,1,2,1,0,1,0
0.88,2,188,2,1,2,1,0,1,0
0.88,2,376,2,2,2,2,0,2,0
0.88,2,349,2,2,2,2,0,2,0
0.88,2,272,2,1,2,1,0,1,0
0.88,2,371,2,1,2,1,0,1,0
0.88,2,129,2,1,2,1,0,1,0
0.88,2,462,2,1,2,1,0,1,0
0.88,2,494,2,1,2,1,0,1,0
0.88,2,328,2,1,2,1,0,1,0
0.88,2,358,2,1,2,1,0,1,0
0.88,2,321,2,1,2,1,0,1,0
0.88,2,193,2,2,2,2,0,2,0
0.88,2,234,2,1,2,1,0,1,0
0.88,2,308,2,1,2,1,0,1,0
0.88,2,341,2,2,2,2,0,2,0
0.88,2,148,2,1,2,1,0,1,0
0.88,2,415,2,2,2,2,0,2,0
0.88,2,205,2,2,2,2,0,2,0
0.88,2,57,2,2,2,2,0,2,0
0.88,2,5,2,1,2,1,0,1,0
0.88,2,90,2,1,2,1,0,1,0
0.88,2,407,2,1,2,1,0,1,0
0.88,2,2,2,1,2,1,0,1,0
0.88,2,368,2,1,2,1,0,1,0
0.88,2,405,2,1,2,1,0,1,0
0.88,2,402,2,1,2,1,0,1,0
0.88,2,367,2,1,2,1,0,1,0
0.88,2,103,2,1,2,1,0,1,0
0.88,2,52,2,1,2,1,0,1,0
0.88,2,146,2,1,2,1,0,1,0
0.88,2,195,2,2,2,2,0,2,0
0.88,2,184,2,1,2,1,0,1,0
0.88,2,489,2,1,2,1,0,1,0
0.88,2,252,2,1,2,1,0,1,0
0.88,2,87,2,1,2,1,0,1,0
0.88,2,180,2,2,2,2,0,2,0
0.88,2,300,2,1,2,1,0,1,0
0.88,2,117,2,1,2,1,0,1,0
0.88,2,25,2,1,2,1,0,1,0
0.88,2,343,2,1,2,1,0,1,0
0.88,2,7,2,1,2,1,0,1,0
0.88,2,430,2,1,2,1,0,1,0
0.88,2,48,2,1,2,1,0,1,0
0.88,2,427,2,1,2,1,0,1,0
0.88,2,104,2,1,2,1,0,1,0
0.88,2,310,2,1,2,1,0,1,0
0.88,2,242,2,2,2,2,0,2,0
0.88,2,298,2,1,2,1,0,1,0
0.88,2,345,2,1,2,1,0,1,0
0.88,2,16,2,1,2,1,0,1,0
0.88,2,318,2,1,2,1,0,1,0
0.88,2,437,2,1,2,1,0,1,0
0.88,2,282,2,1,2,1,0,1,0
0.88,2,107,2,1,2,1,0,1,0
0.88,2,309,2,1,2,1,0,1,0
0.88,2,236,2,1,2,1,0,1,0
0.88,2,299,2,1,2,1,0,1,0
0.88,2,491,2,1,2,1,0,1,0
0.88,2,474,2,2,2,2,0,2,0
0.88,2,264,2,1,2,1,0,1,0
0.88,2,132,2,1,2,1,0,1,0
0.88,2,498,2,1,2,1,0,1,0
0.88,2,8,2,1,2,1,0,1,0
0.88,2,222,2,1,2,1,0,1,0
0.88,2,83,2,1,2,1,0,1,0
0.88,4,223,2,1,2,1,0,1,0
0.88,4,122,2,1,2,1,0,1,0
0.88,4,373,2,1,2,1,0,1,0
0.88,4,10,2,1,2,1,0,1,0
0.88,4,227,2,2,2,2,0,2,0
0.88,4,6,2,1,2,1,0,1,0
0.88,4,190,2,1,2,1,0,1,0
0.88,4,294,2,1,2,1,0,1,0
0.88,4,206,2,1,2,1,0,1,0
0.88,4,344,2,2,2,2,0,2,0
0.88,4,81,2,1,2,1,0,1,0
0.88,4,34,2,1,2,1,0,1,0
0.88,4,478,2,2,2,2,0,2,0
0.88,4,225,2,1,2,1,0,1,0
0.88,4,452,2,1,2,1,0,1,0
0.88,4,67,2,1,2,1,0,1,0
0.88,4,286,2,1,2,1,0,1,0
0.88,4,251,2,1,2,1,0,1,0
0.88,4,335,2,1,2,1,0,1,0
0.88,4,439,2,1,2,1,0,1,0
0.88,4,409,2,2,2,2,0,2,0
0.88,4,125,2,1,2,1,0,1,0
0.88,4,70,2,1,2,1,0,1,0
0.88,4,145,2,1,2,1,0,1,0
0.88,4,73,2,1,2,1,0,1,0
0.88,4,284,2,1,2,1,0,1,0
0.88,4,186,2,1,2,1,0,1,0
0.88,4,58,2,1,2,1,0,1,0
0.88,4,381,2,1,2,1,0,1,0
0.88,4,305,2,2,2,2,0,2,0
0.88,4,149,2,2,2,2,0,2,0
0.88,4,140,2,1,2,1,0,1,0
0.88,4,364,2,1,2,1,0,1,0
0.88,4,361,2,1,2,1,0,1,0
0.88,4,23,2,1,2,1,0,1,0
0.88,4,254,2,2,2,2,0,2,0
0.88,4,173,2,1,2,1,0,1,0
0.88,4,456,2,1,2,1,0,1,0
0.88,4,403,2,1,2,1,0,1,0
0.88,4,382,2,1,2,1,0,1,0
0.88,4,320,2,1,2,1,0,1,0
0.88,4,167,2,1,2,1,0,1,0
0.88,4,419,2,1,2,1,0,1,0
0.88,4,262,2,1,2,1,0,1,0
0.88,4,91,2,2,2,2,0,2,0
0.88,4,19,2,1,2,1,0,1,0
0.88,4,78,2,1,2,1,0,1,0
0.88,4,440,2,1,2,1,0,1,0
0.88,4,350,2,1,2,1,0,1,0
0.88,4,113,2,1,2,1,0,1,0
0.88,4,291,2,1,2,1,0,1,0
0.88,4,370,2,1,2,1,0,1,0
0.88,4,152,2,1,2,1,0,1,0
0.88,4,99,2,1,2,1,0,1,0
0.88,4,32,2,1,2,1,0,1,0
0.88,4,77,2,1,2,1,0,1,0
0.88,4,183,2,1,2,1,0,1,0
0.88,4,383,2,1,2,1,0,1,0
0.88,4,179,2,2,2,2,0,2,0
0.88,4,68,2,1,2,1,0,1,0
0.88,4,385,2,1,2,1,0,1,0
0.88,4,464,2,1,2,1,0,1,0
0.88,4,482,2,1,2,1,0,1,0
0.88,4,351,2,1,2,1,0,1,0
0.88,4,287,2,1,2,1,0,1,0
0.88,4,302,2,1,2,1,0,1,0
0.88,4,457,2,1,2,1,0,1,0
0.88,4,94,2,1,2,1,0,1,0
0.88,4,102,2,2,2,2,0,2,0
0.88,4,490,2,1,2,1,0,1,0
0.88,4,449,2,2,2,2,0,2,0
0.88,4,172,2,1,2,1,0,1,0
0.88,4,323,2,2,2,2,0,2,0
0.88,4,484,2,1,2,1,0,1,0
0.88,4,312,2,1,2,1,0,1,0
0.88,4,69,2,1,2,1,0,1,0
0.88,4,157,2,1,2,1,0,1,0
0.88,4,280,2,1,2,1,0,1,0
0.88,4,187,2,1,2,1,0,1,0
0.88,4,232,2,1,2,1,0,1,0
0.88,4,133,2,2,2,2,0,2,0
0.88,4,128,2,1,2,1,0,1,0
0.88,4,250,2,1,2,1,0,1,0
0.88,4,483,2,1,2,1,0,1,0
0.88,4,218,2,2,2,2,0,2,0
0.88,4,338,2,1,2,1,0,1,0
0.88,4,486,2,1,2,1,0,1,0
0.88,4,420,2,1,2,1,0,1,0
0.88,4,333,2,2,2,2,0,2,0
0.88,4,401,2,2,2,2,0,2,0
0.88,4,61,2,1,2,1,0,1,0
0.88,4,432,2,1,2,1,0,1,0
0.88,4,428,2,1,2,1,0,1,0
0.88,4,38,2,1,2,1,0,1,0
0.88,4,480,2,1,2,1,0,1,0
0.88,4,199,2,1,2,1,0,1,0
0.88,4,17,2,1,2,1,0,1,0
0.88,4,162,2,1,2,1,0,1,0
0.88,4,62,2,1,2,1,0,1,0
0.88,4,181,2,1,2,1,0,1,0
0.88,4,307,2,2,2,2,0,2,0
0.88,4,271,2,1,2,1,0,1,0
0.88,4,418,2,2,2,2,0,2,0
0.88,4,130,2,1,2,1,0,1,0
0.88,4,44,2,2,2,2,0,2,0
0.88,4,138,2,1,2,1,0,1,0
0.88,4,165,2,1,2,1,0,1,0
0.88,4,203,2,1,2,1,0,1,0
0.88,4,22,2,2,2,2,0,2,0
0.88,4,85,2,2,2,2,0,2,0
0.88,4,316,2,1,2,1,0,1,0
0.88,4,279,2,1,2,1,0,1,0
0.88,4,108,2,1,2,1,0,1,0
0.88,4,325,2,1,2,1,0,1,0
0.88,4,384,2,1,2,1,0,1,0
0.88,4,274,2,1,2,1,0,1,0
0.88,4,261,2,1,2,1,0,1,0
0.88,4,207,2,1,2,1,0,1,0
0.88,4,339,2,1,2,1,0,1,0
0.88,4,224,2,1,2,1,0,1,0
0.88,4,196,2,1,2,1,0,1,0
0.88,4,283,2,1,2,1,0,1,0
0.88,4,243,2,1,2,1,0,1,0
0.88,4,258,2,2,2,2,0,2,0
0.88,4,229,2,1,2,1,0,1,0
0.88,4,247,2,1,2,1,0,1,0
0.88,4,89,2,1,2,1,0,1,0
0.88,4,394,2,2,2,2,0,2,0
0.88,4,82,2,1,2,1,0,1,0
0.88,4,444,2,1,2,1,0,1,0
0.88,4,147,2,1,2,1,0,1,0
0.88,4,178,2,1,2,1,0,1,0
0.88,4,239,2,1,2,1,0,1,0
0.88,4,240,2,1,2,1,0,1,0
0.88,4,3,2,2,2,2,0,2,0
0.88,4,154,2,1,2,1,0,1,0
0.88,4,53,2,1,2,1,0,1,0
0.88,4,417,2,1,2,1,0,1,0
0.88,4,313,2,1,2,1,0,1,0
0.88,4,468,2,1,2,1,0,1,0
0.88,4,182,2,1,2,1,0,1,0
0.88,4,26,2,1,2,1,0,1,0
0.88,4,202,2,1,2,1,0,1,0
0.88,4,30,2,1,2,1,0,1,0
0.88,4,92,2,1,2,1,0,1,0
0.88,4,136,2,1,2,1,0,1,0
0.88,4,13,2,1,2,1,0,1,0
0.88,4,492,2,2,2,2,0,2,0
0.88,4,143,2,1,2,1,0,1,0
0.88,4,118,2,1,2,1,0,1,0
0.88,4,290,2,1,2,1,0,1,0
0.88,4,31,2,1,2,1,0,1,0
0.88,4,141,2,1,2,1,0,1,0
0.88,4,485,2,1,2,1,0,1,0
0.88,4,18,2,1,2,1,0,1,0
0.88,4,346,2,1,2,1,0,1,0
0.88,4,304,2,1,2,1,0,1,0
0.88,4,471,2,1,2,1,0,1,0
0.88,4,105,2,1,2,1,0,1,0
0.88,4,336,2,1,2,1,0,1,0
0.88,4,75,2,1,2,1,0,1,0
0.88,4,166,2,1,2,1,0,1,0
0.88,4,414,2,1,2,1,0,1,0
0.88,4,421,2,2,2,2,0,2,0
0.88,4,159,2,1,2,1,0,1,0
0.88,4,429,2,1,2,1,0,1,0
0.88,4,49,2,1,2,1,0,1,0
0.88,4,301,2,2,2,2,0,2,0
0.88,4,95,2,2,2,2,0,2,0
0.88,4,263,2,1,2,1,0,1,0
0.88,4,156,2,1,2,1,0,1,0
0.88,4,453,2,1,2,1,0,1,0
0.88,4,481,2,1,2,1,0,1,0
0.88,4,210,2,1,2,1,0,1,0
0.88,4,317,2,1,2,1,0,1,0
0.88,4,255,2,1,2,1,0,1,0
0.88,4,150,2,1,2,1,0,1,0
0.88,4,65,2,2,2,2,0,2,0
0.88,4,60,2,1,2,1,0,1,0
0.88,4,28,2,1,2,1,0,1,0
0.88,4,404,2,1,2,1,0,1,0
0.88,4,127,2,1,2,1,0,1,0
0.88,4,450,2,1,2,1,0,1,0
0.88,4,278,2,1,2,1,0,1,0
0.88,4,276,2,1,2,1,0,1,0
0.88,4,109,2,1,2,1,0,1,0
0.88,4,42,2,2,2,2,0,2,0
0.88,4,155,2,1,2,1,0,1,0
0.88,4,228,2,1,2,1,0,1,0
0.88,4,244,2,1,2,1,0,1,0
0.88,4,249,2,1,2,1,0,1,0
0.88,4,372,2,1,2,1,0,1,0
0.88,4,1,2,1,2,1,0,1,0
0.88,4,71,2,1,2,1,0,1,0
0.88,4,170,2,2,2,2,0,2,0
0.88,4,33,2,1,2,1,0,1,0
0.88,4,395,2,2,2,2,0,2,0
0.88,4,246,2,2,2,2,0,2,0
0.88,4,329,2,1,2,1,0,1,0
0.88,4,455,2,1,2,1,0,1,0
0.88,4,332,2,2,2,2,0,2,0
0.88,4,241,2,1,2,1,0,1,0
0.88,4,475,2,1,2,1,0,1,0
0.88,4,488,2,1,2,1,0,1,0
0.88,4,134,2,2,2,2,0,2,0
0.88,4,177,2,2,2,2,0,2,0
0.88,4,357,2,1,2,1,0,1,0
0.88,4,120,2,1,2,1,0,1,0
0.88,4,245,2,1,2,1,0,1,0
0.88,4,27,2,1,2,1,0,1,0
0.88,4,98,2,1,2,1,0,1,0
0.88,4,285,2,1,2,1,0,1,0
0.88,4,292,2,1,2,1,0,1,0
0.88,4,213,2,2,2,2,0,2,0
0.88,4,41,2,1,2,1,0,1,0
0.88,4,43,2,1,2,1,0,1,0
0.88,4,389,2,1,2,1,0,1,0
0.88,4,160,2,1,2,1,0,1,0
0.88,4,115,2,1,2,1,0,1,0
0.88,4,56,2,1,2,1,0,1,0
0.88,4,360,2,1,2,1,0,1,0
0.88,4,324,2,1,2,1,0,1,0
0.88,4,314,2,1,2,1,0,1,0
0.88,4,231,2,1,2,1,0,1,0
0.88,4,303,2,1,2,1,0,1,0
0.88,4,36,2,1,2,1,0,1,0
0.88,4,40,2,1,2,1,0,1,0
0.88,4,322,2,1,2,1,0,1,0
0.88,4,425,2,2,2,2,0,2,0
0.88,4,293,2,1,2,1,0,1,0
0.88,4,110,2,1,2,1,0,1,0
0.88,4,334,2,1,2,1,0,1,0
0.88,4,270,2,1,2,1,0,1,0
0.88,4,47,2,1,2,1,0,1,0
0.88,4,470,2,1,2,1,0,1,0
0.88,4,214,2,1,2,1,0,1,0
0.88,4,221,2,1,2,1,0,1,0
0.88,4,79,2,1,2,1,0,1,0
0.88,4,198,2,1,2,1,0,1,0
0.88,4,375,2,1,2,1,0,1,0
0.88,4,45,2,1,2,1,0,1,0
0.88,4,230,2,1,2,1,0,1,0
0.88,4,168,2,1,2,1,0,1,0
0.88,4,465,2,1,2,1,0,1,0
0.88,4,443,2,1,2,1,0,1,0
0.88,4,359,2,1,2,1,0,1,0
0.88,4,352,2,1,2,1,0,1,0
0.88,4,204,2,1,2,1,0,1,0
0.88,4,219,2,1,2,1,0,1,0
0.88,4,306,2,2,2,2,0,2,0
0.88,4,54,2,1,2,1,0,1,0
0.88,4,63,2,1,2,1,0,1,0
0.88,4,86,2,1,2,1,0,1,0
0.88,4,497,2,1,2,1,0,1,0
0.88,4,412,2,1,2,1,0,1,0
0.88,4,197,2,1,2,1,0,1,0
0.88,4,59,2,1,2,1,0,1,0
0.88,4,66,2,1,2,1,0,1,0
0.88,4,248,2,1,2,1,0,1,0
0.88,4,29,2,1,2,1,0,1,0
0.88,4,72,2,2,2,2,0,2,0
0.88,4,76,2,1,2,1,0,1,0
0.88,4,331,2,1,2,1,0,1,0
0.88,4,479,2,1,2,1,0,1,0
0.88,4,158,2,2,2,2,0,2,0
0.88,4,191,2,1,2,1,0,1,0
0.88,4,495,2,1,2,1,0,1,0
0.88,4,200,2,1,2,1,0,1,0
0.88,4,473,2,2,2,2,0,2,0
0.88,4,101,2,2,2,2,0,2,0
0.88,4,9,2,1,2,1,0,1,0
0.88,4,235,2,2,2,2,0,2,0
0.88,4,21,2,1,2,1,0,1,0
0.88,4,374,2,1,2,1,0,1,0
0.88,4,161,2,1,2,1,0,1,0
0.88,4,114,2,1,2,1,0,1,0
0.88,4,438,2,1,2,1,0,1,0
0.88,4,93,2,2,2,2,0,2,0
0.88,4,348,2,1,2,1,0,1,0
0.88,4,24,2,1,2,1,0,1,0
0.88,4,142,2,1,2,1,0,1,0
0.88,4,469,2,2,2,2,0,2,0
0.88,4,137,2,1,2,1,0,1,0
0.88,4,256,2,1,2,1,0,1,0
0.88,4,379,2,1,2,1,0,1,0
0.88,4,135,2,1,2,1,0,1,0
0.88,4,39,2,1,2,1,0,1,0
0.88,4,356,2,1,2,1,0,1,0
0.88,4,467,2,1,2,1,0,1,0
0.88,4,257,2,1,2,1,0,1,0
0.88,4,192,2,2,2,2,0,2,0
0.88,4,326,2,1,2,1,0,1,0
0.88,4,220,2,2,2,2,0,2,0
0.88,4,139,2,1,2,1,0,1,0
0.88,4,74,2,2,2,2,0,2,0
0.88,4,253,2,1,2,1,0,1,0
0.88,4,153,2,1,2,1,0,1,0
0.88,4,15,2,1,2,1,0,1,0
0.88,4,378,2,1,2,1,0,1,0
0.88,4,387,2,1,2,1,0,1,0
0.88,4,466,2,1,2,1,0,1,0
0.88,4,424,2,1,2,1,0,1,0
0.88,4,84,2,1,2,1,0,1,0
0.88,4,297,2,1,2,1,0,1,0
0.88,4,459,2,1,2,1,0,1,0
0.88,4,436,2,1,2,1,0,1,0
0.88,4,50,2,1,2,1,0,1,0
0.88,4,96,2,1,2,1,0,1,0
0.88,4,216,2,1,2,1,0,1,0
0.88,4,295,2,1,2,1,0,1,0
0.88,4,362,2,1,2,1,0,1,0
0.88,4,386,2,1,2,1,0,1,0
0.88,4,116,2,2,2,2,0,2,0
0.88,4,277,2,1,2,1,0,1,0
0.88,4,447,2,1,2,1,0,1,0
0.88,4,337,2,1,2,1,0,1,0
0.88,4,119,2,1,2,1,0,1,0
0.88,4,266,2,1,2,1,0,1,0
0.88,4,211,2,1,2,1,0,1,0
0.88,4,124,2,1,2,1,0,1,0
0.88,4,461,2,1,2,1,0,1,0
0.88,4,51,2,1,2,1,0,1,0
0.88,4,269,2,1,2,1,0,1,0
0.88,4,393,2,1,2,1,0,1,0
0.88,4,169,2,2,2,2,0,2,0
0.88,4,390,2,1,2,1,0,1,0
0.88,4,288,2,1,2,1,0,1,0
0.88,4,423,2,1,2,1,0,1,0
0.88,4,80,2,1,2,1,0,1,0
0.88,4,215,2,1,2,1,0,1,0
0.88,4,411,2,1,2,1,0,1,0
0.88,4,354,2,1,2,1,0,1,0
0.88,4,112,2,1,2,1,0,1,0
0.88,4,445,2,1,2,1,0,1,0
0.88,4,416,2,1,2,1,0,1,0
0.88,4,340,2,2,2,2,0,2,0
0.88,4,275,2,1,2,1,0,1,0
0.88,4,399,2,1,2,1,0,1,0
0.88,4,273,2,2,2,2,0,2,0
0.88,4,209,2,1,2,1,0,1,0
0.88,4,194,2,1,2,1,0,1,0
0.88,4,458,2,1,2,1,0,1,0
0.88,4,448,2,1,2,1,0,1,0
0.88,4,126,2,1,2,1,0,1,0
0.88,4,446,2,1,2,1,0,1,0
0.88,4,163,2,2,2,2,0,2,0
0.88,4,174,2,1,2,1,0,1,0
0.88,4,176,2,1,2,1,0,1,0
0.88,4,131,2,1,2,1,0,1,0
0.88,4,406,2,1,2,1,0,1,0
0.88,4,433,2,2,2,2,0,2,0
0.88,4,434,2,1,2,1,0,1,0
0.88,4,151,2,1,2,1,0,1,0
0.88,4,164,2,1,2,1,0,1,0
0.88,4,451,2,1,2,1,0,1,0
0.88,4,37,2,2,2,2,0,2,0
0.88,4,4,2,1,2,1,0,1,0
0.88,4,330,2,1,2,1,0,1,0
0.88,4,355,2,1,2,1,0,1,0
0.88,4,496,2,1,2,1,0,1,0
0.88,4,268,2,1,2,1,0,1,0
0.88,4,238,2,1,2,1,0,1,0
0.88,4,259,2,1,2,1,0,1,0
0.88,4,426,2,1,2,1,0,1,0
0.88,4,400,2,1,2,1,0,1,0
0.88,4,289,2,1,2,1,0,1,0
0.88,4,397,2,1,2,1,0,1,0
0.88,4,380,2,2,2,2,0,2,0
0.88,4,35,2,1,2,1,0,1,0
0.88,4,442,2,1,2,1,0,1,0
0.88,4,14,2,1,2,1,0,1,0
0.88,4,281,2,1,2,1,0,1,0
0.88,4,388,2,1,2,1,0,1,0
0.88,4,226,2,1,2,1,0,1,0
0.88,4,365,2,1,2,1,0,1,0
0.88,4,296,2,1,2,1,0,1,0
0.88,4,20,2,1,2,1,0,1,0
0.88,4,431,2,1,2,1,0,1,0
0.88,4,111,2,1,2,1,0,1,0
0.88,4,88,2,1,2,1,0,1,0
0.88,4,398,2,2,2,2,0,2,0
0.88,4,171,2,1,2,1,0,1,0
0.88,4,267,2,1,2,1,0,1,0
0.88,4,377,2,1,2,1,0,1,0
0.88,4,472,2,1,2,1,0,1,0
0.88,4,391,2,2,2,2,0,2,0
0.88,4,493,2,1,2,1,0,1,0
0.88,4,396,2,1,2,1,0,1,0
0.88,4,46,2,1,2,1,0,1,0
0.88,4,208,2,1,2,1,0,1,0
0.88,4,476,2,1,2,1,0,1,0
0.88,4,422,2,1,2,1,0,1,0
0.88,4,260,2,1,2,1,0,1,0
0.88,4,363,2,1,2,1,0,1,0
0.88,4,185,2,2,2,2,0,2,0
0.88,4,265,2,1,2,1,0,1,0
0.88,4,175,2,1,2,1,0,1,0
0.88,4,123,2,1,2,1,0,1,0
0.88,4,315,2,1,2,1,0,1,0
0.88,4,435,2,1,2,1,0,1,0
0.88,4,410,2,1,2,1,0,1,0
0.88,4,463,2,1,2,1,0,1,0
0.88,4,366,2,1,2,1,0,1,0
0.88,4,460,2,1,2,1,0,1,0
0.88,4,319,2,1,2,1,0,1,0
0.88,4,237,2,1,2,1,0,1,0
0.88,4,100,2,2,2,2,0,2,0
0.88,4,499,2,1,2,1,0,1,0
0.88,4,189,2,1,2,1,0,1,0
0.88,4,121,2,1,2,1,0,1,0
0.88,4,201,2,1,2,1,0,1,0
0.88,4,342,2,1,2,1,0,1,0
0.88,4,392,2,1,2,1,0,1,0
0.88,4,217,2,1,2,1,0,1,0
0.88,4,212,2,1,2,1,0,1,0
0.88,4,233,2,1,2,1,0,1,0
0.88,4,454,2,1,2,1,0,1,0
0.88,4,0,2,2,2,2,0,2,0
0.88,4,347,2,1,2,1,0,1,0
0.88,4,477,2,1,2,1,0,1,0
0.88,4,11,2,2,2,2,0,2,0
0.88,4,55,2,1,2,1,0,1,0
0.88,4,144,2,1,2,1,0,1,0
0.88,4,369,2,1,2,1,0,1,0
0.88,4,487,2,1,2,1,0,1,0
0.88,4,106,2,2,2,2,0,2,0
0.88,4,441,2,1,2,1,0,1,0
0.88,4,408,2,1,2,1,0,1,0
0.88,4,353,2,1,2,1,0,1,0
0.88,4,413,2,1,2,1,0,1,0
0.88,4,97,2,1,2,1,0,1,0
0.88,4,311,2,1,2,1,0,1,0
0.88,4,327,2,1,2,1,0,1,0
0.88,4,12,2,1,2,1,0,1,0
0.88,4,64,2,1,2,1,0,1,0
0.88,4,188,2,1,2,1,0,1,0
0.88,4,376,2,2,2,2,0,2,0
0.88,4,349,2,2,2,2,0,2,0
0.88,4,272,2,1,2,1,0,1,0
0.88,4,371,2,1,2,1,0,1,0
0.88,4,129,2,1,2,1,0,1,0
0.88,4,462,2,1,2,1,0,1,0
0.88,4,494,2,1,2,1,0,1,0
0.88,4,328,2,1,2,1,0,1,0
0.88,4,358,2,1,2,1,0,1,0
0.88,4,321,2,1,2,1,0,1,0
0.88,4,193,2,2,2,2,0,2,0
0.88,4,234,2,1,2,1,0,1,0
0.88,4,308,2,1,2,1,0,1,0
0.88,4,341,2,2,2,2,0,2,0
0.88,4,148,2,1,2,1,0,1,0
0.88,4,415,2,2,2,2,0,2,0
0.88,4,205,2,2,2,2,0,2,0
0.88,4,57,2,2,2,2,0,2,0
0.88,4,5,2,1,2,1,0,1,0
0.88,4,90,2,1,2,1,0,1,0
0.88,4,407,2,1,2,1,0,1,0
0.88,4,2,2,1,2,1,0,1,0
0.88,4,368,2,1,2,1,0,1,0
0.88,4,405,2,1,2,1,0,1,0
0.88,4,402,2,1,2,1,0,1,0
0.88,4,367,2,1,2,1,0,1,0
0.88,4,103,2,1,2,1,0,1,0
0.88,4,52,2,1,2,1,0,1,0
0.88,4,146,2,1,2,1,0,1,0
0.88,4,195,2,2,2,2,0,2,0
0.88,4,184,2,1,2,1,0,1,0
0.88,4,489,2,1,2,1,0,1,0
0.88,4,252,2,1,2,1,0,1,0
0.88,4,87,2,1,2,1,0,1,0
0.88,4,180,2,2,2,2,0,2,0
0.88,4,300,2,1,2,1,0,1,0
0.88,4,117,2,1,2,1,0,1,0
0.88,4,25,2,1,2,1,0,1,0
0.88,4,343,2,1,2,1,0,1,0
0.88,4,7,2,1,2,1,0,1,0
0.88,4,430,2,1,2,1,0,1,0
0.88,4,48,2,1,2,1,0,1,0
0.88,4,427,2,1,2,1,0,1,0
0.88,4,104,2,1,2,1,0,1,0
0.88,4,310,2,1,2,1,0,1,0
0.88,4,242,2,2,2,2,0,2,0
0.88,4,298,2,1,2,1,0,1,0
0.88,4,345,2,1,2,1,0,1,0
0.88,4,16,2,1,2,1,0,1,0
0.88,4,318,2,1,2,1,0,1,0
0.88,4,437,2,1,2,1,0,1,0
0.88,4,282,2,1,2,1,0,1,0
0.88,4,107,2,1,2,1,0,1,0
0.88,4,309,2,1,2,1,0,1,0
0.88,4,236,2,1,2,1,0,1,0
0.88,4,299,2,1,2,1,0,1,0
0.88,4,491,2,1,2,1,0,1,0
0.88,4,474,2,2,2,2,0,2,0
0.88,4,264,2,1,2,1,0,1,0
0.88,4,132,2,1,2,1,0,1,0
0.88,4,498,2,1,2,1,0,1,0
0.88,4,8,2,1,2,1,0,1,0
0.88,4,222,2,1,2,1,0,1,0
0.88,4,83,2,1,2,1,0,1,0
0.88,8,223,2,1,2,1,0,1,0
0.88,8,122,2,1,2,1,0,1,0
0.88,8,373,2,1,2,1,0,1,0
0.88,8,10,2,1,2,1,0,1,0
0.88,8,227,2,2,2,2,0,2,0
0.88,8,6,2,1,2,1,0,1,0
0.88,8,190,2,1,2,1,0,1,0
0.88,8,294,2,1,2,1,0,1,0
0.88,8,206,2,1,2,1,0,1,0
0.88,8,344,2,2,2,2,0,2,0
0.88,8,81,2,1,2,1,0,1,0
0.88,8,34,2,1,2,1,0,1,0
0.88,8,478,2,2,2,2,0,2,0
0.88,8,225,2,1,2,1,0,1,0
0.88,8,452,2,1,2,1,0,1,0
0.88,8,67,2,1,2,1,0,1,0
0.88,8,286,2,1,2,1,0,1,0
0.88,8,251,2,1,2,1,0,1,0
0.88,8,335,2,1,2,1,0,1,0
0.88,8,439,2,1,2,1,0,1,0
0.88,8,409,2,2,2,2,0,2,0
0.88,8,125,2,1,2,1,0,1,0
0.88,8,70,2,1,2,1,0,1,0
0.88,8,145,2,1,2,1,0,1,0
0.88,8,73,2,1,2,1,0,1,0
0.88,8,284,2,1,2,1,0,1,0
0.88,8,186,2,1,2,1,0,1,0
0.88,8,58,2,1,2,1,0,1,0
0.88,8,381,2,1,2,1,0,1,0
0.88,8,305,2,2,2,2,0,2,0
0.88,8,149,2,2,2,2,0,2,0
0.88,8,140,2,1,2,1,0,1,0
0.88,8,364,2,1,2,1,0,1,0
0.88,8,361,2,1,2,1,0,1,0
0.88,8,23,2,1,2,1,0,1,0
0.88,8,254,2,2,2,2,0,2,0
0.88,8,173,2,1,2,1,0,1,0
0.88,8,456,2,1,2,1,0,1,0
0.88,8,403,2,1,2,1,0,1,0
0.88,8,382,2,1,2,1,0,1,0
0.88,8,320,2,1,2,1,0,1,0
0.88,8,167,2,1,2,1,0,1,0
0.88,8,419,2,1,2,1,0,1,0
0.88,8,262,2,1,2,1,0,1,0
0.88,8,91,2,2,2,2,0,2,0
0.88,8,19,2,1,2,1,0,1,0
0.88,8,78,2,1,2,1,0,1,0
0.88,8,440,2,1,2,1,0,1,0
0.88,8,350,2,1,2,1,0,1,0
0.88,8,113,2,1,2,1,0,1,0
0.88,8,291,2,1,2,1,0,1,0
0.88,8,370,2,1,2,1,0,1,0
0.88,8,152,2,1,2,1,0,1,0
0.88,8,99,2,1,2,1,0,1,0
0.88,8,32,2,1,2,1,0,1,0
0.88,8,77,2,1,2,1,0,1,0
0.88,8,183,2,1,2,1,0,1,0
0.88,8,383,2,1,2,1,0,1,0
0.88,8,179,2,2,2,2,0,2,0
0.88,8,68,2,1,2,1,0,1,0
0.88,8,385,2,1,2,1,0,1,0
0.88,8,464,2,1,2,1,0,1,0
0.88,8,482,2,1,2,1,0,1,0
0.88,8,351,2,1,2,1,0,1,0
0.88,8,287,2,1,2,1,0,1,0
0.88,8,302,2,1,2,1,0,1,0
0.88,8,457,2,1,2,1,0,1,0
0.88,8,94,2,1,2,1,0,1,0
0.88,8,102,2,2,2,2,0,2,0
0.88,8,490,2,1,2,1,0,1,0
0.88,8,449,2,2,2,2,0,2,0
0.88,8,172,2,1,2,1,0,1,0
0.88,8,323,2,2,2,2,0,2,0
0.88,8,484,2,1,2,1,0,1,0
0.88,8,312,2,1,2,1,0,1,0
0.88,8,69,2,1,2,1,0,1,0
0.88,8,157,2,1,2,1,0,1,0
0.88,8,280,2,1,2,1,0,1,0
0.88,8,187,2,1,2,1,0,1,0
0.88,8,232,2,1,2,1,0,1,0
0.88,8,133,2,2,2,2,0,2,0
0.88,8,128,2,1,2,1,0,1,0
0.88,8,250,2,1,2,1,0,1,0
0.88,8,483,2,1,2,1,0,1,0
0.88,8,218,2,2,2,2,0,2,0
0.88,8,338,2,1,2,1,0,1,0
0.88,8,486,2,1,2,1,0,1,0
0.88,8,420,2,1,2,1,0,1,0
0.88,8,333,2,2,2,2,0,2,0
0.88,8,401,2,2,2,2,0,2,0
0.88,8,61,2,1,2,1,0,1,0
0.88,8,432,2,1,2,1,0,1,0
0.88,8,428,2,1,2,1,0,1,0
0.88,8,38,2,1,2,1,0,1,0
0.88,8,480,2,1,2,1,0,1,0
0.88,8,199,2,1,2,1,0,1,0
0.88,8,17,2,1,2,1,0,1,0
0.88,8,162,2,1,2,1,0,1,0
0.88,8,62,2,1,2,1,0,1,0
0.88,8,181,2,1,2,1,0,1,0
0.88,8,307,2,2,2,2,0,2,0
0.88,8,271,2,1,2,1,0,1,0
0.88,8,418,2,2,2,2,0,2,0
0.88,8,130,2,1,2,1,0,1,0
0.88,8,44,2,2,2,2,0,2,0
0.88,8,138,2,1,2,1,0,1,0
0.88,8,165,2,1,2,1,0,1,0
0.88,8,203,2,1,2,1,0,1,0
0.88,8,22,2,2,2,2,0,2,0
0.88,8,85,2,2,2,2,0,2,0
0.88,8,316,2,1,2,1,0,1,0
0.88,8,279,2,1,2,1,0,1,0
0.88,8,108,2,1,2,1,0,1,0
0.88,8,325,2,1,2,1,0,1,0
0.88,8,384,2,1,2,1,0,1,0
0.88,8,274,2,1,2,1,0,1,0
0.88,8,261,2,1,2,1,0,1,0
0.88,8,207,2,1,2,1,0,1,0
0.88,8,339,2,1,2,1,0,1,0
0.88,8,224,2,1,2,1,0,1,0
0.88,8,196,2,1,2,1,0,1,0
0.88,8,283,2,1,2,1,0,1,0
0.88,8,243,2,1,2,1,0,1,0
0.88,8,258,2,2,2,2,0,2,0
0.88,8,229,2,1,2,1,0,1,0
0.88,8,247,2,1,2,1,0,1,0
0.88,8,89,2,1,2,1,0,1,0
0.88,8,394,2,2,2,2,0,2,0
0.88,8,82,2,1,2,1,0,1,0
0.88,8,444,2,1,2,1,0,1,0
0.88,8,147,2,1,2,1,0,1,0
0.88,8,178,2,1,2,1,0,1,0
0.88,8,239,2,1,2,1,0,1,0
0.88,8,240,2,1,2,1,0,1,0
0.88,8,3,2,2,2,2,0,2,0
0.88,8,154,2,1,2,1,0,1,0
0.88,8,53,2,1,2,1,0,1,0
0.88,8,417,2,1,2,1,0,1,0
0.88,8,313,2,1,2,1,0,1,0
0.88,8,468,2,1,2,1,0,1,0
0.88,8,182,2,1,2,1,0,1,0
0.88,8,26,2,1,2,1,0,1,0
0.88,8,202,2,1,2,1,0,1,0
0.88,8,30,2,1,2,1,0,1,0
0.88,8,92,2,1,2,1,0,1,0
0.88,8,136,2,1,2,1,0,1,0
0.88,8,13,2,1,2,1,0,1,0
0.88,8,492,2,2,2,2,0,2,0
0.88,8,143,2,1,2,1,0,1,0
0.88,8,118,2,1,2,1,0,1,0
0.88,8,290,2,1,2,1,0,1,0
0.88,8,31,2,1,2,1,0,1,0
0.88,8,141,2,1,2,1,0,1,0
0.88,8,485,2,1,2,1,0,1,0
0.88,8,18,2,1,2,1,0,1,0
0.88,8,346,2,1,2,1,0,1,0
0.88,8,304,2,1,2,1,0,1,0
0.88,8,471,2,1,2,1,0,1,0
0.88,8,105,2,1,2,1,0,1,0
0.88,8,336,2,1,2,1,0,1,0
0.88,8,75,2,1,2,1,0,1,0
0.88,8,166,2,1,2,1,0,1,0
0.88,8,414,2,1,2,1,0,1,0
0.88,8,421,2,2,2,2,0,2,0
0.88,8,159,2,1,2,1,0,1,0
0.88,8,429,2,1,2,1,0,1,0
0.88,8,49,2,1,2,1,0,1,0
0.88,8,301,2,2,2,2,0,2,0
0.88,8,95,2,2,2,2,0,2,0
0.88,8,263,2,1,2,1,0,1,0
0.88,8,156,2,1,2,1,0,1,0
0.88,8,453,2,1,2,1,0,1,0
0.88,8,481,2,1,2,1,0,1,0
0.88,8,210,2,1,2,1,0,1,0
0.88,8,317,2,1,2,1,0,1,0
0.88,8,255,2,1,2,1,0,1,0
0.88,8,150,2,1,2,1,0,1,0
0.88,8,65,2,2,2,2,0,2,0
0.88,8,60,2,1,2,1,0,1,0
0.88,8,28,2,1,2,1,0,1,0
0.88,8,404,2,1,2,1,0,1,0
0.88,8,127,2,1,2,1,0,1,0
0.88,8,450,2,1,2,1,0,1,0
0.88,8,278,2,1,2,1,0,1,0
0.88,8,276,2,1,2,1,0,1,0
0.88,8,109,2,1,2,1,0,1,0
0.88,8,42,2,2,2,2,0,2,0
0.88,8,155,2,1,2,1,0,1,0
0.88,8,228,2,1,2,1,0,1,0
0.88,8,244,2,1,2,1,0,1,0
0.88,8,249,2,1,2,1,0,1,0
0.88,8,372,2,1,2,1,0,1,0
0.88,8,1,2,1,2,1,0,1,0
0.88,8,71,2,1,2,1,0,1,0
0.88,8,170,2,2,2,2,0,2,0
0.88,8,33,2,1,2,1,0,1,0
0.88,8,395,2,2,2,2,0,2,0
0.88,8,246,2,2,2,2,0,2,0
0.88,8,329,2,1,2,1,0,1,0
0.88,8,455,2,1,2,1,0,1,0
0.88,8,332,2,2,2,2,0,2,0
0.88,8,241,2,1,2,1,0,1,0
0.88,8,475,2,1,2,1,0,1,0
0.88,8,488,2,1,2,1,0,1,0
0.88,8,134,2,2,2,2,0,2,0
0.88,8,177,2,2,2,2,0,2,0
0.88,8,357,2,1,2,1,0,1,0
0.88,8,120,2,1,2,1,0,1,0
0.88,8,245,2,1,2,1,0,1,0
0.88,8,27,2,1,2,1,0,1,0
0.88,8,98,2,1,2,1,0,1,0
0.88,8,285,2,1,2,1,0,1,0
0.88,8,292,2,1,2,1,0,1,0
0.88,8,213,2,2,2,2,0,2,0
0.88,8,41,2,1,2,1,0,1,0
0.88,8,43,2,1,2,1,0,1,0
0.88,8,389,2,1,2,1,0,1,0
0.88,8,160,2,1,2,1,0,1,0
0.88,8,115,2,1,2,1,0,1,0
0.88,8,56,2,1,2,1,0,1,0
0.88,8,360,2,1,2,1,0,1,0
0.88,8,324,2,1,2,1,0,1,0
0.88,8,314,2,1,2,1,0,1,0
0.88,8,231,2,1,2,1,0,1,0
0.88,8,303,2,1,2,1,0,1,0
0.88,8,36,2,1,2,1,0,1,0
0.88,8,40,2,1,2,1,0,1,0
0.88,8,322,2,1,2,1,0,1,0
0.88,8,425,2,2,2,2,0,2,0
0.88,8,293,2,1,2,1,0,1,0
0.88,8,110,2,1,2,1,0,1,0
0.88,8,334,2,1,2,1,0,1,0
0.88,8,270,2,1,2,1,0,1,0
0.88,8,47,2,1,2,1,0,1,0
0.88,8,470,2,1,2,1,0,1,0
0.88,8,214,2,1,2,1,0,1,0
0.88,8,221,2,1,2,1,0,1,0
0.88,8,79,2,1,2,1,0,1,0
0.88,8,198,2,1,2,1,0,1,0
0.88,8,375,2,1,2,1,0,1,0
0.88,8,45,2,1,2,1,0,1,0
0.88,8,230,2,1,2,1,0,1,0
0.88,8,168,2,1,2,1,0,1,0
0.88,8,465,2,1,2,1,0,1,0
0.88,8,443,2,1,2,1,0,1,0
0.88,8,359,2,1,2,1,0,1,0
0.88,8,352,2,1,2,1,0,1,0
0.88,8,204,2,1,2,1,0,1,0
0.88,8,219,2,1,2,1,0,1,0
0.88,8,306,2,2,2,2,0,2,0
0.88,8,54,2,1,2,1,0,1,0
0.88,8,63,2,1,2,1,0,1,0
0.88,8,86,2,1,2,1,0,1,0
0.88,8,497,2,1,2,1,0,1,0
0.88,8,412,2,1,2,1,0,1,0
0.88,8,197,2,1,2,1,0,1,0
0.88,8,59,2,1,2,1,0,1,0
0.88,8,66,2,1,2,1,0,1,0
0.88,8,248,2,1,2,1,0,1,0
0.88,8,29,2,1,2,1,0,1,0
0.88,8,72,2,2,2,2,0,2,0
0.88,8,76,2,1,2,1,0,1,0
0.88,8,331,2,1,2,1,0,1,0
0.88,8,479,2,1,2,1,0,1,0
0.88,8,158,2,2,2,2,0,2,0
0.88,8,191,2,1,2,1,0,1,0
0.88,8,495,2,1,2,1,0,1,0
0.88,8,200,2,1,2,1,0,1,0
0.88,8,473,2,2,2,2,0,2,0
0.88,8,101,2,2,2,2,0,2,0
0.88,8,9,2,1,2,1,0,1,0
0.88,8,235,2,2,2,2,0,2,0
0.88,8,21,2,1,2,1,0,1,0
0.88,8,374,2,1,2,1,0,1,0
0.88,8,161,2,1,2,1,0,1,0
0.88,8,114,2,1,2,1,0,1,0
0.88,8,438,2,1,2,1,0,1,0
0.88,8,93,2,2,2,2,0,2,0
0.88,8,348,2,1,2,1,0,1,0
0.88,8,24,2,1,2,1,0,1,0
0.88,8,142,2,1,2,1,0,1,0
0.88,8,469,2,2,2,2,0,2,0
0.88,8,137,2,1,2,1,0,1,0
0.88,8,256,2,1,2,1,0,1,0
0.88,8,379,2,1,2,1,0,1,0
0.88,8,135,2,1,2,1,0,1,0
0.88,8,39,2,1,2,1,0,1,0
0.88,8,356,2,1,2,1,0,1,0
0.88,8,467,2,1,2,1,0,1,0
0.88,8,257,2,1,2,1,0,1,0
0.88,8,192,2,2,2,2,0,2,0
0.88,8,326,2,1,2,1,0,1,0
0.88,8,220,2,2,2,2,0,2,0
0.88,8,139,2,1,2,1,0,1,0
0.88,8,74,2,2,2,2,0,2,0
0.88,8,253,2,1,2,1,0,1,0
0.88,8,153,2,1,2,1,0,1,0
0.88,8,15,2,1,2,1,0,1,0
0.88,8,378,2,1,2,1,0,1,0
0.88,8,387,2,1,2,1,0,1,0
0.88,8,466,2,1,2,1,0,1,0
0.88,8,424,2,1,2,1,0,1,0
0.88,8,84,2,1,2,1,0,1,0
0.88,8,297,2,1,2,1,0,1,0
0.88,8,459,2,1,2,1,0,1,0
0.88,8,436,2,1,2,1,0,1,0
0.88,8,50,2,1,2,1,0,1,0
0.88,8,96,2,1,2,1,0,1,0
0.88,8,216,2,1,2,1,0,1,0
0.88,8,295,2,1,2,1,0,1,0
0.88,8,362,2,1,2,1,0,1,0
0.88,8,386,2,1,2,1,0,1,0
0.88,8,116,2,2,2,2,0,2,0
0.88,8,277,2,1,2,1,0,1,0
0.88,8,447,2,1,2,1,0,1,0
0.88,8,337,2,1,2,1,0,1,0
0.88,8,119,2,1,2,1,0,1,0
0.88,8,266,2,1,2,1,0,1,0
0.88,8,211,2,1,2,1,0,1,0
0.88,8,124,2,1,2,1,0,1,0
0.88,8,461,2,1,2,1,0,1,0
0.88,8,51,2,1,2,1,0,1,0
0.88,8,269,2,1,2,1,0,1,0
0.88,8,393,2,1,2,1,0,1,0
0.88,8,169,2,2,2,2,0,2,0
0.88,8,390,2,1,2,1,0,1,0
0.88,8,288,2,1,2,1,0,1,0
0.88,8,423,2,1,2,1,0,1,0
0.88,8,80,2,1,2,1,0,1,0
0.88,8,215,2,1,2,1,0,1,0
0.88,8,411,2,1,2,1,0,1,0
0.88,8,354,2,1,2,1,0,1,0
0.88,8,112,2,1,2,1,0,1,0
0.88,8,445,2,1,2,1,0,1,0
0.88,8,416,2,1,2,1,0,1,0
0.88,8,340,2,2,2,2,0,2,0
0.88,8,275,2,1,2,1,0,1,0
0.88,8,399,2,1,2,1,0,1,0
0.88,8,273,2,2,2,2,0,2,0
0.88,8,209,2,1,2,1,0,1,0
0.88,8,194,2,1,2,1,0,1,0
0.88,8,458,2,1,2,1,0,1,0
0.88,8,448,2,1,2,1,0,1,0
0.88,8,126,2,1,2,1,0,1,0
0.88,8,446,2,1,2,1,0,1,0
0.88,8,163,2,2,2,2,0,2,0
0.88,8,174,2,1,2,1,0,1,0
0.88,8,176,2,1,2,1,0,1,0
0.88,8,131,2,1,2,1,0,1,0
0.88,8,406,2,1,2,1,0,1,0
0.88,8,433,2,2,2,2,0,2,0
0.88,8,434,2,1,2,1,0,1,0
0.88,8,151,2,1,2,1,0,1,0
0.88,8,164,2,1,2,1,0,1,0
0.88,8,451,2,1,2,1,0,1,0
0.88,8,37,2,2,2,2,0,2,0
0.88,8,4,2,1,2,1,0,1,0
0.88,8,330,2,1,2,1,0,1,0
0.88,8,355,2,1,2,1,0,1,0
0.88,8,496,2,1,2,1,0,1,0
0.88,8,268,2,1,2,1,0,1,0
0.88,8,238,2,1,2,1,0,1,0
0.88,8,259,2,1,2,1,0,1,0
0.88,8,426,2,1,2,1,0,1,0
0.88,8,400,2,1,2,1,0,1,0
0.88,8,289,2,1,2,1,0,1,0
0.88,8,397,2,1,2,1,0,1,0
0.88,8,380,2,2,2,2,0,2,0
0.88,8,35,2,1,2,1,0,1,0
0.88,8,442,2,1,2,1,0,1,0
0.88,8,14,2,1,2,1,0,1,0
0.88,8,281,2,1,2,1,0,1,0
0.88,8,388,2,1,2,1,0,1,0
0.88,8,226,2,1,2,1,0,1,0
0.88,8,365,2,1,2,1,0,1,0
0.88,8,296,2,1,2,1,0,1,0
0.88,8,20,2,1,2,1,0,1,0
0.88,8,431,2,1,2,1,0,1,0
0.88,8,111,2,1,2,1,0,1,0
0.88,8,88,2,1,2,1,0,1,0
0.88,8,398,2,2,2,2,0,2,0
0.88,8,171,2,1,2,1,0,1,0
0.88,8,267,2,1,2,1,0,1,0
0.88,8,377,2,1,2,1,0,1,0
0.88,8,472,2,1,2,1,0,1,0
0.88,8,391,2,2,2,2,0,2,0
0.88,8,493,2,1,2,1,0,1,0
0.88,8,396,2,1,2,1,0,1,0
0.88,8,46,2,1,2,1,0,1,0
0.88,8,208,2,1,2,1,0,1,0
0.88,8,476,2,1,2,1,0,1,0
0.88,8,422,2,1,2,1,0,1,0
0.88,8,260,2,1,2,1,0,1,0
0.88,8,363,2,1,2,1,0,1,0
0.88,8,185,2,2,2,2,0,2,0
0.88,8,265,2,1,2,1,0,1,0
0.88,8,175,2,1,2,1,0,1,0
0.88,8,123,2,1,2,1,0,1,0
0.88,8,315,2,1,2,1,0,1,0
0.88,8,435,2,1,2,1,0,1,0
0.88,8,410,2,1,2,1,0,1,0
0.88,8,463,2,1,2,1,0,1,0
0.88,8,366,2,1,2,1,0,1,0
0.88,8,460,2,1,2,1,0,1,0
0.88,8,319,2,1,2,1,0,1,0
0.88,8,237,2,1,2,1,0,1,0
0.88,8,100,2,2,2,2,0,2,0
0.88,8,499,2,1,2,1,0,1,0
0.88,8,189,2,1,2,1,0,1,0
0.88,8,121,2,1,2,1,0,1,0
0.88,8,201,2,1,2,1,0,1,0
0.88,8,342,2,1,2,1,0,1,0
0.88,8,392,2,1,2,1,0,1,0
0.88,8,217,2,1,2,1,0,1,0
0.88,8,212,2,1,2,1,0,1,0
0.88,8,233,2,1,2,1,0,1,0
0.88,8,454,2,1,2,1,0,1,0
0.88,8,0,2,2,2,2,0,2,0
0.88,8,347,2,1,2,1,0,1,0
0.88,8,477,2,1,2,1,0,1,0
0.88,8,11,2,2,2,2,0,2,0
0.88,8,55,2,1,2,1,0,1,0
0.88,8,144,2,1,2,1,0,1,0
0.88,8,369,2,1,2,1,0,1,0
0.88,8,487,2,1,2,1,0,1,0
0.88,8,106,2,2,2,2,0,2,0
0.88,8,441,2,1,2,1,0,1,0
0.88,8,408,2,1,2,1,0,1,0
0.88,8,353,2,1,2,1,0,1,0
0.88,8,413,2,1,2,1,0,1,0
0.88,8,97,2,1,2,1,0,1,0
0.88,8,311,2,1,2,1,0,1,0
0.88,8,327,2,1,2,1,0,1,0
0.88,8,12,2,1,2,1,0,1,0
0.88,8,64,2,1,2,1,0,1,0
0.88,8,188,2,1,2,1,0,1,0
0.88,8,376,2,2,2,2,0,2,0
0.88,8,349,2,2,2,2,0,2,0
0.88,8,272,2,1,2,1,0,1,0
0.88,8,371,2,1,2,1,0,1,0
0.88,8,129,2,1,2,1,0,1,0
0.88,8,462,2,1,2,1,0,1,0
0.88,8,494,2,1,2,1,0,1,0
0.88,8,328,2,1,2,1,0,1,0
0.88,8,358,2,1,2,1,0,1,0
0.88,8,321,2,1,2,1,0,1,0
0.88,8,193,2,2,2,2,0,2,0
0.88,8,234,2,1,2,1,0,1,0
0.88,8,308,2,1,2,1,0,1,0
0.88,8,341,2,2,2,2,0,2,0
0.88,8,148,2,1,2,1,0,1,0
0.88,8,415,2,2,2,2,0,2,0
0.88,8,205,2,2,2,2,0,2,0
0.88,8,57,2,2,2,2,0,2,0
0.88,8,5,2,1,2,1,0,1,0
0.88,8,90,2,1,2,1,0,1,0
0.88,8,407,2,1,2,1,0,1,0
0.88,8,2,2,1,2,1,0,1,0
0.88,8,368,2,1,2,1,0,1,0
0.88,8,405,2,1,2,1,0,1,0
0.88,8,402,2,1,2,1,0,1,0
0.88,8,367,2,1,2,1,0,1,0
0.88,8,103,2,1,2,1,0,1,0
0.88,8,52,2,1,2,1,0,1,0
0.88,8,146,2,1,2,1,0,1,0
0.88,8,195,2,2,2,2,0,2,0
0.88,8,184,2,1,2,1,0,1,0
0.88,8,489,2,1,2,1,0,1,0
0.88,8,252,2,1,2,1,0,1,0
0.88,8,87,2,1,2,1,0,1,0
0.88,8,180,2,2,2,2,0,2,0
0.88,8,300,2,1,2,1,0,1,0
0.88,8,117,2,1,2,1,0,1,0
0.88,8,25,2,1,2,1,0,1,0
0.88,8,343,2,1,2,1,0,1,0
0.88,8,7,2,1,2,1,0,1,0
0.88,8,430,2,1,2,1,0,1,0
0.88,8,48,2,1,2,1,0,1,0
0.88,8,427,2,1,2,1,0,1,0
0.88,8,104,2,1,2,1,0,1,0
0.88,8,310,2,1,2,1,0,1,0
0.88,8,242,2,2,2,2,0,2,0
0.88,8,298,2,1,2,1,0,1,0
0.88,8,345,2,1,2,1,0,1,0
0.88,8,16,2,1,2,1,0,1,0
0.88,8,318,2,1,2,1,0,1,0
0.88,8,437,2,1,2,1,0,1,0
0.88,8,282,2,1,2,1,0,1,0
0.88,8,107,2,1,2,1,0,1,0
0.88,8,309,2,1,2,1,0,1,0
0.88,8,236,2,1,2,1,0,1,0
0.88,8,299,2,1,2,1,0,1,0
0.88,8,491,2,1,2,1,0,1,0
0.88,8,474,2,2,2,2,0,2,0
0.88,8,264,2,1,2,1,0,1,0
0.88,8,132,2,1,2,1,0,1,0
0.88,8,498,2,1,2,1,0,1,0
0.88,8,8,2,1,2,1,0,1,0
0.88,8,222,2,1,2,1,0,1,0
0.88,8,83,2,1,2,1,0,1,0
0.88,16,223,2,1,2,1,0,1,0
0.88,16,122,2,1,2,1,0,1,0
0.88,16,373,2,1,2,1,0,1,0
0.88,16,10,2,1,2,1,0,1,0
0.88,16,227,2,2,2,2,0,2,0
0.88,16,6,2,1,2,1,0,1,0
0.88,16,190,2,1,2,1,0,1,0
0.88,16,294,2,1,2,1,0,1,0
0.88,16,206,2,1,2,1,0,1,0
0.88,16,344,2,2,2,2,0,2,0
0.88,16,81,2,1,2,1,0,1,0
0.88,16,34,2,1,2,1,0,1,0
0.88,16,478,2,2,2,2,0,2,0
0.88,16,225,2,1,2,1,0,1,0
0.88,16,452,2,1,2,1,0,1,0
0.88,16,67,2,1,2,1,0,1,0
0.88,16,286,2,1,2,1,0,1,0
0.88,16,251,2,1,2,1,0,1,0
0.88,16,335,2,1,2,1,0,1,0
0.88,16,439,2,1,2,1,0,1,0
0.88,16,409,2,2,2,2,0,2,0
0.88,16,125,2,1,2,1,0,1,0
0.88,16,70,2,1,2,1,0,1,0
0.88,16,145,2,1,2,1,0,1,0
0.88,16,73,2,1,2,1,0,1,0
0.88,16,284,2,1,2,1,0,1,0
0.88,16,186,2,1,2,1,0,1,0
0.88,16,58,2,1,2,1,0,1,0
0.88,16,381,2,1,2,1,0,1,0
0.88,16,305,2,2,2,2,0,2,0
0.88,16,149,2,2,2,2,0,2,0
0.88,16,140,2,1,2,1,0,1,0
0.88,16,364,2,1,2,1,0,1,0
0.88,16,361,2,1,2,1,0,1,0
0.88,16,23,2,1,2,1,0,1,0
0.88,16,254,2,2,2,2,0,2,0
0.88,16,173,2,1,2,1,0,1,0
0.88,16,456,2,1,2,1,0,1,0
0.88,16,403,2,1,2,1,0,1,0
0.88,16,382,2,1,2,1,0,1,0
0.88,16,320,2,1,2,1,0,1,0
0.88,16,167,2,1,2,1,0,1,0
0.88,16,419,2,1,2,1,0,1,0
0.88,16,262,2,1,2,1,0,1,0
0.88,16,91,2,2,2,2,0,2,0
0.88,16,19,2,1,2,1,0,1,0
0.88,16,78,2,1,2,1,0,1,0
0.88,16,440,2,1,2,1,0,1,0
0.88,16,350,2,1,2,1,0,1,0
0.88,16,113,2,1,2,1,0,1,0
0.88,16,291,2,1,2,1,0,1,0
0.88,16,370,2,1,2,1,0,1,0
0.88,16,152,2,1,2,1,0,1,0
0.88,16,99,2,1,2,1,0,1,0
0.88,16,32,2,1,2,1,0,1,0
0.88,16,77,2,1,2,1,0,1,0
0.88,16,183,2,1,2,1,0,1,0
0.88,16,383,2,1,2,1,0,1,0
0.88,16,179,2,2,2,2,0,2,0
0.88,16,68,2,1,2,1,0,1,0
0.88,16,385,2,1,2,1,0,1,0
0.88,16,464,2,1,2,1,0,1,0
0.88,16,482,2,1,2,1,0,1,0
0.88,16,351,2,1,2,1,0,1,0
0.88,16,287,2,1,2,1,0,1,0
0.88,16,302,2,1,2,1,0,1,0
0.88,16,457,2,1,2,1,0,1,0
0.88,16,94,2,1,2,1,0,1,0
0.88,16,102,2,2,2,2,0,2,0
0.88,16,490,2,1,2,1,0,1,0
0.88,16,449,2,2,2,2,0,2,0
0.88,16,172,2,1,2,1,0,1,0
0.88,16,323,2,2,2,2,0,2,0
0.88,16,484,2,1,2,1,0,1,0
0.88,16,312,2,1,2,1,0,1,0
0.88,16,69,2,1,2,1,0,1,0
0.88,16,157,2,1,2,1,0,1,0
0.88,16,280,2,1,2,1,0,1,0
0.88,16,187,2,1,2,1,0,1,0
0.88,16,232,2,1,2,1,0,1,0
0.88,16,133,2,2,2,2,0,2,0
0.88,16,128,2,1,2,1,0,1,0
0.88,16,250,2,1,2,1,0,1,0
0.88,16,483,2,1,2,1,0,1,0
0.88,16,218,2,2,2,2,0,2,0
0.88,16,338,2,1,2,1,0,1,0
0.88,16,486,2,1,2,1,0,1,0
0.88,16,420,2,1,2,1,0,1,0
0.88,16,333,2,2,2,2,0,2,0
0.88,16,401,2,2,2,2,0,2,0
0.88,16,61,2,1,2,1,0,1,0
0.88,16,432,2,1,2,1,0,1,0
0.88,16,428,2,1,2,1,0,1,0
0.88,16,38,2,1,2,1,0,1,0
0.88,16,480,2,1,2,1,0,1,0
0.88,16,199,2,1,2,1,0,1,0
0.88,16,17,2,1,2,1,0,1,0
0.88,16,162,2,1,2,1,0,1,0
0.88,16,62,2,1,2,1,0,1,0
0.88,16,181,2,1,2,1,0,1,0
0.88,16,307,2,2,2,2,0,2,0
0.88,16,271,2,1,2,1,0,1,0
0.88,16,418,2,2,2,2,0,2,0
0.88,16,130,2,1,2,1,0,1,0
0.88,16,44,2,2,2,2,0,2,0
0.88,16,138,2,1,2,1,0,1,0
0.88,16,165,2,1,2,1,0,1,0
0.88,16,203,2,1,2,1,0,1,0
0.88,16,22,2,2,2,2,0,2,0
0.88,16,85,2,2,2,2,0,2,0
0.88,16,316,2,1,2,1,0,1,0
0.88,16,279,2,1,2,1,0,1,0
0.88,16,108,2,1,2,1,0,1,0
0.88,16,325,2,1,2,1,0,1,0
0.88,16,384,2,1,2,1,0,1,0
0.88,16,274,2,1,2,1,0,1,0
0.88,16,261,2,1,2,1,0,1,0
0.88,16,207,2,1,2,1,0,1,0
0.88,16,339,2,1,2,1,0,1,0
0.88,16,224,2,1,2,1,0,1,0
0.88,16,196,2,1,2,1,0,1,0
0.88,16,283,2,1,2,1,0,1,0
0.88,16,243,2,1,2,1,0,1,0
0.88,16,258,2,2,2,2,0,2,0
0.88,16,229,2,1,2,1,0,1,0
0.88,16,247,2,1,2,1,0,1,0
0.88,16,89,2,1,2,1,0,1,0
0.88,16,394,2,2,2,2,0,2,0
0.88,16,82,2,1,2,1,0,1,0
0.88,16,444,2,1,2,1,0,1,0
0.88,16,147,2,1,2,1,0,1,0
0.88,16,178,2,1,2,1,0,1,0
0.88,16,239,2,1,2,1,0,1,0
0.88,16,240,2,1,2,1,0,1,0
0.88,16,3,2,2,2,2,0,2,0
0.88,16,154,2,1,2,1,0,1,0
0.88,16,53,2,1,2,1,0,1,0
0.88,16,417,2,1,2,1,0,1,0
0.88,16,313,2,1,2,1,0,1,0
0.88,16,468,2,1,2,1,0,1,0
0.88,16,182,2,1,2,1,0,1,0
0.88,16,26,2,1,2,1,0,1,0
0.88,16,202,2,1,2,1,0,1,0
0.88,16,30,2,1,2,1,0,1,0
0.88,16,92,2,1,2,1,0,1,0
0.88,16,136,2,1,2,1,0,1,0
0.88,16,13,2,1,2,1,0,1,0
0.88,16,492,2,2,2,2,0,2,0
0.88,16,143,2,1,2,1,0,1,0
0.88,16,118,2,1,2,1,0,1,0
0.88,16,290,2,1,2,1,0,1,0
0.88,16,31,2,1,2,1,0,1,0
0.88,16,141,2,1,2,1,0,1,0
0.88,16,485,2,1,2,1,0,1,0
0.88,16,18,2,1,2,1,0,1,0
0.88,16,346,2,1,2,1,0,1,0
0.88,16,304,2,1,2,1,0,1,0
0.88,16,471,2,1,2,1,0,1,0
0.88,16,105,2,1,2,1,0,1,0
0.88,16,336,2,1,2,1,0,1,0
0.88,16,75,2,1,2,1,0,1,0
0.88,16,166,2,1,2,1,0,1,0
0.88,16,414,2,1,2,1,0,1,0
0.88,16,421,2,2,2,2,0,2,0
0.88,16,159,2,1,2,1,0,1,0
0.88,16,429,2,1,2,1,0,1,0
0.88,16,49,2,1,2,1,0,1,0
0.88,16,301,2,2,2,2,0,2,0
0.88,16,95,2,2,2,2,0,2,0
0.88,16,263,2,1,2,1,0,1,0
0.88,16,156,2,1,2,1,0,1,0
0.88,16,453,2,1,2,1,0,1,0
0.88,16,481,2,1,2,1,0,1,0
0.88,16,210,2,1,2,1,0,1,0
0.88,16,317,2,1,2,1,0,1,0
0.88,16,255,2,1,2,1,0,1,0
0.88,16,150,2,1,2,1,0,1,0
0.88,16,65,2,2,2,2,0,2,0
0.88,16,60,2,1,2,1,0,1,0
0.88,16,28,2,1,2,1,0,1,0
0.88,16,404,2,1,2,1,0,1,0
0.88,16,127,2,1,2,1,0,1,0
0.88,16,450,2,1,2,1,0,1,0
0.88,16,278,2,1,2,1,0,1,0
0.88,16,276,2,1,2,1,0,1,0
0.88,16,109,2,1,2,1,0,1,0
0.88,16,42,2,2,2,2,0,2,0
0.88,16,155,2,1,2,1,0,1,0
0.88,16,228,2,1,2,1,0,1,0
0.88,16,244,2,1,2,1,0,1,0
0.88,16,249,2,1,2,1,0,1,0
0.88,16,372,2,1,2,1,0,1,0
0.88,16,1,2,1,2,1,0,1,0
0.88,16,71,2,1,2,1,0,1,0
0.88,16,170,2,2,2,2,0,2,0
0.88,16,33,2,1,2,1,0,1,0
0.88,16,395,2,2,2,2,0,2,0
0.88,16,246,2,2,2,2,0,2,0
0.88,16,329,2,1,2,1,0,1,0
0.88,16,455,2,1,2,1,0,1,0
0.88,16,332,2,2,2,2,0,2,0
0.88,16,241,2,1,2,1,0,1,0
0.88,16,475,2,1,2,1,0,1,0
0.88,16,488,2,1,2,1,0,1,0
0.88,16,134,2,2,2,2,0,2,0
0.88,16,177,2,2,2,2,0,2,0
0.88,16,357,2,1,2,1,0,1,0
0.88,16,120,2,1,2,1,0,1,0
0.88,16,245,2,1,2,1,0,1,0
0.88,16,27,2,1,2,1,0,1,0
0.88,16,98,2,1,2,1,0,1,0
0.88,16,285,2,1,2,1,0,1,0
0.88,16,292,2,1,2,1,0,1,0
0.88,16,213,2,2,2,2,0,2,0
0.88,16,41,2,1,2,1,0,1,0
0.88,16,43,2,1,2,1,0,1,0
0.88,16,389,2,1,2,1,0,1,0
0.88,16,160,2,1,2,1,0,1,0
0.88,16,115,2,1,2,1,0,1,0
0.88,16,56,2,1,2,1,0,1,0
0.88,16,360,2,1,2,1,0,1,0
0.88,16,324,2,1,2,1,0,1,0
0.88,16,314,2,1,2,1,0,1,0
0.88,16,231,2,1,2,1,0,1,0
0.88,16,303,2,1,2,1,0,1,0
0.88,16,36,2,1,2,1,0,1,0
0.88,16,40,2,1,2,1,0,1,0
0.88,16,322,2,1,2,1,0,1,0
0.88,16,425,2,2,2,2,0,2,0
0.88,16,293,2,1,2,1,0,1,0
0.88,16,110,2,1,2,1,0,1,0
0.88,16,334,2,1,2,1,0,1,0
0.88,16,270,2,1,2,1,0,1,0
0.88,16,47,2,1,2,1,0,1,0
0.88,16,470,2,1,2,1,0,1,0
0.88,16,214,2,1,2,1,0,1,0
0.88,16,221,2,1,2,1,0,1,0
0.88,16,79,2,1,2,1,0,1,0
0.88,16,198,2,1,2,1,0,1,0
0.88,16,375,2,1,2,1,0,1,0
0.88,16,45,2,1,2,1,0,1,0
0.88,16,230,2,1,2,1,0,1,0
0.88,16,168,2,1,2,1,0,1,0
0.88,16,465,2,1,2,1,0,1,0
0.88,16,443,2,1,2,1,0,1,0
0.88,16,359,2,1,2,1,0,1,0
0.88,16,352,2,1,2,1,0,1,0
0.88,16,204,2,1,2,1,0,1,0
0.88,16,219,2,1,2,1,0,1,0
0.88,16,306,2,2,2,2,0,2,0
0.88,16,54,2,1,2,1,0,1,0
0.88,16,63,2,1,2,1,0,1,0
0.88,16,86,2,1,2,1,0,1,0
0.88,16,497,2,1,2,1,0,1,0
0.88,16,412,2,1,2,1,0,1,0
0.88,16,197,2,1,2,1,0,1,0
0.88,16,59,2,1,2,1,0,1,0
0.88,16,66,2,1,2,1,0,1,0
0.88,16,248,2,1,2,1,0,1,0
0.88,16,29,2,1,2,1,0,1,0
0.88,16,72,2,2,2,2,0,2,0
0.88,16,76,2,1,2,1,0,1,0
0.88,16,331,2,1,2,1,0,1,0
0.88,16,479,2,1,2,1,0,1,0
0.88,16,158,2,2,2,2,0,2,0
0.88,16,191,2,1,2,1,0,1,0
0.88,16,495,2,1,2,1,0,1,0
0.88,16,200,2,1,2,1,0,1,0
0.88,16,473,2,2,2,2,0,2,0
0.88,16,101,2,2,2,2,0,2,0
0.88,16,9,2,1,2,1,0,1,0
0.88,16,235,2,2,2,2,0,2,0
0.88,16,21,2,1,2,1,0,1,0
0.88,16,374,2,1,2,1,0,1,0
0.88,16,161,2,1,2,1,0,1,0
0.88,16,114,2,1,2,1,0,1,0
0.88,16,438,2,1,2,1,0,1,0
0.88,16,93,2,2,2,2,0,2,0
0.88,16,348,2,1,2,1,0,1,0
0.88,16,24,2,1,2,1,0,1,0
0.88,16,142,2,1,2,1,0,1,0
0.88,16,469,2,2,2,2,0,2,0
0.88,16,137,2,1,2,1,0,1,0
0.88,16,256,2,1,2,1,0,1,0
0.88,16,379,2,1,2,1,0,1,0
0.88,16,135,2,1,2,1,0,1,0
0.88,16,39,2,1,2,1,0,1,0
0.88,16,356,2,1,2,1,0,1,0
0.88,16,467,2,1,2,1,0,1,0
0.88,16,257,2,1,2,1,0,1,0
0.88,16,192,2,2,2,2,0,2,0
0.88,16,326,2,1,2,1,0,1,0
0.88,16,220,2,2,2,2,0,2,0
0.88,16,139,2,1,2,1,0,1,0
0.88,16,74,2,2,2,2,0,2,0
0.88,16,253,2,1,2,1,0,1,0
0.88,16,153,2,1,2,1,0,1,0
0.88,16,15,2,1,2,1,0,1,0
0.88,16,378,2,1,2,1,0,1,0
0.88,16,387,2,1,2,1,0,1,0
0.88,16,466,2,1,2,1,0,1,0
0.88,16,424,2,1,2,1,0,1,0
0.88,16,84,2,1,2,1,0,1,0
0.88,16,297,2,1,2,1,0,1,0
0.88,16,459,2,1,2,1,0,1,0
0.88,16,436,2,1,2,1,0,1,0
0.88,16,50,2,1,2,1,0,1,0
0.88,16,96,2,1,2,1,0,1,0
0.88,16,216,2,1,2,1,0,1,0
0.88,16,295,2,1,2,1,0,1,0
0.88,16,362,2,1,2,1,0,1,0
0.88,16,386,2,1,2,1,0,1,0
0.88,16,116,2,2,2,2,0,2,0
0.88,16,277,2,1,2,1,0,1,0
0.88,16,447,2,1,2,1,0,1,0
0.88,16,337,2,1,2,1,0,1,0
0.88,16,119,2,1,2,1,0,1,0
0.88,16,266,2,1,2,1,0,1,0
0.88,16,211,2,1,2,1,0,1,0
0.88,16,124,2,1,2,1,0,1,0
0.88,16,461,2,1,2,1,0,1,0
0.88,16,51,2,1,2,1,0,1,0
0.88,16,269,2,1,2,1,0,1,0
0.88,16,393,2,1,2,1,0,1,0
0.88,16,169,2,2,2,2,0,2,0
0.88,16,390,2,1,2,1,0,1,0
0.88,16,288,2,1,2,1,0,1,0
0.88,16,423,2,1,2,1,0,1,0
0.88,16,80,2,1,2,1,0,1,0
0.88,16,215,2,1,2,1,0,1,0
0.88,16,411,2,1,2,1,0,1,0
0.88,16,354,2,1,2,1,0,1,0
0.88,16,112,2,1,2,1,0,1,0
0.88,16,445,2,1,2,1,0,1,0
0.88,16,416,2,1,2,1,0,1,0
0.88,16,340,2,2,2,2,0,2,0
0.88,16,275,2,1,2,1,0,1,0
0.88,16,399,2,1,2,1,0,1,0
0.88,16,273,2,2,2,2,0,2,0
0.88,16,209,2,1,2,1,0,1,0
0.88,16,194,2,1,2,1,0,1,0
0.88,16,458,2,1,2,1,0,1,0
0.88,16,448,2,1,2,1,0,1,0
0.88,16,126,2,1,2,1,0,1,0
0.88,16,446,2,1,2,1,0,1,0
0.88,16,163,2,2,2,2,0,2,0
0.88,16,174,2,1,2,1,0,1,0
0.88,16,176,2,1,2,1,0,1,0
0.88,16,131,2,1,2,1,0,1,0
0.88,16,406,2,1,2,1,0,1,0
0.88,16,433,2,2,2,2,0,2,0
0.88,16,434,2,1,2,1,0,1,0
0.88,16,151,2,1,2,1,0,1,0
0.88,16,164,2,1,2,1,0,1,0
0.88,16,451,2,1,2,1,0,1,0
0.88,16,37,2,2,2,2,0,2,0
0.88,16,4,2,1,2,1,0,1,0
0.88,16,330,2,1,2,1,0,1,0
0.88,16,355,2,1,2,1,0,1,0
0.88,16,496,2,1,2,1,0,1,0
0.88,16,268,2,1,2,1,0,1,0
0.88,16,238,2,1,2,1,0,1,0
0.88,16,259,2,1,2,1,0,1,0
0.88,16,426,2,1,2,1,0,1,0
0.88,16,400,2,1,2,1,0,1,0
0.88,16,289,2,1,2,1,0,1,0
0.88,16,397,2,1,2,1,0,1,0
0.88,16,380,2,2,2,2,0,2,0
0.88,16,35,2,1,2,1,0,1,0
0.88,16,442,2,1,2,1,0,1,0
0.88,16,14,2,1,2,1,0,1,0
0.88,16,281,2,1,2,1,0,1,0
0.88,16,388,2,1,2,1,0,1,0
0.88,16,226,2,1,2,1,0,1,0
0.88,16,365,2,1,2,1,0,1,0
0.88,16,296,2,1,2,1,0,1,0
0.88,16,20,2,1,2,1,0,1,0
0.88,16,431,2,1,2,1,0,1,0
0.88,16,111,2,1,2,1,0,1,0
0.88,16,88,2,1,2,1,0,1,0
0.88,16,398,2,2,2,2,0,2,0
0.88,16,171,2,1,2,1,0,1,0
0.88,16,267,2,1,2,1,0,1,0
0.88,16,377,2,1,2,1,0,1,0
0.88,16,472,2,1,2,1,0,1,0
0.88,16,391,2,2,2,2,0,2,0
0.88,16,493,2,1,2,1,0,1,0
0.88,16,396,2,1,2,1,0,1,0
0.88,16,46,2,1,2,1,0,1,0
0.88,16,208,2,1,2,1,0,1,0
0.88,16,476,2,1,2,1,0,1,0
0.88,16,422,2,1,2,1,0,1,0
0.88,16,260,2,1,2,1,0,1,0
0.88,16,363,2,1,2,1,0,1,0
0.88,16,185,2,2,2,2,0,2,0
0.88,16,265,2,1,2,1,0,1,0
0.88,16,175,2,1,2,1,0,1,0
0.88,16,123,2,1,2,1,0,1,0
0.88,16,315,2,1,2,1,0,1,0
0.88,16,435,2,1,2,1,0,1,0
0.88,16,410,2,1,2,1,0,1,0
0.88,16,463,2,1,2,1,0,1,0
0.88,16,366,2,1,2,1,0,1,0
0.88,16,460,2,1,2,1,0,1,0
0.88,16,319,2,1,2,1,0,1,0
0.88,16,237,2,1,2,1,0,1,0
0.88,16,100,2,2,2,2,0,2,0
0.88,16,499,2,1,2,1,0,1,0
0.88,16,189,2,1,2,1,0,1,0
0.88,16,121,2,1,2,1,0,1,0
0.88,16,201,2,1,2,1,0,1,0
0.88,16,342,2,1,2,1,0,1,0
0.88,16,392,2,1,2,1,0,1,0
0.88,16,217,2,1,2,1,0,1,0
0.88,16,212,2,1,2,1,0,1,0
0.88,16,233,2,1,2,1,0,1,0
0.88,16,454,2,1,2,1,0,1,0
0.88,16,0,2,2,2,2,0,2,0
0.88,16,347,2,1,2,1,0,1,0
0.88,16,477,2,1,2,1,0,1,0
0.88,16,11,2,2,2,2,0,2,0
0.88,16,55,2,1,2,1,0,1,0
0.88,16,144,2,1,2,1,0,1,0
0.88,16,369,2,1,2,1,0,1,0
0.88,16,487,2,1,2,1,0,1,0
0.88,16,106,2,2,2,2,0,2,0
0.88,16,441,2,1,2,1,0,1,0
0.88,16,408,2,1,2,1,0,1,0
0.88,16,353,2,1,2,1,0,1,0
0.88,16,413,2,1,2,1,0,1,0
0.88,16,97,2,1,2,1,0,1,0
0.88,16,311,2,1,2,1,0,1,0
0.88,16,327,2,1,2,1,0,1,0
0.88,16,12,2,1,2,1,0,1,0
0.88,16,64,2,1,2,1,0,1,0
0.88,16,188,2,1,2,1,0,1,0
0.88,16,376,2,2,2,2,0,2,0
0.88,16,349,2,2,2,2,0,2,0
0.88,16,272,2,1,2,1,0,1,0
0.88,16,371,2,1,2,1,0,1,0
0.88,16,129,2,1,2,1,0,1,0
0.88,16,462,2,1,2,1,0,1,0
0.88,16,494,2,1,2,1,0,1,0
0.88,16,328,2,1,2,1,0,1,0
0.88,16,358,2,1,2,1,0,1,0
0.88,16,321,2,1,2,1,0,1,0
0.88,16,193,2,2,2,2,0,2,0
0.88,16,234,2,1,2,1,0,1,0
0.88,16,308,2,1,2,1,0,1,0
0.88,16,341,2,2,2,2,0,2,0
0.88,16,148,2,1,2,1,0,1,0
0.88,16,415,2,2,2,2,0,2,0
0.88,16,205,2,2,2,2,0,2,0
0.88,16,57,2,2,2,2,0,2,0
0.88,16,5,2,1,2,1,0,1,0
0.88,16,90,2,1,2,1,0,1,0
0.88,16,407,2,1,2,1,0,1,0
0.88,16,2,2,1,2,1,0,1,0
0.88,16,368,2,1,2,1,0,1,0
0.88,16,405,2,1,2,1,0,1,0
0.88,16,402,2,1,2,1,0,1,0
0.88,16,367,2,1,2,1,0,1,0
0.88,16,103,2,1,2,1,0,1,0
0.88,16,52,2,1,2,1,0,1,0
0.88,16,146,2,1,2,1,0,1,0
0.88,16,195,2,2,2,2,0,2,0
0.88,16,184,2,1,2,1,0,1,0
0.88,16,489,2,1,2,1,0,1,0
0.88,16,252,2,1,2,1,0,1,0
0.88,16,87,2,1,2,1,0,1,0
0.88,16,180,2,2,2,2,0,2,0
0.88,16,300,2,1,2,1,0,1,0
0.88,16,117,2,1,2,1,0,1,0
0.88,16,25,2,1,2,1,0,1,0
0.88,16,343,2,1,2,1,0,1,0
0.88,16,7,2,1,2,1,0,1,0
0.88,16,430,2,1,2,1,0,1,0
0.88,16,48,2,1,2,1,0,1,0
0.88,16,427,2,1,2,1,0,1,0
0.88,16,104,2,1,2,1,0,1,0
0.88,16,310,2,1,2,1,0,1,0
0.88,16,242,2,2,2,2,0,2,0
0.88,16,298,2,1,2,1,0,1,0
0.88,16,345,2,1,2,1,0,1,0
0.88,16,16,2,1,2,1,0,1,0
0.88,16,318,2,1,2,1,0,1,0
0.88,16,437,2,1,2,1,0,1,0
0.88,16,282,2,1,2,1,0,1,0
0.88,16,107,2,1,2,1,0,1,0
0.88,16,309,2,1,2,1,0,1,0
0.88,16,236,2,1,2,1,0,1,0
0.88,16,299,2,1,2,1,0,1,0
0.88,16,491,2,1,2,1,0,1,0
0.88,16,474,2,2,2,2,0,2,0
0.88,16,264,2,1,2,1,0,1,0
0.88,16,132,2,1,2,1,0,1,0
0.88,16,498,2,1,2,1,0,1,0
0.88,16,8,2,1,2,1,0,1,0
0.88,16,222,2,1,2,1,0,1,0
0.88,16,83,2,1,2,1,0,1,0
0.88,32,223,2,1,2,1,0,1,0
0.88,32,122,2,1,2,1,0,1,0
0.88,32,373,2,1,2,1,0,1,0
0.88,32,10,2,1,2,1,0,1,0
0.88,32,227,2,2,2,2,0,2,0
0.88,32,6,2,1,2,1,0,1,0
0.88,32,190,2,1,2,1,0,1,0
0.88,32,294,2,1,2,1,0,1,0
0.88,32,206,2,1,2,1,0,1,0
0.88,32,344,2,2,2,2,0,2,0
0.88,32,81,2,1,2,1,0,1,0
0.88,32,34,2,1,2,1,0,1,0
0.88,32,478,2,2,2,2,0,2,0
0.88,32,225,2,1,2,1,0,1,0
0.88,32,452,2,1,2,1,0,1,0
0.88,32,67,2,1,2,1,0,1,0
0.88,32,286,2,1,2,1,0,1,0
0.88,32,251,2,1,2,1,0,1,0
0.88,32,335,2,1,2,1,0,1,0
0.88,32,439,2,1,2,1,0,1,0
0.88,32,409,2,2,2,2,0,2,0
0.88,32,125,2,1,2,1,0,1,0
0.88,32,70,2,1,2,1,0,1,0
0.88,32,145,2,1,2,1,0,1,0
0.88,32,73,2,1,2,1,0,1,0
0.88,32,284,2,1,2,1,0,1,0
0.88,32,186,2,1,2,1,0,1,0
0.88,32,58,2,1,2,1,0,1,0
0.88,32,381,2,1,2,1,0,1,0
0.88,32,305,2,2,2,2,0,2,0
0.88,32,149,2,2,2,2,0,2,0
0.88,32,140,2,1,2,1,0,1,0
0.88,32,364,2,1,2,1,0,1,0
0.88,32,361,2,1,2,1,0,1,0
0.88,32,23,2,1,2,1,0,1,0
0.88,32,254,2,2,2,2,0,2,0
0.88,32,173,2,1,2,1,0,1,0
0.88,32,456,2,1,2,1,0,1,0
0.88,32,403,2,1,2,1,0,1,0
0.88,32,382,2,1,2,1,0,1,0
0.88,32,320,2,1,2,1,0,1,0
0.88,32,167,2,1,2,1,0,1,0
0.88,32,419,2,1,2,1,0,1,0
0.88,32,262,2,1,2,1,0,1,0
0.88,32,91,2,2,2,2,0,2,0
0.88,32,19,2,1,2,1,0,1,0
0.88,32,78,2,1,2,1,0,1,0
0.88,32,440,2,1,2,1,0,1,0
0.88,32,350,2,1,2,1,0,1,0
0.88,32,113,2,1,2,1,0,1,0
0.88,32,291,2,1,2,1,0,1,0
0.88,32,370,2,1,2,1,0,1,0
0.88,32,152,2,1,2,1,0,1,0
0.88,32,99,2,1,2,1,0,1,0
0.88,32,32,2,1,2,1,0,1,0
0.88,32,77,2,1,2,1,0,1,0
0.88,32,183,2,1,2,1,0,1,0
0.88,32,383,2,1,2,1,0,1,0
0.88,32,179,2,2,2,2,0,2,0
0.88,32,68,2,1,2,1,0,1,0
0.88,32,385,2,1,2,1,0,1,0
0.88,32,464,2,1,2,1,0,1,0
0.88,32,482,2,1,2,1,0,1,0
0.88,32,351,2,1,2,1,0,1,0
0.88,32,287,2,1,2,1,0,1,0
0.88,32,302,2,1,2,1,0,1,0
0.88,32,457,2,1,2,1,0,1,0
0.88,32,94,2,1,2,1,0,1,0
0.88,32,102,2,2,2,2,0,2,0
0.88,32,490,2,1,2,1,0,1,0
0.88,32,449,2,2,2,2,0,2,0
0.88,32,172,2,1,2,1,0,1,0
0.88,32,323,2,2,2,2,0,2,0
0.88,32,484,2,1,2,1,0,1,0
0.88,32,312,2,1,2,1,0,1,0
0.88,32,69,2,1,2,1,0,1,0
0.88,32,157,2,1,2,1,0,1,0
0.88,32,280,2,1,2,1,0,1,0
0.88,32,187,2,1,2,1,0,1,0
0.88,32,232,2,1,2,1,0,1,0
0.88,32,133,2,2,2,2,0,2,0
0.88,32,128,2,1,2,1,0,1,0
0.88,32,250,2,1,2,1,0,1,0
0.88,32,483,2,1,2,1,0,1,0
0.88,32,218,2,2,2,2,0,2,0
0.88,32,338,2,1,2,1,0,1,0
0.88,32,486,2,1,2,1,0,1,0
0.88,32,420,2,1,2,1,0,1,0
0.88,32,333,2,2,2,2,0,2,0
0.88,32,401,2,2,2,2,0,2,0
0.88,32,61,2,1,2,1,0,1,0
0.88,32,432,2,1,2,1,0,1,0
0.88,32,428,2,1,2,1,0,1,0
0.88,32,38,2,1,2,1,0,1,0
0.88,32,480,2,1,2,1,0,1,0
0.88,32,199,2,1,2,1,0,1,0
0.88,32,17,2,1,2,1,0,1,0
0.88,32,162,2,1,2,1,0,1,0
0.88,32,62,2,1,2,1,0,1,0
0.88,32,181,2,1,2,1,0,1,0
0.88,32,307,2,2,2,2,0,2,0
0.88,32,271,2,1,2,1,0,1,0
0.88,32,418,2,2,2,2,0,2,0
0.88,32,130,2,1,2,1,0,1,0
0.88,32,44,2,2,2,2,0,2,0
0.88,32,138,2,1,2,1,0,1,0
0.88,32,165,2,1,2,1,0,1,0
0.88,32,203,2,1,2,1,0,1,0
0.88,32,22,2,2,2,2,0,2,0
0.88,32,85,2,2,2,2,0,2,0
0.88,32,316,2,1,2,1,0,1,0
0.88,32,279,2,1,2,1,0,1,0
0.88,32,108,2,1,2,1,0,1,0
0.88,32,325,2,1,2,1,0,1,0
0.88,32,384,2,1,2,1,0,1,0
0.88,32,274,2,1,2,1,0,1,0
0.88,32,261,2,1,2,1,0,1,0
0.88,32,207,2,1,2,1,0,1,0
0.88,32,339,2,1,2,1,0,1,0
0.88,32,224,2,1,2,1,0,1,0
0.88,32,196,2,1,2,1,0,1,0
0.88,32,283,2,1,2,1,0,1,0
0.88,32,243,2,1,2,1,0,1,0
0.88,32,258,2,2,2,2,0,2,0
0.88,32,229,2,1,2,1,0,1,0
0.88,32,247,2,1,2,1,0,1,0
0.88,32,89,2,1,2,1,0,1,0
0.88,32,394,2,2,2,2,0,2,0
0.88,32,82,2,1,2,1,0,1,0
0.88,32,444,2,1,2,1,0,1,0
0.88,32,147,2,1,2,1,0,1,0
0.88,32,178,2,1,2,1,0,1,0
0.88,32,239,2,1,2,1,0,1,0
0.88,32,240,2,1,2,1,0,1,0
0.88,32,3,2,2,2,2,0,2,0
0.88,32,154,2,1,2,1,0,1,0
0.88,32,53,2,1,2,1,0,1,0
0.88,32,417,2,1,2,1,0,1,0
0.88,32,313,2,1,2,1,0,1,0
0.88,32,468,2,1,2,1,0,1,0
0.88,32,182,2,1,2,1,0,1,0
0.88,32,26,2,1,2,1,0,1,0
0.88,32,202,2,1,2,1,0,1,0
0.88,32,30,2,1,2,1,0,1,0
0.88,32,92,2,1,2,1,0,1,0
0.88,32,136,2,1,2,1,0,1,0
0.88,32,13,2,1,2,1,0,1,0
0.88,32,492,2,2,2,2,0,2,0
0.88,32,143,2,1,2,1,0,1,0
0.88,32,118,2,1,2,1,0,1,0
0.88,32,290,2,1,2,1,0,1,0
0.88,32,31,2,1,2,1,0,1,0
0.88,32,141,2,1,2,1,0,1,0
0.88,32,485,2,1,2,1,0,1,0
0.88,32,18,2,1,2,1,0,1,0
0.88,32,346,2,1,2,1,0,1,0
0.88,32,304,2,1,2,1,0,1,0
0.88,32,471,2,1,2,1,0,1,0
0.88,32,105,2,1,2,1,0,1,0
0.88,32,336,2,1,2,1,0,1,0
0.88,32,75,2,1,2,1,0,1,0
0.88,32,166,2,1,2,1,0,1,0
0.88,32,414,2,1,2,1,0,1,0
0.88,32,421,2,2,2,2,0,2,0
0.88,32,159,2,1,2,1,0,1,0
0.88,32,429,2,1,2,1,0,1,0
0.88,32,49,2,1,2,1,0,1,0
0.88,32,301,2,2,2,2,0,2,0
0.88,32,95,2,2,2,2,0,2,0
0.88,32,263,2,1,2,1,0,1,0
0.88,32,156,2,1,2,1,0,1,0
0.88,32,453,2,1,2,1,0,1,0
0.88,32,481,2,1,2,1,0,1,0
0.88,32,210,2,1,2,1,0,1,0
0.88,32,317,2,1,2,1,0,1,0
0.88,32,255,2,1,2,1,0,1,0
0.88,32,150,2,1,2,1,0,1,0
0.88,32,65,2,2,2,2,0,2,0
0.88,32,60,2,1,2,1,0,1,0
0.88,32,28,2,1,2,1,0,1,0
0.88,32,404,2,1,2,1,0,1,0
0.88,32,127,2,1,2,1,0,1,0
0.88,32,450,2,1,2,1,0,1,0
0.88,32,278,2,1,2,1,0,1,0
0.88,32,276,2,1,2,1,0,1,0
0.88,32,109,2,1,2,1,0,1,0
0.88,32,42,2,2,2,2,0,2,0
0.88,32,155,2,1,2,1,0,1,0
0.88,32,228,2,1,2,1,0,1,0
0.88,32,244,2,1,2,1,0,1,0
0.88,32,249,2,1,2,1,0,1,0
0.88,32,372,2,1,2,1,0,1,0
0.88,32,1,2,1,2,1,0,1,0
0.88,32,71,2,1,2,1,0,1,0
0.88,32,170,2,2,2,2,0,2,0
0.88,32,33,2,1,2,1,0,1,0
0.88,32,395,2,2,2,2,0,2,0
0.88,32,246,2,2,2,2,0,2,0
0.88,32,329,2,1,2,1,0,1,0
0.88,32,455,2,1,2,1,0,1,0
0.88,32,332,2,2,2,2,0,2,0
0.88,32,241,2,1,2,1,0,1,0
0.88,32,475,2,1,2,1,0,1,0
0.88,32,488,2,1,2,1,0,1,0
0.88,32,134,2,2,2,2,0,2,0
0.88,32,177,2,2,2,2,0,2,0
0.88,32,357,2,1,2,1,0,1,0
0.88,32,120,2,1,2,1,0,1,0
0.88,32,245,2,1,2,1,0,1,0
0.88,32,27,2,1,2,1,0,1,0
0.88,32,98,2,1,2,1,0,1,0
0.88,32,285,2,1,2,1,0,1,0
0.88,32,292,2,1,2,1,0,1,0
0.88,32,213,2,2,2,2,0,2,0
0.88,32,41,2,1,2,1,0,1,0
0.88,32,43,2,1,2,1,0,1,0
0.88,32,389,2,1,2,1,0,1,0
0.88,32,160,2,1,2,1,0,1,0
0.88,32,115,2,1,2,1,0,1,0
0.88,32,56,2,1,2,1,0,1,0
0.88,32,360,2,1,2,1,0,1,0
0.88,32,324,2,1,2,1,0,1,0
0.88,32,314,2,1,2,1,0,1,0
0.88,32,231,2,1,2,1,0,1,0
0.88,32,303,2,1,2,1,0,1,0
0.88,32,36,2,1,2,1,0,1,0
0.88,32,40,2,1,2,1,0,1,0
0.88,32,322,2,1,2,1,0,1,0
0.88,32,425,2,2,2,2,0,2,0
0.88,32,293,2,1,2,1,0,1,0
0.88,32,110,2,1,2,1,0,1,0
0.88,32,334,2,1,2,1,0,1,0
0.88,32,270,2,1,2,1,0,1,0
0.88,32,47,2,1,2,1,0,1,0
0.88,32,470,2,1,2,1,0,1,0
0.88,32,214,2,1,2,1,0,1,0
0.88,32,221,2,1,2,1,0,1,0
0.88,32,79,2,1,2,1,0,1,0
0.88,32,198,2,1,2,1,0,1,0
0.88,32,375,2,1,2,1,0,1,0
0.88,32,45,2,1,2,1,0,1,0
0.88,32,230,2,1,2,1,0,1,0
0.88,32,168,2,1,2,1,0,1,0
0.88,32,465,2,1,2,1,0,1,0
0.88,32,443,2,1,2,1,0,1,0
0.88,32,359,2,1,2,1,0,1,0
0.88,32,352,2,1,2,1,0,1,0
0.88,32,204,2,1,2,1,0,1,0
0.88,32,219,2,1,2,1,0,1,0
0.88,32,306,2,2,2,2,0,2,0
0.88,32,54,2,1,2,1,0,1,0
0.88,32,63,2,1,2,1,0,1,0
0.88,32,86,2,1,2,1,0,1,0
0.88,32,497,2,1,2,1,0,1,0
0.88,32,412,2,1,2,1,0,1,0
0.88,32,197,2,1,2,1,0,1,0
0.88,32,59,2,1,2,1,0,1,0
0.88,32,66,2,1,2,1,0,1,0
0.88,32,248,2,1,2,1,0,1,0
0.88,32,29,2,1,2,1,0,1,0
0.88,32,72,2,2,2,2,0,2,0
0.88,32,76,2,1,2,1,0,1,0
0.88,32,331,2,1,2,1,0,1,0
0.88,32,479,2,1,2,1,0,1,0
0.88,32,158,2,2,2,2,0,2,0
0.88,32,191,2,1,2,1,0,1,0
0.88,32,495,2,1,2,1,0,1,0
0.88,32,200,2,1,2,1,0,1,0
0.88,32,473,2,2,2,2,0,2,0
0.88,32,101,2,2,2,2,0,2,0
0.88,32,9,2,1,2,1,0,1,0
0.88,32,235,2,2,2,2,0,2,0
0.88,32,21,2,1,2,1,0,1,0
0.88,32,374,2,1,2,1,0,1,0
0.88,32,161,2,1,2,1,0,1,0
0.88,32,114,2,1,2,1,0,1,0
0.88,32,438,2,1,2,1,0,1,0
0.88,32,93,2,2,2,2,0,2,0
0.88,32,348,2,1,2,1,0,1,0
0.88,32,24,2,1,2,1,0,1,0
0.88,32,142,2,1,2,1,0,1,0
0.88,32,469,2,2,2,2,0,2,0
0.88,32,137,2,1,2,1,0,1,0
0.88,32,256,2,1,2,1,0,1,0
0.88,32,379,2,1,2,1,0,1,0
0.88,32,135,2,1,2,1,0,1,0
0.88,32,39,2,1,2,1,0,1,0
0.88,32,356,2,1,2,1,0,1,0
0.88,32,467,2,1,2,1,0,1,0
0.88,32,257,2,1,2,1,0,1,0
0.88,32,192,2,2,2,2,0,2,0
0.88,32,326,2,1,2,1,0,1,0
0.88,32,220,2,2,2,2,0,2,0
0.88,32,139,2,1,2,1,0,1,0
0.88,32,74,2,2,2,2,0,2,0
0.88,32,253,2,1,2,1,0,1,0
0.88,32,153,2,1,2,1,0,1,0
0.88,32,15,2,1,2,1,0,1,0
0.88,32,378,2,1,2,1,0,1,0
0.88,32,387,2,1,2,1,0,1,0
0.88,32,466,2,1,2,1,0,1,0
0.88,32,424,2,1,2,1,0,1,0
0.88,32,84,2,1,2,1,0,1,0
0.88,32,297,2,1,2,1,0,1,0
0.88,32,459,2,1,2,1,0,1,0
0.88,32,436,2,1,2,1,0,1,0
0.88,32,50,2,1,2,1,0,1,0
0.88,32,96,2,1,2,1,0,1,0
0.88,32,216,2,1,2,1,0,1,0
0.88,32,295,2,1,2,1,0,1,0
0.88,32,362,2,1,2,1,0,1,0
0.88,32,386,2,1,2,1,0,1,0
0.88,32,116,2,2,2,2,0,2,0
0.88,32,277,2,1,2,1,0,1,0
0.88,32,447,2,1,2,1,0,1,0
0.88,32,337,2,1,2,1,0,1,0
0.88,32,119,2,1,2,1,0,1,0
0.88,32,266,2,1,2,1,0,1,0
0.88,32,211,2,1,2,1,0,1,0
0.88,32,124,2,1,2,1,0,1,0
0.88,32,461,2,1,2,1,0,1,0
0.88,32,51,2,1,2,1,0,1,0
0.88,32,269,2,1,2,1,0,1,0
0.88,32,393,2,1,2,1,0,1,0
0.88,32,169,2,2,2,2,0,2,0
0.88,32,390,2,1,2,1,0,1,0
0.88,32,288,2,1,2,1,0,1,0
0.88,32,423,2,1,2,1,0,1,0
0.88,32,80,2,1,2,1,0,1,0
0.88,32,215,2,1,2,1,0,1,0
0.88,32,411,2,1,2,1,0,1,0
0.88,32,354,2,1,2,1,0,1,0
0.88,32,112,2,1,2,1,0,1,0
0.88,32,445,2,1,2,1,0,1,0
0.88,32,416,2,1,2,1,0,1,0
0.88,32,340,2,2,2,2,0,2,0
0.88,32,275,2,1,2,1,0,1,0
0.88,32,399,2,1,2,1,0,1,0
0.88,32,273,2,2,2,2,0,2,0
0.88,32,209,2,1,2,1,0,1,0
0.88,32,194,2,1,2,1,0,1,0
0.88,32,458,2,1,2,1,0,1,0
0.88,32,448,2,1,2,1,0,1,0
0.88,32,126,2,1,2,1,0,1,0
0.88,32,446,2,1,2,1,0,1,0
0.88,32,163,2,2,2,2,0,2,0
0.88,32,174,2,1,2,1,0,1,0
0.88,32,176,2,1,2,1,0,1,0
0.88,32,131,2,1,2,1,0,1,0
0.88,32,406,2,1,2,1,0,1,0
0.88,32,433,2,2,2,2,0,2,0
0.88,32,434,2,1,2,1,0,1,0
0.88,32,151,2,1,2,1,0,1,0
0.88,32,164,2,1,2,1,0,1,0
0.88,32,451,2,1,2,1,0,1,0
0.88,32,37,2,2,2,2,0,2,0
0.88,32,4,2,1,2,1,0,1,0
0.88,32,330,2,1,2,1,0,1,0
0.88,32,355,2,1,2,1,0,1,0
0.88,32,496,2,1,2,1,0,1,0
0.88,32,268,2,1,2,1,0,1,0
0.88,32,238,2,1,2,1,0,1,0
0.88,32,259,2,1,2,1,0,1,0
0.88,32,426,2,1,2,1,0,1,0
0.88,32,400,2,1,2,1,0,1,0
0.88,32,289,2,1,2,1,0,1,0
0.88,32,397,2,1,2,1,0,1,0
0.88,32,380,2,2,2,2,0,2,0
0.88,32,35,2,1,2,1,0,1,0
0.88,32,442,2,1,2,1,0,1,0
0.88,32,14,2,1,2,1,0,1,0
0.88,32,281,2,1,2,1,0,1,0
0.88,32,388,2,1,2,1,0,1,0
0.88,32,226,2,1,2,1,0,1,0
0.88,32,365,2,1,2,1,0,1,0
0.88,32,296,2,1,2,1,0,1,0
0.88,32,20,2,1,2,1,0,1,0
0.88,32,431,2,1,2,1,0,1,0
0.88,32,111,2,1,2,1,0,1,0
0.88,32,88,2,1,2,1,0,1,0
0.88,32,398,2,2,2,2,0,2,0
0.88,32,171,2,1,2,1,0,1,0
0.88,32,267,2,1,2,1,0,1,0
0.88,32,377,2,1,2,1,0,1,0
0.88,32,472,2,1,2,1,0,1,0
0.88,32,391,2,2,2,2,0,2,0
0.88,32,493,2,1,2,1,0,1,0
0.88,32,396,2,1,2,1,0,1,0
0.88,32,46,2,1,2,1,0,1,0
0.88,32,208,2,1,2,1,0,1,0
0.88,32,476,2,1,2,1,0,1,0
0.88,32,422,2,1,2,1,0,1,0
0.88,32,260,2,1,2,1,0,1,0
0.88,32,363,2,1,2,1,0,1,0
0.88,32,185,2,2,2,2,0,2,0
0.88,32,265,2,1,2,1,0,1,0
0.88,32,175,2,1,2,1,0,1,0
0.88,32,123,2,1,2,1,0,1,0
0.88,32,315,2,1,2,1,0,1,0
0.88,32,435,2,1,2,1,0,1,0
0.88,32,410,2,1,2,1,0,1,0
0.88,32,463,2,1,2,1,0,1,0
0.88,32,366,2,1,2,1,0,1,0
0.88,32,460,2,1,2,1,0,1,0
0.88,32,319,2,1,2,1,0,1,0
0.88,32,237,2,1,2,1,0,1,0
0.88,32,100,2,2,2,2,0,2,0
0.88,32,499,2,1,2,1,0,1,0
0.88,32,189,2,1,2,1,0,1,0
0.88,32,121,2,1,2,1,0,1,0
0.88,32,201,2,1,2,1,0,1,0
0.88,32,342,2,1,2,1,0,1,0
0.88,32,392,2,1,2,1,0,1,0
0.88,32,217,2,1,2,1,0,1,0
0.88,32,212,2,1,2,1,0,1,0
0.88,32,233,2,1,2,1,0,1,0
0.88,32,454,2,1,2,1,0,1,0
0.88,32,0,2,2,2,2,0,2,0
0.88,32,347,2,1,2,1,0,1,0
0.88,32,477,2,1,2,1,0,1,0
0.88,32,11,2,2,2,2,0,2,0
0.88,32,55,2,1,2,1,0,1,0
0.88,32,144,2,1,2,1,0,1,0
0.88,32,369,2,1,2,1,0,1,0
0.88,32,487,2,1,2,1,0,1,0
0.88,32,106,2,2,2,2,0,2,0
0.88,32,441,2,1,2,1,0,1,0
0.88,32,408,2,1,2,1,0,1,0
0.88,32,353,2,1,2,1,0,1,0
0.88,32,413,2,1,2,1,0,1,0
0.88,32,97,2,1,2,1,0,1,0
0.88,32,311,2,1,2,1,0,1,0
0.88,32,327,2,1,2,1,0,1,0
0.88,32,12,2,1,2,1,0,1,0
0.88,32,64,2,1,2,1,0,1,0
0.88,32,188,2,1,2,1,0,1,0
0.88,32,376,2,2,2,2,0,2,0
0.88,32,349,2,2,2,2,0,2,0
0.88,32,272,2,1,2,1,0,1,0
0.88,32,371,2,1,2,1,0,1,0
0.88,32,129,2,1,2,1,0,1,0
0.88,32,462,2,1,2,1,0,1,0
0.88,32,494,2,1,2,1,0,1,0
0.88,32,328,2,1,2,1,0,1,0
0.88,32,358,2,1,2,1,0,1,0
0.88,32,321,2,1,2,1,0,1,0
0.88,32,193,2,2,2,2,0,2,0
0.88,32,234,2,1,2,1,0,1,0
0.88,32,308,2,1,2,1,0,1,0
0.88,32,341,2,2,2,2,0,2,0
0.88,32,148,2,1,2,1,0,1,0
0.88,32,415,2,2,2,2,0,2,0
0.88,32,205,2,2,2,2,0,2,0
0.88,32,57,2,2,2,2,0,2,0
0.88,32,5,2,1,2,1,0,1,0
0.88,32,90,2,1,2,1,0,1,0
0.88,32,407,2,1,2,1,0,1,0
0.88,32,2,2,1,2,1,0,1,0
0.88,32,368,2,1,2,1,0,1,0
0.88,32,405,2,1,2,1,0,1,0
0.88,32,402,2,1,2,1,0,1,0
0.88,32,367,2,1,2,1,0,1,0
0.88,32,103,2,1,2,1,0,1,0
0.88,32,52,2,1,2,1,0,1,0
0.88,32,146,2,1,2,1,0,1,0
0.88,32,195,2,2,2,2,0,2,0
0.88,32,184,2,1,2,1,0,1,0
0.88,32,489,2,1,2,1,0,1,0
0.88,32,252,2,1,2,1,0,1,0
0.88,32,87,2,1,2,1,0,1,0
0.88,32,180,2,2,2,2,0,2,0
0.88,32,300,2,1,2,1,0,1,0
0.88,32,117,2,1,2,1,0,1,0
0.88,32,25,2,1,2,1,0,1,0
0.88,32,343,2,1,2,1,0,1,0
0.88,32,7,2,1,2,1,0,1,0
0.88,32,430,2,1,2,1,0,1,0
0.88,32,48,2,1,2,1,0,1,0
0.88,32,427,2,1,2,1,0,1,0
0.88,32,104,2,1,2,1,0,1,0
0.88,32,310,2,1,2,1,0,1,0
0.88,32,242,2,2,2,2,0,2,0
0.88,32,298,2,1,2,1,0,1,0
0.88,32,345,2,1,2,1,0,1,0
0.88,32,16,2,1,2,1,0,1,0
0.88,32,318,2,1,2,1,0,1,0
0.88,32,437,2,1,2,1,0,1,0
0.88,32,282,2,1,2,1,0,1,0
0.88,32,107,2,1,2,1,0,1,0
0.88,32,309,2,1,2,1,0,1,0
0.88,32,236,2,1,2,1,0,1,0
0.88,32,299,2,1,2,1,0,1,0
0.88,32,491,2,1,2,1,0,1,0
0.88,32,474,2,2,2,2,0,2,0
0.88,32,264,2,1,2,1,0,1,0
0.88,32,132,2,1,2,1,0,1,0
0.88,32,498,2,1,2,1,0,1,0
0.88,32,8,2,1,2,1,0,1,0
0.88,32,222,2,1,2,1,0,1,0
0.88,32,83,2,1,2,1,0,1,0
